;FLAVOR:Marlin
;TIME:15862
;Filament used: 12.0129m
;Layer height: 0.2
;MINX:23.45
;MINY:58.2
;MINZ:0.2
;MAXX:196.55
;MAXY:161.8
;MAXZ:2
;TARGET_MACHINE.NAME:Creality Ender-3
;Generated with Cura_SteamEngine 5.6.0
M140 S60
M105
M190 S60
M104 S200
M105
M109 S200
M82 ;absolute extrusion mode
; Ender 3 Custom Start G-code
G92 E0 ; Reset Extruder
G28 ; Home all axes
G1 Z2.0 F3000 ; Move Z Axis up little to prevent scratching of Heat Bed
G1 X0.1 Y20 Z0.3 F5000.0 ; Move to start position
G1 X0.1 Y200.0 Z0.3 F1500.0 E15 ; Draw the first line
G1 X0.4 Y200.0 Z0.3 F5000.0 ; Move to side a little
G1 X0.4 Y20 Z0.3 F1500.0 E30 ; Draw the second line
G92 E0 ; Reset Extruder
G1 Z2.0 F3000 ; Move Z Axis up little to prevent scratching of Heat Bed
G1 X5 Y20 Z0.3 F5000.0 ; Move over to prevent blob squish
G92 E0
G92 E0
G1 F2700 E-5
;LAYER_COUNT:10
;LAYER:0
M107
G0 F6000 X24.639 Y58.302 Z0.2
;TYPE:SKIRT
G1 F2700 E0
G1 F1200 X25.25 Y58.2 E0.0206
G1 X194.898 Y58.2 E5.66312
G1 X195.369 Y58.315 E5.67924
G1 X195.842 Y58.56 E5.69696
G1 X196.155 Y58.898 E5.71228
G1 X196.448 Y59.389 E5.7313
G1 X196.55 Y60 E5.7519
G1 X196.55 Y160.148 E9.08284
G1 X196.435 Y160.619 E9.09897
G1 X196.19 Y161.092 E9.11668
G1 X195.852 Y161.405 E9.132
G1 X195.361 Y161.698 E9.15102
G1 X194.75 Y161.8 E9.17163
G1 X25.102 Y161.8 E14.81414
G1 X24.631 Y161.685 E14.83027
G1 X24.158 Y161.44 E14.84798
G1 X23.845 Y161.102 E14.86331
G1 X23.552 Y160.611 E14.88232
G1 X23.45 Y160 E14.90293
G1 X23.45 Y59.852 E18.23386
G1 X23.565 Y59.381 E18.24999
G1 X23.81 Y58.908 E18.2677
G1 X24.148 Y58.595 E18.28303
G1 X24.639 Y58.302 E18.30204
G0 F6000 X24.777 Y58.685
G1 F1200 X24.39 Y58.916 E18.31703
G1 X24.133 Y59.154 E18.32868
G1 X23.943 Y59.52 E18.3424
G1 X23.85 Y59.902 E18.35548
G1 X23.85 Y160 E21.68475
G1 X23.935 Y160.473 E21.70073
G1 X24.166 Y160.86 E21.71572
G1 X24.404 Y161.117 E21.72737
G1 X24.77 Y161.307 E21.74109
G1 X25.152 Y161.4 E21.75417
G1 X194.75 Y161.4 E27.39502
G1 X195.223 Y161.315 E27.411
G1 X195.61 Y161.084 E27.42599
G1 X195.867 Y160.846 E27.43764
G1 X196.057 Y160.48 E27.45136
G1 X196.15 Y160.098 E27.46444
G1 X196.15 Y60 E30.79371
G1 X196.065 Y59.527 E30.80969
G1 X195.834 Y59.14 E30.82468
G1 X195.596 Y58.883 E30.83633
G1 X195.23 Y58.693 E30.85005
G1 X194.848 Y58.6 E30.86313
G1 X25.25 Y58.6 E36.50398
G1 X24.777 Y58.685 E36.51996
G0 F6000 X24.922 Y59.065
G1 F1200 X25.25 Y59 E36.53108
G1 X194.799 Y59 E42.17031
G1 X195.088 Y59.07 E42.1802
G1 X195.351 Y59.207 E42.19006
G1 X195.49 Y59.345 E42.19657
G1 X195.685 Y59.672 E42.20924
G1 X195.75 Y60 E42.22036
G1 X195.75 Y160.049 E45.548
G1 X195.68 Y160.338 E45.55789
G1 X195.543 Y160.601 E45.56776
G1 X195.405 Y160.74 E45.57427
G1 X195.078 Y160.935 E45.58693
G1 X194.75 Y161 E45.59805
G1 X25.201 Y161 E51.23728
G1 X24.912 Y160.93 E51.24717
G1 X24.649 Y160.793 E51.25703
G1 X24.51 Y160.655 E51.26354
G1 X24.315 Y160.328 E51.27621
G1 X24.25 Y160 E51.28733
G1 X24.25 Y59.951 E54.61497
G1 X24.32 Y59.662 E54.62486
G1 X24.457 Y59.399 E54.63473
G1 X24.595 Y59.26 E54.64124
G1 X24.922 Y59.065 E54.6539
G0 F6000 X25.25 Y59.8
G1 F1200 X194.75 Y59.8 E60.2915
G1 X194.869 Y59.839 E60.29566
G1 X194.95 Y60 E60.30166
G1 X194.95 Y160 E63.62767
G1 X194.911 Y160.119 E63.63183
G1 X194.75 Y160.2 E63.63783
G1 X25.25 Y160.2 E69.27542
G1 X25.131 Y160.161 E69.27959
G1 X25.05 Y160 E69.28558
G1 X25.05 Y60 E72.61159
G1 X25.089 Y59.881 E72.61576
G1 X25.25 Y59.8 E72.62175
G0 F6000 X25.07 Y59.443
G1 F1200 X25.25 Y59.4 E72.62791
G1 X194.75 Y59.4 E78.2655
G1 X194.994 Y59.459 E78.27385
G1 X195.146 Y59.55 E78.27974
G1 X195.307 Y59.82 E78.2902
G1 X195.35 Y60 E78.29635
G1 X195.35 Y160 E81.62237
G1 X195.291 Y160.244 E81.63072
G1 X195.2 Y160.396 E81.63661
G1 X194.93 Y160.557 E81.64707
G1 X194.75 Y160.6 E81.65322
G1 X25.25 Y160.6 E87.29081
G1 X25.006 Y160.541 E87.29916
G1 X24.854 Y160.45 E87.30506
G1 X24.693 Y160.18 E87.31551
G1 X24.65 Y160 E87.32167
G1 X24.65 Y60 E90.64768
G1 X24.709 Y59.756 E90.65603
G1 X24.8 Y59.604 E90.66192
G1 X25.07 Y59.443 E90.67238
G1 F2700 E85.67238
;MESH:Box_Cover.stl
G0 F6000 X26.05 Y60.8
G0 X194.15 Y159.4
;TYPE:WALL-INNER
G1 F2700 E90.67238
G1 F1200 X194.15 Y60.6 E93.95848
G1 X25.85 Y60.6 E99.55616
G1 X25.85 Y159.4 E102.84226
G1 X194.15 Y159.4 E108.43994
G0 F6000 X194.55 Y159.8
;TYPE:WALL-OUTER
G1 F1200 X194.55 Y60.2 E111.75265
G1 X25.45 Y60.2 E117.37694
G1 X25.45 Y159.8 E120.68965
G1 X194.55 Y159.8 E126.31394
G0 F6000 X194.28 Y159.53
G0 X194.05 Y159.04
G0 X193.79 Y159.04
;TYPE:SKIN
G1 F1200 X26.21 Y159.04 E131.88767
G1 X26.21 Y60.96 E135.14983
G1 X193.79 Y60.96 E140.72356
G1 X193.79 Y159.04 E143.98571
G1 F2700 E138.98571
G0 F6000 X194.05 Y159.04
G0 X193.978 Y60.772
G0 X193.53 Y60.7
G0 X193.53 Y61.159
G1 F2700 E143.98571
G1 F1200 X193.589 Y61.219 E143.98851
G0 F6000 X193.589 Y61.784
G1 F1200 X192.964 Y61.159 E144.01791
G0 F6000 X192.398 Y61.159
G1 F1200 X193.589 Y62.35 E144.07393
G0 F6000 X193.589 Y62.916
G1 F1200 X191.833 Y61.159 E144.15655
G0 F6000 X191.267 Y61.159
G1 F1200 X193.589 Y63.481 E144.26577
G0 F6000 X193.589 Y64.047
G1 F1200 X190.701 Y61.159 E144.40161
G0 F6000 X190.136 Y61.159
G1 F1200 X193.589 Y64.613 E144.56406
G0 F6000 X193.589 Y65.178
G1 F1200 X189.57 Y61.159 E144.7531
G0 F6000 X189.004 Y61.159
G1 F1200 X193.589 Y65.744 E144.96876
G0 F6000 X193.589 Y66.31
G1 F1200 X188.439 Y61.159 E145.21103
G0 F6000 X187.873 Y61.159
G1 F1200 X193.589 Y66.876 E145.47991
G0 F6000 X193.589 Y67.441
G1 F1200 X187.307 Y61.159 E145.7754
G0 F6000 X186.741 Y61.159
G1 F1200 X193.589 Y68.007 E146.09751
G0 F6000 X193.589 Y68.573
G1 F1200 X186.176 Y61.159 E146.44621
G0 F6000 X185.61 Y61.159
G1 F1200 X193.589 Y69.138 E146.82152
G0 F6000 X193.589 Y69.704
G1 F1200 X185.044 Y61.159 E147.22345
G0 F6000 X184.479 Y61.159
G1 F1200 X193.589 Y70.27 E147.65198
G0 F6000 X193.589 Y70.835
G1 F1200 X183.913 Y61.159 E148.10711
G0 F6000 X183.347 Y61.159
G1 F1200 X193.589 Y71.401 E148.58886
G0 F6000 X193.589 Y71.967
G1 F1200 X182.782 Y61.159 E149.09722
G0 F6000 X182.216 Y61.159
G1 F1200 X193.589 Y72.532 E149.63217
G0 F6000 X193.589 Y73.098
G1 F1200 X181.65 Y61.159 E150.19374
G0 F6000 X181.085 Y61.159
G1 F1200 X193.589 Y73.664 E150.78191
G0 F6000 X193.589 Y74.229
G1 F1200 X180.519 Y61.159 E151.39669
G0 F6000 X179.953 Y61.159
G1 F1200 X193.589 Y74.795 E152.03808
G0 F6000 X193.589 Y75.361
G1 F1200 X179.388 Y61.159 E152.70608
G0 F6000 X178.822 Y61.159
G1 F1200 X193.589 Y75.927 E153.4007
G0 F6000 X193.589 Y76.492
G1 F1200 X178.256 Y61.159 E154.12191
G0 F6000 X177.69 Y61.159
G1 F1200 X193.589 Y77.058 E154.86975
G0 F6000 X193.589 Y77.624
G1 F1200 X177.125 Y61.159 E155.64419
G0 F6000 X176.559 Y61.159
G1 F1200 X193.589 Y78.189 E156.44523
G0 F6000 X193.589 Y78.755
G1 F1200 X175.993 Y61.159 E157.27289
G0 F6000 X175.428 Y61.159
G1 F1200 X193.589 Y79.321 E158.12716
G0 F6000 X193.589 Y79.886
G1 F1200 X174.862 Y61.159 E159.00802
G0 F6000 X174.296 Y61.159
G1 F1200 X193.589 Y80.452 E159.9155
G0 F6000 X193.589 Y81.018
G1 F1200 X173.731 Y61.159 E160.84958
G0 F6000 X173.165 Y61.159
G1 F1200 X193.589 Y81.583 E161.81026
G0 F6000 X193.589 Y82.149
G1 F1200 X172.599 Y61.159 E162.79757
G0 F6000 X172.034 Y61.159
G1 F1200 X193.589 Y82.715 E163.81147
G0 F6000 X193.589 Y83.28
G1 F1200 X171.468 Y61.159 E164.85198
G0 F6000 X170.902 Y61.159
G1 F1200 X193.589 Y83.846 E165.91911
G0 F6000 X193.589 Y84.412
G1 F1200 X170.337 Y61.159 E167.01283
G0 F6000 X169.771 Y61.159
G1 F1200 X193.589 Y84.977 E168.13316
G0 F6000 X193.589 Y85.543
G1 F1200 X169.205 Y61.159 E169.28011
G0 F6000 X168.64 Y61.159
G1 F1200 X193.589 Y86.109 E170.45365
G0 F6000 X193.589 Y86.675
G1 F1200 X168.074 Y61.159 E171.65383
G0 F6000 X167.508 Y61.159
G1 F1200 X193.589 Y87.24 E172.8806
G0 F6000 X193.589 Y87.806
G1 F1200 X166.942 Y61.159 E174.13399
G0 F6000 X166.377 Y61.159
G1 F1200 X193.589 Y88.372 E175.41398
G0 F6000 X193.589 Y88.937
G1 F1200 X165.811 Y61.159 E176.72057
G0 F6000 X165.245 Y61.159
G1 F1200 X193.589 Y89.503 E178.05379
G0 F6000 X193.589 Y90.069
G1 F1200 X164.68 Y61.159 E179.4136
G0 F6000 X164.114 Y61.159
G1 F1200 X193.589 Y90.634 E180.80002
G0 F6000 X193.589 Y91.2
G1 F1200 X163.548 Y61.159 E182.21305
G0 F6000 X162.983 Y61.159
G1 F1200 X193.589 Y91.766 E183.65269
G0 F6000 X193.589 Y92.331
G1 F1200 X162.417 Y61.159 E185.11892
G0 F6000 X161.851 Y61.159
G1 F1200 X193.589 Y92.897 E186.61178
G0 F6000 X193.589 Y93.463
G1 F1200 X161.286 Y61.159 E188.13124
G0 F6000 X160.72 Y61.159
G1 F1200 X193.589 Y94.028 E189.6773
G0 F6000 X193.589 Y94.594
G1 F1200 X160.154 Y61.159 E191.24998
G0 F6000 X159.589 Y61.159
G1 F1200 X193.589 Y95.16 E192.84926
G0 F6000 X193.589 Y95.725
G1 F1200 X159.023 Y61.159 E194.47513
G0 F6000 X158.457 Y61.159
G1 F1200 X193.589 Y96.291 E196.12764
G0 F6000 X193.589 Y96.857
G1 F1200 X157.891 Y61.159 E197.80676
G0 F6000 X157.326 Y61.159
G1 F1200 X193.589 Y97.423 E199.51248
G0 F6000 X193.589 Y97.988
G1 F1200 X156.76 Y61.159 E201.24481
G0 F6000 X156.194 Y61.159
G1 F1200 X193.589 Y98.554 E203.00375
G0 F6000 X193.589 Y99.12
G1 F1200 X155.629 Y61.159 E204.7893
G0 F6000 X155.063 Y61.159
G1 F1200 X193.589 Y99.685 E206.60144
G0 F6000 X193.589 Y100.251
G1 F1200 X154.497 Y61.159 E208.44021
G0 F6000 X153.932 Y61.159
G1 F1200 X193.589 Y100.817 E210.30558
G0 F6000 X193.589 Y101.382
G1 F1200 X153.366 Y61.159 E212.19755
G0 F6000 X152.8 Y61.159
G1 F1200 X193.589 Y101.948 E214.11614
G0 F6000 X193.589 Y102.514
G1 F1200 X152.235 Y61.159 E216.06132
G0 F6000 X151.669 Y61.159
G1 F1200 X193.589 Y103.079 E218.03311
G0 F6000 X193.589 Y103.645
G1 F1200 X151.103 Y61.159 E220.03152
G0 F6000 X150.538 Y61.159
G1 F1200 X193.589 Y104.211 E222.05653
G0 F6000 X193.589 Y104.776
G1 F1200 X149.972 Y61.159 E224.10814
G0 F6000 X149.406 Y61.159
G1 F1200 X193.589 Y105.342 E226.18638
G0 F6000 X193.589 Y105.908
G1 F1200 X148.841 Y61.159 E228.29121
G0 F6000 X148.275 Y61.159
G1 F1200 X193.589 Y106.474 E230.42266
G0 F6000 X193.589 Y107.039
G1 F1200 X147.709 Y61.159 E232.58072
G0 F6000 X147.143 Y61.159
G1 F1200 X193.589 Y107.605 E234.7654
G0 F6000 X193.589 Y108.171
G1 F1200 X146.578 Y61.159 E236.97667
G0 F6000 X146.012 Y61.159
G1 F1200 X193.589 Y108.736 E239.21455
G0 F6000 X193.589 Y109.302
G1 F1200 X145.446 Y61.159 E241.47905
G0 F6000 X144.881 Y61.159
G1 F1200 X193.589 Y109.868 E243.77015
G0 F6000 X193.589 Y110.433
G1 F1200 X144.315 Y61.159 E246.08784
G0 F6000 X143.749 Y61.159
G1 F1200 X193.589 Y110.999 E248.43217
G0 F6000 X193.589 Y111.565
G1 F1200 X143.184 Y61.159 E250.80309
G0 F6000 X142.618 Y61.159
G1 F1200 X193.589 Y112.13 E253.20061
G0 F6000 X193.589 Y112.696
G1 F1200 X142.052 Y61.159 E255.62475
G0 F6000 X141.487 Y61.159
G1 F1200 X193.589 Y113.262 E258.07549
G0 F6000 X193.589 Y113.827
G1 F1200 X140.921 Y61.159 E260.55283
G0 F6000 X140.355 Y61.159
G1 F1200 X193.589 Y114.393 E263.0568
G0 F6000 X193.589 Y114.959
G1 F1200 X139.79 Y61.159 E265.58736
G0 F6000 X139.224 Y61.159
G1 F1200 X193.589 Y115.524 E268.14452
G0 F6000 X193.589 Y116.09
G1 F1200 X138.658 Y61.159 E270.72831
G0 F6000 X138.093 Y61.159
G1 F1200 X193.589 Y116.656 E273.33869
G0 F6000 X193.589 Y117.222
G1 F1200 X137.527 Y61.159 E275.9757
G0 F6000 X136.961 Y61.159
G1 F1200 X193.589 Y117.787 E278.63931
G0 F6000 X193.589 Y118.353
G1 F1200 X136.395 Y61.159 E281.32954
G0 F6000 X135.83 Y61.159
G1 F1200 X193.589 Y118.919 E284.04637
G0 F6000 X193.589 Y119.484
G1 F1200 X135.264 Y61.159 E286.7898
G0 F6000 X134.698 Y61.159
G1 F1200 X193.589 Y120.05 E289.55985
G0 F6000 X193.589 Y120.616
G1 F1200 X134.133 Y61.159 E292.3565
G0 F6000 X133.567 Y61.159
G1 F1200 X193.589 Y121.181 E295.17975
G0 F6000 X193.589 Y121.747
G1 F1200 X133.001 Y61.159 E298.02963
G0 F6000 X132.436 Y61.159
G1 F1200 X193.589 Y122.313 E300.9061
G0 F6000 X193.589 Y122.878
G1 F1200 X131.87 Y61.159 E303.80917
G0 F6000 X131.304 Y61.159
G1 F1200 X193.589 Y123.444 E306.73887
G0 F6000 X193.589 Y124.01
G1 F1200 X130.739 Y61.159 E309.69516
G0 F6000 X130.173 Y61.159
G1 F1200 X193.589 Y124.575 E312.67806
G0 F6000 X193.589 Y125.141
G1 F1200 X129.607 Y61.159 E315.68757
G0 F6000 X129.042 Y61.159
G1 F1200 X193.589 Y125.707 E318.72369
G0 F6000 X193.589 Y126.273
G1 F1200 X128.476 Y61.159 E321.78643
G0 F6000 X127.91 Y61.159
G1 F1200 X193.589 Y126.838 E324.87577
G0 F6000 X193.589 Y127.404
G1 F1200 X127.344 Y61.159 E327.99173
G0 F6000 X126.779 Y61.159
G1 F1200 X193.589 Y127.97 E331.13429
G0 F6000 X193.589 Y128.535
G1 F1200 X126.213 Y61.159 E334.30345
G0 F6000 X125.647 Y61.159
G1 F1200 X193.589 Y129.101 E337.49923
G0 F6000 X193.589 Y129.667
G1 F1200 X125.082 Y61.159 E340.72162
G0 F6000 X124.516 Y61.159
G1 F1200 X193.589 Y130.232 E343.9706
G0 F6000 X193.589 Y130.798
G1 F1200 X123.95 Y61.159 E347.2462
G0 F6000 X123.385 Y61.159
G1 F1200 X193.589 Y131.364 E350.54841
G0 F6000 X193.589 Y131.929
G1 F1200 X122.819 Y61.159 E353.87721
G0 F6000 X122.253 Y61.159
G1 F1200 X193.589 Y132.495 E357.23264
G0 F6000 X193.589 Y133.061
G1 F1200 X121.688 Y61.159 E360.61467
G0 F6000 X121.122 Y61.159
G1 F1200 X193.589 Y133.626 E364.02329
G0 F6000 X193.589 Y134.192
G1 F1200 X120.556 Y61.159 E367.45854
G0 F6000 X119.991 Y61.159
G1 F1200 X193.589 Y134.758 E370.92039
G0 F6000 X193.589 Y135.323
G1 F1200 X119.425 Y61.159 E374.40883
G0 F6000 X118.859 Y61.159
G1 F1200 X193.589 Y135.889 E377.9239
G0 F6000 X193.589 Y136.455
G1 F1200 X118.294 Y61.159 E381.46557
G0 F6000 X117.728 Y61.159
G1 F1200 X193.589 Y137.021 E385.03387
G0 F6000 X193.589 Y137.586
G1 F1200 X117.162 Y61.159 E388.62876
G0 F6000 X116.596 Y61.159
G1 F1200 X193.589 Y138.152 E392.25027
G0 F6000 X193.589 Y138.718
G1 F1200 X116.031 Y61.159 E395.89839
G0 F6000 X115.465 Y61.159
G1 F1200 X193.589 Y139.283 E399.5731
G0 F6000 X193.589 Y139.849
G1 F1200 X114.899 Y61.159 E403.27444
G0 F6000 X114.334 Y61.159
G1 F1200 X193.589 Y140.415 E407.00237
G0 F6000 X193.589 Y140.98
G1 F1200 X113.768 Y61.159 E410.75691
G0 F6000 X113.202 Y61.159
G1 F1200 X193.589 Y141.546 E414.53807
G0 F6000 X193.589 Y142.112
G1 F1200 X112.637 Y61.159 E418.34582
G0 F6000 X112.071 Y61.159
G1 F1200 X193.589 Y142.677 E422.18018
G0 F6000 X193.589 Y143.243
G1 F1200 X111.505 Y61.159 E426.04116
G0 F6000 X110.94 Y61.159
G1 F1200 X193.589 Y143.809 E429.92874
G0 F6000 X193.589 Y144.374
G1 F1200 X110.374 Y61.159 E433.84292
G0 F6000 X109.808 Y61.159
G1 F1200 X193.589 Y144.94 E437.78372
G0 F6000 X193.589 Y145.506
G1 F1200 X109.243 Y61.159 E441.75112
G0 F6000 X108.677 Y61.159
G1 F1200 X193.589 Y146.071 E445.74512
G0 F6000 X193.589 Y146.637
G1 F1200 X108.111 Y61.159 E449.76574
G0 F6000 X107.545 Y61.159
G1 F1200 X193.589 Y147.203 E453.81299
G0 F6000 X193.589 Y147.769
G1 F1200 X106.98 Y61.159 E457.88683
G0 F6000 X106.414 Y61.159
G1 F1200 X193.589 Y148.334 E461.98728
G0 F6000 X193.589 Y148.9
G1 F1200 X105.848 Y61.159 E466.11435
G0 F6000 X105.283 Y61.159
G1 F1200 X193.589 Y149.466 E470.26801
G0 F6000 X193.589 Y150.031
G1 F1200 X104.717 Y61.159 E474.44828
G0 F6000 X104.151 Y61.159
G1 F1200 X193.589 Y150.597 E478.65517
G0 F6000 X193.589 Y151.163
G1 F1200 X103.586 Y61.159 E482.88866
G0 F6000 X103.02 Y61.159
G1 F1200 X193.589 Y151.728 E487.14875
G0 F6000 X193.589 Y152.294
G1 F1200 X102.454 Y61.159 E491.43546
G0 F6000 X101.889 Y61.159
G1 F1200 X193.589 Y152.86 E495.74877
G0 F6000 X193.589 Y153.425
G1 F1200 X101.323 Y61.159 E500.08868
G0 F6000 X100.757 Y61.159
G1 F1200 X193.589 Y153.991 E504.45521
G0 F6000 X193.589 Y154.557
G1 F1200 X100.192 Y61.159 E508.84834
G0 F6000 X99.626 Y61.159
G1 F1200 X193.589 Y155.122 E513.26807
G0 F6000 X193.589 Y155.688
G1 F1200 X99.06 Y61.159 E517.71443
G0 F6000 X98.495 Y61.159
G1 F1200 X193.589 Y156.254 E522.18738
G0 F6000 X193.589 Y156.82
G1 F1200 X97.929 Y61.159 E526.68696
G0 F6000 X97.363 Y61.159
G1 F1200 X193.589 Y157.385 E531.21313
G0 F6000 X193.589 Y157.951
G1 F1200 X96.797 Y61.159 E535.76593
G0 F6000 X96.232 Y61.159
G1 F1200 X193.589 Y158.517 E540.34533
G0 F6000 X193.346 Y158.839
G1 F1200 X95.666 Y61.159 E544.9399
G0 F6000 X95.1 Y61.159
G1 F1200 X192.78 Y158.839 E549.53447
G0 F6000 X192.214 Y158.839
G1 F1200 X94.535 Y61.159 E554.12901
G0 F6000 X93.969 Y61.159
G1 F1200 X191.649 Y158.839 E558.72358
G0 F6000 X191.083 Y158.839
G1 F1200 X93.403 Y61.159 E563.31815
G0 F6000 X92.838 Y61.159
G1 F1200 X190.517 Y158.839 E567.91269
G0 F6000 X189.952 Y158.839
G1 F1200 X92.272 Y61.159 E572.50726
G0 F6000 X91.706 Y61.159
G1 F1200 X189.386 Y158.839 E577.10183
G0 F6000 X188.82 Y158.839
G1 F1200 X91.141 Y61.159 E581.69637
G0 F6000 X90.575 Y61.159
G1 F1200 X188.255 Y158.839 E586.29094
G0 F6000 X187.689 Y158.839
G1 F1200 X90.009 Y61.159 E590.8855
G0 F6000 X89.444 Y61.159
G1 F1200 X187.123 Y158.839 E595.48005
G0 F6000 X186.558 Y158.839
G1 F1200 X88.878 Y61.159 E600.07462
G0 F6000 X88.312 Y61.159
G1 F1200 X185.992 Y158.839 E604.66918
G0 F6000 X185.426 Y158.839
G1 F1200 X87.747 Y61.159 E609.26373
G0 F6000 X87.181 Y61.159
G1 F1200 X184.861 Y158.839 E613.8583
G0 F6000 X184.295 Y158.839
G1 F1200 X86.615 Y61.159 E618.45286
G0 F6000 X86.049 Y61.159
G1 F1200 X183.729 Y158.839 E623.04743
G0 F6000 X183.163 Y158.839
G1 F1200 X85.484 Y61.159 E627.64198
G0 F6000 X84.918 Y61.159
G1 F1200 X182.598 Y158.839 E632.23654
G0 F6000 X182.032 Y158.839
G1 F1200 X84.352 Y61.159 E636.83111
G0 F6000 X83.787 Y61.159
G1 F1200 X181.466 Y158.839 E641.42566
G0 F6000 X180.901 Y158.839
G1 F1200 X83.221 Y61.159 E646.02022
G0 F6000 X82.655 Y61.159
G1 F1200 X180.335 Y158.839 E650.61479
G0 F6000 X179.769 Y158.839
G1 F1200 X82.09 Y61.159 E655.20934
G0 F6000 X81.524 Y61.159
G1 F1200 X179.204 Y158.839 E659.8039
G0 F6000 X178.638 Y158.839
G1 F1200 X80.958 Y61.159 E664.39847
G0 F6000 X80.393 Y61.159
G1 F1200 X178.072 Y158.839 E668.99302
G0 F6000 X177.507 Y158.839
G1 F1200 X79.827 Y61.159 E673.58758
G0 F6000 X79.261 Y61.159
G1 F1200 X176.941 Y158.839 E678.18215
G0 F6000 X176.375 Y158.839
G1 F1200 X78.696 Y61.159 E682.77669
G0 F6000 X78.13 Y61.159
G1 F1200 X175.81 Y158.839 E687.37126
G0 F6000 X175.244 Y158.839
G1 F1200 X77.564 Y61.159 E691.96583
G0 F6000 X76.998 Y61.159
G1 F1200 X174.678 Y158.839 E696.5604
G0 F6000 X174.113 Y158.839
G1 F1200 X76.433 Y61.159 E701.15497
G0 F6000 X75.867 Y61.159
G1 F1200 X173.547 Y158.839 E705.74953
G0 F6000 X172.981 Y158.839
G1 F1200 X75.301 Y61.159 E710.3441
G0 F6000 X74.736 Y61.159
G1 F1200 X172.415 Y158.839 E714.93865
G0 F6000 X171.85 Y158.839
G1 F1200 X74.17 Y61.159 E719.53321
G0 F6000 X73.604 Y61.159
G1 F1200 X171.284 Y158.839 E724.12778
G0 F6000 X170.718 Y158.839
G1 F1200 X73.039 Y61.159 E728.72232
G0 F6000 X72.473 Y61.159
G1 F1200 X170.153 Y158.839 E733.31689
G0 F6000 X169.587 Y158.839
G1 F1200 X71.907 Y61.159 E737.91146
G0 F6000 X71.342 Y61.159
G1 F1200 X169.021 Y158.839 E742.506
G0 F6000 X168.456 Y158.839
G1 F1200 X70.776 Y61.159 E747.10057
G0 F6000 X70.21 Y61.159
G1 F1200 X167.89 Y158.839 E751.69514
G0 F6000 X167.324 Y158.839
G1 F1200 X69.645 Y61.159 E756.28968
G0 F6000 X69.079 Y61.159
G1 F1200 X166.759 Y158.839 E760.88425
G0 F6000 X166.193 Y158.839
G1 F1200 X68.513 Y61.159 E765.47882
G0 F6000 X67.948 Y61.159
G1 F1200 X165.627 Y158.839 E770.07336
G0 F6000 X165.062 Y158.839
G1 F1200 X67.382 Y61.159 E774.66793
G0 F6000 X66.816 Y61.159
G1 F1200 X164.496 Y158.839 E779.2625
G0 F6000 X163.93 Y158.839
G1 F1200 X66.25 Y61.159 E783.85707
G0 F6000 X65.685 Y61.159
G1 F1200 X163.365 Y158.839 E788.45163
G0 F6000 X162.799 Y158.839
G1 F1200 X65.119 Y61.159 E793.0462
G0 F6000 X64.553 Y61.159
G1 F1200 X162.233 Y158.839 E797.64077
G0 F6000 X161.667 Y158.839
G1 F1200 X63.988 Y61.159 E802.23531
G0 F6000 X63.422 Y61.159
G1 F1200 X161.102 Y158.839 E806.82988
G0 F6000 X160.536 Y158.839
G1 F1200 X62.856 Y61.159 E811.42445
G0 F6000 X62.291 Y61.159
G1 F1200 X159.97 Y158.839 E816.01899
G0 F6000 X159.405 Y158.839
G1 F1200 X61.725 Y61.159 E820.61356
G0 F6000 X61.159 Y61.159
G1 F1200 X158.839 Y158.839 E825.20813
G0 F6000 X158.273 Y158.839
G1 F1200 X60.594 Y61.159 E829.80267
G0 F6000 X60.028 Y61.159
G1 F1200 X157.708 Y158.839 E834.39724
G0 F6000 X157.142 Y158.839
G1 F1200 X59.462 Y61.159 E838.99181
G0 F6000 X58.897 Y61.159
G1 F1200 X156.576 Y158.839 E843.58635
G0 F6000 X156.011 Y158.839
G1 F1200 X58.331 Y61.159 E848.18092
G0 F6000 X57.765 Y61.159
G1 F1200 X155.445 Y158.839 E852.77549
G0 F6000 X154.879 Y158.839
G1 F1200 X57.199 Y61.159 E857.37006
G0 F6000 X56.634 Y61.159
G1 F1200 X154.314 Y158.839 E861.96462
G0 F6000 X153.748 Y158.839
G1 F1200 X56.068 Y61.159 E866.55919
G0 F6000 X55.502 Y61.159
G1 F1200 X153.182 Y158.839 E871.15376
G0 F6000 X152.616 Y158.839
G1 F1200 X54.937 Y61.159 E875.7483
G0 F6000 X54.371 Y61.159
G1 F1200 X152.051 Y158.839 E880.34287
G0 F6000 X151.485 Y158.839
G1 F1200 X53.805 Y61.159 E884.93744
G0 F6000 X53.24 Y61.159
G1 F1200 X150.919 Y158.839 E889.53198
G0 F6000 X150.354 Y158.839
G1 F1200 X52.674 Y61.159 E894.12655
G0 F6000 X52.108 Y61.159
G1 F1200 X149.788 Y158.839 E898.72112
G0 F6000 X149.222 Y158.839
G1 F1200 X51.543 Y61.159 E903.31566
G0 F6000 X50.977 Y61.159
G1 F1200 X148.657 Y158.839 E907.91023
G0 F6000 X148.091 Y158.839
G1 F1200 X50.411 Y61.159 E912.5048
G0 F6000 X49.846 Y61.159
G1 F1200 X147.525 Y158.839 E917.09934
G0 F6000 X146.96 Y158.839
G1 F1200 X49.28 Y61.159 E921.69391
G0 F6000 X48.714 Y61.159
G1 F1200 X146.394 Y158.839 E926.28848
G0 F6000 X145.828 Y158.839
G1 F1200 X48.149 Y61.159 E930.88302
G0 F6000 X47.583 Y61.159
G1 F1200 X145.263 Y158.839 E935.47759
G0 F6000 X144.697 Y158.839
G1 F1200 X47.017 Y61.159 E940.07216
G0 F6000 X46.451 Y61.159
G1 F1200 X144.131 Y158.839 E944.66673
G0 F6000 X143.566 Y158.839
G1 F1200 X45.886 Y61.159 E949.26129
G0 F6000 X45.32 Y61.159
G1 F1200 X143 Y158.839 E953.85586
G0 F6000 X142.434 Y158.839
G1 F1200 X44.754 Y61.159 E958.45043
G0 F6000 X44.189 Y61.159
G1 F1200 X141.868 Y158.839 E963.04497
G0 F6000 X141.303 Y158.839
G1 F1200 X43.623 Y61.159 E967.63954
G0 F6000 X43.057 Y61.159
G1 F1200 X140.737 Y158.839 E972.23411
G0 F6000 X140.171 Y158.839
G1 F1200 X42.492 Y61.159 E976.82865
G0 F6000 X41.926 Y61.159
G1 F1200 X139.606 Y158.839 E981.42322
G0 F6000 X139.04 Y158.839
G1 F1200 X41.36 Y61.159 E986.01779
G0 F6000 X40.795 Y61.159
G1 F1200 X138.474 Y158.839 E990.61233
G0 F6000 X137.909 Y158.839
G1 F1200 X40.229 Y61.159 E995.2069
G0 F6000 X39.663 Y61.159
G1 F1200 X137.343 Y158.839 E999.80147
G0 F6000 X136.777 Y158.839
G1 F1200 X39.098 Y61.159 E1004.39601
G0 F6000 X38.532 Y61.159
G1 F1200 X136.212 Y158.839 E1008.99058
G0 F6000 X135.646 Y158.839
G1 F1200 X37.966 Y61.159 E1013.58515
G0 F6000 X37.4 Y61.159
G1 F1200 X135.08 Y158.839 E1018.17971
G0 F6000 X134.515 Y158.839
G1 F1200 X36.835 Y61.159 E1022.77428
G0 F6000 X36.269 Y61.159
G1 F1200 X133.949 Y158.839 E1027.36885
G0 F6000 X133.383 Y158.839
G1 F1200 X35.703 Y61.159 E1031.96342
G0 F6000 X35.138 Y61.159
G1 F1200 X132.817 Y158.839 E1036.55796
G0 F6000 X132.252 Y158.839
G1 F1200 X34.572 Y61.159 E1041.15253
G0 F6000 X34.006 Y61.159
G1 F1200 X131.686 Y158.839 E1045.7471
G0 F6000 X131.12 Y158.839
G1 F1200 X33.441 Y61.159 E1050.34164
G0 F6000 X32.875 Y61.159
G1 F1200 X130.555 Y158.839 E1054.93621
G0 F6000 X129.989 Y158.839
G1 F1200 X32.309 Y61.159 E1059.53078
G0 F6000 X31.744 Y61.159
G1 F1200 X129.423 Y158.839 E1064.12532
G0 F6000 X128.858 Y158.839
G1 F1200 X31.178 Y61.159 E1068.71989
G0 F6000 X30.612 Y61.159
G1 F1200 X128.292 Y158.839 E1073.31446
G0 F6000 X127.726 Y158.839
G1 F1200 X30.047 Y61.159 E1077.909
G0 F6000 X29.481 Y61.159
G1 F1200 X127.161 Y158.839 E1082.50357
G0 F6000 X126.595 Y158.839
G1 F1200 X28.915 Y61.159 E1087.09814
G0 F6000 X28.35 Y61.159
G1 F1200 X126.029 Y158.839 E1091.69268
G0 F6000 X125.464 Y158.839
G1 F1200 X27.784 Y61.159 E1096.28725
G0 F6000 X27.218 Y61.159
G1 F1200 X124.898 Y158.839 E1100.88182
G0 F6000 X124.332 Y158.839
G1 F1200 X26.652 Y61.159 E1105.47638
G0 F6000 X26.409 Y61.482
G1 F1200 X123.767 Y158.839 E1110.05578
G0 F6000 X123.201 Y158.839
G1 F1200 X26.409 Y62.047 E1114.60858
G0 F6000 X26.409 Y62.613
G1 F1200 X122.635 Y158.839 E1119.13476
G0 F6000 X122.069 Y158.839
G1 F1200 X26.409 Y63.179 E1123.63431
G0 F6000 X26.409 Y63.744
G1 F1200 X121.504 Y158.839 E1128.10729
G0 F6000 X120.938 Y158.839
G1 F1200 X26.409 Y64.31 E1132.55364
G0 F6000 X26.409 Y64.876
G1 F1200 X120.372 Y158.839 E1136.97337
G0 F6000 X119.807 Y158.839
G1 F1200 X26.409 Y65.442 E1141.36651
G0 F6000 X26.409 Y66.007
G1 F1200 X119.241 Y158.839 E1145.73304
G0 F6000 X118.675 Y158.839
G1 F1200 X26.409 Y66.573 E1150.07295
G0 F6000 X26.409 Y67.139
G1 F1200 X118.11 Y158.839 E1154.38626
G0 F6000 X117.544 Y158.839
G1 F1200 X26.409 Y67.704 E1158.67297
G0 F6000 X26.409 Y68.27
G1 F1200 X116.978 Y158.839 E1162.93306
G0 F6000 X116.413 Y158.839
G1 F1200 X26.409 Y68.836 E1167.16655
G0 F6000 X26.409 Y69.401
G1 F1200 X115.847 Y158.839 E1171.37344
G0 F6000 X115.281 Y158.839
G1 F1200 X26.409 Y69.967 E1175.5537
G0 F6000 X26.409 Y70.533
G1 F1200 X114.716 Y158.839 E1179.70737
G0 F6000 X114.15 Y158.839
G1 F1200 X26.409 Y71.098 E1183.83444
G0 F6000 X26.409 Y71.664
G1 F1200 X113.584 Y158.839 E1187.93488
G0 F6000 X113.018 Y158.839
G1 F1200 X26.409 Y72.23 E1192.0087
G0 F6000 X26.409 Y72.795
G1 F1200 X112.453 Y158.839 E1196.05595
G0 F6000 X111.887 Y158.839
G1 F1200 X26.409 Y73.361 E1200.07657
G0 F6000 X26.409 Y73.927
G1 F1200 X111.321 Y158.839 E1204.07057
G0 F6000 X110.756 Y158.839
G1 F1200 X26.409 Y74.492 E1208.038
G0 F6000 X26.409 Y75.058
G1 F1200 X110.19 Y158.839 E1211.9788
G0 F6000 X109.624 Y158.839
G1 F1200 X26.409 Y75.624 E1215.89298
G0 F6000 X26.409 Y76.19
G1 F1200 X109.059 Y158.839 E1219.78056
G0 F6000 X108.493 Y158.839
G1 F1200 X26.409 Y76.755 E1223.64153
G0 F6000 X26.409 Y77.321
G1 F1200 X107.927 Y158.839 E1227.47589
G0 F6000 X107.362 Y158.839
G1 F1200 X26.409 Y77.887 E1231.28365
G0 F6000 X26.409 Y78.452
G1 F1200 X106.796 Y158.839 E1235.06481
G0 F6000 X106.23 Y158.839
G1 F1200 X26.409 Y79.018 E1238.81934
G0 F6000 X26.409 Y79.584
G1 F1200 X105.665 Y158.839 E1242.54728
G0 F6000 X105.099 Y158.839
G1 F1200 X26.409 Y80.149 E1246.24861
G0 F6000 X26.409 Y80.715
G1 F1200 X104.533 Y158.839 E1249.92333
G0 F6000 X103.968 Y158.839
G1 F1200 X26.409 Y81.281 E1253.57144
G0 F6000 X26.409 Y81.846
G1 F1200 X103.402 Y158.839 E1257.19296
G0 F6000 X102.836 Y158.839
G1 F1200 X26.409 Y82.412 E1260.78785
G0 F6000 X26.409 Y82.978
G1 F1200 X102.27 Y158.839 E1264.35612
G0 F6000 X101.705 Y158.839
G1 F1200 X26.409 Y83.543 E1267.89781
G0 F6000 X26.409 Y84.109
G1 F1200 X101.139 Y158.839 E1271.41288
G0 F6000 X100.573 Y158.839
G1 F1200 X26.409 Y84.675 E1274.90133
G0 F6000 X26.409 Y85.241
G1 F1200 X100.008 Y158.839 E1278.36318
G0 F6000 X99.442 Y158.839
G1 F1200 X26.409 Y85.806 E1281.79842
G0 F6000 X26.409 Y86.372
G1 F1200 X98.876 Y158.839 E1285.20705
G0 F6000 X98.311 Y158.839
G1 F1200 X26.409 Y86.938 E1288.58908
G0 F6000 X26.409 Y87.503
G1 F1200 X97.745 Y158.839 E1291.9445
G0 F6000 X97.179 Y158.839
G1 F1200 X26.409 Y88.069 E1295.27331
G0 F6000 X26.409 Y88.635
G1 F1200 X96.614 Y158.839 E1298.57551
G0 F6000 X96.048 Y158.839
G1 F1200 X26.409 Y89.2 E1301.85112
G0 F6000 X26.409 Y89.766
G1 F1200 X95.482 Y158.839 E1305.1001
G0 F6000 X94.917 Y158.839
G1 F1200 X26.409 Y90.332 E1308.32248
G0 F6000 X26.409 Y90.897
G1 F1200 X94.351 Y158.839 E1311.51826
G0 F6000 X93.785 Y158.839
G1 F1200 X26.409 Y91.463 E1314.68742
G0 F6000 X26.409 Y92.029
G1 F1200 X93.22 Y158.839 E1317.82999
G0 F6000 X92.654 Y158.839
G1 F1200 X26.409 Y92.594 E1320.94595
G0 F6000 X26.409 Y93.16
G1 F1200 X92.088 Y158.839 E1324.03529
G0 F6000 X91.522 Y158.839
G1 F1200 X26.409 Y93.726 E1327.098
G0 F6000 X26.409 Y94.291
G1 F1200 X90.957 Y158.839 E1330.13414
G0 F6000 X90.391 Y158.839
G1 F1200 X26.409 Y94.857 E1333.14366
G0 F6000 X26.409 Y95.423
G1 F1200 X89.825 Y158.839 E1336.12655
G0 F6000 X89.26 Y158.839
G1 F1200 X26.409 Y95.989 E1339.08285
G0 F6000 X26.409 Y96.554
G1 F1200 X88.694 Y158.839 E1342.01254
G0 F6000 X88.128 Y158.839
G1 F1200 X26.409 Y97.12 E1344.91562
G0 F6000 X26.409 Y97.686
G1 F1200 X87.563 Y158.839 E1347.79209
G0 F6000 X86.997 Y158.839
G1 F1200 X26.409 Y98.251 E1350.64196
G0 F6000 X26.409 Y98.817
G1 F1200 X86.431 Y158.839 E1353.46521
G0 F6000 X85.866 Y158.839
G1 F1200 X26.409 Y99.383 E1356.26186
G0 F6000 X26.409 Y99.948
G1 F1200 X85.3 Y158.839 E1359.03192
G0 F6000 X84.734 Y158.839
G1 F1200 X26.409 Y100.514 E1361.77535
G0 F6000 X26.409 Y101.08
G1 F1200 X84.169 Y158.839 E1364.49218
G0 F6000 X83.603 Y158.839
G1 F1200 X26.409 Y101.645 E1367.18241
G0 F6000 X26.409 Y102.211
G1 F1200 X83.037 Y158.839 E1369.84601
G0 F6000 X82.471 Y158.839
G1 F1200 X26.409 Y102.777 E1372.483
G0 F6000 X26.409 Y103.342
G1 F1200 X81.906 Y158.839 E1375.09341
G0 F6000 X81.34 Y158.839
G1 F1200 X26.409 Y103.908 E1377.67719
G0 F6000 X26.409 Y104.474
G1 F1200 X80.774 Y158.839 E1380.23436
G0 F6000 X80.209 Y158.839
G1 F1200 X26.409 Y105.04 E1382.76492
G0 F6000 X26.409 Y105.605
G1 F1200 X79.643 Y158.839 E1385.26888
G0 F6000 X79.077 Y158.839
G1 F1200 X26.409 Y106.171 E1387.74622
G0 F6000 X26.409 Y106.737
G1 F1200 X78.512 Y158.839 E1390.19697
G0 F6000 X77.946 Y158.839
G1 F1200 X26.409 Y107.302 E1392.62111
G0 F6000 X26.409 Y107.868
G1 F1200 X77.38 Y158.839 E1395.01863
G0 F6000 X76.815 Y158.839
G1 F1200 X26.409 Y108.434 E1397.38955
G0 F6000 X26.409 Y108.999
G1 F1200 X76.249 Y158.839 E1399.73387
G0 F6000 X75.683 Y158.839
G1 F1200 X26.409 Y109.565 E1402.05157
G0 F6000 X26.409 Y110.131
G1 F1200 X75.118 Y158.839 E1404.34267
G0 F6000 X74.552 Y158.839
G1 F1200 X26.409 Y110.696 E1406.60717
G0 F6000 X26.409 Y111.262
G1 F1200 X73.986 Y158.839 E1408.84504
G0 F6000 X73.421 Y158.839
G1 F1200 X26.409 Y111.828 E1411.05632
G0 F6000 X26.409 Y112.393
G1 F1200 X72.855 Y158.839 E1413.241
G0 F6000 X72.289 Y158.839
G1 F1200 X26.409 Y112.959 E1415.39905
G0 F6000 X26.409 Y113.525
G1 F1200 X71.723 Y158.839 E1417.53048
G0 F6000 X71.158 Y158.839
G1 F1200 X26.409 Y114.09 E1419.63534
G0 F6000 X26.409 Y114.656
G1 F1200 X70.592 Y158.839 E1421.71357
G0 F6000 X70.026 Y158.839
G1 F1200 X26.409 Y115.222 E1423.76518
G0 F6000 X26.409 Y115.788
G1 F1200 X69.461 Y158.839 E1425.79019
G0 F6000 X68.895 Y158.839
G1 F1200 X26.409 Y116.353 E1427.7886
G0 F6000 X26.409 Y116.919
G1 F1200 X68.329 Y158.839 E1429.76039
G0 F6000 X67.764 Y158.839
G1 F1200 X26.409 Y117.485 E1431.70558
G0 F6000 X26.409 Y118.05
G1 F1200 X67.198 Y158.839 E1433.62417
G0 F6000 X66.632 Y158.839
G1 F1200 X26.409 Y118.616 E1435.51614
G0 F6000 X26.409 Y119.182
G1 F1200 X66.067 Y158.839 E1437.3815
G0 F6000 X65.501 Y158.839
G1 F1200 X26.409 Y119.747 E1439.22027
G0 F6000 X26.409 Y120.313
G1 F1200 X64.935 Y158.839 E1441.03242
G0 F6000 X64.37 Y158.839
G1 F1200 X26.409 Y120.879 E1442.81796
G0 F6000 X26.409 Y121.444
G1 F1200 X63.804 Y158.839 E1444.57691
G0 F6000 X63.238 Y158.839
G1 F1200 X26.409 Y122.01 E1446.30923
G0 F6000 X26.409 Y122.576
G1 F1200 X62.672 Y158.839 E1448.01493
G0 F6000 X62.107 Y158.839
G1 F1200 X26.409 Y123.141 E1449.69406
G0 F6000 X26.409 Y123.707
G1 F1200 X61.541 Y158.839 E1451.34656
G0 F6000 X60.975 Y158.839
G1 F1200 X26.409 Y124.273 E1452.97244
G0 F6000 X26.409 Y124.838
G1 F1200 X60.41 Y158.839 E1454.57174
G0 F6000 X59.844 Y158.839
G1 F1200 X26.409 Y125.404 E1456.14442
G0 F6000 X26.409 Y125.97
G1 F1200 X59.278 Y158.839 E1457.69048
G0 F6000 X58.713 Y158.839
G1 F1200 X26.409 Y126.536 E1459.20993
G0 F6000 X26.409 Y127.101
G1 F1200 X58.147 Y158.839 E1460.70279
G0 F6000 X57.581 Y158.839
G1 F1200 X26.409 Y127.667 E1462.16903
G0 F6000 X26.409 Y128.233
G1 F1200 X57.016 Y158.839 E1463.60866
G0 F6000 X56.45 Y158.839
G1 F1200 X26.409 Y128.798 E1465.0217
G0 F6000 X26.409 Y129.364
G1 F1200 X55.884 Y158.839 E1466.40811
G0 F6000 X55.319 Y158.839
G1 F1200 X26.409 Y129.93 E1467.76793
G0 F6000 X26.409 Y130.495
G1 F1200 X54.753 Y158.839 E1469.10114
G0 F6000 X54.187 Y158.839
G1 F1200 X26.409 Y131.061 E1470.40773
G0 F6000 X26.409 Y131.627
G1 F1200 X53.622 Y158.839 E1471.68773
G0 F6000 X53.056 Y158.839
G1 F1200 X26.409 Y132.192 E1472.94112
G0 F6000 X26.409 Y132.758
G1 F1200 X52.49 Y158.839 E1474.16789
G0 F6000 X51.924 Y158.839
G1 F1200 X26.409 Y133.324 E1475.36804
G0 F6000 X26.409 Y133.889
G1 F1200 X51.359 Y158.839 E1476.54161
G0 F6000 X50.793 Y158.839
G1 F1200 X26.409 Y134.455 E1477.68856
G0 F6000 X26.409 Y135.021
G1 F1200 X50.227 Y158.839 E1478.80888
G0 F6000 X49.662 Y158.839
G1 F1200 X26.409 Y135.587 E1479.90261
G0 F6000 X26.409 Y136.152
G1 F1200 X49.096 Y158.839 E1480.96974
G0 F6000 X48.53 Y158.839
G1 F1200 X26.409 Y136.718 E1482.01024
G0 F6000 X26.409 Y137.284
G1 F1200 X47.965 Y158.839 E1483.02414
G0 F6000 X47.399 Y158.839
G1 F1200 X26.409 Y137.849 E1484.01145
G0 F6000 X26.409 Y138.415
G1 F1200 X46.833 Y158.839 E1484.97213
G0 F6000 X46.268 Y158.839
G1 F1200 X26.409 Y138.981 E1485.90621
G0 F6000 X26.409 Y139.546
G1 F1200 X45.702 Y158.839 E1486.8137
G0 F6000 X45.136 Y158.839
G1 F1200 X26.409 Y140.112 E1487.69456
G0 F6000 X26.409 Y140.678
G1 F1200 X44.571 Y158.839 E1488.54882
G0 F6000 X44.005 Y158.839
G1 F1200 X26.409 Y141.243 E1489.37648
G0 F6000 X26.409 Y141.809
G1 F1200 X43.439 Y158.839 E1490.17752
G0 F6000 X42.874 Y158.839
G1 F1200 X26.409 Y142.375 E1490.95196
G0 F6000 X26.409 Y142.94
G1 F1200 X42.308 Y158.839 E1491.6998
G0 F6000 X41.742 Y158.839
G1 F1200 X26.409 Y143.506 E1492.42102
G0 F6000 X26.409 Y144.072
G1 F1200 X41.176 Y158.839 E1493.11561
G0 F6000 X40.611 Y158.839
G1 F1200 X26.409 Y144.637 E1493.78363
G0 F6000 X26.409 Y145.203
G1 F1200 X40.045 Y158.839 E1494.42503
G0 F6000 X39.479 Y158.839
G1 F1200 X26.409 Y145.769 E1495.0398
G0 F6000 X26.409 Y146.335
G1 F1200 X38.914 Y158.839 E1495.62797
G0 F6000 X38.348 Y158.839
G1 F1200 X26.409 Y146.9 E1496.18955
G0 F6000 X26.409 Y147.466
G1 F1200 X37.782 Y158.839 E1496.7245
G0 F6000 X37.217 Y158.839
G1 F1200 X26.409 Y148.032 E1497.23285
G0 F6000 X26.409 Y148.597
G1 F1200 X36.651 Y158.839 E1497.7146
G0 F6000 X36.085 Y158.839
G1 F1200 X26.409 Y149.163 E1498.16973
G0 F6000 X26.409 Y149.729
G1 F1200 X35.52 Y158.839 E1498.59826
G0 F6000 X34.954 Y158.839
G1 F1200 X26.409 Y150.294 E1499.00019
G0 F6000 X26.409 Y150.86
G1 F1200 X34.388 Y158.839 E1499.3755
G0 F6000 X33.823 Y158.839
G1 F1200 X26.409 Y151.426 E1499.72421
G0 F6000 X26.409 Y151.991
G1 F1200 X33.257 Y158.839 E1500.04632
G0 F6000 X32.691 Y158.839
G1 F1200 X26.409 Y152.557 E1500.3418
G0 F6000 X26.409 Y153.123
G1 F1200 X32.125 Y158.839 E1500.61067
G0 F6000 X31.56 Y158.839
G1 F1200 X26.409 Y153.688 E1500.85295
G0 F6000 X26.409 Y154.254
G1 F1200 X30.994 Y158.839 E1501.06862
G0 F6000 X30.428 Y158.839
G1 F1200 X26.409 Y154.82 E1501.25766
G0 F6000 X26.409 Y155.386
G1 F1200 X29.863 Y158.839 E1501.4201
G0 F6000 X29.297 Y158.839
G1 F1200 X26.409 Y155.951 E1501.55594
G0 F6000 X26.409 Y156.517
G1 F1200 X28.731 Y158.839 E1501.66516
G0 F6000 X28.166 Y158.839
G1 F1200 X26.409 Y157.083 E1501.74778
G0 F6000 X26.409 Y157.648
G1 F1200 X27.6 Y158.839 E1501.8038
G0 F6000 X27.034 Y158.839
G1 F1200 X26.409 Y158.214 E1501.8332
G0 F6000 X26.409 Y158.78
G1 F1200 X26.469 Y158.839 E1501.836
G1 F2700 E1496.836
;MESH:NONMESH
G0 F300 X26.469 Y158.839 Z0.4
G0 F6000 X26.469 Y159.3
G0 X30.299 Y159.2
G0 X30.299 Y160.665
G0 X24.597 Y160.653
G0 X24.585 Y91.53
G0 X30.299 Y91.53
;TIME_ELAPSED:2301.790863
;LAYER:1
M106 S85
;TYPE:WALL-INNER
;MESH:Box_Cover.stl
G1 F2700 E1501.836
G1 F1350 X29.912 Y91.729 E1501.85048
G1 X29.482 Y91.841 E1501.86525
G1 X29.021 Y91.841 E1501.88059
G1 X28.595 Y91.735 E1501.89519
G1 X28.196 Y91.527 E1501.91015
G1 X27.862 Y91.229 E1501.92504
G1 X27.608 Y90.862 E1501.93989
G1 X27.45 Y90.447 E1501.95466
G1 X27.395 Y90 E1501.96964
G1 X27.45 Y89.553 E1501.98461
G1 X27.608 Y89.137 E1501.99942
G1 X27.862 Y88.771 E1502.01423
G1 X28.196 Y88.473 E1502.02912
G1 X28.595 Y88.265 E1502.04409
G1 X29.021 Y88.159 E1502.05869
G1 X29.482 Y88.159 E1502.07402
G1 X29.912 Y88.272 E1502.08881
G1 X30.327 Y88.495 E1502.10448
G1 X30.641 Y88.775 E1502.11847
G1 X30.889 Y89.14 E1502.13315
G1 X31.052 Y89.563 E1502.14822
G1 X31.103 Y90.015 E1502.16335
G1 X31.039 Y90.471 E1502.17867
G1 X30.883 Y90.878 E1502.19317
G1 X30.626 Y91.236 E1502.20782
G1 X30.299 Y91.53 E1502.22245
G1 F2700 E1497.22245
G0 F7500 X30.35 Y91.618
G0 X29.506 Y92.022
G0 X29.978 Y154.103
G0 X30.638 Y157.229
G1 F2700 E1502.22245
G1 F1350 X30.299 Y157.531 E1502.23755
G1 X29.903 Y157.736 E1502.25238
G1 X29.506 Y157.833 E1502.26597
G1 X29.028 Y157.842 E1502.28187
G1 X28.596 Y157.736 E1502.29667
G1 X28.201 Y157.531 E1502.31147
G1 X27.863 Y157.23 E1502.32652
G1 X27.608 Y156.863 E1502.34139
G1 X27.45 Y156.447 E1502.35619
G1 X27.395 Y156 E1502.37117
G1 X27.45 Y155.553 E1502.38615
G1 X27.608 Y155.137 E1502.40095
G1 X27.862 Y154.771 E1502.41577
G1 X28.196 Y154.473 E1502.43065
G1 X28.595 Y154.265 E1502.44562
G1 X29.021 Y154.159 E1502.46022
G1 X29.482 Y154.159 E1502.47555
G1 X29.912 Y154.272 E1502.49034
G1 X30.327 Y154.495 E1502.50601
G1 X30.63 Y154.768 E1502.51957
G1 X30.896 Y155.145 E1502.53492
G1 X31.045 Y155.552 E1502.54934
G1 X31.104 Y155.996 E1502.56423
G1 X31.05 Y156.446 E1502.57931
G1 X30.893 Y156.862 E1502.5941
G1 X30.638 Y157.229 E1502.60896
G1 F2700 E1497.60896
G0 F7500 X30.571 Y157.424
G0 X31.227 Y156.489
G0 X188.773 Y156.489
G0 X189.362 Y157.229
G1 F2700 E1502.60896
G1 F1350 X189.107 Y156.862 E1502.62382
G1 X188.95 Y156.446 E1502.63861
G1 X188.896 Y155.996 E1502.65369
G1 X188.955 Y155.552 E1502.66859
G1 X189.104 Y155.154 E1502.68272
G1 X189.358 Y154.775 E1502.69789
G1 X189.702 Y154.469 E1502.71321
G1 X190.088 Y154.272 E1502.72762
G1 X190.518 Y154.159 E1502.74241
G1 X190.979 Y154.159 E1502.75774
G1 X191.405 Y154.265 E1502.77234
G1 X191.804 Y154.473 E1502.78731
G1 X192.138 Y154.771 E1502.8022
G1 X192.393 Y155.138 E1502.81706
G1 X192.551 Y155.557 E1502.83195
G1 X192.6 Y156 E1502.84678
G1 X192.55 Y156.445 E1502.86167
G1 X192.393 Y156.862 E1502.87649
G1 X192.137 Y157.23 E1502.8914
G1 X191.799 Y157.531 E1502.90646
G1 X191.403 Y157.736 E1502.92129
G1 X191.006 Y157.833 E1502.93488
G1 X190.528 Y157.842 E1502.95078
G1 X190.096 Y157.736 E1502.96557
G1 X189.7 Y157.531 E1502.98041
G1 X189.362 Y157.229 E1502.99548
G1 F2700 E1497.99548
G0 F7500 X189.428 Y157.424
G0 X190.546 Y157.68
G0 X192.272 Y157.352
G0 X193.95 Y157.352
G0 X194.15 Y159.4
G1 F2700 E1502.99548
G1 F1350 X194.15 Y60.6 E1506.28158
G1 X25.851 Y60.601 E1511.87923
G1 X25.85 Y159.4 E1515.1653
G1 X194.15 Y159.4 E1520.76298
G1 F2700 E1515.76298
G0 F7500 X193.95 Y91.619
G0 X192.553 Y90.95
G0 X189.673 Y91.505
G1 F2700 E1520.76298
G1 F1350 X189.359 Y91.224 E1520.77699
G1 X189.106 Y90.862 E1520.79168
G1 X188.952 Y90.436 E1520.80675
G1 X188.897 Y89.996 E1520.8215
G1 X188.95 Y89.554 E1520.8363
G1 X189.111 Y89.133 E1520.8513
G1 X189.361 Y88.773 E1520.86587
G1 X189.702 Y88.469 E1520.88107
G1 X190.088 Y88.272 E1520.89548
G1 X190.518 Y88.159 E1520.91027
G1 X190.979 Y88.159 E1520.9256
G1 X191.405 Y88.265 E1520.9402
G1 X191.804 Y88.473 E1520.95517
G1 X192.138 Y88.771 E1520.97006
G1 X192.393 Y89.138 E1520.98492
G1 X192.551 Y89.557 E1520.99981
G1 X192.6 Y90 E1521.01464
G1 X192.55 Y90.445 E1521.02953
G1 X192.393 Y90.862 E1521.04435
G1 X192.138 Y91.229 E1521.05922
G1 X191.804 Y91.527 E1521.0741
G1 X191.405 Y91.735 E1521.08907
G1 X190.979 Y91.841 E1521.10367
G1 X190.518 Y91.841 E1521.119
G1 X190.088 Y91.729 E1521.13378
G1 X189.673 Y91.505 E1521.14947
G0 F7500 X189.931 Y91.198
;TYPE:WALL-OUTER
G1 F1350 X189.674 Y90.971 E1521.16087
G1 X189.456 Y90.653 E1521.1737
G1 X189.339 Y90.332 E1521.18506
G1 X189.301 Y89.981 E1521.1968
G1 X189.341 Y89.657 E1521.20766
G1 X189.462 Y89.332 E1521.21919
G1 X189.666 Y89.037 E1521.23112
G1 X189.918 Y88.811 E1521.24238
G1 X190.234 Y88.644 E1521.25427
G1 X190.549 Y88.564 E1521.26508
G1 X190.951 Y88.564 E1521.27845
G1 X191.242 Y88.636 E1521.28842
G1 X191.593 Y88.82 E1521.3016
G1 X191.85 Y89.057 E1521.31323
G1 X192.044 Y89.347 E1521.32483
G1 X192.151 Y89.63 E1521.3349
G1 X192.2 Y90 E1521.34731
G1 X192.161 Y90.334 E1521.35849
G1 X192.021 Y90.697 E1521.37143
G1 X191.819 Y90.978 E1521.38295
G1 X191.552 Y91.208 E1521.39467
G1 X191.242 Y91.364 E1521.40621
G1 X190.951 Y91.436 E1521.41618
G1 X190.549 Y91.436 E1521.42955
G1 X190.234 Y91.356 E1521.44036
G1 X189.931 Y91.198 E1521.45173
G1 F2700 E1516.45173
G0 F7500 X189.696 Y91.641
G0 X190.494 Y92.022
G0 X190.022 Y154.103
G0 X189.65 Y156.943
G1 F2700 E1521.45173
G1 F1350 X189.456 Y156.653 E1521.46333
G1 X189.349 Y156.37 E1521.47339
G1 X189.302 Y155.976 E1521.48659
G1 X189.343 Y155.651 E1521.49749
G1 X189.479 Y155.303 E1521.50991
G1 X189.681 Y155.022 E1521.52142
G1 X189.918 Y154.811 E1521.53198
G1 X190.234 Y154.644 E1521.54386
G1 X190.549 Y154.564 E1521.55467
G1 X190.951 Y154.564 E1521.56804
G1 X191.242 Y154.636 E1521.57802
G1 X191.593 Y154.82 E1521.5912
G1 X191.85 Y155.057 E1521.60282
G1 X192.044 Y155.347 E1521.61443
G1 X192.151 Y155.63 E1521.62449
G1 X192.2 Y156 E1521.63691
G1 X192.161 Y156.334 E1521.64809
G1 X192.021 Y156.697 E1521.66103
G1 X191.819 Y156.978 E1521.67254
G1 X191.552 Y157.208 E1521.68426
G1 X191.242 Y157.364 E1521.6958
G1 X190.937 Y157.439 E1521.70625
G1 X190.549 Y157.436 E1521.71916
G1 X190.258 Y157.364 E1521.72913
G1 X189.907 Y157.18 E1521.74231
G1 X189.65 Y156.943 E1521.75394
G1 F2700 E1516.75394
G0 F7500 X189.402 Y157.112
G0 X190.15 Y157.583
G0 X190.546 Y157.68
G0 X192.272 Y157.352
G0 X193.95 Y157.352
G0 X194.55 Y159.8
G1 F2700 E1521.75394
G1 F1350 X194.55 Y60.2 E1525.06664
G1 X25.451 Y60.201 E1530.6909
G1 X25.45 Y159.8 E1534.00358
G1 X194.55 Y159.8 E1539.62787
G1 F2700 E1534.62787
G0 F7500 X194.28 Y159.53
G0 X30.517 Y159.2
G0 X29.972 Y157.905
G0 X30.319 Y156.978
G1 F2700 E1539.62787
G1 F1350 X30.052 Y157.208 E1539.63959
G1 X29.742 Y157.364 E1539.65113
G1 X29.437 Y157.439 E1539.66158
G1 X29.049 Y157.436 E1539.67448
G1 X28.758 Y157.364 E1539.68445
G1 X28.407 Y157.18 E1539.69763
G1 X28.15 Y156.943 E1539.70926
G1 X27.956 Y156.653 E1539.72086
G1 X27.839 Y156.334 E1539.73217
G1 X27.801 Y156 E1539.74335
G1 X27.849 Y155.63 E1539.75576
G1 X27.979 Y155.303 E1539.76746
G1 X28.181 Y155.022 E1539.77897
G1 X28.448 Y154.792 E1539.79069
G1 X28.758 Y154.636 E1539.80223
G1 X29.049 Y154.564 E1539.8122
G1 X29.451 Y154.564 E1539.82557
G1 X29.766 Y154.644 E1539.83638
G1 X30.069 Y154.802 E1539.84775
G1 X30.334 Y155.037 E1539.85953
G1 X30.544 Y155.347 E1539.87198
G1 X30.657 Y155.651 E1539.88277
G1 X30.698 Y155.976 E1539.89367
G1 X30.651 Y156.37 E1539.90686
G1 X30.521 Y156.697 E1539.91857
G1 X30.319 Y156.978 E1539.93008
G1 F2700 E1534.93008
G0 F7500 X30.517 Y157.202
G0 X30.893 Y156.404
G0 X30.943 Y156
G0 X30.893 Y155.596
G0 X29.978 Y154.103
G0 X29.977 Y91.897
G0 X30.082 Y91.189
G1 F2700 E1539.93008
G1 F1350 X29.766 Y91.356 E1539.94197
G1 X29.451 Y91.436 E1539.95278
G1 X29.049 Y91.436 E1539.96615
G1 X28.758 Y91.364 E1539.97612
G1 X28.407 Y91.18 E1539.9893
G1 X28.15 Y90.943 E1540.00093
G1 X27.956 Y90.653 E1540.01253
G1 X27.839 Y90.334 E1540.02383
G1 X27.801 Y90 E1540.03501
G1 X27.849 Y89.63 E1540.04742
G1 X27.979 Y89.303 E1540.05912
G1 X28.181 Y89.022 E1540.07064
G1 X28.448 Y88.792 E1540.08236
G1 X28.758 Y88.636 E1540.0939
G1 X29.049 Y88.564 E1540.10387
G1 X29.451 Y88.564 E1540.11724
G1 X29.766 Y88.644 E1540.12805
G1 X30.069 Y88.802 E1540.13942
G1 X30.334 Y89.037 E1540.1512
G1 X30.538 Y89.332 E1540.16312
G1 X30.659 Y89.657 E1540.17466
G1 X30.699 Y89.993 E1540.18591
G1 X30.651 Y90.37 E1540.19855
G1 X30.524 Y90.693 E1540.2101
G1 X30.338 Y90.958 E1540.22087
G1 X30.082 Y91.189 E1540.23233
G1 F2700 E1535.23233
G0 F7500 X30.412 Y91.564
G0 X29.046 Y91.68
G0 X28.65 Y91.583
G0 X28.358 Y91.429
G0 X27.273 Y90.487
G0 X26.031 Y90.485
G0 X26.678 Y90.746
;TYPE:SKIN
G1 F2700 E1540.23233
G1 F1052.6 X26.657 Y90.626 E1540.23753
G1 F1173.9 X26.624 Y89.998 E1540.26158
G1 F1186.8 X26.654 Y89.409 E1540.2839
G1 F1063 X26.678 Y89.253 E1540.29056
G1 F2700 E1535.29056
G0 F7500 X25.951 Y89.251
G0 X25.951 Y155.252
G0 X26.678 Y155.254
G1 F2700 E1540.29056
G1 F1058.8 X26.654 Y155.41 E1540.29726
G1 F1181.6 X26.624 Y155.999 E1540.31967
G1 F1171.4 X26.656 Y156.623 E1540.34362
G1 F1052.6 X26.677 Y156.745 E1540.3489
G1 F2700 E1535.3489
G0 F7500 X25.951 Y156.743
G0 X26.031 Y157.863
G0 X27.726 Y157.349
G0 X28.521 Y158.571
G1 F2700 E1540.3489
G1 F1106.6 X28.948 Y158.62 E1540.36634
G1 F1216.2 X29.596 Y158.617 E1540.39026
G1 F1097.6 X29.983 Y158.57 E1540.40621
G0 F7500 X30.024 Y157.788
G0 X30.571 Y157.424
G0 X30.922 Y157.451
G1 F1350 X30.484 Y157.843 E1540.42576
G1 X30.018 Y158.08 E1540.44315
G1 X29.525 Y158.199 E1540.46002
G1 X28.95 Y158.196 E1540.47914
G1 X28.481 Y158.078 E1540.49523
G1 X27.993 Y157.83 E1540.51344
G1 X27.576 Y157.447 E1540.53227
G1 X27.277 Y157.011 E1540.54985
G1 X27.095 Y156.52 E1540.56727
G1 X27.041 Y155.977 E1540.58542
G1 X27.09 Y155.503 E1540.60127
G1 X27.277 Y154.988 E1540.61949
G1 X27.579 Y154.548 E1540.63724
G1 X28.011 Y154.161 E1540.65653
G1 X28.486 Y153.92 E1540.67425
G1 X28.953 Y153.804 E1540.69025
G1 X29.554 Y153.805 E1540.71024
G1 X30.045 Y153.936 E1540.72714
G1 X30.493 Y154.164 E1540.74386
G1 X30.891 Y154.516 E1540.76153
G1 X31.196 Y154.947 E1540.77909
G1 X31.398 Y155.481 E1540.79808
G1 X31.466 Y155.99 E1540.81516
G1 X31.393 Y156.556 E1540.83414
G1 X31.2 Y157.052 E1540.85185
G1 X30.922 Y157.451 E1540.86802
G1 F2700 E1535.86802
G0 F7500 X30.571 Y157.424
G0 X29.454 Y157.68
G0 X27.726 Y157.349
G0 X26.031 Y157.347
G0 X26.211 Y159.039
G1 F2700 E1540.86802
G1 F1350 X193.79 Y159.04 E1546.44172
G1 X193.79 Y60.96 E1549.70388
G1 X26.212 Y60.962 E1555.27754
G1 X26.211 Y159.039 E1558.5396
G1 F2700 E1553.5396
G0 F7500 X25.951 Y159.037
G0 X26.031 Y91.614
G0 X27.447 Y90.95
G0 X30.509 Y91.828
G1 F2700 E1558.5396
G1 F1350 X30.043 Y92.064 E1558.55697
G1 X29.555 Y92.195 E1558.57378
G1 X28.953 Y92.196 E1558.5938
G1 X28.486 Y92.08 E1558.6098
G1 X28.011 Y91.839 E1558.62752
G1 X27.579 Y91.451 E1558.64683
G1 X27.277 Y91.011 E1558.66458
G1 X27.095 Y90.52 E1558.682
G1 X27.041 Y89.976 E1558.70018
G1 X27.09 Y89.503 E1558.716
G1 X27.278 Y88.988 E1558.73423
G1 X27.609 Y88.515 E1558.75343
G1 X28.011 Y88.161 E1558.77125
G1 X28.486 Y87.92 E1558.78896
G1 X28.953 Y87.804 E1558.80497
G1 X29.554 Y87.805 E1558.82496
G1 X30.041 Y87.935 E1558.84172
G1 X30.51 Y88.175 E1558.85925
G1 X30.901 Y88.523 E1558.87665
G1 X31.212 Y88.969 E1558.89474
G1 X31.404 Y89.477 E1558.9128
G1 X31.463 Y90.015 E1558.9308
G1 X31.397 Y90.542 E1558.94847
G1 X31.21 Y91.03 E1558.96585
G1 X30.904 Y91.473 E1558.98376
G1 X30.509 Y91.828 E1559.00142
G1 F2700 E1554.00142
G0 F7500 X30.354 Y91.616
G0 X31.057 Y90.938
G0 X188.958 Y90.957
G0 X189.505 Y91.835
G1 F2700 E1559.00142
G1 F1350 X189.092 Y91.461 E1559.01995
G1 X188.79 Y91.023 E1559.03765
G1 X188.599 Y90.531 E1559.0552
G1 X188.538 Y89.979 E1559.07367
G1 X188.6 Y89.471 E1559.09069
G1 X188.79 Y88.964 E1559.1087
G1 X189.099 Y88.522 E1559.12664
G1 X189.495 Y88.172 E1559.14422
G1 X189.955 Y87.936 E1559.16141
G1 X190.446 Y87.805 E1559.17832
G1 X191.047 Y87.804 E1559.19831
G1 X191.514 Y87.92 E1559.21431
G1 X191.989 Y88.161 E1559.23203
G1 X192.421 Y88.548 E1559.25132
G1 X192.698 Y88.942 E1559.26734
G1 X192.904 Y89.469 E1559.28615
G1 X192.96 Y89.998 E1559.30385
G1 X192.907 Y90.516 E1559.32117
G1 X192.699 Y91.055 E1559.34038
G1 X192.421 Y91.452 E1559.3565
G1 X191.989 Y91.839 E1559.37579
G1 X191.514 Y92.08 E1559.39351
G1 X191.047 Y92.196 E1559.40951
G1 X190.446 Y92.195 E1559.4295
G1 X189.96 Y92.065 E1559.44624
G1 X189.505 Y91.835 E1559.46319
G1 F2700 E1554.46319
G0 F7500 X189.646 Y91.616
G0 X190.494 Y92.022
G0 X190.022 Y154.103
G0 X189.078 Y157.451
G1 F2700 E1559.46319
G1 F1350 X188.777 Y157.008 E1559.48101
G1 X188.607 Y156.556 E1559.49707
G1 X188.534 Y155.989 E1559.51608
G1 X188.613 Y155.437 E1559.53463
G1 X188.804 Y154.947 E1559.55212
G1 X189.116 Y154.509 E1559.57001
G1 X189.507 Y154.164 E1559.58735
G1 X189.955 Y153.936 E1559.60407
G1 X190.446 Y153.805 E1559.62097
G1 X191.047 Y153.804 E1559.64096
G1 X191.514 Y153.92 E1559.65696
G1 X191.989 Y154.161 E1559.67468
G1 X192.421 Y154.549 E1559.69399
G1 X192.721 Y154.987 E1559.71165
G1 X192.907 Y155.494 E1559.72961
G1 X192.96 Y156 E1559.74653
G1 X192.908 Y156.512 E1559.76365
G1 X192.699 Y157.055 E1559.783
G1 X192.421 Y157.452 E1559.79912
G1 X191.984 Y157.843 E1559.81863
G1 X191.518 Y158.08 E1559.83601
G1 X191.025 Y158.199 E1559.85288
G1 X190.45 Y158.196 E1559.87201
G1 X189.985 Y158.079 E1559.88796
G1 X189.512 Y157.839 E1559.9056
G1 X189.078 Y157.451 E1559.92496
G1 F2700 E1554.92496
G0 F7500 X189.428 Y157.424
G0 X190.546 Y157.68
G0 X192.272 Y157.352
G0 X193.95 Y157.352
G0 X193.588 Y158.267
G1 F2700 E1559.92496
G1 F1350 X193.016 Y158.84 E1559.95189
G0 F7500 X192.45 Y158.84
G1 F1350 X193.588 Y157.701 E1560.00544
G0 F7500 X193.588 Y157.136
G1 F1350 X191.884 Y158.84 E1560.08559
G0 F7500 X191.724 Y158.435
G1 F1350 X192.545 Y157.614 E1560.12421
G1 X192.562 Y157.596
G1 X193.181 Y156.977 E1560.15332
G1 X193.182 Y156.976
G1 X193.588 Y156.57 E1560.17242
G0 F7500 X193.112 Y156.481
G1 F1350 X193.588 Y156.004 E1560.19483
G0 F7500 X193.147 Y155.88
G1 F1350 X193.588 Y155.439 E1560.21558
G0 F7500 X193.083 Y155.378
G1 F1350 X193.559 Y154.902 E1560.23797
G0 F7500 X193.588 Y154.307
G1 F1350 X192.946 Y154.949 E1560.26816
G0 F7500 X192.713 Y154.617
G1 F1350 X193.588 Y153.741 E1560.30934
G0 F7500 X193.588 Y153.176
G1 F1350 X192.458 Y154.306 E1560.3625
G0 F7500 X192.161 Y154.038
G1 F1350 X193.588 Y152.61 E1560.42964
G0 F7500 X193.588 Y152.044
G1 F1350 X191.797 Y153.836 E1560.51391
G0 F7500 X191.384 Y153.683
G1 F1350 X193.588 Y151.479 E1560.61758
G0 F7500 X193.588 Y150.913
G1 F1350 X190.903 Y153.599 E1560.7439
G0 F7500 X190.3 Y153.636
G1 F1350 X193.588 Y150.347 E1560.89858
G0 F7500 X193.588 Y149.782
G1 F1350 X189.214 Y154.156 E1561.10432
G0 F7500 X188.874 Y154.496
G1 F1350 X184.531 Y158.839 E1561.3086
G0 F7500 X185.097 Y158.839
G1 F1350 X188.39 Y155.545 E1561.46351
G0 F7500 X188.35 Y156.151
G1 F1350 X185.662 Y158.839 E1561.58995
G0 F7500 X186.228 Y158.839
G1 F1350 X188.425 Y156.642 E1561.69329
G0 F7500 X188.58 Y157.053
G1 F1350 X186.794 Y158.839 E1561.7773
G0 F7500 X187.359 Y158.839
G1 F1350 X188.798 Y157.401 E1561.84496
G0 F7500 X189.057 Y157.707
G1 F1350 X187.925 Y158.839 E1561.89821
G0 F7500 X188.491 Y158.839
G1 F1350 X189.356 Y157.974 E1561.93889
G0 F7500 X189.721 Y158.174
G1 F1350 X189.057 Y158.839 E1561.97015
G0 F7500 X189.622 Y158.839
G1 F1350 X189.696 Y158.765 E1561.97363
G1 X189.697 Y158.764
G1 X190.138 Y158.324 E1561.99435
G0 F7500 X190.628 Y158.398
G1 F1350 X190.188 Y158.839 E1562.01507
G0 F7500 X190.754 Y158.839
G1 F1350 X191.241 Y158.351 E1562.038
G0 F7500 X191.723 Y158.435
G1 F1350 X191.319 Y158.839 E1562.057
G0 F7500 X191.319 Y159.3
G0 X183.965 Y159.3
G0 X183.965 Y158.839
G1 F1350 X193.588 Y149.216 E1562.50964
G0 F7500 X193.588 Y148.65
G1 F1350 X183.4 Y158.839 E1562.98887
G0 F7500 X182.834 Y158.839
G1 F1350 X193.588 Y148.085 E1563.49471
G0 F7500 X193.588 Y147.519
G1 F1350 X182.268 Y158.839 E1564.02717
G0 F7500 X181.703 Y158.839
G1 F1350 X193.588 Y146.953 E1564.58623
G0 F7500 X193.588 Y146.388
G1 F1350 X181.137 Y158.839 E1565.17188
G0 F7500 X180.571 Y158.839
G1 F1350 X193.588 Y145.822 E1565.78416
G0 F7500 X193.588 Y145.256
G1 F1350 X180.006 Y158.839 E1566.42304
G0 F7500 X179.44 Y158.839
G1 F1350 X193.588 Y144.691 E1567.08852
G0 F7500 X193.588 Y144.125
G1 F1350 X178.874 Y158.839 E1567.78062
G0 F7500 X178.308 Y158.839
G1 F1350 X193.588 Y143.559 E1568.49935
G0 F7500 X193.588 Y142.993
G1 F1350 X177.743 Y158.839 E1569.24467
G0 F7500 X177.177 Y158.839
G1 F1350 X193.588 Y142.428 E1570.01659
G0 F7500 X193.588 Y141.862
G1 F1350 X176.611 Y158.839 E1570.81514
G0 F7500 X176.046 Y158.839
G1 F1350 X193.588 Y141.296 E1571.64028
G0 F7500 X193.588 Y140.731
G1 F1350 X175.48 Y158.839 E1572.49203
G0 F7500 X174.914 Y158.839
G1 F1350 X193.588 Y140.165 E1573.3704
G0 F7500 X193.588 Y139.599
G1 F1350 X174.349 Y158.839 E1574.27536
G0 F7500 X173.783 Y158.839
G1 F1350 X193.588 Y139.034 E1575.20693
G0 F7500 X193.588 Y138.468
G1 F1350 X173.217 Y158.839 E1576.16512
G0 F7500 X172.652 Y158.839
G1 F1350 X193.588 Y137.902 E1577.14991
G0 F7500 X193.588 Y137.337
G1 F1350 X172.086 Y158.839 E1578.1613
G0 F7500 X171.52 Y158.839
G1 F1350 X193.588 Y136.771 E1579.19931
G0 F7500 X193.588 Y136.205
G1 F1350 X170.955 Y158.839 E1580.26392
G0 F7500 X170.389 Y158.839
G1 F1350 X193.588 Y135.64 E1581.35513
G0 F7500 X193.588 Y135.074
G1 F1350 X169.823 Y158.839 E1582.47296
G0 F7500 X169.258 Y158.839
G1 F1350 X193.588 Y134.508 E1583.61739
G0 F7500 X193.588 Y133.942
G1 F1350 X168.692 Y158.839 E1584.78845
G0 F7500 X168.126 Y158.839
G1 F1350 X193.588 Y133.377 E1585.9861
G0 F7500 X193.588 Y132.811
G1 F1350 X167.56 Y158.839 E1587.21038
G0 F7500 X166.995 Y158.839
G1 F1350 X193.588 Y132.245 E1588.46126
G0 F7500 X193.588 Y131.68
G1 F1350 X166.429 Y158.839 E1589.73873
G0 F7500 X165.863 Y158.839
G1 F1350 X193.588 Y131.114 E1591.04283
G0 F7500 X193.588 Y130.548
G1 F1350 X165.298 Y158.839 E1592.37353
G0 F7500 X164.732 Y158.839
G1 F1350 X193.588 Y129.983 E1593.73083
G0 F7500 X193.588 Y129.417
G1 F1350 X164.166 Y158.839 E1595.11475
G0 F7500 X163.601 Y158.839
G1 F1350 X193.588 Y128.851 E1596.52527
G0 F7500 X193.588 Y128.286
G1 F1350 X163.035 Y158.839 E1597.96239
G0 F7500 X162.469 Y158.839
G1 F1350 X193.588 Y127.72 E1599.42613
G0 F7500 X193.588 Y127.154
G1 F1350 X161.904 Y158.839 E1600.91647
G0 F7500 X161.338 Y158.839
G1 F1350 X193.588 Y126.589 E1602.43341
G0 F7500 X193.588 Y126.023
G1 F1350 X160.772 Y158.839 E1603.97698
G0 F7500 X160.207 Y158.839
G1 F1350 X193.588 Y125.457 E1605.54714
G0 F7500 X193.588 Y124.892
G1 F1350 X159.641 Y158.839 E1607.1439
G0 F7500 X159.075 Y158.839
G1 F1350 X193.588 Y124.326 E1608.76729
G0 F7500 X193.588 Y123.76
G1 F1350 X158.51 Y158.839 E1610.41727
G0 F7500 X157.944 Y158.839
G1 F1350 X193.588 Y123.194 E1612.09388
G0 F7500 X193.588 Y122.629
G1 F1350 X157.378 Y158.839 E1613.79709
G0 F7500 X156.812 Y158.839
G1 F1350 X193.588 Y122.063 E1615.52692
G0 F7500 X193.588 Y121.497
G1 F1350 X156.247 Y158.839 E1617.28335
G0 F7500 X155.681 Y158.839
G1 F1350 X193.588 Y120.932 E1619.06638
G0 F7500 X193.588 Y120.366
G1 F1350 X155.115 Y158.839 E1620.87603
G0 F7500 X154.55 Y158.839
G1 F1350 X193.588 Y119.8 E1622.71228
G0 F7500 X193.588 Y119.235
G1 F1350 X153.984 Y158.839 E1624.57513
G0 F7500 X153.418 Y158.839
G1 F1350 X193.588 Y118.669 E1626.46461
G0 F7500 X193.588 Y118.103
G1 F1350 X152.853 Y158.839 E1628.38068
G0 F7500 X152.287 Y158.839
G1 F1350 X193.588 Y117.538 E1630.32335
G0 F7500 X193.588 Y116.972
G1 F1350 X151.721 Y158.839 E1632.29265
G0 F7500 X151.156 Y158.839
G1 F1350 X193.588 Y116.406 E1634.28854
G0 F7500 X193.588 Y115.841
G1 F1350 X150.59 Y158.839 E1636.31104
G0 F7500 X150.024 Y158.839
G1 F1350 X193.588 Y115.275 E1638.36015
G0 F7500 X193.588 Y114.709
G1 F1350 X149.459 Y158.839 E1640.43587
G0 F7500 X148.893 Y158.839
G1 F1350 X193.588 Y114.144 E1642.53818
G0 F7500 X193.588 Y113.578
G1 F1350 X148.327 Y158.839 E1644.66712
G0 F7500 X147.761 Y158.839
G1 F1350 X193.588 Y113.012 E1646.82268
G0 F7500 X193.588 Y112.446
G1 F1350 X147.196 Y158.839 E1649.00485
G0 F7500 X146.63 Y158.839
G1 F1350 X193.588 Y111.881 E1651.21361
G0 F7500 X193.588 Y111.315
G1 F1350 X146.064 Y158.839 E1653.44899
G0 F7500 X145.499 Y158.839
G1 F1350 X193.588 Y110.749 E1655.71097
G0 F7500 X193.588 Y110.184
G1 F1350 X144.933 Y158.839 E1657.99955
G0 F7500 X144.367 Y158.839
G1 F1350 X193.588 Y109.618 E1660.31476
G0 F7500 X193.588 Y109.052
G1 F1350 X143.802 Y158.839 E1662.65656
G0 F7500 X143.236 Y158.839
G1 F1350 X193.588 Y108.487 E1665.02497
G0 F7500 X193.588 Y107.921
G1 F1350 X142.67 Y158.839 E1667.41999
G0 F7500 X142.105 Y158.839
G1 F1350 X193.588 Y107.355 E1669.84162
G0 F7500 X193.588 Y106.79
G1 F1350 X141.539 Y158.839 E1672.28984
G0 F7500 X140.973 Y158.839
G1 F1350 X193.588 Y106.224 E1674.76469
G0 F7500 X193.588 Y105.658
G1 F1350 X140.408 Y158.839 E1677.26614
G0 F7500 X139.842 Y158.839
G1 F1350 X193.588 Y105.093 E1679.79419
G0 F7500 X193.588 Y104.527
G1 F1350 X139.276 Y158.839 E1682.34886
G0 F7500 X138.711 Y158.839
G1 F1350 X193.588 Y103.961 E1684.93013
G0 F7500 X193.588 Y103.395
G1 F1350 X138.145 Y158.839 E1687.53802
G0 F7500 X137.579 Y158.839
G1 F1350 X193.588 Y102.83 E1690.17251
G0 F7500 X193.588 Y102.264
G1 F1350 X137.013 Y158.839 E1692.83363
G0 F7500 X136.448 Y158.839
G1 F1350 X193.588 Y101.698 E1695.52134
G0 F7500 X193.588 Y101.133
G1 F1350 X135.882 Y158.839 E1698.23565
G0 F7500 X135.316 Y158.839
G1 F1350 X193.588 Y100.567 E1700.97659
G0 F7500 X193.588 Y100.001
G1 F1350 X134.751 Y158.839 E1703.74412
G0 F7500 X134.185 Y158.839
G1 F1350 X193.588 Y99.436 E1706.53826
G0 F7500 X193.588 Y98.87
G1 F1350 X133.619 Y158.839 E1709.35902
G0 F7500 X133.054 Y158.839
G1 F1350 X193.588 Y98.304 E1712.20637
G0 F7500 X193.588 Y97.739
G1 F1350 X132.488 Y158.839 E1715.08033
G0 F7500 X131.922 Y158.839
G1 F1350 X193.588 Y97.173 E1717.98091
G0 F7500 X193.588 Y96.607
G1 F1350 X131.357 Y158.839 E1720.90809
G0 F7500 X130.791 Y158.839
G1 F1350 X193.588 Y96.042 E1723.86187
G0 F7500 X193.588 Y95.476
G1 F1350 X130.225 Y158.839 E1726.84227
G0 F7500 X129.66 Y158.839
G1 F1350 X193.588 Y94.91 E1729.84927
G0 F7500 X193.588 Y94.345
G1 F1350 X129.094 Y158.839 E1732.88287
G0 F7500 X128.528 Y158.839
G1 F1350 X193.588 Y93.779 E1735.94309
G0 F7500 X193.588 Y93.213
G1 F1350 X127.962 Y158.839 E1739.02994
G0 F7500 X127.397 Y158.839
G1 F1350 X193.588 Y92.647 E1742.14338
G0 F7500 X193.588 Y92.082
G1 F1350 X126.831 Y158.839 E1745.28343
G0 F7500 X126.265 Y158.839
G1 F1350 X193.588 Y91.516 E1748.4501
G0 F7500 X193.471 Y91.068
G1 F1350 X125.7 Y158.839 E1751.63784
G0 F7500 X125.134 Y158.839
G1 F1350 X191.824 Y92.149 E1754.77473
G0 F7500 X191.007 Y92.4
G1 F1350 X124.568 Y158.839 E1757.89982
G0 F7500 X124.003 Y158.839
G1 F1350 X190.441 Y92.401 E1761.02486
G0 F7500 X189.995 Y92.281
G1 F1350 X123.437 Y158.839 E1764.15554
G0 F7500 X122.871 Y158.839
G1 F1350 X189.602 Y92.109 E1767.29434
G0 F7500 X189.259 Y91.885
G1 F1350 X122.306 Y158.839 E1770.44363
G0 F7500 X121.74 Y158.839
G1 F1350 X188.964 Y91.615 E1773.60564
G0 F7500 X188.726 Y91.288
G1 F1350 X121.174 Y158.839 E1776.78305
G0 F7500 X120.609 Y158.839
G1 F1350 X188.533 Y90.915 E1779.97799
G0 F7500 X188.393 Y90.489
G1 F1350 X120.043 Y158.839 E1783.19296
G0 F7500 X119.477 Y158.839
G1 F1350 X188.335 Y89.982 E1786.43181
G0 F7500 X188.454 Y89.296
G1 F1350 X118.912 Y158.839 E1789.70288
G0 F7500 X118.346 Y158.839
G1 F1350 X193.588 Y83.596 E1793.24205
G0 F7500 X193.588 Y83.031
G1 F1350 X117.78 Y158.839 E1796.80783
G0 F7500 X117.214 Y158.839
G1 F1350 X193.588 Y82.465 E1800.40023
G0 F7500 X193.588 Y81.899
G1 F1350 X116.649 Y158.839 E1804.01922
G0 F7500 X116.083 Y158.839
G1 F1350 X193.588 Y81.334 E1807.66482
G0 F7500 X193.588 Y80.768
G1 F1350 X115.517 Y158.839 E1811.33704
G0 F7500 X114.952 Y158.839
G1 F1350 X193.588 Y80.202 E1815.03586
G0 F7500 X193.588 Y79.637
G1 F1350 X114.386 Y158.839 E1818.76128
G0 F7500 X113.82 Y158.839
G1 F1350 X193.588 Y79.071 E1822.51332
G0 F7500 X193.588 Y78.505
G1 F1350 X113.255 Y158.839 E1826.29197
G0 F7500 X112.689 Y158.839
G1 F1350 X193.588 Y77.94 E1830.09721
G0 F7500 X193.588 Y77.374
G1 F1350 X112.123 Y158.839 E1833.92907
G0 F7500 X111.558 Y158.839
G1 F1350 X193.588 Y76.808 E1837.78753
G0 F7500 X193.588 Y76.243
G1 F1350 X110.992 Y158.839 E1841.6726
G0 F7500 X110.426 Y158.839
G1 F1350 X193.588 Y75.677 E1845.58428
G0 F7500 X193.588 Y75.111
G1 F1350 X109.861 Y158.839 E1849.52257
G0 F7500 X109.295 Y158.839
G1 F1350 X193.588 Y74.546 E1853.48745
G0 F7500 X193.588 Y73.98
G1 F1350 X108.729 Y158.839 E1857.47896
G0 F7500 X108.164 Y158.839
G1 F1350 X193.588 Y73.414 E1861.49706
G0 F7500 X193.588 Y72.848
G1 F1350 X107.598 Y158.839 E1865.54179
G0 F7500 X107.032 Y158.839
G1 F1350 X193.588 Y72.283 E1869.61312
G0 F7500 X193.588 Y71.717
G1 F1350 X106.466 Y158.839 E1873.71107
G0 F7500 X105.901 Y158.839
G1 F1350 X193.588 Y71.151 E1877.83563
G0 F7500 X193.588 Y70.586
G1 F1350 X105.335 Y158.839 E1881.98678
G0 F7500 X104.769 Y158.839
G1 F1350 X193.588 Y70.02 E1886.16455
G0 F7500 X193.588 Y69.454
G1 F1350 X104.204 Y158.839 E1890.36892
G0 F7500 X103.638 Y158.839
G1 F1350 X193.588 Y68.889 E1894.59989
G0 F7500 X193.588 Y68.323
G1 F1350 X103.072 Y158.839 E1898.85749
G0 F7500 X102.507 Y158.839
G1 F1350 X193.588 Y67.757 E1903.14168
G0 F7500 X193.588 Y67.192
G1 F1350 X101.941 Y158.839 E1907.45248
G0 F7500 X101.375 Y158.839
G1 F1350 X193.588 Y66.626 E1911.7899
G0 F7500 X193.588 Y66.06
G1 F1350 X100.81 Y158.839 E1916.15391
G0 F7500 X100.244 Y158.839
G1 F1350 X193.588 Y65.495 E1920.54453
G0 F7500 X193.588 Y64.929
G1 F1350 X99.678 Y158.839 E1924.96177
G0 F7500 X99.113 Y158.839
G1 F1350 X193.588 Y64.363 E1929.4056
G0 F7500 X193.588 Y63.798
G1 F1350 X98.547 Y158.839 E1933.87604
G0 F7500 X97.981 Y158.839
G1 F1350 X193.588 Y63.232 E1938.3731
G0 F7500 X193.588 Y62.666
G1 F1350 X97.415 Y158.839 E1942.89678
G0 F7500 X96.85 Y158.839
G1 F1350 X193.588 Y62.1 E1947.44707
G0 F7500 X193.588 Y61.535
G1 F1350 X96.284 Y158.839 E1952.02395
G0 F7500 X95.718 Y158.839
G1 F1350 X193.398 Y61.159 E1956.61852
G0 F7500 X192.832 Y61.159
G1 F1350 X95.153 Y158.839 E1961.21306
G0 F7500 X94.587 Y158.839
G1 F1350 X192.267 Y61.159 E1965.80763
G0 F7500 X191.701 Y61.159
G1 F1350 X94.021 Y158.839 E1970.4022
G0 F7500 X93.456 Y158.839
G1 F1350 X191.135 Y61.159 E1974.99674
G0 F7500 X190.57 Y61.159
G1 F1350 X92.89 Y158.839 E1979.59131
G0 F7500 X92.324 Y158.839
G1 F1350 X190.004 Y61.159 E1984.18587
G0 F7500 X189.438 Y61.159
G1 F1350 X91.759 Y158.839 E1988.78042
G0 F7500 X91.193 Y158.839
G1 F1350 X188.873 Y61.159 E1993.37499
G0 F7500 X188.307 Y61.159
G1 F1350 X90.627 Y158.839 E1997.96955
G0 F7500 X90.062 Y158.839
G1 F1350 X187.741 Y61.159 E2002.5641
G0 F7500 X187.176 Y61.159
G1 F1350 X89.496 Y158.839 E2007.15867
G0 F7500 X88.93 Y158.839
G1 F1350 X186.61 Y61.159 E2011.75323
G0 F7500 X186.044 Y61.159
G1 F1350 X88.365 Y158.839 E2016.34778
G0 F7500 X87.799 Y158.839
G1 F1350 X185.479 Y61.159 E2020.94235
G0 F7500 X184.913 Y61.159
G1 F1350 X87.233 Y158.839 E2025.53691
G0 F7500 X86.667 Y158.839
G1 F1350 X184.347 Y61.159 E2030.13148
G0 F7500 X183.782 Y61.159
G1 F1350 X86.102 Y158.839 E2034.72605
G0 F7500 X85.536 Y158.839
G1 F1350 X183.216 Y61.159 E2039.32062
G0 F7500 X182.65 Y61.159
G1 F1350 X84.97 Y158.839 E2043.91518
G0 F7500 X84.405 Y158.839
G1 F1350 X182.084 Y61.159 E2048.50973
G0 F7500 X181.519 Y61.159
G1 F1350 X83.839 Y158.839 E2053.1043
G0 F7500 X83.273 Y158.839
G1 F1350 X180.953 Y61.159 E2057.69886
G0 F7500 X180.387 Y61.159
G1 F1350 X82.708 Y158.839 E2062.29341
G0 F7500 X82.142 Y158.839
G1 F1350 X179.822 Y61.159 E2066.88798
G0 F7500 X179.256 Y61.159
G1 F1350 X81.576 Y158.839 E2071.48254
G0 F7500 X81.011 Y158.839
G1 F1350 X178.69 Y61.159 E2076.07709
G0 F7500 X178.125 Y61.159
G1 F1350 X80.445 Y158.839 E2080.67166
G0 F7500 X79.879 Y158.839
G1 F1350 X177.559 Y61.159 E2085.26622
G0 F7500 X176.993 Y61.159
G1 F1350 X79.314 Y158.839 E2089.86077
G0 F7500 X78.748 Y158.839
G1 F1350 X176.428 Y61.159 E2094.45534
G0 F7500 X175.862 Y61.159
G1 F1350 X78.182 Y158.839 E2099.0499
G0 F7500 X77.616 Y158.839
G1 F1350 X175.296 Y61.159 E2103.64447
G0 F7500 X174.731 Y61.159
G1 F1350 X77.051 Y158.839 E2108.23904
G0 F7500 X76.485 Y158.839
G1 F1350 X174.165 Y61.159 E2112.83361
G0 F7500 X173.599 Y61.159
G1 F1350 X75.919 Y158.839 E2117.42817
G0 F7500 X75.354 Y158.839
G1 F1350 X173.033 Y61.159 E2122.02272
G0 F7500 X172.468 Y61.159
G1 F1350 X74.788 Y158.839 E2126.61729
G0 F7500 X74.222 Y158.839
G1 F1350 X171.902 Y61.159 E2131.21185
G0 F7500 X171.336 Y61.159
G1 F1350 X73.657 Y158.839 E2135.8064
G0 F7500 X73.091 Y158.839
G1 F1350 X170.771 Y61.159 E2140.40097
G0 F7500 X170.205 Y61.159
G1 F1350 X72.525 Y158.839 E2144.99553
G0 F7500 X71.96 Y158.839
G1 F1350 X169.639 Y61.159 E2149.59008
G0 F7500 X169.074 Y61.159
G1 F1350 X71.394 Y158.839 E2154.18465
G0 F7500 X70.828 Y158.839
G1 F1350 X168.508 Y61.159 E2158.77921
G0 F7500 X167.942 Y61.159
G1 F1350 X70.263 Y158.839 E2163.37376
G0 F7500 X69.697 Y158.839
G1 F1350 X167.377 Y61.159 E2167.96832
G0 F7500 X166.811 Y61.159
G1 F1350 X69.131 Y158.839 E2172.56289
G0 F7500 X68.566 Y158.839
G1 F1350 X166.245 Y61.159 E2177.15744
G0 F7500 X165.68 Y61.159
G1 F1350 X68 Y158.839 E2181.752
G0 F7500 X67.434 Y158.839
G1 F1350 X165.114 Y61.159 E2186.34657
G0 F7500 X164.548 Y61.159
G1 F1350 X66.868 Y158.839 E2190.94114
G0 F7500 X66.303 Y158.839
G1 F1350 X163.983 Y61.159 E2195.53571
G0 F7500 X163.417 Y61.159
G1 F1350 X65.737 Y158.839 E2200.13028
G0 F7500 X65.171 Y158.839
G1 F1350 X162.851 Y61.159 E2204.72484
G0 F7500 X162.285 Y61.159
G1 F1350 X64.606 Y158.839 E2209.31939
G0 F7500 X64.04 Y158.839
G1 F1350 X161.72 Y61.159 E2213.91396
G0 F7500 X161.154 Y61.159
G1 F1350 X63.474 Y158.839 E2218.50852
G0 F7500 X62.909 Y158.839
G1 F1350 X160.588 Y61.159 E2223.10307
G0 F7500 X160.023 Y61.159
G1 F1350 X62.343 Y158.839 E2227.69763
G0 F7500 X61.777 Y158.839
G1 F1350 X159.457 Y61.159 E2232.2922
G0 F7500 X158.891 Y61.159
G1 F1350 X61.212 Y158.839 E2236.88675
G0 F7500 X60.646 Y158.839
G1 F1350 X158.326 Y61.159 E2241.48131
G0 F7500 X157.76 Y61.159
G1 F1350 X60.08 Y158.839 E2246.07588
G0 F7500 X59.515 Y158.839
G1 F1350 X157.194 Y61.159 E2250.67043
G0 F7500 X156.629 Y61.159
G1 F1350 X58.949 Y158.839 E2255.26499
G0 F7500 X58.383 Y158.839
G1 F1350 X156.063 Y61.159 E2259.85956
G0 F7500 X155.497 Y61.159
G1 F1350 X57.818 Y158.839 E2264.45411
G0 F7500 X57.252 Y158.839
G1 F1350 X154.932 Y61.159 E2269.04867
G0 F7500 X154.366 Y61.159
G1 F1350 X56.686 Y158.839 E2273.64324
G0 F7500 X56.12 Y158.839
G1 F1350 X153.8 Y61.159 E2278.23781
G0 F7500 X153.234 Y61.159
G1 F1350 X55.555 Y158.839 E2282.83235
G0 F7500 X54.989 Y158.839
G1 F1350 X152.669 Y61.159 E2287.42692
G0 F7500 X152.103 Y61.159
G1 F1350 X54.423 Y158.839 E2292.02149
G0 F7500 X53.858 Y158.839
G1 F1350 X151.537 Y61.159 E2296.61603
G0 F7500 X150.972 Y61.159
G1 F1350 X53.292 Y158.839 E2301.2106
G0 F7500 X52.726 Y158.839
G1 F1350 X150.406 Y61.159 E2305.80517
G0 F7500 X149.84 Y61.159
G1 F1350 X52.161 Y158.839 E2310.39971
G0 F7500 X51.595 Y158.839
G1 F1350 X149.275 Y61.159 E2314.99428
G0 F7500 X148.709 Y61.159
G1 F1350 X51.029 Y158.839 E2319.58885
G0 F7500 X50.464 Y158.839
G1 F1350 X148.143 Y61.159 E2324.18339
G0 F7500 X147.578 Y61.159
G1 F1350 X49.898 Y158.839 E2328.77796
G0 F7500 X49.332 Y158.839
G1 F1350 X147.012 Y61.159 E2333.37253
G0 F7500 X146.446 Y61.159
G1 F1350 X48.767 Y158.839 E2337.96707
G0 F7500 X48.201 Y158.839
G1 F1350 X145.881 Y61.159 E2342.56164
G0 F7500 X145.315 Y61.159
G1 F1350 X47.635 Y158.839 E2347.15621
G0 F7500 X47.069 Y158.839
G1 F1350 X144.749 Y61.159 E2351.75078
G0 F7500 X144.184 Y61.159
G1 F1350 X46.504 Y158.839 E2356.34534
G0 F7500 X45.938 Y158.839
G1 F1350 X143.618 Y61.159 E2360.93991
G0 F7500 X143.052 Y61.159
G1 F1350 X45.372 Y158.839 E2365.53448
G0 F7500 X44.807 Y158.839
G1 F1350 X142.486 Y61.159 E2370.12902
G0 F7500 X141.921 Y61.159
G1 F1350 X44.241 Y158.839 E2374.72359
G0 F7500 X43.675 Y158.839
G1 F1350 X141.355 Y61.159 E2379.31816
G0 F7500 X140.789 Y61.159
G1 F1350 X43.11 Y158.839 E2383.9127
G0 F7500 X42.544 Y158.839
G1 F1350 X140.224 Y61.159 E2388.50727
G0 F7500 X139.658 Y61.159
G1 F1350 X41.978 Y158.839 E2393.10184
G0 F7500 X41.413 Y158.839
G1 F1350 X139.092 Y61.159 E2397.69638
G0 F7500 X138.527 Y61.159
G1 F1350 X40.847 Y158.839 E2402.29095
G0 F7500 X40.281 Y158.839
G1 F1350 X137.961 Y61.159 E2406.88552
G0 F7500 X137.395 Y61.159
G1 F1350 X39.716 Y158.839 E2411.48006
G0 F7500 X39.15 Y158.839
G1 F1350 X136.83 Y61.159 E2416.07463
G0 F7500 X136.264 Y61.159
G1 F1350 X38.584 Y158.839 E2420.6692
G0 F7500 X38.019 Y158.839
G1 F1350 X135.698 Y61.159 E2425.26374
G0 F7500 X135.133 Y61.159
G1 F1350 X37.453 Y158.839 E2429.85831
G0 F7500 X36.887 Y158.839
G1 F1350 X134.567 Y61.159 E2434.45288
G0 F7500 X134.001 Y61.159
G1 F1350 X36.321 Y158.839 E2439.04744
G0 F7500 X35.756 Y158.839
G1 F1350 X133.435 Y61.159 E2443.64199
G0 F7500 X132.87 Y61.159
G1 F1350 X35.19 Y158.839 E2448.23656
G0 F7500 X34.624 Y158.839
G1 F1350 X132.304 Y61.159 E2452.83112
G0 F7500 X131.738 Y61.159
G1 F1350 X34.059 Y158.839 E2457.42567
G0 F7500 X33.493 Y158.839
G1 F1350 X131.173 Y61.159 E2462.02024
G0 F7500 X130.607 Y61.159
G1 F1350 X32.927 Y158.839 E2466.6148
G0 F7500 X32.362 Y158.839
G1 F1350 X130.041 Y61.159 E2471.20935
G0 F7500 X129.476 Y61.159
G1 F1350 X31.796 Y158.839 E2475.80392
G0 F7500 X31.23 Y158.839
G1 F1350 X128.91 Y61.159 E2480.39848
G0 F7500 X128.344 Y61.159
G1 F1350 X30.665 Y158.839 E2484.99303
G0 F7500 X30.281 Y158.657
G1 F1350 X127.779 Y61.159 E2489.57903
G0 F7500 X127.213 Y61.159
G1 F1350 X31.478 Y156.894 E2494.08212
G0 F7500 X31.647 Y156.159
G1 F1350 X126.647 Y61.159 E2498.55062
G0 F7500 X126.082 Y61.159
G1 F1350 X31.619 Y155.622 E2502.99387
G0 F7500 X31.501 Y155.174
G1 F1350 X125.516 Y61.159 E2507.41605
G0 F7500 X124.95 Y61.159
G1 F1350 X31.324 Y154.785 E2511.81993
G0 F7500 X31.093 Y154.451
G1 F1350 X124.385 Y61.159 E2516.2081
G0 F7500 X123.819 Y61.159
G1 F1350 X30.803 Y154.175 E2520.58329
G0 F7500 X30.48 Y153.932
G1 F1350 X123.253 Y61.159 E2524.94705
G0 F7500 X122.687 Y61.159
G1 F1350 X30.102 Y153.745 E2529.30198
G0 F7500 X29.657 Y153.624
G1 F1350 X122.122 Y61.159 E2533.65125
G0 F7500 X121.556 Y61.159
G1 F1350 X29.117 Y153.598 E2537.9993
G0 F7500 X28.42 Y153.729
G1 F1350 X120.99 Y61.159 E2542.35351
G0 F7500 X120.425 Y61.159
G1 F1350 X26.627 Y154.957 E2546.76548
G0 F7500 X26.411 Y154.607
G1 F1350 X119.859 Y61.159 E2551.16099
G0 F7500 X119.293 Y61.159
G1 F1350 X26.411 Y154.041 E2555.52987
G0 F7500 X26.411 Y153.476
G1 F1350 X118.728 Y61.159 E2559.87218
G0 F7500 X118.162 Y61.159
G1 F1350 X26.411 Y152.91 E2564.18787
G0 F7500 X26.411 Y152.344
G1 F1350 X117.596 Y61.159 E2568.47693
G0 F7500 X117.031 Y61.159
G1 F1350 X26.411 Y151.779 E2572.73942
G0 F7500 X26.411 Y151.213
G1 F1350 X116.465 Y61.159 E2576.97528
G0 F7500 X115.899 Y61.159
G1 F1350 X26.411 Y150.647 E2581.18452
G0 F7500 X26.411 Y150.082
G1 F1350 X115.334 Y61.159 E2585.36719
G0 F7500 X114.768 Y61.159
G1 F1350 X26.411 Y149.516 E2589.52323
G0 F7500 X26.411 Y148.95
G1 F1350 X114.202 Y61.159 E2593.65265
G0 F7500 X113.637 Y61.159
G1 F1350 X26.411 Y148.384 E2597.75547
G0 F7500 X26.411 Y147.819
G1 F1350 X113.071 Y61.159 E2601.83169
G0 F7500 X112.505 Y61.159
G1 F1350 X26.411 Y147.253 E2605.88129
G0 F7500 X26.411 Y146.687
G1 F1350 X111.939 Y61.159 E2609.90426
G0 F7500 X111.374 Y61.159
G1 F1350 X26.411 Y146.122 E2613.90066
G0 F7500 X26.411 Y145.556
G1 F1350 X110.808 Y61.159 E2617.87044
G0 F7500 X110.242 Y61.159
G1 F1350 X26.411 Y144.99 E2621.81359
G0 F7500 X26.411 Y144.425
G1 F1350 X109.676 Y61.16 E2625.73012
G0 F7500 X109.11 Y61.16
G1 F1350 X26.411 Y143.859 E2629.62003
G0 F7500 X26.411 Y143.293
G1 F1350 X108.545 Y61.16 E2633.48334
G0 F7500 X107.979 Y61.16
G1 F1350 X26.411 Y142.728 E2637.32005
G0 F7500 X26.411 Y142.162
G1 F1350 X107.413 Y61.16 E2641.13013
G0 F7500 X106.848 Y61.16
G1 F1350 X26.411 Y141.596 E2644.91362
G0 F7500 X26.411 Y141.031
G1 F1350 X106.282 Y61.16 E2648.6705
G0 F7500 X105.716 Y61.16
G1 F1350 X26.411 Y140.465 E2652.40077
G0 F7500 X26.411 Y139.899
G1 F1350 X105.151 Y61.16 E2656.10443
G0 F7500 X104.585 Y61.16
G1 F1350 X26.411 Y139.333 E2659.78147
G0 F7500 X26.411 Y138.768
G1 F1350 X104.019 Y61.16 E2663.43192
G0 F7500 X103.453 Y61.16
G1 F1350 X26.411 Y138.202 E2667.05574
G0 F7500 X26.411 Y137.636
G1 F1350 X102.888 Y61.16 E2670.65296
G0 F7500 X102.322 Y61.16
G1 F1350 X26.411 Y137.071 E2674.22358
G0 F7500 X26.411 Y136.505
G1 F1350 X101.756 Y61.16 E2677.76758
G0 F7500 X101.191 Y61.16
G1 F1350 X26.411 Y135.939 E2681.28497
G0 F7500 X26.411 Y135.374
G1 F1350 X100.625 Y61.16 E2684.77577
G0 F7500 X100.059 Y61.16
G1 F1350 X26.411 Y134.808 E2688.23995
G0 F7500 X26.411 Y134.242
G1 F1350 X99.494 Y61.16 E2691.67753
G0 F7500 X98.928 Y61.16
G1 F1350 X26.411 Y133.677 E2695.0885
G0 F7500 X26.411 Y133.111
G1 F1350 X98.362 Y61.16 E2698.47286
G0 F7500 X97.797 Y61.16
G1 F1350 X26.411 Y132.545 E2701.83061
G0 F7500 X26.411 Y131.98
G1 F1350 X97.231 Y61.16 E2705.16177
G0 F7500 X96.665 Y61.16
G1 F1350 X26.411 Y131.414 E2708.4663
G0 F7500 X26.411 Y130.848
G1 F1350 X96.1 Y61.16 E2711.74423
G0 F7500 X95.534 Y61.16
G1 F1350 X26.411 Y130.283 E2714.99557
G0 F7500 X26.411 Y129.717
G1 F1350 X94.968 Y61.16 E2718.22028
G0 F7500 X94.402 Y61.16
G1 F1350 X26.411 Y129.151 E2721.41837
G0 F7500 X26.411 Y128.585
G1 F1350 X93.837 Y61.16 E2724.58986
G0 F7500 X93.271 Y61.16
G1 F1350 X26.411 Y128.02 E2727.73475
G0 F7500 X26.411 Y127.454
G1 F1350 X92.705 Y61.16 E2730.85301
G0 F7500 X92.14 Y61.16
G1 F1350 X26.411 Y126.888 E2733.94468
G0 F7500 X26.411 Y126.323
G1 F1350 X91.574 Y61.16 E2737.00975
G0 F7500 X91.008 Y61.16
G1 F1350 X26.411 Y125.757 E2740.04819
G0 F7500 X26.411 Y125.191
G1 F1350 X90.443 Y61.16 E2743.06004
G0 F7500 X89.877 Y61.16
G1 F1350 X26.411 Y124.626 E2746.04528
G0 F7500 X26.411 Y124.06
G1 F1350 X89.311 Y61.16 E2749.00391
G0 F7500 X88.746 Y61.16
G1 F1350 X26.411 Y123.494 E2751.93593
G0 F7500 X26.411 Y122.929
G1 F1350 X88.18 Y61.16 E2754.84135
G0 F7500 X87.614 Y61.16
G1 F1350 X26.411 Y122.363 E2757.72016
G0 F7500 X26.411 Y121.797
G1 F1350 X87.049 Y61.16 E2760.57236
G0 F7500 X86.483 Y61.16
G1 F1350 X26.411 Y121.232 E2763.39796
G0 F7500 X26.411 Y120.666
G1 F1350 X85.917 Y61.16 E2766.19694
G0 F7500 X85.352 Y61.16
G1 F1350 X26.411 Y120.1 E2768.96932
G0 F7500 X26.411 Y119.534
G1 F1350 X84.786 Y61.16 E2771.71508
G0 F7500 X84.22 Y61.16
G1 F1350 X26.411 Y118.969 E2774.43424
G0 F7500 X26.411 Y118.403
G1 F1350 X83.654 Y61.16 E2777.12677
G0 F7500 X83.089 Y61.16
G1 F1350 X26.411 Y117.837 E2779.79271
G0 F7500 X26.411 Y117.272
G1 F1350 X82.523 Y61.16 E2782.43204
G0 F7500 X81.957 Y61.16
G1 F1350 X26.411 Y116.706 E2785.04476
G0 F7500 X26.411 Y116.14
G1 F1350 X81.392 Y61.16 E2787.63087
G0 F7500 X80.826 Y61.16
G1 F1350 X26.411 Y115.575 E2790.19039
G0 F7500 X26.411 Y115.009
G1 F1350 X80.26 Y61.16 E2792.72328
G0 F7500 X79.695 Y61.16
G1 F1350 X26.411 Y114.443 E2795.22957
G0 F7500 X26.411 Y113.878
G1 F1350 X79.129 Y61.16 E2797.70926
G0 F7500 X78.563 Y61.16
G1 F1350 X26.411 Y113.312 E2800.16233
G0 F7500 X26.411 Y112.746
G1 F1350 X77.998 Y61.16 E2802.58881
G0 F7500 X77.432 Y61.16
G1 F1350 X26.411 Y112.181 E2804.98868
G0 F7500 X26.411 Y111.615
G1 F1350 X76.866 Y61.16 E2807.36192
G0 F7500 X76.301 Y61.16
G1 F1350 X26.411 Y111.049 E2809.70857
G0 F7500 X26.411 Y110.484
G1 F1350 X75.735 Y61.16 E2812.02862
G0 F7500 X75.169 Y61.16
G1 F1350 X26.411 Y109.918 E2814.32205
G0 F7500 X26.411 Y109.352
G1 F1350 X74.604 Y61.16 E2816.58888
G0 F7500 X74.038 Y61.16
G1 F1350 X26.411 Y108.786 E2818.82908
G0 F7500 X26.411 Y108.221
G1 F1350 X73.472 Y61.16 E2821.04269
G0 F7500 X72.906 Y61.16
G1 F1350 X26.411 Y107.655 E2823.22967
G0 F7500 X26.411 Y107.089
G1 F1350 X72.341 Y61.16 E2825.39005
G0 F7500 X71.775 Y61.16
G1 F1350 X26.411 Y106.524 E2827.52384
G0 F7500 X26.411 Y105.958
G1 F1350 X71.209 Y61.16 E2829.631
G0 F7500 X70.644 Y61.16
G1 F1350 X26.411 Y105.392 E2831.71156
G0 F7500 X26.411 Y104.827
G1 F1350 X70.078 Y61.16 E2833.76552
G0 F7500 X69.512 Y61.16
G1 F1350 X26.411 Y104.261 E2835.79286
G0 F7500 X26.411 Y103.695
G1 F1350 X68.947 Y61.16 E2837.7936
G0 F7500 X68.381 Y61.16
G1 F1350 X26.411 Y103.13 E2839.76774
G0 F7500 X26.411 Y102.564
G1 F1350 X67.815 Y61.16 E2841.71526
G0 F7500 X67.25 Y61.16
G1 F1350 X26.411 Y101.998 E2843.63617
G0 F7500 X26.411 Y101.433
G1 F1350 X66.684 Y61.16 E2845.53049
G0 F7500 X66.118 Y61.16
G1 F1350 X26.411 Y100.867 E2847.39819
G0 F7500 X26.411 Y100.301
G1 F1350 X65.553 Y61.16 E2849.23928
G0 F7500 X64.987 Y61.16
G1 F1350 X26.411 Y99.735 E2851.05376
G0 F7500 X26.411 Y99.17
G1 F1350 X64.421 Y61.16 E2852.84163
G0 F7500 X63.855 Y61.16
G1 F1350 X26.411 Y98.604 E2854.60288
G0 F7500 X26.411 Y98.038
G1 F1350 X63.29 Y61.16 E2856.33753
G0 F7500 X62.724 Y61.16
G1 F1350 X26.411 Y97.473 E2858.04559
G0 F7500 X26.411 Y96.907
G1 F1350 X62.158 Y61.16 E2859.72701
G0 F7500 X61.593 Y61.16
G1 F1350 X26.411 Y96.341 E2861.38184
G0 F7500 X26.411 Y95.776
G1 F1350 X29.871 Y92.316 E2861.54459
G0 F7500 X29.221 Y92.4
G1 F1350 X26.411 Y95.21 E2861.67677
G0 F7500 X26.411 Y94.644
G1 F1350 X28.714 Y92.342 E2861.78507
G0 F7500 X28.285 Y92.205
G1 F1350 X26.411 Y94.079 E2861.87322
G0 F7500 X26.411 Y93.513
G1 F1350 X27.913 Y92.012 E2861.94384
G0 F7500 X27.607 Y91.752
G1 F1350 X26.411 Y92.947 E2862.00007
G0 F7500 X26.411 Y92.382
G1 F1350 X27.338 Y91.455 E2862.04368
G0 F7500 X27.104 Y91.123
G1 F1350 X26.411 Y91.816 E2862.07627
G0 F7500 X26.411 Y91.25
G1 F1350 X26.619 Y91.043 E2862.08603
G1 F2700 E2857.08603
G0 F7500 X25.951 Y91.041
G0 X26.031 Y89.251
G0 X27.27 Y89.519
G0 X26.916 Y89.049
G1 F2700 E2862.08603
G1 F1350 X27.14 Y88.825 E2862.09657
G0 F7500 X26.486 Y88.913
G1 F1350 X54.239 Y61.16 E2863.40199
G0 F7500 X54.805 Y61.16
G1 F1350 X28.051 Y87.913 E2864.66039
G0 F7500 X28.927 Y87.603
G1 F1350 X55.37 Y61.16 E2865.90419
G0 F7500 X55.936 Y61.16
G1 F1350 X29.498 Y87.598 E2867.14775
G0 F7500 X29.958 Y87.703
G1 F1350 X56.502 Y61.16 E2868.39627
G0 F7500 X57.067 Y61.16
G1 F1350 X30.358 Y87.869 E2869.65258
G0 F7500 X30.707 Y88.086
G1 F1350 X57.633 Y61.16 E2870.9191
G0 F7500 X58.199 Y61.16
G1 F1350 X31.008 Y88.35 E2872.19806
G0 F7500 X31.249 Y88.676
G1 F1350 X58.764 Y61.16 E2873.4923
G0 F7500 X59.33 Y61.16
G1 F1350 X31.452 Y89.038 E2874.8036
G0 F7500 X31.604 Y89.452
G1 F1350 X59.896 Y61.16 E2876.13437
G0 F7500 X60.461 Y61.16
G1 F1350 X31.662 Y89.959 E2877.48898
G0 F7500 X31.58 Y90.607
G1 F1350 X61.027 Y61.16 E2878.87408
G0 F7500 X61.027 Y60.7
G0 X53.673 Y60.7
G0 X53.673 Y61.16
G1 F1350 X26.412 Y88.421 E2880.15635
G0 F7500 X26.412 Y87.855
G1 F1350 X53.107 Y61.16 E2881.41201
G0 F7500 X52.542 Y61.16
G1 F1350 X26.412 Y87.29 E2882.64108
G0 F7500 X26.412 Y86.724
G1 F1350 X51.976 Y61.16 E2883.84353
G0 F7500 X51.41 Y61.16
G1 F1350 X26.412 Y86.158 E2885.01936
G0 F7500 X26.412 Y85.593
G1 F1350 X50.845 Y61.16 E2886.16862
G0 F7500 X50.279 Y61.16
G1 F1350 X26.412 Y85.027 E2887.29125
G0 F7500 X26.412 Y84.461
G1 F1350 X49.713 Y61.16 E2888.38725
G0 F7500 X49.148 Y61.16
G1 F1350 X26.412 Y83.896 E2889.45669
G0 F7500 X26.412 Y83.33
G1 F1350 X48.582 Y61.16 E2890.49949
G0 F7500 X48.016 Y61.16
G1 F1350 X26.412 Y82.764 E2891.51568
G0 F7500 X26.412 Y82.199
G1 F1350 X47.451 Y61.16 E2892.50529
G0 F7500 X46.885 Y61.16
G1 F1350 X26.412 Y81.633 E2893.46828
G0 F7500 X26.412 Y81.067
G1 F1350 X46.319 Y61.16 E2894.40464
G0 F7500 X45.754 Y61.16
G1 F1350 X26.412 Y80.501 E2895.31441
G0 F7500 X26.412 Y79.936
G1 F1350 X45.188 Y61.16 E2896.19757
G0 F7500 X44.622 Y61.16
G1 F1350 X26.412 Y79.37 E2897.05411
G0 F7500 X26.412 Y78.804
G1 F1350 X44.056 Y61.16 E2897.88403
G0 F7500 X43.491 Y61.16
G1 F1350 X26.412 Y78.239 E2898.68738
G0 F7500 X26.412 Y77.673
G1 F1350 X42.925 Y61.16 E2899.4641
G0 F7500 X42.359 Y61.16
G1 F1350 X26.412 Y77.107 E2900.2142
G0 F7500 X26.412 Y76.542
G1 F1350 X41.794 Y61.16 E2900.93772
G0 F7500 X41.228 Y61.16
G1 F1350 X26.412 Y75.976 E2901.63462
G0 F7500 X26.412 Y75.41
G1 F1350 X40.662 Y61.16 E2902.30489
G0 F7500 X40.097 Y61.16
G1 F1350 X26.412 Y74.845 E2902.94859
G0 F7500 X26.412 Y74.279
G1 F1350 X39.531 Y61.16 E2903.56567
G0 F7500 X38.965 Y61.16
G1 F1350 X26.412 Y73.713 E2904.15613
G0 F7500 X26.412 Y73.148
G1 F1350 X38.4 Y61.16 E2904.72001
G0 F7500 X37.834 Y61.16
G1 F1350 X26.412 Y72.582 E2905.25726
G0 F7500 X26.412 Y72.016
G1 F1350 X37.268 Y61.16 E2905.76789
G0 F7500 X36.703 Y61.16
G1 F1350 X26.412 Y71.451 E2906.25195
G0 F7500 X26.412 Y70.885
G1 F1350 X36.137 Y61.16 E2906.70939
G0 F7500 X35.571 Y61.16
G1 F1350 X26.412 Y70.319 E2907.1402
G0 F7500 X26.412 Y69.753
G1 F1350 X35.006 Y61.16 E2907.54441
G0 F7500 X34.44 Y61.16
G1 F1350 X26.412 Y69.188 E2907.92202
G0 F7500 X26.412 Y68.622
G1 F1350 X33.874 Y61.16 E2908.27301
G0 F7500 X33.308 Y61.16
G1 F1350 X26.412 Y68.056 E2908.59738
G0 F7500 X26.412 Y67.491
G1 F1350 X32.743 Y61.16 E2908.89517
G0 F7500 X32.177 Y61.16
G1 F1350 X26.412 Y66.925 E2909.16634
G0 F7500 X26.412 Y66.359
G1 F1350 X31.611 Y61.16 E2909.41088
G0 F7500 X31.046 Y61.16
G1 F1350 X26.412 Y65.794 E2909.62885
G0 F7500 X26.412 Y65.228
G1 F1350 X30.48 Y61.16 E2909.8202
G0 F7500 X29.914 Y61.16
G1 F1350 X26.412 Y64.662 E2909.98492
G0 F7500 X26.412 Y64.097
G1 F1350 X29.349 Y61.16 E2910.12307
G0 F7500 X28.783 Y61.16
G1 F1350 X26.412 Y63.531 E2910.23459
G0 F7500 X26.412 Y62.965
G1 F1350 X28.217 Y61.16 E2910.31949
G0 F7500 X27.652 Y61.16
G1 F1350 X26.412 Y62.4 E2910.37782
G0 F7500 X26.412 Y61.834
G1 F1350 X27.086 Y61.16 E2910.40952
G0 F7500 X26.52 Y61.16
G1 F1350 X26.412 Y61.268 E2910.4146
G1 F2700 E2905.4146
G0 F7500 X25.951 Y61.266
G0 X26.031 Y156.889
G0 X27.273 Y156.487
G0 X26.892 Y156.955
G1 F2700 E2910.4146
G1 F1350 X26.411 Y157.436 E2910.43723
G0 F7500 X26.411 Y158.002
G1 F1350 X27.181 Y157.232 E2910.47345
G0 F7500 X27.413 Y157.565
G1 F1350 X26.411 Y158.567 E2910.52058
G0 F7500 X26.706 Y158.838
G1 F1350 X27.705 Y157.838 E2910.56759
G0 F7500 X28.035 Y158.075
G1 F1350 X27.272 Y158.838 E2910.60348
G0 F7500 X27.838 Y158.838
G1 F1350 X28.288 Y158.387 E2910.62467
G1 F2700 E2905.62467
G0 F7500 X28.548 Y157.826
G0 X29.85 Y157.583
G0 X30.211 Y157.393
G0 X30.459 Y157.173
G0 X31.286 Y155.994
G0 X188.716 Y89.997
G0 X190.046 Y87.705
G1 F2700 E2910.62467
G1 F1350 X193.588 Y84.162 E2910.7913
G0 F7500 X193.588 Y84.728
G1 F1350 X190.718 Y87.599 E2910.92632
G0 F7500 X191.237 Y87.645
G1 F1350 X193.588 Y85.294 E2911.0369
G0 F7500 X193.588 Y85.859
G1 F1350 X191.675 Y87.773 E2911.12691
G0 F7500 X192.048 Y87.965
G1 F1350 X193.588 Y86.425 E2911.19934
G0 F7500 X193.588 Y86.991
G1 F1350 X192.361 Y88.218 E2911.25706
G0 F7500 X192.637 Y88.508
G1 F1350 X193.588 Y87.556 E2911.30181
G0 F7500 X193.588 Y88.122
G1 F1350 X192.87 Y88.84 E2911.33559
G0 F7500 X193.032 Y89.244
G1 F1350 X193.29 Y88.986 E2911.34772
G1 X193.291 Y88.985
G1 X193.588 Y88.688 E2911.36169
G0 F7500 X193.588 Y89.253
G1 F1350 X193.129 Y89.712 E2911.38328
G0 F7500 X193.588 Y89.819
G1 F1350 X193.132 Y90.276 E2911.40475
G0 F7500 X193.588 Y90.385
G1 F1350 X193.041 Y90.932 E2911.43048
G1 X192.993 Y90.98
G1 X192.918 Y91.055 E2911.43401
G0 F7500 X193.472 Y91.067
G1 F1350 X193.588 Y90.95 E2911.43949
G1 F2700 E2906.43949
;MESH:NONMESH
G0 F300 X193.588 Y90.95 Z0.6
G0 F7500 X194.05 Y90.95
G0 X193.95 Y91.618
G0 X31.057 Y90.938
G0 X30.3 Y91.53
;TIME_ELAPSED:4250.040830
;LAYER:2
M106 S170
;TYPE:WALL-INNER
;MESH:Box_Cover.stl
G1 F2700 E2911.43949
G1 F1500 X29.912 Y91.729 E2911.45399
G1 X29.482 Y91.841 E2911.46877
G1 X29.021 Y91.841 E2911.48411
G1 X28.595 Y91.735 E2911.49871
G1 X28.196 Y91.527 E2911.51367
G1 X27.862 Y91.229 E2911.52856
G1 X27.608 Y90.862 E2911.54341
G1 X27.45 Y90.447 E2911.55817
G1 X27.395 Y90 E2911.57315
G1 X27.45 Y89.553 E2911.58813
G1 X27.608 Y89.137 E2911.60293
G1 X27.862 Y88.771 E2911.61775
G1 X28.196 Y88.473 E2911.63264
G1 X28.595 Y88.265 E2911.64761
G1 X29.021 Y88.159 E2911.66221
G1 X29.482 Y88.159 E2911.67754
G1 X29.912 Y88.272 E2911.69233
G1 X30.327 Y88.495 E2911.708
G1 X30.641 Y88.775 E2911.72199
G1 X30.889 Y89.14 E2911.73667
G1 X31.051 Y89.562 E2911.7517
G1 X31.103 Y89.997 E2911.76627
G1 X31.039 Y90.471 E2911.78218
G1 X30.893 Y90.852 E2911.79575
G1 X30.642 Y91.218 E2911.81051
G1 X30.3 Y91.53 E2911.82591
G1 F2700 E2906.82591
G0 F9000 X30.351 Y91.618
G0 X29.506 Y92.022
G0 X29.978 Y154.103
G0 X30.638 Y157.229
G1 F2700 E2911.82591
G1 F1500 X30.299 Y157.531 E2911.84101
G1 X29.903 Y157.736 E2911.85584
G1 X29.506 Y157.833 E2911.86943
G1 X29.028 Y157.842 E2911.88533
G1 X28.596 Y157.736 E2911.90013
G1 X28.201 Y157.531 E2911.91493
G1 X27.863 Y157.23 E2911.92998
G1 X27.608 Y156.863 E2911.94485
G1 X27.45 Y156.447 E2911.95965
G1 X27.395 Y156 E2911.97463
G1 X27.45 Y155.553 E2911.98961
G1 X27.608 Y155.137 E2912.00441
G1 X27.862 Y154.771 E2912.01922
G1 X28.196 Y154.473 E2912.03411
G1 X28.595 Y154.265 E2912.04908
G1 X29.021 Y154.159 E2912.06368
G1 X29.482 Y154.159 E2912.07901
G1 X29.912 Y154.272 E2912.0938
G1 X30.327 Y154.495 E2912.10947
G1 X30.63 Y154.768 E2912.12303
G1 X30.896 Y155.145 E2912.13838
G1 X31.045 Y155.552 E2912.1528
G1 X31.104 Y155.996 E2912.16769
G1 X31.05 Y156.446 E2912.18277
G1 X30.893 Y156.862 E2912.19756
G1 X30.638 Y157.229 E2912.21242
G1 F2700 E2907.21242
G0 F9000 X30.571 Y157.424
G0 X31.227 Y156.489
G0 X188.773 Y156.489
G0 X189.362 Y157.229
G1 F2700 E2912.21242
G1 F1500 X189.107 Y156.862 E2912.22728
G1 X188.95 Y156.446 E2912.24207
G1 X188.896 Y155.996 E2912.25715
G1 X188.955 Y155.552 E2912.27204
G1 X189.104 Y155.154 E2912.28618
G1 X189.358 Y154.775 E2912.30135
G1 X189.702 Y154.469 E2912.31667
G1 X190.088 Y154.272 E2912.33108
G1 X190.518 Y154.159 E2912.34587
G1 X190.979 Y154.159 E2912.3612
G1 X191.405 Y154.265 E2912.3758
G1 X191.804 Y154.473 E2912.39077
G1 X192.138 Y154.771 E2912.40566
G1 X192.393 Y155.138 E2912.42052
G1 X192.551 Y155.557 E2912.43541
G1 X192.6 Y156 E2912.45024
G1 X192.55 Y156.445 E2912.46513
G1 X192.393 Y156.862 E2912.47995
G1 X192.137 Y157.23 E2912.49486
G1 X191.799 Y157.531 E2912.50991
G1 X191.403 Y157.736 E2912.52475
G1 X191.006 Y157.833 E2912.53834
G1 X190.528 Y157.842 E2912.55424
G1 X190.096 Y157.736 E2912.56903
G1 X189.7 Y157.531 E2912.58387
G1 X189.362 Y157.229 E2912.59894
G1 F2700 E2907.59894
G0 F9000 X189.428 Y157.424
G0 X190.546 Y157.68
G0 X192.272 Y157.352
G0 X193.95 Y157.352
G0 X194.15 Y159.4
G1 F2700 E2912.59894
G1 F1500 X194.15 Y60.6 E2915.88504
G1 X25.851 Y60.601 E2921.48269
G1 X25.85 Y159.4 E2924.76876
G1 X194.15 Y159.4 E2930.36644
G1 F2700 E2925.36644
G0 F9000 X193.95 Y91.619
G0 X192.553 Y90.95
G0 X189.673 Y91.505
G1 F2700 E2930.36644
G1 F1500 X189.359 Y91.224 E2930.38045
G1 X189.106 Y90.862 E2930.39514
G1 X188.952 Y90.436 E2930.41021
G1 X188.897 Y89.996 E2930.42496
G1 X188.95 Y89.554 E2930.43976
G1 X189.111 Y89.133 E2930.45476
G1 X189.361 Y88.773 E2930.46933
G1 X189.702 Y88.469 E2930.48453
G1 X190.088 Y88.272 E2930.49894
G1 X190.518 Y88.159 E2930.51373
G1 X190.979 Y88.159 E2930.52906
G1 X191.405 Y88.265 E2930.54366
G1 X191.804 Y88.473 E2930.55863
G1 X192.138 Y88.771 E2930.57352
G1 X192.393 Y89.138 E2930.58838
G1 X192.551 Y89.557 E2930.60327
G1 X192.6 Y90 E2930.6181
G1 X192.55 Y90.445 E2930.63299
G1 X192.393 Y90.862 E2930.64781
G1 X192.138 Y91.229 E2930.66267
G1 X191.804 Y91.527 E2930.67756
G1 X191.405 Y91.735 E2930.69253
G1 X190.979 Y91.841 E2930.70713
G1 X190.518 Y91.841 E2930.72246
G1 X190.088 Y91.729 E2930.73724
G1 X189.673 Y91.505 E2930.75293
G0 F9000 X189.931 Y91.198
;TYPE:WALL-OUTER
G1 F1500 X189.674 Y90.971 E2930.76433
G1 X189.456 Y90.653 E2930.77715
G1 X189.339 Y90.332 E2930.78852
G1 X189.301 Y89.981 E2930.80026
G1 X189.341 Y89.657 E2930.81112
G1 X189.462 Y89.332 E2930.82265
G1 X189.666 Y89.037 E2930.83458
G1 X189.918 Y88.811 E2930.84584
G1 X190.234 Y88.644 E2930.85773
G1 X190.549 Y88.564 E2930.86854
G1 X190.951 Y88.564 E2930.88191
G1 X191.242 Y88.636 E2930.89188
G1 X191.593 Y88.82 E2930.90506
G1 X191.85 Y89.057 E2930.91669
G1 X192.044 Y89.347 E2930.92829
G1 X192.151 Y89.63 E2930.93836
G1 X192.2 Y90 E2930.95077
G1 X192.161 Y90.334 E2930.96195
G1 X192.021 Y90.697 E2930.97489
G1 X191.819 Y90.978 E2930.9864
G1 X191.552 Y91.208 E2930.99813
G1 X191.242 Y91.364 E2931.00967
G1 X190.951 Y91.436 E2931.01964
G1 X190.549 Y91.436 E2931.03301
G1 X190.234 Y91.356 E2931.04382
G1 X189.931 Y91.198 E2931.05518
G1 F2700 E2926.05518
G0 F9000 X189.696 Y91.641
G0 X190.494 Y92.022
G0 X190.022 Y154.103
G0 X189.65 Y156.943
G1 F2700 E2931.05518
G1 F1500 X189.456 Y156.653 E2931.06679
G1 X189.349 Y156.37 E2931.07685
G1 X189.302 Y155.976 E2931.09005
G1 X189.343 Y155.651 E2931.10094
G1 X189.479 Y155.303 E2931.11337
G1 X189.681 Y155.022 E2931.12488
G1 X189.918 Y154.811 E2931.13544
G1 X190.234 Y154.644 E2931.14732
G1 X190.549 Y154.564 E2931.15813
G1 X190.951 Y154.564 E2931.1715
G1 X191.242 Y154.636 E2931.18147
G1 X191.593 Y154.82 E2931.19466
G1 X191.85 Y155.057 E2931.20628
G1 X192.044 Y155.347 E2931.21789
G1 X192.151 Y155.63 E2931.22795
G1 X192.2 Y156 E2931.24036
G1 X192.161 Y156.334 E2931.25155
G1 X192.021 Y156.697 E2931.26449
G1 X191.819 Y156.978 E2931.276
G1 X191.552 Y157.208 E2931.28772
G1 X191.242 Y157.364 E2931.29926
G1 X190.937 Y157.439 E2931.30971
G1 X190.549 Y157.436 E2931.32261
G1 X190.258 Y157.364 E2931.33259
G1 X189.907 Y157.18 E2931.34577
G1 X189.65 Y156.943 E2931.35739
G1 F2700 E2926.35739
G0 F9000 X189.402 Y157.112
G0 X190.15 Y157.583
G0 X190.546 Y157.68
G0 X192.272 Y157.352
G0 X193.95 Y157.352
G0 X194.55 Y159.8
G1 F2700 E2931.35739
G1 F1500 X194.55 Y60.2 E2934.6701
G1 X25.451 Y60.201 E2940.29436
G1 X25.45 Y159.8 E2943.60704
G1 X194.55 Y159.8 E2949.23132
G1 F2700 E2944.23132
G0 F9000 X194.28 Y159.53
G0 X30.517 Y159.2
G0 X29.972 Y157.905
G0 X30.319 Y156.978
G1 F2700 E2949.23132
G1 F1500 X30.052 Y157.208 E2949.24305
G1 X29.742 Y157.364 E2949.25459
G1 X29.437 Y157.439 E2949.26503
G1 X29.049 Y157.436 E2949.27794
G1 X28.758 Y157.364 E2949.28791
G1 X28.407 Y157.18 E2949.30109
G1 X28.15 Y156.943 E2949.31272
G1 X27.956 Y156.653 E2949.32432
G1 X27.839 Y156.334 E2949.33562
G1 X27.801 Y156 E2949.34681
G1 X27.849 Y155.63 E2949.35921
G1 X27.979 Y155.303 E2949.37092
G1 X28.181 Y155.022 E2949.38243
G1 X28.448 Y154.792 E2949.39415
G1 X28.758 Y154.636 E2949.40569
G1 X29.049 Y154.564 E2949.41566
G1 X29.451 Y154.564 E2949.42903
G1 X29.742 Y154.636 E2949.439
G1 X30.069 Y154.802 E2949.4512
G1 X30.334 Y155.037 E2949.46298
G1 X30.544 Y155.347 E2949.47544
G1 X30.657 Y155.651 E2949.48622
G1 X30.698 Y155.976 E2949.49712
G1 X30.651 Y156.37 E2949.51032
G1 X30.521 Y156.697 E2949.52202
G1 X30.319 Y156.978 E2949.53353
G1 F2700 E2944.53353
G0 F9000 X30.517 Y157.202
G0 X30.893 Y156.404
G0 X30.943 Y156
G0 X30.893 Y155.596
G0 X29.978 Y154.103
G0 X29.977 Y91.897
G0 X30.082 Y91.189
G1 F2700 E2949.53353
G1 F1500 X29.766 Y91.356 E2949.54542
G1 X29.451 Y91.436 E2949.55623
G1 X29.049 Y91.436 E2949.5696
G1 X28.758 Y91.364 E2949.57957
G1 X28.407 Y91.18 E2949.59275
G1 X28.15 Y90.943 E2949.60438
G1 X27.956 Y90.653 E2949.61598
G1 X27.839 Y90.334 E2949.62728
G1 X27.801 Y90 E2949.63846
G1 X27.849 Y89.63 E2949.65087
G1 X27.979 Y89.303 E2949.66258
G1 X28.181 Y89.022 E2949.67409
G1 X28.448 Y88.792 E2949.68581
G1 X28.758 Y88.636 E2949.69735
G1 X29.049 Y88.564 E2949.70732
G1 X29.451 Y88.564 E2949.72069
G1 X29.766 Y88.644 E2949.7315
G1 X30.069 Y88.802 E2949.74287
G1 X30.334 Y89.037 E2949.75465
G1 X30.538 Y89.332 E2949.76658
G1 X30.659 Y89.657 E2949.77811
G1 X30.699 Y90.02 E2949.79026
G1 X30.651 Y90.37 E2949.80201
G1 X30.524 Y90.693 E2949.81355
G1 X30.35 Y90.943 E2949.82368
G1 X30.082 Y91.189 E2949.83578
G1 F2700 E2944.83578
G0 F9000 X30.412 Y91.564
G0 X29.046 Y91.68
G0 X28.65 Y91.583
G0 X28.358 Y91.429
G0 X27.273 Y90.487
G0 X26.031 Y90.485
G0 X26.678 Y90.746
;TYPE:SKIN
G1 F2700 E2949.83578
G1 F1169.6 X26.657 Y90.626 E2949.84098
G1 F1304.3 X26.625 Y90.001 E2949.86491
G1 F1318.7 X26.654 Y89.411 E2949.88726
G1 F1181.1 X26.678 Y89.254 E2949.89397
G1 F2700 E2944.89397
G0 F9000 X25.951 Y89.252
G0 X25.951 Y155.252
G0 X26.678 Y155.254
G1 F2700 E2949.89397
G1 F1176.5 X26.654 Y155.41 E2949.90067
G1 F1312.9 X26.624 Y155.999 E2949.92308
G1 F1301.5 X26.656 Y156.623 E2949.94703
G1 F1169.6 X26.677 Y156.745 E2949.95231
G1 F2700 E2944.95231
G0 F9000 X25.951 Y156.743
G0 X26.031 Y157.863
G0 X27.726 Y157.349
G0 X28.521 Y158.571
G1 F2700 E2949.95231
G1 F1229.5 X28.948 Y158.62 E2949.96975
G1 F1351.4 X29.596 Y158.617 E2949.99367
G1 F1219.5 X29.983 Y158.57 E2950.00962
G0 F9000 X30.024 Y157.788
G0 X30.571 Y157.424
G0 X30.922 Y157.451
G1 F1500 X30.484 Y157.843 E2950.02917
G1 X30.018 Y158.08 E2950.04656
G1 X29.525 Y158.199 E2950.06343
G1 X28.95 Y158.196 E2950.08255
G1 X28.481 Y158.078 E2950.09864
G1 X27.993 Y157.83 E2950.11684
G1 X27.576 Y157.447 E2950.13568
G1 X27.277 Y157.011 E2950.15326
G1 X27.095 Y156.52 E2950.17068
G1 X27.041 Y155.977 E2950.18883
G1 X27.09 Y155.503 E2950.20467
G1 X27.277 Y154.988 E2950.2229
G1 X27.579 Y154.548 E2950.24065
G1 X28.011 Y154.161 E2950.25994
G1 X28.486 Y153.92 E2950.27765
G1 X28.953 Y153.804 E2950.29366
G1 X29.554 Y153.805 E2950.31365
G1 X30.045 Y153.936 E2950.33055
G1 X30.493 Y154.164 E2950.34727
G1 X30.891 Y154.516 E2950.36494
G1 X31.196 Y154.947 E2950.3825
G1 X31.398 Y155.481 E2950.40149
G1 X31.466 Y155.99 E2950.41857
G1 X31.393 Y156.556 E2950.43755
G1 X31.2 Y157.052 E2950.45525
G1 X30.922 Y157.451 E2950.47143
G1 F2700 E2945.47143
G0 F9000 X30.571 Y157.424
G0 X29.454 Y157.68
G0 X27.726 Y157.349
G0 X26.031 Y157.347
G0 X26.211 Y159.039
G1 F2700 E2950.47143
G1 F1500 X193.79 Y159.04 E2956.04513
G1 X193.79 Y60.96 E2959.30728
G1 X26.212 Y60.962 E2964.88095
G1 X26.211 Y159.039 E2968.143
G1 F2700 E2963.143
G0 F9000 X25.951 Y159.037
G0 X26.031 Y91.614
G0 X27.447 Y90.95
G0 X30.509 Y91.828
G1 F2700 E2968.143
G1 F1500 X30.043 Y92.064 E2968.16038
G1 X29.555 Y92.195 E2968.17718
G1 X28.953 Y92.196 E2968.19721
G1 X28.486 Y92.08 E2968.21321
G1 X28.011 Y91.839 E2968.23093
G1 X27.579 Y91.451 E2968.25024
G1 X27.277 Y91.011 E2968.26799
G1 X27.095 Y90.52 E2968.28541
G1 X27.041 Y89.977 E2968.30355
G1 X27.09 Y89.503 E2968.3194
G1 X27.278 Y88.988 E2968.33764
G1 X27.609 Y88.515 E2968.35684
G1 X28.011 Y88.161 E2968.37466
G1 X28.486 Y87.92 E2968.39237
G1 X28.953 Y87.804 E2968.40838
G1 X29.554 Y87.805 E2968.42837
G1 X30.041 Y87.935 E2968.44513
G1 X30.51 Y88.175 E2968.46265
G1 X30.901 Y88.523 E2968.48006
G1 X31.212 Y88.969 E2968.49815
G1 X31.404 Y89.477 E2968.51621
G1 X31.463 Y90.016 E2968.53424
G1 X31.397 Y90.542 E2968.55188
G1 X31.21 Y91.03 E2968.56926
G1 X30.904 Y91.473 E2968.58717
G1 X30.509 Y91.828 E2968.60483
G1 F2700 E2963.60483
G0 F9000 X30.354 Y91.616
G0 X31.057 Y90.938
G0 X188.958 Y90.957
G0 X189.505 Y91.835
G1 F2700 E2968.60483
G1 F1500 X189.092 Y91.461 E2968.62336
G1 X188.79 Y91.023 E2968.64106
G1 X188.599 Y90.531 E2968.65861
G1 X188.538 Y89.978 E2968.67711
G1 X188.601 Y89.47 E2968.69414
G1 X188.791 Y88.967 E2968.71202
G1 X189.099 Y88.523 E2968.73
G1 X189.49 Y88.175 E2968.74741
G1 X189.959 Y87.935 E2968.76493
G1 X190.446 Y87.805 E2968.78169
G1 X191.047 Y87.804 E2968.80168
G1 X191.514 Y87.92 E2968.81769
G1 X191.989 Y88.161 E2968.8354
G1 X192.421 Y88.548 E2968.85469
G1 X192.698 Y88.942 E2968.87071
G1 X192.904 Y89.469 E2968.88953
G1 X192.96 Y89.998 E2968.90723
G1 X192.907 Y90.516 E2968.92454
G1 X192.699 Y91.055 E2968.94376
G1 X192.421 Y91.452 E2968.95988
G1 X191.989 Y91.839 E2968.97917
G1 X191.514 Y92.08 E2968.99689
G1 X191.047 Y92.196 E2969.01289
G1 X190.446 Y92.195 E2969.03288
G1 X189.96 Y92.065 E2969.04961
G1 X189.505 Y91.835 E2969.06657
G1 F2700 E2964.06657
G0 F9000 X189.646 Y91.616
G0 X190.494 Y92.022
G0 X190.022 Y154.103
G0 X189.078 Y157.451
G1 F2700 E2969.06657
G1 F1500 X188.777 Y157.008 E2969.08438
G1 X188.607 Y156.556 E2969.10045
G1 X188.534 Y155.989 E2969.11946
G1 X188.613 Y155.437 E2969.13801
G1 X188.804 Y154.947 E2969.1555
G1 X189.116 Y154.509 E2969.17338
G1 X189.507 Y154.164 E2969.19073
G1 X189.955 Y153.936 E2969.20745
G1 X190.446 Y153.805 E2969.22435
G1 X191.047 Y153.804 E2969.24434
G1 X191.514 Y153.92 E2969.26034
G1 X191.989 Y154.161 E2969.27806
G1 X192.421 Y154.549 E2969.29737
G1 X192.721 Y154.987 E2969.31503
G1 X192.907 Y155.494 E2969.33299
G1 X192.96 Y156 E2969.34991
G1 X192.908 Y156.512 E2969.36703
G1 X192.699 Y157.055 E2969.38638
G1 X192.421 Y157.452 E2969.4025
G1 X191.984 Y157.843 E2969.422
G1 X191.518 Y158.08 E2969.43939
G1 X191.025 Y158.199 E2969.45626
G1 X190.45 Y158.196 E2969.47539
G1 X189.985 Y158.079 E2969.49133
G1 X189.512 Y157.839 E2969.50897
G1 X189.078 Y157.451 E2969.52834
G1 F2700 E2964.52834
G0 F9000 X189.428 Y157.424
G0 X189.107 Y156.404
G0 X189.057 Y156
G0 X189.107 Y155.596
G0 X189.251 Y155.214
G0 X190.494 Y153.978
G0 X193.95 Y153.978
G0 X193.589 Y61.219
G1 F2700 E2969.52834
G1 F1500 X193.53 Y61.16 E2969.53111
G0 F9000 X192.965 Y61.16
G1 F1500 X193.589 Y61.784 E2969.56046
G0 F9000 X193.589 Y62.35
G1 F1500 X192.399 Y61.16 E2969.61644
G0 F9000 X191.833 Y61.16
G1 F1500 X193.589 Y62.916 E2969.69903
G0 F9000 X193.589 Y63.481
G1 F1500 X191.268 Y61.16 E2969.80821
G0 F9000 X190.702 Y61.16
G1 F1500 X193.589 Y64.047 E2969.944
G0 F9000 X193.589 Y64.613
G1 F1500 X190.136 Y61.16 E2970.10642
G0 F9000 X189.571 Y61.16
G1 F1500 X193.589 Y65.178 E2970.29542
G0 F9000 X193.589 Y65.744
G1 F1500 X189.005 Y61.16 E2970.51103
G0 F9000 X188.439 Y61.16
G1 F1500 X193.589 Y66.31 E2970.75327
G0 F9000 X193.589 Y66.876
G1 F1500 X187.874 Y61.16 E2971.02211
G0 F9000 X187.308 Y61.16
G1 F1500 X193.589 Y67.441 E2971.31755
G0 F9000 X193.589 Y68.007
G1 F1500 X186.742 Y61.16 E2971.63961
G0 F9000 X186.176 Y61.16
G1 F1500 X193.589 Y68.573 E2971.9883
G0 F9000 X193.589 Y69.138
G1 F1500 X185.611 Y61.16 E2972.36356
G0 F9000 X185.045 Y61.16
G1 F1500 X193.589 Y69.704 E2972.76544
G0 F9000 X193.589 Y70.27
G1 F1500 X184.479 Y61.16 E2973.19395
G0 F9000 X183.914 Y61.16
G1 F1500 X193.589 Y70.835 E2973.64903
G0 F9000 X193.589 Y71.401
G1 F1500 X183.348 Y61.16 E2974.13074
G0 F9000 X182.782 Y61.16
G1 F1500 X193.589 Y71.967 E2974.63906
G0 F9000 X193.589 Y72.532
G1 F1500 X182.217 Y61.16 E2975.17397
G0 F9000 X181.651 Y61.16
G1 F1500 X193.589 Y73.098 E2975.7355
G0 F9000 X193.589 Y73.664
G1 F1500 X181.085 Y61.16 E2976.32365
G0 F9000 X180.52 Y61.16
G1 F1500 X193.589 Y74.229 E2976.93837
G0 F9000 X193.589 Y74.795
G1 F1500 X179.954 Y61.16 E2977.57972
G0 F9000 X179.388 Y61.16
G1 F1500 X193.589 Y75.361 E2978.24769
G0 F9000 X193.589 Y75.927
G1 F1500 X178.823 Y61.16 E2978.94226
G0 F9000 X178.257 Y61.16
G1 F1500 X193.589 Y76.492 E2979.66343
G0 F9000 X193.589 Y77.058
G1 F1500 X177.691 Y61.16 E2980.41123
G0 F9000 X177.126 Y61.16
G1 F1500 X193.589 Y77.624 E2981.18562
G0 F9000 X193.589 Y78.189
G1 F1500 X176.56 Y61.16 E2981.98661
G0 F9000 X175.994 Y61.16
G1 F1500 X193.589 Y78.755 E2982.81422
G0 F9000 X193.589 Y79.321
G1 F1500 X175.428 Y61.16 E2983.66846
G0 F9000 X174.863 Y61.16
G1 F1500 X193.589 Y79.886 E2984.54928
G0 F9000 X193.589 Y80.452
G1 F1500 X174.297 Y61.16 E2985.45671
G0 F9000 X173.731 Y61.16
G1 F1500 X193.589 Y81.018 E2986.39077
G0 F9000 X193.589 Y81.583
G1 F1500 X173.166 Y61.16 E2987.35141
G0 F9000 X172.6 Y61.16
G1 F1500 X193.589 Y82.149 E2988.33867
G0 F9000 X193.589 Y82.715
G1 F1500 X172.034 Y61.16 E2989.35255
G0 F9000 X171.469 Y61.16
G1 F1500 X193.589 Y83.28 E2990.393
G0 F9000 X193.589 Y83.846
G1 F1500 X170.903 Y61.16 E2991.46008
G0 F9000 X170.337 Y61.16
G1 F1500 X193.589 Y84.412 E2992.55379
G0 F9000 X193.589 Y84.977
G1 F1500 X169.772 Y61.16 E2993.67406
G0 F9000 X169.206 Y61.16
G1 F1500 X193.589 Y85.543 E2994.82097
G0 F9000 X193.589 Y86.109
G1 F1500 X168.64 Y61.16 E2995.99449
G0 F9000 X168.075 Y61.16
G1 F1500 X193.589 Y86.675 E2997.19461
G0 F9000 X193.589 Y87.24
G1 F1500 X167.509 Y61.16 E2998.42134
G0 F9000 X166.943 Y61.16
G1 F1500 X193.589 Y87.806 E2999.67468
G0 F9000 X193.589 Y88.372
G1 F1500 X166.377 Y61.16 E3000.95465
G0 F9000 X165.812 Y61.16
G1 F1500 X193.554 Y88.902 E3002.25955
G0 F9000 X193.125 Y89.038
G1 F1500 X193.588 Y89.502 E3002.28135
G0 F9000 X193.117 Y89.597
G1 F1500 X193.588 Y90.068 E3002.30351
G0 F9000 X193.139 Y90.185
G1 F1500 X193.588 Y90.634 E3002.32463
G0 F9000 X193.45 Y91.061
G1 F1500 X193.059 Y90.67 E3002.34302
G0 F9000 X192.915 Y91.092
G1 F1500 X193.588 Y91.765 E3002.37467
G0 F9000 X193.588 Y92.331
G1 F1500 X192.683 Y91.426 E3002.41724
G0 F9000 X192.42 Y91.728
G1 F1500 X193.588 Y92.896 E3002.47218
G0 F9000 X193.588 Y93.462
G1 F1500 X192.123 Y91.996 E3002.54111
G0 F9000 X191.748 Y92.188
G1 F1500 X193.588 Y94.028 E3002.62766
G0 F9000 X193.588 Y94.593
G1 F1500 X191.326 Y92.331 E3002.73406
G0 F9000 X190.83 Y92.401
G1 F1500 X193.588 Y95.159 E3002.86379
G0 F9000 X193.588 Y95.725
G1 F1500 X190.2 Y92.336 E3003.02317
G0 F9000 X190.486 Y91.937
G0 X189.673 Y91.276
G0 X188.85 Y90.467
G0 X188.399 Y90.535
G1 F1500 X159.024 Y61.16 E3004.40488
G0 F9000 X159.589 Y61.16
G1 F1500 X188.343 Y89.914 E3005.75738
G0 F9000 X188.411 Y89.416
G1 F1500 X160.155 Y61.16 E3007.08646
G0 F9000 X160.721 Y61.16
G1 F1500 X188.563 Y89.002 E3008.39606
G0 F9000 X188.77 Y88.644
G1 F1500 X161.286 Y61.16 E3009.68882
G0 F9000 X161.852 Y61.16
G1 F1500 X189.019 Y88.327 E3010.96668
G0 F9000 X189.317 Y88.059
G1 F1500 X162.418 Y61.16 E3012.23192
G0 F9000 X162.983 Y61.16
G1 F1500 X189.675 Y87.851 E3013.48741
G0 F9000 X190.083 Y87.693
G1 F1500 X163.549 Y61.16 E3014.73546
G0 F9000 X164.115 Y61.16
G1 F1500 X190.553 Y87.599 E3015.97905
G0 F9000 X191.142 Y87.621
G1 F1500 X164.68 Y61.16 E3017.22372
G0 F9000 X165.246 Y61.16
G1 F1500 X192.056 Y87.97 E3018.48478
G0 F9000 X192.736 Y88.649
G1 F1500 X193.124 Y89.038 E3018.50305
G1 F2700 E3013.50305
G0 F9000 X192.545 Y89.256
G0 X192.729 Y90.484
G0 X193.95 Y90.484
G0 X193.45 Y91.061
G1 F2700 E3018.50305
G1 F1500 X193.588 Y91.199 E3018.50954
G0 F9000 X194.05 Y91.199
G0 X194.05 Y96.29
G0 X193.588 Y96.29
G1 F1500 X158.458 Y61.16 E3020.16195
G0 F9000 X157.892 Y61.16
G1 F1500 X193.588 Y96.856 E3021.84098
G0 F9000 X193.588 Y97.422
G1 F1500 X157.327 Y61.16 E3023.54661
G0 F9000 X156.761 Y61.16
G1 F1500 X193.588 Y97.988 E3025.27886
G0 F9000 X193.588 Y98.553
G1 F1500 X156.195 Y61.16 E3027.03772
G0 F9000 X155.629 Y61.16
G1 F1500 X193.588 Y99.119 E3028.82319
G0 F9000 X193.588 Y99.685
G1 F1500 X155.064 Y61.16 E3030.63526
G0 F9000 X154.498 Y61.16
G1 F1500 X193.588 Y100.25 E3032.47394
G0 F9000 X193.588 Y100.816
G1 F1500 X153.932 Y61.16 E3034.33923
G0 F9000 X153.367 Y61.16
G1 F1500 X193.588 Y101.382 E3036.23113
G0 F9000 X193.588 Y101.947
G1 F1500 X152.801 Y61.16 E3038.14963
G0 F9000 X152.235 Y61.16
G1 F1500 X193.588 Y102.513 E3040.09474
G0 F9000 X193.588 Y103.079
G1 F1500 X151.67 Y61.16 E3042.06646
G0 F9000 X151.104 Y61.16
G1 F1500 X193.588 Y103.644 E3044.06478
G0 F9000 X193.588 Y104.21
G1 F1500 X150.538 Y61.16 E3046.08972
G0 F9000 X149.973 Y61.16
G1 F1500 X193.588 Y104.776 E3048.14126
G0 F9000 X193.588 Y105.341
G1 F1500 X149.407 Y61.16 E3050.2194
G0 F9000 X148.841 Y61.16
G1 F1500 X193.588 Y105.907 E3052.32416
G0 F9000 X193.588 Y106.473
G1 F1500 X148.276 Y61.16 E3054.45552
G0 F9000 X147.71 Y61.16
G1 F1500 X193.588 Y107.038 E3056.61348
G0 F9000 X193.588 Y107.604
G1 F1500 X147.144 Y61.16 E3058.79806
G0 F9000 X146.578 Y61.16
G1 F1500 X193.588 Y108.17 E3061.00927
G0 F9000 X193.588 Y108.736
G1 F1500 X146.013 Y61.16 E3063.24708
G0 F9000 X145.447 Y61.16
G1 F1500 X193.588 Y109.301 E3065.51148
G0 F9000 X193.588 Y109.867
G1 F1500 X144.881 Y61.16 E3067.80251
G0 F9000 X144.316 Y61.16
G1 F1500 X193.588 Y110.433 E3070.12014
G0 F9000 X193.588 Y110.998
G1 F1500 X143.75 Y61.16 E3072.46436
G0 F9000 X143.184 Y61.16
G1 F1500 X193.588 Y111.564 E3074.83521
G0 F9000 X193.588 Y112.13
G1 F1500 X142.619 Y61.16 E3077.23266
G0 F9000 X142.053 Y61.16
G1 F1500 X193.588 Y112.695 E3079.65671
G0 F9000 X193.588 Y113.261
G1 F1500 X141.487 Y61.16 E3082.10738
G0 F9000 X140.922 Y61.16
G1 F1500 X193.588 Y113.827 E3084.58465
G0 F9000 X193.588 Y114.392
G1 F1500 X140.356 Y61.16 E3087.08852
G0 F9000 X139.79 Y61.16
G1 F1500 X193.588 Y114.958 E3089.61902
G0 F9000 X193.588 Y115.524
G1 F1500 X139.225 Y61.16 E3092.17611
G0 F9000 X138.659 Y61.16
G1 F1500 X193.588 Y116.089 E3094.7598
G0 F9000 X193.588 Y116.655
G1 F1500 X138.093 Y61.16 E3097.37011
G0 F9000 X137.528 Y61.16
G1 F1500 X193.588 Y117.221 E3100.00703
G0 F9000 X193.588 Y117.787
G1 F1500 X136.962 Y61.16 E3102.67057
G0 F9000 X136.396 Y61.16
G1 F1500 X193.588 Y118.352 E3105.3607
G0 F9000 X193.588 Y118.918
G1 F1500 X135.83 Y61.16 E3108.07746
G0 F9000 X135.265 Y61.16
G1 F1500 X193.588 Y119.484 E3110.82082
G0 F9000 X193.588 Y120.049
G1 F1500 X134.699 Y61.16 E3113.59078
G0 F9000 X134.133 Y61.16
G1 F1500 X193.588 Y120.615 E3116.38736
G0 F9000 X193.588 Y121.181
G1 F1500 X133.568 Y61.16 E3119.21054
G0 F9000 X133.002 Y61.16
G1 F1500 X193.588 Y121.746 E3122.06032
G0 F9000 X193.588 Y122.312
G1 F1500 X132.436 Y61.16 E3124.93672
G0 F9000 X131.871 Y61.16
G1 F1500 X193.588 Y122.878 E3127.83972
G0 F9000 X193.588 Y123.443
G1 F1500 X131.305 Y61.16 E3130.76932
G0 F9000 X130.739 Y61.16
G1 F1500 X193.588 Y124.009 E3133.72555
G0 F9000 X193.588 Y124.575
G1 F1500 X130.174 Y61.16 E3136.70837
G0 F9000 X129.608 Y61.16
G1 F1500 X193.588 Y125.14 E3139.7178
G0 F9000 X193.588 Y125.706
G1 F1500 X129.042 Y61.16 E3142.75384
G0 F9000 X128.477 Y61.16
G1 F1500 X193.588 Y126.272 E3145.81649
G0 F9000 X193.588 Y126.837
G1 F1500 X127.911 Y61.16 E3148.90573
G0 F9000 X127.345 Y61.16
G1 F1500 X193.588 Y127.403 E3152.0216
G0 F9000 X193.588 Y127.969
G1 F1500 X126.78 Y61.16 E3155.16407
G0 F9000 X126.214 Y61.16
G1 F1500 X193.588 Y128.535 E3158.33316
G0 F9000 X193.588 Y129.1
G1 F1500 X125.648 Y61.16 E3161.52884
G0 F9000 X125.082 Y61.16
G1 F1500 X193.588 Y129.666 E3164.75116
G0 F9000 X193.588 Y130.232
G1 F1500 X124.517 Y61.16 E3168.00007
G0 F9000 X123.951 Y61.16
G1 F1500 X193.588 Y130.797 E3171.27558
G0 F9000 X193.588 Y131.363
G1 F1500 X123.385 Y61.16 E3174.57771
G0 F9000 X122.82 Y61.16
G1 F1500 X193.588 Y131.929 E3177.90645
G0 F9000 X193.588 Y132.494
G1 F1500 X122.254 Y61.16 E3181.26178
G0 F9000 X121.688 Y61.16
G1 F1500 X193.588 Y133.06 E3184.64374
G0 F9000 X193.588 Y133.626
G1 F1500 X121.123 Y61.16 E3188.05229
G0 F9000 X120.557 Y61.16
G1 F1500 X193.588 Y134.191 E3191.48744
G0 F9000 X193.588 Y134.757
G1 F1500 X119.991 Y61.16 E3194.94922
G0 F9000 X119.426 Y61.16
G1 F1500 X193.588 Y135.323 E3198.4376
G0 F9000 X193.588 Y135.888
G1 F1500 X118.86 Y61.16 E3201.95257
G0 F9000 X118.294 Y61.16
G1 F1500 X193.588 Y136.454 E3205.49417
G0 F9000 X193.588 Y137.02
G1 F1500 X117.729 Y61.16 E3209.06237
G0 F9000 X117.163 Y61.16
G1 F1500 X193.588 Y137.586 E3212.65719
G0 F9000 X193.588 Y138.151
G1 F1500 X116.597 Y61.16 E3216.27861
G0 F9000 X116.031 Y61.16
G1 F1500 X193.588 Y138.717 E3219.92666
G0 F9000 X193.588 Y139.283
G1 F1500 X115.466 Y61.16 E3223.6013
G0 F9000 X114.9 Y61.16
G1 F1500 X193.588 Y139.848 E3227.30254
G0 F9000 X193.588 Y140.414
G1 F1500 X114.334 Y61.16 E3231.03041
G0 F9000 X113.769 Y61.16
G1 F1500 X193.588 Y140.98 E3234.78487
G0 F9000 X193.588 Y141.545
G1 F1500 X113.203 Y61.16 E3238.56594
G0 F9000 X112.637 Y61.16
G1 F1500 X193.588 Y142.111 E3242.37362
G0 F9000 X193.588 Y142.677
G1 F1500 X112.072 Y61.16 E3246.20791
G0 F9000 X111.506 Y61.16
G1 F1500 X193.588 Y143.242 E3250.06879
G0 F9000 X193.588 Y143.808
G1 F1500 X110.94 Y61.16 E3253.9563
G0 F9000 X110.375 Y61.16
G1 F1500 X193.588 Y144.374 E3257.87041
G0 F9000 X193.588 Y144.939
G1 F1500 X109.81 Y61.161 E3261.81107
G0 F9000 X109.244 Y61.161
G1 F1500 X193.588 Y145.505 E3265.77835
G0 F9000 X193.588 Y146.071
G1 F1500 X108.678 Y61.161 E3269.77226
G0 F9000 X108.113 Y61.161
G1 F1500 X193.588 Y146.636 E3273.79274
G0 F9000 X193.588 Y147.202
G1 F1500 X107.547 Y61.161 E3277.83985
G0 F9000 X106.981 Y61.161
G1 F1500 X193.588 Y147.768 E3281.91357
G0 F9000 X193.588 Y148.334
G1 F1500 X106.416 Y61.161 E3286.0139
G0 F9000 X105.85 Y61.161
G1 F1500 X193.588 Y148.899 E3290.14083
G0 F9000 X193.588 Y149.465
G1 F1500 X105.284 Y61.161 E3294.29438
G0 F9000 X104.718 Y61.161
G1 F1500 X193.588 Y150.031 E3298.47455
G0 F9000 X193.588 Y150.596
G1 F1500 X104.153 Y61.161 E3302.6813
G0 F9000 X103.587 Y61.161
G1 F1500 X193.588 Y151.162 E3306.91467
G0 F9000 X193.588 Y151.728
G1 F1500 X103.021 Y61.161 E3311.17466
G0 F9000 X102.456 Y61.161
G1 F1500 X193.588 Y152.293 E3315.46123
G0 F9000 X193.588 Y152.859
G1 F1500 X101.89 Y61.161 E3319.77443
G0 F9000 X101.324 Y61.161
G1 F1500 X193.588 Y153.425 E3324.11424
G0 F9000 X193.588 Y153.99
G1 F1500 X100.759 Y61.161 E3328.48063
G0 F9000 X100.193 Y61.161
G1 F1500 X193.588 Y154.556 E3332.87365
G0 F9000 X193.414 Y154.947
G1 F1500 X99.627 Y61.161 E3337.28508
G0 F9000 X99.062 Y61.161
G1 F1500 X191.674 Y153.773 E3341.64126
G0 F9000 X190.934 Y153.599
G1 F1500 X98.496 Y61.161 E3345.98926
G0 F9000 X97.93 Y61.161
G1 F1500 X190.383 Y153.613 E3350.33794
G0 F9000 X189.938 Y153.734
G1 F1500 X97.365 Y61.161 E3354.69229
G0 F9000 X96.799 Y61.161
G1 F1500 X189.553 Y153.915 E3359.05516
G0 F9000 X189.221 Y154.149
G1 F1500 X96.233 Y61.161 E3363.42903
G0 F9000 X95.668 Y61.161
G1 F1500 X188.927 Y154.42 E3367.81565
G0 F9000 X188.694 Y154.753
G1 F1500 X95.102 Y61.161 E3372.21793
G0 F9000 X94.536 Y61.161
G1 F1500 X188.511 Y155.136 E3376.63822
G0 F9000 X188.387 Y155.577
G1 F1500 X93.97 Y61.161 E3381.07928
G0 F9000 X93.405 Y61.161
G1 F1500 X188.344 Y156.1 E3385.54492
G0 F9000 X188.489 Y156.81
G1 F1500 X92.839 Y61.161 E3390.04398
G0 F9000 X92.273 Y61.161
G1 F1500 X189.732 Y158.619 E3394.62813
G1 X189.733 Y158.62
G1 X189.952 Y158.839 E3394.63843
G0 F9000 X189.957 Y158.279
G1 F1500 X190.517 Y158.839 E3394.66477
G0 F9000 X190.643 Y158.399
G1 F1500 X191.083 Y158.839 E3394.68547
G0 F9000 X191.177 Y158.367
G1 F1500 X191.649 Y158.839 E3394.70767
G0 F9000 X191.696 Y158.321
G1 F1500 X192.214 Y158.839 E3394.73204
G0 F9000 X192.78 Y158.839
G1 F1500 X192.001 Y158.06 E3394.76868
G0 F9000 X191.695 Y158.32
G1 F1500 X191.63 Y158.254 E3394.77176
G0 F9000 X192.322 Y157.815
G1 F1500 X193.346 Y158.839 E3394.81993
G0 F9000 X193.589 Y158.517
G1 F1500 X192.606 Y157.534 E3394.86616
G0 F9000 X192.84 Y157.202
G1 F1500 X193.589 Y157.951 E3394.90139
G0 F9000 X193.589 Y157.385
G1 F1500 X193.181 Y156.977 E3394.92058
G1 X193.18 Y156.976
G1 X193.009 Y156.805 E3394.92863
G0 F9000 X193.123 Y156.354
G1 F1500 X193.589 Y156.82 E3394.95055
G0 F9000 X193.589 Y156.254
G1 F1500 X193.139 Y155.803 E3394.97174
G0 F9000 X193.589 Y155.688
G1 F1500 X192.962 Y155.061 E3395.00123
G0 F9000 X193.414 Y154.948
G1 F1500 X193.589 Y155.122 E3395.00944
G0 F9000 X194.05 Y155.122
G0 X193.978 Y159.228
G0 X189.385 Y159.3
G0 X189.385 Y158.838
G1 F1500 X91.708 Y61.161 E3399.60386
G0 F9000 X91.142 Y61.161
G1 F1500 X188.82 Y158.838 E3404.19831
G0 F9000 X188.254 Y158.838
G1 F1500 X90.576 Y61.161 E3408.79276
G0 F9000 X90.011 Y61.161
G1 F1500 X187.688 Y158.838 E3413.38719
G0 F9000 X187.123 Y158.838
G1 F1500 X89.445 Y61.161 E3417.98164
G0 F9000 X88.879 Y61.161
G1 F1500 X186.557 Y158.838 E3422.57609
G0 F9000 X185.991 Y158.838
G1 F1500 X88.314 Y61.161 E3427.17052
G0 F9000 X87.748 Y61.161
G1 F1500 X185.426 Y158.838 E3431.76497
G0 F9000 X184.86 Y158.838
G1 F1500 X87.182 Y61.161 E3436.35942
G0 F9000 X86.617 Y61.161
G1 F1500 X184.294 Y158.838 E3440.95384
G0 F9000 X183.728 Y158.838
G1 F1500 X86.051 Y61.161 E3445.54827
G0 F9000 X85.485 Y61.161
G1 F1500 X183.163 Y158.838 E3450.14272
G0 F9000 X182.597 Y158.838
G1 F1500 X84.919 Y61.161 E3454.73717
G0 F9000 X84.354 Y61.161
G1 F1500 X182.031 Y158.838 E3459.3316
G0 F9000 X181.466 Y158.838
G1 F1500 X83.788 Y61.161 E3463.92605
G0 F9000 X83.222 Y61.161
G1 F1500 X180.9 Y158.838 E3468.5205
G0 F9000 X180.334 Y158.838
G1 F1500 X82.657 Y61.161 E3473.11493
G0 F9000 X82.091 Y61.161
G1 F1500 X179.769 Y158.838 E3477.70938
G0 F9000 X179.203 Y158.838
G1 F1500 X81.525 Y61.161 E3482.30383
G0 F9000 X80.96 Y61.161
G1 F1500 X178.637 Y158.838 E3486.89825
G0 F9000 X178.072 Y158.838
G1 F1500 X80.394 Y61.161 E3491.4927
G0 F9000 X79.828 Y61.161
G1 F1500 X177.506 Y158.838 E3496.08715
G0 F9000 X176.94 Y158.838
G1 F1500 X79.263 Y61.161 E3500.68158
G0 F9000 X78.697 Y61.161
G1 F1500 X176.375 Y158.838 E3505.27603
G0 F9000 X175.809 Y158.838
G1 F1500 X78.131 Y61.161 E3509.87048
G0 F9000 X77.566 Y61.161
G1 F1500 X175.243 Y158.838 E3514.46491
G0 F9000 X174.678 Y158.838
G1 F1500 X77 Y61.161 E3519.05936
G0 F9000 X76.434 Y61.161
G1 F1500 X174.112 Y158.838 E3523.65381
G0 F9000 X173.546 Y158.838
G1 F1500 X75.869 Y61.161 E3528.24823
G0 F9000 X75.303 Y61.161
G1 F1500 X172.98 Y158.838 E3532.84266
G0 F9000 X172.415 Y158.838
G1 F1500 X74.737 Y61.161 E3537.43711
G0 F9000 X74.171 Y61.161
G1 F1500 X171.849 Y158.838 E3542.03156
G0 F9000 X171.283 Y158.838
G1 F1500 X73.606 Y61.161 E3546.62599
G0 F9000 X73.04 Y61.161
G1 F1500 X170.718 Y158.838 E3551.22044
G0 F9000 X170.152 Y158.838
G1 F1500 X72.474 Y61.161 E3555.81489
G0 F9000 X71.909 Y61.161
G1 F1500 X169.586 Y158.838 E3560.40931
G0 F9000 X169.021 Y158.838
G1 F1500 X71.343 Y61.161 E3565.00376
G0 F9000 X70.777 Y61.161
G1 F1500 X168.455 Y158.838 E3569.59821
G0 F9000 X167.889 Y158.838
G1 F1500 X70.212 Y61.161 E3574.19264
G0 F9000 X69.646 Y61.161
G1 F1500 X167.324 Y158.838 E3578.78709
G0 F9000 X166.758 Y158.838
G1 F1500 X69.08 Y61.161 E3583.38154
G0 F9000 X68.515 Y61.161
G1 F1500 X166.192 Y158.838 E3587.97597
G0 F9000 X165.627 Y158.838
G1 F1500 X67.949 Y61.161 E3592.57042
G0 F9000 X67.383 Y61.161
G1 F1500 X165.061 Y158.838 E3597.16487
G0 F9000 X164.495 Y158.838
G1 F1500 X66.818 Y61.161 E3601.75929
G0 F9000 X66.252 Y61.161
G1 F1500 X163.929 Y158.838 E3606.35372
G0 F9000 X163.364 Y158.838
G1 F1500 X65.686 Y61.161 E3610.94817
G0 F9000 X65.12 Y61.161
G1 F1500 X162.798 Y158.838 E3615.54262
G0 F9000 X162.232 Y158.838
G1 F1500 X64.555 Y61.161 E3620.13705
G0 F9000 X63.989 Y61.161
G1 F1500 X161.667 Y158.838 E3624.7315
G0 F9000 X161.101 Y158.838
G1 F1500 X63.423 Y61.161 E3629.32595
G0 F9000 X62.858 Y61.161
G1 F1500 X160.535 Y158.838 E3633.92037
G0 F9000 X159.97 Y158.838
G1 F1500 X62.292 Y61.161 E3638.51482
G0 F9000 X61.726 Y61.161
G1 F1500 X159.404 Y158.838 E3643.10927
G0 F9000 X158.838 Y158.838
G1 F1500 X61.161 Y61.161 E3647.7037
G0 F9000 X60.595 Y61.161
G1 F1500 X158.273 Y158.838 E3652.29815
G0 F9000 X157.707 Y158.838
G1 F1500 X60.029 Y61.161 E3656.8926
G0 F9000 X59.464 Y61.161
G1 F1500 X157.141 Y158.838 E3661.48703
G0 F9000 X156.576 Y158.838
G1 F1500 X58.898 Y61.161 E3666.08148
G0 F9000 X58.332 Y61.161
G1 F1500 X156.01 Y158.838 E3670.67593
G0 F9000 X155.444 Y158.838
G1 F1500 X57.767 Y61.161 E3675.27035
G0 F9000 X57.201 Y61.161
G1 F1500 X154.879 Y158.838 E3679.8648
G0 F9000 X154.313 Y158.838
G1 F1500 X56.635 Y61.161 E3684.45925
G0 F9000 X56.07 Y61.161
G1 F1500 X153.747 Y158.838 E3689.05368
G0 F9000 X153.181 Y158.838
G1 F1500 X55.504 Y61.161 E3693.64811
G0 F9000 X54.938 Y61.161
G1 F1500 X152.616 Y158.838 E3698.24256
G0 F9000 X152.05 Y158.838
G1 F1500 X54.372 Y61.161 E3702.83701
G0 F9000 X53.807 Y61.161
G1 F1500 X151.484 Y158.838 E3707.43143
G0 F9000 X150.919 Y158.838
G1 F1500 X53.241 Y61.161 E3712.02589
G0 F9000 X52.675 Y61.161
G1 F1500 X150.353 Y158.838 E3716.62034
G0 F9000 X149.787 Y158.838
G1 F1500 X52.11 Y61.161 E3721.21476
G0 F9000 X51.544 Y61.161
G1 F1500 X149.222 Y158.838 E3725.80921
G0 F9000 X148.656 Y158.838
G1 F1500 X50.978 Y61.161 E3730.40366
G0 F9000 X50.413 Y61.161
G1 F1500 X148.09 Y158.838 E3734.99809
G0 F9000 X147.525 Y158.838
G1 F1500 X49.847 Y61.161 E3739.59254
G0 F9000 X49.281 Y61.161
G1 F1500 X146.959 Y158.838 E3744.18699
G0 F9000 X146.393 Y158.838
G1 F1500 X48.716 Y61.161 E3748.78142
G0 F9000 X48.15 Y61.161
G1 F1500 X145.828 Y158.838 E3753.37587
G0 F9000 X145.262 Y158.838
G1 F1500 X47.584 Y61.161 E3757.97032
G0 F9000 X47.019 Y61.161
G1 F1500 X144.696 Y158.838 E3762.56474
G0 F9000 X144.13 Y158.838
G1 F1500 X46.453 Y61.161 E3767.15917
G0 F9000 X45.887 Y61.161
G1 F1500 X143.565 Y158.838 E3771.75362
G0 F9000 X142.999 Y158.838
G1 F1500 X45.322 Y61.161 E3776.34805
G0 F9000 X44.756 Y61.161
G1 F1500 X142.433 Y158.838 E3780.94247
G0 F9000 X141.868 Y158.838
G1 F1500 X44.19 Y61.161 E3785.53692
G0 F9000 X43.624 Y61.161
G1 F1500 X141.302 Y158.838 E3790.13137
G0 F9000 X140.736 Y158.838
G1 F1500 X43.059 Y61.161 E3794.7258
G0 F9000 X42.493 Y61.161
G1 F1500 X140.171 Y158.838 E3799.32025
G0 F9000 X139.605 Y158.838
G1 F1500 X41.927 Y61.161 E3803.9147
G0 F9000 X41.362 Y61.161
G1 F1500 X139.039 Y158.838 E3808.50913
G0 F9000 X138.474 Y158.838
G1 F1500 X40.796 Y61.161 E3813.10358
G0 F9000 X40.23 Y61.161
G1 F1500 X137.908 Y158.838 E3817.69803
G0 F9000 X137.342 Y158.838
G1 F1500 X39.665 Y61.161 E3822.29245
G0 F9000 X39.099 Y61.161
G1 F1500 X136.777 Y158.838 E3826.8869
G0 F9000 X136.211 Y158.838
G1 F1500 X38.533 Y61.161 E3831.48135
G0 F9000 X37.968 Y61.161
G1 F1500 X135.645 Y158.838 E3836.07578
G0 F9000 X135.08 Y158.838
G1 F1500 X37.402 Y61.161 E3840.67023
G0 F9000 X36.836 Y61.161
G1 F1500 X134.514 Y158.838 E3845.26468
G0 F9000 X133.948 Y158.838
G1 F1500 X36.271 Y61.161 E3849.85911
G0 F9000 X35.705 Y61.161
G1 F1500 X133.382 Y158.838 E3854.45353
G0 F9000 X132.817 Y158.838
G1 F1500 X35.139 Y61.161 E3859.04798
G0 F9000 X34.573 Y61.161
G1 F1500 X132.251 Y158.838 E3863.64243
G0 F9000 X131.685 Y158.838
G1 F1500 X34.008 Y61.161 E3868.23686
G0 F9000 X33.442 Y61.161
G1 F1500 X131.12 Y158.838 E3872.83131
G0 F9000 X130.554 Y158.838
G1 F1500 X32.876 Y61.161 E3877.42576
G0 F9000 X32.311 Y61.161
G1 F1500 X129.988 Y158.838 E3882.02019
G0 F9000 X129.423 Y158.838
G1 F1500 X31.745 Y61.161 E3886.61464
G0 F9000 X31.179 Y61.161
G1 F1500 X128.857 Y158.838 E3891.20909
G0 F9000 X128.291 Y158.838
G1 F1500 X30.614 Y61.161 E3895.80351
G0 F9000 X30.048 Y61.161
G1 F1500 X127.726 Y158.838 E3900.39796
G0 F9000 X127.16 Y158.838
G1 F1500 X29.482 Y61.161 E3904.99241
G0 F9000 X28.917 Y61.161
G1 F1500 X126.594 Y158.838 E3909.58684
G0 F9000 X126.029 Y158.838
G1 F1500 X28.351 Y61.161 E3914.18129
G0 F9000 X27.785 Y61.161
G1 F1500 X125.463 Y158.838 E3918.77574
G0 F9000 X124.897 Y158.838
G1 F1500 X27.22 Y61.161 E3923.37017
G0 F9000 X26.654 Y61.161
G1 F1500 X124.331 Y158.838 E3927.96459
G0 F9000 X123.766 Y158.838
G1 F1500 X26.411 Y61.484 E3932.54385
G0 F9000 X26.411 Y62.05
G1 F1500 X123.2 Y158.838 E3937.09649
G0 F9000 X122.634 Y158.838
G1 F1500 X26.411 Y62.615 E3941.62252
G0 F9000 X26.411 Y63.181
G1 F1500 X122.069 Y158.838 E3946.12196
G0 F9000 X121.503 Y158.838
G1 F1500 X26.411 Y63.747 E3950.59477
G0 F9000 X26.411 Y64.312
G1 F1500 X120.937 Y158.838 E3955.04098
G0 F9000 X120.372 Y158.838
G1 F1500 X26.411 Y64.878 E3959.4606
G0 F9000 X26.411 Y65.444
G1 F1500 X119.806 Y158.838 E3963.85359
G0 F9000 X119.24 Y158.838
G1 F1500 X26.411 Y66.009 E3968.21998
G0 F9000 X26.411 Y66.575
G1 F1500 X118.675 Y158.838 E3972.55977
G0 F9000 X118.109 Y158.838
G1 F1500 X26.411 Y67.141 E3976.87294
G0 F9000 X26.411 Y67.706
G1 F1500 X117.543 Y158.838 E3981.15951
G0 F9000 X116.978 Y158.838
G1 F1500 X26.411 Y68.272 E3985.41948
G0 F9000 X26.411 Y68.838
G1 F1500 X116.412 Y158.838 E3989.65283
G0 F9000 X115.846 Y158.838
G1 F1500 X26.411 Y69.403 E3993.85958
G0 F9000 X26.411 Y69.969
G1 F1500 X115.281 Y158.838 E3998.03972
G0 F9000 X114.715 Y158.838
G1 F1500 X26.411 Y70.535 E4002.19325
G0 F9000 X26.411 Y71.101
G1 F1500 X114.149 Y158.838 E4006.32015
G0 F9000 X113.583 Y158.838
G1 F1500 X26.411 Y71.666 E4010.42046
G0 F9000 X26.411 Y72.232
G1 F1500 X113.018 Y158.838 E4014.49416
G0 F9000 X112.452 Y158.838
G1 F1500 X26.411 Y72.798 E4018.54124
G0 F9000 X26.411 Y73.363
G1 F1500 X111.886 Y158.838 E4022.56172
G0 F9000 X111.321 Y158.838
G1 F1500 X26.411 Y73.929 E4026.55561
G0 F9000 X26.411 Y74.495
G1 F1500 X110.755 Y158.838 E4030.52287
G0 F9000 X110.189 Y158.838
G1 F1500 X26.411 Y75.06 E4034.46353
G0 F9000 X26.411 Y75.626
G1 F1500 X109.624 Y158.838 E4038.37759
G0 F9000 X109.058 Y158.838
G1 F1500 X26.411 Y76.192 E4042.26503
G0 F9000 X26.411 Y76.757
G1 F1500 X108.492 Y158.838 E4046.12586
G0 F9000 X107.927 Y158.838
G1 F1500 X26.411 Y77.323 E4049.9601
G0 F9000 X26.411 Y77.889
G1 F1500 X107.361 Y158.838 E4053.76772
G0 F9000 X106.795 Y158.838
G1 F1500 X26.411 Y78.454 E4057.54874
G0 F9000 X26.411 Y79.02
G1 F1500 X106.23 Y158.838 E4061.30315
G0 F9000 X105.664 Y158.838
G1 F1500 X26.411 Y79.586 E4065.03095
G0 F9000 X26.411 Y80.151
G1 F1500 X105.098 Y158.838 E4068.73214
G0 F9000 X104.533 Y158.838
G1 F1500 X26.411 Y80.717 E4072.40674
G0 F9000 X26.411 Y81.283
G1 F1500 X103.967 Y158.838 E4076.05471
G0 F9000 X103.401 Y158.838
G1 F1500 X26.411 Y81.849 E4079.67606
G0 F9000 X26.411 Y82.414
G1 F1500 X102.835 Y158.838 E4083.27081
G0 F9000 X102.27 Y158.838
G1 F1500 X26.411 Y82.98 E4086.83897
G0 F9000 X26.411 Y83.546
G1 F1500 X101.704 Y158.838 E4090.38049
G0 F9000 X101.138 Y158.838
G1 F1500 X31.526 Y89.226 E4093.65483
G0 F9000 X31.657 Y89.923
G1 F1500 X100.573 Y158.838 E4096.8964
G0 F9000 X100.007 Y158.838
G1 F1500 X31.611 Y90.443 E4100.11352
G0 F9000 X31.479 Y90.876
G1 F1500 X99.441 Y158.838 E4103.31024
G0 F9000 X98.876 Y158.838
G1 F1500 X31.293 Y91.255 E4106.48914
G0 F9000 X31.065 Y91.593
G1 F1500 X98.31 Y158.838 E4109.65214
G0 F9000 X97.744 Y158.838
G1 F1500 X30.766 Y91.86 E4112.80258
G0 F9000 X30.432 Y92.092
G1 F1500 X97.179 Y158.838 E4115.94213
G0 F9000 X96.613 Y158.838
G1 F1500 X30.044 Y92.27 E4119.07331
G0 F9000 X29.598 Y92.389
G1 F1500 X96.047 Y158.838 E4122.19886
G0 F9000 X95.482 Y158.838
G1 F1500 X29.043 Y92.4 E4125.32393
G0 F9000 X28.281 Y92.203
G1 F1500 X94.916 Y158.838 E4128.45823
G0 F9000 X94.35 Y158.838
G1 F1500 X26.57 Y91.059 E4131.64637
G0 F9000 X26.411 Y91.464
G1 F1500 X93.784 Y158.838 E4134.81541
G0 F9000 X93.219 Y158.838
G1 F1500 X26.411 Y92.03 E4137.95786
G0 F9000 X26.411 Y92.596
G1 F1500 X92.653 Y158.838 E4141.07368
G0 F9000 X92.087 Y158.838
G1 F1500 X26.411 Y93.162 E4144.16288
G0 F9000 X26.411 Y93.727
G1 F1500 X91.522 Y158.838 E4147.2255
G0 F9000 X90.956 Y158.838
G1 F1500 X26.411 Y94.293 E4150.2615
G0 F9000 X26.411 Y94.859
G1 F1500 X90.39 Y158.838 E4153.27087
G0 F9000 X89.825 Y158.838
G1 F1500 X26.411 Y95.424 E4156.25367
G0 F9000 X26.411 Y95.99
G1 F1500 X89.259 Y158.838 E4159.20985
G0 F9000 X88.693 Y158.838
G92 E0
G1 F1500 X26.411 Y96.556 E2.92955
G0 F9000 X26.411 Y97.121
G1 F1500 X88.128 Y158.838 E5.83253
G0 F9000 X87.562 Y158.838
G1 F1500 X26.411 Y97.687 E8.70889
G0 F9000 X26.411 Y98.253
G1 F1500 X86.996 Y158.838 E11.55862
G0 F9000 X86.431 Y158.838
G1 F1500 X26.411 Y98.818 E14.38178
G0 F9000 X26.411 Y99.384
G1 F1500 X85.865 Y158.838 E17.17831
G0 F9000 X85.299 Y158.838
G1 F1500 X26.411 Y99.95 E19.94822
G0 F9000 X26.411 Y100.515
G1 F1500 X84.734 Y158.838 E22.69156
G0 F9000 X84.168 Y158.838
G1 F1500 X26.411 Y101.081 E25.40827
G0 F9000 X26.411 Y101.647
G1 F1500 X83.602 Y158.838 E28.09836
G0 F9000 X83.036 Y158.838
G1 F1500 X26.411 Y102.212 E30.76185
G0 F9000 X26.411 Y102.778
G1 F1500 X82.471 Y158.838 E33.39874
G0 F9000 X81.905 Y158.838
G1 F1500 X26.411 Y103.344 E36.00901
G0 F9000 X26.411 Y103.91
G1 F1500 X81.339 Y158.838 E38.59265
G0 F9000 X80.774 Y158.838
G1 F1500 X26.411 Y104.475 E41.14972
G0 F9000 X26.411 Y105.041
G1 F1500 X80.208 Y158.838 E43.68017
G0 F9000 X79.642 Y158.838
G1 F1500 X26.411 Y105.607 E46.18399
G0 F9000 X26.411 Y106.172
G1 F1500 X79.077 Y158.838 E48.66124
G0 F9000 X78.511 Y158.838
G1 F1500 X26.411 Y106.738 E51.11186
G0 F9000 X26.411 Y107.304
G1 F1500 X77.945 Y158.838 E53.53586
G0 F9000 X77.38 Y158.838
G1 F1500 X26.411 Y107.869 E55.93329
G0 F9000 X26.411 Y108.435
G1 F1500 X76.814 Y158.838 E58.30409
G0 F9000 X76.248 Y158.838
G1 F1500 X26.411 Y109.001 E60.64827
G0 F9000 X26.411 Y109.566
G1 F1500 X75.683 Y158.838 E62.96587
G0 F9000 X75.117 Y158.838
G1 F1500 X26.411 Y110.132 E65.25686
G0 F9000 X26.411 Y110.698
G1 F1500 X74.551 Y158.838 E67.52121
G0 F9000 X73.985 Y158.838
G1 F1500 X26.411 Y111.263 E69.75897
G0 F9000 X26.411 Y111.829
G1 F1500 X73.42 Y158.838 E71.97013
G0 F9000 X72.854 Y158.838
G1 F1500 X26.411 Y112.395 E74.15467
G0 F9000 X26.411 Y112.961
G1 F1500 X72.288 Y158.838 E76.31258
G0 F9000 X71.723 Y158.838
G1 F1500 X26.411 Y113.526 E78.44392
G0 F9000 X26.411 Y114.092
G1 F1500 X71.157 Y158.838 E80.54863
G0 F9000 X70.591 Y158.838
G1 F1500 X26.411 Y114.658 E82.62672
G0 F9000 X26.411 Y115.223
G1 F1500 X70.026 Y158.838 E84.67824
G0 F9000 X69.46 Y158.838
G1 F1500 X26.411 Y115.789 E86.70313
G0 F9000 X26.411 Y116.355
G1 F1500 X68.894 Y158.838 E88.7014
G0 F9000 X68.329 Y158.838
G1 F1500 X26.411 Y116.92 E90.6731
G0 F9000 X26.411 Y117.486
G1 F1500 X67.763 Y158.838 E92.61817
G0 F9000 X67.197 Y158.838
G1 F1500 X26.411 Y118.052 E94.53662
G0 F9000 X26.411 Y118.617
G1 F1500 X66.632 Y158.838 E96.42849
G0 F9000 X66.066 Y158.838
G1 F1500 X26.411 Y119.183 E98.29374
G0 F9000 X26.411 Y119.749
G1 F1500 X65.5 Y158.838 E100.13237
G0 F9000 X64.935 Y158.838
G1 F1500 X26.411 Y120.314 E101.94442
G0 F9000 X26.411 Y120.88
G1 F1500 X64.369 Y158.838 E103.72985
G0 F9000 X63.803 Y158.838
G1 F1500 X26.411 Y121.446 E105.48865
G0 F9000 X26.411 Y122.011
G1 F1500 X63.237 Y158.838 E107.22086
G0 F9000 X62.672 Y158.838
G1 F1500 X26.411 Y122.577 E108.92646
G0 F9000 X26.411 Y123.143
G1 F1500 X62.106 Y158.838 E110.60545
G0 F9000 X61.54 Y158.838
G1 F1500 X26.411 Y123.709 E112.25781
G0 F9000 X26.411 Y124.274
G1 F1500 X60.975 Y158.838 E113.88359
G0 F9000 X60.409 Y158.838
G1 F1500 X26.411 Y124.84 E115.48275
G0 F9000 X26.411 Y125.406
G1 F1500 X59.843 Y158.838 E117.05529
G0 F9000 X59.278 Y158.838
G1 F1500 X26.411 Y125.971 E118.60125
G0 F9000 X26.411 Y126.537
G1 F1500 X58.712 Y158.838 E120.12059
G0 F9000 X58.146 Y158.838
G1 F1500 X26.411 Y127.103 E121.61331
G0 F9000 X26.411 Y127.668
G1 F1500 X57.581 Y158.838 E123.07945
G0 F9000 X57.015 Y158.838
G1 F1500 X26.411 Y128.234 E124.51897
G0 F9000 X26.411 Y128.8
G1 F1500 X56.449 Y158.838 E125.93187
G0 F9000 X55.884 Y158.838
G1 F1500 X26.411 Y129.365 E127.31819
G0 F9000 X26.411 Y129.931
G1 F1500 X55.318 Y158.838 E128.67788
G0 F9000 X54.752 Y158.838
G1 F1500 X26.411 Y130.497 E130.01096
G0 F9000 X26.411 Y131.062
G1 F1500 X54.187 Y158.838 E131.31745
G0 F9000 X53.621 Y158.838
G1 F1500 X26.411 Y131.628 E132.59733
G0 F9000 X26.411 Y132.194
G1 F1500 X53.055 Y158.838 E133.85058
G0 F9000 X52.489 Y158.838
G1 F1500 X26.411 Y132.76 E135.07721
G0 F9000 X26.411 Y133.325
G1 F1500 X51.924 Y158.838 E136.27726
G0 F9000 X51.358 Y158.838
G1 F1500 X26.411 Y133.891 E137.45069
G0 F9000 X26.411 Y134.457
G1 F1500 X50.792 Y158.838 E138.5975
G0 F9000 X50.227 Y158.838
G1 F1500 X26.411 Y135.022 E139.71773
G0 F9000 X26.411 Y135.588
G1 F1500 X49.661 Y158.838 E140.81134
G0 F9000 X49.095 Y158.838
G1 F1500 X26.411 Y136.154 E141.87833
G0 F9000 X26.411 Y136.719
G1 F1500 X48.53 Y158.838 E142.91874
G0 F9000 X47.964 Y158.838
G1 F1500 X26.411 Y137.285 E143.93252
G0 F9000 X26.411 Y137.851
G1 F1500 X47.398 Y158.838 E144.91969
G0 F9000 X46.833 Y158.838
G1 F1500 X26.411 Y138.416 E145.88028
G0 F9000 X26.411 Y138.982
G1 F1500 X46.267 Y158.838 E146.81424
G0 F9000 X45.701 Y158.838
G1 F1500 X26.411 Y139.548 E147.72158
G0 F9000 X26.411 Y140.113
G1 F1500 X45.136 Y158.838 E148.60235
G0 F9000 X44.57 Y158.838
G1 F1500 X26.411 Y140.679 E149.45649
G0 F9000 X26.411 Y141.245
G1 F1500 X44.004 Y158.838 E150.28402
G0 F9000 X43.438 Y158.838
G1 F1500 X26.411 Y141.81 E151.08494
G0 F9000 X26.411 Y142.376
G1 F1500 X42.873 Y158.838 E151.85926
G0 F9000 X42.307 Y158.838
G1 F1500 X26.411 Y142.942 E152.60696
G0 F9000 X26.411 Y143.508
G1 F1500 X41.741 Y158.838 E153.32803
G0 F9000 X41.176 Y158.838
G1 F1500 X26.411 Y144.073 E154.02253
G0 F9000 X26.411 Y144.639
G1 F1500 X40.61 Y158.838 E154.69041
G0 F9000 X40.044 Y158.838
G1 F1500 X26.411 Y145.205 E155.33167
G0 F9000 X26.411 Y145.77
G1 F1500 X39.479 Y158.838 E155.94635
G0 F9000 X38.913 Y158.838
G1 F1500 X26.411 Y146.336 E156.5344
G0 F9000 X26.411 Y146.902
G1 F1500 X38.347 Y158.838 E157.09583
G0 F9000 X37.782 Y158.838
G1 F1500 X26.411 Y147.467 E157.63069
G0 F9000 X26.411 Y148.033
G1 F1500 X37.216 Y158.838 E158.13892
G0 F9000 X36.65 Y158.838
G1 F1500 X26.411 Y148.599 E158.62054
G0 F9000 X26.411 Y149.164
G1 F1500 X36.085 Y158.838 E159.07557
G0 F9000 X35.519 Y158.838
G1 F1500 X26.411 Y149.73 E159.50398
G0 F9000 X26.411 Y150.296
G1 F1500 X29.769 Y153.655 E159.66196
G0 F9000 X29.146 Y153.597
G1 F1500 X26.411 Y150.861 E159.79063
G0 F9000 X26.411 Y151.427
G1 F1500 X28.654 Y153.67 E159.89613
G0 F9000 X28.235 Y153.817
G1 F1500 X26.411 Y151.993 E159.98193
G0 F9000 X26.411 Y152.558
G1 F1500 X27.865 Y154.013 E160.05034
G0 F9000 X27.567 Y154.281
G1 F1500 X26.411 Y153.124 E160.10474
G0 F9000 X26.411 Y153.69
G1 F1500 X27.307 Y154.586 E160.14688
G0 F9000 X27.073 Y154.918
G1 F1500 X26.411 Y154.256 E160.17802
G0 F9000 X26.411 Y154.821
G1 F1500 X26.508 Y154.918 E160.18259
G1 F2700 E155.18259
G0 F9000 X25.951 Y154.916
G0 X26.031 Y156.889
G0 X27.273 Y156.487
G0 X26.858 Y156.966
G1 F2700 E160.18259
G1 F1500 X27.314 Y157.421 E160.20401
G0 F9000 X27.896 Y158.004
G1 F1500 X28.287 Y158.395 E160.2224
G0 F9000 X28.164 Y158.838
G1 F1500 X26.428 Y157.102 E160.30406
G0 F9000 X26.411 Y157.65
G1 F1500 X27.599 Y158.838 E160.35994
G0 F9000 X27.033 Y158.838
G1 F1500 X26.411 Y158.215 E160.38922
G0 F9000 X26.411 Y158.781
G1 F1500 X26.467 Y158.838 E160.39188
G0 F9000 X25.951 Y158.836
G0 X26.022 Y159.228
G0 X30.291 Y159.3
G0 X30.291 Y158.701
G1 F1500 X30.428 Y158.838 E160.39832
G0 F9000 X30.993 Y158.838
G1 F1500 X30.313 Y158.158 E160.43031
G0 F9000 X30.672 Y157.951
G1 F1500 X31.559 Y158.838 E160.47203
G0 F9000 X32.125 Y158.838
G1 F1500 X30.97 Y157.684 E160.52633
G0 F9000 X31.222 Y157.37
G1 F1500 X32.69 Y158.838 E160.59538
G0 F9000 X33.256 Y158.838
G1 F1500 X31.433 Y157.015 E160.68113
G0 F9000 X31.587 Y156.603
G1 F1500 X33.822 Y158.838 E160.78626
G0 F9000 X34.388 Y158.838
G1 F1500 X31.654 Y156.105 E160.91483
G0 F9000 X31.6 Y155.485
G1 F1500 X34.953 Y158.838 E161.07255
G1 F2700 E156.07255
G0 F9000 X34.953 Y159.3
G0 X27.453 Y159.2
G0 X28.092 Y91.678
G0 X26.78 Y89.005
G1 F2700 E161.07255
G1 F1500 X26.411 Y88.637 E161.08988
G0 F9000 X26.411 Y88.071
G1 F1500 X27.15 Y88.81 E161.12464
G0 F9000 X27.384 Y88.478
G1 F1500 X26.411 Y87.505 E161.17041
G0 F9000 X26.411 Y86.94
G1 F1500 X27.665 Y88.193 E161.22937
G0 F9000 X27.985 Y87.947
G1 F1500 X26.411 Y86.374 E161.30338
G0 F9000 X26.411 Y85.808
G1 F1500 X28.357 Y87.754 E161.39492
G0 F9000 X28.802 Y87.633
G1 F1500 X26.411 Y85.243 E161.50736
G0 F9000 X26.411 Y84.677
G1 F1500 X29.332 Y87.597 E161.64473
G0 F9000 X30.02 Y87.72
G1 F1500 X26.411 Y84.111 E161.81449
G1 F2700 E156.81449
;MESH:NONMESH
G0 F300 X26.411 Y84.111 Z0.8
G0 F9000 X25.951 Y84.109
G0 X26.031 Y91.616
G0 X27.447 Y90.95
G0 X30.299 Y91.53
;TIME_ELAPSED:6090.171149
;LAYER:3
M106 S255
;TYPE:WALL-INNER
;MESH:Box_Cover.stl
G1 F2700 E161.81449
G1 F1500 X29.912 Y91.729 E161.82896
G1 X29.482 Y91.841 E161.84374
G1 X29.021 Y91.841 E161.85907
G1 X28.595 Y91.735 E161.87367
G1 X28.196 Y91.527 E161.88864
G1 X27.862 Y91.229 E161.90353
G1 X27.608 Y90.862 E161.91837
G1 X27.45 Y90.447 E161.93314
G1 X27.395 Y90 E161.94812
G1 X27.45 Y89.553 E161.9631
G1 X27.608 Y89.137 E161.9779
G1 X27.862 Y88.771 E161.99272
G1 X28.196 Y88.473 E162.0076
G1 X28.595 Y88.265 E162.02257
G1 X29.021 Y88.159 E162.03717
G1 X29.482 Y88.159 E162.0525
G1 X29.912 Y88.272 E162.06729
G1 X30.327 Y88.495 E162.08296
G1 X30.641 Y88.775 E162.09695
G1 X30.889 Y89.14 E162.11163
G1 X31.052 Y89.563 E162.12671
G1 X31.103 Y90.015 E162.14184
G1 X31.039 Y90.471 E162.15715
G1 X30.883 Y90.878 E162.17165
G1 X30.626 Y91.236 E162.18631
G1 X30.299 Y91.53 E162.20093
G1 F2700 E157.20093
G0 F9000 X30.35 Y91.618
G0 X29.506 Y92.022
G0 X29.978 Y154.103
G0 X30.638 Y157.229
G1 F2700 E162.20093
G1 F1500 X30.299 Y157.531 E162.21603
G1 X29.903 Y157.736 E162.23086
G1 X29.506 Y157.833 E162.24446
G1 X29.028 Y157.842 E162.26036
G1 X28.596 Y157.736 E162.27515
G1 X28.201 Y157.531 E162.28995
G1 X27.863 Y157.23 E162.30501
G1 X27.608 Y156.863 E162.31987
G1 X27.45 Y156.447 E162.33467
G1 X27.395 Y156 E162.34965
G1 X27.45 Y155.553 E162.36463
G1 X27.608 Y155.137 E162.37943
G1 X27.862 Y154.771 E162.39425
G1 X28.196 Y154.473 E162.40914
G1 X28.595 Y154.265 E162.4241
G1 X29.021 Y154.159 E162.4387
G1 X29.482 Y154.159 E162.45404
G1 X29.912 Y154.272 E162.46882
G1 X30.327 Y154.495 E162.48449
G1 X30.63 Y154.768 E162.49806
G1 X30.896 Y155.145 E162.5134
G1 X31.045 Y155.552 E162.52782
G1 X31.104 Y155.996 E162.54272
G1 X31.05 Y156.446 E162.55779
G1 X30.893 Y156.862 E162.57258
G1 X30.638 Y157.229 E162.58744
G1 F2700 E157.58744
G0 F9000 X30.571 Y157.424
G0 X31.227 Y156.489
G0 X188.773 Y156.489
G0 X189.362 Y157.229
G1 F2700 E162.58744
G1 F1500 X189.107 Y156.862 E162.60231
G1 X188.95 Y156.446 E162.6171
G1 X188.896 Y155.996 E162.63217
G1 X188.955 Y155.552 E162.64707
G1 X189.104 Y155.154 E162.6612
G1 X189.358 Y154.775 E162.67638
G1 X189.702 Y154.469 E162.69169
G1 X190.088 Y154.272 E162.7061
G1 X190.518 Y154.159 E162.72089
G1 X190.979 Y154.159 E162.73623
G1 X191.405 Y154.265 E162.75083
G1 X191.804 Y154.473 E162.76579
G1 X192.138 Y154.771 E162.78068
G1 X192.393 Y155.138 E162.79554
G1 X192.551 Y155.557 E162.81044
G1 X192.6 Y156 E162.82526
G1 X192.55 Y156.445 E162.84016
G1 X192.393 Y156.862 E162.85498
G1 X192.137 Y157.23 E162.86989
G1 X191.799 Y157.531 E162.88494
G1 X191.403 Y157.736 E162.89977
G1 X191.006 Y157.833 E162.91336
G1 X190.528 Y157.842 E162.92926
G1 X190.096 Y157.736 E162.94406
G1 X189.7 Y157.531 E162.95889
G1 X189.362 Y157.229 E162.97397
G1 F2700 E157.97397
G0 F9000 X189.428 Y157.424
G0 X190.546 Y157.68
G0 X192.272 Y157.352
G0 X193.95 Y157.352
G0 X194.15 Y159.4
G1 F2700 E162.97397
G1 F1500 X194.15 Y60.6 E166.26007
G1 X25.851 Y60.601 E171.85771
G1 X25.85 Y159.4 E175.14378
G1 X194.15 Y159.4 E180.74146
G1 F2700 E175.74146
G0 F9000 X193.95 Y91.582
G0 X192.553 Y90.95
G0 X189.673 Y91.505
G1 F2700 E180.74146
G1 F1500 X189.363 Y91.228 E180.75529
G1 X189.106 Y90.862 E180.77016
G1 X188.952 Y90.436 E180.78523
G1 X188.897 Y89.996 E180.79998
G1 X188.95 Y89.554 E180.81479
G1 X189.111 Y89.133 E180.82978
G1 X189.361 Y88.773 E180.84435
G1 X189.702 Y88.469 E180.85955
G1 X190.088 Y88.272 E180.87396
G1 X190.518 Y88.159 E180.88875
G1 X190.979 Y88.159 E180.90408
G1 X191.405 Y88.265 E180.91868
G1 X191.804 Y88.473 E180.93365
G1 X192.138 Y88.771 E180.94854
G1 X192.393 Y89.138 E180.9634
G1 X192.551 Y89.557 E180.97829
G1 X192.6 Y90 E180.99312
G1 X192.55 Y90.445 E181.00801
G1 X192.393 Y90.862 E181.02283
G1 X192.138 Y91.229 E181.0377
G1 X191.804 Y91.527 E181.05258
G1 X191.405 Y91.735 E181.06755
G1 X190.979 Y91.841 E181.08215
G1 X190.518 Y91.841 E181.09748
G1 X190.088 Y91.729 E181.11226
G1 X189.673 Y91.505 E181.12795
G0 F9000 X189.931 Y91.198
;TYPE:WALL-OUTER
G1 F1500 X189.658 Y90.953 E181.14015
G1 X189.456 Y90.653 E181.15218
G1 X189.339 Y90.332 E181.16354
G1 X189.301 Y89.981 E181.17528
G1 X189.341 Y89.657 E181.18614
G1 X189.462 Y89.332 E181.19768
G1 X189.666 Y89.037 E181.20961
G1 X189.918 Y88.811 E181.22086
G1 X190.234 Y88.644 E181.23275
G1 X190.549 Y88.564 E181.24356
G1 X190.951 Y88.564 E181.25693
G1 X191.242 Y88.636 E181.2669
G1 X191.593 Y88.82 E181.28008
G1 X191.85 Y89.057 E181.29171
G1 X192.044 Y89.347 E181.30332
G1 X192.151 Y89.63 E181.31338
G1 X192.2 Y90 E181.32579
G1 X192.161 Y90.334 E181.33698
G1 X192.021 Y90.697 E181.34992
G1 X191.819 Y90.978 E181.36143
G1 X191.552 Y91.208 E181.37315
G1 X191.242 Y91.364 E181.38469
G1 X190.951 Y91.436 E181.39466
G1 X190.549 Y91.436 E181.40803
G1 X190.234 Y91.356 E181.41884
G1 X189.931 Y91.198 E181.43021
G1 F2700 E176.43021
G0 F9000 X189.694 Y91.641
G0 X190.494 Y92.022
G0 X190.022 Y154.103
G0 X189.65 Y156.943
G1 F2700 E181.43021
G1 F1500 X189.456 Y156.653 E181.44181
G1 X189.349 Y156.37 E181.45187
G1 X189.302 Y155.976 E181.46507
G1 X189.343 Y155.651 E181.47597
G1 X189.479 Y155.303 E181.48839
G1 X189.65 Y155.057 E181.49836
G1 X189.918 Y154.811 E181.51046
G1 X190.234 Y154.644 E181.52235
G1 X190.549 Y154.564 E181.53316
G1 X190.951 Y154.564 E181.54653
G1 X191.242 Y154.636 E181.5565
G1 X191.593 Y154.82 E181.56968
G1 X191.85 Y155.057 E181.58131
G1 X192.044 Y155.347 E181.59291
G1 X192.151 Y155.63 E181.60297
G1 X192.2 Y156 E181.61539
G1 X192.161 Y156.334 E181.62657
G1 X192.021 Y156.697 E181.63951
G1 X191.819 Y156.978 E181.65102
G1 X191.552 Y157.208 E181.66274
G1 X191.242 Y157.364 E181.67429
G1 X190.937 Y157.439 E181.68473
G1 X190.549 Y157.436 E181.69764
G1 X190.258 Y157.364 E181.70761
G1 X189.907 Y157.18 E181.72079
G1 X189.65 Y156.943 E181.73242
G1 F2700 E176.73242
G0 F9000 X189.402 Y157.112
G0 X190.15 Y157.583
G0 X190.546 Y157.68
G0 X192.272 Y157.352
G0 X193.95 Y157.352
G0 X194.55 Y159.8
G1 F2700 E181.73242
G1 F1500 X194.55 Y60.2 E185.04513
G1 X25.451 Y60.201 E190.66938
G1 X25.45 Y159.8 E193.98206
G1 X194.55 Y159.8 E199.60635
G1 F2700 E194.60635
G0 F9000 X194.28 Y159.53
G0 X30.517 Y159.2
G0 X29.972 Y157.905
G0 X30.319 Y156.978
G1 F2700 E199.60635
G1 F1500 X30.052 Y157.208 E199.61807
G1 X29.742 Y157.364 E199.62961
G1 X29.437 Y157.439 E199.64006
G1 X29.049 Y157.436 E199.65296
G1 X28.758 Y157.364 E199.66293
G1 X28.407 Y157.18 E199.67611
G1 X28.15 Y156.943 E199.68774
G1 X27.956 Y156.653 E199.69935
G1 X27.839 Y156.334 E199.71065
G1 X27.802 Y156.024 E199.72103
G1 X27.849 Y155.63 E199.73423
G1 X27.979 Y155.303 E199.74593
G1 X28.181 Y155.022 E199.75744
G1 X28.448 Y154.792 E199.76916
G1 X28.758 Y154.636 E199.78071
G1 X29.049 Y154.564 E199.79068
G1 X29.451 Y154.564 E199.80405
G1 X29.766 Y154.644 E199.81486
G1 X30.069 Y154.802 E199.82622
G1 X30.334 Y155.037 E199.838
G1 X30.544 Y155.347 E199.85046
G1 X30.657 Y155.651 E199.86124
G1 X30.698 Y155.976 E199.87214
G1 X30.651 Y156.37 E199.88534
G1 X30.521 Y156.697 E199.89704
G1 X30.319 Y156.978 E199.90855
G1 F2700 E194.90855
G0 F9000 X30.517 Y157.202
G0 X30.893 Y156.404
G0 X30.943 Y156
G0 X30.893 Y155.596
G0 X29.978 Y154.103
G0 X29.977 Y91.897
G0 X30.082 Y91.189
G1 F2700 E199.90855
G1 F1500 X29.766 Y91.356 E199.92044
G1 X29.451 Y91.436 E199.93125
G1 X29.049 Y91.436 E199.94462
G1 X28.758 Y91.364 E199.95459
G1 X28.407 Y91.18 E199.96777
G1 X28.15 Y90.943 E199.9794
G1 X27.956 Y90.653 E199.991
G1 X27.839 Y90.334 E200.0023
G1 X27.801 Y90 E200.01348
G1 X27.849 Y89.63 E200.02589
G1 X27.979 Y89.303 E200.0376
G1 X28.181 Y89.022 E200.04911
G1 X28.448 Y88.792 E200.06083
G1 X28.758 Y88.636 E200.07237
G1 X29.049 Y88.564 E200.08234
G1 X29.451 Y88.564 E200.09571
G1 X29.766 Y88.644 E200.10652
G1 X30.069 Y88.802 E200.11789
G1 X30.334 Y89.037 E200.12967
G1 X30.538 Y89.332 E200.1416
G1 X30.659 Y89.657 E200.15313
G1 X30.699 Y89.993 E200.16439
G1 X30.651 Y90.37 E200.17703
G1 X30.524 Y90.693 E200.18857
G1 X30.338 Y90.958 E200.19934
G1 X30.082 Y91.189 E200.21081
G1 F2700 E195.21081
G0 F9000 X30.412 Y91.564
G0 X29.046 Y91.68
G0 X28.65 Y91.583
G0 X28.358 Y91.429
G0 X27.273 Y90.487
G0 X26.031 Y90.485
G0 X26.678 Y90.746
;TYPE:SKIN
G1 F2700 E200.21081
G1 F1169.6 X26.657 Y90.626 E200.216
G1 F1304.3 X26.625 Y90.001 E200.23994
G1 F1318.7 X26.654 Y89.411 E200.26229
G1 F1181.1 X26.678 Y89.254 E200.269
G1 F2700 E195.269
G0 F9000 X25.951 Y89.252
G0 X25.951 Y155.252
G0 X26.678 Y155.254
G1 F2700 E200.269
G1 F1176.5 X26.654 Y155.41 E200.27569
G1 F1312.9 X26.624 Y155.999 E200.2981
G1 F1301.5 X26.656 Y156.623 E200.32205
G1 F1169.6 X26.677 Y156.745 E200.32733
G1 F2700 E195.32733
G0 F9000 X25.951 Y156.743
G0 X26.031 Y157.863
G0 X27.726 Y157.349
G0 X28.521 Y158.571
G1 F2700 E200.32733
G1 F1229.5 X28.948 Y158.62 E200.34477
G1 F1351.4 X29.596 Y158.617 E200.3687
G1 F1219.5 X29.983 Y158.57 E200.38465
G0 F9000 X30.024 Y157.788
G0 X30.571 Y157.424
G0 X30.922 Y157.451
G1 F1500 X30.484 Y157.843 E200.4042
G1 X30.018 Y158.08 E200.42159
G1 X29.525 Y158.199 E200.43845
G1 X28.95 Y158.196 E200.45758
G1 X28.481 Y158.078 E200.47366
G1 X27.993 Y157.83 E200.49187
G1 X27.576 Y157.447 E200.5107
G1 X27.277 Y157.011 E200.52829
G1 X27.095 Y156.52 E200.5457
G1 X27.041 Y155.977 E200.56385
G1 X27.09 Y155.503 E200.5797
G1 X27.277 Y154.988 E200.59792
G1 X27.579 Y154.548 E200.61567
G1 X28.011 Y154.161 E200.63496
G1 X28.486 Y153.92 E200.65268
G1 X28.953 Y153.804 E200.66868
G1 X29.554 Y153.805 E200.68867
G1 X30.045 Y153.936 E200.70558
G1 X30.493 Y154.164 E200.7223
G1 X30.891 Y154.516 E200.73997
G1 X31.196 Y154.947 E200.75753
G1 X31.398 Y155.481 E200.77652
G1 X31.466 Y155.99 E200.7936
G1 X31.393 Y156.556 E200.81258
G1 X31.2 Y157.052 E200.83028
G1 X30.922 Y157.451 E200.84646
G1 F2700 E195.84646
G0 F9000 X30.571 Y157.424
G0 X29.454 Y157.68
G0 X27.726 Y157.349
G0 X26.031 Y157.347
G0 X26.211 Y159.039
G1 F2700 E200.84646
G1 F1500 X193.79 Y159.04 E206.42016
G1 X193.79 Y60.96 E209.68231
G1 X26.212 Y60.962 E215.25598
G1 X26.211 Y159.039 E218.51803
G1 F2700 E213.51803
G0 F9000 X25.951 Y159.037
G0 X26.031 Y91.614
G0 X27.447 Y90.95
G0 X30.509 Y91.828
G1 F2700 E218.51803
G1 F1500 X30.043 Y92.064 E218.5354
G1 X29.555 Y92.195 E218.55221
G1 X28.953 Y92.196 E218.57223
G1 X28.486 Y92.08 E218.58824
G1 X28.011 Y91.839 E218.60595
G1 X27.579 Y91.451 E218.62527
G1 X27.277 Y91.011 E218.64302
G1 X27.095 Y90.52 E218.66043
G1 X27.041 Y89.977 E218.67858
G1 X27.09 Y89.503 E218.69443
G1 X27.278 Y88.988 E218.71266
G1 X27.609 Y88.515 E218.73187
G1 X28.011 Y88.161 E218.74968
G1 X28.486 Y87.92 E218.7674
G1 X28.953 Y87.804 E218.7834
G1 X29.554 Y87.805 E218.80339
G1 X30.041 Y87.935 E218.82016
G1 X30.51 Y88.175 E218.83768
G1 X30.901 Y88.523 E218.85509
G1 X31.212 Y88.969 E218.87317
G1 X31.404 Y89.477 E218.89124
G1 X31.463 Y90.016 E218.90927
G1 X31.397 Y90.542 E218.9269
G1 X31.21 Y91.03 E218.94428
G1 X30.904 Y91.473 E218.96219
G1 X30.509 Y91.828 E218.97986
G1 F2700 E213.97986
G0 F9000 X30.354 Y91.616
G0 X31.057 Y90.938
G0 X188.958 Y90.957
G0 X189.506 Y91.838
G1 F2700 E218.97986
G1 F1500 X189.082 Y91.457 E218.99882
G1 X188.796 Y91.039 E219.01566
G1 X188.598 Y90.527 E219.03392
G1 X188.538 Y89.978 E219.05229
G1 X188.601 Y89.47 E219.06931
G1 X188.791 Y88.967 E219.0872
G1 X189.099 Y88.523 E219.10517
G1 X189.49 Y88.175 E219.12258
G1 X189.959 Y87.935 E219.1401
G1 X190.446 Y87.805 E219.15687
G1 X191.047 Y87.804 E219.17686
G1 X191.514 Y87.92 E219.19286
G1 X191.989 Y88.161 E219.21058
G1 X192.421 Y88.548 E219.22987
G1 X192.698 Y88.942 E219.24589
G1 X192.904 Y89.469 E219.26471
G1 X192.96 Y89.998 E219.2824
G1 X192.907 Y90.516 E219.29972
G1 X192.699 Y91.055 E219.31893
G1 X192.421 Y91.452 E219.33505
G1 X191.989 Y91.839 E219.35434
G1 X191.514 Y92.08 E219.37206
G1 X191.047 Y92.196 E219.38806
G1 X190.445 Y92.195 E219.40809
G1 X189.957 Y92.064 E219.42489
G1 X189.506 Y91.838 E219.44167
G1 F2700 E214.44167
G0 F9000 X189.646 Y91.617
G0 X190.494 Y92.022
G0 X190.022 Y154.103
G0 X189.078 Y157.451
G1 F2700 E219.44167
G1 F1500 X188.777 Y157.008 E219.45948
G1 X188.607 Y156.556 E219.47555
G1 X188.534 Y155.989 E219.49456
G1 X188.613 Y155.437 E219.51311
G1 X188.804 Y154.947 E219.5306
G1 X189.116 Y154.509 E219.54848
G1 X189.507 Y154.164 E219.56583
G1 X189.955 Y153.936 E219.58255
G1 X190.446 Y153.805 E219.59945
G1 X191.047 Y153.804 E219.61944
G1 X191.514 Y153.92 E219.63544
G1 X191.989 Y154.161 E219.65316
G1 X192.421 Y154.549 E219.67247
G1 X192.721 Y154.987 E219.69013
G1 X192.907 Y155.494 E219.70809
G1 X192.96 Y156 E219.72501
G1 X192.908 Y156.512 E219.74213
G1 X192.699 Y157.055 E219.76148
G1 X192.421 Y157.452 E219.7776
G1 X191.984 Y157.843 E219.7971
G1 X191.518 Y158.08 E219.81449
G1 X191.025 Y158.199 E219.83136
G1 X190.45 Y158.196 E219.85049
G1 X189.985 Y158.079 E219.86643
G1 X189.512 Y157.839 E219.88407
G1 X189.078 Y157.451 E219.90344
G1 F2700 E214.90344
G0 F9000 X189.428 Y157.424
G0 X190.546 Y157.68
G0 X192.272 Y157.352
G0 X193.95 Y157.352
G0 X193.588 Y158.267
G1 F2700 E219.90344
G1 F1500 X193.016 Y158.84 E219.93037
G0 F9000 X192.45 Y158.84
G1 F1500 X193.588 Y157.701 E219.98392
G0 F9000 X193.588 Y157.136
G1 F1500 X191.884 Y158.84 E220.06407
G0 F9000 X191.724 Y158.435
G1 F1500 X192.545 Y157.614 E220.10269
G1 X192.562 Y157.596
G1 X193.181 Y156.977 E220.1318
G1 X193.182 Y156.976
G1 X193.588 Y156.57 E220.1509
G0 F9000 X193.112 Y156.481
G1 F1500 X193.588 Y156.004 E220.17331
G0 F9000 X193.147 Y155.88
G1 F1500 X193.588 Y155.439 E220.19405
G0 F9000 X193.083 Y155.378
G1 F1500 X193.559 Y154.902 E220.21644
G0 F9000 X193.588 Y154.307
G1 F1500 X192.946 Y154.949 E220.24664
G0 F9000 X192.713 Y154.617
G1 F1500 X193.588 Y153.741 E220.28782
G0 F9000 X193.588 Y153.176
G1 F1500 X192.458 Y154.306 E220.34097
G0 F9000 X192.161 Y154.038
G1 F1500 X193.588 Y152.61 E220.40812
G0 F9000 X193.588 Y152.044
G1 F1500 X191.797 Y153.836 E220.49239
G0 F9000 X191.384 Y153.683
G1 F1500 X193.588 Y151.479 E220.59606
G0 F9000 X193.588 Y150.913
G1 F1500 X190.903 Y153.599 E220.72237
G0 F9000 X190.3 Y153.636
G1 F1500 X193.588 Y150.347 E220.87705
G0 F9000 X193.588 Y149.782
G1 F1500 X189.214 Y154.156 E221.08279
G0 F9000 X188.874 Y154.496
G1 F1500 X184.531 Y158.839 E221.28708
G0 F9000 X185.097 Y158.839
G1 F1500 X188.39 Y155.545 E221.44199
G0 F9000 X188.35 Y156.151
G1 F1500 X185.662 Y158.839 E221.56843
G0 F9000 X186.228 Y158.839
G1 F1500 X188.425 Y156.642 E221.67177
G0 F9000 X188.58 Y157.053
G1 F1500 X186.794 Y158.839 E221.75577
G0 F9000 X187.359 Y158.839
G1 F1500 X188.798 Y157.401 E221.82344
G0 F9000 X189.057 Y157.707
G1 F1500 X187.925 Y158.839 E221.87668
G0 F9000 X188.491 Y158.839
G1 F1500 X189.356 Y157.974 E221.91737
G0 F9000 X189.721 Y158.174
G1 F1500 X189.057 Y158.839 E221.94863
G0 F9000 X189.622 Y158.839
G1 F1500 X189.696 Y158.765 E221.95211
G1 X189.697 Y158.764
G1 X190.138 Y158.324 E221.97283
G0 F9000 X190.628 Y158.398
G1 F1500 X190.188 Y158.839 E221.99355
G0 F9000 X190.754 Y158.839
G1 F1500 X191.241 Y158.351 E222.01648
G0 F9000 X191.723 Y158.435
G1 F1500 X191.319 Y158.839 E222.03548
G0 F9000 X191.319 Y159.3
G0 X183.965 Y159.3
G0 X183.965 Y158.839
G1 F1500 X193.588 Y149.216 E222.48812
G0 F9000 X193.588 Y148.65
G1 F1500 X183.4 Y158.839 E222.96735
G0 F9000 X182.834 Y158.839
G1 F1500 X193.588 Y148.085 E223.47319
G0 F9000 X193.588 Y147.519
G1 F1500 X182.268 Y158.839 E224.00565
G0 F9000 X181.703 Y158.839
G1 F1500 X193.588 Y146.953 E224.5647
G0 F9000 X193.588 Y146.388
G1 F1500 X181.137 Y158.839 E225.15036
G0 F9000 X180.571 Y158.839
G1 F1500 X193.588 Y145.822 E225.76264
G0 F9000 X193.588 Y145.256
G1 F1500 X180.006 Y158.839 E226.40152
G0 F9000 X179.44 Y158.839
G1 F1500 X193.588 Y144.691 E227.067
G0 F9000 X193.588 Y144.125
G1 F1500 X178.874 Y158.839 E227.7591
G0 F9000 X178.308 Y158.839
G1 F1500 X193.588 Y143.559 E228.47782
G0 F9000 X193.588 Y142.993
G1 F1500 X177.743 Y158.839 E229.22315
G0 F9000 X177.177 Y158.839
G1 F1500 X193.588 Y142.428 E229.99507
G0 F9000 X193.588 Y141.862
G1 F1500 X176.611 Y158.839 E230.79362
G0 F9000 X176.046 Y158.839
G1 F1500 X193.588 Y141.296 E231.61876
G0 F9000 X193.588 Y140.731
G1 F1500 X175.48 Y158.839 E232.47051
G0 F9000 X174.914 Y158.839
G1 F1500 X193.588 Y140.165 E233.34887
G0 F9000 X193.588 Y139.599
G1 F1500 X174.349 Y158.839 E234.25384
G0 F9000 X173.783 Y158.839
G1 F1500 X193.588 Y139.034 E235.18541
G0 F9000 X193.588 Y138.468
G1 F1500 X173.217 Y158.839 E236.1436
G0 F9000 X172.652 Y158.839
G1 F1500 X193.588 Y137.902 E237.12839
G0 F9000 X193.588 Y137.337
G1 F1500 X172.086 Y158.839 E238.13977
G0 F9000 X171.52 Y158.839
G1 F1500 X193.588 Y136.771 E239.17779
G0 F9000 X193.588 Y136.205
G1 F1500 X170.955 Y158.839 E240.2424
G0 F9000 X170.389 Y158.839
G1 F1500 X193.588 Y135.64 E241.33361
G0 F9000 X193.588 Y135.074
G1 F1500 X169.823 Y158.839 E242.45144
G0 F9000 X169.258 Y158.839
G1 F1500 X193.588 Y134.508 E243.59587
G0 F9000 X193.588 Y133.942
G1 F1500 X168.692 Y158.839 E244.76693
G0 F9000 X168.126 Y158.839
G1 F1500 X193.588 Y133.377 E245.96458
G0 F9000 X193.588 Y132.811
G1 F1500 X167.56 Y158.839 E247.18886
G0 F9000 X166.995 Y158.839
G1 F1500 X193.588 Y132.245 E248.43973
G0 F9000 X193.588 Y131.68
G1 F1500 X166.429 Y158.839 E249.71721
G0 F9000 X165.863 Y158.839
G1 F1500 X193.588 Y131.114 E251.02131
G0 F9000 X193.588 Y130.548
G1 F1500 X165.298 Y158.839 E252.35201
G0 F9000 X164.732 Y158.839
G1 F1500 X193.588 Y129.983 E253.7093
G0 F9000 X193.588 Y129.417
G1 F1500 X164.166 Y158.839 E255.09323
G0 F9000 X163.601 Y158.839
G1 F1500 X193.588 Y128.851 E256.50375
G0 F9000 X193.588 Y128.286
G1 F1500 X163.035 Y158.839 E257.94087
G0 F9000 X162.469 Y158.839
G1 F1500 X193.588 Y127.72 E259.40461
G0 F9000 X193.588 Y127.154
G1 F1500 X161.904 Y158.839 E260.89495
G0 F9000 X161.338 Y158.839
G1 F1500 X193.588 Y126.589 E262.41189
G0 F9000 X193.588 Y126.023
G1 F1500 X160.772 Y158.839 E263.95545
G0 F9000 X160.207 Y158.839
G1 F1500 X193.588 Y125.457 E265.52562
G0 F9000 X193.588 Y124.892
G1 F1500 X159.641 Y158.839 E267.12238
G0 F9000 X159.075 Y158.839
G1 F1500 X193.588 Y124.326 E268.74577
G0 F9000 X193.588 Y123.76
G1 F1500 X158.51 Y158.839 E270.39575
G0 F9000 X157.944 Y158.839
G1 F1500 X193.588 Y123.194 E272.07236
G0 F9000 X193.588 Y122.629
G1 F1500 X157.378 Y158.839 E273.77557
G0 F9000 X156.812 Y158.839
G1 F1500 X193.588 Y122.063 E275.5054
G0 F9000 X193.588 Y121.497
G1 F1500 X156.247 Y158.839 E277.26183
G0 F9000 X155.681 Y158.839
G1 F1500 X193.588 Y120.932 E279.04486
G0 F9000 X193.588 Y120.366
G1 F1500 X155.115 Y158.839 E280.85451
G0 F9000 X154.55 Y158.839
G1 F1500 X193.588 Y119.8 E282.69076
G0 F9000 X193.588 Y119.235
G1 F1500 X153.984 Y158.839 E284.55361
G0 F9000 X153.418 Y158.839
G1 F1500 X193.588 Y118.669 E286.44308
G0 F9000 X193.588 Y118.103
G1 F1500 X152.853 Y158.839 E288.35916
G0 F9000 X152.287 Y158.839
G1 F1500 X193.588 Y117.538 E290.30183
G0 F9000 X193.588 Y116.972
G1 F1500 X151.721 Y158.839 E292.27112
G0 F9000 X151.156 Y158.839
G1 F1500 X193.588 Y116.406 E294.26702
G0 F9000 X193.588 Y115.841
G1 F1500 X150.59 Y158.839 E296.28951
G0 F9000 X150.024 Y158.839
G1 F1500 X193.588 Y115.275 E298.33863
G0 F9000 X193.588 Y114.709
G1 F1500 X149.459 Y158.839 E300.41435
G0 F9000 X148.893 Y158.839
G1 F1500 X193.588 Y114.144 E302.51666
G0 F9000 X193.588 Y113.578
G1 F1500 X148.327 Y158.839 E304.6456
G0 F9000 X147.761 Y158.839
G1 F1500 X193.588 Y113.012 E306.80116
G0 F9000 X193.588 Y112.446
G1 F1500 X147.196 Y158.839 E308.98332
G0 F9000 X146.63 Y158.839
G1 F1500 X193.588 Y111.881 E311.19208
G0 F9000 X193.588 Y111.315
G1 F1500 X146.064 Y158.839 E313.42747
G0 F9000 X145.499 Y158.839
G1 F1500 X193.588 Y110.749 E315.68945
G0 F9000 X193.588 Y110.184
G1 F1500 X144.933 Y158.839 E317.97803
G0 F9000 X144.367 Y158.839
G1 F1500 X193.588 Y109.618 E320.29324
G0 F9000 X193.588 Y109.052
G1 F1500 X143.802 Y158.839 E322.63504
G0 F9000 X143.236 Y158.839
G1 F1500 X193.588 Y108.487 E325.00344
G0 F9000 X193.588 Y107.921
G1 F1500 X142.67 Y158.839 E327.39847
G0 F9000 X142.105 Y158.839
G1 F1500 X193.588 Y107.355 E329.8201
G0 F9000 X193.588 Y106.79
G1 F1500 X141.539 Y158.839 E332.26832
G0 F9000 X140.973 Y158.839
G1 F1500 X193.588 Y106.224 E334.74317
G0 F9000 X193.588 Y105.658
G1 F1500 X140.408 Y158.839 E337.24462
G0 F9000 X139.842 Y158.839
G1 F1500 X193.588 Y105.093 E339.77267
G0 F9000 X193.588 Y104.527
G1 F1500 X139.276 Y158.839 E342.32734
G0 F9000 X138.711 Y158.839
G1 F1500 X193.588 Y103.961 E344.9086
G0 F9000 X193.588 Y103.395
G1 F1500 X138.145 Y158.839 E347.5165
G0 F9000 X137.579 Y158.839
G1 F1500 X193.588 Y102.83 E350.15099
G0 F9000 X193.588 Y102.264
G1 F1500 X137.013 Y158.839 E352.8121
G0 F9000 X136.448 Y158.839
G1 F1500 X193.588 Y101.698 E355.49982
G0 F9000 X193.588 Y101.133
G1 F1500 X135.882 Y158.839 E358.21413
G0 F9000 X135.316 Y158.839
G1 F1500 X193.588 Y100.567 E360.95507
G0 F9000 X193.588 Y100.001
G1 F1500 X134.751 Y158.839 E363.7226
G0 F9000 X134.185 Y158.839
G1 F1500 X193.588 Y99.436 E366.51674
G0 F9000 X193.588 Y98.87
G1 F1500 X133.619 Y158.839 E369.3375
G0 F9000 X133.054 Y158.839
G1 F1500 X193.588 Y98.304 E372.18485
G0 F9000 X193.588 Y97.739
G1 F1500 X132.488 Y158.839 E375.05881
G0 F9000 X131.922 Y158.839
G1 F1500 X193.588 Y97.173 E377.95939
G0 F9000 X193.588 Y96.607
G1 F1500 X131.357 Y158.839 E380.88657
G0 F9000 X130.791 Y158.839
G1 F1500 X193.588 Y96.042 E383.84035
G0 F9000 X193.588 Y95.476
G1 F1500 X130.225 Y158.839 E386.82075
G0 F9000 X129.66 Y158.839
G1 F1500 X193.588 Y94.91 E389.82775
G0 F9000 X193.588 Y94.345
G1 F1500 X129.094 Y158.839 E392.86135
G0 F9000 X128.528 Y158.839
G1 F1500 X193.588 Y93.779 E395.92157
G0 F9000 X193.588 Y93.213
G1 F1500 X127.962 Y158.839 E399.00842
G0 F9000 X127.397 Y158.839
G1 F1500 X193.588 Y92.647 E402.12186
G0 F9000 X193.588 Y92.082
G1 F1500 X126.831 Y158.839 E405.26191
G0 F9000 X126.265 Y158.839
G1 F1500 X193.588 Y91.516 E408.42857
G0 F9000 X193.471 Y91.068
G1 F1500 X125.7 Y158.839 E411.61631
G0 F9000 X125.134 Y158.839
G1 F1500 X191.824 Y92.149 E414.75321
G0 F9000 X191.007 Y92.4
G1 F1500 X124.568 Y158.839 E417.87829
G0 F9000 X124.003 Y158.839
G1 F1500 X190.442 Y92.4 E421.00338
G0 F9000 X189.995 Y92.281
G1 F1500 X123.437 Y158.839 E424.13407
G0 F9000 X122.871 Y158.839
G1 F1500 X189.601 Y92.109 E427.27284
G0 F9000 X189.26 Y91.884
G1 F1500 X122.306 Y158.839 E430.42217
G0 F9000 X121.74 Y158.839
G1 F1500 X188.962 Y91.617 E433.58409
G0 F9000 X188.724 Y91.289
G1 F1500 X121.174 Y158.839 E436.76144
G0 F9000 X120.609 Y158.839
G1 F1500 X188.533 Y90.915 E439.95637
G0 F9000 X188.392 Y90.49
G1 F1500 X120.043 Y158.839 E443.1713
G0 F9000 X119.477 Y158.839
G1 F1500 X188.334 Y89.982 E446.41012
G0 F9000 X188.454 Y89.296
G1 F1500 X118.912 Y158.839 E449.68119
G0 F9000 X118.346 Y158.839
G1 F1500 X193.588 Y83.596 E453.22036
G0 F9000 X193.588 Y83.031
G1 F1500 X117.78 Y158.839 E456.78614
G0 F9000 X117.214 Y158.839
G1 F1500 X193.588 Y82.465 E460.37854
G0 F9000 X193.588 Y81.899
G1 F1500 X116.649 Y158.839 E463.99754
G0 F9000 X116.083 Y158.839
G1 F1500 X193.588 Y81.334 E467.64314
G0 F9000 X193.588 Y80.768
G1 F1500 X115.517 Y158.839 E471.31536
G0 F9000 X114.952 Y158.839
G1 F1500 X193.588 Y80.202 E475.01418
G0 F9000 X193.588 Y79.637
G1 F1500 X114.386 Y158.839 E478.73959
G0 F9000 X113.82 Y158.839
G1 F1500 X193.588 Y79.071 E482.49164
G0 F9000 X193.588 Y78.505
G1 F1500 X113.255 Y158.839 E486.27028
G0 F9000 X112.689 Y158.839
G1 F1500 X193.588 Y77.94 E490.07552
G0 F9000 X193.588 Y77.374
G1 F1500 X112.123 Y158.839 E493.90738
G0 F9000 X111.558 Y158.839
G1 F1500 X193.588 Y76.808 E497.76585
G0 F9000 X193.588 Y76.243
G1 F1500 X110.992 Y158.839 E501.65091
G0 F9000 X110.426 Y158.839
G1 F1500 X193.588 Y75.677 E505.56259
G0 F9000 X193.588 Y75.111
G1 F1500 X109.861 Y158.839 E509.50088
G0 F9000 X109.295 Y158.839
G1 F1500 X193.588 Y74.546 E513.46576
G0 F9000 X193.588 Y73.98
G1 F1500 X108.729 Y158.839 E517.45727
G0 F9000 X108.164 Y158.839
G1 F1500 X193.588 Y73.414 E521.47538
G0 F9000 X193.588 Y72.848
G1 F1500 X107.598 Y158.839 E525.52011
G0 F9000 X107.032 Y158.839
G1 F1500 X193.588 Y72.283 E529.59144
G0 F9000 X193.588 Y71.717
G1 F1500 X106.466 Y158.839 E533.68939
G0 F9000 X105.901 Y158.839
G1 F1500 X193.588 Y71.151 E537.81394
G0 F9000 X193.588 Y70.586
G1 F1500 X105.335 Y158.839 E541.96509
G0 F9000 X104.769 Y158.839
G1 F1500 X193.588 Y70.02 E546.14286
G0 F9000 X193.588 Y69.454
G1 F1500 X104.204 Y158.839 E550.34724
G0 F9000 X103.638 Y158.839
G1 F1500 X193.588 Y68.889 E554.57821
G0 F9000 X193.588 Y68.323
G1 F1500 X103.072 Y158.839 E558.8358
G0 F9000 X102.507 Y158.839
G1 F1500 X193.588 Y67.757 E563.12
G0 F9000 X193.588 Y67.192
G1 F1500 X101.941 Y158.839 E567.43079
G0 F9000 X101.375 Y158.839
G1 F1500 X193.588 Y66.626 E571.76821
G0 F9000 X193.588 Y66.06
G1 F1500 X100.81 Y158.839 E576.13222
G0 F9000 X100.244 Y158.839
G1 F1500 X193.588 Y65.495 E580.52284
G0 F9000 X193.588 Y64.929
G1 F1500 X99.678 Y158.839 E584.94008
G0 F9000 X99.113 Y158.839
G1 F1500 X193.588 Y64.363 E589.38392
G0 F9000 X193.588 Y63.798
G1 F1500 X98.547 Y158.839 E593.85435
G0 F9000 X97.981 Y158.839
G1 F1500 X193.588 Y63.232 E598.35141
G0 F9000 X193.588 Y62.666
G1 F1500 X97.415 Y158.839 E602.8751
G0 F9000 X96.85 Y158.839
G1 F1500 X193.588 Y62.1 E607.42538
G0 F9000 X193.588 Y61.535
G1 F1500 X96.284 Y158.839 E612.00226
G0 F9000 X95.718 Y158.839
G1 F1500 X193.398 Y61.159 E616.59683
G0 F9000 X192.832 Y61.159
G1 F1500 X95.153 Y158.839 E621.19137
G0 F9000 X94.587 Y158.839
G1 F1500 X192.267 Y61.159 E625.78594
G0 F9000 X191.701 Y61.159
G1 F1500 X94.021 Y158.839 E630.38051
G0 F9000 X93.456 Y158.839
G1 F1500 X191.135 Y61.159 E634.97505
G0 F9000 X190.57 Y61.159
G1 F1500 X92.89 Y158.839 E639.56962
G0 F9000 X92.324 Y158.839
G1 F1500 X190.004 Y61.159 E644.16419
G0 F9000 X189.438 Y61.159
G1 F1500 X91.759 Y158.839 E648.75873
G0 F9000 X91.193 Y158.839
G1 F1500 X188.873 Y61.159 E653.3533
G0 F9000 X188.307 Y61.159
G1 F1500 X90.627 Y158.839 E657.94787
G0 F9000 X90.062 Y158.839
G1 F1500 X187.741 Y61.159 E662.54241
G0 F9000 X187.176 Y61.159
G1 F1500 X89.496 Y158.839 E667.13698
G0 F9000 X88.93 Y158.839
G1 F1500 X186.61 Y61.159 E671.73155
G0 F9000 X186.044 Y61.159
G1 F1500 X88.365 Y158.839 E676.32609
G0 F9000 X87.799 Y158.839
G1 F1500 X185.479 Y61.159 E680.92066
G0 F9000 X184.913 Y61.159
G1 F1500 X87.233 Y158.839 E685.51523
G0 F9000 X86.667 Y158.839
G1 F1500 X184.347 Y61.159 E690.10979
G0 F9000 X183.782 Y61.159
G1 F1500 X86.102 Y158.839 E694.70436
G0 F9000 X85.536 Y158.839
G1 F1500 X183.216 Y61.159 E699.29893
G0 F9000 X182.65 Y61.159
G1 F1500 X84.97 Y158.839 E703.8935
G0 F9000 X84.405 Y158.839
G1 F1500 X182.084 Y61.159 E708.48804
G0 F9000 X181.519 Y61.159
G1 F1500 X83.839 Y158.839 E713.08261
G0 F9000 X83.273 Y158.839
G1 F1500 X180.953 Y61.159 E717.67718
G0 F9000 X180.387 Y61.159
G1 F1500 X82.708 Y158.839 E722.27172
G0 F9000 X82.142 Y158.839
G1 F1500 X179.822 Y61.159 E726.86629
G0 F9000 X179.256 Y61.159
G1 F1500 X81.576 Y158.839 E731.46086
G0 F9000 X81.011 Y158.839
G1 F1500 X178.69 Y61.159 E736.0554
G0 F9000 X178.125 Y61.159
G1 F1500 X80.445 Y158.839 E740.64997
G0 F9000 X79.879 Y158.839
G1 F1500 X177.559 Y61.159 E745.24454
G0 F9000 X176.993 Y61.159
G1 F1500 X79.314 Y158.839 E749.83908
G0 F9000 X78.748 Y158.839
G1 F1500 X176.428 Y61.159 E754.43365
G0 F9000 X175.862 Y61.159
G1 F1500 X78.182 Y158.839 E759.02822
G0 F9000 X77.616 Y158.839
G1 F1500 X175.296 Y61.159 E763.62278
G0 F9000 X174.731 Y61.159
G1 F1500 X77.051 Y158.839 E768.21735
G0 F9000 X76.485 Y158.839
G1 F1500 X174.165 Y61.159 E772.81192
G0 F9000 X173.599 Y61.159
G1 F1500 X75.919 Y158.839 E777.40649
G0 F9000 X75.354 Y158.839
G1 F1500 X173.033 Y61.159 E782.00103
G0 F9000 X172.468 Y61.159
G1 F1500 X74.788 Y158.839 E786.5956
G0 F9000 X74.222 Y158.839
G1 F1500 X171.902 Y61.159 E791.19017
G0 F9000 X171.336 Y61.159
G1 F1500 X73.657 Y158.839 E795.78471
G0 F9000 X73.091 Y158.839
G1 F1500 X170.771 Y61.159 E800.37928
G0 F9000 X170.205 Y61.159
G1 F1500 X72.525 Y158.839 E804.97385
G0 F9000 X71.96 Y158.839
G1 F1500 X169.639 Y61.159 E809.56839
G0 F9000 X169.074 Y61.159
G1 F1500 X71.394 Y158.839 E814.16296
G0 F9000 X70.828 Y158.839
G1 F1500 X168.508 Y61.159 E818.75753
G0 F9000 X167.942 Y61.159
G1 F1500 X70.263 Y158.839 E823.35207
G0 F9000 X69.697 Y158.839
G1 F1500 X167.377 Y61.159 E827.94664
G0 F9000 X166.811 Y61.159
G1 F1500 X69.131 Y158.839 E832.54121
G0 F9000 X68.566 Y158.839
G1 F1500 X166.245 Y61.159 E837.13575
G0 F9000 X165.68 Y61.159
G1 F1500 X68 Y158.839 E841.73032
G0 F9000 X67.434 Y158.839
G1 F1500 X165.114 Y61.159 E846.32489
G0 F9000 X164.548 Y61.159
G1 F1500 X66.868 Y158.839 E850.91945
G0 F9000 X66.303 Y158.839
G1 F1500 X163.983 Y61.159 E855.51402
G0 F9000 X163.417 Y61.159
G1 F1500 X65.737 Y158.839 E860.10859
G0 F9000 X65.171 Y158.839
G1 F1500 X162.851 Y61.159 E864.70316
G0 F9000 X162.285 Y61.159
G1 F1500 X64.606 Y158.839 E869.2977
G0 F9000 X64.04 Y158.839
G1 F1500 X161.72 Y61.159 E873.89227
G0 F9000 X161.154 Y61.159
G1 F1500 X63.474 Y158.839 E878.48684
G0 F9000 X62.909 Y158.839
G1 F1500 X160.588 Y61.159 E883.08138
G0 F9000 X160.023 Y61.159
G1 F1500 X62.343 Y158.839 E887.67595
G0 F9000 X61.777 Y158.839
G1 F1500 X159.457 Y61.159 E892.27052
G0 F9000 X158.891 Y61.159
G1 F1500 X61.212 Y158.839 E896.86506
G0 F9000 X60.646 Y158.839
G1 F1500 X158.326 Y61.159 E901.45963
G0 F9000 X157.76 Y61.159
G1 F1500 X60.08 Y158.839 E906.0542
G0 F9000 X59.515 Y158.839
G1 F1500 X157.194 Y61.159 E910.64874
G0 F9000 X156.629 Y61.159
G1 F1500 X58.949 Y158.839 E915.24331
G0 F9000 X58.383 Y158.839
G1 F1500 X156.063 Y61.159 E919.83788
G0 F9000 X155.497 Y61.159
G1 F1500 X57.818 Y158.839 E924.43242
G0 F9000 X57.252 Y158.839
G1 F1500 X154.932 Y61.159 E929.02699
G0 F9000 X154.366 Y61.159
G1 F1500 X56.686 Y158.839 E933.62155
G0 F9000 X56.12 Y158.839
G1 F1500 X153.8 Y61.159 E938.21612
G0 F9000 X153.234 Y61.159
G1 F1500 X55.555 Y158.839 E942.81067
G0 F9000 X54.989 Y158.839
G1 F1500 X152.669 Y61.159 E947.40523
G0 F9000 X152.103 Y61.159
G1 F1500 X54.423 Y158.839 E951.9998
G0 F9000 X53.858 Y158.839
G1 F1500 X151.537 Y61.159 E956.59435
G0 F9000 X150.972 Y61.159
G1 F1500 X53.292 Y158.839 E961.18891
G0 F9000 X52.726 Y158.839
G1 F1500 X150.406 Y61.159 E965.78348
G0 F9000 X149.84 Y61.159
G1 F1500 X52.161 Y158.839 E970.37803
G0 F9000 X51.595 Y158.839
G1 F1500 X149.275 Y61.159 E974.97259
G0 F9000 X148.709 Y61.159
G1 F1500 X51.029 Y158.839 E979.56716
G0 F9000 X50.464 Y158.839
G1 F1500 X148.143 Y61.159 E984.16171
G0 F9000 X147.578 Y61.159
G1 F1500 X49.898 Y158.839 E988.75627
G0 F9000 X49.332 Y158.839
G1 F1500 X147.012 Y61.159 E993.35084
G0 F9000 X146.446 Y61.159
G1 F1500 X48.767 Y158.839 E997.94539
G0 F9000 X48.201 Y158.839
G1 F1500 X145.881 Y61.159 E1002.53995
G0 F9000 X145.315 Y61.159
G1 F1500 X47.635 Y158.839 E1007.13452
G0 F9000 X47.069 Y158.839
G1 F1500 X144.749 Y61.159 E1011.72909
G0 F9000 X144.184 Y61.159
G1 F1500 X46.504 Y158.839 E1016.32366
G0 F9000 X45.938 Y158.839
G1 F1500 X143.618 Y61.159 E1020.91822
G0 F9000 X143.052 Y61.159
G1 F1500 X45.372 Y158.839 E1025.51279
G0 F9000 X44.807 Y158.839
G1 F1500 X142.486 Y61.159 E1030.10734
G0 F9000 X141.921 Y61.159
G1 F1500 X44.241 Y158.839 E1034.7019
G0 F9000 X43.675 Y158.839
G1 F1500 X141.355 Y61.159 E1039.29647
G0 F9000 X140.789 Y61.159
G1 F1500 X43.11 Y158.839 E1043.89102
G0 F9000 X42.544 Y158.839
G1 F1500 X140.224 Y61.159 E1048.48558
G0 F9000 X139.658 Y61.159
G1 F1500 X41.978 Y158.839 E1053.08015
G0 F9000 X41.413 Y158.839
G1 F1500 X139.092 Y61.159 E1057.67469
G0 F9000 X138.527 Y61.159
G1 F1500 X40.847 Y158.839 E1062.26926
G0 F9000 X40.281 Y158.839
G1 F1500 X137.961 Y61.159 E1066.86383
G0 F9000 X137.395 Y61.159
G1 F1500 X39.716 Y158.839 E1071.45837
G0 F9000 X39.15 Y158.839
G1 F1500 X136.83 Y61.159 E1076.05294
G0 F9000 X136.264 Y61.159
G1 F1500 X38.584 Y158.839 E1080.64751
G0 F9000 X38.019 Y158.839
G1 F1500 X135.698 Y61.159 E1085.24205
G0 F9000 X135.133 Y61.159
G1 F1500 X37.453 Y158.839 E1089.83662
G0 F9000 X36.887 Y158.839
G1 F1500 X134.567 Y61.159 E1094.43119
G0 F9000 X134.001 Y61.159
G1 F1500 X36.321 Y158.839 E1099.02576
G0 F9000 X35.756 Y158.839
G1 F1500 X133.435 Y61.159 E1103.6203
G0 F9000 X132.87 Y61.159
G1 F1500 X35.19 Y158.839 E1108.21487
G0 F9000 X34.624 Y158.839
G1 F1500 X132.304 Y61.159 E1112.80944
G0 F9000 X131.738 Y61.159
G1 F1500 X34.059 Y158.839 E1117.40398
G0 F9000 X33.493 Y158.839
G1 F1500 X131.173 Y61.159 E1121.99855
G0 F9000 X130.607 Y61.159
G1 F1500 X32.927 Y158.839 E1126.59312
G0 F9000 X32.362 Y158.839
G1 F1500 X130.041 Y61.159 E1131.18766
G0 F9000 X129.476 Y61.159
G1 F1500 X31.796 Y158.839 E1135.78223
G0 F9000 X31.23 Y158.839
G1 F1500 X128.91 Y61.159 E1140.3768
G0 F9000 X128.344 Y61.159
G1 F1500 X30.665 Y158.839 E1144.97134
G0 F9000 X30.281 Y158.657
G1 F1500 X127.779 Y61.159 E1149.55735
G0 F9000 X127.213 Y61.159
G1 F1500 X31.478 Y156.894 E1154.06043
G0 F9000 X31.647 Y156.159
G1 F1500 X126.647 Y61.159 E1158.52894
G0 F9000 X126.082 Y61.159
G1 F1500 X31.619 Y155.622 E1162.97219
G0 F9000 X31.501 Y155.174
G1 F1500 X125.516 Y61.159 E1167.39436
G0 F9000 X124.95 Y61.159
G1 F1500 X31.324 Y154.785 E1171.79824
G0 F9000 X31.093 Y154.451
G1 F1500 X124.385 Y61.159 E1176.18641
G0 F9000 X123.819 Y61.159
G1 F1500 X30.803 Y154.175 E1180.5616
G0 F9000 X30.48 Y153.932
G1 F1500 X123.253 Y61.159 E1184.92536
G0 F9000 X122.687 Y61.159
G1 F1500 X30.102 Y153.745 E1189.2803
G0 F9000 X29.657 Y153.624
G1 F1500 X122.122 Y61.159 E1193.62957
G0 F9000 X121.556 Y61.159
G1 F1500 X29.117 Y153.598 E1197.97761
G0 F9000 X28.42 Y153.729
G1 F1500 X120.99 Y61.159 E1202.33182
G0 F9000 X120.425 Y61.159
G1 F1500 X26.627 Y154.957 E1206.74379
G0 F9000 X26.411 Y154.607
G1 F1500 X119.859 Y61.159 E1211.1393
G0 F9000 X119.293 Y61.159
G1 F1500 X26.411 Y154.041 E1215.50819
G0 F9000 X26.411 Y153.476
G1 F1500 X118.728 Y61.159 E1219.85049
G0 F9000 X118.162 Y61.159
G1 F1500 X26.411 Y152.91 E1224.16618
G0 F9000 X26.411 Y152.344
G1 F1500 X117.596 Y61.159 E1228.45524
G0 F9000 X117.031 Y61.159
G1 F1500 X26.411 Y151.779 E1232.71773
G0 F9000 X26.411 Y151.213
G1 F1500 X116.465 Y61.159 E1236.95359
G0 F9000 X115.899 Y61.159
G1 F1500 X26.411 Y150.647 E1241.16283
G0 F9000 X26.411 Y150.082
G1 F1500 X115.334 Y61.159 E1245.3455
G0 F9000 X114.768 Y61.159
G1 F1500 X26.411 Y149.516 E1249.50154
G0 F9000 X26.411 Y148.95
G1 F1500 X114.202 Y61.159 E1253.63096
G0 F9000 X113.637 Y61.159
G1 F1500 X26.411 Y148.384 E1257.73378
G0 F9000 X26.411 Y147.819
G1 F1500 X113.071 Y61.159 E1261.81
G0 F9000 X112.505 Y61.159
G1 F1500 X26.411 Y147.253 E1265.8596
G0 F9000 X26.411 Y146.687
G1 F1500 X111.939 Y61.159 E1269.88258
G0 F9000 X111.374 Y61.159
G1 F1500 X26.411 Y146.122 E1273.87897
G0 F9000 X26.411 Y145.556
G1 F1500 X110.808 Y61.159 E1277.84875
G0 F9000 X110.242 Y61.159
G1 F1500 X26.411 Y144.99 E1281.7919
G0 F9000 X26.411 Y144.425
G1 F1500 X109.676 Y61.16 E1285.70843
G0 F9000 X109.11 Y61.16
G1 F1500 X26.411 Y143.859 E1289.59834
G0 F9000 X26.411 Y143.293
G1 F1500 X108.545 Y61.16 E1293.46165
G0 F9000 X107.979 Y61.16
G1 F1500 X26.411 Y142.728 E1297.29836
G0 F9000 X26.411 Y142.162
G1 F1500 X107.413 Y61.16 E1301.10844
G0 F9000 X106.848 Y61.16
G1 F1500 X26.411 Y141.596 E1304.89193
G0 F9000 X26.411 Y141.031
G1 F1500 X106.282 Y61.16 E1308.64882
G0 F9000 X105.716 Y61.16
G1 F1500 X26.411 Y140.465 E1312.37908
G0 F9000 X26.411 Y139.899
G1 F1500 X105.151 Y61.16 E1316.08275
G0 F9000 X104.585 Y61.16
G1 F1500 X26.411 Y139.333 E1319.75979
G0 F9000 X26.411 Y138.768
G1 F1500 X104.019 Y61.16 E1323.41023
G0 F9000 X103.453 Y61.16
G1 F1500 X26.411 Y138.202 E1327.03405
G0 F9000 X26.411 Y137.636
G1 F1500 X102.888 Y61.16 E1330.63127
G0 F9000 X102.322 Y61.16
G1 F1500 X26.411 Y137.071 E1334.20189
G0 F9000 X26.411 Y136.505
G1 F1500 X101.756 Y61.16 E1337.74589
G0 F9000 X101.191 Y61.16
G1 F1500 X26.411 Y135.939 E1341.26329
G0 F9000 X26.411 Y135.374
G1 F1500 X100.625 Y61.16 E1344.75409
G0 F9000 X100.059 Y61.16
G1 F1500 X26.411 Y134.808 E1348.21826
G0 F9000 X26.411 Y134.242
G1 F1500 X99.494 Y61.16 E1351.65584
G0 F9000 X98.928 Y61.16
G1 F1500 X26.411 Y133.677 E1355.06682
G0 F9000 X26.411 Y133.111
G1 F1500 X98.362 Y61.16 E1358.45117
G0 F9000 X97.797 Y61.16
G1 F1500 X26.411 Y132.545 E1361.80893
G0 F9000 X26.411 Y131.98
G1 F1500 X97.231 Y61.16 E1365.14008
G0 F9000 X96.665 Y61.16
G1 F1500 X26.411 Y131.414 E1368.44461
G0 F9000 X26.411 Y130.848
G1 F1500 X96.1 Y61.16 E1371.72255
G0 F9000 X95.534 Y61.16
G1 F1500 X26.411 Y130.283 E1374.97388
G0 F9000 X26.411 Y129.717
G1 F1500 X94.968 Y61.16 E1378.19859
G0 F9000 X94.402 Y61.16
G1 F1500 X26.411 Y129.151 E1381.39668
G0 F9000 X26.411 Y128.585
G1 F1500 X93.837 Y61.16 E1384.56817
G0 F9000 X93.271 Y61.16
G1 F1500 X26.411 Y128.02 E1387.71306
G0 F9000 X26.411 Y127.454
G1 F1500 X92.705 Y61.16 E1390.83133
G0 F9000 X92.14 Y61.16
G1 F1500 X26.411 Y126.888 E1393.92299
G0 F9000 X26.411 Y126.323
G1 F1500 X91.574 Y61.16 E1396.98806
G0 F9000 X91.008 Y61.16
G1 F1500 X26.411 Y125.757 E1400.0265
G0 F9000 X26.411 Y125.191
G1 F1500 X90.443 Y61.16 E1403.03835
G0 F9000 X89.877 Y61.16
G1 F1500 X26.411 Y124.626 E1406.0236
G0 F9000 X26.411 Y124.06
G1 F1500 X89.311 Y61.16 E1408.98222
G0 F9000 X88.746 Y61.16
G1 F1500 X26.411 Y123.494 E1411.91424
G0 F9000 X26.411 Y122.929
G1 F1500 X88.18 Y61.16 E1414.81967
G0 F9000 X87.614 Y61.16
G1 F1500 X26.411 Y122.363 E1417.69847
G0 F9000 X26.411 Y121.797
G1 F1500 X87.049 Y61.16 E1420.55067
G0 F9000 X86.483 Y61.16
G1 F1500 X26.411 Y121.232 E1423.37627
G0 F9000 X26.411 Y120.666
G1 F1500 X85.917 Y61.16 E1426.17525
G0 F9000 X85.352 Y61.16
G1 F1500 X26.411 Y120.1 E1428.94763
G0 F9000 X26.411 Y119.534
G1 F1500 X84.786 Y61.16 E1431.69339
G0 F9000 X84.22 Y61.16
G1 F1500 X26.411 Y118.969 E1434.41255
G0 F9000 X26.411 Y118.403
G1 F1500 X83.654 Y61.16 E1437.10509
G0 F9000 X83.089 Y61.16
G1 F1500 X26.411 Y117.837 E1439.77102
G0 F9000 X26.411 Y117.272
G1 F1500 X82.523 Y61.16 E1442.41036
G0 F9000 X81.957 Y61.16
G1 F1500 X26.411 Y116.706 E1445.02307
G0 F9000 X26.411 Y116.14
G1 F1500 X81.392 Y61.16 E1447.60919
G0 F9000 X80.826 Y61.16
G1 F1500 X26.411 Y115.575 E1450.1687
G0 F9000 X26.411 Y115.009
G1 F1500 X80.26 Y61.16 E1452.70159
G0 F9000 X79.695 Y61.16
G1 F1500 X26.411 Y114.443 E1455.20788
G0 F9000 X26.411 Y113.878
G1 F1500 X79.129 Y61.16 E1457.68758
G0 F9000 X78.563 Y61.16
G1 F1500 X26.411 Y113.312 E1460.14065
G0 F9000 X26.411 Y112.746
G1 F1500 X77.998 Y61.16 E1462.56712
G0 F9000 X77.432 Y61.16
G1 F1500 X26.411 Y112.181 E1464.96699
G0 F9000 X26.411 Y111.615
G1 F1500 X76.866 Y61.16 E1467.34024
G0 F9000 X76.301 Y61.16
G1 F1500 X26.411 Y111.049 E1469.68689
G0 F9000 X26.411 Y110.484
G1 F1500 X75.735 Y61.16 E1472.00694
G0 F9000 X75.169 Y61.16
G1 F1500 X26.411 Y109.918 E1474.30036
G0 F9000 X26.411 Y109.352
G1 F1500 X74.604 Y61.16 E1476.56719
G0 F9000 X74.038 Y61.16
G1 F1500 X26.411 Y108.786 E1478.8074
G0 F9000 X26.411 Y108.221
G1 F1500 X73.472 Y61.16 E1481.021
G0 F9000 X72.906 Y61.16
G1 F1500 X26.411 Y107.655 E1483.20798
G0 F9000 X26.411 Y107.089
G1 F1500 X72.341 Y61.16 E1485.36837
G0 F9000 X71.775 Y61.16
G1 F1500 X26.411 Y106.524 E1487.50215
G0 F9000 X26.411 Y105.958
G1 F1500 X71.209 Y61.16 E1489.60931
G0 F9000 X70.644 Y61.16
G1 F1500 X26.411 Y105.392 E1491.68987
G0 F9000 X26.411 Y104.827
G1 F1500 X70.078 Y61.16 E1493.74383
G0 F9000 X69.512 Y61.16
G1 F1500 X26.411 Y104.261 E1495.77117
G0 F9000 X26.411 Y103.695
G1 F1500 X68.947 Y61.16 E1497.77191
G0 F9000 X68.381 Y61.16
G1 F1500 X26.411 Y103.13 E1499.74605
G0 F9000 X26.411 Y102.564
G1 F1500 X67.815 Y61.16 E1501.69357
G0 F9000 X67.25 Y61.16
G1 F1500 X26.411 Y101.998 E1503.61449
G0 F9000 X26.411 Y101.433
G1 F1500 X66.684 Y61.16 E1505.50881
G0 F9000 X66.118 Y61.16
G1 F1500 X26.411 Y100.867 E1507.3765
G0 F9000 X26.411 Y100.301
G1 F1500 X65.553 Y61.16 E1509.2176
G0 F9000 X64.987 Y61.16
G1 F1500 X26.411 Y99.735 E1511.03207
G0 F9000 X26.411 Y99.17
G1 F1500 X64.421 Y61.16 E1512.81994
G0 F9000 X63.855 Y61.16
G1 F1500 X26.411 Y98.604 E1514.58119
G0 F9000 X26.411 Y98.038
G1 F1500 X63.29 Y61.16 E1516.31585
G0 F9000 X62.724 Y61.16
G1 F1500 X26.411 Y97.473 E1518.0239
G0 F9000 X26.411 Y96.907
G1 F1500 X62.158 Y61.16 E1519.70533
G0 F9000 X61.593 Y61.16
G1 F1500 X26.411 Y96.341 E1521.36016
G0 F9000 X26.411 Y95.776
G1 F1500 X29.871 Y92.316 E1521.52291
G0 F9000 X29.221 Y92.4
G1 F1500 X26.411 Y95.21 E1521.65508
G0 F9000 X26.411 Y94.644
G1 F1500 X28.714 Y92.342 E1521.76338
G0 F9000 X28.285 Y92.205
G1 F1500 X26.411 Y94.079 E1521.85153
G0 F9000 X26.411 Y93.513
G1 F1500 X27.913 Y92.012 E1521.92216
G0 F9000 X27.607 Y91.752
G1 F1500 X26.411 Y92.947 E1521.97839
G0 F9000 X26.411 Y92.382
G1 F1500 X27.338 Y91.455 E1522.02199
G0 F9000 X27.104 Y91.123
G1 F1500 X26.411 Y91.816 E1522.05459
G0 F9000 X26.411 Y91.25
G1 F1500 X26.619 Y91.043 E1522.06435
G1 F2700 E1517.06435
G0 F9000 X25.951 Y91.041
G0 X26.031 Y89.251
G0 X27.27 Y89.519
G0 X26.916 Y89.049
G1 F2700 E1522.06435
G1 F1500 X27.14 Y88.825 E1522.07488
G0 F9000 X26.486 Y88.913
G1 F1500 X54.239 Y61.16 E1523.3803
G0 F9000 X54.805 Y61.16
G1 F1500 X28.051 Y87.913 E1524.6387
G0 F9000 X28.927 Y87.603
G1 F1500 X55.37 Y61.16 E1525.8825
G0 F9000 X55.936 Y61.16
G1 F1500 X29.498 Y87.598 E1527.12606
G0 F9000 X29.958 Y87.703
G1 F1500 X56.502 Y61.16 E1528.37459
G0 F9000 X57.067 Y61.16
G1 F1500 X30.358 Y87.869 E1529.6309
G0 F9000 X30.707 Y88.086
G1 F1500 X57.633 Y61.16 E1530.89741
G0 F9000 X58.199 Y61.16
G1 F1500 X31.008 Y88.35 E1532.17637
G0 F9000 X31.25 Y88.674
G1 F1500 X58.764 Y61.16 E1533.47055
G0 F9000 X59.33 Y61.16
G1 F1500 X31.454 Y89.036 E1534.78175
G0 F9000 X31.604 Y89.452
G1 F1500 X59.896 Y61.16 E1536.11252
G0 F9000 X60.461 Y61.16
G1 F1500 X31.662 Y89.96 E1537.46716
G0 F9000 X31.58 Y90.607
G1 F1500 X61.027 Y61.16 E1538.85225
G0 F9000 X61.027 Y60.7
G0 X53.673 Y60.7
G0 X53.673 Y61.16
G1 F1500 X26.412 Y88.421 E1540.13453
G0 F9000 X26.412 Y87.855
G1 F1500 X53.107 Y61.16 E1541.39018
G0 F9000 X52.542 Y61.16
G1 F1500 X26.412 Y87.29 E1542.61925
G0 F9000 X26.412 Y86.724
G1 F1500 X51.976 Y61.16 E1543.82171
G0 F9000 X51.41 Y61.16
G1 F1500 X26.412 Y86.158 E1544.99753
G0 F9000 X26.412 Y85.593
G1 F1500 X50.845 Y61.16 E1546.14679
G0 F9000 X50.279 Y61.16
G1 F1500 X26.412 Y85.027 E1547.26942
G0 F9000 X26.412 Y84.461
G1 F1500 X49.713 Y61.16 E1548.36543
G0 F9000 X49.148 Y61.16
G1 F1500 X26.412 Y83.896 E1549.43486
G0 F9000 X26.412 Y83.33
G1 F1500 X48.582 Y61.16 E1550.47767
G0 F9000 X48.016 Y61.16
G1 F1500 X26.412 Y82.764 E1551.49385
G0 F9000 X26.412 Y82.199
G1 F1500 X47.451 Y61.16 E1552.48346
G0 F9000 X46.885 Y61.16
G1 F1500 X26.412 Y81.633 E1553.44645
G0 F9000 X26.412 Y81.067
G1 F1500 X46.319 Y61.16 E1554.38281
G0 F9000 X45.754 Y61.16
G1 F1500 X26.412 Y80.501 E1555.29258
G0 F9000 X26.412 Y79.936
G1 F1500 X45.188 Y61.16 E1556.17574
G0 F9000 X44.622 Y61.16
G1 F1500 X26.412 Y79.37 E1557.03229
G0 F9000 X26.412 Y78.804
G1 F1500 X44.056 Y61.16 E1557.86221
G0 F9000 X43.491 Y61.16
G1 F1500 X26.412 Y78.239 E1558.66555
G0 F9000 X26.412 Y77.673
G1 F1500 X42.925 Y61.16 E1559.44227
G0 F9000 X42.359 Y61.16
G1 F1500 X26.412 Y77.107 E1560.19237
G0 F9000 X26.412 Y76.542
G1 F1500 X41.794 Y61.16 E1560.91589
G0 F9000 X41.228 Y61.16
G1 F1500 X26.412 Y75.976 E1561.61279
G0 F9000 X26.412 Y75.41
G1 F1500 X40.662 Y61.16 E1562.28307
G0 F9000 X40.097 Y61.16
G1 F1500 X26.412 Y74.845 E1562.92677
G0 F9000 X26.412 Y74.279
G1 F1500 X39.531 Y61.16 E1563.54384
G0 F9000 X38.965 Y61.16
G1 F1500 X26.412 Y73.713 E1564.1343
G0 F9000 X26.412 Y73.148
G1 F1500 X38.4 Y61.16 E1564.69818
G0 F9000 X37.834 Y61.16
G1 F1500 X26.412 Y72.582 E1565.23543
G0 F9000 X26.412 Y72.016
G1 F1500 X37.268 Y61.16 E1565.74607
G0 F9000 X36.703 Y61.16
G1 F1500 X26.412 Y71.451 E1566.23012
G0 F9000 X26.412 Y70.885
G1 F1500 X36.137 Y61.16 E1566.68756
G0 F9000 X35.571 Y61.16
G1 F1500 X26.412 Y70.319 E1567.11837
G0 F9000 X26.412 Y69.753
G1 F1500 X35.006 Y61.16 E1567.52258
G0 F9000 X34.44 Y61.16
G1 F1500 X26.412 Y69.188 E1567.90019
G0 F9000 X26.412 Y68.622
G1 F1500 X33.874 Y61.16 E1568.25118
G0 F9000 X33.308 Y61.16
G1 F1500 X26.412 Y68.056 E1568.57555
G0 F9000 X26.412 Y67.491
G1 F1500 X32.743 Y61.16 E1568.87334
G0 F9000 X32.177 Y61.16
G1 F1500 X26.412 Y66.925 E1569.14451
G0 F9000 X26.412 Y66.359
G1 F1500 X31.611 Y61.16 E1569.38905
G0 F9000 X31.046 Y61.16
G1 F1500 X26.412 Y65.794 E1569.60702
G0 F9000 X26.412 Y65.228
G1 F1500 X30.48 Y61.16 E1569.79837
G0 F9000 X29.914 Y61.16
G1 F1500 X26.412 Y64.662 E1569.96309
G0 F9000 X26.412 Y64.097
G1 F1500 X29.349 Y61.16 E1570.10124
G0 F9000 X28.783 Y61.16
G1 F1500 X26.412 Y63.531 E1570.21276
G0 F9000 X26.412 Y62.965
G1 F1500 X28.217 Y61.16 E1570.29767
G0 F9000 X27.652 Y61.16
G1 F1500 X26.412 Y62.4 E1570.35599
G0 F9000 X26.412 Y61.834
G1 F1500 X27.086 Y61.16 E1570.3877
G0 F9000 X26.52 Y61.16
G1 F1500 X26.412 Y61.268 E1570.39277
G1 F2700 E1565.39277
G0 F9000 X25.951 Y61.266
G0 X26.031 Y156.889
G0 X27.273 Y156.487
G0 X26.892 Y156.955
G1 F2700 E1570.39277
G1 F1500 X26.411 Y157.436 E1570.4154
G0 F9000 X26.411 Y158.002
G1 F1500 X27.181 Y157.232 E1570.45162
G0 F9000 X27.413 Y157.565
G1 F1500 X26.411 Y158.567 E1570.49875
G0 F9000 X26.706 Y158.838
G1 F1500 X27.705 Y157.838 E1570.54576
G0 F9000 X28.035 Y158.075
G1 F1500 X27.272 Y158.838 E1570.58165
G0 F9000 X27.838 Y158.838
G1 F1500 X28.288 Y158.387 E1570.60284
G1 F2700 E1565.60284
G0 F9000 X28.548 Y157.826
G0 X29.85 Y157.583
G0 X30.211 Y157.393
G0 X30.459 Y157.173
G0 X31.286 Y155.994
G0 X188.716 Y89.997
G0 X190.047 Y87.703
G1 F2700 E1570.60284
G1 F1500 X193.588 Y84.162 E1570.7694
G0 F9000 X193.588 Y84.728
G1 F1500 X190.718 Y87.599 E1570.90442
G0 F9000 X191.237 Y87.645
G1 F1500 X193.588 Y85.294 E1571.015
G0 F9000 X193.588 Y85.859
G1 F1500 X191.675 Y87.773 E1571.10501
G0 F9000 X192.048 Y87.965
G1 F1500 X193.588 Y86.425 E1571.17745
G0 F9000 X193.588 Y86.991
G1 F1500 X192.361 Y88.218 E1571.23516
G0 F9000 X192.637 Y88.508
G1 F1500 X193.588 Y87.556 E1571.27992
G0 F9000 X193.588 Y88.122
G1 F1500 X192.87 Y88.84 E1571.31369
G0 F9000 X193.032 Y89.244
G1 F1500 X193.29 Y88.986 E1571.32582
G1 X193.291 Y88.985
G1 X193.588 Y88.688 E1571.33979
G0 F9000 X193.588 Y89.253
G1 F1500 X193.129 Y89.712 E1571.36138
G0 F9000 X193.588 Y89.819
G1 F1500 X193.132 Y90.276 E1571.38286
G0 F9000 X193.588 Y90.385
G1 F1500 X193.041 Y90.932 E1571.40858
G1 X192.993 Y90.98
G1 X192.918 Y91.055 E1571.41211
G0 F9000 X193.472 Y91.067
G1 F1500 X193.588 Y90.95 E1571.41759
G1 F2700 E1566.41759
;MESH:NONMESH
G0 F300 X193.588 Y90.95 Z1
G0 F9000 X194.05 Y90.95
G0 X193.95 Y91.618
G0 X31.057 Y90.938
G0 X30.299 Y91.53
;TIME_ELAPSED:7851.557406
;LAYER:4
;TYPE:WALL-INNER
;MESH:Box_Cover.stl
G1 F2700 E1571.41759
G1 F1500 X29.912 Y91.729 E1571.43207
G1 X29.482 Y91.841 E1571.44685
G1 X29.021 Y91.841 E1571.46218
G1 X28.595 Y91.735 E1571.47678
G1 X28.196 Y91.527 E1571.49174
G1 X27.862 Y91.229 E1571.50663
G1 X27.608 Y90.862 E1571.52148
G1 X27.45 Y90.447 E1571.53625
G1 X27.395 Y90 E1571.55123
G1 X27.45 Y89.553 E1571.56621
G1 X27.608 Y89.137 E1571.58101
G1 X27.862 Y88.771 E1571.59582
G1 X28.196 Y88.473 E1571.61071
G1 X28.595 Y88.265 E1571.62568
G1 X29.021 Y88.159 E1571.64028
G1 X29.482 Y88.159 E1571.65561
G1 X29.912 Y88.272 E1571.6704
G1 X30.327 Y88.495 E1571.68607
G1 X30.641 Y88.775 E1571.70006
G1 X30.889 Y89.14 E1571.71474
G1 X31.051 Y89.562 E1571.72977
G1 X31.103 Y89.997 E1571.74434
G1 X31.039 Y90.471 E1571.76025
G1 X30.883 Y90.878 E1571.77475
G1 X30.626 Y91.236 E1571.78941
G1 X30.299 Y91.53 E1571.80403
G1 F2700 E1566.80403
G0 F9000 X30.437 Y91.794
G0 X31.346 Y156
G0 X31.291 Y156.451
G0 X30.884 Y157.399
G0 X30.638 Y157.229
G1 F2700 E1571.80403
G1 F1500 X30.299 Y157.531 E1571.81913
G1 X29.903 Y157.736 E1571.83396
G1 X29.506 Y157.833 E1571.84756
G1 X29.028 Y157.842 E1571.86346
G1 X28.596 Y157.736 E1571.87825
G1 X28.201 Y157.531 E1571.89305
G1 X27.863 Y157.23 E1571.90811
G1 X27.608 Y156.863 E1571.92297
G1 X27.45 Y156.447 E1571.93777
G1 X27.395 Y156 E1571.95275
G1 X27.45 Y155.553 E1571.96773
G1 X27.608 Y155.137 E1571.98253
G1 X27.862 Y154.771 E1571.99735
G1 X28.196 Y154.473 E1572.01224
G1 X28.595 Y154.265 E1572.0272
G1 X29.021 Y154.159 E1572.0418
G1 X29.482 Y154.159 E1572.05714
G1 X29.912 Y154.272 E1572.07192
G1 X30.327 Y154.495 E1572.08759
G1 X30.63 Y154.768 E1572.10116
G1 X30.896 Y155.145 E1572.1165
G1 X31.045 Y155.552 E1572.13092
G1 X31.104 Y155.996 E1572.14582
G1 X31.05 Y156.446 E1572.16089
G1 X30.893 Y156.862 E1572.17568
G1 X30.638 Y157.229 E1572.19054
G1 F2700 E1567.19054
G0 F9000 X30.884 Y157.399
G0 X189.115 Y157.398
G0 X189.362 Y157.229
G1 F2700 E1572.19054
G1 F1500 X189.107 Y156.862 E1572.20541
G1 X188.95 Y156.446 E1572.2202
G1 X188.896 Y155.996 E1572.23527
G1 X188.955 Y155.552 E1572.25017
G1 X189.104 Y155.154 E1572.2643
G1 X189.358 Y154.775 E1572.27948
G1 X189.702 Y154.469 E1572.29479
G1 X190.088 Y154.272 E1572.3092
G1 X190.518 Y154.159 E1572.32399
G1 X190.979 Y154.159 E1572.33932
G1 X191.405 Y154.265 E1572.35393
G1 X191.804 Y154.473 E1572.36889
G1 X192.138 Y154.771 E1572.38378
G1 X192.393 Y155.138 E1572.39864
G1 X192.551 Y155.557 E1572.41354
G1 X192.6 Y156 E1572.42836
G1 X192.55 Y156.445 E1572.44325
G1 X192.393 Y156.862 E1572.45807
G1 X192.137 Y157.23 E1572.47298
G1 X191.799 Y157.531 E1572.48804
G1 X191.403 Y157.736 E1572.50287
G1 X191.006 Y157.833 E1572.51646
G1 X190.528 Y157.842 E1572.53236
G1 X190.096 Y157.736 E1572.54716
G1 X189.7 Y157.531 E1572.56199
G1 X189.362 Y157.229 E1572.57706
G0 F9000 X189.115 Y157.398
G0 X189.561 Y157.724
G0 X189.922 Y157.915
G0 X193.88 Y159.13
G0 X194.15 Y159.4
G1 F1500 X194.15 Y60.6 E1575.86317
G1 X25.851 Y60.601 E1581.46081
G1 X25.85 Y159.4 E1584.74688
G1 X194.15 Y159.4 E1590.34456
G1 F2700 E1585.34456
G0 F9000 X193.88 Y159.13
G0 X189.474 Y91.729
G0 X189.673 Y91.505
G1 F2700 E1590.34456
G1 F1500 X189.359 Y91.224 E1590.35858
G1 X189.106 Y90.862 E1590.37327
G1 X188.952 Y90.436 E1590.38833
G1 X188.897 Y89.996 E1590.40308
G1 X188.95 Y89.554 E1590.41789
G1 X189.111 Y89.133 E1590.43288
G1 X189.361 Y88.773 E1590.44746
G1 X189.702 Y88.469 E1590.46265
G1 X190.088 Y88.272 E1590.47706
G1 X190.518 Y88.159 E1590.49185
G1 X190.979 Y88.159 E1590.50718
G1 X191.405 Y88.265 E1590.52179
G1 X191.804 Y88.473 E1590.53675
G1 X192.138 Y88.771 E1590.55164
G1 X192.393 Y89.138 E1590.5665
G1 X192.551 Y89.557 E1590.5814
G1 X192.6 Y90 E1590.59622
G1 X192.55 Y90.445 E1590.61111
G1 X192.393 Y90.862 E1590.62593
G1 X192.138 Y91.229 E1590.6408
G1 X191.804 Y91.527 E1590.65569
G1 X191.405 Y91.735 E1590.67065
G1 X190.979 Y91.841 E1590.68525
G1 X190.518 Y91.841 E1590.70059
G1 X190.088 Y91.729 E1590.71536
G1 X189.673 Y91.505 E1590.73105
G0 F9000 X189.931 Y91.198
;TYPE:WALL-OUTER
G1 F1500 X189.674 Y90.971 E1590.74245
G1 X189.456 Y90.653 E1590.75528
G1 X189.339 Y90.332 E1590.76664
G1 X189.301 Y89.981 E1590.77838
G1 X189.341 Y89.657 E1590.78924
G1 X189.462 Y89.332 E1590.80078
G1 X189.666 Y89.037 E1590.81271
G1 X189.918 Y88.811 E1590.82396
G1 X190.234 Y88.644 E1590.83585
G1 X190.549 Y88.564 E1590.84666
G1 X190.951 Y88.564 E1590.86003
G1 X191.242 Y88.636 E1590.87
G1 X191.593 Y88.82 E1590.88318
G1 X191.85 Y89.057 E1590.89481
G1 X192.044 Y89.347 E1590.90642
G1 X192.151 Y89.63 E1590.91648
G1 X192.2 Y90 E1590.92889
G1 X192.161 Y90.334 E1590.94008
G1 X192.021 Y90.697 E1590.95302
G1 X191.819 Y90.978 E1590.96453
G1 X191.552 Y91.208 E1590.97625
G1 X191.242 Y91.364 E1590.98779
G1 X190.951 Y91.436 E1590.99776
G1 X190.549 Y91.436 E1591.01113
G1 X190.234 Y91.356 E1591.02194
G1 X189.931 Y91.198 E1591.03331
G1 F2700 E1586.03331
G0 F9000 X189.605 Y91.816
G0 X188.654 Y156
G0 X188.704 Y156.406
G0 X189.074 Y157.34
G0 X189.65 Y156.943
G1 F2700 E1591.03331
G1 F1500 X189.456 Y156.653 E1591.04491
G1 X189.349 Y156.37 E1591.05498
G1 X189.302 Y155.976 E1591.06817
G1 X189.343 Y155.651 E1591.07907
G1 X189.479 Y155.303 E1591.0915
G1 X189.681 Y155.022 E1591.10301
G1 X189.918 Y154.811 E1591.11356
G1 X190.234 Y154.644 E1591.12545
G1 X190.549 Y154.564 E1591.13626
G1 X190.951 Y154.564 E1591.14963
G1 X191.242 Y154.636 E1591.1596
G1 X191.593 Y154.82 E1591.17278
G1 X191.85 Y155.057 E1591.18441
G1 X192.044 Y155.347 E1591.19601
G1 X192.151 Y155.63 E1591.20607
G1 X192.2 Y156 E1591.21849
G1 X192.161 Y156.334 E1591.22967
G1 X192.021 Y156.697 E1591.24261
G1 X191.819 Y156.978 E1591.25412
G1 X191.552 Y157.208 E1591.26584
G1 X191.242 Y157.364 E1591.27739
G1 X190.937 Y157.439 E1591.28783
G1 X190.549 Y157.436 E1591.30074
G1 X190.258 Y157.364 E1591.31071
G1 X189.907 Y157.18 E1591.32389
G1 X189.65 Y156.943 E1591.33552
G1 F2700 E1586.33552
G0 F9000 X189.074 Y157.34
G0 X194.28 Y159.53
G0 X194.55 Y159.8
G1 F2700 E1591.33552
G1 F1500 X194.55 Y60.2 E1594.64823
G1 X25.451 Y60.201 E1600.27248
G1 X25.45 Y159.8 E1603.58516
G1 X194.55 Y159.8 E1609.20945
G1 F2700 E1604.20945
G0 F9000 X194.28 Y159.53
G0 X30.782 Y157.503
G0 X30.319 Y156.978
G1 F2700 E1609.20945
G1 F1500 X30.052 Y157.208 E1609.22117
G1 X29.742 Y157.364 E1609.23271
G1 X29.437 Y157.439 E1609.24316
G1 X29.049 Y157.436 E1609.25606
G1 X28.758 Y157.364 E1609.26603
G1 X28.407 Y157.18 E1609.27921
G1 X28.15 Y156.943 E1609.29084
G1 X27.956 Y156.653 E1609.30245
G1 X27.839 Y156.334 E1609.31375
G1 X27.801 Y156 E1609.32493
G1 X27.849 Y155.63 E1609.33734
G1 X27.979 Y155.303 E1609.34904
G1 X28.181 Y155.022 E1609.36055
G1 X28.448 Y154.792 E1609.37227
G1 X28.758 Y154.636 E1609.38382
G1 X29.049 Y154.564 E1609.39379
G1 X29.451 Y154.564 E1609.40716
G1 X29.766 Y154.644 E1609.41797
G1 X30.069 Y154.802 E1609.42933
G1 X30.334 Y155.037 E1609.44111
G1 X30.521 Y155.303 E1609.45193
G1 X30.657 Y155.651 E1609.46435
G1 X30.698 Y155.976 E1609.47525
G1 X30.651 Y156.37 E1609.48845
G1 X30.521 Y156.697 E1609.50015
G1 X30.319 Y156.978 E1609.51166
G1 F2700 E1604.51166
G0 F9000 X30.782 Y157.503
G0 X31.106 Y156.973
G0 X31.285 Y156.501
G0 X31.32 Y156.217
G0 X30.544 Y91.713
G0 X30.082 Y91.189
G1 F2700 E1609.51166
G1 F1500 X29.766 Y91.356 E1609.52355
G1 X29.451 Y91.436 E1609.53436
G1 X29.049 Y91.436 E1609.54773
G1 X28.758 Y91.364 E1609.5577
G1 X28.407 Y91.18 E1609.57088
G1 X28.15 Y90.943 E1609.58251
G1 X27.956 Y90.653 E1609.59411
G1 X27.839 Y90.334 E1609.60541
G1 X27.801 Y90 E1609.6166
G1 X27.849 Y89.63 E1609.629
G1 X27.979 Y89.303 E1609.64071
G1 X28.181 Y89.022 E1609.65222
G1 X28.448 Y88.792 E1609.66394
G1 X28.758 Y88.636 E1609.67548
G1 X29.049 Y88.564 E1609.68545
G1 X29.451 Y88.564 E1609.69882
G1 X29.766 Y88.644 E1609.70963
G1 X30.069 Y88.802 E1609.721
G1 X30.334 Y89.037 E1609.73278
G1 X30.538 Y89.332 E1609.74471
G1 X30.655 Y89.644 E1609.75579
G1 X30.699 Y90.02 E1609.76838
G1 X30.651 Y90.37 E1609.78013
G1 X30.524 Y90.693 E1609.79168
G1 X30.338 Y90.958 E1609.80244
G1 X30.082 Y91.189 E1609.81391
G0 F9000 X30.358 Y91.583
;TYPE:FILL
G1 F3000 X98.093 Y159.318 E1612.99996
G0 F9000 X98.666 Y159.319
G1 F3000 X194.069 Y133.756 E1616.28501
G0 F9000 X194.069 Y133.518
G1 F3000 X187.156 Y159.32 E1617.17346
G0 F9000 X187.156 Y159.1
G0 X188.603 Y159.1
G0 X188.603 Y159.319
G1 F3000 X120.246 Y90.962 E1620.38876
G0 F9000 X120.255 Y91.062
G0 X118.501 Y91.069
G0 X118.507 Y90.969
G1 F3000 X100.192 Y159.32 E1622.74232
G0 F9000 X100.192 Y159.1
G0 X103.75 Y159.1
G0 X103.75 Y159.318
G1 F3000 X25.93 Y81.499 E1626.40271
G0 F9000 X25.93 Y81.01
G1 F3000 X31.378 Y60.679 E1627.10278
G0 F9000 X31.378 Y60.9
G0 X33.395 Y60.9
G0 X33.395 Y60.68
G1 F3000 X47.471 Y74.756 E1627.76487
G0 F9000 X47.394 Y74.694
G0 X48.552 Y73.546
G0 X48.615 Y73.621
G1 F3000 X52.083 Y60.679 E1628.21051
G0 F9000 X52.083 Y60.9
G0 X50.366 Y60.9
G0 X50.366 Y60.68
G1 F3000 X60.76 Y71.074 E1628.69941
G0 F9000 X61.683 Y71.215
G1 F3000 X64.507 Y60.679 E1629.06221
G0 F9000 X64.97 Y60.679
G1 F3000 X25.931 Y71.14 E1630.40646
G0 F9000 X25.93 Y70.185
G1 F3000 X115.064 Y159.319 E1634.59905
G0 F9000 X114.122 Y159.319
G1 F3000 X194.069 Y137.897 E1637.35191
G0 F9000 X193.85 Y137.897
G0 X193.85 Y136.5
G0 X194.068 Y136.5
G1 F3000 X166.124 Y108.555 E1638.66633
G0 F9000 X166.799 Y107.934
G1 F3000 X194.069 Y100.628 E1639.60532
G0 F9000 X193.85 Y100.628
G0 X193.85 Y102.559
G0 X194.068 Y102.559
G1 F3000 X175.824 Y84.314 E1640.46349
G0 F9000 X175.86 Y84.801
G1 F3000 X194.069 Y79.922 E1641.09048
G1 X194.068 Y79.932
G1 X174.817 Y60.68 E1641.99601
G0 F9000 X174.817 Y60.9
G0 X176.317 Y60.9
G0 X176.317 Y60.678
G1 F3000 X173.509 Y71.155 E1642.35678
G0 F9000 X173.98 Y71.156
G1 F3000 X163.503 Y60.68 E1642.84956
G0 F9000 X163.893 Y60.679
G1 F3000 X159.822 Y75.872 E1643.37271
G0 F9000 X159.822 Y76.675
G1 F3000 X168.571 Y74.331 E1643.67397
G1 X168.496 Y74.41
G1 X172.175 Y60.678 E1644.1468
G0 F9000 X173.156 Y60.679
G1 F3000 X128.756 Y72.576 E1645.67565
G0 F9000 X128.841 Y72.523
G0 X128.533 Y72.13
G0 X127.828 Y71.593
G0 X127.814 Y71.691
G1 F3000 X130.764 Y60.679 E1646.05482
G0 F9000 X130.764 Y60.9
G0 X129.562 Y60.9
G0 X129.562 Y60.68
G1 F3000 X144.492 Y75.61 E1646.75708
G0 F9000 X144.393 Y75.61
G0 X144.393 Y76.642
G0 X144.491 Y76.642
G1 F3000 X139.159 Y78.071 E1646.94068
G0 F9000 X139.258 Y78.071
G0 X139.258 Y75.933
G0 X139.157 Y75.932
G1 F3000 X144.492 Y81.267 E1647.19163
G0 F9000 X144.491 Y80.783
G1 F3000 X139.158 Y82.212 E1647.37526
G0 F9000 X139.157 Y81.588
G1 F3000 X144.492 Y86.923 E1647.6262
G0 F9000 X144.492 Y86.72
G1 F3000 X125.039 Y159.32 E1650.12607
G0 F9000 X125.039 Y159.1
G0 X126.378 Y159.1
G0 X126.378 Y159.319
G1 F3000 X58.326 Y91.267 E1653.32702
G0 F9000 X58.333 Y91.367
G0 X59.425 Y91.258
G0 X59.412 Y91.156
G1 F3000 X25.93 Y100.128 E1654.47993
G0 F9000 X26.15 Y100.128
G0 X26.15 Y98.469
G0 X25.93 Y98.469
G1 F3000 X86.779 Y159.318 E1657.34208
G0 F9000 X87.769 Y159.32
G1 F3000 X106.117 Y90.846 E1659.69988
G0 F9000 X106.121 Y90.946
G0 X108.404 Y90.495
G0 X108.37 Y90.4
G1 F3000 X177.29 Y159.319 E1662.94164
G0 F9000 X177.29 Y159.1
G0 X175.941 Y159.1
G0 X175.941 Y159.319
G1 F3000 X188.831 Y155.865 E1663.38549
G0 F9000 X188.613 Y155.839
G0 X188.841 Y155.181
G0 X189.346 Y154.384
G0 X189.491 Y154.55
G1 F3000 X123.206 Y88.265 E1666.50333
G0 F9000 X123.533 Y87.667
G1 F3000 X104.333 Y159.32 E1668.97059
G0 F9000 X104.333 Y159.1
G0 X108.475 Y159.1
G0 X108.475 Y159.32
G1 F3000 X129.025 Y82.623 E1671.61153
G0 F9000 X129.207 Y82.952
G1 F3000 X127.191 Y80.936 E1671.70635
G0 F9000 X126.978 Y81.334
G1 F3000 X128.142 Y81.023 E1671.74643
G0 F9000 X128.056 Y81.07
G0 X130.056 Y84.675
G0 X130.143 Y84.627
G1 F3000 X124.346 Y86.181 E1671.94604
G0 F9000 X124.433 Y86.229
G0 X125.293 Y84.655
G0 X125.205 Y84.607
G1 F3000 X194.068 Y153.471 E1675.18517
G0 F9000 X194.069 Y154.462
G1 F3000 X192.342 Y154.925 E1675.24464
G1 X192.438 Y155.06
G1 X194.069 Y148.973 E1675.45424
G0 F9000 X193.85 Y148.973
G0 X193.85 Y147.814
G0 X194.068 Y147.814
G1 F3000 X137.228 Y90.973 E1678.12784
G1 X137.384 Y90.97
G1 X25.93 Y120.833 E1681.96557
G0 F9000 X25.93 Y121.096
G1 F3000 X64.152 Y159.318 E1683.76342
G0 F9000 X64.152 Y159.1
G0 X62.922 Y159.1
G0 X62.922 Y159.32
G1 F3000 X81.362 Y90.503 E1686.13303
G0 F9000 X80.56 Y90.874
G1 F3000 X149.005 Y159.319 E1689.35247
G0 F9000 X149.886 Y159.32
G1 F3000 X163.723 Y107.679 E1691.13065
G0 F9000 X163.643 Y107.737
G0 X164.507 Y108.617
G0 X164.563 Y108.534
G1 F3000 X25.931 Y145.68 E1695.90422
G0 F9000 X26.15 Y145.68
G0 X26.15 Y143.724
G0 X25.93 Y143.724
G1 F3000 X41.524 Y159.318 E1696.63771
G0 F9000 X42.217 Y159.32
G1 F3000 X60.521 Y91.009 E1698.9899
G0 F9000 X60.534 Y91.111
G0 X63.222 Y90.58
G0 X63.198 Y90.482
G1 F3000 X132.035 Y159.319 E1702.22778
G0 F9000 X132.035 Y159.1
G0 X133.321 Y159.1
G0 X133.321 Y159.319
G1 F3000 X154.99 Y78.451 E1705.01234
G0 F9000 X154.989 Y77.97
G1 F3000 X149.58 Y79.419 E1705.19859
G0 F9000 X149.68 Y79.42
G0 X149.679 Y80.697
G0 X149.578 Y80.696
G1 F3000 X155.075 Y86.193 E1705.45715
G1 X155.074 Y86.229
G1 X149.576 Y87.703 E1705.64647
G0 F9000 X149.676 Y87.704
G0 X149.677 Y86.352
G0 X149.576 Y86.351
G1 F3000 X158.182 Y94.957 E1706.05127
G0 F9000 X158.906 Y94.745
G1 F3000 X160.059 Y90.443 E1706.19941
G0 F9000 X159.595 Y90.713
G1 F3000 X163.568 Y94.686 E1706.38629
G0 F9000 X163.063 Y94.686
G1 F3000 X165.742 Y84.687 E1706.73059
G0 F9000 X165.322 Y85.126
G1 F3000 X194.068 Y113.873 E1708.08273
G0 F9000 X194.069 Y113.051
G1 F3000 X31.025 Y156.738 E1713.69689
G0 F9000 X31.23 Y156.816
G0 X30.896 Y157.28
G0 X30.343 Y157.844
G0 X30.241 Y157.649
G1 F3000 X29.794 Y159.319 E1713.75439
G0 F9000 X30.211 Y159.318
G1 F3000 X28.748 Y157.855 E1713.82321
G0 F9000 X28.078 Y157.528
G1 F3000 X25.93 Y158.103 E1713.89716
G1 X25.929 Y158.287
G1 X45.852 Y83.936 E1716.45733
G0 F9000 X46.15 Y84.748
G1 F3000 X25.93 Y64.528 E1717.40842
G0 F9000 X26.15 Y64.528
G0 X26.15 Y65.556
G0 X25.93 Y65.556
G1 F3000 X27.237 Y60.679 E1717.57635
G0 F9000 X27.739 Y60.68
G1 F3000 X45.655 Y78.596 E1718.41906
G0 F9000 X45.731 Y78.258
G1 F3000 X25.931 Y83.563 E1719.10084
G0 F9000 X26.15 Y83.563
G0 X26.15 Y87.155
G0 X25.93 Y87.155
G1 F3000 X27.674 Y88.9 E1719.1829
G0 F9000 X28.071 Y88.475
G1 F3000 X35.519 Y60.679 E1720.14001
G0 F9000 X35.519 Y60.9
G0 X34.06 Y60.9
G0 X34.06 Y60.68
G1 F3000 X25.931 Y62.858 E1720.41992
G0 F9000 X26.15 Y62.858
G0 X26.15 Y66.999
G0 X25.931 Y66.999
G1 F3000 X49.515 Y60.68 E1721.23199
G0 F9000 X49.515 Y60.9
G0 X47.942 Y60.9
G0 X47.942 Y60.679
G1 F3000 X25.929 Y142.832 E1724.0608
G0 F9000 X26.15 Y142.832
G0 X26.15 Y141.539
G0 X25.93 Y141.539
G1 F3000 X162.162 Y105.036 E1728.75174
G0 F9000 X162.076 Y105.085
G0 X161.459 Y104.025
G0 X161.544 Y103.976
G1 F3000 X148.468 Y90.899 E1729.36682
G0 F9000 X147.496 Y90.964
G1 F3000 X129.18 Y159.32 E1731.72055
G0 F9000 X129.577 Y159.319
G1 F3000 X194.069 Y142.039 E1733.94122
G1 X194.068 Y142.157
G1 X139.157 Y87.245 E1736.52409
G0 F9000 X139.158 Y86.353
G1 F3000 X144.491 Y84.924 E1736.70773
G0 F9000 X144.393 Y84.924
G0 X144.393 Y89.065
G0 X144.491 Y89.065
G1 F3000 X138.528 Y90.663 E1736.91305
G0 F9000 X138.594 Y90.739
G0 X138.005 Y90.955
G0 X137.431 Y90.977
G0 X135.077 Y91.013
G0 X135.086 Y90.913
G1 F3000 X116.757 Y159.319 E1739.2685
G0 F9000 X116.757 Y159.1
G0 X120.721 Y159.1
G0 X120.721 Y159.319
G1 F3000 X51.828 Y90.426 E1742.50902
G0 F9000 X52.35 Y90.594
G1 F3000 X33.935 Y159.319 E1744.87546
G0 F9000 X33.935 Y159.1
G0 X35.867 Y159.1
G0 X35.867 Y159.318
G1 F3000 X25.93 Y149.381 E1745.34286
G0 F9000 X25.931 Y149.821
G1 F3000 X194.068 Y104.769 E1751.1324
G0 F9000 X193.85 Y104.769
G0 X193.85 Y102.609
G0 X194.069 Y102.609
G1 F3000 X178.874 Y159.319 E1753.08511
G0 F9000 X178.874 Y159.1
G0 X182.946 Y159.1
G0 X182.946 Y159.319
G1 F3000 X111.667 Y88.039 E1756.43788
G0 F9000 X111.755 Y88.089
G0 X110.746 Y89.311
G0 X110.692 Y89.226
G1 F3000 X91.91 Y159.319 E1758.85143
G0 F9000 X92.436 Y159.318
G1 F3000 X25.93 Y92.812 E1761.97967
G0 F9000 X25.931 Y91.846
G1 F3000 X27.856 Y91.33 E1762.04595
G0 F9000 X27.468 Y90.724
G1 F3000 X25.93 Y96.466 E1762.24366
G0 F9000 X25.93 Y95.987
G1 F3000 X49.991 Y89.54 E1763.07217
G0 F9000 X49.931 Y89.62
G0 X48.682 Y88.685
G0 X48.741 Y88.606
G1 F3000 X30.935 Y155.061 E1765.36043
G0 F9000 X31.117 Y154.937
G0 X30.439 Y154.276
G0 X29.993 Y154.04
G0 X29.502 Y153.92
G0 X28.998 Y153.92
G0 X28.507 Y154.04
G0 X28.061 Y154.276
G0 X27.682 Y154.611
G0 X27.394 Y155.027
G0 X27.215 Y155.499
G0 X27.175 Y156.567
G0 X27.382 Y156.489
G1 F3000 X25.93 Y155.038 E1765.42871
G0 F9000 X26.15 Y155.038
G0 X26.15 Y153.962
G0 X25.931 Y153.962
G1 F3000 X194.069 Y108.91 E1771.21827
G0 F9000 X194.068 Y108.216
G1 F3000 X175.752 Y89.9 E1772.0798
G0 F9000 X175.825 Y88.951
G1 F3000 X194.069 Y84.063 E1772.708
G0 F9000 X193.85 Y84.063
G0 X193.85 Y85.588
G0 X194.068 Y85.588
G1 F3000 X169.16 Y60.68 E1773.8796
G0 F9000 X169.16 Y60.9
G0 X168.034 Y60.9
G0 X168.034 Y60.679
G1 F3000 X162.752 Y80.391 E1774.55835
G0 F9000 X163.218 Y79.906
G1 F3000 X159.822 Y80.816 E1774.67529
G0 F9000 X159.923 Y80.816
G0 X159.923 Y79.625
G0 X159.821 Y79.625
G1 F3000 X161.691 Y81.496 E1774.76327
G0 F9000 X161.621 Y81.426
G0 X164.392 Y78.542
G0 X164.463 Y78.611
G1 F3000 X159.821 Y73.969 E1774.98161
G0 F9000 X159.923 Y73.969
G0 X159.914 Y72.529
G0 X159.814 Y72.536
G1 F3000 X194.069 Y63.358 E1776.16113
G0 F9000 X194.068 Y62.961
G1 F3000 X191.787 Y60.68 E1776.26842
G0 F9000 X191.787 Y60.9
G0 X192.881 Y60.9
G0 X192.881 Y60.678
G1 F3000 X166.45 Y159.32 E1779.665
G0 F9000 X165.976 Y159.319
G1 F3000 X97.628 Y90.971 E1782.87988
G1 X97.801 Y90.969
G1 X79.487 Y159.32 E1785.23343
G0 F9000 X79.487 Y159.1
G0 X81.122 Y159.1
G0 X81.122 Y159.318
G1 F3000 X25.93 Y104.126 E1787.82949
G1 X25.931 Y104.269
G1 X77.754 Y90.383 E1789.61394
G0 F9000 X77.371 Y89.941
G1 F3000 X58.781 Y159.32 E1792.0029
G0 F9000 X58.495 Y159.318
G1 F3000 X25.93 Y126.753 E1793.53465
G0 F9000 X25.929 Y127.377
G1 F3000 X43.801 Y60.679 E1795.8313
G0 F9000 X44.709 Y60.68
G1 F3000 X55.068 Y71.038 E1796.31853
G0 F9000 X55.056 Y70.94
G0 X53.34 Y71.269
G0 X53.361 Y71.366
G1 F3000 X56.224 Y60.679 E1796.68651
G0 F9000 X56.023 Y60.68
G1 F3000 X70.072 Y74.729 E1797.34734
G0 F9000 X69.981 Y74.772
G0 X70.467 Y75.79
G0 X70.558 Y75.747
G1 F3000 X67.543 Y76.555 E1797.45115
G0 F9000 X67.643 Y76.547
G0 X67.717 Y77.93
G0 X67.617 Y77.93
G1 F3000 X75.24 Y85.554 E1797.80974
G0 F9000 X75.149 Y85.597
G0 X74.615 Y84.478
G0 X74.705 Y84.436
G1 F3000 X54.64 Y159.319 E1800.38822
G0 F9000 X54.64 Y159.1
G0 X52.838 Y159.1
G0 X52.838 Y159.318
G1 F3000 X25.93 Y132.41 E1801.65389
G0 F9000 X25.931 Y133.257
G1 F3000 X158.015 Y97.865 E1806.202
G1 X158.053 Y97.93
G1 X141.603 Y159.32 E1808.31587
G0 F9000 X141.603 Y159.1
G0 X143.348 Y159.1
G0 X143.348 Y159.319
G1 F3000 X66.461 Y82.432 E1811.9324
G0 F9000 X67.051 Y82.094
G1 F3000 X65.968 Y86.134 E1812.07151
G0 F9000 X65.253 Y85.45
G1 F3000 X74.063 Y83.09 E1812.37487
G0 F9000 X73.973 Y83.132
G0 X75.725 Y86.803
G0 X75.815 Y86.761
G1 F3000 X65.944 Y89.406 E1812.71476
G0 F9000 X66 Y89.49
G0 X65.002 Y89.963
G0 X64.968 Y89.868
G1 F3000 X46.358 Y159.32 E1815.10623
G0 F9000 X47.181 Y159.318
G1 F3000 X25.93 Y138.067 E1816.10581
G0 F9000 X25.93 Y137.398
G1 F3000 X160.075 Y101.454 E1820.72489
G0 F9000 X159.989 Y101.503
G0 X160.793 Y102.884
G0 X160.88 Y102.834
G1 F3000 X145.745 Y159.32 E1822.66989
G0 F9000 X145.031 Y159.319
G1 F3000 X194.068 Y146.18 E1824.3584
G0 F9000 X193.85 Y146.18
G0 X193.85 Y150.321
G0 X194.069 Y150.321
G1 F3000 X160.486 Y159.319 E1825.51477
G1 X160.319 Y159.319
G1 X84.944 Y83.944 E1829.06018
G0 F9000 X84.728 Y84.373
G1 F3000 X92.677 Y82.243 E1829.33389
G0 F9000 X92.579 Y82.243
G0 X92.58 Y80.365
G0 X92.679 Y80.365
G1 F3000 X88.775 Y76.462 E1829.5175
G0 F9000 X88.865 Y76.508
G0 X89.721 Y74.823
G0 X89.632 Y74.777
G1 F3000 X92.679 Y73.96 E1829.62242
G0 F9000 X92.68 Y74.71
G1 F3000 X90.653 Y72.682 E1829.71779
G0 F9000 X90.748 Y72.715
G0 X90.79 Y71.964
G0 X90.644 Y71.56
G0 X90.564 Y71.616
G1 F3000 X93.494 Y60.678 E1830.09442
G0 F9000 X93.494 Y60.9
G0 X95.621 Y60.9
G0 X95.621 Y60.68
G1 F3000 X106.887 Y71.946 E1830.62433
G0 F9000 X107.098 Y71.727
G1 F3000 X110.059 Y60.679 E1831.00476
G0 F9000 X110.059 Y60.9
G0 X111.335 Y60.9
G0 X111.335 Y60.679
G1 F3000 X72.19 Y71.168 E1832.35266
G1 X72.165 Y71.166
G1 X61.68 Y60.68 E1832.84586
G0 F9000 X61.68 Y60.9
G0 X60.365 Y60.9
G0 X60.365 Y60.679
G1 F3000 X57.626 Y70.903 E1833.19791
G1 X57.723 Y70.904
G1 X95.881 Y60.679 E1834.51182
G0 F9000 X95.881 Y60.9
G0 X97.635 Y60.9
G0 X97.635 Y60.679
G1 F3000 X94.829 Y71.153 E1834.87247
G1 X94.781 Y71.154
G1 X84.307 Y60.68 E1835.36514
G0 F9000 X85.212 Y60.679
G1 F3000 X81.702 Y73.779 E1835.81622
G0 F9000 X81.702 Y73.679
G0 X80.435 Y73.679
G0 X80.435 Y73.778
G1 F3000 X67.337 Y60.68 E1836.43231
G0 F9000 X67.337 Y60.9
G0 X68.648 Y60.9
G0 X68.648 Y60.679
G1 F3000 X65.55 Y72.239 E1836.83036
G0 F9000 X65.591 Y72.151
G0 X66.498 Y72.624
G0 X66.444 Y72.708
G1 F3000 X69.036 Y72.013 E1836.91962
G0 F9000 X68.938 Y72.011
G0 X69.399 Y71.314
G0 X69.95 Y71.072
G0 X69.979 Y71.166
G1 F3000 X72.789 Y60.678 E1837.28075
G0 F9000 X72.993 Y60.68
G1 F3000 X84.927 Y72.613 E1837.84207
G0 F9000 X84.839 Y72.569
G0 X85.369 Y71.701
G0 X85.448 Y71.757
G1 F3000 X77.903 Y73.778 E1838.10186
G0 F9000 X77.561 Y73.778
G1 F3000 X81.071 Y60.679 E1838.55291
G0 F9000 X80.425 Y60.679
G1 F3000 X25.93 Y75.281 E1840.42936
G0 F9000 X25.93 Y75.842
G1 F3000 X109.407 Y159.318 E1844.35583
G0 F9000 X109.407 Y159.1
G0 X112.616 Y159.1
G0 X112.616 Y159.319
G1 F3000 X131.828 Y87.619 E1846.82471
G0 F9000 X132.171 Y88.225
G1 F3000 X25.93 Y116.692 E1850.48295
G0 F9000 X26.15 Y116.692
G0 X26.15 Y115.44
G0 X25.93 Y115.44
G1 F3000 X69.809 Y159.318 E1852.54686
G0 F9000 X69.809 Y159.1
G0 X71.205 Y159.1
G0 X71.205 Y159.319
G1 F3000 X92.679 Y79.178 E1855.30639
G0 F9000 X92.58 Y79.178
G0 X92.58 Y78.102
G0 X92.678 Y78.102
G1 F3000 X87.181 Y79.575 E1855.49567
G0 F9000 X86.859 Y80.202
G1 F3000 X92.677 Y86.02 E1855.76934
G0 F9000 X92.675 Y86.385
G1 F3000 X82.299 Y89.165 E1856.12661
G0 F9000 X82.388 Y89.211
G0 X83.132 Y87.745
G0 X83.041 Y87.698
G1 F3000 X154.662 Y159.319 E1859.49545
G0 F9000 X154.027 Y159.319
G1 F3000 X168.627 Y104.832 E1861.37162
G0 F9000 X168.418 Y105.193
G1 F3000 X194.068 Y130.843 E1862.57812
G0 F9000 X193.85 Y130.843
G0 X193.85 Y129.615
G0 X194.069 Y129.615
G1 F3000 X83.212 Y159.319 E1866.39531
G0 F9000 X83.628 Y159.32
G1 F3000 X101.942 Y90.97 E1868.74883
G0 F9000 X101.942 Y91.071
G0 X103.28 Y91.063
G0 X103.277 Y90.964
G1 F3000 X171.633 Y159.319 E1871.96406
G0 F9000 X171.633 Y159.1
G0 X170.591 Y159.1
G0 X170.591 Y159.32
G1 F3000 X188.973 Y90.72 E1874.3262
G0 F9000 X188.763 Y90.799
G0 X188.645 Y89.573
G0 X188.864 Y89.599
G1 F3000 X169.876 Y94.687 E1874.98002
G0 F9000 X169.225 Y94.686
G1 F3000 X162.521 Y87.982 E1875.29536
G0 F9000 X162.014 Y88.511
G1 F3000 X171.069 Y86.085 E1875.60715
G0 F9000 X171.069 Y85.216
G1 F3000 X168.09 Y82.237 E1875.74727
G0 F9000 X167.441 Y82.916
G1 F3000 X171.068 Y81.944 E1875.87217
G0 F9000 X170.97 Y81.944
G0 X170.97 Y80.264
G0 X171.068 Y80.264
G1 F3000 X167.226 Y94.606 E1876.366
G0 F9000 X167.226 Y94.507
G0 X171.369 Y94.525
G0 X171.362 Y94.625
G1 F3000 X172.356 Y90.913 E1876.49381
G0 F9000 X172.338 Y91.012
G0 X171.631 Y90.66
G0 X171.182 Y90.199
G0 X171.277 Y90.17
G1 F3000 X25.931 Y129.116 E1881.49858
G0 F9000 X26.15 Y129.116
G0 X26.15 Y124.974
G0 X25.931 Y124.974
G1 F3000 X155.235 Y90.328 E1885.95095
G0 F9000 X155.82 Y90.809
G1 F3000 X137.462 Y159.319 E1888.30999
G0 F9000 X137.692 Y159.319
G1 F3000 X66.733 Y88.361 E1891.64766
G0 F9000 X66.825 Y88.403
G0 X66.776 Y87.809
G0 X66.655 Y87.376
G0 X66.149 Y86.324
G0 X65.807 Y85.835
G0 X65.423 Y85.486
G0 X64.899 Y85.241
G0 X64.357 Y85.242
G0 X63.782 Y85.355
G0 X63.818 Y85.446
G1 F3000 X60.876 Y82.503 E1891.78607
G1 X60.799 Y82.503
G1 X52.06 Y84.844 E1892.08698
G0 F9000 X52.136 Y84.779
G0 X53.596 Y86.017
G0 X53.553 Y86.105
G1 F3000 X56.503 Y75.095 E1892.46609
G0 F9000 X56.511 Y75.197
G0 X57.691 Y75.154
G0 X57.691 Y75.053
G1 F3000 X53.17 Y76.265 E1892.62177
G0 F9000 X53.226 Y76.348
G0 X54.159 Y75.841
G0 X54.12 Y75.748
G1 F3000 X57.381 Y79.008 E1892.77513
G0 F9000 X56.963 Y79.389
G1 F3000 X50.665 Y81.077 E1892.992
G0 F9000 X50.688 Y81.339
G1 F3000 X51.672 Y77.669 E1893.11837
G0 F9000 X51.222 Y78.506
G1 F3000 X59.526 Y86.81 E1893.50897
G0 F9000 X59.519 Y86.712
G0 X57.486 Y86.785
G0 X57.485 Y86.883
G1 F3000 X58.659 Y82.503 E1893.65979
G0 F9000 X58.659 Y82.605
G0 X57.931 Y82.523
G0 X57.291 Y82.374
G0 X56.872 Y81.901
G0 X56.724 Y81.524
G0 X56.65 Y80.405
G0 X56.702 Y79.898
G0 X56.938 Y79.356
G0 X57.427 Y78.917
G0 X57.909 Y78.778
G0 X59.266 Y78.673
G0 X59.265 Y78.773
G1 F3000 X62.963 Y77.782 E1893.78712
G0 F9000 X62.715 Y78.686
G1 F3000 X59.152 Y75.123 E1893.95472
G0 F9000 X59.139 Y75.222
G0 X60.554 Y75.444
G0 X60.576 Y75.346
G1 F3000 X59.659 Y78.772 E1894.07268
G0 F9000 X59.66 Y78.672
G0 X58.021 Y78.746
G0 X57.427 Y78.917
G0 X56.938 Y79.356
G0 X56.702 Y79.898
G0 X56.654 Y80.853
G0 X56.724 Y81.524
G0 X56.872 Y81.901
G0 X57.291 Y82.374
G0 X57.809 Y82.495
G0 X62.8 Y82.603
G0 X62.8 Y82.501
G1 F3000 X61.798 Y86.242 E1894.20149
G0 F9000 X61.77 Y86.147
G0 X64.23 Y85.242
G0 X64.899 Y85.241
G0 X65.423 Y85.486
G0 X65.807 Y85.835
G0 X66.149 Y86.324
G0 X66.655 Y87.376
G0 X66.776 Y87.809
G0 X66.784 Y88.346
G0 X66.511 Y88.954
G0 X66.217 Y89.267
G0 X65.841 Y89.526
G0 X65.185 Y89.831
G0 X63.473 Y90.455
G0 X61.72 Y90.892
G0 X59.165 Y91.23
G0 X56.304 Y91.392
G0 X56.304 Y91.29
G1 F3000 X38.076 Y159.32 E1896.54399
G0 F9000 X38.076 Y159.1
G0 X36.848 Y159.1
G0 X36.848 Y159.319
G1 F3000 X194.069 Y117.192 E1901.95765
G0 F9000 X194.069 Y118.063
G1 F3000 X183.014 Y159.32 E1903.37827
G0 F9000 X183.014 Y159.1
G0 X174.732 Y159.1
G0 X174.732 Y159.319
G1 F3000 X194.069 Y87.153 E1905.86319
G0 F9000 X193.85 Y87.153
G0 X193.85 Y88.204
G0 X194.069 Y88.204
G1 F3000 X192.189 Y88.708 E1905.92793
G0 F9000 X192.335 Y88.544
G0 X192.489 Y88.818
G0 X192.884 Y89.812
G0 X192.661 Y89.837
G1 F3000 X194.068 Y91.245 E1905.99413
G0 F9000 X193.85 Y91.245
G0 X193.85 Y92.345
G0 X194.069 Y92.345
G1 F3000 X172.496 Y98.126 E1906.73697
G1 X172.556 Y98.017
G1 X194.068 Y119.53 E1907.74885
G0 F9000 X193.85 Y119.53
G0 X193.85 Y121.333
G0 X194.069 Y121.333
G1 F3000 X52.303 Y159.319 E1912.63034
G0 F9000 X52.303 Y159.1
G0 X50.499 Y159.1
G0 X50.499 Y159.319
G1 F3000 X72.053 Y78.88 E1915.40013
G0 F9000 X72.31 Y79.418
G1 F3000 X67.537 Y80.697 E1915.56449
G0 F9000 X67.545 Y80.247
G1 F3000 X69.4 Y73.324 E1915.80287
G0 F9000 X69.31 Y73.366
G0 X68.99 Y72.42
G0 X69.004 Y71.861
G0 X69.399 Y71.314
G0 X69.977 Y71.127
G0 X72.065 Y71.115
G0 X72.58 Y71.176
G0 X73.056 Y71.357
G0 X73.916 Y72.216
G0 X73.827 Y72.259
G1 F3000 X76.93 Y60.679 E1916.20161
G0 F9000 X76.93 Y60.9
G0 X78.65 Y60.9
G0 X78.65 Y60.68
G1 F3000 X89.124 Y71.154 E1916.69427
G0 F9000 X89.124 Y71.054
G0 X87.702 Y71.054
G0 X87.702 Y71.153
G1 F3000 X126.79 Y60.679 E1918.04021
G1 X126.623 Y60.679
G1 X120.795 Y82.428 E1918.78911
G0 F9000 X120.896 Y82.428
G0 X121.633 Y81.072
G0 X121.718 Y81.12
G1 F3000 X120.795 Y80.197 E1918.83252
G0 F9000 X120.896 Y80.197
G0 X120.896 Y78.85
G0 X120.796 Y78.85
G1 F3000 X123.307 Y78.177 E1918.91899
G0 F9000 X123.697 Y77.442
G1 F3000 X120.795 Y74.54 E1919.05549
G1 X120.796 Y74.709
G1 X125.879 Y73.347 E1919.23051
G0 F9000 X125.662 Y73.75
G1 F3000 X112.591 Y60.68 E1919.84531
G0 F9000 X112.591 Y60.9
G0 X114.2 Y60.9
G0 X114.2 Y60.678
G1 F3000 X111.389 Y71.167 E1920.20648
G0 F9000 X111.889 Y71.291
G1 F3000 X101.278 Y60.68 E1920.70559
G0 F9000 X101.776 Y60.679
G1 F3000 X97.762 Y75.661 E1921.22147
G0 F9000 X97.863 Y75.661
G0 X97.863 Y76.74
G0 X97.761 Y76.74
G1 F3000 X104.82 Y74.848 E1921.46454
G0 F9000 X104.534 Y75.25
G1 F3000 X89.964 Y60.68 E1922.14987
G0 F9000 X89.353 Y60.679
G1 F3000 X86.532 Y71.206 E1922.51235
G0 F9000 X86.521 Y71.107
G0 X89.839 Y71.115
G0 X90.41 Y71.335
G0 X90.795 Y71.881
G0 X90.785 Y72.425
G0 X89.902 Y74.468
G0 X89.812 Y74.422
G1 F3000 X67.064 Y159.32 E1925.43568
G0 F9000 X67.757 Y159.319
G1 F3000 X194.068 Y125.474 E1929.785
G0 F9000 X194.068 Y125.186
G1 F3000 X170.493 Y101.611 E1930.8939
G0 F9000 X170.58 Y101.662
G0 X169.762 Y103.074
G0 X169.675 Y103.023
G1 F3000 X194.069 Y96.486 E1931.73387
G0 F9000 X194.068 Y96.902
G1 F3000 X175.824 Y78.657 E1932.59204
G0 F9000 X175.825 Y77.969
G1 F3000 X180.457 Y60.679 E1933.18738
G1 X180.474 Y60.68
G1 X194.068 Y74.275 E1933.82683
G0 F9000 X193.85 Y74.275
G0 X193.85 Y75.781
G0 X194.069 Y75.781
G1 F3000 X175.909 Y80.647 E1934.45214
G0 F9000 X176.009 Y80.647
G0 X175.995 Y76.517
G0 X175.895 Y76.509
G1 F3000 X194.069 Y71.64 E1935.07792
G1 X194.069 Y71.699
G1 X189.574 Y88.476 E1935.65561
G0 F9000 X189.429 Y88.311
G0 X189.897 Y88.091
G0 X190.901 Y87.859
G0 X190.901 Y88.078
G1 F3000 X175.836 Y73.013 E1936.36422
G0 F9000 X175.797 Y72.395
G1 F3000 X194.069 Y67.499 E1936.99339
G0 F9000 X193.85 Y67.499
G0 X193.85 Y68.618
G0 X194.068 Y68.618
G1 F3000 X186.131 Y60.68 E1937.36675
G0 F9000 X186.131 Y60.9
G0 X184.599 Y60.9
G0 X184.599 Y60.679
G1 F3000 X158.168 Y159.319 E1940.76326
G0 F9000 X158.168 Y159.1
G0 X162.309 Y159.1
G0 X162.309 Y159.32
G1 F3000 X188.74 Y60.679 E1944.15981
G1 X188.61 Y60.679
G1 X148.846 Y71.334 E1945.52903
G0 F9000 X148.643 Y71.229
G1 F3000 X151.47 Y60.678 E1945.89233
G0 F9000 X152.189 Y60.68
G1 F3000 X167.234 Y75.724 E1946.59998
G0 F9000 X167.164 Y75.655
G0 X169.938 Y72.778
G0 X170.011 Y72.844
G1 F3000 X157.846 Y60.68 E1947.17216
G1 X157.7 Y60.679
G1 X118.607 Y71.154 E1948.51827
G0 F9000 X118.607 Y71.056
G0 X119.682 Y71.09
G0 X119.666 Y71.187
G1 F3000 X122.482 Y60.679 E1948.8801
G0 F9000 X122.482 Y60.9
G0 X123.905 Y60.9
G0 X123.905 Y60.68
G1 F3000 X134.736 Y71.511 E1949.38955
G0 F9000 X134.677 Y71.432
G0 X135.249 Y71.222
G0 X136.238 Y71.036
G0 X136.245 Y71.135
G1 F3000 X139.046 Y60.679 E1949.74958
G0 F9000 X139.046 Y60.9
G0 X140.876 Y60.9
G0 X140.876 Y60.68
G1 F3000 X155.039 Y74.843 E1950.41577
G0 F9000 X154.94 Y74.844
G0 X154.916 Y73.823
G0 X155.014 Y73.822
G1 F3000 X149.581 Y75.278 E1950.60285
G0 F9000 X149.58 Y75.041
G1 F3000 X155.075 Y80.536 E1950.86131
G0 F9000 X154.976 Y80.536
G0 X154.941 Y82.091
G0 X155.038 Y82.098
G1 F3000 X149.578 Y83.561 E1951.04932
G0 F9000 X149.578 Y83.193
G1 F3000 X155.611 Y60.678 E1951.82459
G0 F9000 X155.611 Y60.9
G0 X159.752 Y60.9
G0 X159.752 Y60.679
G1 F3000 X156.945 Y71.154 E1952.18528
G1 X157.005 Y71.153
G1 X146.533 Y60.68 E1952.67788
G0 F9000 X147.329 Y60.679
G1 F3000 X120.898 Y159.32 E1956.07443
G0 F9000 X120.898 Y159.1
G0 X96.051 Y159.1
G0 X96.051 Y159.319
G1 F3000 X116.213 Y84.077 E1958.66527
G1 X116.213 Y84.219
G1 X112.468 Y85.222 E1958.79422
G0 F9000 X112.569 Y85.219
G0 X112.383 Y83.249
G0 X112.286 Y83.276
G1 F3000 X118.341 Y60.679 E1959.57232
G1 X118.248 Y60.68
G1 X134.247 Y76.679 E1960.32486
G0 F9000 X134.148 Y76.679
G0 X134.148 Y75.246
G0 X134.246 Y75.246
G1 F3000 X130.698 Y76.197 E1960.44703
G1 X130.732 Y76.255
G1 X134.905 Y60.678 E1960.9834
G0 F9000 X135.219 Y60.68
G1 F3000 X145.709 Y71.17 E1961.47681
G0 F9000 X145.705 Y71.072
G0 X145.325 Y71.156
G0 X144.75 Y71.552
G0 X144.614 Y71.815
G0 X144.393 Y72.501
G0 X144.492 Y72.501
G1 F3000 X139.159 Y73.93 E1961.66045
G0 F9000 X139.258 Y73.93
G0 X139.258 Y75.717
G0 X139.158 Y75.716
G1 F3000 X143.188 Y60.679 E1962.17823
G0 F9000 X142.245 Y60.679
G1 F3000 X97.75 Y72.602 E1963.71035
G0 F9000 X97.85 Y72.594
G0 X97.863 Y74.133
G0 X97.761 Y74.133
G1 F3000 X102.082 Y78.454 E1963.9136
G0 F9000 X102.029 Y78.372
G0 X101.09 Y78.6
G0 X101.089 Y78.699
G1 F3000 X105.918 Y60.679 E1964.53409
G0 F9000 X105.918 Y60.9
G0 X106.935 Y60.9
G0 X106.935 Y60.68
G1 F3000 X117.437 Y71.183 E1965.0281
G0 F9000 X117.427 Y71.084
G0 X116.98 Y71.255
G0 X116.374 Y71.684
G0 X116.462 Y71.729
G1 F3000 X112.095 Y72.899 E1965.17847
G0 F9000 X112.178 Y72.956
G0 X112.409 Y72.264
G0 X112.279 Y71.543
G0 X112.194 Y71.596
G1 F3000 X116.213 Y75.615 E1965.36751
G0 F9000 X116.212 Y75.937
G1 F3000 X108.573 Y77.984 E1965.63055
G0 F9000 X108.037 Y78.753
G1 F3000 X109.058 Y79.774 E1965.67857
G1 X109.081 Y79.783
G1 X110.165 Y75.738 E1965.81785
G0 F9000 X110.377 Y75.436
G1 F3000 X116.213 Y81.272 E1966.09236
G0 F9000 X116.114 Y81.272
G0 X116.114 Y80.078
G0 X116.212 Y80.078
G1 F3000 X111.394 Y81.369 E1966.25826
G0 F9000 X111.47 Y81.304
G0 X112.275 Y82.866
G0 X112.177 Y82.893
G1 F3000 X116.213 Y86.929 E1966.4481
G0 F9000 X116.114 Y86.929
G0 X116.114 Y88.36
G0 X116.213 Y88.36
G1 F3000 X25.931 Y112.551 E1969.55682
G0 F9000 X25.93 Y111.921
G1 F3000 X39.66 Y60.679 E1971.32126
G0 F9000 X39.052 Y60.68
G1 F3000 X50.69 Y72.317 E1971.86865
G0 F9000 X50.644 Y72.231
G0 X49.039 Y73.139
G0 X49.102 Y73.214
G1 F3000 X25.93 Y79.422 E1972.66653
G0 F9000 X26.15 Y79.422
G0 X26.15 Y87.704
G0 X25.931 Y87.704
G1 F3000 X45.601 Y82.434 E1973.34383
G0 F9000 X45.502 Y82.434
G0 X45.729 Y83.712
G0 X46.106 Y84.743
G0 X46.754 Y86.291
G0 X46.841 Y86.243
G1 F3000 X31.128 Y90.453 E1973.88488
G0 F9000 X31.348 Y90.479
G0 X26.15 Y108.41
G0 X25.931 Y108.41
G1 F3000 X93.071 Y90.42 E1976.19674
G0 F9000 X93.686 Y90.872
G1 F3000 X75.346 Y159.319 E1978.55361
G1 X75.465 Y159.318
G1 X25.93 Y109.783 E1980.88358
G1 F2700 E1975.88358
G0 F9000 X26.15 Y109.783
G0 X75.211 Y85.541
G0 X79.103 Y83.803
G0 X79.041 Y83.708
G1 F2700 E1980.88358
G1 F3000 X80.725 Y77.423 E1981.09999
G0 F9000 X79.754 Y77.424
G1 F3000 X76.58 Y78.274 E1981.20928
G0 F9000 X76.444 Y77.947
G1 F3000 X76.577 Y77.452 E1981.22633
G0 F9000 X76.59 Y77.553
G0 X78.424 Y77.525
G0 X78.424 Y77.424
G1 F3000 X81.252 Y80.253 E1981.35937
G0 F9000 X81.162 Y80.213
G0 X80.701 Y81.247
G0 X80.79 Y81.287
G1 F3000 X78.257 Y81.966 E1981.4466
G0 F9000 X78.348 Y81.925
G0 X79.125 Y83.653
G0 X79.034 Y83.691
G1 F3000 X79.477 Y84.134 E1981.46743
G1 F2700 E1976.46743
G0 F9000 X79.392 Y84.084
G0 X76.281 Y77.525
G0 X75.335 Y73.779
G0 X74.731 Y73.592
G0 X74.674 Y73.674
G1 F2700 E1981.46743
G1 F3000 X74.423 Y73.423 E1981.47924
G1 F2700 E1976.47924
G0 F9000 X74.504 Y73.363
G0 X86.963 Y71.115
G0 X89.839 Y71.115
G0 X90.41 Y71.335
G0 X90.756 Y71.826
G0 X92.658 Y85.019
G0 X97.782 Y85.019
G0 X97.761 Y85.022
G1 F2700 E1981.47924
G1 F3000 X105.858 Y82.852 E1981.75805
G0 F9000 X105.82 Y82.944
G0 X104.172 Y82.725
G0 X104.178 Y82.625
G1 F3000 X103.056 Y86.814 E1981.90229
G0 F9000 X103.056 Y86.714
G0 X104.699 Y86.645
G0 X104.713 Y86.742
G1 F3000 X100.475 Y82.505 E1982.10161
G0 F9000 X100.07 Y82.503
G1 F3000 X98.914 Y86.817 E1982.25015
G0 F9000 X99.132 Y86.819
G1 F3000 X97.761 Y85.447 E1982.31466
G1 F2700 E1977.31466
G0 F9000 X97.862 Y85.447
G0 X107.269 Y84.264
G0 X112.196 Y82.88
G0 X116.325 Y90.113
G0 X116.677 Y90.59
G0 X117.272 Y90.945
G0 X118.741 Y91.022
G0 X137.431 Y91.009
G0 X138.005 Y90.955
G0 X138.437 Y90.796
G0 X138.9 Y90.389
G0 X139.094 Y90.025
G0 X139.197 Y89.475
G0 X139.198 Y72.472
G0 X139.076 Y71.92
G0 X138.708 Y71.422
G0 X138.195 Y71.165
G0 X136.33 Y71.089
G0 X135.383 Y71.173
G0 X134.921 Y71.324
G0 X134.495 Y71.647
G0 X134.304 Y72.073
G0 X132.755 Y79.764
G0 X132.667 Y79.81
G1 F2700 E1982.31466
G1 F3000 X134.246 Y79.387 E1982.36903
G0 F9000 X134.247 Y78.59
G1 F3000 X133.507 Y81.352 E1982.46414
G0 F9000 X133.795 Y81.883
G1 F3000 X134.246 Y82.334 E1982.48535
G1 F2700 E1977.48535
G0 F9000 X134.223 Y82.238
G0 X134.209 Y72.604
G0 X134.259 Y72.173
G0 X134.495 Y71.647
G0 X134.921 Y71.324
G0 X135.383 Y71.173
G0 X136.33 Y71.089
G0 X138.195 Y71.165
G0 X138.708 Y71.422
G0 X139.076 Y71.92
G0 X144.606 Y90.232
G0 X144.951 Y90.649
G0 X145.593 Y90.962
G0 X147.813 Y91.011
G0 X148.359 Y90.973
G0 X148.742 Y90.858
G0 X149.239 Y90.506
G0 X154.952 Y79.133
G0 X154.985 Y72.097
G0 X155.253 Y71.571
G0 X155.673 Y71.258
G0 X156.08 Y71.146
G0 X174.452 Y71.119
G0 X174.998 Y71.215
G0 X175.49 Y71.553
G0 X175.8 Y72.143
G0 X175.883 Y72.712
G0 X175.948 Y76.341
G0 X175.949 Y85.452
G0 X175.85 Y89.552
G0 X175.789 Y89.929
G0 X175.544 Y90.462
G0 X175.113 Y90.808
G0 X174.728 Y90.945
G0 X174.083 Y91.01
G0 X172.608 Y90.998
G0 X172.107 Y90.91
G0 X171.552 Y90.621
G0 X171.243 Y90.188
G0 X171.096 Y89.726
G0 X171.048 Y89.175
G0 X170.941 Y79.431
G0 X170.87 Y79.361
G1 F2700 E1982.48535
G1 F3000 X171.069 Y79.56 E1982.49471
G1 F2700 E1977.49471
G0 F9000 X170.97 Y79.56
G0 X171.011 Y88.755
G0 X171.096 Y89.726
G0 X171.243 Y90.188
G0 X171.552 Y90.621
G0 X192.785 Y155.499
G0 X192.846 Y156
G0 X192.791 Y156.451
G0 X192.389 Y157.392
G0 X192.207 Y157.266
G1 F2700 E1982.49471
G1 F3000 X194.068 Y159.128 E1982.58227
G0 F9000 X194.069 Y158.603
G1 F3000 X191.395 Y159.319 E1982.67434
G1 X191.297 Y159.32
G1 X191.745 Y157.648 E1982.73191
G1 F2700 E1977.73191
G0 F9000 X191.846 Y157.842
G0 X192.318 Y157.389
G0 X192.606 Y156.973
G0 X192.785 Y156.501
G0 X192.846 Y156
G0 X192.785 Y155.499
G0 X192.64 Y155.117
G0 X164.725 Y108.747
G0 X164.747 Y108.611
;TYPE:SKIN
G1 F2700 E1982.73191
G1 F1500 X164.367 Y108.354 E1982.74717
G1 X164.08 Y108.09 E1982.76014
G1 X163.466 Y107.262 E1982.79443
G1 X162.63 Y105.756 E1982.85172
G1 X159.612 Y100.581 E1983.05097
G1 X159.041 Y99.513 E1983.09125
G1 X157.986 Y97.738 E1983.15993
G1 X157.745 Y97.308 E1983.17632
G1 X157.538 Y96.787 E1983.19497
G1 X157.5 Y96.135 E1983.21669
G1 X157.726 Y95.444 E1983.24087
G1 X158.154 Y95.013 E1983.26107
G1 X158.543 Y94.843 E1983.27519
G1 X159.307 Y94.723 E1983.30092
G1 X160.319 Y94.647 E1983.33467
G1 X161.947 Y94.648 E1983.38882
G1 X163.053 Y94.727 E1983.4257
G1 X164.626 Y94.727 E1983.47802
G1 X165.457 Y94.647 E1983.50578
G1 X167.281 Y94.647 E1983.56645
G1 X168.387 Y94.727 E1983.60333
G1 X169.875 Y94.727 E1983.65282
G1 X171.082 Y94.647 E1983.69306
G1 X171.479 Y94.672 E1983.70629
G1 X171.862 Y94.749 E1983.71928
G1 X172.251 Y94.89 E1983.73304
G1 X172.769 Y95.236 E1983.75376
G1 X173.113 Y95.771 E1983.77492
G1 X173.197 Y96.154 E1983.78796
G1 X173.185 Y96.559 E1983.80143
G1 X173.054 Y97.051 E1983.81837
G1 X172.22 Y98.549 E1983.87539
G1 X167.254 Y107.124 E1984.20497
G1 X166.96 Y107.652 E1984.22507
G1 X166.559 Y108.19 E1984.24739
G1 X166.034 Y108.57 E1984.26895
G1 X165.344 Y108.704 E1984.29232
G1 X164.747 Y108.611 E1984.31242
G0 F9000 X165.019 Y108.451
G1 F1500 X163.525 Y106.956 E1984.38272
G0 F9000 X163.227 Y107.12
G0 X162.521 Y105.848
G0 X162.818 Y105.684
G1 F1500 X165.586 Y108.452 E1984.51291
G0 F9000 X166.026 Y108.326
G1 F1500 X162.029 Y104.329 E1984.70092
G0 F9000 X161.735 Y104.499
G0 X160.944 Y103.142
G0 X161.238 Y102.972
G1 F1500 X166.355 Y108.089 E1984.94161
G0 F9000 X166.613 Y107.782
G1 F1500 X160.446 Y101.615 E1985.23169
G0 F9000 X160.153 Y101.785
G0 X159.379 Y100.442
G0 X159.679 Y100.282
G1 F1500 X166.845 Y107.448 E1985.56875
G0 F9000 X167.046 Y107.084
G1 F1500 X158.975 Y99.012 E1985.94841
G0 F9000 X158.684 Y99.185
G0 X157.853 Y97.786
G0 X158.149 Y97.621
G1 F1500 X167.253 Y106.725 E1986.37664
G0 F9000 X167.461 Y106.367
G1 F1500 X157.728 Y96.634 E1986.83445
G0 F9000 X157.73 Y96.071
G1 F1500 X167.668 Y106.008 E1987.30188
G0 F9000 X167.876 Y105.65
G1 F1500 X157.869 Y95.643 E1987.77257
G0 F9000 X158.121 Y95.33
G1 F1500 X168.083 Y105.292 E1988.24116
G0 F9000 X168.29 Y104.933
G1 F1500 X158.456 Y95.1 E1988.70369
G0 F9000 X158.91 Y94.988
G1 F1500 X168.498 Y104.576 E1989.15468
G0 F9000 X168.705 Y104.217
G1 F1500 X159.405 Y94.917 E1989.59213
G0 F9000 X159.931 Y94.877
G1 F1500 X168.912 Y103.859 E1990.01459
G0 F9000 X169.12 Y103.501
G1 F1500 X160.466 Y94.847 E1990.42165
G0 F9000 X161.032 Y94.847
G1 F1500 X169.328 Y103.142 E1990.81184
G0 F9000 X169.535 Y102.785
G1 F1500 X161.598 Y94.847 E1991.1852
G0 F9000 X162.182 Y94.865
G1 F1500 X169.743 Y102.426 E1991.54084
G0 F9000 X169.95 Y102.068
G1 F1500 X162.79 Y94.907 E1991.87765
G0 F9000 X163.374 Y94.926
G1 F1500 X170.158 Y101.71 E1992.19675
G0 F9000 X170.365 Y101.351
G1 F1500 X163.94 Y94.926 E1992.49896
G0 F9000 X164.506 Y94.926
G1 F1500 X170.573 Y100.993 E1992.78434
G0 F9000 X170.78 Y100.635
G1 F1500 X165.033 Y94.888 E1993.05466
G0 F9000 X165.557 Y94.847
G1 F1500 X170.987 Y100.276 E1993.31004
G0 F9000 X171.195 Y99.919
G1 F1500 X166.123 Y94.847 E1993.54862
G0 F9000 X166.689 Y94.847
G1 F1500 X171.402 Y99.56 E1993.7703
G0 F9000 X171.609 Y99.202
G1 F1500 X167.254 Y94.847 E1993.97515
G0 F9000 X167.863 Y94.89
G1 F1500 X171.817 Y98.844 E1994.16113
G0 F9000 X172.024 Y98.485
G1 F1500 X168.466 Y94.926 E1994.32851
G0 F9000 X169.031 Y94.926
G1 F1500 X172.227 Y98.122 E1994.47884
G0 F9000 X172.429 Y97.758
G1 F1500 X169.597 Y94.926 E1994.61205
G0 F9000 X170.146 Y94.91
G1 F1500 X172.63 Y97.394 E1994.72889
G0 F9000 X172.833 Y97.031
G1 F1500 X170.676 Y94.874 E1994.83035
G0 F9000 X171.224 Y94.856
G1 F1500 X172.966 Y96.599 E1994.91231
G0 F9000 X172.963 Y96.03
G1 F1500 X171.914 Y94.981 E1994.96165
G0 F9000 X172.03 Y94.661
G0 X155.652 Y90.854
G0 X155.701 Y90.721
G1 F1500 X155.308 Y90.394 E1994.97866
G1 X155.124 Y89.976 E1994.99385
G1 X155.03 Y89.212 E1995.01945
G1 X155.031 Y88.08 E1995.0571
G1 X155.116 Y86.892 E1995.09671
G1 X155.116 Y85.48 E1995.14368
G1 X155.031 Y84.374 E1995.18057
G1 X155.031 Y82.746 E1995.23472
G1 X155.116 Y81.629 E1995.27198
G1 X155.117 Y80.252 E1995.31778
G1 X155.031 Y79.122 E1995.35547
G1 X155.031 Y77.413 E1995.41231
G1 X155.115 Y76.312 E1995.44904
G1 X155.032 Y72.774 E1995.56674
G1 X155.062 Y72.118 E1995.58859
G1 X155.317 Y71.619 E1995.60722
G1 X155.707 Y71.33 E1995.62337
G1 X156.087 Y71.226 E1995.63647
G1 X156.509 Y71.195 E1995.65055
G1 X158.467 Y71.195 E1995.71567
G1 X158.926 Y71.269 E1995.73113
G1 X159.396 Y71.553 E1995.7494
G1 X159.739 Y72.059 E1995.76973
G1 X159.783 Y72.665 E1995.78994
G1 X159.785 Y82.749 E1996.12533
G1 X159.875 Y82.888 E1996.13084
G1 X160.155 Y82.996 E1996.14082
G1 X160.33 Y82.94 E1996.14693
G1 X161.988 Y81.249 E1996.2257
G1 X169.081 Y73.861 E1996.56634
G1 X169.919 Y73.01 E1996.60607
G1 X170.516 Y72.335 E1996.63604
G1 X171.188 Y71.716 E1996.66643
G1 X171.651 Y71.444 E1996.68429
G1 X172.178 Y71.262 E1996.70283
G1 X172.738 Y71.194 E1996.72159
G1 X174.45 Y71.198 E1996.77853
G1 X174.966 Y71.29 E1996.79597
G1 X175.429 Y71.607 E1996.81463
G1 X175.724 Y72.168 E1996.83571
G1 X175.803 Y72.712 E1996.85399
G1 X175.786 Y73.609 E1996.88383
G1 X175.869 Y74.871 E1996.9259
G1 X175.869 Y76.331 E1996.97446
G1 X175.785 Y77.447 E1997.01168
G1 X175.785 Y79.089 E1997.06629
G1 X175.869 Y80.206 E1997.10355
G1 X175.869 Y81.665 E1997.15208
G1 X175.785 Y82.776 E1997.18914
G1 X175.785 Y84.342 E1997.24122
G1 X175.869 Y85.466 E1997.27871
G1 X175.77 Y89.541 E1997.41428
G1 X175.712 Y89.906 E1997.42658
G1 X175.479 Y90.413 E1997.44514
G1 X175.076 Y90.737 E1997.46233
G1 X174.709 Y90.865 E1997.47526
G1 X174.077 Y90.93 E1997.49639
G1 X173.059 Y90.931 E1997.53025
G1 X172.624 Y90.918 E1997.54473
G1 X172.127 Y90.832 E1997.5615
G1 X171.605 Y90.56 E1997.58108
G1 X171.316 Y90.154 E1997.59765
G1 X171.173 Y89.707 E1997.61326
G1 X171.091 Y88.77 E1997.64455
G1 X171.111 Y87.56 E1997.6848
G1 X171.11 Y79.833 E1997.9418
G1 X171.023 Y79.678 E1997.94771
G1 X170.751 Y79.57 E1997.95745
G1 X170.655 Y79.57 E1997.96064
G1 X170.56 Y79.625 E1997.96429
G1 X168.522 Y81.73 E1998.06174
G1 X164.772 Y85.647 E1998.2421
G1 X162.987 Y87.441 E1998.32627
G1 X161.052 Y89.457 E1998.41921
G1 X160.652 Y89.89 E1998.43882
G1 X160.213 Y90.308 E1998.45898
G1 X159.571 Y90.679 E1998.48364
G1 X159.161 Y90.807 E1998.49793
G1 X158.654 Y90.891 E1998.51502
G1 X157.61 Y90.956 E1998.54981
G1 X156.137 Y90.88 E1998.59887
G1 X155.701 Y90.721 E1998.6143
G0 F9000 X155.652 Y90.854
G0 X155.285 Y90.485
G0 X154.949 Y89.707
G0 X155.286 Y89.666
G1 F1500 X156.308 Y90.688 E1998.66238
G0 F9000 X156.904 Y90.718
G1 F1500 X155.229 Y89.044 E1998.74114
G0 F9000 X155.229 Y88.478
G1 F1500 X157.5 Y90.75 E1998.84798
G0 F9000 X158.044 Y90.728
G1 F1500 X155.241 Y87.924 E1998.97985
G0 F9000 X155.279 Y87.396
G1 F1500 X158.576 Y90.694 E1999.13496
G0 F9000 X159.066 Y90.618
G1 F1500 X155.314 Y86.866 E1999.31144
G0 F9000 X155.314 Y86.3
G1 F1500 X159.501 Y90.487 E1999.50838
G0 F9000 X159.859 Y90.279
G1 F1500 X155.314 Y85.735 E1999.72214
G0 F9000 X155.289 Y85.144
G1 F1500 X160.192 Y90.047 E1999.95276
G0 F9000 X160.483 Y89.772
G1 F1500 X155.243 Y84.532 E2000.19924
G0 F9000 X155.23 Y83.954
G1 F1500 X160.757 Y89.481 E2000.45921
G0 F9000 X161.032 Y89.19
G1 F1500 X155.23 Y83.388 E2000.73212
G0 F9000 X155.23 Y82.822
G1 F1500 X161.309 Y88.901 E2001.01806
G0 F9000 X161.585 Y88.612
G1 F1500 X155.265 Y82.291 E2001.31535
G0 F9000 X155.304 Y81.765
G1 F1500 X161.863 Y88.324 E2001.62387
G0 F9000 X162.14 Y88.035
G1 F1500 X155.316 Y81.211 E2001.94485
G0 F9000 X155.316 Y80.645
G1 F1500 X162.416 Y87.746 E2002.27883
G0 F9000 X162.693 Y87.457
G1 F1500 X155.301 Y80.065 E2002.62653
G0 F9000 X155.255 Y79.454
G1 F1500 X162.973 Y87.171 E2002.98954
G0 F9000 X163.255 Y86.887
G1 F1500 X155.23 Y78.862 E2003.36701
G0 F9000 X155.23 Y78.297
G1 F1500 X159.582 Y82.649 E2003.57171
G0 F9000 X159.582 Y82.083
G1 F1500 X155.23 Y77.731 E2003.77642
G0 F9000 X155.248 Y77.183
G1 F1500 X159.582 Y81.518 E2003.9803
G0 F9000 X159.582 Y80.952
G1 F1500 X155.287 Y76.657 E2004.18232
G0 F9000 X155.308 Y76.112
G1 F1500 X159.582 Y80.386 E2004.38336
G0 F9000 X159.582 Y79.821
G1 F1500 X155.294 Y75.533 E2004.58505
G0 F9000 X155.281 Y74.954
G1 F1500 X159.582 Y79.255 E2004.78736
G0 F9000 X159.582 Y78.689
G1 F1500 X155.267 Y74.374 E2004.99032
G0 F9000 X155.255 Y73.796
G1 F1500 X159.582 Y78.123 E2005.19385
G0 F9000 X159.582 Y77.558
G1 F1500 X155.241 Y73.217 E2005.39804
G0 F9000 X155.238 Y72.648
G1 F1500 X159.582 Y76.992 E2005.60237
G0 F9000 X159.582 Y76.426
G1 F1500 X155.282 Y72.126 E2005.80463
G0 F9000 X155.474 Y71.752
G1 F1500 X159.582 Y75.861 E2005.99788
G0 F9000 X159.582 Y75.295
G1 F1500 X155.798 Y71.511 E2006.17587
G0 F9000 X156.266 Y71.413
G1 F1500 X159.582 Y74.729 E2006.33184
G0 F9000 X159.582 Y74.164
G1 F1500 X156.813 Y71.395 E2006.46209
G0 F9000 X157.379 Y71.395
G1 F1500 X159.582 Y73.598 E2006.56571
G0 F9000 X159.582 Y73.032
G1 F1500 X157.945 Y71.395 E2006.64271
G0 F9000 X158.522 Y71.407
G1 F1500 X159.566 Y72.45 E2006.69179
G0 F9000 X159.906 Y72.426
G0 X165.008 Y77.901
G0 X165.252 Y78.136
G1 F1500 X168.538 Y81.423 E2006.84638
G0 F9000 X168.261 Y81.711
G1 F1500 X164.975 Y78.425 E2007.00094
G0 F9000 X164.697 Y78.713
G1 F1500 X167.985 Y82.001 E2007.1556
G0 F9000 X167.708 Y82.29
G1 F1500 X164.42 Y79.002 E2007.31026
G0 F9000 X164.143 Y79.29
G1 F1500 X167.432 Y82.579 E2007.46496
G0 F9000 X167.155 Y82.867
G1 F1500 X163.867 Y79.579 E2007.61962
G0 F9000 X163.589 Y79.868
G1 F1500 X166.878 Y83.157 E2007.77432
G0 F9000 X166.602 Y83.446
G1 F1500 X163.312 Y80.156 E2007.92907
G0 F9000 X163.035 Y80.445
G1 F1500 X166.325 Y83.735 E2008.08383
G0 F9000 X166.048 Y84.024
G1 F1500 X162.758 Y80.733 E2008.2386
G0 F9000 X162.481 Y81.022
G1 F1500 X165.771 Y84.313 E2008.39338
G0 F9000 X165.495 Y84.602
G1 F1500 X162.203 Y81.31 E2008.54822
G0 F9000 X161.924 Y81.597
G1 F1500 X165.219 Y84.891 E2008.70318
G0 F9000 X164.942 Y85.18
G1 F1500 X161.644 Y81.882 E2008.85831
G0 F9000 X161.364 Y82.168
G1 F1500 X164.665 Y85.469 E2009.01358
G0 F9000 X164.383 Y85.753
G1 F1500 X161.084 Y82.454 E2009.16876
G0 F9000 X160.804 Y82.739
G1 F1500 X164.101 Y86.037 E2009.32386
G0 F9000 X163.819 Y86.32
G1 F1500 X160.524 Y83.025 E2009.47885
G0 F9000 X160.127 Y83.193
G1 F1500 X163.537 Y86.604 E2009.63927
G0 F9000 X163.777 Y86.844
G0 X169.061 Y81.374
G0 X168.816 Y81.135
G1 F1500 X165.529 Y77.848 E2009.79388
G0 F9000 X165.806 Y77.559
G1 F1500 X169.095 Y80.848 E2009.94858
G0 F9000 X169.373 Y80.56
G1 F1500 X166.083 Y77.271 E2010.10331
G0 F9000 X166.36 Y76.982
G1 F1500 X169.651 Y80.272 E2010.25808
G0 F9000 X169.929 Y79.985
G1 F1500 X166.637 Y76.693 E2010.41293
G0 F9000 X166.914 Y76.405
G1 F1500 X170.207 Y79.698 E2010.56782
G0 F9000 X170.506 Y79.431
G1 F1500 X167.191 Y76.116 E2010.72375
G0 F9000 X167.469 Y75.828
G1 F1500 X175.585 Y83.944 E2011.1055
G0 F9000 X175.585 Y83.378
G1 F1500 X167.746 Y75.539 E2011.47422
G0 F9000 X168.023 Y75.251
G1 F1500 X175.585 Y82.812 E2011.82989
G0 F9000 X175.621 Y82.283
G1 F1500 X168.3 Y74.962 E2012.17425
G0 F9000 X168.577 Y74.673
G1 F1500 X175.66 Y81.757 E2012.50744
G0 F9000 X175.668 Y81.199
G1 F1500 X168.854 Y74.384 E2012.82797
G0 F9000 X169.131 Y74.096
G1 F1500 X175.668 Y80.633 E2013.13545
G0 F9000 X175.657 Y80.056
G1 F1500 X169.41 Y73.809 E2013.42929
G0 F9000 X169.691 Y73.524
G1 F1500 X175.611 Y79.444 E2013.70775
G0 F9000 X175.585 Y78.853
G1 F1500 X169.972 Y73.239 E2013.97179
G0 F9000 X170.242 Y72.944
G1 F1500 X175.585 Y78.288 E2014.22313
G0 F9000 X175.585 Y77.721
G1 F1500 X170.507 Y72.643 E2014.46199
G0 F9000 X170.786 Y72.357
G1 F1500 X175.604 Y77.175 E2014.68861
G0 F9000 X175.643 Y76.648
G1 F1500 X171.081 Y72.086 E2014.90319
G0 F9000 X171.39 Y71.83
G1 F1500 X175.667 Y76.107 E2015.10437
G0 F9000 X175.667 Y75.541
G1 F1500 X171.748 Y71.622 E2015.28871
G0 F9000 X172.169 Y71.477
G1 F1500 X175.667 Y74.975 E2015.45324
G0 F9000 X175.635 Y74.377
G1 F1500 X172.662 Y71.405 E2015.59306
G0 F9000 X173.218 Y71.395
G1 F1500 X175.595 Y73.771 E2015.70484
G0 F9000 X175.593 Y73.204
G1 F1500 X173.785 Y71.396 E2015.78989
G0 F9000 X174.352 Y71.397
G1 F1500 X175.589 Y72.634 E2015.84807
G1 F2700 E2010.84807
G0 F9000 X175.927 Y72.586
G0 X175.949 Y85.452
G0 X175.85 Y89.552
G0 X175.789 Y89.929
G0 X175.544 Y90.462
G0 X175.113 Y90.808
G0 X174.728 Y90.945
G0 X174.083 Y91.01
G0 X172.608 Y90.998
G0 X172.107 Y90.91
G0 X171.552 Y90.621
G0 X171.243 Y90.188
G0 X171.096 Y89.726
G0 X171.048 Y89.175
G0 X170.97 Y80.233
G0 X171.309 Y80.233
G1 F2700 E2015.84807
G1 F1500 X175.597 Y84.522 E2016.04979
G0 F9000 X175.643 Y85.133
G1 F1500 X171.309 Y80.799 E2016.25365
G0 F9000 X171.309 Y81.365
G1 F1500 X175.662 Y85.718 E2016.4584
G0 F9000 X175.648 Y86.27
G1 F1500 X171.309 Y81.931 E2016.66249
G0 F9000 X171.309 Y82.496
G1 F1500 X175.635 Y86.822 E2016.86597
G0 F9000 X175.621 Y87.375
G1 F1500 X171.309 Y83.062 E2017.06882
G0 F9000 X171.309 Y83.628
G1 F1500 X175.608 Y87.927 E2017.27103
G0 F9000 X175.595 Y88.479
G1 F1500 X171.309 Y84.193 E2017.47263
G0 F9000 X171.309 Y84.759
G1 F1500 X175.581 Y89.031 E2017.67358
G0 F9000 X175.561 Y89.576
G1 F1500 X171.309 Y85.325 E2017.87355
G0 F9000 X171.309 Y85.89
G1 F1500 X175.437 Y90.018 E2018.06772
G0 F9000 X175.218 Y90.365
G1 F1500 X171.309 Y86.456 E2018.25159
G0 F9000 X171.309 Y87.022
G1 F1500 X174.879 Y90.592 E2018.41951
G0 F9000 X174.414 Y90.693
G1 F1500 X171.309 Y87.587 E2018.56558
G0 F9000 X171.3 Y88.144
G1 F1500 X173.886 Y90.73 E2018.68722
G0 F9000 X173.32 Y90.73
G1 F1500 X171.29 Y88.7 E2018.78271
G0 F9000 X171.338 Y89.313
G1 F1500 X172.745 Y90.721 E2018.84891
G0 F9000 X171.997 Y90.538
G1 F1500 X171.484 Y90.025 E2018.87304
G0 F9000 X171.159 Y90.127
G0 X157.613 Y91.037
G0 X145.548 Y91.007
G0 X145.609 Y90.883
G1 F1500 X145.002 Y90.587 E2018.8955
G1 X144.677 Y90.195 E2018.91244
G1 X144.571 Y89.857 E2018.92422
G1 X144.536 Y89.338 E2018.94152
G1 X144.533 Y72.468 E2019.50262
G1 X144.589 Y72.039 E2019.51701
G1 X144.812 Y71.606 E2019.53321
G1 X145.352 Y71.233 E2019.55504
G1 X145.963 Y71.196 E2019.5754
G1 X148.159 Y71.196 E2019.64844
G1 X148.606 Y71.259 E2019.66345
G1 X149.042 Y71.477 E2019.67966
G1 X149.297 Y71.742 E2019.69189
G1 X149.47 Y72.118 E2019.70566
G1 X149.542 Y72.648 E2019.72345
G1 X149.536 Y89.48 E2020.28329
G1 X149.466 Y89.942 E2020.29883
G1 X149.177 Y90.453 E2020.31835
G1 X148.705 Y90.786 E2020.33757
G1 X148.347 Y90.893 E2020.34999
G1 X147.808 Y90.931 E2020.36796
G1 X145.609 Y90.883 E2020.44112
G0 F9000 X145.459 Y90.588
G1 F1500 X144.805 Y89.934 E2020.47188
G0 F9000 X144.734 Y89.296
G1 F1500 X146.131 Y90.694 E2020.53762
G0 F9000 X146.709 Y90.706
G1 F1500 X144.732 Y88.729 E2020.63061
G0 F9000 X144.732 Y88.164
G1 F1500 X147.288 Y90.719 E2020.75081
G0 F9000 X147.86 Y90.726
G1 F1500 X144.732 Y87.598 E2020.89794
G0 F9000 X144.732 Y87.032
G1 F1500 X148.375 Y90.675 E2021.0693
G0 F9000 X148.763 Y90.498
G1 F1500 X144.732 Y86.467 E2021.25891
G0 F9000 X144.732 Y85.901
G1 F1500 X149.068 Y90.236 E2021.46283
G0 F9000 X149.272 Y89.875
G1 F1500 X144.732 Y85.335 E2021.67638
G0 F9000 X144.732 Y84.77
G1 F1500 X149.336 Y89.373 E2021.89292
G0 F9000 X149.336 Y88.807
G1 F1500 X144.732 Y84.204 E2022.10945
G0 F9000 X144.732 Y83.638
G1 F1500 X149.336 Y88.241 E2022.32598
G0 F9000 X149.336 Y87.676
G1 F1500 X144.732 Y83.073 E2022.54252
G0 F9000 X144.732 Y82.507
G1 F1500 X149.336 Y87.111 E2022.75908
G0 F9000 X149.336 Y86.545
G1 F1500 X144.732 Y81.941 E2022.97564
G0 F9000 X144.732 Y81.375
G1 F1500 X149.336 Y85.979 E2023.19219
G0 F9000 X149.336 Y85.414
G1 F1500 X144.732 Y80.809 E2023.40878
G0 F9000 X144.732 Y80.243
G1 F1500 X149.337 Y84.849 E2023.6254
G0 F9000 X149.337 Y84.283
G1 F1500 X144.732 Y79.678 E2023.84201
G0 F9000 X144.732 Y79.112
G1 F1500 X149.337 Y83.717 E2024.05861
G0 F9000 X149.338 Y83.152
G1 F1500 X144.732 Y78.546 E2024.27527
G0 F9000 X144.732 Y77.981
G1 F1500 X149.338 Y82.587 E2024.49192
G0 F9000 X149.338 Y82.021
G1 F1500 X144.732 Y77.415 E2024.70857
G0 F9000 X144.732 Y76.849
G1 F1500 X149.338 Y81.455 E2024.92522
G0 F9000 X149.338 Y80.89
G1 F1500 X144.732 Y76.284 E2025.14187
G0 F9000 X144.732 Y75.718
G1 F1500 X149.338 Y80.325 E2025.35855
G0 F9000 X149.338 Y79.759
G1 F1500 X144.732 Y75.152 E2025.57523
G0 F9000 X144.732 Y74.587
G1 F1500 X149.338 Y79.193 E2025.79188
G0 F9000 X149.339 Y78.628
G1 F1500 X144.732 Y74.021 E2026.00858
G0 F9000 X144.732 Y73.455
G1 F1500 X149.339 Y78.063 E2026.2253
G0 F9000 X149.339 Y77.497
G1 F1500 X144.732 Y72.889 E2026.44202
G0 F9000 X144.749 Y72.341
G1 F1500 X149.339 Y76.931 E2026.65792
G0 F9000 X149.34 Y76.366
G1 F1500 X144.88 Y71.907 E2026.86768
G0 F9000 X145.152 Y71.613
G1 F1500 X149.34 Y75.801 E2027.06467
G0 F9000 X149.34 Y75.235
G1 F1500 X145.527 Y71.422 E2027.24403
G0 F9000 X146.066 Y71.395
G1 F1500 X149.34 Y74.67 E2027.39805
G0 F9000 X149.34 Y74.104
G1 F1500 X146.632 Y71.395 E2027.52545
G0 F9000 X147.197 Y71.395
G1 F1500 X149.34 Y73.539 E2027.62627
G0 F9000 X149.34 Y72.973
G1 F1500 X147.763 Y71.395 E2027.70047
G0 F9000 X148.359 Y71.426
G1 F1500 X149.301 Y72.368 E2027.74478
G1 F2700 E2022.74478
G0 F9000 X149.641 Y72.323
G0 X149.365 Y71.697
G0 X149.089 Y71.413
G0 X148.634 Y71.183
G0 X148.158 Y71.117
G0 X138.195 Y71.165
G0 X138.708 Y71.422
G0 X139.076 Y71.92
G0 X139.198 Y72.472
G0 X139.197 Y89.475
G0 X139.094 Y90.025
G0 X138.9 Y90.389
G0 X138.437 Y90.796
G0 X138.005 Y90.955
G0 X136.858 Y90.998
G0 X117.287 Y91.006
G0 X117.295 Y90.865
G1 F2700 E2027.74478
G1 F1500 X116.732 Y90.531 E2027.76655
G1 X116.399 Y90.08 E2027.7852
G1 X116.291 Y89.703 E2027.79824
G1 X116.257 Y89.175 E2027.81584
G1 X116.255 Y72.961 E2028.35512
G1 X116.267 Y72.489 E2028.37082
G1 X116.344 Y72.053 E2028.38555
G1 X116.54 Y71.668 E2028.39992
G1 X116.912 Y71.366 E2028.41586
G1 X117.257 Y71.246 E2028.42801
G1 X117.703 Y71.195 E2028.44294
G1 X119.473 Y71.196 E2028.50181
G1 X119.977 Y71.284 E2028.51882
G1 X120.409 Y71.548 E2028.53566
G1 X120.719 Y72.017 E2028.55436
G1 X120.78 Y72.948 E2028.58539
G1 X120.757 Y72.969 E2028.58643
G1 X120.758 Y81.69 E2028.87649
G1 X120.791 Y81.77 E2028.87937
G1 X120.907 Y81.85 E2028.88405
G1 X121.199 Y81.918 E2028.89403
G1 X121.297 Y81.896 E2028.89737
G1 X121.382 Y81.814 E2028.9013
G1 X122.6 Y79.602 E2028.98528
G1 X125.378 Y74.36 E2029.1826
G1 X126.557 Y72.189 E2029.26477
G1 X126.985 Y71.816 E2029.28365
G1 X127.461 Y71.679 E2029.30013
G1 X127.95 Y71.752 E2029.31657
G1 X128.403 Y72.093 E2029.33543
G1 X128.727 Y72.603 E2029.35553
G1 X129.908 Y74.825 E2029.43922
G1 X133.663 Y81.725 E2029.7005
G1 X133.748 Y81.808 E2029.70445
G1 X133.848 Y81.829 E2029.70785
G1 X134.181 Y81.743 E2029.71929
G1 X134.286 Y81.6 E2029.72519
G1 X134.289 Y72.612 E2030.02413
G1 X134.337 Y72.194 E2030.03812
G1 X134.56 Y71.696 E2030.05627
G1 X134.956 Y71.396 E2030.0728
G1 X135.407 Y71.251 E2030.08855
G1 X136.323 Y71.169 E2030.11914
G1 X137.781 Y71.196 E2030.16764
G1 X138.17 Y71.243 E2030.18068
G1 X138.656 Y71.486 E2030.19875
G1 X139.002 Y71.953 E2030.21808
G1 X139.118 Y72.482 E2030.23609
G1 X139.118 Y89.47 E2030.80111
G1 X139.018 Y89.994 E2030.81886
G1 X138.834 Y90.341 E2030.83192
G1 X138.394 Y90.728 E2030.85141
G1 X137.989 Y90.875 E2030.86574
G1 X137.427 Y90.93 E2030.88452
G1 X135.974 Y90.952 E2030.93285
G1 X134.389 Y90.814 E2030.98577
G1 X133.94 Y90.652 E2031.00165
G1 X133.552 Y90.35 E2031.018
G1 X133.004 Y89.626 E2031.0482
G1 X129.6 Y83.58 E2031.27897
G1 X127.893 Y80.486 E2031.3965
G1 X127.784 Y80.426 E2031.40064
G1 X127.494 Y80.429 E2031.41029
G1 X127.387 Y80.49 E2031.41438
G1 X126.009 Y83.052 E2031.51114
G1 X122.993 Y88.572 E2031.72035
G1 X122.569 Y89.391 E2031.75103
G1 X122.072 Y90.147 E2031.78112
G1 X121.73 Y90.464 E2031.79663
G1 X121.328 Y90.702 E2031.81217
G1 X120.785 Y90.871 E2031.83108
G1 X120.153 Y90.931 E2031.8522
G1 X118.749 Y90.943 E2031.8989
G1 X117.295 Y90.865 E2031.94733
G0 F9000 X117.11 Y90.523
G1 F1500 X116.593 Y90.006 E2031.97164
G0 F9000 X116.466 Y89.313
G1 F1500 X117.847 Y90.694 E2032.0366
G0 F9000 X118.444 Y90.726
G1 F1500 X116.456 Y88.737 E2032.13013
G0 F9000 X116.456 Y88.171
G1 F1500 X119.024 Y90.74 E2032.25095
G0 F9000 X119.585 Y90.735
G1 F1500 X116.456 Y87.606 E2032.39813
G0 F9000 X116.456 Y87.04
G1 F1500 X120.145 Y90.73 E2032.57167
G0 F9000 X120.662 Y90.681
G1 F1500 X116.456 Y86.474 E2032.76953
G0 F9000 X116.456 Y85.909
G1 F1500 X121.106 Y90.559 E2032.98825
G0 F9000 X121.487 Y90.374
G1 F1500 X116.456 Y85.343 E2033.2249
G0 F9000 X116.456 Y84.777
G1 F1500 X121.801 Y90.123 E2033.47633
G0 F9000 X122.053 Y89.809
G1 F1500 X116.456 Y84.212 E2033.7396
G0 F9000 X116.455 Y83.645
G1 F1500 X122.278 Y89.468 E2034.01349
G0 F9000 X122.487 Y89.112
G1 F1500 X116.455 Y83.08 E2034.29722
G0 F9000 X116.455 Y82.514
G1 F1500 X122.68 Y88.739 E2034.59002
G0 F9000 X122.875 Y88.368
G1 F1500 X116.455 Y81.948 E2034.892
G0 F9000 X116.455 Y81.383
G1 F1500 X123.075 Y88.002 E2035.20336
G0 F9000 X123.274 Y87.636
G1 F1500 X116.455 Y80.817 E2035.52411
G0 F9000 X116.455 Y80.251
G1 F1500 X123.474 Y87.271 E2035.85428
G0 F9000 X123.675 Y86.905
G1 F1500 X116.455 Y79.685 E2036.19389
G0 F9000 X116.455 Y79.12
G1 F1500 X123.874 Y86.539 E2036.54286
G0 F9000 X124.074 Y86.173
G1 F1500 X116.455 Y78.554 E2036.90123
G0 F9000 X116.454 Y77.988
G1 F1500 X124.274 Y85.808 E2037.26906
G0 F9000 X124.474 Y85.441
G1 F1500 X121.147 Y82.115 E2037.42553
G0 F9000 X121.536 Y81.938
G1 F1500 X124.674 Y85.076 E2037.57313
G0 F9000 X124.874 Y84.71
G1 F1500 X121.737 Y81.573 E2037.72069
G0 F9000 X121.939 Y81.209
G1 F1500 X125.073 Y84.344 E2037.86812
G0 F9000 X125.273 Y83.978
G1 F1500 X122.14 Y80.845 E2038.01549
G0 F9000 X122.342 Y80.481
G1 F1500 X125.473 Y83.613 E2038.16279
G0 F9000 X125.673 Y83.246
G1 F1500 X122.543 Y80.117 E2038.30999
G0 F9000 X122.745 Y79.753
G1 F1500 X125.873 Y82.881 E2038.45712
G0 F9000 X126.07 Y82.512
G1 F1500 X122.941 Y79.384 E2038.60427
G0 F9000 X123.137 Y79.014
G1 F1500 X126.268 Y82.145 E2038.75155
G0 F9000 X126.466 Y81.777
G1 F1500 X123.333 Y78.644 E2038.89891
G0 F9000 X123.53 Y78.275
G1 F1500 X126.664 Y81.409 E2039.04633
G0 F9000 X126.862 Y81.042
G1 F1500 X123.726 Y77.905 E2039.19386
G0 F9000 X123.921 Y77.535
G1 F1500 X127.06 Y80.674 E2039.34151
G0 F9000 X127.283 Y80.331
G1 F1500 X124.117 Y77.165 E2039.49043
G0 F9000 X124.313 Y76.796
G1 F1500 X127.745 Y80.227 E2039.65183
G0 F9000 X128.265 Y80.748
G1 F1500 X138.128 Y90.61 E2040.11574
G0 F9000 X138.473 Y90.39
G1 F1500 X124.509 Y76.426 E2040.77256
G0 F9000 X124.705 Y76.056
G1 F1500 X138.739 Y90.09 E2041.43268
G0 F9000 X138.877 Y89.662
G1 F1500 X124.901 Y75.686 E2042.09006
G0 F9000 X125.097 Y75.316
G1 F1500 X138.917 Y89.137 E2042.74014
G0 F9000 X138.917 Y88.571
G1 F1500 X125.292 Y74.946 E2043.38102
G0 F9000 X125.488 Y74.577
G1 F1500 X138.917 Y88.005 E2044.01265
G0 F9000 X138.917 Y87.44
G1 F1500 X125.686 Y74.208 E2044.63502
G0 F9000 X125.885 Y73.842
G1 F1500 X133.033 Y80.99 E2044.97124
G0 F9000 X133.334 Y80.827
G0 X132.658 Y79.587
G0 X132.358 Y79.749
G1 F1500 X126.084 Y73.476 E2045.26633
G0 F9000 X126.283 Y73.109
G1 F1500 X131.683 Y78.508 E2045.5203
G0 F9000 X131.983 Y78.346
G0 X131.308 Y77.106
G0 X131.008 Y77.268
G1 F1500 X126.483 Y72.742 E2045.73317
G0 F9000 X126.681 Y72.375
G1 F1500 X130.333 Y76.027 E2045.90495
G0 F9000 X130.632 Y75.865
G0 X129.962 Y74.631
G0 X129.661 Y74.789
G1 F1500 X126.968 Y72.096 E2046.03162
G0 F9000 X127.354 Y71.917
G1 F1500 X129.02 Y73.583 E2046.10998
G0 F9000 X129.322 Y73.424
G0 X128.575 Y72.104
G0 X128.288 Y72.285
G1 F1500 X128.174 Y72.171 E2046.11534
G0 F9000 X128.379 Y71.9
G0 X134.148 Y72.827
G0 X134.487 Y72.827
G1 F1500 X138.917 Y77.257 E2046.32372
G0 F9000 X138.917 Y76.692
G1 F1500 X134.525 Y72.3 E2046.5303
G0 F9000 X134.689 Y71.898
G1 F1500 X138.917 Y76.126 E2046.72918
G0 F9000 X138.917 Y75.56
G1 F1500 X134.983 Y71.626 E2046.91422
G0 F9000 X135.389 Y71.467
G1 F1500 X138.917 Y74.995 E2047.08017
G0 F9000 X138.917 Y74.429
G1 F1500 X135.896 Y71.408 E2047.22226
G0 F9000 X136.424 Y71.371
G1 F1500 X138.917 Y73.863 E2047.3395
G0 F9000 X138.917 Y73.297
G1 F1500 X137.001 Y71.381 E2047.42963
G0 F9000 X137.578 Y71.393
G1 F1500 X138.917 Y72.732 E2047.49261
G0 F9000 X138.821 Y72.07
G1 F1500 X138.266 Y71.516 E2047.51869
G0 F9000 X138.419 Y71.21
G0 X137.791 Y71.117
G0 X136.33 Y71.089
G0 X135.383 Y71.173
G0 X134.921 Y71.324
G0 X134.495 Y71.647
G0 X134.304 Y72.073
G0 X134.148 Y73.393
G0 X134.487 Y73.393
G1 F1500 X138.917 Y77.823 E2047.72706
G0 F9000 X138.917 Y78.389
G1 F1500 X134.486 Y73.958 E2047.93549
G0 F9000 X134.486 Y74.524
G1 F1500 X138.917 Y78.954 E2048.14388
G0 F9000 X138.917 Y79.52
G1 F1500 X134.486 Y75.089 E2048.3523
G0 F9000 X134.486 Y75.654
G1 F1500 X138.917 Y80.086 E2048.56075
G0 F9000 X138.917 Y80.651
G1 F1500 X134.485 Y76.219 E2048.76921
G0 F9000 X134.485 Y76.785
G1 F1500 X138.917 Y81.217 E2048.97768
G0 F9000 X138.917 Y81.783
G1 F1500 X134.484 Y77.35 E2049.1862
G0 F9000 X134.484 Y77.916
G1 F1500 X138.917 Y82.348 E2049.39469
G0 F9000 X138.917 Y82.914
G1 F1500 X134.483 Y78.481 E2049.60323
G0 F9000 X134.483 Y79.046
G1 F1500 X138.917 Y83.48 E2049.81179
G0 F9000 X138.917 Y84.046
G1 F1500 X134.483 Y79.611 E2050.02037
G0 F9000 X134.483 Y80.177
G1 F1500 X138.917 Y84.611 E2050.22894
G0 F9000 X138.917 Y85.177
G1 F1500 X134.482 Y80.742 E2050.43754
G0 F9000 X134.482 Y81.308
G1 F1500 X138.917 Y85.743 E2050.64615
G0 F9000 X138.917 Y86.308
G1 F1500 X134.408 Y81.799 E2050.85824
G0 F9000 X134.035 Y81.992
G1 F1500 X138.917 Y86.874 E2051.08788
G0 F9000 X139.258 Y86.875
G0 X139.197 Y89.475
G0 X139.094 Y90.025
G0 X138.9 Y90.389
G0 X138.483 Y90.755
G0 X137.688 Y91.046
G0 X137.657 Y90.705
G1 F1500 X128.962 Y82.01 E2051.49686
G0 F9000 X128.664 Y82.173
G0 X129.361 Y83.437
G0 X129.659 Y83.273
G1 F1500 X137.12 Y90.734 E2051.84781
G0 F9000 X136.562 Y90.742
G1 F1500 X130.382 Y84.562 E2052.13849
G0 F9000 X130.086 Y84.728
G0 X130.814 Y86.022
G0 X131.111 Y85.856
G1 F1500 X136.005 Y90.75 E2052.36869
G0 F9000 X135.389 Y90.699
G1 F1500 X131.84 Y87.15 E2052.53563
G0 F9000 X131.543 Y87.316
G0 X132.273 Y88.611
G0 X132.569 Y88.445
G1 F1500 X134.769 Y90.646 E2052.63913
G0 F9000 X134.016 Y90.458
G1 F1500 X133.474 Y89.917 E2052.6646
G1 F2700 E2047.6646
G0 F9000 X133.203 Y90.121
G0 X120.156 Y91.01
G0 X118.741 Y91.022
G0 X117.272 Y90.945
G0 X116.677 Y90.59
G0 X116.325 Y90.113
G0 X116.211 Y89.72
G0 X116.187 Y72.485
G0 X116.269 Y72.026
G0 X116.477 Y71.616
G0 X116.875 Y71.295
G0 X117.236 Y71.167
G0 X117.695 Y71.115
G0 X119.488 Y71.117
G0 X120.006 Y71.206
G0 X120.466 Y71.489
G0 X120.796 Y71.992
G0 X120.936 Y74.774
G0 X120.896 Y81.527
G0 X120.56 Y81.527
G1 F2700 E2052.6646
G1 F1500 X116.454 Y77.422 E2052.85771
G0 F9000 X116.454 Y76.856
G1 F1500 X120.56 Y80.962 E2053.05085
G0 F9000 X120.56 Y80.396
G1 F1500 X116.454 Y76.291 E2053.24396
G0 F9000 X116.454 Y75.725
G1 F1500 X120.56 Y79.83 E2053.43707
G0 F9000 X120.559 Y79.264
G1 F1500 X116.454 Y75.159 E2053.63015
G0 F9000 X116.454 Y74.594
G1 F1500 X120.559 Y78.698 E2053.82322
G0 F9000 X120.559 Y78.133
G1 F1500 X116.454 Y74.028 E2054.0163
G0 F9000 X116.454 Y73.462
G1 F1500 X120.559 Y77.567 E2054.20939
G0 F9000 X120.558 Y77.001
G1 F1500 X116.456 Y72.898 E2054.40236
G0 F9000 X116.491 Y72.368
G1 F1500 X120.558 Y76.435 E2054.59366
G0 F9000 X120.558 Y75.869
G1 F1500 X116.627 Y71.938 E2054.77856
G0 F9000 X116.893 Y71.639
G1 F1500 X120.558 Y75.304 E2054.95095
G0 F9000 X120.558 Y74.737
G1 F1500 X117.273 Y71.453 E2055.10544
G0 F9000 X117.782 Y71.395
G1 F1500 X120.558 Y74.171 E2055.23602
G0 F9000 X120.558 Y73.606
G1 F1500 X118.347 Y71.395 E2055.34002
G0 F9000 X118.913 Y71.395
G1 F1500 X120.558 Y73.04 E2055.41739
G0 F9000 X120.547 Y72.464
G1 F1500 X119.484 Y71.401 E2055.46739
G1 F2700 E2050.46739
G0 F9000 X119.541 Y71.065
G0 X117.236 Y71.167
G0 X116.875 Y71.295
G0 X116.477 Y71.616
G0 X116.269 Y72.026
G0 X116.175 Y72.933
G0 X116.18 Y73.386
G0 X107.79 Y79.185
G0 X104.998 Y82.695
G0 X98.103 Y86.69
G0 X98.075 Y86.835
G1 F2700 E2055.46739
G1 F1500 X98.403 Y86.861 E2055.47834
G1 X99.001 Y86.858 E2055.49823
G1 X101.805 Y86.916 E2055.59151
G1 X102.901 Y86.857 E2055.62801
G1 X104.441 Y86.828 E2055.67924
G1 X105.852 Y86.603 E2055.72676
G1 X106.36 Y86.399 E2055.74497
G1 X106.908 Y86.024 E2055.76706
G1 X107.14 Y85.66 E2055.78141
G1 X107.278 Y85.328 E2055.79337
G1 X107.35 Y84.983 E2055.8051
G1 X107.368 Y84.602 E2055.81778
G1 X107.323 Y84.237 E2055.83001
G1 X107.229 Y83.929 E2055.84072
G1 X107.064 Y83.612 E2055.85261
G1 X106.748 Y83.279 E2055.86788
G1 X106.337 Y83.001 E2055.88438
G1 X105.776 Y82.777 E2055.90447
G1 X105.003 Y82.635 E2055.93061
G1 X103.41 Y82.54 E2055.98369
G1 X102.394 Y82.465 E2056.01758
G1 X98.435 Y82.467 E2056.14925
G1 X97.922 Y82.638 E2056.16724
G1 X97.854 Y82.716 E2056.17068
G1 X97.776 Y82.965 E2056.17936
G1 X97.723 Y83.457 E2056.19582
G1 X97.723 Y86.031 E2056.28143
G1 X97.772 Y86.482 E2056.29652
G1 X97.99 Y86.784 E2056.30891
G1 X98.075 Y86.835 E2056.3122
G1 F2700 E2051.3122
G0 F9000 X98.103 Y86.69
G0 X101.818 Y86.857
G0 X103.096 Y90.971
G0 X106.308 Y90.937
G0 X106.286 Y90.799
G1 F2700 E2056.3122
G1 F1500 X103.09 Y90.931 E2056.41859
G1 X95.74 Y90.93 E2056.66305
G1 X94.816 Y90.94 E2056.69379
G1 X93.748 Y90.86 E2056.72941
G1 X93.2 Y90.526 E2056.75075
G1 X92.868 Y90.075 E2056.76938
G1 X92.76 Y89.712 E2056.78198
G1 X92.718 Y89.117 E2056.80182
G1 X92.721 Y72.398 E2057.35789
G1 X92.917 Y71.845 E2057.37741
G1 X93.13 Y71.564 E2057.38913
G1 X93.627 Y71.232 E2057.40901
G1 X94.274 Y71.194 E2057.43057
G1 X96.04 Y71.194 E2057.48931
G1 X96.543 Y71.209 E2057.50604
G1 X97.15 Y71.322 E2057.52658
G1 X97.534 Y71.743 E2057.54553
G1 X97.666 Y72.082 E2057.55763
G1 X97.722 Y72.718 E2057.57887
G1 X97.725 Y78.579 E2057.77381
G1 X97.812 Y78.711 E2057.77906
G1 X97.883 Y78.744 E2057.78167
G1 X101.12 Y78.74 E2057.88933
G1 X101.661 Y78.688 E2057.90741
G1 X101.938 Y78.595 E2057.91713
G1 X102.27 Y78.377 E2057.93034
G1 X102.563 Y78.074 E2057.94436
G1 X106.321 Y72.824 E2058.1591
G1 X106.697 Y72.26 E2058.18164
G1 X106.951 Y71.931 E2058.19547
G1 X107.206 Y71.679 E2058.20739
G1 X107.549 Y71.441 E2058.22127
G1 X108.008 Y71.263 E2058.23765
G1 X108.562 Y71.195 E2058.25621
G1 X111.332 Y71.195 E2058.34834
G1 X111.998 Y71.361 E2058.37117
G1 X112.306 Y71.851 E2058.39042
G1 X112.328 Y72.257 E2058.40395
G1 X112.176 Y72.714 E2058.41996
G1 X111.252 Y74.059 E2058.47424
G1 X110.525 Y75.161 E2058.51815
G1 X108.358 Y78.218 E2058.64278
G1 X107.955 Y78.805 E2058.66646
G1 X107.819 Y79.052 E2058.67584
G1 X107.803 Y79.177 E2058.68003
G1 X107.86 Y79.298 E2058.68448
G1 X108.422 Y79.527 E2058.70466
G1 X110.194 Y80.341 E2058.76952
G1 X110.91 Y80.879 E2058.79931
G1 X111.499 Y81.551 E2058.82903
G1 X112.026 Y82.501 E2058.86516
G1 X112.36 Y83.686 E2058.90611
G1 X112.361 Y84.486 E2058.93272
G1 X112.411 Y84.803 E2058.9434
G1 X112.427 Y85.238 E2058.95787
G1 X112.292 Y86.337 E2058.9947
G1 X111.979 Y87.406 E2059.03175
G1 X111.425 Y88.387 E2059.06922
G1 X110.681 Y89.186 E2059.10553
G1 X109.532 Y89.936 E2059.15117
G1 X107.977 Y90.502 E2059.20621
G1 X106.286 Y90.799 E2059.26331
G0 F9000 X106.309 Y90.937
G0 X104.487 Y90.978
G0 X94.051 Y91.024
G0 X94.077 Y90.683
G1 F1500 X92.947 Y89.553 E2059.31646
G0 F9000 X92.917 Y88.957
G1 F1500 X94.688 Y90.728 E2059.39977
G0 F9000 X95.26 Y90.734
G1 F1500 X92.917 Y88.391 E2059.50997
G0 F9000 X92.917 Y87.826
G1 F1500 X95.821 Y90.73 E2059.64657
G0 F9000 X96.387 Y90.73
G1 F1500 X92.917 Y87.26 E2059.80979
G0 F9000 X92.917 Y86.694
G1 F1500 X96.952 Y90.73 E2059.9996
G0 F9000 X97.518 Y90.73
G1 F1500 X92.917 Y86.129 E2060.21602
G0 F9000 X92.917 Y85.563
G1 F1500 X98.084 Y90.73 E2060.45906
G0 F9000 X98.649 Y90.73
G1 F1500 X92.917 Y84.997 E2060.7287
G0 F9000 X92.918 Y84.432
G1 F1500 X99.215 Y90.73 E2061.02492
G0 F9000 X99.781 Y90.73
G1 F1500 X92.918 Y83.867 E2061.34773
G0 F9000 X92.918 Y83.301
G1 F1500 X100.346 Y90.73 E2061.69714
G0 F9000 X100.912 Y90.73
G1 F1500 X92.918 Y82.735 E2062.07318
G0 F9000 X92.918 Y82.17
G1 F1500 X101.478 Y90.73 E2062.47582
G0 F9000 X102.043 Y90.73
G1 F1500 X98.371 Y87.058 E2062.64854
G0 F9000 X98.938 Y87.058
G1 F1500 X102.609 Y90.73 E2062.82123
G0 F9000 X103.171 Y90.726
G1 F1500 X99.513 Y87.068 E2062.99329
G0 F9000 X100.091 Y87.08
G1 F1500 X103.714 Y90.704 E2063.16373
G0 F9000 X104.258 Y90.682
G1 F1500 X100.668 Y87.092 E2063.33259
G0 F9000 X101.246 Y87.104
G1 F1500 X104.801 Y90.659 E2063.49981
G0 F9000 X105.344 Y90.636
G1 F1500 X101.823 Y87.115 E2063.66543
G0 F9000 X102.36 Y87.087
G1 F1500 X105.887 Y90.614 E2063.83133
G0 F9000 X106.411 Y90.572
G1 F1500 X102.896 Y87.057 E2063.99666
G0 F9000 X103.451 Y87.046
G1 F1500 X106.893 Y90.488 E2064.15856
G0 F9000 X107.374 Y90.403
G1 F1500 X104.006 Y87.035 E2064.31698
G0 F9000 X104.55 Y87.014
G1 F1500 X107.855 Y90.319 E2064.47244
G0 F9000 X108.279 Y90.178
G1 F1500 X105.037 Y86.935 E2064.62496
G0 F9000 X105.525 Y86.858
G1 F1500 X108.694 Y90.026 E2064.77399
G0 F9000 X109.109 Y89.876
G1 F1500 X105.998 Y86.764 E2064.92035
G0 F9000 X106.399 Y86.6
G1 F1500 X109.509 Y89.71 E2065.06663
G0 F9000 X109.851 Y89.487
G1 F1500 X106.743 Y86.378 E2065.21285
G0 F9000 X107.07 Y86.139
G1 F1500 X110.194 Y89.263 E2065.35979
G0 F9000 X110.535 Y89.039
G1 F1500 X107.29 Y85.794 E2065.51243
G0 F9000 X107.461 Y85.4
G1 F1500 X110.811 Y88.749 E2065.66998
G0 F9000 X111.084 Y88.456
G1 F1500 X107.551 Y84.924 E2065.83614
G0 F9000 X107.534 Y84.341
G1 F1500 X111.333 Y88.14 E2066.01483
G0 F9000 X111.537 Y87.778
G1 F1500 X102.336 Y78.577 E2066.44762
G0 F9000 X102.623 Y78.299
G1 F1500 X111.741 Y87.417 E2066.8765
G0 F9000 X111.889 Y86.998
G1 F1500 X102.872 Y77.982 E2067.30061
G0 F9000 X103.108 Y77.653
G1 F1500 X112.017 Y86.561 E2067.71964
G0 F9000 X112.118 Y86.097
G1 F1500 X103.344 Y77.322 E2068.13236
G0 F9000 X103.58 Y76.993
G1 F1500 X112.181 Y85.594 E2068.53693
G0 F9000 X112.22 Y85.067
G1 F1500 X103.816 Y76.663 E2068.93222
G0 F9000 X104.052 Y76.334
G1 F1500 X112.161 Y84.442 E2069.31362
G0 F9000 X112.159 Y83.875
G1 F1500 X104.289 Y76.004 E2069.68383
G0 F9000 X104.525 Y75.675
G1 F1500 X107.701 Y78.851 E2069.83322
G0 F9000 X107.919 Y78.503
G1 F1500 X104.761 Y75.345 E2069.98176
G0 F9000 X104.997 Y75.016
G1 F1500 X108.149 Y78.167 E2070.13
G0 F9000 X108.383 Y77.836
G1 F1500 X105.233 Y74.686 E2070.27816
G0 F9000 X105.469 Y74.356
G1 F1500 X108.617 Y77.505 E2070.42626
G0 F9000 X108.852 Y77.174
G1 F1500 X105.705 Y74.027 E2070.57428
G0 F9000 X105.941 Y73.697
G1 F1500 X109.087 Y76.843 E2070.72226
G0 F9000 X109.321 Y76.511
G1 F1500 X106.177 Y73.367 E2070.87015
G0 F9000 X106.413 Y73.038
G1 F1500 X109.556 Y76.18 E2071.01796
G0 F9000 X109.791 Y75.849
G1 F1500 X106.643 Y72.701 E2071.16603
G0 F9000 X106.869 Y72.363
G1 F1500 X110.025 Y75.519 E2071.31448
G0 F9000 X110.26 Y75.188
G1 F1500 X107.118 Y72.046 E2071.46227
G0 F9000 X107.415 Y71.776
G1 F1500 X110.489 Y74.851 E2071.60689
G0 F9000 X110.714 Y74.51
G1 F1500 X107.772 Y71.569 E2071.74524
G0 F9000 X108.209 Y71.439
G1 F1500 X110.939 Y74.169 E2071.87366
G0 F9000 X111.166 Y73.831
G1 F1500 X108.73 Y71.395 E2071.98824
G0 F9000 X109.296 Y71.395
G1 F1500 X111.396 Y73.495 E2072.08701
G0 F9000 X111.626 Y73.16
G1 F1500 X109.861 Y71.395 E2072.17003
G0 F9000 X110.427 Y71.395
G1 F1500 X111.857 Y72.824 E2072.23727
G0 F9000 X112.051 Y72.453
G1 F1500 X110.993 Y71.395 E2072.28704
G0 F9000 X111.642 Y71.479
G1 F1500 X112.11 Y71.946 E2072.30903
G0 F9000 X112.453 Y71.928
G0 X112.409 Y72.264
G0 X112.316 Y72.54
G0 X108.889 Y79.588
G0 X108.747 Y79.897
G1 F1500 X111.999 Y83.149 E2072.46199
G0 F9000 X111.643 Y82.228
G1 F1500 X109.793 Y80.377 E2072.54904
G1 F2700 E2067.54904
G0 F9000 X109.935 Y80.068
G0 X108.443 Y79.492
G0 X106.321 Y83.06
G0 X105.706 Y82.905
G0 X105.766 Y82.573
G1 F2700 E2072.54904
G1 F1500 X101.983 Y78.79 E2072.72698
G0 F9000 X101.529 Y78.901
G1 F1500 X105.071 Y82.443 E2072.89358
G0 F9000 X104.463 Y82.401
G1 F1500 X101.001 Y78.939 E2073.05642
G0 F9000 X100.436 Y78.94
G1 F1500 X103.861 Y82.365 E2073.21752
G0 F9000 X103.257 Y82.327
G1 F1500 X99.871 Y78.941 E2073.37679
G0 F9000 X99.306 Y78.942
G1 F1500 X102.647 Y82.282 E2073.53392
G0 F9000 X102.064 Y82.265
G1 F1500 X98.742 Y78.943 E2073.69017
G0 F9000 X98.177 Y78.944
G1 F1500 X101.499 Y82.266 E2073.84643
G0 F9000 X100.934 Y82.266
G1 F1500 X92.919 Y74.251 E2074.22343
G0 F9000 X92.919 Y73.686
G1 F1500 X97.526 Y78.293 E2074.44013
G0 F9000 X97.526 Y77.727
G1 F1500 X92.919 Y73.12 E2074.65683
G0 F9000 X92.919 Y72.554
G1 F1500 X97.526 Y77.161 E2074.87353
G0 F9000 X97.525 Y76.595
G1 F1500 X93.036 Y72.106 E2075.08468
G0 F9000 X93.242 Y71.746
G1 F1500 X97.524 Y76.028 E2075.28609
G0 F9000 X97.524 Y75.462
G1 F1500 X93.571 Y71.509 E2075.47203
G0 F9000 X94.036 Y71.408
G1 F1500 X97.523 Y74.896 E2075.63607
G0 F9000 X97.523 Y74.33
G1 F1500 X94.587 Y71.394 E2075.77417
G0 F9000 X95.153 Y71.394
G1 F1500 X97.522 Y73.763 E2075.8856
G0 F9000 X97.522 Y73.197
G1 F1500 X95.718 Y71.394 E2075.97043
G0 F9000 X96.291 Y71.401
G1 F1500 X97.512 Y72.621 E2076.02784
G0 F9000 X97.394 Y71.938
G1 F1500 X96.942 Y71.486 E2076.0491
G0 F9000 X97.005 Y71.153
G0 X94.265 Y71.115
G0 X93.604 Y71.155
G0 X93.07 Y71.509
G0 X92.846 Y71.806
G0 X92.68 Y72.272
G0 X92.581 Y74.816
G0 X92.919 Y74.817
G1 F1500 X100.369 Y82.267 E2076.39953
G0 F9000 X99.803 Y82.267
G1 F1500 X92.919 Y75.383 E2076.72333
G0 F9000 X92.919 Y75.948
G1 F1500 X99.238 Y82.268 E2077.02058
G0 F9000 X98.673 Y82.269
G1 F1500 X92.919 Y76.514 E2077.29125
G0 F9000 X92.918 Y77.079
G1 F1500 X98.18 Y82.341 E2077.53876
G0 F9000 X97.779 Y82.505
G1 F1500 X92.918 Y77.645 E2077.76738
G0 F9000 X92.918 Y78.21
G1 F1500 X97.591 Y82.883 E2077.98719
G0 F9000 X97.528 Y83.386
G1 F1500 X92.918 Y78.776 E2078.20403
G0 F9000 X92.918 Y79.342
G1 F1500 X97.523 Y83.947 E2078.42063
G0 F9000 X97.523 Y84.512
G1 F1500 X92.918 Y79.908 E2078.63721
G0 F9000 X92.918 Y80.473
G1 F1500 X97.523 Y85.078 E2078.85382
G0 F9000 X97.523 Y85.644
G1 F1500 X92.918 Y81.038 E2079.07045
G0 F9000 X92.918 Y81.604
G1 F1500 X97.543 Y86.229 E2079.28799
G1 F2700 E2074.28799
G0 F9000 X97.882 Y86.194
G0 X97.782 Y83.979
G0 X79.972 Y82.971
G0 X79.454 Y83.979
G0 X79.48 Y83.994
G1 F2700 E2079.28799
G1 F1500 X79.636 Y83.913 E2079.29384
G1 X80.026 Y83.001 E2079.32683
G1 X80.791 Y81.389 E2079.38618
G1 X81.91 Y78.877 E2079.47764
G1 X82.284 Y78.084 E2079.5068
G1 X82.426 Y77.689 E2079.52076
G1 X82.424 Y77.564 E2079.52492
G1 X82.302 Y77.434 E2079.53085
G1 X81.729 Y77.385 E2079.54998
G1 X77.054 Y77.385 E2079.70547
G1 X76.439 Y77.406 E2079.72594
G1 X76.294 Y77.515 E2079.73197
G1 X76.271 Y77.639 E2079.73616
G1 X76.852 Y79.027 E2079.78621
G1 X78.716 Y83.053 E2079.93377
G1 X79.07 Y83.881 E2079.96372
G1 X79.168 Y83.987 E2079.96852
G1 X79.48 Y83.994 E2079.9789
G1 F2700 E2074.9789
G0 F9000 X79.454 Y83.979
G0 X80.968 Y90.736
G0 X80.541 Y90.986
G0 X80.498 Y90.854
G1 F2700 E2079.9789
G1 F1500 X79.663 Y90.948 E2080.00685
G1 X78.836 Y90.879 E2080.03445
G1 X78.435 Y90.752 E2080.04844
G1 X78.052 Y90.57 E2080.06255
G1 X77.695 Y90.287 E2080.0777
G1 X77.442 Y89.98 E2080.09093
G1 X77.209 Y89.585 E2080.10618
G1 X69.259 Y72.934 E2080.71988
G1 X69.07 Y72.409 E2080.73844
G1 X69.081 Y71.89 E2080.75571
G1 X69.449 Y71.38 E2080.77663
G1 X69.991 Y71.205 E2080.79557
G1 X70.484 Y71.194 E2080.81197
G1 X72.056 Y71.194 E2080.86425
G1 X72.563 Y71.255 E2080.88124
G1 X73.021 Y71.429 E2080.89753
G1 X73.355 Y71.668 E2080.91119
G1 X73.665 Y72.023 E2080.92687
G1 X74.347 Y73.391 E2080.97771
G1 X74.506 Y73.597 E2080.98637
G1 X74.766 Y73.786 E2080.99706
G1 X75.35 Y73.82 E2081.01651
G1 X83.929 Y73.812 E2081.30185
G1 X84.268 Y73.738 E2081.31339
G1 X84.534 Y73.427 E2081.327
G1 X84.756 Y73.047 E2081.34164
G1 X85.163 Y72.236 E2081.37182
G1 X85.526 Y71.721 E2081.39278
G1 X85.999 Y71.415 E2081.41152
G1 X86.415 Y71.263 E2081.42625
G1 X86.973 Y71.194 E2081.44495
G1 X89.825 Y71.195 E2081.53981
G1 X90.36 Y71.4 E2081.55886
G1 X90.716 Y71.905 E2081.57941
G1 X90.707 Y72.408 E2081.59614
G1 X90.526 Y72.928 E2081.61446
G1 X81.977 Y89.712 E2082.24094
G1 X81.699 Y90.14 E2082.25791
G1 X81.369 Y90.455 E2082.27309
G1 X80.95 Y90.702 E2082.28926
G1 X80.498 Y90.854 E2082.30513
G0 F9000 X80.542 Y90.986
G0 X80.048 Y91.009
G0 X78.662 Y90.97
G0 X78.766 Y90.645
G1 F1500 X77.179 Y89.058 E2082.37977
G0 F9000 X76.872 Y89.204
G0 X76.355 Y88.122
G0 X76.662 Y87.976
G1 F1500 X79.41 Y90.724 E2082.50903
G0 F9000 X79.963 Y90.711
G1 F1500 X76.145 Y86.893 E2082.68862
G0 F9000 X75.838 Y87.039
G0 X75.321 Y85.956
G0 X75.628 Y85.81
G1 F1500 X80.469 Y90.651 E2082.91632
G0 F9000 X80.888 Y90.504
G1 F1500 X75.111 Y84.728 E2083.18803
G0 F9000 X74.804 Y84.874
G0 X74.287 Y83.791
G0 X74.594 Y83.645
G1 F1500 X81.243 Y90.294 E2083.50078
G0 F9000 X81.533 Y90.018
G1 F1500 X74.078 Y82.563 E2083.85144
G0 F9000 X73.771 Y82.709
G0 X73.254 Y81.627
G0 X73.561 Y81.481
G1 F1500 X81.759 Y89.679 E2084.23705
G0 F9000 X81.957 Y89.311
G1 F1500 X73.044 Y80.398 E2084.65629
G0 F9000 X72.737 Y80.544
G0 X72.22 Y79.462
G0 X72.527 Y79.316
G1 F1500 X82.148 Y88.936 E2085.10881
G0 F9000 X82.339 Y88.561
G1 F1500 X72.011 Y78.233 E2085.59461
G0 F9000 X71.703 Y78.379
G0 X71.187 Y77.297
G0 X71.494 Y77.151
G1 F1500 X82.529 Y88.186 E2086.11366
G0 F9000 X82.72 Y87.812
G1 F1500 X79.048 Y84.14 E2086.28638
G1 X79.031 Y84.122
G1 X70.977 Y76.068 E2086.66521
G0 F9000 X70.67 Y76.214
G0 X70.153 Y75.131
G0 X70.46 Y74.985
G1 F1500 X78.468 Y82.993 E2087.04189
G0 F9000 X78.777 Y82.852
G0 X78.289 Y81.798
G0 X77.98 Y81.94
G1 F1500 X69.944 Y73.903 E2087.4199
G0 F9000 X69.636 Y74.049
G0 X69.114 Y72.942
G0 X69.433 Y72.827
G1 F1500 X77.492 Y80.886 E2087.79897
G0 F9000 X77.801 Y80.744
G0 X77.314 Y79.691
G0 X77.004 Y79.833
G1 F1500 X69.277 Y72.105 E2088.16245
G0 F9000 X69.452 Y71.715
G1 F1500 X76.542 Y78.804 E2088.49591
G0 F9000 X76.857 Y78.673
G0 X76.45 Y77.701
G0 X76.135 Y77.832
G1 F1500 X69.784 Y71.481 E2088.79465
G0 F9000 X70.267 Y71.398
G1 F1500 X76.2 Y77.332 E2089.07374
G0 F9000 X76.634 Y77.199
G1 F1500 X70.828 Y71.393 E2089.34684
G0 F9000 X71.393 Y71.393
G1 F1500 X77.184 Y77.184 E2089.61923
G0 F9000 X77.749 Y77.184
G1 F1500 X71.959 Y71.393 E2089.89159
G0 F9000 X72.624 Y71.493
G1 F1500 X73.727 Y72.596 E2089.94348
G0 F9000 X74.031 Y72.446
G0 X75.158 Y73.67
G0 X75.14 Y74.009
G1 F1500 X78.315 Y77.184 E2090.09282
G0 F9000 X78.881 Y77.184
G1 F1500 X75.716 Y74.019 E2090.24169
G0 F9000 X76.281 Y74.019
G1 F1500 X79.447 Y77.184 E2090.39059
G0 F9000 X80.013 Y77.184
G1 F1500 X76.846 Y74.018 E2090.53953
G0 F9000 X77.411 Y74.017
G1 F1500 X80.579 Y77.184 E2090.68852
G0 F9000 X81.144 Y77.184
G1 F1500 X77.977 Y74.017 E2090.83748
G0 F9000 X78.542 Y74.017
G1 F1500 X81.71 Y77.184 E2090.98647
G0 F9000 X82.327 Y77.235
G1 F1500 X79.107 Y74.016 E2091.13791
G0 F9000 X79.672 Y74.015
G1 F1500 X86.347 Y80.69 E2091.45188
G0 F9000 X86.538 Y80.316
G1 F1500 X80.237 Y74.014 E2091.74828
G0 F9000 X80.802 Y74.014
G1 F1500 X86.729 Y79.941 E2092.02707
G0 F9000 X86.92 Y79.566
G1 F1500 X81.367 Y74.013 E2092.28827
G0 F9000 X81.933 Y74.013
G1 F1500 X87.111 Y79.191 E2092.53182
G0 F9000 X87.302 Y78.816
G1 F1500 X82.498 Y74.012 E2092.75779
G0 F9000 X83.063 Y74.012
G1 F1500 X87.493 Y78.442 E2092.96616
G0 F9000 X87.684 Y78.067
G1 F1500 X83.628 Y74.011 E2093.15695
G0 F9000 X84.149 Y73.967
G1 F1500 X87.874 Y77.692 E2093.33216
G0 F9000 X88.065 Y77.317
G1 F1500 X84.51 Y73.762 E2093.49937
G0 F9000 X84.755 Y73.441
G1 F1500 X88.256 Y76.943 E2093.66407
G0 F9000 X88.447 Y76.568
G1 F1500 X84.961 Y73.081 E2093.82807
G0 F9000 X85.149 Y72.704
G1 F1500 X88.638 Y76.193 E2093.99218
G0 F9000 X88.829 Y75.818
G1 F1500 X85.34 Y72.329 E2094.15629
G0 F9000 X85.574 Y71.998
G1 F1500 X89.02 Y75.444 E2094.31838
G0 F9000 X89.211 Y75.069
G1 F1500 X85.875 Y71.733 E2094.4753
G0 F9000 X86.246 Y71.538
G1 F1500 X89.402 Y74.694 E2094.62375
G0 F9000 X89.593 Y74.319
G1 F1500 X86.703 Y71.429 E2094.75968
G0 F9000 X87.233 Y71.394
G1 F1500 X89.784 Y73.944 E2094.87965
G0 F9000 X89.975 Y73.57
G1 F1500 X87.799 Y71.394 E2094.982
G0 F9000 X88.365 Y71.394
G1 F1500 X90.165 Y73.194 E2095.06667
G0 F9000 X90.352 Y72.816
G1 F1500 X88.931 Y71.395 E2095.13351
G0 F9000 X89.497 Y71.395
G1 F1500 X90.498 Y72.396 E2095.18059
G1 F2700 E2090.18059
G0 F9000 X90.82 Y72.508
G0 X88.777 Y76.462
G0 X82.396 Y77.496
G0 X82.612 Y77.521
G1 F2700 E2095.18059
G1 F1500 X86.156 Y81.065 E2095.34729
G0 F9000 X85.965 Y81.44
G1 F1500 X82.525 Y77.999 E2095.50912
G0 F9000 X82.357 Y78.397
G1 F1500 X85.774 Y81.815 E2095.66987
G0 F9000 X85.583 Y82.189
G1 F1500 X82.175 Y78.781 E2095.83017
G0 F9000 X81.997 Y79.169
G1 F1500 X85.393 Y82.564 E2095.98989
G0 F9000 X85.202 Y82.939
G1 F1500 X81.823 Y79.56 E2096.14882
G0 F9000 X81.649 Y79.952
G1 F1500 X85.011 Y83.314 E2096.30696
G0 F9000 X84.82 Y83.689
G1 F1500 X81.474 Y80.343 E2096.46435
G0 F9000 X81.301 Y80.735
G1 F1500 X84.63 Y84.064 E2096.62093
G0 F9000 X84.439 Y84.439
G1 F1500 X81.126 Y81.126 E2096.77677
G0 F9000 X80.951 Y81.517
G1 F1500 X84.248 Y84.813 E2096.93182
G0 F9000 X84.057 Y85.188
G1 F1500 X80.769 Y81.9 E2097.08648
G0 F9000 X80.586 Y82.283
G1 F1500 X83.866 Y85.563 E2097.24076
G0 F9000 X83.675 Y85.938
G1 F1500 X80.404 Y82.667 E2097.39462
G0 F9000 X80.222 Y83.051
G1 F1500 X83.484 Y86.312 E2097.54803
G0 F9000 X83.293 Y86.687
G1 F1500 X80.052 Y83.446 E2097.70048
G0 F9000 X79.882 Y83.842
G1 F1500 X83.102 Y87.062 E2097.85194
G0 F9000 X82.911 Y87.437
G1 F1500 X79.625 Y84.151 E2098.0065
G1 F2700 E2093.0065
G0 F9000 X79.423 Y84.032
G0 X79.103 Y83.803
G0 X75.276 Y85.63
G0 X65.86 Y89.584
G0 X65.801 Y89.457
G1 F2700 E2098.0065
G1 F1500 X65.147 Y89.759 E2098.03046
G1 X63.456 Y90.377 E2098.09034
G1 X61.71 Y90.813 E2098.1502
G1 X58.867 Y91.187 E2098.24557
G1 X57.975 Y91.251 E2098.27531
G1 X56.055 Y91.252 E2098.33917
G1 X53.251 Y90.841 E2098.43343
G1 X51.596 Y90.309 E2098.49125
G1 X50.048 Y89.532 E2098.54886
G1 X48.569 Y88.425 E2098.6103
G1 X47.33 Y87.022 E2098.67256
G1 X46.464 Y85.49 E2098.73109
G1 X45.805 Y83.687 E2098.79494
G1 X45.643 Y82.551 E2098.83311
G1 X45.642 Y79.084 E2098.94842
G1 X45.702 Y78.548 E2098.96636
G1 X45.859 Y77.908 E2098.98828
G1 X46.305 Y76.668 E2099.0321
G1 X46.824 Y75.64 E2099.07041
G1 X47.909 Y74.269 E2099.12856
G1 X49.237 Y73.157 E2099.18617
G1 X51.087 Y72.15 E2099.25622
G1 X53.306 Y71.422 E2099.3339
G1 X54.403 Y71.172 E2099.37132
G1 X55.437 Y71.029 E2099.40604
G1 X56.935 Y70.944 E2099.45594
G1 X58.422 Y70.945 E2099.5054
G1 X59.448 Y71.028 E2099.53964
G1 X60.73 Y71.112 E2099.58237
G1 X62.137 Y71.326 E2099.6297
G1 X64.249 Y71.827 E2099.7019
G1 X65.393 Y72.213 E2099.74205
G1 X66.102 Y72.538 E2099.768
G1 X66.658 Y72.891 E2099.7899
G1 X66.993 Y73.197 E2099.80499
G1 X67.252 Y73.553 E2099.81963
G1 X67.4 Y73.932 E2099.83317
G1 X67.47 Y74.326 E2099.84648
G1 X67.496 Y74.955 E2099.86741
G1 X67.496 Y76.475 E2099.91797
G1 X67.577 Y77.374 E2099.94799
G1 X67.577 Y78.616 E2099.9893
G1 X67.497 Y79.858 E2100.0307
G1 X67.51 Y80.439 E2100.05002
G1 X67.474 Y81.148 E2100.07364
G1 X67.382 Y81.517 E2100.08629
G1 X67.112 Y82.004 E2100.10481
G1 X66.596 Y82.368 E2100.12581
G1 X66.075 Y82.46 E2100.1434
G1 X58.371 Y82.465 E2100.39964
G1 X57.942 Y82.443 E2100.41393
G1 X57.333 Y82.303 E2100.43471
G1 X56.941 Y81.861 E2100.45436
G1 X56.803 Y81.504 E2100.46709
G1 X56.733 Y80.847 E2100.48907
G1 X56.73 Y80.413 E2100.5035
G1 X56.779 Y79.917 E2100.52008
G1 X57.003 Y79.405 E2100.53867
G1 X57.464 Y78.99 E2100.5593
G1 X58.038 Y78.826 E2100.57915
G1 X58.517 Y78.815 E2100.59509
G1 X62.38 Y78.807 E2100.72357
G1 X62.768 Y78.717 E2100.73682
G1 X62.973 Y78.551 E2100.74559
G1 X63.013 Y77.586 E2100.77772
G1 X62.997 Y75.992 E2100.83074
G1 X62.894 Y75.881 E2100.83577
G1 X62.599 Y75.771 E2100.84625
G1 X62.09 Y75.634 E2100.86378
G1 X60.089 Y75.199 E2100.93189
G1 X58.615 Y75.015 E2100.98129
G1 X56.994 Y75.014 E2101.03521
G1 X55.977 Y75.105 E2101.06917
G1 X54.938 Y75.36 E2101.10475
G1 X53.578 Y75.937 E2101.15389
G1 X52.462 Y76.706 E2101.19896
G1 X51.995 Y77.182 E2101.22114
G1 X51.59 Y77.715 E2101.24341
G1 X51.034 Y78.785 E2101.28351
G1 X50.712 Y79.943 E2101.32349
G1 X50.623 Y81.094 E2101.36189
G1 X50.756 Y82.285 E2101.40175
G1 X51.126 Y83.455 E2101.44256
G1 X51.679 Y84.46 E2101.48071
G1 X52.483 Y85.388 E2101.52155
G1 X53.457 Y86.101 E2101.5617
G1 X54.268 Y86.496 E2101.5917
G1 X55.044 Y86.738 E2101.61874
G1 X56.068 Y86.899 E2101.65321
G1 X58.459 Y86.941 E2101.73275
G1 X59.57 Y86.849 E2101.76983
G1 X60.74 Y86.614 E2101.80952
G1 X62.566 Y86.047 E2101.87311
G1 X63.443 Y85.64 E2101.90527
G1 X64.243 Y85.322 E2101.9339
G1 X64.881 Y85.321 E2101.95512
G1 X65.379 Y85.553 E2101.9734
G1 X65.743 Y85.884 E2101.98976
G1 X66.079 Y86.364 E2102.00925
G1 X66.581 Y87.409 E2102.04781
G1 X66.696 Y87.82 E2102.062
G1 X66.703 Y88.327 E2102.07887
G1 X66.442 Y88.91 E2102.10011
G1 X66.166 Y89.206 E2102.11357
G1 X65.801 Y89.457 E2102.12831
G0 F9000 X65.86 Y89.584
G0 X66.511 Y88.954
G0 X66.784 Y88.346
G0 X67.59 Y80.448
G0 X67.643 Y77.973
G0 X67.544 Y73.939
G0 X67.209 Y73.997
G1 F1500 X65.859 Y72.647 E2102.19181
G0 F9000 X66.001 Y72.339
G0 X65.014 Y71.939
G0 X64.905 Y72.259
G1 F1500 X67.282 Y74.636 E2102.30361
G0 F9000 X67.296 Y75.215
G1 F1500 X64.07 Y71.989 E2102.45535
G0 F9000 X63.328 Y71.813
G1 F1500 X67.296 Y75.781 E2102.642
G0 F9000 X67.296 Y76.347
G1 F1500 X62.587 Y71.638 E2102.86349
G0 F9000 X61.871 Y71.487
G1 F1500 X67.337 Y76.954 E2103.12062
G0 F9000 X67.377 Y77.559
G1 F1500 X61.203 Y71.385 E2103.41103
G0 F9000 X60.552 Y71.3
G1 F1500 X67.377 Y78.125 E2103.73205
G0 F9000 X67.372 Y78.686
G1 F1500 X59.946 Y71.26 E2104.08135
G0 F9000 X59.339 Y71.219
G1 F1500 X67.337 Y79.217 E2104.45755
G0 F9000 X67.303 Y79.748
G1 F1500 X58.725 Y71.17 E2104.86104
G0 F9000 X58.134 Y71.144
G1 F1500 X62.535 Y75.545 E2105.06804
G0 F9000 X61.785 Y75.362
G1 F1500 X57.567 Y71.144 E2105.26645
G0 F9000 X57.001 Y71.144
G1 F1500 X61.062 Y75.205 E2105.45746
G0 F9000 X60.34 Y75.048
G1 F1500 X56.463 Y71.171 E2105.63983
G0 F9000 X55.927 Y71.201
G1 F1500 X59.671 Y74.944 E2105.81591
G0 F9000 X59.024 Y74.863
G1 F1500 X55.396 Y71.236 E2105.98654
G0 F9000 X54.899 Y71.304
G1 F1500 X58.409 Y74.814 E2106.15163
G0 F9000 X57.843 Y74.814
G1 F1500 X54.405 Y71.376 E2106.31335
G0 F9000 X53.945 Y71.481
G1 F1500 X57.277 Y74.813 E2106.47007
G0 F9000 X56.732 Y74.834
G1 F1500 X53.484 Y71.586 E2106.62285
G0 F9000 X53.049 Y71.716
G1 F1500 X56.213 Y74.881 E2106.7717
G0 F9000 X55.724 Y74.958
G1 F1500 X52.622 Y71.856 E2106.91761
G0 F9000 X52.197 Y71.996
G1 F1500 X55.271 Y75.07 E2107.0622
G0 F9000 X54.826 Y75.191
G1 F1500 X51.77 Y72.135 E2107.20594
G0 F9000 X51.345 Y72.275
G1 F1500 X54.428 Y75.359 E2107.35098
G0 F9000 X54.03 Y75.526
G1 F1500 X50.953 Y72.449 E2107.49572
G0 F9000 X50.587 Y72.648
G1 F1500 X53.632 Y75.694 E2107.63897
G0 F9000 X53.273 Y75.9
G1 F1500 X50.22 Y72.848 E2107.78255
G0 F9000 X49.854 Y73.047
G1 F1500 X52.938 Y76.132 E2107.92763
G0 F9000 X52.603 Y76.362
G1 F1500 X49.488 Y73.247 E2108.07415
G0 F9000 X49.158 Y73.483
G1 F1500 X52.279 Y76.604 E2108.22095
G0 F9000 X51.999 Y76.89
G1 F1500 X48.851 Y73.741 E2108.36905
G0 F9000 X48.543 Y73.999
G1 F1500 X51.735 Y77.191 E2108.51919
G0 F9000 X51.492 Y77.513
G1 F1500 X48.235 Y74.256 E2108.67239
G0 F9000 X47.951 Y74.538
G1 F1500 X51.282 Y77.87 E2108.82909
G0 F9000 X51.089 Y78.242
G1 F1500 X47.701 Y74.854 E2108.98846
G0 F9000 X47.451 Y75.169
G1 F1500 X50.897 Y78.616 E2109.15057
G0 F9000 X50.754 Y79.038
G1 F1500 X47.201 Y75.485 E2109.31769
G0 F9000 X46.961 Y75.811
G1 F1500 X50.629 Y79.479 E2109.49022
G0 F9000 X50.512 Y79.928
G1 F1500 X46.771 Y76.187 E2109.66619
G0 F9000 X46.582 Y76.563
G1 F1500 X50.472 Y80.453 E2109.84916
G0 F9000 X50.432 Y80.979
G1 F1500 X46.413 Y76.96 E2110.0382
G0 F9000 X46.263 Y77.375
G1 F1500 X50.473 Y81.586 E2110.23625
G0 F9000 X50.546 Y82.225
G1 F1500 X46.113 Y77.792 E2110.44477
G0 F9000 X45.985 Y78.23
G1 F1500 X50.777 Y83.021 E2110.67014
G0 F9000 X51.1 Y82.921
G0 X51.504 Y83.852
G0 X51.206 Y84.016
G1 F1500 X45.887 Y78.697 E2110.92033
G0 F9000 X45.842 Y79.217
G1 F1500 X57.674 Y91.049 E2111.47687
G0 F9000 X58.221 Y91.031
G1 F1500 X53.571 Y86.381 E2111.6956
G0 F9000 X53.719 Y86.076
G0 X54.649 Y86.469
G0 X54.547 Y86.791
G1 F1500 X58.749 Y90.993 E2111.89325
G0 F9000 X59.254 Y90.932
G1 F1500 X55.303 Y86.981 E2112.07909
G0 F9000 X55.973 Y87.086
G1 F1500 X59.754 Y90.866 E2112.25691
G0 F9000 X60.253 Y90.8
G1 F1500 X56.559 Y87.106 E2112.43067
G0 F9000 X57.135 Y87.116
G1 F1500 X60.753 Y90.735 E2112.60087
G0 F9000 X61.253 Y90.669
G1 F1500 X57.711 Y87.127 E2112.76747
G0 F9000 X58.288 Y87.138
G1 F1500 X61.746 Y90.596 E2112.93013
G0 F9000 X62.199 Y90.483
G1 F1500 X58.824 Y87.108 E2113.08888
G0 F9000 X59.346 Y87.065
G1 F1500 X62.651 Y90.37 E2113.24433
G0 F9000 X63.105 Y90.257
G1 F1500 X59.845 Y86.998 E2113.39765
G0 F9000 X60.316 Y86.904
G1 F1500 X63.543 Y90.13 E2113.54942
G0 F9000 X63.957 Y89.979
G1 F1500 X60.786 Y86.807 E2113.69859
G0 F9000 X61.218 Y86.674
G1 F1500 X64.372 Y89.828 E2113.84695
G0 F9000 X64.786 Y89.676
G1 F1500 X61.649 Y86.539 E2113.9945
G0 F9000 X62.081 Y86.406
G1 F1500 X65.192 Y89.516 E2114.14081
G0 F9000 X65.579 Y89.337
G1 F1500 X62.513 Y86.271 E2114.28503
G0 F9000 X62.913 Y86.106
G1 F1500 X65.93 Y89.123 E2114.42694
G0 F9000 X66.223 Y88.85
G1 F1500 X63.3 Y85.928 E2114.5644
G0 F9000 X63.693 Y85.755
G1 F1500 X66.415 Y88.477 E2114.69244
G0 F9000 X66.497 Y87.993
G1 F1500 X64.098 Y85.594 E2114.80528
G0 F9000 X64.59 Y85.521
G1 F1500 X66.248 Y87.179 E2114.88327
G0 F9000 X66.557 Y87.032
G0 X65.854 Y82.602
G0 X65.854 Y82.259
G1 F1500 X62.564 Y78.969 E2115.03802
G0 F9000 X62.968 Y78.807
G1 F1500 X66.364 Y82.203 E2115.19775
G0 F9000 X66.743 Y82.017
G1 F1500 X63.18 Y78.454 E2115.36535
G0 F9000 X63.2 Y77.908
G1 F1500 X67.03 Y81.738 E2115.5455
G0 F9000 X67.215 Y81.357
G1 F1500 X63.209 Y77.351 E2115.73393
G0 F9000 X63.204 Y76.781
G1 F1500 X67.288 Y80.864 E2115.926
G0 F9000 X67.308 Y80.318
G1 F1500 X63.199 Y76.21 E2116.11925
G0 F9000 X62.859 Y76.212
G0 X62.034 Y78.669
G0 X62.034 Y79.005
G1 F1500 X65.288 Y82.259 E2116.27231
G0 F9000 X64.723 Y82.259
G1 F1500 X61.47 Y79.006 E2116.42532
G0 F9000 X60.905 Y79.007
G1 F1500 X64.157 Y82.259 E2116.57829
G0 F9000 X63.592 Y82.26
G1 F1500 X60.341 Y79.009 E2116.73121
G0 F9000 X59.778 Y79.011
G1 F1500 X63.027 Y82.261 E2116.88405
G0 F9000 X62.462 Y82.261
G1 F1500 X59.213 Y79.012 E2117.03687
G0 F9000 X58.649 Y79.014
G1 F1500 X61.897 Y82.261 E2117.18963
G0 F9000 X61.331 Y82.261
G1 F1500 X58.094 Y79.024 E2117.34189
G0 F9000 X57.649 Y79.145
G1 F1500 X60.766 Y82.262 E2117.4885
G0 F9000 X60.201 Y82.263
G1 F1500 X57.323 Y79.385 E2117.62387
G0 F9000 X57.086 Y79.713
G1 F1500 X59.635 Y82.263 E2117.74379
G0 F9000 X59.07 Y82.264
G1 F1500 X56.956 Y80.149 E2117.84325
G0 F9000 X56.931 Y80.69
G1 F1500 X58.505 Y82.264 E2117.91729
G0 F9000 X57.903 Y82.228
G1 F1500 X56.982 Y81.307 E2117.96061
G0 F9000 X56.643 Y81.341
G0 X58.45 Y86.862
G0 X64.23 Y85.242
G0 X64.899 Y85.241
G0 X65.423 Y85.486
G0 X65.807 Y85.835
G0 X66.149 Y86.324
G0 X66.655 Y87.376
G0 X66.776 Y87.809
G0 X66.784 Y88.346
G0 X66.511 Y88.954
G0 X66.217 Y89.267
G0 X65.841 Y89.526
G0 X65.185 Y89.831
G0 X63.473 Y90.455
G0 X61.72 Y90.892
G0 X59.42 Y91.196
G0 X57.108 Y91.392
G0 X57.108 Y91.049
G1 F1500 X45.842 Y79.783 E2118.49053
G0 F9000 X45.842 Y80.349
G1 F1500 X56.543 Y91.05 E2118.99387
G0 F9000 X55.962 Y91.035
G1 F1500 X45.843 Y80.915 E2119.46986
G0 F9000 X45.843 Y81.481
G1 F1500 X55.299 Y90.938 E2119.91467
G0 F9000 X54.637 Y90.841
G1 F1500 X45.843 Y82.047 E2120.32831
G0 F9000 X45.855 Y82.624
G1 F1500 X53.974 Y90.744 E2120.71022
G0 F9000 X53.312 Y90.647
G1 F1500 X45.949 Y83.285 E2121.05653
G0 F9000 X46.152 Y84.053
G1 F1500 X52.481 Y90.382 E2121.35423
G0 F9000 X51.639 Y90.105
G1 F1500 X46.478 Y84.944 E2121.59699
G0 F9000 X46.158 Y85.06
G0 X46.703 Y86.202
G0 X47.002 Y86.034
G1 F1500 X50.503 Y89.535 E2121.76166
G0 F9000 X50.215 Y90.108
G1 F2700 E2116.76166
;MESH:NONMESH
G0 F300 X50.215 Y90.108 Z1.2
G0 F9000 X53.227 Y90.917
G0 X56.055 Y91.331
G0 X57.987 Y91.331
G0 X58.881 Y91.268
G0 X61.72 Y90.892
G0 X63.473 Y90.455
G0 X65.185 Y89.831
G0 X65.841 Y89.526
G0 X66.217 Y89.267
G0 X66.511 Y88.954
G0 X66.784 Y88.346
G0 X66.776 Y87.809
G0 X66.667 Y87.42
G0 X75.446 Y85.987
G0 X79.23 Y84.101
G0 X79.369 Y84.471
;TIME_ELAPSED:8421.826801
;LAYER:5
;TYPE:WALL-INNER
;MESH:Box_Cover.stl
G1 F2700 E2121.76166
G1 F1500 X79.617 Y84.052 E2121.77786
G1 X80.063 Y83.012 E2121.8155
G1 X80.829 Y81.4 E2121.87486
G1 X82.003 Y78.763 E2121.97086
G1 X82.314 Y78.108 E2121.99498
G1 X82.459 Y77.705 E2122.00922
G1 X82.493 Y77.49 E2122.01646
G1 X82.327 Y77.397 E2122.02279
G1 X81.74 Y77.346 E2122.04239
G1 X77.021 Y77.345 E2122.19934
G1 X76.722 Y77.356 E2122.2093
G1 X76.259 Y77.416 E2122.22482
G1 X76.166 Y77.491 E2122.2288
G1 X76.824 Y79.057 E2122.28529
G1 X78.664 Y83.035 E2122.43107
G1 X79.019 Y83.858 E2122.46088
G1 X79.21 Y84.24 E2122.47509
G1 X79.369 Y84.471 E2122.48441
G0 F9000 X79.459 Y84.954
;TYPE:WALL-OUTER
G1 F1500 X79.651 Y84.781 E2122.49301
G1 X79.975 Y84.234 E2122.51416
G1 X80.425 Y83.184 E2122.55215
G1 X81.193 Y81.567 E2122.61169
G1 X82.365 Y78.935 E2122.70752
G1 X82.684 Y78.262 E2122.73229
G1 X82.848 Y77.806 E2122.74841
G1 X82.9 Y77.486 E2122.75919
G1 X82.82 Y77.24 E2122.76779
G1 X82.625 Y77.078 E2122.77623
G1 X82.413 Y77.003 E2122.7837
G1 X81.757 Y76.946 E2122.80561
G1 X77.007 Y76.945 E2122.96359
G1 X76.689 Y76.957 E2122.97418
G1 X76.309 Y77.007 E2122.98692
G1 X76.03 Y77.089 E2122.9966
G1 X75.813 Y77.259 E2123.00576
G1 X75.744 Y77.518 E2123.01468
G1 X76.461 Y79.225 E2123.07626
G1 X78.296 Y83.193 E2123.22166
G1 X78.66 Y84.036 E2123.2522
G1 X78.858 Y84.433 E2123.26696
G1 X79.067 Y84.74 E2123.27931
G1 X79.312 Y84.951 E2123.29007
G1 X79.459 Y84.954 E2123.29496
G0 F9000 X79.548 Y84.006
;TYPE:FILL
G1 F3000 X78.885 Y83.343 E2123.32614
G1 X78.952 Y83.498
G1 X80.579 Y77.424 E2123.53529
G0 F9000 X80.296 Y77.425
G1 F3000 X76.637 Y78.405 E2123.66127
G0 F9000 X76.355 Y77.733
G1 F3000 X76.425 Y77.475 E2123.67017
G0 F9000 X76.513 Y77.671
G0 X78.624 Y77.645
G0 X78.624 Y77.425
G1 F3000 X81.313 Y80.114 E2123.79665
G0 F9000 X81.114 Y80.025
G0 X80.517 Y81.361
G0 X80.712 Y81.454
G1 F3000 X78.317 Y82.096 E2123.87912
G0 F9000 X78.79 Y81.88
G1 F2700 E2118.87912
G0 F9000 X80.994 Y81.475
G0 X97.501 Y83.454
G0 X98.162 Y86.586
G0 X98.051 Y86.871
;TYPE:WALL-INNER
G1 F2700 E2123.87912
G1 F1500 X98.39 Y86.901 E2123.89044
G1 X99.039 Y86.897 E2123.91202
G1 X101.808 Y86.956 E2124.00414
G1 X102.897 Y86.897 E2124.04042
G1 X104.425 Y86.869 E2124.09125
G1 X105.881 Y86.636 E2124.14029
G1 X106.392 Y86.426 E2124.15866
G1 X106.83 Y86.126 E2124.17632
G1 X107.021 Y85.92 E2124.18566
G1 X107.176 Y85.679 E2124.19519
G1 X107.313 Y85.34 E2124.20736
G1 X107.391 Y84.987 E2124.21938
G1 X107.408 Y84.608 E2124.232
G1 X107.365 Y84.243 E2124.24422
G1 X107.261 Y83.905 E2124.25598
G1 X107.043 Y83.496 E2124.2714
G1 X106.748 Y83.227 E2124.28468
G1 X106.368 Y82.974 E2124.29986
G1 X105.783 Y82.738 E2124.32084
G1 X105.015 Y82.599 E2124.3468
G1 X103.389 Y82.502 E2124.40098
G1 X102.381 Y82.426 E2124.4346
G1 X98.638 Y82.425 E2124.55909
G1 X98.24 Y82.452 E2124.57236
G1 X97.924 Y82.6 E2124.58397
G1 X97.801 Y82.747 E2124.59034
G1 X97.731 Y82.987 E2124.59866
G1 X97.682 Y83.462 E2124.61454
G1 X97.682 Y86.027 E2124.69985
G1 X97.731 Y86.482 E2124.71507
G1 X97.882 Y86.745 E2124.72516
G1 X98.051 Y86.871 E2124.73217
G1 F2700 E2119.73217
G0 F9000 X98.162 Y86.586
G0 X104.402 Y86.571
G0 X104.461 Y87.269
;TYPE:WALL-OUTER
G1 F2700 E2124.73217
G1 F1500 X105.99 Y87.024 E2124.78367
G1 X106.583 Y86.78 E2124.805
G1 X107.093 Y86.431 E2124.82556
G1 X107.339 Y86.166 E2124.83758
G1 X107.533 Y85.863 E2124.84955
G1 X107.697 Y85.459 E2124.86405
G1 X107.789 Y85.039 E2124.87835
G1 X107.809 Y84.593 E2124.8932
G1 X107.758 Y84.16 E2124.9077
G1 X107.632 Y83.751 E2124.92193
G1 X107.429 Y83.37 E2124.93629
G1 X107.235 Y83.13 E2124.94656
G1 X106.995 Y82.911 E2124.95736
G1 X106.556 Y82.618 E2124.97492
G1 X105.895 Y82.352 E2124.99862
G1 X105.063 Y82.201 E2125.02674
G1 X103.419 Y82.103 E2125.08152
G1 X102.396 Y82.026 E2125.11564
G1 X98.624 Y82.025 E2125.2411
G1 X98.316 Y82.046 E2125.25136
G1 X98.04 Y82.104 E2125.26074
G1 X97.638 Y82.292 E2125.27551
G1 X97.436 Y82.569 E2125.28691
G1 X97.337 Y82.911 E2125.29875
G1 X97.282 Y83.441 E2125.31647
G1 X97.282 Y86.048 E2125.40318
G1 X97.326 Y86.456 E2125.41683
G1 X97.398 Y86.708 E2125.42555
G1 X97.576 Y87.016 E2125.43738
G1 X97.904 Y87.262 E2125.45102
G1 X98.376 Y87.301 E2125.46677
G1 X99.031 Y87.297 E2125.48855
G1 X101.814 Y87.356 E2125.58114
G1 X102.926 Y87.297 E2125.61817
G1 X104.461 Y87.269 E2125.66924
G0 F9000 X104.884 Y86.714
;TYPE:FILL
G1 F3000 X100.675 Y82.505 E2125.86722
G0 F9000 X99.924 Y82.503
G1 F3000 X98.768 Y86.818 E2126.01579
G0 F9000 X99.335 Y86.822
G1 F3000 X97.761 Y85.248 E2126.08983
G1 X97.762 Y85.168
G1 X106.074 Y82.941 E2126.37604
G0 F9000 X105.992 Y83.143
G0 X104.021 Y82.837
G0 X104.034 Y82.619
G1 F3000 X102.909 Y86.817 E2126.52059
G0 F9000 X102.9 Y86.296
G1 F2700 E2121.52059
G0 F9000 X104.444 Y87.05
G0 X104.464 Y88.134
G0 X104.546 Y89.568
G0 X104.59 Y90.65
G0 X106.329 Y91.055
G0 X106.277 Y90.759
;TYPE:WALL-INNER
G1 F2700 E2126.52059
G1 F1500 X103.085 Y90.891 E2126.62685
G1 X95.733 Y90.891 E2126.87138
G1 X94.792 Y90.901 E2126.90268
G1 X93.753 Y90.816 E2126.93735
G1 X93.234 Y90.5 E2126.95756
G1 X92.902 Y90.059 E2126.97592
G1 X92.801 Y89.702 E2126.98826
G1 X92.758 Y89.152 E2127.00661
G1 X92.763 Y72.393 E2127.56402
G1 X92.945 Y71.879 E2127.58215
G1 X93.136 Y71.612 E2127.59307
G1 X93.565 Y71.326 E2127.61022
G1 X93.737 Y71.268 E2127.61626
G1 X94.244 Y71.235 E2127.63315
G1 X96.078 Y71.234 E2127.69415
G1 X96.544 Y71.246 E2127.70966
G1 X97.015 Y71.343 E2127.72565
G1 X97.214 Y71.456 E2127.73326
G1 X97.49 Y71.751 E2127.7467
G1 X97.619 Y72.086 E2127.75864
G1 X97.683 Y72.768 E2127.78142
G1 X97.683 Y78.749 E2127.98035
G1 X97.95 Y78.784 E2127.98931
G1 X101.128 Y78.78 E2128.09501
G1 X101.67 Y78.729 E2128.11312
G1 X101.978 Y78.621 E2128.12397
G1 X102.278 Y78.422 E2128.13594
G1 X102.61 Y78.081 E2128.15177
G1 X106.357 Y72.843 E2128.36598
G1 X106.742 Y72.264 E2128.3891
G1 X106.971 Y71.968 E2128.40155
G1 X107.234 Y71.705 E2128.41392
G1 X107.568 Y71.479 E2128.42733
G1 X108.02 Y71.305 E2128.44344
G1 X108.518 Y71.238 E2128.46016
G1 X111.326 Y71.235 E2128.55355
G1 X111.803 Y71.357 E2128.56993
G1 X112.046 Y71.525 E2128.57975
G1 X112.254 Y71.833 E2128.59211
G1 X112.286 Y72.242 E2128.60576
G1 X112.137 Y72.698 E2128.62171
G1 X111.213 Y74.049 E2128.67615
G1 X110.493 Y75.139 E2128.7196
G1 X108.329 Y78.195 E2128.84415
G1 X107.914 Y78.795 E2128.86841
G1 X107.756 Y79.082 E2128.87931
G1 X107.719 Y79.21 E2128.88374
G1 X107.904 Y79.356 E2128.89158
G1 X108.418 Y79.569 E2128.91008
G1 X110.176 Y80.375 E2128.97441
G1 X110.884 Y80.907 E2129.00386
G1 X111.466 Y81.57 E2129.03321
G1 X111.993 Y82.52 E2129.06934
G1 X112.32 Y83.688 E2129.10968
G1 X112.32 Y84.483 E2129.13612
G1 X112.374 Y84.845 E2129.1483
G1 X112.386 Y85.21 E2129.16044
G1 X112.257 Y86.305 E2129.19711
G1 X111.942 Y87.397 E2129.23492
G1 X111.39 Y88.371 E2129.27215
G1 X110.661 Y89.147 E2129.30756
G1 X109.516 Y89.902 E2129.35318
G1 X107.955 Y90.463 E2129.40835
G1 X106.277 Y90.759 E2129.46502
G0 F9000 X106.329 Y91.055
G0 X117.154 Y91.085
G0 X117.307 Y90.828
G1 F1500 X116.749 Y90.494 E2129.48665
G1 X116.432 Y90.054 E2129.50469
G1 X116.327 Y89.693 E2129.51719
G1 X116.294 Y89.153 E2129.53519
G1 X116.294 Y72.924 E2130.07497
G1 X116.305 Y72.499 E2130.08911
G1 X116.389 Y72.061 E2130.10394
G1 X116.565 Y71.702 E2130.11724
G1 X116.926 Y71.405 E2130.13279
G1 X117.291 Y71.281 E2130.14561
G1 X117.674 Y71.237 E2130.15843
G1 X119.481 Y71.236 E2130.21853
G1 X119.983 Y71.328 E2130.23551
G1 X120.385 Y71.58 E2130.25129
G1 X120.643 Y71.976 E2130.26701
G1 X120.693 Y72.192 E2130.27438
G1 X120.716 Y72.559 E2130.28661
G1 X120.718 Y82.664 E2130.62271
G1 X120.751 Y83.08 E2130.63658
G1 X121.348 Y81.96 E2130.6788
G1 X122.606 Y79.669 E2130.76573
G1 X125.295 Y74.597 E2130.95667
G1 X126.59 Y72.214 E2131.04687
G1 X126.999 Y71.855 E2131.06497
G1 X127.452 Y71.724 E2131.08066
G1 X127.935 Y71.793 E2131.09688
G1 X128.36 Y72.11 E2131.11452
G1 X128.693 Y72.623 E2131.13486
G1 X129.882 Y74.861 E2131.21915
G1 X134.328 Y83.027 E2131.5284
G1 X134.331 Y72.586 E2131.87567
G1 X134.373 Y72.212 E2131.88819
G1 X134.566 Y71.788 E2131.90368
G1 X134.661 Y71.672 E2131.90867
G1 X134.988 Y71.426 E2131.92228
G1 X135.427 Y71.29 E2131.93756
G1 X136.369 Y71.209 E2131.96901
G1 X137.803 Y71.239 E2132.01671
G1 X138.165 Y71.286 E2132.02886
G1 X138.628 Y71.511 E2132.04598
G1 X138.959 Y71.959 E2132.0645
G1 X139.078 Y72.5 E2132.08293
G1 X139.076 Y89.473 E2132.64745
G1 X138.975 Y89.982 E2132.66471
G1 X138.81 Y90.307 E2132.67683
G1 X138.371 Y90.693 E2132.69628
G1 X137.993 Y90.829 E2132.70964
G1 X137.413 Y90.891 E2132.72904
G1 X135.969 Y90.912 E2132.77707
G1 X134.366 Y90.765 E2132.83061
G1 X133.967 Y90.621 E2132.84472
G1 X133.589 Y90.327 E2132.86065
G1 X133.03 Y89.59 E2132.89141
G1 X129.629 Y83.552 E2133.1219
G1 X127.949 Y80.506 E2133.2376
G1 X127.793 Y80.245 E2133.24772
G1 X127.626 Y80.031 E2133.25674
G1 X127.321 Y80.531 E2133.27622
G1 X125.971 Y83.044 E2133.3711
G1 X122.941 Y88.59 E2133.5813
G1 X122.522 Y89.391 E2133.61137
G1 X122.048 Y90.107 E2133.63993
G1 X121.709 Y90.432 E2133.65555
G1 X121.308 Y90.67 E2133.67105
G1 X120.779 Y90.831 E2133.68945
G1 X120.136 Y90.891 E2133.71093
G1 X118.735 Y90.903 E2133.75752
G1 X117.307 Y90.828 E2133.80509
G0 F9000 X117.154 Y91.085
G0 X120.152 Y91.13
G0 X137.43 Y91.129
G0 X144.903 Y90.825
G0 X145.033 Y90.559
G1 F1500 X144.714 Y90.172 E2133.82177
G1 X144.615 Y89.852 E2133.83291
G1 X144.573 Y89.308 E2133.85105
G1 X144.574 Y72.452 E2134.41169
G1 X144.627 Y72.059 E2134.42488
G1 X144.79 Y71.735 E2134.43694
G1 X144.936 Y71.568 E2134.44432
G1 X145.292 Y71.327 E2134.45862
G1 X145.463 Y71.269 E2134.46462
G1 X146.013 Y71.234 E2134.48295
G1 X148.193 Y71.241 E2134.55546
G1 X148.597 Y71.302 E2134.56905
G1 X149.013 Y71.506 E2134.58446
G1 X149.272 Y71.777 E2134.59693
G1 X149.437 Y72.15 E2134.61049
G1 X149.503 Y72.67 E2134.62793
G1 X149.496 Y89.46 E2135.18637
G1 X149.418 Y89.952 E2135.20293
G1 X149.149 Y90.415 E2135.22074
G1 X148.708 Y90.74 E2135.23896
G1 X148.332 Y90.856 E2135.25205
G1 X147.833 Y90.891 E2135.26869
G1 X145.633 Y90.843 E2135.34188
G1 X145.033 Y90.559 E2135.36396
G0 F9000 X144.903 Y90.825
G0 X145.564 Y91.081
G0 X146.841 Y91.109
G0 X155.623 Y90.971
G0 X155.727 Y90.688
G1 F1500 X155.418 Y90.435 E2135.37724
G1 X155.29 Y90.259 E2135.38448
G1 X155.158 Y89.941 E2135.39593
G1 X155.07 Y89.224 E2135.41996
G1 X155.072 Y88.044 E2135.4592
G1 X155.156 Y86.871 E2135.49832
G1 X155.156 Y85.501 E2135.54388
G1 X155.072 Y84.405 E2135.58044
G1 X155.072 Y82.705 E2135.63699
G1 X155.156 Y81.619 E2135.67321
G1 X155.156 Y80.252 E2135.71868
G1 X155.072 Y79.158 E2135.75517
G1 X155.072 Y77.371 E2135.81461
G1 X155.155 Y76.288 E2135.85074
G1 X155.071 Y72.739 E2135.96881
G1 X155.104 Y72.127 E2135.9892
G1 X155.343 Y71.649 E2136.00697
G1 X155.736 Y71.366 E2136.02308
G1 X156.096 Y71.267 E2136.0355
G1 X156.471 Y71.235 E2136.04801
G1 X158.473 Y71.235 E2136.1146
G1 X158.911 Y71.312 E2136.12939
G1 X159.37 Y71.582 E2136.1471
G1 X159.626 Y71.965 E2136.16243
G1 X159.699 Y72.144 E2136.16886
G1 X159.744 Y72.674 E2136.18655
G1 X159.745 Y83.587 E2136.54951
G1 X161.938 Y81.357 E2136.65354
G1 X169.017 Y73.985 E2136.99348
G1 X169.954 Y73.026 E2137.03807
G1 X170.523 Y72.384 E2137.0666
G1 X171.217 Y71.749 E2137.09789
G1 X171.667 Y71.483 E2137.11528
G1 X172.179 Y71.299 E2137.13337
G1 X172.706 Y71.237 E2137.15102
G1 X174.449 Y71.238 E2137.20899
G1 X174.954 Y71.336 E2137.2261
G1 X175.275 Y71.548 E2137.2389
G1 X175.434 Y71.708 E2137.2464
G1 X175.681 Y72.176 E2137.264
G1 X175.761 Y72.721 E2137.28232
G1 X175.746 Y73.583 E2137.311
G1 X175.83 Y74.872 E2137.35396
G1 X175.828 Y76.367 E2137.40368
G1 X175.746 Y77.458 E2137.44007
G1 X175.746 Y79.078 E2137.49395
G1 X175.83 Y80.21 E2137.53171
G1 X175.828 Y81.707 E2137.5815
G1 X175.746 Y82.792 E2137.61769
G1 X175.745 Y84.328 E2137.66878
G1 X175.828 Y85.421 E2137.70523
G1 X175.732 Y89.531 E2137.84197
G1 X175.673 Y89.897 E2137.8543
G1 X175.488 Y90.299 E2137.86902
G1 X175.363 Y90.455 E2137.87567
G1 X175.061 Y90.697 E2137.88854
G1 X174.705 Y90.826 E2137.90113
G1 X174.107 Y90.888 E2137.92113
G1 X173.017 Y90.891 E2137.95738
G1 X172.617 Y90.879 E2137.97069
G1 X172.127 Y90.788 E2137.98727
G1 X171.648 Y90.538 E2138.00524
G1 X171.354 Y90.145 E2138.02156
G1 X171.221 Y89.721 E2138.03634
G1 X171.133 Y88.782 E2138.06771
G1 X171.15 Y87.545 E2138.10886
G1 X171.15 Y78.994 E2138.39327
G1 X170.978 Y79.136 E2138.40068
G1 X164.647 Y85.717 E2138.70441
G1 X162.939 Y87.434 E2138.78496
G1 X160.992 Y89.461 E2138.87844
G1 X160.601 Y89.888 E2138.8977
G1 X160.187 Y90.279 E2138.91664
G1 X159.549 Y90.648 E2138.94115
G1 X159.116 Y90.776 E2138.95617
G1 X158.673 Y90.851 E2138.97112
G1 X157.617 Y90.915 E2139.0063
G1 X156.155 Y90.843 E2139.05499
G1 X155.727 Y90.688 E2139.07013
G0 F9000 X155.623 Y90.971
G0 X157.34 Y96.828
G0 X157.805 Y97.821
G0 X163.3 Y107.373
G0 X163.867 Y108.137
G0 X164.715 Y108.867
G0 X164.762 Y108.571
G1 F1500 X164.404 Y108.332 E2139.08445
G1 X164.127 Y108.079 E2139.09692
G1 X163.486 Y107.217 E2139.13265
G1 X162.624 Y105.662 E2139.19179
G1 X159.652 Y100.572 E2139.38783
G1 X159.068 Y99.482 E2139.42896
G1 X158.013 Y97.706 E2139.49766
G1 X157.785 Y97.295 E2139.51329
G1 X157.577 Y96.775 E2139.53192
G1 X157.541 Y96.14 E2139.55308
G1 X157.757 Y95.479 E2139.5762
G1 X158.172 Y95.049 E2139.59608
G1 X158.558 Y94.877 E2139.61014
G1 X159.35 Y94.758 E2139.63677
G1 X160.283 Y94.688 E2139.66789
G1 X161.954 Y94.687 E2139.72347
G1 X163.071 Y94.767 E2139.76072
G1 X164.624 Y94.767 E2139.81237
G1 X165.44 Y94.689 E2139.83963
G1 X167.273 Y94.686 E2139.9006
G1 X168.405 Y94.767 E2139.93835
G1 X169.863 Y94.767 E2139.98684
G1 X171.085 Y94.687 E2140.02757
G1 X171.508 Y94.718 E2140.04168
G1 X171.851 Y94.789 E2140.05333
G1 X172.243 Y94.93 E2140.06718
G1 X172.747 Y95.276 E2140.08752
G1 X173.078 Y95.79 E2140.10785
G1 X173.154 Y96.183 E2140.12116
G1 X173.146 Y96.553 E2140.13347
G1 X173.016 Y97.037 E2140.15014
G1 X171.88 Y99.058 E2140.22725
G1 X167.224 Y107.101 E2140.53635
G1 X166.92 Y107.641 E2140.55696
G1 X166.535 Y108.158 E2140.5784
G1 X166.103 Y108.472 E2140.59617
G1 X165.908 Y108.555 E2140.60321
G1 X165.346 Y108.661 E2140.62224
G1 X164.762 Y108.571 E2140.64189
G1 F2700 E2135.64189
G0 F9000 X164.715 Y108.867
G0 X165.349 Y108.905
G0 X166.038 Y108.772
G0 X189.493 Y91.746
G0 X189.691 Y91.523
G1 F2700 E2140.64189
G1 F1500 X189.376 Y91.239 E2140.656
G1 X189.115 Y90.867 E2140.67111
G1 X188.953 Y90.44 E2140.6863
G1 X188.897 Y89.999 E2140.70109
G1 X188.954 Y89.556 E2140.71594
G1 X189.121 Y89.123 E2140.73138
G1 X189.365 Y88.77 E2140.74565
G1 X189.701 Y88.471 E2140.76061
G1 X190.088 Y88.272 E2140.77508
G1 X190.518 Y88.159 E2140.78987
G1 X190.979 Y88.159 E2140.8052
G1 X191.405 Y88.265 E2140.8198
G1 X191.804 Y88.473 E2140.83477
G1 X192.135 Y88.769 E2140.84954
G1 X192.391 Y89.134 E2140.86437
G1 X192.551 Y89.56 E2140.8795
G1 X192.6 Y89.999 E2140.89419
G1 X192.55 Y90.445 E2140.90912
G1 X192.393 Y90.862 E2140.92394
G1 X192.138 Y91.229 E2140.93881
G1 X191.804 Y91.527 E2140.95369
G1 X191.405 Y91.735 E2140.96866
G1 X190.979 Y91.841 E2140.98326
G1 X190.518 Y91.841 E2140.99859
G1 X190.088 Y91.729 E2141.01337
G1 X189.691 Y91.523 E2141.02825
G1 F2700 E2136.02825
G0 F9000 X189.493 Y91.746
G0 X188.654 Y156
G0 X188.709 Y156.451
G0 X189.115 Y157.398
G0 X189.362 Y157.229
G1 F2700 E2141.02825
G1 F1500 X189.107 Y156.862 E2141.04311
G1 X188.95 Y156.446 E2141.0579
G1 X188.896 Y155.996 E2141.07297
G1 X188.955 Y155.552 E2141.08787
G1 X189.104 Y155.154 E2141.10201
G1 X189.358 Y154.775 E2141.11718
G1 X189.702 Y154.469 E2141.13249
G1 X190.088 Y154.272 E2141.14691
G1 X190.518 Y154.159 E2141.1617
G1 X190.979 Y154.159 E2141.17703
G1 X191.405 Y154.265 E2141.19163
G1 X191.804 Y154.473 E2141.2066
G1 X192.138 Y154.771 E2141.22148
G1 X192.393 Y155.138 E2141.23635
G1 X192.551 Y155.557 E2141.25124
G1 X192.6 Y156 E2141.26606
G1 X192.55 Y156.445 E2141.28096
G1 X192.393 Y156.862 E2141.29578
G1 X192.137 Y157.23 E2141.31069
G1 X191.799 Y157.531 E2141.32574
G1 X191.403 Y157.736 E2141.34057
G1 X191.006 Y157.833 E2141.35417
G1 X190.528 Y157.842 E2141.37007
G1 X190.096 Y157.736 E2141.38486
G1 X189.7 Y157.531 E2141.39969
G1 X189.362 Y157.229 E2141.41477
G0 F9000 X189.115 Y157.398
G0 X189.561 Y157.724
G0 X189.922 Y157.915
G0 X193.88 Y159.13
G0 X194.15 Y159.4
G1 F1500 X194.15 Y60.6 E2144.70087
G1 X25.85 Y60.6 E2150.29855
G1 X25.85 Y159.4 E2153.58465
G1 X194.15 Y159.4 E2159.18233
G1 F2700 E2154.18233
G0 F9000 X193.88 Y159.13
G0 X190.007 Y157.96
G0 X81.086 Y90.922
G0 X80.935 Y90.662
G1 F2700 E2159.18233
G1 F1500 X80.499 Y90.811 E2159.19766
G1 X79.675 Y90.905 E2159.22524
G1 X78.838 Y90.837 E2159.25317
G1 X78.429 Y90.706 E2159.26746
G1 X78.051 Y90.518 E2159.2815
G1 X77.717 Y90.248 E2159.29578
G1 X77.487 Y89.974 E2159.30768
G1 X77.25 Y89.577 E2159.32306
G1 X69.293 Y72.911 E2159.93731
G1 X69.108 Y72.402 E2159.95532
G1 X69.121 Y71.973 E2159.9696
G1 X69.211 Y71.775 E2159.97683
G1 X69.434 Y71.485 E2159.989
G1 X69.59 Y71.381 E2159.99523
G1 X69.994 Y71.252 E2160.00934
G1 X70.46 Y71.235 E2160.02485
G1 X72.091 Y71.238 E2160.0791
G1 X72.552 Y71.298 E2160.09456
G1 X73 Y71.467 E2160.11048
G1 X73.326 Y71.699 E2160.12379
G1 X73.627 Y72.038 E2160.13887
G1 X74.303 Y73.399 E2160.18941
G1 X74.498 Y73.648 E2160.19993
G1 X74.761 Y73.827 E2160.21051
G1 X75.348 Y73.859 E2160.23007
G1 X83.931 Y73.852 E2160.51554
G1 X84.125 Y73.823 E2160.52206
G1 X84.387 Y73.659 E2160.53234
G1 X84.571 Y73.444 E2160.54176
G1 X84.794 Y73.06 E2160.55653
G1 X85.19 Y72.262 E2160.58616
G1 X85.559 Y71.753 E2160.60707
G1 X86.018 Y71.455 E2160.62527
G1 X86.423 Y71.301 E2160.63968
G1 X86.938 Y71.238 E2160.65694
G1 X89.824 Y71.234 E2160.75292
G1 X90.207 Y71.384 E2160.7666
G1 X90.398 Y71.517 E2160.77435
G1 X90.607 Y71.825 E2160.78673
G1 X90.671 Y72.042 E2160.79425
G1 X90.66 Y72.424 E2160.80696
G1 X90.468 Y72.96 E2160.8259
G1 X81.944 Y89.689 E2161.45037
G1 X81.684 Y90.09 E2161.46627
G1 X81.333 Y90.43 E2161.48252
G1 X80.935 Y90.662 E2161.49784
G0 F9000 X81.086 Y90.922
G0 X80.543 Y91.05
G0 X79.751 Y91.138
G0 X65.912 Y89.693
G0 X65.786 Y89.42
G1 F1500 X65.116 Y89.732 E2161.52243
G1 X63.415 Y90.346 E2161.58257
G1 X61.695 Y90.775 E2161.64153
G1 X58.856 Y91.152 E2161.73679
G1 X58.004 Y91.212 E2161.7652
G1 X56.073 Y91.212 E2161.82942
G1 X53.227 Y90.791 E2161.92511
G1 X51.636 Y90.281 E2161.98068
G1 X50.093 Y89.511 E2162.03803
G1 X48.605 Y88.401 E2162.09978
G1 X47.37 Y87.006 E2162.16175
G1 X46.49 Y85.448 E2162.22126
G1 X45.844 Y83.684 E2162.28374
G1 X45.683 Y82.542 E2162.3221
G1 X45.685 Y79.046 E2162.43838
G1 X45.74 Y78.562 E2162.45458
G1 X45.908 Y77.882 E2162.47788
G1 X46.338 Y76.696 E2162.51984
G1 X46.849 Y75.681 E2162.55763
G1 X47.943 Y74.288 E2162.61654
G1 X49.253 Y73.197 E2162.67325
G1 X51.102 Y72.189 E2162.74329
G1 X53.348 Y71.452 E2162.82191
G1 X54.394 Y71.215 E2162.85758
G1 X55.484 Y71.065 E2162.89418
G1 X56.906 Y70.984 E2162.94155
G1 X58.438 Y70.985 E2162.9925
G1 X59.624 Y71.082 E2163.03208
G1 X60.737 Y71.152 E2163.06917
G1 X62.122 Y71.363 E2163.11577
G1 X64.249 Y71.868 E2163.18848
G1 X65.385 Y72.252 E2163.22837
G1 X66.112 Y72.591 E2163.25505
G1 X66.632 Y72.922 E2163.27555
G1 X66.962 Y73.221 E2163.29036
G1 X67.222 Y73.58 E2163.3051
G1 X67.361 Y73.939 E2163.31791
G1 X67.433 Y74.376 E2163.33264
G1 X67.457 Y74.974 E2163.35254
G1 X67.457 Y76.478 E2163.40257
G1 X67.538 Y77.426 E2163.43421
G1 X67.536 Y78.655 E2163.47509
G1 X67.457 Y79.905 E2163.51675
G1 X67.47 Y80.467 E2163.53544
G1 X67.438 Y81.087 E2163.55609
G1 X67.348 Y81.497 E2163.57005
G1 X67.078 Y81.983 E2163.58854
G1 X66.578 Y82.328 E2163.60875
G1 X66.07 Y82.419 E2163.62591
G1 X58.366 Y82.425 E2163.88215
G1 X57.941 Y82.403 E2163.8963
G1 X57.449 Y82.291 E2163.91309
G1 X57.295 Y82.19 E2163.91921
G1 X56.969 Y81.836 E2163.93522
G1 X56.847 Y81.501 E2163.94708
G1 X56.774 Y80.852 E2163.9688
G1 X56.771 Y80.382 E2163.98443
G1 X56.826 Y79.907 E2164.00034
G1 X57.047 Y79.415 E2164.01827
G1 X57.485 Y79.023 E2164.03782
G1 X58.055 Y78.862 E2164.05752
G1 X62.359 Y78.848 E2164.20068
G1 X62.735 Y78.786 E2164.21335
G1 X62.938 Y78.622 E2164.22203
G1 X63.016 Y78.49 E2164.22713
G1 X63.052 Y77.582 E2164.25736
G1 X63.036 Y76.013 E2164.30954
G1 X62.97 Y75.861 E2164.31505
G1 X62.601 Y75.729 E2164.32809
G1 X61.971 Y75.568 E2164.34972
G1 X60.096 Y75.162 E2164.41352
G1 X58.602 Y74.975 E2164.4636
G1 X56.971 Y74.974 E2164.51785
G1 X55.959 Y75.068 E2164.55165
G1 X54.911 Y75.327 E2164.58756
G1 X53.563 Y75.898 E2164.63625
G1 X52.439 Y76.678 E2164.68175
G1 X51.959 Y77.165 E2164.7045
G1 X51.561 Y77.686 E2164.7263
G1 X51.001 Y78.759 E2164.76656
G1 X50.676 Y79.915 E2164.8065
G1 X50.584 Y81.117 E2164.8466
G1 X50.72 Y82.313 E2164.88663
G1 X51.077 Y83.449 E2164.92624
G1 X51.654 Y84.493 E2164.96591
G1 X52.445 Y85.406 E2165.00609
G1 X53.448 Y86.143 E2165.04749
G1 X54.256 Y86.532 E2165.07731
G1 X55.019 Y86.774 E2165.10394
G1 X56.081 Y86.941 E2165.13969
G1 X58.462 Y86.981 E2165.2189
G1 X59.563 Y86.888 E2165.25564
G1 X60.766 Y86.646 E2165.29646
G1 X62.574 Y86.085 E2165.35942
G1 X63.455 Y85.676 E2165.39173
G1 X64.247 Y85.361 E2165.42008
G1 X64.738 Y85.36 E2165.43641
G1 X64.995 Y85.416 E2165.44516
G1 X65.369 Y85.595 E2165.45895
G1 X65.716 Y85.911 E2165.47456
G1 X66.06 Y86.41 E2165.49471
G1 X66.543 Y87.417 E2165.53186
G1 X66.655 Y87.828 E2165.54603
G1 X66.657 Y88.325 E2165.56256
G1 X66.41 Y88.89 E2165.58307
G1 X66.146 Y89.167 E2165.5958
G1 X65.786 Y89.42 E2165.61043
G1 F2700 E2160.61043
G0 F9000 X65.912 Y89.693
G0 X63.516 Y90.567
G0 X61.733 Y91.012
G0 X58.898 Y91.388
G0 X58.642 Y91.406
G0 X30.437 Y91.794
G0 X30.299 Y91.53
G1 F2700 E2165.61043
G1 F1500 X29.912 Y91.729 E2165.6249
G1 X29.482 Y91.841 E2165.63968
G1 X29.021 Y91.841 E2165.65502
G1 X28.595 Y91.735 E2165.66962
G1 X28.196 Y91.527 E2165.68458
G1 X27.862 Y91.229 E2165.69947
G1 X27.608 Y90.862 E2165.71432
G1 X27.45 Y90.447 E2165.72908
G1 X27.396 Y90.003 E2165.74396
G1 X27.449 Y89.557 E2165.7589
G1 X27.609 Y89.134 E2165.77394
G1 X27.863 Y88.771 E2165.78868
G1 X28.196 Y88.473 E2165.80354
G1 X28.595 Y88.265 E2165.81851
G1 X29.021 Y88.159 E2165.83311
G1 X29.482 Y88.159 E2165.84844
G1 X29.912 Y88.272 E2165.86323
G1 X30.291 Y88.469 E2165.87743
G1 X30.638 Y88.772 E2165.89276
G1 X30.892 Y89.138 E2165.90757
G1 X31.042 Y89.541 E2165.92188
G1 X31.099 Y89.97 E2165.93627
G1 X31.051 Y90.441 E2165.95202
G1 X30.887 Y90.871 E2165.96732
G1 X30.626 Y91.236 E2165.98225
G1 X30.299 Y91.53 E2165.99687
G1 F2700 E2160.99687
G0 F9000 X30.437 Y91.794
G0 X31.346 Y156
G0 X31.291 Y156.451
G0 X30.884 Y157.399
G0 X30.638 Y157.229
G1 F2700 E2165.99687
G1 F1500 X30.299 Y157.531 E2166.01197
G1 X29.903 Y157.736 E2166.0268
G1 X29.506 Y157.833 E2166.0404
G1 X29.028 Y157.842 E2166.0563
G1 X28.596 Y157.736 E2166.07109
G1 X28.201 Y157.531 E2166.08589
G1 X27.863 Y157.23 E2166.10095
G1 X27.608 Y156.863 E2166.11581
G1 X27.45 Y156.447 E2166.13061
G1 X27.395 Y156 E2166.14559
G1 X27.45 Y155.553 E2166.16057
G1 X27.608 Y155.137 E2166.17537
G1 X27.862 Y154.771 E2166.19019
G1 X28.196 Y154.473 E2166.20508
G1 X28.595 Y154.265 E2166.22004
G1 X29.021 Y154.159 E2166.23464
G1 X29.482 Y154.159 E2166.24998
G1 X29.912 Y154.272 E2166.26476
G1 X30.327 Y154.495 E2166.28043
G1 X30.63 Y154.768 E2166.294
G1 X30.896 Y155.145 E2166.30934
G1 X31.045 Y155.552 E2166.32376
G1 X31.104 Y155.996 E2166.33866
G1 X31.05 Y156.446 E2166.35373
G1 X30.893 Y156.862 E2166.36852
G1 X30.638 Y157.229 E2166.38338
G0 F9000 X30.319 Y156.978
;TYPE:WALL-OUTER
G1 F1500 X30.052 Y157.208 E2166.39511
G1 X29.742 Y157.364 E2166.40665
G1 X29.437 Y157.439 E2166.41709
G1 X29.049 Y157.436 E2166.43
G1 X28.758 Y157.364 E2166.43997
G1 X28.407 Y157.18 E2166.45315
G1 X28.15 Y156.943 E2166.46478
G1 X27.956 Y156.653 E2166.47638
G1 X27.839 Y156.334 E2166.48768
G1 X27.801 Y156 E2166.49887
G1 X27.849 Y155.63 E2166.51127
G1 X27.979 Y155.303 E2166.52298
G1 X28.181 Y155.022 E2166.53449
G1 X28.448 Y154.792 E2166.54621
G1 X28.758 Y154.636 E2166.55775
G1 X29.049 Y154.564 E2166.56772
G1 X29.451 Y154.564 E2166.58109
G1 X29.766 Y154.644 E2166.5919
G1 X30.069 Y154.802 E2166.60327
G1 X30.334 Y155.037 E2166.61505
G1 X30.544 Y155.347 E2166.6275
G1 X30.657 Y155.651 E2166.63829
G1 X30.698 Y155.976 E2166.64919
G1 X30.651 Y156.37 E2166.66238
G1 X30.521 Y156.697 E2166.67409
G1 X30.319 Y156.978 E2166.6856
G1 F2700 E2161.6856
G0 F9000 X30.782 Y157.503
G0 X31.106 Y156.973
G0 X31.285 Y156.501
G0 X31.32 Y156.217
G0 X30.544 Y91.713
G0 X30.082 Y91.189
G1 F2700 E2166.6856
G1 F1500 X29.766 Y91.356 E2166.69748
G1 X29.451 Y91.436 E2166.70829
G1 X29.049 Y91.436 E2166.72166
G1 X28.758 Y91.364 E2166.73164
G1 X28.407 Y91.18 E2166.74482
G1 X28.15 Y90.943 E2166.75644
G1 X27.956 Y90.653 E2166.76805
G1 X27.839 Y90.334 E2166.77935
G1 X27.801 Y89.999 E2166.79056
G1 X27.838 Y89.676 E2166.80138
G1 X27.957 Y89.345 E2166.81308
G1 X28.15 Y89.057 E2166.82461
G1 X28.407 Y88.82 E2166.83623
G1 X28.758 Y88.636 E2166.84942
G1 X29.049 Y88.564 E2166.85939
G1 X29.451 Y88.564 E2166.87276
G1 X29.766 Y88.644 E2166.88357
G1 X30.082 Y88.811 E2166.89545
G1 X30.327 Y89.03 E2166.90638
G1 X30.525 Y89.31 E2166.91779
G1 X30.656 Y89.647 E2166.92982
G1 X30.699 Y89.989 E2166.94128
G1 X30.659 Y90.343 E2166.95313
G1 X30.521 Y90.697 E2166.96577
G1 X30.34 Y90.955 E2166.97625
G1 X30.082 Y91.189 E2166.98783
G1 F2700 E2161.98783
G0 F9000 X30.544 Y91.713
G0 X57.995 Y91.451
G0 X58.898 Y91.388
G0 X61.733 Y91.012
G0 X63.516 Y90.567
G0 X65.23 Y89.943
G0 X65.774 Y89.69
G0 X66.581 Y89.144
G0 X66.072 Y88.666
G1 F2700 E2166.98783
G1 F1500 X65.866 Y88.88 E2166.99771
G1 X65.568 Y89.083 E2167.00971
G1 X64.98 Y89.356 E2167.03127
G1 X63.338 Y89.952 E2167.08937
G1 X61.603 Y90.385 E2167.14884
G1 X58.828 Y90.753 E2167.24195
G1 X57.969 Y90.812 E2167.27059
G1 X56.077 Y90.81 E2167.33351
G1 X53.329 Y90.404 E2167.4259
G1 X51.758 Y89.899 E2167.48079
G1 X50.28 Y89.157 E2167.5358
G1 X48.874 Y88.105 E2167.5942
G1 X47.692 Y86.77 E2167.65351
G1 X46.862 Y85.3 E2167.70965
G1 X46.235 Y83.586 E2167.77036
G1 X46.082 Y82.514 E2167.80637
G1 X46.083 Y79.09 E2167.92025
G1 X46.136 Y78.619 E2167.93602
G1 X46.284 Y78.018 E2167.95661
G1 X46.706 Y76.854 E2167.99779
G1 X47.194 Y75.884 E2168.0339
G1 X48.233 Y74.568 E2168.08967
G1 X49.479 Y73.527 E2168.14367
G1 X51.278 Y72.549 E2168.21178
G1 X53.437 Y71.842 E2168.28734
G1 X54.47 Y71.608 E2168.32257
G1 X55.491 Y71.466 E2168.35685
G1 X56.941 Y71.384 E2168.40516
G1 X58.406 Y71.384 E2168.45388
G1 X59.596 Y71.481 E2168.49359
G1 X60.677 Y71.548 E2168.52962
G1 X62.078 Y71.762 E2168.57675
G1 X64.121 Y72.247 E2168.64659
G1 X65.239 Y72.624 E2168.68583
G1 X65.898 Y72.929 E2168.70999
G1 X66.39 Y73.241 E2168.72936
G1 X66.652 Y73.48 E2168.74116
G1 X66.875 Y73.792 E2168.75391
G1 X66.975 Y74.047 E2168.76302
G1 X67.033 Y74.392 E2168.77466
G1 X67.057 Y74.974 E2168.79403
G1 X67.057 Y76.496 E2168.84466
G1 X67.138 Y77.426 E2168.8757
G1 X67.137 Y78.63 E2168.91575
G1 X67.057 Y79.897 E2168.95797
G1 X67.07 Y80.447 E2168.97627
G1 X67.032 Y81.106 E2168.99823
G1 X66.956 Y81.379 E2169.00765
G1 X66.776 Y81.703 E2169.01998
G1 X66.423 Y81.952 E2169.03435
G1 X66.034 Y82.021 E2169.04749
G1 X58.386 Y82.025 E2169.30186
G1 X58.011 Y82.006 E2169.31435
G1 X57.567 Y81.901 E2169.32952
G1 X57.318 Y81.618 E2169.34206
G1 X57.23 Y81.375 E2169.35066
G1 X57.173 Y80.825 E2169.36905
G1 X57.169 Y80.422 E2169.38245
G1 X57.21 Y80.035 E2169.3954
G1 X57.373 Y79.66 E2169.409
G1 X57.692 Y79.38 E2169.42311
G1 X58.096 Y79.264 E2169.43709
G1 X62.393 Y79.248 E2169.58001
G1 X62.743 Y79.19 E2169.59181
G1 X63.125 Y79.005 E2169.60593
G1 X63.381 Y78.659 E2169.62025
G1 X63.423 Y78.339 E2169.63098
G1 X63.452 Y77.588 E2169.65598
G1 X63.435 Y75.929 E2169.71116
G1 X63.322 Y75.667 E2169.72065
G1 X63.049 Y75.465 E2169.73195
G1 X62.718 Y75.347 E2169.74363
G1 X62.063 Y75.179 E2169.76612
G1 X60.164 Y74.767 E2169.83075
G1 X58.627 Y74.575 E2169.88227
G1 X56.953 Y74.574 E2169.93795
G1 X55.893 Y74.672 E2169.97336
G1 X54.784 Y74.946 E2170.01135
G1 X53.369 Y75.546 E2170.06247
G1 X52.18 Y76.37 E2170.11058
G1 X51.656 Y76.902 E2170.13542
G1 X51.222 Y77.471 E2170.15922
G1 X50.627 Y78.611 E2170.20199
G1 X50.28 Y79.845 E2170.24463
G1 X50.182 Y81.125 E2170.28732
G1 X50.327 Y82.396 E2170.32987
G1 X50.707 Y83.607 E2170.37209
G1 X51.324 Y84.723 E2170.4145
G1 X52.172 Y85.702 E2170.45758
G1 X53.241 Y86.487 E2170.50169
G1 X54.108 Y86.905 E2170.5337
G1 X54.927 Y87.164 E2170.56227
G1 X56.047 Y87.341 E2170.59999
G1 X58.476 Y87.381 E2170.68079
G1 X59.619 Y87.284 E2170.71894
G1 X60.865 Y87.034 E2170.76121
G1 X62.718 Y86.459 E2170.82574
G1 X63.592 Y86.052 E2170.8578
G1 X64.331 Y85.763 E2170.8842
G1 X64.787 Y85.76 E2170.89936
G1 X65.141 Y85.93 E2170.91243
G1 X65.413 Y86.178 E2170.92467
G1 X65.707 Y86.598 E2170.94172
G1 X66.171 Y87.571 E2170.97757
G1 X66.259 Y87.884 E2170.98839
G1 X66.255 Y88.254 E2171.00069
G1 X66.072 Y88.666 E2171.01569
G1 F2700 E2166.01569
G0 F9000 X66.581 Y89.144
G0 X78.801 Y91.076
G0 X79.499 Y91.134
G0 X80.976 Y90.966
G0 X80.751 Y90.305
G1 F2700 E2171.01569
G1 F1500 X80.396 Y90.424 E2171.02814
G1 X79.635 Y90.505 E2171.0536
G1 X78.908 Y90.44 E2171.07787
G1 X78.585 Y90.338 E2171.08914
G1 X78.288 Y90.195 E2171.1001
G1 X77.993 Y89.958 E2171.11269
G1 X77.791 Y89.711 E2171.1233
G1 X77.599 Y89.382 E2171.13597
G1 X69.665 Y72.763 E2171.74848
G1 X69.513 Y72.335 E2171.76359
G1 X69.518 Y72.031 E2171.7737
G1 X69.72 Y71.761 E2171.78491
G1 X70.062 Y71.646 E2171.79691
G1 X70.46 Y71.635 E2171.81016
G1 X72.043 Y71.635 E2171.86281
G1 X72.457 Y71.686 E2171.87668
G1 X72.81 Y71.819 E2171.88923
G1 X73.075 Y72.012 E2171.90013
G1 X73.303 Y72.285 E2171.91196
G1 X73.963 Y73.613 E2171.96129
G1 X74.22 Y73.943 E2171.9752
G1 X74.546 Y74.166 E2171.98833
G1 X74.761 Y74.228 E2171.99578
G1 X75.338 Y74.259 E2172.015
G1 X83.965 Y74.252 E2172.30193
G1 X84.235 Y74.211 E2172.31101
G1 X84.424 Y74.131 E2172.31784
G1 X84.662 Y73.953 E2172.32773
G1 X84.899 Y73.676 E2172.33985
G1 X85.146 Y73.25 E2172.35623
G1 X85.527 Y72.483 E2172.38471
G1 X85.83 Y72.056 E2172.40213
G1 X86.198 Y71.813 E2172.41679
G1 X86.521 Y71.693 E2172.42826
G1 X86.986 Y71.635 E2172.44384
G1 X89.743 Y71.636 E2172.53554
G1 X90.074 Y71.76 E2172.5473
G1 X90.274 Y72.036 E2172.55863
G1 X90.266 Y72.33 E2172.56841
G1 X90.122 Y72.753 E2172.58328
G1 X81.598 Y89.489 E2173.20796
G1 X81.359 Y89.855 E2173.2225
G1 X81.097 Y90.107 E2173.23459
G1 X80.751 Y90.305 E2173.24785
G1 F2700 E2168.24785
G0 F9000 X80.976 Y90.966
G0 X95.736 Y91.131
G0 X101.708 Y91.13
G0 X106.367 Y91.049
G0 X106.246 Y90.36
G1 F2700 E2173.24785
G1 F1500 X103.085 Y90.491 E2173.35307
G1 X95.731 Y90.491 E2173.59767
G1 X94.809 Y90.501 E2173.62833
G1 X93.878 Y90.424 E2173.65941
G1 X93.493 Y90.183 E2173.67451
G1 X93.275 Y89.887 E2173.68674
G1 X93.195 Y89.63 E2173.69569
G1 X93.157 Y89.123 E2173.7126
G1 X93.161 Y72.483 E2174.26605
G1 X93.312 Y72.049 E2174.28133
G1 X93.436 Y71.889 E2174.28807
G1 X93.779 Y71.664 E2174.30171
G1 X94.28 Y71.634 E2174.3184
G1 X96.067 Y71.634 E2174.37784
G1 X96.511 Y71.648 E2174.39261
G1 X96.927 Y71.73 E2174.40672
G1 X97.159 Y71.991 E2174.41833
G1 X97.229 Y72.177 E2174.42494
G1 X97.283 Y72.768 E2174.44468
G1 X97.283 Y78.755 E2174.64381
G1 X97.349 Y78.973 E2174.65138
G1 X97.443 Y79.082 E2174.65617
G1 X97.639 Y79.156 E2174.66314
G1 X97.932 Y79.184 E2174.67293
G1 X101.147 Y79.18 E2174.77986
G1 X101.756 Y79.123 E2174.80021
G1 X102.157 Y78.982 E2174.81434
G1 X102.535 Y78.732 E2174.82942
G1 X102.918 Y78.338 E2174.84769
G1 X106.686 Y73.07 E2175.06311
G1 X107.071 Y72.492 E2175.08621
G1 X107.279 Y72.224 E2175.09749
G1 X107.505 Y72.004 E2175.10799
G1 X107.756 Y71.832 E2175.11811
G1 X108.118 Y71.693 E2175.131
G1 X108.568 Y71.635 E2175.14609
G1 X111.289 Y71.637 E2175.23659
G1 X111.663 Y71.732 E2175.24943
G1 X111.857 Y71.959 E2175.25936
G1 X111.879 Y72.206 E2175.26761
G1 X111.775 Y72.519 E2175.27858
G1 X110.879 Y73.829 E2175.33137
G1 X110.167 Y74.908 E2175.37436
G1 X107.999 Y77.967 E2175.49907
G1 X107.574 Y78.583 E2175.52396
G1 X107.383 Y78.928 E2175.53707
G1 X107.309 Y79.189 E2175.5461
G1 X107.32 Y79.31 E2175.55014
G1 X107.505 Y79.571 E2175.56078
G1 X107.715 Y79.711 E2175.56917
G1 X108.251 Y79.933 E2175.58847
G1 X109.989 Y80.735 E2175.65213
G1 X110.596 Y81.191 E2175.67738
G1 X111.123 Y81.785 E2175.7038
G1 X111.626 Y82.694 E2175.73835
G1 X111.92 Y83.742 E2175.77455
G1 X111.92 Y84.515 E2175.80026
G1 X111.974 Y84.859 E2175.81184
G1 X111.985 Y85.235 E2175.82435
G1 X111.863 Y86.236 E2175.85789
G1 X111.577 Y87.22 E2175.89198
G1 X111.064 Y88.133 E2175.92681
G1 X110.38 Y88.859 E2175.95998
G1 X109.343 Y89.536 E2176.00117
G1 X107.849 Y90.076 E2176.05401
G1 X106.246 Y90.36 E2176.10816
G1 F2700 E2171.10816
G0 F9000 X106.367 Y91.049
G0 X117.066 Y91.033
G0 X117.424 Y90.431
G1 F2700 E2176.10816
G1 F1500 X117.028 Y90.197 E2176.12346
G1 X116.799 Y89.876 E2176.13657
G1 X116.728 Y89.641 E2176.14474
G1 X116.694 Y89.116 E2176.16223
G1 X116.694 Y72.934 E2176.70045
G1 X116.703 Y72.539 E2176.71359
G1 X116.767 Y72.191 E2176.72536
G1 X116.892 Y71.946 E2176.73451
G1 X117.14 Y71.751 E2176.745
G1 X117.36 Y71.675 E2176.75274
G1 X117.743 Y71.634 E2176.76555
G1 X119.458 Y71.638 E2176.82259
G1 X119.812 Y71.7 E2176.83455
G1 X120.085 Y71.865 E2176.84516
G1 X120.291 Y72.164 E2176.85723
G1 X120.316 Y72.559 E2176.8704
G1 X120.318 Y82.695 E2177.20752
G1 X120.397 Y83.687 E2177.24062
G1 X120.396 Y84.155 E2177.25619
G1 X120.453 Y84.366 E2177.26346
G1 X120.624 Y84.168 E2177.27216
G1 X121.699 Y82.152 E2177.34815
G1 X122.96 Y79.857 E2177.43524
G1 X125.647 Y74.787 E2177.62609
G1 X126.913 Y72.463 E2177.71411
G1 X127.204 Y72.21 E2177.72694
G1 X127.467 Y72.134 E2177.73604
G1 X127.775 Y72.17 E2177.74636
G1 X128.065 Y72.39 E2177.75846
G1 X128.363 Y72.852 E2177.77675
G1 X129.53 Y75.052 E2177.85958
G1 X134.433 Y84.053 E2178.20049
G1 X134.597 Y84.318 E2178.21085
G1 X134.643 Y84.338 E2178.21252
G1 X134.7 Y84.253 E2178.21592
G1 X134.728 Y83.939 E2178.22641
G1 X134.729 Y72.631 E2178.60251
G1 X134.77 Y72.299 E2178.61364
G1 X134.917 Y71.975 E2178.62547
G1 X135.153 Y71.8 E2178.63525
G1 X135.496 Y71.684 E2178.64729
G1 X136.339 Y71.609 E2178.67544
G1 X137.755 Y71.636 E2178.72254
G1 X138.037 Y71.671 E2178.73199
G1 X138.366 Y71.831 E2178.74416
G1 X138.587 Y72.131 E2178.75656
G1 X138.679 Y72.532 E2178.77024
G1 X138.678 Y89.431 E2179.3323
G1 X138.597 Y89.851 E2179.34653
G1 X138.493 Y90.046 E2179.35388
G1 X138.181 Y90.329 E2179.36789
G1 X137.904 Y90.439 E2179.3778
G1 X137.392 Y90.491 E2179.39492
G1 X135.981 Y90.512 E2179.44185
G1 X134.492 Y90.383 E2179.49156
G1 X134.161 Y90.264 E2179.50326
G1 X133.869 Y90.041 E2179.51548
G1 X133.368 Y89.376 E2179.54318
G1 X129.979 Y83.359 E2179.77286
G1 X128.293 Y80.302 E2179.88898
G1 X128.124 Y80.019 E2179.89994
G1 X127.9 Y79.731 E2179.91208
G1 X127.687 Y79.591 E2179.92055
G1 X127.449 Y79.645 E2179.92867
G1 X127.243 Y79.89 E2179.93932
G1 X126.978 Y80.324 E2179.95623
G1 X125.62 Y82.852 E2180.05168
G1 X122.612 Y88.357 E2180.26032
G1 X122.177 Y89.188 E2180.29152
G1 X121.735 Y89.858 E2180.31822
G1 X121.457 Y90.117 E2180.33085
G1 X121.16 Y90.293 E2180.34234
G1 X120.698 Y90.439 E2180.35845
G1 X120.108 Y90.491 E2180.37815
G1 X118.756 Y90.503 E2180.42312
G1 X117.424 Y90.431 E2180.46749
G1 F2700 E2175.46749
G0 F9000 X117.066 Y91.033
G0 X118.744 Y91.142
G0 X137.43 Y91.129
G0 X144.737 Y90.674
G0 X145.275 Y90.231
G1 F2700 E2180.46749
G1 F1500 X145.071 Y89.98 E2180.47825
G1 X145.007 Y89.772 E2180.48548
G1 X144.973 Y89.285 E2180.50172
G1 X144.974 Y72.474 E2181.06086
G1 X145.012 Y72.189 E2181.07042
G1 X145.149 Y71.908 E2181.08082
G1 X145.501 Y71.665 E2181.09504
G1 X146.013 Y71.634 E2181.1121
G1 X148.137 Y71.637 E2181.18275
G1 X148.487 Y71.691 E2181.19453
G1 X148.781 Y71.842 E2181.20552
G1 X148.923 Y71.987 E2181.21227
G1 X149.043 Y72.241 E2181.22161
G1 X149.102 Y72.659 E2181.23566
G1 X149.096 Y89.44 E2181.79379
G1 X149.042 Y89.794 E2181.8057
G1 X148.845 Y90.149 E2181.81921
G1 X148.522 Y90.378 E2181.83238
G1 X148.262 Y90.459 E2181.84143
G1 X147.795 Y90.491 E2181.857
G1 X145.702 Y90.437 E2181.92664
G1 X145.275 Y90.231 E2181.94241
G1 F2700 E2176.94241
G0 F9000 X144.737 Y90.674
G0 X145.564 Y91.081
G0 X147.388 Y91.121
G0 X155.461 Y90.862
G0 X155.912 Y90.326
G1 F2700 E2181.94241
G1 F1500 X155.671 Y90.12 E2181.95295
G1 X155.553 Y89.856 E2181.96257
G1 X155.469 Y89.194 E2181.98477
G1 X155.471 Y88.072 E2182.02208
G1 X155.556 Y86.885 E2182.06166
G1 X155.556 Y85.486 E2182.1082
G1 X155.471 Y84.375 E2182.14526
G1 X155.471 Y82.735 E2182.1998
G1 X155.556 Y81.634 E2182.23653
G1 X155.556 Y80.237 E2182.28299
G1 X155.471 Y79.128 E2182.31999
G1 X155.471 Y77.401 E2182.37743
G1 X155.555 Y76.298 E2182.41422
G1 X155.471 Y72.759 E2182.53196
G1 X155.497 Y72.231 E2182.54954
G1 X155.662 Y71.913 E2182.56146
G1 X155.9 Y71.733 E2182.57138
G1 X156.165 Y71.661 E2182.58052
G1 X156.502 Y71.634 E2182.59176
G1 X158.45 Y71.637 E2182.65655
G1 X158.758 Y71.688 E2182.66694
G1 X159.087 Y71.881 E2182.67962
G1 X159.307 Y72.207 E2182.6927
G1 X159.344 Y72.674 E2182.70829
G1 X159.344 Y83.447 E2183.0666
G1 X159.357 Y83.7 E2183.07502
G1 X159.431 Y84.077 E2183.0878
G1 X159.562 Y84.164 E2183.09303
G1 X159.677 Y84.153 E2183.09687
G1 X159.951 Y83.947 E2183.10828
G1 X162.226 Y81.634 E2183.21618
G1 X169.303 Y74.265 E2183.556
G1 X170.247 Y73.299 E2183.60092
G1 X170.821 Y72.651 E2183.62971
G1 X171.455 Y72.07 E2183.65832
G1 X171.836 Y71.845 E2183.67303
G1 X172.286 Y71.689 E2183.68887
G1 X172.777 Y71.634 E2183.70531
G1 X174.424 Y71.641 E2183.76009
G1 X174.812 Y71.718 E2183.77324
G1 X175.081 Y71.9 E2183.78405
G1 X175.3 Y72.318 E2183.79974
G1 X175.362 Y72.746 E2183.81413
G1 X175.346 Y73.592 E2183.84227
G1 X175.43 Y74.872 E2183.88493
G1 X175.429 Y76.337 E2183.93366
G1 X175.346 Y77.443 E2183.97055
G1 X175.346 Y79.093 E2184.02543
G1 X175.43 Y80.21 E2184.06268
G1 X175.429 Y81.677 E2184.11148
G1 X175.346 Y82.777 E2184.14817
G1 X175.345 Y84.343 E2184.20025
G1 X175.429 Y85.469 E2184.23781
G1 X175.332 Y89.507 E2184.37215
G1 X175.284 Y89.783 E2184.38147
G1 X175.123 Y90.137 E2184.3944
G1 X174.868 Y90.339 E2184.40522
G1 X174.601 Y90.435 E2184.41466
G1 X174.066 Y90.49 E2184.43255
G1 X173.027 Y90.491 E2184.46711
G1 X172.66 Y90.481 E2184.47932
G1 X172.279 Y90.412 E2184.49219
G1 X171.906 Y90.222 E2184.50612
G1 X171.717 Y89.957 E2184.51694
G1 X171.611 Y89.631 E2184.52834
G1 X171.531 Y88.747 E2184.55787
G1 X171.55 Y87.545 E2184.59785
G1 X171.55 Y78.66 E2184.89337
G1 X171.451 Y78.47 E2184.90049
G1 X171.378 Y78.431 E2184.90325
G1 X171.076 Y78.536 E2184.91388
G1 X170.71 Y78.838 E2184.92966
G1 X164.363 Y85.435 E2185.23414
G1 X162.679 Y87.127 E2185.31354
G1 X160.697 Y89.191 E2185.40872
G1 X160.326 Y89.598 E2185.42703
G1 X159.929 Y89.967 E2185.44506
G1 X159.387 Y90.278 E2185.46584
G1 X159.05 Y90.382 E2185.47757
G1 X158.612 Y90.455 E2185.49234
G1 X157.618 Y90.515 E2185.52546
G1 X156.22 Y90.447 E2185.57202
G1 X155.912 Y90.326 E2185.58302
G1 F2700 E2180.58302
G0 F9000 X155.461 Y90.862
G0 X157.34 Y96.828
G0 X157.805 Y97.821
G0 X163.3 Y107.373
G0 X163.81 Y108.061
G0 X164.518 Y108.769
G0 X164.908 Y108.189
G1 F2700 E2185.58302
G1 F1500 X164.631 Y108.002 E2185.59414
G1 X164.398 Y107.781 E2185.60482
G1 X163.833 Y107.017 E2185.63642
G1 X162.972 Y105.464 E2185.69548
G1 X160.004 Y100.383 E2185.8912
G1 X159.416 Y99.286 E2185.9326
G1 X158.355 Y97.497 E2186.00178
G1 X158.142 Y97.114 E2186.01635
G1 X157.976 Y96.693 E2186.0314
G1 X157.943 Y96.19 E2186.04817
G1 X158.117 Y95.673 E2186.06631
G1 X158.409 Y95.381 E2186.08005
G1 X158.676 Y95.265 E2186.08973
G1 X159.38 Y95.157 E2186.11342
G1 X160.313 Y95.087 E2186.14454
G1 X161.954 Y95.087 E2186.19912
G1 X163.057 Y95.167 E2186.2359
G1 X164.643 Y95.167 E2186.28865
G1 X165.478 Y95.087 E2186.31655
G1 X167.273 Y95.086 E2186.37625
G1 X168.391 Y95.167 E2186.41353
G1 X169.877 Y95.167 E2186.46296
G1 X171.094 Y95.087 E2186.50352
G1 X171.428 Y95.11 E2186.51466
G1 X171.74 Y95.174 E2186.52525
G1 X172.046 Y95.284 E2186.53607
G1 X172.452 Y95.555 E2186.5523
G1 X172.7 Y95.942 E2186.56759
G1 X172.752 Y96.186 E2186.57589
G1 X172.746 Y96.499 E2186.5863
G1 X172.647 Y96.871 E2186.5991
G1 X171.534 Y98.858 E2186.67485
G1 X166.876 Y106.903 E2186.98405
G1 X166.584 Y107.423 E2187.00388
G1 X166.236 Y107.883 E2187.02307
G1 X165.851 Y108.159 E2187.03882
G1 X165.355 Y108.253 E2187.05561
G1 X164.908 Y108.189 E2187.07063
G1 F2700 E2182.07063
G0 F9000 X164.518 Y108.769
G0 X165.349 Y108.905
G0 X166.038 Y108.772
G0 X189.608 Y91.817
G0 X189.934 Y91.2
G1 F2700 E2187.07063
G1 F1500 X189.668 Y90.965 E2187.08244
G1 X189.467 Y90.677 E2187.09412
G1 X189.342 Y90.346 E2187.10589
G1 X189.301 Y90.004 E2187.11734
G1 X189.342 Y89.652 E2187.12913
G1 X189.48 Y89.302 E2187.14164
G1 X189.658 Y89.047 E2187.15198
G1 X189.937 Y88.798 E2187.16442
G1 X190.234 Y88.644 E2187.17555
G1 X190.549 Y88.564 E2187.18636
G1 X190.951 Y88.564 E2187.19973
G1 X191.242 Y88.636 E2187.2097
G1 X191.593 Y88.82 E2187.22288
G1 X191.819 Y89.022 E2187.23296
G1 X192.043 Y89.345 E2187.24604
G1 X192.162 Y89.676 E2187.25774
G1 X192.2 Y89.999 E2187.26855
G1 X192.161 Y90.334 E2187.27977
G1 X192.021 Y90.697 E2187.29271
G1 X191.819 Y90.978 E2187.30422
G1 X191.552 Y91.208 E2187.31594
G1 X191.242 Y91.364 E2187.32748
G1 X190.951 Y91.436 E2187.33746
G1 X190.549 Y91.436 E2187.35083
G1 X190.234 Y91.356 E2187.36164
G1 X189.934 Y91.2 E2187.37288
G1 F2700 E2182.37288
G0 F9000 X189.608 Y91.817
G0 X188.654 Y156
G0 X188.704 Y156.406
G0 X189.074 Y157.34
G0 X189.65 Y156.943
G1 F2700 E2187.37288
G1 F1500 X189.456 Y156.653 E2187.38449
G1 X189.349 Y156.37 E2187.39455
G1 X189.302 Y155.976 E2187.40775
G1 X189.343 Y155.651 E2187.41864
G1 X189.479 Y155.303 E2187.43107
G1 X189.681 Y155.022 E2187.44258
G1 X189.918 Y154.811 E2187.45313
G1 X190.234 Y154.644 E2187.46502
G1 X190.549 Y154.564 E2187.47583
G1 X190.951 Y154.564 E2187.4892
G1 X191.242 Y154.636 E2187.49917
G1 X191.593 Y154.82 E2187.51235
G1 X191.85 Y155.057 E2187.52398
G1 X192.044 Y155.347 E2187.53559
G1 X192.151 Y155.63 E2187.54565
G1 X192.2 Y156 E2187.55806
G1 X192.161 Y156.334 E2187.56925
G1 X192.021 Y156.697 E2187.58219
G1 X191.819 Y156.978 E2187.5937
G1 X191.552 Y157.208 E2187.60542
G1 X191.242 Y157.364 E2187.61696
G1 X190.937 Y157.439 E2187.62741
G1 X190.549 Y157.436 E2187.64031
G1 X190.258 Y157.364 E2187.65028
G1 X189.907 Y157.18 E2187.66346
G1 X189.65 Y156.943 E2187.67509
G1 F2700 E2182.67509
G0 F9000 X189.074 Y157.34
G0 X194.28 Y159.53
G0 X194.55 Y159.8
G1 F2700 E2187.67509
G1 F1500 X194.55 Y60.2 E2190.9878
G1 X25.45 Y60.2 E2196.61209
G1 X25.45 Y159.8 E2199.9248
G1 X194.55 Y159.8 E2205.54909
G0 F9000 X194.068 Y158.928
;TYPE:FILL
G1 F3000 X192.289 Y157.149 E2205.63277
G0 F9000 X191.575 Y157.736
G1 F3000 X191.151 Y159.32 E2205.68731
G0 F9000 X191.94 Y159.319
G1 F3000 X194.069 Y158.749 E2205.76061
G0 F9000 X193.85 Y158.749
G0 X192.609 Y154.925
G0 X192.428 Y155.048
G1 F3000 X194.069 Y154.608 E2205.81712
G0 F9000 X193.85 Y154.608
G0 X193.85 Y153.271
G0 X194.068 Y153.271
G1 F3000 X125.276 Y84.479 E2209.05288
G0 F9000 X125.468 Y84.584
G0 X124.445 Y86.457
G0 X124.253 Y86.352
G1 F3000 X130.215 Y84.754 E2209.25818
G0 F9000 X130.022 Y84.862
G0 X128.768 Y82.611
G0 X128.96 Y82.506
G1 F3000 X127.261 Y80.807 E2209.3381
G0 F9000 X126.888 Y81.505
G1 F3000 X128.212 Y81.15 E2209.38369
G0 F9000 X128.02 Y81.255
G0 X128.735 Y82.551
G0 X128.927 Y82.446
G1 F3000 X108.329 Y159.32 E2212.03072
G0 F9000 X108.329 Y159.1
G0 X109.606 Y159.1
G0 X109.606 Y159.318
G1 F3000 X25.93 Y75.642 E2215.96658
G0 F9000 X25.929 Y75.428
G1 F3000 X80.972 Y60.679 E2217.8619
G1 X80.925 Y60.678
G1 X77.416 Y73.776 E2218.31291
G0 F9000 X77.416 Y73.559
G0 X78.458 Y73.559
G0 X78.458 Y73.776
G1 F3000 X85.328 Y71.935 E2218.54947
G0 F9000 X84.992 Y72.479
G1 F3000 X73.192 Y60.679 E2219.1045
G0 F9000 X72.643 Y60.679
G1 F3000 X69.818 Y71.22 E2219.46747
G0 F9000 X69.751 Y71.009
G0 X69.325 Y71.212
G0 X68.928 Y71.762
G0 X68.815 Y72.155
G0 X69.034 Y72.16
G1 F3000 X66.608 Y72.81 E2219.551
G0 F9000 X66.725 Y72.626
G0 X65.511 Y71.982
G0 X65.419 Y72.182
G1 F3000 X68.502 Y60.679 E2219.9471
G0 F9000 X67.535 Y60.679
G1 F3000 X80.629 Y73.773 E2220.563
G0 F9000 X81.558 Y73.773
G1 F3000 X85.066 Y60.679 E2221.01387
G0 F9000 X84.506 Y60.679
G1 F3000 X94.98 Y71.154 E2221.50656
G0 F9000 X94.682 Y71.155
G1 F3000 X97.49 Y60.678 E2221.86732
G0 F9000 X97.49 Y60.9
G0 X96.426 Y60.9
G0 X96.426 Y60.679
G1 F3000 X58.261 Y70.905 E2223.18147
G0 F9000 X57.48 Y70.904
G1 F3000 X60.22 Y60.678 E2223.53359
G0 F9000 X60.22 Y60.9
G0 X61.878 Y60.9
G0 X61.878 Y60.679
G1 F3000 X72.395 Y71.196 E2224.02827
G1 X72.554 Y71.217
G1 X111.882 Y60.679 E2225.38247
G0 F9000 X112.791 Y60.68
G1 F3000 X125.732 Y73.621 E2225.99118
G1 X125.786 Y73.518
G1 X120.796 Y74.855 E2226.163
G0 F9000 X120.795 Y74.34
G1 F3000 X123.765 Y77.311 E2226.30272
G0 F9000 X123.573 Y77.209
G0 X123.024 Y78.246
G0 X123.215 Y78.348
G1 F3000 X120.796 Y78.996 E2226.38602
G0 F9000 X121.016 Y78.996
G0 X121.016 Y79.998
G0 X120.795 Y79.998
G1 F3000 X121.788 Y80.991 E2226.43272
G0 F9000 X121.598 Y80.886
G0 X121.016 Y81.881
G0 X120.796 Y81.881
G1 F3000 X126.477 Y60.679 E2227.16278
G0 F9000 X127.336 Y60.679
G1 F3000 X88.235 Y71.156 E2228.50916
G0 F9000 X88.235 Y70.934
G0 X89.324 Y70.934
G0 X89.324 Y71.154
G1 F3000 X78.849 Y60.679 E2229.00187
G0 F9000 X78.849 Y60.9
G0 X76.784 Y60.9
G0 X76.784 Y60.678
G1 F3000 X73.732 Y72.07 E2229.39413
G0 F9000 X73.929 Y71.973
G0 X74.385 Y72.89
G0 X74.187 Y72.988
G1 F3000 X74.956 Y73.756 E2229.43028
G0 F9000 X74.968 Y73.539
G0 X73.83 Y71.908
G0 X73.494 Y71.523
G0 X73.114 Y71.25
G0 X72.61 Y71.059
G0 X72.07 Y70.995
G0 X69.956 Y71.007
G0 X69.325 Y71.212
G0 X68.884 Y71.823
G0 X68.87 Y72.44
G0 X70.421 Y75.97
G0 X70.62 Y75.876
G1 F3000 X67.556 Y76.697 E2229.53579
G0 F9000 X67.776 Y76.679
G0 X67.837 Y77.73
G0 X67.615 Y77.73
G1 F3000 X75.06 Y85.174 E2229.88595
G0 F9000 X74.86 Y85.269
G0 X74.414 Y84.333
G0 X74.612 Y84.239
G1 F3000 X54.494 Y159.319 E2232.47122
G0 F9000 X54.494 Y159.1
G0 X53.037 Y159.1
G0 X53.037 Y159.318
G1 F3000 X25.93 Y132.211 E2233.74625
G0 F9000 X26.15 Y132.211
G0 X26.15 Y133.403
G0 X25.93 Y133.403
G1 F3000 X158.089 Y97.991 E2238.29694
G0 F9000 X157.952 Y97.761
G1 F3000 X141.458 Y159.319 E2240.41658
G0 F9000 X141.458 Y159.1
G0 X143.548 Y159.1
G0 X143.548 Y159.319
G1 F3000 X66.612 Y82.383 E2244.03542
G0 F9000 X66.871 Y82.219
G1 F3000 X65.862 Y85.987 E2244.16516
G0 F9000 X65.436 Y85.547
G1 F3000 X74.125 Y83.219 E2244.46435
G0 F9000 X73.927 Y83.313
G0 X75.68 Y86.984
G0 X75.878 Y86.89
G1 F3000 X65.346 Y89.713 E2244.82701
G0 F9000 X64.806 Y89.928
G1 F3000 X46.212 Y159.32 E2247.21642
G0 F9000 X46.212 Y159.1
G0 X47.381 Y159.1
G0 X47.381 Y159.318
G1 F3000 X25.93 Y137.868 E2248.22538
G0 F9000 X25.93 Y137.544
G1 F3000 X160.147 Y101.58 E2252.84694
G0 F9000 X159.958 Y101.69
G0 X160.59 Y102.774
G0 X160.78 Y102.664
G1 F3000 X145.598 Y159.32 E2254.79781
G1 X145.576 Y159.319
G1 X194.069 Y146.325 E2256.46759
G0 F9000 X193.85 Y146.325
G0 X193.85 Y147.614
G0 X194.068 Y147.614
G1 F3000 X137.424 Y90.97 E2259.13195
G0 F9000 X137.444 Y91.189
G0 X134.924 Y91.122
G0 X134.943 Y90.902
G1 F3000 X116.611 Y159.319 E2261.48778
G0 F9000 X116.611 Y159.1
G0 X115.264 Y159.1
G0 X115.264 Y159.319
G1 F3000 X25.93 Y69.985 E2265.68978
G0 F9000 X26.15 Y69.985
G0 X26.15 Y71.286
G0 X25.929 Y71.286
G1 F3000 X65.517 Y60.679 E2267.05292
G0 F9000 X65.517 Y60.9
G0 X64.361 Y60.9
G0 X64.361 Y60.679
G1 F3000 X61.542 Y71.197 E2267.4151
G0 F9000 X60.999 Y71.114
G1 F3000 X50.565 Y60.679 E2267.90591
G0 F9000 X50.062 Y60.679
G1 F3000 X25.93 Y67.145 E2268.73685
G0 F9000 X26.15 Y67.145
G0 X26.15 Y65.014
G0 X25.929 Y65.014
G1 F3000 X27.091 Y60.679 E2268.88613
G0 F9000 X27.937 Y60.679
G1 F3000 X45.687 Y78.429 E2269.72103
G1 X45.689 Y78.415
G1 X25.93 Y83.71 E2270.40141
G0 F9000 X26.15 Y83.71
G0 X26.15 Y81.299
G0 X25.93 Y81.299
G1 F3000 X103.949 Y159.318 E2274.07118
G0 F9000 X104.187 Y159.32
G1 F3000 X123.246 Y88.194 E2276.5203
G1 X123.276 Y88.136
G1 X189.596 Y154.456 E2279.63979
G0 F9000 X189.451 Y154.291
G0 X188.894 Y155.027
G0 X188.598 Y156.04
G0 X188.816 Y156.015
G1 F3000 X176.485 Y159.319 E2280.06439
G0 F9000 X176.485 Y159.1
G0 X177.489 Y159.1
G0 X177.489 Y159.319
G1 F3000 X108.516 Y90.347 E2283.30864
G0 F9000 X108.591 Y90.555
G0 X109.426 Y90.199
G0 X110.636 Y89.526
G0 X110.515 Y89.34
G1 F3000 X91.764 Y159.32 E2285.71829
G0 F9000 X92.635 Y159.318
G1 F3000 X25.93 Y92.613 E2288.85589
G0 F9000 X25.929 Y91.992
G1 F3000 X27.98 Y91.442 E2288.92652
G0 F9000 X27.835 Y91.606
G0 X27.178 Y90.575
G0 X27.383 Y90.498
G1 F3000 X25.929 Y95.923 E2289.11332
G0 F9000 X25.93 Y96.133
G1 F3000 X50.169 Y89.638 E2289.94796
G0 F9000 X50.071 Y89.833
G0 X48.489 Y88.69
G0 X48.62 Y88.514
G1 F3000 X30.829 Y154.91 E2292.2342
G0 F9000 X31.012 Y154.785
G0 X31.285 Y155.499
G0 X31.346 Y156
G0 X31.142 Y157.026
G0 X30.961 Y156.901
G1 F3000 X194.069 Y113.197 E2297.85056
G0 F9000 X194.068 Y113.673
G1 F3000 X165.421 Y85.026 E2299.19803
G1 X165.538 Y84.903
G1 X162.92 Y94.674 E2299.53448
G0 F9000 X163.768 Y94.687
G1 F3000 X159.721 Y90.639 E2299.72486
G1 X159.886 Y90.543
G1 X158.754 Y94.768 E2299.87034
G0 F9000 X158.319 Y94.895
G1 F3000 X149.576 Y86.151 E2300.28161
G0 F9000 X149.797 Y86.152
G0 X149.796 Y87.85
G0 X149.576 Y87.849
G1 F3000 X155.074 Y86.375 E2300.47093
G0 F9000 X155.075 Y85.994
G1 F3000 X149.578 Y80.497 E2300.72949
G0 F9000 X149.58 Y79.565
G1 F3000 X154.992 Y78.115 E2300.91584
G0 F9000 X154.992 Y77.898
G1 F3000 X133.175 Y159.32 E2303.71948
G0 F9000 X132.234 Y159.319
G1 F3000 X63.355 Y90.44 E2306.95934
G0 F9000 X63.408 Y90.657
G0 X60.51 Y91.236
G0 X60.482 Y91.016
G1 F3000 X25.93 Y100.274 E2308.14908
G0 F9000 X26.15 Y100.274
G0 X26.15 Y98.27
G0 X25.93 Y98.27
G1 F3000 X86.979 Y159.318 E2311.02062
G0 F9000 X87.623 Y159.32
G1 F3000 X105.97 Y90.848 E2313.37834
G0 F9000 X105.979 Y91.073
G0 X103.476 Y91.176
G0 X103.468 Y90.955
G1 F3000 X171.832 Y159.319 E2316.59397
G0 F9000 X171.832 Y159.1
G0 X170.445 Y159.1
G0 X170.445 Y159.32
G1 F3000 X188.885 Y90.5 E2318.96368
G0 F9000 X188.848 Y89.749
G1 F3000 X170.613 Y94.635 E2319.59157
G0 F9000 X171.218 Y94.617
G1 F3000 X172.218 Y90.884 E2319.72011
G0 F9000 X172.179 Y91.106
G0 X171.605 Y90.788
G0 X171.185 Y90.42
G0 X171.365 Y90.292
G1 F3000 X25.931 Y129.262 E2324.72791
G0 F9000 X26.15 Y129.262
G0 X26.15 Y126.833
G0 X25.929 Y126.833
G1 F3000 X43.655 Y60.679 E2327.00582
G0 F9000 X43.655 Y60.9
G0 X44.908 Y60.9
G0 X44.908 Y60.679
G1 F3000 X55.246 Y71.017 E2327.49209
G0 F9000 X55.217 Y70.797
G0 X53.132 Y71.204
G0 X53.201 Y71.416
G1 F3000 X56.078 Y60.678 E2327.86183
G1 X56.222 Y60.679
G1 X69.892 Y74.35 E2328.50485
G0 F9000 X69.692 Y74.445
G0 X69.108 Y73.221
G0 X69.307 Y73.127
G1 F3000 X67.551 Y79.683 E2328.73059
G0 F9000 X67.767 Y79.697
G0 X67.748 Y80.857
G0 X67.529 Y80.845
G1 F3000 X72.373 Y79.547 E2328.89739
G0 F9000 X71.96 Y78.683
G1 F3000 X50.353 Y159.32 E2331.674
G0 F9000 X50.353 Y159.1
G0 X52.847 Y159.1
G0 X52.847 Y159.319
G1 F3000 X194.068 Y121.479 E2336.53672
G0 F9000 X193.85 Y121.479
G0 X193.85 Y119.33
G0 X194.068 Y119.33
G1 F3000 X172.627 Y97.889 E2337.54524
G0 F9000 X172.396 Y98.298
G1 F3000 X194.069 Y92.491 E2338.29151
G0 F9000 X193.85 Y92.491
G0 X193.85 Y91.046
G0 X194.068 Y91.046
G1 F3000 X192.637 Y89.614 E2338.35885
G0 F9000 X192.275 Y88.831
G1 F3000 X194.069 Y88.35 E2338.42062
G0 F9000 X193.85 Y88.35
G0 X193.85 Y86.609
G0 X194.069 Y86.609
G1 F3000 X174.586 Y159.32 E2340.92431
G0 F9000 X174.586 Y159.1
G0 X178.727 Y159.1
G0 X178.727 Y159.319
G1 F3000 X194.069 Y102.063 E2342.89584
G0 F9000 X194.068 Y102.36
G1 F3000 X175.824 Y84.115 E2343.754
G0 F9000 X175.871 Y84.944
G1 F3000 X194.068 Y80.068 E2344.38059
G0 F9000 X194.068 Y79.732
G1 F3000 X175.016 Y60.68 E2345.27674
G0 F9000 X175.016 Y60.9
G0 X176.171 Y60.9
G0 X176.171 Y60.678
G1 F3000 X173.363 Y71.158 E2345.6376
G0 F9000 X174.18 Y71.158
G1 F3000 X163.702 Y60.68 E2346.13045
G1 X163.747 Y60.678
G1 X159.823 Y75.323 E2346.63473
G0 F9000 X160.043 Y75.323
G0 X160.043 Y76.82
G0 X159.824 Y76.82
G1 F3000 X168.382 Y74.527 E2346.92941
G1 X168.293 Y74.622
G1 X172.029 Y60.679 E2347.40951
G0 F9000 X172.029 Y60.9
G0 X173.7 Y60.9
G0 X173.7 Y60.679
G1 F3000 X128.826 Y72.703 E2348.95468
G0 F9000 X129.02 Y72.601
G0 X128.55 Y71.954
G0 X128.127 Y71.637
G0 X127.705 Y71.453
G0 X127.673 Y71.67
G1 F3000 X130.618 Y60.679 E2349.33313
G0 F9000 X129.761 Y60.68
G1 F3000 X144.494 Y75.412 E2350.02611
G0 F9000 X144.273 Y75.412
G0 X144.273 Y76.787
G0 X144.493 Y76.787
G1 F3000 X139.155 Y78.218 E2350.20992
G0 F9000 X139.378 Y78.219
G0 X139.378 Y75.731
G0 X139.155 Y75.73
G1 F3000 X144.493 Y81.069 E2350.46102
G1 X144.493 Y80.928
G1 X139.155 Y82.359 E2350.64484
G0 F9000 X139.154 Y81.386
G1 F3000 X144.493 Y86.725 E2350.89597
G0 F9000 X144.492 Y86.175
G1 F3000 X124.893 Y159.32 E2353.4146
G0 F9000 X124.893 Y159.1
G0 X126.577 Y159.1
G0 X126.577 Y159.319
G1 F3000 X58.513 Y91.254 E2356.61614
G0 F9000 X58.527 Y91.475
G0 X60.398 Y91.251
G0 X60.369 Y91.03
G1 F3000 X42.071 Y159.32 E2358.9676
G0 F9000 X41.724 Y159.318
G1 F3000 X25.93 Y143.524 E2359.7105
G0 F9000 X26.15 Y143.524
G0 X26.15 Y142.288
G0 X25.929 Y142.288
G1 F3000 X47.796 Y60.679 E2362.52058
G0 F9000 X47.796 Y60.9
G0 X51.937 Y60.9
G0 X51.937 Y60.679
G1 F3000 X48.426 Y73.782 E2362.97176
G0 F9000 X48.848 Y73.428
G1 F3000 X25.93 Y79.568 E2363.7609
G0 F9000 X25.929 Y80.468
G1 F3000 X31.232 Y60.679 E2364.44231
G0 F9000 X31.232 Y60.9
G0 X33.594 Y60.9
G0 X33.594 Y60.679
G1 F3000 X47.562 Y74.647 E2365.09932
G0 F9000 X47.388 Y74.509
G0 X47.771 Y74.121
G0 X48.983 Y73.107
G0 X50.717 Y72.056
G0 X50.821 Y72.249
G1 F3000 X39.251 Y60.679 E2365.64353
G0 F9000 X39.514 Y60.678
G1 F3000 X25.929 Y111.378 E2367.38931
G0 F9000 X26.15 Y111.378
G0 X26.15 Y112.697
G0 X25.93 Y112.697
G1 F3000 X116.214 Y88.506 E2370.49809
G0 F9000 X115.994 Y88.506
G0 X115.994 Y86.73
G0 X116.213 Y86.73
G1 F3000 X112.101 Y82.618 E2370.69151
G0 F9000 X112.212 Y83.007
G1 F3000 X118.195 Y60.678 E2371.46037
G0 F9000 X118.448 Y60.68
G1 F3000 X134.247 Y76.479 E2372.20351
G0 F9000 X134.028 Y76.479
G0 X134.028 Y75.392
G0 X134.247 Y75.392
G1 F3000 X130.768 Y76.324 E2372.3233
G0 F9000 X130.634 Y76.075
G1 F3000 X134.759 Y60.679 E2372.85343
G0 F9000 X135.418 Y60.68
G1 F3000 X145.899 Y71.161 E2373.34643
G0 F9000 X145.887 Y70.941
G0 X145.283 Y71.039
G0 X144.659 Y71.47
G0 X144.445 Y71.884
G0 X144.273 Y72.646
G0 X144.493 Y72.646
G1 F3000 X139.157 Y74.076 E2373.53017
G0 F9000 X139.378 Y74.077
G0 X139.378 Y75.181
G0 X139.156 Y75.18
G1 F3000 X143.042 Y60.678 E2374.02952
G0 F9000 X142.791 Y60.679
G1 F3000 X97.76 Y72.745 E2375.58009
G0 F9000 X97.981 Y72.726
G0 X97.983 Y73.935
G0 X97.762 Y73.935
G1 F3000 X102.202 Y78.375 E2375.78894
G0 F9000 X102.083 Y78.194
G0 X100.943 Y78.48
G0 X100.943 Y78.7
G1 F3000 X105.772 Y60.679 E2376.40947
G0 F9000 X105.772 Y60.9
G0 X107.133 Y60.9
G0 X107.133 Y60.679
G1 F3000 X117.616 Y71.162 E2376.90255
G0 F9000 X117.592 Y70.945
G0 X116.816 Y71.188
G0 X116.57 Y71.387
G0 X116.183 Y71.796
G0 X116.38 Y71.897
G1 F3000 X111.972 Y73.078 E2377.05433
G0 F9000 X112.154 Y73.203
G0 X112.529 Y72.282
G0 X112.503 Y71.788
G0 X112.123 Y71.189
G0 X111.248 Y70.935
G0 X111.247 Y71.154
G1 F3000 X114.054 Y60.679 E2377.41503
G0 F9000 X114.054 Y60.9
G0 X109.913 Y60.9
G0 X109.913 Y60.679
G1 F3000 X106.897 Y71.935 E2377.80261
G1 X106.985 Y71.845
G1 X95.82 Y60.679 E2378.3278
G0 F9000 X95.82 Y60.9
G0 X93.348 Y60.9
G0 X93.348 Y60.679
G1 F3000 X90.454 Y71.481 E2378.69975
G0 F9000 X90.642 Y71.349
G0 X90.889 Y71.794
G0 X90.912 Y72.607
G0 X90.704 Y72.535
G1 F3000 X92.682 Y74.512 E2378.79276
G0 F9000 X92.682 Y74.106
G1 F3000 X89.545 Y74.946 E2378.90078
G1 X89.504 Y75.027
G1 X66.918 Y159.32 E2381.80327
G0 F9000 X66.918 Y159.1
G0 X68.303 Y159.1
G0 X68.303 Y159.319
G1 F3000 X194.069 Y125.62 E2386.13382
G0 F9000 X194.068 Y124.987
G1 F3000 X170.566 Y101.484 E2387.23931
G0 F9000 X170.757 Y101.595
G0 X169.766 Y103.306
G0 X169.576 Y103.195
G1 F3000 X194.069 Y96.632 E2388.08269
G1 X194.068 Y96.703
G1 X175.824 Y78.459 E2388.94083
G0 F9000 X176.045 Y78.459
G0 X176.047 Y77.424
G0 X175.829 Y77.407
G1 F3000 X180.312 Y60.678 E2389.51687
G0 F9000 X180.673 Y60.68
G1 F3000 X194.068 Y74.075 E2390.14693
G0 F9000 X193.85 Y74.075
G0 X193.85 Y75.927
G0 X194.069 Y75.927
G1 F3000 X175.909 Y80.793 E2390.77224
G0 F9000 X176.129 Y80.793
G0 X176.103 Y76.675
G0 X175.884 Y76.658
G1 F3000 X194.069 Y71.786 E2391.39841
G0 F9000 X194.069 Y71.154
G1 F3000 X189.382 Y88.647 E2392.00075
G0 F9000 X189.236 Y88.481
G0 X190.007 Y88.04
G0 X190.286 Y87.972
G0 X191.191 Y87.904
G0 X191.139 Y88.116
G1 F3000 X175.837 Y72.815 E2392.72049
G0 F9000 X175.813 Y72.536
G1 F3000 X194.069 Y67.645 E2393.3491
G0 F9000 X194.068 Y68.418
G1 F3000 X186.33 Y60.68 E2393.71307
G0 F9000 X186.33 Y60.9
G0 X184.453 Y60.9
G0 X184.453 Y60.678
G1 F3000 X158.022 Y159.319 E2397.10962
G0 F9000 X158.022 Y159.1
G0 X160.518 Y159.1
G0 X160.518 Y159.319
G1 F3000 X85.021 Y83.822 E2400.66077
G0 F9000 X84.658 Y84.538
G1 F3000 X92.678 Y82.389 E2400.93692
G0 F9000 X92.459 Y82.388
G0 X92.46 Y80.167
G0 X92.681 Y80.168
G1 F3000 X88.84 Y76.327 E2401.11759
G0 F9000 X89.04 Y76.429
G0 X87.293 Y79.84
G0 X87.101 Y79.742
G1 F3000 X92.68 Y78.247 E2401.3097
G0 F9000 X92.681 Y78.625
G1 F3000 X71.059 Y159.32 E2404.0883
G0 F9000 X71.059 Y159.1
G0 X70.008 Y159.1
G0 X70.008 Y159.318
G1 F3000 X25.93 Y115.24 E2406.16159
G0 F9000 X26.15 Y115.24
G0 X26.15 Y116.838
G0 X25.93 Y116.838
G1 F3000 X132.242 Y88.352 E2409.82228
G0 F9000 X132.049 Y88.46
G0 X131.537 Y87.551
G0 X131.729 Y87.443
G1 F3000 X112.47 Y159.32 E2412.29725
G0 F9000 X112.47 Y159.1
G0 X114.667 Y159.1
G0 X114.667 Y159.319
G1 F3000 X194.069 Y138.043 E2415.03133
G0 F9000 X193.85 Y138.043
G0 X193.85 Y136.301
G0 X194.068 Y136.301
G1 F3000 X166.24 Y108.472 E2416.3403
G0 F9000 X166.665 Y108.116
G1 F3000 X194.068 Y100.774 E2417.28387
G0 F9000 X193.85 Y100.774
G0 X193.85 Y104.914
G0 X194.069 Y104.914
G1 F3000 X25.931 Y149.967 E2423.07345
G0 F9000 X25.93 Y149.181
G1 F3000 X36.067 Y159.318 E2423.55026
G0 F9000 X36.067 Y159.1
G0 X37.393 Y159.1
G0 X37.393 Y159.319
G1 F3000 X194.069 Y117.338 E2428.94515
G1 X194.069 Y117.519
G1 X182.869 Y159.319 E2430.38446
G0 F9000 X183.146 Y159.319
G1 F3000 X111.739 Y87.913 E2433.74321
G0 F9000 X111.931 Y88.022
G0 X112.163 Y87.487
G0 X112.349 Y86.854
G0 X112.67 Y85.4
G0 X112.451 Y85.373
G1 F3000 X116.213 Y84.365 E2433.87274
G0 F9000 X116.213 Y83.529
G1 F3000 X95.905 Y159.319 E2436.48246
G0 F9000 X95.905 Y159.1
G0 X98.292 Y159.1
G0 X98.292 Y159.318
G1 F3000 X30.463 Y91.489 E2439.67292
G0 F9000 X30.609 Y91.656
G0 X31.276 Y90.694
G0 X31.069 Y90.615
G1 F3000 X46.913 Y86.369 E2440.21849
G0 F9000 X46.721 Y86.477
G0 X45.829 Y84.513
G0 X46.038 Y84.437
G1 F3000 X25.93 Y64.329 E2441.16431
G0 F9000 X26.15 Y64.329
G0 X26.15 Y63.004
G0 X25.93 Y63.004
G1 F3000 X34.608 Y60.679 E2441.46312
G0 F9000 X35.373 Y60.678
G1 F3000 X27.879 Y88.647 E2442.42619
G1 X27.756 Y88.782
G1 X25.93 Y86.956 E2442.51208
G0 F9000 X25.93 Y87.851
G1 F3000 X45.606 Y82.578 E2443.1896
G0 F9000 X45.388 Y82.609
G0 X45.548 Y83.731
G0 X45.769 Y83.7
G1 F3000 X25.929 Y157.743 E2445.73915
G0 F9000 X25.93 Y158.249
G1 F3000 X28.229 Y157.633 E2445.81832
G0 F9000 X29.011 Y157.92
G1 F3000 X30.41 Y159.318 E2445.8841
G0 F9000 X29.648 Y159.32
G1 F3000 X30.071 Y157.738 E2445.93856
G0 F9000 X30.173 Y157.933
G0 X29.502 Y158.08
G0 X28.998 Y158.08
G0 X28.507 Y157.96
G0 X28.061 Y157.724
G0 X27.682 Y157.389
G0 X27.449 Y157.052
G0 X27.127 Y156.282
G0 X27.349 Y156.257
G1 F3000 X25.93 Y154.838 E2446.00531
G0 F9000 X25.93 Y154.108
G1 F3000 X194.069 Y109.056 E2451.7949
G0 F9000 X193.85 Y109.056
G0 X193.85 Y108.016
G0 X194.068 Y108.016
G1 F3000 X175.78 Y89.728 E2452.65511
G0 F9000 X175.819 Y89.099
G1 F3000 X194.069 Y84.209 E2453.28352
G0 F9000 X193.85 Y84.209
G0 X193.85 Y85.389
G0 X194.068 Y85.389
G1 F3000 X169.359 Y60.68 E2454.44576
G0 F9000 X169.359 Y60.9
G0 X167.888 Y60.9
G0 X167.888 Y60.679
G1 F3000 X162.55 Y80.603 E2455.13181
G0 F9000 X163.03 Y80.103
G1 F3000 X159.825 Y80.961 E2455.24216
G0 F9000 X160.043 Y80.961
G0 X160.043 Y79.428
G0 X159.823 Y79.428
G1 F3000 X161.789 Y81.394 E2455.33463
G0 F9000 X161.634 Y81.24
G0 X164.404 Y78.357
G0 X164.561 Y78.509
G1 F3000 X159.823 Y73.771 E2455.55749
G0 F9000 X160.043 Y73.771
G0 X160.043 Y72.68
G0 X159.823 Y72.68
G1 F3000 X194.069 Y63.503 E2456.73671
G0 F9000 X194.068 Y62.762
G1 F3000 X191.987 Y60.68 E2456.83462
G0 F9000 X192.735 Y60.679
G1 F3000 X166.304 Y159.32 E2460.23116
G1 X166.175 Y159.319
G1 X97.826 Y90.97 E2463.44609
G1 X97.655 Y90.969
G1 X79.341 Y159.319 E2465.79961
G0 F9000 X79.341 Y159.1
G0 X81.322 Y159.1
G0 X81.322 Y159.318
G1 F3000 X25.93 Y103.927 E2468.40506
G0 F9000 X25.93 Y104.415
G1 F3000 X77.891 Y90.492 E2470.19426
G0 F9000 X77.271 Y89.771
G1 F3000 X58.635 Y159.319 E2472.58904
G1 X58.694 Y159.318
G1 X25.93 Y126.554 E2474.13016
G0 F9000 X26.15 Y126.554
G0 X26.15 Y125.121
G0 X25.93 Y125.121
G1 F3000 X155.329 Y90.448 E2478.58581
G0 F9000 X155.689 Y90.752
G1 F3000 X137.316 Y159.319 E2480.94681
G0 F9000 X137.891 Y159.319
G1 F3000 X66.74 Y88.169 E2484.29352
G0 F9000 X66.963 Y88.167
G0 X66.768 Y87.334
G0 X66.254 Y86.265
G0 X65.896 Y85.753
G0 X65.492 Y85.386
G0 X64.924 Y85.121
G0 X63.88 Y85.186
G0 X63.959 Y85.387
G1 F3000 X61.074 Y82.502 E2484.42922
G0 F9000 X61.349 Y82.501
G1 F3000 X52.166 Y84.962 E2484.74542
G0 F9000 X51.82 Y84.562
G1 F3000 X52.893 Y85.634 E2484.79587
G0 F9000 X53.427 Y86.027
G1 F3000 X56.353 Y75.11 E2485.17179
G0 F9000 X56.373 Y75.33
G0 X58.233 Y75.274
G0 X58.233 Y75.054
G1 F3000 X52.83 Y76.502 E2485.35783
G0 F9000 X52.953 Y76.683
G0 X54.346 Y75.892
G0 X54.26 Y75.688
G1 F3000 X57.515 Y78.943 E2485.51094
G0 F9000 X56.895 Y79.554
G1 F3000 X50.676 Y81.22 E2485.72508
G0 F9000 X50.688 Y80.797
G1 F3000 X51.386 Y78.19 E2485.81484
G0 F9000 X51.29 Y78.375
G1 F3000 X59.693 Y86.778 E2486.21009
G0 F9000 X59.652 Y86.566
G0 X61.575 Y86.082
G0 X61.639 Y86.29
G1 F3000 X62.655 Y82.499 E2486.34063
G0 F9000 X62.655 Y82.723
G0 X57.91 Y82.641
G0 X57.228 Y82.482
G0 X56.767 Y81.965
G0 X56.606 Y81.553
G0 X56.53 Y80.407
G0 X56.585 Y79.866
G0 X56.838 Y79.284
G0 X57.367 Y78.811
G0 X57.884 Y78.662
G0 X62.684 Y78.455
G0 X62.839 Y78.61
G1 F3000 X59.381 Y75.152 E2486.50328
G0 F9000 X59.354 Y75.369
G0 X60.391 Y75.531
G0 X60.438 Y75.317
G1 F3000 X59.511 Y78.777 E2486.62242
G0 F9000 X59.8 Y78.775
G1 F3000 X62.956 Y77.929 E2486.7311
G0 F9000 X62.74 Y77.921
G0 X58.005 Y78.626
G0 X57.367 Y78.811
G0 X56.838 Y79.284
G0 X56.585 Y79.866
G0 X56.534 Y80.856
G0 X56.606 Y81.553
G0 X56.767 Y81.965
G0 X57.228 Y82.482
G0 X58.513 Y82.725
G0 X58.513 Y82.503
G1 F3000 X57.34 Y86.882 E2486.88188
G0 F9000 X57.343 Y86.663
G0 X64.205 Y85.122
G0 X64.924 Y85.121
G0 X65.492 Y85.386
G0 X65.896 Y85.753
G0 X66.254 Y86.265
G0 X66.768 Y87.334
G0 X66.896 Y87.791
G0 X66.904 Y88.37
G0 X66.612 Y89.022
G0 X66.295 Y89.36
G0 X65.902 Y89.631
G0 X65.23 Y89.943
G0 X63.516 Y90.567
G0 X61.733 Y91.012
G0 X59.181 Y91.35
G0 X56.159 Y91.512
G0 X56.159 Y91.289
G1 F3000 X37.93 Y159.319 E2489.22439
G0 F9000 X37.93 Y159.1
G0 X33.789 Y159.1
G0 X33.789 Y159.32
G1 F3000 X52.216 Y90.549 E2491.59241
G1 X52.12 Y90.518
G1 X120.92 Y159.319 E2494.82857
G1 X120.752 Y159.319
G1 X147.183 Y60.679 E2498.22509
G0 F9000 X146.732 Y60.68
G1 F3000 X157.207 Y71.155 E2498.7178
G0 F9000 X156.799 Y71.156
G1 F3000 X159.606 Y60.678 E2499.07859
G0 F9000 X159.606 Y60.9
G0 X158.246 Y60.9
G0 X158.246 Y60.679
G1 F3000 X119.146 Y71.156 E2500.42494
G0 F9000 X119.527 Y71.162
G1 F3000 X122.336 Y60.678 E2500.78594
G0 F9000 X122.336 Y60.9
G0 X124.105 Y60.9
G0 X124.105 Y60.68
G1 F3000 X134.851 Y71.426 E2501.2914
G0 F9000 X134.719 Y71.25
G0 X136.077 Y70.93
G0 X136.095 Y71.148
G1 F3000 X138.901 Y60.678 E2501.65192
G0 F9000 X138.901 Y60.9
G0 X141.075 Y60.9
G0 X141.075 Y60.68
G1 F3000 X155.035 Y74.64 E2502.30855
G0 F9000 X155.018 Y73.967
G1 F3000 X149.582 Y75.424 E2502.49574
G0 F9000 X149.581 Y74.843
G1 F3000 X155.075 Y80.337 E2502.75416
G0 F9000 X154.856 Y80.337
G0 X154.81 Y82.23
G0 X155.026 Y82.247
G1 F3000 X149.578 Y83.707 E2502.94175
G0 F9000 X149.798 Y83.708
G0 X149.798 Y82.649
G0 X149.578 Y82.648
G1 F3000 X155.465 Y60.679 E2503.69823
G0 F9000 X155.465 Y60.9
G0 X158.046 Y60.9
G0 X158.046 Y60.68
G1 F3000 X170.103 Y72.737 E2504.26535
G0 F9000 X169.941 Y72.592
G0 X167.174 Y75.471
G0 X167.332 Y75.623
G1 F3000 X152.389 Y60.68 E2504.96822
G0 F9000 X152.389 Y60.9
G0 X151.324 Y60.9
G0 X151.324 Y60.679
G1 F3000 X148.503 Y71.207 E2505.33074
G0 F9000 X149.026 Y71.431
G1 F3000 X189.155 Y60.679 E2506.71251
G0 F9000 X188.594 Y60.679
G1 F3000 X162.163 Y159.319 E2510.10903
G0 F9000 X162.163 Y159.1
G0 X161.03 Y159.1
G0 X161.03 Y159.319
G1 F3000 X194.069 Y150.467 E2511.24667
G0 F9000 X193.85 Y150.467
G0 X193.85 Y148.428
G0 X194.069 Y148.428
G1 F3000 X192.332 Y154.909 E2511.46984
G0 F9000 X192.513 Y154.786
G0 X192.785 Y155.499
G0 X192.846 Y156
G0 X192.785 Y156.501
G0 X192.606 Y156.973
G0 X192.318 Y157.389
G0 X191.939 Y157.724
G0 X188.803 Y159.1
G0 X188.803 Y159.319
G1 F3000 X120.426 Y90.943 E2514.68606
G0 F9000 X120.446 Y91.164
G0 X118.351 Y91.181
G0 X118.363 Y90.962
G1 F3000 X100.047 Y159.319 E2517.03982
G0 F9000 X99.212 Y159.319
G1 F3000 X194.069 Y133.902 E2520.30607
G0 F9000 X194.069 Y132.973
G1 F3000 X187.01 Y159.32 E2521.21328
G0 F9000 X187.01 Y159.1
G0 X193.85 Y142.185
G0 X194.068 Y142.185
G1 F3000 X130.121 Y159.319 E2523.41519
G0 F9000 X130.121 Y159.1
G0 X129.034 Y159.1
G0 X129.034 Y159.32
G1 F3000 X147.352 Y90.958 E2525.76914
G0 F9000 X147.347 Y91.181
G0 X148.682 Y91.065
G0 X148.621 Y90.854
G1 F3000 X161.268 Y103.5 E2526.36399
G0 F9000 X161.078 Y103.61
G0 X162.047 Y105.272
G0 X162.239 Y105.161
G1 F3000 X25.93 Y141.685 E2531.05758
G0 F9000 X26.15 Y141.685
G0 X26.15 Y145.826
G0 X25.931 Y145.826
G1 F3000 X164.717 Y108.638 E2535.83646
G0 F9000 X164.594 Y108.82
G0 X164.217 Y108.481
G0 X163.44 Y107.663
G0 X163.616 Y107.533
G1 F3000 X149.74 Y159.32 E2537.61966
G0 F9000 X149.205 Y159.319
G1 F3000 X80.708 Y90.822 E2540.84155
G0 F9000 X81.188 Y90.608
G1 F3000 X62.776 Y159.32 E2543.20754
G0 F9000 X62.776 Y159.1
G0 X64.351 Y159.1
G0 X64.351 Y159.318
G1 F3000 X25.93 Y120.897 E2545.01475
G1 X25.93 Y120.979
G1 X144.492 Y89.211 E2549.09724
G0 F9000 X144.273 Y89.211
G0 X144.273 Y85.07
G0 X144.492 Y85.07
G1 F3000 X139.155 Y86.5 E2549.28101
G0 F9000 X139.154 Y87.043
G1 F3000 X194.068 Y141.958 E2551.86402
G0 F9000 X193.85 Y141.958
G0 X193.85 Y130.644
G0 X194.068 Y130.644
G1 F3000 X168.492 Y105.067 E2553.06706
G0 F9000 X168.353 Y105.307
G1 F3000 X153.881 Y159.32 E2554.92691
G0 F9000 X154.862 Y159.319
G1 F3000 X83.112 Y87.57 E2558.30178
G0 F9000 X83.305 Y87.668
G0 X82.409 Y89.434
G0 X82.214 Y89.334
G1 F3000 X92.677 Y86.53 E2558.66206
G0 F9000 X92.679 Y85.822
G1 F3000 X86.931 Y80.074 E2558.93243
G0 F9000 X87.123 Y80.172
G0 X90.707 Y73.015
G0 X90.905 Y72.445
G0 X90.916 Y71.843
G0 X90.487 Y71.236
G0 X89.925 Y71.019
G0 X86.306 Y71.026
G0 X86.38 Y71.23
G1 F3000 X89.207 Y60.679 E2559.29574
G0 F9000 X90.163 Y60.679
G1 F3000 X104.618 Y75.135 E2559.97568
G1 X104.692 Y75.029
G1 X97.762 Y76.885 E2560.2143
G0 F9000 X97.983 Y76.885
G0 X97.983 Y75.115
G0 X97.762 Y75.115
G1 F3000 X101.631 Y60.678 E2560.71142
G1 X101.476 Y60.679
G1 X116.213 Y75.416 E2561.4046
G0 F9000 X116.213 Y76.083
G1 F3000 X108.448 Y78.163 E2561.67197
G0 F9000 X108.12 Y78.636
G1 F3000 X109.427 Y79.944 E2561.73347
G0 F9000 X108.951 Y79.724
G1 F3000 X109.93 Y76.071 E2561.85926
G0 F9000 X110.46 Y75.32
G1 F3000 X116.213 Y81.073 E2562.12986
G0 F9000 X116.213 Y80.224
G1 F3000 X111.499 Y81.487 E2562.29218
G0 F9000 X111.664 Y81.343
G0 X112.213 Y82.427
G0 X112.559 Y83.657
G0 X112.628 Y85.246
G0 X112.491 Y86.372
G0 X112.163 Y87.487
G0 X111.587 Y88.509
G0 X110.814 Y89.338
G0 X109.622 Y90.116
G0 X108.029 Y90.693
G0 X106.472 Y90.968
G0 X101.796 Y91.191
G0 X101.796 Y90.969
G1 F3000 X83.482 Y159.32 E2564.64573
G0 F9000 X83.757 Y159.319
G1 F3000 X194.069 Y129.761 E2568.44415
G1 F2700 E2563.44415
G0 F9000 X193.85 Y129.761
G0 X172.913 Y95.093
G0 X172.346 Y94.712
G0 X171.501 Y94.474
G0 X169.424 Y94.467
G0 X169.424 Y94.686
G1 F2700 E2568.44415
G1 F3000 X162.619 Y87.881 E2568.76424
G0 F9000 X162.778 Y88.034
G0 X161.985 Y88.86
G0 X161.826 Y88.707
G1 F3000 X171.069 Y86.231 E2569.0825
G0 F9000 X170.85 Y86.231
G0 X170.85 Y85.017
G0 X171.069 Y85.017
G1 F3000 X168.194 Y82.142 E2569.21773
G0 F9000 X168.347 Y82.29
G0 X167.419 Y83.258
G0 X167.265 Y83.109
G1 F3000 X171.068 Y82.09 E2569.34868
G0 F9000 X170.85 Y82.09
G0 X170.85 Y79.717
G0 X171.069 Y79.717
G1 F3000 X167.079 Y94.608 E2569.86143
G1 F2700 E2564.86143
G0 F9000 X167.079 Y94.387
G0 X145.564 Y91.081
G0 X144.875 Y90.745
G0 X139.315 Y84.037
G0 X139.318 Y72.459
G0 X139.188 Y71.87
G0 X138.787 Y71.327
G0 X138.232 Y71.049
G0 X136.326 Y70.969
G0 X135.364 Y71.054
G0 X134.863 Y71.217
G0 X134.397 Y71.57
G0 X134.142 Y72.139
G0 X134.105 Y82.096
G0 X134.247 Y82.136
G1 F2700 E2569.86143
G1 F3000 X133.559 Y81.448 E2569.89379
G0 F9000 X133.409 Y81.171
G1 F3000 X134.247 Y78.046 E2570.0014
G0 F9000 X134.028 Y78.046
G0 X134.028 Y79.533
G0 X134.247 Y79.533
G1 F3000 X132.736 Y79.938 E2570.05343
G1 F2700 E2565.05343
G0 F9000 X132.93 Y79.834
G0 X134.142 Y72.139
G0 X134.397 Y71.57
G0 X134.863 Y71.217
G0 X135.364 Y71.054
G0 X136.326 Y70.969
G0 X138.232 Y71.049
G0 X138.787 Y71.327
G0 X139.188 Y71.87
G0 X139.318 Y72.459
G0 X139.317 Y89.486
G0 X139.207 Y90.068
G0 X138.995 Y90.464
G0 X138.496 Y90.903
G0 X138.035 Y91.072
G0 X135.969 Y91.152
G0 X94.799 Y91.14
G0 X94.168 Y91.092
G0 X93.445 Y90.981
G0 X93.562 Y90.791
G1 F2700 E2570.05343
G1 F3000 X75.2 Y159.319 E2572.41309
G0 F9000 X75.665 Y159.318
G1 F3000 X25.93 Y109.583 E2574.75247
G0 F9000 X26.15 Y109.583
G0 X26.15 Y108.556
G0 X25.93 Y108.556
G1 F3000 X93.158 Y90.542 E2577.06736
G0 F9000 X92.74 Y90.848
G1 F2700 E2572.06736
;MESH:NONMESH
G0 F300 X92.74 Y90.848 Z1.4
G0 F9000 X83.534 Y86.111
G0 X82.584 Y85.63
G0 X80.714 Y84.685
G0 X79.782 Y84.132
G0 X79.364 Y83.996
G0 X79.369 Y84.471
;TIME_ELAPSED:8826.388669
;LAYER:6
;TYPE:WALL-INNER
;MESH:Box_Cover.stl
G1 F2700 E2577.06736
G1 F1500 X79.617 Y84.052 E2577.08356
G1 X80.063 Y83.012 E2577.12119
G1 X80.829 Y81.4 E2577.18055
G1 X82.003 Y78.763 E2577.27656
G1 X82.314 Y78.108 E2577.30068
G1 X82.459 Y77.705 E2577.31492
G1 X82.493 Y77.49 E2577.32216
G1 X82.327 Y77.397 E2577.32849
G1 X81.74 Y77.346 E2577.34809
G1 X77.021 Y77.345 E2577.50504
G1 X76.722 Y77.356 E2577.51499
G1 X76.259 Y77.416 E2577.53052
G1 X76.166 Y77.491 E2577.53449
G1 X76.824 Y79.057 E2577.59099
G1 X78.664 Y83.035 E2577.73677
G1 X79.019 Y83.858 E2577.76658
G1 X79.21 Y84.24 E2577.78078
G1 X79.369 Y84.471 E2577.79011
G0 F9000 X79.459 Y84.954
;TYPE:WALL-OUTER
G1 F1500 X79.651 Y84.781 E2577.79871
G1 X79.975 Y84.234 E2577.81985
G1 X80.425 Y83.184 E2577.85785
G1 X81.193 Y81.567 E2577.91739
G1 X82.365 Y78.935 E2578.01321
G1 X82.684 Y78.262 E2578.03799
G1 X82.848 Y77.806 E2578.0541
G1 X82.9 Y77.486 E2578.06489
G1 X82.82 Y77.24 E2578.07349
G1 X82.625 Y77.078 E2578.08192
G1 X82.413 Y77.003 E2578.0894
G1 X81.757 Y76.946 E2578.1113
G1 X77.007 Y76.945 E2578.26929
G1 X76.689 Y76.957 E2578.27987
G1 X76.309 Y77.007 E2578.29262
G1 X76.03 Y77.089 E2578.30229
G1 X75.813 Y77.259 E2578.31146
G1 X75.744 Y77.518 E2578.32038
G1 X76.461 Y79.225 E2578.38196
G1 X78.296 Y83.193 E2578.52736
G1 X78.66 Y84.036 E2578.5579
G1 X78.858 Y84.433 E2578.57266
G1 X79.067 Y84.74 E2578.58501
G1 X79.312 Y84.951 E2578.59576
G1 X79.459 Y84.954 E2578.60065
G0 F9000 X79.384 Y84.653
G0 X79.127 Y83.849
G0 X79.359 Y83.735
;TYPE:SKIN
G1 F1500 X78.993 Y82.885 E2578.63143
G1 X77.156 Y78.917 E2578.77687
G1 X76.656 Y77.722 E2578.81995
G1 X77.034 Y77.706 E2578.83254
G1 X81.733 Y77.706 E2578.98882
G1 X82.087 Y77.738 E2579.00065
G1 X81.675 Y78.611 E2579.03275
G1 X80.51 Y81.23 E2579.12809
G1 X79.731 Y82.871 E2579.18851
G1 X79.359 Y83.735 E2579.2198
G0 F9000 X79.502 Y82.896
G1 F1500 X79.256 Y82.65 E2579.23137
G1 X79.255 Y82.649
G1 X78.976 Y82.37 E2579.24449
G0 F9000 X79.679 Y82.508
G1 F1500 X78.487 Y81.315 E2579.30058
G0 F9000 X78.07 Y81.509
G0 X77.583 Y80.456
G0 X77.999 Y80.262
G1 F1500 X79.861 Y82.124 E2579.38816
G0 F9000 X80.043 Y81.74
G1 F1500 X77.511 Y79.208 E2579.50726
G0 F9000 X77.095 Y79.402
G0 X76.65 Y78.383
G0 X77.075 Y78.206
G1 F1500 X80.226 Y81.357 E2579.65548
G0 F9000 X80.405 Y80.97
G1 F1500 X77.344 Y77.91 E2579.79943
G0 F9000 X77.909 Y77.909
G1 F1500 X80.579 Y80.579 E2579.92502
G0 F9000 X80.753 Y80.187
G1 F1500 X78.475 Y77.909 E2580.03217
G0 F9000 X79.04 Y77.909
G1 F1500 X80.927 Y79.796 E2580.12093
G0 F9000 X81.101 Y79.404
G1 F1500 X79.605 Y77.908 E2580.1913
G0 F9000 X80.171 Y77.908
G1 F1500 X81.275 Y79.012 E2580.24323
G0 F9000 X81.449 Y78.621
G1 F1500 X80.736 Y77.907 E2580.27679
G0 F9000 X81.301 Y77.906
G1 F1500 X81.629 Y78.235 E2580.29224
G1 F2700 E2575.29224
G0 F9000 X82.047 Y78.434
G0 X81.882 Y79.53
G0 X97.501 Y83.454
G0 X98.051 Y86.872
;TYPE:WALL-INNER
G1 F2700 E2580.29224
G1 F1500 X98.412 Y86.901 E2580.30428
G1 X99.039 Y86.897 E2580.32514
G1 X101.808 Y86.956 E2580.41726
G1 X102.897 Y86.897 E2580.45353
G1 X104.425 Y86.869 E2580.50436
G1 X105.881 Y86.636 E2580.5534
G1 X106.392 Y86.426 E2580.57178
G1 X106.83 Y86.126 E2580.58944
G1 X107.021 Y85.92 E2580.59878
G1 X107.176 Y85.679 E2580.60831
G1 X107.313 Y85.34 E2580.62047
G1 X107.391 Y84.987 E2580.63249
G1 X107.408 Y84.608 E2580.64511
G1 X107.365 Y84.243 E2580.65734
G1 X107.261 Y83.905 E2580.6691
G1 X107.043 Y83.496 E2580.68451
G1 X106.748 Y83.227 E2580.69779
G1 X106.368 Y82.974 E2580.71298
G1 X105.783 Y82.738 E2580.73396
G1 X105.015 Y82.599 E2580.75992
G1 X103.389 Y82.502 E2580.81409
G1 X102.381 Y82.426 E2580.84771
G1 X98.638 Y82.425 E2580.97221
G1 X98.24 Y82.452 E2580.98548
G1 X97.924 Y82.6 E2580.99708
G1 X97.801 Y82.747 E2581.00346
G1 X97.731 Y82.987 E2581.01177
G1 X97.682 Y83.462 E2581.02765
G1 X97.682 Y86.027 E2581.11297
G1 X97.732 Y86.486 E2581.12832
G1 X97.883 Y86.745 E2581.13829
G1 X98.051 Y86.872 E2581.1453
G1 F2700 E2576.1453
G0 F9000 X98.143 Y86.776
G0 X104.432 Y86.767
G0 X104.461 Y87.269
;TYPE:WALL-OUTER
G1 F2700 E2581.1453
G1 F1500 X105.99 Y87.024 E2581.1968
G1 X106.583 Y86.78 E2581.21813
G1 X107.093 Y86.431 E2581.23868
G1 X107.339 Y86.166 E2581.25071
G1 X107.533 Y85.863 E2581.26268
G1 X107.697 Y85.459 E2581.27718
G1 X107.789 Y85.039 E2581.29148
G1 X107.809 Y84.593 E2581.30633
G1 X107.758 Y84.16 E2581.32083
G1 X107.632 Y83.751 E2581.33506
G1 X107.429 Y83.37 E2581.34942
G1 X107.235 Y83.13 E2581.35969
G1 X106.995 Y82.911 E2581.37049
G1 X106.556 Y82.618 E2581.38805
G1 X105.895 Y82.352 E2581.41175
G1 X105.063 Y82.201 E2581.43987
G1 X103.419 Y82.103 E2581.49465
G1 X102.396 Y82.026 E2581.52877
G1 X98.624 Y82.025 E2581.65423
G1 X98.316 Y82.046 E2581.66449
G1 X98.04 Y82.104 E2581.67387
G1 X97.638 Y82.292 E2581.68863
G1 X97.436 Y82.569 E2581.70004
G1 X97.337 Y82.911 E2581.71188
G1 X97.282 Y83.441 E2581.7296
G1 X97.282 Y86.048 E2581.81631
G1 X97.326 Y86.456 E2581.82996
G1 X97.398 Y86.708 E2581.83868
G1 X97.577 Y87.016 E2581.85052
G1 X97.904 Y87.263 E2581.86415
G1 X98.398 Y87.301 E2581.88063
G1 X99.031 Y87.297 E2581.90169
G1 X101.814 Y87.356 E2581.99427
G1 X102.926 Y87.297 E2582.03131
G1 X104.461 Y87.269 E2582.08237
G0 F9000 X104.432 Y86.767
G0 X98.176 Y86.779
G0 X98.199 Y86.542
;TYPE:SKIN
G1 F1500 X98.081 Y86.369 E2582.08934
G1 X98.042 Y86.008 E2582.10141
G1 X98.043 Y83.479 E2582.18553
G1 X98.085 Y83.066 E2582.19934
G1 X98.157 Y82.89 E2582.20566
G1 X98.275 Y82.834 E2582.21
G1 X98.659 Y82.786 E2582.22288
G1 X102.355 Y82.787 E2582.34581
G1 X103.365 Y82.862 E2582.37949
G1 X104.983 Y82.96 E2582.4334
G1 X105.678 Y83.085 E2582.45689
G1 X106.2 Y83.295 E2582.4756
G1 X106.519 Y83.509 E2582.48838
G1 X106.797 Y83.8 E2582.50177
G1 X106.926 Y84.041 E2582.51086
G1 X107.011 Y84.317 E2582.52046
G1 X107.045 Y84.622 E2582.53067
G1 X107.033 Y84.94 E2582.54125
G1 X106.967 Y85.233 E2582.55124
G1 X106.857 Y85.507 E2582.56106
G1 X106.668 Y85.799 E2582.57263
G1 X106.225 Y86.103 E2582.5905
G1 X105.779 Y86.287 E2582.60655
G1 X104.393 Y86.51 E2582.65324
G1 X102.919 Y86.537 E2582.70228
G1 X101.797 Y86.595 E2582.73964
G1 X99.045 Y86.537 E2582.8312
G1 X98.199 Y86.542 E2582.85933
G0 F9000 X98.783 Y86.338
G1 F1500 X98.241 Y85.796 E2582.88483
G0 F9000 X98.241 Y85.23
G1 F1500 X99.354 Y86.343 E2582.93718
G0 F9000 X99.931 Y86.355
G1 F1500 X98.241 Y84.665 E2583.01667
G0 F9000 X98.241 Y84.099
G1 F1500 X100.509 Y86.367 E2583.12335
G0 F9000 X101.087 Y86.379
G1 F1500 X98.241 Y83.534 E2583.2572
G0 F9000 X98.31 Y83.036
G1 F1500 X101.665 Y86.392 E2583.41503
G0 F9000 X102.212 Y86.373
G1 F1500 X98.825 Y82.986 E2583.57434
G0 F9000 X99.391 Y82.986
G1 F1500 X102.749 Y86.344 E2583.73229
G0 F9000 X103.299 Y86.329
G1 F1500 X99.957 Y82.986 E2583.88951
G0 F9000 X100.523 Y82.987
G1 F1500 X103.855 Y86.319 E2584.04624
G0 F9000 X104.406 Y86.304
G1 F1500 X101.089 Y82.987 E2584.20226
G0 F9000 X101.655 Y82.987
G1 F1500 X104.893 Y86.226 E2584.35459
G0 F9000 X105.38 Y86.147
G1 F1500 X102.22 Y82.987 E2584.50323
G0 F9000 X102.822 Y83.023
G1 F1500 X105.842 Y86.043 E2584.64528
G0 F9000 X106.224 Y85.859
G1 F1500 X103.432 Y83.068 E2584.77658
G0 F9000 X104.034 Y83.104
G1 F1500 X106.546 Y85.616 E2584.89474
G0 F9000 X106.744 Y85.248
G1 F1500 X104.636 Y83.14 E2584.99389
G0 F9000 X105.279 Y83.217
G1 F1500 X106.838 Y84.776 E2585.06722
G0 F9000 X106.691 Y84.063
G1 F1500 X106.097 Y83.47 E2585.09514
G1 F2700 E2580.09514
G0 F9000 X106.271 Y83.044
G0 X106.959 Y83.68
G0 X107.208 Y84.276
G0 X107.231 Y84.966
G0 X107.033 Y85.604
G0 X106.816 Y85.939
G0 X106.315 Y86.284
G0 X105.657 Y86.875
G0 X105.825 Y87.926
G0 X105.764 Y89.518
G0 X106.277 Y90.759
;TYPE:WALL-INNER
G1 F2700 E2585.09514
G1 F1500 X103.085 Y90.891 E2585.2014
G1 X95.733 Y90.891 E2585.44593
G1 X94.792 Y90.901 E2585.47723
G1 X93.753 Y90.816 E2585.5119
G1 X93.234 Y90.5 E2585.53211
G1 X92.902 Y90.059 E2585.55047
G1 X92.801 Y89.702 E2585.56281
G1 X92.758 Y89.152 E2585.58116
G1 X92.763 Y72.393 E2586.13856
G1 X92.945 Y71.879 E2586.1567
G1 X93.136 Y71.612 E2586.16762
G1 X93.565 Y71.326 E2586.18477
G1 X93.737 Y71.268 E2586.1908
G1 X94.244 Y71.235 E2586.2077
G1 X96.078 Y71.234 E2586.2687
G1 X96.544 Y71.246 E2586.28421
G1 X97.015 Y71.343 E2586.3002
G1 X97.214 Y71.456 E2586.30781
G1 X97.49 Y71.751 E2586.32125
G1 X97.619 Y72.086 E2586.33319
G1 X97.683 Y72.768 E2586.35597
G1 X97.683 Y78.749 E2586.5549
G1 X97.95 Y78.784 E2586.56386
G1 X101.128 Y78.78 E2586.66956
G1 X101.67 Y78.729 E2586.68766
G1 X101.978 Y78.621 E2586.69852
G1 X102.278 Y78.422 E2586.71049
G1 X102.61 Y78.081 E2586.72632
G1 X106.357 Y72.843 E2586.94053
G1 X106.742 Y72.264 E2586.96365
G1 X106.971 Y71.968 E2586.9761
G1 X107.234 Y71.705 E2586.98847
G1 X107.568 Y71.479 E2587.00188
G1 X108.02 Y71.305 E2587.01799
G1 X108.518 Y71.238 E2587.0347
G1 X111.326 Y71.235 E2587.1281
G1 X111.803 Y71.357 E2587.14447
G1 X112.046 Y71.525 E2587.1543
G1 X112.254 Y71.833 E2587.16666
G1 X112.286 Y72.242 E2587.18031
G1 X112.137 Y72.698 E2587.19626
G1 X111.213 Y74.049 E2587.2507
G1 X110.493 Y75.139 E2587.29415
G1 X108.329 Y78.195 E2587.4187
G1 X107.914 Y78.795 E2587.44296
G1 X107.756 Y79.082 E2587.45386
G1 X107.719 Y79.21 E2587.45829
G1 X107.904 Y79.356 E2587.46613
G1 X108.418 Y79.569 E2587.48463
G1 X110.176 Y80.375 E2587.54896
G1 X110.884 Y80.907 E2587.57841
G1 X111.466 Y81.57 E2587.60775
G1 X111.993 Y82.52 E2587.64389
G1 X112.32 Y83.688 E2587.68423
G1 X112.32 Y84.484 E2587.7107
G1 X112.367 Y84.771 E2587.72038
G1 X112.386 Y85.21 E2587.73499
G1 X112.257 Y86.305 E2587.77166
G1 X111.942 Y87.397 E2587.80946
G1 X111.39 Y88.371 E2587.8467
G1 X110.661 Y89.147 E2587.88211
G1 X109.516 Y89.902 E2587.92773
G1 X107.955 Y90.463 E2587.9829
G1 X106.277 Y90.759 E2588.03957
G1 F2700 E2583.03957
G0 F9000 X109.595 Y90.064
G0 X116.263 Y90.127
G0 X117.307 Y90.828
G1 F2700 E2588.03957
G1 F1500 X116.749 Y90.494 E2588.0612
G1 X116.432 Y90.054 E2588.07924
G1 X116.327 Y89.693 E2588.09174
G1 X116.294 Y89.153 E2588.10974
G1 X116.294 Y72.924 E2588.64952
G1 X116.305 Y72.499 E2588.66366
G1 X116.389 Y72.061 E2588.67849
G1 X116.565 Y71.702 E2588.69179
G1 X116.926 Y71.405 E2588.70734
G1 X117.291 Y71.281 E2588.72016
G1 X117.674 Y71.237 E2588.73298
G1 X119.481 Y71.236 E2588.79308
G1 X119.983 Y71.328 E2588.81006
G1 X120.385 Y71.58 E2588.82584
G1 X120.643 Y71.976 E2588.84156
G1 X120.694 Y72.193 E2588.84897
G1 X120.716 Y72.548 E2588.8608
G1 X120.718 Y82.664 E2589.19726
G1 X120.751 Y83.08 E2589.21114
G1 X121.348 Y81.96 E2589.25335
G1 X122.606 Y79.669 E2589.34028
G1 X125.295 Y74.597 E2589.53122
G1 X126.59 Y72.214 E2589.62143
G1 X126.999 Y71.855 E2589.63953
G1 X127.452 Y71.724 E2589.65521
G1 X127.935 Y71.793 E2589.67144
G1 X128.36 Y72.11 E2589.68907
G1 X128.693 Y72.623 E2589.70942
G1 X129.882 Y74.861 E2589.7937
G1 X134.328 Y83.027 E2590.10295
G1 X134.331 Y72.586 E2590.45022
G1 X134.373 Y72.212 E2590.46274
G1 X134.566 Y71.788 E2590.47823
G1 X134.661 Y71.672 E2590.48322
G1 X134.988 Y71.426 E2590.49683
G1 X135.427 Y71.29 E2590.51212
G1 X136.369 Y71.209 E2590.54356
G1 X137.803 Y71.239 E2590.59127
G1 X138.165 Y71.286 E2590.60341
G1 X138.628 Y71.511 E2590.62053
G1 X138.959 Y71.959 E2590.63906
G1 X139.078 Y72.5 E2590.65748
G1 X139.076 Y89.473 E2591.22201
G1 X138.975 Y89.982 E2591.23927
G1 X138.81 Y90.307 E2591.25139
G1 X138.371 Y90.693 E2591.27083
G1 X137.993 Y90.829 E2591.28419
G1 X137.413 Y90.891 E2591.30359
G1 X135.969 Y90.912 E2591.35163
G1 X134.366 Y90.765 E2591.40517
G1 X133.967 Y90.621 E2591.41927
G1 X133.589 Y90.327 E2591.4352
G1 X133.03 Y89.59 E2591.46597
G1 X129.629 Y83.552 E2591.69646
G1 X127.949 Y80.506 E2591.81216
G1 X127.793 Y80.245 E2591.82227
G1 X127.626 Y80.031 E2591.8313
G1 X127.321 Y80.531 E2591.85078
G1 X125.971 Y83.044 E2591.94566
G1 X122.941 Y88.59 E2592.15585
G1 X122.522 Y89.391 E2592.18592
G1 X122.048 Y90.107 E2592.21448
G1 X121.708 Y90.432 E2592.23012
G1 X121.306 Y90.671 E2592.24568
G1 X120.794 Y90.828 E2592.26349
G1 X120.136 Y90.891 E2592.28548
G1 X118.735 Y90.903 E2592.33207
G1 X117.307 Y90.828 E2592.37964
G1 F2700 E2587.37964
G0 F9000 X116.691 Y90.584
G0 X118.752 Y90.742
G0 X120.755 Y90.673
G0 X122.158 Y90.232
G0 X127.643 Y80.345
G0 X133.267 Y90.183
G0 X134.433 Y90.618
G0 X135.983 Y90.751
G0 X137.946 Y90.678
G0 X139.154 Y90.042
G0 X144.553 Y90.263
G0 X145.033 Y90.559
G1 F2700 E2592.37964
G1 F1500 X144.714 Y90.172 E2592.39632
G1 X144.615 Y89.852 E2592.40746
G1 X144.573 Y89.308 E2592.4256
G1 X144.574 Y72.452 E2592.98624
G1 X144.627 Y72.059 E2592.99943
G1 X144.79 Y71.735 E2593.01149
G1 X144.936 Y71.568 E2593.01887
G1 X145.292 Y71.327 E2593.03317
G1 X145.463 Y71.269 E2593.03917
G1 X146.013 Y71.234 E2593.0575
G1 X148.193 Y71.241 E2593.13001
G1 X148.597 Y71.302 E2593.1436
G1 X149.013 Y71.506 E2593.15901
G1 X149.272 Y71.777 E2593.17148
G1 X149.437 Y72.15 E2593.18504
G1 X149.503 Y72.67 E2593.20248
G1 X149.496 Y89.46 E2593.76092
G1 X149.418 Y89.952 E2593.77748
G1 X149.149 Y90.415 E2593.79529
G1 X148.708 Y90.74 E2593.81351
G1 X148.332 Y90.856 E2593.8266
G1 X147.833 Y90.891 E2593.84324
G1 X145.633 Y90.843 E2593.91643
G1 X145.033 Y90.559 E2593.93851
G1 F2700 E2588.93851
G0 F9000 X145.15 Y90.727
G0 X148.306 Y90.696
G0 X149.605 Y89.983
G0 X154.984 Y90.012
G0 X155.727 Y90.688
G1 F2700 E2593.93851
G1 F1500 X155.418 Y90.435 E2593.95179
G1 X155.29 Y90.259 E2593.95903
G1 X155.158 Y89.941 E2593.97048
G1 X155.07 Y89.224 E2593.99451
G1 X155.072 Y88.044 E2594.03375
G1 X155.156 Y86.871 E2594.07287
G1 X155.156 Y85.501 E2594.11843
G1 X155.072 Y84.405 E2594.15499
G1 X155.072 Y82.705 E2594.21154
G1 X155.156 Y81.619 E2594.24776
G1 X155.156 Y80.252 E2594.29323
G1 X155.072 Y79.158 E2594.32973
G1 X155.072 Y77.371 E2594.38916
G1 X155.155 Y76.288 E2594.42529
G1 X155.071 Y72.739 E2594.54336
G1 X155.104 Y72.127 E2594.56375
G1 X155.343 Y71.649 E2594.58152
G1 X155.736 Y71.366 E2594.59763
G1 X156.096 Y71.267 E2594.61005
G1 X156.471 Y71.235 E2594.62256
G1 X158.473 Y71.235 E2594.68915
G1 X158.911 Y71.312 E2594.70394
G1 X159.37 Y71.582 E2594.72165
G1 X159.626 Y71.965 E2594.73698
G1 X159.699 Y72.144 E2594.74341
G1 X159.744 Y72.674 E2594.7611
G1 X159.743 Y83.586 E2595.12403
G1 X161.938 Y81.357 E2595.22808
G1 X169.017 Y73.985 E2595.56802
G1 X169.954 Y73.026 E2595.61261
G1 X170.523 Y72.384 E2595.64114
G1 X171.217 Y71.749 E2595.67243
G1 X171.667 Y71.483 E2595.68982
G1 X172.179 Y71.299 E2595.70791
G1 X172.706 Y71.237 E2595.72556
G1 X174.449 Y71.238 E2595.78353
G1 X174.954 Y71.336 E2595.80064
G1 X175.275 Y71.548 E2595.81344
G1 X175.434 Y71.708 E2595.82094
G1 X175.681 Y72.176 E2595.83854
G1 X175.761 Y72.721 E2595.85686
G1 X175.746 Y73.583 E2595.88554
G1 X175.83 Y74.872 E2595.9285
G1 X175.828 Y76.367 E2595.97822
G1 X175.746 Y77.458 E2596.01461
G1 X175.746 Y79.078 E2596.06849
G1 X175.83 Y80.21 E2596.10625
G1 X175.828 Y81.707 E2596.15604
G1 X175.746 Y82.792 E2596.19223
G1 X175.745 Y84.328 E2596.24332
G1 X175.828 Y85.421 E2596.27977
G1 X175.732 Y89.531 E2596.41651
G1 X175.673 Y89.897 E2596.42884
G1 X175.488 Y90.299 E2596.44356
G1 X175.363 Y90.455 E2596.45021
G1 X175.061 Y90.697 E2596.46308
G1 X174.705 Y90.826 E2596.47567
G1 X174.107 Y90.888 E2596.49567
G1 X173.017 Y90.891 E2596.53192
G1 X172.617 Y90.879 E2596.54523
G1 X172.127 Y90.788 E2596.56181
G1 X171.648 Y90.538 E2596.57978
G1 X171.354 Y90.145 E2596.5961
G1 X171.221 Y89.721 E2596.61088
G1 X171.133 Y88.782 E2596.64225
G1 X171.15 Y87.545 E2596.6834
G1 X171.15 Y78.994 E2596.96781
G1 X170.978 Y79.136 E2596.97522
G1 X164.647 Y85.717 E2597.27895
G1 X162.939 Y87.434 E2597.3595
G1 X160.992 Y89.461 E2597.45298
G1 X160.601 Y89.888 E2597.47224
G1 X160.187 Y90.279 E2597.49118
G1 X159.549 Y90.648 E2597.51569
G1 X159.116 Y90.776 E2597.53071
G1 X158.673 Y90.851 E2597.54566
G1 X157.617 Y90.915 E2597.58084
G1 X156.155 Y90.843 E2597.62953
G1 X155.727 Y90.688 E2597.64467
G1 F2700 E2592.64467
G0 F9000 X156.068 Y90.924
G0 X157.617 Y91.095
G0 X158.496 Y94.707
G0 X164.762 Y108.571
G1 F2700 E2597.64467
G1 F1500 X164.404 Y108.332 E2597.65899
G1 X164.127 Y108.079 E2597.67146
G1 X163.486 Y107.217 E2597.70719
G1 X162.624 Y105.662 E2597.76633
G1 X159.652 Y100.572 E2597.96237
G1 X159.068 Y99.482 E2598.00349
G1 X158.013 Y97.706 E2598.0722
G1 X157.785 Y97.295 E2598.08783
G1 X157.577 Y96.775 E2598.10646
G1 X157.541 Y96.14 E2598.12762
G1 X157.757 Y95.479 E2598.15074
G1 X158.172 Y95.049 E2598.17062
G1 X158.558 Y94.877 E2598.18468
G1 X159.35 Y94.758 E2598.21131
G1 X160.283 Y94.688 E2598.24243
G1 X161.954 Y94.687 E2598.29801
G1 X163.071 Y94.767 E2598.33526
G1 X164.624 Y94.767 E2598.38691
G1 X165.44 Y94.689 E2598.41417
G1 X167.273 Y94.686 E2598.47514
G1 X168.405 Y94.767 E2598.51289
G1 X169.863 Y94.767 E2598.56138
G1 X171.085 Y94.687 E2598.60211
G1 X171.508 Y94.718 E2598.61622
G1 X171.851 Y94.789 E2598.62787
G1 X172.243 Y94.93 E2598.64172
G1 X172.747 Y95.276 E2598.66206
G1 X173.078 Y95.79 E2598.68239
G1 X173.154 Y96.183 E2598.6957
G1 X173.146 Y96.553 E2598.70801
G1 X173.016 Y97.037 E2598.72468
G1 X171.88 Y99.058 E2598.80179
G1 X167.224 Y107.101 E2599.11089
G1 X166.92 Y107.641 E2599.1315
G1 X166.535 Y108.158 E2599.15294
G1 X166.103 Y108.472 E2599.17071
G1 X165.908 Y108.555 E2599.17775
G1 X165.346 Y108.661 E2599.19678
G1 X164.762 Y108.571 E2599.21643
G1 F2700 E2594.21643
G0 F9000 X164.744 Y108.672
G0 X165.953 Y108.381
G0 X166.415 Y108.048
G0 X172.036 Y99.149
G0 X188.949 Y90.95
G0 X189.691 Y91.523
G1 F2700 E2599.21643
G1 F1500 X189.376 Y91.239 E2599.23054
G1 X189.115 Y90.867 E2599.24565
G1 X188.953 Y90.44 E2599.26084
G1 X188.897 Y89.999 E2599.27563
G1 X188.954 Y89.556 E2599.29048
G1 X189.121 Y89.123 E2599.30592
G1 X189.365 Y88.77 E2599.32019
G1 X189.701 Y88.471 E2599.33515
G1 X190.088 Y88.272 E2599.34962
G1 X190.518 Y88.159 E2599.36441
G1 X190.979 Y88.159 E2599.37974
G1 X191.405 Y88.265 E2599.39434
G1 X191.804 Y88.473 E2599.40931
G1 X192.135 Y88.769 E2599.42408
G1 X192.391 Y89.134 E2599.43891
G1 X192.551 Y89.56 E2599.45404
G1 X192.6 Y89.999 E2599.46873
G1 X192.55 Y90.445 E2599.48366
G1 X192.393 Y90.862 E2599.49848
G1 X192.138 Y91.229 E2599.51335
G1 X191.804 Y91.527 E2599.52823
G1 X191.405 Y91.735 E2599.5432
G1 X190.979 Y91.841 E2599.5578
G1 X190.518 Y91.841 E2599.57313
G1 X190.088 Y91.729 E2599.58791
G1 X189.691 Y91.523 E2599.60279
G1 F2700 E2594.60279
G0 F9000 X189.626 Y91.6
G0 X190.494 Y92.022
G0 X190.022 Y154.103
G0 X189.362 Y157.229
G1 F2700 E2599.60279
G1 F1500 X189.107 Y156.862 E2599.61765
G1 X188.95 Y156.446 E2599.63244
G1 X188.896 Y155.996 E2599.64751
G1 X188.955 Y155.552 E2599.66241
G1 X189.104 Y155.154 E2599.67655
G1 X189.358 Y154.775 E2599.69172
G1 X189.702 Y154.469 E2599.70703
G1 X190.088 Y154.272 E2599.72145
G1 X190.518 Y154.159 E2599.73624
G1 X190.979 Y154.159 E2599.75157
G1 X191.405 Y154.265 E2599.76617
G1 X191.804 Y154.473 E2599.78114
G1 X192.138 Y154.771 E2599.79602
G1 X192.393 Y155.138 E2599.81089
G1 X192.551 Y155.557 E2599.82578
G1 X192.6 Y156 E2599.8406
G1 X192.55 Y156.445 E2599.8555
G1 X192.393 Y156.862 E2599.87032
G1 X192.137 Y157.23 E2599.88523
G1 X191.799 Y157.531 E2599.90028
G1 X191.403 Y157.736 E2599.91511
G1 X191.006 Y157.833 E2599.92871
G1 X190.528 Y157.842 E2599.94461
G1 X190.096 Y157.736 E2599.9594
G1 X189.7 Y157.531 E2599.97423
G1 X189.362 Y157.229 E2599.98931
G1 F2700 E2594.98931
G0 F9000 X189.428 Y157.424
G0 X190.546 Y157.68
G0 X192.272 Y157.352
G0 X193.95 Y157.352
G0 X194.15 Y159.4
G1 F2700 E2599.98931
G1 F1500 X194.15 Y60.6 E2603.27541
G1 X25.85 Y60.6 E2608.87309
G1 X25.85 Y159.4 E2612.15919
G1 X194.15 Y159.4 E2617.75687
G1 F2700 E2612.75687
G0 F9000 X80.935 Y159.2
G0 X80.511 Y90.993
G0 X80.935 Y90.662
G1 F2700 E2617.75687
G1 F1500 X80.499 Y90.811 E2617.7722
G1 X79.675 Y90.905 E2617.79978
G1 X78.838 Y90.837 E2617.82771
G1 X78.429 Y90.706 E2617.842
G1 X78.051 Y90.518 E2617.85604
G1 X77.717 Y90.248 E2617.87032
G1 X77.487 Y89.974 E2617.88222
G1 X77.25 Y89.577 E2617.8976
G1 X69.293 Y72.911 E2618.51185
G1 X69.108 Y72.402 E2618.52986
G1 X69.121 Y71.973 E2618.54414
G1 X69.211 Y71.775 E2618.55137
G1 X69.434 Y71.485 E2618.56354
G1 X69.59 Y71.381 E2618.56977
G1 X69.994 Y71.252 E2618.58388
G1 X70.501 Y71.234 E2618.60075
G1 X72.091 Y71.238 E2618.65364
G1 X72.552 Y71.298 E2618.6691
G1 X73 Y71.467 E2618.68502
G1 X73.326 Y71.699 E2618.69833
G1 X73.627 Y72.038 E2618.71341
G1 X74.303 Y73.399 E2618.76395
G1 X74.498 Y73.648 E2618.77447
G1 X74.761 Y73.827 E2618.78506
G1 X75.348 Y73.859 E2618.80461
G1 X83.931 Y73.852 E2619.09008
G1 X84.125 Y73.823 E2619.0966
G1 X84.387 Y73.659 E2619.10688
G1 X84.571 Y73.444 E2619.1163
G1 X84.794 Y73.06 E2619.13107
G1 X85.19 Y72.262 E2619.1607
G1 X85.559 Y71.753 E2619.18161
G1 X86.018 Y71.455 E2619.19981
G1 X86.423 Y71.301 E2619.21422
G1 X86.938 Y71.238 E2619.23148
G1 X89.824 Y71.234 E2619.32746
G1 X90.207 Y71.384 E2619.34115
G1 X90.398 Y71.517 E2619.34889
G1 X90.607 Y71.825 E2619.36127
G1 X90.671 Y72.042 E2619.36879
G1 X90.66 Y72.424 E2619.3815
G1 X90.468 Y72.96 E2619.40044
G1 X81.944 Y89.689 E2620.02491
G1 X81.684 Y90.09 E2620.04081
G1 X81.333 Y90.43 E2620.05706
G1 X80.935 Y90.662 E2620.07238
G1 F2700 E2615.07238
G0 F9000 X79.657 Y90.746
G0 X78.878 Y90.681
G0 X78.162 Y90.4
G0 X77.835 Y90.142
G0 X77.389 Y89.494
G0 X75.643 Y85.781
G0 X74.881 Y85.079
G0 X66.834 Y87.801
G0 X65.786 Y89.42
G1 F2700 E2620.07238
G1 F1500 X65.116 Y89.732 E2620.09697
G1 X63.415 Y90.346 E2620.15711
G1 X61.695 Y90.775 E2620.21607
G1 X58.856 Y91.152 E2620.31133
G1 X58.004 Y91.212 E2620.33974
G1 X56.073 Y91.212 E2620.40396
G1 X53.227 Y90.791 E2620.49965
G1 X51.636 Y90.281 E2620.55522
G1 X50.093 Y89.511 E2620.61258
G1 X48.605 Y88.401 E2620.67432
G1 X47.37 Y87.006 E2620.73629
G1 X46.49 Y85.448 E2620.7958
G1 X45.844 Y83.684 E2620.85828
G1 X45.683 Y82.542 E2620.89664
G1 X45.685 Y79.046 E2621.01292
G1 X45.74 Y78.562 E2621.02912
G1 X45.908 Y77.882 E2621.05242
G1 X46.338 Y76.696 E2621.09438
G1 X46.849 Y75.681 E2621.13217
G1 X47.943 Y74.288 E2621.19108
G1 X49.253 Y73.197 E2621.24779
G1 X51.102 Y72.189 E2621.31783
G1 X53.348 Y71.452 E2621.39645
G1 X54.394 Y71.215 E2621.43212
G1 X55.484 Y71.065 E2621.46872
G1 X56.906 Y70.984 E2621.51609
G1 X58.438 Y70.985 E2621.56704
G1 X59.624 Y71.082 E2621.60662
G1 X60.737 Y71.152 E2621.64371
G1 X62.122 Y71.363 E2621.69031
G1 X64.249 Y71.868 E2621.76302
G1 X65.385 Y72.252 E2621.80291
G1 X66.112 Y72.591 E2621.82959
G1 X66.632 Y72.922 E2621.85009
G1 X66.962 Y73.221 E2621.8649
G1 X67.222 Y73.58 E2621.87964
G1 X67.361 Y73.939 E2621.89245
G1 X67.433 Y74.376 E2621.90718
G1 X67.457 Y74.974 E2621.92708
G1 X67.457 Y76.478 E2621.97711
G1 X67.538 Y77.426 E2622.00875
G1 X67.536 Y78.655 E2622.04963
G1 X67.457 Y79.905 E2622.09129
G1 X67.47 Y80.467 E2622.10998
G1 X67.438 Y81.087 E2622.13063
G1 X67.348 Y81.497 E2622.14459
G1 X67.078 Y81.983 E2622.16308
G1 X66.578 Y82.328 E2622.18329
G1 X66.07 Y82.419 E2622.20045
G1 X58.366 Y82.425 E2622.45669
G1 X57.941 Y82.403 E2622.47084
G1 X57.449 Y82.291 E2622.48763
G1 X57.295 Y82.19 E2622.49375
G1 X56.969 Y81.836 E2622.50976
G1 X56.847 Y81.501 E2622.52162
G1 X56.774 Y80.852 E2622.54334
G1 X56.771 Y80.382 E2622.55897
G1 X56.826 Y79.907 E2622.57488
G1 X57.047 Y79.415 E2622.59281
G1 X57.486 Y79.022 E2622.61241
G1 X58.027 Y78.87 E2622.6311
G1 X58.561 Y78.853 E2622.64887
G1 X62.359 Y78.849 E2622.77519
G1 X62.735 Y78.786 E2622.78787
G1 X62.938 Y78.622 E2622.79655
G1 X63.016 Y78.49 E2622.80165
G1 X63.052 Y77.582 E2622.83188
G1 X63.036 Y76.013 E2622.88407
G1 X62.97 Y75.861 E2622.88958
G1 X62.601 Y75.729 E2622.90261
G1 X61.971 Y75.568 E2622.92424
G1 X60.096 Y75.162 E2622.98805
G1 X58.602 Y74.975 E2623.03813
G1 X56.971 Y74.974 E2623.09237
G1 X55.959 Y75.068 E2623.12618
G1 X54.911 Y75.327 E2623.16208
G1 X53.563 Y75.898 E2623.21077
G1 X52.439 Y76.678 E2623.25628
G1 X51.959 Y77.165 E2623.27902
G1 X51.561 Y77.686 E2623.30083
G1 X51.001 Y78.759 E2623.34108
G1 X50.676 Y79.915 E2623.38102
G1 X50.584 Y81.117 E2623.42112
G1 X50.72 Y82.313 E2623.46115
G1 X51.077 Y83.449 E2623.50076
G1 X51.654 Y84.493 E2623.54043
G1 X52.445 Y85.406 E2623.58061
G1 X53.448 Y86.143 E2623.62201
G1 X54.256 Y86.532 E2623.65183
G1 X55.019 Y86.774 E2623.67846
G1 X56.081 Y86.941 E2623.71421
G1 X58.462 Y86.981 E2623.79342
G1 X59.563 Y86.888 E2623.83017
G1 X60.766 Y86.646 E2623.87098
G1 X62.574 Y86.085 E2623.93394
G1 X63.455 Y85.676 E2623.96625
G1 X64.247 Y85.361 E2623.9946
G1 X64.738 Y85.36 E2624.01093
G1 X64.995 Y85.416 E2624.01968
G1 X65.369 Y85.595 E2624.03347
G1 X65.716 Y85.911 E2624.04908
G1 X66.06 Y86.41 E2624.06924
G1 X66.543 Y87.417 E2624.10638
G1 X66.655 Y87.828 E2624.12055
G1 X66.657 Y88.325 E2624.13708
G1 X66.41 Y88.89 E2624.15759
G1 X66.146 Y89.167 E2624.17032
G1 X65.786 Y89.42 E2624.18495
G1 F2700 E2619.18495
G0 F9000 X63.399 Y90.184
G0 X61.658 Y90.619
G0 X58.857 Y90.99
G0 X57.981 Y91.051
G0 X56.072 Y91.051
G0 X53.294 Y90.644
G0 X51.836 Y90.176
G0 X48.47 Y88.528
G0 X31.046 Y90.949
G0 X30.299 Y91.53
G1 F2700 E2624.18495
G1 F1500 X29.912 Y91.729 E2624.19943
G1 X29.482 Y91.841 E2624.21421
G1 X29.021 Y91.841 E2624.22954
G1 X28.595 Y91.735 E2624.24414
G1 X28.196 Y91.527 E2624.25911
G1 X27.862 Y91.229 E2624.27399
G1 X27.608 Y90.862 E2624.28884
G1 X27.45 Y90.447 E2624.30361
G1 X27.396 Y90.003 E2624.31848
G1 X27.449 Y89.557 E2624.33342
G1 X27.609 Y89.134 E2624.34846
G1 X27.863 Y88.771 E2624.3632
G1 X28.196 Y88.473 E2624.37806
G1 X28.595 Y88.265 E2624.39303
G1 X29.022 Y88.159 E2624.40766
G1 X29.482 Y88.159 E2624.42296
G1 X29.912 Y88.272 E2624.43775
G1 X30.291 Y88.469 E2624.45196
G1 X30.638 Y88.772 E2624.46728
G1 X30.892 Y89.138 E2624.48209
G1 X31.042 Y89.541 E2624.4964
G1 X31.099 Y89.97 E2624.51079
G1 X31.051 Y90.441 E2624.52654
G1 X30.887 Y90.871 E2624.54184
G1 X30.626 Y91.236 E2624.55677
G1 X30.299 Y91.53 E2624.57139
G1 F2700 E2619.57139
G0 F9000 X30.35 Y91.618
G0 X29.506 Y92.022
G0 X29.978 Y154.103
G0 X30.638 Y157.229
G1 F2700 E2624.57139
G1 F1500 X30.299 Y157.531 E2624.58649
G1 X29.903 Y157.736 E2624.60133
G1 X29.506 Y157.833 E2624.61492
G1 X29.028 Y157.842 E2624.63082
G1 X28.596 Y157.736 E2624.64561
G1 X28.201 Y157.531 E2624.66042
G1 X27.863 Y157.23 E2624.67547
G1 X27.608 Y156.863 E2624.69033
G1 X27.45 Y156.447 E2624.70513
G1 X27.395 Y156 E2624.72011
G1 X27.45 Y155.553 E2624.73509
G1 X27.607 Y155.138 E2624.74985
G1 X27.862 Y154.771 E2624.76471
G1 X28.196 Y154.473 E2624.7796
G1 X28.595 Y154.265 E2624.79457
G1 X29.021 Y154.159 E2624.80917
G1 X29.482 Y154.159 E2624.8245
G1 X29.912 Y154.272 E2624.83929
G1 X30.327 Y154.495 E2624.85496
G1 X30.63 Y154.768 E2624.86852
G1 X30.896 Y155.145 E2624.88387
G1 X31.045 Y155.552 E2624.89828
G1 X31.104 Y155.996 E2624.91318
G1 X31.05 Y156.446 E2624.92826
G1 X30.893 Y156.862 E2624.94305
G1 X30.638 Y157.229 E2624.95791
G0 F9000 X30.319 Y156.978
;TYPE:WALL-OUTER
G1 F1500 X30.052 Y157.208 E2624.96963
G1 X29.742 Y157.364 E2624.98117
G1 X29.437 Y157.439 E2624.99162
G1 X29.049 Y157.436 E2625.00452
G1 X28.758 Y157.364 E2625.0145
G1 X28.407 Y157.18 E2625.02768
G1 X28.15 Y156.943 E2625.0393
G1 X27.956 Y156.653 E2625.05091
G1 X27.839 Y156.334 E2625.06221
G1 X27.801 Y156 E2625.07339
G1 X27.849 Y155.63 E2625.0858
G1 X27.979 Y155.303 E2625.0975
G1 X28.181 Y155.022 E2625.10901
G1 X28.448 Y154.792 E2625.12074
G1 X28.758 Y154.636 E2625.13228
G1 X29.049 Y154.564 E2625.14225
G1 X29.451 Y154.564 E2625.15562
G1 X29.766 Y154.644 E2625.16643
G1 X30.069 Y154.802 E2625.17779
G1 X30.334 Y155.037 E2625.18957
G1 X30.544 Y155.347 E2625.20203
G1 X30.657 Y155.651 E2625.21282
G1 X30.698 Y155.976 E2625.22371
G1 X30.651 Y156.37 E2625.23691
G1 X30.521 Y156.697 E2625.24861
G1 X30.319 Y156.978 E2625.26012
G1 F2700 E2620.26012
G0 F9000 X30.517 Y157.202
G0 X30.893 Y156.404
G0 X30.943 Y156
G0 X30.893 Y155.596
G0 X29.978 Y154.103
G0 X29.506 Y92.022
G0 X30.082 Y91.189
G1 F2700 E2625.26012
G1 F1500 X29.766 Y91.356 E2625.27201
G1 X29.451 Y91.436 E2625.28282
G1 X29.049 Y91.436 E2625.29619
G1 X28.758 Y91.364 E2625.30616
G1 X28.407 Y91.18 E2625.31934
G1 X28.15 Y90.943 E2625.33097
G1 X27.956 Y90.653 E2625.34257
G1 X27.839 Y90.334 E2625.35388
G1 X27.801 Y89.999 E2625.36509
G1 X27.838 Y89.676 E2625.3759
G1 X27.957 Y89.345 E2625.3876
G1 X28.15 Y89.057 E2625.39913
G1 X28.407 Y88.82 E2625.41076
G1 X28.758 Y88.636 E2625.42394
G1 X29.049 Y88.564 E2625.43391
G1 X29.451 Y88.564 E2625.44728
G1 X29.766 Y88.644 E2625.45809
G1 X30.082 Y88.811 E2625.46998
G1 X30.327 Y89.03 E2625.48091
G1 X30.525 Y89.31 E2625.49231
G1 X30.656 Y89.647 E2625.50434
G1 X30.699 Y89.989 E2625.5158
G1 X30.659 Y90.343 E2625.52765
G1 X30.521 Y90.697 E2625.54029
G1 X30.34 Y90.955 E2625.55077
G1 X30.082 Y91.189 E2625.56236
G1 F2700 E2620.56236
G0 F9000 X30.321 Y91.633
G0 X31.046 Y90.949
G0 X48.47 Y88.528
G0 X66.072 Y88.666
G1 F2700 E2625.56236
G1 F1500 X65.866 Y88.88 E2625.57224
G1 X65.568 Y89.083 E2625.58423
G1 X64.98 Y89.356 E2625.60579
G1 X63.338 Y89.952 E2625.66389
G1 X61.603 Y90.385 E2625.72337
G1 X58.828 Y90.753 E2625.81647
G1 X57.969 Y90.812 E2625.84511
G1 X56.077 Y90.81 E2625.90804
G1 X53.329 Y90.404 E2626.00043
G1 X51.758 Y89.899 E2626.05531
G1 X50.28 Y89.157 E2626.11032
G1 X48.874 Y88.105 E2626.16873
G1 X47.692 Y86.77 E2626.22803
G1 X46.862 Y85.3 E2626.28418
G1 X46.235 Y83.586 E2626.34488
G1 X46.082 Y82.514 E2626.3809
G1 X46.083 Y79.09 E2626.49478
G1 X46.136 Y78.619 E2626.51054
G1 X46.284 Y78.018 E2626.53113
G1 X46.706 Y76.854 E2626.57231
G1 X47.194 Y75.884 E2626.60843
G1 X48.233 Y74.568 E2626.66419
G1 X49.479 Y73.527 E2626.7182
G1 X51.278 Y72.549 E2626.7863
G1 X53.437 Y71.842 E2626.86186
G1 X54.47 Y71.608 E2626.89709
G1 X55.491 Y71.466 E2626.93138
G1 X56.941 Y71.384 E2626.97968
G1 X58.406 Y71.384 E2627.02841
G1 X59.596 Y71.481 E2627.06812
G1 X60.677 Y71.548 E2627.10414
G1 X62.078 Y71.762 E2627.15128
G1 X64.121 Y72.247 E2627.22112
G1 X65.239 Y72.624 E2627.26036
G1 X65.898 Y72.929 E2627.28451
G1 X66.39 Y73.241 E2627.30389
G1 X66.652 Y73.48 E2627.31568
G1 X66.875 Y73.792 E2627.32844
G1 X66.975 Y74.047 E2627.33755
G1 X67.033 Y74.392 E2627.34918
G1 X67.057 Y74.974 E2627.36856
G1 X67.057 Y76.496 E2627.41918
G1 X67.138 Y77.426 E2627.45023
G1 X67.137 Y78.63 E2627.49027
G1 X67.057 Y79.897 E2627.5325
G1 X67.07 Y80.447 E2627.5508
G1 X67.032 Y81.106 E2627.57275
G1 X66.956 Y81.379 E2627.58218
G1 X66.776 Y81.703 E2627.59451
G1 X66.423 Y81.952 E2627.60887
G1 X66.034 Y82.021 E2627.62201
G1 X58.386 Y82.025 E2627.87639
G1 X58.011 Y82.006 E2627.88888
G1 X57.567 Y81.901 E2627.90405
G1 X57.318 Y81.618 E2627.91659
G1 X57.23 Y81.375 E2627.92518
G1 X57.173 Y80.825 E2627.94357
G1 X57.169 Y80.422 E2627.95698
G1 X57.21 Y80.035 E2627.96992
G1 X57.373 Y79.66 E2627.98352
G1 X57.692 Y79.38 E2627.99764
G1 X58.096 Y79.264 E2628.01162
G1 X58.561 Y79.253 E2628.02709
G1 X62.393 Y79.249 E2628.15454
G1 X62.743 Y79.19 E2628.16635
G1 X63.125 Y79.005 E2628.18047
G1 X63.381 Y78.659 E2628.19478
G1 X63.423 Y78.339 E2628.20552
G1 X63.452 Y77.588 E2628.23051
G1 X63.435 Y75.929 E2628.28569
G1 X63.322 Y75.667 E2628.29518
G1 X63.049 Y75.465 E2628.30648
G1 X62.718 Y75.347 E2628.31817
G1 X62.063 Y75.179 E2628.34066
G1 X60.164 Y74.767 E2628.40529
G1 X58.627 Y74.575 E2628.45681
G1 X56.953 Y74.574 E2628.51248
G1 X55.893 Y74.672 E2628.54789
G1 X54.784 Y74.946 E2628.58588
G1 X53.369 Y75.546 E2628.637
G1 X52.18 Y76.37 E2628.68512
G1 X51.656 Y76.902 E2628.70995
G1 X51.222 Y77.471 E2628.73376
G1 X50.627 Y78.611 E2628.77653
G1 X50.28 Y79.845 E2628.81916
G1 X50.182 Y81.125 E2628.86186
G1 X50.327 Y82.396 E2628.90441
G1 X50.707 Y83.607 E2628.94662
G1 X51.324 Y84.723 E2628.98903
G1 X52.172 Y85.702 E2629.03211
G1 X53.241 Y86.487 E2629.07622
G1 X54.108 Y86.905 E2629.10824
G1 X54.927 Y87.164 E2629.13681
G1 X56.047 Y87.341 E2629.17452
G1 X58.476 Y87.381 E2629.25532
G1 X59.619 Y87.284 E2629.29347
G1 X60.865 Y87.034 E2629.33574
G1 X62.718 Y86.459 E2629.40027
G1 X63.592 Y86.052 E2629.43234
G1 X64.331 Y85.763 E2629.45873
G1 X64.787 Y85.76 E2629.4739
G1 X65.141 Y85.93 E2629.48696
G1 X65.413 Y86.178 E2629.4992
G1 X65.707 Y86.598 E2629.51625
G1 X66.171 Y87.571 E2629.55211
G1 X66.259 Y87.884 E2629.56292
G1 X66.255 Y88.254 E2629.57523
G1 X66.072 Y88.666 E2629.59022
G1 F2700 E2624.59022
G0 F9000 X66.438 Y89.006
G0 X66.847 Y88.34
G0 X74.658 Y84.612
G0 X80.751 Y90.305
G1 F2700 E2629.59022
G1 F1500 X80.396 Y90.424 E2629.60268
G1 X79.635 Y90.505 E2629.62813
G1 X78.908 Y90.44 E2629.65241
G1 X78.585 Y90.338 E2629.66367
G1 X78.288 Y90.195 E2629.67464
G1 X77.993 Y89.958 E2629.68722
G1 X77.791 Y89.711 E2629.69783
G1 X77.599 Y89.382 E2629.7105
G1 X69.665 Y72.763 E2630.32301
G1 X69.513 Y72.335 E2630.33812
G1 X69.518 Y72.031 E2630.34823
G1 X69.72 Y71.761 E2630.35945
G1 X70.062 Y71.646 E2630.37145
G1 X70.501 Y71.634 E2630.38606
G1 X72.043 Y71.635 E2630.43734
G1 X72.457 Y71.686 E2630.45122
G1 X72.81 Y71.819 E2630.46376
G1 X73.075 Y72.012 E2630.47467
G1 X73.303 Y72.285 E2630.4865
G1 X73.963 Y73.613 E2630.53582
G1 X74.22 Y73.943 E2630.54973
G1 X74.546 Y74.166 E2630.56287
G1 X74.761 Y74.228 E2630.57031
G1 X75.338 Y74.259 E2630.58953
G1 X83.965 Y74.252 E2630.87647
G1 X84.235 Y74.211 E2630.88555
G1 X84.424 Y74.131 E2630.89237
G1 X84.662 Y73.953 E2630.90226
G1 X84.899 Y73.676 E2630.91438
G1 X85.146 Y73.25 E2630.93076
G1 X85.527 Y72.483 E2630.95925
G1 X85.83 Y72.056 E2630.97666
G1 X86.198 Y71.813 E2630.99133
G1 X86.521 Y71.693 E2631.00279
G1 X86.986 Y71.635 E2631.01838
G1 X89.743 Y71.636 E2631.11007
G1 X90.074 Y71.76 E2631.12183
G1 X90.274 Y72.036 E2631.13317
G1 X90.266 Y72.33 E2631.14295
G1 X90.122 Y72.753 E2631.15781
G1 X81.598 Y89.489 E2631.78249
G1 X81.359 Y89.855 E2631.79703
G1 X81.097 Y90.107 E2631.80912
G1 X80.751 Y90.305 E2631.82238
G1 F2700 E2626.82238
G0 F9000 X80.918 Y90.777
G0 X81.811 Y90.228
G0 X92.73 Y90.116
G0 X106.246 Y90.36
G1 F2700 E2631.82238
G1 F1500 X103.085 Y90.491 E2631.92761
G1 X95.731 Y90.491 E2632.1722
G1 X94.809 Y90.501 E2632.20287
G1 X93.878 Y90.424 E2632.23394
G1 X93.493 Y90.183 E2632.24905
G1 X93.275 Y89.887 E2632.26127
G1 X93.195 Y89.63 E2632.27023
G1 X93.157 Y89.123 E2632.28714
G1 X93.161 Y72.483 E2632.84059
G1 X93.312 Y72.049 E2632.85587
G1 X93.436 Y71.889 E2632.8626
G1 X93.779 Y71.664 E2632.87625
G1 X94.28 Y71.634 E2632.89294
G1 X96.067 Y71.634 E2632.95237
G1 X96.511 Y71.648 E2632.96715
G1 X96.927 Y71.73 E2632.98125
G1 X97.159 Y71.991 E2632.99287
G1 X97.229 Y72.177 E2632.99948
G1 X97.283 Y72.768 E2633.01921
G1 X97.283 Y78.755 E2633.21834
G1 X97.349 Y78.973 E2633.22592
G1 X97.443 Y79.082 E2633.23071
G1 X97.639 Y79.156 E2633.23767
G1 X97.932 Y79.184 E2633.24746
G1 X101.147 Y79.18 E2633.3544
G1 X101.756 Y79.123 E2633.37474
G1 X102.157 Y78.982 E2633.38888
G1 X102.535 Y78.732 E2633.40395
G1 X102.918 Y78.338 E2633.42223
G1 X106.686 Y73.07 E2633.63765
G1 X107.071 Y72.492 E2633.66075
G1 X107.279 Y72.224 E2633.67203
G1 X107.505 Y72.004 E2633.68252
G1 X107.756 Y71.832 E2633.69264
G1 X108.118 Y71.693 E2633.70554
G1 X108.568 Y71.635 E2633.72063
G1 X111.289 Y71.637 E2633.81113
G1 X111.663 Y71.732 E2633.82396
G1 X111.857 Y71.959 E2633.83389
G1 X111.879 Y72.206 E2633.84214
G1 X111.775 Y72.519 E2633.85311
G1 X110.879 Y73.829 E2633.9059
G1 X110.167 Y74.908 E2633.9489
G1 X107.999 Y77.967 E2634.0736
G1 X107.574 Y78.583 E2634.09849
G1 X107.383 Y78.928 E2634.11161
G1 X107.309 Y79.189 E2634.12063
G1 X107.32 Y79.31 E2634.12467
G1 X107.505 Y79.571 E2634.13531
G1 X107.715 Y79.711 E2634.14371
G1 X108.251 Y79.933 E2634.163
G1 X109.989 Y80.735 E2634.22667
G1 X110.596 Y81.191 E2634.25192
G1 X111.123 Y81.785 E2634.27833
G1 X111.626 Y82.694 E2634.31288
G1 X111.92 Y83.742 E2634.34909
G1 X111.92 Y84.516 E2634.37483
G1 X111.974 Y84.859 E2634.38638
G1 X111.985 Y85.235 E2634.39889
G1 X111.863 Y86.236 E2634.43243
G1 X111.577 Y87.22 E2634.46651
G1 X111.064 Y88.133 E2634.50134
G1 X110.38 Y88.859 E2634.53452
G1 X109.343 Y89.536 E2634.57571
G1 X107.849 Y90.076 E2634.62855
G1 X106.246 Y90.36 E2634.68269
G1 F2700 E2629.68269
G0 F9000 X106.297 Y90.655
G0 X109.595 Y90.064
G0 X116.263 Y90.127
G0 X117.424 Y90.431
G1 F2700 E2634.68269
G1 F1500 X117.028 Y90.197 E2634.69799
G1 X116.799 Y89.876 E2634.71111
G1 X116.728 Y89.641 E2634.71927
G1 X116.694 Y89.116 E2634.73677
G1 X116.694 Y72.934 E2635.27498
G1 X116.703 Y72.539 E2635.28813
G1 X116.767 Y72.191 E2635.29989
G1 X116.892 Y71.946 E2635.30904
G1 X117.14 Y71.751 E2635.31953
G1 X117.36 Y71.675 E2635.32728
G1 X117.743 Y71.634 E2635.34009
G1 X119.458 Y71.638 E2635.39713
G1 X119.812 Y71.7 E2635.40908
G1 X120.085 Y71.865 E2635.41969
G1 X120.291 Y72.165 E2635.4318
G1 X120.316 Y72.586 E2635.44582
G1 X120.318 Y82.695 E2635.78205
G1 X120.397 Y83.687 E2635.81515
G1 X120.397 Y84.153 E2635.83065
G1 X120.471 Y84.369 E2635.83824
G1 X120.624 Y84.168 E2635.84664
G1 X121.699 Y82.152 E2635.92263
G1 X122.96 Y79.857 E2636.00973
G1 X125.647 Y74.787 E2636.20058
G1 X126.913 Y72.463 E2636.2886
G1 X127.204 Y72.21 E2636.30142
G1 X127.467 Y72.134 E2636.31053
G1 X127.775 Y72.17 E2636.32084
G1 X128.065 Y72.39 E2636.33295
G1 X128.363 Y72.852 E2636.35123
G1 X129.53 Y75.052 E2636.43406
G1 X134.433 Y84.053 E2636.77497
G1 X134.598 Y84.319 E2636.78538
G1 X134.647 Y84.332 E2636.78707
G1 X134.7 Y84.25 E2636.79032
G1 X134.728 Y83.939 E2636.8007
G1 X134.729 Y72.631 E2637.17681
G1 X134.77 Y72.299 E2637.18793
G1 X134.917 Y71.975 E2637.19977
G1 X135.153 Y71.8 E2637.20954
G1 X135.496 Y71.684 E2637.22158
G1 X136.339 Y71.609 E2637.24973
G1 X137.755 Y71.636 E2637.29684
G1 X138.037 Y71.671 E2637.30629
G1 X138.366 Y71.831 E2637.31846
G1 X138.587 Y72.131 E2637.33085
G1 X138.679 Y72.532 E2637.34453
G1 X138.678 Y89.431 E2637.9066
G1 X138.597 Y89.851 E2637.92082
G1 X138.493 Y90.046 E2637.92817
G1 X138.181 Y90.329 E2637.94218
G1 X137.904 Y90.439 E2637.9521
G1 X137.392 Y90.491 E2637.96921
G1 X135.981 Y90.512 E2638.01615
G1 X134.492 Y90.383 E2638.06586
G1 X134.161 Y90.264 E2638.07756
G1 X133.869 Y90.041 E2638.08978
G1 X133.368 Y89.376 E2638.11747
G1 X129.979 Y83.359 E2638.34716
G1 X128.293 Y80.302 E2638.46327
G1 X128.124 Y80.019 E2638.47423
G1 X127.9 Y79.731 E2638.48637
G1 X127.687 Y79.591 E2638.49485
G1 X127.449 Y79.645 E2638.50296
G1 X127.243 Y79.89 E2638.51361
G1 X126.978 Y80.324 E2638.53052
G1 X125.62 Y82.852 E2638.62597
G1 X122.612 Y88.357 E2638.83462
G1 X122.177 Y89.188 E2638.86581
G1 X121.735 Y89.858 E2638.89251
G1 X121.457 Y90.117 E2638.90515
G1 X121.129 Y90.307 E2638.91776
G1 X120.712 Y90.436 E2638.93227
G1 X120.108 Y90.491 E2638.95245
G1 X118.756 Y90.503 E2638.99741
G1 X117.424 Y90.431 E2639.04178
G1 F2700 E2634.04178
G0 F9000 X116.691 Y90.584
G0 X118.752 Y90.742
G0 X120.755 Y90.673
G0 X122.158 Y90.232
G0 X127.643 Y80.345
G0 X133.267 Y90.183
G0 X134.433 Y90.618
G0 X135.983 Y90.751
G0 X137.946 Y90.678
G0 X139.154 Y90.042
G0 X144.553 Y90.263
G0 X145.275 Y90.231
G1 F2700 E2639.04178
G1 F1500 X145.071 Y89.98 E2639.05254
G1 X145.007 Y89.772 E2639.05978
G1 X144.973 Y89.285 E2639.07602
G1 X144.974 Y72.474 E2639.63515
G1 X145.012 Y72.189 E2639.64471
G1 X145.149 Y71.908 E2639.65511
G1 X145.501 Y71.665 E2639.66934
G1 X146.013 Y71.634 E2639.6864
G1 X148.137 Y71.637 E2639.75704
G1 X148.487 Y71.691 E2639.76882
G1 X148.781 Y71.842 E2639.77981
G1 X148.923 Y71.987 E2639.78657
G1 X149.043 Y72.241 E2639.79591
G1 X149.102 Y72.659 E2639.80995
G1 X149.096 Y89.44 E2640.36809
G1 X149.042 Y89.794 E2640.38
G1 X148.845 Y90.149 E2640.3935
G1 X148.522 Y90.378 E2640.40667
G1 X148.262 Y90.459 E2640.41573
G1 X147.795 Y90.491 E2640.4313
G1 X145.702 Y90.437 E2640.50093
G1 X145.275 Y90.231 E2640.5167
G1 F2700 E2635.5167
G0 F9000 X145.15 Y90.727
G0 X148.306 Y90.696
G0 X149.605 Y89.983
G0 X154.984 Y90.012
G0 X155.912 Y90.326
G1 F2700 E2640.5167
G1 F1500 X155.671 Y90.12 E2640.52725
G1 X155.553 Y89.856 E2640.53686
G1 X155.469 Y89.194 E2640.55906
G1 X155.471 Y88.072 E2640.59638
G1 X155.556 Y86.885 E2640.63596
G1 X155.556 Y85.486 E2640.68249
G1 X155.471 Y84.375 E2640.71955
G1 X155.471 Y82.735 E2640.7741
G1 X155.556 Y81.634 E2640.81082
G1 X155.556 Y80.237 E2640.85729
G1 X155.471 Y79.128 E2640.89428
G1 X155.471 Y77.401 E2640.95172
G1 X155.555 Y76.298 E2640.98851
G1 X155.471 Y72.759 E2641.10626
G1 X155.497 Y72.231 E2641.12384
G1 X155.662 Y71.913 E2641.13575
G1 X155.9 Y71.733 E2641.14568
G1 X156.165 Y71.661 E2641.15481
G1 X156.502 Y71.634 E2641.16606
G1 X158.45 Y71.637 E2641.23085
G1 X158.758 Y71.688 E2641.24123
G1 X159.087 Y71.881 E2641.25392
G1 X159.307 Y72.207 E2641.267
G1 X159.344 Y72.674 E2641.28258
G1 X159.343 Y83.447 E2641.64089
G1 X159.357 Y83.7 E2641.64932
G1 X159.431 Y84.077 E2641.6621
G1 X159.562 Y84.164 E2641.66733
G1 X159.678 Y84.152 E2641.67121
G1 X159.913 Y83.976 E2641.68097
G1 X160.102 Y83.796 E2641.68965
G1 X162.226 Y81.634 E2641.79046
G1 X169.303 Y74.265 E2642.13027
G1 X170.247 Y73.299 E2642.1752
G1 X170.821 Y72.651 E2642.20399
G1 X171.455 Y72.07 E2642.23259
G1 X171.836 Y71.845 E2642.24731
G1 X172.286 Y71.689 E2642.26315
G1 X172.777 Y71.634 E2642.27958
G1 X174.424 Y71.641 E2642.33436
G1 X174.812 Y71.718 E2642.34752
G1 X175.081 Y71.9 E2642.35832
G1 X175.3 Y72.318 E2642.37402
G1 X175.362 Y72.746 E2642.3884
G1 X175.346 Y73.592 E2642.41654
G1 X175.43 Y74.872 E2642.45921
G1 X175.429 Y76.337 E2642.50793
G1 X175.346 Y77.443 E2642.54482
G1 X175.346 Y79.093 E2642.5997
G1 X175.43 Y80.21 E2642.63696
G1 X175.429 Y81.677 E2642.68575
G1 X175.346 Y82.777 E2642.72244
G1 X175.345 Y84.343 E2642.77453
G1 X175.429 Y85.469 E2642.81208
G1 X175.332 Y89.507 E2642.94642
G1 X175.284 Y89.783 E2642.95574
G1 X175.123 Y90.137 E2642.96868
G1 X174.868 Y90.339 E2642.9795
G1 X174.601 Y90.435 E2642.98893
G1 X174.066 Y90.49 E2643.00682
G1 X173.027 Y90.491 E2643.04138
G1 X172.66 Y90.481 E2643.05359
G1 X172.279 Y90.412 E2643.06647
G1 X171.906 Y90.222 E2643.08039
G1 X171.717 Y89.957 E2643.09122
G1 X171.611 Y89.631 E2643.10262
G1 X171.531 Y88.747 E2643.13214
G1 X171.55 Y87.545 E2643.17212
G1 X171.55 Y78.66 E2643.46764
G1 X171.451 Y78.47 E2643.47477
G1 X171.374 Y78.43 E2643.47765
G1 X171.075 Y78.537 E2643.48822
G1 X170.71 Y78.838 E2643.50395
G1 X164.363 Y85.435 E2643.80843
G1 X162.679 Y87.127 E2643.88783
G1 X160.697 Y89.191 E2643.983
G1 X160.326 Y89.598 E2644.00132
G1 X159.929 Y89.967 E2644.01935
G1 X159.387 Y90.278 E2644.04013
G1 X159.05 Y90.382 E2644.05186
G1 X158.612 Y90.455 E2644.06663
G1 X157.618 Y90.515 E2644.09975
G1 X156.22 Y90.447 E2644.1463
G1 X155.912 Y90.326 E2644.15731
G1 F2700 E2639.15731
G0 F9000 X156.068 Y90.924
G0 X157.617 Y91.095
G0 X158.496 Y94.707
G0 X164.908 Y108.189
G1 F2700 E2644.15731
G1 F1500 X164.631 Y108.002 E2644.16843
G1 X164.398 Y107.781 E2644.17911
G1 X163.833 Y107.017 E2644.21071
G1 X162.972 Y105.464 E2644.26977
G1 X160.004 Y100.383 E2644.46549
G1 X159.416 Y99.286 E2644.50688
G1 X158.355 Y97.497 E2644.57606
G1 X158.142 Y97.114 E2644.59064
G1 X157.976 Y96.693 E2644.60569
G1 X157.943 Y96.19 E2644.62246
G1 X158.117 Y95.673 E2644.6406
G1 X158.409 Y95.381 E2644.65434
G1 X158.676 Y95.265 E2644.66402
G1 X159.38 Y95.157 E2644.68771
G1 X160.313 Y95.087 E2644.71883
G1 X161.944 Y95.087 E2644.77307
G1 X163.057 Y95.167 E2644.81019
G1 X164.643 Y95.167 E2644.86294
G1 X165.478 Y95.087 E2644.89084
G1 X167.273 Y95.086 E2644.95054
G1 X168.391 Y95.167 E2644.98782
G1 X169.877 Y95.167 E2645.03725
G1 X171.094 Y95.087 E2645.07781
G1 X171.428 Y95.11 E2645.08895
G1 X171.74 Y95.174 E2645.09954
G1 X172.046 Y95.284 E2645.11035
G1 X172.452 Y95.555 E2645.12659
G1 X172.7 Y95.942 E2645.14188
G1 X172.752 Y96.186 E2645.15018
G1 X172.746 Y96.499 E2645.16059
G1 X172.647 Y96.871 E2645.17339
G1 X171.534 Y98.858 E2645.24914
G1 X166.876 Y106.903 E2645.55833
G1 X166.584 Y107.423 E2645.57817
G1 X166.236 Y107.883 E2645.59735
G1 X165.851 Y108.159 E2645.61311
G1 X165.355 Y108.253 E2645.6299
G1 X164.908 Y108.189 E2645.64492
G1 F2700 E2640.64492
G0 F9000 X164.629 Y108.605
G0 X165.953 Y108.381
G0 X166.415 Y108.048
G0 X172.036 Y99.149
G0 X188.949 Y90.95
G0 X189.934 Y91.2
G1 F2700 E2645.64492
G1 F1500 X189.668 Y90.965 E2645.65672
G1 X189.467 Y90.677 E2645.66841
G1 X189.342 Y90.346 E2645.68017
G1 X189.301 Y90.004 E2645.69163
G1 X189.342 Y89.652 E2645.70342
G1 X189.48 Y89.302 E2645.71593
G1 X189.658 Y89.047 E2645.72627
G1 X189.937 Y88.798 E2645.73871
G1 X190.234 Y88.644 E2645.74984
G1 X190.549 Y88.564 E2645.76065
G1 X190.951 Y88.564 E2645.77402
G1 X191.242 Y88.636 E2645.78399
G1 X191.593 Y88.82 E2645.79717
G1 X191.819 Y89.022 E2645.80725
G1 X192.043 Y89.345 E2645.82032
G1 X192.162 Y89.676 E2645.83202
G1 X192.2 Y89.999 E2645.84284
G1 X192.161 Y90.334 E2645.85406
G1 X192.021 Y90.697 E2645.867
G1 X191.819 Y90.978 E2645.87851
G1 X191.552 Y91.208 E2645.89023
G1 X191.242 Y91.364 E2645.90177
G1 X190.951 Y91.436 E2645.91174
G1 X190.549 Y91.436 E2645.92511
G1 X190.234 Y91.356 E2645.93592
G1 X189.934 Y91.2 E2645.94717
G1 F2700 E2640.94717
G0 F9000 X189.603 Y91.579
G0 X190.494 Y92.022
G0 X190.022 Y154.103
G0 X189.65 Y156.943
G1 F2700 E2645.94717
G1 F1500 X189.456 Y156.653 E2645.95877
G1 X189.349 Y156.37 E2645.96884
G1 X189.302 Y155.976 E2645.98203
G1 X189.343 Y155.651 E2645.99293
G1 X189.479 Y155.303 E2646.00536
G1 X189.681 Y155.022 E2646.01687
G1 X189.918 Y154.811 E2646.02742
G1 X190.234 Y154.644 E2646.03931
G1 X190.549 Y154.564 E2646.05012
G1 X190.951 Y154.564 E2646.06349
G1 X191.242 Y154.636 E2646.07346
G1 X191.593 Y154.82 E2646.08664
G1 X191.85 Y155.057 E2646.09827
G1 X192.044 Y155.347 E2646.10987
G1 X192.151 Y155.63 E2646.11994
G1 X192.2 Y156 E2646.13235
G1 X192.161 Y156.334 E2646.14353
G1 X192.021 Y156.697 E2646.15647
G1 X191.819 Y156.978 E2646.16798
G1 X191.552 Y157.208 E2646.17971
G1 X191.242 Y157.364 E2646.19125
G1 X190.937 Y157.439 E2646.20169
G1 X190.549 Y157.436 E2646.2146
G1 X190.258 Y157.364 E2646.22457
G1 X189.907 Y157.18 E2646.23775
G1 X189.65 Y156.943 E2646.24938
G1 F2700 E2641.24938
G0 F9000 X189.402 Y157.112
G0 X190.15 Y157.583
G0 X190.546 Y157.68
G0 X192.272 Y157.352
G0 X193.95 Y157.352
G0 X194.55 Y159.8
G1 F2700 E2646.24938
G1 F1500 X194.55 Y60.2 E2649.56209
G1 X25.45 Y60.2 E2655.18638
G1 X25.45 Y159.8 E2658.49909
G1 X194.55 Y159.8 E2664.12338
G1 F2700 E2659.12338
G0 F9000 X194.28 Y159.53
G0 X193.95 Y91.605
G0 X192.553 Y90.95
G0 X189.491 Y91.825
;TYPE:SKIN
G1 F2700 E2664.12338
G1 F1500 X189.954 Y92.064 E2664.14071
G1 X190.446 Y92.195 E2664.15764
G1 X191.047 Y92.196 E2664.17763
G1 X191.514 Y92.08 E2664.19363
G1 X191.989 Y91.839 E2664.21135
G1 X192.421 Y91.452 E2664.23064
G1 X192.699 Y91.055 E2664.24676
G1 X192.907 Y90.514 E2664.26604
G1 X192.96 Y89.999 E2664.28326
G1 X192.896 Y89.446 E2664.30177
G1 X192.724 Y88.991 E2664.31795
G1 X192.417 Y88.544 E2664.33599
G1 X191.985 Y88.158 E2664.35526
G1 X191.561 Y87.937 E2664.37116
G1 X191.046 Y87.804 E2664.38885
G1 X190.447 Y87.805 E2664.40877
G1 X189.953 Y87.936 E2664.42577
G1 X189.487 Y88.18 E2664.44327
G1 X189.084 Y88.541 E2664.46126
G1 X188.781 Y88.988 E2664.47922
G1 X188.604 Y89.472 E2664.49636
G1 X188.537 Y90.016 E2664.51459
G1 X188.603 Y90.548 E2664.53242
G1 X188.796 Y91.043 E2664.55009
G1 X189.085 Y91.459 E2664.56694
G1 X189.491 Y91.825 E2664.58512
G1 F2700 E2659.58512
G0 F9000 X189.631 Y91.605
G0 X188.949 Y90.95
G0 X26.05 Y90.95
G0 X26.211 Y159.039
G1 F2700 E2664.58512
G1 F1500 X26.211 Y60.961 E2667.84721
G1 X193.79 Y60.96 E2673.42091
G1 X193.79 Y159.04 E2676.68306
G1 X26.211 Y159.039 E2682.25676
G1 F2700 E2677.25676
G0 F9000 X25.95 Y159.039
G0 X26.05 Y157.424
G0 X27.447 Y156.95
G0 X30.922 Y157.451
G1 F2700 E2682.25676
G1 F1500 X31.2 Y157.052 E2682.27294
G1 X31.393 Y156.556 E2682.29064
G1 X31.466 Y155.99 E2682.30962
G1 X31.398 Y155.481 E2682.3267
G1 X31.196 Y154.947 E2682.34569
G1 X30.891 Y154.516 E2682.36325
G1 X30.493 Y154.164 E2682.38092
G1 X30.045 Y153.936 E2682.39764
G1 X29.554 Y153.805 E2682.41455
G1 X28.953 Y153.804 E2682.43453
G1 X28.486 Y153.92 E2682.45054
G1 X28.011 Y154.161 E2682.46826
G1 X27.579 Y154.548 E2682.48755
G1 X27.277 Y154.988 E2682.5053
G1 X27.09 Y155.503 E2682.52352
G1 X27.041 Y155.977 E2682.53937
G1 X27.095 Y156.52 E2682.55752
G1 X27.277 Y157.011 E2682.57493
G1 X27.576 Y157.447 E2682.59252
G1 X27.993 Y157.83 E2682.61135
G1 X28.481 Y158.078 E2682.62956
G1 X28.95 Y158.196 E2682.64564
G1 X29.525 Y158.199 E2682.66477
G1 X30.018 Y158.08 E2682.68163
G1 X30.484 Y157.843 E2682.69902
G1 X30.922 Y157.451 E2682.71857
G1 F2700 E2677.71857
G0 F9000 X30.571 Y157.424
G0 X30.893 Y156.404
G0 X30.943 Y156
G0 X30.893 Y155.596
G0 X29.978 Y154.103
G0 X29.506 Y92.022
G0 X30.493 Y91.838
G1 F2700 E2682.71857
G1 F1500 X30.912 Y91.465 E2682.73723
G1 X31.209 Y91.027 E2682.75483
G1 X31.4 Y90.537 E2682.77232
G1 X31.463 Y89.994 E2682.79051
G1 X31.402 Y89.477 E2682.80782
G1 X31.213 Y88.97 E2682.82582
G1 X30.9 Y88.53 E2682.84378
G1 X30.507 Y88.169 E2682.86153
G1 X30.041 Y87.935 E2682.87887
G1 X29.554 Y87.805 E2682.89563
G1 X28.954 Y87.804 E2682.91559
G1 X28.484 Y87.92 E2682.93169
G1 X28.014 Y88.158 E2682.94921
G1 X27.605 Y88.516 E2682.96729
G1 X27.278 Y88.99 E2682.98645
G1 X27.09 Y89.504 E2683.00465
G1 X27.041 Y89.975 E2683.0204
G1 X27.095 Y90.516 E2683.03848
G1 X27.276 Y91.006 E2683.05586
G1 X27.58 Y91.453 E2683.07384
G1 X28.011 Y91.839 E2683.09308
G1 X28.486 Y92.08 E2683.11079
G1 X28.953 Y92.196 E2683.1268
G1 X29.555 Y92.195 E2683.14682
G1 X30.043 Y92.064 E2683.16363
G1 X30.493 Y91.838 E2683.18038
G1 F2700 E2678.18038
G0 F9000 X30.352 Y91.617
G0 X31.046 Y90.949
G0 X48.47 Y88.528
G0 X66.359 Y89.464
G1 F2700 E2683.18038
G1 F1500 X66.704 Y89.101 E2683.19703
G1 X67.026 Y88.377 E2683.22339
G1 X67.006 Y87.754 E2683.24412
G1 X66.885 Y87.301 E2683.25971
G1 X66.387 Y86.257 E2683.29819
G1 X65.986 Y85.677 E2683.32164
G1 X65.577 Y85.295 E2683.34025
G1 X65.154 Y85.092 E2683.35586
G1 X64.78 Y85.004 E2683.36864
G1 X64.182 Y85.003 E2683.38853
G1 X63.26 Y85.366 E2683.42148
G1 X62.448 Y85.747 E2683.45132
G1 X60.671 Y86.296 E2683.51317
G1 X59.503 Y86.531 E2683.5528
G1 X58.458 Y86.62 E2683.58768
G1 X56.115 Y86.582 E2683.66562
G1 X55.099 Y86.422 E2683.69983
G1 X54.4 Y86.199 E2683.72423
G1 X53.632 Y85.83 E2683.75257
G1 X52.693 Y85.14 E2683.79133
G1 X51.949 Y84.281 E2683.82913
G1 X51.409 Y83.304 E2683.86626
G1 X51.077 Y82.244 E2683.9032
G1 X50.947 Y81.115 E2683.941
G1 X51.033 Y79.976 E2683.97899
G1 X51.34 Y78.887 E2684.01662
G1 X51.865 Y77.882 E2684.05433
G1 X52.225 Y77.41 E2684.07408
G1 X52.675 Y76.954 E2684.09539
G1 X53.743 Y76.213 E2684.13862
G1 X55.026 Y75.669 E2684.18497
G1 X56.021 Y75.424 E2684.21905
G1 X56.981 Y75.335 E2684.25112
G1 X58.576 Y75.336 E2684.30417
G1 X60.048 Y75.52 E2684.35351
G1 X61.881 Y75.918 E2684.4159
G1 X62.677 Y76.122 E2684.44323
G1 X62.692 Y77.524 E2684.48986
G1 X62.659 Y78.381 E2684.51839
G1 X62.541 Y78.45 E2684.52293
G1 X62.324 Y78.488 E2684.53026
G1 X58.563 Y78.492 E2684.65535
G1 X58 Y78.505 E2684.67408
G1 X57.518 Y78.639 E2684.69072
G1 X57.242 Y78.761 E2684.70076
G1 X56.752 Y79.195 E2684.72253
G1 X56.471 Y79.819 E2684.74529
G1 X56.412 Y80.343 E2684.76283
G1 X56.414 Y80.883 E2684.78079
G1 X56.488 Y81.593 E2684.80453
G1 X56.68 Y82.051 E2684.82105
G1 X57.04 Y82.453 E2684.839
G1 X57.305 Y82.626 E2684.84952
G1 X57.908 Y82.762 E2684.87008
G1 X58.356 Y82.785 E2684.885
G1 X66.123 Y82.775 E2685.14333
G1 X66.714 Y82.665 E2685.16333
G1 X67.356 Y82.226 E2685.1892
G1 X67.69 Y81.623 E2685.21212
G1 X67.792 Y81.139 E2685.22858
G1 X67.831 Y80.467 E2685.25096
G1 X67.818 Y79.925 E2685.269
G1 X67.896 Y78.688 E2685.31022
G1 X67.896 Y77.358 E2685.35446
G1 X67.817 Y76.477 E2685.38388
G1 X67.817 Y74.982 E2685.4336
G1 X67.789 Y74.337 E2685.45507
G1 X67.709 Y73.842 E2685.47175
G1 X67.55 Y73.428 E2685.4865
G1 X67.235 Y72.984 E2685.50461
G1 X66.867 Y72.644 E2685.52127
G1 X66.258 Y72.258 E2685.54525
G1 X65.487 Y71.905 E2685.57346
G1 X64.36 Y71.524 E2685.61302
G1 X62.257 Y71.023 E2685.68493
G1 X60.719 Y70.789 E2685.73667
G1 X59.874 Y70.741 E2685.76482
G1 X58.468 Y70.626 E2685.81174
G1 X56.89 Y70.625 E2685.86423
G1 X55.456 Y70.707 E2685.912
G1 X54.34 Y70.858 E2685.94945
G1 X53.271 Y71.1 E2685.98591
G1 X50.972 Y71.853 E2686.06637
G1 X49.053 Y72.893 E2686.13897
G1 X47.682 Y74.043 E2686.19849
G1 X46.553 Y75.471 E2686.25903
G1 X46.012 Y76.543 E2686.29897
G1 X45.569 Y77.759 E2686.34201
G1 X45.395 Y78.446 E2686.36559
G1 X45.327 Y79.009 E2686.38445
G1 X45.323 Y82.562 E2686.50262
G1 X45.496 Y83.767 E2686.54311
G1 X46.177 Y85.635 E2686.60924
G1 X47.068 Y87.212 E2686.66948
G1 X48.348 Y88.661 E2686.73379
G1 X49.877 Y89.806 E2686.79732
G1 X51.475 Y90.605 E2686.85675
G1 X53.158 Y91.146 E2686.91554
G1 X56.011 Y91.568 E2687.01147
G1 X57.992 Y91.572 E2687.07736
G1 X58.91 Y91.509 E2687.10796
G1 X61.774 Y91.126 E2687.20407
G1 X63.578 Y90.673 E2687.26593
G1 X65.254 Y90.065 E2687.32523
G1 X65.958 Y89.74 E2687.35102
G1 X66.359 Y89.464 E2687.36721
G1 F2700 E2682.36721
G0 F9000 X66.234 Y89.222
G0 X66.847 Y88.34
G0 X74.658 Y84.612
G0 X81.068 Y91.002
G1 F2700 E2687.36721
G1 F1500 X81.529 Y90.737 E2687.38489
G1 X81.961 Y90.327 E2687.4047
G1 X82.251 Y89.876 E2687.42254
G1 X90.788 Y73.128 E2688.04777
G1 X91.025 Y72.47 E2688.07103
G1 X91.031 Y72 E2688.08667
G1 X90.933 Y71.663 E2688.09834
G1 X90.72 Y71.353 E2688.11085
G1 X90.476 Y71.1 E2688.12254
G1 X89.893 Y70.877 E2688.1433
G1 X86.89 Y70.88 E2688.24318
G1 X86.343 Y70.948 E2688.26151
G1 X85.873 Y71.126 E2688.27823
G1 X85.332 Y71.465 E2688.29946
G1 X84.893 Y72.058 E2688.324
G1 X84.476 Y72.885 E2688.35481
G1 X84.208 Y73.349 E2688.37263
G1 X83.988 Y73.492 E2688.38136
G1 X75.368 Y73.499 E2688.66806
G1 X74.881 Y73.471 E2688.68429
G1 X74.745 Y73.377 E2688.68978
G1 X74.61 Y73.209 E2688.69695
G1 X73.926 Y71.831 E2688.74812
G1 X73.565 Y71.429 E2688.76609
G1 X73.143 Y71.133 E2688.78324
G1 X72.66 Y70.954 E2688.80037
G1 X72.138 Y70.88 E2688.8179
G1 X70.506 Y70.874 E2688.87218
G1 X69.924 Y70.89 E2688.89155
G1 X69.435 Y71.056 E2688.90872
G1 X69.164 Y71.229 E2688.91942
G1 X68.881 Y71.626 E2688.93563
G1 X68.762 Y71.99 E2688.94837
G1 X68.745 Y72.464 E2688.96415
G1 X68.957 Y73.038 E2688.9845
G1 X76.926 Y89.735 E2689.59985
G1 X77.168 Y90.148 E2689.61577
G1 X77.461 Y90.508 E2689.63121
G1 X77.887 Y90.845 E2689.64928
G1 X78.304 Y91.046 E2689.66467
G1 X78.756 Y91.189 E2689.68044
G1 X79.65 Y91.269 E2689.71029
G1 X80.55 Y91.169 E2689.74041
G1 X81.068 Y91.002 E2689.75851
G1 F2700 E2684.75851
G0 F9000 X80.97 Y90.76
G0 X81.811 Y90.228
G0 X92.73 Y90.116
G0 X106.325 Y91.115
G1 F2700 E2689.75851
G1 F1500 X108.085 Y90.801 E2689.81798
G1 X109.683 Y90.221 E2689.87452
G1 X110.86 Y89.453 E2689.92126
G1 X111.674 Y88.597 E2689.96055
G1 X112.269 Y87.55 E2690.00061
G1 X112.611 Y86.374 E2690.04134
G1 X112.747 Y85.247 E2690.0791
G1 X112.735 Y84.841 E2690.09261
G1 X112.68 Y84.46 E2690.10541
G1 X112.68 Y83.637 E2690.13278
G1 X112.333 Y82.398 E2690.17558
G1 X111.772 Y81.378 E2690.21429
G1 X111.12 Y80.632 E2690.24725
G1 X110.379 Y80.075 E2690.27808
G1 X108.574 Y79.243 E2690.34419
G1 X108.162 Y79.073 E2690.35901
G1 X108.622 Y78.405 E2690.38599
G1 X110.79 Y75.343 E2690.51077
G1 X111.505 Y74.261 E2690.55391
G1 X112.463 Y72.859 E2690.61038
G1 X112.633 Y72.347 E2690.62833
G1 X112.633 Y71.946 E2690.64166
G1 X112.544 Y71.625 E2690.65274
G1 X112.245 Y71.208 E2690.66981
G1 X111.93 Y71.02 E2690.68201
G1 X111.381 Y70.877 E2690.70088
G1 X108.604 Y70.874 E2690.79324
G1 X107.939 Y70.949 E2690.8155
G1 X107.395 Y71.162 E2690.83493
G1 X107.006 Y71.425 E2690.85055
G1 X106.67 Y71.768 E2690.86652
G1 X106.454 Y72.048 E2690.87828
G1 X106.064 Y72.633 E2690.90167
G1 X102.336 Y77.846 E2691.11483
G1 X102.048 Y78.141 E2691.12854
G1 X101.817 Y78.294 E2691.13775
G1 X101.587 Y78.375 E2691.14586
G1 X101.115 Y78.42 E2691.16163
G1 X98.044 Y78.423 E2691.26378
G1 X98.044 Y72.77 E2691.4518
G1 X97.98 Y72.031 E2691.47647
G1 X97.802 Y71.565 E2691.49306
G1 X97.414 Y71.141 E2691.51217
G1 X97.131 Y71.002 E2691.52266
G1 X96.605 Y70.89 E2691.54055
G1 X96.082 Y70.874 E2691.55795
G1 X94.231 Y70.875 E2691.61951
G1 X93.677 Y70.913 E2691.63798
G1 X93.394 Y71.009 E2691.64792
G1 X92.879 Y71.356 E2691.66858
G1 X92.618 Y71.72 E2691.68348
G1 X92.404 Y72.344 E2691.70542
G1 X92.398 Y89.181 E2692.26542
G1 X92.445 Y89.745 E2692.28424
G1 X92.566 Y90.187 E2692.29948
G1 X92.961 Y90.752 E2692.32241
G1 X93.552 Y91.111 E2692.34541
G1 X93.805 Y91.185 E2692.35418
G1 X94.786 Y91.261 E2692.3869
G1 X95.557 Y91.252 E2692.41255
G1 X103.075 Y91.251 E2692.6626
G1 X106.325 Y91.115 E2692.77079
G1 F2700 E2687.77079
G0 F9000 X106.307 Y90.857
G0 X109.595 Y90.064
G0 X116.263 Y90.127
G0 X117.102 Y91.116
G1 F2700 E2692.77079
G1 F1500 X117.361 Y91.188 E2692.77973
G1 X118.739 Y91.263 E2692.82563
G1 X120.15 Y91.251 E2692.87256
G1 X120.853 Y91.185 E2692.89605
G1 X121.461 Y90.999 E2692.91719
G1 X121.936 Y90.708 E2692.93572
G1 X122.304 Y90.37 E2692.95234
G1 X122.827 Y89.583 E2692.98377
G1 X123.262 Y88.755 E2693.01488
G1 X126.288 Y83.217 E2693.22478
G1 X127.642 Y80.695 E2693.31998
G1 X129.313 Y83.725 E2693.43507
G1 X132.718 Y89.771 E2693.66586
G1 X133.336 Y90.593 E2693.70006
G1 X133.793 Y90.937 E2693.71909
G1 X134.341 Y91.134 E2693.73846
G1 X135.945 Y91.272 E2693.792
G1 X137.447 Y91.25 E2693.84197
G1 X138.042 Y91.189 E2693.86186
G1 X138.541 Y91.016 E2693.87942
G1 X139.085 Y90.54 E2693.90347
G1 X139.322 Y90.109 E2693.91983
G1 X139.435 Y89.519 E2693.93981
G1 X139.436 Y72.417 E2694.50862
G1 X139.288 Y71.801 E2694.52969
G1 X138.95 Y71.346 E2694.54854
G1 X138.762 Y71.184 E2694.5568
G1 X138.273 Y70.939 E2694.57499
G1 X137.85 Y70.881 E2694.58919
G1 X136.274 Y70.851 E2694.64162
G1 X135.321 Y70.941 E2694.67346
G1 X134.81 Y71.115 E2694.69141
G1 X134.487 Y71.348 E2694.70466
G1 X134.268 Y71.569 E2694.715
G1 X134.024 Y72.115 E2694.7349
G1 X133.968 Y72.63 E2694.75213
G1 X133.968 Y81.611 E2695.05083
G1 X130.192 Y74.678 E2695.31341
G1 X129.029 Y72.484 E2695.396
G1 X128.637 Y71.866 E2695.42034
G1 X128.211 Y71.552 E2695.43794
G1 X127.961 Y71.437 E2695.4471
G1 X127.465 Y71.35 E2695.46385
G1 X126.955 Y71.488 E2695.48142
G1 X126.764 Y71.592 E2695.48865
G1 X126.375 Y71.926 E2695.5057
G1 X126.212 Y72.144 E2695.51476
G1 X124.851 Y74.666 E2695.61008
G1 X122.29 Y79.495 E2695.79188
G1 X121.077 Y81.71 E2695.87587
G1 X121.076 Y72.525 E2696.18137
G1 X121.053 Y72.167 E2696.1933
G1 X120.978 Y71.833 E2696.20468
G1 X120.715 Y71.432 E2696.22063
G1 X120.523 Y71.241 E2696.22964
G1 X120.099 Y70.986 E2696.2461
G1 X119.53 Y70.879 E2696.26535
G1 X117.636 Y70.879 E2696.32835
G1 X117.173 Y70.931 E2696.34385
G1 X116.74 Y71.09 E2696.35919
G1 X116.368 Y71.4 E2696.37529
G1 X116.222 Y71.587 E2696.38318
G1 X116.029 Y71.983 E2696.39784
G1 X115.945 Y72.458 E2696.41388
G1 X115.934 Y72.921 E2696.42928
G1 X115.935 Y89.175 E2696.96989
G1 X115.975 Y89.755 E2696.98923
G1 X116.103 Y90.207 E2697.00485
G1 X116.505 Y90.77 E2697.02786
G1 X117.102 Y91.116 E2697.05081
G1 F2700 E2692.05081
G0 F9000 X116.691 Y90.584
G0 X118.752 Y90.742
G0 X120.755 Y90.673
G0 X122.158 Y90.232
G0 X127.643 Y80.345
G0 X133.267 Y90.183
G0 X134.433 Y90.618
G0 X135.983 Y90.751
G0 X137.946 Y90.678
G0 X139.154 Y90.042
G0 X144.553 Y90.263
G0 X145.507 Y91.187
G1 F2700 E2697.05081
G1 F1500 X147.782 Y91.251 E2697.12651
G1 X148.392 Y91.212 E2697.14684
G1 X148.831 Y91.086 E2697.16203
G1 X149.423 Y90.667 E2697.18615
G1 X149.775 Y90.037 E2697.21016
G1 X149.857 Y89.473 E2697.22911
G1 X149.862 Y72.642 E2697.78891
G1 X149.789 Y72.064 E2697.80829
G1 X149.568 Y71.569 E2697.82632
G1 X149.238 Y71.227 E2697.84213
G1 X148.708 Y70.958 E2697.8619
G1 X148.201 Y70.878 E2697.87897
G1 X146.014 Y70.874 E2697.95171
G1 X145.401 Y70.914 E2697.97214
G1 X145.09 Y71.022 E2697.98309
G1 X144.675 Y71.318 E2698.00004
G1 X144.485 Y71.546 E2698.00992
G1 X144.286 Y71.942 E2698.02466
G1 X144.216 Y72.413 E2698.04049
G1 X144.213 Y89.326 E2698.60302
G1 X144.255 Y89.905 E2698.62233
G1 X144.392 Y90.349 E2698.63779
G1 X144.738 Y90.764 E2698.65576
G1 X144.935 Y90.909 E2698.66389
G1 X145.507 Y91.187 E2698.68504
G1 F2700 E2693.68504
G0 F9000 X145.23 Y90.765
G0 X148.306 Y90.696
G0 X149.605 Y89.983
G0 X154.984 Y90.012
G0 X155.536 Y90.994
G1 F2700 E2698.68504
G1 F1500 X156.054 Y91.196 E2698.70354
G1 X157.635 Y91.274 E2698.75619
G1 X158.727 Y91.208 E2698.79257
G1 X159.284 Y91.105 E2698.81141
G1 X159.69 Y90.977 E2698.82557
G1 X160.387 Y90.579 E2698.85227
G1 X160.862 Y90.14 E2698.87378
G1 X161.148 Y89.819 E2698.88808
G1 X163.172 Y87.711 E2698.98528
G1 X164.905 Y85.969 E2699.067
G1 X170.79 Y79.853 E2699.3493
G1 X170.79 Y87.521 E2699.60434
G1 X170.773 Y88.814 E2699.64735
G1 X170.855 Y89.741 E2699.6783
G1 X171.03 Y90.313 E2699.6982
G1 X171.344 Y90.731 E2699.71558
G1 X171.571 Y90.901 E2699.72502
G1 X172.016 Y91.133 E2699.74171
G1 X172.573 Y91.238 E2699.76056
G1 X173.012 Y91.251 E2699.77517
G1 X174.128 Y91.247 E2699.81229
G1 X174.772 Y91.181 E2699.83382
G1 X175.24 Y91.017 E2699.85031
G1 X175.645 Y90.685 E2699.86773
G1 X175.809 Y90.465 E2699.87686
G1 X176.021 Y89.983 E2699.89437
G1 X176.088 Y89.6 E2699.9073
G1 X176.189 Y85.401 E2700.047
G1 X176.106 Y84.3 E2700.08373
G1 X176.107 Y82.819 E2700.13298
G1 X176.189 Y81.697 E2700.1704
G1 X176.19 Y80.193 E2700.22042
G1 X176.106 Y79.051 E2700.25851
G1 X176.106 Y77.485 E2700.3106
G1 X176.19 Y76.335 E2700.34895
G1 X176.19 Y74.862 E2700.39794
G1 X176.107 Y73.56 E2700.44133
G1 X176.122 Y72.711 E2700.46957
G1 X176.028 Y72.075 E2700.49096
G1 X175.732 Y71.505 E2700.51232
G1 X175.532 Y71.285 E2700.52221
G1 X175.061 Y70.985 E2700.54078
G1 X174.497 Y70.881 E2700.55986
G1 X172.666 Y70.88 E2700.62076
G1 X172.104 Y70.946 E2700.63958
G1 X171.494 Y71.162 E2700.6611
G1 X171.015 Y71.45 E2700.67969
G1 X170.256 Y72.142 E2700.71385
G1 X169.686 Y72.785 E2700.74243
G1 X168.758 Y73.734 E2700.78658
G1 X161.683 Y81.101 E2701.1263
G1 X160.104 Y82.709 E2701.20126
G1 X160.104 Y72.657 E2701.53559
G1 X160.064 Y72.098 E2701.55423
G1 X159.936 Y71.782 E2701.56557
G1 X159.625 Y71.324 E2701.58398
G1 X159.039 Y70.973 E2701.6067
G1 X158.529 Y70.878 E2701.62395
G1 X156.443 Y70.876 E2701.69333
G1 X156.034 Y70.911 E2701.70699
G1 X155.55 Y71.046 E2701.7237
G1 X155.05 Y71.432 E2701.74471
G1 X154.818 Y71.894 E2701.7619
G1 X154.743 Y72.155 E2701.77094
G1 X154.711 Y72.724 E2701.78989
G1 X154.793 Y76.262 E2701.9076
G1 X154.713 Y77.344 E2701.94368
G1 X154.713 Y79.189 E2702.00505
G1 X154.796 Y80.279 E2702.04141
G1 X154.796 Y81.592 E2702.08508
G1 X154.713 Y82.676 E2702.12124
G1 X154.713 Y84.436 E2702.17977
G1 X154.796 Y85.527 E2702.21617
G1 X154.796 Y86.845 E2702.26
G1 X154.712 Y88.016 E2702.29905
G1 X154.711 Y89.25 E2702.34009
G1 X154.811 Y90.063 E2702.36734
G1 X155.004 Y90.487 E2702.38283
G1 X155.165 Y90.692 E2702.3915
G1 X155.536 Y90.994 E2702.40741
G1 F2700 E2697.40741
G0 F9000 X156.068 Y90.924
G0 X157.617 Y91.095
G0 X158.496 Y94.707
G0 X164.622 Y108.91
G1 F2700 E2702.40741
G1 F1500 X165.379 Y109.023 E2702.43287
G1 X165.98 Y108.909 E2702.45322
G1 X166.298 Y108.775 E2702.46469
G1 X166.782 Y108.427 E2702.48452
G1 X167.222 Y107.839 E2702.50895
G1 X172.192 Y99.238 E2702.83934
G1 X173.352 Y97.17 E2702.91821
G1 X173.5 Y96.61 E2702.93747
G1 X173.513 Y96.119 E2702.95381
G1 X173.414 Y95.647 E2702.96985
G1 X173.011 Y95.023 E2702.99455
G1 X172.392 Y94.601 E2703.01947
G1 X171.947 Y94.442 E2703.03519
G1 X171.518 Y94.353 E2703.04976
G1 X171.009 Y94.329 E2703.06671
G1 X169.84 Y94.407 E2703.10568
G1 X168.431 Y94.406 E2703.15254
G1 X167.329 Y94.327 E2703.18929
G1 X165.41 Y94.33 E2703.25311
G1 X164.612 Y94.407 E2703.27978
G1 X163.097 Y94.407 E2703.33017
G1 X162.011 Y94.328 E2703.36638
G1 X160.27 Y94.329 E2703.42429
G1 X159.263 Y94.405 E2703.45788
G1 X158.453 Y94.532 E2703.48515
G1 X158.103 Y94.688 E2703.49789
G1 X157.863 Y94.855 E2703.50762
G1 X157.531 Y95.185 E2703.52319
G1 X157.395 Y95.426 E2703.53239
G1 X157.179 Y96.085 E2703.55546
G1 X157.226 Y96.862 E2703.58135
G1 X157.441 Y97.413 E2703.60102
G1 X157.687 Y97.862 E2703.61805
G1 X158.757 Y99.666 E2703.68781
G1 X159.336 Y100.747 E2703.7286
G1 X162.31 Y105.838 E2703.9247
G1 X163.201 Y107.441 E2703.9857
G1 X163.812 Y108.267 E2704.01987
G1 X164.181 Y108.615 E2704.03674
G1 X164.622 Y108.91 E2704.05439
G1 F2700 E2699.05439
G0 F9000 X164.72 Y108.668
G0 X165.947 Y108.731
G0 X188.952 Y155.048
G0 X189.078 Y157.451
G1 F2700 E2704.05439
G1 F1500 X189.512 Y157.839 E2704.07375
G1 X189.985 Y158.079 E2704.09139
G1 X190.45 Y158.196 E2704.10734
G1 X191.025 Y158.199 E2704.12646
G1 X191.518 Y158.08 E2704.14333
G1 X191.984 Y157.843 E2704.16072
G1 X192.421 Y157.452 E2704.18022
G1 X192.699 Y157.055 E2704.19634
G1 X192.908 Y156.512 E2704.21569
G1 X192.96 Y156 E2704.23281
G1 X192.907 Y155.494 E2704.24973
G1 X192.721 Y154.987 E2704.26769
G1 X192.421 Y154.549 E2704.28535
G1 X191.989 Y154.161 E2704.30466
G1 X191.514 Y153.92 E2704.32238
G1 X191.047 Y153.804 E2704.33838
G1 X190.446 Y153.805 E2704.35837
G1 X189.955 Y153.936 E2704.37528
G1 X189.507 Y154.164 E2704.39199
G1 X189.116 Y154.509 E2704.40934
G1 X188.804 Y154.947 E2704.42722
G1 X188.613 Y155.437 E2704.44472
G1 X188.534 Y155.989 E2704.46326
G1 X188.607 Y156.556 E2704.48228
G1 X188.777 Y157.008 E2704.49834
G1 X189.078 Y157.451 E2704.51615
G1 F2700 E2699.51615
G0 F9000 X189.428 Y157.424
G0 X189.107 Y156.404
G0 X189.057 Y156
G0 X189.107 Y155.596
G0 X190.022 Y154.103
G0 X190.022 Y60.8
G0 X193.53 Y61.159
G1 F2700 E2704.51615
G1 F1500 X193.589 Y61.219 E2704.51895
G0 F9000 X193.589 Y61.784
G1 F1500 X192.964 Y61.159 E2704.54835
G0 F9000 X192.398 Y61.159
G1 F1500 X193.589 Y62.35 E2704.60437
G0 F9000 X193.589 Y62.916
G1 F1500 X191.833 Y61.159 E2704.68699
G0 F9000 X191.267 Y61.159
G1 F1500 X193.589 Y63.481 E2704.79621
G0 F9000 X193.589 Y64.047
G1 F1500 X190.701 Y61.159 E2704.93205
G0 F9000 X190.136 Y61.159
G1 F1500 X193.589 Y64.613 E2705.09449
G0 F9000 X193.589 Y65.178
G1 F1500 X189.57 Y61.159 E2705.28354
G0 F9000 X189.004 Y61.159
G1 F1500 X193.589 Y65.744 E2705.4992
G0 F9000 X193.589 Y66.31
G1 F1500 X188.439 Y61.159 E2705.74146
G0 F9000 X187.873 Y61.159
G1 F1500 X193.589 Y66.876 E2706.01035
G0 F9000 X193.589 Y67.441
G1 F1500 X187.307 Y61.159 E2706.30584
G0 F9000 X186.741 Y61.159
G1 F1500 X193.589 Y68.007 E2706.62795
G0 F9000 X193.589 Y68.573
G1 F1500 X186.176 Y61.159 E2706.97665
G0 F9000 X185.61 Y61.159
G1 F1500 X193.589 Y69.138 E2707.35196
G0 F9000 X193.589 Y69.704
G1 F1500 X185.044 Y61.159 E2707.75389
G0 F9000 X184.479 Y61.159
G1 F1500 X193.589 Y70.27 E2708.18242
G0 F9000 X193.589 Y70.835
G1 F1500 X183.913 Y61.159 E2708.63755
G0 F9000 X183.347 Y61.159
G1 F1500 X193.589 Y71.401 E2709.1193
G0 F9000 X193.589 Y71.967
G1 F1500 X182.782 Y61.159 E2709.62766
G0 F9000 X182.216 Y61.159
G1 F1500 X193.589 Y72.532 E2710.16261
G0 F9000 X193.589 Y73.098
G1 F1500 X181.65 Y61.159 E2710.72418
G0 F9000 X181.085 Y61.159
G1 F1500 X193.589 Y73.664 E2711.31235
G0 F9000 X193.589 Y74.229
G1 F1500 X180.519 Y61.159 E2711.92713
G0 F9000 X179.953 Y61.159
G1 F1500 X193.589 Y74.795 E2712.56852
G0 F9000 X193.589 Y75.361
G1 F1500 X179.388 Y61.159 E2713.23652
G0 F9000 X178.822 Y61.159
G1 F1500 X193.589 Y75.927 E2713.93114
G0 F9000 X193.589 Y76.492
G1 F1500 X178.256 Y61.159 E2714.65235
G0 F9000 X177.69 Y61.159
G1 F1500 X193.589 Y77.058 E2715.40019
G0 F9000 X193.589 Y77.624
G1 F1500 X177.125 Y61.159 E2716.17463
G0 F9000 X176.559 Y61.159
G1 F1500 X193.589 Y78.189 E2716.97567
G0 F9000 X193.589 Y78.755
G1 F1500 X175.993 Y61.159 E2717.80333
G0 F9000 X175.428 Y61.159
G1 F1500 X193.589 Y79.321 E2718.65759
G0 F9000 X193.589 Y79.886
G1 F1500 X174.862 Y61.159 E2719.53846
G0 F9000 X174.296 Y61.159
G1 F1500 X193.589 Y80.452 E2720.44594
G0 F9000 X193.589 Y81.018
G1 F1500 X173.731 Y61.159 E2721.38002
G0 F9000 X173.165 Y61.159
G1 F1500 X193.589 Y81.583 E2722.3407
G0 F9000 X193.589 Y82.149
G1 F1500 X172.599 Y61.159 E2723.32801
G0 F9000 X172.034 Y61.159
G1 F1500 X193.589 Y82.715 E2724.34191
G0 F9000 X193.589 Y83.28
G1 F1500 X171.468 Y61.159 E2725.38242
G0 F9000 X170.902 Y61.159
G1 F1500 X193.589 Y83.846 E2726.44955
G0 F9000 X193.589 Y84.412
G1 F1500 X170.337 Y61.159 E2727.54327
G0 F9000 X169.771 Y61.159
G1 F1500 X193.589 Y84.977 E2728.6636
G0 F9000 X193.589 Y85.543
G1 F1500 X169.205 Y61.159 E2729.81055
G0 F9000 X168.64 Y61.159
G1 F1500 X193.589 Y86.109 E2730.98409
G0 F9000 X193.589 Y86.675
G1 F1500 X168.074 Y61.159 E2732.18426
G0 F9000 X167.508 Y61.159
G1 F1500 X193.589 Y87.24 E2733.41104
G0 F9000 X193.589 Y87.806
G1 F1500 X166.942 Y61.159 E2734.66443
G0 F9000 X166.377 Y61.159
G1 F1500 X193.589 Y88.372 E2735.94442
G0 F9000 X193.555 Y88.903
G1 F1500 X165.811 Y61.159 E2737.24941
G0 F9000 X165.245 Y61.159
G1 F1500 X174.825 Y70.738 E2737.7
G0 F9000 X174.203 Y70.683
G1 F1500 X164.68 Y61.159 E2738.14796
G0 F9000 X164.114 Y61.159
G1 F1500 X173.637 Y70.682 E2738.59589
G0 F9000 X173.07 Y70.68
G1 F1500 X163.548 Y61.159 E2739.04375
G0 F9000 X162.983 Y61.159
G1 F1500 X172.518 Y70.695 E2739.49228
G0 F9000 X172.022 Y70.764
G1 F1500 X162.417 Y61.159 E2739.94407
G0 F9000 X161.851 Y61.159
G1 F1500 X171.6 Y70.908 E2740.40263
G0 F9000 X171.22 Y71.093
G1 F1500 X161.286 Y61.159 E2740.86989
G0 F9000 X160.72 Y61.159
G1 F1500 X170.868 Y71.308 E2741.34725
G0 F9000 X170.573 Y71.579
G1 F1500 X160.154 Y61.159 E2741.83735
G0 F9000 X159.589 Y61.159
G1 F1500 X170.279 Y71.849 E2742.34017
G0 F9000 X169.996 Y72.132
G1 F1500 X159.023 Y61.159 E2742.85631
G0 F9000 X158.457 Y61.159
G1 F1500 X169.73 Y72.432 E2743.38656
G0 F9000 X169.461 Y72.729
G1 F1500 X157.891 Y61.159 E2743.93077
G0 F9000 X157.326 Y61.159
G1 F1500 X169.181 Y73.015 E2744.48842
G0 F9000 X168.901 Y73.3
G1 F1500 X156.76 Y61.159 E2745.0595
G0 F9000 X156.194 Y61.159
G1 F1500 X168.621 Y73.586 E2745.64402
G0 F9000 X168.344 Y73.874
G1 F1500 X155.629 Y61.159 E2746.2421
G0 F9000 X155.063 Y61.159
G1 F1500 X168.067 Y74.163 E2746.85377
G0 F9000 X167.79 Y74.452
G1 F1500 X154.497 Y61.159 E2747.47903
G0 F9000 X153.932 Y61.159
G1 F1500 X167.513 Y74.741 E2748.11786
G0 F9000 X167.236 Y75.029
G1 F1500 X153.366 Y61.159 E2748.77026
G0 F9000 X152.8 Y61.159
G1 F1500 X166.959 Y75.318 E2749.43626
G0 F9000 X166.682 Y75.606
G1 F1500 X152.235 Y61.159 E2750.1158
G0 F9000 X151.669 Y61.159
G1 F1500 X166.404 Y75.895 E2750.80892
G0 F9000 X166.127 Y76.183
G1 F1500 X151.103 Y61.159 E2751.5156
G0 F9000 X150.538 Y61.159
G1 F1500 X165.85 Y76.472 E2752.23585
G0 F9000 X165.573 Y76.76
G1 F1500 X149.972 Y61.159 E2752.96967
G0 F9000 X149.406 Y61.159
G1 F1500 X159.014 Y70.767 E2753.42161
G0 F9000 X158.361 Y70.68
G1 F1500 X148.841 Y61.159 E2753.86942
G0 F9000 X148.275 Y61.159
G1 F1500 X157.794 Y70.678 E2754.31716
G0 F9000 X157.228 Y70.678
G1 F1500 X147.709 Y61.159 E2754.76491
G0 F9000 X147.143 Y61.159
G1 F1500 X156.66 Y70.676 E2755.21256
G0 F9000 X156.121 Y70.702
G1 F1500 X146.578 Y61.159 E2755.66143
G0 F9000 X146.012 Y61.159
G1 F1500 X155.659 Y70.806 E2756.1152
G0 F9000 X155.284 Y70.997
G1 F1500 X145.446 Y61.159 E2756.57795
G0 F9000 X144.881 Y61.159
G1 F1500 X154.965 Y71.244 E2757.05229
G0 F9000 X154.747 Y71.591
G1 F1500 X144.315 Y61.159 E2757.54298
G0 F9000 X143.749 Y61.159
G1 F1500 X154.581 Y71.991 E2758.05249
G0 F9000 X154.522 Y72.498
G1 F1500 X143.184 Y61.159 E2758.58581
G0 F9000 X142.618 Y61.159
G1 F1500 X154.518 Y73.059 E2759.14555
G0 F9000 X154.531 Y73.638
G1 F1500 X142.052 Y61.159 E2759.73253
G0 F9000 X141.487 Y61.159
G1 F1500 X154.545 Y74.217 E2760.34674
G0 F9000 X154.558 Y74.797
G1 F1500 X140.921 Y61.159 E2760.9882
G0 F9000 X140.355 Y61.159
G1 F1500 X154.572 Y75.376 E2761.65693
G0 F9000 X154.585 Y75.955
G1 F1500 X139.79 Y61.159 E2762.35286
G0 F9000 X139.224 Y61.159
G1 F1500 X148.895 Y70.83 E2762.80775
G0 F9000 X148.178 Y70.679
G1 F1500 X138.658 Y61.159 E2763.25555
G0 F9000 X138.093 Y61.159
G1 F1500 X147.611 Y70.678 E2763.70327
G0 F9000 X147.044 Y70.676
G1 F1500 X137.527 Y61.159 E2764.15092
G0 F9000 X136.961 Y61.159
G1 F1500 X146.476 Y70.674 E2764.59847
G0 F9000 X145.914 Y70.678
G1 F1500 X136.395 Y61.159 E2765.04622
G0 F9000 X135.83 Y61.159
G1 F1500 X145.385 Y70.714 E2765.49566
G0 F9000 X144.968 Y70.864
G1 F1500 X135.264 Y61.159 E2765.95213
G0 F9000 X134.698 Y61.159
G1 F1500 X144.64 Y71.101 E2766.41977
G0 F9000 X144.359 Y71.385
G1 F1500 X134.133 Y61.159 E2766.90077
G0 F9000 X133.567 Y61.159
G1 F1500 X144.158 Y71.75 E2767.39894
G0 F9000 X144.042 Y72.2
G1 F1500 X133.001 Y61.159 E2767.91827
G0 F9000 X132.436 Y61.159
G1 F1500 X144.016 Y72.74 E2768.46298
G0 F9000 X144.016 Y73.305
G1 F1500 X131.87 Y61.159 E2769.03429
G0 F9000 X131.304 Y61.159
G1 F1500 X144.016 Y73.871 E2769.63223
G0 F9000 X144.016 Y74.437
G1 F1500 X130.739 Y61.159 E2770.25676
G0 F9000 X130.173 Y61.159
G1 F1500 X144.015 Y75.002 E2770.90787
G0 F9000 X144.015 Y75.567
G1 F1500 X129.607 Y61.159 E2771.58558
G0 F9000 X129.042 Y61.159
G1 F1500 X139.09 Y71.208 E2772.05823
G1 X139.108 Y71.226
G1 X144.015 Y76.133 E2772.28904
G0 F9000 X144.015 Y76.699
G1 F1500 X139.611 Y72.295 E2772.49619
G0 F9000 X139.633 Y72.882
G1 F1500 X144.015 Y77.264 E2772.7023
G0 F9000 X144.015 Y77.829
G1 F1500 X139.633 Y73.447 E2772.90842
G0 F9000 X139.633 Y74.013
G1 F1500 X144.015 Y78.395 E2773.11453
G0 F9000 X144.015 Y78.961
G1 F1500 X139.633 Y74.579 E2773.32065
G0 F9000 X139.633 Y75.144
G1 F1500 X144.015 Y79.526 E2773.52677
G0 F9000 X144.014 Y80.091
G1 F1500 X139.633 Y75.71 E2773.73284
G0 F9000 X139.633 Y76.276
G1 F1500 X144.014 Y80.657 E2773.9389
G0 F9000 X144.014 Y81.223
G1 F1500 X139.633 Y76.842 E2774.14497
G0 F9000 X139.633 Y77.407
G1 F1500 X144.014 Y81.788 E2774.35104
G0 F9000 X144.013 Y82.353
G1 F1500 X139.633 Y77.973 E2774.55706
G0 F9000 X139.633 Y78.539
G1 F1500 X144.013 Y82.919 E2774.76309
G0 F9000 X144.013 Y83.485
G1 F1500 X139.633 Y79.104 E2774.96913
G0 F9000 X139.633 Y79.67
G1 F1500 X144.013 Y84.05 E2775.17515
G0 F9000 X144.012 Y84.615
G1 F1500 X139.633 Y80.236 E2775.38113
G0 F9000 X139.633 Y80.801
G1 F1500 X144.012 Y85.181 E2775.58713
G0 F9000 X144.012 Y85.747
G1 F1500 X139.633 Y81.367 E2775.79312
G0 F9000 X139.633 Y81.933
G1 F1500 X144.012 Y86.312 E2775.9991
G0 F9000 X144.012 Y86.878
G1 F1500 X139.633 Y82.498 E2776.2051
G0 F9000 X139.633 Y83.064
G1 F1500 X144.012 Y87.443 E2776.41107
G0 F9000 X144.012 Y88.009
G1 F1500 X139.633 Y83.63 E2776.61705
G0 F9000 X139.633 Y84.195
G1 F1500 X144.012 Y88.575 E2776.82304
G0 F9000 X144.012 Y89.14
G1 F1500 X139.633 Y84.761 E2777.02902
G0 F9000 X139.633 Y85.327
G1 F1500 X144.038 Y89.732 E2777.23622
G0 F9000 X144.336 Y90.595
G1 F1500 X139.633 Y85.892 E2777.45743
G0 F9000 X139.633 Y86.458
G1 F1500 X193.589 Y140.415 E2779.99538
G0 F9000 X193.589 Y140.98
G1 F1500 X139.633 Y87.024 E2782.5333
G0 F9000 X139.633 Y87.59
G1 F1500 X193.589 Y141.546 E2785.07123
G0 F9000 X193.589 Y142.112
G1 F1500 X139.633 Y88.155 E2787.60918
G0 F9000 X139.633 Y88.721
G1 F1500 X193.589 Y142.677 E2790.1471
G0 F9000 X193.589 Y143.243
G1 F1500 X139.633 Y89.287 E2792.68503
G0 F9000 X139.581 Y89.801
G1 F1500 X193.589 Y143.809 E2795.2254
G0 F9000 X193.589 Y144.374
G1 F1500 X139.468 Y90.253 E2797.77108
G0 F9000 X139.268 Y90.619
G1 F1500 X193.589 Y144.94 E2800.32618
G0 F9000 X193.589 Y145.506
G1 F1500 X138.983 Y90.9 E2802.89468
G0 F9000 X138.682 Y91.165
G1 F1500 X193.589 Y146.071 E2805.47731
G0 F9000 X193.589 Y146.637
G1 F1500 X138.272 Y91.32 E2808.07925
G0 F9000 X137.801 Y91.415
G1 F1500 X193.589 Y147.203 E2810.70335
G0 F9000 X193.589 Y147.769
G1 F1500 X137.273 Y91.452 E2813.3523
G0 F9000 X136.716 Y91.461
G1 F1500 X193.589 Y148.334 E2816.02744
G0 F9000 X193.589 Y148.9
G1 F1500 X136.158 Y91.469 E2818.72881
G0 F9000 X135.562 Y91.438
G1 F1500 X193.589 Y149.466 E2821.45825
G0 F9000 X193.589 Y150.031
G1 F1500 X134.941 Y91.383 E2824.21687
G0 F9000 X134.319 Y91.327
G1 F1500 X193.589 Y150.597 E2827.00475
G0 F9000 X193.589 Y151.163
G1 F1500 X126.207 Y83.781 E2830.17419
G0 F9000 X126.007 Y84.147
G1 F1500 X193.589 Y151.728 E2833.35302
G0 F9000 X193.589 Y152.294
G1 F1500 X125.807 Y84.512 E2836.54128
G0 F9000 X125.607 Y84.878
G1 F1500 X193.589 Y152.86 E2839.73894
G0 F9000 X193.589 Y153.425
G1 F1500 X125.408 Y85.244 E2842.94597
G0 F9000 X125.208 Y85.61
G1 F1500 X193.589 Y153.991 E2846.1624
G0 F9000 X193.589 Y154.557
G1 F1500 X125.007 Y85.975 E2849.38829
G0 F9000 X124.807 Y86.341
G1 F1500 X193.414 Y154.947 E2852.61533
G1 X193.414 Y154.948
G1 X193.589 Y155.122 E2852.62353
G0 F9000 X193.589 Y155.688
G1 F1500 X192.962 Y155.061 E2852.65303
G0 F9000 X193.139 Y155.803
G1 F1500 X193.589 Y156.254 E2852.67422
G0 F9000 X193.123 Y156.354
G1 F1500 X193.589 Y156.82 E2852.69614
G0 F9000 X193.181 Y156.977
G1 F1500 X193.589 Y157.385 E2852.71533
G0 F9000 X193.589 Y157.951
G1 F1500 X192.84 Y157.202 E2852.75056
G0 F9000 X192.606 Y157.534
G1 F1500 X193.589 Y158.517 E2852.79679
G0 F9000 X193.346 Y158.839
G1 F1500 X192.322 Y157.815 E2852.84496
G0 F9000 X192.001 Y158.06
G1 F1500 X192.78 Y158.839 E2852.8816
G0 F9000 X192.214 Y158.839
G1 F1500 X191.696 Y158.321 E2852.90597
G1 X191.695 Y158.32
G1 X191.63 Y158.254 E2852.90905
G0 F9000 X191.177 Y158.367
G1 F1500 X191.649 Y158.839 E2852.93125
G0 F9000 X191.083 Y158.839
G1 F1500 X190.643 Y158.399 E2852.95195
G0 F9000 X190.517 Y158.839
G1 F1500 X189.957 Y158.279 E2852.97829
G0 F9000 X189.732 Y158.619
G1 F1500 X122.008 Y90.895 E2856.16382
G0 F9000 X122.311 Y90.632
G1 F1500 X188.489 Y156.81 E2859.27663
G0 F9000 X188.344 Y156.1
G1 F1500 X122.572 Y90.328 E2862.37034
G0 F9000 X122.797 Y89.987
G1 F1500 X188.387 Y155.577 E2865.45549
G0 F9000 X188.511 Y155.136
G1 F1500 X123.02 Y89.644 E2868.53601
G0 F9000 X123.214 Y89.273
G1 F1500 X188.694 Y154.753 E2871.61599
G0 F9000 X188.927 Y154.42
G1 F1500 X123.409 Y88.902 E2874.69776
G0 F9000 X123.607 Y88.534
G1 F1500 X189.221 Y154.149 E2877.78406
G0 F9000 X189.553 Y153.915
G1 F1500 X123.807 Y88.169 E2880.87655
G0 F9000 X124.008 Y87.804
G1 F1500 X189.938 Y153.734 E2883.9777
G0 F9000 X190.383 Y153.613
G1 F1500 X124.208 Y87.438 E2887.09036
G0 F9000 X124.408 Y87.073
G1 F1500 X190.934 Y153.599 E2890.21954
G0 F9000 X191.674 Y153.773
G1 F1500 X124.607 Y86.706 E2893.37417
G0 F9000 X124.205 Y86.486
G0 X126.005 Y83.194
G0 X126.408 Y83.415
G1 F1500 X132.132 Y89.14 E2893.64343
G0 F9000 X132.535 Y88.914
G0 X131.805 Y87.619
G0 X131.403 Y87.845
G1 F1500 X126.606 Y83.048 E2893.86907
G0 F9000 X126.803 Y82.679
G1 F1500 X130.674 Y86.551 E2894.05117
G0 F9000 X131.076 Y86.325
G0 X130.347 Y85.03
G0 X129.945 Y85.256
G1 F1500 X127.001 Y82.312 E2894.18965
G0 F9000 X127.198 Y81.943
G1 F1500 X129.215 Y83.961 E2894.28455
G0 F9000 X129.617 Y83.735
G0 X128.92 Y82.474
G0 X128.516 Y82.696
G1 F1500 X127.396 Y81.576 E2894.33723
G0 F9000 X127.593 Y81.207
G1 F1500 X127.823 Y81.437 E2894.34805
G1 F2700 E2889.34805
G0 F9000 X128.226 Y81.216
G0 X133.174 Y89.518
G0 X133.694 Y90.207
G0 X134.037 Y90.475
G0 X134.433 Y90.618
G0 X135.983 Y90.751
G0 X137.946 Y90.678
G0 X138.289 Y90.553
G0 X138.676 Y90.212
G0 X138.826 Y89.934
G0 X138.917 Y89.448
G0 X138.918 Y72.502
G0 X138.815 Y72.039
G0 X138.522 Y71.642
G0 X138.116 Y71.438
G0 X136.34 Y71.37
G0 X135.444 Y71.449
G0 X135.051 Y71.576
G0 X134.721 Y71.827
G0 X134.533 Y72.246
G0 X134.489 Y72.626
G0 X134.519 Y83.776
G0 X132.41 Y79.293
G0 X132.814 Y79.074
G1 F2700 E2894.34805
G1 F1500 X133.399 Y79.659 E2894.37556
G1 X133.4 Y79.66
G1 X133.767 Y80.027 E2894.39283
G0 F9000 X133.487 Y80.313
G1 F1500 X133.767 Y80.593 E2894.406
G0 F9000 X134.228 Y80.593
G0 X134.228 Y79.461
G0 X133.766 Y79.461
G1 F1500 X132.137 Y77.831 E2894.48264
G0 F9000 X131.733 Y78.05
G0 X131.057 Y76.808
G0 X131.461 Y76.589
G1 F1500 X133.766 Y78.895 E2894.59109
G0 F9000 X133.766 Y78.329
G1 F1500 X130.784 Y75.347 E2894.73135
G0 F9000 X130.38 Y75.566
G0 X129.716 Y74.334
G0 X130.123 Y74.12
G1 F1500 X133.766 Y77.764 E2894.90273
G0 F9000 X133.766 Y77.198
G1 F1500 X129.484 Y72.916 E2895.10414
G0 F9000 X129.077 Y73.129
G0 X128.409 Y72.401
G0 X127.469 Y71.615
G0 X127.769 Y71.201
G1 F1500 X117.728 Y61.159 E2895.57646
G0 F9000 X117.162 Y61.159
G1 F1500 X127.214 Y71.211 E2896.04928
G0 F9000 X126.789 Y71.352
G1 F1500 X116.596 Y61.159 E2896.52873
G0 F9000 X116.031 Y61.159
G1 F1500 X126.456 Y71.585 E2897.01911
G0 F9000 X126.171 Y71.865
G1 F1500 X115.465 Y61.159 E2897.52269
G0 F9000 X114.899 Y61.159
G1 F1500 X125.948 Y72.208 E2898.0424
G0 F9000 X125.75 Y72.576
G1 F1500 X114.334 Y61.159 E2898.57939
G0 F9000 X113.768 Y61.159
G1 F1500 X125.551 Y72.943 E2899.13365
G0 F9000 X125.353 Y73.31
G1 F1500 X113.202 Y61.159 E2899.7052
G0 F9000 X112.637 Y61.159
G1 F1500 X125.155 Y73.678 E2900.29403
G0 F9000 X124.957 Y74.045
G1 F1500 X112.071 Y61.159 E2900.90015
G0 F9000 X111.505 Y61.159
G1 F1500 X124.759 Y74.413 E2901.52358
G0 F9000 X124.561 Y74.781
G1 F1500 X110.94 Y61.159 E2902.16429
G0 F9000 X110.374 Y61.159
G1 F1500 X119.975 Y70.76 E2902.61589
G0 F9000 X119.329 Y70.68
G1 F1500 X109.808 Y61.159 E2903.06373
G0 F9000 X109.243 Y61.159
G1 F1500 X118.764 Y70.68 E2903.51157
G0 F9000 X118.197 Y70.68
G1 F1500 X108.677 Y61.159 E2903.95939
G0 F9000 X108.111 Y61.159
G1 F1500 X117.632 Y70.68 E2904.40722
G0 F9000 X117.124 Y70.738
G1 F1500 X107.545 Y61.159 E2904.85779
G0 F9000 X106.98 Y61.159
G1 F1500 X116.71 Y70.89 E2905.31548
G0 F9000 X116.381 Y71.127
G1 F1500 X106.414 Y61.159 E2905.78432
G0 F9000 X105.848 Y61.159
G1 F1500 X116.104 Y71.414 E2906.26671
G0 F9000 X115.904 Y71.781
G1 F1500 X105.283 Y61.159 E2906.76631
G0 F9000 X104.717 Y61.159
G1 F1500 X115.783 Y72.226 E2907.28685
G0 F9000 X115.738 Y72.746
G1 F1500 X104.151 Y61.159 E2907.83187
G0 F9000 X103.586 Y61.159
G1 F1500 X115.734 Y73.307 E2908.40327
G0 F9000 X115.734 Y73.873
G1 F1500 X103.02 Y61.159 E2909.0013
G0 F9000 X102.454 Y61.159
G1 F1500 X112.311 Y71.016 E2909.46494
G1 X112.449 Y71.154
G1 X115.734 Y74.439 E2909.61946
G0 F9000 X115.734 Y75.004
G1 F1500 X112.832 Y72.102 E2909.75596
G0 F9000 X112.759 Y72.595
G1 F1500 X115.734 Y75.57 E2909.89589
G0 F9000 X115.734 Y76.136
G1 F1500 X112.605 Y73.007 E2910.04307
G0 F9000 X112.375 Y73.343
G1 F1500 X115.734 Y76.701 E2910.20105
G0 F9000 X115.734 Y77.267
G1 F1500 X112.145 Y73.679 E2910.36984
G0 F9000 X111.915 Y74.014
G1 F1500 X115.734 Y77.833 E2910.54947
G0 F9000 X115.734 Y78.399
G1 F1500 X111.686 Y74.35 E2910.7399
G0 F9000 X111.459 Y74.69
G1 F1500 X115.734 Y78.964 E2910.94096
G0 F9000 X115.734 Y79.53
G1 F1500 X111.234 Y75.03 E2911.15263
G0 F9000 X111.008 Y75.37
G1 F1500 X115.734 Y80.096 E2911.37492
G0 F9000 X115.734 Y80.661
G1 F1500 X110.776 Y75.704 E2911.60811
G0 F9000 X110.542 Y76.035
G1 F1500 X115.734 Y81.227 E2911.85232
G0 F9000 X115.734 Y81.793
G1 F1500 X110.307 Y76.366 E2912.10759
G0 F9000 X110.073 Y76.697
G1 F1500 X115.734 Y82.358 E2912.37387
G0 F9000 X115.734 Y82.924
G1 F1500 X109.838 Y77.028 E2912.6512
G0 F9000 X109.604 Y77.36
G1 F1500 X115.734 Y83.49 E2912.93954
G0 F9000 X115.734 Y84.055
G1 F1500 X109.369 Y77.691 E2913.2389
G0 F9000 X109.134 Y78.022
G1 F1500 X115.734 Y84.621 E2913.54932
G0 F9000 X115.734 Y85.187
G1 F1500 X112.094 Y81.547 E2913.72054
G0 F9000 X111.691 Y81.769
G0 X112.159 Y82.741
G0 X112.601 Y82.62
G1 F1500 X115.734 Y85.752 E2913.86788
G0 F9000 X115.734 Y86.318
G1 F1500 X112.822 Y83.406 E2914.00485
G0 F9000 X112.878 Y84.029
G1 F1500 X115.734 Y86.884 E2914.13917
G0 F9000 X115.734 Y87.45
G1 F1500 X112.903 Y84.619 E2914.27233
G0 F9000 X112.946 Y85.227
G1 F1500 X115.734 Y88.015 E2914.40347
G0 F9000 X115.734 Y88.581
G1 F1500 X112.888 Y85.735 E2914.53733
G0 F9000 X112.827 Y86.24
G1 F1500 X115.734 Y89.147 E2914.67407
G0 F9000 X115.771 Y89.75
G1 F1500 X112.722 Y86.701 E2914.81749
G0 F9000 X112.597 Y87.141
G1 F1500 X116.343 Y90.887 E2914.99369
G1 X116.392 Y90.936
G1 X184.294 Y158.838 E2918.18759
G0 F9000 X183.728 Y158.838
G1 F1500 X112.472 Y87.582 E2921.53925
G0 F9000 X112.273 Y87.948
G1 F1500 X183.163 Y158.838 E2924.8737
G0 F9000 X182.597 Y158.838
G1 F1500 X112.067 Y88.309 E2928.19119
G0 F9000 X111.863 Y88.67
G1 F1500 X182.031 Y158.838 E2931.49168
G0 F9000 X181.466 Y158.838
G1 F1500 X111.596 Y88.968 E2934.77815
G0 F9000 X111.32 Y89.258
G1 F1500 X180.9 Y158.838 E2938.05098
G0 F9000 X180.334 Y158.838
G1 F1500 X111.044 Y89.548 E2941.31017
G0 F9000 X110.715 Y89.785
G1 F1500 X179.769 Y158.838 E2944.55823
G0 F9000 X179.203 Y158.838
G1 F1500 X110.373 Y90.009 E2947.79576
G0 F9000 X110.031 Y90.232
G1 F1500 X178.637 Y158.838 E2951.02278
G0 F9000 X178.072 Y158.838
G1 F1500 X109.67 Y90.436 E2954.2402
G0 F9000 X109.255 Y90.587
G1 F1500 X177.506 Y158.838 E2957.45052
G0 F9000 X176.94 Y158.838
G1 F1500 X108.84 Y90.738 E2960.65373
G0 F9000 X108.425 Y90.889
G1 F1500 X176.375 Y158.838 E2963.84987
G0 F9000 X175.809 Y158.838
G1 F1500 X107.99 Y91.02 E2967.03984
G0 F9000 X107.511 Y91.106
G1 F1500 X175.243 Y158.838 E2970.22575
G0 F9000 X174.678 Y158.838
G1 F1500 X107.031 Y91.192 E2973.40763
G0 F9000 X106.551 Y91.278
G1 F1500 X174.112 Y158.838 E2976.58547
G0 F9000 X173.546 Y158.838
G1 F1500 X106.036 Y91.328 E2979.76093
G0 F9000 X105.492 Y91.35
G1 F1500 X172.98 Y158.838 E2982.93536
G0 F9000 X172.415 Y158.838
G1 F1500 X104.949 Y91.373 E2986.10873
G0 F9000 X104.406 Y91.395
G1 F1500 X171.849 Y158.838 E2989.28104
G0 F9000 X171.283 Y158.838
G1 F1500 X103.863 Y91.418 E2992.45227
G0 F9000 X103.32 Y91.44
G1 F1500 X170.718 Y158.838 E2995.62247
G0 F9000 X170.152 Y158.838
G1 F1500 X102.765 Y91.451 E2998.79215
G0 F9000 X102.199 Y91.451
G1 F1500 X169.586 Y158.838 E3001.96183
G0 F9000 X169.021 Y158.838
G1 F1500 X101.633 Y91.451 E3005.13153
G0 F9000 X101.068 Y91.451
G1 F1500 X168.455 Y158.838 E3008.3012
G0 F9000 X167.889 Y158.838
G1 F1500 X100.502 Y91.451 E3011.47088
G0 F9000 X99.936 Y91.451
G1 F1500 X167.324 Y158.838 E3014.64058
G0 F9000 X166.758 Y158.838
G1 F1500 X99.371 Y91.451 E3017.81026
G0 F9000 X98.805 Y91.451
G1 F1500 X166.192 Y158.838 E3020.97994
G0 F9000 X165.627 Y158.838
G1 F1500 X98.239 Y91.451 E3024.14964
G0 F9000 X97.674 Y91.451
G1 F1500 X165.061 Y158.838 E3027.31932
G0 F9000 X164.495 Y158.838
G1 F1500 X97.108 Y91.451 E3030.489
G0 F9000 X96.542 Y91.451
G1 F1500 X163.929 Y158.838 E3033.65867
G0 F9000 X163.364 Y158.838
G1 F1500 X95.977 Y91.451 E3036.82835
G0 F9000 X95.413 Y91.453
G1 F1500 X162.798 Y158.838 E3039.99794
G0 F9000 X162.232 Y158.838
G1 F1500 X94.854 Y91.46 E3043.16719
G0 F9000 X94.25 Y91.422
G1 F1500 X161.667 Y158.838 E3046.33826
G0 F9000 X161.101 Y158.838
G1 F1500 X93.591 Y91.328 E3049.51372
G0 F9000 X93.954 Y90.94
G0 X92.764 Y89.939
G0 X92.321 Y90.059
G1 F1500 X85.737 Y83.474 E3049.82343
G0 F9000 X85.546 Y83.849
G1 F1500 X160.535 Y158.838 E3053.35069
G0 F9000 X159.97 Y158.838
G1 F1500 X85.355 Y84.224 E3056.86032
G0 F9000 X85.164 Y84.598
G1 F1500 X159.404 Y158.838 E3060.35235
G0 F9000 X158.838 Y158.838
G1 F1500 X84.973 Y84.973 E3063.82673
G0 F9000 X84.782 Y85.348
G1 F1500 X158.273 Y158.838 E3067.2835
G0 F9000 X157.707 Y158.838
G1 F1500 X84.591 Y85.723 E3070.72263
G0 F9000 X84.4 Y86.098
G1 F1500 X157.141 Y158.838 E3074.14412
G0 F9000 X156.576 Y158.838
G1 F1500 X84.21 Y86.472 E3077.54799
G0 F9000 X84.019 Y86.847
G1 F1500 X156.01 Y158.838 E3080.93423
G0 F9000 X155.444 Y158.838
G1 F1500 X83.828 Y87.222 E3084.30282
G0 F9000 X83.637 Y87.597
G1 F1500 X154.879 Y158.838 E3087.65381
G0 F9000 X154.313 Y158.838
G1 F1500 X83.446 Y87.971 E3090.98717
G0 F9000 X83.255 Y88.346
G1 F1500 X153.747 Y158.838 E3094.3029
G0 F9000 X153.181 Y158.838
G1 F1500 X83.064 Y88.721 E3097.60099
G0 F9000 X82.873 Y89.096
G1 F1500 X152.616 Y158.838 E3100.88146
G0 F9000 X152.05 Y158.838
G1 F1500 X82.682 Y89.47 E3104.14432
G0 F9000 X82.491 Y89.845
G1 F1500 X151.484 Y158.838 E3107.38954
G0 F9000 X150.919 Y158.838
G1 F1500 X82.279 Y90.199 E3110.61813
G0 F9000 X82.042 Y90.528
G1 F1500 X150.353 Y158.838 E3113.83125
G0 F9000 X149.787 Y158.838
G1 F1500 X81.754 Y90.805 E3117.03131
G0 F9000 X81.415 Y91.032
G1 F1500 X149.222 Y158.838 E3120.22072
G0 F9000 X148.656 Y158.838
G1 F1500 X81.037 Y91.22 E3123.40129
G0 F9000 X80.61 Y91.358
G1 F1500 X148.09 Y158.838 E3126.57534
G0 F9000 X147.525 Y158.838
G1 F1500 X80.107 Y91.421 E3129.74645
G0 F9000 X79.579 Y91.459
G1 F1500 X146.959 Y158.838 E3132.91578
G0 F9000 X146.393 Y158.838
G1 F1500 X78.964 Y91.409 E3136.08743
G0 F9000 X78.212 Y91.223
G1 F1500 X145.828 Y158.838 E3139.26786
G0 F9000 X145.262 Y158.838
G1 F1500 X67.92 Y81.496 E3142.90579
G0 F9000 X67.762 Y81.904
G1 F1500 X144.696 Y158.838 E3146.52453
G0 F9000 X144.13 Y158.838
G1 F1500 X67.561 Y82.269 E3150.1261
G0 F9000 X67.261 Y82.534
G1 F1500 X143.565 Y158.838 E3153.7152
G0 F9000 X142.999 Y158.838
G1 F1500 X66.926 Y82.766 E3157.29342
G0 F9000 X66.501 Y82.906
G1 F1500 X142.433 Y158.838 E3160.86503
G0 F9000 X141.868 Y158.838
G1 F1500 X66.007 Y82.978 E3164.43328
G0 F9000 X65.442 Y82.978
G1 F1500 X141.302 Y158.838 E3168.0015
G0 F9000 X140.736 Y158.838
G1 F1500 X64.877 Y82.978 E3171.5697
G0 F9000 X64.312 Y82.979
G1 F1500 X140.171 Y158.838 E3175.13787
G0 F9000 X139.605 Y158.838
G1 F1500 X63.747 Y82.98 E3178.706
G0 F9000 X63.181 Y82.98
G1 F1500 X65.061 Y84.86 E3178.79443
G0 F9000 X64.437 Y84.801
G1 F1500 X62.616 Y82.981 E3178.88006
G0 F9000 X62.051 Y82.981
G1 F1500 X63.945 Y84.876 E3178.96917
G0 F9000 X63.541 Y85.037
G1 F1500 X61.485 Y82.981 E3179.06588
G0 F9000 X60.92 Y82.982
G1 F1500 X63.138 Y85.2 E3179.17021
G0 F9000 X62.754 Y85.381
G1 F1500 X60.355 Y82.983 E3179.28302
G0 F9000 X59.79 Y82.983
G1 F1500 X62.368 Y85.561 E3179.40428
G0 F9000 X61.936 Y85.694
G1 F1500 X59.225 Y82.983 E3179.5318
G0 F9000 X58.66 Y82.984
G1 F1500 X61.504 Y85.828 E3179.66557
G0 F9000 X61.072 Y85.962
G1 F1500 X58.077 Y82.967 E3179.80645
G0 F9000 X57.396 Y82.852
G1 F1500 X60.639 Y86.095 E3179.95899
G0 F9000 X60.17 Y86.192
G1 F1500 X52.012 Y78.034 E3180.34272
G0 F9000 X52.249 Y77.705
G1 F1500 X56.373 Y81.829 E3180.5367
G0 F9000 X56.239 Y81.129
G1 F1500 X52.511 Y77.402 E3180.71203
G0 F9000 X52.793 Y77.117
G1 F1500 X56.214 Y80.538 E3180.87294
G0 F9000 X56.248 Y80.007
G1 F1500 X53.125 Y76.884 E3181.01984
G0 F9000 X53.46 Y76.653
G1 F1500 X56.37 Y79.563 E3181.15672
G0 F9000 X56.544 Y79.171
G1 F1500 X53.794 Y76.421 E3181.28607
G0 F9000 X54.182 Y76.243
G1 F1500 X56.811 Y78.872 E3181.40973
G0 F9000 X57.108 Y78.604
G1 F1500 X54.579 Y76.075 E3181.52868
G0 F9000 X54.976 Y75.906
G1 F1500 X57.506 Y78.437 E3181.64771
G0 F9000 X57.947 Y78.312
G1 F1500 X55.413 Y75.778 E3181.7669
G0 F9000 X55.867 Y75.666
G1 F1500 X58.493 Y78.292 E3181.89042
G0 F9000 X59.057 Y78.29
G1 F1500 X56.359 Y75.593 E3182.0173
G0 F9000 X56.877 Y75.545
G1 F1500 X59.622 Y78.29 E3182.14642
G0 F9000 X60.187 Y78.289
G1 F1500 X57.433 Y75.535 E3182.27596
G0 F9000 X57.999 Y75.535
G1 F1500 X60.752 Y78.288 E3182.40545
G0 F9000 X61.317 Y78.288
G1 F1500 X58.565 Y75.535 E3182.53492
G0 F9000 X59.212 Y75.617
G1 F1500 X61.882 Y78.287 E3182.66051
G0 F9000 X62.426 Y78.266
G1 F1500 X59.859 Y75.698 E3182.78128
G0 F9000 X60.563 Y75.837
G1 F1500 X62.482 Y77.756 E3182.87154
G0 F9000 X62.488 Y77.196
G1 F1500 X61.287 Y75.994 E3182.92806
G0 F9000 X62.02 Y76.162
G1 F1500 X62.482 Y76.624 E3182.94979
G0 F9000 X62.943 Y76.619
G0 X62.855 Y78.893
G0 X58.066 Y79.025
G0 X57.565 Y79.169
G0 X57.17 Y79.523
G0 X56.976 Y79.969
G0 X56.934 Y80.834
G0 X56.999 Y81.458
G0 X57.114 Y81.752
G0 X57.443 Y82.121
G0 X57.965 Y82.244
G0 X66.053 Y82.26
G0 X66.519 Y82.176
G0 X66.955 Y81.868
G0 X67.193 Y81.442
G0 X67.563 Y76.544
G0 X68.02 Y76.505
G1 F1500 X72.552 Y81.037 E3183.16296
G0 F9000 X72.968 Y80.839
G0 X72.452 Y79.758
G0 X72.036 Y79.956
G1 F1500 X68.017 Y75.936 E3183.35202
G0 F9000 X68.017 Y75.371
G1 F1500 X71.519 Y78.873 E3183.51675
G0 F9000 X71.935 Y78.675
G0 X71.418 Y77.593
G0 X71.003 Y77.791
G1 F1500 X68.01 Y74.798 E3183.65753
G0 F9000 X67.966 Y74.188
G1 F1500 X70.487 Y76.709 E3183.77611
G0 F9000 X70.902 Y76.512
G0 X70.385 Y75.43
G0 X69.971 Y75.627
G1 F1500 X67.762 Y73.419 E3183.87999
G0 F9000 X67.331 Y73.584
G0 X69.094 Y72.947
G0 X68.937 Y73.463
G1 F1500 X56.634 Y61.159 E3184.45871
G0 F9000 X57.199 Y61.159
G1 F1500 X68.547 Y72.507 E3184.99248
G0 F9000 X68.563 Y71.958
G1 F1500 X57.765 Y61.159 E3185.50041
G0 F9000 X58.331 Y61.159
G1 F1500 X68.703 Y71.532 E3185.9883
G0 F9000 X68.939 Y71.202
G1 F1500 X58.897 Y61.159 E3186.46067
G0 F9000 X59.462 Y61.159
G1 F1500 X69.242 Y70.939 E3186.92069
G0 F9000 X69.643 Y70.775
G1 F1500 X60.028 Y61.159 E3187.37298
G0 F9000 X60.594 Y61.159
G1 F1500 X70.119 Y70.685 E3187.82103
G0 F9000 X70.674 Y70.674
G1 F1500 X61.159 Y61.159 E3188.26858
G0 F9000 X61.725 Y61.159
G1 F1500 X71.243 Y70.677 E3188.71628
G0 F9000 X71.811 Y70.68
G1 F1500 X62.291 Y61.159 E3189.1641
G0 F9000 X62.856 Y61.159
G1 F1500 X72.411 Y70.714 E3189.61353
G0 F9000 X73.208 Y70.945
G1 F1500 X63.422 Y61.159 E3190.07384
G0 F9000 X63.988 Y61.159
G1 F1500 X76.126 Y73.297 E3190.64477
G0 F9000 X76.691 Y73.297
G1 F1500 X64.553 Y61.159 E3191.21571
G0 F9000 X65.119 Y61.159
G1 F1500 X77.257 Y73.297 E3191.78664
G0 F9000 X77.822 Y73.296
G1 F1500 X65.685 Y61.159 E3192.35753
G0 F9000 X66.25 Y61.159
G1 F1500 X78.387 Y73.295 E3192.92839
G0 F9000 X78.952 Y73.295
G1 F1500 X66.816 Y61.159 E3193.49923
G0 F9000 X67.382 Y61.159
G1 F1500 X79.517 Y73.295 E3194.07005
G0 F9000 X80.083 Y73.295
G1 F1500 X67.948 Y61.159 E3194.64086
G0 F9000 X68.513 Y61.159
G1 F1500 X80.648 Y73.294 E3195.21166
G0 F9000 X81.213 Y73.293
G1 F1500 X69.079 Y61.159 E3195.7824
G0 F9000 X69.645 Y61.159
G1 F1500 X81.779 Y73.293 E3196.35315
G0 F9000 X82.343 Y73.293
G1 F1500 X70.21 Y61.159 E3196.92387
G0 F9000 X70.776 Y61.159
G1 F1500 X82.909 Y73.293 E3197.4946
G0 F9000 X83.474 Y73.292
G1 F1500 X71.342 Y61.159 E3198.06527
G0 F9000 X71.907 Y61.159
G1 F1500 X83.985 Y73.237 E3198.63338
G0 F9000 X84.227 Y72.914
G1 F1500 X72.473 Y61.159 E3199.18628
G0 F9000 X73.039 Y61.159
G1 F1500 X84.424 Y72.544 E3199.72179
G0 F9000 X84.614 Y72.169
G1 F1500 X73.604 Y61.159 E3200.23967
G0 F9000 X74.17 Y61.159
G1 F1500 X84.824 Y71.813 E3200.7408
G0 F9000 X85.064 Y71.487
G1 F1500 X74.736 Y61.159 E3201.2266
G0 F9000 X75.301 Y61.159
G1 F1500 X85.354 Y71.212 E3201.69946
G0 F9000 X85.701 Y70.993
G1 F1500 X75.867 Y61.159 E3202.16202
G0 F9000 X76.433 Y61.159
G1 F1500 X86.098 Y70.824 E3202.61664
G0 F9000 X86.559 Y70.72
G1 F1500 X76.998 Y61.159 E3203.06636
G0 F9000 X77.564 Y61.159
G1 F1500 X87.083 Y70.678 E3203.5141
G0 F9000 X87.649 Y70.678
G1 F1500 X78.13 Y61.159 E3203.96184
G0 F9000 X78.696 Y61.159
G1 F1500 X88.215 Y70.678 E3204.40959
G0 F9000 X88.781 Y70.679
G1 F1500 X79.261 Y61.159 E3204.85738
G0 F9000 X79.827 Y61.159
G1 F1500 X89.347 Y70.679 E3205.30517
G0 F9000 X89.912 Y70.679
G1 F1500 X80.393 Y61.159 E3205.75294
G0 F9000 X80.958 Y61.159
G1 F1500 X92.203 Y72.404 E3206.28187
G0 F9000 X92.323 Y71.958
G1 F1500 X81.524 Y61.159 E3206.78982
G0 F9000 X82.09 Y61.159
G1 F1500 X92.486 Y71.556 E3207.27884
G0 F9000 X92.723 Y71.227
G1 F1500 X82.655 Y61.159 E3207.75241
G0 F9000 X83.221 Y61.159
G1 F1500 X93.055 Y70.993 E3208.21497
G0 F9000 X93.416 Y70.789
G1 F1500 X83.787 Y61.159 E3208.66791
G0 F9000 X84.352 Y61.159
G1 F1500 X93.89 Y70.697 E3209.11655
G0 F9000 X94.433 Y70.674
G1 F1500 X84.918 Y61.159 E3209.56411
G0 F9000 X85.484 Y61.159
G1 F1500 X94.999 Y70.674 E3210.01166
G0 F9000 X95.564 Y70.673
G1 F1500 X86.049 Y61.159 E3210.4592
G0 F9000 X86.615 Y61.159
G1 F1500 X96.131 Y70.675 E3210.9068
G0 F9000 X96.735 Y70.713
G1 F1500 X87.181 Y61.159 E3211.35619
G0 F9000 X87.747 Y61.159
G1 F1500 X103.066 Y76.479 E3212.07677
G0 F9000 X102.831 Y76.809
G1 F1500 X98.19 Y72.169 E3212.29505
G0 F9000 X98.243 Y72.787
G1 F1500 X102.594 Y77.138 E3212.49971
G0 F9000 X102.359 Y77.469
G1 F1500 X98.243 Y73.353 E3212.69331
G0 F9000 X98.243 Y73.918
G1 F1500 X102.111 Y77.787 E3212.87527
G0 F9000 X101.802 Y78.044
G1 F1500 X98.243 Y74.484 E3213.0427
G0 F9000 X98.243 Y75.05
G1 F1500 X101.385 Y78.192 E3213.19049
G0 F9000 X100.846 Y78.219
G1 F1500 X98.243 Y75.615 E3213.31295
G0 F9000 X98.243 Y76.181
G1 F1500 X100.281 Y78.22 E3213.40884
G0 F9000 X99.716 Y78.22
G1 F1500 X98.243 Y76.747 E3213.47812
G0 F9000 X98.243 Y77.312
G1 F1500 X99.152 Y78.222 E3213.5209
G0 F9000 X98.587 Y78.222
G1 F1500 X98.243 Y77.878 E3213.53708
G0 F9000 X97.783 Y77.878
G0 X97.855 Y78.612
G0 X101.12 Y78.619
G0 X101.635 Y78.571
G0 X102.175 Y78.297
G0 X103.676 Y76.417
G0 X103.302 Y76.149
G1 F1500 X88.312 Y61.159 E3214.24217
G0 F9000 X88.878 Y61.159
G1 F1500 X103.538 Y75.819 E3214.93173
G0 F9000 X103.774 Y75.49
G1 F1500 X89.444 Y61.159 E3215.60579
G0 F9000 X90.009 Y61.159
G1 F1500 X104.009 Y75.159 E3216.26431
G0 F9000 X104.245 Y74.829
G1 F1500 X90.575 Y61.159 E3216.9073
G0 F9000 X91.141 Y61.159
G1 F1500 X104.481 Y74.5 E3217.5348
G0 F9000 X104.716 Y74.169
G1 F1500 X91.706 Y61.159 E3218.14675
G0 F9000 X92.272 Y61.159
G1 F1500 X104.953 Y73.84 E3218.74322
G0 F9000 X105.188 Y73.51
G1 F1500 X92.838 Y61.159 E3219.32415
G0 F9000 X93.403 Y61.159
G1 F1500 X105.424 Y73.18 E3219.88959
G0 F9000 X105.66 Y72.85
G1 F1500 X93.969 Y61.159 E3220.43949
G0 F9000 X94.535 Y61.159
G1 F1500 X105.896 Y72.52 E3220.97388
G0 F9000 X106.122 Y72.181
G1 F1500 X95.1 Y61.159 E3221.49232
G0 F9000 X95.666 Y61.159
G1 F1500 X106.355 Y71.848 E3221.9951
G0 F9000 X106.613 Y71.54
G1 F1500 X96.232 Y61.159 E3222.48339
G0 F9000 X96.797 Y61.159
G1 F1500 X106.896 Y71.257 E3222.95839
G0 F9000 X107.233 Y71.029
G1 F1500 X97.363 Y61.159 E3223.42265
G0 F9000 X97.929 Y61.159
G1 F1500 X107.624 Y70.854 E3223.87867
G0 F9000 X108.067 Y70.732
G1 F1500 X98.495 Y61.159 E3224.32893
G0 F9000 X99.06 Y61.159
G1 F1500 X108.576 Y70.676 E3224.77656
G0 F9000 X109.143 Y70.676
G1 F1500 X99.626 Y61.159 E3225.22421
G0 F9000 X100.192 Y61.159
G1 F1500 X109.709 Y70.677 E3225.67188
G0 F9000 X110.276 Y70.678
G1 F1500 X100.757 Y61.159 E3226.11963
G0 F9000 X101.323 Y61.159
G1 F1500 X110.842 Y70.678 E3226.56737
G0 F9000 X111.408 Y70.679
G1 F1500 X101.889 Y61.159 E3227.01514
G1 F2700 E3222.01514
G0 F9000 X101.889 Y60.7
G0 X90.768 Y60.8
G0 X90.375 Y71.255
G0 X91.23 Y71.997
G1 F2700 E3227.01514
G1 F1500 X92.203 Y72.969 E3227.06088
G0 F9000 X92.203 Y73.535
G1 F1500 X91.208 Y72.541 E3227.10766
G0 F9000 X91.06 Y72.958
G1 F1500 X92.203 Y74.101 E3227.16142
G0 F9000 X92.202 Y74.666
G1 F1500 X90.892 Y73.356 E3227.22304
G0 F9000 X90.702 Y73.731
G1 F1500 X92.202 Y75.231 E3227.2936
G0 F9000 X92.202 Y75.797
G1 F1500 X90.511 Y74.106 E3227.37314
G0 F9000 X90.32 Y74.48
G1 F1500 X92.202 Y76.363 E3227.46168
G0 F9000 X92.201 Y76.928
G1 F1500 X90.129 Y74.855 E3227.55917
G0 F9000 X89.938 Y75.23
G1 F1500 X92.201 Y77.493 E3227.66561
G0 F9000 X92.201 Y78.059
G1 F1500 X89.747 Y75.605 E3227.78104
G0 F9000 X89.556 Y75.98
G1 F1500 X92.201 Y78.625 E3227.90545
G0 F9000 X92.201 Y79.19
G1 F1500 X89.365 Y76.354 E3228.03885
G0 F9000 X89.174 Y76.729
G1 F1500 X92.201 Y79.755 E3228.18121
G0 F9000 X92.201 Y80.321
G1 F1500 X88.983 Y77.104 E3228.33255
G0 F9000 X88.792 Y77.479
G1 F1500 X92.2 Y80.886 E3228.49283
G0 F9000 X92.2 Y81.452
G1 F1500 X88.601 Y77.853 E3228.66211
G0 F9000 X88.41 Y78.228
G1 F1500 X92.2 Y82.018 E3228.84038
G0 F9000 X92.2 Y82.583
G1 F1500 X88.22 Y78.603 E3229.02759
G0 F9000 X88.029 Y78.978
G1 F1500 X92.199 Y83.148 E3229.22374
G0 F9000 X92.199 Y83.714
G1 F1500 X87.838 Y79.352 E3229.42889
G0 F9000 X87.647 Y79.727
G1 F1500 X92.199 Y84.28 E3229.64302
G0 F9000 X92.199 Y84.845
G1 F1500 X87.455 Y80.101 E3229.86617
G0 F9000 X87.264 Y80.476
G1 F1500 X92.198 Y85.41 E3230.09825
G0 F9000 X92.198 Y85.976
G1 F1500 X87.073 Y80.851 E3230.33931
G0 F9000 X86.882 Y81.226
G1 F1500 X92.198 Y86.542 E3230.58936
G0 F9000 X92.198 Y87.107
G1 F1500 X86.691 Y81.6 E3230.84839
G0 F9000 X86.501 Y81.975
G1 F1500 X92.198 Y87.672 E3231.11636
G0 F9000 X92.198 Y88.238
G1 F1500 X86.31 Y82.35 E3231.39331
G0 F9000 X86.119 Y82.725
G1 F1500 X92.198 Y88.804 E3231.67925
G0 F9000 X92.215 Y89.387
G1 F1500 X85.928 Y83.099 E3231.975
G0 F9000 X85.52 Y82.891
G0 X81.543 Y90.011
G0 X81.247 Y90.296
G0 X80.87 Y90.516
G0 X80.455 Y90.658
G0 X79.657 Y90.746
G0 X78.878 Y90.681
G0 X78.162 Y90.4
G0 X77.835 Y90.142
G0 X76.067 Y87.331
G0 X75.65 Y87.529
G1 F1500 X68.019 Y79.898 E3232.33394
G0 F9000 X68.053 Y79.367
G1 F1500 X75.134 Y86.448 E3232.667
G0 F9000 X75.551 Y86.25
G0 X75.034 Y85.168
G0 X74.618 Y85.366
G1 F1500 X68.087 Y78.835 E3232.9742
G0 F9000 X68.095 Y78.278
G1 F1500 X74.101 Y84.283 E3233.25668
G0 F9000 X74.517 Y84.085
G0 X74.001 Y83.003
G0 X73.585 Y83.201
G1 F1500 X68.095 Y77.712 E3233.51489
G0 F9000 X68.075 Y77.126
G1 F1500 X73.068 Y82.119 E3233.74975
G1 F2700 E3228.74975
G0 F9000 X73.484 Y81.921
G0 X72.141 Y79.292
G0 X67.651 Y80.478
G0 X67.998 Y81.008
G1 F2700 E3233.74975
G1 F1500 X76.682 Y89.693 E3234.15824
G0 F9000 X77.199 Y89.689
G0 X76.583 Y88.413
G0 X76.166 Y88.611
G1 F1500 X68.031 Y80.476 E3234.54088
G1 F2700 E3229.54088
G0 F9000 X67.565 Y79.795
G0 X67.716 Y77.355
G0 X70.549 Y76.003
G0 X69.454 Y74.545
G1 F2700 E3234.54088
G1 F1500 X56.068 Y61.159 E3235.17052
G0 F9000 X55.502 Y61.159
G1 F1500 X66.545 Y72.201 E3235.68993
G0 F9000 X66.43 Y72.673
G0 X65.315 Y72.12
G0 X65.461 Y71.683
G1 F1500 X54.937 Y61.159 E3236.18494
G0 F9000 X54.371 Y61.159
G1 F1500 X64.606 Y71.395 E3236.66639
G0 F9000 X63.839 Y71.193
G1 F1500 X53.805 Y61.159 E3237.13836
G0 F9000 X53.24 Y61.159
G1 F1500 X63.096 Y71.016 E3237.60198
G0 F9000 X62.353 Y70.838
G1 F1500 X52.674 Y61.159 E3238.05725
G0 F9000 X52.108 Y61.159
G1 F1500 X61.68 Y70.731 E3238.50749
G0 F9000 X61.012 Y70.629
G1 F1500 X51.543 Y61.159 E3238.9529
G0 F9000 X50.977 Y61.159
G1 F1500 X60.386 Y70.568 E3239.39547
G0 F9000 X59.783 Y70.531
G1 F1500 X50.411 Y61.159 E3239.8363
G0 F9000 X49.846 Y61.159
G1 F1500 X59.167 Y70.48 E3240.27473
G0 F9000 X58.551 Y70.43
G1 F1500 X49.28 Y61.159 E3240.71081
G0 F9000 X48.714 Y61.159
G1 F1500 X57.979 Y70.425 E3241.14663
G0 F9000 X57.413 Y70.424
G1 F1500 X48.149 Y61.159 E3241.58241
G0 F9000 X47.583 Y61.159
G1 F1500 X56.847 Y70.424 E3242.01818
G0 F9000 X56.313 Y70.455
G1 F1500 X47.017 Y61.159 E3242.45544
G0 F9000 X46.451 Y61.159
G1 F1500 X55.778 Y70.486 E3242.89415
G0 F9000 X55.258 Y70.531
G1 F1500 X45.886 Y61.159 E3243.33498
G0 F9000 X45.32 Y61.159
G1 F1500 X54.759 Y70.598 E3243.77896
G0 F9000 X54.263 Y70.668
G1 F1500 X44.754 Y61.159 E3244.22624
G0 F9000 X44.189 Y61.159
G1 F1500 X53.802 Y70.772 E3244.6784
G0 F9000 X53.341 Y70.877
G1 F1500 X43.623 Y61.159 E3245.13551
G0 F9000 X43.057 Y61.159
G1 F1500 X52.906 Y71.008 E3245.59877
G0 F9000 X52.48 Y71.147
G1 F1500 X42.492 Y61.159 E3246.06858
G0 F9000 X41.926 Y61.159
G1 F1500 X52.053 Y71.286 E3246.54492
G0 F9000 X51.627 Y71.426
G1 F1500 X41.36 Y61.159 E3247.02785
G0 F9000 X40.795 Y61.159
G1 F1500 X51.201 Y71.566 E3247.51734
G0 F9000 X50.794 Y71.724
G1 F1500 X40.229 Y61.159 E3248.01429
G0 F9000 X39.663 Y61.159
G1 F1500 X50.426 Y71.922 E3248.52054
G0 F9000 X50.059 Y72.121
G1 F1500 X39.098 Y61.159 E3249.03614
G0 F9000 X38.532 Y61.159
G1 F1500 X49.692 Y72.32 E3249.56109
G0 F9000 X49.324 Y72.518
G1 F1500 X37.966 Y61.159 E3250.09536
G0 F9000 X37.4 Y61.159
G1 F1500 X48.957 Y72.716 E3250.63897
G0 F9000 X48.646 Y72.971
G1 F1500 X36.835 Y61.159 E3251.19455
G0 F9000 X36.269 Y61.159
G1 F1500 X48.339 Y73.229 E3251.76228
G0 F9000 X48.031 Y73.487
G1 F1500 X35.703 Y61.159 E3252.34215
G0 F9000 X35.138 Y61.159
G1 F1500 X47.724 Y73.745 E3252.93416
G0 F9000 X47.439 Y74.026
G1 F1500 X34.572 Y61.159 E3253.53938
G0 F9000 X34.006 Y61.159
G1 F1500 X47.188 Y74.34 E3254.1594
G0 F9000 X46.937 Y74.656
G1 F1500 X33.441 Y61.159 E3254.79424
G0 F9000 X32.875 Y61.159
G1 F1500 X46.686 Y74.97 E3255.44386
G0 F9000 X46.436 Y75.286
G1 F1500 X32.309 Y61.159 E3256.10835
G0 F9000 X31.744 Y61.159
G1 F1500 X46.235 Y75.651 E3256.78999
G0 F9000 X46.046 Y76.028
G1 F1500 X31.178 Y61.159 E3257.48936
G0 F9000 X30.612 Y61.159
G1 F1500 X45.857 Y76.404 E3258.20644
G0 F9000 X45.7 Y76.813
G1 F1500 X30.047 Y61.159 E3258.94273
G0 F9000 X29.481 Y61.159
G1 F1500 X45.549 Y77.228 E3259.69854
G0 F9000 X45.399 Y77.643
G1 F1500 X28.915 Y61.159 E3260.4739
G0 F9000 X28.35 Y61.159
G1 F1500 X45.279 Y78.089 E3261.27021
G0 F9000 X45.179 Y78.554
G1 F1500 X27.784 Y61.159 E3262.08842
G0 F9000 X27.218 Y61.159
G1 F1500 X45.128 Y79.069 E3262.93085
G0 F9000 X45.127 Y79.634
G1 F1500 X26.652 Y61.159 E3263.79986
G0 F9000 X26.411 Y61.483
G1 F1500 X45.126 Y80.199 E3264.68018
G0 F9000 X45.126 Y80.764
G1 F1500 X26.411 Y62.049 E3265.56047
G0 F9000 X26.411 Y62.615
G1 F1500 X45.124 Y81.328 E3266.44067
G0 F9000 X45.124 Y81.893
G1 F1500 X26.411 Y63.18 E3267.32088
G0 F9000 X26.411 Y63.746
G1 F1500 X45.123 Y82.458 E3268.20103
G0 F9000 X45.198 Y83.099
G1 F1500 X26.411 Y64.312 E3269.08471
G0 F9000 X26.411 Y64.877
G1 F1500 X45.295 Y83.761 E3269.97296
G0 F9000 X45.601 Y84.633
G1 F1500 X26.411 Y65.443 E3270.8756
G0 F9000 X26.411 Y66.009
G1 F1500 X45.925 Y85.523 E3271.79348
G0 F9000 X46.623 Y85.896
G0 X46.968 Y86.507
G0 X46.569 Y86.733
G1 F1500 X26.411 Y66.574 E3272.74167
G0 F9000 X26.411 Y67.14
G1 F1500 X118.109 Y158.838 E3277.05486
G0 F9000 X117.543 Y158.838
G1 F1500 X26.411 Y67.706 E3281.34143
G0 F9000 X26.411 Y68.271
G1 F1500 X116.978 Y158.838 E3285.60143
G0 F9000 X116.412 Y158.838
G1 F1500 X26.411 Y68.837 E3289.8348
G0 F9000 X26.411 Y69.403
G1 F1500 X115.846 Y158.838 E3294.04155
G0 F9000 X115.281 Y158.838
G1 F1500 X26.411 Y69.968 E3298.22172
G0 F9000 X26.411 Y70.534
G1 F1500 X114.715 Y158.838 E3302.37527
G0 F9000 X114.149 Y158.838
G1 F1500 X26.411 Y71.1 E3306.5022
G0 F9000 X26.411 Y71.665
G1 F1500 X113.583 Y158.838 E3310.60252
G0 F9000 X113.018 Y158.838
G1 F1500 X26.411 Y72.231 E3314.67625
G0 F9000 X26.411 Y72.797
G1 F1500 X112.452 Y158.838 E3318.72336
G0 F9000 X111.886 Y158.838
G1 F1500 X26.411 Y73.363 E3322.74384
G0 F9000 X26.411 Y73.928
G1 F1500 X111.321 Y158.838 E3326.73774
G0 F9000 X110.755 Y158.838
G1 F1500 X26.411 Y74.494 E3330.70503
G0 F9000 X26.411 Y75.06
G1 F1500 X110.189 Y158.838 E3334.64569
G0 F9000 X109.623 Y158.838
G1 F1500 X26.411 Y75.625 E3338.55975
G0 F9000 X26.411 Y76.191
G1 F1500 X109.057 Y158.838 E3342.44719
G0 F9000 X108.492 Y158.838
G1 F1500 X26.411 Y76.757 E3346.30802
G0 F9000 X26.411 Y77.322
G1 F1500 X107.926 Y158.838 E3350.14226
G0 F9000 X107.36 Y158.838
G1 F1500 X26.411 Y77.888 E3353.94988
G0 F9000 X26.411 Y78.454
G1 F1500 X106.795 Y158.838 E3357.7309
G0 F9000 X106.229 Y158.838
G1 F1500 X26.411 Y79.019 E3361.48531
G0 F9000 X26.411 Y79.585
G1 F1500 X105.663 Y158.838 E3365.21311
G0 F9000 X105.097 Y158.838
G1 F1500 X26.411 Y80.151 E3368.91428
G0 F9000 X26.411 Y80.716
G1 F1500 X104.532 Y158.838 E3372.58888
G0 F9000 X103.966 Y158.838
G1 F1500 X26.411 Y81.282 E3376.23685
G0 F9000 X26.411 Y81.848
G1 F1500 X103.4 Y158.838 E3379.8582
G0 F9000 X102.835 Y158.838
G1 F1500 X26.411 Y82.414 E3383.45295
G0 F9000 X26.411 Y82.979
G1 F1500 X102.269 Y158.838 E3387.0211
G0 F9000 X101.703 Y158.838
G1 F1500 X26.411 Y83.545 E3390.56263
G0 F9000 X26.411 Y84.111
G1 F1500 X30.023 Y87.723 E3390.73253
G0 F9000 X29.332 Y87.597
G1 F1500 X26.411 Y84.676 E3390.86992
G0 F9000 X26.411 Y85.242
G1 F1500 X28.802 Y87.633 E3390.98239
G0 F9000 X28.355 Y87.752
G1 F1500 X26.411 Y85.808 E3391.07383
G0 F9000 X26.411 Y86.373
G1 F1500 X27.983 Y87.946 E3391.14779
G0 F9000 X27.664 Y88.193
G1 F1500 X26.411 Y86.939 E3391.20675
G0 F9000 X26.411 Y87.505
G1 F1500 X27.382 Y88.476 E3391.25243
G0 F9000 X27.152 Y88.811
G1 F1500 X26.411 Y88.07 E3391.28728
G0 F9000 X26.411 Y88.636
G1 F1500 X26.785 Y89.01 E3391.30487
G1 X26.785 Y89.011
G1 X26.982 Y89.207 E3391.31412
G0 F9000 X26.872 Y89.663
G1 F1500 X26.411 Y89.202 E3391.3358
G0 F9000 X26.411 Y89.767
G1 F1500 X26.861 Y90.218 E3391.35699
G0 F9000 X26.411 Y90.333
G1 F1500 X27.05 Y90.972 E3391.38705
G0 F9000 X26.568 Y91.056
G1 F1500 X94.349 Y158.838 E3394.57528
G0 F9000 X93.784 Y158.838
G1 F1500 X26.411 Y91.464 E3397.74432
G0 F9000 X26.567 Y91.055
G1 F1500 X26.411 Y90.899 E3397.75166
G0 F9000 X25.95 Y90.899
G0 X25.95 Y92.03
G0 X26.411 Y92.03
G1 F1500 X93.218 Y158.838 E3400.89408
G0 F9000 X92.652 Y158.838
G1 F1500 X26.411 Y92.596 E3404.00988
G0 F9000 X26.411 Y93.162
G1 F1500 X92.087 Y158.838 E3407.09908
G0 F9000 X91.521 Y158.838
G1 F1500 X26.411 Y93.727 E3410.16167
G0 F9000 X26.411 Y94.293
G1 F1500 X90.955 Y158.838 E3413.19765
G0 F9000 X90.39 Y158.838
G1 F1500 X26.411 Y94.859 E3416.20703
G0 F9000 X26.411 Y95.424
G1 F1500 X89.824 Y158.838 E3419.1898
G0 F9000 X89.258 Y158.838
G1 F1500 X26.411 Y95.99 E3422.14596
G0 F9000 X26.411 Y96.556
G1 F1500 X88.693 Y158.838 E3425.07551
G0 F9000 X88.127 Y158.838
G1 F1500 X26.411 Y97.121 E3427.97847
G0 F9000 X26.411 Y97.687
G1 F1500 X87.561 Y158.838 E3430.8548
G0 F9000 X86.996 Y158.838
G1 F1500 X26.411 Y98.253 E3433.70453
G0 F9000 X26.411 Y98.818
G1 F1500 X86.43 Y158.838 E3436.52766
G0 F9000 X85.864 Y158.838
G1 F1500 X26.411 Y99.384 E3439.32417
G0 F9000 X26.411 Y99.95
G1 F1500 X85.298 Y158.838 E3442.09406
G0 F9000 X84.733 Y158.838
G1 F1500 X26.411 Y100.515 E3444.83737
G0 F9000 X26.411 Y101.081
G1 F1500 X84.167 Y158.838 E3447.55406
G0 F9000 X83.601 Y158.838
G1 F1500 X26.411 Y101.647 E3450.24413
G0 F9000 X26.411 Y102.212
G1 F1500 X83.036 Y158.838 E3452.90762
G0 F9000 X82.47 Y158.838
G1 F1500 X26.411 Y102.778 E3455.54448
G0 F9000 X26.411 Y103.344
G1 F1500 X81.904 Y158.838 E3458.15473
G0 F9000 X81.339 Y158.838
G1 F1500 X26.411 Y103.91 E3460.73837
G0 F9000 X26.411 Y104.475
G1 F1500 X80.773 Y158.838 E3463.29542
G0 F9000 X80.207 Y158.838
G1 F1500 X26.411 Y105.041 E3465.82584
G0 F9000 X26.411 Y105.607
G1 F1500 X79.642 Y158.838 E3468.32966
G0 F9000 X79.076 Y158.838
G1 F1500 X26.411 Y106.172 E3470.80689
G0 F9000 X26.411 Y106.738
G1 F1500 X78.51 Y158.838 E3473.25749
G0 F9000 X77.945 Y158.838
G1 F1500 X26.411 Y107.304 E3475.68149
G0 F9000 X26.411 Y107.869
G1 F1500 X77.379 Y158.838 E3478.07889
G0 F9000 X76.813 Y158.838
G1 F1500 X26.411 Y108.435 E3480.44967
G0 F9000 X26.411 Y109.001
G1 F1500 X76.248 Y158.838 E3482.79385
G0 F9000 X75.682 Y158.838
G1 F1500 X26.411 Y109.566 E3485.11143
G0 F9000 X26.411 Y110.132
G1 F1500 X75.116 Y158.838 E3487.40239
G0 F9000 X74.55 Y158.838
G1 F1500 X26.411 Y110.698 E3489.66672
G0 F9000 X26.411 Y111.263
G1 F1500 X73.985 Y158.838 E3491.90448
G0 F9000 X73.419 Y158.838
G1 F1500 X26.411 Y111.829 E3494.11562
G0 F9000 X26.411 Y112.395
G1 F1500 X72.853 Y158.838 E3496.30013
G0 F9000 X72.288 Y158.838
G1 F1500 X26.411 Y112.961 E3498.45804
G0 F9000 X26.411 Y113.526
G1 F1500 X71.722 Y158.838 E3500.58936
G0 F9000 X71.156 Y158.838
G1 F1500 X26.411 Y114.092 E3502.69405
G0 F9000 X26.411 Y114.658
G1 F1500 X70.591 Y158.838 E3504.77214
G0 F9000 X70.025 Y158.838
G1 F1500 X26.411 Y115.223 E3506.82363
G0 F9000 X26.411 Y115.789
G1 F1500 X69.459 Y158.838 E3508.8485
G0 F9000 X68.894 Y158.838
G1 F1500 X26.411 Y116.355 E3510.84677
G0 F9000 X26.411 Y116.92
G1 F1500 X68.328 Y158.838 E3512.81844
G0 F9000 X67.762 Y158.838
G1 F1500 X26.411 Y117.486 E3514.76349
G0 F9000 X26.411 Y118.052
G1 F1500 X67.197 Y158.838 E3516.68194
G0 F9000 X66.631 Y158.838
G1 F1500 X26.411 Y118.617 E3518.57379
G0 F9000 X26.411 Y119.183
G1 F1500 X66.065 Y158.838 E3520.43901
G0 F9000 X65.5 Y158.838
G1 F1500 X26.411 Y119.749 E3522.27764
G0 F9000 X26.411 Y120.314
G1 F1500 X64.934 Y158.838 E3524.08967
G0 F9000 X64.368 Y158.838
G1 F1500 X26.411 Y120.88 E3525.87507
G0 F9000 X26.411 Y121.446
G1 F1500 X63.802 Y158.838 E3527.63385
G0 F9000 X63.237 Y158.838
G1 F1500 X26.411 Y122.011 E3529.36606
G0 F9000 X26.411 Y122.577
G1 F1500 X62.671 Y158.838 E3531.07164
G0 F9000 X62.105 Y158.838
G1 F1500 X26.411 Y123.143 E3532.7506
G0 F9000 X26.411 Y123.709
G1 F1500 X61.54 Y158.838 E3534.40296
G0 F9000 X60.974 Y158.838
G1 F1500 X26.411 Y124.274 E3536.02872
G0 F9000 X26.411 Y124.84
G1 F1500 X60.408 Y158.838 E3537.62786
G0 F9000 X59.843 Y158.838
G1 F1500 X26.411 Y125.406 E3539.2004
G0 F9000 X26.411 Y125.971
G1 F1500 X59.277 Y158.838 E3540.74634
G0 F9000 X58.711 Y158.838
G1 F1500 X26.411 Y126.537 E3542.26566
G0 F9000 X26.411 Y127.103
G1 F1500 X58.146 Y158.838 E3543.75837
G0 F9000 X57.58 Y158.838
G1 F1500 X26.411 Y127.668 E3545.22449
G0 F9000 X26.411 Y128.234
G1 F1500 X57.014 Y158.838 E3546.66399
G0 F9000 X56.449 Y158.838
G1 F1500 X26.411 Y128.8 E3548.07688
G0 F9000 X26.411 Y129.365
G1 F1500 X55.883 Y158.838 E3549.46318
G0 F9000 X55.317 Y158.838
G1 F1500 X26.411 Y129.931 E3550.82285
G0 F9000 X26.411 Y130.497
G1 F1500 X54.751 Y158.838 E3552.1559
G0 F9000 X54.186 Y158.838
G1 F1500 X26.411 Y131.062 E3553.46237
G0 F9000 X26.411 Y131.628
G1 F1500 X53.62 Y158.838 E3554.74223
G0 F9000 X53.054 Y158.838
G1 F1500 X26.411 Y132.194 E3555.99545
G0 F9000 X26.411 Y132.76
G1 F1500 X52.489 Y158.838 E3557.22208
G0 F9000 X51.923 Y158.838
G1 F1500 X26.411 Y133.325 E3558.42211
G0 F9000 X26.411 Y133.891
G1 F1500 X51.357 Y158.838 E3559.59552
G0 F9000 X50.792 Y158.838
G1 F1500 X26.411 Y134.457 E3560.74233
G0 F9000 X26.411 Y135.022
G1 F1500 X50.226 Y158.838 E3561.86254
G0 F9000 X49.66 Y158.838
G1 F1500 X26.411 Y135.588 E3562.95612
G0 F9000 X26.411 Y136.154
G1 F1500 X49.095 Y158.838 E3564.02311
G0 F9000 X48.529 Y158.838
G1 F1500 X26.411 Y136.719 E3565.06349
G0 F9000 X26.411 Y137.285
G1 F1500 X47.963 Y158.838 E3566.07726
G0 F9000 X47.398 Y158.838
G1 F1500 X26.411 Y137.851 E3567.06442
G0 F9000 X26.411 Y138.416
G1 F1500 X46.832 Y158.838 E3568.02499
G0 F9000 X46.266 Y158.838
G1 F1500 X26.411 Y138.982 E3568.95893
G0 F9000 X26.411 Y139.548
G1 F1500 X45.701 Y158.838 E3569.86627
G0 F9000 X45.135 Y158.838
G1 F1500 X26.411 Y140.113 E3570.74701
G0 F9000 X26.411 Y140.679
G1 F1500 X44.569 Y158.838 E3571.60113
G0 F9000 X44.003 Y158.838
G1 F1500 X26.411 Y141.245 E3572.42863
G0 F9000 X26.411 Y141.81
G1 F1500 X43.438 Y158.838 E3573.22955
G0 F9000 X42.872 Y158.838
G1 F1500 X26.411 Y142.376 E3574.00385
G0 F9000 X26.411 Y142.942
G1 F1500 X42.306 Y158.838 E3574.75153
G0 F9000 X41.741 Y158.838
G1 F1500 X26.411 Y143.508 E3575.4726
G0 F9000 X26.411 Y144.073
G1 F1500 X41.175 Y158.838 E3576.16708
G0 F9000 X40.609 Y158.838
G1 F1500 X26.411 Y144.639 E3576.83493
G0 F9000 X26.411 Y145.205
G1 F1500 X40.044 Y158.838 E3577.47619
G0 F9000 X39.478 Y158.838
G1 F1500 X26.411 Y145.77 E3578.09084
G0 F9000 X26.411 Y146.336
G1 F1500 X38.912 Y158.838 E3578.67888
G0 F9000 X38.347 Y158.838
G1 F1500 X26.411 Y146.902 E3579.24031
G0 F9000 X26.411 Y147.467
G1 F1500 X37.781 Y158.838 E3579.77514
G0 F9000 X37.215 Y158.838
G1 F1500 X26.411 Y148.033 E3580.28335
G0 F9000 X26.411 Y148.599
G1 F1500 X36.65 Y158.838 E3580.76496
G0 F9000 X36.084 Y158.838
G1 F1500 X26.411 Y149.164 E3581.21998
G0 F9000 X26.411 Y149.73
G1 F1500 X35.518 Y158.838 E3581.64836
G0 F9000 X34.952 Y158.838
G1 F1500 X31.6 Y155.485 E3581.80606
G0 F9000 X31.654 Y156.105
G1 F1500 X34.387 Y158.838 E3581.93461
G0 F9000 X33.821 Y158.838
G1 F1500 X31.587 Y156.603 E3582.03971
G0 F9000 X31.433 Y157.015
G1 F1500 X33.255 Y158.838 E3582.12544
G0 F9000 X32.69 Y158.838
G1 F1500 X31.222 Y157.37 E3582.19449
G0 F9000 X30.97 Y157.684
G1 F1500 X32.124 Y158.838 E3582.24877
G0 F9000 X31.558 Y158.838
G1 F1500 X30.672 Y157.951 E3582.29047
G0 F9000 X30.313 Y158.158
G1 F1500 X30.993 Y158.838 E3582.32245
G0 F9000 X30.427 Y158.838
G1 F1500 X30.291 Y158.702 E3582.32885
G1 X30.291 Y158.701
G1 X29.902 Y158.312 E3582.34714
G0 F9000 X29.42 Y158.396
G1 F1500 X29.861 Y158.838 E3582.36791
G0 F9000 X29.296 Y158.838
G1 F1500 X28.829 Y158.371 E3582.38988
G0 F9000 X28.73 Y158.838
G1 F1500 X28.287 Y158.395 E3582.41072
G1 X28.287 Y158.394
G1 X27.896 Y158.004 E3582.42908
G0 F9000 X27.314 Y157.421
G1 F1500 X26.858 Y156.966 E3582.45051
G1 X26.858 Y156.965
G1 X26.411 Y156.518 E3582.47153
G0 F9000 X26.884 Y156.426
G1 F1500 X26.411 Y155.953 E3582.49378
G0 F9000 X26.855 Y155.831
G1 F1500 X26.411 Y155.387 E3582.51467
G0 F9000 X26.508 Y154.919
G1 F1500 X26.93 Y155.341 E3582.53452
G0 F9000 X27.072 Y154.917
G1 F1500 X26.411 Y154.256 E3582.56561
G0 F9000 X26.411 Y154.821
G1 F1500 X26.508 Y154.918 E3582.57017
G0 F9000 X27.306 Y154.585
G1 F1500 X26.411 Y153.69 E3582.61227
G0 F9000 X26.411 Y153.124
G1 F1500 X27.567 Y154.281 E3582.66667
G0 F9000 X27.865 Y154.013
G1 F1500 X26.411 Y152.558 E3582.73508
G0 F9000 X26.411 Y151.993
G1 F1500 X28.235 Y153.817 E3582.82088
G0 F9000 X28.654 Y153.67
G1 F1500 X26.411 Y151.427 E3582.92638
G0 F9000 X26.411 Y150.861
G1 F1500 X29.146 Y153.597 E3583.05505
G0 F9000 X29.769 Y153.655
G1 F1500 X26.411 Y150.296 E3583.21302
G0 F9000 X25.95 Y150.296
G0 X25.95 Y157.102
G0 X26.428 Y157.102
G1 F1500 X28.164 Y158.838 E3583.29468
G0 F9000 X27.599 Y158.838
G1 F1500 X26.411 Y157.65 E3583.35056
G0 F9000 X26.411 Y158.215
G1 F1500 X27.033 Y158.838 E3583.37984
G0 F9000 X26.467 Y158.838
G1 F1500 X26.411 Y158.781 E3583.3825
G1 F2700 E3578.3825
G0 F9000 X25.95 Y158.781
G0 X26.05 Y91.922
G0 X27.447 Y90.95
G0 X29.043 Y92.4
G1 F2700 E3583.3825
G1 F1500 X95.481 Y158.838 E3586.50754
G0 F9000 X94.915 Y158.838
G1 F1500 X28.282 Y92.204 E3589.64177
G0 F9000 X28.495 Y91.799
G0 X29.493 Y91.942
G0 X29.598 Y92.389
G1 F1500 X96.047 Y158.838 E3592.76733
G0 F9000 X96.612 Y158.838
G1 F1500 X30.044 Y92.27 E3595.89849
G0 F9000 X30.432 Y92.092
G1 F1500 X97.178 Y158.838 E3599.03801
G0 F9000 X97.744 Y158.838
G1 F1500 X30.766 Y91.86 E3602.18845
G0 F9000 X31.061 Y91.589
G1 F1500 X98.309 Y158.838 E3605.35162
G0 F9000 X98.875 Y158.838
G1 F1500 X31.292 Y91.254 E3608.53054
G0 F9000 X31.48 Y90.877
G1 F1500 X99.441 Y158.838 E3611.72721
G0 F9000 X100.006 Y158.838
G1 F1500 X31.613 Y90.444 E3614.94423
G0 F9000 X31.655 Y89.921
G1 F1500 X100.572 Y158.838 E3618.18588
G0 F9000 X101.138 Y158.838
G1 F1500 X31.519 Y89.219 E3621.46054
G1 F2700 E3616.46054
G0 F9000 X30.964 Y89.064
G0 X31.285 Y90.009
G0 X48.47 Y88.528
G0 X49.853 Y90.016
G1 F2700 E3621.46054
G1 F1500 X118.675 Y158.838 E3624.69772
G0 F9000 X119.24 Y158.838
G1 F1500 X50.982 Y90.58 E3627.90837
G0 F9000 X51.187 Y90.171
G0 X52.069 Y90.524
G0 X51.929 Y90.961
G1 F1500 X119.806 Y158.838 E3631.10109
G0 F9000 X120.372 Y158.838
G1 F1500 X52.76 Y91.226 E3634.28135
G0 F9000 X53.498 Y91.399
G1 F1500 X120.937 Y158.838 E3637.45348
G0 F9000 X121.503 Y158.838
G1 F1500 X54.162 Y91.498 E3640.62097
G0 F9000 X54.826 Y91.596
G1 F1500 X122.069 Y158.838 E3643.78385
G0 F9000 X122.634 Y158.838
G1 F1500 X55.489 Y91.693 E3646.94214
G0 F9000 X56.13 Y91.768
G1 F1500 X123.2 Y158.838 E3650.09691
G0 F9000 X123.766 Y158.838
G1 F1500 X56.696 Y91.769 E3653.25165
G0 F9000 X57.263 Y91.77
G1 F1500 X124.331 Y158.838 E3656.40633
G0 F9000 X124.897 Y158.838
G1 F1500 X57.83 Y91.771 E3659.56095
G0 F9000 X58.37 Y91.746
G1 F1500 X125.463 Y158.838 E3662.71678
G0 F9000 X126.029 Y158.838
G1 F1500 X58.9 Y91.71 E3665.8743
G0 F9000 X59.4 Y91.644
G1 F1500 X126.594 Y158.838 E3669.0349
G0 F9000 X127.16 Y158.838
G1 F1500 X59.899 Y91.578 E3672.19862
G0 F9000 X60.398 Y91.51
G1 F1500 X127.726 Y158.838 E3675.36553
G0 F9000 X128.291 Y158.838
G1 F1500 X60.896 Y91.443 E3678.53558
G0 F9000 X61.395 Y91.377
G1 F1500 X128.857 Y158.838 E3681.70876
G0 F9000 X129.423 Y158.838
G1 F1500 X61.887 Y91.303 E3684.88543
G0 F9000 X62.339 Y91.189
G1 F1500 X129.988 Y158.838 E3688.06743
G0 F9000 X130.554 Y158.838
G1 F1500 X62.792 Y91.076 E3691.25475
G0 F9000 X63.245 Y90.963
G1 F1500 X131.12 Y158.838 E3694.44738
G0 F9000 X131.685 Y158.838
G1 F1500 X63.69 Y90.843 E3697.64565
G0 F9000 X64.105 Y90.692
G1 F1500 X132.251 Y158.838 E3700.85103
G0 F9000 X132.817 Y158.838
G1 F1500 X64.521 Y90.542 E3704.06347
G0 F9000 X64.936 Y90.392
G1 F1500 X133.382 Y158.838 E3707.28296
G0 F9000 X133.948 Y158.838
G1 F1500 X65.35 Y90.24 E3710.5096
G0 F9000 X65.736 Y90.061
G1 F1500 X134.514 Y158.838 E3713.74468
G0 F9000 X135.08 Y158.838
G1 F1500 X66.114 Y89.873 E3716.9886
G0 F9000 X66.448 Y89.641
G1 F1500 X135.645 Y158.838 E3720.24342
G0 F9000 X136.211 Y158.838
G1 F1500 X66.733 Y89.361 E3723.51143
G0 F9000 X66.959 Y89.021
G1 F1500 X136.777 Y158.838 E3726.79543
G0 F9000 X137.342 Y158.838
G1 F1500 X67.131 Y88.627 E3730.09794
G0 F9000 X67.218 Y88.149
G1 F1500 X137.908 Y158.838 E3733.42296
G0 F9000 X138.474 Y158.838
G1 F1500 X67.145 Y87.51 E3736.77803
G0 F9000 X66.637 Y87.376
G0 X66.333 Y86.747
G0 X66.749 Y86.548
G1 F1500 X139.039 Y158.838 E3740.17833
G1 F2700 E3735.17833
G0 F9000 X139.039 Y159.3
G0 X184.86 Y159.3
G0 X184.86 Y158.838
G1 F2700 E3740.17833
G1 F1500 X117.415 Y91.393 E3743.35074
G0 F9000 X118.012 Y91.425
G1 F1500 X185.426 Y158.838 E3746.52166
G0 F9000 X185.991 Y158.838
G1 F1500 X118.61 Y91.457 E3749.69106
G0 F9000 X119.177 Y91.459
G1 F1500 X186.557 Y158.838 E3752.86038
G0 F9000 X187.123 Y158.838
G1 F1500 X119.739 Y91.455 E3756.02989
G0 F9000 X120.289 Y91.439
G1 F1500 X187.688 Y158.838 E3759.20014
G0 F9000 X188.254 Y158.838
G1 F1500 X120.806 Y91.39 E3762.37268
G0 F9000 X121.251 Y91.269
G1 F1500 X188.82 Y158.838 E3765.55092
G0 F9000 X189.385 Y158.838
G1 F1500 X121.657 Y91.11 E3768.73664
G1 F2700 E3763.73664
G0 F9000 X121.417 Y90.721
G0 X118.752 Y90.742
G0 X117.357 Y90.668
G0 X116.868 Y90.379
G0 X116.581 Y89.989
G0 X116.49 Y89.673
G0 X116.466 Y72.516
G0 X116.536 Y72.117
G0 X116.699 Y71.796
G0 X117.014 Y71.543
G0 X117.298 Y71.443
G0 X117.717 Y71.395
G0 X119.46 Y71.397
G0 X119.908 Y71.474
G0 X120.265 Y71.694
G0 X120.524 Y72.089
G0 X120.605 Y83.762
G0 X121.813 Y80.903
G0 X121.411 Y80.682
G1 F2700 E3768.73664
G1 F1500 X121.275 Y80.546 E3768.74304
G0 F9000 X121.611 Y80.316
G1 F1500 X121.275 Y79.98 E3768.75884
G0 F9000 X121.625 Y79.765
G1 F1500 X121.811 Y79.951 E3768.76759
G0 F9000 X121.625 Y79.764
G1 F1500 X121.276 Y79.415 E3768.78401
G0 F9000 X121.276 Y78.85
G1 F1500 X122.009 Y79.582 E3768.81846
G0 F9000 X122.205 Y79.213
G1 F1500 X121.276 Y78.284 E3768.86216
G0 F9000 X121.276 Y77.718
G1 F1500 X122.401 Y78.843 E3768.91508
G0 F9000 X122.598 Y78.474
G1 F1500 X121.276 Y77.153 E3768.97723
G0 F9000 X121.276 Y76.587
G1 F1500 X122.794 Y78.105 E3769.04864
G0 F9000 X122.99 Y77.735
G1 F1500 X121.275 Y76.021 E3769.12928
G0 F9000 X121.275 Y75.455
G1 F1500 X123.187 Y77.366 E3769.21919
G0 F9000 X123.383 Y76.997
G1 F1500 X121.275 Y74.889 E3769.31835
G0 F9000 X121.275 Y74.323
G1 F1500 X123.579 Y76.627 E3769.42672
G0 F9000 X123.776 Y76.258
G1 F1500 X121.275 Y73.758 E3769.54434
G0 F9000 X121.275 Y73.192
G1 F1500 X123.972 Y75.889 E3769.67119
G0 F9000 X124.169 Y75.52
G1 F1500 X121.275 Y72.626 E3769.80732
G0 F9000 X121.216 Y72.001
G1 F1500 X124.365 Y75.15 E3769.95544
G0 F9000 X124.773 Y75.366
G0 X126.714 Y72.32
G0 X127.087 Y71.993
G0 X127.472 Y71.884
G0 X127.869 Y71.943
G0 X128.252 Y72.23
G0 X134.137 Y82.279
G0 X134.228 Y74.936
G0 X133.767 Y74.936
G1 F1500 X119.991 Y61.159 E3770.60344
G0 F9000 X120.556 Y61.159
G1 F1500 X133.767 Y74.37 E3771.22485
G0 F9000 X133.767 Y73.804
G1 F1500 X121.122 Y61.159 E3771.81963
G0 F9000 X121.688 Y61.159
G1 F1500 X133.767 Y73.239 E3772.38781
G0 F9000 X133.767 Y72.673
G1 F1500 X122.253 Y61.159 E3772.9294
G0 F9000 X122.819 Y61.159
G1 F1500 X133.812 Y72.153 E3773.4465
G0 F9000 X133.968 Y71.743
G1 F1500 X123.385 Y61.159 E3773.94431
G0 F9000 X123.95 Y61.159
G1 F1500 X134.17 Y71.379 E3774.42503
G0 F9000 X134.469 Y71.113
G1 F1500 X124.516 Y61.159 E3774.89321
G0 F9000 X125.082 Y61.159
G1 F1500 X134.823 Y70.9 E3775.3514
G0 F9000 X135.244 Y70.756
G1 F1500 X125.647 Y61.159 E3775.80281
G0 F9000 X126.213 Y61.159
G1 F1500 X135.752 Y70.698 E3776.2515
G0 F9000 X136.271 Y70.651
G1 F1500 X126.779 Y61.159 E3776.69797
G0 F9000 X127.344 Y61.159
G1 F1500 X136.848 Y70.663 E3777.14501
G0 F9000 X137.424 Y70.673
G1 F1500 X127.91 Y61.159 E3777.59252
G0 F9000 X128.476 Y61.159
G1 F1500 X138.018 Y70.702 E3778.04137
G0 F9000 X137.86 Y71.145
G0 X135.444 Y71.449
G0 X135.051 Y71.576
G0 X134.721 Y71.827
G0 X134.569 Y72.166
G0 X134.228 Y75.502
G0 X133.767 Y75.502
G1 F1500 X119.425 Y61.159 E3778.716
G0 F9000 X118.859 Y61.159
G1 F1500 X133.767 Y76.067 E3779.41722
G0 F9000 X133.766 Y76.632
G1 F1500 X118.294 Y61.159 E3780.145
G1 F2700 E3775.145
G0 F9000 X118.294 Y60.7
G0 X108.528 Y60.8
G0 X108.596 Y71.053
G0 X108.9 Y78.353
G1 F2700 E3780.145
G1 F1500 X110.411 Y79.864 E3780.21607
G0 F9000 X110.219 Y80.283
G0 X109.174 Y79.804
G0 X109.367 Y79.386
G1 F1500 X108.668 Y78.686 E3780.24898
G1 F2700 E3775.24898
G0 F9000 X108.292 Y78.426
G0 X111.991 Y72.624
G0 X112.125 Y72.227
G0 X112.109 Y71.913
G0 X111.871 Y71.539
G0 X111.307 Y71.396
G0 X108.57 Y71.395
G0 X108.056 Y71.459
G0 X107.645 Y71.618
G0 X107.095 Y72.071
G0 X102.486 Y77.977
G0 X102.175 Y78.297
G0 X101.635 Y78.571
G0 X101.12 Y78.619
G0 X97.855 Y78.612
G0 X97.467 Y72.123
G0 X97.36 Y71.849
G0 X97.047 Y71.509
G0 X96.072 Y71.395
G0 X93.695 Y71.43
G0 X93.264 Y71.716
G0 X93.096 Y71.938
G0 X92.583 Y73.767
G0 X90.628 Y73.044
G0 X75.56 Y73.297
G1 F2700 E3780.24898
G1 F1500 X74.203 Y71.941 E3780.31278
G0 F9000 X73.677 Y71.943
G0 X74.517 Y73.509
G0 X74.76 Y73.063
G1 F1500 X74.972 Y73.275 E3780.32275
G1 F2700 E3775.32275
G0 F9000 X74.947 Y73.736
G0 X74.165 Y73.484
G0 X73.494 Y72.132
G0 X73.223 Y71.821
G0 X72.923 Y71.606
G0 X72.514 Y71.451
G0 X72.047 Y71.395
G0 X70.024 Y71.405
G0 X69.572 Y71.553
G0 X69.282 Y71.956
G0 X69.272 Y72.374
G0 X69.447 Y72.862
G0 X72.892 Y80.05
G0 X72.726 Y80.565
G0 X64.212 Y85.18
G0 X59.699 Y86.286
G1 F2700 E3780.32275
G1 F1500 X51.818 Y78.405 E3780.69345
G0 F9000 X51.623 Y78.776
G1 F1500 X59.201 Y86.354 E3781.0499
G0 F9000 X58.68 Y86.399
G1 F1500 X51.464 Y79.183 E3781.38932
G0 F9000 X51.34 Y79.624
G1 F1500 X58.129 Y86.413 E3781.70865
G0 F9000 X57.553 Y86.403
G1 F1500 X51.225 Y80.075 E3782.0063
G0 F9000 X51.186 Y80.601
G1 F1500 X56.978 Y86.394 E3782.27876
G0 F9000 X56.403 Y86.384
G1 F1500 X51.149 Y81.131 E3782.52587
G0 F9000 X51.223 Y81.77
G1 F1500 X55.777 Y86.324 E3782.74008
G0 F9000 X55.097 Y86.209
G1 F1500 X51.357 Y82.469 E3782.91599
G0 F9000 X51.652 Y83.331
G1 F1500 X54.203 Y85.882 E3783.03599
G1 F2700 E3778.03599
G0 F9000 X54.001 Y86.298
G0 X55.056 Y86.617
G0 X56.096 Y86.781
G0 X60.807 Y86.803
G0 X64.282 Y85.522
G0 X64.835 Y85.521
G0 X65.267 Y85.722
G0 X66.714 Y87.353
G0 X144.553 Y90.263
G0 X144.781 Y91.041
G1 F2700 E3783.03599
G1 F1500 X193.589 Y139.849 E3785.33176
G0 F9000 X193.589 Y139.283
G1 F1500 X145.705 Y91.399 E3787.58408
G0 F9000 X146.285 Y91.414
G1 F1500 X193.589 Y138.718 E3789.80912
G0 F9000 X193.589 Y138.152
G1 F1500 X164.537 Y109.1 E3791.17563
G0 F9000 X165.203 Y109.2
G1 F1500 X193.589 Y137.586 E3792.51082
G0 F9000 X193.589 Y137.021
G1 F1500 X165.727 Y109.158 E3793.82139
G0 F9000 X166.177 Y109.043
G1 F1500 X193.589 Y136.455 E3795.11077
G0 F9000 X193.589 Y135.889
G1 F1500 X166.544 Y108.844 E3796.38288
G0 F9000 X166.875 Y108.609
G1 F1500 X193.589 Y135.323 E3797.63943
G0 F9000 X193.589 Y134.758
G1 F1500 X167.128 Y108.297 E3798.88407
G0 F9000 X167.37 Y107.973
G1 F1500 X193.589 Y134.192 E3800.11733
G0 F9000 X193.589 Y133.626
G1 F1500 X167.58 Y107.618 E3801.34069
G0 F9000 X167.787 Y107.259
G1 F1500 X193.589 Y133.061 E3802.55434
G0 F9000 X193.589 Y132.495
G1 F1500 X167.995 Y106.901 E3803.7582
G0 F9000 X168.202 Y106.542
G1 F1500 X193.589 Y131.929 E3804.95233
G0 F9000 X193.589 Y131.364
G1 F1500 X168.409 Y106.184 E3806.13672
G0 F9000 X168.616 Y105.825
G1 F1500 X193.589 Y130.798 E3807.31137
G0 F9000 X193.589 Y130.232
G1 F1500 X168.823 Y105.467 E3808.47626
G0 F9000 X169.031 Y105.108
G1 F1500 X193.589 Y129.667 E3809.63142
G0 F9000 X193.589 Y129.101
G1 F1500 X169.238 Y104.75 E3810.77682
G0 F9000 X169.445 Y104.391
G1 F1500 X193.589 Y128.535 E3811.91248
G0 F9000 X193.589 Y127.97
G1 F1500 X169.652 Y104.033 E3813.0384
G0 F9000 X169.859 Y103.674
G1 F1500 X193.589 Y127.404 E3814.15459
G0 F9000 X193.589 Y126.838
G1 F1500 X170.066 Y103.316 E3815.26101
G0 F9000 X170.274 Y102.957
G1 F1500 X193.589 Y126.273 E3816.3577
G0 F9000 X193.589 Y125.707
G1 F1500 X170.481 Y102.599 E3817.44463
G0 F9000 X170.688 Y102.24
G1 F1500 X193.589 Y125.141 E3818.52183
G0 F9000 X193.589 Y124.575
G1 F1500 X170.895 Y101.882 E3819.58926
G0 F9000 X171.102 Y101.523
G1 F1500 X193.589 Y124.01 E3820.64698
G0 F9000 X193.589 Y123.444
G1 F1500 X171.31 Y101.165 E3821.69491
G0 F9000 X171.517 Y100.806
G1 F1500 X193.589 Y122.878 E3822.73311
G0 F9000 X193.589 Y122.313
G1 F1500 X171.724 Y100.448 E3823.76157
G0 F9000 X171.931 Y100.089
G1 F1500 X193.589 Y121.747 E3824.7803
G0 F9000 X193.589 Y121.181
G1 F1500 X172.138 Y99.731 E3825.78927
G0 F9000 X172.345 Y99.372
G1 F1500 X193.589 Y120.616 E3826.78852
G0 F9000 X193.589 Y120.05
G1 F1500 X172.549 Y99.01 E3827.77818
G0 F9000 X172.752 Y98.647
G1 F1500 X193.589 Y119.484 E3828.75828
G0 F9000 X193.589 Y118.919
G1 F1500 X172.955 Y98.285 E3829.72884
G0 F9000 X173.158 Y97.922
G1 F1500 X193.589 Y118.353 E3830.68986
G0 F9000 X193.589 Y117.787
G1 F1500 X173.361 Y97.559 E3831.64132
G0 F9000 X173.552 Y97.184
G1 F1500 X193.589 Y117.222 E3832.58382
G0 F9000 X193.589 Y116.656
G1 F1500 X173.67 Y96.737 E3833.52075
G0 F9000 X173.708 Y96.209
G1 F1500 X193.589 Y116.09 E3834.45589
G0 F9000 X193.589 Y115.524
G1 F1500 X173.539 Y95.474 E3835.39898
G0 F9000 X173.062 Y95.577
G0 X172.292 Y94.841
G0 X172.488 Y94.423
G1 F1500 X164.611 Y86.547 E3835.76947
G0 F9000 X164.329 Y86.83
G1 F1500 X171.679 Y94.18 E3836.11519
G0 F9000 X171.063 Y94.13
G1 F1500 X164.048 Y87.114 E3836.44518
G0 F9000 X163.765 Y87.398
G1 F1500 X170.527 Y94.159 E3836.76322
G0 F9000 X169.997 Y94.195
G1 F1500 X163.483 Y87.681 E3837.06962
G0 F9000 X163.203 Y87.967
G1 F1500 X169.442 Y94.206 E3837.36308
G0 F9000 X168.876 Y94.206
G1 F1500 X162.926 Y88.256 E3837.64295
G0 F9000 X162.649 Y88.544
G1 F1500 X168.301 Y94.196 E3837.9088
G0 F9000 X167.691 Y94.151
G1 F1500 X162.372 Y88.833 E3838.15897
G0 F9000 X162.095 Y89.122
G1 F1500 X167.101 Y94.127 E3838.39441
G0 F9000 X166.536 Y94.128
G1 F1500 X161.818 Y89.41 E3838.61633
G0 F9000 X161.541 Y89.699
G1 F1500 X165.971 Y94.129 E3838.82471
G0 F9000 X165.406 Y94.13
G1 F1500 X161.265 Y89.989 E3839.01949
G0 F9000 X160.997 Y90.286
G1 F1500 X164.889 Y94.178 E3839.20255
G0 F9000 X164.352 Y94.207
G1 F1500 X160.706 Y90.561 E3839.37405
G0 F9000 X160.388 Y90.808
G1 F1500 X163.786 Y94.207 E3839.53391
G0 F9000 X163.22 Y94.207
G1 F1500 X160.027 Y91.013 E3839.68412
G0 F9000 X159.649 Y91.201
G1 F1500 X162.619 Y94.171 E3839.82382
G0 F9000 X162.01 Y94.127
G1 F1500 X159.203 Y91.321 E3839.95583
G0 F9000 X158.725 Y91.409
G1 F1500 X161.444 Y94.127 E3840.0837
G0 F9000 X160.879 Y94.128
G1 F1500 X158.193 Y91.442 E3840.21004
G0 F9000 X157.66 Y91.474
G1 F1500 X160.313 Y94.128 E3840.33485
G0 F9000 X159.784 Y94.165
G1 F1500 X157.065 Y91.445 E3840.46277
G0 F9000 X156.469 Y91.415
G1 F1500 X159.258 Y94.205 E3840.59398
G0 F9000 X158.767 Y94.279
G1 F1500 X155.798 Y91.31 E3840.73363
G0 F9000 X156.068 Y90.924
G0 X155.063 Y89.99
G0 X154.627 Y90.139
G1 F1500 X150.057 Y85.569 E3840.94859
G0 F9000 X150.057 Y86.134
G1 F1500 X158.302 Y94.38 E3841.33643
G0 F9000 X157.925 Y94.568
G1 F1500 X150.056 Y86.699 E3841.70657
G0 F9000 X150.056 Y87.265
G1 F1500 X157.611 Y94.82 E3842.06193
G0 F9000 X157.341 Y95.115
G1 F1500 X150.056 Y87.831 E3842.40457
G0 F9000 X150.056 Y88.396
G1 F1500 X157.158 Y95.498 E3842.73863
G0 F9000 X157.018 Y95.923
G1 F1500 X150.056 Y88.962 E3843.06607
G0 F9000 X150.05 Y89.522
G1 F1500 X156.996 Y96.467 E3843.39277
G0 F9000 X157.13 Y97.167
G1 F1500 X149.978 Y90.015 E3843.72918
G0 F9000 X149.8 Y90.403
G1 F1500 X157.738 Y98.341 E3844.10256
G0 F9000 X158.135 Y98.105
G0 X158.96 Y99.495
G0 X158.563 Y99.731
G1 F1500 X149.594 Y90.762 E3844.52443
G0 F9000 X149.278 Y91.013
G1 F1500 X159.232 Y100.967 E3844.99264
G0 F9000 X159.631 Y100.735
G0 X160.425 Y102.096
G0 X160.027 Y102.327
G1 F1500 X148.946 Y91.246 E3845.51385
G0 F9000 X148.517 Y91.382
G1 F1500 X160.821 Y103.687 E3846.09262
G0 F9000 X161.219 Y103.455
G0 X162.013 Y104.815
G0 X161.615 Y105.047
G1 F1500 X148.007 Y91.438 E3846.73272
G0 F9000 X147.445 Y91.442
G1 F1500 X162.38 Y106.377 E3847.43522
G0 F9000 X162.783 Y106.154
G0 X163.537 Y107.46
G0 X163.169 Y107.732
G1 F1500 X146.865 Y91.428 E3848.20211
G0 F9000 X146.876 Y90.969
G0 X148.62 Y90.602
G0 X149.025 Y90.315
G0 X149.27 Y89.882
G0 X149.598 Y85.002
G0 X150.057 Y85.003
G1 F1500 X154.538 Y89.485 E3848.4129
G0 F9000 X154.511 Y88.891
G1 F1500 X150.057 Y84.437 E3848.62241
G0 F9000 X150.057 Y83.872
G1 F1500 X154.511 Y88.326 E3848.83191
G0 F9000 X154.528 Y87.777
G1 F1500 X150.057 Y83.307 E3849.04219
G0 F9000 X150.057 Y82.741
G1 F1500 X154.565 Y87.249 E3849.25423
G0 F9000 X154.595 Y86.713
G1 F1500 X150.057 Y82.175 E3849.46768
G0 F9000 X150.057 Y81.61
G1 F1500 X154.595 Y86.147 E3849.68111
G0 F9000 X154.595 Y85.581
G1 F1500 X150.058 Y81.045 E3849.8945
G0 F9000 X150.058 Y80.479
G1 F1500 X154.553 Y84.973 E3850.1059
G0 F9000 X154.513 Y84.368
G1 F1500 X150.058 Y79.913 E3850.31545
G0 F9000 X150.058 Y79.347
G1 F1500 X154.513 Y83.802 E3850.525
G0 F9000 X154.513 Y83.237
G1 F1500 X150.058 Y78.782 E3850.73455
G0 F9000 X150.059 Y78.217
G1 F1500 X154.513 Y82.671 E3850.94405
G0 F9000 X154.553 Y82.145
G1 F1500 X150.059 Y77.651 E3851.15544
G0 F9000 X150.059 Y77.085
G1 F1500 X154.593 Y81.619 E3851.3687
G0 F9000 X154.595 Y81.056
G1 F1500 X150.059 Y76.52 E3851.58206
G0 F9000 X150.059 Y75.954
G1 F1500 X154.595 Y80.49 E3851.79542
G0 F9000 X154.565 Y79.895
G1 F1500 X150.06 Y75.389 E3852.00735
G0 F9000 X150.06 Y74.823
G1 F1500 X154.519 Y79.283 E3852.21711
G0 F9000 X154.513 Y78.711
G1 F1500 X150.06 Y74.258 E3852.42656
G0 F9000 X150.06 Y73.692
G1 F1500 X154.513 Y78.145 E3852.63602
G0 F9000 X154.513 Y77.58
G1 F1500 X150.06 Y73.126 E3852.8455
G0 F9000 X150.052 Y72.553
G1 F1500 X154.535 Y77.036 E3853.05637
G0 F9000 X154.573 Y76.508
G1 F1500 X149.909 Y71.844 E3853.27575
G1 F2700 E3848.27575
G0 F9000 X149.536 Y72.133
G0 X149.684 Y72.666
G0 X154.89 Y72.729
G0 X160.224 Y71.977
G1 F2700 E3853.27575
G1 F1500 X165.296 Y77.049 E3853.51432
G0 F9000 X165.019 Y77.338
G1 F1500 X160.301 Y72.619 E3853.73626
G0 F9000 X160.303 Y73.187
G1 F1500 X164.742 Y77.626 E3853.94506
G0 F9000 X164.465 Y77.915
G1 F1500 X160.303 Y73.753 E3854.14083
G0 F9000 X160.303 Y74.319
G1 F1500 X164.188 Y78.203 E3854.32354
G0 F9000 X163.91 Y78.492
G1 F1500 X160.303 Y74.884 E3854.49323
G0 F9000 X160.303 Y75.45
G1 F1500 X163.633 Y78.78 E3854.64986
G0 F9000 X163.356 Y79.069
G1 F1500 X160.303 Y76.016 E3854.79346
G0 F9000 X160.303 Y76.581
G1 F1500 X163.079 Y79.357 E3854.92404
G0 F9000 X162.802 Y79.647
G1 F1500 X160.303 Y77.147 E3855.04161
G0 F9000 X160.303 Y77.713
G1 F1500 X162.525 Y79.935 E3855.14612
G0 F9000 X162.248 Y80.224
G1 F1500 X160.303 Y78.278 E3855.23763
G0 F9000 X160.303 Y78.844
G1 F1500 X161.971 Y80.512 E3855.31609
G0 F9000 X161.694 Y80.801
G1 F1500 X160.303 Y79.41 E3855.38152
G0 F9000 X160.303 Y79.975
G1 F1500 X161.415 Y81.088 E3855.43385
G0 F9000 X161.135 Y81.373
G1 F1500 X160.303 Y80.541 E3855.47298
G0 F9000 X160.303 Y81.107
G1 F1500 X160.855 Y81.659 E3855.49895
G0 F9000 X160.574 Y81.944
G1 F1500 X160.303 Y81.672 E3855.51172
G1 F2700 E3850.51172
G0 F9000 X159.844 Y81.672
G0 X159.542 Y72.129
G0 X159.256 Y71.705
G0 X158.852 Y71.46
G0 X158.454 Y71.396
G0 X156.126 Y71.423
G0 X155.798 Y71.514
G0 X155.474 Y71.755
G0 X155.261 Y72.174
G0 X155.23 Y89.206
G0 X155.319 Y89.918
G0 X155.475 Y90.273
G0 X155.801 Y90.545
G0 X156.177 Y90.682
G0 X157.614 Y90.756
G0 X159.115 Y90.613
G0 X159.49 Y90.497
G0 X159.976 Y90.214
G0 X164.569 Y85.939
G0 X164.893 Y86.263
G1 F2700 E3855.51172
G1 F1500 X193.589 Y114.959 E3856.86149
G0 F9000 X193.589 Y114.393
G1 F1500 X165.173 Y85.977 E3858.19809
G0 F9000 X165.45 Y85.688
G1 F1500 X193.589 Y113.827 E3859.52166
G0 F9000 X193.589 Y113.262
G1 F1500 X165.728 Y85.4 E3860.83218
G0 F9000 X166.005 Y85.112
G1 F1500 X170.661 Y89.768 E3861.05119
G0 F9000 X170.602 Y89.144
G1 F1500 X166.282 Y84.823 E3861.25441
G0 F9000 X166.559 Y84.535
G1 F1500 X170.576 Y88.552 E3861.44336
G0 F9000 X170.583 Y87.993
G1 F1500 X166.837 Y84.247 E3861.61956
G0 F9000 X167.114 Y83.959
G1 F1500 X170.588 Y87.433 E3861.78296
G0 F9000 X170.588 Y86.867
G1 F1500 X167.391 Y83.67 E3861.93334
G0 F9000 X167.669 Y83.382
G1 F1500 X170.588 Y86.301 E3862.07064
G0 F9000 X170.588 Y85.735
G1 F1500 X167.947 Y83.094 E3862.19487
G0 F9000 X168.224 Y82.805
G1 F1500 X170.588 Y85.17 E3862.30608
G0 F9000 X170.588 Y84.604
G1 F1500 X168.502 Y82.517 E3862.40423
G0 F9000 X168.779 Y82.229
G1 F1500 X170.588 Y84.038 E3862.48932
G0 F9000 X170.588 Y83.473
G1 F1500 X169.056 Y81.94 E3862.5614
G0 F9000 X169.333 Y81.652
G1 F1500 X170.588 Y82.907 E3862.62043
G0 F9000 X170.588 Y82.341
G1 F1500 X169.611 Y81.364 E3862.66639
G0 F9000 X169.888 Y81.076
G1 F1500 X170.588 Y81.776 E3862.69931
G0 F9000 X170.588 Y81.21
G1 F1500 X170.356 Y80.978 E3862.71023
G1 X170.356 Y80.977
G1 X170.165 Y80.787 E3862.71919
G0 F9000 X170.443 Y80.499
G1 F1500 X170.589 Y80.645 E3862.72605
G0 F9000 X170.11 Y80.184
G0 X170.964 Y79.417
G0 X171.292 Y88.746
G0 X171.372 Y89.667
G0 X171.5 Y90.066
G0 X171.74 Y90.403
G0 X172.197 Y90.641
G0 X173.022 Y90.73
G0 X174.666 Y90.669
G0 X174.976 Y90.559
G0 X175.317 Y90.285
G0 X175.518 Y89.848
G0 X175.93 Y80.784
G0 X176.387 Y80.786
G1 F1500 X193.589 Y97.988 E3863.53518
G0 F9000 X193.589 Y97.423
G1 F1500 X176.387 Y80.221 E3864.34431
G0 F9000 X176.346 Y79.613
G1 F1500 X193.589 Y96.857 E3865.15539
G0 F9000 X193.589 Y96.291
G1 F1500 X176.305 Y79.007 E3865.96838
G0 F9000 X176.305 Y78.441
G1 F1500 X188.395 Y90.531 E3866.53706
G0 F9000 X188.344 Y89.915
G1 F1500 X176.305 Y77.875 E3867.10336
G0 F9000 X176.317 Y77.322
G1 F1500 X188.412 Y89.417 E3867.67227
G0 F9000 X188.563 Y89.002
G1 F1500 X176.355 Y76.794 E3868.2465
G0 F9000 X176.387 Y76.261
G1 F1500 X188.774 Y88.647 E3868.82912
G0 F9000 X189.018 Y88.326
G1 F1500 X176.387 Y75.695 E3869.42324
G0 F9000 X176.388 Y75.13
G1 F1500 X189.322 Y88.064 E3870.03162
G0 F9000 X189.677 Y87.853
G1 F1500 X176.37 Y74.546 E3870.65754
G0 F9000 X176.331 Y73.942
G1 F1500 X190.083 Y87.694 E3871.30439
G0 F9000 X190.553 Y87.599
G1 F1500 X176.309 Y73.354 E3871.97441
G0 F9000 X176.318 Y72.798
G1 F1500 X191.141 Y87.621 E3872.67164
G0 F9000 X192.055 Y87.969
G1 F1500 X176.243 Y72.157 E3873.41539
G0 F9000 X175.788 Y72.223
G0 X175.93 Y81.35
G0 X176.387 Y81.352
G1 F1500 X193.589 Y98.554 E3874.22451
G0 F9000 X193.589 Y99.12
G1 F1500 X176.373 Y81.904 E3875.0343
G0 F9000 X176.334 Y82.43
G1 F1500 X193.589 Y99.685 E3875.84592
G0 F9000 X193.589 Y100.251
G1 F1500 X176.305 Y82.967 E3876.65891
G0 F9000 X176.305 Y83.533
G1 F1500 X193.589 Y100.817 E3877.4719
G0 F9000 X193.589 Y101.382
G1 F1500 X176.305 Y84.098 E3878.28488
G0 F9000 X176.334 Y84.693
G1 F1500 X193.589 Y101.948 E3879.09651
G0 F9000 X193.589 Y102.514
G1 F1500 X176.381 Y85.306 E3879.90592
G0 F9000 X176.377 Y85.867
G1 F1500 X193.589 Y103.079 E3880.71552
G0 F9000 X193.589 Y103.645
G1 F1500 X176.363 Y86.419 E3881.52578
G0 F9000 X176.35 Y86.972
G1 F1500 X193.589 Y104.211 E3882.33665
G0 F9000 X193.589 Y104.776
G1 F1500 X176.336 Y87.524 E3883.14815
G0 F9000 X176.324 Y88.077
G1 F1500 X193.589 Y105.342 E3883.96024
G0 F9000 X193.589 Y105.908
G1 F1500 X176.31 Y88.629 E3884.77299
G0 F9000 X176.297 Y89.181
G1 F1500 X193.589 Y106.474 E3885.58638
G0 F9000 X193.589 Y107.039
G1 F1500 X176.268 Y89.718 E3886.40111
G0 F9000 X176.153 Y90.169
G1 F1500 X193.589 Y107.605 E3887.22124
G0 F9000 X193.589 Y108.171
G1 F1500 X175.979 Y90.56 E3888.04959
G0 F9000 X175.726 Y90.873
G1 F1500 X193.589 Y108.736 E3888.88981
G0 F9000 X193.589 Y109.302
G1 F1500 X175.416 Y91.129 E3889.74461
G0 F9000 X175.027 Y91.305
G1 F1500 X193.589 Y109.868 E3890.61773
G0 F9000 X193.589 Y110.433
G1 F1500 X174.56 Y91.404 E3891.5128
G0 F9000 X174.035 Y91.445
G1 F1500 X193.589 Y110.999 E3892.43256
G0 F9000 X193.589 Y111.565
G1 F1500 X173.473 Y91.448 E3893.37878
G0 F9000 X172.905 Y91.447
G1 F1500 X193.589 Y112.13 E3894.35167
G0 F9000 X193.589 Y112.696
G1 F1500 X172.28 Y91.387 E3895.35398
G1 F2700 E3890.35398
G0 F9000 X172.568 Y90.972
G0 X174.456 Y90.699
G0 X175.646 Y90.387
G0 X188.949 Y90.95
G0 X190.199 Y92.336
G1 F2700 E3895.35398
G1 F1500 X193.589 Y95.725 E3895.51341
G0 F9000 X193.589 Y95.16
G1 F1500 X190.83 Y92.401 E3895.64318
G0 F9000 X191.326 Y92.331
G1 F1500 X193.589 Y94.594 E3895.74963
G0 F9000 X193.589 Y94.028
G1 F1500 X191.748 Y92.188 E3895.8362
G0 F9000 X192.123 Y91.996
G1 F1500 X193.589 Y93.463 E3895.90518
G0 F9000 X193.589 Y92.897
G1 F1500 X192.42 Y91.728 E3895.96016
G0 F9000 X192.682 Y91.424
G1 F1500 X193.589 Y92.331 E3896.00283
G0 F9000 X193.589 Y91.766
G1 F1500 X192.916 Y91.093 E3896.03448
G0 F9000 X193.058 Y90.669
G1 F1500 X193.452 Y91.063 E3896.05302
G1 X193.453 Y91.064
G1 X193.589 Y91.2 E3896.05941
G0 F9000 X193.589 Y90.634
G1 F1500 X193.139 Y90.185 E3896.08056
G0 F9000 X193.589 Y90.069
G1 F1500 X193.117 Y89.597 E3896.10276
G0 F9000 X193.589 Y89.503
G1 F1500 X193.127 Y89.041 E3896.12449
G1 X193.126 Y89.04
G1 X192.731 Y88.645 E3896.14307
G1 F2700 E3891.14307
G0 F9000 X192.42 Y89
G0 X192.443 Y90
G0 X191.908 Y91.678
G0 X191.908 Y154.322
G0 X193.009 Y156.805
G1 F2700 E3896.14307
G1 F1500 X193.18 Y156.976 E3896.15111
G1 F2700 E3891.15111
G0 F9000 X192.548 Y156.737
G0 X191.87 Y157.268
G0 X190.495 Y158.022
G0 X190.495 Y159.2
G0 X189.952 Y158.839
G1 F2700 E3896.15111
G1 F1500 X189.733 Y158.62 E3896.16141
G1 F2700 E3891.16141
;MESH:NONMESH
G0 F300 X189.733 Y158.62 Z1.6
G0 F9000 X190.047 Y157.826
G0 X189.887 Y157.626
G0 X188.714 Y155.994
G0 X79.48 Y84.641
G0 X79.369 Y84.471
;TIME_ELAPSED:10570.182372
;LAYER:7
;TYPE:WALL-INNER
;MESH:Box_Cover.stl
G1 F2700 E3896.16141
G1 F1500 X79.617 Y84.052 E3896.17761
G1 X80.063 Y83.012 E3896.21524
G1 X80.829 Y81.4 E3896.2746
G1 X82.003 Y78.763 E3896.37061
G1 X82.314 Y78.108 E3896.39473
G1 X82.459 Y77.705 E3896.40897
G1 X82.493 Y77.49 E3896.41621
G1 X82.327 Y77.397 E3896.42254
G1 X81.74 Y77.346 E3896.44214
G1 X77.021 Y77.345 E3896.59909
G1 X76.722 Y77.356 E3896.60904
G1 X76.259 Y77.416 E3896.62457
G1 X76.166 Y77.491 E3896.62855
G1 X76.824 Y79.057 E3896.68504
G1 X78.664 Y83.035 E3896.83082
G1 X79.019 Y83.858 E3896.86063
G1 X79.21 Y84.24 E3896.87483
G1 X79.369 Y84.471 E3896.88416
G0 F9000 X79.459 Y84.954
;TYPE:WALL-OUTER
G1 F1500 X79.651 Y84.781 E3896.89276
G1 X79.975 Y84.234 E3896.9139
G1 X80.425 Y83.184 E3896.9519
G1 X81.193 Y81.567 E3897.01144
G1 X82.365 Y78.935 E3897.10727
G1 X82.684 Y78.262 E3897.13204
G1 X82.848 Y77.806 E3897.14815
G1 X82.9 Y77.486 E3897.15894
G1 X82.82 Y77.24 E3897.16754
G1 X82.625 Y77.078 E3897.17597
G1 X82.413 Y77.003 E3897.18345
G1 X81.757 Y76.946 E3897.20535
G1 X77.007 Y76.945 E3897.36334
G1 X76.689 Y76.957 E3897.37392
G1 X76.309 Y77.007 E3897.38667
G1 X76.03 Y77.089 E3897.39634
G1 X75.813 Y77.259 E3897.40551
G1 X75.744 Y77.518 E3897.41443
G1 X76.461 Y79.225 E3897.47601
G1 X78.296 Y83.193 E3897.62141
G1 X78.66 Y84.036 E3897.65195
G1 X78.858 Y84.433 E3897.66671
G1 X79.067 Y84.74 E3897.67906
G1 X79.312 Y84.951 E3897.68981
G1 X79.459 Y84.954 E3897.6947
G0 F9000 X79.384 Y84.653
G0 X79.127 Y83.849
G0 X79.359 Y83.735
;TYPE:SKIN
G1 F1500 X78.993 Y82.885 E3897.72548
G1 X77.156 Y78.917 E3897.87092
G1 X76.656 Y77.722 E3897.914
G1 X77.034 Y77.706 E3897.92659
G1 X81.733 Y77.706 E3898.08288
G1 X82.087 Y77.738 E3898.0947
G1 X81.675 Y78.611 E3898.1268
G1 X80.51 Y81.23 E3898.22214
G1 X79.731 Y82.871 E3898.28256
G1 X79.359 Y83.735 E3898.31385
G0 F9000 X79.288 Y83.063
G1 F1500 X79.536 Y82.814 E3898.32554
G0 F9000 X79.136 Y82.649
G1 F1500 X80.043 Y81.742 E3898.3682
G0 F9000 X80.46 Y81.94
G0 X80.951 Y80.877
G0 X80.53 Y80.69
G1 F1500 X78.936 Y82.283 E3898.44315
G0 F9000 X78.757 Y81.897
G1 F1500 X80.982 Y79.671 E3898.54783
G0 F9000 X81.404 Y79.859
G0 X81.858 Y78.841
G0 X81.435 Y78.653
G1 F1500 X78.578 Y81.51 E3898.68222
G0 F9000 X78.399 Y81.123
G1 F1500 X81.617 Y77.906 E3898.83356
G0 F9000 X81.05 Y77.906
G1 F1500 X78.22 Y80.737 E3898.9667
G0 F9000 X78.041 Y80.35
G1 F1500 X80.485 Y77.906 E3899.08165
G0 F9000 X79.918 Y77.907
G1 F1500 X77.862 Y79.963 E3899.17836
G0 F9000 X77.683 Y79.577
G1 F1500 X79.352 Y77.908 E3899.25687
G0 F9000 X78.785 Y77.909
G1 F1500 X77.503 Y79.191 E3899.31717
G0 F9000 X77.325 Y78.803
G1 F1500 X78.219 Y77.909 E3899.35922
G0 F9000 X77.653 Y77.909
G1 F1500 X77.158 Y78.404 E3899.3825
G0 F9000 X76.991 Y78.005
G1 F1500 X77.087 Y77.91 E3899.38699
G1 F2700 E3894.38699
G0 F9000 X77.089 Y77.446
G0 X81.732 Y77.507
G0 X82.318 Y77.573
G0 X81.858 Y78.693
G0 X81.549 Y79.384
G0 X81.882 Y79.53
G0 X97.501 Y83.454
G0 X98.051 Y86.872
;TYPE:WALL-INNER
G1 F2700 E3899.38699
G1 F1500 X98.412 Y86.901 E3899.39904
G1 X99.039 Y86.897 E3899.41989
G1 X101.808 Y86.956 E3899.51201
G1 X102.897 Y86.897 E3899.54829
G1 X104.425 Y86.869 E3899.59912
G1 X105.881 Y86.636 E3899.64816
G1 X106.392 Y86.426 E3899.66653
G1 X106.83 Y86.126 E3899.68419
G1 X107.021 Y85.92 E3899.69354
G1 X107.176 Y85.679 E3899.70307
G1 X107.313 Y85.34 E3899.71523
G1 X107.391 Y84.987 E3899.72725
G1 X107.408 Y84.608 E3899.73987
G1 X107.365 Y84.243 E3899.75209
G1 X107.261 Y83.905 E3899.76386
G1 X107.043 Y83.496 E3899.77927
G1 X106.748 Y83.227 E3899.79255
G1 X106.368 Y82.974 E3899.80773
G1 X105.783 Y82.738 E3899.82871
G1 X105.015 Y82.599 E3899.85467
G1 X103.389 Y82.502 E3899.90885
G1 X102.381 Y82.426 E3899.94247
G1 X98.638 Y82.425 E3900.06696
G1 X98.24 Y82.452 E3900.08023
G1 X97.924 Y82.6 E3900.09184
G1 X97.801 Y82.747 E3900.09821
G1 X97.731 Y82.987 E3900.10653
G1 X97.682 Y83.462 E3900.12241
G1 X97.682 Y86.027 E3900.20772
G1 X97.732 Y86.486 E3900.22308
G1 X97.883 Y86.745 E3900.23305
G1 X98.051 Y86.872 E3900.24005
G1 F2700 E3895.24005
G0 F9000 X98.143 Y86.776
G0 X104.432 Y86.767
G0 X104.461 Y87.269
;TYPE:WALL-OUTER
G1 F2700 E3900.24005
G1 F1500 X105.99 Y87.024 E3900.29156
G1 X106.583 Y86.78 E3900.31289
G1 X107.093 Y86.431 E3900.33344
G1 X107.339 Y86.166 E3900.34547
G1 X107.533 Y85.863 E3900.35743
G1 X107.697 Y85.459 E3900.37193
G1 X107.789 Y85.039 E3900.38624
G1 X107.809 Y84.593 E3900.40108
G1 X107.758 Y84.16 E3900.41559
G1 X107.632 Y83.751 E3900.42982
G1 X107.429 Y83.37 E3900.44418
G1 X107.235 Y83.13 E3900.45444
G1 X106.995 Y82.911 E3900.46525
G1 X106.556 Y82.618 E3900.4828
G1 X105.895 Y82.352 E3900.5065
G1 X105.063 Y82.201 E3900.53463
G1 X103.419 Y82.103 E3900.5894
G1 X102.396 Y82.026 E3900.62352
G1 X98.624 Y82.025 E3900.74898
G1 X98.316 Y82.046 E3900.75925
G1 X98.04 Y82.104 E3900.76863
G1 X97.638 Y82.292 E3900.78339
G1 X97.436 Y82.569 E3900.79479
G1 X97.337 Y82.911 E3900.80663
G1 X97.282 Y83.441 E3900.82436
G1 X97.282 Y86.048 E3900.91107
G1 X97.326 Y86.456 E3900.92472
G1 X97.398 Y86.708 E3900.93343
G1 X97.577 Y87.016 E3900.94528
G1 X97.904 Y87.263 E3900.95891
G1 X98.398 Y87.301 E3900.97539
G1 X99.031 Y87.297 E3900.99644
G1 X101.814 Y87.356 E3901.08903
G1 X102.926 Y87.297 E3901.12607
G1 X104.461 Y87.269 E3901.17713
G0 F9000 X104.432 Y86.767
G0 X98.176 Y86.779
G0 X98.199 Y86.542
;TYPE:SKIN
G1 F1500 X98.081 Y86.369 E3901.18409
G1 X98.042 Y86.008 E3901.19617
G1 X98.043 Y83.479 E3901.28028
G1 X98.085 Y83.066 E3901.29409
G1 X98.157 Y82.89 E3901.30042
G1 X98.275 Y82.834 E3901.30476
G1 X98.659 Y82.786 E3901.31763
G1 X102.355 Y82.787 E3901.44056
G1 X103.365 Y82.862 E3901.47425
G1 X104.983 Y82.96 E3901.52816
G1 X105.678 Y83.085 E3901.55165
G1 X106.2 Y83.295 E3901.57036
G1 X106.519 Y83.509 E3901.58314
G1 X106.797 Y83.8 E3901.59652
G1 X106.926 Y84.041 E3901.60561
G1 X107.011 Y84.317 E3901.61522
G1 X107.045 Y84.622 E3901.62543
G1 X107.033 Y84.94 E3901.63601
G1 X106.967 Y85.233 E3901.646
G1 X106.857 Y85.507 E3901.65582
G1 X106.668 Y85.799 E3901.66739
G1 X106.225 Y86.103 E3901.68526
G1 X105.779 Y86.287 E3901.70131
G1 X104.393 Y86.51 E3901.748
G1 X102.919 Y86.537 E3901.79703
G1 X101.797 Y86.595 E3901.8344
G1 X99.045 Y86.537 E3901.92595
G1 X98.199 Y86.542 E3901.95409
G0 F9000 X98.176 Y86.779
G0 X97.889 Y86.433
G0 X97.876 Y82.891
G0 X98.259 Y83.325
G1 F1500 X98.586 Y82.998 E3901.96947
G0 F9000 X99.164 Y82.986
G1 F1500 X98.242 Y83.908 E3902.01284
G0 F9000 X98.242 Y84.473
G1 F1500 X99.73 Y82.986 E3902.08281
G0 F9000 X100.295 Y82.986
G1 F1500 X98.241 Y85.04 E3902.17942
G0 F9000 X98.241 Y85.605
G1 F1500 X100.861 Y82.986 E3902.30263
G0 F9000 X101.425 Y82.987
G1 F1500 X98.258 Y86.154 E3902.4516
G0 F9000 X98.639 Y86.339
G1 F1500 X101.991 Y82.987 E3902.60927
G0 F9000 X102.542 Y83.002
G1 F1500 X99.203 Y86.341 E3902.76632
G0 F9000 X99.757 Y86.352
G1 F1500 X103.068 Y83.041 E3902.92206
G0 F9000 X103.598 Y83.077
G1 F1500 X100.312 Y86.363 E3903.07663
G0 F9000 X100.865 Y86.375
G1 F1500 X104.132 Y83.109 E3903.23027
G0 F9000 X104.665 Y83.141
G1 F1500 X101.42 Y86.387 E3903.38293
G0 F9000 X101.988 Y86.385
G1 F1500 X105.175 Y83.198 E3903.53284
G0 F9000 X105.65 Y83.288
G1 F1500 X102.585 Y86.353 E3903.67701
G0 F9000 X103.172 Y86.332
G1 F1500 X106.052 Y83.452 E3903.81247
G0 F9000 X106.397 Y83.672
G1 F1500 X103.748 Y86.321 E3903.93707
G0 F9000 X104.325 Y86.31
G1 F1500 X106.655 Y83.98 E3904.04667
G0 F9000 X106.816 Y84.385
G1 F1500 X104.99 Y86.211 E3904.13256
G0 F9000 X105.664 Y86.102
G1 F1500 X106.826 Y84.941 E3904.18719
G1 F2700 E3899.18719
G0 F9000 X107.275 Y85.042
G0 X107.033 Y85.604
G0 X105.935 Y86.811
G0 X106.106 Y87.882
G0 X106.402 Y89.455
G0 X106.277 Y90.759
;TYPE:WALL-INNER
G1 F2700 E3904.18719
G1 F1500 X103.085 Y90.891 E3904.29345
G1 X95.733 Y90.891 E3904.53798
G1 X94.792 Y90.901 E3904.56928
G1 X93.753 Y90.816 E3904.60395
G1 X93.234 Y90.5 E3904.62416
G1 X92.902 Y90.059 E3904.64252
G1 X92.801 Y89.702 E3904.65486
G1 X92.758 Y89.152 E3904.67321
G1 X92.763 Y72.393 E3905.23061
G1 X92.945 Y71.879 E3905.24875
G1 X93.136 Y71.612 E3905.25967
G1 X93.565 Y71.326 E3905.27682
G1 X93.737 Y71.268 E3905.28286
G1 X94.244 Y71.235 E3905.29975
G1 X96.078 Y71.234 E3905.36075
G1 X96.544 Y71.246 E3905.37626
G1 X97.015 Y71.343 E3905.39225
G1 X97.214 Y71.456 E3905.39986
G1 X97.49 Y71.751 E3905.4133
G1 X97.619 Y72.086 E3905.42524
G1 X97.683 Y72.768 E3905.44802
G1 X97.683 Y78.749 E3905.64695
G1 X97.95 Y78.784 E3905.65591
G1 X101.128 Y78.78 E3905.76161
G1 X101.67 Y78.729 E3905.77972
G1 X101.978 Y78.621 E3905.79057
G1 X102.278 Y78.422 E3905.80254
G1 X102.61 Y78.081 E3905.81837
G1 X106.357 Y72.843 E3906.03258
G1 X106.742 Y72.264 E3906.0557
G1 X106.971 Y71.968 E3906.06815
G1 X107.234 Y71.705 E3906.08052
G1 X107.568 Y71.479 E3906.09393
G1 X108.02 Y71.305 E3906.11004
G1 X108.518 Y71.238 E3906.12676
G1 X111.326 Y71.235 E3906.22015
G1 X111.803 Y71.357 E3906.23653
G1 X112.046 Y71.525 E3906.24635
G1 X112.254 Y71.833 E3906.25871
G1 X112.286 Y72.242 E3906.27236
G1 X112.137 Y72.698 E3906.28831
G1 X111.213 Y74.049 E3906.34275
G1 X110.493 Y75.139 E3906.3862
G1 X108.329 Y78.195 E3906.51075
G1 X107.914 Y78.795 E3906.53501
G1 X107.756 Y79.082 E3906.54591
G1 X107.719 Y79.21 E3906.55034
G1 X107.904 Y79.356 E3906.55818
G1 X108.418 Y79.569 E3906.57668
G1 X110.176 Y80.375 E3906.64101
G1 X110.884 Y80.907 E3906.67046
G1 X111.466 Y81.57 E3906.69981
G1 X111.993 Y82.52 E3906.73594
G1 X112.32 Y83.688 E3906.77628
G1 X112.32 Y84.483 E3906.80272
G1 X112.374 Y84.845 E3906.8149
G1 X112.386 Y85.21 E3906.82704
G1 X112.257 Y86.305 E3906.86371
G1 X111.942 Y87.397 E3906.90151
G1 X111.39 Y88.371 E3906.93875
G1 X110.661 Y89.147 E3906.97416
G1 X109.516 Y89.902 E3907.01978
G1 X107.955 Y90.463 E3907.07495
G1 X106.277 Y90.759 E3907.13162
G1 F2700 E3902.13162
G0 F9000 X109.595 Y90.064
G0 X116.263 Y90.127
G0 X117.307 Y90.828
G1 F2700 E3907.13162
G1 F1500 X116.749 Y90.494 E3907.15325
G1 X116.432 Y90.054 E3907.17129
G1 X116.327 Y89.693 E3907.18379
G1 X116.294 Y89.153 E3907.20179
G1 X116.294 Y72.924 E3907.74157
G1 X116.305 Y72.499 E3907.75571
G1 X116.389 Y72.061 E3907.77054
G1 X116.565 Y71.702 E3907.78384
G1 X116.926 Y71.405 E3907.79939
G1 X117.291 Y71.281 E3907.81221
G1 X117.674 Y71.237 E3907.82503
G1 X119.481 Y71.236 E3907.88513
G1 X119.966 Y71.325 E3907.90153
G1 X120.38 Y71.572 E3907.91757
G1 X120.643 Y71.976 E3907.9336
G1 X120.694 Y72.193 E3907.94101
G1 X120.716 Y72.548 E3907.95284
G1 X120.718 Y82.664 E3908.2893
G1 X120.751 Y83.08 E3908.30318
G1 X121.348 Y81.96 E3908.3454
G1 X122.606 Y79.669 E3908.43233
G1 X125.295 Y74.597 E3908.62326
G1 X126.59 Y72.214 E3908.71347
G1 X126.999 Y71.855 E3908.73157
G1 X127.452 Y71.724 E3908.74725
G1 X127.935 Y71.793 E3908.76348
G1 X128.36 Y72.11 E3908.78112
G1 X128.693 Y72.623 E3908.80146
G1 X129.882 Y74.861 E3908.88575
G1 X134.328 Y83.027 E3909.195
G1 X134.331 Y72.586 E3909.54227
G1 X134.373 Y72.212 E3909.55478
G1 X134.566 Y71.788 E3909.57028
G1 X134.661 Y71.672 E3909.57526
G1 X134.988 Y71.426 E3909.58887
G1 X135.427 Y71.29 E3909.60416
G1 X136.369 Y71.209 E3909.63561
G1 X137.803 Y71.239 E3909.68331
G1 X138.165 Y71.286 E3909.69545
G1 X138.628 Y71.511 E3909.71258
G1 X138.959 Y71.959 E3909.7311
G1 X139.078 Y72.5 E3909.74953
G1 X139.076 Y89.473 E3910.31405
G1 X138.975 Y89.982 E3910.33131
G1 X138.81 Y90.307 E3910.34343
G1 X138.371 Y90.693 E3910.36288
G1 X137.993 Y90.829 E3910.37624
G1 X137.413 Y90.891 E3910.39564
G1 X135.969 Y90.912 E3910.44367
G1 X134.366 Y90.765 E3910.49721
G1 X133.967 Y90.621 E3910.51132
G1 X133.589 Y90.327 E3910.52725
G1 X133.03 Y89.59 E3910.55801
G1 X129.629 Y83.552 E3910.7885
G1 X127.949 Y80.506 E3910.9042
G1 X127.793 Y80.245 E3910.91431
G1 X127.626 Y80.031 E3910.92334
G1 X127.321 Y80.531 E3910.94282
G1 X125.971 Y83.044 E3911.0377
G1 X122.941 Y88.59 E3911.2479
G1 X122.522 Y89.391 E3911.27796
G1 X122.048 Y90.107 E3911.30652
G1 X121.708 Y90.432 E3911.32217
G1 X121.305 Y90.671 E3911.33775
G1 X120.779 Y90.831 E3911.35604
G1 X120.136 Y90.891 E3911.37752
G1 X118.735 Y90.903 E3911.42412
G1 X117.307 Y90.828 E3911.47168
G1 F2700 E3906.47168
G0 F9000 X116.691 Y90.584
G0 X118.752 Y90.742
G0 X120.755 Y90.673
G0 X122.158 Y90.232
G0 X127.643 Y80.345
G0 X133.267 Y90.183
G0 X134.433 Y90.618
G0 X135.983 Y90.751
G0 X137.946 Y90.678
G0 X139.154 Y90.042
G0 X144.553 Y90.263
G0 X145.033 Y90.559
G1 F2700 E3911.47168
G1 F1500 X144.714 Y90.172 E3911.48836
G1 X144.615 Y89.852 E3911.4995
G1 X144.573 Y89.308 E3911.51765
G1 X144.574 Y72.452 E3912.07828
G1 X144.627 Y72.059 E3912.09147
G1 X144.79 Y71.735 E3912.10353
G1 X144.936 Y71.568 E3912.11091
G1 X145.292 Y71.327 E3912.12521
G1 X145.463 Y71.269 E3912.13121
G1 X146.013 Y71.234 E3912.14954
G1 X148.193 Y71.241 E3912.22205
G1 X148.597 Y71.302 E3912.23564
G1 X149.013 Y71.506 E3912.25105
G1 X149.272 Y71.777 E3912.26352
G1 X149.437 Y72.15 E3912.27708
G1 X149.503 Y72.67 E3912.29452
G1 X149.496 Y89.46 E3912.85296
G1 X149.418 Y89.952 E3912.86952
G1 X149.149 Y90.415 E3912.88733
G1 X148.708 Y90.74 E3912.90556
G1 X148.332 Y90.856 E3912.91864
G1 X147.833 Y90.891 E3912.93528
G1 X145.633 Y90.843 E3913.00847
G1 X145.033 Y90.559 E3913.03055
G1 F2700 E3908.03055
G0 F9000 X145.15 Y90.727
G0 X148.306 Y90.696
G0 X149.605 Y89.983
G0 X154.984 Y90.012
G0 X155.727 Y90.688
G1 F2700 E3913.03055
G1 F1500 X155.418 Y90.435 E3913.04383
G1 X155.29 Y90.259 E3913.05107
G1 X155.158 Y89.941 E3913.06252
G1 X155.07 Y89.224 E3913.08655
G1 X155.072 Y88.044 E3913.12579
G1 X155.156 Y86.871 E3913.16491
G1 X155.156 Y85.501 E3913.21048
G1 X155.072 Y84.405 E3913.24704
G1 X155.072 Y82.705 E3913.30358
G1 X155.156 Y81.619 E3913.33981
G1 X155.156 Y80.252 E3913.38527
G1 X155.072 Y79.158 E3913.42177
G1 X155.072 Y77.371 E3913.4812
G1 X155.155 Y76.288 E3913.51733
G1 X155.071 Y72.739 E3913.6354
G1 X155.104 Y72.127 E3913.65579
G1 X155.343 Y71.649 E3913.67356
G1 X155.736 Y71.366 E3913.68967
G1 X156.096 Y71.267 E3913.70209
G1 X156.471 Y71.235 E3913.7146
G1 X158.473 Y71.235 E3913.78119
G1 X158.911 Y71.312 E3913.79598
G1 X159.37 Y71.582 E3913.81369
G1 X159.626 Y71.965 E3913.82902
G1 X159.699 Y72.144 E3913.83545
G1 X159.744 Y72.674 E3913.85314
G1 X159.743 Y83.586 E3914.21607
G1 X161.938 Y81.357 E3914.32012
G1 X169.017 Y73.985 E3914.66006
G1 X169.954 Y73.026 E3914.70465
G1 X170.523 Y72.384 E3914.73318
G1 X171.217 Y71.749 E3914.76447
G1 X171.667 Y71.483 E3914.78186
G1 X172.179 Y71.299 E3914.79995
G1 X172.706 Y71.237 E3914.8176
G1 X174.449 Y71.238 E3914.87557
G1 X174.954 Y71.336 E3914.89268
G1 X175.275 Y71.548 E3914.90548
G1 X175.434 Y71.708 E3914.91298
G1 X175.681 Y72.176 E3914.93058
G1 X175.761 Y72.721 E3914.9489
G1 X175.746 Y73.583 E3914.97758
G1 X175.83 Y74.872 E3915.02054
G1 X175.828 Y76.367 E3915.07026
G1 X175.746 Y77.458 E3915.10665
G1 X175.746 Y79.078 E3915.16053
G1 X175.83 Y80.21 E3915.19829
G1 X175.828 Y81.707 E3915.24808
G1 X175.746 Y82.792 E3915.28427
G1 X175.745 Y84.328 E3915.33536
G1 X175.828 Y85.421 E3915.37181
G1 X175.732 Y89.531 E3915.50855
G1 X175.673 Y89.897 E3915.52088
G1 X175.488 Y90.299 E3915.5356
G1 X175.363 Y90.455 E3915.54225
G1 X175.061 Y90.697 E3915.55512
G1 X174.705 Y90.826 E3915.56771
G1 X174.107 Y90.888 E3915.58771
G1 X173.017 Y90.891 E3915.62396
G1 X172.617 Y90.879 E3915.63727
G1 X172.127 Y90.788 E3915.65385
G1 X171.648 Y90.538 E3915.67182
G1 X171.354 Y90.145 E3915.68815
G1 X171.221 Y89.721 E3915.70292
G1 X171.133 Y88.782 E3915.73429
G1 X171.15 Y87.545 E3915.77544
G1 X171.15 Y78.994 E3916.05985
G1 X170.978 Y79.136 E3916.06727
G1 X164.647 Y85.717 E3916.37099
G1 X162.939 Y87.434 E3916.45154
G1 X160.992 Y89.461 E3916.54503
G1 X160.601 Y89.888 E3916.56428
G1 X160.187 Y90.279 E3916.58322
G1 X159.549 Y90.648 E3916.60774
G1 X159.116 Y90.776 E3916.62275
G1 X158.673 Y90.851 E3916.6377
G1 X157.617 Y90.915 E3916.67288
G1 X156.155 Y90.843 E3916.72157
G1 X155.727 Y90.688 E3916.73671
G1 F2700 E3911.73671
G0 F9000 X156.068 Y90.924
G0 X157.617 Y91.095
G0 X158.496 Y94.707
G0 X164.762 Y108.571
G1 F2700 E3916.73671
G1 F1500 X164.404 Y108.332 E3916.75103
G1 X164.127 Y108.079 E3916.7635
G1 X163.486 Y107.217 E3916.79923
G1 X162.624 Y105.662 E3916.85837
G1 X159.652 Y100.572 E3917.05441
G1 X159.068 Y99.482 E3917.09554
G1 X158.013 Y97.706 E3917.16424
G1 X157.785 Y97.295 E3917.17987
G1 X157.578 Y96.779 E3917.19837
G1 X157.541 Y96.14 E3917.21966
G1 X157.757 Y95.479 E3917.24278
G1 X158.172 Y95.049 E3917.26266
G1 X158.558 Y94.877 E3917.27672
G1 X159.35 Y94.758 E3917.30335
G1 X160.283 Y94.688 E3917.33447
G1 X161.954 Y94.687 E3917.39005
G1 X163.071 Y94.767 E3917.4273
G1 X164.624 Y94.767 E3917.47895
G1 X165.44 Y94.689 E3917.50621
G1 X167.273 Y94.686 E3917.56718
G1 X168.405 Y94.767 E3917.60493
G1 X169.863 Y94.767 E3917.65342
G1 X171.085 Y94.687 E3917.69415
G1 X171.508 Y94.718 E3917.70826
G1 X171.851 Y94.789 E3917.71991
G1 X172.243 Y94.93 E3917.73376
G1 X172.747 Y95.276 E3917.7541
G1 X173.078 Y95.79 E3917.77443
G1 X173.154 Y96.183 E3917.78774
G1 X173.146 Y96.553 E3917.80005
G1 X173.016 Y97.037 E3917.81672
G1 X171.88 Y99.058 E3917.89383
G1 X167.224 Y107.101 E3918.20293
G1 X166.92 Y107.641 E3918.22354
G1 X166.535 Y108.158 E3918.24498
G1 X166.103 Y108.472 E3918.26275
G1 X165.908 Y108.555 E3918.26979
G1 X165.346 Y108.661 E3918.28882
G1 X164.762 Y108.571 E3918.30847
G1 F2700 E3913.30847
G0 F9000 X164.744 Y108.672
G0 X165.953 Y108.381
G0 X166.415 Y108.048
G0 X172.036 Y99.149
G0 X188.949 Y90.95
G0 X189.691 Y91.523
G1 F2700 E3918.30847
G1 F1500 X189.376 Y91.239 E3918.32258
G1 X189.115 Y90.867 E3918.33769
G1 X188.953 Y90.44 E3918.35288
G1 X188.897 Y89.999 E3918.36767
G1 X188.954 Y89.556 E3918.38252
G1 X189.121 Y89.123 E3918.39796
G1 X189.365 Y88.77 E3918.41223
G1 X189.701 Y88.471 E3918.42719
G1 X190.088 Y88.272 E3918.44166
G1 X190.518 Y88.159 E3918.45645
G1 X190.979 Y88.159 E3918.47178
G1 X191.405 Y88.265 E3918.48638
G1 X191.804 Y88.473 E3918.50135
G1 X192.135 Y88.769 E3918.51612
G1 X192.391 Y89.134 E3918.53095
G1 X192.551 Y89.56 E3918.54608
G1 X192.6 Y89.999 E3918.56077
G1 X192.55 Y90.445 E3918.5757
G1 X192.393 Y90.862 E3918.59052
G1 X192.138 Y91.229 E3918.60538
G1 X191.804 Y91.527 E3918.62027
G1 X191.405 Y91.735 E3918.63524
G1 X190.979 Y91.841 E3918.64984
G1 X190.518 Y91.841 E3918.66517
G1 X190.088 Y91.729 E3918.67995
G1 X189.691 Y91.523 E3918.69483
G1 F2700 E3913.69483
G0 F9000 X189.626 Y91.6
G0 X190.494 Y92.022
G0 X190.022 Y154.103
G0 X189.362 Y157.229
G1 F2700 E3918.69483
G1 F1500 X189.107 Y156.862 E3918.70969
G1 X188.95 Y156.446 E3918.72448
G1 X188.896 Y155.996 E3918.73955
G1 X188.955 Y155.552 E3918.75445
G1 X189.104 Y155.154 E3918.76859
G1 X189.358 Y154.775 E3918.78376
G1 X189.702 Y154.469 E3918.79907
G1 X190.088 Y154.272 E3918.81349
G1 X190.518 Y154.159 E3918.82828
G1 X190.979 Y154.159 E3918.84361
G1 X191.405 Y154.265 E3918.85821
G1 X191.804 Y154.473 E3918.87317
G1 X192.138 Y154.771 E3918.88806
G1 X192.393 Y155.138 E3918.90293
G1 X192.551 Y155.557 E3918.91782
G1 X192.6 Y156 E3918.93264
G1 X192.55 Y156.445 E3918.94754
G1 X192.393 Y156.862 E3918.96236
G1 X192.137 Y157.23 E3918.97727
G1 X191.799 Y157.531 E3918.99232
G1 X191.403 Y157.736 E3919.00715
G1 X191.006 Y157.833 E3919.02075
G1 X190.528 Y157.842 E3919.03665
G1 X190.096 Y157.736 E3919.05144
G1 X189.7 Y157.531 E3919.06627
G1 X189.362 Y157.229 E3919.08135
G1 F2700 E3914.08135
G0 F9000 X189.428 Y157.424
G0 X190.546 Y157.68
G0 X192.272 Y157.352
G0 X193.95 Y157.352
G0 X194.15 Y159.4
G1 F2700 E3919.08135
G1 F1500 X194.15 Y60.6 E3922.36745
G1 X25.85 Y60.6 E3927.96513
G1 X25.85 Y159.4 E3931.25123
G1 X194.15 Y159.4 E3936.84891
G1 F2700 E3931.84891
G0 F9000 X80.935 Y159.2
G0 X80.511 Y90.993
G0 X80.935 Y90.662
G1 F2700 E3936.84891
G1 F1500 X80.499 Y90.811 E3936.86424
G1 X79.675 Y90.905 E3936.89182
G1 X78.838 Y90.837 E3936.91975
G1 X78.429 Y90.706 E3936.93404
G1 X78.051 Y90.518 E3936.94808
G1 X77.717 Y90.248 E3936.96236
G1 X77.487 Y89.974 E3936.97426
G1 X77.25 Y89.577 E3936.98964
G1 X69.293 Y72.911 E3937.60389
G1 X69.108 Y72.402 E3937.6219
G1 X69.121 Y71.973 E3937.63618
G1 X69.211 Y71.775 E3937.64341
G1 X69.434 Y71.485 E3937.65558
G1 X69.59 Y71.381 E3937.66181
G1 X69.994 Y71.252 E3937.67592
G1 X70.501 Y71.234 E3937.69279
G1 X72.091 Y71.238 E3937.74568
G1 X72.552 Y71.298 E3937.76114
G1 X73 Y71.467 E3937.77706
G1 X73.326 Y71.699 E3937.79037
G1 X73.627 Y72.038 E3937.80545
G1 X74.303 Y73.399 E3937.85599
G1 X74.498 Y73.648 E3937.86651
G1 X74.761 Y73.827 E3937.8771
G1 X75.348 Y73.859 E3937.89665
G1 X83.931 Y73.852 E3938.18212
G1 X84.125 Y73.823 E3938.18864
G1 X84.387 Y73.659 E3938.19892
G1 X84.571 Y73.444 E3938.20834
G1 X84.794 Y73.06 E3938.22311
G1 X85.19 Y72.262 E3938.25274
G1 X85.559 Y71.753 E3938.27365
G1 X86.018 Y71.455 E3938.29185
G1 X86.423 Y71.301 E3938.30626
G1 X86.938 Y71.238 E3938.32352
G1 X89.824 Y71.234 E3938.4195
G1 X90.207 Y71.384 E3938.43319
G1 X90.398 Y71.517 E3938.44093
G1 X90.607 Y71.825 E3938.45331
G1 X90.671 Y72.042 E3938.46083
G1 X90.66 Y72.424 E3938.47354
G1 X90.468 Y72.96 E3938.49248
G1 X81.944 Y89.689 E3939.11695
G1 X81.684 Y90.09 E3939.13285
G1 X81.333 Y90.43 E3939.1491
G1 X80.935 Y90.662 E3939.16442
G1 F2700 E3934.16442
G0 F9000 X79.657 Y90.746
G0 X78.878 Y90.681
G0 X78.162 Y90.4
G0 X77.835 Y90.142
G0 X77.389 Y89.494
G0 X75.643 Y85.781
G0 X74.881 Y85.079
G0 X66.834 Y87.801
G0 X65.786 Y89.42
G1 F2700 E3939.16442
G1 F1500 X65.116 Y89.732 E3939.18901
G1 X63.415 Y90.346 E3939.24915
G1 X61.695 Y90.775 E3939.30811
G1 X58.856 Y91.152 E3939.40337
G1 X58.004 Y91.212 E3939.43178
G1 X56.073 Y91.212 E3939.496
G1 X53.227 Y90.791 E3939.59169
G1 X51.636 Y90.281 E3939.64726
G1 X50.093 Y89.511 E3939.70461
G1 X48.605 Y88.401 E3939.76636
G1 X47.37 Y87.006 E3939.82833
G1 X46.49 Y85.448 E3939.88784
G1 X45.844 Y83.684 E3939.95032
G1 X45.683 Y82.542 E3939.98868
G1 X45.685 Y79.046 E3940.10496
G1 X45.74 Y78.562 E3940.12116
G1 X45.908 Y77.882 E3940.14446
G1 X46.338 Y76.696 E3940.18642
G1 X46.849 Y75.681 E3940.22421
G1 X47.943 Y74.288 E3940.28312
G1 X49.253 Y73.197 E3940.33983
G1 X51.102 Y72.189 E3940.40987
G1 X53.348 Y71.452 E3940.48849
G1 X54.394 Y71.215 E3940.52416
G1 X55.484 Y71.065 E3940.56076
G1 X56.906 Y70.984 E3940.60813
G1 X58.438 Y70.985 E3940.65908
G1 X59.624 Y71.082 E3940.69866
G1 X60.737 Y71.152 E3940.73575
G1 X62.122 Y71.363 E3940.78235
G1 X64.249 Y71.868 E3940.85506
G1 X65.385 Y72.252 E3940.89495
G1 X66.112 Y72.591 E3940.92163
G1 X66.632 Y72.922 E3940.94213
G1 X66.962 Y73.221 E3940.95694
G1 X67.222 Y73.58 E3940.97168
G1 X67.361 Y73.939 E3940.98449
G1 X67.433 Y74.376 E3940.99922
G1 X67.456 Y74.949 E3941.01829
G1 X67.457 Y76.478 E3941.06914
G1 X67.538 Y77.426 E3941.10079
G1 X67.536 Y78.655 E3941.14167
G1 X67.457 Y79.905 E3941.18332
G1 X67.47 Y80.467 E3941.20202
G1 X67.438 Y81.087 E3941.22267
G1 X67.348 Y81.497 E3941.23663
G1 X67.078 Y81.983 E3941.25512
G1 X66.578 Y82.328 E3941.27533
G1 X66.07 Y82.419 E3941.29249
G1 X58.366 Y82.425 E3941.54873
G1 X57.941 Y82.403 E3941.56288
G1 X57.449 Y82.291 E3941.57967
G1 X57.295 Y82.19 E3941.58579
G1 X56.969 Y81.836 E3941.6018
G1 X56.847 Y81.501 E3941.61366
G1 X56.774 Y80.852 E3941.63538
G1 X56.771 Y80.382 E3941.65101
G1 X56.826 Y79.907 E3941.66691
G1 X57.047 Y79.415 E3941.68485
G1 X57.486 Y79.022 E3941.70445
G1 X58.027 Y78.87 E3941.72314
G1 X58.561 Y78.853 E3941.74091
G1 X62.359 Y78.849 E3941.86723
G1 X62.735 Y78.786 E3941.87991
G1 X62.938 Y78.622 E3941.88859
G1 X63.016 Y78.49 E3941.89369
G1 X63.052 Y77.582 E3941.92392
G1 X63.036 Y76.013 E3941.9761
G1 X62.97 Y75.861 E3941.98162
G1 X62.601 Y75.729 E3941.99465
G1 X61.971 Y75.568 E3942.01628
G1 X60.096 Y75.162 E3942.08009
G1 X58.602 Y74.975 E3942.13016
G1 X56.971 Y74.974 E3942.18441
G1 X55.959 Y75.068 E3942.21822
G1 X54.911 Y75.327 E3942.25412
G1 X53.563 Y75.898 E3942.30281
G1 X52.439 Y76.678 E3942.34832
G1 X51.959 Y77.165 E3942.37106
G1 X51.561 Y77.686 E3942.39287
G1 X51.001 Y78.759 E3942.43312
G1 X50.676 Y79.915 E3942.47306
G1 X50.584 Y81.117 E3942.51316
G1 X50.72 Y82.313 E3942.55319
G1 X51.077 Y83.449 E3942.5928
G1 X51.654 Y84.493 E3942.63247
G1 X52.445 Y85.406 E3942.67265
G1 X53.448 Y86.143 E3942.71405
G1 X54.256 Y86.532 E3942.74387
G1 X55.019 Y86.774 E3942.7705
G1 X56.081 Y86.941 E3942.80625
G1 X58.462 Y86.981 E3942.88546
G1 X59.563 Y86.888 E3942.92221
G1 X60.766 Y86.646 E3942.96302
G1 X62.574 Y86.085 E3943.02598
G1 X63.455 Y85.676 E3943.05829
G1 X64.247 Y85.361 E3943.08664
G1 X64.738 Y85.36 E3943.10297
G1 X64.995 Y85.416 E3943.11172
G1 X65.369 Y85.595 E3943.12551
G1 X65.716 Y85.911 E3943.14112
G1 X66.06 Y86.41 E3943.16128
G1 X66.543 Y87.417 E3943.19842
G1 X66.655 Y87.828 E3943.21259
G1 X66.657 Y88.325 E3943.22912
G1 X66.41 Y88.89 E3943.24963
G1 X66.146 Y89.167 E3943.26236
G1 X65.786 Y89.42 E3943.27699
G1 F2700 E3938.27699
G0 F9000 X63.399 Y90.184
G0 X61.658 Y90.619
G0 X58.857 Y90.99
G0 X57.981 Y91.051
G0 X56.072 Y91.051
G0 X53.294 Y90.644
G0 X51.836 Y90.176
G0 X48.47 Y88.528
G0 X31.046 Y90.949
G0 X30.299 Y91.53
G1 F2700 E3943.27699
G1 F1500 X29.912 Y91.729 E3943.29147
G1 X29.482 Y91.841 E3943.30625
G1 X29.021 Y91.841 E3943.32158
G1 X28.595 Y91.735 E3943.33618
G1 X28.196 Y91.527 E3943.35114
G1 X27.862 Y91.229 E3943.36603
G1 X27.608 Y90.862 E3943.38088
G1 X27.45 Y90.447 E3943.39565
G1 X27.396 Y90.003 E3943.41052
G1 X27.449 Y89.557 E3943.42546
G1 X27.609 Y89.134 E3943.4405
G1 X27.863 Y88.771 E3943.45524
G1 X28.196 Y88.473 E3943.4701
G1 X28.595 Y88.265 E3943.48507
G1 X29.021 Y88.159 E3943.49967
G1 X29.482 Y88.159 E3943.515
G1 X29.912 Y88.272 E3943.52979
G1 X30.291 Y88.469 E3943.544
G1 X30.638 Y88.772 E3943.55932
G1 X30.892 Y89.138 E3943.57413
G1 X31.042 Y89.541 E3943.58844
G1 X31.099 Y89.97 E3943.60283
G1 X31.051 Y90.441 E3943.61858
G1 X30.887 Y90.871 E3943.63388
G1 X30.626 Y91.236 E3943.64881
G1 X30.299 Y91.53 E3943.66343
G1 F2700 E3938.66343
G0 F9000 X30.35 Y91.618
G0 X29.506 Y92.022
G0 X29.978 Y154.103
G0 X30.638 Y157.229
G1 F2700 E3943.66343
G1 F1500 X30.299 Y157.531 E3943.67853
G1 X29.903 Y157.736 E3943.69337
G1 X29.506 Y157.833 E3943.70696
G1 X29.028 Y157.842 E3943.72286
G1 X28.596 Y157.736 E3943.73765
G1 X28.201 Y157.531 E3943.75246
G1 X27.863 Y157.23 E3943.76751
G1 X27.608 Y156.863 E3943.78237
G1 X27.45 Y156.447 E3943.79717
G1 X27.395 Y156 E3943.81215
G1 X27.45 Y155.553 E3943.82713
G1 X27.608 Y155.137 E3943.84193
G1 X27.862 Y154.771 E3943.85675
G1 X28.196 Y154.473 E3943.87164
G1 X28.595 Y154.265 E3943.8866
G1 X29.021 Y154.159 E3943.90121
G1 X29.482 Y154.159 E3943.91654
G1 X29.912 Y154.272 E3943.93133
G1 X30.327 Y154.495 E3943.947
G1 X30.63 Y154.768 E3943.96056
G1 X30.896 Y155.145 E3943.97591
G1 X31.045 Y155.552 E3943.99032
G1 X31.104 Y155.996 E3944.00522
G1 X31.05 Y156.446 E3944.02029
G1 X30.893 Y156.862 E3944.03508
G1 X30.638 Y157.229 E3944.04995
G0 F9000 X30.319 Y156.978
;TYPE:WALL-OUTER
G1 F1500 X30.052 Y157.208 E3944.06167
G1 X29.742 Y157.364 E3944.07321
G1 X29.437 Y157.439 E3944.08366
G1 X29.049 Y157.436 E3944.09656
G1 X28.758 Y157.364 E3944.10653
G1 X28.407 Y157.18 E3944.11971
G1 X28.15 Y156.943 E3944.13134
G1 X27.956 Y156.653 E3944.14295
G1 X27.839 Y156.334 E3944.15425
G1 X27.801 Y156 E3944.16543
G1 X27.849 Y155.63 E3944.17784
G1 X27.979 Y155.303 E3944.18954
G1 X28.181 Y155.022 E3944.20105
G1 X28.448 Y154.792 E3944.21277
G1 X28.758 Y154.636 E3944.22431
G1 X29.049 Y154.564 E3944.23429
G1 X29.451 Y154.564 E3944.24766
G1 X29.766 Y154.644 E3944.25847
G1 X30.069 Y154.802 E3944.26983
G1 X30.334 Y155.037 E3944.28161
G1 X30.544 Y155.347 E3944.29406
G1 X30.657 Y155.651 E3944.30485
G1 X30.698 Y155.976 E3944.31575
G1 X30.651 Y156.37 E3944.32894
G1 X30.521 Y156.697 E3944.34065
G1 X30.319 Y156.978 E3944.35216
G1 F2700 E3939.35216
G0 F9000 X30.517 Y157.202
G0 X30.893 Y156.404
G0 X30.943 Y156
G0 X30.893 Y155.596
G0 X29.978 Y154.103
G0 X29.506 Y92.022
G0 X30.082 Y91.189
G1 F2700 E3944.35216
G1 F1500 X29.766 Y91.356 E3944.36405
G1 X29.451 Y91.436 E3944.37486
G1 X29.049 Y91.436 E3944.38823
G1 X28.758 Y91.364 E3944.3982
G1 X28.407 Y91.18 E3944.41138
G1 X28.15 Y90.943 E3944.42301
G1 X27.956 Y90.653 E3944.43461
G1 X27.839 Y90.334 E3944.44591
G1 X27.801 Y89.999 E3944.45713
G1 X27.838 Y89.676 E3944.46794
G1 X27.957 Y89.345 E3944.47964
G1 X28.15 Y89.057 E3944.49117
G1 X28.407 Y88.82 E3944.5028
G1 X28.758 Y88.636 E3944.51598
G1 X29.049 Y88.564 E3944.52595
G1 X29.451 Y88.564 E3944.53932
G1 X29.766 Y88.644 E3944.55013
G1 X30.082 Y88.811 E3944.56202
G1 X30.327 Y89.03 E3944.57295
G1 X30.525 Y89.31 E3944.58435
G1 X30.656 Y89.647 E3944.59638
G1 X30.699 Y89.989 E3944.60784
G1 X30.659 Y90.343 E3944.61969
G1 X30.521 Y90.697 E3944.63233
G1 X30.34 Y90.955 E3944.64281
G1 X30.082 Y91.189 E3944.65439
G1 F2700 E3939.65439
G0 F9000 X30.321 Y91.633
G0 X31.046 Y90.949
G0 X48.47 Y88.528
G0 X66.072 Y88.666
G1 F2700 E3944.65439
G1 F1500 X65.866 Y88.88 E3944.66427
G1 X65.568 Y89.083 E3944.67627
G1 X64.98 Y89.356 E3944.69783
G1 X63.338 Y89.952 E3944.75593
G1 X61.603 Y90.385 E3944.8154
G1 X58.828 Y90.753 E3944.90851
G1 X57.969 Y90.812 E3944.93715
G1 X56.077 Y90.81 E3945.00008
G1 X53.329 Y90.404 E3945.09247
G1 X51.758 Y89.899 E3945.14735
G1 X50.28 Y89.157 E3945.20236
G1 X48.874 Y88.105 E3945.26076
G1 X47.692 Y86.77 E3945.32007
G1 X46.862 Y85.3 E3945.37621
G1 X46.235 Y83.586 E3945.43692
G1 X46.082 Y82.514 E3945.47293
G1 X46.083 Y79.09 E3945.58682
G1 X46.136 Y78.619 E3945.60258
G1 X46.284 Y78.018 E3945.62317
G1 X46.706 Y76.854 E3945.66435
G1 X47.194 Y75.884 E3945.70046
G1 X48.233 Y74.568 E3945.75623
G1 X49.479 Y73.527 E3945.81023
G1 X51.278 Y72.549 E3945.87834
G1 X53.437 Y71.842 E3945.9539
G1 X54.47 Y71.608 E3945.98913
G1 X55.491 Y71.466 E3946.02341
G1 X56.941 Y71.384 E3946.07172
G1 X58.406 Y71.384 E3946.12044
G1 X59.596 Y71.481 E3946.16015
G1 X60.677 Y71.548 E3946.19618
G1 X62.078 Y71.762 E3946.24332
G1 X64.121 Y72.247 E3946.31315
G1 X65.239 Y72.624 E3946.3524
G1 X65.898 Y72.929 E3946.37655
G1 X66.39 Y73.241 E3946.39593
G1 X66.652 Y73.48 E3946.40772
G1 X66.875 Y73.792 E3946.42048
G1 X66.975 Y74.047 E3946.42959
G1 X67.033 Y74.392 E3946.44122
G1 X67.056 Y74.965 E3946.46029
G1 X67.057 Y76.496 E3946.51122
G1 X67.138 Y77.426 E3946.54227
G1 X67.137 Y78.63 E3946.58231
G1 X67.057 Y79.897 E3946.62453
G1 X67.07 Y80.447 E3946.64283
G1 X67.032 Y81.106 E3946.66479
G1 X66.956 Y81.379 E3946.67421
G1 X66.776 Y81.703 E3946.68654
G1 X66.423 Y81.952 E3946.70091
G1 X66.034 Y82.021 E3946.71405
G1 X58.386 Y82.025 E3946.96842
G1 X58.011 Y82.006 E3946.98091
G1 X57.567 Y81.901 E3946.99609
G1 X57.318 Y81.618 E3947.00862
G1 X57.23 Y81.375 E3947.01722
G1 X57.173 Y80.825 E3947.03561
G1 X57.169 Y80.422 E3947.04901
G1 X57.21 Y80.035 E3947.06196
G1 X57.373 Y79.66 E3947.07556
G1 X57.692 Y79.38 E3947.08968
G1 X58.096 Y79.264 E3947.10366
G1 X58.561 Y79.253 E3947.11913
G1 X62.393 Y79.249 E3947.24658
G1 X62.743 Y79.19 E3947.25838
G1 X63.125 Y79.005 E3947.2725
G1 X63.381 Y78.659 E3947.28682
G1 X63.423 Y78.339 E3947.29755
G1 X63.452 Y77.588 E3947.32255
G1 X63.435 Y75.929 E3947.37773
G1 X63.322 Y75.667 E3947.38722
G1 X63.049 Y75.465 E3947.39851
G1 X62.718 Y75.347 E3947.4102
G1 X62.063 Y75.179 E3947.43269
G1 X60.164 Y74.767 E3947.49732
G1 X58.627 Y74.575 E3947.54884
G1 X56.953 Y74.574 E3947.60452
G1 X55.893 Y74.672 E3947.63993
G1 X54.784 Y74.946 E3947.67792
G1 X53.369 Y75.546 E3947.72904
G1 X52.18 Y76.37 E3947.77715
G1 X51.656 Y76.902 E3947.80199
G1 X51.222 Y77.471 E3947.82579
G1 X50.627 Y78.611 E3947.86856
G1 X50.28 Y79.845 E3947.9112
G1 X50.182 Y81.125 E3947.95389
G1 X50.327 Y82.396 E3947.99644
G1 X50.707 Y83.607 E3948.03866
G1 X51.324 Y84.723 E3948.08107
G1 X52.172 Y85.702 E3948.12415
G1 X53.241 Y86.487 E3948.16826
G1 X54.108 Y86.905 E3948.20027
G1 X54.927 Y87.164 E3948.22884
G1 X56.047 Y87.341 E3948.26656
G1 X58.476 Y87.381 E3948.34736
G1 X59.619 Y87.284 E3948.38551
G1 X60.865 Y87.034 E3948.42778
G1 X62.718 Y86.459 E3948.49231
G1 X63.592 Y86.052 E3948.52437
G1 X64.331 Y85.763 E3948.55077
G1 X64.787 Y85.76 E3948.56593
G1 X65.141 Y85.93 E3948.57899
G1 X65.413 Y86.178 E3948.59124
G1 X65.707 Y86.598 E3948.60829
G1 X66.171 Y87.571 E3948.64414
G1 X66.259 Y87.884 E3948.65496
G1 X66.255 Y88.254 E3948.66726
G1 X66.072 Y88.666 E3948.68226
G1 F2700 E3943.68226
G0 F9000 X66.438 Y89.006
G0 X66.847 Y88.34
G0 X74.658 Y84.612
G0 X80.751 Y90.305
G1 F2700 E3948.68226
G1 F1500 X80.396 Y90.424 E3948.69471
G1 X79.635 Y90.505 E3948.72016
G1 X78.908 Y90.44 E3948.74444
G1 X78.585 Y90.338 E3948.75571
G1 X78.288 Y90.195 E3948.76667
G1 X77.993 Y89.958 E3948.77926
G1 X77.791 Y89.711 E3948.78987
G1 X77.599 Y89.382 E3948.80254
G1 X69.665 Y72.763 E3949.41505
G1 X69.513 Y72.335 E3949.43016
G1 X69.518 Y72.031 E3949.44027
G1 X69.72 Y71.761 E3949.45148
G1 X70.062 Y71.646 E3949.46348
G1 X70.501 Y71.634 E3949.47809
G1 X72.043 Y71.635 E3949.52938
G1 X72.457 Y71.686 E3949.54325
G1 X72.81 Y71.819 E3949.5558
G1 X73.075 Y72.012 E3949.5667
G1 X73.303 Y72.285 E3949.57853
G1 X73.963 Y73.613 E3949.62786
G1 X74.22 Y73.943 E3949.64177
G1 X74.546 Y74.166 E3949.6549
G1 X74.761 Y74.228 E3949.66235
G1 X75.338 Y74.259 E3949.68157
G1 X83.965 Y74.252 E3949.9685
G1 X84.235 Y74.211 E3949.97758
G1 X84.424 Y74.131 E3949.98441
G1 X84.662 Y73.953 E3949.9943
G1 X84.899 Y73.676 E3950.00642
G1 X85.146 Y73.25 E3950.0228
G1 X85.527 Y72.483 E3950.05128
G1 X85.83 Y72.056 E3950.0687
G1 X86.198 Y71.813 E3950.08336
G1 X86.521 Y71.693 E3950.09483
G1 X86.986 Y71.635 E3950.11041
G1 X89.743 Y71.636 E3950.20211
G1 X90.074 Y71.76 E3950.21387
G1 X90.274 Y72.036 E3950.2252
G1 X90.266 Y72.33 E3950.23498
G1 X90.122 Y72.753 E3950.24985
G1 X81.598 Y89.489 E3950.87453
G1 X81.359 Y89.855 E3950.88907
G1 X81.097 Y90.107 E3950.90116
G1 X80.751 Y90.305 E3950.91442
G1 F2700 E3945.91442
G0 F9000 X80.918 Y90.777
G0 X81.811 Y90.228
G0 X92.73 Y90.116
G0 X106.246 Y90.36
G1 F2700 E3950.91442
G1 F1500 X103.085 Y90.491 E3951.01964
G1 X95.731 Y90.491 E3951.26424
G1 X94.809 Y90.501 E3951.2949
G1 X93.878 Y90.424 E3951.32598
G1 X93.493 Y90.183 E3951.34108
G1 X93.275 Y89.887 E3951.35331
G1 X93.195 Y89.63 E3951.36226
G1 X93.157 Y89.123 E3951.37917
G1 X93.161 Y72.483 E3951.93262
G1 X93.312 Y72.049 E3951.9479
G1 X93.436 Y71.889 E3951.95464
G1 X93.779 Y71.664 E3951.96828
G1 X94.28 Y71.634 E3951.98497
G1 X96.067 Y71.634 E3952.04441
G1 X96.511 Y71.648 E3952.05918
G1 X96.918 Y71.728 E3952.07298
G1 X97.153 Y71.975 E3952.08432
G1 X97.229 Y72.177 E3952.0915
G1 X97.283 Y72.768 E3952.11124
G1 X97.283 Y78.755 E3952.31037
G1 X97.349 Y78.973 E3952.31794
G1 X97.443 Y79.082 E3952.32273
G1 X97.639 Y79.156 E3952.3297
G1 X97.932 Y79.184 E3952.33949
G1 X101.147 Y79.18 E3952.44642
G1 X101.756 Y79.123 E3952.46676
G1 X102.157 Y78.982 E3952.4809
G1 X102.535 Y78.732 E3952.49597
G1 X102.918 Y78.338 E3952.51425
G1 X106.686 Y73.07 E3952.72967
G1 X107.071 Y72.492 E3952.75277
G1 X107.279 Y72.224 E3952.76405
G1 X107.505 Y72.004 E3952.77454
G1 X107.756 Y71.832 E3952.78466
G1 X108.118 Y71.693 E3952.79756
G1 X108.568 Y71.635 E3952.81265
G1 X111.289 Y71.637 E3952.90315
G1 X111.663 Y71.732 E3952.91599
G1 X111.857 Y71.959 E3952.92592
G1 X111.879 Y72.206 E3952.93416
G1 X111.775 Y72.519 E3952.94513
G1 X110.879 Y73.829 E3952.99792
G1 X110.167 Y74.908 E3953.04092
G1 X107.999 Y77.967 E3953.16562
G1 X107.574 Y78.583 E3953.19051
G1 X107.383 Y78.928 E3953.20363
G1 X107.309 Y79.189 E3953.21265
G1 X107.32 Y79.31 E3953.21669
G1 X107.505 Y79.571 E3953.22734
G1 X107.715 Y79.711 E3953.23573
G1 X108.251 Y79.933 E3953.25503
G1 X109.989 Y80.735 E3953.31869
G1 X110.596 Y81.191 E3953.34394
G1 X111.123 Y81.785 E3953.37035
G1 X111.626 Y82.694 E3953.40491
G1 X111.92 Y83.742 E3953.44111
G1 X111.92 Y84.515 E3953.46682
G1 X111.974 Y84.859 E3953.4784
G1 X111.985 Y85.235 E3953.49091
G1 X111.863 Y86.236 E3953.52445
G1 X111.577 Y87.22 E3953.55853
G1 X111.064 Y88.133 E3953.59336
G1 X110.38 Y88.859 E3953.62654
G1 X109.343 Y89.536 E3953.66773
G1 X107.849 Y90.076 E3953.72057
G1 X106.246 Y90.36 E3953.77471
G1 F2700 E3948.77471
G0 F9000 X106.297 Y90.655
G0 X109.595 Y90.064
G0 X116.263 Y90.127
G0 X117.424 Y90.431
G1 F2700 E3953.77471
G1 F1500 X117.028 Y90.197 E3953.79001
G1 X116.799 Y89.876 E3953.80313
G1 X116.728 Y89.641 E3953.81129
G1 X116.694 Y89.116 E3953.82879
G1 X116.694 Y72.934 E3954.36701
G1 X116.703 Y72.539 E3954.38015
G1 X116.767 Y72.191 E3954.39192
G1 X116.892 Y71.946 E3954.40106
G1 X117.14 Y71.751 E3954.41156
G1 X117.36 Y71.675 E3954.4193
G1 X117.743 Y71.634 E3954.43211
G1 X119.458 Y71.638 E3954.48915
G1 X119.812 Y71.7 E3954.5011
G1 X120.093 Y71.865 E3954.51194
G1 X120.291 Y72.166 E3954.52393
G1 X120.316 Y72.586 E3954.53792
G1 X120.318 Y82.695 E3954.87415
G1 X120.396 Y83.67 E3954.90668
G1 X120.397 Y84.152 E3954.92271
G1 X120.454 Y84.366 E3954.93008
G1 X120.619 Y84.178 E3954.9384
G1 X121.699 Y82.152 E3955.01476
G1 X122.96 Y79.857 E3955.10185
G1 X125.647 Y74.787 E3955.2927
G1 X126.913 Y72.463 E3955.38072
G1 X127.204 Y72.21 E3955.39355
G1 X127.467 Y72.134 E3955.40265
G1 X127.775 Y72.17 E3955.41297
G1 X128.065 Y72.39 E3955.42507
G1 X128.363 Y72.852 E3955.44336
G1 X129.53 Y75.052 E3955.52619
G1 X134.433 Y84.053 E3955.8671
G1 X134.598 Y84.319 E3955.87751
G1 X134.647 Y84.332 E3955.87919
G1 X134.7 Y84.25 E3955.88244
G1 X134.728 Y83.939 E3955.89283
G1 X134.729 Y72.631 E3956.26893
G1 X134.77 Y72.299 E3956.28006
G1 X134.917 Y71.975 E3956.29189
G1 X135.153 Y71.8 E3956.30166
G1 X135.496 Y71.684 E3956.31371
G1 X136.339 Y71.609 E3956.34186
G1 X137.755 Y71.636 E3956.38896
G1 X138.037 Y71.671 E3956.39841
G1 X138.366 Y71.831 E3956.41058
G1 X138.587 Y72.131 E3956.42297
G1 X138.679 Y72.532 E3956.43666
G1 X138.678 Y89.431 E3956.99872
G1 X138.597 Y89.851 E3957.01295
G1 X138.493 Y90.046 E3957.0203
G1 X138.181 Y90.329 E3957.03431
G1 X137.904 Y90.439 E3957.04422
G1 X137.392 Y90.491 E3957.06134
G1 X135.981 Y90.512 E3957.10827
G1 X134.492 Y90.383 E3957.15798
G1 X134.161 Y90.264 E3957.16968
G1 X133.869 Y90.041 E3957.1819
G1 X133.368 Y89.376 E3957.20959
G1 X129.979 Y83.359 E3957.43928
G1 X128.293 Y80.302 E3957.55539
G1 X128.124 Y80.019 E3957.56636
G1 X127.9 Y79.731 E3957.57849
G1 X127.687 Y79.591 E3957.58697
G1 X127.449 Y79.645 E3957.59509
G1 X127.243 Y79.89 E3957.60573
G1 X126.978 Y80.324 E3957.62265
G1 X125.62 Y82.852 E3957.71809
G1 X122.612 Y88.357 E3957.92674
G1 X122.177 Y89.188 E3957.95794
G1 X121.735 Y89.858 E3957.98463
G1 X121.457 Y90.117 E3957.99727
G1 X121.129 Y90.307 E3958.00988
G1 X120.698 Y90.439 E3958.02487
G1 X120.108 Y90.491 E3958.04457
G1 X118.756 Y90.503 E3958.08954
G1 X117.424 Y90.431 E3958.13391
G1 F2700 E3953.13391
G0 F9000 X116.691 Y90.584
G0 X118.752 Y90.742
G0 X120.755 Y90.673
G0 X122.158 Y90.232
G0 X127.643 Y80.345
G0 X133.267 Y90.183
G0 X134.433 Y90.618
G0 X135.983 Y90.751
G0 X137.946 Y90.678
G0 X139.154 Y90.042
G0 X144.553 Y90.263
G0 X145.275 Y90.231
G1 F2700 E3958.13391
G1 F1500 X145.071 Y89.98 E3958.14467
G1 X145.007 Y89.772 E3958.1519
G1 X144.973 Y89.285 E3958.16814
G1 X144.974 Y72.474 E3958.72728
G1 X145.012 Y72.189 E3958.73684
G1 X145.149 Y71.908 E3958.74724
G1 X145.501 Y71.665 E3958.76146
G1 X146.013 Y71.634 E3958.77852
G1 X148.137 Y71.637 E3958.84917
G1 X148.487 Y71.691 E3958.86095
G1 X148.781 Y71.842 E3958.87194
G1 X148.923 Y71.987 E3958.87869
G1 X149.043 Y72.241 E3958.88803
G1 X149.102 Y72.659 E3958.90207
G1 X149.096 Y89.44 E3959.46021
G1 X149.042 Y89.794 E3959.47212
G1 X148.845 Y90.149 E3959.48563
G1 X148.522 Y90.378 E3959.4988
G1 X148.262 Y90.459 E3959.50785
G1 X147.795 Y90.491 E3959.52342
G1 X145.702 Y90.437 E3959.59306
G1 X145.275 Y90.231 E3959.60883
G1 F2700 E3954.60883
G0 F9000 X145.15 Y90.727
G0 X148.306 Y90.696
G0 X149.605 Y89.983
G0 X154.984 Y90.012
G0 X155.912 Y90.326
G1 F2700 E3959.60883
G1 F1500 X155.671 Y90.12 E3959.61937
G1 X155.553 Y89.856 E3959.62899
G1 X155.469 Y89.194 E3959.65118
G1 X155.471 Y88.072 E3959.6885
G1 X155.556 Y86.885 E3959.72808
G1 X155.556 Y85.486 E3959.77461
G1 X155.471 Y84.375 E3959.81167
G1 X155.471 Y82.735 E3959.86622
G1 X155.556 Y81.634 E3959.90295
G1 X155.556 Y80.237 E3959.94941
G1 X155.471 Y79.128 E3959.98641
G1 X155.471 Y77.401 E3960.04385
G1 X155.555 Y76.298 E3960.08064
G1 X155.471 Y72.759 E3960.19838
G1 X155.497 Y72.231 E3960.21596
G1 X155.662 Y71.913 E3960.22788
G1 X155.9 Y71.733 E3960.2378
G1 X156.165 Y71.661 E3960.24694
G1 X156.502 Y71.634 E3960.25818
G1 X158.45 Y71.637 E3960.32297
G1 X158.758 Y71.688 E3960.33336
G1 X159.087 Y71.881 E3960.34604
G1 X159.307 Y72.207 E3960.35912
G1 X159.344 Y72.674 E3960.3747
G1 X159.343 Y83.447 E3960.73302
G1 X159.357 Y83.7 E3960.74144
G1 X159.431 Y84.077 E3960.75422
G1 X159.562 Y84.164 E3960.75945
G1 X159.678 Y84.152 E3960.76333
G1 X159.913 Y83.976 E3960.7731
G1 X160.102 Y83.796 E3960.78178
G1 X162.226 Y81.634 E3960.88258
G1 X169.303 Y74.265 E3961.2224
G1 X170.247 Y73.299 E3961.26732
G1 X170.821 Y72.651 E3961.29611
G1 X171.455 Y72.07 E3961.32472
G1 X171.836 Y71.845 E3961.33943
G1 X172.286 Y71.689 E3961.35527
G1 X172.777 Y71.634 E3961.37171
G1 X174.424 Y71.641 E3961.42649
G1 X174.812 Y71.718 E3961.43964
G1 X175.081 Y71.9 E3961.45045
G1 X175.3 Y72.318 E3961.46614
G1 X175.362 Y72.746 E3961.48053
G1 X175.346 Y73.592 E3961.50867
G1 X175.43 Y74.872 E3961.55133
G1 X175.429 Y76.337 E3961.60006
G1 X175.346 Y77.443 E3961.63695
G1 X175.346 Y79.093 E3961.69183
G1 X175.43 Y80.21 E3961.72908
G1 X175.429 Y81.677 E3961.77788
G1 X175.346 Y82.777 E3961.81457
G1 X175.345 Y84.343 E3961.86665
G1 X175.429 Y85.469 E3961.90421
G1 X175.332 Y89.507 E3962.03855
G1 X175.284 Y89.783 E3962.04787
G1 X175.123 Y90.137 E3962.0608
G1 X174.868 Y90.339 E3962.07162
G1 X174.601 Y90.435 E3962.08106
G1 X174.066 Y90.49 E3962.09895
G1 X173.027 Y90.491 E3962.1335
G1 X172.66 Y90.481 E3962.14572
G1 X172.279 Y90.412 E3962.15859
G1 X171.906 Y90.222 E3962.17252
G1 X171.717 Y89.957 E3962.18334
G1 X171.611 Y89.631 E3962.19474
G1 X171.531 Y88.747 E3962.22427
G1 X171.55 Y87.545 E3962.26425
G1 X171.55 Y78.66 E3962.55977
G1 X171.451 Y78.47 E3962.56689
G1 X171.374 Y78.43 E3962.56978
G1 X171.075 Y78.537 E3962.58034
G1 X170.71 Y78.838 E3962.59608
G1 X164.363 Y85.435 E3962.90056
G1 X162.679 Y87.127 E3962.97995
G1 X160.697 Y89.191 E3963.07513
G1 X160.326 Y89.598 E3963.09345
G1 X159.929 Y89.967 E3963.11147
G1 X159.387 Y90.278 E3963.13226
G1 X159.05 Y90.382 E3963.14399
G1 X158.612 Y90.455 E3963.15876
G1 X157.618 Y90.515 E3963.19188
G1 X156.22 Y90.447 E3963.23843
G1 X155.912 Y90.326 E3963.24944
G1 F2700 E3958.24944
G0 F9000 X156.068 Y90.924
G0 X157.617 Y91.095
G0 X158.496 Y94.707
G0 X164.908 Y108.189
G1 F2700 E3963.24944
G1 F1500 X164.631 Y108.002 E3963.26055
G1 X164.398 Y107.781 E3963.27123
G1 X163.833 Y107.017 E3963.30284
G1 X162.972 Y105.464 E3963.3619
G1 X160.004 Y100.383 E3963.55761
G1 X159.416 Y99.286 E3963.59901
G1 X158.355 Y97.497 E3963.66819
G1 X158.142 Y97.114 E3963.68277
G1 X157.971 Y96.669 E3963.69862
G1 X157.943 Y96.189 E3963.71461
G1 X158.117 Y95.673 E3963.73273
G1 X158.409 Y95.381 E3963.74646
G1 X158.676 Y95.265 E3963.75614
G1 X159.38 Y95.157 E3963.77983
G1 X160.313 Y95.087 E3963.81095
G1 X161.954 Y95.087 E3963.86553
G1 X163.057 Y95.167 E3963.90231
G1 X164.643 Y95.167 E3963.95506
G1 X165.478 Y95.087 E3963.98296
G1 X167.273 Y95.086 E3964.04266
G1 X168.391 Y95.167 E3964.07995
G1 X169.877 Y95.167 E3964.12937
G1 X171.094 Y95.087 E3964.16994
G1 X171.428 Y95.11 E3964.18107
G1 X171.74 Y95.174 E3964.19166
G1 X172.046 Y95.284 E3964.20248
G1 X172.452 Y95.555 E3964.21872
G1 X172.7 Y95.942 E3964.234
G1 X172.752 Y96.186 E3964.2423
G1 X172.746 Y96.499 E3964.25271
G1 X172.647 Y96.871 E3964.26552
G1 X171.534 Y98.858 E3964.34127
G1 X166.876 Y106.903 E3964.65046
G1 X166.584 Y107.423 E3964.67029
G1 X166.236 Y107.883 E3964.68948
G1 X165.851 Y108.159 E3964.70523
G1 X165.355 Y108.253 E3964.72202
G1 X164.908 Y108.189 E3964.73704
G1 F2700 E3959.73704
G0 F9000 X164.629 Y108.605
G0 X165.953 Y108.381
G0 X166.415 Y108.048
G0 X172.036 Y99.149
G0 X188.949 Y90.95
G0 X189.934 Y91.2
G1 F2700 E3964.73704
G1 F1500 X189.668 Y90.965 E3964.74885
G1 X189.467 Y90.677 E3964.76053
G1 X189.342 Y90.346 E3964.7723
G1 X189.301 Y90.004 E3964.78375
G1 X189.342 Y89.652 E3964.79554
G1 X189.48 Y89.302 E3964.80805
G1 X189.658 Y89.047 E3964.8184
G1 X189.937 Y88.798 E3964.83084
G1 X190.234 Y88.644 E3964.84196
G1 X190.549 Y88.564 E3964.85277
G1 X190.951 Y88.564 E3964.86614
G1 X191.242 Y88.636 E3964.87611
G1 X191.593 Y88.82 E3964.88929
G1 X191.819 Y89.022 E3964.89938
G1 X192.043 Y89.345 E3964.91245
G1 X192.162 Y89.676 E3964.92415
G1 X192.2 Y89.999 E3964.93497
G1 X192.161 Y90.334 E3964.94618
G1 X192.021 Y90.697 E3964.95912
G1 X191.819 Y90.978 E3964.97063
G1 X191.552 Y91.208 E3964.98236
G1 X191.242 Y91.364 E3964.9939
G1 X190.951 Y91.436 E3965.00387
G1 X190.549 Y91.436 E3965.01724
G1 X190.234 Y91.356 E3965.02805
G1 X189.934 Y91.2 E3965.03929
G1 F2700 E3960.03929
G0 F9000 X189.603 Y91.579
G0 X190.494 Y92.022
G0 X190.022 Y154.103
G0 X189.65 Y156.943
G1 F2700 E3965.03929
G1 F1500 X189.456 Y156.653 E3965.0509
G1 X189.349 Y156.37 E3965.06096
G1 X189.302 Y155.976 E3965.07416
G1 X189.343 Y155.651 E3965.08505
G1 X189.479 Y155.303 E3965.09748
G1 X189.681 Y155.022 E3965.10899
G1 X189.918 Y154.811 E3965.11955
G1 X190.234 Y154.644 E3965.13143
G1 X190.549 Y154.564 E3965.14224
G1 X190.951 Y154.564 E3965.15561
G1 X191.242 Y154.636 E3965.16558
G1 X191.593 Y154.82 E3965.17877
G1 X191.85 Y155.057 E3965.19039
G1 X192.044 Y155.347 E3965.202
G1 X192.151 Y155.63 E3965.21206
G1 X192.2 Y156 E3965.22447
G1 X192.161 Y156.334 E3965.23566
G1 X192.021 Y156.697 E3965.2486
G1 X191.819 Y156.978 E3965.26011
G1 X191.552 Y157.208 E3965.27183
G1 X191.242 Y157.364 E3965.28337
G1 X190.937 Y157.439 E3965.29382
G1 X190.549 Y157.436 E3965.30673
G1 X190.258 Y157.364 E3965.3167
G1 X189.907 Y157.18 E3965.32988
G1 X189.65 Y156.943 E3965.3415
G1 F2700 E3960.3415
G0 F9000 X189.402 Y157.112
G0 X190.15 Y157.583
G0 X190.546 Y157.68
G0 X192.272 Y157.352
G0 X193.95 Y157.352
G0 X194.55 Y159.8
G1 F2700 E3965.3415
G1 F1500 X194.55 Y60.2 E3968.65421
G1 X25.45 Y60.2 E3974.2785
G1 X25.45 Y159.8 E3977.59121
G1 X194.55 Y159.8 E3983.2155
G1 F2700 E3978.2155
G0 F9000 X194.28 Y159.53
G0 X193.95 Y91.605
G0 X192.553 Y90.95
G0 X189.491 Y91.825
;TYPE:SKIN
G1 F2700 E3983.2155
G1 F1500 X189.954 Y92.064 E3983.23283
G1 X190.446 Y92.195 E3983.24977
G1 X191.047 Y92.196 E3983.26975
G1 X191.514 Y92.08 E3983.28576
G1 X191.989 Y91.839 E3983.30347
G1 X192.421 Y91.452 E3983.32277
G1 X192.699 Y91.055 E3983.33889
G1 X192.907 Y90.514 E3983.35816
G1 X192.96 Y89.999 E3983.37538
G1 X192.896 Y89.446 E3983.3939
G1 X192.724 Y88.991 E3983.41008
G1 X192.417 Y88.544 E3983.42811
G1 X191.985 Y88.158 E3983.44738
G1 X191.561 Y87.937 E3983.46328
G1 X191.046 Y87.804 E3983.48098
G1 X190.447 Y87.805 E3983.5009
G1 X189.953 Y87.936 E3983.5179
G1 X189.487 Y88.18 E3983.53539
G1 X189.084 Y88.541 E3983.55339
G1 X188.781 Y88.988 E3983.57135
G1 X188.604 Y89.472 E3983.58849
G1 X188.537 Y90.016 E3983.60672
G1 X188.603 Y90.548 E3983.62455
G1 X188.796 Y91.043 E3983.64222
G1 X189.085 Y91.459 E3983.65907
G1 X189.491 Y91.825 E3983.67725
G1 F2700 E3978.67725
G0 F9000 X189.631 Y91.605
G0 X188.949 Y90.95
G0 X26.05 Y90.95
G0 X26.211 Y159.039
G1 F2700 E3983.67725
G1 F1500 X26.211 Y60.961 E3986.93934
G1 X193.79 Y60.96 E3992.51304
G1 X193.79 Y159.04 E3995.77519
G1 X26.211 Y159.039 E4001.34889
G1 F2700 E3996.34889
G0 F9000 X25.95 Y159.039
G0 X26.05 Y157.424
G0 X27.447 Y156.95
G0 X30.922 Y157.451
G1 F2700 E4001.34889
G1 F1500 X31.2 Y157.052 E4001.36506
G1 X31.393 Y156.556 E4001.38277
G1 X31.466 Y155.99 E4001.40175
G1 X31.398 Y155.481 E4001.41883
G1 X31.196 Y154.947 E4001.43782
G1 X30.891 Y154.516 E4001.45538
G1 X30.493 Y154.164 E4001.47305
G1 X30.045 Y153.936 E4001.48977
G1 X29.554 Y153.805 E4001.50667
G1 X28.953 Y153.804 E4001.52666
G1 X28.486 Y153.92 E4001.54266
G1 X28.011 Y154.161 E4001.56038
G1 X27.579 Y154.548 E4001.57967
G1 X27.277 Y154.988 E4001.59742
G1 X27.09 Y155.503 E4001.61564
G1 X27.041 Y155.977 E4001.63149
G1 X27.095 Y156.52 E4001.64964
G1 X27.277 Y157.011 E4001.66706
G1 X27.576 Y157.447 E4001.68464
G1 X27.993 Y157.83 E4001.70347
G1 X28.481 Y158.078 E4001.72168
G1 X28.95 Y158.196 E4001.73777
G1 X29.525 Y158.199 E4001.75689
G1 X30.018 Y158.08 E4001.77376
G1 X30.484 Y157.843 E4001.79115
G1 X30.922 Y157.451 E4001.8107
G1 F2700 E3996.8107
G0 F9000 X30.571 Y157.424
G0 X30.893 Y156.404
G0 X30.943 Y156
G0 X30.893 Y155.596
G0 X29.978 Y154.103
G0 X29.506 Y92.022
G0 X30.493 Y91.838
G1 F2700 E4001.8107
G1 F1500 X30.912 Y91.465 E4001.82936
G1 X31.209 Y91.027 E4001.84696
G1 X31.4 Y90.537 E4001.86445
G1 X31.463 Y89.994 E4001.88263
G1 X31.402 Y89.477 E4001.89995
G1 X31.213 Y88.97 E4001.91794
G1 X30.9 Y88.53 E4001.9359
G1 X30.507 Y88.169 E4001.95365
G1 X30.041 Y87.935 E4001.97099
G1 X29.554 Y87.805 E4001.98776
G1 X28.954 Y87.804 E4002.00772
G1 X28.484 Y87.92 E4002.02382
G1 X28.014 Y88.158 E4002.04134
G1 X27.605 Y88.516 E4002.05942
G1 X27.278 Y88.99 E4002.07857
G1 X27.09 Y89.504 E4002.09677
G1 X27.041 Y89.975 E4002.11252
G1 X27.095 Y90.516 E4002.13061
G1 X27.276 Y91.006 E4002.14798
G1 X27.58 Y91.453 E4002.16596
G1 X28.011 Y91.839 E4002.1852
G1 X28.486 Y92.08 E4002.20292
G1 X28.953 Y92.196 E4002.21892
G1 X29.555 Y92.195 E4002.23895
G1 X30.043 Y92.064 E4002.25575
G1 X30.493 Y91.838 E4002.2725
G1 F2700 E3997.2725
G0 F9000 X30.352 Y91.617
G0 X31.046 Y90.949
G0 X48.47 Y88.528
G0 X66.359 Y89.464
G1 F2700 E4002.2725
G1 F1500 X66.704 Y89.101 E4002.28916
G1 X67.026 Y88.377 E4002.31551
G1 X67.006 Y87.754 E4002.33624
G1 X66.885 Y87.301 E4002.35184
G1 X66.387 Y86.257 E4002.39031
G1 X65.986 Y85.677 E4002.41376
G1 X65.577 Y85.295 E4002.43238
G1 X65.154 Y85.092 E4002.44798
G1 X64.78 Y85.004 E4002.46076
G1 X64.182 Y85.003 E4002.48065
G1 X63.26 Y85.366 E4002.51361
G1 X62.448 Y85.747 E4002.54344
G1 X60.671 Y86.296 E4002.6053
G1 X59.503 Y86.531 E4002.64493
G1 X58.458 Y86.62 E4002.67981
G1 X56.115 Y86.582 E4002.75775
G1 X55.099 Y86.422 E4002.79196
G1 X54.4 Y86.199 E4002.81636
G1 X53.632 Y85.83 E4002.8447
G1 X52.693 Y85.14 E4002.88346
G1 X51.949 Y84.281 E4002.92125
G1 X51.409 Y83.304 E4002.95838
G1 X51.077 Y82.244 E4002.99533
G1 X50.947 Y81.115 E4003.03312
G1 X51.033 Y79.976 E4003.07112
G1 X51.34 Y78.887 E4003.10875
G1 X51.865 Y77.882 E4003.14646
G1 X52.225 Y77.41 E4003.1662
G1 X52.675 Y76.954 E4003.18751
G1 X53.743 Y76.213 E4003.23075
G1 X55.026 Y75.669 E4003.2771
G1 X56.021 Y75.424 E4003.31118
G1 X56.981 Y75.335 E4003.34325
G1 X58.576 Y75.336 E4003.3963
G1 X60.048 Y75.52 E4003.44564
G1 X61.881 Y75.918 E4003.50802
G1 X62.677 Y76.122 E4003.53535
G1 X62.692 Y77.524 E4003.58199
G1 X62.659 Y78.381 E4003.61051
G1 X62.541 Y78.45 E4003.61506
G1 X62.324 Y78.488 E4003.62238
G1 X58.563 Y78.492 E4003.74748
G1 X58 Y78.505 E4003.76621
G1 X57.518 Y78.639 E4003.78285
G1 X57.242 Y78.761 E4003.79288
G1 X56.752 Y79.195 E4003.81465
G1 X56.471 Y79.819 E4003.83742
G1 X56.412 Y80.343 E4003.85495
G1 X56.414 Y80.883 E4003.87291
G1 X56.488 Y81.593 E4003.89666
G1 X56.68 Y82.051 E4003.91317
G1 X57.04 Y82.453 E4003.93112
G1 X57.305 Y82.626 E4003.94165
G1 X57.908 Y82.762 E4003.96221
G1 X58.356 Y82.785 E4003.97713
G1 X66.123 Y82.775 E4004.23546
G1 X66.714 Y82.665 E4004.25545
G1 X67.356 Y82.226 E4004.28132
G1 X67.69 Y81.623 E4004.30425
G1 X67.792 Y81.139 E4004.3207
G1 X67.831 Y80.467 E4004.34309
G1 X67.818 Y79.925 E4004.36112
G1 X67.896 Y78.688 E4004.40235
G1 X67.896 Y77.358 E4004.44658
G1 X67.817 Y76.476 E4004.47603
G1 X67.816 Y74.946 E4004.52692
G1 X67.789 Y74.336 E4004.54723
G1 X67.709 Y73.842 E4004.56388
G1 X67.55 Y73.428 E4004.57863
G1 X67.235 Y72.984 E4004.59673
G1 X66.867 Y72.644 E4004.6134
G1 X66.258 Y72.258 E4004.63738
G1 X65.487 Y71.905 E4004.66558
G1 X64.36 Y71.524 E4004.70515
G1 X62.257 Y71.023 E4004.77705
G1 X60.719 Y70.789 E4004.8288
G1 X59.874 Y70.741 E4004.85695
G1 X58.468 Y70.626 E4004.90387
G1 X56.89 Y70.625 E4004.95635
G1 X55.456 Y70.707 E4005.00412
G1 X54.34 Y70.858 E4005.04158
G1 X53.271 Y71.1 E4005.07803
G1 X50.972 Y71.853 E4005.1585
G1 X49.053 Y72.893 E4005.23109
G1 X47.682 Y74.043 E4005.29061
G1 X46.553 Y75.471 E4005.35116
G1 X46.012 Y76.543 E4005.3911
G1 X45.569 Y77.759 E4005.43414
G1 X45.395 Y78.446 E4005.45771
G1 X45.327 Y79.009 E4005.47657
G1 X45.323 Y82.562 E4005.59475
G1 X45.496 Y83.767 E4005.63524
G1 X46.177 Y85.635 E4005.70137
G1 X47.068 Y87.212 E4005.76161
G1 X48.348 Y88.661 E4005.82591
G1 X49.877 Y89.806 E4005.88945
G1 X51.475 Y90.605 E4005.94887
G1 X53.158 Y91.146 E4006.00767
G1 X56.011 Y91.568 E4006.10359
G1 X57.992 Y91.572 E4006.16948
G1 X58.91 Y91.509 E4006.20009
G1 X61.774 Y91.126 E4006.29619
G1 X63.578 Y90.673 E4006.35805
G1 X65.254 Y90.065 E4006.41735
G1 X65.958 Y89.74 E4006.44314
G1 X66.359 Y89.464 E4006.45933
G1 F2700 E4001.45933
G0 F9000 X66.234 Y89.222
G0 X66.847 Y88.34
G0 X74.658 Y84.612
G0 X81.068 Y91.002
G1 F2700 E4006.45933
G1 F1500 X81.529 Y90.737 E4006.47702
G1 X81.961 Y90.327 E4006.49683
G1 X82.251 Y89.876 E4006.51466
G1 X90.788 Y73.128 E4007.1399
G1 X91.025 Y72.47 E4007.16316
G1 X91.031 Y72 E4007.17879
G1 X90.933 Y71.663 E4007.19046
G1 X90.72 Y71.353 E4007.20297
G1 X90.476 Y71.1 E4007.21467
G1 X89.893 Y70.877 E4007.23543
G1 X86.89 Y70.88 E4007.33531
G1 X86.343 Y70.948 E4007.35364
G1 X85.873 Y71.126 E4007.37036
G1 X85.332 Y71.465 E4007.39159
G1 X84.893 Y72.058 E4007.41613
G1 X84.476 Y72.885 E4007.44693
G1 X84.208 Y73.349 E4007.46476
G1 X83.988 Y73.492 E4007.47348
G1 X75.368 Y73.499 E4007.76019
G1 X74.881 Y73.471 E4007.77641
G1 X74.745 Y73.377 E4007.78191
G1 X74.61 Y73.209 E4007.78908
G1 X73.926 Y71.831 E4007.84025
G1 X73.565 Y71.429 E4007.85822
G1 X73.143 Y71.133 E4007.87536
G1 X72.66 Y70.954 E4007.89249
G1 X72.138 Y70.88 E4007.91003
G1 X70.506 Y70.874 E4007.96431
G1 X69.924 Y70.89 E4007.98367
G1 X69.435 Y71.056 E4008.00085
G1 X69.164 Y71.229 E4008.01154
G1 X68.881 Y71.626 E4008.02776
G1 X68.762 Y71.99 E4008.0405
G1 X68.745 Y72.464 E4008.05627
G1 X68.957 Y73.038 E4008.07662
G1 X76.926 Y89.735 E4008.69198
G1 X77.168 Y90.148 E4008.7079
G1 X77.461 Y90.508 E4008.72334
G1 X77.887 Y90.845 E4008.7414
G1 X78.304 Y91.046 E4008.7568
G1 X78.77 Y91.192 E4008.77304
G1 X79.65 Y91.269 E4008.80242
G1 X80.55 Y91.169 E4008.83254
G1 X81.068 Y91.002 E4008.85064
G1 F2700 E4003.85064
G0 F9000 X80.97 Y90.76
G0 X81.811 Y90.228
G0 X92.73 Y90.116
G0 X106.325 Y91.115
G1 F2700 E4008.85064
G1 F1500 X108.085 Y90.801 E4008.9101
G1 X109.683 Y90.221 E4008.96665
G1 X110.86 Y89.453 E4009.01339
G1 X111.674 Y88.597 E4009.05268
G1 X112.269 Y87.55 E4009.09273
G1 X112.611 Y86.374 E4009.13347
G1 X112.748 Y85.245 E4009.17129
G1 X112.722 Y84.709 E4009.18914
G1 X112.68 Y84.451 E4009.19783
G1 X112.68 Y83.637 E4009.22491
G1 X112.333 Y82.398 E4009.2677
G1 X111.772 Y81.378 E4009.30642
G1 X111.12 Y80.632 E4009.33937
G1 X110.379 Y80.075 E4009.37021
G1 X108.574 Y79.243 E4009.43631
G1 X108.162 Y79.073 E4009.45114
G1 X108.622 Y78.405 E4009.47811
G1 X110.79 Y75.343 E4009.6029
G1 X111.505 Y74.261 E4009.64603
G1 X112.463 Y72.859 E4009.70251
G1 X112.633 Y72.347 E4009.72045
G1 X112.633 Y71.946 E4009.73379
G1 X112.534 Y71.613 E4009.74535
G1 X112.24 Y71.204 E4009.7621
G1 X111.93 Y71.02 E4009.77409
G1 X111.381 Y70.877 E4009.79296
G1 X108.604 Y70.874 E4009.88532
G1 X107.939 Y70.949 E4009.90758
G1 X107.395 Y71.162 E4009.92701
G1 X107.006 Y71.425 E4009.94263
G1 X106.67 Y71.768 E4009.9586
G1 X106.454 Y72.048 E4009.97036
G1 X106.064 Y72.633 E4009.99374
G1 X102.336 Y77.846 E4010.2069
G1 X102.048 Y78.141 E4010.22062
G1 X101.817 Y78.294 E4010.22983
G1 X101.587 Y78.375 E4010.23794
G1 X101.115 Y78.42 E4010.25371
G1 X98.044 Y78.423 E4010.35585
G1 X98.044 Y72.77 E4010.54387
G1 X97.98 Y72.031 E4010.56854
G1 X97.802 Y71.565 E4010.58514
G1 X97.414 Y71.141 E4010.60425
G1 X97.131 Y71.002 E4010.61474
G1 X96.605 Y70.89 E4010.63263
G1 X96.082 Y70.874 E4010.65003
G1 X94.231 Y70.875 E4010.71159
G1 X93.677 Y70.913 E4010.73006
G1 X93.394 Y71.009 E4010.74
G1 X92.879 Y71.356 E4010.76066
G1 X92.618 Y71.72 E4010.77555
G1 X92.404 Y72.344 E4010.79749
G1 X92.398 Y89.181 E4011.3575
G1 X92.445 Y89.745 E4011.37632
G1 X92.566 Y90.187 E4011.39156
G1 X92.961 Y90.752 E4011.41449
G1 X93.552 Y91.111 E4011.43749
G1 X93.805 Y91.185 E4011.44626
G1 X94.786 Y91.261 E4011.47898
G1 X95.557 Y91.252 E4011.50463
G1 X103.075 Y91.251 E4011.75468
G1 X106.325 Y91.115 E4011.86287
G1 F2700 E4006.86287
G0 F9000 X106.307 Y90.857
G0 X109.595 Y90.064
G0 X116.263 Y90.127
G0 X117.102 Y91.116
G1 F2700 E4011.86287
G1 F1500 X117.361 Y91.188 E4011.87181
G1 X118.739 Y91.263 E4011.91771
G1 X120.15 Y91.251 E4011.96464
G1 X120.85 Y91.185 E4011.98803
G1 X121.461 Y90.999 E4012.00927
G1 X121.936 Y90.708 E4012.0278
G1 X122.304 Y90.37 E4012.04442
G1 X122.827 Y89.583 E4012.07584
G1 X123.262 Y88.755 E4012.10695
G1 X126.288 Y83.217 E4012.31685
G1 X127.642 Y80.695 E4012.41206
G1 X129.313 Y83.725 E4012.52714
G1 X132.718 Y89.771 E4012.75793
G1 X133.336 Y90.593 E4012.79214
G1 X133.793 Y90.937 E4012.81116
G1 X134.341 Y91.134 E4012.83053
G1 X135.956 Y91.272 E4012.88444
G1 X137.447 Y91.25 E4012.93404
G1 X138.042 Y91.189 E4012.95393
G1 X138.541 Y91.016 E4012.9715
G1 X139.085 Y90.54 E4012.99554
G1 X139.322 Y90.109 E4013.0119
G1 X139.435 Y89.519 E4013.03188
G1 X139.436 Y72.417 E4013.60069
G1 X139.288 Y71.801 E4013.62177
G1 X138.943 Y71.339 E4013.64094
G1 X138.762 Y71.184 E4013.64887
G1 X138.273 Y70.939 E4013.66706
G1 X137.85 Y70.881 E4013.68126
G1 X136.274 Y70.851 E4013.73369
G1 X135.321 Y70.941 E4013.76553
G1 X134.81 Y71.115 E4013.78348
G1 X134.487 Y71.348 E4013.79673
G1 X134.268 Y71.569 E4013.80708
G1 X134.024 Y72.115 E4013.82697
G1 X133.968 Y72.63 E4013.8442
G1 X133.968 Y81.611 E4014.14291
G1 X130.192 Y74.678 E4014.40548
G1 X129.029 Y72.484 E4014.48807
G1 X128.637 Y71.866 E4014.51241
G1 X128.211 Y71.552 E4014.53001
G1 X127.961 Y71.437 E4014.53917
G1 X127.465 Y71.35 E4014.55592
G1 X126.955 Y71.488 E4014.57349
G1 X126.764 Y71.592 E4014.58072
G1 X126.375 Y71.926 E4014.59778
G1 X126.212 Y72.144 E4014.60683
G1 X124.851 Y74.666 E4014.70215
G1 X122.29 Y79.495 E4014.88395
G1 X121.077 Y81.71 E4014.96794
G1 X121.076 Y72.525 E4015.27344
G1 X121.053 Y72.167 E4015.28537
G1 X120.978 Y71.834 E4015.29672
G1 X120.633 Y71.304 E4015.31776
G1 X120.094 Y70.985 E4015.33859
G1 X119.536 Y70.879 E4015.35748
G1 X117.636 Y70.879 E4015.42067
G1 X117.173 Y70.931 E4015.43617
G1 X116.74 Y71.09 E4015.45151
G1 X116.288 Y71.468 E4015.47111
G1 X116.029 Y71.983 E4015.49028
G1 X115.945 Y72.458 E4015.50633
G1 X115.934 Y72.921 E4015.52173
G1 X115.935 Y89.175 E4016.06234
G1 X115.975 Y89.755 E4016.08168
G1 X116.103 Y90.207 E4016.0973
G1 X116.505 Y90.77 E4016.12031
G1 X117.102 Y91.116 E4016.14326
G1 F2700 E4011.14326
G0 F9000 X116.691 Y90.584
G0 X118.752 Y90.742
G0 X120.755 Y90.673
G0 X122.158 Y90.232
G0 X127.643 Y80.345
G0 X133.267 Y90.183
G0 X134.433 Y90.618
G0 X135.983 Y90.751
G0 X137.946 Y90.678
G0 X139.154 Y90.042
G0 X144.553 Y90.263
G0 X145.507 Y91.187
G1 F2700 E4016.14326
G1 F1500 X147.782 Y91.251 E4016.21896
G1 X148.393 Y91.212 E4016.23932
G1 X148.842 Y91.077 E4016.25491
G1 X149.423 Y90.667 E4016.27857
G1 X149.775 Y90.037 E4016.30257
G1 X149.857 Y89.473 E4016.32152
G1 X149.862 Y72.642 E4016.88133
G1 X149.789 Y72.064 E4016.9007
G1 X149.568 Y71.569 E4016.91873
G1 X149.238 Y71.227 E4016.93454
G1 X148.708 Y70.958 E4016.95431
G1 X148.201 Y70.878 E4016.97138
G1 X146.014 Y70.874 E4017.04412
G1 X145.403 Y70.914 E4017.06448
G1 X145.126 Y71.007 E4017.0742
G1 X144.722 Y71.278 E4017.09038
G1 X144.484 Y71.546 E4017.1023
G1 X144.28 Y71.958 E4017.1176
G1 X144.216 Y72.414 E4017.13291
G1 X144.213 Y89.326 E4017.69541
G1 X144.255 Y89.905 E4017.71471
G1 X144.392 Y90.349 E4017.73017
G1 X144.738 Y90.764 E4017.74814
G1 X144.935 Y90.909 E4017.75628
G1 X145.507 Y91.187 E4017.77743
G1 F2700 E4012.77743
G0 F9000 X145.23 Y90.765
G0 X148.306 Y90.696
G0 X149.605 Y89.983
G0 X154.984 Y90.012
G0 X155.536 Y90.994
G1 F2700 E4017.77743
G1 F1500 X156.054 Y91.196 E4017.79592
G1 X157.635 Y91.274 E4017.84857
G1 X158.727 Y91.208 E4017.88496
G1 X159.284 Y91.105 E4017.9038
G1 X159.69 Y90.977 E4017.91795
G1 X160.387 Y90.579 E4017.94465
G1 X160.862 Y90.14 E4017.96616
G1 X161.148 Y89.819 E4017.98046
G1 X163.172 Y87.711 E4018.07766
G1 X164.905 Y85.969 E4018.15939
G1 X170.79 Y79.853 E4018.44168
G1 X170.79 Y87.521 E4018.69672
G1 X170.773 Y88.814 E4018.73973
G1 X170.855 Y89.741 E4018.77068
G1 X171.03 Y90.313 E4018.79058
G1 X171.344 Y90.731 E4018.80797
G1 X171.571 Y90.901 E4018.8174
G1 X172.016 Y91.133 E4018.83409
G1 X172.573 Y91.238 E4018.85294
G1 X173.012 Y91.251 E4018.86755
G1 X174.128 Y91.247 E4018.90467
G1 X174.772 Y91.181 E4018.9262
G1 X175.24 Y91.017 E4018.9427
G1 X175.645 Y90.685 E4018.96011
G1 X175.809 Y90.465 E4018.96924
G1 X176.021 Y89.983 E4018.98675
G1 X176.088 Y89.6 E4018.99969
G1 X176.189 Y85.401 E4019.13939
G1 X176.106 Y84.3 E4019.17611
G1 X176.107 Y82.819 E4019.22537
G1 X176.189 Y81.697 E4019.26279
G1 X176.19 Y80.193 E4019.31281
G1 X176.106 Y79.051 E4019.35089
G1 X176.106 Y77.485 E4019.40298
G1 X176.19 Y76.335 E4019.44133
G1 X176.19 Y74.862 E4019.49032
G1 X176.107 Y73.56 E4019.53372
G1 X176.122 Y72.711 E4019.56196
G1 X176.028 Y72.075 E4019.58334
G1 X175.732 Y71.505 E4019.6047
G1 X175.532 Y71.285 E4019.61459
G1 X175.061 Y70.985 E4019.63317
G1 X174.497 Y70.881 E4019.65224
G1 X172.666 Y70.88 E4019.71314
G1 X172.104 Y70.946 E4019.73196
G1 X171.494 Y71.162 E4019.75348
G1 X171.015 Y71.45 E4019.77207
G1 X170.256 Y72.142 E4019.80623
G1 X169.686 Y72.785 E4019.83481
G1 X168.758 Y73.734 E4019.87896
G1 X161.683 Y81.101 E4020.21868
G1 X160.104 Y82.709 E4020.29364
G1 X160.104 Y72.657 E4020.62797
G1 X160.064 Y72.098 E4020.64661
G1 X159.936 Y71.782 E4020.65795
G1 X159.625 Y71.324 E4020.67636
G1 X159.039 Y70.973 E4020.69908
G1 X158.529 Y70.878 E4020.71634
G1 X156.443 Y70.876 E4020.78572
G1 X156.034 Y70.911 E4020.79937
G1 X155.55 Y71.046 E4020.81608
G1 X155.05 Y71.432 E4020.83709
G1 X154.816 Y71.899 E4020.85447
G1 X154.743 Y72.155 E4020.86332
G1 X154.711 Y72.724 E4020.88228
G1 X154.793 Y76.262 E4020.99998
G1 X154.713 Y77.344 E4021.03607
G1 X154.713 Y79.189 E4021.09743
G1 X154.796 Y80.279 E4021.13379
G1 X154.796 Y81.592 E4021.17746
G1 X154.713 Y82.676 E4021.21362
G1 X154.713 Y84.436 E4021.27216
G1 X154.796 Y85.527 E4021.30855
G1 X154.796 Y86.845 E4021.35239
G1 X154.712 Y88.016 E4021.39143
G1 X154.712 Y89.256 E4021.43268
G1 X154.811 Y90.063 E4021.45972
G1 X155.004 Y90.487 E4021.47521
G1 X155.165 Y90.692 E4021.48388
G1 X155.536 Y90.994 E4021.49979
G1 F2700 E4016.49979
G0 F9000 X156.068 Y90.924
G0 X157.617 Y91.095
G0 X158.496 Y94.707
G0 X164.622 Y108.91
G1 F2700 E4021.49979
G1 F1500 X165.379 Y109.023 E4021.52525
G1 X165.98 Y108.909 E4021.5456
G1 X166.298 Y108.775 E4021.55707
G1 X166.782 Y108.427 E4021.5769
G1 X167.222 Y107.839 E4021.60133
G1 X172.192 Y99.238 E4021.93172
G1 X173.352 Y97.17 E4022.01059
G1 X173.5 Y96.61 E4022.02985
G1 X173.513 Y96.119 E4022.04619
G1 X173.414 Y95.647 E4022.06223
G1 X173.011 Y95.023 E4022.08694
G1 X172.392 Y94.601 E4022.11185
G1 X171.947 Y94.442 E4022.12757
G1 X171.518 Y94.353 E4022.14214
G1 X171.009 Y94.329 E4022.15909
G1 X169.84 Y94.407 E4022.19806
G1 X168.431 Y94.406 E4022.24492
G1 X167.329 Y94.327 E4022.28167
G1 X165.41 Y94.33 E4022.3455
G1 X164.612 Y94.407 E4022.37216
G1 X163.097 Y94.407 E4022.42255
G1 X162.011 Y94.328 E4022.45877
G1 X160.27 Y94.329 E4022.51667
G1 X159.263 Y94.405 E4022.55026
G1 X158.453 Y94.532 E4022.57753
G1 X158.103 Y94.688 E4022.59027
G1 X157.863 Y94.855 E4022.6
G1 X157.531 Y95.185 E4022.61557
G1 X157.395 Y95.426 E4022.62477
G1 X157.179 Y96.085 E4022.64784
G1 X157.224 Y96.841 E4022.67303
G1 X157.441 Y97.411 E4022.69331
G1 X157.687 Y97.862 E4022.7104
G1 X158.757 Y99.666 E4022.78016
G1 X159.336 Y100.747 E4022.82095
G1 X162.31 Y105.838 E4023.01705
G1 X163.201 Y107.441 E4023.07805
G1 X163.812 Y108.267 E4023.11222
G1 X164.181 Y108.615 E4023.12909
G1 X164.622 Y108.91 E4023.14674
G1 F2700 E4018.14674
G0 F9000 X164.72 Y108.668
G0 X165.947 Y108.731
G0 X188.952 Y155.048
G0 X189.078 Y157.451
G1 F2700 E4023.14674
G1 F1500 X189.512 Y157.839 E4023.1661
G1 X189.985 Y158.079 E4023.18374
G1 X190.45 Y158.196 E4023.19969
G1 X191.025 Y158.199 E4023.21881
G1 X191.518 Y158.08 E4023.23568
G1 X191.984 Y157.843 E4023.25307
G1 X192.421 Y157.452 E4023.27257
G1 X192.699 Y157.055 E4023.28869
G1 X192.908 Y156.512 E4023.30805
G1 X192.96 Y156 E4023.32516
G1 X192.907 Y155.494 E4023.34208
G1 X192.721 Y154.987 E4023.36005
G1 X192.421 Y154.549 E4023.3777
G1 X191.989 Y154.161 E4023.39702
G1 X191.514 Y153.92 E4023.41473
G1 X191.047 Y153.804 E4023.43074
G1 X190.446 Y153.805 E4023.45073
G1 X189.955 Y153.936 E4023.46763
G1 X189.507 Y154.164 E4023.48435
G1 X189.116 Y154.509 E4023.50169
G1 X188.804 Y154.947 E4023.51958
G1 X188.613 Y155.437 E4023.53707
G1 X188.534 Y155.989 E4023.55562
G1 X188.607 Y156.556 E4023.57463
G1 X188.777 Y157.008 E4023.59069
G1 X189.078 Y157.451 E4023.6085
G1 F2700 E4018.6085
G0 F9000 X189.428 Y157.424
G0 X190.546 Y157.68
G0 X192.272 Y157.352
G0 X193.95 Y157.352
G0 X193.588 Y158.267
G1 F2700 E4023.6085
G1 F1500 X193.016 Y158.84 E4023.63543
G0 F9000 X192.45 Y158.84
G1 F1500 X193.588 Y157.701 E4023.68898
G0 F9000 X193.588 Y157.136
G1 F1500 X191.884 Y158.84 E4023.76914
G0 F9000 X191.724 Y158.435
G1 F1500 X192.545 Y157.614 E4023.80775
G1 X192.562 Y157.596
G1 X193.181 Y156.977 E4023.83687
G1 X193.182 Y156.976
G1 X193.588 Y156.57 E4023.85597
G0 F9000 X193.112 Y156.481
G1 F1500 X193.588 Y156.004 E4023.87838
G0 F9000 X193.147 Y155.88
G1 F1500 X193.588 Y155.439 E4023.89912
G0 F9000 X193.083 Y155.378
G1 F1500 X193.559 Y154.902 E4023.92151
G0 F9000 X193.588 Y154.307
G1 F1500 X192.946 Y154.949 E4023.95171
G0 F9000 X192.713 Y154.617
G1 F1500 X193.588 Y153.741 E4023.99289
G0 F9000 X193.588 Y153.176
G1 F1500 X192.458 Y154.306 E4024.04604
G0 F9000 X192.161 Y154.038
G1 F1500 X193.588 Y152.61 E4024.11319
G0 F9000 X193.588 Y152.044
G1 F1500 X191.797 Y153.836 E4024.19745
G0 F9000 X191.384 Y153.683
G1 F1500 X193.588 Y151.479 E4024.30112
G0 F9000 X193.588 Y150.913
G1 F1500 X190.903 Y153.599 E4024.42744
G0 F9000 X190.3 Y153.636
G1 F1500 X193.588 Y150.347 E4024.58212
G0 F9000 X193.588 Y149.782
G1 F1500 X189.214 Y154.156 E4024.78786
G0 F9000 X188.874 Y154.496
G1 F1500 X184.531 Y158.839 E4024.99214
G0 F9000 X185.097 Y158.839
G1 F1500 X188.39 Y155.545 E4025.14706
G0 F9000 X188.35 Y156.151
G1 F1500 X185.662 Y158.839 E4025.27349
G0 F9000 X186.228 Y158.839
G1 F1500 X188.425 Y156.642 E4025.37683
G0 F9000 X188.58 Y157.053
G1 F1500 X186.794 Y158.839 E4025.46084
G0 F9000 X187.359 Y158.839
G1 F1500 X188.798 Y157.401 E4025.52851
G0 F9000 X189.057 Y157.707
G1 F1500 X187.925 Y158.839 E4025.58175
G0 F9000 X188.491 Y158.839
G1 F1500 X189.356 Y157.974 E4025.62244
G0 F9000 X189.721 Y158.174
G1 F1500 X189.057 Y158.839 E4025.65369
G0 F9000 X189.622 Y158.839
G1 F1500 X189.696 Y158.765 E4025.65717
G1 X189.697 Y158.764
G1 X190.138 Y158.324 E4025.67789
G0 F9000 X190.628 Y158.398
G1 F1500 X190.188 Y158.839 E4025.69861
G0 F9000 X190.754 Y158.839
G1 F1500 X191.241 Y158.351 E4025.72154
G0 F9000 X191.723 Y158.435
G1 F1500 X191.319 Y158.839 E4025.74055
G0 F9000 X191.319 Y159.3
G0 X183.965 Y159.3
G0 X183.965 Y158.839
G1 F1500 X193.588 Y149.216 E4026.19318
G0 F9000 X193.588 Y148.65
G1 F1500 X183.4 Y158.839 E4026.67242
G0 F9000 X182.834 Y158.839
G1 F1500 X193.588 Y148.085 E4027.17826
G0 F9000 X193.588 Y147.519
G1 F1500 X182.268 Y158.839 E4027.71071
G0 F9000 X181.703 Y158.839
G1 F1500 X193.588 Y146.953 E4028.26977
G0 F9000 X193.588 Y146.388
G1 F1500 X181.137 Y158.839 E4028.85543
G0 F9000 X180.571 Y158.839
G1 F1500 X193.588 Y145.822 E4029.46771
G0 F9000 X193.588 Y145.256
G1 F1500 X180.006 Y158.839 E4030.10659
G0 F9000 X179.44 Y158.839
G1 F1500 X193.588 Y144.691 E4030.77207
G0 F9000 X193.588 Y144.125
G1 F1500 X178.874 Y158.839 E4031.46417
G0 F9000 X178.308 Y158.839
G1 F1500 X193.588 Y143.559 E4032.18289
G0 F9000 X193.588 Y142.993
G1 F1500 X177.743 Y158.839 E4032.92821
G0 F9000 X177.177 Y158.839
G1 F1500 X193.588 Y142.428 E4033.70014
G0 F9000 X193.588 Y141.862
G1 F1500 X176.611 Y158.839 E4034.49868
G0 F9000 X176.046 Y158.839
G1 F1500 X193.588 Y141.296 E4035.32383
G0 F9000 X193.588 Y140.731
G1 F1500 X175.48 Y158.839 E4036.17557
G0 F9000 X174.914 Y158.839
G1 F1500 X193.588 Y140.165 E4037.05394
G0 F9000 X193.588 Y139.599
G1 F1500 X174.349 Y158.839 E4037.95891
G0 F9000 X173.783 Y158.839
G1 F1500 X193.588 Y139.034 E4038.89048
G0 F9000 X193.588 Y138.468
G1 F1500 X173.217 Y158.839 E4039.84866
G0 F9000 X172.652 Y158.839
G1 F1500 X193.588 Y137.902 E4040.83345
G0 F9000 X193.588 Y137.337
G1 F1500 X172.086 Y158.839 E4041.84484
G0 F9000 X171.52 Y158.839
G1 F1500 X193.588 Y136.771 E4042.88285
G0 F9000 X193.588 Y136.205
G1 F1500 X170.955 Y158.839 E4043.94746
G0 F9000 X170.389 Y158.839
G1 F1500 X193.588 Y135.64 E4045.03867
G0 F9000 X193.588 Y135.074
G1 F1500 X169.823 Y158.839 E4046.15651
G0 F9000 X169.258 Y158.839
G1 F1500 X193.588 Y134.508 E4047.30094
G0 F9000 X193.588 Y133.942
G1 F1500 X168.692 Y158.839 E4048.47199
G0 F9000 X168.126 Y158.839
G1 F1500 X193.588 Y133.377 E4049.66965
G0 F9000 X193.588 Y132.811
G1 F1500 X167.56 Y158.839 E4050.89392
G0 F9000 X166.995 Y158.839
G1 F1500 X193.588 Y132.245 E4052.1448
G0 F9000 X193.588 Y131.68
G1 F1500 X166.429 Y158.839 E4053.42228
G0 F9000 X165.863 Y158.839
G1 F1500 X193.588 Y131.114 E4054.72638
G0 F9000 X193.588 Y130.548
G1 F1500 X165.298 Y158.839 E4056.05707
G0 F9000 X164.732 Y158.839
G1 F1500 X193.588 Y129.983 E4057.41437
G0 F9000 X193.588 Y129.417
G1 F1500 X164.166 Y158.839 E4058.79829
G0 F9000 X163.601 Y158.839
G1 F1500 X193.588 Y128.851 E4060.20881
G0 F9000 X193.588 Y128.286
G1 F1500 X163.035 Y158.839 E4061.64593
G0 F9000 X162.469 Y158.839
G1 F1500 X193.588 Y127.72 E4063.10967
G0 F9000 X193.588 Y127.154
G1 F1500 X161.904 Y158.839 E4064.60002
G0 F9000 X161.338 Y158.839
G1 F1500 X193.588 Y126.589 E4066.11696
G0 F9000 X193.588 Y126.023
G1 F1500 X160.772 Y158.839 E4067.66052
G0 F9000 X160.207 Y158.839
G1 F1500 X193.588 Y125.457 E4069.23069
G0 F9000 X193.588 Y124.892
G1 F1500 X159.641 Y158.839 E4070.82745
G0 F9000 X159.075 Y158.839
G1 F1500 X193.588 Y124.326 E4072.45083
G0 F9000 X193.588 Y123.76
G1 F1500 X158.51 Y158.839 E4074.10082
G0 F9000 X157.944 Y158.839
G1 F1500 X193.588 Y123.194 E4075.77743
G0 F9000 X193.588 Y122.629
G1 F1500 X157.378 Y158.839 E4077.48063
G0 F9000 X156.812 Y158.839
G1 F1500 X193.588 Y122.063 E4079.21046
G0 F9000 X193.588 Y121.497
G1 F1500 X156.247 Y158.839 E4080.96689
G0 F9000 X155.681 Y158.839
G1 F1500 X193.588 Y120.932 E4082.74992
G0 F9000 X193.588 Y120.366
G1 F1500 X155.115 Y158.839 E4084.55958
G0 F9000 X154.55 Y158.839
G1 F1500 X193.588 Y119.8 E4086.39583
G0 F9000 X193.588 Y119.235
G1 F1500 X153.984 Y158.839 E4088.25868
G0 F9000 X153.418 Y158.839
G1 F1500 X193.588 Y118.669 E4090.14815
G0 F9000 X193.588 Y118.103
G1 F1500 X152.853 Y158.839 E4092.06422
G0 F9000 X152.287 Y158.839
G1 F1500 X193.588 Y117.538 E4094.0069
G0 F9000 X193.588 Y116.972
G1 F1500 X151.721 Y158.839 E4095.97619
G0 F9000 X151.156 Y158.839
G1 F1500 X193.588 Y116.406 E4097.97209
G0 F9000 X193.588 Y115.841
G1 F1500 X150.59 Y158.839 E4099.99458
G0 F9000 X150.024 Y158.839
G1 F1500 X193.588 Y115.275 E4102.0437
G0 F9000 X193.588 Y114.709
G1 F1500 X149.459 Y158.839 E4104.11941
G0 F9000 X148.893 Y158.839
G1 F1500 X193.588 Y114.144 E4106.22173
G0 F9000 X193.588 Y113.578
G1 F1500 X148.327 Y158.839 E4108.35067
G0 F9000 X147.761 Y158.839
G1 F1500 X193.588 Y113.012 E4110.50623
G0 F9000 X193.588 Y112.446
G1 F1500 X147.196 Y158.839 E4112.68839
G0 F9000 X146.63 Y158.839
G1 F1500 X193.588 Y111.881 E4114.89715
G0 F9000 X193.588 Y111.315
G1 F1500 X146.064 Y158.839 E4117.13253
G0 F9000 X145.499 Y158.839
G1 F1500 X193.588 Y110.749 E4119.39452
G0 F9000 X193.588 Y110.184
G1 F1500 X144.933 Y158.839 E4121.6831
G0 F9000 X144.367 Y158.839
G1 F1500 X193.588 Y109.618 E4123.9983
G0 F9000 X193.588 Y109.052
G1 F1500 X143.802 Y158.839 E4126.34011
G0 F9000 X143.236 Y158.839
G1 F1500 X193.588 Y108.487 E4128.70851
G0 F9000 X193.588 Y107.921
G1 F1500 X142.67 Y158.839 E4131.10354
G0 F9000 X142.105 Y158.839
G1 F1500 X193.588 Y107.355 E4133.52516
G0 F9000 X193.588 Y106.79
G1 F1500 X141.539 Y158.839 E4135.97339
G0 F9000 X140.973 Y158.839
G1 F1500 X193.588 Y106.224 E4138.44824
G0 F9000 X193.588 Y105.658
G1 F1500 X140.408 Y158.839 E4140.94969
G0 F9000 X139.842 Y158.839
G1 F1500 X193.588 Y105.093 E4143.47773
G0 F9000 X193.588 Y104.527
G1 F1500 X139.276 Y158.839 E4146.0324
G0 F9000 X138.711 Y158.839
G1 F1500 X193.588 Y103.961 E4148.61367
G0 F9000 X193.588 Y103.395
G1 F1500 X138.145 Y158.839 E4151.22156
G0 F9000 X137.579 Y158.839
G1 F1500 X193.588 Y102.83 E4153.85606
G0 F9000 X193.588 Y102.264
G1 F1500 X137.013 Y158.839 E4156.51717
G0 F9000 X136.448 Y158.839
G1 F1500 X193.588 Y101.698 E4159.20488
G0 F9000 X193.588 Y101.133
G92 E0
G1 F1500 X135.882 Y158.839 E2.71431
G0 F9000 X135.316 Y158.839
G1 F1500 X193.588 Y100.567 E5.45525
G0 F9000 X193.588 Y100.001
G1 F1500 X134.751 Y158.839 E8.22279
G0 F9000 X134.185 Y158.839
G1 F1500 X193.588 Y99.436 E11.01692
G0 F9000 X193.588 Y98.87
G1 F1500 X133.619 Y158.839 E13.83768
G0 F9000 X133.054 Y158.839
G1 F1500 X193.588 Y98.304 E16.68504
G0 F9000 X193.588 Y97.739
G1 F1500 X132.488 Y158.839 E19.55899
G0 F9000 X131.922 Y158.839
G1 F1500 X193.588 Y97.173 E22.45957
G0 F9000 X193.588 Y96.607
G1 F1500 X131.357 Y158.839 E25.38675
G0 F9000 X130.791 Y158.839
G1 F1500 X193.588 Y96.042 E28.34053
G0 F9000 X193.588 Y95.476
G1 F1500 X130.225 Y158.839 E31.32093
G0 F9000 X129.66 Y158.839
G1 F1500 X193.588 Y94.91 E34.32793
G0 F9000 X193.588 Y94.345
G1 F1500 X129.094 Y158.839 E37.36153
G0 F9000 X128.528 Y158.839
G1 F1500 X193.588 Y93.779 E40.42175
G0 F9000 X193.588 Y93.213
G1 F1500 X127.962 Y158.839 E43.5086
G0 F9000 X127.397 Y158.839
G1 F1500 X193.588 Y92.647 E46.62204
G0 F9000 X193.588 Y92.082
G1 F1500 X126.831 Y158.839 E49.76209
G0 F9000 X126.265 Y158.839
G1 F1500 X193.588 Y91.516 E52.92876
G0 F9000 X193.47 Y91.069
G1 F1500 X125.7 Y158.839 E56.11645
G0 F9000 X125.134 Y158.839
G1 F1500 X191.823 Y92.15 E59.2533
G0 F9000 X191.007 Y92.4
G1 F1500 X124.568 Y158.839 E62.37838
G0 F9000 X124.003 Y158.839
G1 F1500 X190.441 Y92.401 E65.50342
G0 F9000 X189.995 Y92.281
G1 F1500 X123.437 Y158.839 E68.63411
G0 F9000 X122.871 Y158.839
G1 F1500 X189.605 Y92.105 E71.77307
G0 F9000 X189.257 Y91.888
G1 F1500 X122.306 Y158.839 E74.92224
G0 F9000 X121.74 Y158.839
G1 F1500 X188.961 Y91.618 E78.08411
G0 F9000 X188.723 Y91.29
G1 F1500 X121.174 Y158.839 E81.26141
G0 F9000 X120.609 Y158.839
G1 F1500 X188.53 Y90.918 E84.4562
G0 F9000 X188.39 Y90.492
G1 F1500 X120.043 Y158.839 E87.67104
G0 F9000 X119.477 Y158.839
G1 F1500 X188.336 Y89.98 E90.90995
G0 F9000 X188.455 Y89.296
G1 F1500 X118.912 Y158.839 E94.18104
G0 F9000 X118.346 Y158.839
G1 F1500 X193.589 Y83.596 E97.72024
G0 F9000 X193.589 Y84.161
G1 F1500 X190.046 Y87.705 E97.88692
G0 F9000 X190.718 Y87.599
G1 F1500 X193.589 Y84.727 E98.02198
G0 F9000 X193.589 Y85.293
G1 F1500 X191.237 Y87.645 E98.13261
G0 F9000 X191.676 Y87.772
G1 F1500 X193.589 Y85.859 E98.2226
G0 F9000 X193.589 Y86.424
G1 F1500 X192.048 Y87.966 E98.2951
G0 F9000 X192.36 Y88.219
G1 F1500 X193.589 Y86.99 E98.35291
G0 F9000 X193.589 Y87.556
G1 F1500 X192.636 Y88.509 E98.39774
G0 F9000 X192.869 Y88.841
G1 F1500 X193.589 Y88.121 E98.4316
G0 F9000 X193.589 Y88.687
G1 F1500 X193.287 Y88.989 E98.44581
G1 X193.286 Y88.99
G1 X193.033 Y89.243 E98.45771
G0 F9000 X193.129 Y89.712
G1 F1500 X193.589 Y89.253 E98.47932
G0 F9000 X193.589 Y89.818
G1 F1500 X193.131 Y90.277 E98.50089
G0 F9000 X193.589 Y90.384
G1 F1500 X193.041 Y90.932 E98.52667
G1 X192.997 Y90.977
G1 X192.917 Y91.056 E98.53041
G0 F9000 X193.47 Y91.068
G1 F1500 X193.589 Y90.95 E98.53598
G0 F9000 X194.05 Y90.95
G0 X194.05 Y83.03
G0 X193.589 Y83.03
G1 F1500 X117.78 Y158.839 E102.1018
G0 F9000 X117.214 Y158.839
G1 F1500 X193.589 Y82.464 E105.69425
G0 F9000 X193.589 Y81.899
G1 F1500 X166.947 Y108.54 E106.94738
G1 X166.894 Y108.594
G1 X116.649 Y158.839 E109.31075
G0 F9000 X116.083 Y158.839
G1 F1500 X165.772 Y109.15 E111.64797
G0 F9000 X165.163 Y109.194
G1 F1500 X115.517 Y158.839 E113.98314
G0 F9000 X114.952 Y158.839
G1 F1500 X164.668 Y109.122 E116.32166
G0 F9000 X164.293 Y108.932
G1 F1500 X114.386 Y158.839 E118.66913
G0 F9000 X113.82 Y158.839
G1 F1500 X163.969 Y108.69 E121.02798
G0 F9000 X163.678 Y108.415
G1 F1500 X113.255 Y158.839 E123.39975
G0 F9000 X112.689 Y158.839
G1 F1500 X163.437 Y108.091 E125.78678
G0 F9000 X163.195 Y107.768
G1 F1500 X112.123 Y158.839 E128.18903
G0 F9000 X111.558 Y158.839
G1 F1500 X162.965 Y107.432 E130.60706
G0 F9000 X162.763 Y107.068
G1 F1500 X110.992 Y158.839 E133.0422
G0 F9000 X110.426 Y158.839
G1 F1500 X162.561 Y106.705 E135.49445
G0 F9000 X162.359 Y106.341
G1 F1500 X109.861 Y158.838 E137.96377
G0 F9000 X109.296 Y158.838
G1 F1500 X162.157 Y105.977 E140.45019
G0 F9000 X161.949 Y105.619
G1 F1500 X108.73 Y158.838 E142.95345
G0 F9000 X108.164 Y158.838
G1 F1500 X161.74 Y105.262 E145.4735
G0 F9000 X161.532 Y104.905
G1 F1500 X107.599 Y158.838 E148.01034
G0 F9000 X107.033 Y158.838
G1 F1500 X161.323 Y104.548 E150.56398
G0 F9000 X161.114 Y104.191
G1 F1500 X106.467 Y158.838 E153.13441
G0 F9000 X105.901 Y158.838
G1 F1500 X160.906 Y103.834 E155.72165
G0 F9000 X160.697 Y103.477
G1 F1500 X105.336 Y158.838 E158.32566
G0 F9000 X104.77 Y158.838
G1 F1500 X160.489 Y103.12 E160.94649
G0 F9000 X160.28 Y102.763
G1 F1500 X104.204 Y158.838 E163.58411
G0 F9000 X103.639 Y158.838
G1 F1500 X160.072 Y102.406 E166.23852
G0 F9000 X159.863 Y102.048
G1 F1500 X103.073 Y158.838 E168.90975
G0 F9000 X102.507 Y158.838
G1 F1500 X159.654 Y101.691 E171.59777
G0 F9000 X159.446 Y101.334
G1 F1500 X101.942 Y158.838 E174.30258
G0 F9000 X101.376 Y158.838
G1 F1500 X159.238 Y100.976 E177.02423
G0 F9000 X159.036 Y100.613
G1 F1500 X100.81 Y158.838 E179.76298
G0 F9000 X100.245 Y158.838
G1 F1500 X158.838 Y100.245 E182.51901
G0 F9000 X158.641 Y99.876
G1 F1500 X99.679 Y158.838 E185.29241
G0 F9000 X99.113 Y158.838
G1 F1500 X158.435 Y99.517 E188.08271
G0 F9000 X158.224 Y99.162
G1 F1500 X98.548 Y158.838 E190.88968
G0 F9000 X97.982 Y158.838
G1 F1500 X158.014 Y98.806 E193.71341
G0 F9000 X157.803 Y98.451
G1 F1500 X97.416 Y158.838 E196.55382
G0 F9000 X96.851 Y158.838
G1 F1500 X157.592 Y98.096 E199.41092
G0 F9000 X157.388 Y97.735
G1 F1500 X96.285 Y158.838 E202.28502
G0 F9000 X95.719 Y158.838
G1 F1500 X157.204 Y97.353 E205.17708
G0 F9000 X157.047 Y96.945
G1 F1500 X95.153 Y158.838 E208.08836
G0 F9000 X94.588 Y158.838
G1 F1500 X156.994 Y96.432 E211.02375
G0 F9000 X157.056 Y95.804
G1 F1500 X94.022 Y158.838 E213.98868
G0 F9000 X93.456 Y158.838
G1 F1500 X170.588 Y81.706 E217.61673
G0 F9000 X170.588 Y81.141
G1 F1500 X92.891 Y158.838 E221.27136
G0 F9000 X92.325 Y158.838
G1 F1500 X160.315 Y90.849 E224.46937
G0 F9000 X160.087 Y90.453
G0 X159.233 Y90.85
G0 X159.294 Y91.303
G1 F1500 X91.759 Y158.838 E227.64601
G0 F9000 X91.194 Y158.838
G1 F1500 X158.617 Y91.415 E230.81739
G0 F9000 X158.014 Y91.452
G1 F1500 X90.628 Y158.838 E233.98702
G0 F9000 X90.062 Y158.838
G1 F1500 X157.435 Y91.465 E237.15604
G0 F9000 X156.898 Y91.437
G1 F1500 X89.497 Y158.838 E240.32637
G0 F9000 X88.931 Y158.838
G1 F1500 X156.36 Y91.409 E243.49803
G0 F9000 X155.868 Y91.336
G1 F1500 X88.365 Y158.838 E246.67314
G0 F9000 X87.8 Y158.838
G1 F1500 X155.46 Y91.177 E249.85568
G0 F9000 X155.141 Y90.931
G1 F1500 X87.234 Y158.838 E253.04982
G0 F9000 X86.668 Y158.838
G1 F1500 X154.869 Y90.638 E256.25776
G0 F9000 X154.681 Y90.26
G1 F1500 X86.102 Y158.838 E259.48348
G0 F9000 X85.537 Y158.838
G1 F1500 X154.577 Y89.799 E262.73089
G0 F9000 X154.513 Y89.296
G1 F1500 X84.971 Y158.838 E266.00193
G0 F9000 X84.405 Y158.838
G1 F1500 X154.511 Y88.733 E269.29948
G0 F9000 X154.511 Y88.167
G1 F1500 X83.84 Y158.838 E272.62362
G0 F9000 X83.274 Y158.838
G1 F1500 X154.542 Y87.57 E275.97585
G0 F9000 X154.586 Y86.961
G1 F1500 X82.708 Y158.838 E279.35675
G0 F9000 X82.143 Y158.838
G1 F1500 X154.595 Y86.386 E282.76467
G0 F9000 X154.595 Y85.82
G1 F1500 X81.577 Y158.838 E286.19921
G0 F9000 X81.011 Y158.838
G1 F1500 X148.451 Y91.399 E289.37136
G0 F9000 X147.834 Y91.45
G1 F1500 X80.446 Y158.838 E292.54108
G0 F9000 X79.88 Y158.838
G1 F1500 X147.281 Y91.437 E295.71142
G0 F9000 X146.729 Y91.423
G1 F1500 X79.314 Y158.838 E298.88242
G0 F9000 X78.749 Y158.838
G1 F1500 X146.177 Y91.41 E302.05402
G0 F9000 X145.625 Y91.397
G1 F1500 X78.183 Y158.838 E305.22626
G0 F9000 X77.617 Y158.838
G1 F1500 X145.198 Y91.258 E308.40504
G0 F9000 X144.821 Y91.069
G1 F1500 X77.052 Y158.838 E311.59269
G0 F9000 X76.486 Y158.838
G1 F1500 X144.514 Y90.81 E314.79252
G0 F9000 X144.256 Y90.502
G1 F1500 X75.92 Y158.838 E318.00683
G0 F9000 X75.354 Y158.838
G1 F1500 X144.101 Y90.091 E321.24048
G0 F9000 X144.028 Y89.599
G1 F1500 X74.789 Y158.838 E324.49727
G0 F9000 X74.223 Y158.838
G1 F1500 X144.012 Y89.05 E327.77991
G0 F9000 X144.012 Y88.484
G1 F1500 X73.657 Y158.838 E331.08917
G0 F9000 X73.092 Y158.838
G1 F1500 X144.012 Y87.918 E334.42503
G0 F9000 X144.012 Y87.353
G1 F1500 X72.526 Y158.838 E337.78749
G0 F9000 X71.96 Y158.838
G1 F1500 X144.012 Y86.786 E341.17659
G0 F9000 X144.012 Y86.221
G1 F1500 X71.395 Y158.838 E344.59227
G0 F9000 X70.829 Y158.838
G1 F1500 X138.386 Y91.281 E347.76995
G0 F9000 X137.674 Y91.428
G1 F1500 X70.263 Y158.838 E350.94073
G0 F9000 X69.698 Y158.838
G1 F1500 X137.081 Y91.455 E354.11022
G0 F9000 X136.507 Y91.463
G1 F1500 X69.132 Y158.838 E357.27933
G0 F9000 X68.566 Y158.838
G1 F1500 X135.934 Y91.471 E360.44809
G0 F9000 X135.415 Y91.424
G1 F1500 X68.001 Y158.838 E363.61904
G0 F9000 X67.435 Y158.838
G1 F1500 X134.895 Y91.378 E366.79215
G0 F9000 X134.375 Y91.332
G1 F1500 X66.869 Y158.838 E369.96743
G0 F9000 X66.303 Y158.838
G1 F1500 X133.94 Y91.202 E373.14884
G0 F9000 X133.56 Y91.016
G1 F1500 X65.738 Y158.838 E376.33898
G0 F9000 X65.172 Y158.838
G1 F1500 X133.24 Y90.77 E379.54069
G0 F9000 X132.983 Y90.462
G1 F1500 X64.606 Y158.838 E382.75691
G0 F9000 X64.041 Y158.838
G1 F1500 X132.742 Y90.137 E385.9884
G0 F9000 X132.508 Y89.806
G1 F1500 X63.475 Y158.838 E389.23547
G0 F9000 X62.909 Y158.838
G1 F1500 X132.304 Y89.444 E392.49958
G0 F9000 X132.1 Y89.082
G1 F1500 X62.344 Y158.838 E395.78069
G0 F9000 X61.778 Y158.838
G1 F1500 X131.896 Y88.72 E399.07882
G0 F9000 X131.692 Y88.358
G1 F1500 X61.212 Y158.838 E402.39399
G0 F9000 X60.647 Y158.838
G1 F1500 X131.489 Y87.996 E405.72618
G0 F9000 X131.284 Y87.635
G1 F1500 X60.081 Y158.838 E409.07535
G0 F9000 X59.515 Y158.838
G1 F1500 X131.081 Y87.273 E412.44157
G0 F9000 X130.877 Y86.911
G1 F1500 X58.95 Y158.838 E415.82479
G0 F9000 X58.384 Y158.838
G1 F1500 X130.674 Y86.549 E419.22507
G0 F9000 X130.469 Y86.187
G1 F1500 X57.818 Y158.838 E422.64235
G0 F9000 X57.253 Y158.838
G1 F1500 X130.266 Y85.825 E426.07666
G0 F9000 X130.062 Y85.463
G1 F1500 X56.687 Y158.838 E429.52799
G0 F9000 X56.121 Y158.838
G1 F1500 X129.858 Y85.102 E432.99633
G0 F9000 X129.654 Y84.74
G1 F1500 X55.555 Y158.838 E436.4817
G0 F9000 X54.99 Y158.838
G1 F1500 X129.45 Y84.378 E439.98407
G0 F9000 X129.246 Y84.017
G1 F1500 X54.424 Y158.838 E443.50344
G0 F9000 X53.858 Y158.838
G1 F1500 X121.507 Y91.19 E446.68542
G0 F9000 X120.735 Y91.396
G1 F1500 X53.293 Y158.838 E449.85769
G0 F9000 X52.727 Y158.838
G1 F1500 X120.114 Y91.451 E453.02736
G0 F9000 X119.544 Y91.456
G1 F1500 X52.161 Y158.838 E456.19683
G0 F9000 X51.596 Y158.838
G1 F1500 X118.973 Y91.461 E459.36604
G0 F9000 X118.422 Y91.446
G1 F1500 X51.03 Y158.838 E462.53595
G0 F9000 X50.464 Y158.838
G1 F1500 X117.886 Y91.417 E465.70725
G0 F9000 X117.35 Y91.387
G1 F1500 X49.899 Y158.838 E468.87994
G0 F9000 X49.333 Y158.838
G1 F1500 X116.927 Y91.245 E472.05933
G0 F9000 X116.568 Y91.037
G1 F1500 X48.767 Y158.838 E475.24848
G0 F9000 X48.202 Y158.838
G1 F1500 X116.263 Y90.777 E478.44986
G0 F9000 X116.027 Y90.448
G1 F1500 X47.636 Y158.838 E481.66674
G0 F9000 X47.07 Y158.838
G1 F1500 X115.85 Y90.059 E484.90192
G0 F9000 X115.759 Y89.584
G1 F1500 X46.504 Y158.838 E488.15944
G0 F9000 X45.939 Y158.838
G1 F1500 X115.733 Y89.044 E491.44233
G0 F9000 X115.733 Y88.478
G1 F1500 X45.373 Y158.838 E494.75185
G0 F9000 X44.807 Y158.838
G1 F1500 X115.733 Y87.913 E498.08797
G0 F9000 X115.733 Y87.347
G1 F1500 X44.242 Y158.838 E501.45069
G0 F9000 X43.676 Y158.838
G1 F1500 X115.733 Y86.781 E504.84003
G0 F9000 X115.733 Y86.216
G1 F1500 X43.11 Y158.838 E508.25597
G0 F9000 X42.545 Y158.838
G1 F1500 X115.733 Y85.65 E511.69851
G0 F9000 X115.733 Y85.084
G1 F1500 X41.979 Y158.838 E515.16767
G0 F9000 X41.413 Y158.838
G1 F1500 X110.001 Y90.251 E518.39382
G0 F9000 X109.751 Y89.866
G0 X108.856 Y90.245
G0 X109.011 Y90.675
G1 F1500 X40.848 Y158.838 E521.59999
G0 F9000 X40.282 Y158.838
G1 F1500 X108.125 Y90.995 E524.79112
G0 F9000 X107.436 Y91.119
G1 F1500 X39.716 Y158.838 E527.97644
G0 F9000 X39.151 Y158.838
G1 F1500 X106.746 Y91.242 E531.15592
G0 F9000 X106.098 Y91.325
G1 F1500 X38.585 Y158.838 E534.33153
G0 F9000 X38.019 Y158.838
G1 F1500 X105.508 Y91.35 E537.50598
G0 F9000 X104.918 Y91.374
G1 F1500 X37.454 Y158.838 E540.67928
G0 F9000 X36.888 Y158.838
G1 F1500 X104.327 Y91.399 E543.8514
G0 F9000 X103.737 Y91.423
G1 F1500 X36.322 Y158.838 E547.0224
G0 F9000 X35.756 Y158.838
G1 F1500 X103.147 Y91.447 E550.19226
G0 F9000 X102.578 Y91.451
G1 F1500 X35.191 Y158.838 E553.36194
G0 F9000 X34.625 Y158.838
G1 F1500 X102.012 Y91.451 E556.53162
G0 F9000 X101.447 Y91.451
G1 F1500 X34.059 Y158.838 E559.70132
G0 F9000 X33.494 Y158.838
G1 F1500 X100.881 Y91.451 E562.871
G0 F9000 X100.315 Y91.451
G1 F1500 X32.928 Y158.838 E566.04068
G0 F9000 X32.362 Y158.838
G1 F1500 X99.75 Y91.451 E569.21038
G0 F9000 X99.184 Y91.451
G1 F1500 X31.797 Y158.838 E572.38006
G0 F9000 X31.231 Y158.838
G1 F1500 X98.618 Y91.451 E575.54973
G0 F9000 X98.053 Y91.451
G1 F1500 X30.665 Y158.838 E578.71944
G0 F9000 X30.281 Y158.657
G1 F1500 X97.487 Y91.451 E581.8806
G0 F9000 X96.921 Y91.451
G1 F1500 X31.478 Y156.894 E584.95884
G0 F9000 X31.647 Y156.159
G1 F1500 X96.356 Y91.451 E588.00253
G0 F9000 X95.79 Y91.451
G1 F1500 X31.619 Y155.622 E591.02093
G0 F9000 X31.501 Y155.174
G1 F1500 X95.22 Y91.455 E594.01808
G0 F9000 X94.658 Y91.451
G1 F1500 X31.324 Y154.785 E596.99712
G0 F9000 X31.093 Y154.451
G1 F1500 X94.131 Y91.413 E599.96223
G0 F9000 X93.638 Y91.34
G1 F1500 X30.803 Y154.175 E602.9178
G0 F9000 X30.48 Y153.932
G1 F1500 X93.252 Y91.16 E605.8704
G0 F9000 X92.899 Y90.948
G1 F1500 X30.102 Y153.745 E608.82418
G0 F9000 X29.657 Y153.624
G1 F1500 X92.638 Y90.644 E611.78659
G0 F9000 X92.402 Y90.313
G1 F1500 X29.117 Y153.598 E614.76332
G0 F9000 X28.42 Y153.729
G1 F1500 X92.27 Y89.88 E617.76661
G0 F9000 X92.213 Y89.371
G1 F1500 X26.628 Y154.956 E620.85152
G1 X26.627 Y154.957
G1 X26.411 Y155.173 E620.86168
G0 F9000 X26.411 Y154.608
G1 F1500 X92.197 Y88.821 E623.95608
G0 F9000 X92.197 Y88.256
G1 F1500 X26.411 Y154.042 E627.05045
G0 F9000 X26.411 Y153.476
G1 F1500 X92.197 Y87.69 E630.14482
G0 F9000 X92.197 Y87.124
G1 F1500 X26.411 Y152.911 E633.23922
G0 F9000 X26.411 Y152.345
G1 F1500 X92.198 Y86.558 E636.33364
G0 F9000 X92.198 Y85.992
G1 F1500 X26.411 Y151.779 E639.42805
G0 F9000 X26.411 Y151.214
G1 F1500 X92.198 Y85.426 E642.5225
G0 F9000 X92.198 Y84.86
G1 F1500 X26.411 Y150.648 E645.61694
G0 F9000 X26.411 Y150.082
G1 F1500 X92.198 Y84.294 E648.71138
G0 F9000 X92.198 Y83.729
G1 F1500 X26.411 Y149.517 E651.80582
G0 F9000 X26.411 Y148.951
G1 F1500 X92.198 Y83.163 E654.90027
G0 F9000 X92.199 Y82.597
G1 F1500 X26.411 Y148.385 E657.99473
G0 F9000 X26.411 Y147.819
G1 F1500 X92.199 Y82.031 E661.0892
G0 F9000 X92.199 Y81.465
G1 F1500 X26.411 Y147.254 E664.18369
G0 F9000 X26.411 Y146.688
G1 F1500 X92.199 Y80.9 E667.27815
G0 F9000 X92.2 Y80.333
G1 F1500 X82.175 Y90.358 E667.7497
G0 F9000 X81.619 Y90.914
G1 F1500 X26.411 Y146.122 E670.34651
G0 F9000 X26.411 Y145.557
G1 F1500 X80.61 Y91.357 E672.89589
G0 F9000 X79.964 Y91.438
G1 F1500 X26.411 Y144.991 E675.41486
G0 F9000 X26.411 Y144.425
G1 F1500 X79.393 Y91.443 E677.90697
G0 F9000 X78.87 Y91.4
G1 F1500 X26.411 Y143.86 E680.37451
G0 F9000 X26.411 Y143.294
G1 F1500 X78.417 Y91.288 E682.82071
G0 F9000 X78.014 Y91.125
G1 F1500 X26.411 Y142.728 E685.24796
G0 F9000 X26.411 Y142.163
G1 F1500 X77.656 Y90.917 E687.65839
G0 F9000 X77.341 Y90.667
G1 F1500 X26.411 Y141.597 E690.05398
G0 F9000 X26.411 Y141.031
G1 F1500 X77.083 Y90.359 E692.43743
G0 F9000 X76.859 Y90.017
G1 F1500 X26.411 Y140.466 E694.81038
G0 F9000 X26.411 Y139.9
G1 F1500 X76.661 Y89.649 E697.17401
G0 F9000 X76.479 Y89.266
G1 F1500 X26.411 Y139.334 E699.52905
G0 F9000 X26.411 Y138.768
G1 F1500 X76.296 Y88.884 E701.87546
G0 F9000 X76.113 Y88.5
G1 F1500 X26.411 Y138.203 E704.21332
G0 F9000 X26.411 Y137.637
G1 F1500 X75.93 Y88.118 E706.54254
G0 F9000 X75.748 Y87.734
G1 F1500 X26.411 Y137.071 E708.8632
G0 F9000 X26.411 Y136.506
G1 F1500 X75.564 Y87.352 E711.17523
G0 F9000 X75.382 Y86.969
G1 F1500 X26.411 Y135.94 E713.47868
G0 F9000 X26.411 Y135.374
G1 F1500 X75.199 Y86.586 E715.77351
G0 F9000 X75.016 Y86.203
G1 F1500 X26.411 Y134.809 E718.05977
G0 F9000 X26.411 Y134.243
G1 F1500 X74.833 Y85.82 E720.33741
G0 F9000 X74.651 Y85.437
G1 F1500 X26.411 Y133.677 E722.60648
G0 F9000 X26.411 Y133.112
G1 F1500 X74.468 Y85.055 E724.86693
G0 F9000 X74.285 Y84.671
G1 F1500 X26.411 Y132.546 E727.1188
G0 F9000 X26.411 Y131.98
G1 F1500 X74.103 Y84.288 E729.36208
G0 F9000 X73.92 Y83.905
G1 F1500 X26.411 Y131.415 E731.59679
G0 F9000 X26.411 Y130.849
G1 F1500 X73.737 Y83.522 E733.82288
G0 F9000 X73.554 Y83.14
G1 F1500 X26.411 Y130.283 E736.04034
G0 F9000 X26.411 Y129.718
G1 F1500 X73.372 Y82.756 E738.24927
G0 F9000 X73.189 Y82.374
G1 F1500 X67.223 Y88.34 E738.52989
G0 F9000 X67.212 Y87.785
G1 F1500 X73.006 Y81.991 E738.80242
G0 F9000 X72.823 Y81.608
G1 F1500 X67.097 Y87.334 E739.07175
G0 F9000 X66.934 Y86.931
G1 F1500 X72.641 Y81.225 E739.34017
G0 F9000 X72.457 Y80.842
G1 F1500 X66.75 Y86.549 E739.60861
G0 F9000 X66.567 Y86.168
G1 F1500 X72.275 Y80.459 E739.87712
G0 F9000 X72.092 Y80.077
G1 F1500 X66.335 Y85.833 E740.14789
G0 F9000 X66.096 Y85.506
G1 F1500 X71.909 Y79.693 E740.42131
G0 F9000 X71.726 Y79.311
G1 F1500 X65.802 Y85.235 E740.69996
G0 F9000 X65.455 Y85.016
G1 F1500 X71.544 Y78.927 E740.98637
G0 F9000 X71.361 Y78.545
G1 F1500 X65.048 Y84.858 E741.28331
G0 F9000 X64.539 Y84.801
G1 F1500 X66.42 Y82.92 E741.37179
G0 F9000 X65.796 Y82.978
G1 F1500 X63.866 Y84.908 E741.46257
G0 F9000 X64.037 Y85.337
G0 X63.086 Y85.735
G0 X62.892 Y85.317
G1 F1500 X65.23 Y82.978 E741.57257
G0 F9000 X64.664 Y82.978
G1 F1500 X61.953 Y85.69 E741.70011
G0 F9000 X61.135 Y85.943
G1 F1500 X64.098 Y82.979 E741.8395
G0 F9000 X63.532 Y82.98
G1 F1500 X60.357 Y86.154 E741.98882
G0 F9000 X59.649 Y86.297
G1 F1500 X62.965 Y82.981 E742.14479
G0 F9000 X62.4 Y82.981
G1 F1500 X59.009 Y86.371 E742.30427
G0 F9000 X58.396 Y86.419
G1 F1500 X61.833 Y82.981 E742.46596
G0 F9000 X61.267 Y82.982
G1 F1500 X57.841 Y86.408 E742.62711
G0 F9000 X57.284 Y86.399
G1 F1500 X60.701 Y82.982 E742.78784
G0 F9000 X60.135 Y82.983
G1 F1500 X56.728 Y86.39 E742.94809
G0 F9000 X56.172 Y86.38
G1 F1500 X59.568 Y82.983 E743.10785
G0 F9000 X59.002 Y82.984
G1 F1500 X55.678 Y86.308 E743.2642
G0 F9000 X55.188 Y86.232
G1 F1500 X58.436 Y82.984 E743.41698
G0 F9000 X57.9 Y82.955
G1 F1500 X54.754 Y86.1 E743.56493
G0 F9000 X54.341 Y85.948
G1 F1500 X57.43 Y82.859 E743.71023
G0 F9000 X57.035 Y82.688
G1 F1500 X53.96 Y85.764 E743.85489
G0 F9000 X53.601 Y85.557
G1 F1500 X56.741 Y82.417 E744.00259
G0 F9000 X56.487 Y82.104
G1 F1500 X53.275 Y85.317 E744.1537
G0 F9000 X52.949 Y85.077
G1 F1500 X56.321 Y81.706 E744.31228
G0 F9000 X56.248 Y81.213
G1 F1500 X52.663 Y84.798 E744.48091
G0 F9000 X52.4 Y84.495
G1 F1500 X56.214 Y80.681 E744.66031
G0 F9000 X56.238 Y80.091
G1 F1500 X52.137 Y84.192 E744.85321
G0 F9000 X51.93 Y83.833
G1 F1500 X56.504 Y79.259 E745.06835
G0 F9000 X57.207 Y78.557
G1 F1500 X60.04 Y75.724 E745.20161
G0 F9000 X60.505 Y75.825
G1 F1500 X58.024 Y78.305 E745.31828
G0 F9000 X58.604 Y78.291
G1 F1500 X60.97 Y75.925 E745.42957
G0 F9000 X61.434 Y76.026
G1 F1500 X59.169 Y78.291 E745.53611
G0 F9000 X59.736 Y78.29
G1 F1500 X61.896 Y76.13 E745.63771
G0 F9000 X62.345 Y76.247
G1 F1500 X60.302 Y78.29 E745.73381
G0 F9000 X60.869 Y78.289
G1 F1500 X62.482 Y76.675 E745.8097
G0 F9000 X62.488 Y77.235
G1 F1500 X61.435 Y78.288 E745.85923
G0 F9000 X62.001 Y78.288
G1 F1500 X62.479 Y77.81 E745.88171
G0 F9000 X62.941 Y77.827
G0 X62.868 Y76.002
G0 X62.603 Y75.924
G0 X59.596 Y75.201
G0 X59.54 Y75.658
G1 F1500 X51.729 Y83.469 E746.24912
G0 F9000 X51.55 Y83.082
G1 F1500 X59.037 Y75.595 E746.60129
G0 F9000 X58.532 Y75.535
G1 F1500 X51.415 Y82.652 E746.93605
G0 F9000 X51.28 Y82.221
G1 F1500 X57.966 Y75.535 E747.25054
G0 F9000 X57.4 Y75.535
G1 F1500 X51.217 Y81.718 E747.54137
G0 F9000 X51.159 Y81.21
G1 F1500 X56.82 Y75.55 E747.80762
G0 F9000 X56.197 Y75.607
G1 F1500 X51.185 Y80.619 E748.04337
G0 F9000 X51.232 Y80.006
G1 F1500 X55.476 Y75.762 E748.24299
G0 F9000 X54.611 Y76.061
G1 F1500 X51.454 Y79.218 E748.39149
G0 F9000 X51.012 Y79.093
G0 X51.538 Y77.949
G0 X51.944 Y78.162
G1 F1500 X53.443 Y76.664 E748.46197
G1 F2700 E743.46197
G0 F9000 X53.181 Y76.285
G0 X55.929 Y74.908
G0 X62.641 Y75.574
G0 X63.198 Y75.975
G0 X62.855 Y78.893
G0 X58.066 Y79.025
G0 X57.565 Y79.169
G0 X57.17 Y79.523
G0 X56.976 Y79.969
G0 X56.934 Y80.834
G0 X56.999 Y81.458
G0 X57.114 Y81.752
G0 X57.443 Y82.121
G0 X57.965 Y82.244
G0 X66.053 Y82.26
G0 X66.519 Y82.176
G0 X66.955 Y81.868
G0 X67.193 Y81.442
G0 X67.274 Y81.117
G0 X67.376 Y77.404
G0 X67.272 Y74.356
G0 X67.077 Y73.653
G0 X66.84 Y73.329
G0 X66.537 Y73.052
G0 X66.002 Y72.712
G0 X65.325 Y72.402
G0 X64.183 Y72.016
G0 X62.114 Y71.525
G0 X60.694 Y71.309
G0 X58.406 Y71.145
G0 X56.938 Y71.145
G0 X55.748 Y71.213
G0 X52.164 Y71.736
G0 X52.021 Y71.298
G1 F2700 E748.46197
G1 F1500 X62.159 Y61.159 E748.93886
G0 F9000 X62.725 Y61.159
G1 F1500 X52.861 Y71.023 E749.40283
G0 F9000 X53.64 Y70.81
G1 F1500 X63.291 Y61.159 E749.85678
G0 F9000 X63.856 Y61.159
G1 F1500 X54.363 Y70.652 E750.3033
G0 F9000 X55.017 Y70.564
G1 F1500 X64.422 Y61.159 E750.74569
G0 F9000 X64.988 Y61.159
G1 F1500 X55.654 Y70.493 E751.18473
G0 F9000 X56.254 Y70.458
G1 F1500 X65.553 Y61.159 E751.62213
G0 F9000 X66.119 Y61.159
G1 F1500 X56.854 Y70.424 E752.05792
G0 F9000 X57.419 Y70.425
G1 F1500 X66.685 Y61.159 E752.49377
G0 F9000 X67.25 Y61.159
G1 F1500 X57.984 Y70.425 E752.92961
G0 F9000 X58.544 Y70.431
G1 F1500 X67.816 Y61.159 E753.36574
G0 F9000 X68.382 Y61.159
G1 F1500 X59.068 Y70.473 E753.80384
G0 F9000 X59.591 Y70.516
G1 F1500 X68.947 Y61.159 E754.24394
G0 F9000 X69.513 Y61.159
G1 F1500 X60.12 Y70.552 E754.68576
G0 F9000 X60.654 Y70.584
G1 F1500 X70.079 Y61.159 E755.12908
G0 F9000 X70.644 Y61.159
G1 F1500 X61.154 Y70.65 E755.57549
G0 F9000 X61.644 Y70.725
G1 F1500 X71.21 Y61.159 E756.02544
G0 F9000 X71.776 Y61.159
G1 F1500 X62.135 Y70.8 E756.47892
G0 F9000 X62.602 Y70.898
G1 F1500 X72.341 Y61.159 E756.93702
G0 F9000 X72.907 Y61.159
G1 F1500 X63.059 Y71.008 E757.40026
G0 F9000 X63.515 Y71.117
G1 F1500 X73.473 Y61.159 E757.86865
G0 F9000 X74.039 Y61.159
G1 F1500 X63.972 Y71.226 E758.34217
G0 F9000 X64.428 Y71.335
G1 F1500 X74.604 Y61.159 E758.82082
G0 F9000 X75.17 Y61.159
G1 F1500 X64.851 Y71.478 E759.3062
G0 F9000 X65.274 Y71.621
G1 F1500 X75.736 Y61.159 E759.7983
G0 F9000 X76.301 Y61.159
G1 F1500 X65.685 Y71.775 E760.29764
G0 F9000 X66.074 Y71.952
G1 F1500 X76.867 Y61.159 E760.80531
G0 F9000 X77.433 Y61.159
G1 F1500 X66.45 Y72.142 E761.32192
G0 F9000 X66.798 Y72.359
G1 F1500 X77.998 Y61.159 E761.84873
G0 F9000 X78.564 Y61.159
G1 F1500 X67.118 Y72.605 E762.38712
G0 F9000 X67.408 Y72.881
G1 F1500 X68.666 Y71.623 E762.44629
G0 F9000 X68.552 Y72.303
G1 F1500 X67.647 Y73.208 E762.48886
G0 F9000 X67.828 Y73.592
G1 F1500 X68.646 Y72.774 E762.52733
G0 F9000 X68.802 Y73.184
G1 F1500 X67.943 Y74.043 E762.56774
G0 F9000 X68 Y74.552
G1 F1500 X68.985 Y73.567 E762.61407
G0 F9000 X69.168 Y73.949
G1 F1500 X68.016 Y75.101 E762.66826
G0 F9000 X68.016 Y75.667
G1 F1500 X69.35 Y74.333 E762.731
G0 F9000 X69.534 Y74.715
G1 F1500 X68.016 Y76.233 E762.8024
G0 F9000 X68.044 Y76.771
G1 F1500 X69.716 Y75.098 E762.88107
G0 F9000 X69.899 Y75.481
G1 F1500 X68.09 Y77.29 E762.96616
G0 F9000 X68.096 Y77.85
G1 F1500 X70.082 Y75.864 E763.05958
G0 F9000 X70.265 Y76.247
G1 F1500 X68.096 Y78.416 E763.1616
G0 F9000 X68.077 Y79
G1 F1500 X70.447 Y76.63 E763.27308
G0 F9000 X70.63 Y77.013
G1 F1500 X68.038 Y79.605 E763.395
G0 F9000 X68.025 Y80.184
G1 F1500 X70.813 Y77.396 E763.52614
G0 F9000 X70.996 Y77.778
G1 F1500 X68.013 Y80.761 E763.66645
G0 F9000 X67.941 Y81.399
G1 F1500 X71.178 Y78.162 E763.81871
G0 F9000 X71.595 Y77.964
G0 X69.272 Y72.374
G0 X69.282 Y71.956
G0 X69.572 Y71.553
G0 X70.024 Y71.405
G0 X72.047 Y71.395
G0 X72.514 Y71.451
G0 X72.923 Y71.606
G0 X73.166 Y71.781
G0 X74.677 Y73.649
G0 X74.942 Y73.267
G1 F1500 X87.049 Y61.159 E764.38821
G0 F9000 X86.484 Y61.159
G1 F1500 X74.701 Y72.942 E764.94244
G0 F9000 X74.513 Y72.564
G1 F1500 X85.918 Y61.159 E765.4789
G0 F9000 X85.352 Y61.159
G1 F1500 X74.326 Y72.186 E765.99755
G0 F9000 X74.138 Y71.808
G1 F1500 X84.787 Y61.159 E766.49845
G0 F9000 X84.221 Y61.159
G1 F1500 X73.889 Y71.492 E766.98446
G0 F9000 X73.602 Y71.213
G1 F1500 X83.655 Y61.159 E767.45734
G0 F9000 X83.089 Y61.159
G1 F1500 X73.269 Y70.98 E767.91927
G0 F9000 X72.865 Y70.818
G1 F1500 X82.524 Y61.159 E768.3736
G0 F9000 X81.958 Y61.159
G1 F1500 X72.404 Y70.714 E768.82301
G0 F9000 X71.871 Y70.68
G1 F1500 X81.392 Y61.159 E769.27085
G0 F9000 X80.827 Y61.159
G1 F1500 X71.308 Y70.678 E769.7186
G0 F9000 X70.746 Y70.675
G1 F1500 X80.261 Y61.159 E770.16618
G0 F9000 X79.695 Y61.159
G1 F1500 X70.171 Y70.683 E770.61416
G0 F9000 X69.448 Y70.841
G1 F1500 X79.13 Y61.159 E771.06957
G0 F9000 X79.13 Y60.7
G0 X87.615 Y60.7
G0 X87.615 Y61.159
G1 F1500 X75.476 Y73.298 E771.64055
G0 F9000 X76.042 Y73.298
G1 F1500 X88.181 Y61.159 E772.21153
G0 F9000 X88.746 Y61.159
G1 F1500 X76.608 Y73.297 E772.78247
G0 F9000 X77.174 Y73.297
G1 F1500 X89.312 Y61.159 E773.3534
G0 F9000 X89.878 Y61.159
G1 F1500 X77.74 Y73.297 E773.92434
G0 F9000 X78.307 Y73.296
G1 F1500 X90.443 Y61.159 E774.4952
G0 F9000 X91.009 Y61.159
G1 F1500 X78.872 Y73.296 E775.06609
G0 F9000 X79.439 Y73.295
G1 F1500 X91.575 Y61.159 E775.63693
G0 F9000 X92.14 Y61.159
G1 F1500 X80.004 Y73.295 E776.20777
G0 F9000 X80.571 Y73.295
G1 F1500 X92.706 Y61.159 E776.77858
G0 F9000 X93.272 Y61.159
G1 F1500 X81.137 Y73.294 E777.34938
G0 F9000 X81.703 Y73.294
G1 F1500 X93.838 Y61.159 E777.92017
G0 F9000 X94.403 Y61.159
G1 F1500 X82.269 Y73.293 E778.49092
G0 F9000 X82.835 Y73.293
G1 F1500 X94.969 Y61.159 E779.06166
G0 F9000 X95.535 Y61.159
G1 F1500 X85.7 Y70.994 E779.52427
G0 F9000 X86.537 Y70.723
G1 F1500 X96.1 Y61.159 E779.97411
G0 F9000 X96.666 Y61.159
G1 F1500 X87.146 Y70.679 E780.4219
G0 F9000 X87.712 Y70.679
G1 F1500 X97.232 Y61.159 E780.86969
G0 F9000 X97.797 Y61.159
G1 F1500 X88.278 Y70.679 E781.31746
G0 F9000 X88.843 Y70.68
G1 F1500 X98.363 Y61.159 E781.76527
G0 F9000 X98.929 Y61.159
G1 F1500 X89.408 Y70.68 E782.21311
G0 F9000 X89.961 Y70.693
G1 F1500 X99.494 Y61.159 E782.66154
G0 F9000 X100.06 Y61.159
G1 F1500 X90.371 Y70.848 E783.11728
G0 F9000 X90.719 Y71.066
G1 F1500 X100.626 Y61.159 E783.58328
G0 F9000 X101.191 Y61.159
G1 F1500 X90.977 Y71.373 E784.06371
G0 F9000 X91.166 Y71.75
G1 F1500 X101.757 Y61.159 E784.56188
G0 F9000 X102.323 Y61.159
G1 F1500 X91.227 Y72.255 E785.0838
G0 F9000 X91.045 Y73.003
G1 F1500 X92.474 Y71.574 E785.15102
G0 F9000 X93.053 Y70.994
G1 F1500 X102.888 Y61.159 E785.61362
G0 F9000 X103.454 Y61.159
G1 F1500 X93.919 Y70.695 E786.06215
G0 F9000 X94.504 Y70.675
G1 F1500 X104.02 Y61.159 E786.50975
G0 F9000 X104.586 Y61.159
G1 F1500 X95.07 Y70.675 E786.95735
G0 F9000 X95.636 Y70.674
G1 F1500 X105.151 Y61.159 E787.40491
G0 F9000 X105.717 Y61.159
G1 F1500 X96.198 Y70.678 E787.85265
G0 F9000 X96.73 Y70.712
G1 F1500 X106.283 Y61.159 E788.302
G0 F9000 X106.848 Y61.159
G1 F1500 X97.196 Y70.812 E788.75602
G0 F9000 X97.568 Y71.005
G1 F1500 X107.414 Y61.159 E789.21915
G0 F9000 X107.98 Y61.159
G1 F1500 X97.833 Y71.306 E789.69643
G0 F9000 X98.051 Y71.653
G1 F1500 X108.545 Y61.159 E790.19004
G0 F9000 X109.111 Y61.159
G1 F1500 X98.183 Y72.088 E790.70408
G0 F9000 X98.229 Y72.607
G1 F1500 X109.677 Y61.159 E791.24256
G0 F9000 X110.242 Y61.159
G1 F1500 X98.243 Y73.159 E791.80698
G0 F9000 X98.243 Y73.725
G1 F1500 X110.808 Y61.159 E792.39802
G0 F9000 X111.374 Y61.159
G1 F1500 X98.243 Y74.29 E793.01566
G0 F9000 X98.243 Y74.856
G1 F1500 X111.939 Y61.159 E793.6599
G0 F9000 X112.505 Y61.159
G1 F1500 X98.243 Y75.422 E794.33077
G0 F9000 X98.243 Y75.987
G1 F1500 X113.071 Y61.159 E795.02823
G0 F9000 X113.637 Y61.159
G1 F1500 X98.243 Y76.553 E795.75232
G0 F9000 X98.243 Y77.119
G1 F1500 X114.202 Y61.159 E796.503
G0 F9000 X114.768 Y61.159
G1 F1500 X98.243 Y77.684 E797.28029
G0 F9000 X98.27 Y78.223
G1 F1500 X115.334 Y61.159 E798.08293
G0 F9000 X115.899 Y61.159
G1 F1500 X98.836 Y78.222 E798.88552
G0 F9000 X99.402 Y78.222
G1 F1500 X116.465 Y61.159 E799.68811
G0 F9000 X117.031 Y61.159
G1 F1500 X107.009 Y71.181 E800.15951
G0 F9000 X106.398 Y71.792
G1 F1500 X99.969 Y78.221 E800.46191
G0 F9000 X100.535 Y78.22
G1 F1500 X105.045 Y73.71 E800.67405
G0 F9000 X105.42 Y73.979
G0 X104 Y75.965
G0 X103.625 Y75.696
G1 F1500 X101.102 Y78.22 E800.79275
G0 F9000 X101.885 Y78.002
G1 F1500 X102.206 Y77.681 E800.80785
G0 F9000 X102.58 Y77.95
G0 X107.095 Y72.071
G0 X107.645 Y71.618
G0 X108.056 Y71.459
G0 X108.57 Y71.395
G0 X111.307 Y71.396
G0 X111.871 Y71.539
G0 X112.109 Y71.913
G0 X112.125 Y72.227
G0 X111.991 Y72.624
G0 X107.553 Y79.251
G0 X108.525 Y79.507
G0 X108.717 Y79.089
G1 F1500 X115.827 Y71.979 E801.14228
G0 F9000 X115.739 Y72.633
G1 F1500 X109.105 Y79.267 E801.45432
G0 F9000 X109.494 Y79.444
G1 F1500 X115.733 Y73.205 E801.74779
G0 F9000 X115.733 Y73.771
G1 F1500 X109.882 Y79.622 E802.023
G0 F9000 X110.269 Y79.8
G1 F1500 X115.733 Y74.336 E802.28001
G0 F9000 X115.733 Y74.902
G1 F1500 X110.626 Y80.009 E802.52023
G0 F9000 X110.949 Y80.252
G1 F1500 X115.733 Y75.468 E802.74525
G0 F9000 X115.733 Y76.033
G1 F1500 X111.272 Y80.494 E802.95508
G0 F9000 X111.536 Y80.796
G1 F1500 X115.733 Y76.599 E803.1525
G0 F9000 X115.733 Y77.165
G1 F1500 X111.799 Y81.098 E803.33752
G0 F9000 X112.031 Y81.433
G1 F1500 X115.733 Y77.73 E803.51167
G0 F9000 X115.733 Y78.296
G1 F1500 X112.233 Y81.796 E803.6763
G0 F9000 X112.435 Y82.16
G1 F1500 X115.733 Y78.862 E803.83143
G0 F9000 X115.733 Y79.427
G1 F1500 X112.589 Y82.572 E803.97934
G0 F9000 X112.712 Y83.014
G1 F1500 X115.733 Y79.993 E804.12144
G0 F9000 X115.733 Y80.559
G1 F1500 X112.836 Y83.456 E804.2577
G0 F9000 X112.879 Y83.978
G1 F1500 X115.733 Y81.124 E804.39194
G0 F9000 X115.733 Y81.69
G1 F1500 X112.894 Y84.529 E804.52548
G0 F9000 X112.938 Y85.051
G1 F1500 X115.733 Y82.256 E804.65695
G0 F9000 X115.733 Y82.822
G1 F1500 X112.897 Y85.658 E804.79035
G0 F9000 X112.82 Y86.3
G1 F1500 X115.733 Y83.387 E804.92737
G0 F9000 X115.733 Y83.953
G1 F1500 X112.619 Y87.067 E805.07384
G0 F9000 X112.109 Y87.183
G0 X111.831 Y87.796
G0 X112.23 Y88.022
G1 F1500 X115.733 Y84.519 E805.23861
G0 F9000 X116.195 Y84.519
G0 X116.466 Y72.516
G0 X116.536 Y72.117
G0 X116.699 Y71.796
G0 X117.014 Y71.543
G0 X117.298 Y71.443
G0 X117.717 Y71.395
G0 X119.46 Y71.397
G0 X119.908 Y71.474
G0 X120.265 Y71.694
G0 X120.498 Y72.05
G0 X120.816 Y80.673
G0 X121.276 Y80.673
G1 F1500 X121.584 Y80.364 E805.25312
G0 F9000 X121.276 Y80.107
G1 F1500 X121.62 Y79.763 E805.2693
G1 X122.245 Y79.138 E805.2987
G0 F9000 X121.276 Y78.976
G1 F1500 X123.53 Y76.722 E805.40472
G0 F9000 X123.939 Y76.939
G0 X123.299 Y78.148
G0 X122.888 Y77.93
G1 F1500 X121.276 Y79.541 E805.48052
G0 F9000 X120.816 Y79.541
G0 X120.816 Y78.41
G0 X121.276 Y78.41
G1 F1500 X124.172 Y75.514 E805.61674
G0 F9000 X124.58 Y75.729
G0 X125.221 Y74.52
G0 X124.819 Y74.302
G1 F1500 X121.276 Y77.844 E805.78337
G0 F9000 X121.276 Y77.278
G1 F1500 X125.482 Y73.073 E805.98118
G0 F9000 X125.886 Y73.293
G0 X126.556 Y72.505
G0 X127.545 Y71.628
G0 X127.393 Y71.161
G1 F1500 X137.395 Y61.159 E806.45165
G0 F9000 X136.83 Y61.159
G1 F1500 X121.276 Y76.713 E807.18326
G0 F9000 X121.276 Y76.147
G1 F1500 X136.264 Y61.159 E807.88825
G0 F9000 X135.698 Y61.159
G1 F1500 X121.276 Y75.581 E808.56661
G0 F9000 X121.276 Y75.016
G1 F1500 X135.133 Y61.159 E809.2184
G0 F9000 X134.567 Y61.159
G1 F1500 X121.276 Y74.45 E809.84357
G0 F9000 X121.276 Y73.884
G1 F1500 X134.001 Y61.159 E810.44212
G0 F9000 X133.435 Y61.159
G1 F1500 X121.276 Y73.319 E811.01406
G0 F9000 X121.276 Y72.753
G1 F1500 X132.87 Y61.159 E811.55941
G0 F9000 X132.304 Y61.159
G1 F1500 X121.256 Y72.208 E812.0791
G0 F9000 X121.157 Y71.741
G1 F1500 X131.738 Y61.159 E812.57682
G0 F9000 X131.173 Y61.159
G1 F1500 X120.933 Y71.399 E813.05848
G0 F9000 X120.673 Y71.093
G1 F1500 X130.607 Y61.159 E813.52574
G0 F9000 X130.041 Y61.159
G1 F1500 X120.316 Y70.885 E813.9832
G0 F9000 X119.892 Y70.743
G1 F1500 X129.476 Y61.159 E814.434
G0 F9000 X128.91 Y61.159
G1 F1500 X119.388 Y70.681 E814.88189
G0 F9000 X118.822 Y70.681
G1 F1500 X128.344 Y61.159 E815.32977
G0 F9000 X127.779 Y61.159
G1 F1500 X118.257 Y70.68 E815.77763
G0 F9000 X117.692 Y70.68
G1 F1500 X127.213 Y61.159 E816.22547
G0 F9000 X126.647 Y61.159
G1 F1500 X117.036 Y70.77 E816.67755
G1 F2700 E811.67755
G0 F9000 X117.199 Y71.198
G0 X116.203 Y72.034
G0 X112.455 Y71.973
G0 X112.758 Y71.654
G1 F2700 E816.67755
G1 F1500 X123.253 Y61.159 E817.1712
G0 F9000 X123.819 Y61.159
G1 F1500 X112.833 Y72.145 E817.68795
G0 F9000 X112.668 Y72.875
G1 F1500 X124.385 Y61.159 E818.23905
G0 F9000 X124.95 Y61.159
G1 F1500 X111.54 Y74.57 E818.86984
G0 F9000 X111.157 Y74.316
G0 X109.933 Y76.105
G0 X110.306 Y76.369
G1 F1500 X125.516 Y61.159 E819.58527
G0 F9000 X126.082 Y61.159
G1 F1500 X108.932 Y78.309 E820.39196
G0 F9000 X108.559 Y78.044
G0 X111.991 Y72.624
G0 X112.125 Y72.227
G0 X112.109 Y71.913
G0 X111.871 Y71.539
G0 X111.414 Y71.423
G0 X107.987 Y71.204
G0 X108.018 Y70.738
G1 F1500 X117.596 Y61.159 E820.8425
G0 F9000 X118.162 Y61.159
G1 F1500 X108.645 Y70.676 E821.29015
G0 F9000 X109.21 Y70.677
G1 F1500 X118.728 Y61.159 E821.73785
G0 F9000 X119.293 Y61.159
G1 F1500 X109.775 Y70.678 E822.18557
G0 F9000 X110.34 Y70.678
G1 F1500 X119.859 Y61.159 E822.63331
G0 F9000 X120.425 Y61.159
G1 F1500 X110.905 Y70.679 E823.08111
G0 F9000 X111.459 Y70.69
G1 F1500 X120.99 Y61.159 E823.52942
G0 F9000 X121.556 Y61.159
G1 F1500 X111.908 Y70.808 E823.98325
G0 F9000 X112.282 Y70.999
G1 F1500 X122.122 Y61.159 E824.44609
G0 F9000 X122.687 Y61.159
G1 F1500 X112.552 Y71.295 E824.92284
G1 F2700 E819.92284
G0 F9000 X112.178 Y71.562
G0 X112.455 Y71.973
G0 X116.203 Y72.034
G0 X127.898 Y71.222
G1 F2700 E824.92284
G1 F1500 X137.961 Y61.159 E825.39617
G0 F9000 X138.527 Y61.159
G1 F1500 X128.31 Y71.376 E825.87675
G0 F9000 X128.633 Y71.619
G1 F1500 X139.092 Y61.159 E826.36873
G0 F9000 X139.658 Y61.159
G1 F1500 X128.902 Y71.915 E826.87466
G0 F9000 X129.123 Y72.26
G1 F1500 X140.224 Y61.159 E827.39682
G0 F9000 X140.789 Y61.159
G1 F1500 X129.328 Y72.621 E827.93593
G0 F9000 X129.524 Y72.99
G1 F1500 X141.355 Y61.159 E828.49242
G0 F9000 X141.921 Y61.159
G1 F1500 X129.72 Y73.36 E829.06632
G0 F9000 X129.916 Y73.73
G1 F1500 X142.486 Y61.159 E829.6576
G0 F9000 X143.052 Y61.159
G1 F1500 X130.112 Y74.099 E830.26626
G0 F9000 X130.309 Y74.468
G1 F1500 X143.618 Y61.159 E830.89227
G0 F9000 X144.184 Y61.159
G1 F1500 X130.507 Y74.836 E831.5356
G0 F9000 X130.706 Y75.202
G1 F1500 X133.818 Y72.09 E831.68197
G0 F9000 X133.767 Y72.707
G1 F1500 X130.905 Y75.569 E831.81659
G0 F9000 X131.105 Y75.935
G1 F1500 X133.767 Y73.273 E831.94181
G0 F9000 X133.767 Y73.838
G1 F1500 X131.304 Y76.301 E832.05766
G0 F9000 X131.504 Y76.668
G1 F1500 X133.767 Y74.404 E832.16413
G0 F9000 X133.767 Y74.97
G1 F1500 X131.703 Y77.034 E832.26121
G0 F9000 X131.902 Y77.4
G1 F1500 X133.767 Y75.535 E832.34893
G0 F9000 X133.766 Y76.102
G1 F1500 X132.102 Y77.766 E832.4272
G0 F9000 X132.301 Y78.133
G1 F1500 X133.766 Y76.668 E832.49611
G0 F9000 X133.766 Y77.233
G1 F1500 X132.501 Y78.499 E832.55564
G0 F9000 X132.701 Y78.865
G1 F1500 X133.766 Y77.799 E832.60576
G0 F9000 X133.766 Y78.365
G1 F1500 X132.9 Y79.231 E832.64649
G0 F9000 X133.1 Y79.597
G1 F1500 X133.766 Y78.93 E832.67784
G0 F9000 X133.766 Y79.496
G1 F1500 X133.672 Y79.591 E832.68229
G1 X133.671 Y79.591
G1 X133.298 Y79.964 E832.69983
G0 F9000 X133.498 Y80.33
G1 F1500 X133.766 Y80.062 E832.71244
G0 F9000 X133.766 Y80.627
G1 F1500 X133.697 Y80.697 E832.71571
G1 F2700 E827.71571
G0 F9000 X133.293 Y80.916
G0 X134.519 Y83.776
G0 X134.489 Y72.626
G0 X134.533 Y72.246
G0 X134.721 Y71.827
G0 X135.051 Y71.576
G0 X135.444 Y71.449
G0 X136.34 Y71.37
G0 X138.116 Y71.438
G0 X138.522 Y71.642
G0 X138.815 Y72.039
G0 X138.918 Y72.502
G0 X138.917 Y89.448
G0 X138.826 Y89.934
G0 X138.676 Y90.212
G0 X138.289 Y90.553
G0 X137.946 Y90.678
G0 X135.983 Y90.751
G0 X134.433 Y90.618
G0 X134.037 Y90.475
G0 X133.694 Y90.207
G0 X133.399 Y89.816
G0 X128.938 Y82.507
G0 X128.843 Y83.288
G1 F2700 E832.71571
G1 F1500 X123.621 Y88.51 E832.96133
G0 F9000 X123.219 Y88.29
G0 X122.585 Y89.478
G0 X122.966 Y89.731
G1 F1500 X129.044 Y83.653 E833.24722
G0 F9000 X128.641 Y82.924
G1 F1500 X124.303 Y87.262 E833.45127
G0 F9000 X123.901 Y87.042
G0 X124.584 Y85.793
G0 X124.986 Y86.013
G1 F1500 X128.44 Y82.559 E833.61373
G0 F9000 X128.24 Y82.194
G1 F1500 X125.669 Y84.765 E833.73467
G0 F9000 X125.267 Y84.545
G0 X125.949 Y83.297
G0 X126.351 Y83.517
G1 F1500 X128.038 Y81.83 E833.81402
G0 F9000 X127.754 Y81.549
G1 F1500 X127.838 Y81.465 E833.81797
G1 X127.753 Y81.549
G1 X127.011 Y82.291 E833.85287
G0 F9000 X126.607 Y82.073
G0 X127.643 Y80.345
G0 X133.174 Y89.518
G0 X133.694 Y90.207
G0 X134.037 Y90.475
G0 X134.433 Y90.618
G0 X135.983 Y90.751
G0 X137.946 Y90.678
G0 X138.289 Y90.553
G0 X138.676 Y90.212
G0 X138.826 Y89.934
G0 X139.232 Y89.725
G0 X139.176 Y82.114
G0 X139.633 Y82.115
G1 F1500 X144.015 Y77.733 E834.05899
G0 F9000 X144.015 Y78.299
G1 F1500 X139.633 Y82.681 E834.2651
G0 F9000 X139.633 Y83.246
G1 F1500 X144.015 Y78.865 E834.47119
G0 F9000 X144.015 Y79.43
G1 F1500 X139.633 Y83.812 E834.67731
G0 F9000 X139.633 Y84.378
G1 F1500 X144.014 Y79.997 E834.88338
G0 F9000 X144.014 Y80.562
G1 F1500 X139.633 Y84.944 E835.08947
G0 F9000 X139.633 Y85.509
G1 F1500 X144.014 Y81.128 E835.29554
G0 F9000 X144.014 Y81.694
G1 F1500 X139.633 Y86.075 E835.50161
G0 F9000 X139.633 Y86.641
G1 F1500 X144.013 Y82.26 E835.70765
G0 F9000 X144.013 Y82.826
G1 F1500 X139.633 Y87.206 E835.91368
G0 F9000 X139.633 Y87.772
G1 F1500 X144.013 Y83.391 E836.11972
G0 F9000 X144.013 Y83.957
G1 F1500 X139.633 Y88.338 E836.32577
G0 F9000 X139.633 Y88.903
G1 F1500 X144.012 Y84.524 E836.53174
G0 F9000 X144.012 Y85.089
G1 F1500 X139.633 Y89.469 E836.73774
G0 F9000 X139.513 Y90.154
G1 F1500 X144.012 Y85.655 E836.94936
G1 F2700 E831.94936
G0 F9000 X144.473 Y85.656
G0 X144.393 Y81.55
G0 X139.256 Y81.548
G0 X139.633 Y81.549
G1 F2700 E836.94936
G1 F1500 X144.015 Y77.167 E837.15547
G0 F9000 X144.015 Y76.601
G1 F1500 X139.633 Y80.984 E837.36161
G0 F9000 X139.633 Y80.418
G1 F1500 X144.015 Y76.035 E837.56775
G0 F9000 X144.015 Y75.47
G1 F1500 X139.633 Y79.852 E837.77387
G0 F9000 X139.633 Y79.287
G1 F1500 X144.015 Y74.904 E837.98001
G0 F9000 X144.016 Y74.338
G1 F1500 X139.633 Y78.721 E838.18617
G0 F9000 X139.633 Y78.155
G1 F1500 X144.016 Y73.772 E838.39233
G0 F9000 X144.016 Y73.206
G1 F1500 X139.633 Y77.59 E838.59852
G0 F9000 X139.633 Y77.024
G1 F1500 X144.016 Y72.641 E838.80468
G0 F9000 X144.065 Y72.025
G1 F1500 X139.633 Y76.458 E839.01317
G0 F9000 X139.633 Y75.893
G1 F1500 X154.366 Y61.159 E839.70619
G0 F9000 X154.932 Y61.159
G1 F1500 X145.374 Y70.717 E840.15577
G0 F9000 X145.982 Y70.674
G1 F1500 X155.497 Y61.159 E840.60333
G0 F9000 X156.063 Y61.159
G1 F1500 X146.547 Y70.676 E841.05096
G0 F9000 X147.111 Y70.677
G1 F1500 X156.629 Y61.159 E841.49865
G0 F9000 X157.194 Y61.159
G1 F1500 X147.675 Y70.678 E841.9464
G0 F9000 X148.238 Y70.681
G1 F1500 X157.76 Y61.159 E842.39428
G0 F9000 X158.326 Y61.159
G1 F1500 X148.725 Y70.76 E842.84589
G0 F9000 X149.111 Y70.939
G1 F1500 X158.891 Y61.159 E843.30591
G0 F9000 X159.457 Y61.159
G1 F1500 X149.455 Y71.161 E843.77637
G0 F9000 X149.73 Y71.452
G1 F1500 X160.023 Y61.159 E844.26052
G0 F9000 X160.588 Y61.159
G1 F1500 X149.91 Y71.838 E844.7628
G0 F9000 X150.021 Y72.293
G1 F1500 X161.154 Y61.159 E845.28649
G0 F9000 X161.72 Y61.159
G1 F1500 X150.06 Y72.819 E845.83494
G0 F9000 X150.06 Y73.384
G1 F1500 X162.285 Y61.159 E846.40997
G0 F9000 X162.851 Y61.159
G1 F1500 X150.06 Y73.95 E847.01162
G0 F9000 X150.06 Y74.516
G1 F1500 X163.417 Y61.159 E847.63989
G0 F9000 X163.983 Y61.159
G1 F1500 X150.06 Y75.082 E848.29478
G0 F9000 X150.06 Y75.648
G1 F1500 X164.548 Y61.159 E848.97628
G0 F9000 X165.114 Y61.159
G1 F1500 X155.248 Y71.026 E849.44037
G0 F9000 X154.813 Y71.46
G1 F1500 X150.06 Y76.214 E849.66396
G0 F9000 X150.06 Y76.779
G1 F1500 X154.532 Y72.307 E849.87431
G0 F9000 X154.513 Y72.892
G1 F1500 X150.06 Y77.345 E850.08376
G0 F9000 X150.06 Y77.911
G1 F1500 X154.526 Y73.445 E850.29383
G0 F9000 X154.539 Y73.997
G1 F1500 X150.059 Y78.477 E850.50456
G0 F9000 X150.059 Y79.043
G1 F1500 X154.552 Y74.55 E850.71589
G0 F9000 X154.565 Y75.103
G1 F1500 X150.059 Y79.608 E850.92782
G0 F9000 X150.059 Y80.174
G1 F1500 X154.577 Y75.656 E851.14033
G0 F9000 X154.59 Y76.209
G1 F1500 X150.059 Y80.74 E851.35346
G0 F9000 X150.058 Y81.306
G1 F1500 X154.55 Y76.814 E851.56475
G0 F9000 X154.513 Y77.417
G1 F1500 X150.058 Y81.872 E851.77429
G0 F9000 X150.058 Y82.438
G1 F1500 X154.513 Y77.983 E851.98384
G0 F9000 X154.513 Y78.548
G1 F1500 X150.058 Y83.003 E852.19339
G0 F9000 X150.058 Y83.569
G1 F1500 X154.513 Y79.114 E852.40294
G0 F9000 X154.546 Y79.647
G1 F1500 X150.057 Y84.135 E852.61407
G0 F9000 X150.057 Y84.701
G1 F1500 X154.586 Y80.173 E852.82708
G0 F9000 X154.594 Y80.73
G1 F1500 X150.057 Y85.267 E853.04048
G0 F9000 X150.057 Y85.832
G1 F1500 X154.594 Y81.296 E853.25387
G0 F9000 X154.572 Y81.884
G1 F1500 X150.057 Y86.398 E853.46621
G0 F9000 X150.057 Y86.964
G1 F1500 X154.525 Y82.496 E853.67637
G0 F9000 X154.513 Y83.074
G1 F1500 X150.057 Y87.53 E853.88597
G0 F9000 X150.057 Y88.096
G1 F1500 X154.513 Y83.64 E854.09557
G0 F9000 X154.513 Y84.205
G1 F1500 X150.057 Y88.661 E854.30516
G0 F9000 X150.057 Y89.227
G1 F1500 X154.535 Y84.749 E854.5158
G0 F9000 X154.575 Y85.274
G1 F1500 X150.003 Y89.847 E854.73087
G1 F2700 E849.73087
G0 F9000 X149.551 Y89.784
G0 X157.673 Y95.296
G0 X158.547 Y94.313
G1 F2700 E854.73087
G1 F1500 X170.588 Y82.272 E855.29724
G0 F9000 X170.588 Y82.838
G1 F1500 X159.218 Y94.208 E855.83205
G0 F9000 X159.83 Y94.161
G1 F1500 X170.588 Y83.403 E856.33808
G0 F9000 X170.588 Y83.969
G1 F1500 X160.429 Y94.129 E856.81595
G0 F9000 X160.994 Y94.129
G1 F1500 X170.588 Y84.535 E857.26722
G0 F9000 X170.588 Y85.101
G1 F1500 X161.561 Y94.128 E857.69182
G0 F9000 X162.12 Y94.135
G1 F1500 X170.588 Y85.666 E858.09016
G0 F9000 X170.588 Y86.232
G1 F1500 X162.647 Y94.173 E858.46368
G0 F9000 X163.179 Y94.207
G1 F1500 X170.588 Y86.798 E858.81217
G0 F9000 X170.588 Y87.363
G1 F1500 X163.745 Y94.207 E859.13407
G0 F9000 X164.311 Y94.207
G1 F1500 X170.583 Y87.934 E859.42911
G0 F9000 X170.576 Y88.507
G1 F1500 X164.906 Y94.177 E859.69581
G0 F9000 X165.519 Y94.13
G1 F1500 X170.593 Y89.055 E859.9345
G0 F9000 X170.642 Y89.572
G1 F1500 X166.085 Y94.129 E860.14884
G0 F9000 X166.652 Y94.128
G1 F1500 X170.737 Y90.043 E860.34099
G0 F9000 X170.892 Y90.454
G1 F1500 X167.218 Y94.127 E860.51378
G0 F9000 X167.755 Y94.156
G1 F1500 X171.133 Y90.779 E860.67265
G0 F9000 X171.431 Y91.046
G1 F1500 X168.282 Y94.195 E860.82077
G0 F9000 X168.836 Y94.207
G1 F1500 X171.796 Y91.247 E860.96
G0 F9000 X172.232 Y91.377
G1 F1500 X169.402 Y94.207 E861.09311
G0 F9000 X169.977 Y94.197
G1 F1500 X172.734 Y91.44 E861.22279
G0 F9000 X173.29 Y91.45
G1 F1500 X170.585 Y94.155 E861.35003
G0 F9000 X171.17 Y94.136
G1 F1500 X173.859 Y91.447 E861.47651
G0 F9000 X174.457 Y91.414
G1 F1500 X171.689 Y94.183 E861.60673
G0 F9000 X172.138 Y94.299
G1 F1500 X175.192 Y91.245 E861.75038
G0 F9000 X174.729 Y90.925
G0 X175.82 Y89.623
G0 X176.063 Y90.374
G1 F1500 X193.589 Y72.848 E862.57475
G0 F9000 X193.589 Y73.413
G1 F1500 X172.546 Y94.456 E863.56455
G0 F9000 X172.879 Y94.689
G1 F1500 X193.589 Y73.979 E864.53868
G0 F9000 X193.589 Y74.545
G1 F1500 X173.195 Y94.939 E865.49796
G0 F9000 X173.417 Y95.283
G1 F1500 X193.589 Y75.111 E866.44678
G0 F9000 X193.589 Y75.676
G1 F1500 X173.616 Y95.649 E867.38625
G0 F9000 X173.711 Y96.12
G1 F1500 X193.589 Y76.242 E868.32125
G0 F9000 X193.589 Y76.808
G1 F1500 X173.674 Y96.723 E869.25799
G0 F9000 X173.237 Y96.606
G0 X172.908 Y97.434
G0 X173.306 Y97.657
G1 F1500 X193.589 Y77.373 E870.21207
G0 F9000 X193.589 Y77.939
G1 F1500 X172.587 Y98.941 E871.19994
G0 F9000 X171.925 Y99.181
G0 X171.432 Y100.033
G0 X171.83 Y100.264
G1 F1500 X193.589 Y78.505 E872.22341
G0 F9000 X193.589 Y79.07
G1 F1500 X171.056 Y101.604 E873.28332
G0 F9000 X170.657 Y101.372
G0 X169.881 Y102.712
G0 X170.281 Y102.944
G1 F1500 X193.589 Y79.636 E874.37966
G0 F9000 X193.589 Y80.202
G1 F1500 X169.506 Y104.284 E875.51242
G0 F9000 X169.106 Y104.051
G0 X168.33 Y105.392
G0 X168.731 Y105.625
G1 F1500 X193.589 Y80.767 E876.68167
G0 F9000 X193.589 Y81.333
G1 F1500 X167.957 Y106.965 E877.88732
G1 F2700 E872.88732
G0 F9000 X167.555 Y106.73
G0 X172.866 Y96.978
G0 X172.987 Y96.526
G0 X172.995 Y96.177
G0 X172.937 Y95.91
G0 X172.328 Y94.768
G0 X174.127 Y91.068
G0 X176.288 Y89.583
G1 F2700 E877.88732
G1 F1500 X193.589 Y72.282 E878.70111
G0 F9000 X193.589 Y71.716
G1 F1500 X176.302 Y89.004 E879.51426
G0 F9000 X176.316 Y88.424
G1 F1500 X193.589 Y71.151 E880.32673
G0 F9000 X193.589 Y70.585
G1 F1500 X176.33 Y87.844 E881.13854
G0 F9000 X176.343 Y87.265
G1 F1500 X193.589 Y70.019 E881.94973
G0 F9000 X193.589 Y69.454
G1 F1500 X176.358 Y86.685 E882.76023
G0 F9000 X176.371 Y86.106
G1 F1500 X193.589 Y68.888 E883.57011
G0 F9000 X193.589 Y68.322
G1 F1500 X176.385 Y85.526 E884.37933
G0 F9000 X176.358 Y84.988
G1 F1500 X193.589 Y67.757 E885.18983
G0 F9000 X193.589 Y67.191
G1 F1500 X176.318 Y84.462 E886.0022
G0 F9000 X176.305 Y83.909
G1 F1500 X193.589 Y66.625 E886.81519
G0 F9000 X193.589 Y66.06
G1 F1500 X176.306 Y83.343 E887.62813
G0 F9000 X176.31 Y82.773
G1 F1500 X193.589 Y65.494 E888.44088
G0 F9000 X193.589 Y64.928
G1 F1500 X176.355 Y82.162 E889.25151
G0 F9000 X176.387 Y81.564
G1 F1500 X193.589 Y64.362 E890.06064
G0 F9000 X193.589 Y63.797
G1 F1500 X176.387 Y80.999 E890.86977
G0 F9000 X176.387 Y80.433
G1 F1500 X193.589 Y63.231 E891.6789
G0 F9000 X193.589 Y62.665
G1 F1500 X176.367 Y79.888 E892.48899
G0 F9000 X176.328 Y79.361
G1 F1500 X193.589 Y62.1 E893.3009
G0 F9000 X193.589 Y61.534
G1 F1500 X176.305 Y78.818 E894.11389
G0 F9000 X176.305 Y78.252
G1 F1500 X193.398 Y61.159 E894.91789
G0 F9000 X192.832 Y61.159
G1 F1500 X176.305 Y77.686 E895.69527
G0 F9000 X176.334 Y77.092
G1 F1500 X192.267 Y61.159 E896.44471
G0 F9000 X191.701 Y61.159
G1 F1500 X176.378 Y76.482 E897.16545
G0 F9000 X176.388 Y75.907
G1 F1500 X191.135 Y61.159 E897.85913
G0 F9000 X190.57 Y61.159
G1 F1500 X176.389 Y75.34 E898.52616
G0 F9000 X176.385 Y74.778
G1 F1500 X190.004 Y61.159 E899.16676
G0 F9000 X189.438 Y61.159
G1 F1500 X176.351 Y74.246 E899.78233
G0 F9000 X176.317 Y73.715
G1 F1500 X188.873 Y61.159 E900.37293
G0 F9000 X188.307 Y61.159
G1 F1500 X176.313 Y73.153 E900.93709
G0 F9000 X176.307 Y72.593
G1 F1500 X187.741 Y61.159 E901.47491
G0 F9000 X187.176 Y61.159
G1 F1500 X176.235 Y72.1 E901.98954
G0 F9000 X176.064 Y71.705
G1 F1500 X186.61 Y61.159 E902.48559
G0 F9000 X186.044 Y61.159
G1 F1500 X175.857 Y71.347 E902.96478
G0 F9000 X175.564 Y71.074
G1 F1500 X185.479 Y61.159 E903.43115
G0 F9000 X184.913 Y61.159
G1 F1500 X175.223 Y70.849 E903.88694
G0 F9000 X174.777 Y70.729
G1 F1500 X184.347 Y61.159 E904.33708
G0 F9000 X183.782 Y61.159
G1 F1500 X174.258 Y70.683 E904.78506
G0 F9000 X173.693 Y70.683
G1 F1500 X183.216 Y61.159 E905.23302
G0 F9000 X182.65 Y61.159
G1 F1500 X173.128 Y70.682 E905.68093
G0 F9000 X172.553 Y70.69
G1 F1500 X182.084 Y61.159 E906.12924
G0 F9000 X181.519 Y61.159
G1 F1500 X171.857 Y70.821 E906.58371
G1 F2700 E901.58371
G0 F9000 X172.008 Y71.254
G0 X172.684 Y71.058
G0 X172.684 Y60.8
G0 X171.902 Y61.159
G1 F2700 E906.58371
G1 F1500 X160.303 Y72.759 E907.12931
G0 F9000 X160.269 Y72.226
G1 F1500 X171.336 Y61.159 E907.64987
G0 F9000 X170.771 Y61.159
G1 F1500 X160.148 Y71.782 E908.14954
G0 F9000 X159.935 Y71.429
G1 F1500 X170.205 Y61.159 E908.63261
G0 F9000 X169.639 Y61.159
G1 F1500 X159.675 Y71.124 E909.10131
G0 F9000 X159.323 Y70.91
G1 F1500 X169.074 Y61.159 E909.55997
G0 F9000 X168.508 Y61.159
G1 F1500 X158.918 Y70.749 E910.01105
G0 F9000 X158.421 Y70.68
G1 F1500 X167.942 Y61.159 E910.45889
G0 F9000 X167.377 Y61.159
G1 F1500 X157.856 Y70.68 E910.90673
G0 F9000 X157.292 Y70.678
G1 F1500 X166.811 Y61.159 E911.35447
G0 F9000 X166.245 Y61.159
G1 F1500 X156.728 Y70.677 E911.80215
G0 F9000 X156.138 Y70.701
G1 F1500 X165.68 Y61.159 E912.25097
G0 F9000 X165.68 Y60.7
G0 X172.468 Y60.7
G0 X172.468 Y61.159
G1 F1500 X160.303 Y73.324 E912.82318
G0 F9000 X160.303 Y73.89
G1 F1500 X173.033 Y61.159 E913.42198
G0 F9000 X173.599 Y61.159
G1 F1500 X160.303 Y74.456 E914.04741
G0 F9000 X160.303 Y75.021
G1 F1500 X174.165 Y61.159 E914.69943
G0 F9000 X174.731 Y61.159
G1 F1500 X160.303 Y75.587 E915.37808
G0 F9000 X160.303 Y76.153
G1 F1500 X175.296 Y61.159 E916.08333
G0 F9000 X175.862 Y61.159
G1 F1500 X160.303 Y76.718 E916.81518
G0 F9000 X160.303 Y77.284
G1 F1500 X176.428 Y61.159 E917.57365
G0 F9000 X176.993 Y61.159
G1 F1500 X160.303 Y77.85 E918.35872
G0 F9000 X160.303 Y78.416
G1 F1500 X177.559 Y61.159 E919.17041
G0 F9000 X178.125 Y61.159
G1 F1500 X160.303 Y78.981 E920.00871
G0 F9000 X160.303 Y79.547
G1 F1500 X178.69 Y61.159 E920.8736
G0 F9000 X179.256 Y61.159
G1 F1500 X160.303 Y80.113 E921.76511
G0 F9000 X160.303 Y80.678
G1 F1500 X179.822 Y61.159 E922.68323
G0 F9000 X180.387 Y61.159
G1 F1500 X160.303 Y81.244 E923.62794
G0 F9000 X160.516 Y81.597
G1 F1500 X180.953 Y61.159 E924.58926
G1 F2700 E919.58926
G0 F9000 X180.953 Y60.7
G0 X170.143 Y60.8
G0 X171.108 Y71.604
G0 X170.588 Y80.575
G1 F2700 E924.58926
G1 F1500 X170.235 Y80.929 E924.60588
G1 X170.234 Y80.929
G1 X163.562 Y87.601 E924.91971
G1 F2700 E919.91971
G0 F9000 X163.238 Y87.276
G0 X160.09 Y90.148
G0 X159.49 Y90.497
G0 X158.637 Y90.693
G0 X157.614 Y90.756
G0 X156.177 Y90.682
G0 X155.801 Y90.545
G0 X155.475 Y90.273
G0 X155.319 Y89.918
G0 X155.23 Y89.206
G0 X155.261 Y72.174
G0 X155.474 Y71.755
G0 X155.798 Y71.514
G0 X156.502 Y71.395
G0 X158.454 Y71.396
G0 X158.852 Y71.46
G0 X159.256 Y71.705
G0 X159.542 Y72.129
G0 X159.844 Y81.81
G0 X160.303 Y81.81
G1 F2700 E924.91971
G1 F1500 X160.515 Y81.598 E924.92969
G1 F2700 E919.92969
G0 F9000 X159.844 Y81.598
G0 X159.542 Y72.129
G0 X159.256 Y71.705
G0 X158.892 Y71.485
G0 X156.064 Y71.089
G0 X156.064 Y60.8
G0 X153.8 Y61.159
G1 F2700 E924.92969
G1 F1500 X139.633 Y75.327 E925.59608
G0 F9000 X139.633 Y74.761
G1 F1500 X153.234 Y61.159 E926.23585
G0 F9000 X152.669 Y61.159
G1 F1500 X139.633 Y74.196 E926.84905
G0 F9000 X139.633 Y73.63
G1 F1500 X152.103 Y61.159 E927.43563
G0 F9000 X151.537 Y61.159
G1 F1500 X139.633 Y73.064 E927.99558
G0 F9000 X139.633 Y72.498
G1 F1500 X150.972 Y61.159 E928.52893
G0 F9000 X150.406 Y61.159
G1 F1500 X139.546 Y72.019 E929.03975
G0 F9000 X139.394 Y71.605
G1 F1500 X149.84 Y61.159 E929.5311
G0 F9000 X149.275 Y61.159
G1 F1500 X139.151 Y71.283 E930.0073
G0 F9000 X138.857 Y71.011
G1 F1500 X148.709 Y61.159 E930.47071
G0 F9000 X148.143 Y61.159
G1 F1500 X138.481 Y70.821 E930.92518
G0 F9000 X138.032 Y70.705
G1 F1500 X147.578 Y61.159 E931.37419
G0 F9000 X147.012 Y61.159
G1 F1500 X137.496 Y70.676 E931.82182
G0 F9000 X136.941 Y70.665
G1 F1500 X146.446 Y61.159 E932.26893
G0 F9000 X145.881 Y61.159
G1 F1500 X136.386 Y70.654 E932.71554
G0 F9000 X135.779 Y70.695
G1 F1500 X145.315 Y61.159 E933.16409
G0 F9000 X144.749 Y61.159
G1 F1500 X135.104 Y70.804 E933.61776
G1 F2700 E928.61776
G0 F9000 X135.37 Y71.196
G0 X134.213 Y72.181
G0 X134.137 Y82.279
G0 X127.907 Y71.629
G0 X126.39 Y72.238
G0 X121.208 Y81.882
G0 X120.908 Y82.383
G0 X120.745 Y71.834
G0 X119.908 Y71.474
G0 X119.46 Y71.397
G0 X117.717 Y71.395
G0 X117.298 Y71.443
G0 X116.203 Y72.034
G0 X112.474 Y72.055
G0 X92.202 Y72.411
G1 F2700 E933.61776
G1 F1500 X90.513 Y74.101 E933.69723
G0 F9000 X90.386 Y73.343
G0 X89.518 Y75.046
G0 X89.925 Y75.254
G1 F1500 X92.202 Y72.977 E933.80433
G0 F9000 X92.202 Y73.543
G1 F1500 X89.337 Y76.407 E933.93907
G0 F9000 X88.93 Y76.199
G0 X88.095 Y77.838
G0 X88.75 Y77.561
G1 F1500 X92.202 Y74.109 E934.10144
G0 F9000 X92.201 Y74.675
G1 F1500 X88.162 Y78.714 E934.29142
G0 F9000 X87.755 Y78.506
G0 X87.167 Y79.659
G0 X87.575 Y79.867
G1 F1500 X92.201 Y75.241 E934.50902
G0 F9000 X92.201 Y75.806
G1 F1500 X86.987 Y81.021 E934.75429
G0 F9000 X86.579 Y80.813
G0 X85.992 Y81.966
G0 X86.399 Y82.174
G1 F1500 X92.201 Y76.372 E935.0272
G0 F9000 X92.201 Y76.938
G1 F1500 X85.812 Y83.327 E935.32772
G0 F9000 X85.404 Y83.119
G0 X84.817 Y84.272
G0 X85.224 Y84.48
G1 F1500 X92.201 Y77.504 E935.65587
G0 F9000 X92.201 Y78.07
G1 F1500 X84.637 Y85.634 E936.01166
G0 F9000 X84.229 Y85.425
G0 X83.641 Y86.579
G0 X84.049 Y86.787
G1 F1500 X92.2 Y78.636 E936.39506
G0 F9000 X92.2 Y79.202
G1 F1500 X83.461 Y87.94 E936.80609
G0 F9000 X83.053 Y87.732
G0 X82.466 Y88.886
G0 X82.874 Y89.094
G1 F1500 X92.2 Y79.768 E937.24475
G1 F2700 E932.24475
G0 F9000 X92.661 Y79.769
G0 X92.583 Y72.377
G0 X90.848 Y72.363
G0 X84.704 Y71.99
G1 F2700 E937.24475
G1 F1500 X83.401 Y73.293 E937.30604
G1 F2700 E932.30604
G0 F9000 X83.401 Y73.753
G0 X74.385 Y73.767
G0 X73.494 Y72.132
G0 X73.223 Y71.821
G0 X72.923 Y71.606
G0 X72.514 Y71.451
G0 X72.047 Y71.395
G0 X70.024 Y71.405
G0 X69.572 Y71.553
G0 X69.282 Y71.956
G0 X69.272 Y72.374
G0 X74.921 Y85.162
G0 X66.847 Y88.34
G0 X65.304 Y90.259
G1 F2700 E937.30604
G1 F1500 X26.411 Y129.152 E939.13545
G0 F9000 X26.411 Y128.586
G1 F1500 X64.418 Y90.579 E940.92318
G0 F9000 X63.543 Y90.888
G1 F1500 X26.411 Y128.02 E942.66976
G0 F9000 X26.411 Y127.455
G1 F1500 X62.788 Y91.077 E944.38085
G0 F9000 X62.034 Y91.266
G1 F1500 X26.411 Y126.889 E946.05644
G0 F9000 X26.411 Y126.323
G1 F1500 X61.352 Y91.382 E947.69996
G0 F9000 X60.699 Y91.469
G1 F1500 X26.411 Y125.758 E949.31279
G0 F9000 X26.411 Y125.192
G1 F1500 X60.046 Y91.557 E950.89487
G0 F9000 X59.392 Y91.645
G1 F1500 X26.411 Y124.626 E952.4462
G0 F9000 X26.411 Y124.061
G1 F1500 X58.752 Y91.72 E953.96742
G0 F9000 X58.145 Y91.761
G1 F1500 X26.411 Y123.495 E955.46009
G0 F9000 X26.411 Y122.929
G1 F1500 X57.571 Y91.769 E956.92576
G0 F9000 X57.006 Y91.769
G1 F1500 X26.411 Y122.364 E958.36486
G0 F9000 X26.411 Y121.798
G1 F1500 X56.441 Y91.768 E959.77737
G0 F9000 X55.891 Y91.752
G1 F1500 X26.411 Y121.232 E961.16402
G0 F9000 X26.411 Y120.667
G1 F1500 X55.398 Y91.679 E962.52751
G0 F9000 X54.904 Y91.607
G1 F1500 X26.411 Y120.101 E963.86775
G0 F9000 X26.411 Y119.535
G1 F1500 X54.411 Y91.534 E965.18481
G0 F9000 X53.919 Y91.462
G1 F1500 X26.411 Y118.97 E966.4787
G0 F9000 X26.411 Y118.404
G1 F1500 X53.426 Y91.389 E967.74941
G0 F9000 X52.959 Y91.29
G1 F1500 X26.411 Y117.838 E968.99814
G0 F9000 X26.411 Y117.272
G1 F1500 X52.53 Y91.153 E970.2267
G0 F9000 X52.101 Y91.016
G1 F1500 X26.411 Y116.707 E971.4351
G0 F9000 X26.411 Y116.141
G1 F1500 X51.672 Y90.88 E972.6233
G0 F9000 X51.265 Y90.721
G1 F1500 X26.411 Y115.575 E973.79236
G0 F9000 X26.411 Y115.01
G1 F1500 X50.887 Y90.533 E974.94366
G0 F9000 X50.51 Y90.344
G1 F1500 X26.411 Y114.444 E976.07722
G0 F9000 X26.411 Y113.878
G1 F1500 X50.133 Y90.156 E977.19303
G0 F9000 X49.758 Y89.965
G1 F1500 X26.411 Y113.313 E978.29123
G0 F9000 X26.411 Y112.747
G1 F1500 X49.435 Y89.723 E979.37421
G0 F9000 X49.111 Y89.481
G1 F1500 X26.411 Y112.181 E980.44195
G0 F9000 X26.411 Y111.616
G1 F1500 X48.787 Y89.239 E981.49447
G0 F9000 X48.463 Y88.997
G1 F1500 X26.411 Y111.05 E982.53175
G0 F9000 X26.411 Y110.484
G1 F1500 X48.155 Y88.74 E983.55452
G0 F9000 X47.889 Y88.44
G1 F1500 X26.411 Y109.919 E984.5648
G0 F9000 X26.411 Y109.353
G1 F1500 X47.623 Y88.14 E985.56258
G0 F9000 X47.357 Y87.841
G1 F1500 X26.411 Y108.787 E986.54781
G0 F9000 X26.411 Y108.221
G1 F1500 X47.092 Y87.54 E987.52058
G0 F9000 X46.845 Y87.222
G1 F1500 X26.411 Y107.656 E988.48173
G0 F9000 X26.411 Y107.09
G1 F1500 X46.64 Y86.86 E989.43327
G0 F9000 X46.436 Y86.499
G1 F1500 X26.411 Y106.524 E990.37518
G0 F9000 X26.411 Y105.959
G1 F1500 X46.232 Y86.138 E991.3075
G0 F9000 X46.027 Y85.777
G1 F1500 X26.411 Y105.393 E992.23018
G0 F9000 X26.411 Y104.827
G1 F1500 X45.868 Y85.37 E993.14538
G0 F9000 X45.717 Y84.955
G1 F1500 X26.411 Y104.262 E994.05349
G0 F9000 X26.411 Y103.696
G1 F1500 X45.566 Y84.54 E994.95451
G0 F9000 X45.415 Y84.126
G1 F1500 X26.411 Y103.13 E995.8484
G0 F9000 X26.411 Y102.565
G1 F1500 X45.283 Y83.692 E996.7361
G0 F9000 X45.212 Y83.198
G1 F1500 X26.411 Y101.999 E997.62045
G0 F9000 X26.411 Y101.433
G1 F1500 X45.14 Y82.703 E998.50142
G0 F9000 X45.122 Y82.156
G1 F1500 X26.411 Y100.868 E999.38156
G0 F9000 X26.411 Y100.302
G1 F1500 X45.124 Y81.589 E1000.26176
G0 F9000 X45.124 Y81.023
G1 F1500 X26.411 Y99.736 E1001.14196
G0 F9000 X26.411 Y99.171
G1 F1500 X45.125 Y80.456 E1002.02223
G0 F9000 X45.126 Y79.89
G1 F1500 X26.411 Y98.605 E1002.90253
G0 F9000 X26.411 Y98.039
G1 F1500 X45.127 Y79.323 E1003.78287
G0 F9000 X45.158 Y78.726
G1 F1500 X26.411 Y97.473 E1004.66467
G0 F9000 X26.411 Y96.908
G1 F1500 X45.295 Y78.023 E1005.55294
G0 F9000 X45.562 Y77.191
G1 F1500 X26.411 Y96.342 E1006.45375
G0 F9000 X26.411 Y95.776
G1 F1500 X29.871 Y92.317 E1006.61647
G0 F9000 X29.221 Y92.4
G1 F1500 X26.411 Y95.211 E1006.74867
G0 F9000 X26.411 Y94.645
G1 F1500 X28.714 Y92.342 E1006.85699
G0 F9000 X28.284 Y92.206
G1 F1500 X26.411 Y94.079 E1006.9451
G0 F9000 X26.411 Y93.514
G1 F1500 X27.912 Y92.012 E1007.01572
G0 F9000 X27.606 Y91.753
G1 F1500 X26.411 Y92.948 E1007.07193
G0 F9000 X26.411 Y92.382
G1 F1500 X27.338 Y91.455 E1007.11553
G0 F9000 X27.105 Y91.122
G1 F1500 X26.411 Y91.817 E1007.1482
G0 F9000 X26.411 Y91.251
G1 F1500 X26.623 Y91.038 E1007.1582
G1 X26.624 Y91.037
G1 X26.951 Y90.711 E1007.17355
G0 F9000 X26.862 Y90.233
G1 F1500 X26.411 Y90.685 E1007.19479
G0 F9000 X26.411 Y90.12
G1 F1500 X26.872 Y89.659 E1007.21647
G0 F9000 X26.411 Y89.554
G1 F1500 X26.913 Y89.051 E1007.24011
G1 X26.914 Y89.05
G1 X27.145 Y88.819 E1007.25098
G0 F9000 X26.482 Y88.917
G1 F1500 X54.24 Y61.159 E1008.55663
G0 F9000 X54.805 Y61.159
G1 F1500 X28.055 Y87.91 E1009.81489
G0 F9000 X28.928 Y87.602
G1 F1500 X55.371 Y61.159 E1011.05869
G0 F9000 X55.937 Y61.159
G1 F1500 X29.498 Y87.598 E1012.3023
G0 F9000 X29.956 Y87.705
G1 F1500 X56.502 Y61.159 E1013.55094
G0 F9000 X57.068 Y61.159
G1 F1500 X30.356 Y87.872 E1014.80741
G0 F9000 X30.706 Y88.087
G1 F1500 X57.634 Y61.159 E1016.07402
G0 F9000 X58.199 Y61.159
G1 F1500 X31.004 Y88.355 E1017.35322
G0 F9000 X31.249 Y88.675
G1 F1500 X58.765 Y61.159 E1018.64748
G0 F9000 X59.331 Y61.159
G1 F1500 X31.452 Y89.038 E1019.95883
G0 F9000 X31.599 Y89.456
G1 F1500 X59.896 Y61.159 E1021.28983
G0 F9000 X60.462 Y61.159
G1 F1500 X48.667 Y72.955 E1021.84466
G0 F9000 X48.962 Y73.307
G0 X50.291 Y72.515
G0 X50.074 Y72.113
G1 F1500 X61.028 Y61.159 E1022.3599
G0 F9000 X61.593 Y61.159
G1 F1500 X51.18 Y71.573 E1022.84972
G0 F9000 X51.323 Y72.012
G0 X49.344 Y73.327
G0 X46.91 Y75.434
G0 X46.829 Y74.792
G1 F1500 X31.661 Y89.96 E1023.56317
G0 F9000 X31.594 Y90.593
G1 F1500 X45.932 Y76.255 E1024.23759
G1 F2700 E1019.23759
G0 F9000 X46.138 Y76.954
G0 X46.711 Y75.555
G0 X46.711 Y60.8
G0 X45.754 Y61.159
G1 F2700 E1024.23759
G1 F1500 X26.411 Y80.503 E1025.14745
G0 F9000 X26.411 Y81.069
G1 F1500 X46.32 Y61.159 E1026.08393
G0 F9000 X46.886 Y61.159
G1 F1500 X26.411 Y81.634 E1027.04701
G0 F9000 X26.411 Y82.2
G1 F1500 X47.451 Y61.159 E1028.03669
G0 F9000 X48.017 Y61.159
G1 F1500 X26.411 Y82.766 E1029.053
G0 F9000 X26.411 Y83.331
G1 F1500 X48.583 Y61.159 E1030.0959
G0 F9000 X49.148 Y61.159
G1 F1500 X26.411 Y83.897 E1031.1654
G0 F9000 X26.411 Y84.463
G1 F1500 X49.714 Y61.159 E1032.26153
G0 F9000 X50.28 Y61.159
G1 F1500 X26.411 Y85.028 E1033.38425
G0 F9000 X26.411 Y85.594
G1 F1500 X50.845 Y61.159 E1034.53357
G0 F9000 X51.411 Y61.159
G1 F1500 X26.411 Y86.16 E1035.70952
G0 F9000 X26.411 Y86.725
G1 F1500 X51.977 Y61.159 E1036.91207
G0 F9000 X52.542 Y61.159
G1 F1500 X26.411 Y87.291 E1038.14121
G0 F9000 X26.411 Y87.857
G1 F1500 X53.108 Y61.159 E1039.39698
G0 F9000 X53.674 Y61.159
G1 F1500 X26.411 Y88.422 E1040.67935
G0 F9000 X26.481 Y88.917
G1 F1500 X26.411 Y88.988 E1040.68267
G0 F9000 X25.95 Y88.988
G0 X25.95 Y79.937
G0 X26.411 Y79.937
G1 F1500 X45.189 Y61.159 E1041.56593
G0 F9000 X44.623 Y61.159
G1 F1500 X26.411 Y79.372 E1042.42259
G0 F9000 X26.411 Y78.806
G1 F1500 X44.057 Y61.159 E1043.25262
G0 F9000 X43.492 Y61.159
G1 F1500 X26.411 Y78.24 E1044.05606
G0 F9000 X26.411 Y77.674
G1 F1500 X42.926 Y61.159 E1044.83288
G0 F9000 X42.36 Y61.159
G1 F1500 X26.411 Y77.109 E1045.58309
G0 F9000 X26.411 Y76.543
G1 F1500 X41.794 Y61.159 E1046.30668
G0 F9000 X41.229 Y61.159
G1 F1500 X26.411 Y75.977 E1047.00368
G0 F9000 X26.411 Y75.412
G1 F1500 X40.663 Y61.159 E1047.67407
G0 F9000 X40.097 Y61.159
G1 F1500 X26.411 Y74.846 E1048.31784
G0 F9000 X26.411 Y74.28
G1 F1500 X39.532 Y61.159 E1048.93501
G0 F9000 X38.966 Y61.159
G1 F1500 X26.411 Y73.715 E1049.52559
G0 F9000 X26.411 Y73.149
G1 F1500 X38.4 Y61.159 E1050.08953
G0 F9000 X37.835 Y61.159
G1 F1500 X26.411 Y72.583 E1050.62688
G0 F9000 X26.411 Y72.018
G1 F1500 X37.269 Y61.159 E1051.13764
G0 F9000 X36.703 Y61.159
G1 F1500 X26.411 Y71.452 E1051.62176
G0 F9000 X26.411 Y70.886
G1 F1500 X36.138 Y61.159 E1052.07929
G0 F9000 X35.572 Y61.159
G1 F1500 X26.411 Y70.321 E1052.51022
G0 F9000 X26.411 Y69.755
G1 F1500 X35.006 Y61.159 E1052.91453
G0 F9000 X34.441 Y61.159
G1 F1500 X26.411 Y69.189 E1053.29223
G0 F9000 X26.411 Y68.624
G1 F1500 X33.875 Y61.159 E1053.64334
G0 F9000 X33.309 Y61.159
G1 F1500 X26.411 Y68.058 E1053.96782
G0 F9000 X26.411 Y67.492
G1 F1500 X32.743 Y61.159 E1054.26569
G0 F9000 X32.178 Y61.159
G1 F1500 X26.411 Y66.926 E1054.53695
G0 F9000 X26.411 Y66.361
G1 F1500 X31.612 Y61.159 E1054.78161
G0 F9000 X31.046 Y61.159
G1 F1500 X26.411 Y65.795 E1054.99965
G0 F9000 X26.411 Y65.229
G1 F1500 X30.481 Y61.159 E1055.19109
G0 F9000 X29.915 Y61.159
G1 F1500 X26.411 Y64.664 E1055.35593
G0 F9000 X26.411 Y64.098
G1 F1500 X29.349 Y61.159 E1055.49415
G0 F9000 X28.784 Y61.159
G1 F1500 X26.411 Y63.532 E1055.60577
G0 F9000 X26.411 Y62.967
G1 F1500 X28.218 Y61.159 E1055.69079
G0 F9000 X27.652 Y61.159
G1 F1500 X26.411 Y62.401 E1055.74918
G0 F9000 X26.411 Y61.835
G1 F1500 X27.087 Y61.159 E1055.78098
G0 F9000 X26.521 Y61.159
G1 F1500 X26.411 Y61.27 E1055.78618
G1 F2700 E1050.78618
G0 F9000 X25.95 Y61.27
G0 X26.05 Y155.192
G0 X27.27 Y155.519
G0 X27.002 Y155.147
G1 F2700 E1055.78618
G1 F1500 X26.411 Y155.739 E1055.814
G0 F9000 X26.85 Y155.865
G1 F1500 X26.411 Y156.305 E1055.83467
G0 F9000 X26.881 Y156.4
G1 F1500 X26.411 Y156.87 E1055.85678
G0 F9000 X26.891 Y156.955
G1 F1500 X26.411 Y157.436 E1055.87938
G0 F9000 X26.411 Y158.002
G1 F1500 X27.181 Y157.232 E1055.9156
G0 F9000 X26.892 Y156.955
G1 F1500 X27 Y156.846 E1055.9207
G0 F9000 X27.413 Y157.565
G1 F1500 X26.411 Y158.567 E1055.96783
G0 F9000 X26.706 Y158.838
G1 F1500 X27.705 Y157.838 E1056.01485
G0 F9000 X28.034 Y158.075
G1 F1500 X27.272 Y158.838 E1056.05071
G0 F9000 X27.838 Y158.838
G1 F1500 X28.288 Y158.387 E1056.0719
G1 X28.289 Y158.386
G1 X28.41 Y158.265 E1056.0776
G0 F9000 X28.862 Y158.379
G1 F1500 X28.403 Y158.838 E1056.09919
G0 F9000 X28.968 Y158.838
G1 F1500 X29.411 Y158.396 E1056.12
G0 F9000 X29.534 Y158.838
G1 F1500 X30.111 Y158.261 E1056.14714
G0 F9000 X30.28 Y158.658
G1 F1500 X30.1 Y158.838 E1056.15561
G1 F2700 E1051.15561
;MESH:NONMESH
G0 F300 X30.1 Y158.838 Z1.8
G0 F9000 X30.1 Y159.3
G0 X79.56 Y159.2
G0 X79.385 Y84.733
G0 X79.369 Y84.471
;TIME_ELAPSED:12389.463422
;LAYER:8
;TYPE:WALL-INNER
;MESH:Box_Cover.stl
G1 F2700 E1056.15561
G1 F1500 X79.617 Y84.052 E1056.1718
G1 X80.063 Y83.012 E1056.20944
G1 X80.829 Y81.4 E1056.2688
G1 X82.003 Y78.763 E1056.3648
G1 X82.314 Y78.108 E1056.38892
G1 X82.459 Y77.705 E1056.40317
G1 X82.493 Y77.49 E1056.41041
G1 X82.327 Y77.397 E1056.41673
G1 X81.74 Y77.346 E1056.43633
G1 X77.021 Y77.345 E1056.59329
G1 X76.722 Y77.356 E1056.60324
G1 X76.259 Y77.416 E1056.61877
G1 X76.166 Y77.491 E1056.62274
G1 X76.824 Y79.057 E1056.67924
G1 X78.664 Y83.035 E1056.82501
G1 X79.019 Y83.858 E1056.85482
G1 X79.21 Y84.24 E1056.86903
G1 X79.369 Y84.471 E1056.87836
G0 F9000 X79.459 Y84.954
;TYPE:WALL-OUTER
G1 F1500 X79.651 Y84.781 E1056.88695
G1 X79.975 Y84.234 E1056.9081
G1 X80.425 Y83.184 E1056.94609
G1 X81.193 Y81.567 E1057.00563
G1 X82.365 Y78.935 E1057.10146
G1 X82.684 Y78.262 E1057.12623
G1 X82.848 Y77.806 E1057.14235
G1 X82.9 Y77.486 E1057.15313
G1 X82.82 Y77.24 E1057.16174
G1 X82.625 Y77.078 E1057.17017
G1 X82.413 Y77.003 E1057.17765
G1 X81.757 Y76.946 E1057.19955
G1 X77.007 Y76.945 E1057.35753
G1 X76.689 Y76.957 E1057.36812
G1 X76.309 Y77.007 E1057.38086
G1 X76.03 Y77.089 E1057.39054
G1 X75.813 Y77.259 E1057.39971
G1 X75.744 Y77.518 E1057.40862
G1 X76.461 Y79.225 E1057.4702
G1 X78.296 Y83.193 E1057.61561
G1 X78.66 Y84.036 E1057.64615
G1 X78.858 Y84.433 E1057.6609
G1 X79.067 Y84.74 E1057.67325
G1 X79.312 Y84.951 E1057.68401
G1 X79.459 Y84.954 E1057.6889
G0 F9000 X79.384 Y84.653
G0 X79.127 Y83.849
G0 X79.359 Y83.735
;TYPE:SKIN
G1 F1500 X78.993 Y82.885 E1057.71968
G1 X77.156 Y78.917 E1057.86511
G1 X76.656 Y77.722 E1057.9082
G1 X77.034 Y77.706 E1057.92078
G1 X81.733 Y77.706 E1058.07707
G1 X82.087 Y77.738 E1058.08889
G1 X81.675 Y78.611 E1058.121
G1 X80.51 Y81.23 E1058.21634
G1 X79.731 Y82.871 E1058.27675
G1 X79.359 Y83.735 E1058.30804
G0 F9000 X79.502 Y82.896
G1 F1500 X79.256 Y82.65 E1058.31961
G1 X79.255 Y82.649
G1 X78.976 Y82.37 E1058.33274
G0 F9000 X79.679 Y82.508
G1 F1500 X78.487 Y81.315 E1058.38883
G0 F9000 X78.07 Y81.509
G0 X77.583 Y80.456
G0 X77.999 Y80.262
G1 F1500 X79.861 Y82.124 E1058.47641
G0 F9000 X80.043 Y81.74
G1 F1500 X77.511 Y79.208 E1058.59551
G0 F9000 X77.095 Y79.402
G0 X76.65 Y78.383
G0 X77.075 Y78.206
G1 F1500 X80.226 Y81.357 E1058.74372
G0 F9000 X80.405 Y80.97
G1 F1500 X77.344 Y77.91 E1058.88768
G0 F9000 X77.909 Y77.909
G1 F1500 X80.579 Y80.579 E1059.01327
G0 F9000 X80.753 Y80.187
G1 F1500 X78.475 Y77.909 E1059.12042
G0 F9000 X79.04 Y77.909
G1 F1500 X80.927 Y79.796 E1059.20917
G0 F9000 X81.101 Y79.404
G1 F1500 X79.605 Y77.908 E1059.27954
G0 F9000 X80.171 Y77.908
G1 F1500 X81.275 Y79.012 E1059.33147
G0 F9000 X81.449 Y78.621
G1 F1500 X80.736 Y77.907 E1059.36503
G0 F9000 X81.301 Y77.906
G1 F1500 X81.629 Y78.235 E1059.38048
G1 F2700 E1054.38048
G0 F9000 X82.047 Y78.434
G0 X81.882 Y79.53
G0 X97.501 Y83.454
G0 X98.051 Y86.872
;TYPE:WALL-INNER
G1 F2700 E1059.38048
G1 F1500 X98.412 Y86.901 E1059.39253
G1 X99.039 Y86.897 E1059.41338
G1 X101.808 Y86.956 E1059.5055
G1 X102.897 Y86.897 E1059.54178
G1 X104.425 Y86.869 E1059.59261
G1 X105.881 Y86.636 E1059.64165
G1 X106.392 Y86.426 E1059.66002
G1 X106.83 Y86.126 E1059.67768
G1 X107.021 Y85.92 E1059.68702
G1 X107.176 Y85.679 E1059.69655
G1 X107.313 Y85.34 E1059.70872
G1 X107.391 Y84.987 E1059.72074
G1 X107.408 Y84.608 E1059.73336
G1 X107.365 Y84.243 E1059.74558
G1 X107.261 Y83.905 E1059.75734
G1 X107.043 Y83.496 E1059.77276
G1 X106.748 Y83.227 E1059.78604
G1 X106.368 Y82.974 E1059.80122
G1 X105.783 Y82.738 E1059.8222
G1 X105.015 Y82.599 E1059.84816
G1 X103.389 Y82.502 E1059.90234
G1 X102.381 Y82.426 E1059.93596
G1 X98.638 Y82.425 E1060.06045
G1 X98.24 Y82.452 E1060.07372
G1 X97.924 Y82.6 E1060.08533
G1 X97.801 Y82.747 E1060.0917
G1 X97.731 Y82.987 E1060.10002
G1 X97.682 Y83.462 E1060.1159
G1 X97.682 Y86.027 E1060.20121
G1 X97.732 Y86.486 E1060.21657
G1 X97.883 Y86.745 E1060.22654
G1 X98.051 Y86.872 E1060.23354
G1 F2700 E1055.23354
G0 F9000 X98.143 Y86.776
G0 X104.432 Y86.767
G0 X104.461 Y87.269
;TYPE:WALL-OUTER
G1 F2700 E1060.23354
G1 F1500 X105.99 Y87.024 E1060.28505
G1 X106.583 Y86.78 E1060.30637
G1 X107.093 Y86.431 E1060.32693
G1 X107.339 Y86.166 E1060.33896
G1 X107.533 Y85.863 E1060.35092
G1 X107.697 Y85.459 E1060.36542
G1 X107.789 Y85.039 E1060.37972
G1 X107.809 Y84.593 E1060.39457
G1 X107.758 Y84.16 E1060.40907
G1 X107.632 Y83.751 E1060.42331
G1 X107.429 Y83.37 E1060.43767
G1 X107.235 Y83.13 E1060.44793
G1 X106.995 Y82.911 E1060.45874
G1 X106.556 Y82.618 E1060.47629
G1 X105.895 Y82.352 E1060.49999
G1 X105.063 Y82.201 E1060.52812
G1 X103.419 Y82.103 E1060.58289
G1 X102.396 Y82.026 E1060.61701
G1 X98.624 Y82.025 E1060.74247
G1 X98.316 Y82.046 E1060.75274
G1 X98.04 Y82.104 E1060.76212
G1 X97.638 Y82.292 E1060.77688
G1 X97.436 Y82.569 E1060.78828
G1 X97.337 Y82.911 E1060.80012
G1 X97.282 Y83.441 E1060.81785
G1 X97.282 Y86.048 E1060.90456
G1 X97.326 Y86.456 E1060.9182
G1 X97.398 Y86.708 E1060.92692
G1 X97.577 Y87.016 E1060.93877
G1 X97.904 Y87.263 E1060.9524
G1 X98.398 Y87.301 E1060.96888
G1 X99.031 Y87.297 E1060.98993
G1 X101.814 Y87.356 E1061.08252
G1 X102.926 Y87.297 E1061.11955
G1 X104.461 Y87.269 E1061.17062
G0 F9000 X104.432 Y86.767
G0 X98.176 Y86.779
G0 X98.199 Y86.542
;TYPE:SKIN
G1 F1500 X98.081 Y86.369 E1061.17758
G1 X98.042 Y86.008 E1061.18966
G1 X98.043 Y83.479 E1061.27377
G1 X98.085 Y83.066 E1061.28758
G1 X98.157 Y82.89 E1061.29391
G1 X98.275 Y82.834 E1061.29825
G1 X98.659 Y82.786 E1061.31112
G1 X102.355 Y82.787 E1061.43405
G1 X103.365 Y82.862 E1061.46774
G1 X104.983 Y82.96 E1061.52165
G1 X105.678 Y83.085 E1061.54514
G1 X106.2 Y83.295 E1061.56385
G1 X106.519 Y83.509 E1061.57663
G1 X106.797 Y83.8 E1061.59001
G1 X106.926 Y84.041 E1061.5991
G1 X107.011 Y84.317 E1061.60871
G1 X107.045 Y84.622 E1061.61892
G1 X107.033 Y84.94 E1061.6295
G1 X106.967 Y85.233 E1061.63949
G1 X106.857 Y85.507 E1061.64931
G1 X106.668 Y85.799 E1061.66088
G1 X106.225 Y86.103 E1061.67875
G1 X105.779 Y86.287 E1061.6948
G1 X104.393 Y86.51 E1061.74149
G1 X102.919 Y86.537 E1061.79052
G1 X101.797 Y86.595 E1061.82789
G1 X99.045 Y86.537 E1061.91944
G1 X98.199 Y86.542 E1061.94758
G0 F9000 X98.783 Y86.338
G1 F1500 X98.241 Y85.796 E1061.97307
G0 F9000 X98.241 Y85.23
G1 F1500 X99.354 Y86.343 E1062.02542
G0 F9000 X99.931 Y86.355
G1 F1500 X98.241 Y84.665 E1062.10492
G0 F9000 X98.241 Y84.099
G1 F1500 X100.509 Y86.367 E1062.2116
G0 F9000 X101.087 Y86.379
G1 F1500 X98.241 Y83.534 E1062.34544
G0 F9000 X98.31 Y83.036
G1 F1500 X101.665 Y86.392 E1062.50327
G0 F9000 X102.212 Y86.373
G1 F1500 X98.825 Y82.986 E1062.66259
G0 F9000 X99.391 Y82.986
G1 F1500 X102.749 Y86.344 E1062.82054
G0 F9000 X103.299 Y86.329
G1 F1500 X99.957 Y82.986 E1062.97776
G0 F9000 X100.523 Y82.987
G1 F1500 X103.855 Y86.319 E1063.13449
G0 F9000 X104.406 Y86.304
G1 F1500 X101.089 Y82.987 E1063.29051
G0 F9000 X101.655 Y82.987
G1 F1500 X104.893 Y86.226 E1063.44284
G0 F9000 X105.38 Y86.147
G1 F1500 X102.22 Y82.987 E1063.59147
G0 F9000 X102.822 Y83.023
G1 F1500 X105.842 Y86.043 E1063.73352
G0 F9000 X106.224 Y85.859
G1 F1500 X103.432 Y83.068 E1063.86483
G0 F9000 X104.034 Y83.104
G1 F1500 X106.546 Y85.616 E1063.98298
G0 F9000 X106.744 Y85.248
G1 F1500 X104.636 Y83.14 E1064.08214
G0 F9000 X105.279 Y83.217
G1 F1500 X106.838 Y84.776 E1064.15547
G0 F9000 X106.691 Y84.063
G1 F1500 X106.097 Y83.47 E1064.18339
G1 F2700 E1059.18339
G0 F9000 X106.271 Y83.044
G0 X106.959 Y83.68
G0 X107.208 Y84.276
G0 X107.231 Y84.966
G0 X107.033 Y85.604
G0 X106.816 Y85.939
G0 X106.315 Y86.284
G0 X105.657 Y86.875
G0 X105.825 Y87.926
G0 X105.764 Y89.518
G0 X106.277 Y90.759
;TYPE:WALL-INNER
G1 F2700 E1064.18339
G1 F1500 X103.085 Y90.891 E1064.28964
G1 X95.733 Y90.891 E1064.53417
G1 X94.792 Y90.901 E1064.56547
G1 X93.753 Y90.816 E1064.60014
G1 X93.234 Y90.5 E1064.62035
G1 X92.902 Y90.059 E1064.63871
G1 X92.801 Y89.702 E1064.65105
G1 X92.758 Y89.152 E1064.6694
G1 X92.763 Y72.393 E1065.22681
G1 X92.945 Y71.879 E1065.24494
G1 X93.136 Y71.612 E1065.25586
G1 X93.565 Y71.326 E1065.27301
G1 X93.737 Y71.268 E1065.27905
G1 X94.244 Y71.235 E1065.29595
G1 X96.078 Y71.234 E1065.35695
G1 X96.544 Y71.246 E1065.37245
G1 X97.015 Y71.343 E1065.38845
G1 X97.214 Y71.456 E1065.39606
G1 X97.49 Y71.751 E1065.40949
G1 X97.619 Y72.086 E1065.42143
G1 X97.683 Y72.768 E1065.44422
G1 X97.683 Y78.749 E1065.64314
G1 X97.95 Y78.784 E1065.6521
G1 X101.128 Y78.78 E1065.7578
G1 X101.67 Y78.729 E1065.77591
G1 X101.978 Y78.621 E1065.78676
G1 X102.278 Y78.422 E1065.79874
G1 X102.61 Y78.081 E1065.81457
G1 X106.357 Y72.843 E1066.02877
G1 X106.742 Y72.264 E1066.0519
G1 X106.971 Y71.968 E1066.06434
G1 X107.234 Y71.705 E1066.07671
G1 X107.568 Y71.479 E1066.09013
G1 X108.02 Y71.305 E1066.10624
G1 X108.518 Y71.238 E1066.12295
G1 X111.326 Y71.235 E1066.21634
G1 X111.803 Y71.357 E1066.23272
G1 X112.046 Y71.525 E1066.24255
G1 X112.254 Y71.833 E1066.25491
G1 X112.286 Y72.242 E1066.26855
G1 X112.137 Y72.698 E1066.28451
G1 X111.213 Y74.049 E1066.33895
G1 X110.493 Y75.139 E1066.3824
G1 X108.329 Y78.195 E1066.50694
G1 X107.914 Y78.795 E1066.53121
G1 X107.756 Y79.082 E1066.5421
G1 X107.719 Y79.21 E1066.54653
G1 X107.904 Y79.356 E1066.55437
G1 X108.418 Y79.569 E1066.57288
G1 X110.176 Y80.375 E1066.6372
G1 X110.884 Y80.907 E1066.66666
G1 X111.466 Y81.57 E1066.696
G1 X111.993 Y82.52 E1066.73213
G1 X112.32 Y83.688 E1066.77247
G1 X112.32 Y84.483 E1066.79892
G1 X112.374 Y84.845 E1066.81109
G1 X112.386 Y85.21 E1066.82324
G1 X112.257 Y86.305 E1066.85991
G1 X111.942 Y87.397 E1066.89771
G1 X111.39 Y88.371 E1066.93494
G1 X110.661 Y89.147 E1066.97036
G1 X109.516 Y89.902 E1067.01597
G1 X107.955 Y90.463 E1067.07114
G1 X106.277 Y90.759 E1067.12782
G1 F2700 E1062.12782
G0 F9000 X109.595 Y90.064
G0 X116.263 Y90.127
G0 X117.307 Y90.828
G1 F2700 E1067.12782
G1 F1500 X116.749 Y90.494 E1067.14945
G1 X116.432 Y90.054 E1067.16748
G1 X116.327 Y89.693 E1067.17999
G1 X116.294 Y89.153 E1067.19798
G1 X116.294 Y72.924 E1067.73776
G1 X116.305 Y72.499 E1067.7519
G1 X116.389 Y72.061 E1067.76673
G1 X116.565 Y71.702 E1067.78003
G1 X116.926 Y71.405 E1067.79558
G1 X117.291 Y71.281 E1067.8084
G1 X117.674 Y71.237 E1067.82122
G1 X119.481 Y71.236 E1067.88132
G1 X119.983 Y71.328 E1067.8983
G1 X120.385 Y71.58 E1067.91408
G1 X120.643 Y71.976 E1067.9298
G1 X120.694 Y72.193 E1067.93721
G1 X120.716 Y72.548 E1067.94904
G1 X120.718 Y82.664 E1068.2855
G1 X120.751 Y83.08 E1068.29938
G1 X121.348 Y81.96 E1068.3416
G1 X122.606 Y79.669 E1068.42853
G1 X125.295 Y74.597 E1068.61946
G1 X126.59 Y72.214 E1068.70967
G1 X126.999 Y71.855 E1068.72777
G1 X127.452 Y71.724 E1068.74345
G1 X127.935 Y71.793 E1068.75968
G1 X128.36 Y72.11 E1068.77732
G1 X128.693 Y72.623 E1068.79766
G1 X129.882 Y74.861 E1068.88195
G1 X134.328 Y83.027 E1069.1912
G1 X134.331 Y72.586 E1069.53847
G1 X134.373 Y72.212 E1069.55098
G1 X134.566 Y71.788 E1069.56648
G1 X134.661 Y71.672 E1069.57146
G1 X134.988 Y71.426 E1069.58508
G1 X135.427 Y71.29 E1069.60036
G1 X136.369 Y71.209 E1069.63181
G1 X137.803 Y71.239 E1069.67951
G1 X138.165 Y71.286 E1069.69165
G1 X138.628 Y71.511 E1069.70878
G1 X138.959 Y71.959 E1069.7273
G1 X139.078 Y72.5 E1069.74573
G1 X139.076 Y89.473 E1070.31025
G1 X138.975 Y89.982 E1070.32751
G1 X138.81 Y90.307 E1070.33963
G1 X138.371 Y90.693 E1070.35908
G1 X137.993 Y90.829 E1070.37244
G1 X137.413 Y90.891 E1070.39184
G1 X135.969 Y90.912 E1070.43987
G1 X134.366 Y90.765 E1070.49341
G1 X133.967 Y90.621 E1070.50752
G1 X133.589 Y90.327 E1070.52345
G1 X133.03 Y89.59 E1070.55421
G1 X129.629 Y83.552 E1070.7847
G1 X127.949 Y80.506 E1070.9004
G1 X127.793 Y80.245 E1070.91051
G1 X127.626 Y80.031 E1070.91954
G1 X127.321 Y80.531 E1070.93902
G1 X125.971 Y83.044 E1071.0339
G1 X122.941 Y88.59 E1071.2441
G1 X122.522 Y89.391 E1071.27416
G1 X122.048 Y90.107 E1071.30272
G1 X121.708 Y90.432 E1071.31837
G1 X121.305 Y90.671 E1071.33395
G1 X120.779 Y90.831 E1071.35224
G1 X120.136 Y90.891 E1071.37372
G1 X118.735 Y90.903 E1071.42032
G1 X117.307 Y90.828 E1071.46788
G1 F2700 E1066.46788
G0 F9000 X116.691 Y90.584
G0 X118.752 Y90.742
G0 X120.755 Y90.673
G0 X122.158 Y90.232
G0 X127.643 Y80.345
G0 X133.267 Y90.183
G0 X134.433 Y90.618
G0 X135.983 Y90.751
G0 X137.946 Y90.678
G0 X139.154 Y90.042
G0 X144.553 Y90.263
G0 X145.033 Y90.559
G1 F2700 E1071.46788
G1 F1500 X144.714 Y90.172 E1071.48456
G1 X144.615 Y89.852 E1071.4957
G1 X144.573 Y89.308 E1071.51385
G1 X144.574 Y72.452 E1072.07448
G1 X144.627 Y72.059 E1072.08767
G1 X144.79 Y71.735 E1072.09973
G1 X144.936 Y71.568 E1072.10711
G1 X145.292 Y71.327 E1072.12141
G1 X145.463 Y71.269 E1072.12741
G1 X146.013 Y71.234 E1072.14574
G1 X148.193 Y71.241 E1072.21825
G1 X148.599 Y71.302 E1072.23191
G1 X149.025 Y71.519 E1072.24781
G1 X149.272 Y71.776 E1072.25966
G1 X149.437 Y72.15 E1072.27326
G1 X149.503 Y72.67 E1072.29069
G1 X149.496 Y89.46 E1072.84913
G1 X149.418 Y89.952 E1072.8657
G1 X149.149 Y90.415 E1072.88351
G1 X148.708 Y90.74 E1072.90173
G1 X148.332 Y90.856 E1072.91482
G1 X147.833 Y90.891 E1072.93145
G1 X145.633 Y90.843 E1073.00464
G1 X145.033 Y90.559 E1073.02672
G1 F2700 E1068.02672
G0 F9000 X145.15 Y90.727
G0 X148.306 Y90.696
G0 X149.605 Y89.983
G0 X154.984 Y90.012
G0 X155.727 Y90.688
G1 F2700 E1073.02672
G1 F1500 X155.418 Y90.435 E1073.04001
G1 X155.29 Y90.259 E1073.04724
G1 X155.158 Y89.941 E1073.0587
G1 X155.07 Y89.224 E1073.08272
G1 X155.072 Y88.044 E1073.12197
G1 X155.156 Y86.871 E1073.16108
G1 X155.156 Y85.501 E1073.20665
G1 X155.072 Y84.405 E1073.24321
G1 X155.072 Y82.705 E1073.29975
G1 X155.156 Y81.619 E1073.33598
G1 X155.156 Y80.252 E1073.38145
G1 X155.072 Y79.158 E1073.41794
G1 X155.072 Y77.371 E1073.47738
G1 X155.155 Y76.288 E1073.5135
G1 X155.071 Y72.739 E1073.63158
G1 X155.104 Y72.127 E1073.65196
G1 X155.343 Y71.649 E1073.66974
G1 X155.736 Y71.366 E1073.68584
G1 X156.096 Y71.267 E1073.69826
G1 X156.471 Y71.235 E1073.71078
G1 X158.473 Y71.235 E1073.77737
G1 X158.911 Y71.312 E1073.79216
G1 X159.37 Y71.582 E1073.80987
G1 X159.626 Y71.965 E1073.82519
G1 X159.699 Y72.144 E1073.83162
G1 X159.744 Y72.674 E1073.84931
G1 X159.743 Y83.586 E1074.21225
G1 X161.938 Y81.357 E1074.3163
G1 X169.017 Y73.985 E1074.65623
G1 X169.954 Y73.026 E1074.70083
G1 X170.523 Y72.384 E1074.72936
G1 X171.217 Y71.749 E1074.76064
G1 X171.667 Y71.483 E1074.77803
G1 X172.179 Y71.299 E1074.79613
G1 X172.706 Y71.237 E1074.81378
G1 X174.449 Y71.238 E1074.87175
G1 X174.954 Y71.336 E1074.88886
G1 X175.275 Y71.548 E1074.90165
G1 X175.434 Y71.708 E1074.90915
G1 X175.681 Y72.176 E1074.92676
G1 X175.761 Y72.721 E1074.94508
G1 X175.746 Y73.583 E1074.97375
G1 X175.83 Y74.872 E1075.01671
G1 X175.828 Y76.367 E1075.06644
G1 X175.746 Y77.458 E1075.10283
G1 X175.746 Y79.078 E1075.15671
G1 X175.83 Y80.21 E1075.19446
G1 X175.828 Y81.707 E1075.24425
G1 X175.746 Y82.792 E1075.28044
G1 X175.745 Y84.328 E1075.33153
G1 X175.828 Y85.421 E1075.36799
G1 X175.732 Y89.531 E1075.50473
G1 X175.673 Y89.897 E1075.51706
G1 X175.488 Y90.299 E1075.53177
G1 X175.363 Y90.455 E1075.53842
G1 X175.061 Y90.697 E1075.55129
G1 X174.705 Y90.826 E1075.56389
G1 X174.107 Y90.888 E1075.58389
G1 X173.017 Y90.891 E1075.62014
G1 X172.617 Y90.879 E1075.63345
G1 X172.127 Y90.788 E1075.65002
G1 X171.648 Y90.538 E1075.668
G1 X171.354 Y90.145 E1075.68432
G1 X171.221 Y89.721 E1075.6991
G1 X171.133 Y88.782 E1075.73047
G1 X171.15 Y87.545 E1075.77161
G1 X171.15 Y78.994 E1076.05602
G1 X170.978 Y79.136 E1076.06344
G1 X164.647 Y85.717 E1076.36717
G1 X162.939 Y87.434 E1076.44772
G1 X160.992 Y89.461 E1076.5412
G1 X160.601 Y89.888 E1076.56046
G1 X160.187 Y90.279 E1076.5794
G1 X159.549 Y90.648 E1076.60391
G1 X159.116 Y90.776 E1076.61893
G1 X158.673 Y90.851 E1076.63387
G1 X157.617 Y90.915 E1076.66906
G1 X156.155 Y90.843 E1076.71774
G1 X155.727 Y90.688 E1076.73288
G1 F2700 E1071.73288
G0 F9000 X156.068 Y90.924
G0 X157.617 Y91.095
G0 X158.496 Y94.707
G0 X164.762 Y108.571
G1 F2700 E1076.73288
G1 F1500 X164.404 Y108.332 E1076.7472
G1 X164.127 Y108.079 E1076.75968
G1 X163.486 Y107.217 E1076.79541
G1 X162.624 Y105.662 E1076.85454
G1 X159.652 Y100.572 E1077.05058
G1 X159.068 Y99.482 E1077.09171
G1 X158.013 Y97.706 E1077.16042
G1 X157.785 Y97.295 E1077.17605
G1 X157.577 Y96.775 E1077.19468
G1 X157.541 Y96.14 E1077.21583
G1 X157.757 Y95.479 E1077.23896
G1 X158.172 Y95.049 E1077.25884
G1 X158.558 Y94.877 E1077.27289
G1 X159.35 Y94.758 E1077.29953
G1 X160.283 Y94.688 E1077.33065
G1 X161.954 Y94.687 E1077.38623
G1 X163.071 Y94.767 E1077.42347
G1 X164.624 Y94.767 E1077.47513
G1 X165.44 Y94.689 E1077.50239
G1 X167.273 Y94.686 E1077.56336
G1 X168.405 Y94.767 E1077.6011
G1 X169.863 Y94.767 E1077.6496
G1 X171.085 Y94.687 E1077.69033
G1 X171.508 Y94.718 E1077.70443
G1 X171.851 Y94.789 E1077.71608
G1 X172.243 Y94.93 E1077.72994
G1 X172.747 Y95.276 E1077.75027
G1 X173.078 Y95.79 E1077.77061
G1 X173.154 Y96.183 E1077.78392
G1 X173.146 Y96.553 E1077.79623
G1 X173.016 Y97.037 E1077.8129
G1 X171.88 Y99.058 E1077.89001
G1 X167.224 Y107.101 E1078.19911
G1 X166.92 Y107.641 E1078.21972
G1 X166.535 Y108.158 E1078.24116
G1 X166.103 Y108.472 E1078.25892
G1 X165.908 Y108.555 E1078.26597
G1 X165.346 Y108.661 E1078.28499
G1 X164.762 Y108.571 E1078.30465
G1 F2700 E1073.30465
G0 F9000 X164.744 Y108.672
G0 X165.953 Y108.381
G0 X166.415 Y108.048
G0 X172.036 Y99.149
G0 X188.949 Y90.95
G0 X189.691 Y91.523
G1 F2700 E1078.30465
G1 F1500 X189.376 Y91.239 E1078.31875
G1 X189.115 Y90.867 E1078.33387
G1 X188.953 Y90.44 E1078.34906
G1 X188.897 Y89.999 E1078.36384
G1 X188.954 Y89.556 E1078.3787
G1 X189.121 Y89.123 E1078.39413
G1 X189.365 Y88.77 E1078.40841
G1 X189.701 Y88.471 E1078.42337
G1 X190.088 Y88.272 E1078.43784
G1 X190.518 Y88.159 E1078.45263
G1 X190.979 Y88.159 E1078.46796
G1 X191.405 Y88.265 E1078.48256
G1 X191.804 Y88.473 E1078.49753
G1 X192.135 Y88.769 E1078.51229
G1 X192.391 Y89.134 E1078.52712
G1 X192.551 Y89.56 E1078.54226
G1 X192.6 Y89.999 E1078.55695
G1 X192.55 Y90.445 E1078.57188
G1 X192.393 Y90.862 E1078.5867
G1 X192.138 Y91.229 E1078.60156
G1 X191.804 Y91.527 E1078.61645
G1 X191.405 Y91.735 E1078.63141
G1 X190.979 Y91.841 E1078.64602
G1 X190.518 Y91.841 E1078.66135
G1 X190.088 Y91.729 E1078.67613
G1 X189.691 Y91.523 E1078.691
G1 F2700 E1073.691
G0 F9000 X189.626 Y91.6
G0 X190.494 Y92.022
G0 X190.022 Y154.103
G0 X189.362 Y157.229
G1 F2700 E1078.691
G1 F1500 X189.107 Y156.862 E1078.70587
G1 X188.95 Y156.446 E1078.72066
G1 X188.896 Y155.996 E1078.73573
G1 X188.955 Y155.552 E1078.75063
G1 X189.104 Y155.154 E1078.76476
G1 X189.358 Y154.775 E1078.77994
G1 X189.702 Y154.469 E1078.79525
G1 X190.088 Y154.272 E1078.80966
G1 X190.518 Y154.159 E1078.82445
G1 X190.979 Y154.159 E1078.83978
G1 X191.405 Y154.265 E1078.85439
G1 X191.804 Y154.473 E1078.86935
G1 X192.138 Y154.771 E1078.88424
G1 X192.393 Y155.138 E1078.8991
G1 X192.551 Y155.557 E1078.914
G1 X192.6 Y156 E1078.92882
G1 X192.55 Y156.445 E1078.94371
G1 X192.393 Y156.862 E1078.95853
G1 X192.137 Y157.23 E1078.97344
G1 X191.799 Y157.531 E1078.9885
G1 X191.403 Y157.736 E1079.00333
G1 X191.006 Y157.833 E1079.01692
G1 X190.528 Y157.842 E1079.03282
G1 X190.096 Y157.736 E1079.04762
G1 X189.7 Y157.531 E1079.06245
G1 X189.362 Y157.229 E1079.07752
G1 F2700 E1074.07752
G0 F9000 X189.428 Y157.424
G0 X190.546 Y157.68
G0 X192.272 Y157.352
G0 X193.95 Y157.352
G0 X194.15 Y159.4
G1 F2700 E1079.07752
G1 F1500 X194.15 Y60.6 E1082.36363
G1 X25.85 Y60.6 E1087.96131
G1 X25.85 Y159.4 E1091.24741
G1 X194.15 Y159.4 E1096.84509
G1 F2700 E1091.84509
G0 F9000 X80.935 Y159.2
G0 X80.511 Y90.993
G0 X80.935 Y90.662
G1 F2700 E1096.84509
G1 F1500 X80.499 Y90.811 E1096.86041
G1 X79.675 Y90.905 E1096.888
G1 X78.838 Y90.837 E1096.91593
G1 X78.429 Y90.706 E1096.93021
G1 X78.051 Y90.518 E1096.94425
G1 X77.717 Y90.248 E1096.95854
G1 X77.487 Y89.974 E1096.97044
G1 X77.25 Y89.577 E1096.98581
G1 X69.293 Y72.911 E1097.60006
G1 X69.108 Y72.402 E1097.61808
G1 X69.121 Y71.973 E1097.63235
G1 X69.211 Y71.775 E1097.63959
G1 X69.434 Y71.485 E1097.65175
G1 X69.59 Y71.381 E1097.65799
G1 X69.994 Y71.252 E1097.6721
G1 X70.501 Y71.234 E1097.68897
G1 X72.091 Y71.238 E1097.74185
G1 X72.552 Y71.298 E1097.75732
G1 X73 Y71.467 E1097.77324
G1 X73.326 Y71.699 E1097.78655
G1 X73.627 Y72.038 E1097.80163
G1 X74.303 Y73.399 E1097.85217
G1 X74.498 Y73.648 E1097.86269
G1 X74.761 Y73.827 E1097.87327
G1 X75.348 Y73.859 E1097.89282
G1 X83.931 Y73.852 E1098.1783
G1 X84.125 Y73.823 E1098.18482
G1 X84.387 Y73.659 E1098.1951
G1 X84.571 Y73.444 E1098.20451
G1 X84.794 Y73.06 E1098.21928
G1 X85.19 Y72.262 E1098.24891
G1 X85.559 Y71.753 E1098.26982
G1 X86.018 Y71.455 E1098.28802
G1 X86.423 Y71.301 E1098.30243
G1 X86.938 Y71.238 E1098.31969
G1 X89.824 Y71.234 E1098.41568
G1 X90.207 Y71.384 E1098.42936
G1 X90.398 Y71.517 E1098.4371
G1 X90.607 Y71.825 E1098.44948
G1 X90.671 Y72.042 E1098.45701
G1 X90.66 Y72.424 E1098.46972
G1 X90.468 Y72.96 E1098.48865
G1 X81.944 Y89.689 E1099.11313
G1 X81.684 Y90.09 E1099.12902
G1 X81.333 Y90.43 E1099.14528
G1 X80.935 Y90.662 E1099.1606
G1 F2700 E1094.1606
G0 F9000 X79.657 Y90.746
G0 X78.878 Y90.681
G0 X78.162 Y90.4
G0 X77.835 Y90.142
G0 X77.389 Y89.494
G0 X75.643 Y85.781
G0 X74.881 Y85.079
G0 X66.834 Y87.801
G0 X65.786 Y89.42
G1 F2700 E1099.1606
G1 F1500 X65.116 Y89.732 E1099.18518
G1 X63.415 Y90.346 E1099.24533
G1 X61.695 Y90.775 E1099.30429
G1 X58.856 Y91.152 E1099.39954
G1 X58.004 Y91.212 E1099.42795
G1 X56.073 Y91.212 E1099.49218
G1 X53.227 Y90.791 E1099.58787
G1 X51.636 Y90.281 E1099.64344
G1 X50.093 Y89.511 E1099.70079
G1 X48.605 Y88.401 E1099.76254
G1 X47.37 Y87.006 E1099.8245
G1 X46.49 Y85.448 E1099.88402
G1 X45.844 Y83.684 E1099.9465
G1 X45.683 Y82.542 E1099.98486
G1 X45.685 Y79.046 E1100.10113
G1 X45.74 Y78.562 E1100.11734
G1 X45.908 Y77.882 E1100.14063
G1 X46.338 Y76.696 E1100.18259
G1 X46.849 Y75.681 E1100.22039
G1 X47.943 Y74.288 E1100.2793
G1 X49.253 Y73.197 E1100.336
G1 X51.102 Y72.189 E1100.40604
G1 X53.348 Y71.452 E1100.48467
G1 X54.394 Y71.215 E1100.52034
G1 X55.484 Y71.065 E1100.55693
G1 X56.906 Y70.984 E1100.60431
G1 X58.438 Y70.985 E1100.65526
G1 X59.624 Y71.082 E1100.69484
G1 X60.737 Y71.152 E1100.73193
G1 X62.122 Y71.363 E1100.77853
G1 X64.249 Y71.868 E1100.85124
G1 X65.385 Y72.252 E1100.89112
G1 X66.112 Y72.591 E1100.9178
G1 X66.632 Y72.922 E1100.9383
G1 X66.962 Y73.221 E1100.95311
G1 X67.222 Y73.58 E1100.96786
G1 X67.361 Y73.939 E1100.98066
G1 X67.433 Y74.376 E1100.99539
G1 X67.457 Y74.974 E1101.0153
G1 X67.457 Y76.478 E1101.06532
G1 X67.538 Y77.426 E1101.09697
G1 X67.536 Y78.655 E1101.13784
G1 X67.457 Y79.905 E1101.1795
G1 X67.47 Y80.467 E1101.1982
G1 X67.438 Y81.087 E1101.21885
G1 X67.348 Y81.497 E1101.23281
G1 X67.078 Y81.983 E1101.2513
G1 X66.578 Y82.328 E1101.2715
G1 X66.07 Y82.419 E1101.28867
G1 X58.366 Y82.425 E1101.54491
G1 X57.941 Y82.403 E1101.55906
G1 X57.449 Y82.291 E1101.57584
G1 X57.295 Y82.19 E1101.58197
G1 X56.969 Y81.836 E1101.59797
G1 X56.847 Y81.501 E1101.60983
G1 X56.774 Y80.852 E1101.63155
G1 X56.771 Y80.382 E1101.64719
G1 X56.826 Y79.907 E1101.66309
G1 X57.047 Y79.415 E1101.68103
G1 X57.486 Y79.022 E1101.70063
G1 X58.027 Y78.87 E1101.71932
G1 X58.561 Y78.853 E1101.73709
G1 X62.359 Y78.849 E1101.86341
G1 X62.735 Y78.786 E1101.87609
G1 X62.938 Y78.622 E1101.88477
G1 X63.016 Y78.49 E1101.88987
G1 X63.052 Y77.582 E1101.92009
G1 X63.036 Y76.013 E1101.97228
G1 X62.97 Y75.861 E1101.97779
G1 X62.601 Y75.729 E1101.99083
G1 X61.971 Y75.568 E1102.01245
G1 X60.096 Y75.162 E1102.07626
G1 X58.602 Y74.975 E1102.12634
G1 X56.971 Y74.974 E1102.18059
G1 X55.959 Y75.068 E1102.21439
G1 X54.911 Y75.327 E1102.2503
G1 X53.563 Y75.898 E1102.29899
G1 X52.439 Y76.678 E1102.34449
G1 X51.959 Y77.165 E1102.36724
G1 X51.561 Y77.686 E1102.38904
G1 X51.001 Y78.759 E1102.4293
G1 X50.676 Y79.915 E1102.46924
G1 X50.584 Y81.117 E1102.50933
G1 X50.72 Y82.313 E1102.54937
G1 X51.077 Y83.449 E1102.58897
G1 X51.654 Y84.493 E1102.62865
G1 X52.445 Y85.406 E1102.66883
G1 X53.448 Y86.143 E1102.71022
G1 X54.256 Y86.532 E1102.74005
G1 X55.019 Y86.774 E1102.76667
G1 X56.081 Y86.941 E1102.80243
G1 X58.462 Y86.981 E1102.88163
G1 X59.563 Y86.888 E1102.91838
G1 X60.766 Y86.646 E1102.9592
G1 X62.574 Y86.085 E1103.02216
G1 X63.455 Y85.676 E1103.05447
G1 X64.247 Y85.361 E1103.08281
G1 X64.738 Y85.36 E1103.09915
G1 X64.995 Y85.416 E1103.10789
G1 X65.369 Y85.595 E1103.12168
G1 X65.716 Y85.911 E1103.13729
G1 X66.06 Y86.41 E1103.15745
G1 X66.543 Y87.417 E1103.1946
G1 X66.655 Y87.828 E1103.20877
G1 X66.657 Y88.325 E1103.2253
G1 X66.41 Y88.89 E1103.24581
G1 X66.146 Y89.167 E1103.25853
G1 X65.786 Y89.42 E1103.27317
G1 F2700 E1098.27317
G0 F9000 X63.399 Y90.184
G0 X61.658 Y90.619
G0 X58.857 Y90.99
G0 X57.981 Y91.051
G0 X56.072 Y91.051
G0 X53.294 Y90.644
G0 X51.836 Y90.176
G0 X48.47 Y88.528
G0 X31.046 Y90.949
G0 X30.299 Y91.53
G1 F2700 E1103.27317
G1 F1500 X29.912 Y91.729 E1103.28764
G1 X29.482 Y91.841 E1103.30242
G1 X29.021 Y91.841 E1103.31775
G1 X28.595 Y91.735 E1103.33236
G1 X28.196 Y91.527 E1103.34732
G1 X27.862 Y91.229 E1103.36221
G1 X27.608 Y90.862 E1103.37705
G1 X27.45 Y90.447 E1103.39182
G1 X27.396 Y90.003 E1103.4067
G1 X27.449 Y89.557 E1103.42164
G1 X27.609 Y89.134 E1103.43668
G1 X27.863 Y88.771 E1103.45142
G1 X28.196 Y88.473 E1103.46628
G1 X28.595 Y88.265 E1103.48124
G1 X29.021 Y88.159 E1103.49584
G1 X29.482 Y88.159 E1103.51118
G1 X29.912 Y88.272 E1103.52597
G1 X30.291 Y88.469 E1103.54017
G1 X30.638 Y88.772 E1103.55549
G1 X30.892 Y89.138 E1103.57031
G1 X31.053 Y89.57 E1103.58565
G1 X31.099 Y90.022 E1103.60076
G1 X31.05 Y90.444 E1103.61489
G1 X30.887 Y90.871 E1103.63009
G1 X30.626 Y91.236 E1103.64501
G1 X30.299 Y91.53 E1103.65964
G1 F2700 E1098.65964
G0 F9000 X30.35 Y91.618
G0 X29.506 Y92.022
G0 X29.978 Y154.103
G0 X30.638 Y157.229
G1 F2700 E1103.65964
G1 F1500 X30.299 Y157.531 E1103.67474
G1 X29.903 Y157.736 E1103.68957
G1 X29.506 Y157.833 E1103.70316
G1 X29.028 Y157.842 E1103.71906
G1 X28.596 Y157.736 E1103.73386
G1 X28.201 Y157.531 E1103.74866
G1 X27.863 Y157.23 E1103.76371
G1 X27.608 Y156.863 E1103.77858
G1 X27.45 Y156.447 E1103.79338
G1 X27.395 Y156 E1103.80836
G1 X27.45 Y155.553 E1103.82334
G1 X27.608 Y155.137 E1103.83814
G1 X27.862 Y154.771 E1103.85295
G1 X28.196 Y154.473 E1103.86784
G1 X28.595 Y154.265 E1103.88281
G1 X29.021 Y154.159 E1103.89741
G1 X29.482 Y154.159 E1103.91274
G1 X29.912 Y154.272 E1103.92753
G1 X30.327 Y154.495 E1103.9432
G1 X30.639 Y154.773 E1103.9571
G1 X30.897 Y155.147 E1103.97221
G1 X31.045 Y155.552 E1103.98655
G1 X31.104 Y155.996 E1104.00145
G1 X31.05 Y156.446 E1104.01652
G1 X30.893 Y156.862 E1104.03131
G1 X30.638 Y157.229 E1104.04618
G0 F9000 X30.319 Y156.978
;TYPE:WALL-OUTER
G1 F1500 X30.052 Y157.208 E1104.0579
G1 X29.742 Y157.364 E1104.06944
G1 X29.437 Y157.439 E1104.07989
G1 X29.049 Y157.436 E1104.09279
G1 X28.758 Y157.364 E1104.10276
G1 X28.407 Y157.18 E1104.11594
G1 X28.15 Y156.943 E1104.12757
G1 X27.956 Y156.653 E1104.13918
G1 X27.839 Y156.334 E1104.15048
G1 X27.801 Y156 E1104.16166
G1 X27.849 Y155.63 E1104.17407
G1 X27.979 Y155.303 E1104.18577
G1 X28.181 Y155.022 E1104.19728
G1 X28.448 Y154.792 E1104.209
G1 X28.758 Y154.636 E1104.22054
G1 X29.049 Y154.564 E1104.23051
G1 X29.451 Y154.564 E1104.24389
G1 X29.766 Y154.644 E1104.25469
G1 X30.069 Y154.802 E1104.26606
G1 X30.326 Y155.029 E1104.27747
G1 X30.544 Y155.347 E1104.29029
G1 X30.657 Y155.651 E1104.30108
G1 X30.698 Y155.976 E1104.31197
G1 X30.651 Y156.37 E1104.32517
G1 X30.521 Y156.697 E1104.33687
G1 X30.319 Y156.978 E1104.34838
G1 F2700 E1099.34838
G0 F9000 X30.517 Y157.202
G0 X30.893 Y156.404
G0 X30.943 Y156
G0 X30.893 Y155.596
G0 X29.978 Y154.103
G0 X29.506 Y92.022
G0 X30.082 Y91.189
G1 F2700 E1104.34838
G1 F1500 X29.766 Y91.356 E1104.36027
G1 X29.451 Y91.436 E1104.37108
G1 X29.049 Y91.436 E1104.38445
G1 X28.758 Y91.364 E1104.39442
G1 X28.407 Y91.18 E1104.4076
G1 X28.15 Y90.943 E1104.41923
G1 X27.956 Y90.653 E1104.43083
G1 X27.839 Y90.334 E1104.44214
G1 X27.801 Y89.999 E1104.45335
G1 X27.838 Y89.676 E1104.46416
G1 X27.957 Y89.345 E1104.47586
G1 X28.15 Y89.057 E1104.48739
G1 X28.407 Y88.82 E1104.49902
G1 X28.758 Y88.636 E1104.5122
G1 X29.049 Y88.564 E1104.52217
G1 X29.451 Y88.564 E1104.53554
G1 X29.766 Y88.644 E1104.54635
G1 X30.082 Y88.811 E1104.55824
G1 X30.327 Y89.03 E1104.56917
G1 X30.525 Y89.31 E1104.58058
G1 X30.656 Y89.647 E1104.5926
G1 X30.699 Y89.989 E1104.60407
G1 X30.659 Y90.343 E1104.61591
G1 X30.521 Y90.697 E1104.62855
G1 X30.34 Y90.955 E1104.63903
G1 X30.082 Y91.189 E1104.65062
G1 F2700 E1099.65062
G0 F9000 X30.321 Y91.633
G0 X31.046 Y90.949
G0 X48.47 Y88.528
G0 X66.072 Y88.666
G1 F2700 E1104.65062
G1 F1500 X65.866 Y88.88 E1104.6605
G1 X65.568 Y89.083 E1104.67249
G1 X64.98 Y89.356 E1104.69405
G1 X63.338 Y89.952 E1104.75215
G1 X61.603 Y90.385 E1104.81163
G1 X58.828 Y90.753 E1104.90473
G1 X57.969 Y90.812 E1104.93337
G1 X56.077 Y90.81 E1104.9963
G1 X53.329 Y90.404 E1105.08869
G1 X51.758 Y89.899 E1105.14358
G1 X50.28 Y89.157 E1105.19858
G1 X48.874 Y88.105 E1105.25699
G1 X47.692 Y86.77 E1105.31629
G1 X46.862 Y85.3 E1105.37244
G1 X46.235 Y83.586 E1105.43314
G1 X46.082 Y82.514 E1105.46916
G1 X46.083 Y79.09 E1105.58304
G1 X46.136 Y78.619 E1105.5988
G1 X46.284 Y78.018 E1105.61939
G1 X46.706 Y76.854 E1105.66057
G1 X47.194 Y75.884 E1105.69669
G1 X48.233 Y74.568 E1105.75245
G1 X49.479 Y73.527 E1105.80646
G1 X51.278 Y72.549 E1105.87456
G1 X53.437 Y71.842 E1105.95012
G1 X54.47 Y71.608 E1105.98535
G1 X55.491 Y71.466 E1106.01964
G1 X56.941 Y71.384 E1106.06794
G1 X58.406 Y71.384 E1106.11667
G1 X59.596 Y71.481 E1106.15638
G1 X60.677 Y71.548 E1106.1924
G1 X62.078 Y71.762 E1106.23954
G1 X64.121 Y72.247 E1106.30938
G1 X65.239 Y72.624 E1106.34862
G1 X65.898 Y72.929 E1106.37277
G1 X66.39 Y73.241 E1106.39215
G1 X66.652 Y73.48 E1106.40394
G1 X66.875 Y73.792 E1106.4167
G1 X66.975 Y74.047 E1106.42581
G1 X67.033 Y74.392 E1106.43745
G1 X67.057 Y74.974 E1106.45682
G1 X67.057 Y76.496 E1106.50744
G1 X67.138 Y77.426 E1106.53849
G1 X67.137 Y78.63 E1106.57854
G1 X67.057 Y79.897 E1106.62076
G1 X67.07 Y80.447 E1106.63906
G1 X67.032 Y81.106 E1106.66101
G1 X66.956 Y81.379 E1106.67044
G1 X66.776 Y81.703 E1106.68277
G1 X66.423 Y81.952 E1106.69713
G1 X66.034 Y82.021 E1106.71027
G1 X58.386 Y82.025 E1106.96465
G1 X58.011 Y82.006 E1106.97714
G1 X57.567 Y81.901 E1106.99231
G1 X57.318 Y81.618 E1107.00485
G1 X57.23 Y81.375 E1107.01344
G1 X57.173 Y80.825 E1107.03183
G1 X57.169 Y80.422 E1107.04524
G1 X57.21 Y80.035 E1107.05818
G1 X57.373 Y79.66 E1107.07178
G1 X57.692 Y79.38 E1107.0859
G1 X58.096 Y79.264 E1107.09988
G1 X58.561 Y79.253 E1107.11535
G1 X62.393 Y79.249 E1107.2428
G1 X62.743 Y79.19 E1107.25461
G1 X63.125 Y79.005 E1107.26873
G1 X63.381 Y78.659 E1107.28304
G1 X63.423 Y78.339 E1107.29378
G1 X63.452 Y77.588 E1107.31877
G1 X63.435 Y75.929 E1107.37395
G1 X63.322 Y75.667 E1107.38344
G1 X63.049 Y75.465 E1107.39474
G1 X62.718 Y75.347 E1107.40643
G1 X62.063 Y75.179 E1107.42892
G1 X60.164 Y74.767 E1107.49355
G1 X58.627 Y74.575 E1107.54507
G1 X56.953 Y74.574 E1107.60074
G1 X55.893 Y74.672 E1107.63615
G1 X54.784 Y74.946 E1107.67414
G1 X53.369 Y75.546 E1107.72526
G1 X52.18 Y76.37 E1107.77338
G1 X51.656 Y76.902 E1107.79821
G1 X51.222 Y77.471 E1107.82202
G1 X50.627 Y78.611 E1107.86479
G1 X50.28 Y79.845 E1107.90742
G1 X50.182 Y81.125 E1107.95012
G1 X50.327 Y82.396 E1107.99267
G1 X50.707 Y83.607 E1108.03488
G1 X51.324 Y84.723 E1108.0773
G1 X52.172 Y85.702 E1108.12037
G1 X53.241 Y86.487 E1108.16449
G1 X54.108 Y86.905 E1108.1965
G1 X54.927 Y87.164 E1108.22507
G1 X56.047 Y87.341 E1108.26278
G1 X58.476 Y87.381 E1108.34358
G1 X59.619 Y87.284 E1108.38173
G1 X60.865 Y87.034 E1108.424
G1 X62.718 Y86.459 E1108.48853
G1 X63.592 Y86.052 E1108.5206
G1 X64.331 Y85.763 E1108.54699
G1 X64.787 Y85.76 E1108.56216
G1 X65.141 Y85.93 E1108.57522
G1 X65.413 Y86.178 E1108.58746
G1 X65.707 Y86.598 E1108.60451
G1 X66.171 Y87.571 E1108.64037
G1 X66.259 Y87.884 E1108.65118
G1 X66.255 Y88.254 E1108.66349
G1 X66.072 Y88.666 E1108.67848
G1 F2700 E1103.67848
G0 F9000 X66.438 Y89.006
G0 X66.847 Y88.34
G0 X74.658 Y84.612
G0 X80.751 Y90.305
G1 F2700 E1108.67848
G1 F1500 X80.396 Y90.424 E1108.69094
G1 X79.635 Y90.505 E1108.71639
G1 X78.908 Y90.44 E1108.74067
G1 X78.585 Y90.338 E1108.75193
G1 X78.288 Y90.195 E1108.7629
G1 X77.993 Y89.958 E1108.77548
G1 X77.791 Y89.711 E1108.78609
G1 X77.599 Y89.382 E1108.79876
G1 X69.665 Y72.763 E1109.41127
G1 X69.513 Y72.335 E1109.42638
G1 X69.518 Y72.031 E1109.43649
G1 X69.72 Y71.761 E1109.44771
G1 X70.062 Y71.646 E1109.45971
G1 X70.501 Y71.634 E1109.47432
G1 X72.043 Y71.635 E1109.5256
G1 X72.457 Y71.686 E1109.53948
G1 X72.81 Y71.819 E1109.55202
G1 X73.075 Y72.012 E1109.56293
G1 X73.303 Y72.285 E1109.57476
G1 X73.963 Y73.613 E1109.62408
G1 X74.22 Y73.943 E1109.63799
G1 X74.546 Y74.166 E1109.65113
G1 X74.761 Y74.228 E1109.65857
G1 X75.338 Y74.259 E1109.67779
G1 X83.965 Y74.252 E1109.96473
G1 X84.235 Y74.211 E1109.97381
G1 X84.424 Y74.131 E1109.98064
G1 X84.662 Y73.953 E1109.99052
G1 X84.899 Y73.676 E1110.00265
G1 X85.146 Y73.25 E1110.01902
G1 X85.527 Y72.483 E1110.04751
G1 X85.83 Y72.056 E1110.06492
G1 X86.198 Y71.813 E1110.07959
G1 X86.521 Y71.693 E1110.09105
G1 X86.986 Y71.635 E1110.10664
G1 X89.743 Y71.636 E1110.19833
G1 X90.074 Y71.76 E1110.21009
G1 X90.274 Y72.036 E1110.22143
G1 X90.266 Y72.33 E1110.23121
G1 X90.122 Y72.753 E1110.24607
G1 X81.598 Y89.489 E1110.87075
G1 X81.359 Y89.855 E1110.88529
G1 X81.097 Y90.107 E1110.89738
G1 X80.751 Y90.305 E1110.91064
G1 F2700 E1105.91064
G0 F9000 X80.918 Y90.777
G0 X81.811 Y90.228
G0 X92.749 Y90.155
G0 X106.246 Y90.36
G1 F2700 E1110.91064
G1 F1500 X103.085 Y90.491 E1111.01587
G1 X95.731 Y90.491 E1111.26046
G1 X94.809 Y90.501 E1111.29113
G1 X93.878 Y90.424 E1111.3222
G1 X93.499 Y90.194 E1111.33695
G1 X93.275 Y89.887 E1111.34959
G1 X93.195 Y89.63 E1111.35854
G1 X93.157 Y89.123 E1111.37545
G1 X93.161 Y72.483 E1111.9289
G1 X93.312 Y72.049 E1111.94418
G1 X93.436 Y71.889 E1111.95091
G1 X93.779 Y71.664 E1111.96456
G1 X94.28 Y71.634 E1111.98125
G1 X96.067 Y71.634 E1112.04069
G1 X96.511 Y71.648 E1112.05546
G1 X96.927 Y71.73 E1112.06956
G1 X97.159 Y71.991 E1112.08118
G1 X97.229 Y72.177 E1112.08779
G1 X97.283 Y72.768 E1112.10753
G1 X97.283 Y78.755 E1112.30666
G1 X97.349 Y78.973 E1112.31423
G1 X97.443 Y79.082 E1112.31902
G1 X97.639 Y79.156 E1112.32599
G1 X97.932 Y79.184 E1112.33578
G1 X101.147 Y79.18 E1112.44271
G1 X101.756 Y79.123 E1112.46305
G1 X102.157 Y78.982 E1112.47719
G1 X102.535 Y78.732 E1112.49226
G1 X102.918 Y78.338 E1112.51054
G1 X106.686 Y73.07 E1112.72596
G1 X107.071 Y72.492 E1112.74906
G1 X107.279 Y72.224 E1112.76034
G1 X107.505 Y72.004 E1112.77083
G1 X107.756 Y71.832 E1112.78095
G1 X108.118 Y71.693 E1112.79385
G1 X108.568 Y71.635 E1112.80894
G1 X111.289 Y71.637 E1112.89944
G1 X111.663 Y71.732 E1112.91227
G1 X111.857 Y71.959 E1112.92221
G1 X111.879 Y72.206 E1112.93045
G1 X111.775 Y72.519 E1112.94142
G1 X110.879 Y73.829 E1112.99421
G1 X110.167 Y74.908 E1113.03721
G1 X107.999 Y77.967 E1113.16191
G1 X107.574 Y78.583 E1113.1868
G1 X107.383 Y78.928 E1113.19992
G1 X107.309 Y79.189 E1113.20894
G1 X107.32 Y79.31 E1113.21298
G1 X107.505 Y79.571 E1113.22362
G1 X107.715 Y79.711 E1113.23202
G1 X108.251 Y79.933 E1113.25132
G1 X109.989 Y80.735 E1113.31498
G1 X110.596 Y81.191 E1113.34023
G1 X111.123 Y81.785 E1113.36664
G1 X111.626 Y82.694 E1113.4012
G1 X111.92 Y83.742 E1113.4374
G1 X111.92 Y84.515 E1113.46311
G1 X111.974 Y84.859 E1113.47469
G1 X111.985 Y85.235 E1113.4872
G1 X111.863 Y86.236 E1113.52074
G1 X111.577 Y87.22 E1113.55482
G1 X111.064 Y88.133 E1113.58965
G1 X110.38 Y88.859 E1113.62283
G1 X109.343 Y89.536 E1113.66402
G1 X107.849 Y90.076 E1113.71686
G1 X106.246 Y90.36 E1113.771
G1 F2700 E1108.771
G0 F9000 X106.297 Y90.655
G0 X109.595 Y90.064
G0 X116.263 Y90.127
G0 X117.424 Y90.431
G1 F2700 E1113.771
G1 F1500 X117.028 Y90.197 E1113.7863
G1 X116.799 Y89.876 E1113.79942
G1 X116.728 Y89.641 E1113.80758
G1 X116.694 Y89.116 E1113.82508
G1 X116.694 Y72.934 E1114.3633
G1 X116.703 Y72.539 E1114.37644
G1 X116.767 Y72.191 E1114.38821
G1 X116.892 Y71.946 E1114.39735
G1 X117.14 Y71.751 E1114.40785
G1 X117.36 Y71.675 E1114.41559
G1 X117.743 Y71.634 E1114.4284
G1 X119.458 Y71.638 E1114.48544
G1 X119.812 Y71.7 E1114.49739
G1 X120.085 Y71.865 E1114.508
G1 X120.291 Y72.165 E1114.52011
G1 X120.316 Y72.586 E1114.53413
G1 X120.318 Y82.695 E1114.87036
G1 X120.396 Y83.67 E1114.90289
G1 X120.397 Y84.152 E1114.91892
G1 X120.454 Y84.366 E1114.92629
G1 X120.619 Y84.178 E1114.93461
G1 X121.699 Y82.152 E1115.01097
G1 X122.96 Y79.857 E1115.09807
G1 X125.647 Y74.787 E1115.28891
G1 X126.913 Y72.463 E1115.37694
G1 X127.204 Y72.21 E1115.38976
G1 X127.467 Y72.134 E1115.39887
G1 X127.775 Y72.17 E1115.40918
G1 X128.065 Y72.39 E1115.42129
G1 X128.363 Y72.852 E1115.43957
G1 X129.53 Y75.052 E1115.5224
G1 X134.433 Y84.053 E1115.86331
G1 X134.598 Y84.319 E1115.87372
G1 X134.647 Y84.332 E1115.87541
G1 X134.7 Y84.25 E1115.87866
G1 X134.728 Y83.939 E1115.88904
G1 X134.729 Y72.631 E1116.26515
G1 X134.77 Y72.299 E1116.27627
G1 X134.917 Y71.975 E1116.28811
G1 X135.153 Y71.8 E1116.29788
G1 X135.496 Y71.684 E1116.30992
G1 X136.339 Y71.609 E1116.33807
G1 X137.755 Y71.636 E1116.38518
G1 X138.037 Y71.671 E1116.39463
G1 X138.366 Y71.831 E1116.40679
G1 X138.587 Y72.131 E1116.41919
G1 X138.679 Y72.532 E1116.43287
G1 X138.678 Y89.431 E1116.99493
G1 X138.597 Y89.851 E1117.00916
G1 X138.493 Y90.046 E1117.01651
G1 X138.181 Y90.329 E1117.03052
G1 X137.904 Y90.439 E1117.04043
G1 X137.392 Y90.491 E1117.05755
G1 X135.981 Y90.512 E1117.10449
G1 X134.492 Y90.383 E1117.1542
G1 X134.161 Y90.264 E1117.1659
G1 X133.869 Y90.041 E1117.17812
G1 X133.368 Y89.376 E1117.20581
G1 X129.979 Y83.359 E1117.43549
G1 X128.293 Y80.302 E1117.55161
G1 X128.124 Y80.019 E1117.56257
G1 X127.9 Y79.731 E1117.57471
G1 X127.687 Y79.591 E1117.58319
G1 X127.449 Y79.645 E1117.5913
G1 X127.243 Y79.89 E1117.60195
G1 X126.978 Y80.324 E1117.61886
G1 X125.62 Y82.852 E1117.71431
G1 X122.612 Y88.357 E1117.92296
G1 X122.177 Y89.188 E1117.95415
G1 X121.735 Y89.858 E1117.98085
G1 X121.457 Y90.117 E1117.99349
G1 X121.129 Y90.307 E1118.00609
G1 X120.698 Y90.439 E1118.02109
G1 X120.108 Y90.491 E1118.04079
G1 X118.756 Y90.503 E1118.08576
G1 X117.424 Y90.431 E1118.13012
G1 F2700 E1113.13012
G0 F9000 X116.691 Y90.584
G0 X118.752 Y90.742
G0 X120.755 Y90.673
G0 X122.158 Y90.232
G0 X127.643 Y80.345
G0 X133.267 Y90.183
G0 X134.433 Y90.618
G0 X135.983 Y90.751
G0 X137.946 Y90.678
G0 X139.154 Y90.042
G0 X144.553 Y90.263
G0 X145.275 Y90.231
G1 F2700 E1118.13012
G1 F1500 X145.071 Y89.98 E1118.14088
G1 X145.007 Y89.772 E1118.14812
G1 X144.973 Y89.285 E1118.16436
G1 X144.974 Y72.474 E1118.72349
G1 X145.012 Y72.189 E1118.73305
G1 X145.149 Y71.908 E1118.74345
G1 X145.501 Y71.665 E1118.75768
G1 X146.013 Y71.634 E1118.77474
G1 X148.137 Y71.637 E1118.84538
G1 X148.487 Y71.691 E1118.85716
G1 X148.781 Y71.842 E1118.86816
G1 X148.923 Y71.987 E1118.87491
G1 X149.043 Y72.241 E1118.88425
G1 X149.102 Y72.659 E1118.89829
G1 X149.096 Y89.44 E1119.45643
G1 X149.042 Y89.794 E1119.46834
G1 X148.845 Y90.149 E1119.48184
G1 X148.522 Y90.378 E1119.49501
G1 X148.262 Y90.459 E1119.50407
G1 X147.795 Y90.491 E1119.51964
G1 X145.702 Y90.437 E1119.58927
G1 X145.275 Y90.231 E1119.60504
G1 F2700 E1114.60504
G0 F9000 X145.15 Y90.727
G0 X148.306 Y90.696
G0 X149.605 Y89.983
G0 X154.984 Y90.012
G0 X155.912 Y90.326
G1 F2700 E1119.60504
G1 F1500 X155.671 Y90.12 E1119.61559
G1 X155.553 Y89.856 E1119.6252
G1 X155.469 Y89.194 E1119.6474
G1 X155.471 Y88.072 E1119.68472
G1 X155.556 Y86.885 E1119.7243
G1 X155.556 Y85.486 E1119.77083
G1 X155.471 Y84.375 E1119.80789
G1 X155.471 Y82.735 E1119.86244
G1 X155.556 Y81.634 E1119.89916
G1 X155.556 Y80.237 E1119.94563
G1 X155.471 Y79.128 E1119.98262
G1 X155.471 Y77.401 E1120.04006
G1 X155.555 Y76.298 E1120.07685
G1 X155.471 Y72.768 E1120.1943
G1 X155.497 Y72.231 E1120.21218
G1 X155.662 Y71.913 E1120.22409
G1 X155.9 Y71.733 E1120.23402
G1 X156.165 Y71.661 E1120.24315
G1 X156.502 Y71.634 E1120.2544
G1 X158.45 Y71.637 E1120.31919
G1 X158.758 Y71.688 E1120.32957
G1 X159.087 Y71.881 E1120.34226
G1 X159.307 Y72.207 E1120.35534
G1 X159.344 Y72.674 E1120.37092
G1 X159.343 Y83.447 E1120.72923
G1 X159.357 Y83.7 E1120.73766
G1 X159.431 Y84.077 E1120.75044
G1 X159.562 Y84.164 E1120.75567
G1 X159.678 Y84.152 E1120.75955
G1 X159.913 Y83.976 E1120.76931
G1 X160.102 Y83.796 E1120.77799
G1 X162.226 Y81.634 E1120.8788
G1 X169.303 Y74.265 E1121.21861
G1 X170.247 Y73.299 E1121.26354
G1 X170.821 Y72.651 E1121.29233
G1 X171.455 Y72.07 E1121.32093
G1 X171.836 Y71.845 E1121.33565
G1 X172.286 Y71.689 E1121.35149
G1 X172.777 Y71.634 E1121.36792
G1 X174.424 Y71.641 E1121.4227
G1 X174.812 Y71.718 E1121.43586
G1 X175.081 Y71.9 E1121.44666
G1 X175.3 Y72.318 E1121.46236
G1 X175.362 Y72.746 E1121.47674
G1 X175.346 Y73.592 E1121.50488
G1 X175.43 Y74.872 E1121.54755
G1 X175.429 Y76.337 E1121.59627
G1 X175.346 Y77.443 E1121.63316
G1 X175.346 Y79.093 E1121.68804
G1 X175.43 Y80.21 E1121.7253
G1 X175.429 Y81.677 E1121.77409
G1 X175.346 Y82.777 E1121.81078
G1 X175.345 Y84.343 E1121.86287
G1 X175.429 Y85.469 E1121.90042
G1 X175.332 Y89.507 E1122.03476
G1 X175.284 Y89.783 E1122.04408
G1 X175.123 Y90.137 E1122.05702
G1 X174.868 Y90.339 E1122.06784
G1 X174.601 Y90.435 E1122.07727
G1 X174.066 Y90.49 E1122.09516
G1 X173.027 Y90.491 E1122.12972
G1 X172.66 Y90.481 E1122.14193
G1 X172.279 Y90.412 E1122.15481
G1 X171.906 Y90.222 E1122.16873
G1 X171.717 Y89.957 E1122.17956
G1 X171.611 Y89.631 E1122.19096
G1 X171.531 Y88.747 E1122.22048
G1 X171.55 Y87.545 E1122.26046
G1 X171.55 Y78.66 E1122.55598
G1 X171.451 Y78.47 E1122.56311
G1 X171.374 Y78.43 E1122.56599
G1 X171.075 Y78.537 E1122.57656
G1 X170.71 Y78.838 E1122.59229
G1 X164.363 Y85.435 E1122.89677
G1 X162.679 Y87.127 E1122.97617
G1 X160.697 Y89.191 E1123.07134
G1 X160.326 Y89.598 E1123.08966
G1 X159.929 Y89.967 E1123.10769
G1 X159.387 Y90.278 E1123.12847
G1 X159.05 Y90.382 E1123.1402
G1 X158.612 Y90.455 E1123.15497
G1 X157.618 Y90.515 E1123.18809
G1 X156.22 Y90.447 E1123.23464
G1 X155.912 Y90.326 E1123.24565
G1 F2700 E1118.24565
G0 F9000 X156.068 Y90.924
G0 X157.617 Y91.095
G0 X158.496 Y94.707
G0 X164.908 Y108.189
G1 F2700 E1123.24565
G1 F1500 X164.631 Y108.002 E1123.25677
G1 X164.398 Y107.781 E1123.26745
G1 X163.833 Y107.017 E1123.29905
G1 X162.972 Y105.464 E1123.35811
G1 X160.004 Y100.383 E1123.55383
G1 X159.416 Y99.286 E1123.59522
G1 X158.355 Y97.497 E1123.6644
G1 X158.142 Y97.114 E1123.67898
G1 X157.976 Y96.693 E1123.69403
G1 X157.943 Y96.19 E1123.7108
G1 X158.117 Y95.673 E1123.72894
G1 X158.409 Y95.381 E1123.74268
G1 X158.676 Y95.265 E1123.75236
G1 X159.38 Y95.157 E1123.77605
G1 X160.313 Y95.087 E1123.80717
G1 X161.954 Y95.087 E1123.86175
G1 X163.057 Y95.167 E1123.89853
G1 X164.643 Y95.167 E1123.95128
G1 X165.478 Y95.087 E1123.97918
G1 X167.273 Y95.086 E1124.03888
G1 X168.391 Y95.167 E1124.07616
G1 X169.877 Y95.167 E1124.12559
G1 X171.094 Y95.087 E1124.16615
G1 X171.428 Y95.11 E1124.17729
G1 X171.74 Y95.174 E1124.18788
G1 X172.046 Y95.284 E1124.1987
G1 X172.452 Y95.555 E1124.21493
G1 X172.7 Y95.942 E1124.23022
G1 X172.752 Y96.186 E1124.23852
G1 X172.746 Y96.499 E1124.24893
G1 X172.647 Y96.871 E1124.26173
G1 X171.534 Y98.858 E1124.33748
G1 X166.876 Y106.903 E1124.64667
G1 X166.584 Y107.423 E1124.66651
G1 X166.236 Y107.883 E1124.68569
G1 X165.851 Y108.159 E1124.70145
G1 X165.355 Y108.253 E1124.71824
G1 X164.908 Y108.189 E1124.73326
G1 F2700 E1119.73326
G0 F9000 X164.629 Y108.605
G0 X165.953 Y108.381
G0 X166.415 Y108.048
G0 X172.036 Y99.149
G0 X188.949 Y90.95
G0 X189.934 Y91.2
G1 F2700 E1124.73326
G1 F1500 X189.668 Y90.965 E1124.74506
G1 X189.467 Y90.677 E1124.75675
G1 X189.342 Y90.346 E1124.76851
G1 X189.301 Y90.004 E1124.77997
G1 X189.342 Y89.652 E1124.79176
G1 X189.48 Y89.302 E1124.80427
G1 X189.658 Y89.047 E1124.81461
G1 X189.937 Y88.798 E1124.82705
G1 X190.234 Y88.644 E1124.83818
G1 X190.549 Y88.564 E1124.84899
G1 X190.951 Y88.564 E1124.86236
G1 X191.242 Y88.636 E1124.87233
G1 X191.593 Y88.82 E1124.88551
G1 X191.819 Y89.022 E1124.89559
G1 X192.043 Y89.345 E1124.90867
G1 X192.162 Y89.676 E1124.92036
G1 X192.2 Y89.999 E1124.93118
G1 X192.161 Y90.334 E1124.9424
G1 X192.021 Y90.697 E1124.95534
G1 X191.819 Y90.978 E1124.96685
G1 X191.552 Y91.208 E1124.97857
G1 X191.242 Y91.364 E1124.99011
G1 X190.951 Y91.436 E1125.00008
G1 X190.549 Y91.436 E1125.01345
G1 X190.234 Y91.356 E1125.02426
G1 X189.934 Y91.2 E1125.03551
G1 F2700 E1120.03551
G0 F9000 X189.603 Y91.579
G0 X190.494 Y92.022
G0 X190.022 Y154.103
G0 X189.65 Y156.943
G1 F2700 E1125.03551
G1 F1500 X189.456 Y156.653 E1125.04712
G1 X189.349 Y156.37 E1125.05718
G1 X189.302 Y155.976 E1125.07038
G1 X189.343 Y155.651 E1125.08127
G1 X189.479 Y155.303 E1125.0937
G1 X189.681 Y155.022 E1125.10521
G1 X189.918 Y154.811 E1125.11576
G1 X190.234 Y154.644 E1125.12765
G1 X190.549 Y154.564 E1125.13846
G1 X190.951 Y154.564 E1125.15183
G1 X191.242 Y154.636 E1125.1618
G1 X191.593 Y154.82 E1125.17498
G1 X191.85 Y155.057 E1125.18661
G1 X192.044 Y155.347 E1125.19821
G1 X192.151 Y155.63 E1125.20828
G1 X192.2 Y156 E1125.22069
G1 X192.161 Y156.334 E1125.23187
G1 X192.021 Y156.697 E1125.24482
G1 X191.819 Y156.978 E1125.25633
G1 X191.552 Y157.208 E1125.26805
G1 X191.242 Y157.364 E1125.27959
G1 X190.937 Y157.439 E1125.29004
G1 X190.549 Y157.436 E1125.30294
G1 X190.258 Y157.364 E1125.31291
G1 X189.907 Y157.18 E1125.32609
G1 X189.65 Y156.943 E1125.33772
G1 F2700 E1120.33772
G0 F9000 X189.402 Y157.112
G0 X190.15 Y157.583
G0 X190.546 Y157.68
G0 X192.272 Y157.352
G0 X193.95 Y157.352
G0 X194.55 Y159.8
G1 F2700 E1125.33772
G1 F1500 X194.55 Y60.2 E1128.65043
G1 X25.45 Y60.2 E1134.27472
G1 X25.45 Y159.8 E1137.58743
G1 X194.55 Y159.8 E1143.21172
G1 F2700 E1138.21172
G0 F9000 X194.28 Y159.53
G0 X193.95 Y91.605
G0 X192.553 Y90.95
G0 X189.491 Y91.825
;TYPE:SKIN
G1 F2700 E1143.21172
G1 F1500 X189.954 Y92.064 E1143.22905
G1 X190.446 Y92.195 E1143.24598
G1 X191.047 Y92.196 E1143.26597
G1 X191.514 Y92.08 E1143.28197
G1 X191.989 Y91.839 E1143.29969
G1 X192.421 Y91.452 E1143.31898
G1 X192.699 Y91.055 E1143.3351
G1 X192.907 Y90.514 E1143.35438
G1 X192.96 Y89.999 E1143.3716
G1 X192.896 Y89.446 E1143.39011
G1 X192.724 Y88.991 E1143.40629
G1 X192.417 Y88.544 E1143.42433
G1 X191.985 Y88.158 E1143.4436
G1 X191.516 Y87.92 E1143.46109
G1 X191.046 Y87.804 E1143.47719
G1 X190.447 Y87.805 E1143.49711
G1 X189.953 Y87.936 E1143.51411
G1 X189.487 Y88.18 E1143.53161
G1 X189.084 Y88.541 E1143.5496
G1 X188.781 Y88.988 E1143.56756
G1 X188.604 Y89.472 E1143.5847
G1 X188.537 Y90.016 E1143.60293
G1 X188.603 Y90.548 E1143.62076
G1 X188.796 Y91.043 E1143.63844
G1 X189.086 Y91.46 E1143.65533
G1 X189.491 Y91.825 E1143.67346
G1 F2700 E1138.67346
G0 F9000 X189.631 Y91.605
G0 X188.949 Y90.95
G0 X26.05 Y90.95
G0 X26.211 Y159.039
G1 F2700 E1143.67346
G1 F1500 X26.211 Y60.961 E1146.93555
G1 X193.79 Y60.96 E1152.50925
G1 X193.79 Y159.04 E1155.7714
G1 X26.211 Y159.039 E1161.3451
G1 F2700 E1156.3451
G0 F9000 X25.95 Y159.039
G0 X26.05 Y157.424
G0 X27.447 Y156.95
G0 X30.922 Y157.451
G1 F2700 E1161.3451
G1 F1500 X31.2 Y157.052 E1161.36128
G1 X31.393 Y156.556 E1161.37898
G1 X31.466 Y155.99 E1161.39796
G1 X31.398 Y155.481 E1161.41504
G1 X31.196 Y154.947 E1161.43403
G1 X30.891 Y154.516 E1161.45159
G1 X30.493 Y154.164 E1161.46926
G1 X30.045 Y153.936 E1161.48598
G1 X29.554 Y153.805 E1161.50289
G1 X28.953 Y153.804 E1161.52288
G1 X28.486 Y153.92 E1161.53888
G1 X28.011 Y154.161 E1161.5566
G1 X27.579 Y154.548 E1161.57589
G1 X27.277 Y154.988 E1161.59364
G1 X27.09 Y155.503 E1161.61186
G1 X27.041 Y155.977 E1161.62771
G1 X27.095 Y156.52 E1161.64586
G1 X27.277 Y157.011 E1161.66327
G1 X27.576 Y157.447 E1161.68086
G1 X27.993 Y157.83 E1161.69969
G1 X28.481 Y158.078 E1161.7179
G1 X28.95 Y158.196 E1161.73398
G1 X29.525 Y158.199 E1161.75311
G1 X30.018 Y158.08 E1161.76997
G1 X30.484 Y157.843 E1161.78736
G1 X30.922 Y157.451 E1161.80691
G1 F2700 E1156.80691
G0 F9000 X30.571 Y157.424
G0 X30.893 Y156.404
G0 X30.943 Y156
G0 X30.893 Y155.596
G0 X29.978 Y154.103
G0 X29.506 Y92.022
G0 X30.493 Y91.838
G1 F2700 E1161.80691
G1 F1500 X30.912 Y91.465 E1161.82557
G1 X31.209 Y91.027 E1161.84317
G1 X31.4 Y90.537 E1161.86066
G1 X31.463 Y89.994 E1161.87885
G1 X31.402 Y89.477 E1161.89616
G1 X31.213 Y88.97 E1161.91416
G1 X30.9 Y88.53 E1161.93212
G1 X30.507 Y88.169 E1161.94987
G1 X30.041 Y87.935 E1161.96721
G1 X29.554 Y87.805 E1161.98397
G1 X28.954 Y87.804 E1162.00393
G1 X28.484 Y87.92 E1162.02003
G1 X28.014 Y88.158 E1162.03755
G1 X27.605 Y88.516 E1162.05563
G1 X27.278 Y88.99 E1162.07479
G1 X27.09 Y89.504 E1162.09299
G1 X27.041 Y89.975 E1162.10874
G1 X27.095 Y90.516 E1162.12682
G1 X27.276 Y91.006 E1162.1442
G1 X27.58 Y91.453 E1162.16218
G1 X28.011 Y91.839 E1162.18142
G1 X28.486 Y92.08 E1162.19913
G1 X28.953 Y92.196 E1162.21514
G1 X29.555 Y92.195 E1162.23516
G1 X30.043 Y92.064 E1162.25197
G1 X30.493 Y91.838 E1162.26872
G1 F2700 E1157.26872
G0 F9000 X30.352 Y91.617
G0 X31.046 Y90.949
G0 X48.47 Y88.528
G0 X66.359 Y89.464
G1 F2700 E1162.26872
G1 F1500 X66.704 Y89.101 E1162.28537
G1 X67.026 Y88.377 E1162.31173
G1 X67.006 Y87.754 E1162.33246
G1 X66.885 Y87.301 E1162.34805
G1 X66.387 Y86.257 E1162.38653
G1 X65.986 Y85.677 E1162.40998
G1 X65.577 Y85.295 E1162.42859
G1 X65.154 Y85.092 E1162.4442
G1 X64.78 Y85.004 E1162.45698
G1 X64.182 Y85.003 E1162.47687
G1 X63.26 Y85.366 E1162.50982
G1 X62.448 Y85.747 E1162.53966
G1 X60.671 Y86.296 E1162.60152
G1 X59.503 Y86.531 E1162.64114
G1 X58.458 Y86.62 E1162.67602
G1 X56.115 Y86.582 E1162.75396
G1 X55.099 Y86.422 E1162.78817
G1 X54.4 Y86.199 E1162.81257
G1 X53.632 Y85.83 E1162.84091
G1 X52.693 Y85.14 E1162.87967
G1 X51.949 Y84.281 E1162.91747
G1 X51.409 Y83.304 E1162.9546
G1 X51.077 Y82.244 E1162.99154
G1 X50.947 Y81.115 E1163.02934
G1 X51.033 Y79.976 E1163.06733
G1 X51.34 Y78.887 E1163.10496
G1 X51.865 Y77.882 E1163.14268
G1 X52.225 Y77.41 E1163.16242
G1 X52.675 Y76.954 E1163.18373
G1 X53.743 Y76.213 E1163.22696
G1 X55.026 Y75.669 E1163.27331
G1 X56.021 Y75.424 E1163.30739
G1 X56.981 Y75.335 E1163.33946
G1 X58.576 Y75.336 E1163.39251
G1 X60.048 Y75.52 E1163.44185
G1 X61.881 Y75.918 E1163.50424
G1 X62.677 Y76.122 E1163.53157
G1 X62.692 Y77.524 E1163.5782
G1 X62.659 Y78.381 E1163.60673
G1 X62.541 Y78.45 E1163.61127
G1 X62.324 Y78.488 E1163.6186
G1 X58.563 Y78.492 E1163.74369
G1 X58 Y78.505 E1163.76242
G1 X57.518 Y78.639 E1163.77906
G1 X57.242 Y78.761 E1163.7891
G1 X56.752 Y79.195 E1163.81087
G1 X56.471 Y79.819 E1163.83363
G1 X56.412 Y80.343 E1163.85117
G1 X56.414 Y80.883 E1163.86913
G1 X56.488 Y81.593 E1163.89287
G1 X56.68 Y82.051 E1163.90939
G1 X57.04 Y82.453 E1163.92734
G1 X57.305 Y82.626 E1163.93786
G1 X57.908 Y82.762 E1163.95842
G1 X58.356 Y82.785 E1163.97334
G1 X66.123 Y82.775 E1164.23167
G1 X66.714 Y82.665 E1164.25167
G1 X67.356 Y82.226 E1164.27754
G1 X67.69 Y81.623 E1164.30046
G1 X67.792 Y81.139 E1164.31692
G1 X67.831 Y80.467 E1164.3393
G1 X67.818 Y79.925 E1164.35734
G1 X67.896 Y78.688 E1164.39856
G1 X67.896 Y77.358 E1164.4428
G1 X67.817 Y76.477 E1164.47222
G1 X67.817 Y74.982 E1164.52194
G1 X67.789 Y74.337 E1164.54341
G1 X67.709 Y73.842 E1164.56009
G1 X67.55 Y73.428 E1164.57484
G1 X67.235 Y72.984 E1164.59295
G1 X66.867 Y72.644 E1164.60961
G1 X66.258 Y72.258 E1164.63359
G1 X65.487 Y71.905 E1164.6618
G1 X64.36 Y71.524 E1164.70136
G1 X62.257 Y71.023 E1164.77327
G1 X60.719 Y70.789 E1164.82501
G1 X59.874 Y70.741 E1164.85316
G1 X58.468 Y70.626 E1164.90008
G1 X56.89 Y70.625 E1164.95257
G1 X55.456 Y70.707 E1165.00034
G1 X54.34 Y70.858 E1165.0378
G1 X53.271 Y71.1 E1165.07425
G1 X50.972 Y71.853 E1165.15471
G1 X49.053 Y72.893 E1165.22731
G1 X47.682 Y74.043 E1165.28683
G1 X46.553 Y75.471 E1165.34737
G1 X46.012 Y76.543 E1165.38731
G1 X45.569 Y77.759 E1165.43036
G1 X45.395 Y78.446 E1165.45393
G1 X45.327 Y79.009 E1165.47279
G1 X45.323 Y82.562 E1165.59096
G1 X45.496 Y83.767 E1165.63145
G1 X46.177 Y85.635 E1165.69758
G1 X47.068 Y87.212 E1165.75782
G1 X48.348 Y88.661 E1165.82213
G1 X49.877 Y89.806 E1165.88566
G1 X51.475 Y90.605 E1165.94509
G1 X53.158 Y91.146 E1166.00388
G1 X56.011 Y91.568 E1166.09981
G1 X57.992 Y91.572 E1166.1657
G1 X58.91 Y91.509 E1166.1963
G1 X61.774 Y91.126 E1166.29241
G1 X63.578 Y90.673 E1166.35427
G1 X65.254 Y90.065 E1166.41357
G1 X65.958 Y89.74 E1166.43936
G1 X66.359 Y89.464 E1166.45555
G1 F2700 E1161.45555
G0 F9000 X66.234 Y89.222
G0 X66.847 Y88.34
G0 X74.658 Y84.612
G0 X81.068 Y91.002
G1 F2700 E1166.45555
G1 F1500 X81.529 Y90.737 E1166.47324
G1 X81.958 Y90.332 E1166.49286
G1 X82.251 Y89.876 E1166.51089
G1 X90.788 Y73.128 E1167.13612
G1 X91.025 Y72.47 E1167.15938
G1 X91.031 Y72 E1167.17501
G1 X90.933 Y71.663 E1167.18669
G1 X90.72 Y71.353 E1167.1992
G1 X90.476 Y71.1 E1167.21089
G1 X89.893 Y70.877 E1167.23165
G1 X86.89 Y70.88 E1167.33153
G1 X86.343 Y70.948 E1167.34986
G1 X85.873 Y71.126 E1167.36658
G1 X85.332 Y71.465 E1167.38781
G1 X84.893 Y72.058 E1167.41235
G1 X84.476 Y72.885 E1167.44316
G1 X84.208 Y73.349 E1167.46098
G1 X83.988 Y73.492 E1167.46971
G1 X75.368 Y73.499 E1167.75641
G1 X74.881 Y73.471 E1167.77263
G1 X74.745 Y73.377 E1167.77813
G1 X74.61 Y73.209 E1167.7853
G1 X73.926 Y71.831 E1167.83647
G1 X73.565 Y71.429 E1167.85444
G1 X73.143 Y71.133 E1167.87158
G1 X72.66 Y70.954 E1167.88872
G1 X72.138 Y70.88 E1167.90625
G1 X70.506 Y70.874 E1167.96053
G1 X69.924 Y70.89 E1167.9799
G1 X69.435 Y71.056 E1167.99707
G1 X69.164 Y71.229 E1168.00777
G1 X68.881 Y71.626 E1168.02398
G1 X68.762 Y71.99 E1168.03672
G1 X68.745 Y72.464 E1168.05249
G1 X68.957 Y73.038 E1168.07285
G1 X76.926 Y89.735 E1168.6882
G1 X77.168 Y90.148 E1168.70412
G1 X77.461 Y90.508 E1168.71956
G1 X77.887 Y90.845 E1168.73762
G1 X78.304 Y91.046 E1168.75302
G1 X78.756 Y91.189 E1168.76879
G1 X79.65 Y91.269 E1168.79864
G1 X80.55 Y91.169 E1168.82876
G1 X81.068 Y91.002 E1168.84686
G1 F2700 E1163.84686
G0 F9000 X80.97 Y90.76
G0 X81.811 Y90.228
G0 X92.749 Y90.155
G0 X106.329 Y91.115
G1 F2700 E1168.84686
G1 F1500 X108.085 Y90.801 E1168.90619
G1 X109.683 Y90.221 E1168.96274
G1 X110.86 Y89.453 E1169.00948
G1 X111.674 Y88.597 E1169.04877
G1 X112.269 Y87.55 E1169.08882
G1 X112.611 Y86.374 E1169.12956
G1 X112.748 Y85.245 E1169.16738
G1 X112.722 Y84.709 E1169.18523
G1 X112.68 Y84.451 E1169.19392
G1 X112.68 Y83.637 E1169.221
G1 X112.333 Y82.398 E1169.26379
G1 X111.772 Y81.378 E1169.30251
G1 X111.12 Y80.632 E1169.33546
G1 X110.379 Y80.075 E1169.3663
G1 X108.574 Y79.243 E1169.4324
G1 X108.162 Y79.073 E1169.44723
G1 X108.622 Y78.405 E1169.4742
G1 X110.79 Y75.343 E1169.59899
G1 X111.505 Y74.261 E1169.64212
G1 X112.463 Y72.859 E1169.6986
G1 X112.633 Y72.347 E1169.71654
G1 X112.633 Y71.946 E1169.72988
G1 X112.544 Y71.625 E1169.74096
G1 X112.245 Y71.208 E1169.75803
G1 X111.93 Y71.02 E1169.77023
G1 X111.381 Y70.877 E1169.7891
G1 X108.604 Y70.874 E1169.88146
G1 X107.939 Y70.949 E1169.90372
G1 X107.395 Y71.162 E1169.92315
G1 X107.006 Y71.425 E1169.93877
G1 X106.67 Y71.768 E1169.95474
G1 X106.454 Y72.048 E1169.9665
G1 X106.064 Y72.633 E1169.98988
G1 X102.336 Y77.846 E1170.20304
G1 X102.048 Y78.141 E1170.21675
G1 X101.817 Y78.294 E1170.22597
G1 X101.587 Y78.375 E1170.23408
G1 X101.115 Y78.42 E1170.24985
G1 X98.044 Y78.423 E1170.35199
G1 X98.044 Y72.77 E1170.54001
G1 X97.98 Y72.031 E1170.56468
G1 X97.802 Y71.565 E1170.58127
G1 X97.414 Y71.141 E1170.60039
G1 X97.131 Y71.002 E1170.61088
G1 X96.605 Y70.89 E1170.62876
G1 X96.082 Y70.874 E1170.64617
G1 X94.231 Y70.875 E1170.70773
G1 X93.677 Y70.913 E1170.7262
G1 X93.394 Y71.009 E1170.73614
G1 X92.879 Y71.356 E1170.75679
G1 X92.618 Y71.72 E1170.77169
G1 X92.404 Y72.344 E1170.79363
G1 X92.398 Y89.181 E1171.35363
G1 X92.445 Y89.751 E1171.37266
G1 X92.582 Y90.222 E1171.38897
G1 X92.973 Y90.759 E1171.41106
G1 X93.549 Y91.11 E1171.4335
G1 X93.805 Y91.185 E1171.44237
G1 X94.786 Y91.261 E1171.4751
G1 X95.557 Y91.252 E1171.50074
G1 X103.075 Y91.251 E1171.75079
G1 X106.329 Y91.115 E1171.85912
G1 F2700 E1166.85912
G0 F9000 X106.307 Y90.857
G0 X109.595 Y90.064
G0 X116.263 Y90.127
G0 X117.102 Y91.116
G1 F2700 E1171.85912
G1 F1500 X117.361 Y91.188 E1171.86806
G1 X118.739 Y91.263 E1171.91396
G1 X120.15 Y91.251 E1171.96089
G1 X120.85 Y91.185 E1171.98427
G1 X121.461 Y90.999 E1172.00552
G1 X121.936 Y90.708 E1172.02404
G1 X122.304 Y90.37 E1172.04066
G1 X122.827 Y89.583 E1172.07209
G1 X123.262 Y88.755 E1172.1032
G1 X126.288 Y83.217 E1172.3131
G1 X127.642 Y80.695 E1172.40831
G1 X129.313 Y83.725 E1172.52339
G1 X132.718 Y89.771 E1172.75418
G1 X133.336 Y90.593 E1172.78839
G1 X133.793 Y90.937 E1172.80741
G1 X134.341 Y91.134 E1172.82678
G1 X135.945 Y91.272 E1172.88033
G1 X137.447 Y91.25 E1172.93029
G1 X138.048 Y91.188 E1172.95038
G1 X138.541 Y91.016 E1172.96775
G1 X139.085 Y90.54 E1172.99179
G1 X139.322 Y90.109 E1173.00815
G1 X139.435 Y89.519 E1173.02813
G1 X139.436 Y72.417 E1173.59695
G1 X139.288 Y71.801 E1173.61802
G1 X138.95 Y71.346 E1173.63687
G1 X138.762 Y71.184 E1173.64512
G1 X138.273 Y70.939 E1173.66331
G1 X137.85 Y70.881 E1173.67752
G1 X136.274 Y70.851 E1173.72994
G1 X135.321 Y70.941 E1173.76178
G1 X134.81 Y71.115 E1173.77974
G1 X134.487 Y71.348 E1173.79298
G1 X134.268 Y71.569 E1173.80333
G1 X134.024 Y72.115 E1173.82322
G1 X133.968 Y72.63 E1173.84045
G1 X133.968 Y81.611 E1174.13916
G1 X130.192 Y74.678 E1174.40174
G1 X129.029 Y72.484 E1174.48433
G1 X128.637 Y71.866 E1174.50867
G1 X128.211 Y71.552 E1174.52627
G1 X127.961 Y71.437 E1174.53542
G1 X127.465 Y71.35 E1174.55217
G1 X126.955 Y71.488 E1174.56974
G1 X126.764 Y71.592 E1174.57698
G1 X126.375 Y71.926 E1174.59403
G1 X126.212 Y72.144 E1174.60308
G1 X124.851 Y74.666 E1174.6984
G1 X122.29 Y79.495 E1174.8802
G1 X121.077 Y81.71 E1174.9642
G1 X121.076 Y72.525 E1175.26969
G1 X121.053 Y72.167 E1175.28162
G1 X120.978 Y71.833 E1175.29301
G1 X120.715 Y71.432 E1175.30896
G1 X120.523 Y71.241 E1175.31797
G1 X120.099 Y70.986 E1175.33442
G1 X119.53 Y70.879 E1175.35368
G1 X117.636 Y70.879 E1175.41667
G1 X117.173 Y70.931 E1175.43217
G1 X116.74 Y71.09 E1175.44751
G1 X116.368 Y71.4 E1175.46362
G1 X116.222 Y71.587 E1175.47151
G1 X116.029 Y71.983 E1175.48616
G1 X115.945 Y72.458 E1175.5022
G1 X115.934 Y72.921 E1175.51761
G1 X115.935 Y89.175 E1176.05822
G1 X115.975 Y89.755 E1176.07756
G1 X116.103 Y90.207 E1176.09318
G1 X116.505 Y90.77 E1176.11619
G1 X117.102 Y91.116 E1176.13914
G1 F2700 E1171.13914
G0 F9000 X116.691 Y90.584
G0 X118.752 Y90.742
G0 X120.755 Y90.673
G0 X122.158 Y90.232
G0 X127.643 Y80.345
G0 X133.267 Y90.183
G0 X134.433 Y90.618
G0 X135.983 Y90.751
G0 X137.946 Y90.678
G0 X139.154 Y90.042
G0 X144.553 Y90.263
G0 X145.507 Y91.187
G1 F2700 E1176.13914
G1 F1500 X147.782 Y91.251 E1176.21484
G1 X148.392 Y91.212 E1176.23517
G1 X148.831 Y91.086 E1176.25036
G1 X149.423 Y90.667 E1176.27448
G1 X149.775 Y90.037 E1176.29848
G1 X149.857 Y89.473 E1176.31744
G1 X149.862 Y72.642 E1176.87724
G1 X149.789 Y72.064 E1176.89662
G1 X149.575 Y71.574 E1176.9144
G1 X149.238 Y71.227 E1176.93049
G1 X148.708 Y70.958 E1176.95026
G1 X148.201 Y70.878 E1176.96733
G1 X146.014 Y70.874 E1177.04007
G1 X145.401 Y70.914 E1177.0605
G1 X145.09 Y71.022 E1177.07145
G1 X144.675 Y71.318 E1177.0884
G1 X144.485 Y71.546 E1177.09828
G1 X144.286 Y71.942 E1177.11302
G1 X144.216 Y72.413 E1177.12885
G1 X144.213 Y89.326 E1177.69138
G1 X144.255 Y89.905 E1177.71069
G1 X144.392 Y90.349 E1177.72615
G1 X144.738 Y90.764 E1177.74412
G1 X144.935 Y90.909 E1177.75225
G1 X145.507 Y91.187 E1177.7734
G1 F2700 E1172.7734
G0 F9000 X145.23 Y90.765
G0 X148.306 Y90.696
G0 X149.605 Y89.983
G0 X154.984 Y90.012
G0 X155.536 Y90.994
G1 F2700 E1177.7734
G1 F1500 X156.054 Y91.196 E1177.7919
G1 X157.635 Y91.274 E1177.84455
G1 X158.727 Y91.208 E1177.88093
G1 X159.284 Y91.105 E1177.89977
G1 X159.69 Y90.977 E1177.91393
G1 X160.387 Y90.579 E1177.94063
G1 X160.862 Y90.14 E1177.96214
G1 X161.148 Y89.819 E1177.97644
G1 X163.172 Y87.711 E1178.07364
G1 X164.905 Y85.969 E1178.15536
G1 X170.79 Y79.853 E1178.43766
G1 X170.79 Y87.521 E1178.6927
G1 X170.773 Y88.814 E1178.73571
G1 X170.855 Y89.741 E1178.76666
G1 X171.03 Y90.313 E1178.78656
G1 X171.344 Y90.731 E1178.80394
G1 X171.571 Y90.901 E1178.81338
G1 X172.016 Y91.133 E1178.83007
G1 X172.573 Y91.238 E1178.84892
G1 X173.012 Y91.251 E1178.86353
G1 X174.128 Y91.247 E1178.90065
G1 X174.772 Y91.181 E1178.92218
G1 X175.24 Y91.017 E1178.93867
G1 X175.645 Y90.685 E1178.95609
G1 X175.809 Y90.465 E1178.96522
G1 X176.021 Y89.983 E1178.98273
G1 X176.088 Y89.6 E1178.99566
G1 X176.189 Y85.401 E1179.13536
G1 X176.106 Y84.3 E1179.17209
G1 X176.107 Y82.819 E1179.22134
G1 X176.189 Y81.697 E1179.25876
G1 X176.19 Y80.193 E1179.30878
G1 X176.106 Y79.051 E1179.34687
G1 X176.106 Y77.485 E1179.39896
G1 X176.19 Y76.335 E1179.43731
G1 X176.19 Y74.862 E1179.4863
G1 X176.107 Y73.56 E1179.52969
G1 X176.122 Y72.711 E1179.55793
G1 X176.018 Y72.044 E1179.58039
G1 X175.732 Y71.505 E1179.60068
G1 X175.532 Y71.285 E1179.61057
G1 X175.061 Y70.985 E1179.62914
G1 X174.497 Y70.881 E1179.64822
G1 X172.666 Y70.88 E1179.70912
G1 X172.104 Y70.946 E1179.72794
G1 X171.494 Y71.162 E1179.74946
G1 X171.015 Y71.45 E1179.76805
G1 X170.256 Y72.142 E1179.80221
G1 X169.686 Y72.785 E1179.83079
G1 X168.758 Y73.734 E1179.87494
G1 X161.683 Y81.101 E1180.21466
G1 X160.104 Y82.709 E1180.28962
G1 X160.104 Y72.657 E1180.62395
G1 X160.064 Y72.098 E1180.64259
G1 X159.936 Y71.782 E1180.65393
G1 X159.625 Y71.324 E1180.67234
G1 X159.039 Y70.973 E1180.69506
G1 X158.529 Y70.878 E1180.71232
G1 X156.443 Y70.876 E1180.7817
G1 X156.034 Y70.911 E1180.79535
G1 X155.55 Y71.046 E1180.81206
G1 X155.05 Y71.432 E1180.83307
G1 X154.818 Y71.894 E1180.85027
G1 X154.743 Y72.155 E1180.8593
G1 X154.711 Y72.724 E1180.87825
G1 X154.793 Y76.262 E1180.99596
G1 X154.713 Y77.344 E1181.03205
G1 X154.713 Y79.189 E1181.09341
G1 X154.796 Y80.279 E1181.12977
G1 X154.796 Y81.592 E1181.17344
G1 X154.713 Y82.676 E1181.2096
G1 X154.713 Y84.436 E1181.26814
G1 X154.796 Y85.527 E1181.30453
G1 X154.796 Y86.845 E1181.34837
G1 X154.712 Y88.016 E1181.38741
G1 X154.711 Y89.25 E1181.42846
G1 X154.811 Y90.063 E1181.4557
G1 X155.004 Y90.487 E1181.47119
G1 X155.165 Y90.692 E1181.47986
G1 X155.536 Y90.994 E1181.49578
G1 F2700 E1176.49578
G0 F9000 X156.068 Y90.924
G0 X157.617 Y91.095
G0 X158.496 Y94.707
G0 X164.622 Y108.91
G1 F2700 E1181.49578
G1 F1500 X165.379 Y109.023 E1181.52123
G1 X165.98 Y108.909 E1181.54158
G1 X166.298 Y108.775 E1181.55306
G1 X166.782 Y108.427 E1181.57288
G1 X167.222 Y107.839 E1181.59731
G1 X172.192 Y99.238 E1181.9277
G1 X173.352 Y97.17 E1182.00657
G1 X173.5 Y96.613 E1182.02574
G1 X173.518 Y96.131 E1182.04178
G1 X173.413 Y95.646 E1182.05828
G1 X173.011 Y95.023 E1182.08294
G1 X172.392 Y94.601 E1182.10786
G1 X171.947 Y94.442 E1182.12358
G1 X171.518 Y94.353 E1182.13815
G1 X171.009 Y94.329 E1182.1551
G1 X169.84 Y94.407 E1182.19407
G1 X168.431 Y94.406 E1182.24093
G1 X167.329 Y94.327 E1182.27768
G1 X165.41 Y94.33 E1182.3415
G1 X164.612 Y94.407 E1182.36817
G1 X163.097 Y94.407 E1182.41856
G1 X162.011 Y94.328 E1182.45477
G1 X160.27 Y94.329 E1182.51268
G1 X159.263 Y94.405 E1182.54627
G1 X158.453 Y94.532 E1182.57354
G1 X158.103 Y94.688 E1182.58628
G1 X157.863 Y94.855 E1182.59601
G1 X157.531 Y95.185 E1182.61158
G1 X157.395 Y95.426 E1182.62078
G1 X157.179 Y96.085 E1182.64385
G1 X157.226 Y96.862 E1182.66974
G1 X157.441 Y97.413 E1182.68941
G1 X157.687 Y97.862 E1182.70644
G1 X158.757 Y99.666 E1182.7762
G1 X159.336 Y100.747 E1182.81699
G1 X162.31 Y105.838 E1183.01309
G1 X163.201 Y107.441 E1183.07409
G1 X163.812 Y108.267 E1183.10826
G1 X164.181 Y108.615 E1183.12513
G1 X164.622 Y108.91 E1183.14278
G1 F2700 E1178.14278
G0 F9000 X164.72 Y108.668
G0 X165.947 Y108.731
G0 X188.952 Y155.048
G0 X189.078 Y157.451
G1 F2700 E1183.14278
G1 F1500 X189.512 Y157.839 E1183.16214
G1 X189.985 Y158.079 E1183.17978
G1 X190.45 Y158.196 E1183.19573
G1 X191.025 Y158.199 E1183.21485
G1 X191.518 Y158.08 E1183.23172
G1 X191.984 Y157.843 E1183.24911
G1 X192.421 Y157.452 E1183.26861
G1 X192.699 Y157.055 E1183.28473
G1 X192.908 Y156.512 E1183.30408
G1 X192.96 Y156 E1183.3212
G1 X192.907 Y155.494 E1183.33812
G1 X192.721 Y154.987 E1183.35608
G1 X192.421 Y154.549 E1183.37374
G1 X191.989 Y154.161 E1183.39305
G1 X191.514 Y153.92 E1183.41077
G1 X191.047 Y153.804 E1183.42677
G1 X190.446 Y153.805 E1183.44676
G1 X189.955 Y153.936 E1183.46367
G1 X189.507 Y154.164 E1183.48039
G1 X189.116 Y154.509 E1183.49773
G1 X188.804 Y154.947 E1183.51561
G1 X188.613 Y155.437 E1183.53311
G1 X188.534 Y155.989 E1183.55165
G1 X188.607 Y156.556 E1183.57067
G1 X188.777 Y157.008 E1183.58673
G1 X189.078 Y157.451 E1183.60454
G1 F2700 E1178.60454
G0 F9000 X189.428 Y157.424
G0 X189.107 Y156.404
G0 X189.057 Y156
G0 X189.107 Y155.596
G0 X190.022 Y154.103
G0 X190.022 Y60.8
G0 X193.53 Y61.159
G1 F2700 E1183.60454
G1 F1500 X193.589 Y61.219 E1183.60734
G0 F9000 X193.589 Y61.784
G1 F1500 X192.964 Y61.159 E1183.63674
G0 F9000 X192.398 Y61.159
G1 F1500 X193.589 Y62.35 E1183.69276
G0 F9000 X193.589 Y62.916
G1 F1500 X191.833 Y61.159 E1183.77538
G0 F9000 X191.267 Y61.159
G1 F1500 X193.589 Y63.481 E1183.8846
G0 F9000 X193.589 Y64.047
G1 F1500 X190.701 Y61.159 E1184.02044
G0 F9000 X190.136 Y61.159
G1 F1500 X193.589 Y64.613 E1184.18289
G0 F9000 X193.589 Y65.178
G1 F1500 X189.57 Y61.159 E1184.37193
G0 F9000 X189.004 Y61.159
G1 F1500 X193.589 Y65.744 E1184.58759
G0 F9000 X193.589 Y66.31
G1 F1500 X188.439 Y61.159 E1184.82985
G0 F9000 X187.873 Y61.159
G1 F1500 X193.589 Y66.876 E1185.09874
G0 F9000 X193.589 Y67.441
G1 F1500 X187.307 Y61.159 E1185.39423
G0 F9000 X186.741 Y61.159
G1 F1500 X193.589 Y68.007 E1185.71634
G0 F9000 X193.589 Y68.573
G1 F1500 X186.176 Y61.159 E1186.06504
G0 F9000 X185.61 Y61.159
G1 F1500 X193.589 Y69.138 E1186.44035
G0 F9000 X193.589 Y69.704
G1 F1500 X185.044 Y61.159 E1186.84228
G0 F9000 X184.479 Y61.159
G1 F1500 X193.589 Y70.27 E1187.27081
G0 F9000 X193.589 Y70.835
G1 F1500 X183.913 Y61.159 E1187.72594
G0 F9000 X183.347 Y61.159
G1 F1500 X193.589 Y71.401 E1188.20769
G0 F9000 X193.589 Y71.967
G1 F1500 X182.782 Y61.159 E1188.71605
G0 F9000 X182.216 Y61.159
G1 F1500 X193.589 Y72.532 E1189.251
G0 F9000 X193.589 Y73.098
G1 F1500 X181.65 Y61.159 E1189.81257
G0 F9000 X181.085 Y61.159
G1 F1500 X193.589 Y73.664 E1190.40074
G0 F9000 X193.589 Y74.229
G1 F1500 X180.519 Y61.159 E1191.01552
G0 F9000 X179.953 Y61.159
G1 F1500 X193.589 Y74.795 E1191.65691
G0 F9000 X193.589 Y75.361
G1 F1500 X179.388 Y61.159 E1192.32491
G0 F9000 X178.822 Y61.159
G1 F1500 X193.589 Y75.927 E1193.01953
G0 F9000 X193.589 Y76.492
G1 F1500 X178.256 Y61.159 E1193.74074
G0 F9000 X177.69 Y61.159
G1 F1500 X193.589 Y77.058 E1194.48858
G0 F9000 X193.589 Y77.624
G1 F1500 X177.125 Y61.159 E1195.26302
G0 F9000 X176.559 Y61.159
G1 F1500 X193.589 Y78.189 E1196.06406
G0 F9000 X193.589 Y78.755
G1 F1500 X175.993 Y61.159 E1196.89172
G0 F9000 X175.428 Y61.159
G1 F1500 X193.589 Y79.321 E1197.74599
G0 F9000 X193.589 Y79.886
G1 F1500 X174.862 Y61.159 E1198.62685
G0 F9000 X174.296 Y61.159
G1 F1500 X193.589 Y80.452 E1199.53433
G0 F9000 X193.589 Y81.018
G1 F1500 X173.731 Y61.159 E1200.46841
G0 F9000 X173.165 Y61.159
G1 F1500 X193.589 Y81.583 E1201.42909
G0 F9000 X193.589 Y82.149
G1 F1500 X172.599 Y61.159 E1202.4164
G0 F9000 X172.034 Y61.159
G1 F1500 X193.589 Y82.715 E1203.4303
G0 F9000 X193.589 Y83.28
G1 F1500 X171.468 Y61.159 E1204.47081
G0 F9000 X170.902 Y61.159
G1 F1500 X193.589 Y83.846 E1205.53794
G0 F9000 X193.589 Y84.412
G1 F1500 X170.337 Y61.159 E1206.63166
G0 F9000 X169.771 Y61.159
G1 F1500 X193.589 Y84.977 E1207.75199
G0 F9000 X193.589 Y85.543
G1 F1500 X169.205 Y61.159 E1208.89894
G0 F9000 X168.64 Y61.159
G1 F1500 X193.589 Y86.109 E1210.07248
G0 F9000 X193.589 Y86.675
G1 F1500 X168.074 Y61.159 E1211.27265
G0 F9000 X167.508 Y61.159
G1 F1500 X193.589 Y87.24 E1212.49943
G0 F9000 X193.589 Y87.806
G1 F1500 X166.942 Y61.159 E1213.75282
G0 F9000 X166.377 Y61.159
G1 F1500 X193.589 Y88.372 E1215.03281
G0 F9000 X193.555 Y88.903
G1 F1500 X165.811 Y61.159 E1216.3378
G0 F9000 X165.245 Y61.159
G1 F1500 X174.825 Y70.738 E1216.78839
G0 F9000 X174.203 Y70.683
G1 F1500 X164.68 Y61.159 E1217.23635
G0 F9000 X164.114 Y61.159
G1 F1500 X173.637 Y70.682 E1217.68428
G0 F9000 X173.07 Y70.68
G1 F1500 X163.548 Y61.159 E1218.13215
G0 F9000 X162.983 Y61.159
G1 F1500 X172.518 Y70.695 E1218.58067
G0 F9000 X172.022 Y70.764
G1 F1500 X162.417 Y61.159 E1219.03246
G0 F9000 X161.851 Y61.159
G1 F1500 X171.6 Y70.908 E1219.49102
G0 F9000 X171.22 Y71.093
G1 F1500 X161.286 Y61.159 E1219.95828
G0 F9000 X160.72 Y61.159
G1 F1500 X170.868 Y71.308 E1220.43564
G0 F9000 X170.573 Y71.579
G1 F1500 X160.154 Y61.159 E1220.92574
G0 F9000 X159.589 Y61.159
G1 F1500 X170.279 Y71.849 E1221.42856
G0 F9000 X169.996 Y72.132
G1 F1500 X159.023 Y61.159 E1221.9447
G0 F9000 X158.457 Y61.159
G1 F1500 X169.73 Y72.432 E1222.47495
G0 F9000 X169.461 Y72.729
G1 F1500 X157.891 Y61.159 E1223.01917
G0 F9000 X157.326 Y61.159
G1 F1500 X169.181 Y73.015 E1223.57681
G0 F9000 X168.901 Y73.3
G1 F1500 X156.76 Y61.159 E1224.14789
G0 F9000 X156.194 Y61.159
G1 F1500 X168.621 Y73.586 E1224.73241
G0 F9000 X168.344 Y73.874
G1 F1500 X155.629 Y61.159 E1225.33049
G0 F9000 X155.063 Y61.159
G1 F1500 X168.067 Y74.163 E1225.94216
G0 F9000 X167.79 Y74.452
G1 F1500 X154.497 Y61.159 E1226.56742
G0 F9000 X153.932 Y61.159
G1 F1500 X167.513 Y74.741 E1227.20625
G0 F9000 X167.236 Y75.029
G1 F1500 X153.366 Y61.159 E1227.85865
G0 F9000 X152.8 Y61.159
G1 F1500 X166.959 Y75.318 E1228.52465
G0 F9000 X166.682 Y75.606
G1 F1500 X152.235 Y61.159 E1229.20419
G0 F9000 X151.669 Y61.159
G1 F1500 X166.404 Y75.895 E1229.89731
G0 F9000 X166.127 Y76.183
G1 F1500 X151.103 Y61.159 E1230.60399
G0 F9000 X150.538 Y61.159
G1 F1500 X165.85 Y76.472 E1231.32424
G0 F9000 X165.573 Y76.76
G1 F1500 X149.972 Y61.159 E1232.05806
G0 F9000 X149.406 Y61.159
G1 F1500 X159.014 Y70.767 E1232.51
G0 F9000 X158.361 Y70.68
G1 F1500 X148.841 Y61.159 E1232.95781
G0 F9000 X148.275 Y61.159
G1 F1500 X157.794 Y70.678 E1233.40556
G0 F9000 X157.228 Y70.678
G1 F1500 X147.709 Y61.159 E1233.8533
G0 F9000 X147.143 Y61.159
G1 F1500 X156.66 Y70.676 E1234.30095
G0 F9000 X156.121 Y70.702
G1 F1500 X146.578 Y61.159 E1234.74982
G0 F9000 X146.012 Y61.159
G1 F1500 X155.659 Y70.806 E1235.20359
G0 F9000 X155.284 Y70.997
G1 F1500 X145.446 Y61.159 E1235.66634
G0 F9000 X144.881 Y61.159
G1 F1500 X154.965 Y71.244 E1236.14068
G0 F9000 X154.747 Y71.591
G1 F1500 X144.315 Y61.159 E1236.63137
G0 F9000 X143.749 Y61.159
G1 F1500 X154.581 Y71.991 E1237.14088
G0 F9000 X154.522 Y72.498
G1 F1500 X143.184 Y61.159 E1237.6742
G0 F9000 X142.618 Y61.159
G1 F1500 X154.518 Y73.059 E1238.23394
G0 F9000 X154.531 Y73.638
G1 F1500 X142.052 Y61.159 E1238.82092
G0 F9000 X141.487 Y61.159
G1 F1500 X154.545 Y74.217 E1239.43513
G0 F9000 X154.558 Y74.797
G1 F1500 X140.921 Y61.159 E1240.07659
G0 F9000 X140.355 Y61.159
G1 F1500 X154.572 Y75.376 E1240.74532
G0 F9000 X154.585 Y75.955
G1 F1500 X139.79 Y61.159 E1241.44125
G0 F9000 X139.224 Y61.159
G1 F1500 X148.895 Y70.83 E1241.89614
G0 F9000 X148.178 Y70.679
G1 F1500 X138.658 Y61.159 E1242.34394
G0 F9000 X138.093 Y61.159
G1 F1500 X147.611 Y70.678 E1242.79166
G0 F9000 X147.044 Y70.676
G1 F1500 X137.527 Y61.159 E1243.23931
G0 F9000 X136.961 Y61.159
G1 F1500 X146.476 Y70.674 E1243.68686
G0 F9000 X145.914 Y70.678
G1 F1500 X136.395 Y61.159 E1244.13461
G0 F9000 X135.83 Y61.159
G1 F1500 X145.385 Y70.714 E1244.58405
G0 F9000 X144.968 Y70.864
G1 F1500 X135.264 Y61.159 E1245.04052
G0 F9000 X134.698 Y61.159
G1 F1500 X144.64 Y71.101 E1245.50816
G0 F9000 X144.359 Y71.385
G1 F1500 X134.133 Y61.159 E1245.98916
G0 F9000 X133.567 Y61.159
G1 F1500 X144.158 Y71.75 E1246.48733
G0 F9000 X144.042 Y72.2
G1 F1500 X133.001 Y61.159 E1247.00666
G0 F9000 X132.436 Y61.159
G1 F1500 X144.016 Y72.74 E1247.55137
G0 F9000 X144.016 Y73.305
G1 F1500 X131.87 Y61.159 E1248.12268
G0 F9000 X131.304 Y61.159
G1 F1500 X144.016 Y73.871 E1248.72062
G0 F9000 X144.016 Y74.437
G1 F1500 X130.739 Y61.159 E1249.34515
G0 F9000 X130.173 Y61.159
G1 F1500 X144.015 Y75.002 E1249.99626
G0 F9000 X144.015 Y75.567
G1 F1500 X129.607 Y61.159 E1250.67397
G0 F9000 X129.042 Y61.159
G1 F1500 X139.09 Y71.208 E1251.14662
G1 X139.108 Y71.226
G1 X144.015 Y76.133 E1251.37743
G0 F9000 X144.015 Y76.699
G1 F1500 X139.611 Y72.295 E1251.58458
G0 F9000 X139.633 Y72.882
G1 F1500 X144.015 Y77.264 E1251.79069
G0 F9000 X144.015 Y77.829
G1 F1500 X139.633 Y73.447 E1251.99681
G0 F9000 X139.633 Y74.013
G1 F1500 X144.015 Y78.395 E1252.20293
G0 F9000 X144.015 Y78.961
G1 F1500 X139.633 Y74.579 E1252.40904
G0 F9000 X139.633 Y75.144
G1 F1500 X144.015 Y79.526 E1252.61516
G0 F9000 X144.014 Y80.091
G1 F1500 X139.633 Y75.71 E1252.82123
G0 F9000 X139.633 Y76.276
G1 F1500 X144.014 Y80.657 E1253.02729
G0 F9000 X144.014 Y81.223
G1 F1500 X139.633 Y76.842 E1253.23336
G0 F9000 X139.633 Y77.407
G1 F1500 X144.014 Y81.788 E1253.43943
G0 F9000 X144.013 Y82.353
G1 F1500 X139.633 Y77.973 E1253.64545
G0 F9000 X139.633 Y78.539
G1 F1500 X144.013 Y82.919 E1253.85148
G0 F9000 X144.013 Y83.485
G1 F1500 X139.633 Y79.104 E1254.05752
G0 F9000 X139.633 Y79.67
G1 F1500 X144.013 Y84.05 E1254.26354
G0 F9000 X144.012 Y84.615
G1 F1500 X139.633 Y80.236 E1254.46952
G0 F9000 X139.633 Y80.801
G1 F1500 X144.012 Y85.181 E1254.67552
G0 F9000 X144.012 Y85.747
G1 F1500 X139.633 Y81.367 E1254.88151
G0 F9000 X139.633 Y81.933
G1 F1500 X144.012 Y86.312 E1255.08749
G0 F9000 X144.012 Y86.878
G1 F1500 X139.633 Y82.498 E1255.29349
G0 F9000 X139.633 Y83.064
G1 F1500 X144.012 Y87.443 E1255.49946
G0 F9000 X144.012 Y88.009
G1 F1500 X139.633 Y83.63 E1255.70544
G0 F9000 X139.633 Y84.195
G1 F1500 X144.012 Y88.575 E1255.91143
G0 F9000 X144.012 Y89.14
G1 F1500 X139.633 Y84.761 E1256.11741
G0 F9000 X139.633 Y85.327
G1 F1500 X144.038 Y89.732 E1256.32461
G0 F9000 X144.336 Y90.595
G1 F1500 X139.633 Y85.892 E1256.54582
G0 F9000 X139.633 Y86.458
G1 F1500 X193.589 Y140.415 E1259.08377
G0 F9000 X193.589 Y140.98
G1 F1500 X139.633 Y87.024 E1261.62169
G0 F9000 X139.633 Y87.59
G1 F1500 X193.589 Y141.546 E1264.15962
G0 F9000 X193.589 Y142.112
G1 F1500 X139.633 Y88.155 E1266.69757
G0 F9000 X139.633 Y88.721
G1 F1500 X193.589 Y142.677 E1269.23549
G0 F9000 X193.589 Y143.243
G1 F1500 X139.633 Y89.287 E1271.77342
G0 F9000 X139.581 Y89.801
G1 F1500 X193.589 Y143.809 E1274.31379
G0 F9000 X193.589 Y144.374
G1 F1500 X139.468 Y90.253 E1276.85947
G0 F9000 X139.268 Y90.619
G1 F1500 X193.589 Y144.94 E1279.41457
G0 F9000 X193.589 Y145.506
G1 F1500 X138.983 Y90.9 E1281.98307
G0 F9000 X138.682 Y91.165
G1 F1500 X193.589 Y146.071 E1284.5657
G0 F9000 X193.589 Y146.637
G1 F1500 X138.272 Y91.32 E1287.16764
G0 F9000 X137.8 Y91.414
G1 F1500 X193.589 Y147.203 E1289.79179
G0 F9000 X193.589 Y147.769
G1 F1500 X137.273 Y91.452 E1292.44074
G0 F9000 X136.716 Y91.461
G1 F1500 X193.589 Y148.334 E1295.11587
G0 F9000 X193.589 Y148.9
G1 F1500 X136.158 Y91.469 E1297.81725
G0 F9000 X135.562 Y91.438
G1 F1500 X193.589 Y149.466 E1300.54669
G0 F9000 X193.589 Y150.031
G1 F1500 X134.94 Y91.382 E1303.30536
G0 F9000 X134.319 Y91.327
G1 F1500 X193.589 Y150.597 E1306.09323
G0 F9000 X193.589 Y151.163
G1 F1500 X126.207 Y83.781 E1309.26268
G0 F9000 X126.007 Y84.147
G1 F1500 X193.589 Y151.728 E1312.4415
G0 F9000 X193.589 Y152.294
G1 F1500 X125.807 Y84.512 E1315.62976
G0 F9000 X125.607 Y84.878
G1 F1500 X193.589 Y152.86 E1318.82743
G0 F9000 X193.589 Y153.425
G1 F1500 X125.408 Y85.244 E1322.03445
G0 F9000 X125.208 Y85.61
G1 F1500 X193.589 Y153.991 E1325.25088
G0 F9000 X193.589 Y154.557
G1 F1500 X125.007 Y85.975 E1328.47677
G0 F9000 X124.807 Y86.341
G1 F1500 X193.414 Y154.947 E1331.70381
G1 X193.414 Y154.948
G1 X193.589 Y155.122 E1331.71202
G0 F9000 X193.589 Y155.688
G1 F1500 X192.962 Y155.061 E1331.74151
G0 F9000 X193.139 Y155.803
G1 F1500 X193.589 Y156.254 E1331.7627
G0 F9000 X193.123 Y156.354
G1 F1500 X193.589 Y156.82 E1331.78462
G0 F9000 X193.181 Y156.977
G1 F1500 X193.589 Y157.385 E1331.80381
G0 F9000 X193.589 Y157.951
G1 F1500 X192.84 Y157.202 E1331.83904
G0 F9000 X192.606 Y157.534
G1 F1500 X193.589 Y158.517 E1331.88528
G0 F9000 X193.346 Y158.839
G1 F1500 X192.322 Y157.815 E1331.93344
G0 F9000 X192.001 Y158.06
G1 F1500 X192.78 Y158.839 E1331.97009
G0 F9000 X192.214 Y158.839
G1 F1500 X191.696 Y158.321 E1331.99445
G1 X191.695 Y158.32
G1 X191.63 Y158.254 E1331.99753
G0 F9000 X191.177 Y158.367
G1 F1500 X191.649 Y158.839 E1332.01973
G0 F9000 X191.083 Y158.839
G1 F1500 X190.643 Y158.399 E1332.04043
G0 F9000 X190.517 Y158.839
G1 F1500 X189.957 Y158.279 E1332.06677
G0 F9000 X189.732 Y158.619
G1 F1500 X122.008 Y90.895 E1335.2523
G0 F9000 X122.311 Y90.632
G1 F1500 X188.489 Y156.81 E1338.36511
G0 F9000 X188.344 Y156.1
G1 F1500 X122.572 Y90.328 E1341.45882
G0 F9000 X122.797 Y89.987
G1 F1500 X188.387 Y155.577 E1344.54398
G0 F9000 X188.511 Y155.136
G1 F1500 X123.02 Y89.644 E1347.6245
G0 F9000 X123.214 Y89.273
G1 F1500 X188.694 Y154.753 E1350.70447
G0 F9000 X188.927 Y154.42
G1 F1500 X123.409 Y88.902 E1353.78624
G0 F9000 X123.607 Y88.534
G1 F1500 X189.221 Y154.149 E1356.87254
G0 F9000 X189.553 Y153.915
G1 F1500 X123.807 Y88.169 E1359.96504
G0 F9000 X124.008 Y87.804
G1 F1500 X189.938 Y153.734 E1363.06618
G0 F9000 X190.383 Y153.613
G1 F1500 X124.208 Y87.438 E1366.17885
G0 F9000 X124.408 Y87.073
G1 F1500 X190.934 Y153.599 E1369.30803
G0 F9000 X191.674 Y153.773
G1 F1500 X124.607 Y86.706 E1372.46265
G0 F9000 X124.205 Y86.486
G0 X126.005 Y83.194
G0 X126.408 Y83.415
G1 F1500 X132.136 Y89.144 E1372.73211
G0 F9000 X132.537 Y88.919
G0 X131.807 Y87.622
G0 X131.405 Y87.848
G1 F1500 X126.606 Y83.048 E1372.95786
G0 F9000 X126.803 Y82.679
G1 F1500 X130.676 Y86.552 E1373.14003
G0 F9000 X131.077 Y86.327
G0 X130.348 Y85.032
G0 X129.946 Y85.257
G1 F1500 X127.001 Y82.312 E1373.27856
G0 F9000 X127.198 Y81.943
G1 F1500 X129.215 Y83.961 E1373.37345
G0 F9000 X129.617 Y83.735
G0 X128.92 Y82.475
G0 X128.517 Y82.696
G1 F1500 X127.396 Y81.576 E1373.42616
G0 F9000 X127.593 Y81.207
G1 F1500 X127.823 Y81.437 E1373.43698
G1 F2700 E1368.43698
G0 F9000 X128.226 Y81.216
G0 X133.174 Y89.518
G0 X133.694 Y90.207
G0 X134.037 Y90.475
G0 X134.433 Y90.618
G0 X135.983 Y90.751
G0 X137.946 Y90.678
G0 X138.289 Y90.553
G0 X138.676 Y90.212
G0 X138.826 Y89.934
G0 X138.917 Y89.448
G0 X138.918 Y72.502
G0 X138.815 Y72.039
G0 X138.522 Y71.642
G0 X138.116 Y71.438
G0 X136.34 Y71.37
G0 X135.444 Y71.449
G0 X135.051 Y71.576
G0 X134.721 Y71.827
G0 X134.533 Y72.246
G0 X134.489 Y72.626
G0 X134.519 Y83.776
G0 X132.41 Y79.293
G0 X132.814 Y79.074
G1 F2700 E1373.43698
G1 F1500 X133.399 Y79.659 E1373.46449
G1 X133.4 Y79.66
G1 X133.767 Y80.027 E1373.48176
G0 F9000 X133.487 Y80.313
G1 F1500 X133.767 Y80.593 E1373.49493
G0 F9000 X134.228 Y80.593
G0 X134.228 Y79.461
G0 X133.766 Y79.461
G1 F1500 X132.137 Y77.831 E1373.57157
G0 F9000 X131.733 Y78.05
G0 X131.057 Y76.808
G0 X131.461 Y76.589
G1 F1500 X133.766 Y78.895 E1373.68002
G0 F9000 X133.766 Y78.329
G1 F1500 X130.784 Y75.347 E1373.82028
G0 F9000 X130.38 Y75.566
G0 X129.716 Y74.334
G0 X130.123 Y74.12
G1 F1500 X133.766 Y77.764 E1373.99166
G0 F9000 X133.766 Y77.198
G1 F1500 X129.484 Y72.916 E1374.19307
G0 F9000 X129.077 Y73.129
G0 X128.409 Y72.401
G0 X127.469 Y71.615
G0 X127.769 Y71.201
G1 F1500 X117.728 Y61.159 E1374.66539
G0 F9000 X117.162 Y61.159
G1 F1500 X127.214 Y71.211 E1375.13821
G0 F9000 X126.789 Y71.352
G1 F1500 X116.596 Y61.159 E1375.61766
G0 F9000 X116.031 Y61.159
G1 F1500 X126.456 Y71.585 E1376.10804
G0 F9000 X126.171 Y71.865
G1 F1500 X115.465 Y61.159 E1376.61162
G0 F9000 X114.899 Y61.159
G1 F1500 X125.948 Y72.208 E1377.13133
G0 F9000 X125.75 Y72.576
G1 F1500 X114.334 Y61.159 E1377.66833
G0 F9000 X113.768 Y61.159
G1 F1500 X125.551 Y72.943 E1378.22259
G0 F9000 X125.353 Y73.31
G1 F1500 X113.202 Y61.159 E1378.79413
G0 F9000 X112.637 Y61.159
G1 F1500 X125.155 Y73.678 E1379.38296
G0 F9000 X124.957 Y74.045
G1 F1500 X112.071 Y61.159 E1379.98908
G0 F9000 X111.505 Y61.159
G1 F1500 X124.759 Y74.413 E1380.61251
G0 F9000 X124.561 Y74.781
G1 F1500 X110.94 Y61.159 E1381.25322
G0 F9000 X110.374 Y61.159
G1 F1500 X119.975 Y70.76 E1381.70482
G0 F9000 X119.329 Y70.68
G1 F1500 X109.808 Y61.159 E1382.15266
G0 F9000 X109.243 Y61.159
G1 F1500 X118.764 Y70.68 E1382.6005
G0 F9000 X118.197 Y70.68
G1 F1500 X108.677 Y61.159 E1383.04832
G0 F9000 X108.111 Y61.159
G1 F1500 X117.632 Y70.68 E1383.49615
G0 F9000 X117.124 Y70.738
G1 F1500 X107.545 Y61.159 E1383.94672
G0 F9000 X106.98 Y61.159
G1 F1500 X116.71 Y70.89 E1384.40441
G0 F9000 X116.381 Y71.127
G1 F1500 X106.414 Y61.159 E1384.87326
G0 F9000 X105.848 Y61.159
G1 F1500 X116.104 Y71.414 E1385.35564
G0 F9000 X115.905 Y71.781
G1 F1500 X105.283 Y61.159 E1385.85527
G0 F9000 X104.717 Y61.159
G1 F1500 X115.783 Y72.226 E1386.3758
G0 F9000 X115.737 Y72.745
G1 F1500 X104.151 Y61.159 E1386.92077
G0 F9000 X103.586 Y61.159
G1 F1500 X115.733 Y73.307 E1387.49215
G0 F9000 X115.733 Y73.872
G1 F1500 X103.02 Y61.159 E1388.09013
G0 F9000 X102.454 Y61.159
G1 F1500 X112.311 Y71.016 E1388.55378
G1 X112.449 Y71.154
G1 X115.733 Y74.438 E1388.70825
G0 F9000 X115.733 Y75.004
G1 F1500 X112.832 Y72.102 E1388.84472
G0 F9000 X112.759 Y72.595
G1 F1500 X115.733 Y75.569 E1388.98461
G0 F9000 X115.733 Y76.135
G1 F1500 X112.605 Y73.007 E1389.13174
G0 F9000 X112.375 Y73.343
G1 F1500 X115.733 Y76.701 E1389.28969
G0 F9000 X115.733 Y77.266
G1 F1500 X112.145 Y73.679 E1389.45844
G0 F9000 X111.915 Y74.014
G1 F1500 X115.733 Y77.832 E1389.63803
G0 F9000 X115.733 Y78.398
G1 F1500 X111.686 Y74.35 E1389.82841
G0 F9000 X111.459 Y74.69
G1 F1500 X115.733 Y78.964 E1390.02944
G0 F9000 X115.733 Y79.529
G1 F1500 X111.234 Y75.03 E1390.24106
G0 F9000 X111.008 Y75.37
G1 F1500 X115.733 Y80.095 E1390.46331
G0 F9000 X115.733 Y80.661
G1 F1500 X110.776 Y75.704 E1390.69647
G0 F9000 X110.542 Y76.035
G1 F1500 X115.734 Y81.227 E1390.94069
G0 F9000 X115.734 Y81.793
G1 F1500 X110.307 Y76.366 E1391.19596
G0 F9000 X110.073 Y76.697
G1 F1500 X115.734 Y82.358 E1391.46224
G0 F9000 X115.734 Y82.924
G1 F1500 X109.838 Y77.028 E1391.73957
G0 F9000 X109.604 Y77.36
G1 F1500 X115.734 Y83.49 E1392.0279
G0 F9000 X115.734 Y84.055
G1 F1500 X109.369 Y77.691 E1392.32727
G0 F9000 X109.134 Y78.022
G1 F1500 X115.734 Y84.621 E1392.63769
G0 F9000 X115.734 Y85.187
G1 F1500 X112.094 Y81.547 E1392.8089
G0 F9000 X111.691 Y81.769
G0 X112.159 Y82.741
G0 X112.601 Y82.62
G1 F1500 X115.734 Y85.752 E1392.95625
G0 F9000 X115.734 Y86.318
G1 F1500 X112.822 Y83.406 E1393.09322
G0 F9000 X112.878 Y84.029
G1 F1500 X115.734 Y86.884 E1393.22753
G0 F9000 X115.734 Y87.45
G1 F1500 X112.909 Y84.625 E1393.36041
G0 F9000 X112.946 Y85.227
G1 F1500 X115.734 Y88.015 E1393.49155
G0 F9000 X115.734 Y88.581
G1 F1500 X112.887 Y85.734 E1393.62546
G0 F9000 X112.826 Y86.239
G1 F1500 X115.734 Y89.147 E1393.76225
G0 F9000 X115.772 Y89.75
G1 F1500 X112.722 Y86.701 E1393.90569
G0 F9000 X112.597 Y87.141
G1 F1500 X116.343 Y90.887 E1394.08189
G1 X116.392 Y90.936
G1 X184.294 Y158.838 E1397.27579
G0 F9000 X183.728 Y158.838
G1 F1500 X112.472 Y87.582 E1400.62745
G0 F9000 X112.273 Y87.948
G1 F1500 X183.163 Y158.838 E1403.9619
G0 F9000 X182.597 Y158.838
G1 F1500 X112.067 Y88.309 E1407.27939
G0 F9000 X111.863 Y88.67
G1 F1500 X182.031 Y158.838 E1410.57988
G0 F9000 X181.466 Y158.838
G1 F1500 X111.596 Y88.968 E1413.86635
G0 F9000 X111.32 Y89.258
G1 F1500 X180.9 Y158.838 E1417.13918
G0 F9000 X180.334 Y158.838
G1 F1500 X111.044 Y89.548 E1420.39837
G0 F9000 X110.715 Y89.785
G1 F1500 X179.769 Y158.838 E1423.64644
G0 F9000 X179.203 Y158.838
G1 F1500 X110.373 Y90.009 E1426.88396
G0 F9000 X110.031 Y90.232
G1 F1500 X178.637 Y158.838 E1430.11098
G0 F9000 X178.072 Y158.838
G1 F1500 X109.67 Y90.436 E1433.3284
G0 F9000 X109.255 Y90.587
G1 F1500 X177.506 Y158.838 E1436.53872
G0 F9000 X176.94 Y158.838
G1 F1500 X108.84 Y90.738 E1439.74193
G0 F9000 X108.425 Y90.889
G1 F1500 X176.375 Y158.838 E1442.93807
G0 F9000 X175.809 Y158.838
G1 F1500 X107.99 Y91.02 E1446.12804
G0 F9000 X107.511 Y91.106
G1 F1500 X175.243 Y158.838 E1449.31395
G0 F9000 X174.678 Y158.838
G1 F1500 X107.031 Y91.192 E1452.49583
G0 F9000 X106.551 Y91.278
G1 F1500 X174.112 Y158.838 E1455.67367
G0 F9000 X173.546 Y158.838
G1 F1500 X106.036 Y91.328 E1458.84914
G0 F9000 X105.492 Y91.35
G1 F1500 X172.98 Y158.838 E1462.02356
G0 F9000 X172.415 Y158.838
G1 F1500 X104.949 Y91.373 E1465.19693
G0 F9000 X104.406 Y91.395
G1 F1500 X171.849 Y158.838 E1468.36925
G0 F9000 X171.283 Y158.838
G1 F1500 X103.863 Y91.418 E1471.54048
G0 F9000 X103.32 Y91.44
G1 F1500 X170.718 Y158.838 E1474.71067
G0 F9000 X170.152 Y158.838
G1 F1500 X102.765 Y91.451 E1477.88035
G0 F9000 X102.199 Y91.451
G1 F1500 X169.586 Y158.838 E1481.05003
G0 F9000 X169.021 Y158.838
G1 F1500 X101.633 Y91.451 E1484.21973
G0 F9000 X101.068 Y91.451
G1 F1500 X168.455 Y158.838 E1487.38941
G0 F9000 X167.889 Y158.838
G1 F1500 X100.502 Y91.451 E1490.55908
G0 F9000 X99.936 Y91.451
G1 F1500 X167.324 Y158.838 E1493.72879
G0 F9000 X166.758 Y158.838
G1 F1500 X99.371 Y91.451 E1496.89846
G0 F9000 X98.805 Y91.451
G1 F1500 X166.192 Y158.838 E1500.06814
G0 F9000 X165.627 Y158.838
G1 F1500 X98.239 Y91.451 E1503.23784
G0 F9000 X97.674 Y91.451
G1 F1500 X165.061 Y158.838 E1506.40752
G0 F9000 X164.495 Y158.838
G1 F1500 X97.108 Y91.451 E1509.5772
G0 F9000 X96.542 Y91.451
G1 F1500 X163.929 Y158.838 E1512.74688
G0 F9000 X163.364 Y158.838
G1 F1500 X95.977 Y91.451 E1515.91655
G0 F9000 X95.413 Y91.453
G1 F1500 X162.798 Y158.838 E1519.08614
G0 F9000 X162.232 Y158.838
G1 F1500 X94.854 Y91.46 E1522.25539
G0 F9000 X94.25 Y91.422
G1 F1500 X161.667 Y158.838 E1525.42646
G0 F9000 X161.101 Y158.838
G1 F1500 X93.59 Y91.327 E1528.60197
G0 F9000 X93.954 Y90.94
G0 X92.766 Y89.931
G0 X92.325 Y90.062
G1 F1500 X85.736 Y83.473 E1528.9119
G0 F9000 X85.927 Y83.099
G1 F1500 X92.215 Y89.387 E1529.20766
G0 F9000 X92.198 Y88.804
G1 F1500 X86.118 Y82.724 E1529.49365
G0 F9000 X86.309 Y82.349
G1 F1500 X92.198 Y88.238 E1529.77065
G0 F9000 X92.198 Y87.672
G1 F1500 X86.5 Y81.974 E1530.03866
G0 F9000 X86.691 Y81.6
G1 F1500 X92.198 Y87.107 E1530.2977
G0 F9000 X92.198 Y86.542
G1 F1500 X86.882 Y81.225 E1530.54777
G0 F9000 X87.073 Y80.85
G1 F1500 X92.198 Y85.976 E1530.78886
G0 F9000 X92.198 Y85.41
G1 F1500 X87.264 Y80.475 E1531.02096
G0 F9000 X87.454 Y80.101
G1 F1500 X92.199 Y84.845 E1531.24413
G0 F9000 X92.199 Y84.28
G1 F1500 X87.645 Y79.726 E1531.45833
G0 F9000 X87.836 Y79.351
G1 F1500 X92.199 Y83.714 E1531.66356
G0 F9000 X92.199 Y83.148
G1 F1500 X88.027 Y78.976 E1531.85979
G0 F9000 X88.218 Y78.601
G1 F1500 X92.2 Y82.583 E1532.04709
G0 F9000 X92.2 Y82.018
G1 F1500 X88.409 Y78.227 E1532.22541
G0 F9000 X88.6 Y77.852
G1 F1500 X92.2 Y81.452 E1532.39474
G0 F9000 X92.2 Y80.886
G1 F1500 X88.791 Y77.477 E1532.55509
G0 F9000 X88.982 Y77.102
G1 F1500 X92.201 Y80.321 E1532.70651
G0 F9000 X92.201 Y79.755
G1 F1500 X89.173 Y76.728 E1532.84891
G0 F9000 X89.364 Y76.353
G1 F1500 X92.201 Y79.19 E1532.98235
G0 F9000 X92.201 Y78.625
G1 F1500 X89.555 Y75.978 E1533.10684
G0 F9000 X89.745 Y75.603
G1 F1500 X92.201 Y78.059 E1533.22236
G0 F9000 X92.201 Y77.493
G1 F1500 X89.936 Y75.229 E1533.32887
G0 F9000 X90.127 Y74.854
G1 F1500 X92.201 Y76.928 E1533.42643
G0 F9000 X92.202 Y76.363
G1 F1500 X90.318 Y74.479 E1533.51505
G0 F9000 X90.509 Y74.104
G1 F1500 X92.202 Y75.797 E1533.59468
G0 F9000 X92.202 Y75.231
G1 F1500 X90.701 Y73.73 E1533.66528
G0 F9000 X90.892 Y73.355
G1 F1500 X92.202 Y74.666 E1533.72692
G0 F9000 X92.203 Y74.101
G1 F1500 X91.06 Y72.958 E1533.78069
G0 F9000 X91.208 Y72.541
G1 F1500 X92.203 Y73.535 E1533.82747
G0 F9000 X92.203 Y72.969
G1 F1500 X91.23 Y71.997 E1533.87321
G0 F9000 X90.768 Y72.423
G0 X90.851 Y72.025
G0 X92.583 Y72.377
G0 X92.203 Y72.404
G1 F1500 X80.958 Y61.159 E1534.40214
G0 F9000 X80.393 Y61.159
G1 F1500 X89.912 Y70.679 E1534.84991
G0 F9000 X89.347 Y70.679
G1 F1500 X79.827 Y61.159 E1535.2977
G0 F9000 X79.261 Y61.159
G1 F1500 X88.781 Y70.679 E1535.74549
G0 F9000 X88.215 Y70.678
G1 F1500 X78.696 Y61.159 E1536.19324
G0 F9000 X78.13 Y61.159
G1 F1500 X87.649 Y70.678 E1536.64098
G0 F9000 X87.083 Y70.678
G1 F1500 X77.564 Y61.159 E1537.08873
G0 F9000 X76.998 Y61.159
G1 F1500 X86.559 Y70.72 E1537.53845
G0 F9000 X86.098 Y70.824
G1 F1500 X76.433 Y61.159 E1537.99306
G0 F9000 X75.867 Y61.159
G1 F1500 X85.701 Y70.993 E1538.45562
G0 F9000 X85.354 Y71.212
G1 F1500 X75.301 Y61.159 E1538.92848
G0 F9000 X74.736 Y61.159
G1 F1500 X85.064 Y71.487 E1539.41428
G0 F9000 X84.824 Y71.813
G1 F1500 X74.17 Y61.159 E1539.91541
G0 F9000 X73.604 Y61.159
G1 F1500 X84.614 Y72.169 E1540.43329
G0 F9000 X84.424 Y72.544
G1 F1500 X73.039 Y61.159 E1540.9688
G0 F9000 X72.473 Y61.159
G1 F1500 X84.227 Y72.914 E1541.5217
G0 F9000 X83.985 Y73.237
G1 F1500 X71.907 Y61.159 E1542.08981
G0 F9000 X71.342 Y61.159
G1 F1500 X83.474 Y73.292 E1542.66049
G0 F9000 X82.909 Y73.293
G1 F1500 X70.776 Y61.159 E1543.23121
G0 F9000 X70.21 Y61.159
G1 F1500 X82.343 Y73.293 E1543.80193
G0 F9000 X81.779 Y73.293
G1 F1500 X69.645 Y61.159 E1544.37268
G0 F9000 X69.079 Y61.159
G1 F1500 X81.213 Y73.293 E1544.94342
G0 F9000 X80.648 Y73.294
G1 F1500 X68.513 Y61.159 E1545.51422
G0 F9000 X67.948 Y61.159
G1 F1500 X80.083 Y73.295 E1546.08503
G0 F9000 X79.517 Y73.295
G1 F1500 X67.382 Y61.159 E1546.65585
G0 F9000 X66.816 Y61.159
G1 F1500 X78.952 Y73.295 E1547.22669
G0 F9000 X78.387 Y73.295
G1 F1500 X66.25 Y61.159 E1547.79755
G0 F9000 X65.685 Y61.159
G1 F1500 X77.822 Y73.296 E1548.36844
G0 F9000 X77.257 Y73.297
G1 F1500 X65.119 Y61.159 E1548.93937
G0 F9000 X64.553 Y61.159
G1 F1500 X76.691 Y73.297 E1549.51031
G0 F9000 X76.126 Y73.297
G1 F1500 X63.988 Y61.159 E1550.08124
G0 F9000 X63.422 Y61.159
G1 F1500 X73.208 Y70.945 E1550.54155
G0 F9000 X72.411 Y70.714
G1 F1500 X62.856 Y61.159 E1550.99098
G0 F9000 X62.291 Y61.159
G1 F1500 X71.811 Y70.68 E1551.4388
G0 F9000 X71.243 Y70.677
G1 F1500 X61.725 Y61.159 E1551.8865
G0 F9000 X61.159 Y61.159
G1 F1500 X70.674 Y70.674 E1552.33405
G0 F9000 X70.119 Y70.685
G1 F1500 X60.594 Y61.159 E1552.7821
G0 F9000 X60.028 Y61.159
G1 F1500 X69.643 Y70.775 E1553.23439
G0 F9000 X69.242 Y70.939
G1 F1500 X59.462 Y61.159 E1553.69441
G0 F9000 X58.897 Y61.159
G1 F1500 X68.939 Y71.202 E1554.16678
G0 F9000 X68.703 Y71.532
G1 F1500 X58.331 Y61.159 E1554.65467
G0 F9000 X57.765 Y61.159
G1 F1500 X68.563 Y71.958 E1555.1626
G0 F9000 X68.547 Y72.507
G1 F1500 X57.199 Y61.159 E1555.69637
G0 F9000 X56.634 Y61.159
G1 F1500 X68.935 Y73.46 E1556.27497
G0 F9000 X69.177 Y72.883
G0 X67.435 Y73.578
G0 X67.762 Y73.419
G1 F1500 X69.968 Y75.625 E1556.37874
G0 F9000 X70.384 Y75.427
G0 X70.9 Y76.508
G0 X70.484 Y76.706
G1 F1500 X67.966 Y74.188 E1556.49718
G0 F9000 X68.01 Y74.798
G1 F1500 X71.001 Y77.789 E1556.63786
G0 F9000 X71.417 Y77.591
G0 X71.934 Y78.673
G0 X71.517 Y78.871
G1 F1500 X68.017 Y75.371 E1556.80249
G0 F9000 X68.017 Y75.936
G1 F1500 X72.034 Y79.953 E1556.99144
G0 F9000 X72.45 Y79.755
G0 X72.967 Y80.837
G0 X72.55 Y81.035
G1 F1500 X68.02 Y76.505 E1557.20452
G0 F9000 X68.075 Y77.126
G1 F1500 X73.067 Y82.118 E1557.43933
G0 F9000 X73.484 Y81.92
G0 X74 Y83.002
G0 X73.583 Y83.2
G1 F1500 X68.095 Y77.712 E1557.69746
G0 F9000 X68.095 Y78.278
G1 F1500 X74.1 Y84.282 E1557.9799
G0 F9000 X74.517 Y84.084
G0 X75.033 Y85.166
G0 X74.616 Y85.364
G1 F1500 X68.087 Y78.835 E1558.287
G0 F9000 X68.053 Y79.367
G1 F1500 X75.133 Y86.447 E1558.62002
G0 F9000 X75.55 Y86.249
G0 X76.066 Y87.33
G0 X75.649 Y87.529
G1 F1500 X68.019 Y79.898 E1558.97894
G0 F9000 X68.031 Y80.476
G1 F1500 X76.166 Y88.611 E1559.36158
G0 F9000 X76.583 Y88.413
G0 X77.199 Y89.689
G0 X76.682 Y89.693
G1 F1500 X67.998 Y81.008 E1559.77008
G0 F9000 X67.92 Y81.496
G1 F1500 X145.262 Y158.838 E1563.40801
G0 F9000 X144.696 Y158.838
G1 F1500 X67.762 Y81.904 E1567.02675
G0 F9000 X67.561 Y82.269
G1 F1500 X144.13 Y158.838 E1570.62832
G0 F9000 X143.565 Y158.838
G1 F1500 X67.261 Y82.534 E1574.21742
G0 F9000 X66.926 Y82.766
G1 F1500 X142.999 Y158.838 E1577.79564
G0 F9000 X142.433 Y158.838
G1 F1500 X66.501 Y82.906 E1581.36725
G0 F9000 X66.007 Y82.978
G1 F1500 X141.868 Y158.838 E1584.93549
G0 F9000 X141.302 Y158.838
G1 F1500 X65.442 Y82.978 E1588.50372
G0 F9000 X64.877 Y82.978
G1 F1500 X140.736 Y158.838 E1592.07191
G0 F9000 X140.171 Y158.838
G1 F1500 X64.312 Y82.979 E1595.64009
G0 F9000 X63.747 Y82.98
G1 F1500 X139.605 Y158.838 E1599.20822
G0 F9000 X139.039 Y158.838
G1 F1500 X66.749 Y86.548 E1602.60852
G0 F9000 X66.333 Y86.747
G0 X66.637 Y87.376
G0 X67.145 Y87.51
G1 F1500 X138.474 Y158.838 E1605.96359
G0 F9000 X137.908 Y158.838
G1 F1500 X67.218 Y88.149 E1609.28861
G0 F9000 X67.131 Y88.627
G1 F1500 X137.342 Y158.838 E1612.59112
G0 F9000 X136.777 Y158.838
G1 F1500 X66.959 Y89.021 E1615.87512
G0 F9000 X66.733 Y89.361
G1 F1500 X136.211 Y158.838 E1619.14313
G0 F9000 X135.645 Y158.838
G1 F1500 X66.448 Y89.641 E1622.39794
G0 F9000 X66.114 Y89.873
G1 F1500 X135.08 Y158.838 E1625.64187
G0 F9000 X134.514 Y158.838
G1 F1500 X65.736 Y90.061 E1628.87695
G0 F9000 X65.35 Y90.24
G1 F1500 X133.948 Y158.838 E1632.10359
G0 F9000 X133.382 Y158.838
G1 F1500 X64.936 Y90.392 E1635.32308
G0 F9000 X64.521 Y90.542
G1 F1500 X132.817 Y158.838 E1638.53552
G0 F9000 X132.251 Y158.838
G1 F1500 X64.105 Y90.692 E1641.74089
G0 F9000 X63.69 Y90.843
G1 F1500 X131.685 Y158.838 E1644.93917
G0 F9000 X131.12 Y158.838
G1 F1500 X63.245 Y90.963 E1648.1318
G0 F9000 X62.792 Y91.076
G1 F1500 X130.554 Y158.838 E1651.31912
G0 F9000 X129.988 Y158.838
G1 F1500 X62.339 Y91.189 E1654.50112
G0 F9000 X61.887 Y91.303
G1 F1500 X129.423 Y158.838 E1657.67778
G0 F9000 X128.857 Y158.838
G1 F1500 X61.395 Y91.377 E1660.85097
G0 F9000 X60.896 Y91.443
G1 F1500 X128.291 Y158.838 E1664.02102
G0 F9000 X127.726 Y158.838
G1 F1500 X60.398 Y91.51 E1667.18792
G0 F9000 X59.899 Y91.578
G1 F1500 X127.16 Y158.838 E1670.35165
G0 F9000 X126.594 Y158.838
G1 F1500 X59.4 Y91.644 E1673.51225
G0 F9000 X58.9 Y91.71
G1 F1500 X126.029 Y158.838 E1676.66977
G0 F9000 X125.463 Y158.838
G1 F1500 X58.37 Y91.746 E1679.82559
G0 F9000 X57.83 Y91.771
G1 F1500 X124.897 Y158.838 E1682.98022
G0 F9000 X124.331 Y158.838
G1 F1500 X57.263 Y91.77 E1686.13489
G0 F9000 X56.696 Y91.769
G1 F1500 X123.766 Y158.838 E1689.28964
G0 F9000 X123.2 Y158.838
G1 F1500 X56.13 Y91.768 E1692.4444
G0 F9000 X55.489 Y91.693
G1 F1500 X122.634 Y158.838 E1695.6027
G0 F9000 X122.069 Y158.838
G1 F1500 X54.826 Y91.596 E1698.76558
G0 F9000 X54.162 Y91.498
G1 F1500 X121.503 Y158.838 E1701.93307
G0 F9000 X120.937 Y158.838
G1 F1500 X53.498 Y91.399 E1705.10519
G0 F9000 X52.76 Y91.226
G1 F1500 X120.372 Y158.838 E1708.28546
G0 F9000 X119.806 Y158.838
G1 F1500 X51.929 Y90.961 E1711.47818
G0 F9000 X52.069 Y90.524
G0 X51.187 Y90.171
G0 X50.982 Y90.58
G1 F1500 X119.24 Y158.838 E1714.68883
G0 F9000 X118.675 Y158.838
G1 F1500 X49.853 Y90.016 E1717.926
G0 F9000 X50.057 Y89.606
G0 X46.968 Y86.507
G0 X46.569 Y86.733
G1 F1500 X26.411 Y66.574 E1718.8742
G0 F9000 X26.411 Y66.009
G1 F1500 X45.925 Y85.523 E1719.79208
G0 F9000 X45.601 Y84.633
G1 F1500 X26.411 Y65.443 E1720.69472
G0 F9000 X26.411 Y64.877
G1 F1500 X45.295 Y83.761 E1721.58296
G0 F9000 X45.198 Y83.099
G1 F1500 X26.411 Y64.312 E1722.46664
G0 F9000 X26.411 Y63.746
G1 F1500 X45.123 Y82.458 E1723.3468
G0 F9000 X45.124 Y81.893
G1 F1500 X26.411 Y63.18 E1724.227
G0 F9000 X26.411 Y62.615
G1 F1500 X45.124 Y81.328 E1725.1072
G0 F9000 X45.126 Y80.764
G1 F1500 X26.411 Y62.049 E1725.9875
G0 F9000 X26.411 Y61.483
G1 F1500 X45.126 Y80.199 E1726.86782
G0 F9000 X45.127 Y79.634
G1 F1500 X26.652 Y61.159 E1727.73683
G0 F9000 X27.218 Y61.159
G1 F1500 X45.128 Y79.069 E1728.57926
G0 F9000 X45.179 Y78.554
G1 F1500 X27.784 Y61.159 E1729.39747
G0 F9000 X28.35 Y61.159
G1 F1500 X45.279 Y78.089 E1730.19378
G0 F9000 X45.399 Y77.643
G1 F1500 X28.915 Y61.159 E1730.96913
G0 F9000 X29.481 Y61.159
G1 F1500 X45.549 Y77.228 E1731.72495
G0 F9000 X45.7 Y76.813
G1 F1500 X30.047 Y61.159 E1732.46124
G0 F9000 X30.612 Y61.159
G1 F1500 X45.857 Y76.404 E1733.17832
G0 F9000 X46.046 Y76.028
G1 F1500 X31.178 Y61.159 E1733.87769
G0 F9000 X31.744 Y61.159
G1 F1500 X46.235 Y75.651 E1734.55932
G0 F9000 X46.436 Y75.286
G1 F1500 X32.309 Y61.159 E1735.22381
G0 F9000 X32.875 Y61.159
G1 F1500 X46.686 Y74.97 E1735.87344
G0 F9000 X46.937 Y74.656
G1 F1500 X33.441 Y61.159 E1736.50827
G0 F9000 X34.006 Y61.159
G1 F1500 X47.188 Y74.34 E1737.12829
G0 F9000 X47.439 Y74.026
G1 F1500 X34.572 Y61.159 E1737.73352
G0 F9000 X35.138 Y61.159
G1 F1500 X47.724 Y73.745 E1738.32552
G0 F9000 X48.031 Y73.487
G1 F1500 X35.703 Y61.159 E1738.90539
G0 F9000 X36.269 Y61.159
G1 F1500 X48.339 Y73.229 E1739.47313
G0 F9000 X48.646 Y72.971
G1 F1500 X36.835 Y61.159 E1740.02871
G0 F9000 X37.4 Y61.159
G1 F1500 X48.957 Y72.716 E1740.57231
G0 F9000 X49.324 Y72.518
G1 F1500 X37.966 Y61.159 E1741.10658
G0 F9000 X38.532 Y61.159
G1 F1500 X49.692 Y72.32 E1741.63154
G0 F9000 X50.059 Y72.121
G1 F1500 X39.098 Y61.159 E1742.14713
G0 F9000 X39.663 Y61.159
G1 F1500 X50.426 Y71.922 E1742.65339
G0 F9000 X50.794 Y71.724
G1 F1500 X40.229 Y61.159 E1743.15034
G0 F9000 X40.795 Y61.159
G1 F1500 X51.201 Y71.566 E1743.63983
G0 F9000 X51.627 Y71.426
G1 F1500 X41.36 Y61.159 E1744.12275
G0 F9000 X41.926 Y61.159
G1 F1500 X52.053 Y71.286 E1744.5991
G0 F9000 X52.48 Y71.147
G1 F1500 X42.492 Y61.159 E1745.0689
G0 F9000 X43.057 Y61.159
G1 F1500 X52.906 Y71.008 E1745.53217
G0 F9000 X53.341 Y70.877
G1 F1500 X43.623 Y61.159 E1745.98927
G0 F9000 X44.189 Y61.159
G1 F1500 X53.802 Y70.772 E1746.44144
G0 F9000 X54.263 Y70.668
G1 F1500 X44.754 Y61.159 E1746.88871
G0 F9000 X45.32 Y61.159
G1 F1500 X54.759 Y70.598 E1747.3327
G0 F9000 X55.258 Y70.531
G1 F1500 X45.886 Y61.159 E1747.77353
G0 F9000 X46.451 Y61.159
G1 F1500 X55.778 Y70.486 E1748.21224
G0 F9000 X56.313 Y70.455
G1 F1500 X47.017 Y61.159 E1748.6495
G0 F9000 X47.583 Y61.159
G1 F1500 X56.847 Y70.424 E1749.08527
G0 F9000 X57.413 Y70.424
G1 F1500 X48.149 Y61.159 E1749.52104
G0 F9000 X48.714 Y61.159
G1 F1500 X57.979 Y70.425 E1749.95686
G0 F9000 X58.551 Y70.43
G1 F1500 X49.28 Y61.159 E1750.39294
G0 F9000 X49.846 Y61.159
G1 F1500 X59.167 Y70.48 E1750.83137
G0 F9000 X59.783 Y70.531
G1 F1500 X50.411 Y61.159 E1751.2722
G0 F9000 X50.977 Y61.159
G1 F1500 X60.386 Y70.568 E1751.71477
G0 F9000 X61.012 Y70.629
G1 F1500 X51.543 Y61.159 E1752.16019
G0 F9000 X52.108 Y61.159
G1 F1500 X61.68 Y70.731 E1752.61043
G0 F9000 X62.353 Y70.838
G1 F1500 X52.674 Y61.159 E1753.0657
G0 F9000 X53.24 Y61.159
G1 F1500 X63.096 Y71.016 E1753.52932
G0 F9000 X63.839 Y71.193
G1 F1500 X53.805 Y61.159 E1754.00129
G0 F9000 X54.371 Y61.159
G1 F1500 X64.606 Y71.395 E1754.48273
G0 F9000 X65.461 Y71.683
G1 F1500 X54.937 Y61.159 E1754.97775
G0 F9000 X55.502 Y61.159
G1 F1500 X66.545 Y72.201 E1755.49716
G1 F2700 E1750.49716
G0 F9000 X66.43 Y72.673
G0 X67.535 Y73.89
G0 X69.168 Y73.111
G0 X69.451 Y74.542
G1 F2700 E1755.49716
G1 F1500 X56.068 Y61.159 E1756.12665
G1 F2700 E1751.12665
G0 F9000 X56.068 Y60.7
G0 X57.091 Y60.8
G0 X57.083 Y70.805
G0 X56.877 Y75.545
G1 F2700 E1756.12665
G1 F1500 X59.622 Y78.29 E1756.25577
G0 F9000 X59.057 Y78.29
G1 F1500 X56.359 Y75.593 E1756.38265
G0 F9000 X55.867 Y75.666
G1 F1500 X58.493 Y78.292 E1756.50617
G0 F9000 X57.947 Y78.312
G1 F1500 X55.413 Y75.778 E1756.62536
G0 F9000 X54.976 Y75.906
G1 F1500 X57.506 Y78.437 E1756.74439
G0 F9000 X57.108 Y78.604
G1 F1500 X54.579 Y76.075 E1756.86334
G0 F9000 X54.182 Y76.243
G1 F1500 X56.811 Y78.872 E1756.987
G0 F9000 X56.544 Y79.171
G1 F1500 X53.794 Y76.421 E1757.11635
G0 F9000 X53.46 Y76.653
G1 F1500 X56.37 Y79.563 E1757.25323
G0 F9000 X56.248 Y80.007
G1 F1500 X53.125 Y76.884 E1757.40013
G0 F9000 X52.793 Y77.117
G1 F1500 X56.214 Y80.538 E1757.56104
G0 F9000 X56.239 Y81.129
G1 F1500 X52.511 Y77.402 E1757.73637
G0 F9000 X52.249 Y77.705
G1 F1500 X56.373 Y81.829 E1757.93035
G0 F9000 X56.794 Y81.652
G0 X57.499 Y82.406
G0 X57.396 Y82.852
G1 F1500 X60.639 Y86.095 E1758.08289
G0 F9000 X61.072 Y85.962
G1 F1500 X58.077 Y82.967 E1758.22377
G0 F9000 X58.66 Y82.984
G1 F1500 X61.504 Y85.828 E1758.35754
G0 F9000 X61.936 Y85.694
G1 F1500 X59.225 Y82.983 E1758.48506
G0 F9000 X59.79 Y82.983
G1 F1500 X62.368 Y85.561 E1758.60632
G0 F9000 X62.754 Y85.381
G1 F1500 X60.355 Y82.983 E1758.71914
G0 F9000 X60.92 Y82.982
G1 F1500 X63.138 Y85.2 E1758.82347
G0 F9000 X63.541 Y85.037
G1 F1500 X61.485 Y82.981 E1758.92017
G0 F9000 X62.051 Y82.981
G1 F1500 X63.945 Y84.876 E1759.00929
G0 F9000 X64.437 Y84.801
G1 F1500 X62.616 Y82.981 E1759.09492
G0 F9000 X63.181 Y82.98
G1 F1500 X65.061 Y84.86 E1759.18335
G0 F9000 X65.119 Y85.364
G0 X64.644 Y85.454
G0 X60.26 Y86.646
G0 X60.17 Y86.192
G1 F1500 X52.012 Y78.034 E1759.56707
G0 F9000 X51.818 Y78.405
G1 F1500 X59.699 Y86.286 E1759.93777
G0 F9000 X59.201 Y86.354
G1 F1500 X51.623 Y78.776 E1760.29422
G0 F9000 X51.464 Y79.183
G1 F1500 X58.68 Y86.399 E1760.63364
G0 F9000 X58.129 Y86.413
G1 F1500 X51.34 Y79.624 E1760.95297
G0 F9000 X51.225 Y80.075
G1 F1500 X57.553 Y86.403 E1761.25062
G0 F9000 X56.978 Y86.394
G1 F1500 X51.186 Y80.601 E1761.52308
G0 F9000 X51.149 Y81.131
G1 F1500 X56.403 Y86.384 E1761.77019
G0 F9000 X55.777 Y86.324
G1 F1500 X51.223 Y81.77 E1761.9844
G0 F9000 X51.357 Y82.469
G1 F1500 X55.097 Y86.209 E1762.16031
G0 F9000 X54.203 Y85.882
G1 F1500 X51.652 Y83.331 E1762.2803
G0 F9000 X51.249 Y83.553
G0 X50.878 Y82.279
G0 X50.746 Y81.114
G0 X50.835 Y79.944
G0 X51.151 Y78.819
G0 X51.697 Y77.773
G0 X52.08 Y77.27
G0 X52.543 Y76.801
G0 X53.641 Y76.039
G0 X54.962 Y75.48
G0 X55.792 Y75.275
G0 X57.435 Y75.075
G0 X57.433 Y75.535
G1 F1500 X60.187 Y78.289 E1762.40984
G0 F9000 X60.752 Y78.288
G1 F1500 X57.999 Y75.535 E1762.53934
G0 F9000 X58.565 Y75.535
G1 F1500 X61.317 Y78.288 E1762.66881
G0 F9000 X61.882 Y78.287
G1 F1500 X59.212 Y75.617 E1762.79439
G0 F9000 X59.859 Y75.698
G1 F1500 X62.426 Y78.266 E1762.91516
G0 F9000 X62.482 Y77.756
G1 F1500 X60.563 Y75.837 E1763.00543
G0 F9000 X61.287 Y75.994
G1 F1500 X62.488 Y77.196 E1763.06194
G0 F9000 X62.482 Y76.624
G1 F1500 X62.02 Y76.162 E1763.08367
G1 F2700 E1758.08367
G0 F9000 X62.135 Y75.714
G0 X63.198 Y75.975
G0 X62.855 Y78.893
G0 X58.066 Y79.025
G0 X57.565 Y79.169
G0 X57.17 Y79.523
G0 X56.976 Y79.969
G0 X56.934 Y80.834
G0 X56.999 Y81.458
G0 X57.114 Y81.752
G0 X57.443 Y82.121
G0 X57.965 Y82.244
G0 X66.053 Y82.26
G0 X66.519 Y82.176
G0 X66.955 Y81.868
G0 X67.193 Y81.442
G0 X67.535 Y73.89
G0 X69.168 Y73.111
G0 X74.203 Y71.941
G1 F2700 E1763.08367
G1 F1500 X75.56 Y73.297 E1763.14748
G0 F9000 X74.972 Y73.275
G1 F1500 X74.76 Y73.063 E1763.15745
G1 F2700 E1758.15745
G0 F9000 X74.517 Y73.509
G0 X73.777 Y71.935
G0 X73.777 Y60.8
G0 X81.524 Y61.159
G1 F2700 E1763.15745
G1 F1500 X92.323 Y71.958 E1763.6654
G0 F9000 X92.486 Y71.556
G1 F1500 X82.09 Y61.159 E1764.15442
G0 F9000 X82.655 Y61.159
G1 F1500 X92.723 Y71.227 E1764.62799
G0 F9000 X93.055 Y70.993
G1 F1500 X83.221 Y61.159 E1765.09055
G0 F9000 X83.787 Y61.159
G1 F1500 X93.416 Y70.789 E1765.54349
G0 F9000 X93.89 Y70.697
G1 F1500 X84.352 Y61.159 E1765.99213
G0 F9000 X84.918 Y61.159
G1 F1500 X94.433 Y70.674 E1766.43969
G0 F9000 X94.999 Y70.674
G1 F1500 X85.484 Y61.159 E1766.88724
G0 F9000 X86.049 Y61.159
G1 F1500 X95.564 Y70.673 E1767.33478
G0 F9000 X96.131 Y70.675
G1 F1500 X86.615 Y61.159 E1767.78238
G0 F9000 X87.181 Y61.159
G1 F1500 X96.735 Y70.713 E1768.23177
G0 F9000 X96.639 Y71.164
G0 X97.729 Y72.125
G0 X98.19 Y72.169
G1 F1500 X102.831 Y76.809 E1768.45005
G0 F9000 X103.066 Y76.479
G1 F1500 X87.747 Y61.159 E1769.17063
G0 F9000 X88.312 Y61.159
G1 F1500 X103.302 Y76.149 E1769.87571
G0 F9000 X103.538 Y75.819
G1 F1500 X88.878 Y61.159 E1770.56527
G0 F9000 X89.444 Y61.159
G1 F1500 X103.774 Y75.49 E1771.23934
G0 F9000 X104.009 Y75.159
G1 F1500 X90.009 Y61.159 E1771.89785
G0 F9000 X90.575 Y61.159
G1 F1500 X104.245 Y74.83 E1772.54087
G0 F9000 X104.481 Y74.5
G1 F1500 X91.141 Y61.159 E1773.16837
G0 F9000 X91.706 Y61.159
G1 F1500 X104.717 Y74.17 E1773.78036
G0 F9000 X104.953 Y73.84
G1 F1500 X92.272 Y61.159 E1774.37684
G0 F9000 X92.838 Y61.159
G1 F1500 X105.189 Y73.51 E1774.95779
G0 F9000 X105.424 Y73.18
G1 F1500 X93.403 Y61.159 E1775.52322
G0 F9000 X93.969 Y61.159
G1 F1500 X105.66 Y72.85 E1776.07313
G0 F9000 X105.896 Y72.52
G1 F1500 X94.535 Y61.159 E1776.60752
G0 F9000 X95.1 Y61.159
G1 F1500 X106.122 Y72.181 E1777.12596
G0 F9000 X106.355 Y71.848
G1 F1500 X95.666 Y61.159 E1777.62874
G0 F9000 X96.232 Y61.159
G1 F1500 X106.613 Y71.54 E1778.11703
G0 F9000 X106.896 Y71.257
G1 F1500 X96.797 Y61.159 E1778.59203
G0 F9000 X97.363 Y61.159
G1 F1500 X107.233 Y71.029 E1779.05629
G0 F9000 X107.624 Y70.854
G1 F1500 X97.929 Y61.159 E1779.51231
G0 F9000 X98.495 Y61.159
G1 F1500 X108.067 Y70.732 E1779.96257
G0 F9000 X108.576 Y70.676
G1 F1500 X99.06 Y61.159 E1780.4102
G0 F9000 X99.626 Y61.159
G1 F1500 X109.143 Y70.676 E1780.85785
G0 F9000 X109.709 Y70.677
G1 F1500 X100.192 Y61.159 E1781.30552
G0 F9000 X100.757 Y61.159
G1 F1500 X110.276 Y70.678 E1781.75327
G0 F9000 X110.842 Y70.678
G1 F1500 X101.323 Y61.159 E1782.20101
G0 F9000 X101.889 Y61.159
G1 F1500 X111.408 Y70.679 E1782.64878
G0 F9000 X111.339 Y71.134
G0 X111.871 Y71.539
G0 X112.109 Y71.913
G0 X112.125 Y72.227
G0 X112.016 Y72.548
G0 X108.528 Y78.089
G0 X108.9 Y78.353
G1 F1500 X110.411 Y79.864 E1782.71985
G0 F9000 X110.219 Y80.283
G0 X109.174 Y79.804
G0 X109.367 Y79.386
G1 F1500 X108.668 Y78.686 E1782.75275
G0 F9000 X108.292 Y78.426
G0 X111.991 Y72.624
G0 X112.125 Y72.227
G0 X112.109 Y71.913
G0 X111.871 Y71.539
G0 X111.307 Y71.396
G0 X108.57 Y71.395
G0 X108.056 Y71.459
G0 X107.645 Y71.618
G0 X107.199 Y71.985
G0 X102.968 Y77.407
G0 X102.594 Y77.138
G1 F1500 X98.243 Y72.787 E1782.95741
G0 F9000 X98.243 Y73.353
G1 F1500 X102.359 Y77.469 E1783.15102
G0 F9000 X102.111 Y77.787
G1 F1500 X98.243 Y73.918 E1783.33298
G0 F9000 X98.243 Y74.484
G1 F1500 X101.802 Y78.044 E1783.50041
G0 F9000 X101.385 Y78.192
G1 F1500 X98.243 Y75.05 E1783.6482
G0 F9000 X98.243 Y75.615
G1 F1500 X100.846 Y78.219 E1783.77066
G0 F9000 X100.281 Y78.22
G1 F1500 X98.243 Y76.181 E1783.86654
G0 F9000 X98.243 Y76.747
G1 F1500 X99.716 Y78.22 E1783.93583
G0 F9000 X99.152 Y78.222
G1 F1500 X98.243 Y77.312 E1783.97861
G0 F9000 X98.243 Y77.878
G1 F1500 X98.587 Y78.222 E1783.99479
G1 F2700 E1778.99479
G0 F9000 X98.587 Y78.684
G0 X97.522 Y78.721
G0 X97.521 Y72.747
G0 X97.467 Y72.123
G0 X97.36 Y71.849
G0 X97.047 Y71.509
G0 X96.072 Y71.395
G0 X93.695 Y71.43
G0 X93.264 Y71.716
G0 X93.096 Y71.938
G0 X92.955 Y72.337
G0 X92.579 Y83.644
G0 X86.743 Y80.668
G0 X85.545 Y83.848
G1 F2700 E1783.99479
G1 F1500 X160.535 Y158.838 E1787.52209
G0 F9000 X159.97 Y158.838
G1 F1500 X85.354 Y84.223 E1791.03177
G0 F9000 X85.163 Y84.598
G1 F1500 X159.404 Y158.838 E1794.52382
G0 F9000 X158.838 Y158.838
G1 F1500 X84.973 Y84.973 E1797.9982
G0 F9000 X84.782 Y85.347
G1 F1500 X158.273 Y158.838 E1801.45499
G0 F9000 X157.707 Y158.838
G1 F1500 X84.591 Y85.722 E1804.89414
G0 F9000 X84.4 Y86.097
G1 F1500 X157.141 Y158.838 E1808.31566
G0 F9000 X156.576 Y158.838
G1 F1500 X84.209 Y86.472 E1811.71956
G0 F9000 X84.017 Y86.846
G1 F1500 X156.01 Y158.838 E1815.10586
G0 F9000 X155.444 Y158.838
G1 F1500 X83.826 Y87.22 E1818.47455
G0 F9000 X83.635 Y87.595
G1 F1500 X154.879 Y158.838 E1821.82563
G0 F9000 X154.313 Y158.838
G1 F1500 X83.444 Y87.97 E1825.15907
G0 F9000 X83.254 Y88.345
G1 F1500 X153.747 Y158.838 E1828.47484
G0 F9000 X153.181 Y158.838
G1 F1500 X83.063 Y88.719 E1831.773
G0 F9000 X82.872 Y89.094
G1 F1500 X152.616 Y158.838 E1835.05354
G0 F9000 X152.05 Y158.838
G1 F1500 X82.681 Y89.469 E1838.31645
G0 F9000 X82.49 Y89.844
G1 F1500 X151.484 Y158.838 E1841.56172
G0 F9000 X150.919 Y158.838
G1 F1500 X82.278 Y90.198 E1844.79035
G0 F9000 X82.04 Y90.525
G1 F1500 X150.353 Y158.838 E1848.00359
G0 F9000 X149.787 Y158.838
G1 F1500 X81.754 Y90.805 E1851.20365
G0 F9000 X81.415 Y91.032
G1 F1500 X149.222 Y158.838 E1854.39306
G0 F9000 X148.656 Y158.838
G1 F1500 X81.037 Y91.22 E1857.57363
G0 F9000 X80.61 Y91.358
G1 F1500 X148.09 Y158.838 E1860.74768
G0 F9000 X147.525 Y158.838
G1 F1500 X80.107 Y91.421 E1863.91879
G0 F9000 X79.579 Y91.459
G1 F1500 X146.959 Y158.838 E1867.08812
G0 F9000 X146.393 Y158.838
G1 F1500 X78.964 Y91.409 E1870.25977
G0 F9000 X78.212 Y91.223
G1 F1500 X145.828 Y158.838 E1873.4402
G0 F9000 X145.828 Y159.3
G0 X118.109 Y159.3
G0 X118.109 Y158.838
G1 F1500 X26.411 Y67.14 E1877.75339
G0 F9000 X26.411 Y67.706
G1 F1500 X117.543 Y158.838 E1882.03996
G0 F9000 X116.978 Y158.838
G1 F1500 X26.411 Y68.271 E1886.29995
G0 F9000 X26.411 Y68.837
G1 F1500 X116.412 Y158.838 E1890.53333
G0 F9000 X115.846 Y158.838
G1 F1500 X26.411 Y69.403 E1894.74007
G0 F9000 X26.411 Y69.968
G1 F1500 X115.281 Y158.838 E1898.92025
G0 F9000 X114.715 Y158.838
G1 F1500 X26.411 Y70.534 E1903.0738
G0 F9000 X26.411 Y71.1
G1 F1500 X114.149 Y158.838 E1907.20072
G0 F9000 X113.583 Y158.838
G1 F1500 X26.411 Y71.665 E1911.30105
G0 F9000 X26.411 Y72.231
G1 F1500 X113.018 Y158.838 E1915.37478
G0 F9000 X112.452 Y158.838
G1 F1500 X26.411 Y72.797 E1919.42188
G0 F9000 X26.411 Y73.363
G1 F1500 X111.886 Y158.838 E1923.44236
G0 F9000 X111.321 Y158.838
G1 F1500 X26.411 Y73.928 E1927.43627
G0 F9000 X26.411 Y74.494
G1 F1500 X110.755 Y158.838 E1931.40355
G0 F9000 X110.189 Y158.838
G1 F1500 X26.411 Y75.06 E1935.34421
G0 F9000 X26.411 Y75.625
G1 F1500 X109.623 Y158.838 E1939.25827
G0 F9000 X109.057 Y158.838
G1 F1500 X26.411 Y76.191 E1943.14571
G0 F9000 X26.411 Y76.757
G1 F1500 X108.492 Y158.838 E1947.00655
G0 F9000 X107.926 Y158.838
G1 F1500 X26.411 Y77.322 E1950.84079
G0 F9000 X26.411 Y77.888
G1 F1500 X107.36 Y158.838 E1954.64841
G0 F9000 X106.795 Y158.838
G1 F1500 X26.411 Y78.454 E1958.42942
G0 F9000 X26.411 Y79.019
G1 F1500 X106.229 Y158.838 E1962.18384
G0 F9000 X105.663 Y158.838
G1 F1500 X26.411 Y79.585 E1965.91164
G0 F9000 X26.411 Y80.151
G1 F1500 X105.097 Y158.838 E1969.61281
G0 F9000 X104.532 Y158.838
G1 F1500 X26.411 Y80.716 E1973.2874
G0 F9000 X26.411 Y81.282
G1 F1500 X103.966 Y158.838 E1976.93538
G0 F9000 X103.4 Y158.838
G1 F1500 X26.411 Y81.848 E1980.55673
G0 F9000 X26.411 Y82.414
G1 F1500 X102.835 Y158.838 E1984.15148
G0 F9000 X102.269 Y158.838
G1 F1500 X26.411 Y82.979 E1987.71963
G0 F9000 X26.411 Y83.545
G1 F1500 X101.703 Y158.838 E1991.26116
G0 F9000 X101.138 Y158.838
G1 F1500 X31.519 Y89.219 E1994.53582
G0 F9000 X31.655 Y89.921
G1 F1500 X100.572 Y158.838 E1997.77747
G0 F9000 X100.006 Y158.838
G1 F1500 X31.613 Y90.444 E2000.99449
G0 F9000 X31.48 Y90.877
G1 F1500 X99.441 Y158.838 E2004.19116
G0 F9000 X98.875 Y158.838
G1 F1500 X31.292 Y91.254 E2007.37008
G0 F9000 X31.061 Y91.589
G1 F1500 X98.309 Y158.838 E2010.53325
G0 F9000 X97.744 Y158.838
G1 F1500 X30.766 Y91.86 E2013.68369
G0 F9000 X30.432 Y92.092
G1 F1500 X97.178 Y158.838 E2016.82321
G0 F9000 X96.612 Y158.838
G1 F1500 X30.044 Y92.27 E2019.95437
G0 F9000 X29.598 Y92.389
G1 F1500 X96.047 Y158.838 E2023.07993
G0 F9000 X95.481 Y158.838
G1 F1500 X29.043 Y92.4 E2026.20497
G0 F9000 X28.282 Y92.204
G1 F1500 X94.915 Y158.838 E2029.3392
G0 F9000 X94.349 Y158.838
G1 F1500 X26.568 Y91.056 E2032.52743
G1 X26.567 Y91.055
G1 X26.411 Y90.899 E2032.53477
G0 F9000 X26.411 Y91.464
G1 F1500 X93.784 Y158.838 E2035.70382
G0 F9000 X93.218 Y158.838
G1 F1500 X26.411 Y92.03 E2038.84624
G0 F9000 X26.411 Y92.596
G1 F1500 X92.652 Y158.838 E2041.96203
G0 F9000 X92.087 Y158.838
G1 F1500 X26.411 Y93.162 E2045.05123
G0 F9000 X26.411 Y93.727
G1 F1500 X91.521 Y158.838 E2048.11383
G0 F9000 X90.955 Y158.838
G1 F1500 X26.411 Y94.293 E2051.1498
G0 F9000 X26.411 Y94.859
G1 F1500 X90.39 Y158.838 E2054.15918
G0 F9000 X89.824 Y158.838
G1 F1500 X26.411 Y95.424 E2057.14196
G0 F9000 X26.411 Y95.99
G1 F1500 X89.258 Y158.838 E2060.09811
G0 F9000 X88.693 Y158.838
G1 F1500 X26.411 Y96.556 E2063.02766
G0 F9000 X26.411 Y97.121
G1 F1500 X88.127 Y158.838 E2065.93062
G0 F9000 X87.561 Y158.838
G1 F1500 X26.411 Y97.687 E2068.80695
G0 F9000 X26.411 Y98.253
G1 F1500 X86.996 Y158.838 E2071.65668
G0 F9000 X86.43 Y158.838
G1 F1500 X26.411 Y98.818 E2074.47982
G0 F9000 X26.411 Y99.384
G1 F1500 X85.864 Y158.838 E2077.27633
G0 F9000 X85.298 Y158.838
G1 F1500 X26.411 Y99.95 E2080.04622
G0 F9000 X26.411 Y100.515
G1 F1500 X84.733 Y158.838 E2082.78953
G0 F9000 X84.167 Y158.838
G1 F1500 X26.411 Y101.081 E2085.50622
G0 F9000 X26.411 Y101.647
G1 F1500 X83.601 Y158.838 E2088.19628
G0 F9000 X83.036 Y158.838
G1 F1500 X26.411 Y102.212 E2090.85977
G0 F9000 X26.411 Y102.778
G1 F1500 X82.47 Y158.838 E2093.49664
G0 F9000 X81.904 Y158.838
G1 F1500 X26.411 Y103.344 E2096.10688
G0 F9000 X26.411 Y103.91
G1 F1500 X81.339 Y158.838 E2098.69053
G0 F9000 X80.773 Y158.838
G1 F1500 X26.411 Y104.475 E2101.24757
G0 F9000 X26.411 Y105.041
G1 F1500 X80.207 Y158.838 E2103.77799
G0 F9000 X79.642 Y158.838
G1 F1500 X26.411 Y105.607 E2106.28182
G0 F9000 X26.411 Y106.172
G1 F1500 X79.076 Y158.838 E2108.75904
G0 F9000 X78.51 Y158.838
G1 F1500 X26.411 Y106.738 E2111.20964
G0 F9000 X26.411 Y107.304
G1 F1500 X77.945 Y158.838 E2113.63364
G0 F9000 X77.379 Y158.838
G1 F1500 X26.411 Y107.869 E2116.03105
G0 F9000 X26.411 Y108.435
G1 F1500 X76.813 Y158.838 E2118.40182
G0 F9000 X76.248 Y158.838
G1 F1500 X26.411 Y109.001 E2120.746
G0 F9000 X26.411 Y109.566
G1 F1500 X75.682 Y158.838 E2123.06358
G0 F9000 X75.116 Y158.838
G1 F1500 X26.411 Y110.132 E2125.35454
G0 F9000 X26.411 Y110.698
G1 F1500 X74.55 Y158.838 E2127.61888
G0 F9000 X73.985 Y158.838
G1 F1500 X26.411 Y111.263 E2129.85663
G0 F9000 X26.411 Y111.829
G1 F1500 X73.419 Y158.838 E2132.06777
G0 F9000 X72.853 Y158.838
G1 F1500 X26.411 Y112.395 E2134.25228
G0 F9000 X26.411 Y112.961
G1 F1500 X72.288 Y158.838 E2136.4102
G0 F9000 X71.722 Y158.838
G1 F1500 X26.411 Y113.526 E2138.54151
G0 F9000 X26.411 Y114.092
G1 F1500 X71.156 Y158.838 E2140.6462
G0 F9000 X70.591 Y158.838
G1 F1500 X26.411 Y114.658 E2142.72429
G0 F9000 X26.411 Y115.223
G1 F1500 X70.025 Y158.838 E2144.77579
G0 F9000 X69.459 Y158.838
G1 F1500 X26.411 Y115.789 E2146.80066
G0 F9000 X26.411 Y116.355
G1 F1500 X68.894 Y158.838 E2148.79893
G0 F9000 X68.328 Y158.838
G1 F1500 X26.411 Y116.92 E2150.7706
G0 F9000 X26.411 Y117.486
G1 F1500 X67.762 Y158.838 E2152.71564
G0 F9000 X67.197 Y158.838
G1 F1500 X26.411 Y118.052 E2154.63409
G0 F9000 X26.411 Y118.617
G1 F1500 X66.631 Y158.838 E2156.52594
G0 F9000 X66.065 Y158.838
G1 F1500 X26.411 Y119.183 E2158.39117
G0 F9000 X26.411 Y119.749
G1 F1500 X65.5 Y158.838 E2160.22979
G0 F9000 X64.934 Y158.838
G1 F1500 X26.411 Y120.314 E2162.04182
G0 F9000 X26.411 Y120.88
G1 F1500 X64.368 Y158.838 E2163.82723
G0 F9000 X63.802 Y158.838
G1 F1500 X26.411 Y121.446 E2165.58601
G0 F9000 X26.411 Y122.011
G1 F1500 X63.237 Y158.838 E2167.31821
G0 F9000 X62.671 Y158.838
G1 F1500 X26.411 Y122.577 E2169.0238
G0 F9000 X26.411 Y123.143
G1 F1500 X62.105 Y158.838 E2170.70276
G0 F9000 X61.54 Y158.838
G1 F1500 X26.411 Y123.709 E2172.35512
G0 F9000 X26.411 Y124.274
G1 F1500 X60.974 Y158.838 E2173.98088
G0 F9000 X60.408 Y158.838
G1 F1500 X26.411 Y124.84 E2175.58002
G0 F9000 X26.411 Y125.406
G1 F1500 X59.843 Y158.838 E2177.15255
G0 F9000 X59.277 Y158.838
G1 F1500 X26.411 Y125.971 E2178.69849
G0 F9000 X26.411 Y126.537
G1 F1500 X58.711 Y158.838 E2180.21781
G0 F9000 X58.146 Y158.838
G1 F1500 X26.411 Y127.103 E2181.71053
G0 F9000 X26.411 Y127.668
G1 F1500 X57.58 Y158.838 E2183.17665
G0 F9000 X57.014 Y158.838
G1 F1500 X26.411 Y128.234 E2184.61614
G0 F9000 X26.411 Y128.8
G1 F1500 X56.449 Y158.838 E2186.02904
G0 F9000 X55.883 Y158.838
G1 F1500 X26.411 Y129.365 E2187.41533
G0 F9000 X26.411 Y129.931
G1 F1500 X55.317 Y158.838 E2188.775
G0 F9000 X54.751 Y158.838
G1 F1500 X26.411 Y130.497 E2190.10805
G0 F9000 X26.411 Y131.062
G1 F1500 X54.186 Y158.838 E2191.41453
G0 F9000 X53.62 Y158.838
G1 F1500 X26.411 Y131.628 E2192.69438
G0 F9000 X26.411 Y132.194
G1 F1500 X53.054 Y158.838 E2193.94761
G0 F9000 X52.489 Y158.838
G1 F1500 X26.411 Y132.76 E2195.17424
G0 F9000 X26.411 Y133.325
G1 F1500 X51.923 Y158.838 E2196.37427
G0 F9000 X51.357 Y158.838
G1 F1500 X26.411 Y133.891 E2197.54767
G0 F9000 X26.411 Y134.457
G1 F1500 X50.792 Y158.838 E2198.69448
G0 F9000 X50.226 Y158.838
G1 F1500 X26.411 Y135.022 E2199.81469
G0 F9000 X26.411 Y135.588
G1 F1500 X49.66 Y158.838 E2200.90828
G0 F9000 X49.095 Y158.838
G1 F1500 X26.411 Y136.154 E2201.97526
G0 F9000 X26.411 Y136.719
G1 F1500 X48.529 Y158.838 E2203.01565
G0 F9000 X47.963 Y158.838
G1 F1500 X26.411 Y137.285 E2204.02941
G0 F9000 X26.411 Y137.851
G1 F1500 X47.398 Y158.838 E2205.01658
G0 F9000 X46.832 Y158.838
G1 F1500 X26.411 Y138.416 E2205.97714
G0 F9000 X26.411 Y138.982
G1 F1500 X46.266 Y158.838 E2206.91108
G0 F9000 X45.701 Y158.838
G1 F1500 X26.411 Y139.548 E2207.81842
G0 F9000 X26.411 Y140.113
G1 F1500 X45.135 Y158.838 E2208.69917
G0 F9000 X44.569 Y158.838
G1 F1500 X26.411 Y140.679 E2209.55329
G0 F9000 X26.411 Y141.245
G1 F1500 X44.003 Y158.838 E2210.38079
G0 F9000 X43.438 Y158.838
G1 F1500 X26.411 Y141.81 E2211.18171
G0 F9000 X26.411 Y142.376
G1 F1500 X42.872 Y158.838 E2211.95601
G0 F9000 X42.306 Y158.838
G1 F1500 X26.411 Y142.942 E2212.70368
G0 F9000 X26.411 Y143.508
G1 F1500 X41.741 Y158.838 E2213.42476
G0 F9000 X41.175 Y158.838
G1 F1500 X26.411 Y144.073 E2214.11923
G0 F9000 X26.411 Y144.639
G1 F1500 X40.609 Y158.838 E2214.78709
G0 F9000 X40.044 Y158.838
G1 F1500 X26.411 Y145.205 E2215.42834
G0 F9000 X26.411 Y145.77
G1 F1500 X39.478 Y158.838 E2216.043
G0 F9000 X38.912 Y158.838
G1 F1500 X26.411 Y146.336 E2216.63103
G0 F9000 X26.411 Y146.902
G1 F1500 X38.347 Y158.838 E2217.19246
G0 F9000 X37.781 Y158.838
G1 F1500 X26.411 Y147.467 E2217.7273
G0 F9000 X26.411 Y148.033
G1 F1500 X37.215 Y158.838 E2218.23551
G0 F9000 X36.65 Y158.838
G1 F1500 X26.411 Y148.599 E2218.71712
G0 F9000 X26.411 Y149.164
G1 F1500 X36.084 Y158.838 E2219.17213
G0 F9000 X35.518 Y158.838
G1 F1500 X26.411 Y149.73 E2219.60052
G0 F9000 X26.411 Y150.296
G1 F1500 X29.769 Y153.655 E2219.75849
G0 F9000 X29.146 Y153.597
G1 F1500 X26.411 Y150.861 E2219.88716
G0 F9000 X26.411 Y151.427
G1 F1500 X28.654 Y153.67 E2219.99267
G0 F9000 X28.235 Y153.817
G1 F1500 X26.411 Y151.993 E2220.07846
G0 F9000 X26.411 Y152.558
G1 F1500 X27.865 Y154.013 E2220.14688
G0 F9000 X27.567 Y154.281
G1 F1500 X26.411 Y153.124 E2220.20127
G0 F9000 X26.411 Y153.69
G1 F1500 X27.306 Y154.585 E2220.24337
G0 F9000 X27.072 Y154.917
G1 F1500 X26.411 Y154.256 E2220.27446
G0 F9000 X26.411 Y154.821
G1 F1500 X26.508 Y154.918 E2220.27903
G1 X26.508 Y154.919
G1 X26.93 Y155.341 E2220.29888
G0 F9000 X26.855 Y155.831
G1 F1500 X26.411 Y155.387 E2220.31976
G0 F9000 X26.411 Y155.953
G1 F1500 X26.884 Y156.426 E2220.34201
G0 F9000 X26.411 Y156.518
G1 F1500 X26.858 Y156.965 E2220.36303
G1 X26.858 Y156.966
G1 X27.314 Y157.421 E2220.38446
G0 F9000 X27.896 Y158.004
G1 F1500 X28.287 Y158.394 E2220.40283
G1 X28.287 Y158.395
G1 X28.73 Y158.838 E2220.42366
G0 F9000 X28.829 Y158.371
G1 F1500 X29.296 Y158.838 E2220.44563
G0 F9000 X29.42 Y158.396
G1 F1500 X29.861 Y158.838 E2220.4664
G0 F9000 X30.291 Y158.702
G1 F1500 X30.427 Y158.838 E2220.47279
G1 X30.291 Y158.701
G1 X29.902 Y158.312 E2220.49109
G0 F9000 X30.313 Y158.158
G1 F1500 X30.993 Y158.838 E2220.52308
G0 F9000 X31.558 Y158.838
G1 F1500 X30.672 Y157.951 E2220.56478
G0 F9000 X30.97 Y157.684
G1 F1500 X32.124 Y158.838 E2220.61906
G0 F9000 X32.69 Y158.838
G1 F1500 X31.222 Y157.37 E2220.68811
G0 F9000 X31.433 Y157.015
G1 F1500 X33.255 Y158.838 E2220.77383
G0 F9000 X33.821 Y158.838
G1 F1500 X31.587 Y156.603 E2220.87894
G0 F9000 X31.654 Y156.105
G1 F1500 X34.387 Y158.838 E2221.00749
G0 F9000 X34.952 Y158.838
G1 F1500 X31.6 Y155.485 E2221.16518
G1 F2700 E2216.16518
G0 F9000 X31.144 Y155.546
G0 X30.749 Y156.786
G0 X30.517 Y157.122
G0 X30.211 Y157.393
G0 X28.525 Y157.904
G0 X28.525 Y159.2
G0 X28.164 Y158.838
G1 F2700 E2221.16518
G1 F1500 X26.428 Y157.102 E2221.24683
G0 F9000 X26.411 Y157.65
G1 F1500 X27.599 Y158.838 E2221.30271
G0 F9000 X27.033 Y158.838
G1 F1500 X26.411 Y158.215 E2221.33199
G0 F9000 X26.411 Y158.781
G1 F1500 X26.467 Y158.838 E2221.33465
G1 F2700 E2216.33465
G0 F9000 X26.467 Y159.3
G0 X27.481 Y159.2
G0 X28.092 Y91.678
G0 X27.05 Y90.972
G1 F2700 E2221.33465
G1 F1500 X26.411 Y90.333 E2221.36471
G0 F9000 X26.861 Y90.218
G1 F1500 X26.411 Y89.767 E2221.3859
G0 F9000 X26.872 Y89.663
G1 F1500 X26.411 Y89.202 E2221.40758
G0 F9000 X26.785 Y89.011
G1 F1500 X26.982 Y89.207 E2221.41683
G0 F9000 X26.785 Y89.01
G1 F1500 X26.411 Y88.636 E2221.43442
G0 F9000 X26.411 Y88.07
G1 F1500 X27.152 Y88.811 E2221.46927
G0 F9000 X27.382 Y88.476
G1 F1500 X26.411 Y87.505 E2221.51495
G0 F9000 X26.411 Y86.939
G1 F1500 X27.664 Y88.193 E2221.57391
G0 F9000 X27.983 Y87.946
G1 F1500 X26.411 Y86.373 E2221.64787
G0 F9000 X26.411 Y85.808
G1 F1500 X28.355 Y87.752 E2221.73931
G0 F9000 X28.802 Y87.633
G1 F1500 X26.411 Y85.242 E2221.85178
G0 F9000 X26.411 Y84.676
G1 F1500 X29.332 Y87.597 E2221.98917
G0 F9000 X30.023 Y87.723
G1 F1500 X26.411 Y84.111 E2222.15907
G1 F2700 E2217.15907
G0 F9000 X25.95 Y84.111
G0 X26.05 Y90.935
G0 X116.263 Y90.127
G0 X117.415 Y91.393
G1 F2700 E2222.15907
G1 F1500 X184.86 Y158.838 E2225.33147
G0 F9000 X185.426 Y158.838
G1 F1500 X118.012 Y91.425 E2228.5024
G0 F9000 X118.61 Y91.457
G1 F1500 X185.991 Y158.838 E2231.67179
G0 F9000 X186.557 Y158.838
G1 F1500 X119.177 Y91.459 E2234.84112
G0 F9000 X119.738 Y91.454
G1 F1500 X187.123 Y158.838 E2238.01068
G0 F9000 X187.688 Y158.838
G1 F1500 X120.288 Y91.438 E2241.18097
G0 F9000 X120.805 Y91.39
G1 F1500 X188.254 Y158.838 E2244.35354
G0 F9000 X188.82 Y158.838
G1 F1500 X121.251 Y91.269 E2247.53178
G0 F9000 X121.657 Y91.11
G1 F1500 X189.385 Y158.838 E2250.7175
G0 F9000 X189.733 Y158.62
G1 F1500 X189.952 Y158.839 E2250.7278
G1 F2700 E2245.7278
G0 F9000 X189.952 Y159.3
G0 X192.532 Y159.2
G0 X191.907 Y157.678
G0 X193.009 Y156.805
G1 F2700 E2250.7278
G1 F1500 X193.18 Y156.976 E2250.73584
G1 F2700 E2245.73584
G0 F9000 X192.548 Y156.737
G0 X192.408 Y155.71
G0 X191.908 Y154.322
G0 X193.95 Y154.322
G0 X193.589 Y139.849
G1 F2700 E2250.73584
G1 F1500 X144.781 Y91.041 E2253.03162
G0 F9000 X145.705 Y91.399
G1 F1500 X193.589 Y139.283 E2255.28394
G0 F9000 X193.589 Y138.718
G1 F1500 X146.285 Y91.414 E2257.50897
G0 F9000 X146.865 Y91.428
G1 F1500 X163.169 Y107.732 E2258.27586
G0 F9000 X163.537 Y107.46
G0 X162.783 Y106.154
G0 X162.38 Y106.377
G1 F1500 X147.445 Y91.442 E2258.97836
G0 F9000 X148.007 Y91.438
G1 F1500 X161.615 Y105.047 E2259.61846
G0 F9000 X162.013 Y104.815
G0 X161.219 Y103.455
G0 X160.821 Y103.687
G1 F1500 X148.517 Y91.382 E2260.19723
G0 F9000 X148.946 Y91.246
G1 F1500 X160.027 Y102.327 E2260.71844
G0 F9000 X160.425 Y102.096
G0 X159.631 Y100.735
G0 X159.232 Y100.967
G1 F1500 X149.278 Y91.013 E2261.18665
G0 F9000 X149.594 Y90.762
G1 F1500 X158.563 Y99.731 E2261.60852
G0 F9000 X158.96 Y99.495
G0 X158.135 Y98.105
G0 X157.738 Y98.341
G1 F1500 X149.8 Y90.403 E2261.9819
G0 F9000 X149.978 Y90.015
G1 F1500 X157.13 Y97.167 E2262.31831
G0 F9000 X156.996 Y96.467
G1 F1500 X150.05 Y89.522 E2262.645
G0 F9000 X150.056 Y88.962
G1 F1500 X157.018 Y95.923 E2262.97245
G0 F9000 X157.158 Y95.498
G1 F1500 X150.056 Y88.396 E2263.30651
G0 F9000 X150.056 Y87.831
G1 F1500 X157.341 Y95.115 E2263.64915
G0 F9000 X157.611 Y94.82
G1 F1500 X150.056 Y87.265 E2264.00451
G0 F9000 X150.056 Y86.699
G1 F1500 X157.925 Y94.568 E2264.37465
G0 F9000 X158.302 Y94.38
G1 F1500 X150.057 Y86.134 E2264.76249
G0 F9000 X150.057 Y85.569
G1 F1500 X154.627 Y90.139 E2264.97745
G0 F9000 X154.538 Y89.485
G1 F1500 X150.057 Y85.003 E2265.18824
G0 F9000 X150.057 Y84.437
G1 F1500 X154.511 Y88.891 E2265.39775
G0 F9000 X154.511 Y88.326
G1 F1500 X150.057 Y83.872 E2265.60725
G0 F9000 X150.057 Y83.307
G1 F1500 X154.528 Y87.777 E2265.81753
G0 F9000 X154.565 Y87.249
G1 F1500 X150.057 Y82.741 E2266.02957
G0 F9000 X150.057 Y82.175
G1 F1500 X154.595 Y86.713 E2266.24302
G0 F9000 X154.595 Y86.147
G1 F1500 X150.057 Y81.61 E2266.45645
G0 F9000 X150.058 Y81.045
G1 F1500 X154.595 Y85.581 E2266.66984
G0 F9000 X154.553 Y84.973
G1 F1500 X150.058 Y80.479 E2266.88124
G0 F9000 X150.058 Y79.913
G1 F1500 X154.513 Y84.368 E2267.09079
G0 F9000 X154.513 Y83.802
G1 F1500 X150.058 Y79.347 E2267.30034
G0 F9000 X150.058 Y78.782
G1 F1500 X154.513 Y83.237 E2267.50989
G0 F9000 X154.513 Y82.671
G1 F1500 X150.059 Y78.217 E2267.7194
G0 F9000 X150.059 Y77.651
G1 F1500 X154.553 Y82.145 E2267.93078
G0 F9000 X154.593 Y81.619
G1 F1500 X150.059 Y77.085 E2268.14405
G0 F9000 X150.059 Y76.52
G1 F1500 X154.595 Y81.056 E2268.35741
G0 F9000 X154.595 Y80.49
G1 F1500 X150.059 Y75.954 E2268.57076
G0 F9000 X150.06 Y75.389
G1 F1500 X154.565 Y79.895 E2268.78269
G0 F9000 X154.519 Y79.283
G1 F1500 X150.06 Y74.823 E2268.99245
G0 F9000 X150.06 Y74.258
G1 F1500 X154.513 Y78.711 E2269.20191
G0 F9000 X154.513 Y78.145
G1 F1500 X150.06 Y73.692 E2269.41136
G0 F9000 X150.06 Y73.126
G1 F1500 X154.513 Y77.58 E2269.62084
G0 F9000 X154.535 Y77.036
G1 F1500 X150.052 Y72.553 E2269.83171
G0 F9000 X149.909 Y71.844
G1 F1500 X154.573 Y76.508 E2270.05109
G0 F9000 X155.033 Y76.543
G0 X155.261 Y72.174
G0 X155.474 Y71.755
G0 X155.798 Y71.514
G0 X156.502 Y71.395
G0 X158.454 Y71.396
G0 X158.852 Y71.46
G0 X159.256 Y71.705
G0 X159.513 Y72.087
G0 X159.844 Y76.581
G0 X160.303 Y76.581
G1 F1500 X163.079 Y79.357 E2270.18166
G0 F9000 X163.356 Y79.069
G1 F1500 X160.303 Y76.016 E2270.32527
G0 F9000 X160.303 Y75.45
G1 F1500 X163.633 Y78.78 E2270.4819
G0 F9000 X163.91 Y78.492
G1 F1500 X160.303 Y74.884 E2270.65158
G0 F9000 X160.303 Y74.319
G1 F1500 X164.188 Y78.203 E2270.8343
G0 F9000 X164.465 Y77.915
G1 F1500 X160.303 Y73.753 E2271.03007
G0 F9000 X160.303 Y73.187
G1 F1500 X164.742 Y77.626 E2271.23886
G0 F9000 X165.019 Y77.338
G1 F1500 X160.301 Y72.619 E2271.46081
G0 F9000 X160.224 Y71.977
G1 F1500 X165.296 Y77.049 E2271.69938
G0 F9000 X165.628 Y77.369
G0 X163.133 Y79.967
G0 X162.802 Y79.647
G1 F1500 X160.303 Y77.147 E2271.81695
G0 F9000 X160.303 Y77.713
G1 F1500 X162.525 Y79.935 E2271.92146
G0 F9000 X162.248 Y80.224
G1 F1500 X160.303 Y78.278 E2272.01297
G0 F9000 X160.303 Y78.844
G1 F1500 X161.971 Y80.512 E2272.09143
G0 F9000 X161.694 Y80.801
G1 F1500 X160.303 Y79.41 E2272.15686
G0 F9000 X160.303 Y79.975
G1 F1500 X161.415 Y81.088 E2272.20919
G0 F9000 X161.135 Y81.373
G1 F1500 X160.303 Y80.541 E2272.24832
G0 F9000 X160.303 Y81.107
G1 F1500 X160.855 Y81.659 E2272.27429
G0 F9000 X160.574 Y81.944
G1 F1500 X160.303 Y81.672 E2272.28706
G1 F2700 E2267.28706
G0 F9000 X159.844 Y81.672
G0 X159.542 Y72.129
G0 X159.256 Y71.705
G0 X158.852 Y71.46
G0 X158.454 Y71.396
G0 X156.126 Y71.423
G0 X155.798 Y71.514
G0 X155.474 Y71.755
G0 X155.261 Y72.174
G0 X155.23 Y89.206
G0 X155.319 Y89.918
G0 X155.475 Y90.273
G0 X155.801 Y90.545
G0 X156.177 Y90.682
G0 X157.614 Y90.756
G0 X159.115 Y90.613
G0 X159.49 Y90.497
G0 X159.976 Y90.214
G0 X164.569 Y85.939
G0 X164.893 Y86.263
G1 F2700 E2272.28706
G1 F1500 X193.589 Y114.959 E2273.63683
G0 F9000 X193.589 Y115.524
G1 F1500 X173.537 Y95.472 E2274.58002
G0 F9000 X173.715 Y96.216
G1 F1500 X193.589 Y116.09 E2275.51483
G0 F9000 X193.589 Y116.656
G1 F1500 X173.671 Y96.737 E2276.45173
G0 F9000 X173.551 Y97.184
G1 F1500 X193.589 Y117.222 E2277.39426
G0 F9000 X193.589 Y117.787
G1 F1500 X173.36 Y97.558 E2278.34577
G0 F9000 X173.157 Y97.921
G1 F1500 X193.589 Y118.353 E2279.30683
G0 F9000 X193.589 Y118.919
G1 F1500 X172.955 Y98.285 E2280.27739
G0 F9000 X172.752 Y98.647
G1 F1500 X193.589 Y119.484 E2281.2575
G0 F9000 X193.589 Y120.05
G1 F1500 X172.549 Y99.01 E2282.24715
G0 F9000 X172.345 Y99.372
G1 F1500 X193.589 Y120.616 E2283.24641
G0 F9000 X193.589 Y121.181
G1 F1500 X172.138 Y99.731 E2284.25537
G0 F9000 X171.931 Y100.089
G1 F1500 X193.589 Y121.747 E2285.2741
G0 F9000 X193.589 Y122.313
G1 F1500 X171.724 Y100.448 E2286.30256
G0 F9000 X171.517 Y100.806
G1 F1500 X193.589 Y122.878 E2287.34076
G0 F9000 X193.589 Y123.444
G1 F1500 X171.31 Y101.165 E2288.38869
G0 F9000 X171.102 Y101.523
G1 F1500 X193.589 Y124.01 E2289.44641
G0 F9000 X193.589 Y124.575
G1 F1500 X170.895 Y101.882 E2290.51385
G0 F9000 X170.688 Y102.24
G1 F1500 X193.589 Y125.141 E2291.59104
G0 F9000 X193.589 Y125.707
G1 F1500 X170.481 Y102.599 E2292.67797
G0 F9000 X170.274 Y102.957
G1 F1500 X193.589 Y126.273 E2293.77466
G0 F9000 X193.589 Y126.838
G1 F1500 X170.066 Y103.316 E2294.88109
G0 F9000 X169.859 Y103.674
G1 F1500 X193.589 Y127.404 E2295.99727
G0 F9000 X193.589 Y127.97
G1 F1500 X169.652 Y104.033 E2297.12319
G0 F9000 X169.445 Y104.391
G1 F1500 X193.589 Y128.535 E2298.25885
G0 F9000 X193.589 Y129.101
G1 F1500 X169.238 Y104.75 E2299.40425
G0 F9000 X169.031 Y105.108
G1 F1500 X193.589 Y129.667 E2300.55941
G0 F9000 X193.589 Y130.232
G1 F1500 X168.823 Y105.467 E2301.7243
G0 F9000 X168.616 Y105.825
G1 F1500 X193.589 Y130.798 E2302.89895
G0 F9000 X193.589 Y131.364
G1 F1500 X168.409 Y106.184 E2304.08334
G0 F9000 X168.202 Y106.542
G1 F1500 X193.589 Y131.929 E2305.27747
G0 F9000 X193.589 Y132.495
G1 F1500 X167.995 Y106.901 E2306.48133
G0 F9000 X167.787 Y107.259
G1 F1500 X193.589 Y133.061 E2307.69498
G0 F9000 X193.589 Y133.626
G1 F1500 X167.58 Y107.618 E2308.91834
G0 F9000 X167.37 Y107.973
G1 F1500 X193.589 Y134.192 E2310.1516
G0 F9000 X193.589 Y134.758
G1 F1500 X167.128 Y108.297 E2311.39625
G0 F9000 X166.875 Y108.609
G1 F1500 X193.589 Y135.323 E2312.65279
G0 F9000 X193.589 Y135.889
G1 F1500 X166.544 Y108.844 E2313.92491
G0 F9000 X166.177 Y109.043
G1 F1500 X193.589 Y136.455 E2315.21428
G0 F9000 X193.589 Y137.021
G1 F1500 X165.727 Y109.158 E2316.52485
G0 F9000 X165.203 Y109.2
G1 F1500 X193.589 Y137.586 E2317.86004
G0 F9000 X193.589 Y138.152
G1 F1500 X164.537 Y109.1 E2319.22656
G0 F9000 X164.72 Y108.668
G0 X163.637 Y107.156
G0 X157.925 Y97.218
G0 X157.735 Y96.74
G0 X157.702 Y96.161
G0 X157.902 Y95.552
G0 X158.271 Y95.183
G0 X158.598 Y95.036
G0 X159.987 Y94.884
G0 X165.086 Y94.622
G0 X164.352 Y94.207
G1 F1500 X160.706 Y90.561 E2319.39805
G0 F9000 X160.997 Y90.286
G1 F1500 X164.889 Y94.178 E2319.58112
G0 F9000 X165.406 Y94.13
G1 F1500 X161.265 Y89.989 E2319.7759
G0 F9000 X161.541 Y89.699
G1 F1500 X165.971 Y94.129 E2319.98427
G0 F9000 X166.536 Y94.128
G1 F1500 X161.818 Y89.41 E2320.20619
G0 F9000 X162.095 Y89.122
G1 F1500 X167.101 Y94.127 E2320.44164
G0 F9000 X167.691 Y94.151
G1 F1500 X162.372 Y88.833 E2320.6918
G0 F9000 X162.649 Y88.544
G1 F1500 X168.301 Y94.196 E2320.95766
G0 F9000 X168.876 Y94.206
G1 F1500 X162.926 Y88.256 E2321.23753
G0 F9000 X163.203 Y87.967
G1 F1500 X169.442 Y94.206 E2321.53099
G0 F9000 X169.997 Y94.195
G1 F1500 X163.483 Y87.681 E2321.83739
G0 F9000 X163.765 Y87.398
G1 F1500 X170.527 Y94.159 E2322.15543
G0 F9000 X171.063 Y94.13
G1 F1500 X164.048 Y87.114 E2322.48542
G0 F9000 X164.329 Y86.83
G1 F1500 X171.679 Y94.18 E2322.83114
G0 F9000 X172.488 Y94.423
G1 F1500 X164.611 Y86.547 E2323.20162
G0 F9000 X165.173 Y85.977
G1 F1500 X193.589 Y114.393 E2324.53823
G0 F9000 X193.589 Y113.827
G1 F1500 X165.45 Y85.688 E2325.8618
G0 F9000 X165.728 Y85.4
G1 F1500 X193.589 Y113.262 E2327.17232
G0 F9000 X193.589 Y112.696
G1 F1500 X172.28 Y91.387 E2328.17463
G0 F9000 X172.905 Y91.447
G1 F1500 X193.589 Y112.13 E2329.14752
G0 F9000 X193.589 Y111.565
G1 F1500 X173.473 Y91.448 E2330.09373
G0 F9000 X174.035 Y91.445
G1 F1500 X193.589 Y110.999 E2331.01349
G0 F9000 X193.589 Y110.433
G1 F1500 X174.56 Y91.404 E2331.90856
G0 F9000 X175.027 Y91.305
G1 F1500 X193.589 Y109.868 E2332.78168
G0 F9000 X193.589 Y109.302
G1 F1500 X175.416 Y91.129 E2333.63649
G0 F9000 X175.726 Y90.873
G1 F1500 X193.589 Y108.736 E2334.47671
G0 F9000 X193.589 Y108.171
G1 F1500 X175.979 Y90.56 E2335.30505
G0 F9000 X176.153 Y90.169
G1 F1500 X193.589 Y107.605 E2336.12519
G0 F9000 X193.589 Y107.039
G1 F1500 X176.268 Y89.718 E2336.93991
G0 F9000 X176.297 Y89.181
G1 F1500 X193.589 Y106.474 E2337.7533
G0 F9000 X193.589 Y105.908
G1 F1500 X176.31 Y88.629 E2338.56605
G0 F9000 X176.324 Y88.077
G1 F1500 X193.589 Y105.342 E2339.37814
G0 F9000 X193.589 Y104.776
G1 F1500 X176.336 Y87.524 E2340.18965
G0 F9000 X176.35 Y86.972
G1 F1500 X193.589 Y104.211 E2341.00052
G0 F9000 X193.589 Y103.645
G1 F1500 X176.363 Y86.419 E2341.81078
G0 F9000 X176.377 Y85.867
G1 F1500 X193.589 Y103.079 E2342.62037
G0 F9000 X193.589 Y102.514
G1 F1500 X176.381 Y85.306 E2343.42979
G0 F9000 X176.335 Y84.694
G1 F1500 X193.589 Y101.948 E2344.24136
G0 F9000 X193.589 Y101.382
G1 F1500 X176.305 Y84.099 E2345.05432
G0 F9000 X176.305 Y83.533
G1 F1500 X193.589 Y100.817 E2345.86731
G0 F9000 X193.589 Y100.251
G1 F1500 X176.305 Y82.967 E2346.6803
G0 F9000 X176.334 Y82.43
G1 F1500 X193.589 Y99.685 E2347.49192
G0 F9000 X193.589 Y99.12
G1 F1500 X176.373 Y81.904 E2348.30171
G0 F9000 X176.387 Y81.352
G1 F1500 X193.589 Y98.554 E2349.11084
G0 F9000 X193.589 Y97.988
G1 F1500 X176.387 Y80.786 E2349.91997
G0 F9000 X176.387 Y80.221
G1 F1500 X193.589 Y97.423 E2350.7291
G0 F9000 X193.589 Y96.857
G1 F1500 X176.346 Y79.614 E2351.54015
G0 F9000 X176.305 Y79.007
G1 F1500 X193.589 Y96.291 E2352.35314
G0 F9000 X193.589 Y95.725
G1 F1500 X190.199 Y92.336 E2352.51257
G0 F9000 X190.83 Y92.401
G1 F1500 X193.589 Y95.16 E2352.64235
G0 F9000 X193.589 Y94.594
G1 F1500 X191.326 Y92.331 E2352.74879
G0 F9000 X191.748 Y92.188
G1 F1500 X193.589 Y94.028 E2352.83536
G0 F9000 X193.589 Y93.463
G1 F1500 X192.123 Y91.996 E2352.90434
G0 F9000 X192.42 Y91.728
G1 F1500 X193.589 Y92.897 E2352.95933
G0 F9000 X193.589 Y92.331
G1 F1500 X192.682 Y91.424 E2353.00199
G0 F9000 X192.916 Y91.093
G1 F1500 X193.589 Y91.766 E2353.03365
G0 F9000 X193.589 Y91.2
G1 F1500 X193.453 Y91.064 E2353.04004
G1 X193.452 Y91.063
G1 X193.058 Y90.669 E2353.05858
G0 F9000 X193.139 Y90.185
G1 F1500 X193.589 Y90.634 E2353.07972
G0 F9000 X193.589 Y90.069
G1 F1500 X193.117 Y89.597 E2353.10192
G0 F9000 X193.589 Y89.503
G1 F1500 X193.127 Y89.041 E2353.12365
G1 X193.126 Y89.04
G1 X192.731 Y88.645 E2353.14223
G0 F9000 X192.055 Y87.969
G1 F1500 X176.243 Y72.157 E2353.88598
G0 F9000 X176.318 Y72.798
G1 F1500 X191.141 Y87.621 E2354.58321
G0 F9000 X190.553 Y87.599
G1 F1500 X176.309 Y73.354 E2355.25323
G0 F9000 X176.331 Y73.942
G1 F1500 X190.083 Y87.694 E2355.90008
G0 F9000 X189.677 Y87.853
G1 F1500 X176.37 Y74.546 E2356.526
G0 F9000 X176.388 Y75.13
G1 F1500 X189.322 Y88.064 E2357.13437
G0 F9000 X189.018 Y88.326
G1 F1500 X176.387 Y75.695 E2357.7285
G0 F9000 X176.387 Y76.261
G1 F1500 X188.774 Y88.647 E2358.31112
G0 F9000 X188.563 Y89.002
G1 F1500 X176.355 Y76.794 E2358.88535
G0 F9000 X176.317 Y77.322
G1 F1500 X188.412 Y89.417 E2359.45426
G0 F9000 X188.344 Y89.915
G1 F1500 X176.305 Y77.875 E2360.02056
G0 F9000 X176.305 Y78.441
G1 F1500 X188.395 Y90.531 E2360.58924
G1 F2700 E2355.58924
G0 F9000 X188.85 Y90.465
G0 X188.716 Y89.997
G0 X175.91 Y89.572
G0 X170.661 Y89.768
G1 F2700 E2360.58924
G1 F1500 X166.005 Y85.112 E2360.80824
G0 F9000 X166.282 Y84.823
G1 F1500 X170.602 Y89.144 E2361.01146
G0 F9000 X170.576 Y88.552
G1 F1500 X166.559 Y84.535 E2361.20041
G0 F9000 X166.837 Y84.247
G1 F1500 X170.583 Y87.993 E2361.37661
G0 F9000 X170.588 Y87.433
G1 F1500 X167.114 Y83.959 E2361.54002
G0 F9000 X167.391 Y83.67
G1 F1500 X170.588 Y86.867 E2361.69039
G0 F9000 X170.588 Y86.301
G1 F1500 X167.669 Y83.382 E2361.8277
G0 F9000 X167.947 Y83.094
G1 F1500 X170.588 Y85.735 E2361.95192
G0 F9000 X170.588 Y85.17
G1 F1500 X168.224 Y82.805 E2362.06314
G0 F9000 X168.502 Y82.517
G1 F1500 X170.588 Y84.604 E2362.16128
G0 F9000 X170.588 Y84.038
G1 F1500 X168.779 Y82.229 E2362.24637
G0 F9000 X169.056 Y81.94
G1 F1500 X170.588 Y83.473 E2362.31846
G0 F9000 X170.588 Y82.907
G1 F1500 X169.333 Y81.652 E2362.37749
G0 F9000 X169.611 Y81.364
G1 F1500 X170.588 Y82.341 E2362.42344
G0 F9000 X170.588 Y81.776
G1 F1500 X169.888 Y81.076 E2362.45637
G0 F9000 X170.165 Y80.787
G1 F1500 X170.356 Y80.977 E2362.46533
G1 X170.356 Y80.978
G1 X170.588 Y81.21 E2362.47624
G0 F9000 X170.589 Y80.645
G1 F1500 X170.443 Y80.499 E2362.48311
G0 F9000 X170.112 Y80.181
G0 X160.159 Y90.411
G0 X160.388 Y90.808
G1 F1500 X163.786 Y94.207 E2362.64296
G0 F9000 X163.22 Y94.207
G1 F1500 X160.027 Y91.013 E2362.79318
G0 F9000 X159.649 Y91.201
G1 F1500 X162.619 Y94.171 E2362.93288
G0 F9000 X162.01 Y94.127
G1 F1500 X159.203 Y91.321 E2363.06488
G0 F9000 X158.725 Y91.409
G1 F1500 X161.444 Y94.127 E2363.19275
G0 F9000 X160.879 Y94.128
G1 F1500 X158.193 Y91.442 E2363.3191
G0 F9000 X157.66 Y91.474
G1 F1500 X160.313 Y94.128 E2363.44391
G0 F9000 X159.784 Y94.165
G1 F1500 X157.065 Y91.445 E2363.57182
G0 F9000 X156.469 Y91.415
G1 F1500 X159.258 Y94.205 E2363.70303
G0 F9000 X158.767 Y94.279
G1 F1500 X155.798 Y91.31 E2363.84269
G1 F2700 E2358.84269
G0 F9000 X156.068 Y90.924
G0 X155.587 Y90.397
G0 X154.89 Y89.238
G0 X139.256 Y89.235
G0 X133.766 Y76.632
G1 F2700 E2363.84269
G1 F1500 X118.294 Y61.159 E2364.57047
G0 F9000 X118.859 Y61.159
G1 F1500 X133.767 Y76.067 E2365.27169
G0 F9000 X133.767 Y75.502
G1 F1500 X119.425 Y61.159 E2365.94632
G0 F9000 X119.991 Y61.159
G1 F1500 X133.767 Y74.936 E2366.59432
G0 F9000 X133.767 Y74.37
G1 F1500 X120.556 Y61.159 E2367.21573
G0 F9000 X121.122 Y61.159
G1 F1500 X133.767 Y73.804 E2367.81051
G0 F9000 X133.767 Y73.239
G1 F1500 X121.688 Y61.159 E2368.37869
G0 F9000 X122.253 Y61.159
G1 F1500 X133.767 Y72.673 E2368.92028
G0 F9000 X133.812 Y72.153
G1 F1500 X122.819 Y61.159 E2369.43738
G0 F9000 X123.385 Y61.159
G1 F1500 X133.968 Y71.743 E2369.93519
G0 F9000 X134.17 Y71.379
G1 F1500 X123.95 Y61.159 E2370.41591
G0 F9000 X124.516 Y61.159
G1 F1500 X134.469 Y71.113 E2370.88409
G0 F9000 X134.823 Y70.9
G1 F1500 X125.082 Y61.159 E2371.34228
G0 F9000 X125.647 Y61.159
G1 F1500 X135.244 Y70.756 E2371.79369
G0 F9000 X135.752 Y70.698
G1 F1500 X126.213 Y61.159 E2372.24238
G0 F9000 X126.779 Y61.159
G1 F1500 X136.271 Y70.651 E2372.68885
G0 F9000 X136.848 Y70.663
G1 F1500 X127.344 Y61.159 E2373.13589
G0 F9000 X127.91 Y61.159
G1 F1500 X137.424 Y70.673 E2373.5834
G0 F9000 X138.018 Y70.702
G1 F1500 X128.476 Y61.159 E2374.03225
G1 F2700 E2369.03225
G0 F9000 X128.476 Y60.7
G0 X120.799 Y60.8
G0 X119.498 Y71.055
G0 X121.216 Y72.001
G1 F2700 E2374.03225
G1 F1500 X124.365 Y75.15 E2374.18037
G0 F9000 X124.169 Y75.52
G1 F1500 X121.275 Y72.626 E2374.3165
G0 F9000 X121.275 Y73.192
G1 F1500 X123.972 Y75.889 E2374.44335
G0 F9000 X123.776 Y76.258
G1 F1500 X121.275 Y73.758 E2374.56097
G0 F9000 X121.275 Y74.323
G1 F1500 X123.579 Y76.627 E2374.66934
G0 F9000 X123.383 Y76.997
G1 F1500 X121.275 Y74.889 E2374.7685
G0 F9000 X121.275 Y75.455
G1 F1500 X123.187 Y77.366 E2374.85841
G0 F9000 X122.99 Y77.735
G1 F1500 X121.275 Y76.021 E2374.93905
G0 F9000 X121.276 Y76.587
G1 F1500 X122.794 Y78.105 E2375.01045
G0 F9000 X122.598 Y78.474
G1 F1500 X121.276 Y77.153 E2375.07261
G0 F9000 X121.276 Y77.718
G1 F1500 X122.401 Y78.843 E2375.12553
G0 F9000 X122.205 Y79.213
G1 F1500 X121.276 Y78.284 E2375.16923
G0 F9000 X121.276 Y78.85
G1 F1500 X122.009 Y79.582 E2375.20368
G0 F9000 X121.811 Y79.951
G1 F1500 X121.625 Y79.765 E2375.21243
G1 X121.625 Y79.764
G1 X121.276 Y79.415 E2375.22885
G0 F9000 X121.275 Y79.98
G1 F1500 X121.611 Y80.316 E2375.24465
G0 F9000 X121.275 Y80.546
G1 F1500 X121.411 Y80.682 E2375.25105
G1 F2700 E2370.25105
;MESH:NONMESH
G0 F300 X121.411 Y80.682 Z2
G0 F9000 X121.813 Y80.903
G0 X120.908 Y82.383
G0 X120.524 Y72.089
G0 X120.265 Y71.694
G0 X119.908 Y71.474
G0 X119.46 Y71.397
G0 X117.717 Y71.395
G0 X117.298 Y71.443
G0 X117.014 Y71.543
G0 X116.699 Y71.796
G0 X116.536 Y72.117
G0 X116.463 Y72.849
G0 X116.095 Y83.924
G0 X80.225 Y83.092
G0 X79.369 Y84.471
;TIME_ELAPSED:14129.924866
;LAYER:9
;TYPE:WALL-INNER
;MESH:Box_Cover.stl
G1 F2700 E2375.25105
G1 F1500 X79.617 Y84.052 E2375.26724
G1 X80.063 Y83.012 E2375.30488
G1 X80.829 Y81.4 E2375.36424
G1 X82.003 Y78.763 E2375.46025
G1 X82.314 Y78.108 E2375.48436
G1 X82.459 Y77.705 E2375.49861
G1 X82.493 Y77.49 E2375.50585
G1 X82.327 Y77.397 E2375.51218
G1 X81.74 Y77.346 E2375.53177
G1 X77.021 Y77.345 E2375.68873
G1 X76.722 Y77.356 E2375.69868
G1 X76.259 Y77.416 E2375.71421
G1 X76.166 Y77.491 E2375.71818
G1 X76.824 Y79.057 E2375.77468
G1 X78.664 Y83.035 E2375.92046
G1 X79.019 Y83.858 E2375.95027
G1 X79.21 Y84.24 E2375.96447
G1 X79.369 Y84.471 E2375.9738
G0 F9000 X79.459 Y84.954
;TYPE:WALL-OUTER
G1 F1500 X79.651 Y84.781 E2375.98239
G1 X79.975 Y84.234 E2376.00354
G1 X80.425 Y83.184 E2376.04153
G1 X81.193 Y81.567 E2376.10107
G1 X82.365 Y78.935 E2376.1969
G1 X82.684 Y78.262 E2376.22167
G1 X82.848 Y77.806 E2376.23779
G1 X82.9 Y77.486 E2376.24857
G1 X82.82 Y77.24 E2376.25718
G1 X82.625 Y77.078 E2376.26561
G1 X82.413 Y77.003 E2376.27309
G1 X81.757 Y76.946 E2376.29499
G1 X77.007 Y76.945 E2376.45298
G1 X76.689 Y76.957 E2376.46356
G1 X76.309 Y77.007 E2376.47631
G1 X76.03 Y77.089 E2376.48598
G1 X75.813 Y77.259 E2376.49515
G1 X75.744 Y77.518 E2376.50406
G1 X76.461 Y79.225 E2376.56564
G1 X78.296 Y83.193 E2376.71105
G1 X78.66 Y84.036 E2376.74159
G1 X78.858 Y84.433 E2376.75634
G1 X79.067 Y84.74 E2376.7687
G1 X79.312 Y84.951 E2376.77945
G1 X79.459 Y84.954 E2376.78434
G0 F9000 X79.384 Y84.653
G0 X79.127 Y83.849
G0 X79.359 Y83.735
;TYPE:SKIN
G1 F1500 X78.993 Y82.885 E2376.81512
G1 X77.156 Y78.917 E2376.96055
G1 X76.656 Y77.722 E2377.00364
G1 X77.034 Y77.706 E2377.01622
G1 X81.733 Y77.706 E2377.17251
G1 X82.087 Y77.738 E2377.18433
G1 X81.675 Y78.611 E2377.21644
G1 X80.51 Y81.23 E2377.31178
G1 X79.731 Y82.871 E2377.3722
G1 X79.359 Y83.735 E2377.40348
G0 F9000 X79.288 Y83.063
G1 F1500 X79.536 Y82.814 E2377.41517
G0 F9000 X79.115 Y82.67
G1 F1500 X80.045 Y81.74 E2377.45892
G0 F9000 X80.461 Y81.938
G0 X80.951 Y80.877
G0 X80.53 Y80.69
G1 F1500 X78.935 Y82.284 E2377.53392
G0 F9000 X78.756 Y81.897
G1 F1500 X80.983 Y79.671 E2377.63864
G0 F9000 X81.404 Y79.859
G0 X81.858 Y78.84
G0 X81.436 Y78.652
G1 F1500 X78.577 Y81.511 E2377.77312
G0 F9000 X78.399 Y81.124
G1 F1500 X81.617 Y77.906 E2377.92449
G0 F9000 X81.051 Y77.906
G1 F1500 X78.22 Y80.737 E2378.05765
G0 F9000 X78.041 Y80.35
G1 F1500 X80.485 Y77.906 E2378.17261
G0 F9000 X79.919 Y77.906
G1 F1500 X77.862 Y79.963 E2378.26936
G0 F9000 X77.682 Y79.577
G1 F1500 X79.352 Y77.907 E2378.34791
G0 F9000 X78.787 Y77.907
G1 F1500 X77.503 Y79.191 E2378.40831
G0 F9000 X77.325 Y78.803
G1 F1500 X78.221 Y77.907 E2378.45046
G0 F9000 X77.655 Y77.908
G1 F1500 X77.159 Y78.403 E2378.47376
G0 F9000 X76.992 Y78.005
G1 F1500 X77.089 Y77.908 E2378.47832
G1 F2700 E2373.47832
G0 F9000 X77.091 Y77.446
G0 X81.732 Y77.507
G0 X82.318 Y77.573
G0 X81.858 Y78.693
G0 X81.549 Y79.385
G0 X81.882 Y79.53
G0 X97.501 Y83.454
G0 X98.051 Y86.872
;TYPE:WALL-INNER
G1 F2700 E2378.47832
G1 F1500 X98.412 Y86.901 E2378.49037
G1 X99.039 Y86.897 E2378.51122
G1 X101.808 Y86.956 E2378.60334
G1 X102.897 Y86.897 E2378.63962
G1 X104.425 Y86.869 E2378.69045
G1 X105.881 Y86.636 E2378.73949
G1 X106.392 Y86.426 E2378.75786
G1 X106.83 Y86.126 E2378.77552
G1 X107.021 Y85.92 E2378.78487
G1 X107.176 Y85.679 E2378.7944
G1 X107.313 Y85.34 E2378.80656
G1 X107.391 Y84.987 E2378.81858
G1 X107.408 Y84.608 E2378.8312
G1 X107.365 Y84.243 E2378.84342
G1 X107.261 Y83.905 E2378.85519
G1 X107.043 Y83.496 E2378.8706
G1 X106.748 Y83.227 E2378.88388
G1 X106.368 Y82.974 E2378.89906
G1 X105.783 Y82.738 E2378.92004
G1 X105.015 Y82.599 E2378.946
G1 X103.389 Y82.502 E2379.00018
G1 X102.381 Y82.426 E2379.0338
G1 X98.638 Y82.425 E2379.15829
G1 X98.24 Y82.452 E2379.17156
G1 X97.924 Y82.6 E2379.18317
G1 X97.801 Y82.747 E2379.18954
G1 X97.731 Y82.987 E2379.19786
G1 X97.682 Y83.462 E2379.21374
G1 X97.682 Y86.027 E2379.29905
G1 X97.732 Y86.486 E2379.31441
G1 X97.883 Y86.745 E2379.32438
G1 X98.051 Y86.872 E2379.33138
G1 F2700 E2374.33138
G0 F9000 X98.143 Y86.776
G0 X104.432 Y86.767
G1 F2700 E2379.33138
G0 F9000 X104.461 Y87.269
;TYPE:WALL-OUTER
G1 F1500 X105.99 Y87.024 E2379.38289
G1 X106.583 Y86.78 E2379.40422
G1 X107.093 Y86.431 E2379.42477
G1 X107.339 Y86.166 E2379.4368
G1 X107.533 Y85.863 E2379.44876
G1 X107.697 Y85.459 E2379.46326
G1 X107.789 Y85.039 E2379.47757
G1 X107.809 Y84.593 E2379.49241
G1 X107.758 Y84.16 E2379.50692
G1 X107.632 Y83.751 E2379.52115
G1 X107.429 Y83.37 E2379.53551
G1 X107.235 Y83.13 E2379.54577
G1 X106.995 Y82.911 E2379.55658
G1 X106.556 Y82.618 E2379.57413
G1 X105.895 Y82.352 E2379.59783
G1 X105.063 Y82.201 E2379.62596
G1 X103.419 Y82.103 E2379.68073
G1 X102.396 Y82.026 E2379.71485
G1 X98.624 Y82.025 E2379.84031
G1 X98.316 Y82.046 E2379.85058
G1 X98.04 Y82.104 E2379.85996
G1 X97.638 Y82.292 E2379.87472
G1 X97.436 Y82.569 E2379.88612
G1 X97.337 Y82.911 E2379.89796
G1 X97.282 Y83.441 E2379.91569
G1 X97.282 Y86.048 E2380.0024
G1 X97.326 Y86.456 E2380.01605
G1 X97.398 Y86.708 E2380.02476
G1 X97.577 Y87.016 E2380.03661
G1 X97.904 Y87.263 E2380.05024
G1 X98.398 Y87.301 E2380.06672
G1 X99.031 Y87.297 E2380.08777
G1 X101.814 Y87.356 E2380.18036
G1 X102.926 Y87.297 E2380.2174
G1 X104.461 Y87.269 E2380.26846
G0 F9000 X104.432 Y86.767
G0 X98.176 Y86.779
G0 X98.199 Y86.542
;TYPE:SKIN
G1 F1500 X98.081 Y86.369 E2380.27542
G1 X98.042 Y86.008 E2380.2875
G1 X98.043 Y83.479 E2380.37161
G1 X98.085 Y83.066 E2380.38542
G1 X98.157 Y82.89 E2380.39175
G1 X98.275 Y82.834 E2380.39609
G1 X98.659 Y82.786 E2380.40896
G1 X102.355 Y82.787 E2380.53189
G1 X103.365 Y82.862 E2380.56558
G1 X104.983 Y82.96 E2380.61949
G1 X105.678 Y83.085 E2380.64298
G1 X106.2 Y83.295 E2380.66169
G1 X106.519 Y83.509 E2380.67447
G1 X106.797 Y83.8 E2380.68785
G1 X106.926 Y84.041 E2380.69694
G1 X107.011 Y84.317 E2380.70655
G1 X107.045 Y84.622 E2380.71676
G1 X107.033 Y84.94 E2380.72734
G1 X106.967 Y85.233 E2380.73733
G1 X106.857 Y85.507 E2380.74715
G1 X106.668 Y85.799 E2380.75872
G1 X106.225 Y86.103 E2380.77659
G1 X105.779 Y86.287 E2380.79264
G1 X104.393 Y86.51 E2380.83933
G1 X102.919 Y86.537 E2380.88836
G1 X101.797 Y86.595 E2380.92573
G1 X99.045 Y86.537 E2381.01728
G1 X98.199 Y86.542 E2381.04542
G0 F9000 X98.176 Y86.779
G0 X97.889 Y86.433
G0 X97.876 Y82.891
G0 X98.258 Y83.326
G1 F1500 X98.587 Y82.997 E2381.0609
G0 F9000 X99.164 Y82.986
G1 F1500 X98.241 Y83.908 E2381.10429
G0 F9000 X98.241 Y84.474
G1 F1500 X99.73 Y82.986 E2381.1743
G0 F9000 X100.296 Y82.986
G1 F1500 X98.241 Y85.04 E2381.27094
G0 F9000 X98.241 Y85.605
G1 F1500 X100.861 Y82.986 E2381.39415
G0 F9000 X101.427 Y82.986
G1 F1500 X98.258 Y86.154 E2381.54319
G0 F9000 X98.639 Y86.339
G1 F1500 X101.993 Y82.986 E2381.70093
G0 F9000 X102.543 Y83
G1 F1500 X99.204 Y86.34 E2381.85801
G0 F9000 X99.757 Y86.352
G1 F1500 X103.069 Y83.041 E2382.01377
G0 F9000 X103.598 Y83.077
G1 F1500 X100.312 Y86.363 E2382.16833
G0 F9000 X100.865 Y86.375
G1 F1500 X104.132 Y83.109 E2382.32198
G0 F9000 X104.665 Y83.141
G1 F1500 X101.42 Y86.387 E2382.47464
G0 F9000 X101.988 Y86.385
G1 F1500 X105.175 Y83.197 E2382.62457
G0 F9000 X105.649 Y83.289
G1 F1500 X102.584 Y86.354 E2382.76874
G0 F9000 X103.171 Y86.332
G1 F1500 X106.052 Y83.452 E2382.90423
G0 F9000 X106.397 Y83.672
G1 F1500 X103.748 Y86.322 E2383.02885
G0 F9000 X104.324 Y86.311
G1 F1500 X106.661 Y83.974 E2383.13878
G0 F9000 X106.816 Y84.385
G1 F1500 X104.99 Y86.211 E2383.22466
G0 F9000 X105.664 Y86.102
G1 F1500 X106.826 Y84.94 E2383.27932
G1 F2700 E2378.27932
G0 F9000 X107.275 Y85.041
G0 X107.033 Y85.604
G0 X105.935 Y86.811
G0 X106.106 Y87.882
G0 X106.402 Y89.455
G0 X106.277 Y90.759
;TYPE:WALL-INNER
G1 F2700 E2383.27932
G1 F1500 X103.085 Y90.891 E2383.38558
G1 X95.733 Y90.891 E2383.63011
G1 X94.792 Y90.901 E2383.66141
G1 X93.753 Y90.816 E2383.69608
G1 X93.234 Y90.5 E2383.71629
G1 X92.902 Y90.059 E2383.73465
G1 X92.801 Y89.702 E2383.74699
G1 X92.758 Y89.152 E2383.76534
G1 X92.763 Y72.393 E2384.32274
G1 X92.945 Y71.879 E2384.34088
G1 X93.136 Y71.612 E2384.3518
G1 X93.565 Y71.326 E2384.36895
G1 X93.737 Y71.268 E2384.37498
G1 X94.244 Y71.235 E2384.39188
G1 X96.078 Y71.234 E2384.45288
G1 X96.544 Y71.246 E2384.46839
G1 X97.015 Y71.343 E2384.48438
G1 X97.214 Y71.456 E2384.49199
G1 X97.49 Y71.751 E2384.50543
G1 X97.619 Y72.086 E2384.51737
G1 X97.683 Y72.768 E2384.54015
G1 X97.683 Y78.749 E2384.73908
G1 X97.95 Y78.784 E2384.74804
G1 X101.128 Y78.78 E2384.85374
G1 X101.67 Y78.729 E2384.87184
G1 X101.978 Y78.621 E2384.8827
G1 X102.278 Y78.422 E2384.89467
G1 X102.61 Y78.081 E2384.9105
G1 X106.357 Y72.843 E2385.12471
G1 X106.742 Y72.264 E2385.14783
G1 X106.971 Y71.968 E2385.16028
G1 X107.234 Y71.705 E2385.17265
G1 X107.568 Y71.479 E2385.18606
G1 X108.02 Y71.305 E2385.20217
G1 X108.518 Y71.238 E2385.21889
G1 X111.326 Y71.235 E2385.31228
G1 X111.803 Y71.357 E2385.32866
G1 X112.046 Y71.525 E2385.33848
G1 X112.254 Y71.833 E2385.35084
G1 X112.286 Y72.242 E2385.36449
G1 X112.137 Y72.698 E2385.38044
G1 X111.213 Y74.049 E2385.43488
G1 X110.493 Y75.139 E2385.47833
G1 X108.329 Y78.195 E2385.60288
G1 X107.914 Y78.795 E2385.62714
G1 X107.756 Y79.082 E2385.63804
G1 X107.719 Y79.21 E2385.64247
G1 X107.904 Y79.356 E2385.65031
G1 X108.418 Y79.569 E2385.66881
G1 X110.176 Y80.375 E2385.73314
G1 X110.884 Y80.907 E2385.76259
G1 X111.466 Y81.57 E2385.79194
G1 X111.993 Y82.52 E2385.82807
G1 X112.32 Y83.688 E2385.86841
G1 X112.32 Y84.483 E2385.89485
G1 X112.374 Y84.845 E2385.90703
G1 X112.386 Y85.21 E2385.91917
G1 X112.257 Y86.305 E2385.95584
G1 X111.942 Y87.397 E2385.99364
G1 X111.39 Y88.371 E2386.03088
G1 X110.661 Y89.147 E2386.06629
G1 X109.516 Y89.902 E2386.11191
G1 X107.955 Y90.463 E2386.16708
G1 X106.277 Y90.759 E2386.22375
G1 F2700 E2381.22375
G0 F9000 X109.595 Y90.064
G0 X116.263 Y90.127
G0 X117.307 Y90.828
G1 F2700 E2386.22375
G1 F1500 X116.749 Y90.494 E2386.24538
G1 X116.432 Y90.054 E2386.26342
G1 X116.327 Y89.693 E2386.27592
G1 X116.294 Y89.153 E2386.29392
G1 X116.294 Y72.924 E2386.8337
G1 X116.305 Y72.499 E2386.84784
G1 X116.389 Y72.061 E2386.86267
G1 X116.565 Y71.702 E2386.87597
G1 X116.926 Y71.405 E2386.89152
G1 X117.291 Y71.281 E2386.90434
G1 X117.674 Y71.237 E2386.91716
G1 X119.481 Y71.236 E2386.97726
G1 X119.983 Y71.328 E2386.99424
G1 X120.385 Y71.58 E2387.01002
G1 X120.643 Y71.976 E2387.02574
G1 X120.694 Y72.193 E2387.03315
G1 X120.716 Y72.548 E2387.04498
G1 X120.718 Y82.664 E2387.38144
G1 X120.751 Y83.08 E2387.39532
G1 X121.348 Y81.96 E2387.43753
G1 X122.606 Y79.669 E2387.52446
G1 X125.295 Y74.597 E2387.7154
G1 X126.59 Y72.214 E2387.80561
G1 X126.999 Y71.855 E2387.82371
G1 X127.452 Y71.724 E2387.83939
G1 X127.935 Y71.793 E2387.85562
G1 X128.36 Y72.11 E2387.87325
G1 X128.693 Y72.623 E2387.8936
G1 X129.882 Y74.861 E2387.97788
G1 X134.328 Y83.027 E2388.28713
G1 X134.331 Y72.586 E2388.6344
G1 X134.373 Y72.212 E2388.64692
G1 X134.566 Y71.788 E2388.66241
G1 X134.661 Y71.672 E2388.6674
G1 X134.988 Y71.426 E2388.68101
G1 X135.427 Y71.29 E2388.6963
G1 X136.369 Y71.209 E2388.72774
G1 X137.803 Y71.239 E2388.77545
G1 X138.165 Y71.286 E2388.78759
G1 X138.628 Y71.511 E2388.80471
G1 X138.959 Y71.959 E2388.82324
G1 X139.078 Y72.5 E2388.84166
G1 X139.076 Y89.473 E2389.40619
G1 X138.975 Y89.982 E2389.42345
G1 X138.81 Y90.307 E2389.43557
G1 X138.371 Y90.693 E2389.45501
G1 X137.993 Y90.829 E2389.46837
G1 X137.413 Y90.891 E2389.48777
G1 X135.969 Y90.912 E2389.53581
G1 X134.366 Y90.765 E2389.58935
G1 X133.967 Y90.621 E2389.60345
G1 X133.589 Y90.327 E2389.61938
G1 X133.03 Y89.59 E2389.65015
G1 X129.629 Y83.552 E2389.88064
G1 X127.949 Y80.506 E2389.99634
G1 X127.793 Y80.245 E2390.00645
G1 X127.626 Y80.031 E2390.01548
G1 X127.321 Y80.531 E2390.03496
G1 X125.971 Y83.044 E2390.12984
G1 X122.941 Y88.59 E2390.34003
G1 X122.522 Y89.391 E2390.3701
G1 X122.048 Y90.107 E2390.39866
G1 X121.708 Y90.432 E2390.4143
G1 X121.305 Y90.671 E2390.42989
G1 X120.779 Y90.831 E2390.44817
G1 X120.136 Y90.891 E2390.46965
G1 X118.735 Y90.903 E2390.51625
G1 X117.307 Y90.828 E2390.56381
G1 F2700 E2385.56381
G0 F9000 X116.691 Y90.584
G0 X118.752 Y90.742
G0 X120.755 Y90.673
G0 X122.158 Y90.232
G0 X127.643 Y80.345
G0 X133.267 Y90.183
G0 X134.433 Y90.618
G0 X135.983 Y90.751
G0 X137.946 Y90.678
G0 X139.154 Y90.042
G0 X144.553 Y90.263
G0 X145.033 Y90.559
G1 F2700 E2390.56381
G1 F1500 X144.714 Y90.172 E2390.58049
G1 X144.615 Y89.852 E2390.59163
G1 X144.573 Y89.308 E2390.60978
G1 X144.574 Y72.452 E2391.17042
G1 X144.627 Y72.059 E2391.1836
G1 X144.79 Y71.735 E2391.19567
G1 X144.936 Y71.568 E2391.20305
G1 X145.292 Y71.327 E2391.21734
G1 X145.463 Y71.269 E2391.22335
G1 X146.013 Y71.234 E2391.24168
G1 X148.193 Y71.241 E2391.31419
G1 X148.597 Y71.302 E2391.32778
G1 X149.013 Y71.506 E2391.34319
G1 X149.272 Y71.777 E2391.35566
G1 X149.437 Y72.15 E2391.36922
G1 X149.503 Y72.67 E2391.38665
G1 X149.496 Y89.46 E2391.94509
G1 X149.418 Y89.952 E2391.96166
G1 X149.149 Y90.415 E2391.97947
G1 X148.708 Y90.74 E2391.99769
G1 X148.332 Y90.856 E2392.01078
G1 X147.833 Y90.891 E2392.02742
G1 X145.633 Y90.843 E2392.10061
G1 X145.033 Y90.559 E2392.12268
G1 F2700 E2387.12268
G0 F9000 X145.15 Y90.727
G0 X148.306 Y90.696
G0 X149.605 Y89.983
G0 X154.984 Y90.012
G0 X155.727 Y90.688
G1 F2700 E2392.12268
G1 F1500 X155.418 Y90.435 E2392.13597
G1 X155.29 Y90.259 E2392.14321
G1 X155.158 Y89.941 E2392.15466
G1 X155.07 Y89.224 E2392.17868
G1 X155.072 Y88.044 E2392.21793
G1 X155.156 Y86.871 E2392.25705
G1 X155.156 Y85.501 E2392.30261
G1 X155.072 Y84.405 E2392.33917
G1 X155.072 Y82.705 E2392.39571
G1 X155.156 Y81.619 E2392.43194
G1 X155.156 Y80.252 E2392.47741
G1 X155.072 Y79.158 E2392.5139
G1 X155.072 Y77.371 E2392.57334
G1 X155.155 Y76.288 E2392.60946
G1 X155.071 Y72.739 E2392.72754
G1 X155.104 Y72.127 E2392.74792
G1 X155.343 Y71.649 E2392.7657
G1 X155.736 Y71.366 E2392.78181
G1 X156.096 Y71.267 E2392.79422
G1 X156.471 Y71.235 E2392.80674
G1 X158.473 Y71.235 E2392.87333
G1 X158.911 Y71.312 E2392.88812
G1 X159.37 Y71.582 E2392.90583
G1 X159.626 Y71.965 E2392.92115
G1 X159.699 Y72.144 E2392.92758
G1 X159.744 Y72.674 E2392.94527
G1 X159.743 Y83.586 E2393.30821
G1 X161.938 Y81.357 E2393.41226
G1 X169.017 Y73.985 E2393.75219
G1 X169.954 Y73.026 E2393.79679
G1 X170.523 Y72.384 E2393.82532
G1 X171.217 Y71.749 E2393.85661
G1 X171.667 Y71.483 E2393.87399
G1 X172.179 Y71.299 E2393.89209
G1 X172.706 Y71.237 E2393.90974
G1 X174.449 Y71.238 E2393.96771
G1 X174.954 Y71.336 E2393.98482
G1 X175.275 Y71.548 E2393.99761
G1 X175.434 Y71.708 E2394.00512
G1 X175.681 Y72.176 E2394.02272
G1 X175.761 Y72.721 E2394.04104
G1 X175.746 Y73.583 E2394.06971
G1 X175.83 Y74.872 E2394.11268
G1 X175.828 Y76.367 E2394.1624
G1 X175.746 Y77.458 E2394.19879
G1 X175.746 Y79.078 E2394.25267
G1 X175.83 Y80.21 E2394.29042
G1 X175.828 Y81.707 E2394.34021
G1 X175.746 Y82.792 E2394.37641
G1 X175.745 Y84.328 E2394.42749
G1 X175.828 Y85.421 E2394.46395
G1 X175.732 Y89.531 E2394.60069
G1 X175.673 Y89.897 E2394.61302
G1 X175.488 Y90.299 E2394.62774
G1 X175.363 Y90.455 E2394.63438
G1 X175.061 Y90.697 E2394.64726
G1 X174.705 Y90.826 E2394.65985
G1 X174.107 Y90.888 E2394.67985
G1 X173.017 Y90.891 E2394.7161
G1 X172.617 Y90.879 E2394.72941
G1 X172.127 Y90.788 E2394.74599
G1 X171.648 Y90.538 E2394.76396
G1 X171.354 Y90.145 E2394.78028
G1 X171.221 Y89.721 E2394.79506
G1 X171.133 Y88.782 E2394.82643
G1 X171.15 Y87.545 E2394.86758
G1 X171.15 Y78.994 E2395.15198
G1 X170.978 Y79.136 E2395.1594
G1 X164.647 Y85.717 E2395.46313
G1 X162.939 Y87.434 E2395.54368
G1 X160.992 Y89.461 E2395.63716
G1 X160.601 Y89.888 E2395.65642
G1 X160.187 Y90.279 E2395.67536
G1 X159.549 Y90.648 E2395.69987
G1 X159.116 Y90.776 E2395.71489
G1 X158.673 Y90.851 E2395.72983
G1 X157.617 Y90.915 E2395.76502
G1 X156.155 Y90.843 E2395.81371
G1 X155.727 Y90.688 E2395.82885
G1 F2700 E2390.82885
G0 F9000 X156.068 Y90.924
G0 X157.617 Y91.095
G0 X158.496 Y94.707
G0 X164.762 Y108.571
G1 F2700 E2395.82885
G1 F1500 X164.417 Y108.341 E2395.84264
G1 X164.127 Y108.079 E2395.85564
G1 X163.486 Y107.217 E2395.89136
G1 X162.624 Y105.662 E2395.9505
G1 X159.652 Y100.572 E2396.14654
G1 X159.068 Y99.482 E2396.18767
G1 X158.013 Y97.706 E2396.25637
G1 X157.785 Y97.295 E2396.27201
G1 X157.577 Y96.775 E2396.29063
G1 X157.541 Y96.14 E2396.31179
G1 X157.757 Y95.479 E2396.33492
G1 X158.172 Y95.049 E2396.35479
G1 X158.558 Y94.877 E2396.36885
G1 X159.35 Y94.758 E2396.39549
G1 X160.283 Y94.688 E2396.42661
G1 X161.954 Y94.687 E2396.48218
G1 X163.071 Y94.767 E2396.51943
G1 X164.624 Y94.767 E2396.57108
G1 X165.44 Y94.689 E2396.59835
G1 X167.273 Y94.686 E2396.65931
G1 X168.405 Y94.767 E2396.69706
G1 X169.863 Y94.767 E2396.74555
G1 X171.085 Y94.687 E2396.78628
G1 X171.508 Y94.718 E2396.80039
G1 X171.851 Y94.789 E2396.81204
G1 X172.243 Y94.93 E2396.8259
G1 X172.747 Y95.276 E2396.84623
G1 X173.078 Y95.79 E2396.86656
G1 X173.154 Y96.183 E2396.87988
G1 X173.146 Y96.553 E2396.89219
G1 X173.016 Y97.037 E2396.90885
G1 X171.88 Y99.058 E2396.98596
G1 X167.224 Y107.101 E2397.29507
G1 X166.92 Y107.641 E2397.31568
G1 X166.535 Y108.158 E2397.33712
G1 X166.103 Y108.472 E2397.35488
G1 X165.908 Y108.555 E2397.36193
G1 X165.346 Y108.661 E2397.38095
G1 X164.762 Y108.571 E2397.4006
G1 F2700 E2392.4006
G0 F9000 X164.745 Y108.672
G0 X165.953 Y108.381
G0 X166.415 Y108.048
G0 X172.036 Y99.149
G0 X188.949 Y90.95
G0 X189.691 Y91.523
G1 F2700 E2397.4006
G1 F1500 X189.376 Y91.239 E2397.41471
G1 X189.115 Y90.867 E2397.42982
G1 X188.953 Y90.44 E2397.44501
G1 X188.897 Y89.999 E2397.4598
G1 X188.954 Y89.556 E2397.47465
G1 X189.121 Y89.123 E2397.49009
G1 X189.365 Y88.77 E2397.50436
G1 X189.701 Y88.471 E2397.51932
G1 X190.088 Y88.272 E2397.5338
G1 X190.518 Y88.159 E2397.54858
G1 X190.979 Y88.159 E2397.56392
G1 X191.405 Y88.265 E2397.57852
G1 X191.804 Y88.473 E2397.59348
G1 X192.135 Y88.769 E2397.60825
G1 X192.391 Y89.134 E2397.62308
G1 X192.551 Y89.56 E2397.63822
G1 X192.6 Y89.999 E2397.65291
G1 X192.55 Y90.445 E2397.66783
G1 X192.393 Y90.862 E2397.68265
G1 X192.138 Y91.229 E2397.69752
G1 X191.804 Y91.527 E2397.71241
G1 X191.405 Y91.735 E2397.72737
G1 X190.979 Y91.841 E2397.74197
G1 X190.518 Y91.841 E2397.75731
G1 X190.088 Y91.729 E2397.77208
G1 X189.691 Y91.523 E2397.78696
G1 F2700 E2392.78696
G0 F9000 X189.626 Y91.6
G0 X190.494 Y92.022
G0 X190.022 Y154.103
G0 X189.362 Y157.229
G1 F2700 E2397.78696
G1 F1500 X189.107 Y156.862 E2397.80182
G1 X188.95 Y156.446 E2397.81661
G1 X188.896 Y155.996 E2397.83169
G1 X188.955 Y155.552 E2397.84658
G1 X189.104 Y155.154 E2397.86072
G1 X189.358 Y154.775 E2397.87589
G1 X189.702 Y154.469 E2397.89121
G1 X190.088 Y154.272 E2397.90562
G1 X190.518 Y154.159 E2397.92041
G1 X190.979 Y154.159 E2397.93574
G1 X191.405 Y154.265 E2397.95034
G1 X191.804 Y154.473 E2397.96531
G1 X192.138 Y154.771 E2397.9802
G1 X192.393 Y155.138 E2397.99506
G1 X192.551 Y155.557 E2398.00995
G1 X192.6 Y156 E2398.02478
G1 X192.55 Y156.445 E2398.03967
G1 X192.393 Y156.862 E2398.05449
G1 X192.137 Y157.23 E2398.0694
G1 X191.799 Y157.531 E2398.08445
G1 X191.403 Y157.736 E2398.09929
G1 X191.006 Y157.833 E2398.11288
G1 X190.528 Y157.842 E2398.12878
G1 X190.096 Y157.736 E2398.14357
G1 X189.7 Y157.531 E2398.15841
G1 X189.362 Y157.229 E2398.17348
G1 F2700 E2393.17348
G0 F9000 X189.428 Y157.424
G0 X190.546 Y157.68
G0 X192.272 Y157.352
G0 X193.95 Y157.352
G0 X194.15 Y159.4
G1 F2700 E2398.17348
G1 F1500 X194.15 Y60.6 E2401.45958
G1 X25.85 Y60.6 E2407.05726
G1 X25.85 Y159.4 E2410.34336
G1 X194.15 Y159.4 E2415.94105
G1 F2700 E2410.94105
G0 F9000 X80.935 Y159.2
G0 X80.511 Y90.993
G0 X80.935 Y90.662
G1 F2700 E2415.94105
G1 F1500 X80.499 Y90.811 E2415.95637
G1 X79.675 Y90.905 E2415.98395
G1 X78.838 Y90.837 E2416.01188
G1 X78.429 Y90.706 E2416.02617
G1 X78.051 Y90.518 E2416.04021
G1 X77.717 Y90.248 E2416.0545
G1 X77.487 Y89.974 E2416.06639
G1 X77.25 Y89.577 E2416.08177
G1 X69.293 Y72.911 E2416.69602
G1 X69.108 Y72.402 E2416.71403
G1 X69.121 Y71.973 E2416.72831
G1 X69.211 Y71.775 E2416.73554
G1 X69.434 Y71.485 E2416.74771
G1 X69.59 Y71.381 E2416.75395
G1 X69.994 Y71.252 E2416.76805
G1 X70.501 Y71.234 E2416.78493
G1 X72.091 Y71.238 E2416.83781
G1 X72.552 Y71.298 E2416.85327
G1 X73 Y71.467 E2416.8692
G1 X73.326 Y71.699 E2416.88251
G1 X73.627 Y72.038 E2416.89758
G1 X74.303 Y73.399 E2416.94813
G1 X74.498 Y73.648 E2416.95865
G1 X74.761 Y73.827 E2416.96923
G1 X75.348 Y73.859 E2416.98878
G1 X83.931 Y73.852 E2417.27425
G1 X84.125 Y73.823 E2417.28078
G1 X84.387 Y73.659 E2417.29106
G1 X84.571 Y73.444 E2417.30047
G1 X84.794 Y73.06 E2417.31524
G1 X85.19 Y72.262 E2417.34487
G1 X85.559 Y71.753 E2417.36578
G1 X86.018 Y71.455 E2417.38398
G1 X86.423 Y71.301 E2417.39839
G1 X86.938 Y71.238 E2417.41565
G1 X89.824 Y71.234 E2417.51164
G1 X90.207 Y71.384 E2417.52532
G1 X90.398 Y71.517 E2417.53306
G1 X90.607 Y71.825 E2417.54544
G1 X90.671 Y72.042 E2417.55296
G1 X90.66 Y72.424 E2417.56567
G1 X90.468 Y72.96 E2417.58461
G1 X81.944 Y89.689 E2418.20909
G1 X81.684 Y90.09 E2418.22498
G1 X81.333 Y90.43 E2418.24123
G1 X80.935 Y90.662 E2418.25656
G1 F2700 E2413.25656
G0 F9000 X79.657 Y90.746
G0 X78.878 Y90.681
G0 X78.162 Y90.4
G0 X77.835 Y90.142
G0 X77.389 Y89.494
G0 X75.643 Y85.781
G0 X74.881 Y85.079
G0 X66.834 Y87.801
G0 X65.786 Y89.42
G1 F2700 E2418.25656
G1 F1500 X65.116 Y89.732 E2418.28114
G1 X63.415 Y90.346 E2418.34129
G1 X61.695 Y90.775 E2418.40025
G1 X58.856 Y91.152 E2418.4955
G1 X58.004 Y91.212 E2418.52391
G1 X56.073 Y91.212 E2418.58813
G1 X53.227 Y90.791 E2418.68382
G1 X51.636 Y90.281 E2418.73939
G1 X50.093 Y89.511 E2418.79675
G1 X48.605 Y88.401 E2418.85849
G1 X47.37 Y87.006 E2418.92046
G1 X46.49 Y85.448 E2418.97997
G1 X45.844 Y83.684 E2419.04246
G1 X45.683 Y82.542 E2419.08081
G1 X45.685 Y79.046 E2419.19709
G1 X45.74 Y78.562 E2419.21329
G1 X45.908 Y77.882 E2419.23659
G1 X46.338 Y76.696 E2419.27855
G1 X46.849 Y75.681 E2419.31635
G1 X47.943 Y74.288 E2419.37526
G1 X49.253 Y73.197 E2419.43196
G1 X51.102 Y72.189 E2419.502
G1 X53.348 Y71.452 E2419.58062
G1 X54.394 Y71.215 E2419.6163
G1 X55.484 Y71.065 E2419.65289
G1 X56.906 Y70.984 E2419.70026
G1 X58.438 Y70.985 E2419.75122
G1 X59.624 Y71.082 E2419.7908
G1 X60.737 Y71.152 E2419.82789
G1 X62.122 Y71.363 E2419.87448
G1 X64.249 Y71.868 E2419.9472
G1 X65.385 Y72.252 E2419.98708
G1 X66.112 Y72.591 E2420.01376
G1 X66.632 Y72.922 E2420.03426
G1 X66.962 Y73.221 E2420.04907
G1 X67.222 Y73.58 E2420.06381
G1 X67.361 Y73.939 E2420.07662
G1 X67.433 Y74.376 E2420.09135
G1 X67.457 Y74.974 E2420.11125
G1 X67.457 Y76.478 E2420.16128
G1 X67.538 Y77.426 E2420.19292
G1 X67.536 Y78.655 E2420.2338
G1 X67.457 Y79.905 E2420.27546
G1 X67.47 Y80.467 E2420.29416
G1 X67.438 Y81.087 E2420.3148
G1 X67.348 Y81.497 E2420.32877
G1 X67.078 Y81.983 E2420.34726
G1 X66.578 Y82.328 E2420.36746
G1 X66.07 Y82.419 E2420.38463
G1 X58.366 Y82.425 E2420.64086
G1 X57.941 Y82.403 E2420.65502
G1 X57.449 Y82.291 E2420.6718
G1 X57.295 Y82.19 E2420.67793
G1 X56.969 Y81.836 E2420.69393
G1 X56.847 Y81.501 E2420.70579
G1 X56.774 Y80.852 E2420.72751
G1 X56.771 Y80.382 E2420.74314
G1 X56.826 Y79.907 E2420.75905
G1 X57.047 Y79.415 E2420.77699
G1 X57.486 Y79.022 E2420.79658
G1 X58.027 Y78.87 E2420.81528
G1 X58.561 Y78.853 E2420.83305
G1 X62.359 Y78.849 E2420.95937
G1 X62.735 Y78.786 E2420.97205
G1 X62.938 Y78.622 E2420.98073
G1 X63.016 Y78.49 E2420.98583
G1 X63.052 Y77.582 E2421.01605
G1 X63.036 Y76.013 E2421.06824
G1 X62.97 Y75.861 E2421.07375
G1 X62.601 Y75.729 E2421.08678
G1 X61.971 Y75.568 E2421.10841
G1 X60.096 Y75.162 E2421.17222
G1 X58.602 Y74.975 E2421.2223
G1 X56.971 Y74.974 E2421.27655
G1 X55.959 Y75.068 E2421.31035
G1 X54.911 Y75.327 E2421.34626
G1 X53.563 Y75.898 E2421.39495
G1 X52.439 Y76.678 E2421.44045
G1 X51.959 Y77.165 E2421.46319
G1 X51.561 Y77.686 E2421.485
G1 X51.001 Y78.759 E2421.52526
G1 X50.676 Y79.915 E2421.56519
G1 X50.584 Y81.117 E2421.60529
G1 X50.72 Y82.313 E2421.64533
G1 X51.077 Y83.449 E2421.68493
G1 X51.654 Y84.493 E2421.72461
G1 X52.445 Y85.406 E2421.76478
G1 X53.448 Y86.143 E2421.80618
G1 X54.256 Y86.532 E2421.83601
G1 X55.019 Y86.774 E2421.86263
G1 X56.081 Y86.941 E2421.89839
G1 X58.462 Y86.981 E2421.97759
G1 X59.563 Y86.888 E2422.01434
G1 X60.766 Y86.646 E2422.05515
G1 X62.574 Y86.085 E2422.11812
G1 X63.455 Y85.676 E2422.15042
G1 X64.247 Y85.361 E2422.17877
G1 X64.738 Y85.36 E2422.1951
G1 X64.995 Y85.416 E2422.20385
G1 X65.369 Y85.595 E2422.21764
G1 X65.716 Y85.911 E2422.23325
G1 X66.06 Y86.41 E2422.25341
G1 X66.543 Y87.417 E2422.29056
G1 X66.655 Y87.828 E2422.30472
G1 X66.657 Y88.325 E2422.32125
G1 X66.41 Y88.89 E2422.34176
G1 X66.146 Y89.167 E2422.35449
G1 X65.786 Y89.42 E2422.36913
G1 F2700 E2417.36913
G0 F9000 X63.399 Y90.184
G0 X61.658 Y90.619
G0 X58.857 Y90.99
G0 X57.981 Y91.051
G0 X56.072 Y91.051
G0 X53.294 Y90.644
G0 X51.836 Y90.176
G0 X48.47 Y88.528
G0 X31.046 Y90.949
G0 X30.299 Y91.53
G1 F2700 E2422.36913
G1 F1500 X29.912 Y91.729 E2422.3836
G1 X29.482 Y91.841 E2422.39838
G1 X29.021 Y91.841 E2422.41371
G1 X28.595 Y91.735 E2422.42831
G1 X28.196 Y91.527 E2422.44328
G1 X27.862 Y91.229 E2422.45817
G1 X27.608 Y90.862 E2422.47301
G1 X27.45 Y90.447 E2422.48778
G1 X27.396 Y90.003 E2422.50266
G1 X27.449 Y89.557 E2422.51759
G1 X27.609 Y89.134 E2422.53264
G1 X27.863 Y88.771 E2422.54737
G1 X28.196 Y88.473 E2422.56224
G1 X28.595 Y88.265 E2422.5772
G1 X29.021 Y88.159 E2422.5918
G1 X29.482 Y88.159 E2422.60713
G1 X29.912 Y88.272 E2422.62192
G1 X30.291 Y88.469 E2422.63613
G1 X30.638 Y88.772 E2422.65145
G1 X30.892 Y89.138 E2422.66627
G1 X31.042 Y89.541 E2422.68057
G1 X31.099 Y89.97 E2422.69496
G1 X31.051 Y90.441 E2422.71071
G1 X30.887 Y90.871 E2422.72602
G1 X30.626 Y91.236 E2422.74094
G1 X30.299 Y91.53 E2422.75557
G1 F2700 E2417.75557
G0 F9000 X30.35 Y91.618
G0 X29.506 Y92.022
G0 X29.978 Y154.103
G0 X30.638 Y157.229
G1 F2700 E2422.75557
G1 F1500 X30.299 Y157.531 E2422.77067
G1 X29.903 Y157.736 E2422.7855
G1 X29.506 Y157.833 E2422.79909
G1 X29.028 Y157.842 E2422.81499
G1 X28.596 Y157.736 E2422.82979
G1 X28.201 Y157.531 E2422.84459
G1 X27.863 Y157.23 E2422.85964
G1 X27.608 Y156.863 E2422.87451
G1 X27.45 Y156.447 E2422.88931
G1 X27.395 Y156 E2422.90429
G1 X27.45 Y155.553 E2422.91927
G1 X27.608 Y155.137 E2422.93407
G1 X27.862 Y154.771 E2422.94888
G1 X28.196 Y154.473 E2422.96377
G1 X28.595 Y154.265 E2422.97874
G1 X29.021 Y154.159 E2422.99334
G1 X29.482 Y154.159 E2423.00867
G1 X29.912 Y154.272 E2423.02346
G1 X30.327 Y154.495 E2423.03913
G1 X30.63 Y154.768 E2423.05269
G1 X30.896 Y155.145 E2423.06804
G1 X31.045 Y155.552 E2423.08246
G1 X31.104 Y155.996 E2423.09735
G1 X31.05 Y156.446 E2423.11243
G1 X30.893 Y156.862 E2423.12722
G1 X30.638 Y157.229 E2423.14208
G0 F9000 X30.319 Y156.978
;TYPE:WALL-OUTER
G1 F1500 X30.052 Y157.208 E2423.1538
G1 X29.742 Y157.364 E2423.16534
G1 X29.437 Y157.439 E2423.17579
G1 X29.049 Y157.436 E2423.1887
G1 X28.758 Y157.364 E2423.19867
G1 X28.407 Y157.18 E2423.21185
G1 X28.15 Y156.943 E2423.22347
G1 X27.956 Y156.653 E2423.23508
G1 X27.839 Y156.334 E2423.24638
G1 X27.801 Y156 E2423.25756
G1 X27.849 Y155.63 E2423.26997
G1 X27.979 Y155.303 E2423.28167
G1 X28.181 Y155.022 E2423.29318
G1 X28.448 Y154.792 E2423.30491
G1 X28.758 Y154.636 E2423.31645
G1 X29.049 Y154.564 E2423.32642
G1 X29.451 Y154.564 E2423.33979
G1 X29.766 Y154.644 E2423.3506
G1 X30.069 Y154.802 E2423.36196
G1 X30.334 Y155.037 E2423.37374
G1 X30.544 Y155.347 E2423.3862
G1 X30.657 Y155.651 E2423.39699
G1 X30.698 Y155.976 E2423.40788
G1 X30.651 Y156.37 E2423.42108
G1 X30.521 Y156.697 E2423.43278
G1 X30.319 Y156.978 E2423.44429
G1 F2700 E2418.44429
G0 F9000 X30.517 Y157.202
G0 X30.893 Y156.404
G0 X30.943 Y156
G0 X30.893 Y155.596
G0 X29.978 Y154.103
G0 X29.506 Y92.022
G0 X30.082 Y91.189
G1 F2700 E2423.44429
G1 F1500 X29.766 Y91.356 E2423.45618
G1 X29.451 Y91.436 E2423.46699
G1 X29.049 Y91.436 E2423.48036
G1 X28.758 Y91.364 E2423.49033
G1 X28.407 Y91.18 E2423.50351
G1 X28.15 Y90.943 E2423.51514
G1 X27.956 Y90.653 E2423.52674
G1 X27.839 Y90.334 E2423.53805
G1 X27.801 Y89.999 E2423.54926
G1 X27.838 Y89.676 E2423.56007
G1 X27.957 Y89.345 E2423.57177
G1 X28.15 Y89.057 E2423.5833
G1 X28.407 Y88.82 E2423.59493
G1 X28.758 Y88.636 E2423.60811
G1 X29.049 Y88.564 E2423.61808
G1 X29.451 Y88.564 E2423.63145
G1 X29.766 Y88.644 E2423.64226
G1 X30.082 Y88.811 E2423.65415
G1 X30.327 Y89.03 E2423.66508
G1 X30.534 Y89.327 E2423.67712
G1 X30.656 Y89.647 E2423.68851
G1 X30.699 Y89.989 E2423.69997
G1 X30.659 Y90.343 E2423.71182
G1 X30.521 Y90.697 E2423.72446
G1 X30.34 Y90.955 E2423.73494
G1 X30.082 Y91.189 E2423.74653
G1 F2700 E2418.74653
G0 F9000 X30.321 Y91.633
G0 X31.046 Y90.949
G0 X48.47 Y88.528
G0 X66.072 Y88.666
G1 F2700 E2423.74653
G1 F1500 X65.866 Y88.88 E2423.75641
G1 X65.568 Y89.083 E2423.7684
G1 X64.98 Y89.356 E2423.78996
G1 X63.338 Y89.952 E2423.84806
G1 X61.603 Y90.385 E2423.90754
G1 X58.828 Y90.753 E2424.00064
G1 X57.969 Y90.812 E2424.02928
G1 X56.077 Y90.81 E2424.09221
G1 X53.336 Y90.406 E2424.18436
G1 X51.758 Y89.899 E2424.23949
G1 X50.28 Y89.157 E2424.29449
G1 X48.874 Y88.105 E2424.3529
G1 X47.692 Y86.77 E2424.4122
G1 X46.862 Y85.3 E2424.46835
G1 X46.235 Y83.586 E2424.52905
G1 X46.082 Y82.514 E2424.56507
G1 X46.083 Y79.09 E2424.67895
G1 X46.136 Y78.619 E2424.69472
G1 X46.284 Y78.018 E2424.7153
G1 X46.706 Y76.854 E2424.75648
G1 X47.194 Y75.884 E2424.7926
G1 X48.233 Y74.568 E2424.84837
G1 X49.479 Y73.527 E2424.90237
G1 X51.278 Y72.549 E2424.97047
G1 X53.437 Y71.842 E2425.04603
G1 X54.47 Y71.608 E2425.08126
G1 X55.491 Y71.466 E2425.11555
G1 X56.941 Y71.384 E2425.16385
G1 X58.406 Y71.384 E2425.21258
G1 X59.596 Y71.481 E2425.25229
G1 X60.677 Y71.548 E2425.28831
G1 X62.078 Y71.762 E2425.33545
G1 X64.121 Y72.247 E2425.40529
G1 X65.239 Y72.624 E2425.44453
G1 X65.898 Y72.929 E2425.46868
G1 X66.39 Y73.241 E2425.48806
G1 X66.652 Y73.48 E2425.49986
G1 X66.875 Y73.792 E2425.51261
G1 X66.975 Y74.047 E2425.52172
G1 X67.033 Y74.392 E2425.53336
G1 X67.057 Y74.974 E2425.55273
G1 X67.057 Y76.496 E2425.60335
G1 X67.138 Y77.426 E2425.6344
G1 X67.137 Y78.63 E2425.67445
G1 X67.057 Y79.897 E2425.71667
G1 X67.07 Y80.447 E2425.73497
G1 X67.032 Y81.106 E2425.75692
G1 X66.956 Y81.379 E2425.76635
G1 X66.776 Y81.703 E2425.77868
G1 X66.423 Y81.952 E2425.79304
G1 X66.034 Y82.021 E2425.80619
G1 X58.386 Y82.025 E2426.06056
G1 X58.011 Y82.006 E2426.07305
G1 X57.567 Y81.901 E2426.08822
G1 X57.318 Y81.618 E2426.10076
G1 X57.23 Y81.375 E2426.10936
G1 X57.173 Y80.825 E2426.12775
G1 X57.169 Y80.422 E2426.14115
G1 X57.21 Y80.035 E2426.15409
G1 X57.373 Y79.66 E2426.16769
G1 X57.692 Y79.38 E2426.18181
G1 X58.096 Y79.264 E2426.19579
G1 X58.561 Y79.253 E2426.21126
G1 X62.393 Y79.249 E2426.33871
G1 X62.743 Y79.19 E2426.35052
G1 X63.125 Y79.005 E2426.36464
G1 X63.381 Y78.659 E2426.37895
G1 X63.423 Y78.339 E2426.38969
G1 X63.452 Y77.588 E2426.41468
G1 X63.435 Y75.929 E2426.46987
G1 X63.322 Y75.667 E2426.47936
G1 X63.049 Y75.465 E2426.49065
G1 X62.718 Y75.347 E2426.50234
G1 X62.063 Y75.179 E2426.52483
G1 X60.164 Y74.767 E2426.58946
G1 X58.627 Y74.575 E2426.64098
G1 X56.953 Y74.574 E2426.69666
G1 X55.893 Y74.672 E2426.73206
G1 X54.784 Y74.946 E2426.77006
G1 X53.369 Y75.546 E2426.82118
G1 X52.18 Y76.37 E2426.86929
G1 X51.656 Y76.902 E2426.89413
G1 X51.222 Y77.471 E2426.91793
G1 X50.627 Y78.611 E2426.9607
G1 X50.28 Y79.845 E2427.00333
G1 X50.182 Y81.125 E2427.04603
G1 X50.327 Y82.396 E2427.08858
G1 X50.707 Y83.607 E2427.13079
G1 X51.324 Y84.723 E2427.17321
G1 X52.172 Y85.702 E2427.21629
G1 X53.241 Y86.487 E2427.2604
G1 X54.108 Y86.905 E2427.29241
G1 X54.927 Y87.164 E2427.32098
G1 X56.047 Y87.341 E2427.35869
G1 X58.476 Y87.381 E2427.43949
G1 X59.619 Y87.284 E2427.47765
G1 X60.865 Y87.034 E2427.51991
G1 X62.718 Y86.459 E2427.58444
G1 X63.592 Y86.052 E2427.61651
G1 X64.331 Y85.763 E2427.6429
G1 X64.787 Y85.76 E2427.65807
G1 X65.141 Y85.93 E2427.67113
G1 X65.413 Y86.178 E2427.68337
G1 X65.707 Y86.598 E2427.70043
G1 X66.171 Y87.571 E2427.73628
G1 X66.259 Y87.884 E2427.74709
G1 X66.255 Y88.254 E2427.7594
G1 X66.072 Y88.666 E2427.77439
G1 F2700 E2422.77439
G0 F9000 X66.438 Y89.006
G0 X66.847 Y88.34
G0 X74.658 Y84.612
G0 X80.751 Y90.305
G1 F2700 E2427.77439
G1 F1500 X80.396 Y90.424 E2427.78685
G1 X79.635 Y90.505 E2427.8123
G1 X78.908 Y90.44 E2427.83658
G1 X78.585 Y90.338 E2427.84784
G1 X78.288 Y90.195 E2427.85881
G1 X77.993 Y89.958 E2427.87139
G1 X77.791 Y89.711 E2427.88201
G1 X77.599 Y89.382 E2427.89468
G1 X69.665 Y72.763 E2428.50719
G1 X69.513 Y72.335 E2428.52229
G1 X69.518 Y72.031 E2428.5324
G1 X69.72 Y71.761 E2428.54362
G1 X70.062 Y71.646 E2428.55562
G1 X70.501 Y71.634 E2428.57023
G1 X72.043 Y71.635 E2428.62151
G1 X72.457 Y71.686 E2428.63539
G1 X72.81 Y71.819 E2428.64793
G1 X73.075 Y72.012 E2428.65884
G1 X73.303 Y72.285 E2428.67067
G1 X73.963 Y73.613 E2428.71999
G1 X74.22 Y73.943 E2428.7339
G1 X74.546 Y74.166 E2428.74704
G1 X74.761 Y74.228 E2428.75448
G1 X75.338 Y74.259 E2428.7737
G1 X83.965 Y74.252 E2429.06064
G1 X84.235 Y74.211 E2429.06972
G1 X84.424 Y74.131 E2429.07655
G1 X84.662 Y73.953 E2429.08643
G1 X84.899 Y73.676 E2429.09856
G1 X85.146 Y73.25 E2429.11493
G1 X85.527 Y72.483 E2429.14342
G1 X85.83 Y72.056 E2429.16083
G1 X86.198 Y71.813 E2429.1755
G1 X86.521 Y71.693 E2429.18696
G1 X86.986 Y71.635 E2429.20255
G1 X89.743 Y71.636 E2429.29425
G1 X90.074 Y71.76 E2429.306
G1 X90.274 Y72.036 E2429.31734
G1 X90.266 Y72.33 E2429.32712
G1 X90.122 Y72.753 E2429.34198
G1 X81.598 Y89.489 E2429.96666
G1 X81.359 Y89.855 E2429.9812
G1 X81.097 Y90.107 E2429.99329
G1 X80.751 Y90.305 E2430.00655
G1 F2700 E2425.00655
G0 F9000 X80.918 Y90.777
G0 X81.811 Y90.228
G0 X92.73 Y90.116
G0 X106.246 Y90.36
G1 F2700 E2430.00655
G1 F1500 X103.085 Y90.491 E2430.11178
G1 X95.731 Y90.491 E2430.35637
G1 X94.809 Y90.501 E2430.38704
G1 X93.878 Y90.424 E2430.41811
G1 X93.493 Y90.183 E2430.43322
G1 X93.275 Y89.887 E2430.44545
G1 X93.195 Y89.63 E2430.4544
G1 X93.157 Y89.123 E2430.47131
G1 X93.161 Y72.483 E2431.02476
G1 X93.312 Y72.049 E2431.04004
G1 X93.436 Y71.889 E2431.04677
G1 X93.779 Y71.664 E2431.06042
G1 X94.28 Y71.634 E2431.07711
G1 X96.067 Y71.634 E2431.13655
G1 X96.511 Y71.648 E2431.15132
G1 X96.927 Y71.73 E2431.16542
G1 X97.159 Y71.991 E2431.17704
G1 X97.229 Y72.177 E2431.18365
G1 X97.283 Y72.768 E2431.20339
G1 X97.283 Y78.755 E2431.40252
G1 X97.349 Y78.973 E2431.41009
G1 X97.443 Y79.082 E2431.41488
G1 X97.639 Y79.156 E2431.42185
G1 X97.932 Y79.184 E2431.43164
G1 X101.147 Y79.18 E2431.53857
G1 X101.756 Y79.123 E2431.55891
G1 X102.157 Y78.982 E2431.57305
G1 X102.535 Y78.732 E2431.58812
G1 X102.918 Y78.338 E2431.6064
G1 X106.686 Y73.07 E2431.82182
G1 X107.071 Y72.492 E2431.84492
G1 X107.279 Y72.224 E2431.8562
G1 X107.505 Y72.004 E2431.86669
G1 X107.756 Y71.832 E2431.87681
G1 X108.118 Y71.693 E2431.88971
G1 X108.568 Y71.635 E2431.9048
G1 X111.289 Y71.637 E2431.9953
G1 X111.663 Y71.732 E2432.00814
G1 X111.857 Y71.959 E2432.01807
G1 X111.879 Y72.206 E2432.02631
G1 X111.775 Y72.519 E2432.03728
G1 X110.879 Y73.829 E2432.09007
G1 X110.167 Y74.908 E2432.13307
G1 X107.999 Y77.967 E2432.25777
G1 X107.574 Y78.583 E2432.28266
G1 X107.383 Y78.928 E2432.29578
G1 X107.309 Y79.189 E2432.3048
G1 X107.32 Y79.31 E2432.30884
G1 X107.505 Y79.571 E2432.31948
G1 X107.715 Y79.711 E2432.32788
G1 X108.251 Y79.933 E2432.34718
G1 X109.989 Y80.735 E2432.41084
G1 X110.596 Y81.191 E2432.43609
G1 X111.123 Y81.785 E2432.4625
G1 X111.626 Y82.694 E2432.49706
G1 X111.92 Y83.742 E2432.53326
G1 X111.92 Y84.515 E2432.55897
G1 X111.974 Y84.859 E2432.57055
G1 X111.985 Y85.235 E2432.58306
G1 X111.863 Y86.236 E2432.6166
G1 X111.577 Y87.22 E2432.65068
G1 X111.064 Y88.133 E2432.68551
G1 X110.38 Y88.859 E2432.71869
G1 X109.343 Y89.536 E2432.75988
G1 X107.849 Y90.076 E2432.81272
G1 X106.246 Y90.36 E2432.86686
G1 F2700 E2427.86686
G0 F9000 X106.297 Y90.655
G0 X109.595 Y90.064
G0 X116.263 Y90.127
G0 X117.424 Y90.431
G1 F2700 E2432.86686
G1 F1500 X117.028 Y90.197 E2432.88216
G1 X116.799 Y89.876 E2432.89528
G1 X116.728 Y89.641 E2432.90344
G1 X116.694 Y89.116 E2432.92094
G1 X116.694 Y72.934 E2433.45916
G1 X116.703 Y72.539 E2433.4723
G1 X116.767 Y72.191 E2433.48407
G1 X116.892 Y71.946 E2433.49321
G1 X117.14 Y71.751 E2433.50371
G1 X117.36 Y71.675 E2433.51145
G1 X117.743 Y71.634 E2433.52426
G1 X119.458 Y71.638 E2433.5813
G1 X119.812 Y71.7 E2433.59325
G1 X120.085 Y71.865 E2433.60386
G1 X120.291 Y72.165 E2433.61597
G1 X120.316 Y72.586 E2433.62999
G1 X120.318 Y82.695 E2433.96622
G1 X120.396 Y83.67 E2433.99875
G1 X120.397 Y84.152 E2434.01479
G1 X120.454 Y84.366 E2434.02215
G1 X120.619 Y84.178 E2434.03047
G1 X121.699 Y82.152 E2434.10683
G1 X122.96 Y79.857 E2434.19393
G1 X125.647 Y74.787 E2434.38477
G1 X126.913 Y72.463 E2434.4728
G1 X127.204 Y72.21 E2434.48562
G1 X127.467 Y72.134 E2434.49473
G1 X127.775 Y72.17 E2434.50504
G1 X128.065 Y72.39 E2434.51715
G1 X128.363 Y72.852 E2434.53543
G1 X129.53 Y75.052 E2434.61826
G1 X134.433 Y84.053 E2434.95917
G1 X134.598 Y84.319 E2434.96958
G1 X134.647 Y84.332 E2434.97127
G1 X134.7 Y84.25 E2434.97452
G1 X134.728 Y83.939 E2434.9849
G1 X134.729 Y72.631 E2435.36101
G1 X134.77 Y72.299 E2435.37213
G1 X134.917 Y71.975 E2435.38397
G1 X135.153 Y71.8 E2435.39374
G1 X135.496 Y71.684 E2435.40578
G1 X136.339 Y71.609 E2435.43393
G1 X137.755 Y71.636 E2435.48104
G1 X138.037 Y71.671 E2435.49049
G1 X138.366 Y71.831 E2435.50265
G1 X138.587 Y72.131 E2435.51505
G1 X138.679 Y72.532 E2435.52873
G1 X138.678 Y89.431 E2436.09079
G1 X138.597 Y89.851 E2436.10502
G1 X138.493 Y90.046 E2436.11237
G1 X138.181 Y90.329 E2436.12638
G1 X137.904 Y90.439 E2436.13629
G1 X137.392 Y90.491 E2436.15341
G1 X135.981 Y90.512 E2436.20035
G1 X134.492 Y90.383 E2436.25006
G1 X134.161 Y90.264 E2436.26176
G1 X133.869 Y90.041 E2436.27398
G1 X133.368 Y89.376 E2436.30167
G1 X129.979 Y83.359 E2436.53136
G1 X128.293 Y80.302 E2436.64747
G1 X128.124 Y80.019 E2436.65843
G1 X127.9 Y79.731 E2436.67057
G1 X127.687 Y79.591 E2436.67905
G1 X127.449 Y79.645 E2436.68716
G1 X127.243 Y79.89 E2436.69781
G1 X126.978 Y80.324 E2436.71472
G1 X125.62 Y82.852 E2436.81017
G1 X122.612 Y88.357 E2437.01882
G1 X122.177 Y89.188 E2437.05001
G1 X121.735 Y89.858 E2437.07671
G1 X121.457 Y90.117 E2437.08935
G1 X121.129 Y90.307 E2437.10195
G1 X120.698 Y90.439 E2437.11695
G1 X120.108 Y90.491 E2437.13665
G1 X118.756 Y90.503 E2437.18162
G1 X117.424 Y90.431 E2437.22598
G1 F2700 E2432.22598
G0 F9000 X116.691 Y90.584
G0 X118.752 Y90.742
G0 X120.755 Y90.673
G0 X122.158 Y90.232
G0 X127.643 Y80.345
G0 X133.267 Y90.183
G0 X134.433 Y90.618
G0 X135.983 Y90.751
G0 X137.946 Y90.678
G0 X139.154 Y90.042
G0 X144.553 Y90.263
G0 X145.275 Y90.231
G1 F2700 E2437.22598
G1 F1500 X145.071 Y89.98 E2437.23674
G1 X145.007 Y89.772 E2437.24398
G1 X144.973 Y89.285 E2437.26022
G1 X144.974 Y72.474 E2437.81935
G1 X145.012 Y72.189 E2437.82891
G1 X145.149 Y71.908 E2437.83931
G1 X145.501 Y71.665 E2437.85354
G1 X146.013 Y71.634 E2437.8706
G1 X148.137 Y71.637 E2437.94124
G1 X148.487 Y71.691 E2437.95302
G1 X148.781 Y71.842 E2437.96402
G1 X148.923 Y71.987 E2437.97077
G1 X149.043 Y72.241 E2437.98011
G1 X149.102 Y72.659 E2437.99415
G1 X149.096 Y89.44 E2438.55229
G1 X149.042 Y89.794 E2438.5642
G1 X148.845 Y90.149 E2438.5777
G1 X148.522 Y90.378 E2438.59087
G1 X148.262 Y90.459 E2438.59993
G1 X147.795 Y90.491 E2438.6155
G1 X145.702 Y90.437 E2438.68513
G1 X145.275 Y90.231 E2438.7009
G1 F2700 E2433.7009
G0 F9000 X145.15 Y90.727
G0 X148.306 Y90.696
G0 X149.605 Y89.983
G0 X154.984 Y90.012
G0 X155.912 Y90.326
G1 F2700 E2438.7009
G1 F1500 X155.671 Y90.12 E2438.71145
G1 X155.553 Y89.856 E2438.72107
G1 X155.469 Y89.194 E2438.74326
G1 X155.471 Y88.072 E2438.78058
G1 X155.556 Y86.885 E2438.82016
G1 X155.556 Y85.486 E2438.86669
G1 X155.471 Y84.375 E2438.90375
G1 X155.471 Y82.735 E2438.9583
G1 X155.556 Y81.634 E2438.99502
G1 X155.556 Y80.237 E2439.04149
G1 X155.471 Y79.128 E2439.07848
G1 X155.471 Y77.401 E2439.13592
G1 X155.555 Y76.298 E2439.17272
G1 X155.471 Y72.759 E2439.29046
G1 X155.497 Y72.231 E2439.30804
G1 X155.662 Y71.913 E2439.31995
G1 X155.9 Y71.733 E2439.32988
G1 X156.165 Y71.661 E2439.33901
G1 X156.502 Y71.634 E2439.35026
G1 X158.45 Y71.637 E2439.41505
G1 X158.758 Y71.688 E2439.42543
G1 X159.087 Y71.881 E2439.43812
G1 X159.307 Y72.207 E2439.4512
G1 X159.344 Y72.674 E2439.46678
G1 X159.343 Y83.447 E2439.82509
G1 X159.357 Y83.7 E2439.83352
G1 X159.431 Y84.077 E2439.8463
G1 X159.562 Y84.164 E2439.85153
G1 X159.678 Y84.152 E2439.85541
G1 X159.913 Y83.976 E2439.86517
G1 X160.102 Y83.796 E2439.87385
G1 X162.226 Y81.634 E2439.97466
G1 X169.303 Y74.265 E2440.31447
G1 X170.247 Y73.299 E2440.3594
G1 X170.821 Y72.651 E2440.38819
G1 X171.455 Y72.07 E2440.41679
G1 X171.836 Y71.845 E2440.43151
G1 X172.286 Y71.689 E2440.44735
G1 X172.777 Y71.634 E2440.46378
G1 X174.424 Y71.641 E2440.51856
G1 X174.812 Y71.718 E2440.53172
G1 X175.081 Y71.9 E2440.54252
G1 X175.3 Y72.318 E2440.55822
G1 X175.362 Y72.746 E2440.5726
G1 X175.346 Y73.592 E2440.60074
G1 X175.43 Y74.872 E2440.64341
G1 X175.429 Y76.337 E2440.69213
G1 X175.346 Y77.443 E2440.72902
G1 X175.346 Y79.093 E2440.7839
G1 X175.43 Y80.21 E2440.82116
G1 X175.429 Y81.677 E2440.86995
G1 X175.346 Y82.777 E2440.90664
G1 X175.345 Y84.343 E2440.95873
G1 X175.429 Y85.469 E2440.99628
G1 X175.332 Y89.507 E2441.13063
G1 X175.284 Y89.783 E2441.13994
G1 X175.123 Y90.137 E2441.15288
G1 X174.868 Y90.339 E2441.1637
G1 X174.601 Y90.435 E2441.17313
G1 X174.066 Y90.49 E2441.19102
G1 X173.027 Y90.491 E2441.22558
G1 X172.66 Y90.481 E2441.23779
G1 X172.279 Y90.412 E2441.25067
G1 X171.906 Y90.222 E2441.26459
G1 X171.717 Y89.957 E2441.27542
G1 X171.611 Y89.631 E2441.28682
G1 X171.531 Y88.747 E2441.31634
G1 X171.55 Y87.545 E2441.35633
G1 X171.55 Y78.66 E2441.65184
G1 X171.451 Y78.47 E2441.65897
G1 X171.374 Y78.43 E2441.66185
G1 X171.075 Y78.537 E2441.67242
G1 X170.71 Y78.838 E2441.68815
G1 X164.363 Y85.435 E2441.99263
G1 X162.679 Y87.127 E2442.07203
G1 X160.697 Y89.191 E2442.1672
G1 X160.326 Y89.598 E2442.18552
G1 X159.929 Y89.967 E2442.20355
G1 X159.387 Y90.278 E2442.22433
G1 X159.05 Y90.382 E2442.23606
G1 X158.612 Y90.455 E2442.25083
G1 X157.618 Y90.515 E2442.28395
G1 X156.22 Y90.447 E2442.33051
G1 X155.912 Y90.326 E2442.34151
G1 F2700 E2437.34151
G0 F9000 X156.068 Y90.924
G0 X157.617 Y91.095
G0 X158.496 Y94.707
G0 X164.908 Y108.189
G1 F2700 E2442.34151
G1 F1500 X164.631 Y108.002 E2442.35263
G1 X164.398 Y107.781 E2442.36331
G1 X163.833 Y107.017 E2442.39491
G1 X162.972 Y105.464 E2442.45397
G1 X160.004 Y100.383 E2442.64969
G1 X159.416 Y99.286 E2442.69108
G1 X158.355 Y97.497 E2442.76026
G1 X158.142 Y97.114 E2442.77484
G1 X157.976 Y96.693 E2442.78989
G1 X157.943 Y96.19 E2442.80666
G1 X158.117 Y95.673 E2442.8248
G1 X158.409 Y95.381 E2442.83854
G1 X158.676 Y95.265 E2442.84822
G1 X159.38 Y95.157 E2442.87191
G1 X160.313 Y95.087 E2442.90303
G1 X161.954 Y95.087 E2442.95761
G1 X163.057 Y95.167 E2442.99439
G1 X164.643 Y95.167 E2443.04714
G1 X165.478 Y95.087 E2443.07504
G1 X167.273 Y95.086 E2443.13474
G1 X168.391 Y95.167 E2443.17202
G1 X169.877 Y95.167 E2443.22145
G1 X171.094 Y95.087 E2443.26201
G1 X171.428 Y95.11 E2443.27315
G1 X171.74 Y95.174 E2443.28374
G1 X172.046 Y95.284 E2443.29456
G1 X172.452 Y95.555 E2443.31079
G1 X172.7 Y95.942 E2443.32608
G1 X172.752 Y96.186 E2443.33438
G1 X172.746 Y96.499 E2443.34479
G1 X172.647 Y96.871 E2443.35759
G1 X171.534 Y98.858 E2443.43334
G1 X166.876 Y106.903 E2443.74253
G1 X166.584 Y107.423 E2443.76237
G1 X166.236 Y107.883 E2443.78155
G1 X165.851 Y108.159 E2443.79731
G1 X165.355 Y108.253 E2443.8141
G1 X164.908 Y108.189 E2443.82912
G1 F2700 E2438.82912
G0 F9000 X164.631 Y108.607
G0 X165.953 Y108.381
G0 X166.415 Y108.048
G0 X172.036 Y99.149
G0 X188.949 Y90.95
G0 X189.934 Y91.2
G1 F2700 E2443.82912
G1 F1500 X189.668 Y90.965 E2443.84093
G1 X189.467 Y90.677 E2443.85261
G1 X189.342 Y90.346 E2443.86437
G1 X189.301 Y90.004 E2443.87583
G1 X189.342 Y89.652 E2443.88762
G1 X189.48 Y89.302 E2443.90013
G1 X189.658 Y89.047 E2443.91047
G1 X189.937 Y88.798 E2443.92291
G1 X190.234 Y88.644 E2443.93404
G1 X190.549 Y88.564 E2443.94485
G1 X190.951 Y88.564 E2443.95822
G1 X191.242 Y88.636 E2443.96819
G1 X191.593 Y88.82 E2443.98137
G1 X191.819 Y89.022 E2443.99145
G1 X192.043 Y89.345 E2444.00453
G1 X192.162 Y89.676 E2444.01623
G1 X192.2 Y89.999 E2444.02704
G1 X192.161 Y90.334 E2444.03826
G1 X192.021 Y90.697 E2444.0512
G1 X191.819 Y90.978 E2444.06271
G1 X191.552 Y91.208 E2444.07443
G1 X191.242 Y91.364 E2444.08597
G1 X190.951 Y91.436 E2444.09594
G1 X190.549 Y91.436 E2444.10931
G1 X190.234 Y91.356 E2444.12012
G1 X189.934 Y91.2 E2444.13137
G1 F2700 E2439.13137
G0 F9000 X189.603 Y91.579
G0 X190.494 Y92.022
G0 X190.022 Y154.103
G0 X189.65 Y156.943
G1 F2700 E2444.13137
G1 F1500 X189.456 Y156.653 E2444.14298
G1 X189.349 Y156.37 E2444.15304
G1 X189.302 Y155.976 E2444.16624
G1 X189.343 Y155.651 E2444.17713
G1 X189.479 Y155.303 E2444.18956
G1 X189.681 Y155.022 E2444.20107
G1 X189.918 Y154.811 E2444.21162
G1 X190.234 Y154.644 E2444.22351
G1 X190.549 Y154.564 E2444.23432
G1 X190.951 Y154.564 E2444.24769
G1 X191.242 Y154.636 E2444.25766
G1 X191.593 Y154.82 E2444.27084
G1 X191.85 Y155.057 E2444.28247
G1 X192.044 Y155.347 E2444.29407
G1 X192.151 Y155.63 E2444.30414
G1 X192.2 Y156 E2444.31655
G1 X192.161 Y156.334 E2444.32774
G1 X192.021 Y156.697 E2444.34068
G1 X191.819 Y156.978 E2444.35219
G1 X191.552 Y157.208 E2444.36391
G1 X191.242 Y157.364 E2444.37545
G1 X190.937 Y157.439 E2444.3859
G1 X190.549 Y157.436 E2444.3988
G1 X190.258 Y157.364 E2444.40877
G1 X189.907 Y157.18 E2444.42195
G1 X189.65 Y156.943 E2444.43358
G1 F2700 E2439.43358
G0 F9000 X189.402 Y157.112
G0 X190.15 Y157.583
G0 X190.546 Y157.68
G0 X192.272 Y157.352
G0 X193.95 Y157.352
G0 X194.55 Y159.8
G1 F2700 E2444.43358
G1 F1500 X194.55 Y60.2 E2447.74629
G1 X25.45 Y60.2 E2453.37058
G1 X25.45 Y159.8 E2456.68329
G1 X194.55 Y159.8 E2462.30758
G1 F2700 E2457.30758
G0 F9000 X194.28 Y159.53
G0 X193.95 Y91.605
G0 X192.553 Y90.95
G0 X189.491 Y91.825
;TYPE:SKIN
G1 F2700 E2462.30758
G1 F1500 X189.954 Y92.064 E2462.32491
G1 X190.446 Y92.195 E2462.34184
G1 X191.047 Y92.196 E2462.36183
G1 X191.514 Y92.08 E2462.37784
G1 X191.989 Y91.839 E2462.39555
G1 X192.421 Y91.452 E2462.41484
G1 X192.699 Y91.055 E2462.43096
G1 X192.907 Y90.514 E2462.45024
G1 X192.96 Y89.999 E2462.46746
G1 X192.896 Y89.446 E2462.48597
G1 X192.724 Y88.991 E2462.50215
G1 X192.417 Y88.544 E2462.52019
G1 X191.985 Y88.158 E2462.53946
G1 X191.561 Y87.937 E2462.55536
G1 X191.046 Y87.804 E2462.57305
G1 X190.447 Y87.805 E2462.59297
G1 X189.953 Y87.936 E2462.60997
G1 X189.487 Y88.18 E2462.62747
G1 X189.084 Y88.541 E2462.64546
G1 X188.781 Y88.988 E2462.66342
G1 X188.604 Y89.472 E2462.68056
G1 X188.537 Y90.016 E2462.6988
G1 X188.603 Y90.548 E2462.71663
G1 X188.796 Y91.043 E2462.7343
G1 X189.085 Y91.459 E2462.75114
G1 X189.491 Y91.825 E2462.76932
G1 F2700 E2457.76932
G0 F9000 X189.631 Y91.605
G0 X188.949 Y90.95
G0 X26.05 Y90.95
G0 X26.211 Y159.039
G1 F2700 E2462.76932
G1 F1500 X26.211 Y60.961 E2466.03141
G1 X193.79 Y60.96 E2471.60511
G1 X193.79 Y159.04 E2474.86727
G1 X26.211 Y159.039 E2480.44097
G1 F2700 E2475.44097
G0 F9000 X25.95 Y159.039
G0 X26.05 Y157.424
G0 X27.447 Y156.95
G0 X30.922 Y157.451
G1 F2700 E2480.44097
G1 F1500 X31.2 Y157.052 E2480.45714
G1 X31.393 Y156.556 E2480.47484
G1 X31.466 Y155.99 E2480.49382
G1 X31.398 Y155.481 E2480.5109
G1 X31.196 Y154.947 E2480.52989
G1 X30.891 Y154.516 E2480.54745
G1 X30.493 Y154.164 E2480.56513
G1 X30.045 Y153.936 E2480.58184
G1 X29.554 Y153.805 E2480.59875
G1 X28.953 Y153.804 E2480.61874
G1 X28.486 Y153.92 E2480.63474
G1 X28.011 Y154.161 E2480.65246
G1 X27.579 Y154.548 E2480.67175
G1 X27.277 Y154.988 E2480.6895
G1 X27.09 Y155.503 E2480.70772
G1 X27.041 Y155.977 E2480.72357
G1 X27.095 Y156.52 E2480.74172
G1 X27.277 Y157.011 E2480.75914
G1 X27.576 Y157.447 E2480.77672
G1 X27.993 Y157.83 E2480.79555
G1 X28.481 Y158.078 E2480.81376
G1 X28.95 Y158.196 E2480.82984
G1 X29.525 Y158.199 E2480.84897
G1 X30.018 Y158.08 E2480.86584
G1 X30.484 Y157.843 E2480.88322
G1 X30.922 Y157.451 E2480.90277
G1 F2700 E2475.90277
G0 F9000 X30.571 Y157.424
G0 X30.893 Y156.404
G0 X30.943 Y156
G0 X30.893 Y155.596
G0 X29.978 Y154.103
G0 X29.506 Y92.022
G0 X30.493 Y91.838
G1 F2700 E2480.90277
G1 F1500 X30.912 Y91.465 E2480.92143
G1 X31.209 Y91.027 E2480.93903
G1 X31.4 Y90.537 E2480.95653
G1 X31.463 Y89.994 E2480.97471
G1 X31.402 Y89.477 E2480.99202
G1 X31.213 Y88.97 E2481.01002
G1 X30.9 Y88.53 E2481.02798
G1 X30.507 Y88.169 E2481.04573
G1 X30.041 Y87.935 E2481.06307
G1 X29.554 Y87.805 E2481.07984
G1 X28.954 Y87.804 E2481.09979
G1 X28.484 Y87.92 E2481.11589
G1 X28.014 Y88.158 E2481.13341
G1 X27.605 Y88.516 E2481.15149
G1 X27.278 Y88.99 E2481.17065
G1 X27.09 Y89.504 E2481.18885
G1 X27.041 Y89.975 E2481.2046
G1 X27.095 Y90.516 E2481.22268
G1 X27.276 Y91.006 E2481.24006
G1 X27.58 Y91.453 E2481.25804
G1 X28.011 Y91.839 E2481.27728
G1 X28.486 Y92.08 E2481.295
G1 X28.953 Y92.196 E2481.311
G1 X29.555 Y92.195 E2481.33102
G1 X30.043 Y92.064 E2481.34783
G1 X30.493 Y91.838 E2481.36458
G1 F2700 E2476.36458
G0 F9000 X30.352 Y91.617
G0 X31.046 Y90.949
G0 X48.47 Y88.528
G0 X66.359 Y89.464
G1 F2700 E2481.36458
G1 F1500 X66.704 Y89.101 E2481.38123
G1 X67.026 Y88.377 E2481.40759
G1 X67.006 Y87.754 E2481.42832
G1 X66.885 Y87.301 E2481.44391
G1 X66.387 Y86.257 E2481.48239
G1 X65.986 Y85.677 E2481.50584
G1 X65.577 Y85.295 E2481.52445
G1 X65.154 Y85.092 E2481.54006
G1 X64.78 Y85.004 E2481.55284
G1 X64.182 Y85.003 E2481.57273
G1 X63.26 Y85.366 E2481.60568
G1 X62.448 Y85.747 E2481.63552
G1 X60.671 Y86.296 E2481.69738
G1 X59.503 Y86.531 E2481.737
G1 X58.458 Y86.62 E2481.77189
G1 X56.115 Y86.582 E2481.84982
G1 X55.099 Y86.422 E2481.88403
G1 X54.4 Y86.199 E2481.90844
G1 X53.632 Y85.83 E2481.93678
G1 X52.693 Y85.14 E2481.97553
G1 X51.949 Y84.281 E2482.01333
G1 X51.409 Y83.304 E2482.05046
G1 X51.077 Y82.244 E2482.0874
G1 X50.947 Y81.115 E2482.1252
G1 X51.033 Y79.976 E2482.16319
G1 X51.34 Y78.887 E2482.20082
G1 X51.865 Y77.882 E2482.23854
G1 X52.225 Y77.41 E2482.25828
G1 X52.675 Y76.954 E2482.27959
G1 X53.743 Y76.213 E2482.32282
G1 X55.026 Y75.669 E2482.36917
G1 X56.021 Y75.424 E2482.40326
G1 X56.981 Y75.335 E2482.43532
G1 X58.576 Y75.336 E2482.48837
G1 X60.048 Y75.52 E2482.53771
G1 X61.881 Y75.918 E2482.6001
G1 X62.677 Y76.122 E2482.62743
G1 X62.692 Y77.524 E2482.67406
G1 X62.659 Y78.381 E2482.70259
G1 X62.541 Y78.45 E2482.70713
G1 X62.324 Y78.488 E2482.71446
G1 X58.563 Y78.492 E2482.83955
G1 X58 Y78.505 E2482.85828
G1 X57.518 Y78.639 E2482.87492
G1 X57.242 Y78.761 E2482.88496
G1 X56.752 Y79.195 E2482.90673
G1 X56.471 Y79.819 E2482.92949
G1 X56.412 Y80.343 E2482.94703
G1 X56.414 Y80.883 E2482.96499
G1 X56.488 Y81.593 E2482.98873
G1 X56.68 Y82.051 E2483.00525
G1 X57.04 Y82.453 E2483.0232
G1 X57.305 Y82.626 E2483.03372
G1 X57.908 Y82.762 E2483.05428
G1 X58.356 Y82.785 E2483.0692
G1 X66.123 Y82.775 E2483.32754
G1 X66.714 Y82.665 E2483.34753
G1 X67.356 Y82.226 E2483.3734
G1 X67.69 Y81.623 E2483.39633
G1 X67.792 Y81.139 E2483.41278
G1 X67.831 Y80.467 E2483.43517
G1 X67.818 Y79.925 E2483.4532
G1 X67.896 Y78.688 E2483.49442
G1 X67.896 Y77.358 E2483.53866
G1 X67.817 Y76.477 E2483.56808
G1 X67.817 Y74.982 E2483.6178
G1 X67.789 Y74.337 E2483.63927
G1 X67.709 Y73.842 E2483.65595
G1 X67.55 Y73.428 E2483.6707
G1 X67.235 Y72.984 E2483.68881
G1 X66.867 Y72.644 E2483.70547
G1 X66.258 Y72.258 E2483.72945
G1 X65.487 Y71.905 E2483.75766
G1 X64.36 Y71.524 E2483.79723
G1 X62.257 Y71.023 E2483.86913
G1 X60.719 Y70.789 E2483.92087
G1 X59.874 Y70.741 E2483.94902
G1 X58.468 Y70.626 E2483.99594
G1 X56.89 Y70.625 E2484.04843
G1 X55.456 Y70.707 E2484.0962
G1 X54.34 Y70.858 E2484.13366
G1 X53.271 Y71.1 E2484.17011
G1 X50.972 Y71.853 E2484.25057
G1 X49.053 Y72.893 E2484.32317
G1 X47.682 Y74.043 E2484.38269
G1 X46.553 Y75.471 E2484.44323
G1 X46.012 Y76.543 E2484.48317
G1 X45.569 Y77.759 E2484.52622
G1 X45.395 Y78.446 E2484.54979
G1 X45.327 Y79.009 E2484.56865
G1 X45.323 Y82.562 E2484.68682
G1 X45.496 Y83.767 E2484.72731
G1 X46.177 Y85.635 E2484.79344
G1 X47.068 Y87.212 E2484.85369
G1 X48.348 Y88.661 E2484.91799
G1 X49.877 Y89.806 E2484.98152
G1 X51.475 Y90.605 E2485.04095
G1 X53.158 Y91.146 E2485.09975
G1 X56.011 Y91.568 E2485.19567
G1 X57.992 Y91.572 E2485.26156
G1 X58.91 Y91.509 E2485.29216
G1 X61.774 Y91.126 E2485.38827
G1 X63.578 Y90.673 E2485.45013
G1 X65.254 Y90.065 E2485.50943
G1 X65.958 Y89.74 E2485.53522
G1 X66.359 Y89.464 E2485.55141
G1 F2700 E2480.55141
G0 F9000 X66.234 Y89.222
G0 X66.847 Y88.34
G0 X74.658 Y84.612
G0 X81.068 Y91.002
G1 F2700 E2485.55141
G1 F1500 X81.529 Y90.737 E2485.5691
G1 X81.961 Y90.327 E2485.58891
G1 X82.251 Y89.876 E2485.60674
G1 X90.788 Y73.128 E2486.23197
G1 X91.025 Y72.47 E2486.25523
G1 X91.031 Y72 E2486.27087
G1 X90.933 Y71.663 E2486.28254
G1 X90.72 Y71.353 E2486.29505
G1 X90.476 Y71.1 E2486.30674
G1 X89.893 Y70.877 E2486.3275
G1 X86.89 Y70.88 E2486.42738
G1 X86.343 Y70.948 E2486.44572
G1 X85.873 Y71.126 E2486.46243
G1 X85.332 Y71.465 E2486.48367
G1 X84.893 Y72.058 E2486.50821
G1 X84.476 Y72.885 E2486.53901
G1 X84.208 Y73.349 E2486.55683
G1 X83.988 Y73.492 E2486.56556
G1 X75.368 Y73.499 E2486.85226
G1 X74.881 Y73.471 E2486.86849
G1 X74.745 Y73.377 E2486.87399
G1 X74.61 Y73.209 E2486.88115
G1 X73.926 Y71.831 E2486.93232
G1 X73.565 Y71.429 E2486.95029
G1 X73.143 Y71.133 E2486.96744
G1 X72.66 Y70.954 E2486.98457
G1 X72.138 Y70.88 E2487.0021
G1 X70.506 Y70.874 E2487.05639
G1 X69.924 Y70.89 E2487.07575
G1 X69.435 Y71.056 E2487.09293
G1 X69.164 Y71.229 E2487.10362
G1 X68.881 Y71.626 E2487.11984
G1 X68.762 Y71.99 E2487.13257
G1 X68.745 Y72.464 E2487.14835
G1 X68.957 Y73.038 E2487.1687
G1 X76.926 Y89.735 E2487.78405
G1 X77.168 Y90.148 E2487.79997
G1 X77.461 Y90.508 E2487.81541
G1 X77.887 Y90.845 E2487.83348
G1 X78.304 Y91.046 E2487.84887
G1 X78.756 Y91.189 E2487.86464
G1 X79.65 Y91.269 E2487.8945
G1 X80.55 Y91.169 E2487.92461
G1 X81.068 Y91.002 E2487.94272
G1 F2700 E2482.94272
G0 F9000 X80.97 Y90.76
G0 X81.811 Y90.228
G0 X92.73 Y90.116
G0 X106.325 Y91.115
G1 F2700 E2487.94272
G1 F1500 X108.085 Y90.801 E2488.00218
G1 X109.683 Y90.221 E2488.05872
G1 X110.86 Y89.453 E2488.10546
G1 X111.674 Y88.597 E2488.14475
G1 X112.269 Y87.55 E2488.18481
G1 X112.611 Y86.374 E2488.22554
G1 X112.748 Y85.245 E2488.26337
G1 X112.722 Y84.709 E2488.28122
G1 X112.68 Y84.451 E2488.28991
G1 X112.68 Y83.637 E2488.31698
G1 X112.333 Y82.398 E2488.35978
G1 X111.772 Y81.378 E2488.3985
G1 X111.12 Y80.632 E2488.43145
G1 X110.379 Y80.075 E2488.46228
G1 X108.574 Y79.243 E2488.52839
G1 X108.162 Y79.073 E2488.54321
G1 X108.622 Y78.405 E2488.57019
G1 X110.79 Y75.343 E2488.69497
G1 X111.505 Y74.261 E2488.73811
G1 X112.463 Y72.859 E2488.79458
G1 X112.633 Y72.347 E2488.81253
G1 X112.633 Y71.946 E2488.82587
G1 X112.544 Y71.625 E2488.83694
G1 X112.245 Y71.208 E2488.85401
G1 X111.93 Y71.02 E2488.86621
G1 X111.381 Y70.877 E2488.88508
G1 X108.604 Y70.874 E2488.97744
G1 X107.939 Y70.949 E2488.9997
G1 X107.395 Y71.162 E2489.01913
G1 X107.006 Y71.425 E2489.03475
G1 X106.67 Y71.768 E2489.05072
G1 X106.454 Y72.048 E2489.06248
G1 X106.064 Y72.633 E2489.08587
G1 X102.336 Y77.846 E2489.29903
G1 X102.048 Y78.141 E2489.31274
G1 X101.817 Y78.294 E2489.32195
G1 X101.587 Y78.375 E2489.33007
G1 X101.115 Y78.42 E2489.34584
G1 X98.044 Y78.423 E2489.44798
G1 X98.044 Y72.77 E2489.636
G1 X97.98 Y72.031 E2489.66067
G1 X97.802 Y71.565 E2489.67726
G1 X97.414 Y71.141 E2489.69638
G1 X97.131 Y71.002 E2489.70686
G1 X96.605 Y70.89 E2489.72475
G1 X96.082 Y70.874 E2489.74215
G1 X94.231 Y70.875 E2489.80372
G1 X93.677 Y70.913 E2489.82219
G1 X93.394 Y71.009 E2489.83213
G1 X92.879 Y71.356 E2489.85278
G1 X92.618 Y71.72 E2489.86768
G1 X92.404 Y72.344 E2489.88962
G1 X92.398 Y89.181 E2490.44962
G1 X92.445 Y89.745 E2490.46844
G1 X92.566 Y90.187 E2490.48368
G1 X92.961 Y90.752 E2490.50661
G1 X93.552 Y91.111 E2490.52961
G1 X93.805 Y91.185 E2490.53838
G1 X94.786 Y91.261 E2490.57111
G1 X95.557 Y91.252 E2490.59675
G1 X103.075 Y91.251 E2490.8468
G1 X106.325 Y91.115 E2490.95499
G1 F2700 E2485.95499
G0 F9000 X106.307 Y90.857
G0 X109.595 Y90.064
G0 X116.263 Y90.127
G0 X117.102 Y91.116
G1 F2700 E2490.95499
G1 F1500 X117.361 Y91.188 E2490.96393
G1 X118.739 Y91.263 E2491.00983
G1 X120.15 Y91.251 E2491.05676
G1 X120.85 Y91.185 E2491.08015
G1 X121.461 Y90.999 E2491.10139
G1 X121.936 Y90.708 E2491.11992
G1 X122.304 Y90.37 E2491.13654
G1 X122.827 Y89.583 E2491.16797
G1 X123.262 Y88.755 E2491.19908
G1 X126.288 Y83.217 E2491.40897
G1 X127.642 Y80.695 E2491.50418
G1 X129.313 Y83.725 E2491.61927
G1 X132.718 Y89.771 E2491.85006
G1 X133.336 Y90.593 E2491.88426
G1 X133.793 Y90.937 E2491.90329
G1 X134.341 Y91.134 E2491.92265
G1 X135.945 Y91.272 E2491.9762
G1 X137.447 Y91.25 E2492.02616
G1 X138.042 Y91.189 E2492.04606
G1 X138.541 Y91.016 E2492.06362
G1 X139.085 Y90.54 E2492.08766
G1 X139.322 Y90.109 E2492.10402
G1 X139.435 Y89.519 E2492.124
G1 X139.436 Y72.417 E2492.69282
G1 X139.288 Y71.801 E2492.71389
G1 X138.95 Y71.346 E2492.73274
G1 X138.762 Y71.184 E2492.741
G1 X138.273 Y70.939 E2492.75919
G1 X137.85 Y70.881 E2492.77339
G1 X136.274 Y70.851 E2492.82582
G1 X135.321 Y70.941 E2492.85765
G1 X134.81 Y71.115 E2492.87561
G1 X134.487 Y71.348 E2492.88885
G1 X134.268 Y71.569 E2492.8992
G1 X134.024 Y72.115 E2492.91909
G1 X133.968 Y72.63 E2492.93632
G1 X133.968 Y81.611 E2493.23503
G1 X130.192 Y74.678 E2493.49761
G1 X129.029 Y72.484 E2493.5802
G1 X128.637 Y71.866 E2493.60454
G1 X128.211 Y71.552 E2493.62214
G1 X127.961 Y71.437 E2493.63129
G1 X127.465 Y71.35 E2493.64804
G1 X126.955 Y71.488 E2493.66562
G1 X126.764 Y71.592 E2493.67285
G1 X126.375 Y71.926 E2493.6899
G1 X126.212 Y72.144 E2493.69896
G1 X124.851 Y74.666 E2493.79427
G1 X122.29 Y79.495 E2493.97608
G1 X121.077 Y81.71 E2494.06007
G1 X121.076 Y72.525 E2494.36556
G1 X121.053 Y72.167 E2494.3775
G1 X120.978 Y71.833 E2494.38888
G1 X120.715 Y71.432 E2494.40483
G1 X120.523 Y71.241 E2494.41384
G1 X120.099 Y70.986 E2494.4303
G1 X119.53 Y70.879 E2494.44955
G1 X117.636 Y70.879 E2494.51255
G1 X117.173 Y70.931 E2494.52804
G1 X116.74 Y71.09 E2494.54338
G1 X116.368 Y71.4 E2494.55949
G1 X116.222 Y71.587 E2494.56738
G1 X116.029 Y71.983 E2494.58203
G1 X115.945 Y72.458 E2494.59808
G1 X115.934 Y72.921 E2494.61348
G1 X115.935 Y89.175 E2495.15409
G1 X115.975 Y89.755 E2495.17343
G1 X116.103 Y90.207 E2495.18905
G1 X116.505 Y90.77 E2495.21206
G1 X117.102 Y91.116 E2495.23501
G1 F2700 E2490.23501
G0 F9000 X116.691 Y90.584
G0 X118.752 Y90.742
G0 X120.755 Y90.673
G0 X122.158 Y90.232
G0 X127.643 Y80.345
G0 X133.267 Y90.183
G0 X134.433 Y90.618
G0 X135.983 Y90.751
G0 X137.946 Y90.678
G0 X139.154 Y90.042
G0 X144.553 Y90.263
G0 X145.507 Y91.187
G1 F2700 E2495.23501
G1 F1500 X147.782 Y91.251 E2495.31071
G1 X148.392 Y91.212 E2495.33104
G1 X148.831 Y91.086 E2495.34623
G1 X149.423 Y90.667 E2495.37035
G1 X149.775 Y90.037 E2495.39435
G1 X149.857 Y89.473 E2495.41331
G1 X149.862 Y72.642 E2495.97311
G1 X149.789 Y72.064 E2495.99249
G1 X149.568 Y71.569 E2496.01052
G1 X149.238 Y71.227 E2496.02633
G1 X148.708 Y70.958 E2496.04609
G1 X148.201 Y70.878 E2496.06317
G1 X146.014 Y70.874 E2496.13591
G1 X145.401 Y70.914 E2496.15634
G1 X145.09 Y71.022 E2496.16729
G1 X144.675 Y71.318 E2496.18424
G1 X144.485 Y71.546 E2496.19411
G1 X144.286 Y71.942 E2496.20885
G1 X144.216 Y72.413 E2496.22469
G1 X144.213 Y89.326 E2496.78722
G1 X144.255 Y89.905 E2496.80653
G1 X144.39 Y90.347 E2496.8219
G1 X144.738 Y90.764 E2496.83996
G1 X144.935 Y90.909 E2496.8481
G1 X145.507 Y91.187 E2496.86925
G1 F2700 E2491.86925
G0 F9000 X145.23 Y90.765
G0 X148.306 Y90.696
G0 X149.605 Y89.983
G0 X154.984 Y90.012
G0 X155.536 Y90.994
G1 F2700 E2496.86925
G1 F1500 X156.054 Y91.196 E2496.88775
G1 X157.635 Y91.274 E2496.94039
G1 X158.727 Y91.208 E2496.97678
G1 X159.284 Y91.105 E2496.99562
G1 X159.69 Y90.977 E2497.00978
G1 X160.387 Y90.579 E2497.03647
G1 X160.862 Y90.14 E2497.05799
G1 X161.148 Y89.819 E2497.07229
G1 X163.172 Y87.711 E2497.16948
G1 X164.905 Y85.969 E2497.25121
G1 X170.79 Y79.853 E2497.53351
G1 X170.79 Y87.521 E2497.78855
G1 X170.773 Y88.814 E2497.83156
G1 X170.855 Y89.741 E2497.86251
G1 X171.03 Y90.313 E2497.8824
G1 X171.344 Y90.731 E2497.89979
G1 X171.571 Y90.901 E2497.90923
G1 X172.016 Y91.133 E2497.92592
G1 X172.573 Y91.238 E2497.94477
G1 X173.012 Y91.251 E2497.95938
G1 X174.128 Y91.247 E2497.9965
G1 X174.772 Y91.181 E2498.01803
G1 X175.24 Y91.017 E2498.03452
G1 X175.645 Y90.685 E2498.05194
G1 X175.809 Y90.465 E2498.06107
G1 X176.021 Y89.983 E2498.07858
G1 X176.088 Y89.6 E2498.09151
G1 X176.189 Y85.401 E2498.23121
G1 X176.106 Y84.3 E2498.26793
G1 X176.107 Y82.819 E2498.31719
G1 X176.189 Y81.697 E2498.35461
G1 X176.19 Y80.193 E2498.40463
G1 X176.106 Y79.051 E2498.44272
G1 X176.106 Y77.485 E2498.4948
G1 X176.19 Y76.335 E2498.53315
G1 X176.19 Y74.862 E2498.58215
G1 X176.107 Y73.56 E2498.62554
G1 X176.122 Y72.711 E2498.65378
G1 X176.028 Y72.075 E2498.67517
G1 X175.732 Y71.505 E2498.69653
G1 X175.532 Y71.285 E2498.70642
G1 X175.061 Y70.985 E2498.72499
G1 X174.497 Y70.881 E2498.74406
G1 X172.666 Y70.88 E2498.80496
G1 X172.104 Y70.946 E2498.82378
G1 X171.494 Y71.162 E2498.84531
G1 X171.015 Y71.45 E2498.8639
G1 X170.256 Y72.142 E2498.89806
G1 X169.686 Y72.785 E2498.92664
G1 X168.758 Y73.734 E2498.97079
G1 X161.683 Y81.101 E2499.31051
G1 X160.104 Y82.709 E2499.38546
G1 X160.104 Y72.657 E2499.7198
G1 X160.064 Y72.098 E2499.73844
G1 X159.936 Y71.782 E2499.74978
G1 X159.625 Y71.324 E2499.76819
G1 X159.039 Y70.973 E2499.79091
G1 X158.529 Y70.878 E2499.80816
G1 X156.443 Y70.876 E2499.87754
G1 X156.034 Y70.911 E2499.8912
G1 X155.55 Y71.046 E2499.90791
G1 X155.05 Y71.432 E2499.92892
G1 X154.818 Y71.894 E2499.94611
G1 X154.743 Y72.155 E2499.95514
G1 X154.711 Y72.724 E2499.9741
G1 X154.793 Y76.262 E2500.09181
G1 X154.713 Y77.344 E2500.12789
G1 X154.713 Y79.189 E2500.18926
G1 X154.796 Y80.279 E2500.22561
G1 X154.796 Y81.592 E2500.26929
G1 X154.713 Y82.676 E2500.30544
G1 X154.713 Y84.436 E2500.36398
G1 X154.796 Y85.527 E2500.40037
G1 X154.796 Y86.845 E2500.44421
G1 X154.712 Y88.016 E2500.48326
G1 X154.711 Y89.25 E2500.5243
G1 X154.811 Y90.063 E2500.55155
G1 X155.004 Y90.487 E2500.56704
G1 X155.165 Y90.692 E2500.57571
G1 X155.536 Y90.994 E2500.59162
G1 F2700 E2495.59162
G0 F9000 X156.068 Y90.924
G0 X157.617 Y91.095
G0 X158.496 Y94.707
G0 X164.627 Y108.913
G1 F2700 E2500.59162
G1 F1500 X165.378 Y109.023 E2500.61687
G1 X165.98 Y108.909 E2500.63724
G1 X166.298 Y108.775 E2500.64872
G1 X166.782 Y108.427 E2500.66855
G1 X167.222 Y107.839 E2500.69298
G1 X172.192 Y99.238 E2501.02337
G1 X173.352 Y97.17 E2501.10223
G1 X173.5 Y96.61 E2501.1215
G1 X173.513 Y96.119 E2501.13784
G1 X173.414 Y95.647 E2501.15388
G1 X173.011 Y95.023 E2501.17858
G1 X172.392 Y94.601 E2501.2035
G1 X171.947 Y94.442 E2501.21922
G1 X171.518 Y94.353 E2501.23379
G1 X171.009 Y94.329 E2501.25074
G1 X169.84 Y94.407 E2501.28971
G1 X168.431 Y94.406 E2501.33657
G1 X167.329 Y94.327 E2501.37332
G1 X165.41 Y94.33 E2501.43714
G1 X164.612 Y94.407 E2501.46381
G1 X163.097 Y94.407 E2501.5142
G1 X162.011 Y94.328 E2501.55041
G1 X160.27 Y94.329 E2501.60832
G1 X159.263 Y94.405 E2501.64191
G1 X158.453 Y94.532 E2501.66918
G1 X158.103 Y94.688 E2501.68192
G1 X157.863 Y94.855 E2501.69165
G1 X157.531 Y95.185 E2501.70722
G1 X157.395 Y95.426 E2501.71642
G1 X157.179 Y96.085 E2501.73949
G1 X157.226 Y96.862 E2501.76538
G1 X157.441 Y97.413 E2501.78505
G1 X157.687 Y97.862 E2501.80208
G1 X158.757 Y99.666 E2501.87184
G1 X159.336 Y100.747 E2501.91262
G1 X162.31 Y105.838 E2502.10873
G1 X163.201 Y107.441 E2502.16972
G1 X163.81 Y108.265 E2502.2038
G1 X164.148 Y108.59 E2502.2194
G1 X164.627 Y108.913 E2502.23862
G1 F2700 E2497.23862
G0 F9000 X164.723 Y108.67
G0 X165.947 Y108.731
G0 X188.952 Y155.048
G0 X189.078 Y157.451
G1 F2700 E2502.23862
G1 F1500 X189.512 Y157.839 E2502.25798
G1 X189.985 Y158.079 E2502.27562
G1 X190.45 Y158.196 E2502.29157
G1 X191.025 Y158.199 E2502.31069
G1 X191.518 Y158.08 E2502.32756
G1 X191.984 Y157.843 E2502.34495
G1 X192.421 Y157.452 E2502.36445
G1 X192.699 Y157.055 E2502.38057
G1 X192.908 Y156.512 E2502.39992
G1 X192.96 Y156 E2502.41704
G1 X192.907 Y155.494 E2502.43396
G1 X192.721 Y154.987 E2502.45192
G1 X192.421 Y154.549 E2502.46958
G1 X191.989 Y154.161 E2502.48889
G1 X191.514 Y153.92 E2502.50661
G1 X191.047 Y153.804 E2502.52261
G1 X190.446 Y153.805 E2502.5426
G1 X189.955 Y153.936 E2502.55951
G1 X189.507 Y154.164 E2502.57622
G1 X189.116 Y154.509 E2502.59357
G1 X188.804 Y154.947 E2502.61145
G1 X188.613 Y155.437 E2502.62895
G1 X188.534 Y155.989 E2502.64749
G1 X188.607 Y156.556 E2502.66651
G1 X188.777 Y157.008 E2502.68257
G1 X189.078 Y157.451 E2502.70038
G1 F2700 E2497.70038
G0 F9000 X189.428 Y157.424
G0 X190.546 Y157.68
G0 X192.272 Y157.352
G0 X193.95 Y157.352
G0 X193.588 Y158.267
G1 F2700 E2502.70038
G1 F1500 X193.016 Y158.84 E2502.72731
G0 F9000 X192.45 Y158.84
G1 F1500 X193.588 Y157.701 E2502.78086
G0 F9000 X193.588 Y157.136
G1 F1500 X191.884 Y158.84 E2502.86101
G0 F9000 X191.319 Y158.84
G1 F1500 X192.545 Y157.614 E2502.91868
G1 X192.562 Y157.596
G1 X193.588 Y156.57 E2502.96694
G0 F9000 X193.112 Y156.481
G1 F1500 X193.588 Y156.004 E2502.98935
G0 F9000 X193.147 Y155.88
G1 F1500 X193.588 Y155.439 E2503.0101
G0 F9000 X193.083 Y155.378
G1 F1500 X193.588 Y154.873 E2503.03385
G0 F9000 X193.588 Y154.307
G1 F1500 X192.927 Y154.968 E2503.06494
G0 F9000 X192.713 Y154.617
G1 F1500 X193.588 Y153.741 E2503.10612
G0 F9000 X193.588 Y153.176
G1 F1500 X192.458 Y154.306 E2503.15927
G0 F9000 X192.16 Y154.038
G1 F1500 X193.588 Y152.61 E2503.22644
G0 F9000 X193.588 Y152.044
G1 F1500 X191.797 Y153.836 E2503.31071
G0 F9000 X191.384 Y153.683
G1 F1500 X193.588 Y151.479 E2503.41438
G0 F9000 X193.588 Y150.913
G1 F1500 X190.903 Y153.599 E2503.5407
G0 F9000 X190.298 Y153.638
G1 F1500 X193.588 Y150.347 E2503.69547
G0 F9000 X193.588 Y149.782
G1 F1500 X189.214 Y154.156 E2503.90121
G0 F9000 X188.874 Y154.496
G1 F1500 X184.53 Y158.84 E2504.10554
G0 F9000 X183.965 Y158.84
G1 F1500 X193.588 Y149.216 E2504.5582
G0 F9000 X193.588 Y148.65
G1 F1500 X183.399 Y158.84 E2505.03748
G0 F9000 X182.833 Y158.84
G1 F1500 X193.588 Y148.085 E2505.54337
G0 F9000 X193.588 Y147.519
G1 F1500 X182.268 Y158.84 E2506.07585
G0 F9000 X181.702 Y158.84
G1 F1500 X193.588 Y146.953 E2506.63495
G0 F9000 X193.588 Y146.388
G1 F1500 X181.136 Y158.84 E2507.22066
G0 F9000 X180.571 Y158.84
G1 F1500 X193.588 Y145.822 E2507.83296
G0 F9000 X193.588 Y145.256
G1 F1500 X180.005 Y158.84 E2508.47188
G0 F9000 X179.439 Y158.84
G1 F1500 X193.588 Y144.691 E2509.13741
G0 F9000 X193.588 Y144.125
G1 F1500 X178.873 Y158.84 E2509.82956
G0 F9000 X178.308 Y158.84
G1 F1500 X193.588 Y143.559 E2510.54831
G0 F9000 X193.588 Y142.993
G1 F1500 X177.742 Y158.84 E2511.29368
G0 F9000 X177.176 Y158.84
G1 F1500 X193.588 Y142.428 E2512.06565
G0 F9000 X193.588 Y141.862
G1 F1500 X176.611 Y158.84 E2512.86422
G0 F9000 X176.045 Y158.84
G1 F1500 X193.588 Y141.296 E2513.68941
G0 F9000 X193.588 Y140.731
G1 F1500 X175.479 Y158.84 E2514.5412
G0 F9000 X174.914 Y158.84
G1 F1500 X193.588 Y140.165 E2515.41959
G0 F9000 X193.588 Y139.599
G1 F1500 X174.348 Y158.84 E2516.32461
G0 F9000 X173.782 Y158.84
G1 F1500 X193.588 Y139.034 E2517.25622
G0 F9000 X193.588 Y138.468
G1 F1500 X173.217 Y158.84 E2518.21443
G0 F9000 X172.651 Y158.84
G1 F1500 X193.588 Y137.902 E2519.19927
G0 F9000 X193.588 Y137.337
G1 F1500 X172.085 Y158.84 E2520.2107
G0 F9000 X171.52 Y158.84
G1 F1500 X193.588 Y136.771 E2521.24874
G0 F9000 X193.588 Y136.205
G1 F1500 X170.954 Y158.84 E2522.3134
G0 F9000 X170.388 Y158.84
G1 F1500 X193.588 Y135.64 E2523.40465
G0 F9000 X193.588 Y135.074
G1 F1500 X169.823 Y158.84 E2524.52251
G0 F9000 X169.257 Y158.84
G1 F1500 X193.588 Y134.508 E2525.66699
G0 F9000 X193.588 Y133.942
G1 F1500 X168.691 Y158.84 E2526.83809
G0 F9000 X168.125 Y158.84
G1 F1500 X193.588 Y133.377 E2528.03579
G0 F9000 X193.588 Y132.811
G1 F1500 X167.56 Y158.84 E2529.26009
G0 F9000 X166.994 Y158.84
G1 F1500 X193.588 Y132.245 E2530.51102
G0 F9000 X193.588 Y131.68
G1 F1500 X166.428 Y158.84 E2531.78854
G0 F9000 X165.863 Y158.84
G1 F1500 X193.588 Y131.114 E2533.09266
G0 F9000 X193.588 Y130.548
G1 F1500 X165.297 Y158.84 E2534.42341
G0 F9000 X164.731 Y158.84
G1 F1500 X193.588 Y129.983 E2535.78075
G0 F9000 X193.588 Y129.417
G1 F1500 X164.166 Y158.84 E2537.1647
G0 F9000 X163.6 Y158.84
G1 F1500 X193.588 Y128.851 E2538.57526
G0 F9000 X193.588 Y128.286
G1 F1500 X163.034 Y158.84 E2540.01243
G0 F9000 X162.469 Y158.84
G1 F1500 X193.588 Y127.72 E2541.4762
G0 F9000 X193.588 Y127.154
G1 F1500 X161.903 Y158.84 E2542.96658
G0 F9000 X161.337 Y158.84
G1 F1500 X193.588 Y126.589 E2544.48357
G0 F9000 X193.588 Y126.023
G1 F1500 X160.772 Y158.84 E2546.02716
G0 F9000 X160.206 Y158.84
G1 F1500 X193.588 Y125.457 E2547.59737
G0 F9000 X193.588 Y124.892
G1 F1500 X159.64 Y158.84 E2549.19418
G0 F9000 X159.074 Y158.84
G1 F1500 X193.588 Y124.326 E2550.81761
G0 F9000 X193.588 Y123.76
G1 F1500 X158.509 Y158.84 E2552.46765
G0 F9000 X157.943 Y158.84
G1 F1500 X193.588 Y123.194 E2554.1443
G0 F9000 X193.588 Y122.629
G1 F1500 X157.377 Y158.84 E2555.84756
G0 F9000 X156.812 Y158.84
G1 F1500 X193.588 Y122.063 E2557.57741
G0 F9000 X193.588 Y121.497
G1 F1500 X156.246 Y158.84 E2559.33389
G0 F9000 X155.68 Y158.84
G1 F1500 X193.588 Y120.932 E2561.11696
G0 F9000 X193.588 Y120.366
G1 F1500 X155.115 Y158.84 E2562.92664
G0 F9000 X154.549 Y158.84
G1 F1500 X193.588 Y119.8 E2564.76294
G0 F9000 X193.588 Y119.235
G1 F1500 X153.983 Y158.84 E2566.62583
G0 F9000 X153.418 Y158.84
G1 F1500 X193.588 Y118.669 E2568.51533
G0 F9000 X193.588 Y118.103
G1 F1500 X152.852 Y158.84 E2570.43145
G0 F9000 X152.286 Y158.84
G1 F1500 X193.588 Y117.538 E2572.37417
G0 F9000 X193.588 Y116.972
G1 F1500 X151.721 Y158.84 E2574.34349
G0 F9000 X151.155 Y158.84
G1 F1500 X193.588 Y116.406 E2576.33943
G0 F9000 X193.588 Y115.841
G1 F1500 X150.589 Y158.84 E2578.36197
G0 F9000 X150.024 Y158.84
G1 F1500 X193.588 Y115.275 E2580.41111
G0 F9000 X193.588 Y114.709
G1 F1500 X149.458 Y158.84 E2582.48688
G0 F9000 X148.892 Y158.84
G1 F1500 X193.588 Y114.144 E2584.58924
G0 F9000 X193.588 Y113.578
G1 F1500 X148.326 Y158.84 E2586.71822
G0 F9000 X147.761 Y158.84
G1 F1500 X193.588 Y113.012 E2588.87381
G0 F9000 X193.588 Y112.446
G1 F1500 X147.195 Y158.84 E2591.05602
G0 F9000 X146.629 Y158.84
G1 F1500 X193.588 Y111.881 E2593.26482
G0 F9000 X193.588 Y111.315
G1 F1500 X146.064 Y158.84 E2595.50023
G0 F9000 X145.498 Y158.84
G1 F1500 X193.588 Y110.749 E2597.76226
G0 F9000 X193.588 Y110.184
G1 F1500 X144.932 Y158.84 E2600.05089
G0 F9000 X144.367 Y158.84
G1 F1500 X193.588 Y109.618 E2602.36612
G0 F9000 X193.588 Y109.052
G1 F1500 X143.801 Y158.84 E2604.70797
G0 F9000 X143.235 Y158.84
G1 F1500 X193.588 Y108.487 E2607.07642
G0 F9000 X193.588 Y107.921
G1 F1500 X142.67 Y158.84 E2609.47147
G0 F9000 X142.104 Y158.84
G1 F1500 X193.588 Y107.355 E2611.89314
G0 F9000 X193.588 Y106.79
G1 F1500 X141.538 Y158.84 E2614.34142
G0 F9000 X140.973 Y158.84
G1 F1500 X193.588 Y106.224 E2616.81629
G0 F9000 X193.588 Y105.658
G1 F1500 X140.407 Y158.84 E2619.31778
G0 F9000 X139.841 Y158.84
G1 F1500 X193.588 Y105.093 E2621.84588
G0 F9000 X193.588 Y104.527
G1 F1500 X139.275 Y158.84 E2624.40059
G0 F9000 X138.71 Y158.84
G1 F1500 X193.588 Y103.961 E2626.98191
G0 F9000 X193.588 Y103.395
G1 F1500 X138.144 Y158.84 E2629.58985
G0 F9000 X137.579 Y158.839
G1 F1500 X193.588 Y102.83 E2632.22434
G0 F9000 X193.588 Y102.264
G1 F1500 X137.013 Y158.839 E2634.88546
G0 F9000 X136.448 Y158.839
G1 F1500 X193.588 Y101.698 E2637.57317
G0 F9000 X193.588 Y101.133
G1 F1500 X135.882 Y158.839 E2640.28748
G0 F9000 X135.316 Y158.839
G1 F1500 X193.588 Y100.567 E2643.02842
G0 F9000 X193.588 Y100.001
G1 F1500 X134.751 Y158.839 E2645.79596
G0 F9000 X134.185 Y158.839
G1 F1500 X193.588 Y99.436 E2648.59009
G0 F9000 X193.588 Y98.87
G1 F1500 X133.619 Y158.839 E2651.41085
G0 F9000 X133.054 Y158.839
G1 F1500 X193.588 Y98.304 E2654.25821
G0 F9000 X193.588 Y97.739
G1 F1500 X132.488 Y158.839 E2657.13216
G0 F9000 X131.922 Y158.839
G1 F1500 X193.588 Y97.173 E2660.03274
G0 F9000 X193.588 Y96.607
G1 F1500 X131.357 Y158.839 E2662.95992
G0 F9000 X130.791 Y158.839
G1 F1500 X193.588 Y96.042 E2665.9137
G0 F9000 X193.588 Y95.476
G1 F1500 X130.225 Y158.839 E2668.8941
G0 F9000 X129.66 Y158.839
G1 F1500 X193.588 Y94.91 E2671.9011
G0 F9000 X193.588 Y94.345
G1 F1500 X129.094 Y158.839 E2674.9347
G0 F9000 X128.528 Y158.839
G1 F1500 X193.588 Y93.779 E2677.99492
G0 F9000 X193.588 Y93.213
G1 F1500 X127.962 Y158.839 E2681.08177
G0 F9000 X127.397 Y158.839
G1 F1500 X193.588 Y92.647 E2684.19521
G0 F9000 X193.588 Y92.082
G1 F1500 X126.831 Y158.839 E2687.33526
G0 F9000 X126.265 Y158.839
G1 F1500 X193.588 Y91.516 E2690.50193
G0 F9000 X193.588 Y90.95
G1 F1500 X125.7 Y158.839 E2693.69519
G0 F9000 X125.134 Y158.839
G1 F1500 X191.826 Y92.147 E2696.83218
G0 F9000 X191.007 Y92.4
G1 F1500 X124.568 Y158.839 E2699.95727
G0 F9000 X124.003 Y158.839
G1 F1500 X190.442 Y92.4 E2703.08235
G0 F9000 X189.996 Y92.28
G1 F1500 X123.437 Y158.839 E2706.21309
G0 F9000 X122.871 Y158.839
G1 F1500 X189.606 Y92.104 E2709.3521
G0 F9000 X189.258 Y91.887
G1 F1500 X122.306 Y158.839 E2712.50131
G0 F9000 X121.74 Y158.839
G1 F1500 X188.962 Y91.617 E2715.66323
G0 F9000 X188.724 Y91.289
G1 F1500 X121.174 Y158.839 E2718.84057
G0 F9000 X120.609 Y158.839
G1 F1500 X188.53 Y90.918 E2722.03537
G0 F9000 X188.39 Y90.492
G1 F1500 X120.043 Y158.839 E2725.2502
G0 F9000 X119.477 Y158.839
G1 F1500 X188.336 Y89.98 E2728.48912
G0 F9000 X188.455 Y89.295
G1 F1500 X118.912 Y158.839 E2731.76023
G0 F9000 X118.346 Y158.839
G1 F1500 X193.588 Y83.596 E2735.29941
G0 F9000 X193.588 Y83.031
G1 F1500 X117.78 Y158.839 E2738.86518
G0 F9000 X117.214 Y158.839
G1 F1500 X193.588 Y82.465 E2742.45758
G0 F9000 X193.588 Y81.899
G1 F1500 X166.947 Y108.54 E2743.71069
G1 X166.894 Y108.594
G1 X116.649 Y158.839 E2746.07407
G0 F9000 X116.083 Y158.839
G1 F1500 X165.774 Y109.149 E2748.41135
G0 F9000 X165.163 Y109.194
G1 F1500 X115.517 Y158.839 E2750.74653
G0 F9000 X114.952 Y158.839
G1 F1500 X164.667 Y109.124 E2753.08497
G0 F9000 X164.293 Y108.932
G1 F1500 X114.386 Y158.839 E2755.43244
G0 F9000 X113.82 Y158.839
G1 F1500 X163.967 Y108.692 E2757.7912
G0 F9000 X163.678 Y108.415
G1 F1500 X113.255 Y158.839 E2760.16297
G0 F9000 X112.689 Y158.839
G1 F1500 X163.435 Y108.093 E2762.5499
G0 F9000 X163.194 Y107.768
G1 F1500 X112.123 Y158.839 E2764.95213
G0 F9000 X111.558 Y158.839
G1 F1500 X162.965 Y107.432 E2767.37015
G0 F9000 X162.763 Y107.068
G1 F1500 X110.992 Y158.839 E2769.8053
G0 F9000 X110.426 Y158.839
G1 F1500 X162.561 Y106.705 E2772.25755
G0 F9000 X162.359 Y106.341
G1 F1500 X109.861 Y158.839 E2774.7269
G0 F9000 X109.295 Y158.839
G1 F1500 X162.157 Y105.977 E2777.21336
G0 F9000 X161.949 Y105.619
G1 F1500 X108.729 Y158.839 E2779.71667
G0 F9000 X108.164 Y158.839
G1 F1500 X161.74 Y105.262 E2782.23674
G0 F9000 X161.532 Y104.905
G1 F1500 X107.598 Y158.839 E2784.77363
G0 F9000 X107.032 Y158.839
G1 F1500 X161.323 Y104.548 E2787.32731
G0 F9000 X161.114 Y104.191
G1 F1500 X106.466 Y158.839 E2789.89779
G0 F9000 X105.901 Y158.839
G1 F1500 X160.906 Y103.834 E2792.48506
G0 F9000 X160.697 Y103.477
G1 F1500 X105.335 Y158.839 E2795.08911
G0 F9000 X104.769 Y158.839
G1 F1500 X160.489 Y103.12 E2797.70999
G0 F9000 X160.28 Y102.763
G1 F1500 X104.204 Y158.839 E2800.34763
G0 F9000 X103.638 Y158.839
G1 F1500 X160.072 Y102.406 E2803.00209
G0 F9000 X159.863 Y102.048
G1 F1500 X103.072 Y158.839 E2805.67337
G0 F9000 X102.507 Y158.839
G1 F1500 X159.654 Y101.691 E2808.36141
G0 F9000 X159.446 Y101.334
G1 F1500 X101.941 Y158.839 E2811.06627
G0 F9000 X101.375 Y158.839
G1 F1500 X159.238 Y100.976 E2813.78797
G0 F9000 X159.036 Y100.612
G1 F1500 X100.81 Y158.839 E2816.52676
G0 F9000 X100.244 Y158.839
G1 F1500 X158.839 Y100.244 E2819.28289
G0 F9000 X158.642 Y99.876
G1 F1500 X99.678 Y158.839 E2822.05635
G0 F9000 X99.113 Y158.839
G1 F1500 X158.435 Y99.517 E2824.84668
G0 F9000 X158.225 Y99.161
G1 F1500 X98.547 Y158.839 E2827.65375
G0 F9000 X97.981 Y158.839
G1 F1500 X158.014 Y98.806 E2830.47752
G0 F9000 X157.803 Y98.451
G1 F1500 X97.415 Y158.839 E2833.31798
G0 F9000 X96.85 Y158.839
G1 F1500 X157.592 Y98.096 E2836.17512
G0 F9000 X157.388 Y97.735
G1 F1500 X96.284 Y158.839 E2839.04927
G0 F9000 X95.718 Y158.839
G1 F1500 X157.203 Y97.354 E2841.94133
G0 F9000 X157.044 Y96.947
G1 F1500 X95.153 Y158.839 E2844.85252
G0 F9000 X94.587 Y158.839
G1 F1500 X156.995 Y96.431 E2847.788
G0 F9000 X157.058 Y95.803
G1 F1500 X94.021 Y158.839 E2850.75305
G0 F9000 X93.456 Y158.839
G1 F1500 X170.589 Y81.706 E2854.38115
G0 F9000 X170.589 Y82.271
G1 F1500 X158.546 Y94.314 E2854.94761
G0 F9000 X159.218 Y94.208
G1 F1500 X170.589 Y82.837 E2855.48247
G0 F9000 X170.589 Y83.403
G1 F1500 X159.83 Y94.162 E2855.98854
G0 F9000 X160.429 Y94.129
G1 F1500 X170.589 Y83.968 E2856.46646
G0 F9000 X170.589 Y84.534
G1 F1500 X160.994 Y94.129 E2856.91778
G0 F9000 X161.561 Y94.128
G1 F1500 X170.589 Y85.1 E2857.34243
G0 F9000 X170.589 Y85.665
G1 F1500 X162.12 Y94.135 E2857.74081
G0 F9000 X162.647 Y94.173
G1 F1500 X170.589 Y86.231 E2858.11437
G0 F9000 X170.589 Y86.797
G1 F1500 X163.179 Y94.207 E2858.46292
G0 F9000 X163.745 Y94.207
G1 F1500 X170.589 Y87.363 E2858.78484
G0 F9000 X170.583 Y87.934
G1 F1500 X164.311 Y94.207 E2859.07988
G0 F9000 X164.905 Y94.178
G1 F1500 X170.576 Y88.507 E2859.34662
G0 F9000 X170.593 Y89.055
G1 F1500 X165.518 Y94.13 E2859.58534
G0 F9000 X166.085 Y94.13
G1 F1500 X170.642 Y89.572 E2859.79971
G0 F9000 X170.737 Y90.043
G1 F1500 X166.651 Y94.129 E2859.9919
G0 F9000 X167.218 Y94.128
G1 F1500 X170.892 Y90.454 E2860.16471
G0 F9000 X171.133 Y90.779
G1 F1500 X167.755 Y94.156 E2860.32358
G0 F9000 X168.282 Y94.195
G1 F1500 X171.431 Y91.046 E2860.4717
G0 F9000 X171.796 Y91.247
G1 F1500 X168.836 Y94.207 E2860.61093
G0 F9000 X169.402 Y94.207
G1 F1500 X172.232 Y91.377 E2860.74404
G0 F9000 X172.734 Y91.44
G1 F1500 X169.977 Y94.197 E2860.87372
G0 F9000 X170.583 Y94.156
G1 F1500 X173.291 Y91.449 E2861.00108
G0 F9000 X173.859 Y91.446
G1 F1500 X171.168 Y94.137 E2861.12765
G0 F9000 X171.687 Y94.184
G1 F1500 X174.457 Y91.414 E2861.25794
G0 F9000 X175.192 Y91.245
G1 F1500 X172.138 Y94.299 E2861.4016
G0 F9000 X172.545 Y94.458
G1 F1500 X193.588 Y73.414 E2862.39142
G0 F9000 X193.588 Y73.98
G1 F1500 X172.879 Y94.69 E2863.36553
G0 F9000 X173.195 Y94.939
G1 F1500 X193.588 Y74.546 E2864.32475
G0 F9000 X193.588 Y75.111
G1 F1500 X173.417 Y95.283 E2865.27356
G0 F9000 X173.616 Y95.649
G1 F1500 X193.588 Y75.677 E2866.21298
G0 F9000 X193.588 Y76.243
G1 F1500 X173.711 Y96.12 E2867.14793
G0 F9000 X173.674 Y96.723
G1 F1500 X193.588 Y76.808 E2868.08465
G0 F9000 X193.588 Y77.374
G1 F1500 X173.305 Y97.657 E2869.0387
G0 F9000 X172.908 Y97.434
G0 X171.925 Y99.181
G0 X172.585 Y98.943
G1 F1500 X193.588 Y77.94 E2870.02662
G0 F9000 X193.588 Y78.505
G1 F1500 X171.828 Y100.266 E2871.05016
G0 F9000 X171.431 Y100.035
G0 X170.655 Y101.374
G0 X171.054 Y101.606
G1 F1500 X193.588 Y79.071 E2872.11012
G0 F9000 X193.588 Y79.637
G1 F1500 X170.279 Y102.946 E2873.2065
G0 F9000 X169.88 Y102.714
G0 X169.105 Y104.053
G0 X169.505 Y104.286
G1 F1500 X193.588 Y80.202 E2874.33932
G0 F9000 X193.588 Y80.768
G1 F1500 X168.731 Y105.626 E2875.50854
G0 F9000 X168.329 Y105.393
G0 X167.554 Y106.732
G0 X167.956 Y106.966
G1 F1500 X193.588 Y81.334 E2876.71419
G0 F9000 X194.05 Y81.334
G0 X194.05 Y84.162
G0 X193.588 Y84.162
G1 F1500 X190.045 Y87.705 E2876.88084
G0 F9000 X190.718 Y87.598
G1 F1500 X193.588 Y84.728 E2877.01584
G0 F9000 X193.588 Y85.294
G1 F1500 X191.237 Y87.645 E2877.12642
G0 F9000 X191.676 Y87.772
G1 F1500 X193.588 Y85.859 E2877.21638
G0 F9000 X193.588 Y86.425
G1 F1500 X192.048 Y87.966 E2877.28884
G0 F9000 X192.36 Y88.219
G1 F1500 X193.588 Y86.991 E2877.3466
G0 F9000 X193.588 Y87.556
G1 F1500 X192.636 Y88.509 E2877.3914
G0 F9000 X192.869 Y88.841
G1 F1500 X193.588 Y88.122 E2877.42522
G0 F9000 X193.588 Y88.688
G1 F1500 X193.033 Y89.243 E2877.45133
G0 F9000 X193.129 Y89.712
G1 F1500 X193.588 Y89.253 E2877.47292
G0 F9000 X193.588 Y89.819
G1 F1500 X193.131 Y90.277 E2877.49444
G0 F9000 X193.588 Y90.385
G1 F1500 X192.917 Y91.056 E2877.526
G1 F2700 E2872.526
G0 F9000 X192.489 Y90.893
G0 X191.35 Y91.583
G0 X190.954 Y91.68
G0 X190.546 Y91.68
G0 X190.15 Y91.583
G0 X189.789 Y91.393
G0 X188.716 Y89.997
G0 X175.91 Y89.572
G0 X176.288 Y89.583
G1 F2700 E2877.526
G1 F1500 X193.588 Y72.283 E2878.33974
G0 F9000 X193.588 Y72.848
G1 F1500 X176.063 Y90.374 E2879.16408
G0 F9000 X175.82 Y89.623
G0 X176.302 Y89.004
G1 F1500 X193.588 Y71.717 E2879.97719
G0 F9000 X193.588 Y71.151
G1 F1500 X176.316 Y88.424 E2880.78963
G0 F9000 X176.33 Y87.844
G1 F1500 X193.588 Y70.586 E2881.6014
G0 F9000 X193.588 Y70.02
G1 F1500 X176.343 Y87.265 E2882.41255
G0 F9000 X176.358 Y86.685
G1 F1500 X193.588 Y69.454 E2883.22302
G0 F9000 X193.588 Y68.889
G1 F1500 X176.371 Y86.106 E2884.03285
G0 F9000 X176.385 Y85.526
G1 F1500 X193.588 Y68.323 E2884.84203
G0 F9000 X193.588 Y67.757
G1 F1500 X176.358 Y84.988 E2885.6525
G0 F9000 X176.318 Y84.462
G1 F1500 X193.588 Y67.192 E2886.46483
G0 F9000 X193.588 Y66.626
G1 F1500 X176.306 Y83.908 E2887.27772
G0 F9000 X176.306 Y83.343
G1 F1500 X193.588 Y66.06 E2888.09063
G0 F9000 X193.588 Y65.495
G1 F1500 X176.31 Y82.773 E2888.90334
G0 F9000 X176.355 Y82.162
G1 F1500 X193.588 Y64.929 E2889.71393
G0 F9000 X193.588 Y64.363
G1 F1500 X176.388 Y81.564 E2890.52298
G0 F9000 X176.388 Y80.998
G1 F1500 X193.588 Y63.798 E2891.33202
G0 F9000 X193.588 Y63.232
G1 F1500 X176.388 Y80.432 E2892.14106
G0 F9000 X176.367 Y79.888
G1 F1500 X193.588 Y62.666 E2892.9511
G0 F9000 X193.588 Y62.1
G1 F1500 X176.329 Y79.36 E2893.76294
G0 F9000 X176.305 Y78.818
G1 F1500 X193.588 Y61.535 E2894.57588
G0 F9000 X193.398 Y61.159
G1 F1500 X176.305 Y78.252 E2895.37988
G0 F9000 X176.305 Y77.686
G1 F1500 X192.832 Y61.159 E2896.15726
G0 F9000 X192.267 Y61.159
G1 F1500 X176.334 Y77.092 E2896.9067
G0 F9000 X176.378 Y76.482
G1 F1500 X191.701 Y61.159 E2897.62744
G0 F9000 X191.135 Y61.159
G1 F1500 X176.388 Y75.907 E2898.32112
G0 F9000 X176.389 Y75.34
G1 F1500 X190.57 Y61.159 E2898.98815
G0 F9000 X190.004 Y61.159
G1 F1500 X176.385 Y74.778 E2899.62875
G0 F9000 X176.351 Y74.246
G1 F1500 X189.438 Y61.159 E2900.24432
G0 F9000 X188.873 Y61.159
G1 F1500 X176.317 Y73.715 E2900.83492
G0 F9000 X176.313 Y73.153
G1 F1500 X188.307 Y61.159 E2901.39908
G0 F9000 X187.741 Y61.159
G1 F1500 X176.307 Y72.593 E2901.9369
G0 F9000 X176.235 Y72.1
G1 F1500 X187.176 Y61.159 E2902.45153
G0 F9000 X186.61 Y61.159
G1 F1500 X176.063 Y71.706 E2902.94763
G0 F9000 X175.857 Y71.347
G1 F1500 X186.044 Y61.159 E2903.42681
G0 F9000 X185.479 Y61.159
G1 F1500 X175.564 Y71.074 E2903.89319
G0 F9000 X175.223 Y70.849
G1 F1500 X184.913 Y61.159 E2904.34897
G0 F9000 X184.347 Y61.159
G1 F1500 X174.776 Y70.73 E2904.79916
G0 F9000 X174.257 Y70.683
G1 F1500 X183.782 Y61.159 E2905.24717
G0 F9000 X183.216 Y61.159
G1 F1500 X173.693 Y70.683 E2905.69512
G0 F9000 X173.128 Y70.682
G1 F1500 X182.65 Y61.159 E2906.14303
G0 F9000 X182.084 Y61.159
G1 F1500 X172.552 Y70.692 E2906.59141
G0 F9000 X171.857 Y70.821
G1 F1500 X181.519 Y61.159 E2907.04588
G0 F9000 X180.953 Y61.159
G1 F1500 X160.303 Y81.81 E2908.01722
G0 F9000 X160.303 Y81.244
G1 F1500 X180.387 Y61.159 E2908.96193
G0 F9000 X179.822 Y61.159
G1 F1500 X160.303 Y80.678 E2909.88005
G0 F9000 X160.303 Y80.113
G1 F1500 X179.256 Y61.159 E2910.77156
G0 F9000 X178.69 Y61.159
G1 F1500 X160.303 Y79.547 E2911.63645
G0 F9000 X160.303 Y78.981
G1 F1500 X178.125 Y61.159 E2912.47475
G0 F9000 X177.559 Y61.159
G1 F1500 X160.303 Y78.416 E2913.28644
G0 F9000 X160.303 Y77.85
G1 F1500 X176.993 Y61.159 E2914.07151
G0 F9000 X176.428 Y61.159
G1 F1500 X160.303 Y77.284 E2914.82998
G0 F9000 X160.303 Y76.718
G1 F1500 X175.862 Y61.159 E2915.56183
G0 F9000 X175.296 Y61.159
G1 F1500 X160.303 Y76.153 E2916.26707
G0 F9000 X160.303 Y75.587
G1 F1500 X174.731 Y61.159 E2916.94572
G0 F9000 X174.165 Y61.159
G1 F1500 X160.303 Y75.021 E2917.59775
G0 F9000 X160.303 Y74.456
G1 F1500 X173.599 Y61.159 E2918.22318
G0 F9000 X173.033 Y61.159
G1 F1500 X160.303 Y73.89 E2918.82198
G0 F9000 X160.303 Y73.324
G1 F1500 X172.468 Y61.159 E2919.39418
G0 F9000 X171.902 Y61.159
G1 F1500 X160.303 Y72.759 E2919.93979
G0 F9000 X160.269 Y72.227
G1 F1500 X171.336 Y61.159 E2920.46037
G0 F9000 X170.771 Y61.159
G1 F1500 X160.147 Y71.783 E2920.96009
G0 F9000 X159.935 Y71.429
G1 F1500 X170.205 Y61.159 E2921.44316
G0 F9000 X169.639 Y61.159
G1 F1500 X159.675 Y71.124 E2921.91186
G0 F9000 X159.323 Y70.91
G1 F1500 X169.074 Y61.159 E2922.37052
G0 F9000 X168.508 Y61.159
G1 F1500 X158.918 Y70.749 E2922.8216
G0 F9000 X158.421 Y70.68
G1 F1500 X167.942 Y61.159 E2923.26944
G0 F9000 X167.377 Y61.159
G1 F1500 X157.856 Y70.68 E2923.71728
G0 F9000 X157.291 Y70.679
G1 F1500 X166.811 Y61.159 E2924.16507
G0 F9000 X166.245 Y61.159
G1 F1500 X156.727 Y70.678 E2924.61279
G0 F9000 X156.136 Y70.702
G1 F1500 X165.68 Y61.159 E2925.06169
G0 F9000 X165.114 Y61.159
G1 F1500 X155.248 Y71.026 E2925.52578
G0 F9000 X154.812 Y71.461
G1 F1500 X150.06 Y76.214 E2925.74932
G0 F9000 X150.06 Y76.779
G1 F1500 X154.533 Y72.306 E2925.95972
G0 F9000 X154.513 Y72.892
G1 F1500 X150.06 Y77.345 E2926.16917
G0 F9000 X150.06 Y77.911
G1 F1500 X154.526 Y73.445 E2926.37924
G0 F9000 X154.539 Y73.997
G1 F1500 X150.059 Y78.477 E2926.58997
G0 F9000 X150.059 Y79.043
G1 F1500 X154.552 Y74.55 E2926.8013
G0 F9000 X154.565 Y75.103
G1 F1500 X150.059 Y79.608 E2927.01323
G0 F9000 X150.059 Y80.174
G1 F1500 X154.577 Y75.656 E2927.22574
G0 F9000 X154.59 Y76.209
G1 F1500 X150.059 Y80.74 E2927.43886
G0 F9000 X150.058 Y81.306
G1 F1500 X154.55 Y76.814 E2927.65015
G0 F9000 X154.513 Y77.417
G1 F1500 X150.058 Y81.872 E2927.8597
G0 F9000 X150.058 Y82.438
G1 F1500 X154.513 Y77.983 E2928.06925
G0 F9000 X154.513 Y78.548
G1 F1500 X150.058 Y83.003 E2928.2788
G0 F9000 X150.058 Y83.569
G1 F1500 X154.513 Y79.114 E2928.48835
G0 F9000 X154.546 Y79.647
G1 F1500 X150.057 Y84.135 E2928.69948
G0 F9000 X150.057 Y84.701
G1 F1500 X154.586 Y80.173 E2928.91248
G0 F9000 X154.595 Y80.729
G1 F1500 X150.057 Y85.267 E2929.12594
G0 F9000 X150.057 Y85.832
G1 F1500 X154.595 Y81.295 E2929.33937
G0 F9000 X154.572 Y81.884
G1 F1500 X150.057 Y86.398 E2929.55172
G0 F9000 X150.057 Y86.964
G1 F1500 X154.525 Y82.496 E2929.76188
G0 F9000 X154.513 Y83.074
G1 F1500 X150.057 Y87.53 E2929.97147
G0 F9000 X150.057 Y88.096
G1 F1500 X154.513 Y83.64 E2930.18107
G0 F9000 X154.513 Y84.205
G1 F1500 X150.057 Y88.661 E2930.39067
G0 F9000 X150.057 Y89.227
G1 F1500 X154.535 Y84.749 E2930.6013
G0 F9000 X154.575 Y85.274
G1 F1500 X150.003 Y89.847 E2930.81637
G0 F9000 X149.551 Y89.784
G0 X148.256 Y90.961
G0 X148.449 Y91.401
G1 F1500 X81.011 Y158.838 E2933.98843
G0 F9000 X80.446 Y158.838
G1 F1500 X147.836 Y91.448 E2937.15825
G0 F9000 X147.281 Y91.437
G1 F1500 X79.88 Y158.838 E2940.32858
G0 F9000 X79.314 Y158.838
G1 F1500 X146.729 Y91.423 E2943.49958
G0 F9000 X146.177 Y91.41
G1 F1500 X78.749 Y158.838 E2946.67118
G0 F9000 X78.183 Y158.838
G1 F1500 X145.625 Y91.397 E2949.84343
G0 F9000 X145.198 Y91.258
G1 F1500 X77.617 Y158.838 E2953.02221
G0 F9000 X77.052 Y158.838
G1 F1500 X144.821 Y91.069 E2956.20985
G0 F9000 X144.514 Y90.81
G1 F1500 X76.486 Y158.838 E2959.40968
G0 F9000 X75.92 Y158.838
G1 F1500 X144.257 Y90.501 E2962.62404
G0 F9000 X144.101 Y90.091
G1 F1500 X75.354 Y158.838 E2965.85769
G0 F9000 X74.789 Y158.838
G1 F1500 X144.028 Y89.599 E2969.11448
G0 F9000 X144.012 Y89.05
G1 F1500 X74.223 Y158.838 E2972.39712
G0 F9000 X73.657 Y158.838
G1 F1500 X144.012 Y88.484 E2975.70638
G0 F9000 X144.012 Y87.918
G1 F1500 X73.092 Y158.838 E2979.04224
G0 F9000 X72.526 Y158.838
G1 F1500 X144.012 Y87.353 E2982.4047
G0 F9000 X144.012 Y86.786
G1 F1500 X71.96 Y158.838 E2985.7938
G0 F9000 X71.395 Y158.838
G1 F1500 X144.012 Y86.221 E2989.20948
G0 F9000 X144.012 Y85.655
G1 F1500 X139.513 Y90.154 E2989.4211
G0 F9000 X139.633 Y89.469
G1 F1500 X144.012 Y85.089 E2989.6271
G0 F9000 X144.012 Y84.524
G1 F1500 X139.633 Y88.903 E2989.83307
G0 F9000 X139.633 Y88.338
G1 F1500 X144.013 Y83.957 E2990.03912
G0 F9000 X144.013 Y83.391
G1 F1500 X139.633 Y87.772 E2990.24517
G0 F9000 X139.633 Y87.206
G1 F1500 X144.013 Y82.826 E2990.45119
G0 F9000 X144.013 Y82.26
G1 F1500 X139.633 Y86.641 E2990.65723
G0 F9000 X139.633 Y86.075
G1 F1500 X144.014 Y81.694 E2990.8633
G0 F9000 X144.014 Y81.128
G1 F1500 X139.633 Y85.509 E2991.06937
G0 F9000 X139.633 Y84.944
G1 F1500 X144.014 Y80.562 E2991.27546
G0 F9000 X144.014 Y79.997
G1 F1500 X139.633 Y84.378 E2991.48153
G0 F9000 X139.633 Y83.812
G1 F1500 X144.015 Y79.43 E2991.68765
G0 F9000 X144.015 Y78.865
G1 F1500 X139.633 Y83.246 E2991.89374
G0 F9000 X139.633 Y82.681
G1 F1500 X144.015 Y78.299 E2992.09986
G0 F9000 X144.015 Y77.733
G1 F1500 X139.633 Y82.115 E2992.30597
G0 F9000 X139.633 Y81.549
G1 F1500 X144.015 Y77.167 E2992.51209
G0 F9000 X144.015 Y76.601
G1 F1500 X139.633 Y80.984 E2992.71823
G0 F9000 X139.633 Y80.418
G1 F1500 X144.015 Y76.035 E2992.92437
G0 F9000 X144.015 Y75.47
G1 F1500 X139.633 Y79.852 E2993.13048
G0 F9000 X139.633 Y79.287
G1 F1500 X144.015 Y74.904 E2993.33662
G0 F9000 X144.016 Y74.338
G1 F1500 X139.633 Y78.721 E2993.54278
G0 F9000 X139.633 Y78.155
G1 F1500 X144.016 Y73.772 E2993.74895
G0 F9000 X144.016 Y73.206
G1 F1500 X139.633 Y77.59 E2993.95513
G0 F9000 X139.633 Y77.024
G1 F1500 X144.016 Y72.641 E2994.1613
G0 F9000 X144.065 Y72.026
G1 F1500 X139.633 Y76.458 E2994.36976
G0 F9000 X139.633 Y75.893
G1 F1500 X154.366 Y61.159 E2995.06278
G0 F9000 X154.932 Y61.159
G1 F1500 X145.375 Y70.716 E2995.51231
G0 F9000 X145.982 Y70.674
G1 F1500 X155.497 Y61.159 E2995.95987
G0 F9000 X156.063 Y61.159
G1 F1500 X146.547 Y70.676 E2996.4075
G0 F9000 X147.111 Y70.677
G1 F1500 X156.629 Y61.159 E2996.8552
G0 F9000 X157.194 Y61.159
G1 F1500 X147.675 Y70.678 E2997.30294
G0 F9000 X148.238 Y70.681
G1 F1500 X157.76 Y61.159 E2997.75083
G0 F9000 X158.326 Y61.159
G1 F1500 X148.725 Y70.76 E2998.20243
G0 F9000 X149.111 Y70.939
G1 F1500 X158.891 Y61.159 E2998.66245
G0 F9000 X159.457 Y61.159
G1 F1500 X149.455 Y71.161 E2999.13291
G0 F9000 X149.731 Y71.451
G1 F1500 X160.023 Y61.159 E2999.61702
G0 F9000 X160.588 Y61.159
G1 F1500 X149.908 Y71.84 E3000.11939
G0 F9000 X150.019 Y72.295
G1 F1500 X161.154 Y61.159 E3000.64317
G0 F9000 X161.72 Y61.159
G1 F1500 X150.06 Y72.819 E3001.19162
G0 F9000 X150.06 Y73.384
G1 F1500 X162.285 Y61.159 E3001.76665
G0 F9000 X162.851 Y61.159
G1 F1500 X150.06 Y73.95 E3002.3683
G0 F9000 X150.06 Y74.516
G1 F1500 X163.417 Y61.159 E3002.99657
G0 F9000 X163.983 Y61.159
G1 F1500 X150.06 Y75.082 E3003.65147
G0 F9000 X150.06 Y75.648
G1 F1500 X164.548 Y61.159 E3004.33296
G0 F9000 X164.548 Y60.7
G0 X153.8 Y60.7
G0 X153.8 Y61.159
G1 F1500 X139.633 Y75.327 E3004.99936
G0 F9000 X139.633 Y74.761
G1 F1500 X153.234 Y61.159 E3005.63913
G0 F9000 X152.669 Y61.159
G1 F1500 X139.633 Y74.196 E3006.25233
G0 F9000 X139.633 Y73.63
G1 F1500 X152.103 Y61.159 E3006.8389
G0 F9000 X151.537 Y61.159
G1 F1500 X139.633 Y73.064 E3007.39885
G0 F9000 X139.633 Y72.498
G1 F1500 X150.972 Y61.159 E3007.93221
G0 F9000 X150.406 Y61.159
G1 F1500 X139.546 Y72.02 E3008.44305
G0 F9000 X139.394 Y71.606
G1 F1500 X149.84 Y61.159 E3008.93442
G0 F9000 X149.275 Y61.159
G1 F1500 X139.151 Y71.283 E3009.41062
G0 F9000 X138.859 Y71.009
G1 F1500 X148.709 Y61.159 E3009.87394
G0 F9000 X148.143 Y61.159
G1 F1500 X138.482 Y70.82 E3010.32836
G0 F9000 X138.032 Y70.705
G1 F1500 X147.578 Y61.159 E3010.77738
G0 F9000 X147.012 Y61.159
G1 F1500 X137.496 Y70.676 E3011.225
G0 F9000 X136.941 Y70.665
G1 F1500 X146.446 Y61.159 E3011.67211
G0 F9000 X145.881 Y61.159
G1 F1500 X136.386 Y70.654 E3012.11873
G0 F9000 X135.777 Y70.697
G1 F1500 X145.315 Y61.159 E3012.56737
G0 F9000 X144.749 Y61.159
G1 F1500 X135.102 Y70.806 E3013.02113
G0 F9000 X135.37 Y71.196
G0 X134.272 Y72.191
G0 X133.817 Y72.091
G1 F1500 X130.706 Y75.202 E3013.16746
G0 F9000 X130.507 Y74.836
G1 F1500 X144.184 Y61.159 E3013.81079
G0 F9000 X143.618 Y61.159
G1 F1500 X130.309 Y74.468 E3014.4368
G0 F9000 X130.112 Y74.099
G1 F1500 X143.052 Y61.159 E3015.04546
G0 F9000 X142.486 Y61.159
G1 F1500 X129.916 Y73.73 E3015.63674
G0 F9000 X129.72 Y73.36
G1 F1500 X141.921 Y61.159 E3016.21063
G0 F9000 X141.355 Y61.159
G1 F1500 X129.524 Y72.991 E3016.76715
G0 F9000 X129.328 Y72.621
G1 F1500 X140.789 Y61.159 E3017.30627
G0 F9000 X140.224 Y61.159
G1 F1500 X129.122 Y72.261 E3017.82847
G0 F9000 X128.902 Y71.915
G1 F1500 X139.658 Y61.159 E3018.3344
G0 F9000 X139.092 Y61.159
G1 F1500 X128.633 Y71.619 E3018.82638
G0 F9000 X128.309 Y71.377
G1 F1500 X138.527 Y61.159 E3019.30701
G0 F9000 X137.961 Y61.159
G1 F1500 X127.898 Y71.222 E3019.78034
G0 F9000 X127.391 Y71.163
G1 F1500 X137.395 Y61.159 E3020.2509
G0 F9000 X136.83 Y61.159
G1 F1500 X121.276 Y76.713 E3020.98251
G0 F9000 X121.276 Y77.278
G1 F1500 X125.483 Y73.072 E3021.18037
G0 F9000 X125.886 Y73.292
G0 X125.221 Y74.52
G0 X124.819 Y74.301
G1 F1500 X121.276 Y77.844 E3021.34702
G0 F9000 X121.276 Y78.41
G1 F1500 X124.175 Y75.511 E3021.48338
G0 F9000 X124.582 Y75.726
G0 X123.943 Y76.932
G0 X123.535 Y76.716
G1 F1500 X121.276 Y78.976 E3021.58966
G0 F9000 X121.276 Y79.541
G1 F1500 X122.896 Y77.921 E3021.66586
G0 F9000 X123.304 Y78.137
G0 X122.665 Y79.344
G0 X122.256 Y79.127
G1 F1500 X121.276 Y80.107 E3021.71196
G0 F9000 X121.584 Y80.364
G1 F1500 X121.276 Y80.673 E3021.72647
G0 F9000 X120.816 Y80.673
G0 X120.815 Y76.147
G0 X121.276 Y76.147
G1 F1500 X136.264 Y61.159 E3022.43146
G0 F9000 X135.698 Y61.159
G1 F1500 X121.276 Y75.581 E3023.10982
G0 F9000 X121.276 Y75.016
G1 F1500 X135.133 Y61.159 E3023.76162
G0 F9000 X134.567 Y61.159
G1 F1500 X121.276 Y74.45 E3024.38678
G0 F9000 X121.276 Y73.884
G1 F1500 X134.001 Y61.159 E3024.98533
G0 F9000 X133.435 Y61.159
G1 F1500 X121.276 Y73.319 E3025.55727
G0 F9000 X121.276 Y72.753
G1 F1500 X132.87 Y61.159 E3026.10262
G0 F9000 X132.304 Y61.159
G1 F1500 X121.256 Y72.208 E3026.62231
G0 F9000 X121.157 Y71.741
G1 F1500 X131.738 Y61.159 E3027.12003
G0 F9000 X131.173 Y61.159
G1 F1500 X120.932 Y71.4 E3027.60173
G0 F9000 X120.664 Y71.103
G1 F1500 X130.607 Y61.159 E3028.06945
G0 F9000 X130.041 Y61.159
G1 F1500 X120.315 Y70.886 E3028.52695
G0 F9000 X119.89 Y70.745
G1 F1500 X129.476 Y61.159 E3028.97785
G0 F9000 X128.91 Y61.159
G1 F1500 X119.388 Y70.681 E3029.42573
G0 F9000 X118.823 Y70.68
G1 F1500 X128.344 Y61.159 E3029.87357
G0 F9000 X127.779 Y61.159
G1 F1500 X118.258 Y70.68 E3030.32141
G0 F9000 X117.692 Y70.68
G1 F1500 X127.213 Y61.159 E3030.76925
G0 F9000 X126.647 Y61.159
G1 F1500 X117.036 Y70.77 E3031.22132
G0 F9000 X117.199 Y71.198
G0 X116.279 Y72.059
G0 X115.827 Y71.979
G1 F1500 X108.717 Y79.089 E3031.55575
G0 F9000 X109.105 Y79.267
G1 F1500 X115.739 Y72.633 E3031.8678
G0 F9000 X115.732 Y73.206
G1 F1500 X109.494 Y79.444 E3032.16121
G0 F9000 X109.881 Y79.623
G1 F1500 X115.732 Y73.771 E3032.43645
G0 F9000 X115.732 Y74.337
G1 F1500 X110.269 Y79.8 E3032.69341
G0 F9000 X110.625 Y80.01
G1 F1500 X115.732 Y74.903 E3032.93363
G0 F9000 X115.732 Y75.468
G1 F1500 X110.947 Y80.253 E3033.1587
G0 F9000 X111.271 Y80.496
G1 F1500 X115.732 Y76.034 E3033.36856
G0 F9000 X115.732 Y76.6
G1 F1500 X111.536 Y80.796 E3033.56592
G0 F9000 X111.799 Y81.098
G1 F1500 X115.732 Y77.165 E3033.75092
G0 F9000 X115.732 Y77.731
G1 F1500 X112.031 Y81.433 E3033.92503
G0 F9000 X112.233 Y81.796
G1 F1500 X115.732 Y78.297 E3034.08961
G0 F9000 X115.732 Y78.862
G1 F1500 X112.435 Y82.16 E3034.24471
G0 F9000 X112.589 Y82.572
G1 F1500 X115.732 Y79.428 E3034.39257
G0 F9000 X115.732 Y79.994
G1 F1500 X112.712 Y83.014 E3034.53463
G0 F9000 X112.836 Y83.456
G1 F1500 X115.732 Y80.559 E3034.67087
G0 F9000 X115.733 Y81.124
G1 F1500 X112.878 Y83.979 E3034.80516
G0 F9000 X112.893 Y84.53
G1 F1500 X115.733 Y81.69 E3034.93874
G0 F9000 X115.733 Y82.256
G1 F1500 X112.938 Y85.051 E3035.07021
G0 F9000 X112.897 Y85.658
G1 F1500 X115.733 Y82.822 E3035.20361
G0 F9000 X115.733 Y83.387
G1 F1500 X112.82 Y86.3 E3035.34063
G0 F9000 X112.618 Y87.068
G1 F1500 X115.733 Y83.953 E3035.48715
G0 F9000 X115.733 Y84.519
G1 F1500 X112.229 Y88.023 E3035.65196
G0 F9000 X111.831 Y87.797
G0 X109.751 Y89.866
G0 X110.001 Y90.251
G1 F1500 X41.413 Y158.838 E3038.87811
G0 F9000 X40.848 Y158.838
G1 F1500 X109.011 Y90.675 E3042.08429
G0 F9000 X108.126 Y90.994
G1 F1500 X40.282 Y158.838 E3045.27546
G0 F9000 X39.716 Y158.838
G1 F1500 X107.437 Y91.118 E3048.46083
G0 F9000 X106.747 Y91.242
G1 F1500 X39.151 Y158.838 E3051.64034
G0 F9000 X38.585 Y158.838
G1 F1500 X106.099 Y91.324 E3054.81599
G0 F9000 X105.509 Y91.349
G1 F1500 X38.019 Y158.838 E3057.99049
G0 F9000 X37.454 Y158.838
G1 F1500 X104.919 Y91.373 E3061.16383
G0 F9000 X104.328 Y91.398
G1 F1500 X36.888 Y158.838 E3064.336
G0 F9000 X36.322 Y158.838
G1 F1500 X103.738 Y91.422 E3067.50705
G0 F9000 X103.148 Y91.447
G1 F1500 X35.756 Y158.838 E3070.67694
G0 F9000 X35.191 Y158.838
G1 F1500 X102.579 Y91.45 E3073.84666
G0 F9000 X102.013 Y91.45
G1 F1500 X34.625 Y158.838 E3077.01639
G0 F9000 X34.059 Y158.838
G1 F1500 X101.447 Y91.45 E3080.18611
G0 F9000 X100.882 Y91.45
G1 F1500 X33.494 Y158.838 E3083.35583
G0 F9000 X32.928 Y158.838
G1 F1500 X100.316 Y91.45 E3086.52556
G0 F9000 X99.75 Y91.45
G1 F1500 X32.362 Y158.838 E3089.69528
G0 F9000 X31.797 Y158.838
G1 F1500 X99.185 Y91.45 E3092.86501
G0 F9000 X98.619 Y91.45
G1 F1500 X31.231 Y158.838 E3096.03473
G0 F9000 X30.665 Y158.838
G1 F1500 X98.053 Y91.45 E3099.20446
G0 F9000 X97.488 Y91.45
G1 F1500 X30.1 Y158.838 E3102.37418
G0 F9000 X29.534 Y158.838
G1 F1500 X30.111 Y158.261 E3102.40132
G0 F9000 X29.411 Y158.396
G1 F1500 X28.968 Y158.838 E3102.42214
G0 F9000 X28.862 Y158.379
G1 F1500 X28.403 Y158.838 E3102.44373
G0 F9000 X27.837 Y158.838
G1 F1500 X28.41 Y158.265 E3102.47068
G0 F9000 X28.035 Y158.075
G1 F1500 X27.271 Y158.838 E3102.50659
G0 F9000 X26.706 Y158.838
G1 F1500 X27.705 Y157.838 E3102.55361
G0 F9000 X27.413 Y157.565
G1 F1500 X26.411 Y158.567 E3102.60074
G0 F9000 X26.411 Y158.002
G1 F1500 X27.18 Y157.232 E3102.63693
G0 F9000 X27 Y156.846
G1 F1500 X26.411 Y157.436 E3102.66466
G0 F9000 X26.411 Y156.87
G1 F1500 X26.881 Y156.4 E3102.68677
G0 F9000 X26.411 Y156.305
G1 F1500 X26.85 Y155.865 E3102.70744
G0 F9000 X26.411 Y155.739
G1 F1500 X27.002 Y155.147 E3102.73526
G0 F9000 X26.411 Y155.173
G1 F1500 X92.213 Y89.371 E3105.83039
G0 F9000 X92.27 Y89.88
G1 F1500 X28.42 Y153.729 E3108.83367
G0 F9000 X29.118 Y153.597
G1 F1500 X92.403 Y90.313 E3111.81038
G0 F9000 X92.638 Y90.644
G1 F1500 X29.656 Y153.625 E3114.77284
G0 F9000 X30.101 Y153.746
G1 F1500 X92.899 Y90.948 E3117.72666
G0 F9000 X93.252 Y91.16
G1 F1500 X30.479 Y153.934 E3120.67934
G0 F9000 X30.802 Y154.176
G1 F1500 X93.638 Y91.34 E3123.63495
G0 F9000 X94.131 Y91.413
G1 F1500 X31.093 Y154.451 E3126.60006
G0 F9000 X31.324 Y154.785
G1 F1500 X94.658 Y91.452 E3129.57908
G0 F9000 X95.22 Y91.455
G1 F1500 X31.5 Y155.175 E3132.57627
G0 F9000 X31.619 Y155.622
G1 F1500 X95.791 Y91.45 E3135.59472
G0 F9000 X96.356 Y91.45
G1 F1500 X31.647 Y156.159 E3138.63844
G0 F9000 X31.478 Y156.894
G1 F1500 X96.922 Y91.45 E3141.71672
G0 F9000 X96.922 Y90.991
G0 X93.813 Y90.666
G0 X93.337 Y90.375
G0 X93.176 Y90.155
G0 X92.659 Y89.182
G0 X92.197 Y88.821
G1 F1500 X26.411 Y154.608 E3144.81112
G0 F9000 X26.411 Y154.042
G1 F1500 X92.197 Y88.256 E3147.90549
G0 F9000 X92.197 Y87.69
G1 F1500 X26.411 Y153.476 E3150.99986
G0 F9000 X26.411 Y152.911
G1 F1500 X92.197 Y87.124 E3154.09426
G0 F9000 X92.198 Y86.558
G1 F1500 X26.411 Y152.345 E3157.18868
G0 F9000 X26.411 Y151.779
G1 F1500 X92.198 Y85.992 E3160.28309
G0 F9000 X92.198 Y85.426
G1 F1500 X26.411 Y151.214 E3163.37754
G0 F9000 X26.411 Y150.648
G1 F1500 X92.198 Y84.86 E3166.47198
G0 F9000 X92.198 Y84.294
G1 F1500 X26.411 Y150.082 E3169.56642
G0 F9000 X26.411 Y149.517
G1 F1500 X92.198 Y83.729 E3172.66086
G0 F9000 X92.198 Y83.163
G1 F1500 X26.411 Y148.951 E3175.75531
G0 F9000 X26.411 Y148.385
G1 F1500 X92.199 Y82.597 E3178.84977
G0 F9000 X92.199 Y82.031
G1 F1500 X26.411 Y147.819 E3181.94424
G0 F9000 X26.411 Y147.254
G1 F1500 X92.199 Y81.465 E3185.03873
G0 F9000 X92.199 Y80.9
G1 F1500 X26.411 Y146.688 E3188.13319
G0 F9000 X26.411 Y146.122
G1 F1500 X81.619 Y90.914 E3190.73001
G0 F9000 X82.175 Y90.359
G1 F1500 X92.2 Y80.333 E3191.20158
G0 F9000 X92.2 Y79.768
G1 F1500 X82.872 Y89.095 E3191.64031
G0 F9000 X82.465 Y88.887
G0 X83.052 Y87.734
G0 X83.46 Y87.942
G1 F1500 X92.2 Y79.202 E3192.05142
G0 F9000 X92.2 Y78.636
G1 F1500 X84.048 Y86.788 E3192.43486
G0 F9000 X83.64 Y86.58
G0 X84.228 Y85.427
G0 X84.635 Y85.635
G1 F1500 X92.201 Y78.07 E3192.79072
G0 F9000 X92.201 Y77.504
G1 F1500 X85.223 Y84.482 E3193.11894
G0 F9000 X84.816 Y84.274
G0 X85.403 Y83.12
G0 X85.81 Y83.328
G1 F1500 X92.201 Y76.938 E3193.41953
G0 F9000 X92.201 Y76.372
G1 F1500 X86.398 Y82.175 E3193.69249
G0 F9000 X85.991 Y81.967
G0 X86.578 Y80.815
G0 X86.986 Y81.022
G1 F1500 X92.201 Y75.806 E3193.93781
G0 F9000 X92.201 Y75.241
G1 F1500 X87.573 Y79.869 E3194.1555
G0 F9000 X87.166 Y79.661
G0 X87.754 Y78.507
G0 X88.161 Y78.715
G1 F1500 X92.201 Y74.675 E3194.34553
G0 F9000 X92.202 Y74.109
G1 F1500 X88.748 Y77.562 E3194.50797
G0 F9000 X88.095 Y77.838
G0 X88.929 Y76.201
G0 X89.336 Y76.409
G1 F1500 X92.202 Y73.543 E3194.64278
G0 F9000 X92.202 Y72.977
G1 F1500 X89.924 Y75.255 E3194.74993
G0 F9000 X89.517 Y75.047
G0 X90.386 Y73.343
G0 X90.512 Y74.101
G1 F1500 X92.202 Y72.411 E3194.82942
G0 F9000 X92.477 Y71.571
G1 F1500 X91.045 Y73.003 E3194.89677
G0 F9000 X91.227 Y72.255
G1 F1500 X102.323 Y61.159 E3195.4187
G0 F9000 X102.888 Y61.159
G1 F1500 X93.05 Y70.998 E3195.88147
G0 F9000 X93.918 Y70.695
G1 F1500 X103.454 Y61.159 E3196.33001
G0 F9000 X104.02 Y61.159
G1 F1500 X94.504 Y70.675 E3196.77762
G0 F9000 X95.07 Y70.675
G1 F1500 X104.586 Y61.159 E3197.22522
G0 F9000 X105.151 Y61.159
G1 F1500 X95.636 Y70.674 E3197.67278
G0 F9000 X96.199 Y70.678
G1 F1500 X105.717 Y61.159 E3198.1205
G0 F9000 X106.283 Y61.159
G1 F1500 X96.73 Y70.712 E3198.56984
G0 F9000 X97.195 Y70.813
G1 F1500 X106.848 Y61.159 E3199.02391
G0 F9000 X107.414 Y61.159
G1 F1500 X97.568 Y71.005 E3199.48704
G0 F9000 X97.833 Y71.306
G1 F1500 X107.98 Y61.159 E3199.96432
G0 F9000 X108.545 Y61.159
G1 F1500 X98.051 Y71.653 E3200.45793
G0 F9000 X98.183 Y72.088
G1 F1500 X109.111 Y61.159 E3200.97197
G0 F9000 X109.677 Y61.159
G1 F1500 X98.229 Y72.607 E3201.51045
G0 F9000 X98.243 Y73.159
G1 F1500 X110.242 Y61.159 E3202.07487
G0 F9000 X110.808 Y61.159
G1 F1500 X98.243 Y73.725 E3202.66591
G0 F9000 X98.243 Y74.29
G1 F1500 X111.374 Y61.159 E3203.28355
G0 F9000 X111.939 Y61.159
G1 F1500 X98.243 Y74.856 E3203.9278
G0 F9000 X98.243 Y75.422
G1 F1500 X112.505 Y61.159 E3204.59866
G0 F9000 X113.071 Y61.159
G1 F1500 X98.243 Y75.987 E3205.29612
G0 F9000 X98.243 Y76.553
G1 F1500 X113.637 Y61.159 E3206.02021
G0 F9000 X114.202 Y61.159
G1 F1500 X98.243 Y77.119 E3206.7709
G0 F9000 X98.243 Y77.684
G1 F1500 X114.768 Y61.159 E3207.54818
G0 F9000 X115.334 Y61.159
G1 F1500 X98.27 Y78.223 E3208.35082
G0 F9000 X98.836 Y78.222
G1 F1500 X115.899 Y61.159 E3209.15341
G0 F9000 X116.465 Y61.159
G1 F1500 X99.402 Y78.222 E3209.956
G0 F9000 X99.969 Y78.221
G1 F1500 X106.397 Y71.793 E3210.25836
G0 F9000 X107.007 Y71.183
G1 F1500 X117.031 Y61.159 E3210.72985
G0 F9000 X117.596 Y61.159
G1 F1500 X108.017 Y70.738 E3211.18042
G0 F9000 X108.645 Y70.676
G1 F1500 X118.162 Y61.159 E3211.62807
G0 F9000 X118.728 Y61.159
G1 F1500 X109.21 Y70.677 E3212.07577
G0 F9000 X109.775 Y70.678
G1 F1500 X119.293 Y61.159 E3212.52349
G0 F9000 X119.859 Y61.159
G1 F1500 X110.34 Y70.678 E3212.97123
G0 F9000 X110.905 Y70.679
G1 F1500 X120.425 Y61.159 E3213.41903
G0 F9000 X120.99 Y61.159
G1 F1500 X111.458 Y70.692 E3213.86741
G0 F9000 X111.907 Y70.808
G1 F1500 X121.556 Y61.159 E3214.32126
G0 F9000 X122.122 Y61.159
G1 F1500 X112.282 Y70.999 E3214.78411
G0 F9000 X112.55 Y71.296
G1 F1500 X122.687 Y61.159 E3215.26092
G0 F9000 X123.253 Y61.159
G1 F1500 X112.758 Y71.655 E3215.7546
G0 F9000 X112.833 Y72.145
G1 F1500 X123.819 Y61.159 E3216.27135
G0 F9000 X124.385 Y61.159
G1 F1500 X112.668 Y72.875 E3216.82245
G0 F9000 X112.179 Y72.816
G0 X111.157 Y74.316
G0 X111.539 Y74.57
G1 F1500 X124.95 Y61.159 E3217.45327
G0 F9000 X125.516 Y61.159
G1 F1500 X110.309 Y76.366 E3218.16856
G0 F9000 X109.936 Y76.101
G0 X108.56 Y78.043
G0 X108.933 Y78.308
G1 F1500 X126.082 Y61.159 E3218.97519
G1 F2700 E3213.97519
G0 F9000 X126.082 Y60.7
G0 X134.269 Y60.8
G0 X134.587 Y71.498
G0 X133.767 Y72.707
G1 F2700 E3218.97519
G1 F1500 X130.905 Y75.569 E3219.10981
G0 F9000 X131.105 Y75.935
G1 F1500 X133.767 Y73.273 E3219.23502
G0 F9000 X133.767 Y73.838
G1 F1500 X131.304 Y76.301 E3219.35088
G0 F9000 X131.504 Y76.668
G1 F1500 X133.767 Y74.404 E3219.45734
G0 F9000 X133.767 Y74.97
G1 F1500 X131.703 Y77.034 E3219.55443
G0 F9000 X131.902 Y77.4
G1 F1500 X133.767 Y75.535 E3219.64215
G0 F9000 X133.767 Y76.101
G1 F1500 X132.102 Y77.766 E3219.72047
G0 F9000 X132.301 Y78.133
G1 F1500 X133.767 Y76.667 E3219.78943
G0 F9000 X133.766 Y77.233
G1 F1500 X132.501 Y78.499 E3219.84895
G0 F9000 X132.7 Y78.865
G1 F1500 X133.766 Y77.799 E3219.89909
G0 F9000 X133.766 Y78.365
G1 F1500 X132.9 Y79.232 E3219.93985
G0 F9000 X133.099 Y79.598
G1 F1500 X133.766 Y78.93 E3219.97125
G0 F9000 X133.766 Y79.496
G1 F1500 X133.298 Y79.964 E3219.99326
G0 F9000 X133.498 Y80.33
G1 F1500 X133.766 Y80.062 E3220.00587
G0 F9000 X133.766 Y80.627
G1 F1500 X133.697 Y80.697 E3220.00914
G1 F2700 E3215.00914
G0 F9000 X133.293 Y80.916
G0 X134.519 Y83.776
G0 X134.489 Y72.626
G0 X134.533 Y72.246
G0 X134.721 Y71.827
G0 X135.051 Y71.576
G0 X135.444 Y71.449
G0 X136.34 Y71.37
G0 X138.116 Y71.438
G0 X138.522 Y71.642
G0 X138.815 Y72.039
G0 X138.918 Y72.502
G0 X138.917 Y89.448
G0 X138.826 Y89.934
G0 X138.676 Y90.212
G0 X138.289 Y90.553
G0 X137.946 Y90.678
G0 X135.983 Y90.751
G0 X134.433 Y90.618
G0 X134.037 Y90.475
G0 X133.694 Y90.207
G0 X133.399 Y89.816
G0 X128.938 Y82.507
G1 F2700 E3220.00914
G0 F9000 X128.843 Y83.288
G1 F1500 X123.621 Y88.51 E3220.25476
G0 F9000 X123.219 Y88.29
G0 X122.584 Y89.479
G0 X122.965 Y89.732
G1 F1500 X129.044 Y83.653 E3220.5407
G0 F9000 X129.246 Y84.017
G1 F1500 X54.424 Y158.838 E3224.06007
G0 F9000 X54.99 Y158.838
G1 F1500 X129.45 Y84.378 E3227.56244
G0 F9000 X129.654 Y84.74
G1 F1500 X55.555 Y158.838 E3231.04781
G0 F9000 X56.121 Y158.838
G1 F1500 X129.858 Y85.102 E3234.51615
G0 F9000 X130.061 Y85.464
G1 F1500 X56.687 Y158.838 E3237.96744
G0 F9000 X57.253 Y158.838
G1 F1500 X130.265 Y85.826 E3241.4017
G0 F9000 X130.469 Y86.187
G1 F1500 X57.818 Y158.838 E3244.81898
G0 F9000 X58.384 Y158.838
G1 F1500 X130.673 Y86.549 E3248.21923
G0 F9000 X130.876 Y86.911
G1 F1500 X58.95 Y158.838 E3251.60243
G0 F9000 X59.515 Y158.838
G1 F1500 X131.08 Y87.273 E3254.96863
G0 F9000 X131.284 Y87.635
G1 F1500 X60.081 Y158.838 E3258.3178
G0 F9000 X60.647 Y158.838
G1 F1500 X131.488 Y87.997 E3261.64995
G0 F9000 X131.692 Y88.359
G1 F1500 X61.212 Y158.838 E3264.96508
G0 F9000 X61.778 Y158.838
G1 F1500 X131.895 Y88.721 E3268.26317
G0 F9000 X132.099 Y89.083
G1 F1500 X62.344 Y158.838 E3271.54423
G0 F9000 X62.909 Y158.838
G1 F1500 X132.303 Y89.444 E3274.80832
G0 F9000 X132.507 Y89.806
G1 F1500 X63.475 Y158.838 E3278.05537
G0 F9000 X64.041 Y158.838
G1 F1500 X132.742 Y90.137 E3281.28685
G0 F9000 X132.983 Y90.462
G1 F1500 X64.606 Y158.838 E3284.50307
G0 F9000 X65.172 Y158.838
G1 F1500 X133.24 Y90.77 E3287.70478
G0 F9000 X133.56 Y91.016
G1 F1500 X65.738 Y158.838 E3290.89492
G0 F9000 X66.303 Y158.838
G1 F1500 X133.94 Y91.202 E3294.07634
G0 F9000 X134.377 Y91.331
G1 F1500 X66.869 Y158.838 E3297.25168
G0 F9000 X67.435 Y158.838
G1 F1500 X134.896 Y91.377 E3300.42484
G0 F9000 X135.415 Y91.424
G1 F1500 X68.001 Y158.838 E3303.59579
G0 F9000 X68.566 Y158.838
G1 F1500 X135.934 Y91.471 E3306.76455
G0 F9000 X136.507 Y91.463
G1 F1500 X69.132 Y158.838 E3309.93366
G0 F9000 X69.698 Y158.838
G1 F1500 X137.081 Y91.455 E3313.10315
G0 F9000 X137.675 Y91.427
G1 F1500 X70.263 Y158.838 E3316.27398
G0 F9000 X70.829 Y158.838
G1 F1500 X138.387 Y91.28 E3319.4517
G0 F9000 X138.378 Y90.8
G0 X135.983 Y90.751
G0 X134.433 Y90.618
G0 X134.037 Y90.475
G0 X133.694 Y90.207
G0 X133.399 Y89.816
G0 X128.938 Y82.507
G0 X128.642 Y82.923
G1 F1500 X124.303 Y87.262 E3319.6558
G0 F9000 X123.901 Y87.042
G0 X124.584 Y85.794
G0 X124.986 Y86.014
G1 F1500 X128.44 Y82.559 E3319.81829
G0 F9000 X128.24 Y82.194
G1 F1500 X125.668 Y84.766 E3319.93927
G0 F9000 X125.266 Y84.546
G0 X125.948 Y83.298
G0 X126.35 Y83.518
G1 F1500 X128.039 Y81.829 E3320.01871
G0 F9000 X127.838 Y81.465
G1 F1500 X127.011 Y82.291 E3320.05759
G0 F9000 X126.607 Y82.073
G0 X122.387 Y89.305
G0 X121.35 Y90.763
G0 X121.507 Y91.19
G1 F1500 X53.858 Y158.838 E3323.23957
G0 F9000 X53.293 Y158.838
G1 F1500 X120.736 Y91.395 E3326.41188
G0 F9000 X120.115 Y91.45
G1 F1500 X52.727 Y158.838 E3329.5816
G0 F9000 X52.161 Y158.838
G1 F1500 X119.544 Y91.455 E3332.75109
G0 F9000 X118.974 Y91.46
G1 F1500 X51.596 Y158.838 E3335.92035
G0 F9000 X51.03 Y158.838
G1 F1500 X118.422 Y91.446 E3339.09026
G0 F9000 X117.886 Y91.417
G1 F1500 X50.464 Y158.838 E3342.26156
G0 F9000 X49.899 Y158.838
G1 F1500 X117.35 Y91.387 E3345.43425
G0 F9000 X116.927 Y91.245
G1 F1500 X49.333 Y158.838 E3348.61364
G0 F9000 X48.767 Y158.838
G1 F1500 X116.568 Y91.037 E3351.80279
G0 F9000 X116.263 Y90.777
G1 F1500 X48.202 Y158.838 E3355.00417
G0 F9000 X47.636 Y158.838
G1 F1500 X116.027 Y90.448 E3358.22105
G0 F9000 X115.85 Y90.058
G1 F1500 X47.07 Y158.838 E3361.45625
G0 F9000 X46.504 Y158.838
G1 F1500 X115.759 Y89.584 E3364.71377
G0 F9000 X115.733 Y89.044
G1 F1500 X45.939 Y158.838 E3367.99667
G0 F9000 X45.373 Y158.838
G1 F1500 X115.733 Y88.478 E3371.30619
G0 F9000 X115.733 Y87.913
G1 F1500 X44.807 Y158.838 E3374.6423
G0 F9000 X44.242 Y158.838
G1 F1500 X115.733 Y87.347 E3378.00502
G0 F9000 X115.733 Y86.781
G1 F1500 X43.676 Y158.838 E3381.39436
G0 F9000 X43.11 Y158.838
G1 F1500 X115.733 Y86.216 E3384.8103
G0 F9000 X115.733 Y85.65
G1 F1500 X42.545 Y158.838 E3388.25284
G0 F9000 X41.979 Y158.838
G1 F1500 X115.733 Y85.084 E3391.722
G1 F2700 E3386.722
G0 F9000 X116.195 Y85.084
G0 X116.095 Y75.965
G0 X111.364 Y74.148
G0 X103.625 Y75.696
G1 F2700 E3391.722
G1 F1500 X101.102 Y78.22 E3391.8407
G0 F9000 X100.535 Y78.22
G1 F1500 X105.045 Y73.71 E3392.05284
G0 F9000 X105.42 Y73.979
G0 X102.579 Y77.951
G0 X102.205 Y77.682
G1 F1500 X101.883 Y78.004 E3392.06798
G1 F2700 E3387.06798
G0 F9000 X102.14 Y78.393
G0 X101.635 Y78.571
G0 X101.12 Y78.619
G0 X97.855 Y78.612
G0 X97.467 Y72.123
G0 X97.36 Y71.849
G0 X97.047 Y71.509
G0 X96.072 Y71.395
G0 X93.695 Y71.43
G0 X93.451 Y71.592
G0 X92.583 Y72.377
G0 X90.851 Y72.025
G0 X91.166 Y71.75
G1 F2700 E3392.06798
G1 F1500 X101.757 Y61.159 E3392.56615
G0 F9000 X101.191 Y61.159
G1 F1500 X90.978 Y71.373 E3393.04656
G0 F9000 X90.719 Y71.066
G1 F1500 X100.626 Y61.159 E3393.51256
G0 F9000 X100.06 Y61.159
G1 F1500 X90.371 Y70.848 E3393.9683
G0 F9000 X89.961 Y70.693
G1 F1500 X99.494 Y61.159 E3394.41672
G0 F9000 X98.929 Y61.159
G1 F1500 X89.408 Y70.68 E3394.86456
G0 F9000 X88.843 Y70.68
G1 F1500 X98.363 Y61.159 E3395.31238
G0 F9000 X97.797 Y61.159
G1 F1500 X88.277 Y70.68 E3395.76019
G0 F9000 X87.711 Y70.68
G1 F1500 X97.232 Y61.159 E3396.20803
G0 F9000 X96.666 Y61.159
G1 F1500 X87.145 Y70.68 E3396.65587
G0 F9000 X86.535 Y70.724
G1 F1500 X96.1 Y61.159 E3397.10578
G0 F9000 X95.535 Y61.159
G1 F1500 X85.7 Y70.994 E3397.56839
G0 F9000 X85.495 Y71.669
G0 X85.104 Y72.209
G0 X84.705 Y71.989
G1 F1500 X83.401 Y73.293 E3397.62972
G0 F9000 X82.835 Y73.293
G1 F1500 X94.969 Y61.159 E3398.20047
G0 F9000 X94.403 Y61.159
G1 F1500 X82.269 Y73.293 E3398.77122
G0 F9000 X81.703 Y73.294
G1 F1500 X93.838 Y61.159 E3399.34201
G0 F9000 X93.272 Y61.159
G1 F1500 X81.137 Y73.294 E3399.9128
G0 F9000 X80.571 Y73.295
G1 F1500 X92.706 Y61.159 E3400.48362
G0 F9000 X92.14 Y61.159
G1 F1500 X80.004 Y73.295 E3401.05446
G0 F9000 X79.439 Y73.295
G1 F1500 X91.575 Y61.159 E3401.6253
G0 F9000 X91.009 Y61.159
G1 F1500 X78.872 Y73.296 E3402.19619
G0 F9000 X78.307 Y73.296
G1 F1500 X90.443 Y61.159 E3402.76705
G0 F9000 X89.878 Y61.159
G1 F1500 X77.74 Y73.297 E3403.33798
G0 F9000 X77.174 Y73.297
G1 F1500 X89.312 Y61.159 E3403.90892
G0 F9000 X88.746 Y61.159
G1 F1500 X76.608 Y73.297 E3404.47985
G0 F9000 X76.042 Y73.298
G1 F1500 X88.181 Y61.159 E3405.05083
G0 F9000 X87.615 Y61.159
G1 F1500 X75.476 Y73.298 E3405.62182
G0 F9000 X74.942 Y73.267
G1 F1500 X87.049 Y61.159 E3406.19132
G0 F9000 X86.484 Y61.159
G1 F1500 X74.701 Y72.942 E3406.74555
G0 F9000 X74.513 Y72.564
G1 F1500 X85.918 Y61.159 E3407.28201
G0 F9000 X85.352 Y61.159
G1 F1500 X74.325 Y72.187 E3407.80071
G0 F9000 X74.138 Y71.808
G1 F1500 X84.787 Y61.159 E3408.3016
G0 F9000 X84.221 Y61.159
G1 F1500 X73.889 Y71.492 E3408.78761
G0 F9000 X73.602 Y71.213
G1 F1500 X83.655 Y61.159 E3409.2605
G0 F9000 X83.089 Y61.159
G1 F1500 X73.269 Y70.98 E3409.72243
G0 F9000 X72.865 Y70.818
G1 F1500 X82.524 Y61.159 E3410.17676
G0 F9000 X81.958 Y61.159
G1 F1500 X72.404 Y70.714 E3410.62617
G0 F9000 X71.871 Y70.68
G1 F1500 X81.392 Y61.159 E3411.07401
G0 F9000 X80.827 Y61.159
G1 F1500 X71.308 Y70.678 E3411.52175
G0 F9000 X70.746 Y70.675
G1 F1500 X80.261 Y61.159 E3411.96933
G0 F9000 X79.695 Y61.159
G1 F1500 X70.171 Y70.684 E3412.41734
G0 F9000 X69.448 Y70.841
G1 F1500 X79.13 Y61.159 E3412.87275
G0 F9000 X78.564 Y61.159
G1 F1500 X67.117 Y72.607 E3413.4112
G0 F9000 X67.407 Y72.882
G1 F1500 X68.666 Y71.623 E3413.47042
G0 F9000 X68.552 Y72.303
G1 F1500 X67.646 Y73.208 E3413.51301
G0 F9000 X67.827 Y73.593
G1 F1500 X68.647 Y72.774 E3413.55156
G0 F9000 X68.803 Y73.183
G1 F1500 X67.943 Y74.043 E3413.59201
G0 F9000 X67.999 Y74.553
G1 F1500 X68.986 Y73.566 E3413.63844
G0 F9000 X69.169 Y73.949
G1 F1500 X68.017 Y75.101 E3413.69262
G0 F9000 X68.017 Y75.666
G1 F1500 X69.351 Y74.332 E3413.75537
G0 F9000 X69.534 Y74.715
G1 F1500 X68.017 Y76.232 E3413.82673
G0 F9000 X68.044 Y76.771
G1 F1500 X69.717 Y75.098 E3413.90542
G0 F9000 X69.899 Y75.481
G1 F1500 X68.09 Y77.291 E3413.99053
G0 F9000 X68.096 Y77.85
G1 F1500 X70.082 Y75.864 E3414.08395
G0 F9000 X70.265 Y76.247
G1 F1500 X68.096 Y78.416 E3414.18597
G0 F9000 X68.077 Y79
G1 F1500 X70.448 Y76.629 E3414.2975
G0 F9000 X70.63 Y77.013
G1 F1500 X68.039 Y79.604 E3414.41937
G0 F9000 X68.024 Y80.185
G1 F1500 X70.813 Y77.395 E3414.55058
G0 F9000 X70.996 Y77.778
G1 F1500 X68.013 Y80.762 E3414.69091
G0 F9000 X67.941 Y81.399
G1 F1500 X71.179 Y78.161 E3414.84322
G0 F9000 X71.361 Y78.544
G1 F1500 X65.048 Y84.858 E3415.14019
G0 F9000 X65.455 Y85.016
G1 F1500 X71.545 Y78.927 E3415.42662
G0 F9000 X71.727 Y79.31
G1 F1500 X65.801 Y85.236 E3415.70536
G0 F9000 X66.095 Y85.508
G1 F1500 X71.91 Y79.693 E3415.97888
G0 F9000 X72.093 Y80.076
G1 F1500 X66.335 Y85.833 E3416.24969
G0 F9000 X66.567 Y86.168
G1 F1500 X72.276 Y80.458 E3416.51825
G0 F9000 X72.458 Y80.842
G1 F1500 X66.75 Y86.549 E3416.78671
G0 F9000 X66.934 Y86.931
G1 F1500 X72.641 Y81.225 E3417.05513
G0 F9000 X72.824 Y81.607
G1 F1500 X67.097 Y87.334 E3417.32451
G0 F9000 X67.212 Y87.785
G1 F1500 X73.006 Y81.991 E3417.59704
G0 F9000 X73.189 Y82.373
G1 F1500 X67.223 Y88.339 E3417.87767
G0 F9000 X66.765 Y88.33
G0 X65.147 Y89.827
G0 X65.304 Y90.258
G1 F1500 X26.411 Y129.152 E3419.7071
G0 F9000 X26.411 Y129.718
G1 F1500 X73.372 Y82.756 E3421.91602
G0 F9000 X73.555 Y83.139
G1 F1500 X26.411 Y130.283 E3424.13353
G0 F9000 X26.411 Y130.849
G1 F1500 X73.737 Y83.522 E3426.35962
G0 F9000 X73.92 Y83.905
G1 F1500 X26.411 Y131.415 E3428.59433
G0 F9000 X26.411 Y131.98
G1 F1500 X74.103 Y84.288 E3430.83761
G0 F9000 X74.286 Y84.671
G1 F1500 X26.411 Y132.546 E3433.0895
G0 F9000 X26.411 Y133.112
G1 F1500 X74.468 Y85.054 E3435.34998
G0 F9000 X74.652 Y85.436
G1 F1500 X26.411 Y133.677 E3437.61909
G0 F9000 X26.411 Y134.243
G1 F1500 X74.834 Y85.82 E3439.89676
G0 F9000 X75.017 Y86.202
G1 F1500 X26.411 Y134.809 E3442.18306
G0 F9000 X26.411 Y135.374
G1 F1500 X75.2 Y86.585 E3444.47795
G0 F9000 X75.383 Y86.968
G1 F1500 X26.411 Y135.94 E3446.78144
G0 F9000 X26.411 Y136.506
G1 F1500 X75.565 Y87.351 E3449.09352
G0 F9000 X75.748 Y87.734
G1 F1500 X26.411 Y137.071 E3451.41418
G0 F9000 X26.411 Y137.637
G1 F1500 X75.931 Y88.117 E3453.74345
G0 F9000 X76.113 Y88.5
G1 F1500 X26.411 Y138.203 E3456.0813
G0 F9000 X26.411 Y138.768
G1 F1500 X76.296 Y88.883 E3458.42774
G0 F9000 X76.479 Y89.266
G1 F1500 X26.411 Y139.334 E3460.78278
G0 F9000 X26.411 Y139.9
G1 F1500 X76.662 Y89.649 E3463.14643
G0 F9000 X76.859 Y90.017
G1 F1500 X26.411 Y140.466 E3465.51938
G0 F9000 X26.411 Y141.031
G1 F1500 X77.083 Y90.359 E3467.90283
G0 F9000 X77.341 Y90.667
G1 F1500 X26.411 Y141.597 E3470.29842
G0 F9000 X26.411 Y142.163
G1 F1500 X77.656 Y90.917 E3472.70885
G0 F9000 X78.014 Y91.125
G1 F1500 X26.411 Y142.728 E3475.1361
G0 F9000 X26.411 Y143.294
G1 F1500 X78.417 Y91.288 E3477.5823
G0 F9000 X78.87 Y91.4
G1 F1500 X26.411 Y143.86 E3480.04984
G0 F9000 X26.411 Y144.425
G1 F1500 X79.393 Y91.443 E3482.54195
G0 F9000 X79.966 Y91.435
G1 F1500 X26.411 Y144.991 E3485.06104
G0 F9000 X26.411 Y145.557
G1 F1500 X80.611 Y91.356 E3487.61046
G1 F2700 E3482.61046
G0 F9000 X80.896 Y90.784
G0 X79.08 Y90.691
G0 X77.592 Y90.383
G0 X66.252 Y89.318
G0 X64.419 Y90.578
G1 F2700 E3487.61046
G1 F1500 X26.411 Y128.586 E3489.39824
G0 F9000 X26.411 Y128.02
G1 F1500 X63.544 Y90.887 E3491.14486
G0 F9000 X62.79 Y91.076
G1 F1500 X26.411 Y127.455 E3492.85602
G0 F9000 X26.411 Y126.889
G1 F1500 X62.035 Y91.265 E3494.53166
G0 F9000 X61.352 Y91.382
G1 F1500 X26.411 Y126.323 E3496.17518
G0 F9000 X26.411 Y125.758
G1 F1500 X60.699 Y91.469 E3497.78801
G0 F9000 X60.046 Y91.557
G1 F1500 X26.411 Y125.192 E3499.37009
G0 F9000 X26.411 Y124.626
G1 F1500 X59.392 Y91.645 E3500.92142
G0 F9000 X58.752 Y91.719
G1 F1500 X26.411 Y124.061 E3502.44266
G0 F9000 X26.411 Y123.495
G1 F1500 X58.145 Y91.761 E3503.93533
G0 F9000 X57.57 Y91.77
G1 F1500 X26.411 Y122.929 E3505.40096
G0 F9000 X26.411 Y122.364
G1 F1500 X57.005 Y91.769 E3506.84003
G0 F9000 X56.441 Y91.768
G1 F1500 X26.411 Y121.798 E3508.25255
G0 F9000 X26.411 Y121.232
G1 F1500 X55.891 Y91.752 E3509.6392
G0 F9000 X55.398 Y91.679
G1 F1500 X26.411 Y120.667 E3511.00268
G0 F9000 X26.411 Y120.101
G1 F1500 X54.905 Y91.607 E3512.34295
G0 F9000 X54.412 Y91.534
G1 F1500 X26.411 Y119.535 E3513.66003
G0 F9000 X26.411 Y118.97
G1 F1500 X53.919 Y91.461 E3514.95395
G0 F9000 X53.426 Y91.388
G1 F1500 X26.411 Y118.404 E3516.22467
G0 F9000 X26.411 Y117.838
G1 F1500 X52.96 Y91.289 E3517.47346
G0 F9000 X52.531 Y91.152
G1 F1500 X26.411 Y117.272 E3518.70206
G0 F9000 X26.411 Y116.707
G1 F1500 X52.102 Y91.015 E3519.91051
G0 F9000 X51.673 Y90.878
G1 F1500 X26.411 Y116.141 E3521.09878
G0 F9000 X26.411 Y115.575
G1 F1500 X51.266 Y90.72 E3522.26789
G0 F9000 X50.889 Y90.532
G1 F1500 X26.411 Y115.01 E3523.41926
G0 F9000 X26.411 Y114.444
G1 F1500 X50.511 Y90.344 E3524.55285
G0 F9000 X50.133 Y90.156
G1 F1500 X26.411 Y113.878 E3525.66866
G0 F9000 X26.411 Y113.313
G1 F1500 X49.759 Y89.965 E3526.76687
G0 F9000 X49.435 Y89.722
G1 F1500 X26.411 Y112.747 E3527.84988
G0 F9000 X26.411 Y112.181
G1 F1500 X49.112 Y89.48 E3528.91766
G0 F9000 X48.788 Y89.238
G1 F1500 X26.411 Y111.616 E3529.97023
G0 F9000 X26.411 Y111.05
G1 F1500 X48.464 Y88.997 E3531.00754
G0 F9000 X48.155 Y88.74
G1 F1500 X26.411 Y110.484 E3532.03031
G0 F9000 X26.411 Y109.919
G1 F1500 X47.889 Y88.44 E3533.04059
G0 F9000 X47.623 Y88.14
G1 F1500 X26.411 Y109.353 E3534.03836
G0 F9000 X26.411 Y108.787
G1 F1500 X47.357 Y87.841 E3535.0236
G0 F9000 X47.092 Y87.54
G1 F1500 X26.411 Y108.221 E3535.99637
G0 F9000 X26.411 Y107.656
G1 F1500 X46.845 Y87.222 E3536.95752
G0 F9000 X46.64 Y86.86
G1 F1500 X26.411 Y107.09 E3537.90905
G0 F9000 X26.411 Y106.524
G1 F1500 X46.436 Y86.499 E3538.85097
G0 F9000 X46.232 Y86.138
G1 F1500 X26.411 Y105.959 E3539.78329
G0 F9000 X26.411 Y105.393
G1 F1500 X46.027 Y85.777 E3540.70596
G0 F9000 X45.868 Y85.37
G1 F1500 X26.411 Y104.827 E3541.62116
G0 F9000 X26.411 Y104.262
G1 F1500 X45.717 Y84.955 E3542.52928
G0 F9000 X45.566 Y84.54
G1 F1500 X26.411 Y103.696 E3543.4303
G0 F9000 X26.411 Y103.13
G1 F1500 X45.415 Y84.126 E3544.32419
G0 F9000 X45.283 Y83.692
G1 F1500 X26.411 Y102.565 E3545.21189
G0 F9000 X26.411 Y101.999
G1 F1500 X45.212 Y83.198 E3546.09623
G0 F9000 X45.14 Y82.703
G1 F1500 X26.411 Y101.433 E3546.97721
G0 F9000 X26.411 Y100.868
G1 F1500 X45.122 Y82.156 E3547.85734
G0 F9000 X45.124 Y81.589
G1 F1500 X26.411 Y100.302 E3548.73754
G0 F9000 X26.411 Y99.736
G1 F1500 X45.124 Y81.023 E3549.61775
G0 F9000 X45.125 Y80.456
G1 F1500 X26.411 Y99.171 E3550.49802
G0 F9000 X26.411 Y98.605
G1 F1500 X45.126 Y79.89 E3551.37832
G0 F9000 X45.127 Y79.323
G1 F1500 X26.411 Y98.039 E3552.25866
G0 F9000 X26.411 Y97.473
G1 F1500 X45.159 Y78.725 E3553.14051
G0 F9000 X45.296 Y78.022
G1 F1500 X26.411 Y96.908 E3554.02882
G0 F9000 X26.411 Y96.342
G1 F1500 X45.562 Y77.191 E3554.92963
G0 F9000 X45.995 Y77.35
G0 X46.138 Y76.954
G0 X45.932 Y76.255
G1 F1500 X31.594 Y90.593 E3555.60404
G0 F9000 X31.661 Y89.96
G1 F1500 X46.835 Y74.787 E3556.31776
G0 F9000 X46.91 Y75.434
G0 X48.954 Y73.314
G0 X48.659 Y72.962
G1 F1500 X60.462 Y61.159 E3556.87293
G0 F9000 X61.028 Y61.159
G1 F1500 X50.072 Y72.115 E3557.38827
G0 F9000 X50.289 Y72.516
G0 X51.321 Y72.013
G0 X51.178 Y71.574
G1 F1500 X61.593 Y61.159 E3557.87816
G0 F9000 X62.159 Y61.159
G1 F1500 X52.019 Y71.299 E3558.35512
G0 F9000 X52.86 Y71.024
G1 F1500 X62.725 Y61.159 E3558.81913
G0 F9000 X63.291 Y61.159
G1 F1500 X53.639 Y70.811 E3559.27314
G0 F9000 X54.363 Y70.652
G1 F1500 X63.856 Y61.159 E3559.71966
G0 F9000 X64.422 Y61.159
G1 F1500 X55.017 Y70.564 E3560.16204
G0 F9000 X55.653 Y70.494
G1 F1500 X64.988 Y61.159 E3560.60113
G0 F9000 X65.553 Y61.159
G1 F1500 X56.253 Y70.459 E3561.03857
G0 F9000 X56.854 Y70.425
G1 F1500 X66.119 Y61.159 E3561.47439
G0 F9000 X66.685 Y61.159
G1 F1500 X57.419 Y70.425 E3561.91024
G0 F9000 X57.984 Y70.425
G1 F1500 X67.25 Y61.159 E3562.34608
G0 F9000 X67.816 Y61.159
G1 F1500 X58.544 Y70.431 E3562.78221
G0 F9000 X59.068 Y70.473
G1 F1500 X68.382 Y61.159 E3563.22031
G0 F9000 X68.947 Y61.159
G1 F1500 X59.591 Y70.516 E3563.66041
G0 F9000 X60.118 Y70.554
G1 F1500 X69.513 Y61.159 E3564.10232
G0 F9000 X70.079 Y61.159
G1 F1500 X60.653 Y70.585 E3564.54569
G0 F9000 X61.152 Y70.652
G1 F1500 X70.644 Y61.159 E3564.99219
G0 F9000 X71.21 Y61.159
G1 F1500 X61.643 Y70.726 E3565.44219
G0 F9000 X62.134 Y70.801
G1 F1500 X71.776 Y61.159 E3565.89572
G0 F9000 X72.341 Y61.159
G1 F1500 X62.602 Y70.899 E3566.35384
G0 F9000 X63.059 Y71.008
G1 F1500 X72.907 Y61.159 E3566.81708
G0 F9000 X73.473 Y61.159
G1 F1500 X63.515 Y71.117 E3567.28548
G0 F9000 X63.972 Y71.226
G1 F1500 X74.039 Y61.159 E3567.759
G0 F9000 X74.604 Y61.159
G1 F1500 X64.428 Y71.335 E3568.23765
G0 F9000 X64.851 Y71.478
G1 F1500 X75.17 Y61.159 E3568.72302
G0 F9000 X75.736 Y61.159
G1 F1500 X65.274 Y71.621 E3569.21512
G0 F9000 X65.685 Y71.776
G1 F1500 X76.301 Y61.159 E3569.71449
G0 F9000 X76.867 Y61.159
G1 F1500 X66.074 Y71.953 E3570.22218
G0 F9000 X66.449 Y72.143
G1 F1500 X77.433 Y61.159 E3570.73883
G0 F9000 X77.998 Y61.159
G1 F1500 X66.797 Y72.361 E3571.26572
G1 F2700 E3566.26572
G0 F9000 X66.552 Y72.75
G0 X67.077 Y73.653
G0 X67.272 Y74.356
G0 X67.376 Y78.621
G0 X67.274 Y81.117
G0 X67.193 Y81.442
G0 X66.955 Y81.868
G0 X66.519 Y82.176
G0 X66.053 Y82.26
G0 X57.965 Y82.244
G0 X57.443 Y82.121
G0 X57.114 Y81.752
G0 X56.999 Y81.458
G0 X56.93 Y80.425
G0 X56.976 Y79.969
G0 X57.17 Y79.523
G0 X57.565 Y79.169
G0 X58.066 Y79.025
G0 X63.152 Y78.58
G0 X62.968 Y75.973
G0 X62.461 Y75.797
G1 F2700 E3571.26572
G0 F9000 X62.346 Y76.246
G1 F1500 X60.302 Y78.29 E3571.36186
G0 F9000 X59.736 Y78.29
G1 F1500 X61.898 Y76.129 E3571.46353
G0 F9000 X61.436 Y76.025
G1 F1500 X59.169 Y78.291 E3571.57014
G0 F9000 X58.604 Y78.291
G1 F1500 X60.97 Y75.924 E3571.68145
G0 F9000 X60.506 Y75.823
G1 F1500 X58.024 Y78.305 E3571.7982
G0 F9000 X57.207 Y78.557
G1 F1500 X60.041 Y75.723 E3571.9315
G0 F9000 X59.541 Y75.657
G1 F1500 X51.729 Y83.469 E3572.29896
G0 F9000 X51.931 Y83.833
G1 F1500 X56.504 Y79.259 E3572.51408
G0 F9000 X56.238 Y80.091
G1 F1500 X52.137 Y84.192 E3572.70698
G0 F9000 X52.4 Y84.495
G1 F1500 X56.214 Y80.681 E3572.88638
G0 F9000 X56.248 Y81.213
G1 F1500 X52.663 Y84.798 E3573.055
G0 F9000 X52.948 Y85.078
G1 F1500 X56.321 Y81.706 E3573.21364
G0 F9000 X56.487 Y82.104
G1 F1500 X53.274 Y85.318 E3573.36479
G0 F9000 X53.6 Y85.558
G1 F1500 X56.74 Y82.418 E3573.51249
G0 F9000 X57.036 Y82.687
G1 F1500 X53.959 Y85.764 E3573.65722
G0 F9000 X54.341 Y85.948
G1 F1500 X57.43 Y82.859 E3573.80251
G0 F9000 X57.9 Y82.955
G1 F1500 X54.753 Y86.102 E3573.95054
G0 F9000 X55.187 Y86.233
G1 F1500 X58.437 Y82.983 E3574.10341
G0 F9000 X59.003 Y82.983
G1 F1500 X55.676 Y86.31 E3574.2599
G0 F9000 X56.171 Y86.381
G1 F1500 X59.569 Y82.983 E3574.41973
G0 F9000 X60.135 Y82.982
G1 F1500 X56.726 Y86.391 E3574.58008
G0 F9000 X57.283 Y86.4
G1 F1500 X60.702 Y82.981 E3574.7409
G0 F9000 X61.267 Y82.981
G1 F1500 X57.839 Y86.409 E3574.90214
G0 F9000 X58.396 Y86.419
G1 F1500 X61.834 Y82.981 E3575.06386
G0 F9000 X62.4 Y82.98
G1 F1500 X59.008 Y86.372 E3575.22341
G0 F9000 X59.649 Y86.297
G1 F1500 X62.966 Y82.98 E3575.37943
G0 F9000 X63.532 Y82.979
G1 F1500 X60.357 Y86.154 E3575.52877
G0 F9000 X61.135 Y85.943
G1 F1500 X64.099 Y82.978 E3575.66821
G0 F9000 X64.665 Y82.978
G1 F1500 X61.953 Y85.69 E3575.79578
G0 F9000 X62.089 Y86.131
G0 X63.086 Y85.735
G0 X62.892 Y85.317
G1 F1500 X65.231 Y82.978 E3575.90579
G0 F9000 X65.797 Y82.977
G1 F1500 X63.866 Y84.908 E3575.99662
G0 F9000 X64.539 Y84.801
G1 F1500 X66.421 Y82.919 E3576.08515
G0 F9000 X66.342 Y82.471
G0 X57.965 Y82.244
G0 X57.443 Y82.121
G0 X57.114 Y81.752
G0 X56.999 Y81.458
G0 X56.93 Y80.425
G0 X56.976 Y79.969
G0 X57.17 Y79.523
G0 X57.565 Y79.169
G0 X57.971 Y79.052
G0 X62.001 Y78.75
G0 X62.001 Y78.288
G1 F1500 X62.479 Y77.81 E3576.10763
G0 F9000 X62.488 Y77.235
G1 F1500 X61.435 Y78.288 E3576.15716
G0 F9000 X60.869 Y78.289
G1 F1500 X62.482 Y76.675 E3576.23305
G0 F9000 X62.943 Y76.67
G0 X62.868 Y76.002
G0 X62.338 Y75.845
G0 X59.094 Y75.138
G0 X59.038 Y75.594
G1 F1500 X51.55 Y83.082 E3576.58527
G0 F9000 X51.415 Y82.652
G1 F1500 X58.532 Y75.534 E3576.92005
G0 F9000 X57.967 Y75.534
G1 F1500 X51.28 Y82.221 E3577.23459
G0 F9000 X51.217 Y81.718
G1 F1500 X57.401 Y75.534 E3577.52546
G0 F9000 X56.82 Y75.55
G1 F1500 X51.159 Y81.21 E3577.79172
G0 F9000 X51.185 Y80.619
G1 F1500 X56.197 Y75.607 E3578.02747
G0 F9000 X55.476 Y75.762
G1 F1500 X51.232 Y80.006 E3578.22709
G0 F9000 X51.454 Y79.219
G1 F1500 X54.613 Y76.059 E3578.3757
G0 F9000 X54.435 Y75.637
G0 X53.185 Y76.282
G0 X53.447 Y76.66
G1 F1500 X51.941 Y78.166 E3578.44654
G1 F2700 E3573.44654
G0 F9000 X51.535 Y77.953
G0 X52.328 Y76.556
G0 X55.929 Y74.908
G0 X62.641 Y75.574
G0 X63.198 Y75.975
G0 X62.855 Y78.893
G0 X58.066 Y79.025
G0 X57.565 Y79.169
G0 X57.17 Y79.523
G0 X56.976 Y79.969
G0 X56.934 Y80.834
G0 X56.999 Y81.458
G0 X57.114 Y81.752
G0 X57.443 Y82.121
G0 X57.965 Y82.244
G0 X66.053 Y82.26
G0 X66.519 Y82.176
G0 X66.955 Y81.868
G0 X67.193 Y81.442
G0 X67.274 Y81.117
G0 X67.376 Y77.404
G0 X67.272 Y74.356
G0 X67.077 Y73.653
G0 X66.84 Y73.329
G0 X66.537 Y73.052
G0 X66.002 Y72.712
G0 X65.325 Y72.402
G0 X64.183 Y72.016
G0 X62.114 Y71.525
G0 X60.694 Y71.309
G0 X58.406 Y71.145
G0 X53.309 Y71.276
G0 X53.309 Y60.8
G0 X51.977 Y61.159
G1 F2700 E3578.44654
G1 F1500 X26.411 Y86.725 E3579.64909
G0 F9000 X26.411 Y86.16
G1 F1500 X51.411 Y61.159 E3580.82504
G0 F9000 X50.845 Y61.159
G1 F1500 X26.411 Y85.594 E3581.97436
G0 F9000 X26.411 Y85.028
G1 F1500 X50.28 Y61.159 E3583.09708
G0 F9000 X49.714 Y61.159
G1 F1500 X26.411 Y84.463 E3584.19321
G0 F9000 X26.411 Y83.897
G1 F1500 X49.148 Y61.159 E3585.26271
G0 F9000 X48.583 Y61.159
G1 F1500 X26.411 Y83.331 E3586.30561
G0 F9000 X26.411 Y82.766
G1 F1500 X48.017 Y61.159 E3587.32192
G0 F9000 X47.451 Y61.159
G1 F1500 X26.411 Y82.2 E3588.3116
G0 F9000 X26.411 Y81.634
G1 F1500 X46.886 Y61.159 E3589.27468
G0 F9000 X46.32 Y61.159
G1 F1500 X26.411 Y81.069 E3590.21116
G0 F9000 X26.411 Y80.503
G1 F1500 X45.754 Y61.159 E3591.12102
G0 F9000 X45.189 Y61.159
G1 F1500 X26.411 Y79.937 E3592.00428
G0 F9000 X26.411 Y79.372
G1 F1500 X44.623 Y61.159 E3592.86094
G0 F9000 X44.057 Y61.159
G1 F1500 X26.411 Y78.806 E3593.69098
G0 F9000 X26.411 Y78.24
G1 F1500 X43.492 Y61.159 E3594.49441
G0 F9000 X42.926 Y61.159
G1 F1500 X26.411 Y77.674 E3595.27123
G0 F9000 X26.411 Y77.109
G1 F1500 X42.36 Y61.159 E3596.02145
G0 F9000 X41.794 Y61.159
G1 F1500 X26.411 Y76.543 E3596.74504
G0 F9000 X26.411 Y75.977
G1 F1500 X41.229 Y61.159 E3597.44203
G0 F9000 X40.663 Y61.159
G1 F1500 X26.411 Y75.412 E3598.11243
G0 F9000 X26.411 Y74.846
G1 F1500 X40.097 Y61.159 E3598.7562
G0 F9000 X39.532 Y61.159
G1 F1500 X26.411 Y74.28 E3599.37337
G0 F9000 X26.411 Y73.715
G1 F1500 X38.966 Y61.159 E3599.96394
G0 F9000 X38.4 Y61.159
G1 F1500 X26.411 Y73.149 E3600.52789
G0 F9000 X26.411 Y72.583
G1 F1500 X37.835 Y61.159 E3601.06524
G0 F9000 X37.269 Y61.159
G1 F1500 X26.411 Y72.018 E3601.57599
G0 F9000 X26.411 Y71.452
G1 F1500 X36.703 Y61.159 E3602.06012
G0 F9000 X36.138 Y61.159
G1 F1500 X26.411 Y70.886 E3602.51765
G0 F9000 X26.411 Y70.321
G1 F1500 X35.572 Y61.159 E3602.94857
G0 F9000 X35.006 Y61.159
G1 F1500 X26.411 Y69.755 E3603.35288
G0 F9000 X26.411 Y69.189
G1 F1500 X34.441 Y61.159 E3603.73059
G0 F9000 X33.875 Y61.159
G1 F1500 X26.411 Y68.624 E3604.08169
G0 F9000 X26.411 Y68.058
G1 F1500 X33.309 Y61.159 E3604.40618
G0 F9000 X32.743 Y61.159
G1 F1500 X26.411 Y67.492 E3604.70404
G0 F9000 X26.411 Y66.926
G1 F1500 X32.178 Y61.159 E3604.9753
G0 F9000 X31.612 Y61.159
G1 F1500 X26.411 Y66.361 E3605.21996
G0 F9000 X26.411 Y65.795
G1 F1500 X31.046 Y61.159 E3605.438
G0 F9000 X30.481 Y61.159
G1 F1500 X26.411 Y65.229 E3605.62944
G0 F9000 X26.411 Y64.664
G1 F1500 X29.915 Y61.159 E3605.79429
G0 F9000 X29.349 Y61.159
G1 F1500 X26.411 Y64.098 E3605.9325
G0 F9000 X26.411 Y63.532
G1 F1500 X28.784 Y61.159 E3606.04412
G0 F9000 X28.218 Y61.159
G1 F1500 X26.411 Y62.967 E3606.12914
G0 F9000 X26.411 Y62.401
G1 F1500 X27.652 Y61.159 E3606.18754
G0 F9000 X27.087 Y61.159
G1 F1500 X26.411 Y61.835 E3606.21934
G0 F9000 X26.411 Y61.27
G1 F1500 X26.521 Y61.159 E3606.22453
G0 F9000 X26.521 Y60.7
G0 X52.542 Y60.7
G0 X52.542 Y61.159
G1 F1500 X26.411 Y87.291 E3607.45368
G0 F9000 X26.411 Y87.857
G1 F1500 X53.108 Y61.159 E3608.70945
G0 F9000 X53.674 Y61.159
G1 F1500 X26.411 Y88.422 E3609.99181
G0 F9000 X26.411 Y88.988
G1 F1500 X54.24 Y61.159 E3611.30081
G0 F9000 X54.805 Y61.159
G1 F1500 X28.055 Y87.91 E3612.55907
G0 F9000 X28.926 Y87.604
G1 F1500 X55.371 Y61.159 E3613.80296
G0 F9000 X55.937 Y61.159
G1 F1500 X29.498 Y87.598 E3615.04657
G0 F9000 X29.956 Y87.705
G1 F1500 X56.502 Y61.159 E3616.29521
G0 F9000 X57.068 Y61.159
G1 F1500 X30.356 Y87.872 E3617.55168
G0 F9000 X30.706 Y88.087
G1 F1500 X57.634 Y61.159 E3618.8183
G0 F9000 X58.199 Y61.159
G1 F1500 X31.004 Y88.355 E3620.09749
G0 F9000 X31.249 Y88.675
G1 F1500 X58.765 Y61.159 E3621.39176
G0 F9000 X59.331 Y61.159
G1 F1500 X31.452 Y89.038 E3622.7031
G0 F9000 X31.599 Y89.456
G1 F1500 X59.896 Y61.159 E3624.0341
G1 F2700 E3619.0341
G0 F9000 X59.896 Y60.7
G0 X27.525 Y60.8
G0 X28.093 Y88.322
G0 X27.145 Y88.819
G1 F2700 E3624.0341
G1 F1500 X26.411 Y89.554 E3624.06865
G0 F9000 X26.872 Y89.659
G1 F1500 X26.411 Y90.12 E3624.09034
G0 F9000 X26.862 Y90.233
G1 F1500 X26.411 Y90.685 E3624.11157
G0 F9000 X26.951 Y90.711
G1 F1500 X26.411 Y91.251 E3624.13697
G0 F9000 X26.411 Y91.817
G1 F1500 X27.105 Y91.122 E3624.16964
G0 F9000 X27.338 Y91.455
G1 F1500 X26.411 Y92.382 E3624.21324
G0 F9000 X26.411 Y92.948
G1 F1500 X27.607 Y91.752 E3624.2695
G0 F9000 X27.913 Y92.012
G1 F1500 X26.411 Y93.514 E3624.34015
G0 F9000 X26.411 Y94.079
G1 F1500 X28.284 Y92.206 E3624.42825
G0 F9000 X28.714 Y92.341
G1 F1500 X26.411 Y94.645 E3624.5366
G0 F9000 X26.411 Y95.211
G1 F1500 X29.221 Y92.4 E3624.6688
G0 F9000 X29.873 Y92.314
G1 F1500 X26.411 Y95.776 E3624.83164
G1 F2700 E3619.83164
G0 F9000 X25.95 Y95.776
G0 X26.022 Y159.228
G0 X81.577 Y159.3
G1 F2700 E3624.83164
G0 F9000 X81.577 Y158.838
G1 F1500 X154.595 Y85.82 E3628.26618
G0 F9000 X154.595 Y86.386
G1 F1500 X82.142 Y158.839 E3631.67415
G0 F9000 X82.708 Y158.839
G1 F1500 X154.586 Y86.961 E3635.05507
G0 F9000 X154.542 Y87.57
G1 F1500 X83.273 Y158.839 E3638.40734
G0 F9000 X83.839 Y158.839
G1 F1500 X154.511 Y88.167 E3641.73154
G0 F9000 X154.511 Y88.733
G1 F1500 X84.405 Y158.839 E3645.02911
G0 F9000 X84.97 Y158.839
G1 F1500 X154.514 Y89.296 E3648.30022
G0 F9000 X154.577 Y89.798
G1 F1500 X85.536 Y158.839 E3651.5477
G0 F9000 X86.102 Y158.839
G1 F1500 X154.681 Y90.26 E3654.77345
G0 F9000 X154.869 Y90.638
G1 F1500 X86.667 Y158.839 E3657.98143
G0 F9000 X87.233 Y158.839
G1 F1500 X155.142 Y90.931 E3661.17564
G0 F9000 X155.46 Y91.177
G1 F1500 X87.799 Y158.839 E3664.35823
G0 F9000 X88.365 Y158.839
G1 F1500 X155.868 Y91.336 E3667.53337
G0 F9000 X156.361 Y91.409
G1 F1500 X88.93 Y158.839 E3670.70509
G0 F9000 X89.496 Y158.839
G1 F1500 X156.899 Y91.435 E3673.87554
G0 F9000 X157.438 Y91.463
G1 F1500 X90.062 Y158.839 E3677.0447
G0 F9000 X90.627 Y158.839
G1 F1500 X158.016 Y91.45 E3680.21448
G0 F9000 X158.618 Y91.414
G1 F1500 X91.193 Y158.839 E3683.38594
G0 F9000 X91.759 Y158.839
G1 F1500 X159.295 Y91.303 E3686.56263
G0 F9000 X159.233 Y90.85
G0 X160.087 Y90.453
G0 X160.315 Y90.849
G1 F1500 X92.324 Y158.839 E3689.76069
G0 F9000 X92.89 Y158.839
G1 F1500 X170.589 Y81.14 E3693.41542
G0 F9000 X170.589 Y80.574
G1 F1500 X163.562 Y87.601 E3693.74594
G1 F2700 E3688.74594
G0 F9000 X163.238 Y87.276
G0 X163.069 Y87.56
G0 X188.952 Y155.048
G0 X188.39 Y155.545
G1 F2700 E3693.74594
G1 F1500 X185.096 Y158.84 E3693.90091
G0 F9000 X185.662 Y158.84
G1 F1500 X188.35 Y156.151 E3694.02737
G0 F9000 X188.425 Y156.642
G1 F1500 X186.227 Y158.84 E3694.13075
G0 F9000 X186.793 Y158.84
G1 F1500 X188.579 Y157.054 E3694.21476
G0 F9000 X188.798 Y157.401
G1 F1500 X187.359 Y158.84 E3694.28245
G0 F9000 X187.924 Y158.84
G1 F1500 X189.057 Y157.708 E3694.33572
G0 F9000 X189.355 Y157.975
G1 F1500 X188.49 Y158.84 E3694.3764
G0 F9000 X189.056 Y158.84
G1 F1500 X189.722 Y158.174 E3694.40773
G0 F9000 X190.138 Y158.324
G1 F1500 X189.621 Y158.84 E3694.43203
G0 F9000 X190.187 Y158.84
G1 F1500 X190.628 Y158.398 E3694.45279
G0 F9000 X190.753 Y158.84
G1 F1500 X191.241 Y158.351 E3694.47577
;TIME_ELAPSED:15862.228485
G1 F2700 E3689.47577
M140 S0
M107
G91 ;Relative positioning
G1 E-2 F2700 ;Retract a bit
G1 E-2 Z0.2 F2400 ;Retract and raise Z
G1 X5 Y5 F3000 ;Wipe out
G1 Z10 ;Raise Z more
G90 ;Absolute positioning

G1 X0 Y220.0 ;Present print
M106 S0 ;Turn-off fan
M104 S0 ;Turn-off hotend
M140 S0 ;Turn-off bed

M84 X Y E ;Disable all steppers but Z

M82 ;absolute extrusion mode
M104 S0
;End of Gcode
;SETTING_3 {"global_quality": "[general]\\nversion = 4\\nname = Heli Collective 
;SETTING_3 settings\\ndefinition = creality_ender3\\n\\n[metadata]\\ntype = qual
;SETTING_3 ity_changes\\nquality_type = standard\\nsetting_version = 22\\n\\n[va
;SETTING_3 lues]\\nadhesion_type = brim\\nlayer_height_0 = 0.2\\nmaterial_bed_te
;SETTING_3 mperature = 60\\nmaterial_bed_temperature_layer_0 = 60\\nsupport_enab
;SETTING_3 le = True\\nsupport_structure = normal\\nsupport_type = buildplate\\n
;SETTING_3 \\n", "extruder_quality": ["[general]\\nversion = 4\\nname = Heli Col
;SETTING_3 lective settings\\ndefinition = creality_ender3\\n\\n[metadata]\\ntyp
;SETTING_3 e = quality_changes\\nquality_type = standard\\nintent_category = def
;SETTING_3 ault\\nposition = 0\\nsetting_version = 22\\n\\n[values]\\nbrim_line_
;SETTING_3 count = 5\\ninfill_sparse_density = 30\\nsupport_bottom_enable = Fals
;SETTING_3 e\\nsupport_pattern = grid\\nsupport_roof_enable = False\\n\\n"]}
