;FLAVOR:Marlin
;TIME:2844
;Filament used: 1.8474m
;Layer height: 0.2
;MINX:26.2
;MINY:98.2
;MINZ:0.2
;MAXX:193.8
;MAXY:121.8
;MAXZ:4
;TARGET_MACHINE.NAME:Creality Ender-3
;Generated with Cura_SteamEngine 5.6.0
M140 S60
M105
M190 S60
M104 S200
M105
M109 S200
M82 ;absolute extrusion mode
; Ender 3 Custom Start G-code
G92 E0 ; Reset Extruder
G28 ; Home all axes
G1 Z2.0 F3000 ; Move Z Axis up little to prevent scratching of Heat Bed
G1 X0.1 Y20 Z0.3 F5000.0 ; Move to start position
G1 X0.1 Y200.0 Z0.3 F1500.0 E15 ; Draw the first line
G1 X0.4 Y200.0 Z0.3 F5000.0 ; Move to side a little
G1 X0.4 Y20 Z0.3 F1500.0 E30 ; Draw the second line
G92 E0 ; Reset Extruder
G1 Z2.0 F3000 ; Move Z Axis up little to prevent scratching of Heat Bed
G1 X5 Y20 Z0.3 F5000.0 ; Move over to prevent blob squish
G92 E0
G92 E0
G1 F2700 E-5
;LAYER_COUNT:20
;LAYER:0
M107
G0 F6000 X27.389 Y98.302 Z0.2
;TYPE:SKIRT
G1 F2700 E0
G1 F1200 X28 Y98.2 E0.0206
G1 X192.148 Y98.2 E5.48019
G1 X192.619 Y98.315 E5.49631
G1 X193.092 Y98.56 E5.51403
G1 X193.405 Y98.898 E5.52935
G1 X193.698 Y99.389 E5.54837
G1 X193.8 Y100 E5.56897
G1 X193.8 Y120.148 E6.2391
G1 X193.685 Y120.619 E6.25522
G1 X193.44 Y121.092 E6.27294
G1 X193.102 Y121.405 E6.28826
G1 X192.611 Y121.698 E6.30728
G1 X192 Y121.8 E6.32788
G1 X27.852 Y121.8 E11.78747
G1 X27.381 Y121.685 E11.80359
G1 X26.908 Y121.44 E11.82131
G1 X26.595 Y121.102 E11.83663
G1 X26.302 Y120.611 E11.85565
G1 X26.2 Y120 E11.87625
G1 X26.2 Y99.852 E12.54638
G1 X26.315 Y99.381 E12.5625
G1 X26.56 Y98.908 E12.58022
G1 X26.898 Y98.595 E12.59554
G1 X27.389 Y98.302 E12.61456
G0 F6000 X27.527 Y98.685
G1 F1200 X28 Y98.6 E12.63054
G1 X192.098 Y98.6 E18.08847
G1 X192.48 Y98.693 E18.10154
G1 X192.846 Y98.883 E18.11526
G1 X193.084 Y99.14 E18.12691
G1 X193.315 Y99.527 E18.1419
G1 X193.4 Y100 E18.15788
G1 X193.4 Y120.098 E18.82635
G1 X193.307 Y120.48 E18.83942
G1 X193.117 Y120.846 E18.85314
G1 X192.86 Y121.084 E18.86479
G1 X192.473 Y121.315 E18.87978
G1 X192 Y121.4 E18.89576
G1 X27.902 Y121.4 E24.35368
G1 X27.52 Y121.307 E24.36676
G1 X27.154 Y121.117 E24.38048
G1 X26.916 Y120.86 E24.39213
G1 X26.685 Y120.473 E24.40712
G1 X26.6 Y120 E24.4231
G1 X26.6 Y99.902 E25.09156
G1 X26.693 Y99.52 E25.10464
G1 X26.883 Y99.154 E25.11836
G1 X27.14 Y98.916 E25.13001
G1 X27.527 Y98.685 E25.145
G0 F6000 X27.672 Y99.065
G1 F1200 X28 Y99 E25.15612
G1 X192.049 Y99 E30.61241
G1 X192.338 Y99.07 E30.6223
G1 X192.601 Y99.207 E30.63216
G1 X192.74 Y99.345 E30.63868
G1 X192.935 Y99.672 E30.65134
G1 X193 Y100 E30.66246
G1 X193 Y120.049 E31.32929
G1 X192.93 Y120.338 E31.33918
G1 X192.793 Y120.601 E31.34905
G1 X192.655 Y120.74 E31.35556
G1 X192.328 Y120.935 E31.36823
G1 X192 Y121 E31.37935
G1 X27.951 Y121 E36.83564
G1 X27.662 Y120.93 E36.84553
G1 X27.399 Y120.793 E36.85539
G1 X27.26 Y120.655 E36.86191
G1 X27.065 Y120.328 E36.87457
G1 X27 Y120 E36.88569
G1 X27 Y99.951 E37.55252
G1 X27.07 Y99.662 E37.56241
G1 X27.207 Y99.399 E37.57228
G1 X27.345 Y99.26 E37.57879
G1 X27.672 Y99.065 E37.59145
G0 F6000 X28 Y99.8
G1 F1200 X192 Y99.8 E43.04612
G1 X192.119 Y99.839 E43.05028
G1 X192.2 Y100 E43.05628
G1 X192.2 Y120 E43.72148
G1 X192.161 Y120.119 E43.72564
G1 X192 Y120.2 E43.73164
G1 X28 Y120.2 E49.1863
G1 X27.881 Y120.161 E49.19047
G1 X27.8 Y120 E49.19646
G1 X27.8 Y100 E49.86166
G1 X27.839 Y99.881 E49.86583
G1 X28 Y99.8 E49.87182
G0 F6000 X27.82 Y99.443
G1 F1200 X28 Y99.4 E49.87798
G1 X192 Y99.4 E55.33264
G1 X192.244 Y99.459 E55.34099
G1 X192.396 Y99.55 E55.34688
G1 X192.557 Y99.82 E55.35734
G1 X192.6 Y100 E55.36349
G1 X192.6 Y120 E56.02869
G1 X192.541 Y120.244 E56.03704
G1 X192.45 Y120.396 E56.04294
G1 X192.18 Y120.557 E56.05339
G1 X192 Y120.6 E56.05955
G1 X28 Y120.6 E61.51421
G1 X27.756 Y120.541 E61.52256
G1 X27.604 Y120.45 E61.52845
G1 X27.443 Y120.18 E61.53891
G1 X27.4 Y120 E61.54506
G1 X27.4 Y100 E62.21026
G1 X27.459 Y99.756 E62.21861
G1 X27.55 Y99.604 E62.22451
G1 X27.82 Y99.443 E62.23496
G1 F2700 E57.23496
;MESH:Display 2x7219 mask .stl
G0 F6000 X28.414 Y100.414
G0 X28.601 Y119.399
;TYPE:WALL-INNER
G1 F2700 E62.23496
G1 F1200 X191.4 Y119.399 E67.64968
G1 X191.4 Y100.601 E68.2749
G1 X28.601 Y100.601 E73.68962
G1 X28.601 Y119.399 E74.31484
G1 F2700 E69.31484
G0 F6000 X28.701 Y119.13
G0 X103.86 Y119.199
G0 X103.609 Y118.283
G0 X103.86 Y117.983
G1 F2700 E74.31484
G1 F1200 X103.586 Y118.102 E74.32478
G1 X41.247 Y118.102 E76.39818
G1 X40.886 Y117.983 E76.41082
G1 X40.692 Y117.733 E76.42135
G1 X40.647 Y117.502 E76.42918
G1 X40.647 Y102.497 E76.92825
G1 X40.693 Y102.265 E76.93611
G1 X40.887 Y102.016 E76.94661
G1 X41.161 Y101.897 E76.95655
G1 X103.5 Y101.897 E79.02995
G1 X103.861 Y102.016 E79.04259
G1 X104.055 Y102.266 E79.05312
G1 X104.1 Y102.497 E79.06094
G1 X104.1 Y117.502 E79.56001
G1 X104.054 Y117.734 E79.56788
G1 X103.86 Y117.983 E79.57838
G1 F2700 E74.57838
G0 F6000 X103.86 Y118.002
G0 X104.281 Y117.501
G0 X118.719 Y117.501
G0 X119.139 Y117.983
G1 F2700 E79.57838
G1 F1200 X118.945 Y117.733 E79.5889
G1 X118.9 Y117.502 E79.59673
G1 X118.9 Y102.497 E80.0958
G1 X118.946 Y102.265 E80.10367
G1 X119.14 Y102.016 E80.11416
G1 X119.414 Y101.897 E80.1241
G1 X181.753 Y101.897 E82.1975
G1 X182.114 Y102.016 E82.21015
G1 X182.308 Y102.266 E82.22067
G1 X182.353 Y102.497 E82.2285
G1 X182.353 Y117.502 E82.72757
G1 X182.307 Y117.734 E82.73543
G1 X182.113 Y117.983 E82.74593
G1 X181.839 Y118.102 E82.75587
G1 X119.5 Y118.102 E84.82927
G1 X119.139 Y117.983 E84.84191
G0 F6000 X119.379 Y117.663
;TYPE:WALL-OUTER
G1 F1200 X119.3 Y117.559 E84.84626
G1 X119.3 Y102.438 E85.34918
G1 X119.38 Y102.336 E85.3535
G1 X119.465 Y102.299 E85.35658
G1 X181.753 Y102.297 E87.42829
G1 X181.874 Y102.336 E87.43251
G1 X181.953 Y102.44 E87.43686
G1 X181.953 Y117.561 E87.93979
G1 X181.873 Y117.663 E87.9441
G1 X181.788 Y117.7 E87.94718
G1 X119.5 Y117.702 E90.01889
G1 X119.379 Y117.663 E90.02312
G1 F2700 E85.02312
G0 F6000 X119.379 Y118.002
G0 X118.719 Y117.501
G0 X104.281 Y117.501
G0 X103.62 Y117.663
G1 F2700 E90.02312
G1 F1200 X103.535 Y117.7 E90.0262
G1 X41.247 Y117.702 E92.09791
G1 X41.126 Y117.663 E92.10213
G1 X41.047 Y117.559 E92.10648
G1 X41.047 Y102.438 E92.6094
G1 X41.127 Y102.336 E92.61372
G1 X41.212 Y102.299 E92.6168
G1 X103.5 Y102.297 E94.68851
G1 X103.621 Y102.336 E94.69274
G1 X103.7 Y102.44 E94.69708
G1 X103.7 Y117.561 E95.20001
G1 X103.62 Y117.663 E95.20432
G1 F2700 E90.20432
G0 F6000 X103.62 Y118.002
G0 X40.847 Y117.902
G0 X40.847 Y119.199
G0 X28.201 Y119.799
G1 F2700 E95.20432
G1 F1200 X191.8 Y119.799 E100.64564
G1 X191.8 Y100.201 E101.29747
G1 X28.201 Y100.201 E106.7388
G1 X28.201 Y119.799 E107.39063
G1 F2700 E102.39063
G0 F6000 X28.47 Y119.53
G0 X119.076 Y119.199
G0 X119.393 Y118.246
G0 X118.912 Y118.269
;TYPE:SKIN
G1 F2700 E107.39063
G1 F1010.5 X119.425 Y118.5 E107.41285
G1 F961.9 X140.25 Y118.501 E108.27692
G1 F965.8 X161.075 Y118.503 E109.13753
G1 F971.7 X181.9 Y118.505 E109.99294
G1 F1023.5 X182.341 Y118.265 E110.01252
G1 F1134.8 X182.642 Y117.88 E110.02971
G1 F1200 X182.71 Y117.536 E110.04138
G1 X182.71 Y102.462 E110.54274
G1 X182.642 Y102.122 E110.55427
G1 F1129.4 X182.34 Y101.729 E110.57179
G1 F1010.5 X181.828 Y101.499 E110.59396
G1 F963.9 X161.004 Y101.498 E111.45625
G1 F967.7 X140.18 Y101.496 E112.31509
G1 F973.6 X119.356 Y101.495 E113.16873
G1 F1023.5 X118.912 Y101.734 E113.18839
G1 F1134.8 X118.611 Y102.119 E113.20558
G1 F1200 X118.543 Y102.462 E113.21721
G1 X118.543 Y117.537 E113.71861
G1 X118.611 Y117.878 E113.73017
G1 F1129.4 X118.912 Y118.269 E113.74761
G1 F2700 E108.74761
G0 F6000 X119.076 Y118.062
G0 X118.719 Y117.501
G0 X118.719 Y119.199
G0 X104.188 Y119.038
G1 F2700 E113.74761
G1 F1076.2 X103.688 Y118.993 E113.76623
G1 F971.7 X82.823 Y118.992 E114.62329
G1 F965.8 X61.958 Y118.991 E115.48555
G1 F961.9 X41.093 Y118.989 E116.35128
G1 F1066.7 X40.609 Y119.039 E116.36948
G1 F1200 X28.961 Y119.039 E116.7569
G1 X28.961 Y100.961 E117.35818
G1 X40.559 Y100.961 E117.74393
G1 F1076.2 X41.06 Y101.007 E117.76258
G1 F977.6 X72.278 Y101.006 E119.03712
G1 F981.6 X103.496 Y101.005 E120.30646
G1 F971.7 X103.653 Y101.012 E120.31291
G1 F1066.7 X104.138 Y100.962 E120.33115
G1 F1200 X118.812 Y100.961 E120.81921
G1 F1076.2 X119.313 Y101.007 E120.83787
G1 F977.6 X150.531 Y101.006 E122.1124
G1 F981.6 X181.749 Y101.005 E123.38174
G1 F971.7 X181.906 Y101.012 E123.3882
G1 F1066.7 X182.391 Y100.962 E123.40644
G1 F1200 X191.04 Y100.962 E123.69411
G1 X191.04 Y119.039 E124.29535
G1 X182.441 Y119.038 E124.58136
G1 F1076.2 X181.941 Y118.993 E124.59997
G1 F971.7 X161.076 Y118.992 E125.45703
G1 F965.8 X140.211 Y118.991 E126.31929
G1 F961.9 X119.346 Y118.989 E127.18502
G1 F1066.7 X118.862 Y119.039 E127.20323
G1 F1200 X104.188 Y119.038 E127.69129
G0 F6000 X103.646 Y118.505
G1 F1023.5 X104.088 Y118.265 E127.7109
G1 F1134.8 X104.389 Y117.88 E127.72809
G1 F1200 X104.457 Y117.536 E127.73975
G1 X104.457 Y102.462 E128.24112
G1 X104.389 Y102.122 E128.25265
G1 F1129.4 X104.087 Y101.729 E128.27016
G1 F1010.5 X103.575 Y101.499 E128.29233
G1 F963.9 X82.751 Y101.498 E129.15463
G1 F967.7 X61.927 Y101.496 E130.01347
G1 F973.6 X41.103 Y101.495 E130.86711
G1 F1023.5 X40.659 Y101.734 E130.88677
G1 F1134.8 X40.358 Y102.119 E130.90396
G1 F1200 X40.29 Y102.462 E130.91559
G1 X40.29 Y117.537 E131.41699
G1 X40.358 Y117.878 E131.42855
G1 F1129.4 X40.659 Y118.269 E131.44599
G1 F1010.5 X41.172 Y118.5 E131.46821
G1 F961.9 X61.997 Y118.501 E132.33228
G1 F965.8 X82.822 Y118.503 E133.19289
G1 F971.7 X103.647 Y118.505 E134.0483
G1 F2700 E129.0483
G0 F6000 X103.647 Y119.299
G0 X29.459 Y119.299
G0 X29.459 Y118.837
G1 F2700 E134.0483
G1 F1200 X29.161 Y118.539 E134.06232
G0 F6000 X29.161 Y117.973
G1 F1200 X30.025 Y118.837 E134.10296
G0 F6000 X30.59 Y118.837
G1 F1200 X29.161 Y117.408 E134.17018
G0 F6000 X29.161 Y116.842
G1 F1200 X31.156 Y118.837 E134.26402
G0 F6000 X31.722 Y118.837
G1 F1200 X29.161 Y116.276 E134.38448
G0 F6000 X29.161 Y115.71
G1 F1200 X32.287 Y118.837 E134.53154
G0 F6000 X32.853 Y118.837
G1 F1200 X29.161 Y115.145 E134.7052
G0 F6000 X29.161 Y114.579
G1 F1200 X33.419 Y118.837 E134.90548
G0 F6000 X33.984 Y118.837
G1 F1200 X29.161 Y114.013 E135.13236
G0 F6000 X29.161 Y113.448
G1 F1200 X34.55 Y118.837 E135.38585
G0 F6000 X35.116 Y118.837
G1 F1200 X29.161 Y112.882 E135.66595
G0 F6000 X29.161 Y112.316
G1 F1200 X35.682 Y118.837 E135.97268
G0 F6000 X36.247 Y118.837
G1 F1200 X29.161 Y111.751 E136.30598
G0 F6000 X29.161 Y111.185
G1 F1200 X36.813 Y118.837 E136.66591
G0 F6000 X37.379 Y118.837
G1 F1200 X29.161 Y110.619 E137.05246
G0 F6000 X29.161 Y110.054
G1 F1200 X37.944 Y118.837 E137.46558
G0 F6000 X38.51 Y118.837
G1 F1200 X29.161 Y109.488 E137.90533
G0 F6000 X29.161 Y108.922
G1 F1200 X39.076 Y118.837 E138.3717
G0 F6000 X39.641 Y118.837
G1 F1200 X29.161 Y108.357 E138.86465
G0 F6000 X29.161 Y107.791
G1 F1200 X40.207 Y118.837 E139.38422
G0 F6000 X40.744 Y118.809
G1 F1200 X29.161 Y107.225 E139.92907
G0 F6000 X29.161 Y106.659
G1 F1200 X40.098 Y117.597 E140.44354
G0 F6000 X40.087 Y117.02
G1 F1200 X29.161 Y106.094 E140.95747
G0 F6000 X29.161 Y105.528
G1 F1200 X40.087 Y116.454 E141.47139
G0 F6000 X40.087 Y115.889
G1 F1200 X29.161 Y104.962 E141.98534
G0 F6000 X29.161 Y104.397
G1 F1200 X40.087 Y115.323 E142.49927
G0 F6000 X40.087 Y114.757
G1 F1200 X29.161 Y103.831 E143.01319
G0 F6000 X29.161 Y103.265
G1 F1200 X40.087 Y114.192 E143.52714
G0 F6000 X40.087 Y113.626
G1 F1200 X29.161 Y102.7 E144.04107
G0 F6000 X29.161 Y102.134
G1 F1200 X40.087 Y113.06 E144.55499
G0 F6000 X40.087 Y112.495
G1 F1200 X29.161 Y101.568 E145.06894
G0 F6000 X29.318 Y101.16
G1 F1200 X40.087 Y111.929 E145.57548
G0 F6000 X40.087 Y111.363
G1 F1200 X29.884 Y101.16 E146.0554
G0 F6000 X30.45 Y101.16
G1 F1200 X40.087 Y110.797 E146.50869
G0 F6000 X40.087 Y110.232
G1 F1200 X31.015 Y101.16 E146.93541
G0 F6000 X31.581 Y101.16
G1 F1200 X40.087 Y109.666 E147.33551
G0 F6000 X40.087 Y109.1
G1 F1200 X32.147 Y101.16 E147.70898
G0 F6000 X32.712 Y101.16
G1 F1200 X40.087 Y108.535 E148.05588
G0 F6000 X40.087 Y107.969
G1 F1200 X33.278 Y101.16 E148.37615
G0 F6000 X33.844 Y101.16
G1 F1200 X40.087 Y107.403 E148.66981
G0 F6000 X40.087 Y106.838
G1 F1200 X34.409 Y101.16 E148.93688
G0 F6000 X34.975 Y101.16
G1 F1200 X40.087 Y106.272 E149.17733
G0 F6000 X40.087 Y105.706
G1 F1200 X35.541 Y101.16 E149.39116
G0 F6000 X36.106 Y101.16
G1 F1200 X40.087 Y105.141 E149.57842
G0 F6000 X40.087 Y104.575
G1 F1200 X36.672 Y101.16 E149.73905
G0 F6000 X37.238 Y101.16
G1 F1200 X40.087 Y104.009 E149.87306
G0 F6000 X40.087 Y103.444
G1 F1200 X37.804 Y101.16 E149.98047
G0 F6000 X38.369 Y101.16
G1 F1200 X40.087 Y102.878 E150.06128
G0 F6000 X40.111 Y102.336
G1 F1200 X38.935 Y101.16 E150.11659
G0 F6000 X39.501 Y101.16
G1 F1200 X40.26 Y101.92 E150.15232
G0 F6000 X40.508 Y101.602
G1 F1200 X40.066 Y101.16 E150.17311
G0 F6000 X40.648 Y101.177
G1 F1200 X40.853 Y101.381 E150.18272
G1 F2700 E145.18272
G0 F6000 X40.853 Y100.701
G0 X104.016 Y100.701
G0 X104.016 Y101.187
G1 F2700 E150.18272
G1 F1200 X118.339 Y115.51 E150.85643
G0 F6000 X118.339 Y114.945
G1 F1200 X104.556 Y101.162 E151.50474
G0 F6000 X105.122 Y101.162
G1 F1200 X118.339 Y114.379 E152.12643
G0 F6000 X118.339 Y113.813
G1 F1200 X105.687 Y101.162 E152.72152
G0 F6000 X106.253 Y101.162
G1 F1200 X118.339 Y113.248 E153.29001
G0 F6000 X118.339 Y112.682
G1 F1200 X106.819 Y101.162 E153.83187
G0 F6000 X107.384 Y101.162
G1 F1200 X118.339 Y112.116 E154.34714
G0 F6000 X118.339 Y111.551
G1 F1200 X107.95 Y101.162 E154.83581
G0 F6000 X108.516 Y101.162
G1 F1200 X118.339 Y110.985 E155.29785
G0 F6000 X118.339 Y110.419
G1 F1200 X109.081 Y101.162 E155.73329
G0 F6000 X109.647 Y101.162
G1 F1200 X118.339 Y109.853 E156.14212
G0 F6000 X118.339 Y109.288
G1 F1200 X110.213 Y101.162 E156.52434
G0 F6000 X110.778 Y101.162
G1 F1200 X118.339 Y108.722 E156.87996
G0 F6000 X118.339 Y108.156
G1 F1200 X111.344 Y101.162 E157.20896
G0 F6000 X111.909 Y101.161
G1 F1200 X118.339 Y107.591 E157.51141
G0 F6000 X118.339 Y107.025
G1 F1200 X112.475 Y101.161 E157.78723
G0 F6000 X113.04 Y101.161
G1 F1200 X118.339 Y106.459 E158.03646
G0 F6000 X118.339 Y105.894
G1 F1200 X113.606 Y101.161 E158.25908
G0 F6000 X114.172 Y101.161
G1 F1200 X118.339 Y105.328 E158.45509
G0 F6000 X118.339 Y104.762
G1 F1200 X114.737 Y101.161 E158.62449
G0 F6000 X115.303 Y101.161
G1 F1200 X118.339 Y104.197 E158.76729
G0 F6000 X118.339 Y103.631
G1 F1200 X115.869 Y101.161 E158.88348
G0 F6000 X116.435 Y101.161
G1 F1200 X118.339 Y103.065 E158.97303
G0 F6000 X118.339 Y102.5
G1 F1200 X117 Y101.161 E159.03602
G0 F6000 X117.566 Y101.161
G1 F1200 X118.445 Y102.04 E159.07736
G0 F6000 X118.678 Y101.708
G1 F1200 X118.132 Y101.161 E159.10307
G0 F6000 X118.697 Y101.161
G1 F1200 X118.99 Y101.454 E159.11685
G1 F2700 E154.11685
G0 F6000 X118.99 Y100.701
G0 X104.192 Y100.801
G0 X103.97 Y101.872
G0 X104.644 Y102.381
G1 F2700 E159.11685
G1 F1200 X118.339 Y116.076 E159.76102
G0 F6000 X118.339 Y116.642
G1 F1200 X104.659 Y102.962 E160.40449
G0 F6000 X104.659 Y103.528
G1 F1200 X118.339 Y117.207 E161.04793
G0 F6000 X118.397 Y117.831
G1 F1200 X104.659 Y104.093 E161.69412
G0 F6000 X104.659 Y104.659
G1 F1200 X118.837 Y118.837 E162.36101
G0 F6000 X119.246 Y118.68
G1 F1200 X119.31 Y118.745 E162.36404
G0 F6000 X119.31 Y119.299
G0 X118.272 Y119.299
G0 X118.272 Y118.837
G1 F1200 X104.659 Y105.225 E163.00433
G0 F6000 X104.659 Y105.79
G1 F1200 X117.706 Y118.837 E163.61803
G0 F6000 X117.14 Y118.837
G1 F1200 X104.659 Y106.356 E164.20509
G0 F6000 X104.659 Y106.922
G1 F1200 X116.575 Y118.837 E164.76556
G0 F6000 X116.009 Y118.837
G1 F1200 X104.659 Y107.488 E165.29941
G0 F6000 X104.659 Y108.053
G1 F1200 X115.443 Y118.837 E165.80665
G0 F6000 X114.877 Y118.837
G1 F1200 X104.659 Y108.619 E166.28728
G0 F6000 X104.659 Y109.185
G1 F1200 X114.312 Y118.837 E166.7413
G0 F6000 X113.746 Y118.837
G1 F1200 X104.659 Y109.75 E167.16873
G0 F6000 X104.659 Y110.316
G1 F1200 X113.18 Y118.837 E167.56953
G0 F6000 X112.615 Y118.837
G1 F1200 X104.659 Y110.882 E167.94373
G0 F6000 X104.659 Y111.447
G1 F1200 X112.049 Y118.837 E168.29133
G0 F6000 X111.483 Y118.837
G1 F1200 X104.659 Y112.013 E168.61231
G0 F6000 X104.659 Y112.579
G1 F1200 X110.918 Y118.837 E168.90669
G0 F6000 X110.352 Y118.837
G1 F1200 X104.659 Y113.144 E169.17448
G0 F6000 X104.659 Y113.71
G1 F1200 X109.786 Y118.837 E169.41563
G0 F6000 X109.221 Y118.837
G1 F1200 X104.659 Y114.276 E169.63019
G0 F6000 X104.659 Y114.841
G1 F1200 X108.655 Y118.837 E169.81815
G0 F6000 X108.089 Y118.837
G1 F1200 X104.659 Y115.407 E169.97949
G0 F6000 X104.659 Y115.973
G1 F1200 X107.524 Y118.837 E170.11423
G0 F6000 X106.958 Y118.837
G1 F1200 X104.659 Y116.538 E170.22236
G0 F6000 X104.659 Y117.104
G1 F1200 X106.392 Y118.837 E170.30388
G0 F6000 X105.827 Y118.837
G1 F1200 X104.638 Y117.649 E170.35978
G0 F6000 X104.493 Y118.069
G1 F1200 X105.261 Y118.837 E170.39591
G0 F6000 X104.695 Y118.837
G1 F1200 X104.245 Y118.388 E170.41705
G0 F6000 X103.903 Y118.611
G1 F1200 X104.117 Y118.825 E170.42712
G1 F2700 E165.42712
G0 F6000 X104.117 Y119.299
G0 X182.041 Y119.299
G0 X182.041 Y118.685
G1 F2700 E170.42712
G1 F1200 X182.14 Y118.783 E170.43175
G0 F6000 X182.387 Y118.465
G1 F1200 X182.76 Y118.837 E170.44927
G0 F6000 X183.325 Y118.837
G1 F1200 X182.664 Y118.175 E170.48039
G0 F6000 X182.859 Y117.805
G1 F1200 X183.891 Y118.837 E170.52893
G0 F6000 X184.457 Y118.837
G1 F1200 X182.912 Y117.292 E170.6016
G0 F6000 X182.912 Y116.727
G1 F1200 X185.022 Y118.837 E170.70085
G0 F6000 X185.588 Y118.837
G1 F1200 X182.912 Y116.161 E170.82672
G0 F6000 X182.912 Y115.595
G1 F1200 X186.154 Y118.837 E170.97921
G0 F6000 X186.72 Y118.838
G1 F1200 X182.912 Y115.03 E171.15833
G0 F6000 X182.912 Y114.464
G1 F1200 X187.286 Y118.838 E171.36407
G0 F6000 X187.852 Y118.838
G1 F1200 X182.912 Y113.898 E171.59643
G0 F6000 X182.912 Y113.332
G1 F1200 X188.417 Y118.838 E171.85539
G0 F6000 X188.983 Y118.838
G1 F1200 X182.912 Y112.767 E172.14095
G0 F6000 X182.912 Y112.201
G1 F1200 X189.549 Y118.838 E172.45314
G0 F6000 X190.114 Y118.838
G1 F1200 X182.912 Y111.635 E172.79192
G0 F6000 X182.912 Y111.07
G1 F1200 X190.68 Y118.838 E173.1573
G0 F6000 X190.839 Y118.431
G1 F1200 X182.912 Y110.504 E173.53017
G0 F6000 X182.912 Y109.938
G1 F1200 X190.839 Y117.866 E173.90305
G0 F6000 X190.839 Y117.3
G1 F1200 X182.912 Y109.373 E174.27591
G0 F6000 X182.912 Y108.807
G1 F1200 X190.839 Y116.734 E174.64877
G0 F6000 X190.839 Y116.169
G1 F1200 X182.912 Y108.241 E175.02166
G0 F6000 X182.912 Y107.676
G1 F1200 X190.839 Y115.603 E175.39452
G0 F6000 X190.839 Y115.037
G1 F1200 X182.912 Y107.11 E175.76738
G0 F6000 X182.912 Y106.544
G1 F1200 X190.839 Y114.472 E176.14027
G0 F6000 X190.839 Y113.906
G1 F1200 X182.912 Y105.979 E176.51313
G0 F6000 X182.912 Y105.413
G1 F1200 X190.839 Y113.34 E176.88599
G0 F6000 X190.839 Y112.775
G1 F1200 X182.912 Y104.847 E177.25888
G0 F6000 X182.912 Y104.281
G1 F1200 X190.839 Y112.209 E177.63176
G0 F6000 X190.839 Y111.643
G1 F1200 X182.912 Y103.716 E178.00462
G0 F6000 X182.912 Y103.15
G1 F1200 X190.839 Y111.077 E178.37749
G0 F6000 X190.839 Y110.512
G1 F1200 X182.912 Y102.584 E178.75037
G0 F6000 X182.453 Y102.584
G0 X182.223 Y101.872
G0 X182.223 Y100.801
G0 X183.186 Y101.162
G1 F1200 X190.839 Y108.815 E179.11035
G0 F6000 X190.839 Y109.38
G1 F1200 X182.62 Y101.162 E179.49692
G0 F6000 X182.113 Y101.22
G1 F1200 X190.839 Y109.946 E179.90736
G0 F6000 X191.3 Y109.946
G0 X191.3 Y108.249
G0 X190.839 Y108.249
G1 F1200 X183.752 Y101.162 E180.24071
G0 F6000 X184.317 Y101.162
G1 F1200 X190.839 Y107.683 E180.54746
G0 F6000 X190.839 Y107.118
G1 F1200 X184.883 Y101.162 E180.82762
G0 F6000 X185.449 Y101.162
G1 F1200 X190.839 Y106.552 E181.08115
G0 F6000 X190.839 Y105.986
G1 F1200 X186.015 Y101.162 E181.30805
G0 F6000 X186.58 Y101.162
G1 F1200 X190.839 Y105.421 E181.50838
G0 F6000 X190.839 Y104.855
G1 F1200 X187.146 Y101.162 E181.68209
G0 F6000 X187.712 Y101.162
G1 F1200 X190.839 Y104.289 E181.82917
G0 F6000 X190.839 Y103.724
G1 F1200 X188.277 Y101.162 E181.94968
G0 F6000 X188.843 Y101.162
G1 F1200 X190.839 Y103.158 E182.04357
G0 F6000 X190.839 Y102.592
G1 F1200 X189.409 Y101.162 E182.11083
G0 F6000 X189.974 Y101.162
G1 F1200 X190.839 Y102.027 E182.15152
G0 F6000 X190.839 Y101.461
G1 F1200 X190.54 Y101.162 E182.16558
G1 F2700 E177.16558
;MESH:NONMESH
G0 F300 X190.54 Y101.162 Z0.4
G0 F6000 X190.54 Y100.701
G0 X28.773 Y100.773
G0 X28.701 Y119.13
G0 X28.601 Y119.399
;TIME_ELAPSED:305.310340
;LAYER:1
M106 S85
;TYPE:WALL-INNER
;MESH:Display 2x7219 mask .stl
G1 F2700 E182.16558
G1 F1350 X191.4 Y119.399 E187.5803
G1 X191.4 Y100.601 E188.20552
G1 X28.601 Y100.601 E193.62024
G1 X28.601 Y119.399 E194.24546
G1 F2700 E189.24546
G0 F7500 X28.701 Y119.13
G0 X103.86 Y119.199
G0 X103.609 Y118.283
G0 X103.86 Y117.983
G1 F2700 E194.24546
G1 F1350 X103.586 Y118.102 E194.2554
G1 X41.247 Y118.102 E196.3288
G1 X40.886 Y117.983 E196.34145
G1 X40.692 Y117.733 E196.35197
G1 X40.647 Y117.502 E196.3598
G1 X40.647 Y102.497 E196.85887
G1 X40.693 Y102.265 E196.86673
G1 X40.887 Y102.016 E196.87723
G1 X41.161 Y101.897 E196.88717
G1 X103.5 Y101.897 E198.96057
G1 X103.861 Y102.016 E198.97321
G1 X104.055 Y102.266 E198.98374
G1 X104.1 Y102.497 E198.99157
G1 X104.1 Y117.502 E199.49063
G1 X104.054 Y117.734 E199.4985
G1 X103.86 Y117.983 E199.509
G1 F2700 E194.509
G0 F7500 X103.86 Y118.002
G0 X104.281 Y117.501
G0 X118.719 Y117.501
G0 X119.139 Y117.983
G1 F2700 E199.509
G1 F1350 X118.945 Y117.733 E199.51952
G1 X118.9 Y117.502 E199.52735
G1 X118.9 Y102.497 E200.02642
G1 X118.946 Y102.265 E200.03429
G1 X119.14 Y102.016 E200.04479
G1 X119.414 Y101.897 E200.05472
G1 X181.753 Y101.897 E202.12812
G1 X182.114 Y102.016 E202.14077
G1 X182.308 Y102.266 E202.15129
G1 X182.353 Y102.497 E202.15912
G1 X182.353 Y117.502 E202.65819
G1 X182.307 Y117.734 E202.66605
G1 X182.113 Y117.983 E202.67655
G1 X181.839 Y118.102 E202.68649
G1 X119.5 Y118.102 E204.75989
G1 X119.139 Y117.983 E204.77253
G0 F7500 X119.379 Y117.663
;TYPE:WALL-OUTER
G1 F1350 X119.3 Y117.559 E204.77688
G1 X119.3 Y102.438 E205.2798
G1 X119.38 Y102.336 E205.28412
G1 X119.465 Y102.299 E205.2872
G1 X181.753 Y102.297 E207.35891
G1 X181.874 Y102.336 E207.36314
G1 X181.953 Y102.44 E207.36748
G1 X181.953 Y117.561 E207.87041
G1 X181.873 Y117.663 E207.87472
G1 X181.788 Y117.7 E207.8778
G1 X119.5 Y117.702 E209.94951
G1 X119.379 Y117.663 E209.95374
G1 F2700 E204.95374
G0 F7500 X119.379 Y118.002
G0 X118.719 Y117.501
G0 X104.281 Y117.501
G0 X103.62 Y117.663
G1 F2700 E209.95374
G1 F1350 X103.535 Y117.7 E209.95682
G1 X41.247 Y117.702 E212.02853
G1 X41.126 Y117.663 E212.03276
G1 X41.047 Y117.559 E212.0371
G1 X41.047 Y102.438 E212.54003
G1 X41.127 Y102.336 E212.54434
G1 X41.212 Y102.299 E212.54742
G1 X103.5 Y102.297 E214.61913
G1 X103.621 Y102.336 E214.62336
G1 X103.7 Y102.44 E214.6277
G1 X103.7 Y117.561 E215.13063
G1 X103.62 Y117.663 E215.13494
G1 F2700 E210.13494
G0 F7500 X103.62 Y118.002
G0 X40.847 Y117.902
G0 X40.847 Y119.199
G0 X28.201 Y119.799
G1 F2700 E215.13494
G1 F1350 X191.8 Y119.799 E220.57626
G1 X191.8 Y100.201 E221.2281
G1 X28.201 Y100.201 E226.66942
G1 X28.201 Y119.799 E227.32125
G1 F2700 E222.32125
G0 F7500 X28.47 Y119.53
G0 X119.076 Y119.199
G0 X119.393 Y118.246
G0 X118.912 Y118.269
;TYPE:SKIN
G1 F2700 E227.32125
G1 F1136.8 X119.425 Y118.5 E227.34347
G1 F1082.2 X140.25 Y118.501 E228.20754
G1 F1086.5 X161.075 Y118.503 E229.06815
G1 F1093.1 X181.9 Y118.505 E229.92357
G1 F1151.4 X182.341 Y118.265 E229.94315
G1 F1276.6 X182.642 Y117.88 E229.96033
G1 F1350 X182.71 Y117.536 E229.972
G1 X182.71 Y102.462 E230.47336
G1 X182.642 Y102.122 E230.48489
G1 F1270.6 X182.34 Y101.729 E230.50241
G1 F1136.8 X181.828 Y101.499 E230.52458
G1 F1084.3 X161.004 Y101.498 E231.38688
G1 F1088.7 X140.18 Y101.496 E232.24571
G1 F1095.3 X119.356 Y101.495 E233.09935
G1 F1151.4 X118.912 Y101.734 E233.11902
G1 F1276.6 X118.611 Y102.119 E233.1362
G1 F1350 X118.543 Y102.462 E233.14783
G1 X118.543 Y117.537 E233.64923
G1 X118.611 Y117.878 E233.6608
G1 F1270.6 X118.912 Y118.269 E233.67823
G1 F2700 E228.67823
G0 F7500 X119.076 Y118.062
G0 X118.719 Y117.501
G0 X118.719 Y119.199
G0 X104.188 Y119.038
G1 F2700 E233.67823
G1 F1210.8 X103.688 Y118.993 E233.69685
G1 F1093.1 X82.823 Y118.992 E234.55391
G1 F1086.5 X61.958 Y118.991 E235.41617
G1 F1082.2 X41.093 Y118.989 E236.2819
G1 F1200 X40.609 Y119.039 E236.30011
G1 F1350 X28.961 Y119.039 E236.68752
G1 X28.961 Y100.961 E237.2888
G1 X40.559 Y100.961 E237.67455
G1 F1210.8 X41.06 Y101.007 E237.69321
G1 F1099.8 X72.278 Y101.006 E238.96774
G1 F1104.3 X103.496 Y101.005 E240.23708
G1 F1093.1 X103.653 Y101.012 E240.24353
G1 F1200 X104.138 Y100.962 E240.26178
G1 F1350 X118.812 Y100.961 E240.74984
G1 F1210.8 X119.313 Y101.007 E240.76849
G1 F1099.8 X150.531 Y101.006 E242.04302
G1 F1104.3 X181.749 Y101.005 E243.31236
G1 F1093.1 X181.906 Y101.012 E243.31882
G1 F1200 X182.391 Y100.962 E243.33706
G1 F1350 X191.04 Y100.962 E243.62473
G1 X191.04 Y119.039 E244.22597
G1 X182.441 Y119.038 E244.51198
G1 F1210.8 X181.941 Y118.993 E244.5306
G1 F1093.1 X161.076 Y118.992 E245.38765
G1 F1086.5 X140.211 Y118.991 E246.24991
G1 F1082.2 X119.346 Y118.989 E247.11564
G1 F1200 X118.862 Y119.039 E247.13385
G1 F1350 X104.188 Y119.038 E247.62191
G0 F7500 X103.646 Y118.505
G1 F1151.4 X104.088 Y118.265 E247.64152
G1 F1276.6 X104.389 Y117.88 E247.65871
G1 F1350 X104.457 Y117.536 E247.67037
G1 X104.457 Y102.462 E248.17174
G1 X104.389 Y102.122 E248.18327
G1 F1270.6 X104.087 Y101.729 E248.20079
G1 F1136.8 X103.575 Y101.499 E248.22295
G1 F1084.3 X82.751 Y101.498 E249.08525
G1 F1088.7 X61.927 Y101.496 E249.94409
G1 F1095.3 X41.103 Y101.495 E250.79773
G1 F1151.4 X40.659 Y101.734 E250.81739
G1 F1276.6 X40.358 Y102.119 E250.83458
G1 F1350 X40.29 Y102.462 E250.84621
G1 X40.29 Y117.537 E251.34761
G1 X40.358 Y117.878 E251.35917
G1 F1270.6 X40.659 Y118.269 E251.37661
G1 F1136.8 X41.172 Y118.5 E251.39883
G1 F1082.2 X61.997 Y118.501 E252.2629
G1 F1086.5 X82.822 Y118.503 E253.12351
G1 F1093.1 X103.647 Y118.505 E253.97892
G1 F2700 E248.97892
G0 F7500 X103.647 Y119.299
G0 X28.773 Y119.227
G0 X28.701 Y101.512
G0 X29.161 Y101.512
G1 F2700 E253.97892
G1 F1350 X29.513 Y101.16 E253.99548
G0 F7500 X30.078 Y101.16
G1 F1350 X29.161 Y102.077 E254.03861
G0 F7500 X29.161 Y102.643
G1 F1350 X30.644 Y101.16 E254.10837
G0 F7500 X31.21 Y101.16
G1 F1350 X29.161 Y103.209 E254.20475
G0 F7500 X29.161 Y103.774
G1 F1350 X31.775 Y101.16 E254.3277
G0 F7500 X32.341 Y101.16
G1 F1350 X29.161 Y104.34 E254.47728
G0 F7500 X29.161 Y104.906
G1 F1350 X32.907 Y101.16 E254.65348
G0 F7500 X33.473 Y101.16
G1 F1350 X29.161 Y105.472 E254.8563
G0 F7500 X29.161 Y106.037
G1 F1350 X34.038 Y101.16 E255.0857
G0 F7500 X34.604 Y101.16
G1 F1350 X29.161 Y106.603 E255.34173
G0 F7500 X29.161 Y107.169
G1 F1350 X35.17 Y101.16 E255.62437
G0 F7500 X35.735 Y101.16
G1 F1350 X29.161 Y107.734 E255.93359
G0 F7500 X29.161 Y108.3
G1 F1350 X36.301 Y101.16 E256.26944
G0 F7500 X36.867 Y101.16
G1 F1350 X29.161 Y108.866 E256.6319
G0 F7500 X29.161 Y109.431
G1 F1350 X37.432 Y101.16 E257.02094
G0 F7500 X37.998 Y101.16
G1 F1350 X29.161 Y109.997 E257.43661
G0 F7500 X29.161 Y110.563
G1 F1350 X38.564 Y101.16 E257.8789
G0 F7500 X39.129 Y101.16
G1 F1350 X29.161 Y111.128 E258.34776
G0 F7500 X29.161 Y111.694
G1 F1350 X39.695 Y101.16 E258.84325
G0 F7500 X40.261 Y101.16
G1 F1350 X29.161 Y112.26 E259.36536
G0 F7500 X29.161 Y112.825
G1 F1350 X40.461 Y101.525 E259.89688
G1 X40.462 Y101.524
G1 X40.785 Y101.201 E259.91207
G0 F7500 X40.785 Y100.701
G0 X40.546 Y100.801
G0 X40.972 Y101.789
G0 X40.086 Y102.466
G1 F1350 X29.161 Y113.391 E260.42595
G0 F7500 X29.161 Y113.957
G1 F1350 X40.086 Y103.031 E260.93985
G0 F7500 X40.086 Y103.597
G1 F1350 X29.161 Y114.523 E261.45375
G0 F7500 X29.161 Y115.088
G1 F1350 X40.086 Y104.163 E261.96763
G0 F7500 X40.086 Y104.728
G1 F1350 X29.161 Y115.654 E262.48153
G0 F7500 X29.161 Y116.22
G1 F1350 X40.086 Y105.294 E262.99543
G0 F7500 X40.086 Y105.86
G1 F1350 X29.161 Y116.785 E263.50931
G0 F7500 X29.161 Y117.351
G1 F1350 X40.086 Y106.425 E264.02322
G0 F7500 X40.086 Y106.991
G1 F1350 X29.161 Y117.917 E264.53712
G0 F7500 X29.161 Y118.482
G1 F1350 X40.086 Y107.557 E265.051
G0 F7500 X40.086 Y108.122
G1 F1350 X29.371 Y118.837 E265.555
G0 F7500 X29.937 Y118.837
G1 F1350 X40.086 Y108.688 E266.03237
G0 F7500 X40.086 Y109.254
G1 F1350 X30.503 Y118.837 E266.48313
G0 F7500 X31.068 Y118.837
G1 F1350 X40.086 Y109.82 E266.90728
G0 F7500 X40.086 Y110.385
G1 F1350 X31.634 Y118.837 E267.30484
G0 F7500 X32.2 Y118.837
G1 F1350 X40.086 Y110.951 E267.67577
G0 F7500 X40.086 Y111.517
G1 F1350 X32.765 Y118.837 E268.02011
G0 F7500 X33.331 Y118.837
G1 F1350 X40.086 Y112.082 E268.33784
G0 F7500 X40.086 Y112.648
G1 F1350 X33.897 Y118.837 E268.62895
G0 F7500 X34.462 Y118.837
G1 F1350 X40.086 Y113.214 E268.89347
G0 F7500 X40.086 Y113.779
G1 F1350 X35.028 Y118.837 E269.13138
G0 F7500 X35.594 Y118.837
G1 F1350 X40.086 Y114.345 E269.34267
G0 F7500 X40.086 Y114.911
G1 F1350 X36.16 Y118.837 E269.52734
G0 F7500 X36.725 Y118.837
G1 F1350 X40.086 Y115.476 E269.68543
G0 F7500 X40.086 Y116.042
G1 F1350 X37.291 Y118.837 E269.8169
G0 F7500 X37.857 Y118.837
G1 F1350 X40.086 Y116.608 E269.92174
G0 F7500 X40.086 Y117.173
G1 F1350 X38.422 Y118.837 E270.00001
G0 F7500 X38.988 Y118.837
G1 F1350 X40.119 Y117.706 E270.05321
G0 F7500 X40.283 Y118.108
G1 F1350 X39.554 Y118.837 E270.0875
G0 F7500 X40.119 Y118.837
G1 F1350 X40.438 Y118.518 E270.1025
G1 X40.439 Y118.518
G1 X40.54 Y118.417 E270.10725
G0 F7500 X40.899 Y118.624
G1 F1350 X40.705 Y118.817 E270.11636
G1 F2700 E265.11636
G0 F7500 X40.705 Y119.299
G0 X104.064 Y119.299
G0 X104.064 Y118.815
G1 F2700 E270.11636
G1 F1350 X104.325 Y118.554 E270.12863
G1 X104.326 Y118.553
G1 X118.339 Y104.54 E270.78776
G0 F7500 X118.339 Y103.975
G1 F1350 X104.632 Y117.682 E271.4325
G0 F7500 X104.66 Y117.088
G1 F1350 X118.339 Y103.409 E272.07591
G0 F7500 X118.339 Y102.843
G1 F1350 X104.66 Y116.522 E272.71933
G0 F7500 X104.66 Y115.957
G1 F1350 X118.384 Y102.232 E273.36489
G0 F7500 X118.651 Y101.4
G1 F1350 X104.66 Y115.391 E274.02299
G0 F7500 X104.66 Y114.825
G1 F1350 X118.324 Y101.161 E274.6657
G0 F7500 X118.651 Y101.399
G1 F1350 X118.878 Y101.172 E274.67638
G0 F7500 X118.878 Y100.701
G0 X117.758 Y100.701
G0 X117.758 Y101.161
G1 F1350 X104.66 Y114.259 E275.29246
G0 F7500 X104.66 Y113.694
G1 F1350 X117.193 Y101.161 E275.88198
G0 F7500 X116.627 Y101.161
G1 F1350 X104.66 Y113.128 E276.44487
G0 F7500 X104.66 Y112.562
G1 F1350 X116.061 Y101.161 E276.98114
G0 F7500 X115.495 Y101.161
G1 F1350 X104.66 Y111.997 E277.49081
G0 F7500 X104.66 Y111.431
G1 F1350 X114.93 Y101.161 E277.97388
G0 F7500 X114.364 Y101.161
G1 F1350 X104.66 Y110.865 E278.43032
G0 F7500 X104.66 Y110.3
G1 F1350 X113.798 Y101.161 E278.86017
G0 F7500 X113.233 Y101.161
G1 F1350 X104.66 Y109.734 E279.26342
G0 F7500 X104.66 Y109.168
G1 F1350 X112.667 Y101.161 E279.64004
G0 F7500 X112.101 Y101.162
G1 F1350 X104.66 Y108.603 E279.99004
G0 F7500 X104.66 Y108.037
G1 F1350 X111.535 Y101.162 E280.31342
G0 F7500 X110.969 Y101.162
G1 F1350 X104.66 Y107.471 E280.61018
G0 F7500 X104.66 Y106.906
G1 F1350 X110.404 Y101.162 E280.88036
G0 F7500 X109.838 Y101.162
G1 F1350 X104.66 Y106.34 E281.12392
G0 F7500 X104.66 Y105.774
G1 F1350 X109.272 Y101.162 E281.34085
G0 F7500 X108.707 Y101.162
G1 F1350 X104.66 Y105.209 E281.53121
G0 F7500 X104.66 Y104.643
G1 F1350 X108.141 Y101.162 E281.69494
G0 F7500 X107.575 Y101.162
G1 F1350 X104.66 Y104.077 E281.83206
G0 F7500 X104.66 Y103.511
G1 F1350 X107.01 Y101.162 E281.94257
G0 F7500 X106.444 Y101.162
G1 F1350 X104.66 Y102.946 E282.02648
G0 F7500 X104.646 Y102.394
G1 F1350 X105.878 Y101.162 E282.08443
G0 F7500 X105.312 Y101.162
G1 F1350 X104.516 Y101.958 E282.12187
G0 F7500 X104.27 Y101.638
G1 F1350 X104.747 Y101.162 E282.14429
G0 F7500 X104.182 Y101.161
G1 F1350 X103.924 Y101.419 E282.15642
G1 F2700 E277.15642
G0 F7500 X103.924 Y100.701
G0 X118.8 Y100.801
G0 X119.032 Y101.871
G0 X118.339 Y105.106
G1 F2700 E282.15642
G1 F1350 X104.607 Y118.838 E282.80233
G0 F7500 X105.172 Y118.838
G1 F1350 X118.339 Y105.672 E283.42165
G0 F7500 X118.339 Y106.237
G1 F1350 X105.738 Y118.838 E284.01436
G0 F7500 X106.304 Y118.838
G1 F1350 X118.339 Y106.803 E284.58045
G0 F7500 X118.339 Y107.369
G1 F1350 X106.869 Y118.838 E285.11994
G0 F7500 X107.435 Y118.838
G1 F1350 X118.339 Y107.934 E285.63283
G0 F7500 X118.339 Y108.5
G1 F1350 X108.001 Y118.838 E286.1191
G0 F7500 X108.567 Y118.838
G1 F1350 X118.339 Y109.066 E286.57874
G0 F7500 X118.339 Y109.631
G1 F1350 X109.132 Y118.838 E287.01181
G0 F7500 X109.698 Y118.838
G1 F1350 X118.339 Y110.197 E287.41826
G0 F7500 X118.339 Y110.763
G1 F1350 X110.264 Y118.838 E287.79808
G0 F7500 X110.829 Y118.838
G1 F1350 X118.339 Y111.329 E288.1513
G0 F7500 X118.339 Y111.894
G1 F1350 X111.395 Y118.838 E288.47793
G0 F7500 X111.961 Y118.838
G1 F1350 X118.339 Y112.46 E288.77793
G0 F7500 X118.339 Y113.026
G1 F1350 X112.526 Y118.838 E289.05133
G0 F7500 X113.092 Y118.838
G1 F1350 X118.339 Y113.591 E289.29814
G0 F7500 X118.339 Y114.157
G1 F1350 X113.658 Y118.838 E289.51832
G0 F7500 X114.223 Y118.838
G1 F1350 X118.339 Y114.723 E289.7119
G0 F7500 X118.339 Y115.288
G1 F1350 X114.789 Y118.838 E289.87888
G0 F7500 X115.355 Y118.838
G1 F1350 X118.339 Y115.854 E290.01924
G0 F7500 X118.339 Y116.42
G1 F1350 X115.92 Y118.838 E290.13299
G0 F7500 X116.486 Y118.838
G1 F1350 X118.339 Y116.985 E290.22015
G0 F7500 X118.34 Y117.55
G1 F1350 X117.052 Y118.838 E290.28074
G0 F7500 X117.618 Y118.838
G1 F1350 X118.46 Y117.996 E290.32034
G0 F7500 X118.699 Y118.323
G1 F1350 X118.183 Y118.838 E290.34459
G0 F7500 X118.749 Y118.838
G1 F1350 X119.031 Y118.556 E290.35785
G1 F2700 E285.35785
G0 F7500 X119.031 Y119.299
G0 X182.157 Y119.299
G0 X182.157 Y118.787
G1 F2700 E290.35785
G1 F1350 X182.516 Y118.428 E290.37474
G1 X182.516 Y118.427
G1 X190.838 Y110.105 E290.76618
G0 F7500 X190.838 Y109.54
G1 F1350 X182.912 Y117.466 E291.139
G0 F7500 X182.912 Y116.901
G1 F1350 X190.838 Y108.974 E291.51183
G0 F7500 X190.838 Y108.408
G1 F1350 X182.912 Y116.335 E291.88467
G0 F7500 X182.912 Y115.769
G1 F1350 X190.838 Y107.842 E292.25751
G0 F7500 X190.838 Y107.277
G1 F1350 X182.912 Y115.203 E292.63033
G0 F7500 X182.912 Y114.638
G1 F1350 X190.838 Y106.711 E293.00316
G0 F7500 X190.838 Y106.145
G1 F1350 X182.912 Y114.072 E293.376
G0 F7500 X182.912 Y113.506
G1 F1350 X190.838 Y105.58 E293.74882
G0 F7500 X190.838 Y105.014
G1 F1350 X182.912 Y112.941 E294.12166
G0 F7500 X182.912 Y112.375
G1 F1350 X190.838 Y104.448 E294.49449
G0 F7500 X190.838 Y103.883
G1 F1350 X182.912 Y111.809 E294.86731
G0 F7500 X182.912 Y111.244
G1 F1350 X190.838 Y103.317 E295.24015
G0 F7500 X190.838 Y102.751
G1 F1350 X182.912 Y110.678 E295.61298
G0 F7500 X182.912 Y110.112
G1 F1350 X190.838 Y102.186 E295.9858
G0 F7500 X190.838 Y101.62
G1 F1350 X182.912 Y109.547 E296.35864
G0 F7500 X182.912 Y108.981
G1 F1350 X190.732 Y101.161 E296.72647
G0 F7500 X190.166 Y101.161
G1 F1350 X182.912 Y108.415 E297.06767
G0 F7500 X182.912 Y107.85
G1 F1350 X189.6 Y101.161 E297.38228
G0 F7500 X189.035 Y101.161
G1 F1350 X182.912 Y107.284 E297.67029
G0 F7500 X182.912 Y106.718
G1 F1350 X188.469 Y101.161 E297.93167
G0 F7500 X187.903 Y101.161
G1 F1350 X182.912 Y106.152 E298.16643
G0 F7500 X182.912 Y105.587
G1 F1350 X187.338 Y101.161 E298.37462
G0 F7500 X186.772 Y101.161
G1 F1350 X182.912 Y105.021 E298.55618
G0 F7500 X182.912 Y104.455
G1 F1350 X186.206 Y101.161 E298.71112
G0 F7500 X185.64 Y101.161
G1 F1350 X182.912 Y103.89 E298.83946
G0 F7500 X182.912 Y103.324
G1 F1350 X185.075 Y101.161 E298.9412
G0 F7500 X184.509 Y101.161
G1 F1350 X182.912 Y102.758 E299.01632
G0 F7500 X182.868 Y102.237
G1 F1350 X183.943 Y101.161 E299.06691
G0 F7500 X183.378 Y101.161
G1 F1350 X182.687 Y101.852 E299.09941
G0 F7500 X182.416 Y101.557
G1 F1350 X182.628 Y101.345 E299.10938
G1 X182.629 Y101.344
G1 X182.812 Y101.161 E299.11799
G0 F7500 X182.208 Y101.199
G1 F1350 X182.057 Y101.351 E299.12512
G0 F7500 X182.057 Y100.701
G0 X191.228 Y100.773
G0 X191.3 Y110.671
G0 X190.838 Y110.671
G1 F1350 X182.702 Y118.808 E299.50783
G0 F7500 X183.237 Y118.838
G1 F1350 X190.838 Y111.237 E299.86536
G0 F7500 X190.838 Y111.802
G1 F1350 X183.803 Y118.838 E300.19629
G0 F7500 X184.368 Y118.838
G1 F1350 X190.838 Y112.368 E300.50062
G0 F7500 X190.838 Y112.934
G1 F1350 X184.934 Y118.838 E300.77832
G0 F7500 X185.5 Y118.838
G1 F1350 X190.838 Y113.499 E301.02943
G0 F7500 X190.838 Y114.065
G1 F1350 X186.065 Y118.838 E301.25394
G0 F7500 X186.631 Y118.838
G1 F1350 X190.838 Y114.631 E301.45182
G0 F7500 X190.838 Y115.196
G1 F1350 X187.197 Y118.838 E301.62311
G0 F7500 X187.763 Y118.838
G1 F1350 X190.838 Y115.762 E301.76777
G0 F7500 X190.838 Y116.328
G1 F1350 X188.328 Y118.838 E301.88583
G0 F7500 X188.894 Y118.838
G1 F1350 X190.838 Y116.893 E301.97729
G0 F7500 X190.838 Y117.459
G1 F1350 X189.46 Y118.838 E302.04213
G0 F7500 X190.025 Y118.838
G1 F1350 X190.838 Y118.025 E302.08038
G0 F7500 X190.838 Y118.59
G1 F1350 X190.591 Y118.838 E302.09202
G1 F2700 E297.09202
;MESH:NONMESH
G0 F300 X190.591 Y118.838 Z0.6
G0 F7500 X190.591 Y119.299
G0 X28.773 Y119.227
G0 X28.601 Y119.399
;TIME_ELAPSED:492.294679
;LAYER:2
M106 S170
;TYPE:WALL-INNER
;MESH:Display 2x7219 mask .stl
G1 F2700 E302.09202
G1 F1500 X191.4 Y119.399 E307.50673
G1 X191.4 Y100.601 E308.13196
G1 X28.601 Y100.601 E313.54667
G1 X28.601 Y119.399 E314.1719
G1 F2700 E309.1719
G0 F9000 X28.701 Y119.13
G0 X103.86 Y119.199
G0 X103.609 Y118.283
G0 X103.86 Y117.983
G1 F2700 E314.1719
G1 F1500 X103.586 Y118.102 E314.18183
G1 X41.247 Y118.102 E316.25524
G1 X40.886 Y117.983 E316.26788
G1 X40.692 Y117.733 E316.27841
G1 X40.647 Y117.502 E316.28623
G1 X40.647 Y102.497 E316.7853
G1 X40.693 Y102.265 E316.79317
G1 X40.887 Y102.016 E316.80367
G1 X41.161 Y101.897 E316.8136
G1 X103.5 Y101.897 E318.88701
G1 X103.861 Y102.016 E318.89965
G1 X104.055 Y102.266 E318.91017
G1 X104.1 Y102.497 E318.918
G1 X104.1 Y117.502 E319.41707
G1 X104.054 Y117.734 E319.42494
G1 X103.86 Y117.983 E319.43543
G1 F2700 E314.43543
G0 F9000 X103.86 Y118.002
G0 X104.281 Y117.501
G0 X118.719 Y117.501
G0 X119.139 Y117.983
G1 F2700 E319.43543
G1 F1500 X118.945 Y117.733 E319.44596
G1 X118.9 Y117.502 E319.45379
G1 X118.9 Y102.497 E319.95285
G1 X118.946 Y102.265 E319.96072
G1 X119.14 Y102.016 E319.97122
G1 X119.414 Y101.897 E319.98116
G1 X181.753 Y101.897 E322.05456
G1 X182.114 Y102.016 E322.0672
G1 X182.308 Y102.266 E322.07773
G1 X182.353 Y102.497 E322.08555
G1 X182.353 Y117.502 E322.58462
G1 X182.307 Y117.734 E322.59249
G1 X182.113 Y117.983 E322.60299
G1 X181.839 Y118.102 E322.61292
G1 X119.5 Y118.102 E324.68633
G1 X119.139 Y117.983 E324.69897
G0 F9000 X119.379 Y117.663
;TYPE:WALL-OUTER
G1 F1500 X119.3 Y117.559 E324.70331
G1 X119.3 Y102.438 E325.20624
G1 X119.38 Y102.336 E325.21055
G1 X119.465 Y102.299 E325.21363
G1 X181.753 Y102.297 E327.28534
G1 X181.874 Y102.336 E327.28957
G1 X181.953 Y102.44 E327.29391
G1 X181.953 Y117.561 E327.79684
G1 X181.873 Y117.663 E327.80115
G1 X181.788 Y117.7 E327.80424
G1 X119.5 Y117.702 E329.87594
G1 X119.379 Y117.663 E329.88017
G1 F2700 E324.88017
G0 F9000 X119.379 Y118.002
G0 X118.719 Y117.501
G0 X104.281 Y117.501
G0 X103.62 Y117.663
G1 F2700 E329.88017
G1 F1500 X103.535 Y117.7 E329.88325
G1 X41.247 Y117.702 E331.95496
G1 X41.126 Y117.663 E331.95919
G1 X41.047 Y117.559 E331.96353
G1 X41.047 Y102.438 E332.46646
G1 X41.127 Y102.336 E332.47077
G1 X41.212 Y102.299 E332.47386
G1 X103.5 Y102.297 E334.54556
G1 X103.621 Y102.336 E334.54979
G1 X103.7 Y102.44 E334.55413
G1 X103.7 Y117.561 E335.05706
G1 X103.62 Y117.663 E335.06137
G1 F2700 E330.06137
G0 F9000 X103.62 Y118.002
G0 X40.847 Y117.902
G0 X40.847 Y119.199
G0 X28.201 Y119.799
G1 F2700 E335.06137
G1 F1500 X191.8 Y119.799 E340.5027
G1 X191.8 Y100.201 E341.15453
G1 X28.201 Y100.201 E346.59585
G1 X28.201 Y119.799 E347.24769
G1 F2700 E342.24769
G0 F9000 X28.47 Y119.53
G0 X119.076 Y119.199
G0 X119.393 Y118.246
G0 X118.912 Y118.269
;TYPE:SKIN
G1 F2700 E347.24769
G1 F1263.2 X119.425 Y118.5 E347.26991
G1 F1202.4 X140.25 Y118.501 E348.13398
G1 F1207.2 X161.075 Y118.503 E348.99459
G1 F1214.6 X181.9 Y118.505 E349.85
G1 F1279.3 X182.341 Y118.265 E349.86958
G1 F1418.4 X182.642 Y117.88 E349.88677
G1 F1500 X182.71 Y117.536 E349.89843
G1 X182.71 Y102.462 E350.39979
G1 X182.642 Y102.122 E350.41133
G1 F1411.8 X182.34 Y101.729 E350.42884
G1 F1263.2 X181.828 Y101.499 E350.45101
G1 F1204.8 X161.004 Y101.498 E351.31331
G1 F1209.7 X140.18 Y101.496 E352.17214
G1 F1217 X119.356 Y101.495 E353.02579
G1 F1279.3 X118.912 Y101.734 E353.04545
G1 F1418.4 X118.611 Y102.119 E353.06264
G1 F1500 X118.543 Y102.462 E353.07427
G1 X118.543 Y117.537 E353.57567
G1 X118.611 Y117.878 E353.58723
G1 F1411.8 X118.912 Y118.269 E353.60467
G1 F2700 E348.60467
G0 F9000 X119.076 Y118.062
G0 X118.719 Y117.501
G0 X118.719 Y119.199
G0 X104.188 Y119.038
G1 F2700 E353.60467
G1 F1345.3 X103.688 Y118.993 E353.62329
G1 F1214.6 X82.823 Y118.992 E354.48034
G1 F1207.2 X61.958 Y118.991 E355.3426
G1 F1202.4 X41.093 Y118.989 E356.20833
G1 F1333.3 X40.609 Y119.039 E356.22654
G1 F1500 X28.961 Y119.039 E356.61395
G1 X28.961 Y100.961 E357.21523
G1 X40.559 Y100.961 E357.60098
G1 F1345.3 X41.06 Y101.007 E357.61964
G1 F1222 X72.278 Y101.006 E358.89417
G1 F1227 X103.496 Y101.005 E360.16351
G1 F1214.6 X103.653 Y101.012 E360.16997
G1 F1333.3 X104.138 Y100.962 E360.18821
G1 F1500 X118.812 Y100.961 E360.67627
G1 F1345.3 X119.313 Y101.007 E360.69493
G1 F1222 X150.531 Y101.006 E361.96946
G1 F1227 X181.749 Y101.005 E363.2388
G1 F1214.6 X181.906 Y101.012 E363.24525
G1 F1333.3 X182.391 Y100.962 E363.2635
G1 F1500 X191.04 Y100.962 E363.55116
G1 X191.04 Y119.039 E364.15241
G1 X182.441 Y119.038 E364.43841
G1 F1345.3 X181.941 Y118.993 E364.45703
G1 F1214.6 X161.076 Y118.992 E365.31409
G1 F1207.2 X140.211 Y118.991 E366.17635
G1 F1202.4 X119.346 Y118.989 E367.04208
G1 F1333.3 X118.862 Y119.039 E367.06028
G1 F1500 X104.188 Y119.038 E367.54834
G0 F9000 X103.646 Y118.505
G1 F1279.3 X104.088 Y118.265 E367.56796
G1 F1418.4 X104.389 Y117.88 E367.58515
G1 F1500 X104.457 Y117.536 E367.59681
G1 X104.457 Y102.462 E368.09817
G1 X104.389 Y102.122 E368.10971
G1 F1411.8 X104.087 Y101.729 E368.12722
G1 F1263.2 X103.575 Y101.499 E368.14939
G1 F1204.8 X82.751 Y101.498 E369.01169
G1 F1209.7 X61.927 Y101.496 E369.87052
G1 F1217 X41.103 Y101.495 E370.72416
G1 F1279.3 X40.659 Y101.734 E370.74383
G1 F1418.4 X40.358 Y102.119 E370.76102
G1 F1500 X40.29 Y102.462 E370.77265
G1 X40.29 Y117.537 E371.27404
G1 X40.358 Y117.878 E371.28561
G1 F1411.8 X40.659 Y118.269 E371.30305
G1 F1263.2 X41.172 Y118.5 E371.32527
G1 F1202.4 X61.997 Y118.501 E372.18934
G1 F1207.2 X82.822 Y118.503 E373.04995
G1 F1214.6 X103.647 Y118.505 E373.90536
G1 F2700 E368.90536
G0 F9000 X103.647 Y119.299
G0 X29.459 Y119.299
G0 X29.459 Y118.837
G1 F2700 E373.90536
G1 F1500 X29.161 Y118.539 E373.91938
G0 F9000 X29.161 Y117.973
G1 F1500 X30.025 Y118.837 E373.96002
G0 F9000 X30.59 Y118.837
G1 F1500 X29.161 Y117.408 E374.02723
G0 F9000 X29.161 Y116.842
G1 F1500 X31.156 Y118.837 E374.12107
G0 F9000 X31.722 Y118.837
G1 F1500 X29.161 Y116.276 E374.24153
G0 F9000 X29.161 Y115.71
G1 F1500 X32.287 Y118.837 E374.38859
G0 F9000 X32.853 Y118.837
G1 F1500 X29.161 Y115.145 E374.56225
G0 F9000 X29.161 Y114.579
G1 F1500 X33.419 Y118.837 E374.76254
G0 F9000 X33.984 Y118.837
G1 F1500 X29.161 Y114.013 E374.98942
G0 F9000 X29.161 Y113.448
G1 F1500 X34.55 Y118.837 E375.2429
G0 F9000 X35.116 Y118.837
G1 F1500 X29.161 Y112.882 E375.52301
G0 F9000 X29.161 Y112.316
G1 F1500 X35.682 Y118.837 E375.82973
G0 F9000 X36.247 Y118.837
G1 F1500 X29.161 Y111.751 E376.16304
G0 F9000 X29.161 Y111.185
G1 F1500 X36.813 Y118.837 E376.52296
G0 F9000 X37.379 Y118.837
G1 F1500 X29.161 Y110.619 E376.90951
G0 F9000 X29.161 Y110.054
G1 F1500 X37.944 Y118.837 E377.32264
G0 F9000 X38.51 Y118.837
G1 F1500 X29.161 Y109.488 E377.76239
G0 F9000 X29.161 Y108.922
G1 F1500 X39.076 Y118.837 E378.22876
G0 F9000 X39.641 Y118.837
G1 F1500 X29.161 Y108.357 E378.72171
G0 F9000 X29.161 Y107.791
G1 F1500 X40.207 Y118.837 E379.24128
G0 F9000 X40.443 Y118.508
G1 F1500 X29.161 Y107.225 E379.77197
G0 F9000 X29.161 Y106.659
G1 F1500 X40.098 Y117.597 E380.28644
G0 F9000 X40.087 Y117.02
G1 F1500 X29.161 Y106.094 E380.80036
G0 F9000 X29.161 Y105.528
G1 F1500 X40.087 Y116.454 E381.31429
G0 F9000 X40.087 Y115.889
G1 F1500 X29.161 Y104.962 E381.82824
G0 F9000 X29.161 Y104.397
G1 F1500 X40.087 Y115.323 E382.34216
G0 F9000 X40.087 Y114.757
G1 F1500 X29.161 Y103.831 E382.85609
G0 F9000 X29.161 Y103.265
G1 F1500 X40.087 Y114.192 E383.37004
G0 F9000 X40.087 Y113.626
G1 F1500 X29.161 Y102.7 E383.88396
G0 F9000 X29.161 Y102.134
G1 F1500 X40.087 Y113.06 E384.39789
G0 F9000 X40.087 Y112.495
G1 F1500 X29.161 Y101.568 E384.91184
G0 F9000 X29.318 Y101.16
G1 F1500 X40.087 Y111.929 E385.41838
G0 F9000 X40.087 Y111.363
G1 F1500 X29.884 Y101.16 E385.8983
G0 F9000 X30.45 Y101.16
G1 F1500 X40.087 Y110.797 E386.35159
G0 F9000 X40.087 Y110.232
G1 F1500 X31.015 Y101.16 E386.77831
G0 F9000 X31.581 Y101.16
G1 F1500 X40.087 Y109.666 E387.17841
G0 F9000 X40.087 Y109.1
G1 F1500 X32.147 Y101.16 E387.55188
G0 F9000 X32.712 Y101.16
G1 F1500 X40.087 Y108.535 E387.89878
G0 F9000 X40.087 Y107.969
G1 F1500 X33.278 Y101.16 E388.21905
G0 F9000 X33.844 Y101.16
G1 F1500 X40.087 Y107.403 E388.5127
G0 F9000 X40.087 Y106.838
G1 F1500 X34.409 Y101.16 E388.77978
G0 F9000 X34.975 Y101.16
G1 F1500 X40.087 Y106.272 E389.02023
G0 F9000 X40.087 Y105.706
G1 F1500 X35.541 Y101.16 E389.23406
G0 F9000 X36.106 Y101.16
G1 F1500 X40.087 Y105.141 E389.42132
G0 F9000 X40.087 Y104.575
G1 F1500 X36.672 Y101.16 E389.58195
G0 F9000 X37.238 Y101.16
G1 F1500 X40.087 Y104.009 E389.71595
G0 F9000 X40.087 Y103.444
G1 F1500 X37.804 Y101.16 E389.82336
G0 F9000 X38.369 Y101.16
G1 F1500 X40.087 Y102.878 E389.90417
G0 F9000 X40.111 Y102.336
G1 F1500 X38.935 Y101.16 E389.95949
G0 F9000 X39.501 Y101.16
G1 F1500 X40.26 Y101.92 E389.99521
G0 F9000 X40.489 Y101.583
G1 F1500 X40.066 Y101.16 E390.01511
G0 F9000 X40.648 Y101.177
G1 F1500 X40.853 Y101.381 E390.02473
G1 F2700 E385.02473
G0 F9000 X40.853 Y100.701
G0 X28.773 Y100.773
G0 X28.773 Y119.227
G0 X40.444 Y119.299
G0 X40.444 Y118.508
G1 F2700 E390.02473
G1 F1500 X40.744 Y118.809 E390.03886
G1 F2700 E385.03886
G0 F9000 X40.744 Y119.299
G0 X103.903 Y119.299
G0 X103.903 Y118.611
G1 F2700 E390.03886
G1 F1500 X104.117 Y118.825 E390.04893
G0 F9000 X104.246 Y118.388
G1 F1500 X104.695 Y118.837 E390.07005
G0 F9000 X105.261 Y118.837
G1 F1500 X104.494 Y118.07 E390.10613
G0 F9000 X104.638 Y117.649
G1 F1500 X105.827 Y118.837 E390.16203
G0 F9000 X106.392 Y118.837
G1 F1500 X104.659 Y117.104 E390.24354
G0 F9000 X104.659 Y116.538
G1 F1500 X106.958 Y118.837 E390.35168
G0 F9000 X107.524 Y118.837
G1 F1500 X104.659 Y115.973 E390.48642
G0 F9000 X104.659 Y115.407
G1 F1500 X108.089 Y118.837 E390.64776
G0 F9000 X108.655 Y118.837
G1 F1500 X104.659 Y114.841 E390.83572
G0 F9000 X104.659 Y114.276
G1 F1500 X109.221 Y118.837 E391.05027
G0 F9000 X109.786 Y118.837
G1 F1500 X104.659 Y113.71 E391.29143
G0 F9000 X104.659 Y113.144
G1 F1500 X110.352 Y118.837 E391.55921
G0 F9000 X110.918 Y118.837
G1 F1500 X104.659 Y112.579 E391.85359
G0 F9000 X104.659 Y112.013
G1 F1500 X111.483 Y118.837 E392.17457
G0 F9000 X112.049 Y118.837
G1 F1500 X104.659 Y111.447 E392.52218
G0 F9000 X104.659 Y110.882
G1 F1500 X112.615 Y118.837 E392.89638
G0 F9000 X113.18 Y118.837
G1 F1500 X104.659 Y110.316 E393.29718
G0 F9000 X104.659 Y109.75
G1 F1500 X113.746 Y118.837 E393.72461
G0 F9000 X114.312 Y118.837
G1 F1500 X104.659 Y109.185 E394.17863
G0 F9000 X104.659 Y108.619
G1 F1500 X114.877 Y118.837 E394.65925
G0 F9000 X115.443 Y118.837
G1 F1500 X104.659 Y108.053 E395.1665
G0 F9000 X104.659 Y107.488
G1 F1500 X116.009 Y118.837 E395.70035
G0 F9000 X116.575 Y118.837
G1 F1500 X104.659 Y106.922 E396.26081
G0 F9000 X104.659 Y106.356
G1 F1500 X117.14 Y118.837 E396.84788
G0 F9000 X117.706 Y118.837
G1 F1500 X104.659 Y105.79 E397.46157
G0 F9000 X104.659 Y105.225
G1 F1500 X118.272 Y118.837 E398.10186
G0 F9000 X118.634 Y118.634
G1 F1500 X104.659 Y104.659 E398.7592
G0 F9000 X104.659 Y104.093
G1 F1500 X118.397 Y117.831 E399.4054
G0 F9000 X118.339 Y117.207
G1 F1500 X104.659 Y103.528 E400.04884
G0 F9000 X104.659 Y102.962
G1 F1500 X118.339 Y116.642 E400.69231
G0 F9000 X118.339 Y116.076
G1 F1500 X104.644 Y102.381 E401.33648
G0 F9000 X104.309 Y101.481
G1 F1500 X118.339 Y115.51 E401.99638
G0 F9000 X118.339 Y114.945
G1 F1500 X104.556 Y101.162 E402.64469
G0 F9000 X104.308 Y101.48
G1 F1500 X104.016 Y101.187 E402.65845
G0 F9000 X104.016 Y100.701
G0 X105.122 Y100.701
G0 X105.122 Y101.162
G1 F1500 X118.339 Y114.379 E403.28014
G0 F9000 X118.339 Y113.813
G1 F1500 X105.687 Y101.162 E403.87522
G0 F9000 X106.253 Y101.162
G1 F1500 X118.339 Y113.248 E404.44371
G0 F9000 X118.339 Y112.682
G1 F1500 X106.819 Y101.162 E404.98558
G0 F9000 X107.384 Y101.162
G1 F1500 X118.339 Y112.116 E405.50084
G0 F9000 X118.339 Y111.551
G1 F1500 X107.95 Y101.162 E405.98951
G0 F9000 X108.516 Y101.162
G1 F1500 X118.339 Y110.985 E406.45155
G0 F9000 X118.339 Y110.419
G1 F1500 X109.081 Y101.162 E406.887
G0 F9000 X109.647 Y101.162
G1 F1500 X118.339 Y109.853 E407.29582
G0 F9000 X118.339 Y109.288
G1 F1500 X110.213 Y101.162 E407.67804
G0 F9000 X110.778 Y101.162
G1 F1500 X118.339 Y108.722 E408.03367
G0 F9000 X118.339 Y108.156
G1 F1500 X111.344 Y101.162 E408.36267
G0 F9000 X111.91 Y101.162
G1 F1500 X118.339 Y107.591 E408.66507
G0 F9000 X118.339 Y107.025
G1 F1500 X112.475 Y101.162 E408.94087
G0 F9000 X113.041 Y101.162
G1 F1500 X118.339 Y106.459 E409.19004
G0 F9000 X118.339 Y105.894
G1 F1500 X113.607 Y101.162 E409.41262
G0 F9000 X114.172 Y101.162
G1 F1500 X118.339 Y105.328 E409.6086
G0 F9000 X118.339 Y104.762
G1 F1500 X114.738 Y101.162 E409.77796
G0 F9000 X115.304 Y101.162
G1 F1500 X118.339 Y104.197 E409.92072
G0 F9000 X118.339 Y103.631
G1 F1500 X115.87 Y101.162 E410.03685
G0 F9000 X116.435 Y101.162
G1 F1500 X118.339 Y103.065 E410.12639
G0 F9000 X118.339 Y102.5
G1 F1500 X117.001 Y101.162 E410.18932
G0 F9000 X117.567 Y101.162
G1 F1500 X118.445 Y102.04 E410.23062
G0 F9000 X118.678 Y101.708
G1 F1500 X118.132 Y101.162 E410.2563
G0 F9000 X118.697 Y101.161
G1 F1500 X118.99 Y101.454 E410.27008
G1 F2700 E405.27008
G0 F9000 X118.99 Y100.701
G0 X191.228 Y100.773
G0 X191.228 Y119.227
G0 X118.634 Y119.299
G0 X118.634 Y118.634
G1 F2700 E410.27008
G1 F1500 X118.838 Y118.838 E410.27968
G0 F9000 X119.246 Y118.68
G1 F1500 X119.31 Y118.745 E410.28271
G1 F2700 E405.28271
G0 F9000 X119.31 Y119.299
G0 X182.041 Y119.299
G0 X182.041 Y118.685
G1 F2700 E410.28271
G1 F1500 X182.14 Y118.783 E410.28735
G0 F9000 X182.387 Y118.465
G1 F1500 X182.674 Y118.752 E410.30085
G1 X182.675 Y118.752
G1 X182.76 Y118.837 E410.30484
G0 F9000 X183.325 Y118.837
G1 F1500 X182.664 Y118.176 E410.33594
G0 F9000 X182.859 Y117.805
G1 F1500 X183.891 Y118.837 E410.38448
G0 F9000 X184.457 Y118.837
G1 F1500 X182.912 Y117.292 E410.45715
G0 F9000 X182.912 Y116.727
G1 F1500 X185.022 Y118.837 E410.5564
G0 F9000 X185.588 Y118.837
G1 F1500 X182.912 Y116.161 E410.68227
G0 F9000 X182.912 Y115.595
G1 F1500 X186.154 Y118.837 E410.83476
G0 F9000 X186.72 Y118.838
G1 F1500 X182.912 Y115.03 E411.01388
G0 F9000 X182.912 Y114.464
G1 F1500 X187.286 Y118.838 E411.21962
G0 F9000 X187.852 Y118.838
G1 F1500 X182.912 Y113.898 E411.45198
G0 F9000 X182.912 Y113.332
G1 F1500 X188.417 Y118.838 E411.71094
G0 F9000 X188.983 Y118.838
G1 F1500 X182.912 Y112.767 E411.9965
G0 F9000 X182.912 Y112.201
G1 F1500 X189.549 Y118.838 E412.30869
G0 F9000 X190.114 Y118.838
G1 F1500 X182.912 Y111.635 E412.64747
G0 F9000 X182.912 Y111.07
G1 F1500 X190.68 Y118.838 E413.01285
G0 F9000 X190.839 Y118.431
G1 F1500 X182.912 Y110.504 E413.38572
G0 F9000 X182.912 Y109.938
G1 F1500 X190.839 Y117.866 E413.7586
G0 F9000 X190.839 Y117.3
G1 F1500 X182.912 Y109.373 E414.13146
G0 F9000 X182.912 Y108.807
G1 F1500 X190.839 Y116.734 E414.50432
G0 F9000 X190.839 Y116.169
G1 F1500 X182.912 Y108.241 E414.87721
G0 F9000 X182.912 Y107.676
G1 F1500 X190.839 Y115.603 E415.25007
G0 F9000 X190.839 Y115.037
G1 F1500 X182.912 Y107.11 E415.62293
G0 F9000 X182.912 Y106.544
G1 F1500 X190.839 Y114.472 E415.99582
G0 F9000 X190.839 Y113.906
G1 F1500 X182.912 Y105.979 E416.36868
G0 F9000 X182.912 Y105.413
G1 F1500 X190.839 Y113.34 E416.74154
G0 F9000 X190.839 Y112.775
G1 F1500 X182.912 Y104.847 E417.11443
G0 F9000 X182.912 Y104.281
G1 F1500 X190.839 Y112.209 E417.48731
G0 F9000 X190.839 Y111.643
G1 F1500 X182.912 Y103.716 E417.86017
G0 F9000 X182.912 Y103.15
G1 F1500 X190.839 Y111.077 E418.23304
G0 F9000 X190.839 Y110.512
G1 F1500 X182.912 Y102.584 E418.60592
G0 F9000 X182.453 Y102.584
G0 X182.177 Y101.937
G0 X182.5 Y101.607
G1 F1500 X182.113 Y101.22 E418.62413
G0 F9000 X182.62 Y101.162
G1 F1500 X182.685 Y101.227 E418.62718
G1 X182.686 Y101.227
G1 X190.839 Y109.38 E419.01067
G0 F9000 X190.839 Y108.815
G1 F1500 X183.186 Y101.162 E419.37065
G0 F9000 X183.752 Y101.162
G1 F1500 X190.839 Y108.249 E419.704
G0 F9000 X190.839 Y107.683
G1 F1500 X184.317 Y101.162 E420.01075
G0 F9000 X184.883 Y101.162
G1 F1500 X190.839 Y107.118 E420.2909
G0 F9000 X190.839 Y106.552
G1 F1500 X185.449 Y101.162 E420.54443
G0 F9000 X186.015 Y101.162
G1 F1500 X190.839 Y105.986 E420.77134
G0 F9000 X190.839 Y105.421
G1 F1500 X186.58 Y101.162 E420.97167
G0 F9000 X187.146 Y101.162
G1 F1500 X190.839 Y104.855 E421.14538
G0 F9000 X190.839 Y104.289
G1 F1500 X187.712 Y101.162 E421.29246
G0 F9000 X188.277 Y101.162
G1 F1500 X190.839 Y103.724 E421.41297
G0 F9000 X190.839 Y103.158
G1 F1500 X188.843 Y101.162 E421.50685
G0 F9000 X189.409 Y101.162
G1 F1500 X190.839 Y102.592 E421.57412
G0 F9000 X190.839 Y102.027
G1 F1500 X189.974 Y101.162 E421.6148
G0 F9000 X190.54 Y101.162
G1 F1500 X190.839 Y101.461 E421.62887
G1 F2700 E416.62887
G0 F9000 X190.839 Y100.701
G0 X182.177 Y100.801
G0 X181.861 Y101.754
G0 X182.5 Y101.607
G1 F2700 E421.62887
G1 F1500 X190.839 Y109.946 E422.02111
G1 F2700 E417.02111
;MESH:NONMESH
G0 F300 X190.839 Y109.946 Z0.8
G0 F9000 X191.3 Y109.946
G0 X191.228 Y119.227
G0 X28.773 Y119.227
G0 X28.601 Y119.399
;TIME_ELAPSED:666.614056
;LAYER:3
M106 S255
;TYPE:WALL-INNER
;MESH:Display 2x7219 mask .stl
G1 F2700 E422.02111
G1 F1500 X191.4 Y119.399 E427.43583
G1 X191.4 Y100.601 E428.06105
G1 X28.601 Y100.601 E433.47577
G1 X28.601 Y119.399 E434.10099
G1 F2700 E429.10099
G0 F9000 X28.701 Y119.13
G0 X103.86 Y119.199
G0 X103.609 Y118.283
G0 X103.86 Y117.983
G1 F2700 E434.10099
G1 F1500 X103.586 Y118.102 E434.11093
G1 X41.247 Y118.102 E436.18433
G1 X40.886 Y117.983 E436.19697
G1 X40.692 Y117.733 E436.2075
G1 X40.647 Y117.502 E436.21532
G1 X40.647 Y102.497 E436.71439
G1 X40.693 Y102.265 E436.72226
G1 X40.887 Y102.016 E436.73276
G1 X41.161 Y101.897 E436.74269
G1 X103.5 Y101.897 E438.8161
G1 X103.861 Y102.016 E438.82874
G1 X104.055 Y102.266 E438.83926
G1 X104.1 Y102.497 E438.84709
G1 X104.1 Y117.502 E439.34616
G1 X104.054 Y117.734 E439.35403
G1 X103.86 Y117.983 E439.36453
G1 F2700 E434.36453
G0 F9000 X103.86 Y118.002
G0 X104.281 Y117.501
G0 X118.719 Y117.501
G0 X119.139 Y117.983
G1 F2700 E439.36453
G1 F1500 X118.945 Y117.733 E439.37505
G1 X118.9 Y117.502 E439.38288
G1 X118.9 Y102.497 E439.88195
G1 X118.946 Y102.265 E439.88981
G1 X119.14 Y102.016 E439.90031
G1 X119.414 Y101.897 E439.91025
G1 X181.753 Y101.897 E441.98365
G1 X182.114 Y102.016 E441.99629
G1 X182.308 Y102.266 E442.00682
G1 X182.353 Y102.497 E442.01465
G1 X182.353 Y117.502 E442.51371
G1 X182.307 Y117.734 E442.52158
G1 X182.113 Y117.983 E442.53208
G1 X181.839 Y118.102 E442.54202
G1 X119.5 Y118.102 E444.61542
G1 X119.139 Y117.983 E444.62806
G0 F9000 X119.379 Y117.663
;TYPE:WALL-OUTER
G1 F1500 X119.3 Y117.559 E444.63241
G1 X119.3 Y102.438 E445.13533
G1 X119.38 Y102.336 E445.13964
G1 X119.465 Y102.299 E445.14273
G1 X181.753 Y102.297 E447.21443
G1 X181.874 Y102.336 E447.21866
G1 X181.953 Y102.44 E447.22301
G1 X181.953 Y117.561 E447.72593
G1 X181.873 Y117.663 E447.73024
G1 X181.788 Y117.7 E447.73333
G1 X119.5 Y117.702 E449.80503
G1 X119.379 Y117.663 E449.80926
G1 F2700 E444.80926
G0 F9000 X119.379 Y118.002
G0 X118.719 Y117.501
G0 X104.281 Y117.501
G0 X103.62 Y117.663
G1 F2700 E449.80926
G1 F1500 X103.535 Y117.7 E449.81235
G1 X41.247 Y117.702 E451.88405
G1 X41.126 Y117.663 E451.88828
G1 X41.047 Y117.559 E451.89263
G1 X41.047 Y102.438 E452.39555
G1 X41.127 Y102.336 E452.39986
G1 X41.212 Y102.299 E452.40295
G1 X103.5 Y102.297 E454.47465
G1 X103.621 Y102.336 E454.47888
G1 X103.7 Y102.44 E454.48323
G1 X103.7 Y117.561 E454.98615
G1 X103.62 Y117.663 E454.99046
G1 F2700 E449.99046
G0 F9000 X103.62 Y118.002
G0 X40.847 Y117.902
G0 X40.847 Y119.199
G0 X28.201 Y119.799
G1 F2700 E454.99046
G1 F1500 X191.8 Y119.799 E460.43179
G1 X191.8 Y100.201 E461.08362
G1 X28.201 Y100.201 E466.52495
G1 X28.201 Y119.799 E467.17678
G1 F2700 E462.17678
G0 F9000 X28.47 Y119.53
G0 X119.076 Y119.199
G0 X119.393 Y118.246
G0 X118.912 Y118.269
;TYPE:SKIN
G1 F2700 E467.17678
G1 F1263.2 X119.425 Y118.5 E467.199
G1 F1202.4 X140.25 Y118.501 E468.06307
G1 F1207.2 X161.075 Y118.503 E468.92368
G1 F1214.6 X181.9 Y118.505 E469.77909
G1 F1279.3 X182.341 Y118.265 E469.79867
G1 F1418.4 X182.642 Y117.88 E469.81586
G1 F1500 X182.71 Y117.536 E469.82752
G1 X182.71 Y102.462 E470.32889
G1 X182.642 Y102.122 E470.34042
G1 F1411.8 X182.34 Y101.729 E470.35793
G1 F1263.2 X181.828 Y101.499 E470.3801
G1 F1204.8 X161.004 Y101.498 E471.2424
G1 F1209.7 X140.18 Y101.496 E472.10124
G1 F1217 X119.356 Y101.495 E472.95488
G1 F1279.3 X118.912 Y101.734 E472.97454
G1 F1418.4 X118.611 Y102.119 E472.99173
G1 F1500 X118.543 Y102.462 E473.00336
G1 X118.543 Y117.537 E473.50476
G1 X118.611 Y117.878 E473.51632
G1 F1411.8 X118.912 Y118.269 E473.53376
G1 F2700 E468.53376
G0 F9000 X119.076 Y118.062
G0 X118.719 Y117.501
G0 X118.719 Y119.199
G0 X104.188 Y119.038
G1 F2700 E473.53376
G1 F1345.3 X103.688 Y118.993 E473.55238
G1 F1214.6 X82.823 Y118.992 E474.40943
G1 F1207.2 X61.958 Y118.991 E475.27169
G1 F1202.4 X41.093 Y118.989 E476.13743
G1 F1333.3 X40.609 Y119.039 E476.15563
G1 F1500 X28.961 Y119.039 E476.54305
G1 X28.961 Y100.961 E477.14432
G1 X40.559 Y100.961 E477.53007
G1 F1345.3 X41.06 Y101.007 E477.54873
G1 F1222 X72.278 Y101.006 E478.82326
G1 F1227 X103.496 Y101.005 E480.0926
G1 F1214.6 X103.653 Y101.012 E480.09906
G1 F1333.3 X104.138 Y100.962 E480.1173
G1 F1500 X118.812 Y100.961 E480.60536
G1 F1345.3 X119.313 Y101.007 E480.62402
G1 F1222 X150.531 Y101.006 E481.89855
G1 F1227 X181.749 Y101.005 E483.16789
G1 F1214.6 X181.906 Y101.012 E483.17435
G1 F1333.3 X182.391 Y100.962 E483.19259
G1 F1500 X191.04 Y100.962 E483.48026
G1 X191.04 Y119.039 E484.0815
G1 X182.441 Y119.038 E484.3675
G1 F1345.3 X181.941 Y118.993 E484.38612
G1 F1214.6 X161.076 Y118.992 E485.24318
G1 F1207.2 X140.211 Y118.991 E486.10544
G1 F1202.4 X119.346 Y118.989 E486.97117
G1 F1333.3 X118.862 Y119.039 E486.98938
G1 F1500 X104.188 Y119.038 E487.47744
G0 F9000 X103.646 Y118.505
G1 F1279.3 X104.088 Y118.265 E487.49705
G1 F1418.4 X104.389 Y117.88 E487.51424
G1 F1500 X104.457 Y117.536 E487.5259
G1 X104.457 Y102.462 E488.02726
G1 X104.389 Y102.122 E488.0388
G1 F1411.8 X104.087 Y101.729 E488.05631
G1 F1263.2 X103.575 Y101.499 E488.07848
G1 F1204.8 X82.751 Y101.498 E488.94078
G1 F1209.7 X61.927 Y101.496 E489.79961
G1 F1217 X41.103 Y101.495 E490.65326
G1 F1279.3 X40.659 Y101.734 E490.67292
G1 F1418.4 X40.358 Y102.119 E490.69011
G1 F1500 X40.29 Y102.462 E490.70174
G1 X40.29 Y117.537 E491.20314
G1 X40.358 Y117.878 E491.2147
G1 F1411.8 X40.659 Y118.269 E491.23214
G1 F1263.2 X41.172 Y118.5 E491.25436
G1 F1202.4 X61.997 Y118.501 E492.11843
G1 F1207.2 X82.822 Y118.503 E492.97904
G1 F1214.6 X103.647 Y118.505 E493.83445
G1 F2700 E488.83445
G0 F9000 X103.647 Y119.299
G0 X28.773 Y119.227
G0 X28.701 Y101.512
G0 X29.161 Y101.512
G1 F2700 E493.83445
G1 F1500 X29.513 Y101.16 E493.85101
G0 F9000 X30.078 Y101.16
G1 F1500 X29.161 Y102.077 E493.89414
G0 F9000 X29.161 Y102.643
G1 F1500 X30.644 Y101.16 E493.9639
G0 F9000 X31.21 Y101.16
G1 F1500 X29.161 Y103.209 E494.06028
G0 F9000 X29.161 Y103.774
G1 F1500 X31.775 Y101.16 E494.18323
G0 F9000 X32.341 Y101.16
G1 F1500 X29.161 Y104.34 E494.33281
G0 F9000 X29.161 Y104.906
G1 F1500 X32.907 Y101.16 E494.50901
G0 F9000 X33.473 Y101.16
G1 F1500 X29.161 Y105.472 E494.71183
G0 F9000 X29.161 Y106.037
G1 F1500 X34.038 Y101.16 E494.94123
G0 F9000 X34.604 Y101.16
G1 F1500 X29.161 Y106.603 E495.19725
G0 F9000 X29.161 Y107.169
G1 F1500 X35.17 Y101.16 E495.4799
G0 F9000 X35.735 Y101.16
G1 F1500 X29.161 Y107.734 E495.78912
G0 F9000 X29.161 Y108.3
G1 F1500 X36.301 Y101.16 E496.12496
G0 F9000 X36.867 Y101.16
G1 F1500 X29.161 Y108.866 E496.48743
G0 F9000 X29.161 Y109.431
G1 F1500 X37.432 Y101.16 E496.87647
G0 F9000 X37.998 Y101.16
G1 F1500 X29.161 Y109.997 E497.29214
G0 F9000 X29.161 Y110.563
G1 F1500 X38.564 Y101.16 E497.73442
G0 F9000 X39.129 Y101.16
G1 F1500 X29.161 Y111.128 E498.20329
G0 F9000 X29.161 Y111.694
G1 F1500 X39.695 Y101.16 E498.69878
G0 F9000 X40.261 Y101.16
G1 F1500 X29.161 Y112.26 E499.22089
G0 F9000 X29.161 Y112.825
G1 F1500 X40.461 Y101.525 E499.7524
G1 X40.462 Y101.524
G1 X40.785 Y101.201 E499.7676
G0 F9000 X40.785 Y100.701
G0 X40.546 Y100.801
G0 X40.972 Y101.789
G0 X40.086 Y102.466
G1 F1500 X29.161 Y113.391 E500.28147
G0 F9000 X29.161 Y113.957
G1 F1500 X40.086 Y103.031 E500.79538
G0 F9000 X40.086 Y103.597
G1 F1500 X29.161 Y114.523 E501.30928
G0 F9000 X29.161 Y115.088
G1 F1500 X40.086 Y104.163 E501.82316
G0 F9000 X40.086 Y104.728
G1 F1500 X29.161 Y115.654 E502.33706
G0 F9000 X29.161 Y116.22
G1 F1500 X40.086 Y105.294 E502.85096
G0 F9000 X40.086 Y105.86
G1 F1500 X29.161 Y116.785 E503.36484
G0 F9000 X29.161 Y117.351
G1 F1500 X40.086 Y106.425 E503.87874
G0 F9000 X40.086 Y106.991
G1 F1500 X29.161 Y117.917 E504.39264
G0 F9000 X29.161 Y118.482
G1 F1500 X40.086 Y107.557 E504.90652
G0 F9000 X40.086 Y108.122
G1 F1500 X29.371 Y118.837 E505.41052
G0 F9000 X29.937 Y118.837
G1 F1500 X40.086 Y108.688 E505.8879
G0 F9000 X40.086 Y109.254
G1 F1500 X30.503 Y118.837 E506.33866
G0 F9000 X31.068 Y118.837
G1 F1500 X40.086 Y109.82 E506.76281
G0 F9000 X40.086 Y110.385
G1 F1500 X31.634 Y118.837 E507.16037
G0 F9000 X32.2 Y118.837
G1 F1500 X40.086 Y110.951 E507.5313
G0 F9000 X40.086 Y111.517
G1 F1500 X32.765 Y118.837 E507.87563
G0 F9000 X33.331 Y118.837
G1 F1500 X40.086 Y112.082 E508.19337
G0 F9000 X40.086 Y112.648
G1 F1500 X33.897 Y118.837 E508.48448
G0 F9000 X34.462 Y118.837
G1 F1500 X40.086 Y113.214 E508.74899
G0 F9000 X40.086 Y113.779
G1 F1500 X35.028 Y118.837 E508.98691
G0 F9000 X35.594 Y118.837
G1 F1500 X40.086 Y114.345 E509.1982
G0 F9000 X40.086 Y114.911
G1 F1500 X36.16 Y118.837 E509.38286
G0 F9000 X36.725 Y118.837
G1 F1500 X40.086 Y115.476 E509.54095
G0 F9000 X40.086 Y116.042
G1 F1500 X37.291 Y118.837 E509.67242
G0 F9000 X37.857 Y118.837
G1 F1500 X40.086 Y116.608 E509.77727
G0 F9000 X40.086 Y117.173
G1 F1500 X38.422 Y118.837 E509.85554
G0 F9000 X38.988 Y118.837
G1 F1500 X40.119 Y117.706 E509.90874
G0 F9000 X40.283 Y118.108
G1 F1500 X39.554 Y118.837 E509.94303
G0 F9000 X40.119 Y118.837
G1 F1500 X40.438 Y118.518 E509.95803
G1 X40.439 Y118.518
G1 X40.54 Y118.417 E509.96278
G0 F9000 X40.899 Y118.624
G1 F1500 X40.705 Y118.817 E509.97188
G1 F2700 E504.97188
G0 F9000 X40.705 Y119.299
G0 X104.064 Y119.299
G0 X104.064 Y118.815
G1 F2700 E509.97188
G1 F1500 X104.325 Y118.554 E509.98416
G1 X104.326 Y118.553
G1 X118.339 Y104.54 E510.64329
G0 F9000 X118.339 Y103.975
G1 F1500 X104.632 Y117.682 E511.28802
G0 F9000 X104.66 Y117.088
G1 F1500 X118.339 Y103.409 E511.93144
G0 F9000 X118.339 Y102.843
G1 F1500 X104.66 Y116.522 E512.57486
G0 F9000 X104.66 Y115.957
G1 F1500 X118.384 Y102.232 E513.22042
G0 F9000 X118.651 Y101.4
G1 F1500 X104.66 Y115.391 E513.87851
G0 F9000 X104.66 Y114.825
G1 F1500 X118.324 Y101.161 E514.52122
G0 F9000 X118.651 Y101.399
G1 F1500 X118.878 Y101.172 E514.5319
G0 F9000 X118.878 Y100.701
G0 X117.758 Y100.701
G0 X117.758 Y101.161
G1 F1500 X104.66 Y114.259 E515.14799
G0 F9000 X104.66 Y113.694
G1 F1500 X117.193 Y101.161 E515.73751
G0 F9000 X116.627 Y101.161
G1 F1500 X104.66 Y113.128 E516.3004
G0 F9000 X104.66 Y112.562
G1 F1500 X116.061 Y101.161 E516.83666
G0 F9000 X115.495 Y101.161
G1 F1500 X104.66 Y111.997 E517.34633
G0 F9000 X104.66 Y111.431
G1 F1500 X114.93 Y101.161 E517.8294
G0 F9000 X114.364 Y101.161
G1 F1500 X104.66 Y110.865 E518.28585
G0 F9000 X104.66 Y110.3
G1 F1500 X113.798 Y101.161 E518.7157
G0 F9000 X113.233 Y101.161
G1 F1500 X104.66 Y109.734 E519.11894
G0 F9000 X104.66 Y109.168
G1 F1500 X112.667 Y101.161 E519.49557
G0 F9000 X112.101 Y101.162
G1 F1500 X104.66 Y108.603 E519.84557
G0 F9000 X104.66 Y108.037
G1 F1500 X111.535 Y101.162 E520.16895
G0 F9000 X110.969 Y101.162
G1 F1500 X104.66 Y107.471 E520.46571
G0 F9000 X104.66 Y106.906
G1 F1500 X110.404 Y101.162 E520.73589
G0 F9000 X109.838 Y101.162
G1 F1500 X104.66 Y106.34 E520.97944
G0 F9000 X104.66 Y105.774
G1 F1500 X109.272 Y101.162 E521.19638
G0 F9000 X108.707 Y101.162
G1 F1500 X104.66 Y105.209 E521.38674
G0 F9000 X104.66 Y104.643
G1 F1500 X108.141 Y101.162 E521.55047
G0 F9000 X107.575 Y101.162
G1 F1500 X104.66 Y104.077 E521.68758
G0 F9000 X104.66 Y103.511
G1 F1500 X107.01 Y101.162 E521.7981
G0 F9000 X106.444 Y101.162
G1 F1500 X104.66 Y102.946 E521.88201
G0 F9000 X104.646 Y102.394
G1 F1500 X105.878 Y101.162 E521.93996
G0 F9000 X105.312 Y101.162
G1 F1500 X104.516 Y101.958 E521.9774
G0 F9000 X104.27 Y101.638
G1 F1500 X104.747 Y101.162 E521.99981
G0 F9000 X104.182 Y101.161
G1 F1500 X103.924 Y101.419 E522.01195
G1 F2700 E517.01195
G0 F9000 X103.924 Y100.701
G0 X118.8 Y100.801
G0 X119.032 Y101.871
G0 X118.339 Y105.106
G1 F2700 E522.01195
G1 F1500 X104.607 Y118.838 E522.65786
G0 F9000 X105.172 Y118.838
G1 F1500 X118.339 Y105.672 E523.27717
G0 F9000 X118.339 Y106.237
G1 F1500 X105.738 Y118.838 E523.86989
G0 F9000 X106.304 Y118.838
G1 F1500 X118.339 Y106.803 E524.43598
G0 F9000 X118.339 Y107.369
G1 F1500 X106.869 Y118.838 E524.97547
G0 F9000 X107.435 Y118.838
G1 F1500 X118.339 Y107.934 E525.48836
G0 F9000 X118.339 Y108.5
G1 F1500 X108.001 Y118.838 E525.97462
G0 F9000 X108.567 Y118.838
G1 F1500 X118.339 Y109.066 E526.43427
G0 F9000 X118.339 Y109.631
G1 F1500 X109.132 Y118.838 E526.86734
G0 F9000 X109.698 Y118.838
G1 F1500 X118.339 Y110.197 E527.27378
G0 F9000 X118.339 Y110.763
G1 F1500 X110.264 Y118.838 E527.65361
G0 F9000 X110.829 Y118.838
G1 F1500 X118.339 Y111.329 E528.00683
G0 F9000 X118.339 Y111.894
G1 F1500 X111.395 Y118.838 E528.33346
G0 F9000 X111.961 Y118.838
G1 F1500 X118.339 Y112.46 E528.63346
G0 F9000 X118.339 Y113.026
G1 F1500 X112.526 Y118.838 E528.90686
G0 F9000 X113.092 Y118.838
G1 F1500 X118.339 Y113.591 E529.15366
G0 F9000 X118.339 Y114.157
G1 F1500 X113.658 Y118.838 E529.37384
G0 F9000 X114.223 Y118.838
G1 F1500 X118.339 Y114.723 E529.56742
G0 F9000 X118.339 Y115.288
G1 F1500 X114.789 Y118.838 E529.7344
G0 F9000 X115.355 Y118.838
G1 F1500 X118.339 Y115.854 E529.87476
G0 F9000 X118.339 Y116.42
G1 F1500 X115.92 Y118.838 E529.98852
G0 F9000 X116.486 Y118.838
G1 F1500 X118.339 Y116.985 E530.07568
G0 F9000 X118.34 Y117.55
G1 F1500 X117.052 Y118.838 E530.13626
G0 F9000 X117.618 Y118.838
G1 F1500 X118.46 Y117.996 E530.17587
G0 F9000 X118.699 Y118.323
G1 F1500 X118.183 Y118.838 E530.20012
G0 F9000 X118.749 Y118.838
G1 F1500 X119.031 Y118.556 E530.21338
G1 F2700 E525.21338
G0 F9000 X119.031 Y119.299
G0 X182.157 Y119.299
G0 X182.157 Y118.787
G1 F2700 E530.21338
G1 F1500 X182.516 Y118.428 E530.23027
G1 X182.516 Y118.427
G1 X190.838 Y110.105 E530.62171
G0 F9000 X190.838 Y109.54
G1 F1500 X182.912 Y117.466 E530.99452
G0 F9000 X182.912 Y116.901
G1 F1500 X190.838 Y108.974 E531.36736
G0 F9000 X190.838 Y108.408
G1 F1500 X182.912 Y116.335 E531.7402
G0 F9000 X182.912 Y115.769
G1 F1500 X190.838 Y107.842 E532.11304
G0 F9000 X190.838 Y107.277
G1 F1500 X182.912 Y115.203 E532.48585
G0 F9000 X182.912 Y114.638
G1 F1500 X190.838 Y106.711 E532.85869
G0 F9000 X190.838 Y106.145
G1 F1500 X182.912 Y114.072 E533.23153
G0 F9000 X182.912 Y113.506
G1 F1500 X190.838 Y105.58 E533.60434
G0 F9000 X190.838 Y105.014
G1 F1500 X182.912 Y112.941 E533.97718
G0 F9000 X182.912 Y112.375
G1 F1500 X190.838 Y104.448 E534.35002
G0 F9000 X190.838 Y103.883
G1 F1500 X182.912 Y111.809 E534.72284
G0 F9000 X182.912 Y111.244
G1 F1500 X190.838 Y103.317 E535.09567
G0 F9000 X190.838 Y102.751
G1 F1500 X182.912 Y110.678 E535.46851
G0 F9000 X182.912 Y110.112
G1 F1500 X190.838 Y102.186 E535.84133
G0 F9000 X190.838 Y101.62
G1 F1500 X182.912 Y109.547 E536.21416
G0 F9000 X182.912 Y108.981
G1 F1500 X190.732 Y101.161 E536.58199
G0 F9000 X190.166 Y101.161
G1 F1500 X182.912 Y108.415 E536.9232
G0 F9000 X182.912 Y107.85
G1 F1500 X189.6 Y101.161 E537.23781
G0 F9000 X189.035 Y101.161
G1 F1500 X182.912 Y107.284 E537.52581
G0 F9000 X182.912 Y106.718
G1 F1500 X188.469 Y101.161 E537.7872
G0 F9000 X187.903 Y101.161
G1 F1500 X182.912 Y106.152 E538.02196
G0 F9000 X182.912 Y105.587
G1 F1500 X187.338 Y101.161 E538.23014
G0 F9000 X186.772 Y101.161
G1 F1500 X182.912 Y105.021 E538.41171
G0 F9000 X182.912 Y104.455
G1 F1500 X186.206 Y101.161 E538.56665
G0 F9000 X185.64 Y101.161
G1 F1500 X182.912 Y103.89 E538.69499
G0 F9000 X182.912 Y103.324
G1 F1500 X185.075 Y101.161 E538.79673
G0 F9000 X184.509 Y101.161
G1 F1500 X182.912 Y102.758 E538.87185
G0 F9000 X182.868 Y102.237
G1 F1500 X183.943 Y101.161 E538.92243
G0 F9000 X183.378 Y101.161
G1 F1500 X182.687 Y101.852 E538.95494
G0 F9000 X182.416 Y101.557
G1 F1500 X182.628 Y101.345 E538.96491
G1 X182.629 Y101.344
G1 X182.812 Y101.161 E538.97352
G0 F9000 X182.208 Y101.199
G1 F1500 X182.057 Y101.351 E538.98064
G0 F9000 X182.057 Y100.701
G0 X191.228 Y100.773
G0 X191.3 Y110.671
G0 X190.838 Y110.671
G1 F1500 X182.702 Y118.808 E539.36336
G0 F9000 X183.237 Y118.838
G1 F1500 X190.838 Y111.237 E539.72089
G0 F9000 X190.838 Y111.802
G1 F1500 X183.803 Y118.838 E540.05181
G0 F9000 X184.368 Y118.838
G1 F1500 X190.838 Y112.368 E540.35614
G0 F9000 X190.838 Y112.934
G1 F1500 X184.934 Y118.838 E540.63385
G0 F9000 X185.5 Y118.838
G1 F1500 X190.838 Y113.499 E540.88496
G0 F9000 X190.838 Y114.065
G1 F1500 X186.065 Y118.838 E541.10946
G0 F9000 X186.631 Y118.838
G1 F1500 X190.838 Y114.631 E541.30735
G0 F9000 X190.838 Y115.196
G1 F1500 X187.197 Y118.838 E541.47863
G0 F9000 X187.763 Y118.838
G1 F1500 X190.838 Y115.762 E541.62329
G0 F9000 X190.838 Y116.328
G1 F1500 X188.328 Y118.838 E541.74136
G0 F9000 X188.894 Y118.838
G1 F1500 X190.838 Y116.893 E541.83282
G0 F9000 X190.838 Y117.459
G1 F1500 X189.46 Y118.838 E541.89766
G0 F9000 X190.025 Y118.838
G1 F1500 X190.838 Y118.025 E541.9359
G0 F9000 X190.838 Y118.59
G1 F1500 X190.591 Y118.838 E541.94754
G1 F2700 E536.94754
;MESH:NONMESH
G0 F300 X190.591 Y118.838 Z1
G0 F9000 X190.591 Y119.299
G0 X28.773 Y119.227
G0 X28.601 Y119.399
;TIME_ELAPSED:838.040555
;LAYER:4
;TYPE:WALL-INNER
;MESH:Display 2x7219 mask .stl
G1 F2700 E541.94754
G1 F1500 X191.4 Y119.399 E547.36226
G1 X191.4 Y100.601 E547.98748
G1 X28.601 Y100.601 E553.4022
G1 X28.601 Y119.399 E554.02743
G1 F2700 E549.02743
G0 F9000 X28.87 Y119.13
G0 X103.86 Y118.402
G0 X103.86 Y117.983
G1 F2700 E554.02743
G1 F1500 X103.586 Y118.102 E554.03736
G1 X41.247 Y118.102 E556.11076
G1 X40.886 Y117.983 E556.12341
G1 X40.692 Y117.733 E556.13393
G1 X40.647 Y117.502 E556.14176
G1 X40.647 Y102.497 E556.64083
G1 X40.693 Y102.265 E556.64869
G1 X40.887 Y102.016 E556.65919
G1 X41.161 Y101.897 E556.66913
G1 X103.5 Y101.897 E558.74253
G1 X103.861 Y102.016 E558.75517
G1 X104.055 Y102.266 E558.7657
G1 X104.1 Y102.497 E558.77353
G1 X104.1 Y117.502 E559.2726
G1 X104.054 Y117.734 E559.28046
G1 X103.86 Y117.983 E559.29096
G0 F9000 X103.86 Y118.402
G0 X119.139 Y118.402
G0 X119.139 Y117.983
G1 F1500 X118.945 Y117.733 E559.30149
G1 X118.9 Y117.502 E559.30931
G1 X118.9 Y102.497 E559.80838
G1 X118.946 Y102.265 E559.81625
G1 X119.14 Y102.016 E559.82675
G1 X119.414 Y101.897 E559.83668
G1 X181.753 Y101.897 E561.91009
G1 X182.114 Y102.016 E561.92273
G1 X182.308 Y102.266 E561.93325
G1 X182.353 Y102.497 E561.94108
G1 X182.353 Y117.502 E562.44015
G1 X182.307 Y117.734 E562.44802
G1 X182.113 Y117.983 E562.45851
G1 X181.839 Y118.102 E562.46845
G1 X119.5 Y118.102 E564.54185
G1 X119.139 Y117.983 E564.5545
G0 F9000 X119.379 Y117.663
;TYPE:WALL-OUTER
G1 F1500 X119.3 Y117.559 E564.55884
G1 X119.3 Y102.438 E565.06177
G1 X119.38 Y102.336 E565.06608
G1 X119.465 Y102.299 E565.06916
G1 X181.753 Y102.297 E567.14087
G1 X181.874 Y102.336 E567.1451
G1 X181.953 Y102.44 E567.14944
G1 X181.953 Y117.561 E567.65237
G1 X181.873 Y117.663 E567.65668
G1 X181.788 Y117.7 E567.65976
G1 X119.5 Y117.702 E569.73147
G1 X119.379 Y117.663 E569.7357
G1 F2700 E564.7357
G0 F9000 X119.379 Y118.402
G0 X103.62 Y118.402
G0 X103.62 Y117.663
G1 F2700 E569.7357
G1 F1500 X103.535 Y117.7 E569.73878
G1 X41.247 Y117.702 E571.81049
G1 X41.126 Y117.663 E571.81472
G1 X41.047 Y117.559 E571.81906
G1 X41.047 Y102.438 E572.32199
G1 X41.127 Y102.336 E572.3263
G1 X41.212 Y102.299 E572.32938
G1 X103.5 Y102.297 E574.40109
G1 X103.621 Y102.336 E574.40532
G1 X103.7 Y102.44 E574.40966
G1 X103.7 Y117.561 E574.91259
G1 X103.62 Y117.663 E574.9169
G1 F2700 E569.9169
G0 F9000 X103.62 Y118.402
G0 X28.47 Y119.53
G0 X28.201 Y119.799
G1 F2700 E574.9169
G1 F1500 X191.8 Y119.799 E580.35822
G1 X191.8 Y100.201 E581.01006
G1 X28.201 Y100.201 E586.45138
G1 X28.201 Y119.799 E587.10321
G0 F9000 X28.47 Y119.53
G0 X29.808 Y119.1
G0 X29.808 Y119.317
;TYPE:FILL
G1 F3000 X28.68 Y118.19 E587.15625
G0 F9000 X28.9 Y118.19
G0 X28.9 Y117.112
G0 X28.68 Y117.112
G1 F3000 X33.083 Y100.68 E587.72206
G0 F9000 X33.798 Y100.68
G1 F3000 X40.566 Y107.449 E588.04043
G0 F9000 X40.347 Y107.449
G0 X40.347 Y108.63
G0 X40.565 Y108.63
G1 F3000 X28.681 Y111.814 E588.44963
G0 F9000 X28.68 Y112.533
G1 F3000 X35.464 Y119.317 E588.76873
G0 F9000 X36.371 Y119.319
G1 F3000 X40.566 Y103.661 E589.30788
G0 F9000 X40.566 Y104.489
G1 F3000 X28.681 Y107.673 E589.71712
G0 F9000 X28.68 Y106.877
G1 F3000 X41.121 Y119.317 E590.30228
G0 F9000 X40.512 Y119.319
G1 F3000 X40.853 Y118.045 E590.34615
G0 F9000 X40.853 Y118.402
G0 X40.419 Y118.33
G0 X40.347 Y116.912
G0 X40.566 Y116.912
G1 F3000 X31.586 Y119.318 E590.65536
G0 F9000 X32.23 Y119.319
G1 F3000 X37.224 Y100.679 E591.29719
G0 F9000 X37.224 Y100.9
G0 X39.325 Y100.9
G0 X39.325 Y100.68
G1 F3000 X28.68 Y103.532 E591.66373
G0 F9000 X28.9 Y103.532
G0 X28.9 Y101.657
G0 X28.68 Y101.657
G1 F3000 X28.942 Y100.68 E591.69738
G0 F9000 X28.68 Y101.22
G1 F3000 X40.566 Y113.105 E592.25643
G0 F9000 X40.566 Y112.771
G1 F3000 X28.681 Y115.955 E592.66567
G0 F9000 X28.9 Y115.955
G0 X39.267 Y118.093
G0 X44.653 Y119.1
G0 X44.653 Y119.318
G1 F3000 X44.958 Y118.181 E592.70482
G0 F9000 X45.642 Y118.181
G1 F3000 X46.778 Y119.317 E592.75826
G0 F9000 X47.04 Y119.318
G1 F3000 X51.286 Y118.181 E592.90446
G1 X51.299 Y118.181
G1 X52.435 Y119.317 E592.95789
G0 F9000 X52.935 Y119.319
G1 F3000 X53.24 Y118.18 E592.99711
G0 F9000 X53.24 Y118.402
G0 X56.956 Y118.402
G0 X56.956 Y118.181
G1 F3000 X58.092 Y119.317 E593.05054
G0 F9000 X58.092 Y119.1
G0 X57.076 Y119.1
G0 X57.076 Y119.319
G1 F3000 X57.381 Y118.181 E593.08973
G0 F9000 X57.381 Y118.402
G0 X61.217 Y119.1
G0 X61.217 Y119.319
G1 F3000 X61.522 Y118.181 E593.12891
G0 F9000 X61.522 Y118.402
G0 X62.612 Y118.402
G0 X62.612 Y118.181
G1 F3000 X63.749 Y119.317 E593.18237
G0 F9000 X63.749 Y119.1
G0 X62.495 Y119.1
G0 X62.495 Y119.318
G1 F3000 X66.74 Y118.181 E593.32854
G0 F9000 X66.74 Y118.402
G0 X65.663 Y118.402
G0 X65.663 Y118.181
G1 F3000 X65.359 Y119.318 E593.36768
G0 F9000 X65.359 Y119.1
G0 X68.269 Y118.402
G0 X68.269 Y118.181
G1 F3000 X69.406 Y119.317 E593.42114
G1 X69.499 Y119.319
G1 X69.805 Y118.18 E593.46037
G0 F9000 X69.805 Y118.402
G0 X73.641 Y119.1
G0 X73.641 Y119.319
G1 F3000 X73.946 Y118.18 E593.49959
G1 X73.926 Y118.181
G1 X75.062 Y119.317 E593.55302
G0 F9000 X75.062 Y119.1
G0 X77.782 Y119.1
G0 X77.782 Y119.319
G1 F3000 X78.087 Y118.181 E593.59221
G0 F9000 X78.087 Y118.402
G0 X77.95 Y119.1
G0 X77.95 Y119.318
G1 F3000 X82.194 Y118.181 E593.73834
G1 X82.228 Y118.181
G1 X81.923 Y119.319 E593.77753
G0 F9000 X81.923 Y119.1
G0 X80.719 Y119.1
G0 X80.719 Y119.317
G1 F3000 X79.583 Y118.181 E593.83096
G0 F9000 X79.583 Y118.402
G0 X85.24 Y118.402
G0 X85.24 Y118.181
G1 F3000 X86.376 Y119.317 E593.88439
G0 F9000 X86.064 Y119.318
G1 F3000 X86.369 Y118.18 E593.92358
G0 F9000 X86.369 Y118.402
G0 X90.205 Y119.1
G0 X90.205 Y119.319
G1 F3000 X90.51 Y118.18 E593.9628
G0 F9000 X90.897 Y118.181
G1 F3000 X92.033 Y119.317 E594.01623
G0 F9000 X92.033 Y119.1
G0 X93.404 Y119.1
G0 X93.404 Y119.318
G1 F3000 X97.648 Y118.181 E594.16236
G0 F9000 X97.648 Y118.402
G0 X96.554 Y118.402
G0 X96.554 Y118.181
G1 F3000 X97.69 Y119.317 E594.2158
G0 F9000 X98.487 Y119.319
G1 F3000 X98.792 Y118.181 E594.25498
G0 F9000 X98.792 Y118.402
G0 X102.21 Y118.402
G0 X102.21 Y118.181
G1 F3000 X103.347 Y119.317 E594.30844
G0 F9000 X102.628 Y119.319
G1 F3000 X102.933 Y118.181 E594.34763
G0 F9000 X102.933 Y118.402
G0 X104.328 Y118.33
G0 X104.4 Y116.431
G0 X104.179 Y116.431
G1 F3000 X118.818 Y112.509 E594.85169
G0 F9000 X118.819 Y112.162
G1 F3000 X107.337 Y100.68 E595.39177
G0 F9000 X107.623 Y100.68
G1 F3000 X104.179 Y113.531 E595.83428
G0 F9000 X104.179 Y114.493
G1 F3000 X109.004 Y119.317 E596.06121
G1 X108.86 Y119.318
G1 X118.818 Y116.65 E596.4041
G0 F9000 X118.6 Y116.65
G0 X118.672 Y118.33
G0 X119.5 Y118.402
G0 X119.5 Y118.174
G1 F3000 X119.193 Y119.319 E596.44353
G0 F9000 X119.193 Y119.1
G0 X120.317 Y119.1
G0 X120.317 Y119.317
G1 F3000 X104.178 Y103.178 E597.20265
G0 F9000 X104.18 Y104.008
G1 F3000 X116.599 Y100.68 E597.63029
G0 F9000 X115.905 Y100.68
G1 F3000 X110.911 Y119.319 E598.27209
G0 F9000 X110.911 Y119.1
G0 X114.66 Y119.1
G0 X114.66 Y119.317
G1 F3000 X104.178 Y108.835 E598.76513
G0 F9000 X104.179 Y108.149
G1 F3000 X118.818 Y104.226 E599.2692
G0 F9000 X118.6 Y104.226
G0 X118.6 Y105.261
G0 X118.819 Y105.261
G1 F3000 X115.052 Y119.319 E599.75327
G0 F9000 X115.052 Y119.1
G0 X123.334 Y119.1
G0 X123.334 Y119.319
G1 F3000 X123.639 Y118.18 E599.79249
G0 F9000 X123.639 Y118.402
G0 X124.838 Y118.402
G0 X124.838 Y118.182
G1 F3000 X125.974 Y119.317 E599.8459
G0 F9000 X125.974 Y119.1
G0 X127.475 Y119.1
G0 X127.475 Y119.318
G1 F3000 X127.78 Y118.18 E599.88509
G0 F9000 X128.557 Y118.181
G1 F3000 X124.314 Y119.318 E600.03119
G0 F9000 X124.314 Y119.1
G0 X130.495 Y118.402
G0 X130.495 Y118.182
G1 F3000 X131.631 Y119.317 E600.0846
G1 X131.616 Y119.319
G1 X131.921 Y118.18 E600.12382
G0 F9000 X131.921 Y118.402
G0 X135.757 Y119.1
G0 X135.757 Y119.319
G1 F3000 X136.062 Y118.18 E600.16303
G1 X136.152 Y118.182
G1 X137.288 Y119.317 E600.21644
G0 F9000 X137.288 Y119.1
G0 X139.769 Y119.1
G0 X139.769 Y119.318
G1 F3000 X144.012 Y118.181 E600.36255
G0 F9000 X144.344 Y118.181
G1 F3000 X144.04 Y119.318 E600.40169
G0 F9000 X144.04 Y119.1
G0 X142.945 Y119.1
G0 X142.945 Y119.317
G1 F3000 X141.809 Y118.182 E600.4551
G0 F9000 X141.809 Y118.402
G0 X140.204 Y118.402
G0 X140.204 Y118.18
G1 F3000 X139.898 Y119.319 E600.49433
G0 F9000 X139.898 Y119.1
G0 X147.466 Y118.402
G0 X147.466 Y118.182
G1 F3000 X148.602 Y119.317 E600.54774
G0 F9000 X148.181 Y119.318
G1 F3000 X148.486 Y118.18 E600.58692
G0 F9000 X148.486 Y118.402
G0 X152.322 Y119.1
G0 X152.322 Y119.319
G1 F3000 X152.627 Y118.18 E600.62614
G0 F9000 X153.123 Y118.182
G1 F3000 X154.258 Y119.317 E600.67953
G0 F9000 X155.224 Y119.318
G1 F3000 X159.469 Y118.181 E600.8257
G0 F9000 X158.78 Y118.182
G1 F3000 X159.915 Y119.317 E600.87908
G0 F9000 X160.604 Y119.319
G1 F3000 X160.909 Y118.181 E600.91827
G0 F9000 X160.909 Y118.402
G0 X164.436 Y118.402
G0 X164.436 Y118.182
G1 F3000 X165.572 Y119.317 E600.97168
G0 F9000 X164.745 Y119.318
G1 F3000 X165.05 Y118.181 E601.01083
G0 F9000 X165.05 Y118.402
G0 X168.886 Y119.1
G0 X168.886 Y119.318
G1 F3000 X169.191 Y118.18 E601.05002
G0 F9000 X170.093 Y118.182
G1 F3000 X171.229 Y119.317 E601.10343
G0 F9000 X170.678 Y119.318
G1 F3000 X174.924 Y118.181 E601.24963
G0 F9000 X175.75 Y118.182
G1 F3000 X176.886 Y119.317 E601.30304
G0 F9000 X177.168 Y119.319
G1 F3000 X177.473 Y118.181 E601.34222
G0 F9000 X177.473 Y118.402
G0 X181.407 Y118.402
G0 X181.407 Y118.182
G1 F3000 X182.543 Y119.317 E601.39563
G0 F9000 X182.543 Y119.1
G0 X181.309 Y119.1
G0 X181.309 Y119.319
G1 F3000 X181.614 Y118.181 E601.43482
G0 F9000 X181.614 Y118.402
G0 X182.581 Y118.33
G0 X182.653 Y116.169
G0 X182.433 Y116.169
G1 F3000 X191.318 Y113.788 E601.74076
G0 F9000 X191.319 Y112.873
G1 F3000 X189.592 Y119.318 E601.96269
G0 F9000 X189.592 Y119.1
G0 X188.2 Y119.1
G0 X188.2 Y119.317
G1 F3000 X182.432 Y113.55 E602.23397
G0 F9000 X182.653 Y113.55
G0 X182.653 Y112.028
G0 X182.433 Y112.028
G1 F3000 X191.318 Y109.647 E602.53992
G0 F9000 X191.1 Y109.647
G0 X191.1 Y111.123
G0 X191.319 Y111.123
G1 F3000 X182.185 Y101.989 E602.96955
G1 X182.15 Y101.954
G1 X180.876 Y100.68 E603.02948
G0 F9000 X180.876 Y100.9
G0 X182.163 Y100.9
G0 X182.163 Y100.679
G1 F3000 X181.848 Y101.854 E603.06994
G0 F9000 X181.848 Y101.597
G0 X182.581 Y101.669
G0 X182.653 Y103.745
G0 X182.433 Y103.745
G1 F3000 X191.318 Y101.365 E603.37587
G0 F9000 X191.1 Y101.365
G0 X190.445 Y100.9
G0 X190.445 Y100.68
G1 F3000 X185.451 Y119.318 E604.01764
G0 F9000 X186.133 Y119.318
G1 F3000 X191.318 Y117.929 E604.19618
G0 F9000 X191.1 Y117.929
G0 X191.1 Y116.78
G0 X191.319 Y116.78
G1 F3000 X182.432 Y107.893 E604.61419
G1 X182.433 Y107.886
G1 X191.319 Y105.506 E604.92016
G1 X191.319 Y105.466
G1 X186.533 Y100.68 E605.14528
G0 F9000 X186.304 Y100.68
G1 F3000 X182.433 Y115.127 E605.64274
G0 F9000 X182.653 Y115.127
G0 X182.581 Y118.33
G0 X173.332 Y118.402
G0 X173.332 Y118.18
G1 F3000 X173.027 Y119.319 E605.68196
G0 F9000 X173.027 Y119.1
G0 X156.768 Y118.402
G0 X156.768 Y118.18
G1 F3000 X156.463 Y119.319 E605.72117
G1 F2700 E600.72117
G0 F9000 X156.463 Y119.1
G0 X182.581 Y118.33
G0 X182.581 Y101.669
G0 X157.011 Y101.597
G0 X157.011 Y101.816
G1 F2700 E605.72117
G1 F3000 X157.316 Y100.68 E605.7603
G0 F9000 X158.249 Y100.68
G1 F3000 X159.385 Y101.817 E605.81375
G0 F9000 X158.723 Y101.816
G1 F3000 X162.963 Y100.68 E605.95975
G0 F9000 X163.905 Y100.68
G1 F3000 X165.042 Y101.817 E606.01323
G0 F9000 X165.294 Y101.816
G1 F3000 X165.598 Y100.68 E606.05234
G0 F9000 X165.598 Y100.9
G0 X169.562 Y100.9
G0 X169.562 Y100.68
G1 F3000 X170.699 Y101.817 E606.10582
G0 F9000 X170.699 Y101.597
G0 X169.435 Y101.597
G0 X169.435 Y101.816
G1 F3000 X169.739 Y100.68 E606.14494
G0 F9000 X169.739 Y100.9
G0 X173.576 Y101.597
G0 X173.576 Y101.816
G1 F3000 X173.88 Y100.68 E606.18405
G0 F9000 X173.88 Y100.9
G0 X174.178 Y101.597
G0 X174.178 Y101.816
G1 F3000 X178.418 Y100.68 E606.33005
G0 F9000 X178.022 Y100.68
G1 F3000 X177.717 Y101.816 E606.36917
G0 F9000 X177.717 Y101.597
G0 X176.355 Y101.597
G0 X176.355 Y101.817
G1 F3000 X175.219 Y100.68 E606.42263
G0 F9000 X175.219 Y100.9
G0 X161.457 Y100.9
G0 X161.457 Y100.679
G1 F3000 X161.153 Y101.816 E606.46177
G0 F9000 X161.153 Y101.597
G0 X153.728 Y101.597
G0 X153.728 Y101.817
G1 F3000 X152.592 Y100.68 E606.51523
G0 F9000 X153.175 Y100.68
G1 F3000 X152.87 Y101.817 E606.55438
G0 F9000 X152.87 Y101.597
G0 X149.034 Y100.9
G0 X149.034 Y100.68
G1 F3000 X148.729 Y101.816 E606.5935
G0 F9000 X148.071 Y101.817
G1 F3000 X146.935 Y100.68 E606.64696
G0 F9000 X147.509 Y100.68
G1 F3000 X143.268 Y101.816 E606.79299
G0 F9000 X142.414 Y101.817
G1 F3000 X141.278 Y100.68 E606.84645
G0 F9000 X140.752 Y100.679
G1 F3000 X140.447 Y101.816 E606.8856
G0 F9000 X140.447 Y101.597
G0 X136.757 Y101.597
G0 X136.757 Y101.817
G1 F3000 X135.621 Y100.68 E606.93906
G0 F9000 X136.61 Y100.68
G1 F3000 X136.306 Y101.817 E606.9782
G0 F9000 X136.306 Y101.597
G0 X132.469 Y100.9
G0 X132.469 Y100.68
G1 F3000 X132.165 Y101.817 E607.01735
G0 F9000 X132.165 Y101.597
G0 X131.101 Y101.597
G0 X131.101 Y101.817
G1 F3000 X129.964 Y100.68 E607.07083
G0 F9000 X129.964 Y100.9
G0 X128.328 Y100.9
G0 X128.328 Y100.68
G1 F3000 X128.024 Y101.816 E607.10994
G0 F9000 X127.814 Y101.816
G1 F3000 X132.054 Y100.68 E607.25594
G0 F9000 X132.054 Y100.9
G0 X125.444 Y101.597
G0 X125.444 Y101.817
G1 F3000 X124.307 Y100.68 E607.30942
G1 X124.187 Y100.68
G1 X123.883 Y101.816 E607.34853
G0 F9000 X123.883 Y101.597
G0 X120.046 Y100.9
G0 X120.046 Y100.679
G1 F3000 X119.741 Y101.816 E607.38769
G1 X119.787 Y101.817
G1 X118.651 Y100.68 E607.44115
G0 F9000 X118.651 Y100.9
G0 X112.994 Y100.9
G0 X112.994 Y100.68
G1 F3000 X118.819 Y106.505 E607.71514
G0 F9000 X118.6 Y106.505
G0 X118.6 Y108.368
G0 X118.818 Y108.368
G1 F3000 X104.179 Y112.29 E608.2192
G0 F9000 X104.4 Y112.29
G0 X106.77 Y119.1
G0 X106.77 Y119.318
G1 F3000 X111.764 Y100.68 E608.86097
G0 F9000 X111.764 Y100.9
G0 X103.482 Y100.9
G0 X103.482 Y100.679
G1 F3000 X103.177 Y101.817 E608.90016
G0 F9000 X102.816 Y101.816
G1 F3000 X101.68 Y100.68 E608.95359
G0 F9000 X101.144 Y100.68
G1 F3000 X96.903 Y101.816 E609.09962
G0 F9000 X97.159 Y101.816
G1 F3000 X96.023 Y100.68 E609.15306
G0 F9000 X95.199 Y100.68
G1 F3000 X94.895 Y101.817 E609.1922
G0 F9000 X94.895 Y101.597
G0 X91.502 Y101.597
G0 X91.502 Y101.816
G1 F3000 X90.366 Y100.68 E609.24563
G0 F9000 X91.058 Y100.68
G1 F3000 X90.754 Y101.817 E609.28478
G0 F9000 X90.754 Y101.597
G0 X86.917 Y100.9
G0 X86.917 Y100.68
G1 F3000 X86.612 Y101.817 E609.32393
G0 F9000 X85.845 Y101.816
G1 F3000 X84.709 Y100.68 E609.37737
G0 F9000 X85.689 Y100.68
G1 F3000 X81.448 Y101.816 E609.5234
G0 F9000 X81.448 Y101.597
G0 X82.472 Y101.597
G0 X82.472 Y101.816
G1 F3000 X82.776 Y100.679 E609.56254
G0 F9000 X82.776 Y100.9
G0 X80.188 Y101.597
G0 X80.188 Y101.816
G1 F3000 X79.053 Y100.68 E609.61595
G0 F9000 X78.635 Y100.679
G1 F3000 X78.33 Y101.816 E609.65511
G0 F9000 X78.33 Y101.597
G0 X74.531 Y101.597
G0 X74.531 Y101.816
G1 F3000 X73.396 Y100.68 E609.70852
G0 F9000 X73.396 Y100.9
G0 X74.494 Y100.9
G0 X74.494 Y100.68
G1 F3000 X74.189 Y101.817 E609.74767
G0 F9000 X74.189 Y101.597
G0 X70.353 Y100.9
G0 X70.353 Y100.68
G1 F3000 X70.048 Y101.817 E609.78682
G0 F9000 X70.048 Y101.597
G0 X70.235 Y100.9
G0 X70.235 Y100.68
G1 F3000 X65.993 Y101.816 E609.93288
G1 X65.907 Y101.816
G1 X66.212 Y100.68 E609.97201
G0 F9000 X66.212 Y100.9
G0 X67.739 Y100.9
G0 X67.739 Y100.68
G1 F3000 X68.875 Y101.816 E610.02544
G0 F9000 X68.875 Y101.597
G0 X63.218 Y101.597
G0 X63.218 Y101.816
G1 F3000 X62.082 Y100.68 E610.07887
G1 X62.071 Y100.679
G1 X61.766 Y101.816 E610.11803
G0 F9000 X61.766 Y101.597
G0 X57.93 Y100.9
G0 X57.93 Y100.679
G1 F3000 X57.625 Y101.816 E610.15718
G1 X57.561 Y101.816
G1 X56.425 Y100.68 E610.21062
G0 F9000 X56.425 Y100.9
G0 X54.78 Y100.9
G0 X54.78 Y100.68
G1 F3000 X50.539 Y101.816 E610.35664
G0 F9000 X50.539 Y101.597
G0 X50.768 Y100.9
G0 X50.768 Y100.68
G1 F3000 X51.904 Y101.816 E610.41008
G0 F9000 X51.904 Y101.597
G0 X53.484 Y101.597
G0 X53.484 Y101.816
G1 F3000 X53.788 Y100.68 E610.44919
G0 F9000 X53.788 Y100.9
G0 X49.647 Y100.9
G0 X49.647 Y100.68
G1 F3000 X49.343 Y101.816 E610.4883
G0 F9000 X49.343 Y101.597
G0 X46.247 Y101.597
G0 X46.247 Y101.816
G1 F3000 X45.111 Y100.68 E610.54174
G0 F9000 X45.506 Y100.68
G1 F3000 X45.202 Y101.816 E610.58085
G0 F9000 X45.202 Y101.597
G0 X41.365 Y100.9
G0 X41.365 Y100.679
G1 F3000 X41.048 Y101.864 E610.62165
G0 F9000 X40.793 Y102.019
G1 F3000 X39.455 Y100.68 E610.68461
G0 F9000 X39.455 Y100.9
G0 X40.419 Y118.33
G0 X49.099 Y118.402
G0 X49.099 Y118.18
G1 F3000 X48.794 Y119.319 E610.72383
G1 F2700 E605.72383
G0 F9000 X48.794 Y119.1
G0 X94.346 Y119.1
G0 X94.346 Y119.319
G1 F2700 E610.72383
G1 F3000 X94.651 Y118.18 E610.76305
G1 F2700 E605.76305
G0 F9000 X94.651 Y118.402
G0 X104.328 Y118.33
G0 X104.328 Y101.669
G0 X99.036 Y101.597
G0 X99.036 Y101.816
G1 F2700 E610.76305
G1 F3000 X99.341 Y100.679 E610.8022
G1 F2700 E605.8022
G0 F9000 X99.341 Y100.9
G0 X144.588 Y101.597
G0 X144.588 Y101.816
G1 F2700 E610.8022
G1 F3000 X144.893 Y100.68 E610.84132
G0 F9000 X144.893 Y101.2
G1 F2700 E605.84132
;MESH:NONMESH
G0 F300 X144.893 Y101.2 Z1.2
G0 F9000 X118.672 Y101.669
G0 X104.328 Y118.33
G0 X28.87 Y119.13
G0 X28.601 Y119.399
;TIME_ELAPSED:946.862149
;LAYER:5
;TYPE:WALL-INNER
;MESH:Display 2x7219 mask .stl
G1 F2700 E610.84132
G1 F1500 X191.4 Y119.399 E616.25604
G1 X191.4 Y100.601 E616.88126
G1 X28.601 Y100.601 E622.29598
G1 X28.601 Y119.399 E622.9212
G1 F2700 E617.9212
G0 F9000 X28.87 Y119.13
G0 X103.86 Y118.402
G0 X103.86 Y117.983
G1 F2700 E622.9212
G1 F1500 X103.586 Y118.102 E622.93114
G1 X41.247 Y118.102 E625.00454
G1 X40.886 Y117.983 E625.01718
G1 X40.692 Y117.733 E625.02771
G1 X40.647 Y117.502 E625.03554
G1 X40.647 Y102.497 E625.5346
G1 X40.693 Y102.265 E625.54247
G1 X40.887 Y102.016 E625.55297
G1 X41.161 Y101.897 E625.56291
G1 X103.5 Y101.897 E627.63631
G1 X103.861 Y102.016 E627.64895
G1 X104.055 Y102.266 E627.65948
G1 X104.1 Y102.497 E627.6673
G1 X104.1 Y117.502 E628.16637
G1 X104.054 Y117.734 E628.17424
G1 X103.86 Y117.983 E628.18474
G0 F9000 X103.86 Y118.402
G0 X119.139 Y118.402
G0 X119.139 Y117.983
G1 F1500 X118.945 Y117.733 E628.19526
G1 X118.9 Y117.502 E628.20309
G1 X118.9 Y102.497 E628.70216
G1 X118.946 Y102.265 E628.71003
G1 X119.14 Y102.016 E628.72052
G1 X119.414 Y101.897 E628.73046
G1 X181.753 Y101.897 E630.80386
G1 X182.114 Y102.016 E630.81651
G1 X182.308 Y102.266 E630.82703
G1 X182.353 Y102.497 E630.83486
G1 X182.353 Y117.502 E631.33393
G1 X182.307 Y117.734 E631.34179
G1 X182.113 Y117.983 E631.35229
G1 X181.839 Y118.102 E631.36223
G1 X119.5 Y118.102 E633.43563
G1 X119.139 Y117.983 E633.44827
G0 F9000 X119.379 Y117.663
;TYPE:WALL-OUTER
G1 F1500 X119.3 Y117.559 E633.45262
G1 X119.3 Y102.438 E633.95554
G1 X119.38 Y102.336 E633.95985
G1 X119.465 Y102.299 E633.96294
G1 X181.753 Y102.297 E636.03465
G1 X181.874 Y102.336 E636.03887
G1 X181.953 Y102.44 E636.04322
G1 X181.953 Y117.561 E636.54614
G1 X181.873 Y117.663 E636.55046
G1 X181.788 Y117.7 E636.55354
G1 X119.5 Y117.702 E638.62525
G1 X119.379 Y117.663 E638.62947
G1 F2700 E633.62947
G0 F9000 X119.379 Y118.402
G0 X103.62 Y118.402
G0 X103.62 Y117.663
G1 F2700 E638.62947
G1 F1500 X103.535 Y117.7 E638.63256
G1 X41.247 Y117.702 E640.70427
G1 X41.126 Y117.663 E640.70849
G1 X41.047 Y117.559 E640.71284
G1 X41.047 Y102.438 E641.21576
G1 X41.127 Y102.336 E641.22008
G1 X41.212 Y102.299 E641.22316
G1 X103.5 Y102.297 E643.29487
G1 X103.621 Y102.336 E643.29909
G1 X103.7 Y102.44 E643.30344
G1 X103.7 Y117.561 E643.80637
G1 X103.62 Y117.663 E643.81068
G1 F2700 E638.81068
G0 F9000 X103.62 Y118.402
G0 X28.47 Y119.53
G0 X28.201 Y119.799
G1 F2700 E643.81068
G1 F1500 X191.8 Y119.799 E649.252
G1 X191.8 Y100.201 E649.90383
G1 X28.201 Y100.201 E655.34516
G1 X28.201 Y119.799 E655.99699
G0 F9000 X28.47 Y119.53
G0 X30.007 Y119.1
G0 X30.007 Y119.317
;TYPE:FILL
G1 F3000 X28.68 Y117.991 E656.05938
G0 F9000 X28.9 Y117.991
G0 X28.9 Y116.566
G0 X28.68 Y116.566
G1 F3000 X32.937 Y100.68 E656.6064
G0 F9000 X32.937 Y100.9
G0 X33.997 Y100.9
G0 X33.997 Y100.68
G1 F3000 X40.566 Y107.249 E656.91538
G0 F9000 X40.347 Y107.249
G0 X40.347 Y108.776
G0 X40.566 Y108.776
G1 F3000 X28.68 Y111.96 E657.32465
G0 F9000 X28.68 Y112.334
G1 F3000 X35.664 Y119.317 E657.65313
G0 F9000 X36.225 Y119.319
G1 F3000 X40.566 Y103.116 E658.21105
G0 F9000 X40.347 Y103.116
G0 X40.419 Y101.669
G0 X40.883 Y101.597
G0 X40.883 Y101.935
G1 F3000 X41.219 Y100.68 E658.25427
G0 F9000 X41.219 Y100.9
G0 X40.901 Y101.597
G0 X40.901 Y101.928
G1 F3000 X39.654 Y100.68 E658.31294
G0 F9000 X39.87 Y100.68
G1 F3000 X28.681 Y103.678 E658.69822
G0 F9000 X28.9 Y103.678
G0 X28.9 Y101.112
G0 X28.68 Y101.112
G1 F3000 X28.796 Y100.679 E658.71313
G0 F9000 X28.68 Y101.02
G1 F3000 X40.566 Y112.906 E659.27221
G1 X40.566 Y112.917
G1 X28.681 Y116.101 E659.68145
G0 F9000 X28.9 Y116.101
G0 X32.084 Y119.1
G0 X32.084 Y119.318
G1 F3000 X37.078 Y100.68 E660.32322
G0 F9000 X37.078 Y100.9
G0 X40.347 Y104.635
G0 X40.565 Y104.635
G1 F3000 X28.681 Y107.819 E660.73242
G0 F9000 X28.9 Y107.819
G0 X28.9 Y106.677
G0 X28.68 Y106.677
G1 F3000 X41.321 Y119.317 E661.32699
G0 F9000 X40.366 Y119.319
G1 F3000 X40.742 Y117.916 E661.3753
G0 F9000 X40.566 Y117.058
G1 F3000 X32.13 Y119.318 E661.66578
G0 F9000 X32.13 Y119.1
G0 X44.507 Y119.1
G0 X44.507 Y119.319
G1 F3000 X44.812 Y118.181 E661.70496
G0 F9000 X44.812 Y118.402
G0 X45.841 Y118.402
G0 X45.841 Y118.181
G1 F3000 X46.978 Y119.317 E661.75842
G0 F9000 X47.585 Y119.318
G1 F3000 X51.83 Y118.181 E661.90459
G0 F9000 X51.498 Y118.181
G1 F3000 X52.634 Y119.317 E661.95802
G1 X52.789 Y119.319
G1 X53.094 Y118.18 E661.99724
G0 F9000 X53.094 Y118.402
G0 X56.93 Y119.1
G0 X56.93 Y119.319
G1 F3000 X57.235 Y118.18 E662.03646
G1 X57.155 Y118.181
G1 X58.291 Y119.317 E662.08989
G0 F9000 X58.291 Y119.1
G0 X61.071 Y119.1
G0 X61.071 Y119.319
G1 F3000 X61.376 Y118.181 E662.12908
G0 F9000 X61.376 Y118.402
G0 X62.812 Y118.402
G0 X62.812 Y118.181
G1 F3000 X63.948 Y119.317 E662.18251
G0 F9000 X63.039 Y119.318
G1 F3000 X67.285 Y118.181 E662.32871
G0 F9000 X67.285 Y118.402
G0 X68.469 Y118.402
G0 X68.469 Y118.181
G1 F3000 X69.605 Y119.317 E662.38214
G0 F9000 X69.354 Y119.318
G1 F3000 X69.659 Y118.181 E662.4213
G0 F9000 X69.659 Y118.402
G0 X73.495 Y119.1
G0 X73.495 Y119.319
G1 F3000 X73.8 Y118.18 E662.46051
G0 F9000 X74.126 Y118.181
G1 F3000 X75.262 Y119.317 E662.51395
G0 F9000 X75.262 Y119.1
G0 X77.636 Y119.1
G0 X77.636 Y119.319
G1 F3000 X77.941 Y118.18 E662.55317
G0 F9000 X77.941 Y118.402
G0 X78.495 Y119.1
G0 X78.495 Y119.318
G1 F3000 X82.739 Y118.181 E662.6993
G0 F9000 X82.082 Y118.181
G1 F3000 X81.777 Y119.319 E662.73849
G0 F9000 X80.919 Y119.317
G1 F3000 X79.782 Y118.181 E662.79194
G0 F9000 X79.782 Y118.402
G0 X85.439 Y118.402
G0 X85.439 Y118.181
G1 F3000 X86.576 Y119.317 E662.8454
G0 F9000 X85.918 Y119.319
G1 F3000 X86.223 Y118.181 E662.88459
G0 F9000 X86.223 Y118.402
G0 X90.059 Y119.1
G0 X90.059 Y119.318
G1 F3000 X90.364 Y118.181 E662.92374
G0 F9000 X91.096 Y118.181
G1 F3000 X92.232 Y119.317 E662.97717
G0 F9000 X92.232 Y119.1
G0 X93.95 Y119.1
G0 X93.95 Y119.318
G1 F3000 X98.194 Y118.181 E663.12331
G0 F9000 X98.646 Y118.18
G1 F3000 X98.341 Y119.319 E663.16253
G0 F9000 X97.889 Y119.317
G1 F3000 X96.753 Y118.181 E663.21596
G0 F9000 X96.753 Y118.402
G0 X94.505 Y118.402
G0 X94.505 Y118.18
G1 F3000 X94.2 Y119.319 E663.25518
G0 F9000 X94.2 Y119.1
G0 X102.482 Y119.1
G0 X102.482 Y119.319
G1 F3000 X102.787 Y118.181 E663.29436
G0 F9000 X102.41 Y118.181
G1 F3000 X103.546 Y119.317 E663.3478
G0 F9000 X103.546 Y119.1
G0 X104.328 Y118.33
G0 X104.4 Y116.577
G0 X104.179 Y116.577
G1 F3000 X118.818 Y112.655 E663.85187
G0 F9000 X118.819 Y111.963
G1 F3000 X107.536 Y100.68 E664.38258
G1 X107.477 Y100.679
G1 X104.179 Y112.986 E664.80636
G0 F9000 X104.179 Y112.436
G1 F3000 X118.818 Y108.514 E665.31042
G0 F9000 X118.6 Y108.514
G0 X118.6 Y106.306
G0 X118.819 Y106.306
G1 F3000 X113.193 Y100.68 E665.57505
G0 F9000 X113.193 Y100.9
G0 X111.618 Y100.9
G0 X111.618 Y100.68
G1 F3000 X106.624 Y119.319 E666.21686
G0 F9000 X106.624 Y119.1
G0 X109.203 Y119.1
G0 X109.203 Y119.317
G1 F3000 X104.179 Y114.293 E666.45317
G0 F9000 X104.4 Y114.293
G0 X104.4 Y108.636
G0 X104.178 Y108.636
G1 F3000 X114.86 Y119.317 E666.95559
G1 X114.906 Y119.319
G1 X118.819 Y104.715 E667.45846
G0 F9000 X118.818 Y104.372
G1 F3000 X104.179 Y108.295 E667.96253
G0 F9000 X104.4 Y108.295
G0 X104.4 Y104.154
G0 X104.179 Y104.154
G1 F3000 X117.144 Y100.68 E668.40896
G0 F9000 X117.144 Y100.9
G0 X115.759 Y100.9
G0 X115.759 Y100.68
G1 F3000 X110.765 Y119.318 E669.05073
G0 F9000 X110.765 Y119.1
G0 X109.404 Y119.1
G0 X109.404 Y119.318
G1 F3000 X118.818 Y116.796 E669.37489
G0 F9000 X118.851 Y117.652
G1 F3000 X104.178 Y102.979 E670.06506
G0 F9000 X104.4 Y102.979
G0 X104.328 Y101.669
G0 X103.031 Y101.597
G0 X103.031 Y101.817
G1 F3000 X103.336 Y100.679 E670.10425
G0 F9000 X103.336 Y100.9
G0 X103.015 Y101.597
G0 X103.015 Y101.816
G1 F3000 X101.879 Y100.68 E670.15768
G1 X101.689 Y100.68
G1 X97.447 Y101.817 E670.30375
G1 X97.358 Y101.816
G1 X96.223 Y100.68 E670.35716
G0 F9000 X96.223 Y100.9
G0 X95.053 Y100.9
G0 X95.053 Y100.68
G1 F3000 X94.749 Y101.817 E670.3963
G0 F9000 X94.749 Y101.597
G0 X91.701 Y101.597
G0 X91.701 Y101.816
G1 F3000 X90.566 Y100.68 E670.44971
G0 F9000 X90.912 Y100.68
G1 F3000 X90.608 Y101.817 E670.48886
G0 F9000 X90.608 Y101.597
G0 X86.771 Y100.9
G0 X86.771 Y100.679
G1 F3000 X86.467 Y101.816 E670.52801
G0 F9000 X86.044 Y101.816
G1 F3000 X84.909 Y100.68 E670.58142
G0 F9000 X84.909 Y100.9
G0 X86.234 Y100.9
G0 X86.234 Y100.68
G1 F3000 X81.993 Y101.816 E670.72744
G0 F9000 X82.326 Y101.816
G1 F3000 X82.63 Y100.679 E670.76659
G0 F9000 X82.63 Y100.9
G0 X80.388 Y101.597
G0 X80.388 Y101.816
G1 F3000 X79.252 Y100.68 E670.82002
G0 F9000 X78.489 Y100.68
G1 F3000 X78.184 Y101.817 E670.85918
G0 F9000 X78.184 Y101.597
G0 X74.731 Y101.597
G0 X74.731 Y101.816
G1 F3000 X73.595 Y100.68 E670.91261
G0 F9000 X74.348 Y100.68
G1 F3000 X74.043 Y101.817 E670.95177
G0 F9000 X74.043 Y101.597
G0 X70.779 Y100.9
G0 X70.779 Y100.68
G1 F3000 X66.538 Y101.816 E671.09779
G0 F9000 X65.761 Y101.816
G1 F3000 X66.066 Y100.679 E671.13695
G0 F9000 X66.066 Y100.9
G0 X67.938 Y100.9
G0 X67.938 Y100.68
G1 F3000 X69.074 Y101.816 E671.19038
G0 F9000 X69.902 Y101.816
G1 F3000 X70.207 Y100.68 E671.2295
G0 F9000 X70.207 Y100.9
G0 X63.417 Y101.597
G0 X63.417 Y101.816
G1 F3000 X62.281 Y100.68 E671.28294
G0 F9000 X61.925 Y100.679
G1 F3000 X61.62 Y101.816 E671.32209
G0 F9000 X61.62 Y101.597
G0 X57.76 Y101.597
G0 X57.76 Y101.816
G1 F3000 X56.625 Y100.68 E671.3755
G0 F9000 X56.625 Y100.9
G0 X57.783 Y100.9
G0 X57.783 Y100.68
G1 F3000 X57.479 Y101.817 E671.41465
G0 F9000 X57.479 Y101.597
G0 X55.325 Y100.9
G0 X55.325 Y100.68
G1 F3000 X51.083 Y101.816 E671.56071
G0 F9000 X51.083 Y101.597
G0 X52.103 Y101.597
G0 X52.103 Y101.816
G1 F3000 X50.968 Y100.68 E671.61412
G0 F9000 X50.968 Y100.9
G0 X49.501 Y100.9
G0 X49.501 Y100.68
G1 F3000 X49.197 Y101.816 E671.65323
G0 F9000 X49.197 Y101.597
G0 X46.447 Y101.597
G0 X46.447 Y101.816
G1 F3000 X45.311 Y100.68 E671.70667
G1 X45.36 Y100.679
G1 X45.056 Y101.816 E671.74581
G0 F9000 X45.056 Y101.597
G0 X53.338 Y101.597
G0 X53.338 Y101.816
G1 F3000 X53.642 Y100.68 E671.78492
G1 F2700 E666.78492
G0 F9000 X53.642 Y100.9
G0 X40.419 Y101.669
G0 X40.419 Y118.33
G0 X48.953 Y118.402
G0 X48.953 Y118.181
G1 F2700 E671.78492
G1 F3000 X48.648 Y119.318 E671.82408
G0 F9000 X48.648 Y119.1
G0 X65.213 Y119.1
G0 X65.213 Y119.319
G1 F3000 X65.517 Y118.181 E671.86325
G1 F2700 E666.86325
G0 F9000 X65.517 Y118.402
G0 X104.328 Y118.33
G0 X104.328 Y101.669
G0 X98.89 Y101.597
G0 X98.89 Y101.817
G1 F2700 E671.86325
G1 F3000 X99.195 Y100.68 E671.90241
G0 F9000 X99.195 Y100.9
G0 X118.85 Y100.9
G0 X118.85 Y100.68
G1 F3000 X119.986 Y101.817 E671.95587
G0 F9000 X119.595 Y101.817
G1 F3000 X119.9 Y100.68 E671.99502
G0 F9000 X119.9 Y100.9
G0 X123.737 Y101.597
G0 X123.737 Y101.816
G1 F3000 X124.041 Y100.679 E672.03416
G0 F9000 X124.507 Y100.68
G1 F3000 X125.643 Y101.817 E672.08762
G0 F9000 X125.643 Y101.597
G0 X127.878 Y101.597
G0 X127.878 Y101.816
G1 F3000 X128.182 Y100.68 E672.12673
G0 F9000 X128.182 Y100.9
G0 X128.358 Y101.597
G0 X128.358 Y101.816
G1 F3000 X132.599 Y100.68 E672.27276
G0 F9000 X132.323 Y100.68
G1 F3000 X132.019 Y101.816 E672.31188
G0 F9000 X131.3 Y101.817
G1 F3000 X130.164 Y100.68 E672.36533
G0 F9000 X130.164 Y100.9
G0 X135.821 Y100.9
G0 X135.821 Y100.68
G1 F3000 X136.957 Y101.817 E672.41879
G0 F9000 X136.16 Y101.817
G1 F3000 X136.464 Y100.68 E672.45794
G0 F9000 X136.464 Y100.9
G0 X140.301 Y101.597
G0 X140.301 Y101.817
G1 F3000 X140.606 Y100.68 E672.49709
G0 F9000 X141.477 Y100.68
G1 F3000 X142.614 Y101.817 E672.55057
G0 F9000 X142.614 Y101.597
G0 X143.813 Y101.597
G0 X143.813 Y101.816
G1 F3000 X148.053 Y100.68 E672.69657
G0 F9000 X148.888 Y100.68
G1 F3000 X148.583 Y101.816 E672.73569
G0 F9000 X148.271 Y101.817
G1 F3000 X147.134 Y100.68 E672.78917
G0 F9000 X147.134 Y100.9
G0 X144.747 Y100.9
G0 X144.747 Y100.679
G1 F3000 X144.442 Y101.816 E672.82832
G0 F9000 X144.442 Y101.597
G0 X152.724 Y101.597
G0 X152.724 Y101.816
G1 F3000 X153.029 Y100.68 E672.86745
G0 F9000 X152.791 Y100.68
G1 F3000 X153.927 Y101.817 E672.9209
G0 F9000 X153.927 Y101.597
G0 X156.866 Y101.597
G0 X156.866 Y101.816
G1 F3000 X157.17 Y100.68 E672.96002
G0 F9000 X157.17 Y100.9
G0 X158.448 Y100.9
G0 X158.448 Y100.68
G1 F3000 X159.584 Y101.817 E673.01347
G0 F9000 X159.268 Y101.816
G1 F3000 X163.508 Y100.68 E673.15947
G0 F9000 X164.105 Y100.68
G1 F3000 X165.241 Y101.817 E673.21293
G1 X165.148 Y101.816
G1 X165.452 Y100.679 E673.25207
G0 F9000 X165.452 Y100.9
G0 X169.289 Y101.597
G0 X169.289 Y101.816
G1 F3000 X169.593 Y100.68 E673.29119
G1 X169.762 Y100.68
G1 X170.898 Y101.817 E673.34464
G0 F9000 X170.898 Y101.597
G0 X173.43 Y101.597
G0 X173.43 Y101.816
G1 F3000 X173.734 Y100.68 E673.38376
G0 F9000 X173.734 Y100.9
G0 X174.723 Y101.597
G0 X174.723 Y101.816
G1 F3000 X178.963 Y100.68 E673.52975
G0 F9000 X178.963 Y100.9
G0 X177.876 Y100.9
G0 X177.876 Y100.68
G1 F3000 X177.571 Y101.816 E673.56888
G0 F9000 X177.571 Y101.597
G0 X176.555 Y101.597
G0 X176.555 Y101.817
G1 F3000 X175.419 Y100.68 E673.62233
G0 F9000 X175.419 Y100.9
G0 X181.075 Y100.9
G0 X181.075 Y100.68
G1 F3000 X191.319 Y110.923 E674.10416
G0 F9000 X191.1 Y110.923
G0 X191.1 Y109.793
G0 X191.318 Y109.793
G1 F3000 X182.433 Y112.174 E674.4101
G0 F9000 X182.653 Y112.174
G0 X182.653 Y113.35
G0 X182.432 Y113.35
G1 F3000 X188.399 Y119.317 E674.69077
G0 F9000 X188.399 Y119.1
G0 X189.446 Y119.1
G0 X189.446 Y119.318
G1 F3000 X191.319 Y112.328 E674.93146
G0 F9000 X191.1 Y112.328
G0 X191.1 Y113.934
G0 X191.318 Y113.934
G1 F3000 X182.432 Y116.315 E675.23743
G0 F9000 X182.653 Y116.315
G0 X182.653 Y114.582
G0 X182.433 Y114.582
G1 F3000 X186.158 Y100.679 E675.71616
G0 F9000 X186.732 Y100.68
G1 F3000 X191.319 Y105.266 E675.93189
G0 F9000 X191.318 Y105.652
G1 F3000 X182.433 Y108.032 E676.23783
G0 F9000 X182.432 Y107.693
G1 F3000 X191.319 Y116.58 E676.65585
G0 F9000 X191.1 Y116.58
G0 X191.1 Y118.075
G0 X191.318 Y118.075
G1 F3000 X186.677 Y119.318 E676.81565
G0 F9000 X186.677 Y119.1
G0 X185.305 Y119.1
G0 X185.305 Y119.319
G1 F3000 X190.299 Y100.68 E677.45745
G0 F9000 X190.299 Y100.9
G0 X191.1 Y101.51
G0 X191.318 Y101.51
G1 F3000 X182.433 Y103.891 E677.76339
G0 F9000 X182.653 Y103.891
G0 X182.581 Y101.669
G0 X181.712 Y101.597
G0 X181.712 Y101.816
G1 F3000 X182.017 Y100.68 E677.80251
G0 F9000 X182.017 Y100.9
G0 X182.581 Y101.669
G0 X182.581 Y118.33
G0 X181.606 Y118.402
G0 X181.606 Y118.182
G1 F3000 X182.742 Y119.317 E677.85592
G0 F9000 X182.742 Y119.1
G0 X181.163 Y119.1
G0 X181.163 Y119.319
G1 F3000 X181.468 Y118.181 E677.89511
G0 F9000 X181.468 Y118.402
G0 X177.327 Y118.402
G0 X177.327 Y118.18
G1 F3000 X177.022 Y119.319 E677.93433
G1 X177.085 Y119.317
G1 X175.95 Y118.182 E677.98772
G0 F9000 X175.469 Y118.181
G1 F3000 X171.223 Y119.318 E678.13391
G0 F9000 X171.428 Y119.317
G1 F3000 X170.293 Y118.182 E678.1873
G0 F9000 X170.293 Y118.402
G0 X169.045 Y118.402
G0 X169.045 Y118.181
G1 F3000 X168.74 Y119.318 E678.22645
G0 F9000 X168.74 Y119.1
G0 X165.771 Y119.1
G0 X165.771 Y119.317
G1 F3000 X164.636 Y118.182 E678.27984
G0 F9000 X164.904 Y118.181
G1 F3000 X164.599 Y119.319 E678.31903
G0 F9000 X164.599 Y119.1
G0 X160.763 Y118.402
G0 X160.763 Y118.18
G1 F3000 X160.458 Y119.319 E678.35825
G0 F9000 X160.115 Y119.317
G1 F3000 X158.979 Y118.182 E678.41166
G0 F9000 X158.979 Y118.402
G0 X160.013 Y118.402
G0 X160.013 Y118.181
G1 F3000 X155.768 Y119.318 E678.55782
G0 F9000 X156.317 Y119.319
G1 F3000 X156.622 Y118.18 E678.59704
G0 F9000 X156.622 Y118.402
G0 X154.458 Y119.1
G0 X154.458 Y119.317
G1 F3000 X153.322 Y118.182 E678.65045
G0 F9000 X152.481 Y118.18
G1 F3000 X152.176 Y119.318 E678.68964
G0 F9000 X152.176 Y119.1
G0 X148.801 Y119.1
G0 X148.801 Y119.317
G1 F3000 X147.665 Y118.182 E678.74305
G0 F9000 X148.34 Y118.181
G1 F3000 X148.035 Y119.319 E678.78223
G0 F9000 X148.035 Y119.1
G0 X144.558 Y118.402
G0 X144.558 Y118.181
G1 F3000 X140.314 Y119.318 E678.92837
G0 F9000 X139.752 Y119.319
G1 F3000 X140.057 Y118.18 E678.96758
G0 F9000 X140.057 Y118.402
G0 X142.008 Y118.402
G0 X142.008 Y118.182
G1 F3000 X143.144 Y119.317 E679.02099
G0 F9000 X143.893 Y119.319
G1 F3000 X144.199 Y118.18 E679.06022
G0 F9000 X144.199 Y118.402
G0 X137.487 Y119.1
G0 X137.487 Y119.317
G1 F3000 X136.352 Y118.182 E679.11361
G0 F9000 X135.916 Y118.18
G1 F3000 X135.611 Y119.319 E679.15283
G0 F9000 X135.611 Y119.1
G0 X131.83 Y119.1
G0 X131.83 Y119.317
G1 F3000 X130.695 Y118.182 E679.20621
G0 F9000 X130.695 Y118.402
G0 X131.775 Y118.402
G0 X131.775 Y118.18
G1 F3000 X131.47 Y119.318 E679.2454
G0 F9000 X131.47 Y119.1
G0 X129.102 Y118.402
G0 X129.102 Y118.181
G1 F3000 X124.859 Y119.318 E679.3915
G0 F9000 X124.859 Y119.1
G0 X125.038 Y118.402
G0 X125.038 Y118.182
G1 F3000 X126.174 Y119.317 E679.44491
G0 F9000 X126.174 Y119.1
G0 X127.329 Y119.1
G0 X127.329 Y119.319
G1 F3000 X127.634 Y118.18 E679.48413
G0 F9000 X127.634 Y118.402
G0 X123.493 Y118.402
G0 X123.493 Y118.18
G1 F3000 X123.188 Y119.319 E679.52335
G0 F9000 X123.188 Y119.1
G0 X120.517 Y119.1
G0 X120.517 Y119.317
G1 F3000 X119.312 Y118.112 E679.58003
G1 X119.365 Y118.13
G1 X119.047 Y119.319 E679.62096
G1 F2700 E674.62096
G0 F9000 X119.047 Y119.1
G0 X118.672 Y118.33
G0 X118.672 Y101.669
G0 X161.006 Y101.597
G0 X161.006 Y101.817
G1 F2700 E679.62096
G1 F3000 X161.311 Y100.68 E679.66012
G1 F2700 E674.66012
G0 F9000 X161.311 Y100.9
G0 X182.581 Y101.669
G0 X182.581 Y118.33
G0 X173.186 Y118.402
G0 X173.186 Y118.18
G1 F2700 E679.66012
G1 F3000 X172.881 Y119.318 E679.6993
G0 F9000 X172.881 Y118.8
G1 F2700 E674.6993
;MESH:NONMESH
G0 F300 X172.881 Y118.8 Z1.4
G0 F9000 X28.87 Y119.13
G0 X28.601 Y119.399
;TIME_ELAPSED:1056.076126
;LAYER:6
;TYPE:WALL-INNER
;MESH:Display 2x7219 mask .stl
G1 F2700 E679.6993
G1 F1500 X191.4 Y119.399 E685.11402
G1 X191.4 Y100.601 E685.73924
G1 X28.601 Y100.601 E691.15396
G1 X28.601 Y119.399 E691.77918
G1 F2700 E686.77918
G0 F9000 X28.87 Y119.13
G0 X103.86 Y118.402
G0 X103.86 Y117.983
G1 F2700 E691.77918
G1 F1500 X103.586 Y118.102 E691.78912
G1 X41.247 Y118.102 E693.86252
G1 X40.886 Y117.983 E693.87517
G1 X40.692 Y117.733 E693.88569
G1 X40.647 Y117.502 E693.89352
G1 X40.647 Y102.497 E694.39259
G1 X40.693 Y102.265 E694.40045
G1 X40.887 Y102.016 E694.41095
G1 X41.161 Y101.897 E694.42089
G1 X103.5 Y101.897 E696.49429
G1 X103.861 Y102.016 E696.50693
G1 X104.055 Y102.266 E696.51746
G1 X104.1 Y102.497 E696.52529
G1 X104.1 Y117.502 E697.02435
G1 X104.054 Y117.734 E697.03222
G1 X103.86 Y117.983 E697.04272
G0 F9000 X103.86 Y118.402
G0 X119.139 Y118.402
G0 X119.139 Y117.983
G1 F1500 X118.945 Y117.733 E697.05324
G1 X118.9 Y117.502 E697.06107
G1 X118.9 Y102.497 E697.56014
G1 X118.946 Y102.265 E697.56801
G1 X119.14 Y102.016 E697.57851
G1 X119.414 Y101.897 E697.58844
G1 X181.753 Y101.897 E699.66184
G1 X182.114 Y102.016 E699.67449
G1 X182.308 Y102.266 E699.68501
G1 X182.353 Y102.497 E699.69284
G1 X182.353 Y117.502 E700.19191
G1 X182.307 Y117.734 E700.19977
G1 X182.113 Y117.983 E700.21027
G1 X181.839 Y118.102 E700.22021
G1 X119.5 Y118.102 E702.29361
G1 X119.139 Y117.983 E702.30625
G0 F9000 X119.379 Y117.663
;TYPE:WALL-OUTER
G1 F1500 X119.3 Y117.559 E702.3106
G1 X119.3 Y102.438 E702.81353
G1 X119.38 Y102.336 E702.81784
G1 X119.465 Y102.299 E702.82092
G1 X181.753 Y102.297 E704.89263
G1 X181.874 Y102.336 E704.89686
G1 X181.953 Y102.44 E704.9012
G1 X181.953 Y117.561 E705.40413
G1 X181.873 Y117.663 E705.40844
G1 X181.788 Y117.7 E705.41152
G1 X119.5 Y117.702 E707.48323
G1 X119.379 Y117.663 E707.48746
G1 F2700 E702.48746
G0 F9000 X119.379 Y118.402
G0 X103.62 Y118.402
G0 X103.62 Y117.663
G1 F2700 E707.48746
G1 F1500 X103.535 Y117.7 E707.49054
G1 X41.247 Y117.702 E709.56225
G1 X41.126 Y117.663 E709.56648
G1 X41.047 Y117.559 E709.57082
G1 X41.047 Y102.438 E710.07375
G1 X41.127 Y102.336 E710.07806
G1 X41.212 Y102.299 E710.08114
G1 X103.5 Y102.297 E712.15285
G1 X103.621 Y102.336 E712.15708
G1 X103.7 Y102.44 E712.16142
G1 X103.7 Y117.561 E712.66435
G1 X103.62 Y117.663 E712.66866
G1 F2700 E707.66866
G0 F9000 X103.62 Y118.402
G0 X28.47 Y119.53
G0 X28.201 Y119.799
G1 F2700 E712.66866
G1 F1500 X191.8 Y119.799 E718.10998
G1 X191.8 Y100.201 E718.76182
G1 X28.201 Y100.201 E724.20314
G1 X28.201 Y119.799 E724.85497
G0 F9000 X28.47 Y119.53
G0 X30.206 Y119.1
G0 X30.206 Y119.317
;TYPE:FILL
G1 F3000 X28.68 Y117.791 E724.92675
G0 F9000 X28.9 Y117.791
G0 X28.9 Y116.247
G0 X28.681 Y116.247
G1 F3000 X40.566 Y113.063 E725.33599
G0 F9000 X40.566 Y112.707
G1 F3000 X28.68 Y100.821 E725.89507
G0 F9000 X28.9 Y100.821
G0 X28.9 Y103.824
G0 X28.681 Y103.824
G1 F3000 X40.415 Y100.68 E726.29911
G0 F9000 X39.853 Y100.68
G1 F3000 X41.04 Y101.867 E726.35494
G0 F9000 X40.674 Y102.169
G1 F3000 X41.073 Y100.68 E726.40621
G0 F9000 X41.073 Y100.9
G0 X40.419 Y101.669
G0 X40.347 Y102.571
G0 X40.566 Y102.571
G1 F3000 X36.079 Y119.318 E726.98287
G0 F9000 X35.863 Y119.317
G1 F3000 X28.68 Y112.135 E727.32071
G1 X28.681 Y112.106
G1 X40.566 Y108.922 E727.72995
G0 F9000 X40.347 Y108.922
G0 X40.347 Y107.05
G0 X40.566 Y107.05
G1 F3000 X34.197 Y100.68 E728.02955
G0 F9000 X34.197 Y100.9
G0 X32.791 Y100.9
G0 X32.791 Y100.679
G1 F3000 X28.68 Y116.022 E728.55786
G0 F9000 X28.9 Y116.022
G0 X31.938 Y119.1
G0 X31.938 Y119.318
G1 F3000 X36.932 Y100.68 E729.19963
G0 F9000 X36.932 Y100.9
G0 X40.347 Y104.78
G0 X40.566 Y104.78
G1 F3000 X28.68 Y107.965 E729.60891
G0 F9000 X28.9 Y107.965
G0 X28.9 Y106.478
G0 X28.68 Y106.478
G1 F3000 X41.52 Y119.317 E730.21284
G0 F9000 X41.52 Y119.1
G0 X40.22 Y119.1
G0 X40.22 Y119.319
G1 F3000 X40.633 Y117.775 E730.266
G0 F9000 X40.565 Y117.204
G1 F3000 X32.675 Y119.318 E730.53767
G0 F9000 X32.675 Y119.1
G0 X44.361 Y119.1
G0 X44.361 Y119.319
G1 F3000 X44.666 Y118.181 E730.57686
G0 F9000 X44.666 Y118.402
G0 X46.041 Y118.402
G0 X46.041 Y118.181
G1 F3000 X47.177 Y119.317 E730.63029
G0 F9000 X48.13 Y119.318
G1 F3000 X52.375 Y118.181 E730.77646
G0 F9000 X52.948 Y118.181
G1 F3000 X52.643 Y119.318 E730.81561
G1 X52.834 Y119.317
G1 X51.697 Y118.181 E730.86907
G0 F9000 X51.697 Y118.402
G0 X48.807 Y118.402
G0 X48.807 Y118.181
G1 F3000 X48.502 Y119.319 E730.90826
G0 F9000 X48.502 Y119.1
G0 X56.784 Y119.1
G0 X56.784 Y119.318
G1 F3000 X57.089 Y118.18 E730.94744
G0 F9000 X57.354 Y118.181
G1 F3000 X58.491 Y119.317 E731.0009
G0 F9000 X58.491 Y119.1
G0 X60.925 Y119.1
G0 X60.925 Y119.319
G1 F3000 X61.23 Y118.18 E731.04012
G0 F9000 X61.23 Y118.402
G0 X63.011 Y118.402
G0 X63.011 Y118.181
G1 F3000 X64.148 Y119.317 E731.09358
G0 F9000 X63.585 Y119.318
G1 F3000 X67.829 Y118.181 E731.23971
G0 F9000 X68.668 Y118.181
G1 F3000 X69.804 Y119.317 E731.29314
G0 F9000 X69.208 Y119.319
G1 F3000 X69.513 Y118.181 E731.33233
G0 F9000 X69.513 Y118.402
G0 X73.349 Y119.1
G0 X73.349 Y119.318
G1 F3000 X73.654 Y118.181 E731.37148
G0 F9000 X74.325 Y118.181
G1 F3000 X75.461 Y119.317 E731.42492
G0 F9000 X75.461 Y119.1
G0 X77.49 Y119.1
G0 X77.49 Y119.319
G1 F3000 X77.795 Y118.18 E731.46414
G0 F9000 X77.795 Y118.402
G0 X79.04 Y119.1
G0 X79.04 Y119.318
G1 F3000 X83.284 Y118.181 E731.61027
G0 F9000 X83.284 Y118.402
G0 X81.936 Y118.402
G0 X81.936 Y118.18
G1 F3000 X81.631 Y119.319 E731.64949
G0 F9000 X81.118 Y119.317
G1 F3000 X79.982 Y118.181 E731.70292
G0 F9000 X79.982 Y118.402
G0 X85.639 Y118.402
G0 X85.639 Y118.181
G1 F3000 X86.775 Y119.317 E731.75635
G0 F9000 X86.775 Y119.1
G0 X85.772 Y119.1
G0 X85.772 Y119.319
G1 F3000 X86.077 Y118.181 E731.79554
G0 F9000 X86.077 Y118.402
G0 X89.913 Y119.1
G0 X89.913 Y119.319
G1 F3000 X90.218 Y118.181 E731.83473
G0 F9000 X90.218 Y118.402
G0 X91.295 Y118.402
G0 X91.295 Y118.181
G1 F3000 X92.432 Y119.317 E731.88818
G0 F9000 X92.432 Y119.1
G0 X94.054 Y119.1
G0 X94.054 Y119.318
G1 F3000 X94.359 Y118.181 E731.92734
G0 F9000 X94.359 Y118.402
G0 X94.494 Y119.1
G0 X94.494 Y119.318
G1 F3000 X98.739 Y118.181 E732.0735
G0 F9000 X98.5 Y118.18
G1 F3000 X98.195 Y119.319 E732.11272
G1 X98.089 Y119.317
G1 X96.952 Y118.181 E732.16618
G0 F9000 X96.952 Y118.402
G0 X102.336 Y119.1
G0 X102.336 Y119.319
G1 F3000 X102.642 Y118.18 E732.20541
G1 X102.609 Y118.181
G1 X103.745 Y119.317 E732.25884
G0 F9000 X103.745 Y119.1
G0 X104.328 Y118.33
G0 X104.4 Y116.723
G0 X104.18 Y116.723
G1 F3000 X118.818 Y112.801 E732.76287
G0 F9000 X118.6 Y112.801
G0 X118.6 Y111.763
G0 X118.819 Y111.763
G1 F3000 X107.736 Y100.68 E733.28418
G0 F9000 X107.331 Y100.679
G1 F3000 X104.179 Y112.442 E733.68923
G1 X104.179 Y112.582
G1 X118.818 Y108.659 E734.1933
G0 F9000 X118.6 Y108.659
G0 X118.6 Y106.107
G0 X118.819 Y106.107
G1 F3000 X113.393 Y100.68 E734.44855
G0 F9000 X113.393 Y100.9
G0 X111.472 Y100.9
G0 X111.472 Y100.679
G1 F3000 X106.478 Y119.319 E735.09038
G0 F9000 X106.478 Y119.1
G0 X109.402 Y119.1
G0 X109.402 Y119.317
G1 F3000 X104.179 Y114.094 E735.33606
G0 F9000 X104.4 Y114.094
G0 X104.4 Y108.441
G0 X104.179 Y108.441
G1 F3000 X118.818 Y104.519 E735.84012
G0 F9000 X118.819 Y104.171
G1 F3000 X114.76 Y119.318 E736.36169
G0 F9000 X115.059 Y119.317
G1 F3000 X104.178 Y108.436 E736.8735
G0 F9000 X104.4 Y108.436
G0 X104.4 Y104.3
G0 X104.179 Y104.3
G1 F3000 X117.689 Y100.68 E737.33869
G0 F9000 X117.689 Y100.9
G0 X119.049 Y100.9
G0 X119.049 Y100.68
G1 F3000 X120.186 Y101.817 E737.39217
G0 F9000 X119.449 Y101.817
G1 F3000 X119.754 Y100.68 E737.43133
G0 F9000 X119.754 Y100.9
G0 X123.591 Y101.597
G0 X123.591 Y101.817
G1 F3000 X123.895 Y100.68 E737.47047
G0 F9000 X124.706 Y100.68
G1 F3000 X125.843 Y101.817 E737.52395
G0 F9000 X125.843 Y101.597
G0 X127.732 Y101.597
G0 X127.732 Y101.816
G1 F3000 X128.036 Y100.679 E737.5631
G0 F9000 X128.036 Y100.9
G0 X128.903 Y101.597
G0 X128.903 Y101.816
G1 F3000 X133.143 Y100.68 E737.7091
G0 F9000 X132.177 Y100.68
G1 F3000 X131.873 Y101.816 E737.74821
G0 F9000 X131.499 Y101.817
G1 F3000 X130.363 Y100.68 E737.80167
G0 F9000 X130.363 Y100.9
G0 X136.02 Y100.9
G0 X136.02 Y100.68
G1 F3000 X137.156 Y101.817 E737.85512
G0 F9000 X137.156 Y101.597
G0 X136.014 Y101.597
G0 X136.014 Y101.816
G1 F3000 X136.318 Y100.68 E737.89424
G0 F9000 X136.318 Y100.9
G0 X140.155 Y101.597
G0 X140.155 Y101.817
G1 F3000 X140.46 Y100.68 E737.93339
G0 F9000 X140.46 Y100.9
G0 X141.677 Y100.9
G0 X141.677 Y100.68
G1 F3000 X142.813 Y101.817 E737.98685
G0 F9000 X142.813 Y101.597
G0 X144.296 Y101.597
G0 X144.296 Y101.817
G1 F3000 X144.601 Y100.68 E738.026
G0 F9000 X144.601 Y100.9
G0 X144.357 Y101.597
G0 X144.357 Y101.816
G1 F3000 X148.598 Y100.68 E738.17203
G1 X148.742 Y100.679
G1 X148.437 Y101.816 E738.21118
G1 X148.47 Y101.817
G1 X147.334 Y100.68 E738.26464
G0 F9000 X147.334 Y100.9
G0 X152.578 Y101.597
G0 X152.578 Y101.816
G1 F3000 X152.883 Y100.68 E738.30376
G1 X152.991 Y100.68
G1 X154.127 Y101.817 E738.35722
G0 F9000 X154.127 Y101.597
G0 X156.72 Y101.597
G0 X156.72 Y101.816
G1 F3000 X157.024 Y100.68 E738.39633
G0 F9000 X157.024 Y100.9
G0 X158.647 Y100.9
G0 X158.647 Y100.68
G1 F3000 X159.784 Y101.817 E738.44981
G1 X159.813 Y101.816
G1 X164.053 Y100.68 E738.59581
G0 F9000 X164.304 Y100.68
G1 F3000 X165.441 Y101.817 E738.64929
G0 F9000 X165.002 Y101.817
G1 F3000 X165.306 Y100.68 E738.68844
G0 F9000 X165.306 Y100.9
G0 X169.143 Y101.597
G0 X169.143 Y101.816
G1 F3000 X169.447 Y100.679 E738.72758
G0 F9000 X169.961 Y100.68
G1 F3000 X171.097 Y101.817 E738.78104
G0 F9000 X171.097 Y101.597
G0 X173.284 Y101.597
G0 X173.284 Y101.816
G1 F3000 X173.588 Y100.68 E738.82015
G0 F9000 X173.588 Y100.9
G0 X175.268 Y101.597
G0 X175.268 Y101.816
G1 F3000 X179.508 Y100.68 E738.96615
G0 F9000 X179.508 Y100.9
G0 X181.275 Y100.9
G0 X181.275 Y100.68
G1 F3000 X191.319 Y110.724 E739.43859
G0 F9000 X191.318 Y109.939
G1 F3000 X182.432 Y112.32 E739.74456
G0 F9000 X182.432 Y113.151
G1 F3000 X188.598 Y119.317 E740.03459
G0 F9000 X189.3 Y119.319
G1 F3000 X191.319 Y111.784 E740.29405
G0 F9000 X191.1 Y111.784
G0 X191.1 Y114.08
G0 X191.318 Y114.08
G1 F3000 X182.432 Y116.461 E740.60003
G0 F9000 X182.653 Y116.461
G0 X182.581 Y118.33
G0 X181.806 Y118.402
G0 X181.806 Y118.182
G1 F3000 X182.941 Y119.317 E740.65341
G0 F9000 X182.941 Y119.1
G0 X181.017 Y119.1
G0 X181.017 Y119.319
G1 F3000 X181.323 Y118.18 E740.69264
G0 F9000 X181.323 Y118.402
G0 X185.159 Y119.1
G0 X185.159 Y119.319
G1 F3000 X190.153 Y100.679 E741.33447
G0 F9000 X190.153 Y100.9
G0 X191.1 Y101.656
G0 X191.318 Y101.656
G1 F3000 X182.433 Y104.037 E741.64042
G0 F9000 X182.653 Y104.037
G0 X182.581 Y101.669
G0 X181.566 Y101.597
G0 X181.566 Y101.816
G1 F3000 X181.871 Y100.68 E741.67954
G0 F9000 X181.871 Y100.9
G0 X186.012 Y100.9
G0 X186.012 Y100.68
G1 F3000 X182.433 Y114.037 E742.13947
G0 F9000 X182.653 Y114.037
G0 X182.653 Y108.178
G0 X182.433 Y108.178
G1 F3000 X191.318 Y105.798 E742.4454
G0 F9000 X191.319 Y105.067
G1 F3000 X186.932 Y100.68 E742.65175
G0 F9000 X186.932 Y100.9
G0 X182.653 Y107.494
G0 X182.432 Y107.494
G1 F3000 X191.319 Y116.381 E743.06977
G0 F9000 X191.1 Y116.381
G0 X191.1 Y118.221
G0 X191.318 Y118.221
G1 F3000 X187.223 Y119.318 E743.21077
G0 F9000 X187.223 Y119.1
G0 X177.285 Y119.1
G0 X177.285 Y119.317
G1 F3000 X176.149 Y118.182 E743.26418
G1 X176.014 Y118.181
G1 X171.767 Y119.318 E743.41041
G1 X171.628 Y119.317
G1 X170.492 Y118.182 E743.46382
G0 F9000 X170.492 Y118.402
G0 X168.899 Y118.402
G0 X168.899 Y118.181
G1 F3000 X168.594 Y119.319 E743.50301
G0 F9000 X168.594 Y119.1
G0 X165.971 Y119.1
G0 X165.971 Y119.317
G1 F3000 X164.835 Y118.182 E743.55642
G1 X164.758 Y118.18
G1 X164.453 Y119.319 E743.59564
G0 F9000 X164.453 Y119.1
G0 X160.617 Y118.402
G0 X160.617 Y118.18
G1 F3000 X160.312 Y119.319 E743.63485
G1 X160.314 Y119.317
G1 X159.178 Y118.182 E743.68827
G0 F9000 X159.178 Y118.402
G0 X160.558 Y118.402
G0 X160.558 Y118.181
G1 F3000 X156.313 Y119.318 E743.83443
G1 X156.171 Y119.318
G1 X156.476 Y118.18 E743.87362
G0 F9000 X156.476 Y118.402
G0 X154.657 Y119.1
G0 X154.657 Y119.317
G1 F3000 X153.522 Y118.182 E743.927
G0 F9000 X153.522 Y118.402
G0 X152.335 Y118.402
G0 X152.335 Y118.181
G1 F3000 X152.03 Y119.319 E743.96619
G0 F9000 X152.03 Y119.1
G0 X149 Y119.1
G0 X149 Y119.317
G1 F3000 X147.865 Y118.182 E744.01958
G0 F9000 X148.194 Y118.18
G1 F3000 X147.889 Y119.319 E744.05879
G0 F9000 X147.889 Y119.1
G0 X145.102 Y118.402
G0 X145.102 Y118.181
G1 F3000 X140.858 Y119.318 E744.20493
G0 F9000 X140.858 Y119.1
G0 X139.606 Y119.1
G0 X139.606 Y119.319
G1 F3000 X139.911 Y118.18 E744.24415
G0 F9000 X139.911 Y118.402
G0 X142.208 Y118.402
G0 X142.208 Y118.182
G1 F3000 X143.343 Y119.317 E744.29753
G0 F9000 X143.747 Y119.319
G1 F3000 X144.053 Y118.18 E744.33676
G0 F9000 X144.053 Y118.402
G0 X137.687 Y119.1
G0 X137.687 Y119.317
G1 F3000 X136.551 Y118.182 E744.39017
G0 F9000 X135.77 Y118.18
G1 F3000 X135.465 Y119.318 E744.42936
G0 F9000 X135.465 Y119.1
G0 X132.03 Y119.1
G0 X132.03 Y119.317
G1 F3000 X130.894 Y118.182 E744.48277
G0 F9000 X131.629 Y118.18
G1 F3000 X131.324 Y119.319 E744.52199
G0 F9000 X131.324 Y119.1
G0 X129.647 Y118.402
G0 X129.647 Y118.181
G1 F3000 X125.404 Y119.318 E744.66809
G0 F9000 X126.373 Y119.317
G1 F3000 X125.237 Y118.182 E744.7215
G0 F9000 X125.237 Y118.402
G0 X123.347 Y118.402
G0 X123.347 Y118.18
G1 F3000 X123.042 Y119.319 E744.76072
G0 F9000 X123.042 Y119.1
G0 X120.716 Y119.1
G0 X120.716 Y119.317
G1 F3000 X119.58 Y118.182 E744.81413
G0 F9000 X119.231 Y118.086
G1 F3000 X118.901 Y119.319 E744.85658
G0 F9000 X118.901 Y119.1
G0 X118.716 Y118.476
G0 X118.6 Y117.42
G0 X118.819 Y117.42
G1 F3000 X104.178 Y102.78 E745.54522
G0 F9000 X104.4 Y102.78
G0 X104.328 Y101.669
G0 X103.214 Y101.597
G0 X103.214 Y101.816
G1 F3000 X102.079 Y100.68 E745.59863
G1 X102.234 Y100.68
G1 X97.992 Y101.817 E745.7447
G0 F9000 X97.558 Y101.816
G1 F3000 X96.422 Y100.68 E745.79814
G0 F9000 X96.422 Y100.9
G0 X94.907 Y100.9
G0 X94.907 Y100.68
G1 F3000 X94.603 Y101.817 E745.83728
G0 F9000 X94.603 Y101.597
G0 X91.901 Y101.597
G0 X91.901 Y101.816
G1 F3000 X90.765 Y100.68 E745.89072
G1 X90.766 Y100.679
G1 X90.462 Y101.816 E745.92986
G0 F9000 X90.462 Y101.597
G0 X86.778 Y100.9
G0 X86.778 Y100.68
G1 F3000 X82.537 Y101.817 E746.0759
G0 F9000 X82.18 Y101.817
G1 F3000 X82.484 Y100.68 E746.11504
G0 F9000 X82.484 Y100.9
G0 X80.587 Y101.597
G0 X80.587 Y101.816
G1 F3000 X79.451 Y100.68 E746.16848
G0 F9000 X79.451 Y100.9
G0 X78.343 Y100.9
G0 X78.343 Y100.68
G1 F3000 X78.038 Y101.817 E746.20763
G0 F9000 X78.038 Y101.597
G0 X74.93 Y101.597
G0 X74.93 Y101.816
G1 F3000 X73.795 Y100.68 E746.26104
G0 F9000 X74.202 Y100.68
G1 F3000 X73.897 Y101.816 E746.30016
G0 F9000 X73.897 Y101.597
G0 X71.324 Y100.9
G0 X71.324 Y100.68
G1 F3000 X67.082 Y101.816 E746.44623
G0 F9000 X67.082 Y101.597
G0 X65.615 Y101.597
G0 X65.615 Y101.816
G1 F3000 X65.92 Y100.68 E746.48535
G0 F9000 X65.92 Y100.9
G0 X68.138 Y100.9
G0 X68.138 Y100.68
G1 F3000 X69.273 Y101.816 E746.53876
G0 F9000 X69.756 Y101.816
G1 F3000 X70.061 Y100.679 E746.57791
G0 F9000 X70.061 Y100.9
G0 X63.616 Y101.597
G0 X63.616 Y101.816
G1 F3000 X62.481 Y100.68 E746.63132
G0 F9000 X61.779 Y100.68
G1 F3000 X61.474 Y101.817 E746.67048
G0 F9000 X61.474 Y101.597
G0 X57.96 Y101.597
G0 X57.96 Y101.816
G1 F3000 X56.824 Y100.68 E746.72391
G0 F9000 X57.637 Y100.68
G1 F3000 X57.333 Y101.816 E746.76302
G0 F9000 X57.333 Y101.597
G0 X55.869 Y100.9
G0 X55.869 Y100.68
G1 F3000 X51.628 Y101.816 E746.90905
G0 F9000 X52.303 Y101.816
G1 F3000 X51.167 Y100.68 E746.96248
G0 F9000 X51.167 Y100.9
G0 X49.355 Y100.9
G0 X49.355 Y100.679
G1 F3000 X49.051 Y101.816 E747.00163
G0 F9000 X49.051 Y101.597
G0 X46.646 Y101.597
G0 X46.646 Y101.816
G1 F3000 X45.51 Y100.68 E747.05506
G0 F9000 X45.214 Y100.68
G1 F3000 X44.91 Y101.816 E747.09418
G0 F9000 X44.91 Y101.597
G0 X53.192 Y101.597
G0 X53.192 Y101.816
G1 F3000 X53.496 Y100.68 E747.13329
G1 F2700 E742.13329
G0 F9000 X53.496 Y100.9
G0 X40.419 Y101.669
G0 X40.419 Y118.33
G0 X65.371 Y118.402
G0 X65.371 Y118.181
G1 F2700 E747.13329
G1 F3000 X65.067 Y119.319 E747.17247
G1 F2700 E742.17247
G0 F9000 X65.067 Y119.1
G0 X104.328 Y118.33
G0 X104.328 Y101.669
G0 X85.108 Y100.9
G0 X85.108 Y100.68
G1 F2700 E747.17247
G1 F3000 X86.244 Y101.816 E747.2259
G1 X86.321 Y101.816
G1 X86.625 Y100.679 E747.26505
G0 F9000 X86.625 Y100.9
G0 X98.744 Y101.597
G0 X98.744 Y101.817
G1 F3000 X99.049 Y100.68 E747.3042
G0 F9000 X99.049 Y100.9
G0 X102.885 Y101.597
G0 X102.885 Y101.817
G1 F3000 X103.19 Y100.68 E747.34335
G0 F9000 X103.19 Y100.9
G0 X115.613 Y100.9
G0 X115.613 Y100.68
G1 F3000 X110.619 Y119.319 E747.98516
G0 F9000 X109.949 Y119.318
G1 F3000 X118.818 Y116.942 E748.29054
G0 F9000 X118.6 Y116.942
G0 X118.672 Y118.33
G0 X127.183 Y119.1
G0 X127.183 Y119.319
G1 F3000 X127.488 Y118.18 E748.32976
G1 F2700 E743.32976
G0 F9000 X127.488 Y118.402
G0 X118.672 Y118.33
G0 X118.672 Y101.669
G0 X160.861 Y101.597
G0 X160.861 Y101.816
G1 F2700 E748.32976
G1 F3000 X161.165 Y100.68 E748.36887
G0 F9000 X161.165 Y100.9
G0 X175.618 Y100.9
G0 X175.618 Y100.68
G1 F3000 X176.754 Y101.817 E748.42233
G0 F9000 X177.425 Y101.816
G1 F3000 X177.729 Y100.68 E748.46144
G0 F9000 X177.729 Y100.9
G0 X182.581 Y101.669
G0 X182.581 Y118.33
G0 X177.181 Y118.402
G0 X177.181 Y118.18
G1 F3000 X176.876 Y119.318 E748.50063
G0 F9000 X176.876 Y119.1
G0 X173.04 Y118.402
G0 X173.04 Y118.181
G1 F3000 X172.735 Y119.319 E748.53982
G0 F9000 X172.735 Y118.8
G1 F2700 E743.53982
;MESH:NONMESH
G0 F300 X172.735 Y118.8 Z1.6
G0 F9000 X28.87 Y119.13
G0 X28.601 Y119.399
;TIME_ELAPSED:1165.919944
;LAYER:7
;TYPE:WALL-INNER
;MESH:Display 2x7219 mask .stl
G1 F2700 E748.53982
G1 F1500 X191.4 Y119.399 E753.95453
G1 X191.4 Y100.601 E754.57976
G1 X28.601 Y100.601 E759.99447
G1 X28.601 Y119.399 E760.6197
G1 F2700 E755.6197
G0 F9000 X28.87 Y119.13
G0 X103.86 Y118.402
G0 X103.86 Y117.983
G1 F2700 E760.6197
G1 F1500 X103.586 Y118.102 E760.62963
G1 X41.247 Y118.102 E762.70304
G1 X40.886 Y117.983 E762.71568
G1 X40.692 Y117.733 E762.7262
G1 X40.647 Y117.502 E762.73403
G1 X40.647 Y102.497 E763.2331
G1 X40.693 Y102.265 E763.24097
G1 X40.887 Y102.016 E763.25146
G1 X41.161 Y101.897 E763.2614
G1 X103.5 Y101.897 E765.3348
G1 X103.861 Y102.016 E765.34745
G1 X104.055 Y102.266 E765.35797
G1 X104.1 Y102.497 E765.3658
G1 X104.1 Y117.502 E765.86487
G1 X104.054 Y117.734 E765.87273
G1 X103.86 Y117.983 E765.88323
G0 F9000 X103.86 Y118.402
G0 X119.139 Y118.402
G0 X119.139 Y117.983
G1 F1500 X118.945 Y117.733 E765.89376
G1 X118.9 Y117.502 E765.90158
G1 X118.9 Y102.497 E766.40065
G1 X118.946 Y102.265 E766.40852
G1 X119.14 Y102.016 E766.41902
G1 X119.414 Y101.897 E766.42895
G1 X181.753 Y101.897 E768.50236
G1 X182.114 Y102.016 E768.515
G1 X182.308 Y102.266 E768.52552
G1 X182.353 Y102.497 E768.53335
G1 X182.353 Y117.502 E769.03242
G1 X182.307 Y117.734 E769.04029
G1 X182.113 Y117.983 E769.05079
G1 X181.839 Y118.102 E769.06072
G1 X119.5 Y118.102 E771.13413
G1 X119.139 Y117.983 E771.14677
G0 F9000 X119.379 Y117.663
;TYPE:WALL-OUTER
G1 F1500 X119.3 Y117.559 E771.15111
G1 X119.3 Y102.438 E771.65404
G1 X119.38 Y102.336 E771.65835
G1 X119.465 Y102.299 E771.66143
G1 X181.753 Y102.297 E773.73314
G1 X181.874 Y102.336 E773.73737
G1 X181.953 Y102.44 E773.74171
G1 X181.953 Y117.561 E774.24464
G1 X181.873 Y117.663 E774.24895
G1 X181.788 Y117.7 E774.25203
G1 X119.5 Y117.702 E776.32374
G1 X119.379 Y117.663 E776.32797
G1 F2700 E771.32797
G0 F9000 X119.379 Y118.402
G0 X103.62 Y118.402
G0 X103.62 Y117.663
G1 F2700 E776.32797
G1 F1500 X103.535 Y117.7 E776.33105
G1 X41.247 Y117.702 E778.40276
G1 X41.126 Y117.663 E778.40699
G1 X41.047 Y117.559 E778.41133
G1 X41.047 Y102.438 E778.91426
G1 X41.127 Y102.336 E778.91857
G1 X41.212 Y102.299 E778.92165
G1 X103.5 Y102.297 E780.99336
G1 X103.621 Y102.336 E780.99759
G1 X103.7 Y102.44 E781.00193
G1 X103.7 Y117.561 E781.50486
G1 X103.62 Y117.663 E781.50917
G1 F2700 E776.50917
G0 F9000 X103.62 Y118.402
G0 X28.47 Y119.53
G0 X28.201 Y119.799
G1 F2700 E781.50917
G1 F1500 X191.8 Y119.799 E786.9505
G1 X191.8 Y100.201 E787.60233
G1 X28.201 Y100.201 E793.04365
G1 X28.201 Y119.799 E793.69549
G0 F9000 X28.47 Y119.53
G0 X30.407 Y119.1
G0 X30.407 Y119.317
;TYPE:FILL
G1 F3000 X28.68 Y117.591 E793.77669
G0 F9000 X28.9 Y117.591
G0 X28.9 Y116.394
G0 X28.681 Y116.394
G1 F3000 X40.566 Y113.21 E794.18593
G0 F9000 X40.566 Y112.506
G1 F3000 X28.741 Y100.68 E794.74217
G0 F9000 X28.87 Y100.87
G0 X28.9 Y103.971
G0 X28.681 Y103.971
G1 F3000 X40.963 Y100.68 E795.16508
G1 X40.926 Y100.68
G1 X35.932 Y119.319 E795.80688
G1 X36.064 Y119.317
G1 X28.68 Y111.934 E796.15418
G0 F9000 X28.681 Y112.253
G1 F3000 X40.566 Y109.069 E796.56341
G0 F9000 X40.347 Y109.069
G0 X40.347 Y106.849
G0 X40.566 Y106.849
G1 F3000 X34.397 Y100.68 E796.85358
G0 F9000 X34.397 Y100.9
G0 X32.644 Y100.9
G0 X32.644 Y100.68
G1 F3000 X28.68 Y115.473 E797.36296
G0 F9000 X28.9 Y115.473
G0 X31.791 Y119.1
G0 X31.791 Y119.318
G1 F3000 X36.785 Y100.68 E798.00473
G0 F9000 X36.785 Y100.9
G0 X40.054 Y100.9
G0 X40.054 Y100.68
G1 F3000 X41.19 Y101.816 E798.05816
G0 F9000 X41.19 Y101.597
G0 X40.419 Y101.669
G0 X40.347 Y104.927
G0 X40.566 Y104.927
G1 F3000 X28.68 Y108.112 E798.46744
G0 F9000 X28.9 Y108.112
G0 X28.9 Y106.277
G0 X28.68 Y106.277
G1 F3000 X41.721 Y119.317 E799.08083
G0 F9000 X41.721 Y119.1
G0 X40.073 Y119.1
G0 X40.073 Y119.319
G1 F3000 X40.566 Y117.477 E799.14425
G1 X40.566 Y117.351
G1 X33.224 Y119.318 E799.39705
G0 F9000 X33.224 Y119.1
G0 X44.214 Y119.1
G0 X44.214 Y119.319
G1 F3000 X44.519 Y118.181 E799.43624
G0 F9000 X44.519 Y118.402
G0 X46.241 Y118.402
G0 X46.241 Y118.181
G1 F3000 X47.378 Y119.317 E799.4897
G0 F9000 X48.355 Y119.319
G1 F3000 X48.66 Y118.181 E799.52888
G0 F9000 X48.66 Y118.402
G0 X48.678 Y119.1
G0 X48.678 Y119.318
G1 F3000 X52.923 Y118.181 E799.67505
G1 X52.801 Y118.181
G1 X52.496 Y119.318 E799.7142
G0 F9000 X53.035 Y119.317
G1 F3000 X51.898 Y118.181 E799.76766
G0 F9000 X51.898 Y118.402
G0 X56.637 Y119.1
G0 X56.637 Y119.319
G1 F3000 X56.942 Y118.18 E799.80688
G0 F9000 X57.555 Y118.181
G1 F3000 X58.691 Y119.317 E799.86031
G0 F9000 X58.691 Y119.1
G0 X60.778 Y119.1
G0 X60.778 Y119.319
G1 F3000 X61.083 Y118.18 E799.89953
G0 F9000 X61.083 Y118.402
G0 X63.212 Y118.402
G0 X63.212 Y118.181
G1 F3000 X64.348 Y119.317 E799.95297
G0 F9000 X64.134 Y119.318
G1 F3000 X68.378 Y118.181 E800.0991
G0 F9000 X68.869 Y118.181
G1 F3000 X70.005 Y119.317 E800.15253
G0 F9000 X69.061 Y119.319
G1 F3000 X69.366 Y118.181 E800.19172
G0 F9000 X69.366 Y118.402
G0 X73.202 Y119.1
G0 X73.202 Y119.318
G1 F3000 X73.507 Y118.18 E800.2309
G0 F9000 X73.507 Y118.402
G0 X74.526 Y118.402
G0 X74.526 Y118.181
G1 F3000 X75.662 Y119.317 E800.28434
G0 F9000 X75.662 Y119.1
G0 X77.343 Y119.1
G0 X77.343 Y119.319
G1 F3000 X77.648 Y118.18 E800.32356
G0 F9000 X77.648 Y118.402
G0 X79.588 Y119.1
G0 X79.588 Y119.318
G1 F3000 X83.833 Y118.181 E800.46972
G0 F9000 X83.833 Y118.402
G0 X85.839 Y118.402
G0 X85.839 Y118.181
G1 F3000 X86.976 Y119.317 E800.52318
G0 F9000 X86.976 Y119.1
G0 X85.625 Y119.1
G0 X85.625 Y119.319
G1 F3000 X85.93 Y118.181 E800.56237
G0 F9000 X85.93 Y118.402
G0 X89.766 Y119.1
G0 X89.766 Y119.319
G1 F3000 X90.071 Y118.181 E800.60155
G0 F9000 X90.071 Y118.402
G0 X91.496 Y118.402
G0 X91.496 Y118.181
G1 F3000 X92.633 Y119.317 E800.65501
G0 F9000 X92.633 Y119.1
G0 X93.907 Y119.1
G0 X93.907 Y119.318
G1 F3000 X94.212 Y118.18 E800.6942
G0 F9000 X94.212 Y118.402
G0 X95.043 Y119.1
G0 X95.043 Y119.318
G1 F3000 X99.287 Y118.181 E800.84033
G0 F9000 X98.353 Y118.18
G1 F3000 X98.048 Y119.319 E800.87955
G0 F9000 X98.289 Y119.317
G1 F3000 X97.153 Y118.181 E800.93298
G0 F9000 X97.153 Y118.402
G0 X102.189 Y119.1
G0 X102.189 Y119.319
G1 F3000 X102.495 Y118.18 E800.97221
G0 F9000 X102.81 Y118.181
G1 F3000 X103.946 Y119.317 E801.02564
G0 F9000 X103.946 Y119.1
G0 X106.331 Y119.1
G0 X106.331 Y119.319
G1 F3000 X111.325 Y100.68 E801.66744
G0 F9000 X111.325 Y100.9
G0 X113.593 Y100.9
G0 X113.593 Y100.68
G1 F3000 X118.819 Y105.906 E801.91326
G0 F9000 X118.6 Y105.906
G0 X118.6 Y104.665
G0 X118.818 Y104.665
G1 F3000 X104.179 Y108.588 E802.41733
G0 F9000 X104.178 Y108.236
G1 F3000 X115.26 Y119.317 E802.93857
G0 F9000 X114.613 Y119.318
G1 F3000 X118.819 Y103.622 E803.47904
G0 F9000 X118.6 Y103.622
G0 X118.672 Y101.669
G0 X119.288 Y101.597
G0 X119.288 Y101.87
G1 F3000 X119.607 Y100.68 E803.52002
G0 F9000 X119.25 Y100.68
G1 F3000 X120.387 Y101.817 E803.5735
G0 F9000 X120.387 Y101.597
G0 X118.237 Y100.9
G0 X118.237 Y100.68
G1 F3000 X104.179 Y104.447 E804.05757
G0 F9000 X104.4 Y104.447
G0 X104.4 Y102.579
G0 X104.178 Y102.579
G1 F3000 X118.819 Y117.219 E804.74621
G1 X118.818 Y117.089
G1 X110.498 Y119.318 E805.0327
G1 X110.472 Y119.319
G1 X115.466 Y100.68 E805.6745
G0 F9000 X115.466 Y100.9
G0 X107.937 Y100.9
G0 X107.937 Y100.68
G1 F3000 X118.819 Y111.563 E806.18638
G0 F9000 X118.6 Y111.563
G0 X118.6 Y112.948
G0 X118.818 Y112.948
G1 F3000 X104.179 Y116.87 E806.69044
G0 F9000 X104.4 Y116.87
G0 X104.4 Y113.893
G0 X104.179 Y113.893
G1 F3000 X109.603 Y119.317 E806.94557
G0 F9000 X109.603 Y119.1
G0 X104.4 Y112.729
G0 X104.179 Y112.729
G1 F3000 X118.818 Y108.806 E807.44965
G0 F9000 X118.6 Y108.806
G0 X118.672 Y101.669
G0 X123.444 Y101.597
G0 X123.444 Y101.817
G1 F3000 X123.748 Y100.68 E807.48879
G0 F9000 X123.748 Y100.9
G0 X124.907 Y100.9
G0 X124.907 Y100.68
G1 F3000 X126.043 Y101.817 E807.54225
G0 F9000 X126.043 Y101.597
G0 X127.585 Y101.597
G0 X127.585 Y101.816
G1 F3000 X127.889 Y100.679 E807.58139
G0 F9000 X127.889 Y100.9
G0 X129.452 Y101.597
G0 X129.452 Y101.816
G1 F3000 X133.692 Y100.68 E807.72739
G0 F9000 X133.692 Y100.9
G0 X132.03 Y100.9
G0 X132.03 Y100.68
G1 F3000 X131.726 Y101.816 E807.7665
G1 X131.7 Y101.817
G1 X130.564 Y100.68 E807.81996
G0 F9000 X130.564 Y100.9
G0 X135.867 Y101.597
G0 X135.867 Y101.816
G1 F3000 X136.171 Y100.68 E807.85907
G1 X136.221 Y100.68
G1 X137.357 Y101.817 E807.91253
G0 F9000 X137.357 Y101.597
G0 X140.008 Y101.597
G0 X140.008 Y101.817
G1 F3000 X140.313 Y100.68 E807.95169
G0 F9000 X140.313 Y100.9
G0 X141.878 Y100.9
G0 X141.878 Y100.68
G1 F3000 X143.014 Y101.817 E808.00514
G0 F9000 X143.014 Y101.597
G0 X144.149 Y101.597
G0 X144.149 Y101.816
G1 F3000 X144.454 Y100.68 E808.04427
G0 F9000 X144.454 Y100.9
G0 X144.906 Y101.597
G0 X144.906 Y101.816
G1 F3000 X149.147 Y100.68 E808.19029
G0 F9000 X148.595 Y100.679
G1 F3000 X148.29 Y101.816 E808.22945
G0 F9000 X148.671 Y101.817
G1 F3000 X147.535 Y100.68 E808.28291
G0 F9000 X147.535 Y100.9
G0 X152.431 Y101.597
G0 X152.431 Y101.816
G1 F3000 X152.736 Y100.68 E808.32203
G0 F9000 X153.191 Y100.68
G1 F3000 X154.328 Y101.817 E808.37551
G0 F9000 X154.328 Y101.597
G0 X156.573 Y101.597
G0 X156.573 Y101.816
G1 F3000 X156.877 Y100.68 E808.41462
G0 F9000 X156.877 Y100.9
G0 X158.848 Y100.9
G0 X158.848 Y100.68
G1 F3000 X159.985 Y101.817 E808.4681
G0 F9000 X160.362 Y101.816
G1 F3000 X164.601 Y100.68 E808.61407
G1 X164.505 Y100.68
G1 X165.641 Y101.817 E808.66752
G0 F9000 X164.855 Y101.816
G1 F3000 X165.159 Y100.68 E808.70664
G0 F9000 X165.159 Y100.9
G0 X168.996 Y101.597
G0 X168.996 Y101.816
G1 F3000 X169.3 Y100.679 E808.74578
G0 F9000 X170.162 Y100.68
G1 F3000 X171.298 Y101.817 E808.79924
G0 F9000 X171.298 Y101.597
G0 X173.137 Y101.597
G0 X173.137 Y101.816
G1 F3000 X173.441 Y100.68 E808.83835
G0 F9000 X173.441 Y100.9
G0 X175.819 Y100.9
G0 X175.819 Y100.68
G1 F3000 X176.955 Y101.817 E808.89181
G0 F9000 X177.278 Y101.816
G1 F3000 X177.582 Y100.68 E808.93092
G0 F9000 X177.582 Y100.9
G0 X175.816 Y101.597
G0 X175.816 Y101.816
G1 F3000 X180.057 Y100.68 E809.07695
G0 F9000 X180.057 Y100.9
G0 X181.476 Y100.9
G0 X181.476 Y100.68
G1 F3000 X191.319 Y110.523 E809.53994
G0 F9000 X191.318 Y110.086
G1 F3000 X182.432 Y112.467 E809.84591
G0 F9000 X182.432 Y112.95
G1 F3000 X188.799 Y119.317 E810.1454
G0 F9000 X189.153 Y119.319
G1 F3000 X191.319 Y111.235 E810.42376
G0 F9000 X191.1 Y111.235
G0 X191.1 Y114.227
G0 X191.318 Y114.227
G1 F3000 X182.432 Y116.608 E810.72973
G0 F9000 X182.653 Y116.608
G0 X182.581 Y118.33
G0 X181.956 Y118.402
G0 X181.956 Y118.132
G1 F3000 X183.142 Y119.317 E810.78549
G0 F9000 X183.142 Y119.1
G0 X185.012 Y119.1
G0 X185.012 Y119.319
G1 F3000 X190.006 Y100.68 E811.4273
G0 F9000 X190.006 Y100.9
G0 X191.1 Y101.803
G0 X191.318 Y101.803
G1 F3000 X182.433 Y104.184 E811.73324
G0 F9000 X182.653 Y104.184
G0 X182.581 Y101.669
G0 X181.419 Y101.597
G0 X181.419 Y101.816
G1 F3000 X181.724 Y100.68 E811.77236
G0 F9000 X181.724 Y100.9
G0 X185.865 Y100.9
G0 X185.865 Y100.68
G1 F3000 X182.433 Y113.489 E812.21342
G0 F9000 X182.653 Y113.489
G0 X182.581 Y118.33
G0 X181.175 Y118.402
G0 X181.175 Y118.181
G1 F3000 X180.87 Y119.319 E812.2526
G0 F9000 X180.87 Y119.1
G0 X177.485 Y119.1
G0 X177.485 Y119.317
G1 F3000 X176.35 Y118.182 E812.30599
G0 F9000 X176.562 Y118.181
G1 F3000 X172.316 Y119.318 E812.45219
G0 F9000 X172.588 Y119.318
G1 F3000 X172.893 Y118.181 E812.49134
G0 F9000 X172.893 Y118.402
G0 X171.829 Y119.1
G0 X171.829 Y119.317
G1 F3000 X170.693 Y118.182 E812.54475
G0 F9000 X170.693 Y118.402
G0 X168.752 Y118.402
G0 X168.752 Y118.181
G1 F3000 X168.447 Y119.319 E812.58394
G0 F9000 X168.447 Y119.1
G0 X166.172 Y119.1
G0 X166.172 Y119.317
G1 F3000 X165.036 Y118.182 E812.63735
G0 F9000 X164.611 Y118.181
G1 F3000 X164.306 Y119.319 E812.67653
G0 F9000 X164.306 Y119.1
G0 X161.107 Y118.402
G0 X161.107 Y118.181
G1 F3000 X156.861 Y119.318 E812.82273
G0 F9000 X156.024 Y119.318
G1 F3000 X156.329 Y118.18 E812.86192
G0 F9000 X156.329 Y118.402
G0 X154.858 Y119.1
G0 X154.858 Y119.317
G1 F3000 X153.722 Y118.182 E812.91533
G0 F9000 X153.722 Y118.402
G0 X152.188 Y118.402
G0 X152.188 Y118.181
G1 F3000 X151.883 Y119.318 E812.95448
G0 F9000 X151.883 Y119.1
G0 X149.201 Y119.1
G0 X149.201 Y119.317
G1 F3000 X148.066 Y118.182 E813.00787
G1 X148.047 Y118.18
G1 X147.742 Y119.319 E813.04709
G0 F9000 X147.742 Y119.1
G0 X145.651 Y118.402
G0 X145.651 Y118.181
G1 F3000 X141.407 Y119.318 E813.19322
G0 F9000 X141.407 Y119.1
G0 X142.409 Y118.402
G0 X142.409 Y118.182
G1 F3000 X143.544 Y119.317 E813.24661
G1 X143.6 Y119.319
G1 X143.906 Y118.18 E813.28583
G0 F9000 X143.906 Y118.402
G0 X139.764 Y118.402
G0 X139.764 Y118.18
G1 F3000 X139.459 Y119.319 E813.32505
G0 F9000 X139.459 Y119.1
G0 X137.887 Y119.1
G0 X137.887 Y119.317
G1 F3000 X136.752 Y118.182 E813.37844
G0 F9000 X136.752 Y118.402
G0 X135.623 Y118.402
G0 X135.623 Y118.18
G1 F3000 X135.318 Y119.318 E813.41763
G0 F9000 X135.318 Y119.1
G0 X132.231 Y119.1
G0 X132.231 Y119.317
G1 F3000 X131.095 Y118.182 E813.47104
G0 F9000 X131.482 Y118.18
G1 F3000 X131.177 Y119.318 E813.51022
G0 F9000 X131.177 Y119.1
G0 X130.196 Y118.402
G0 X130.196 Y118.181
G1 F3000 X125.952 Y119.318 E813.65636
G0 F9000 X126.574 Y119.317
G1 F3000 X125.438 Y118.182 E813.70977
G0 F9000 X125.438 Y118.402
G0 X127.341 Y118.402
G0 X127.341 Y118.18
G1 F3000 X127.036 Y119.319 E813.74898
G0 F9000 X127.036 Y119.1
G0 X123.2 Y118.402
G0 X123.2 Y118.18
G1 F3000 X122.895 Y119.319 E813.7882
G0 F9000 X122.895 Y119.1
G0 X120.917 Y119.1
G0 X120.917 Y119.317
G1 F3000 X119.781 Y118.182 E813.84161
G0 F9000 X119.096 Y118.041
G1 F3000 X118.754 Y119.319 E813.88561
G0 F9000 X118.754 Y119.1
G0 X104.4 Y111.893
G0 X104.179 Y111.893
G1 F3000 X107.184 Y100.679 E814.27175
G0 F9000 X107.184 Y100.9
G0 X103.415 Y101.597
G0 X103.415 Y101.816
G1 F3000 X102.28 Y100.68 E814.32516
G0 F9000 X102.783 Y100.68
G1 F3000 X98.54 Y101.817 E814.47127
G1 X98.597 Y101.817
G1 X98.902 Y100.68 E814.51042
G0 F9000 X98.902 Y100.9
G0 X97.758 Y101.597
G0 X97.758 Y101.816
G1 F3000 X96.623 Y100.68 E814.56383
G0 F9000 X96.623 Y100.9
G0 X94.76 Y100.9
G0 X94.76 Y100.68
G1 F3000 X94.456 Y101.817 E814.60297
G0 F9000 X94.456 Y101.597
G0 X92.102 Y101.597
G0 X92.102 Y101.816
G1 F3000 X90.966 Y100.68 E814.65641
G0 F9000 X90.619 Y100.679
G1 F3000 X90.315 Y101.817 E814.69559
G0 F9000 X90.315 Y101.597
G0 X87.327 Y100.9
G0 X87.327 Y100.68
G1 F3000 X83.086 Y101.817 E814.84162
G0 F9000 X83.086 Y101.597
G0 X82.033 Y101.597
G0 X82.033 Y101.817
G1 F3000 X82.337 Y100.68 E814.88077
G0 F9000 X82.337 Y100.9
G0 X80.788 Y101.597
G0 X80.788 Y101.816
G1 F3000 X79.652 Y100.68 E814.9342
G0 F9000 X79.652 Y100.9
G0 X78.196 Y100.9
G0 X78.196 Y100.68
G1 F3000 X77.891 Y101.817 E814.97336
G0 F9000 X77.891 Y101.597
G0 X75.131 Y101.597
G0 X75.131 Y101.816
G1 F3000 X73.995 Y100.68 E815.02679
G1 X74.055 Y100.68
G1 X73.75 Y101.816 E815.06591
G0 F9000 X73.75 Y101.597
G0 X71.873 Y100.9
G0 X71.873 Y100.68
G1 F3000 X67.631 Y101.816 E815.21197
G0 F9000 X67.631 Y101.597
G0 X68.339 Y100.9
G0 X68.339 Y100.68
G1 F3000 X69.474 Y101.816 E815.26538
G1 X69.609 Y101.816
G1 X69.914 Y100.679 E815.30454
G0 F9000 X69.914 Y100.9
G0 X65.773 Y100.9
G0 X65.773 Y100.679
G1 F3000 X65.468 Y101.816 E815.34369
G0 F9000 X65.468 Y101.597
G0 X63.817 Y101.597
G0 X63.817 Y101.816
G1 F3000 X62.682 Y100.68 E815.3971
G0 F9000 X62.682 Y100.9
G0 X61.632 Y100.9
G0 X61.632 Y100.68
G1 F3000 X61.327 Y101.817 E815.43625
G0 F9000 X61.327 Y101.597
G0 X58.16 Y101.597
G0 X58.16 Y101.816
G1 F3000 X57.025 Y100.68 E815.48967
G0 F9000 X57.49 Y100.68
G1 F3000 X57.186 Y101.816 E815.52878
G0 F9000 X57.186 Y101.597
G0 X56.418 Y100.9
G0 X56.418 Y100.68
G1 F3000 X52.177 Y101.816 E815.67481
G0 F9000 X52.504 Y101.816
G1 F3000 X51.368 Y100.68 E815.72824
G0 F9000 X51.368 Y100.9
G0 X53.349 Y100.9
G0 X53.349 Y100.68
G1 F3000 X53.045 Y101.816 E815.76735
G0 F9000 X53.045 Y101.597
G0 X49.208 Y100.9
G0 X49.208 Y100.679
G1 F3000 X48.904 Y101.816 E815.8065
G0 F9000 X48.904 Y101.597
G0 X46.847 Y101.597
G0 X46.847 Y101.816
G1 F3000 X45.711 Y100.68 E815.85993
G0 F9000 X45.067 Y100.679
G1 F3000 X44.763 Y101.816 E815.89908
G1 F2700 E810.89908
G0 F9000 X44.763 Y101.597
G0 X40.419 Y101.669
G0 X40.419 Y118.33
G0 X65.224 Y118.402
G0 X65.224 Y118.181
G1 F2700 E815.89908
G1 F3000 X64.92 Y119.319 E815.93826
G0 F9000 X64.92 Y119.1
G0 X80.183 Y118.402
G0 X80.183 Y118.181
G1 F3000 X81.319 Y119.317 E815.99169
G1 X81.484 Y119.319
G1 X81.789 Y118.18 E816.03091
G1 F2700 E811.03091
G0 F9000 X81.789 Y118.402
G0 X104.328 Y118.33
G0 X104.328 Y101.669
G0 X86.174 Y101.597
G0 X86.174 Y101.816
G1 F2700 E816.03091
G1 F3000 X86.478 Y100.679 E816.07005
G0 F9000 X86.478 Y100.9
G0 X86.445 Y101.597
G0 X86.445 Y101.816
G1 F3000 X85.309 Y100.68 E816.12349
G0 F9000 X85.309 Y100.9
G0 X102.738 Y101.597
G0 X102.738 Y101.817
G1 F3000 X103.043 Y100.68 E816.16264
G1 F2700 E811.16264
G0 F9000 X103.043 Y100.9
G0 X160.714 Y101.597
G0 X160.714 Y101.816
G1 F2700 E816.16264
G1 F3000 X161.018 Y100.68 E816.20175
G1 F2700 E811.20175
G0 F9000 X161.018 Y100.9
G0 X182.581 Y101.669
G0 X182.581 Y118.33
G0 X160.47 Y118.402
G0 X160.47 Y118.18
G1 F2700 E816.20175
G1 F3000 X160.165 Y119.319 E816.24097
G0 F9000 X160.515 Y119.317
G1 F3000 X159.379 Y118.182 E816.29438
G0 F9000 X159.379 Y118.402
G0 X176.729 Y119.1
G0 X176.729 Y119.318
G1 F3000 X177.034 Y118.18 E816.33357
G0 F9000 X177.034 Y118.402
G0 X187.771 Y119.1
G0 X187.771 Y119.318
G1 F3000 X191.318 Y118.368 E816.4557
G0 F9000 X191.1 Y118.368
G0 X191.1 Y116.18
G0 X191.319 Y116.18
G1 F3000 X182.432 Y107.293 E816.87372
G0 F9000 X182.653 Y107.293
G0 X182.653 Y108.325
G0 X182.433 Y108.325
G1 F3000 X191.318 Y105.945 E817.17965
G0 F9000 X191.1 Y105.945
G0 X191.1 Y104.866
G0 X191.319 Y104.866
G1 F3000 X187.132 Y100.68 E817.37657
G0 F9000 X187.132 Y101.2
G1 F2700 E812.37657
;MESH:NONMESH
G0 F300 X187.132 Y101.2 Z1.8
G0 F9000 X118.672 Y101.669
G0 X104.328 Y118.33
G0 X28.87 Y119.13
G0 X28.601 Y119.399
;TIME_ELAPSED:1276.936568
;LAYER:8
;TYPE:WALL-INNER
;MESH:Display 2x7219 mask .stl
G1 F2700 E817.37657
G1 F1500 X191.4 Y119.399 E822.79129
G1 X191.4 Y100.601 E823.41651
G1 X28.601 Y100.601 E828.83123
G1 X28.601 Y119.399 E829.45645
G1 F2700 E824.45645
G0 F9000 X28.87 Y119.13
G0 X103.86 Y118.402
G0 X103.86 Y117.983
G1 F2700 E829.45645
G1 F1500 X103.586 Y118.102 E829.46639
G1 X41.247 Y118.102 E831.53979
G1 X40.886 Y117.983 E831.55243
G1 X40.692 Y117.733 E831.56296
G1 X40.647 Y117.502 E831.57079
G1 X40.647 Y102.497 E832.06986
G1 X40.693 Y102.265 E832.07772
G1 X40.887 Y102.016 E832.08822
G1 X41.161 Y101.897 E832.09816
G1 X103.5 Y101.897 E834.17156
G1 X103.861 Y102.016 E834.1842
G1 X104.055 Y102.266 E834.19473
G1 X104.1 Y102.497 E834.20256
G1 X104.1 Y117.502 E834.70162
G1 X104.054 Y117.734 E834.70949
G1 X103.86 Y117.983 E834.71999
G0 F9000 X103.86 Y118.402
G0 X119.139 Y118.402
G0 X119.139 Y117.983
G1 F1500 X118.945 Y117.733 E834.73051
G1 X118.9 Y117.502 E834.73834
G1 X118.9 Y102.497 E835.23741
G1 X118.946 Y102.265 E835.24528
G1 X119.14 Y102.016 E835.25577
G1 X119.414 Y101.897 E835.26571
G1 X181.753 Y101.897 E837.33911
G1 X182.114 Y102.016 E837.35176
G1 X182.308 Y102.266 E837.36228
G1 X182.353 Y102.497 E837.37011
G1 X182.353 Y117.502 E837.86918
G1 X182.307 Y117.734 E837.87704
G1 X182.113 Y117.983 E837.88754
G1 X181.839 Y118.102 E837.89748
G1 X119.5 Y118.102 E839.97088
G1 X119.139 Y117.983 E839.98352
G0 F9000 X119.379 Y117.663
;TYPE:WALL-OUTER
G1 F1500 X119.3 Y117.559 E839.98787
G1 X119.3 Y102.438 E840.49079
G1 X119.38 Y102.336 E840.49511
G1 X119.465 Y102.299 E840.49819
G1 X181.753 Y102.297 E842.5699
G1 X181.874 Y102.336 E842.57412
G1 X181.953 Y102.44 E842.57847
G1 X181.953 Y117.561 E843.0814
G1 X181.873 Y117.663 E843.08571
G1 X181.788 Y117.7 E843.08879
G1 X119.5 Y117.702 E845.1605
G1 X119.379 Y117.663 E845.16473
G1 F2700 E840.16473
G0 F9000 X119.379 Y118.402
G0 X103.62 Y118.402
G0 X103.62 Y117.663
G1 F2700 E845.16473
G1 F1500 X103.535 Y117.7 E845.16781
G1 X41.247 Y117.702 E847.23952
G1 X41.126 Y117.663 E847.24374
G1 X41.047 Y117.559 E847.24809
G1 X41.047 Y102.438 E847.75102
G1 X41.127 Y102.336 E847.75533
G1 X41.212 Y102.299 E847.75841
G1 X103.5 Y102.297 E849.83012
G1 X103.621 Y102.336 E849.83435
G1 X103.7 Y102.44 E849.83869
G1 X103.7 Y117.561 E850.34162
G1 X103.62 Y117.663 E850.34593
G1 F2700 E845.34593
G0 F9000 X103.62 Y118.402
G0 X28.47 Y119.53
G0 X28.201 Y119.799
G1 F2700 E850.34593
G1 F1500 X191.8 Y119.799 E855.78725
G1 X191.8 Y100.201 E856.43908
G1 X28.201 Y100.201 E861.88041
G1 X28.201 Y119.799 E862.53224
G0 F9000 X28.47 Y119.53
G0 X30.607 Y119.1
G0 X30.607 Y119.317
;TYPE:FILL
G1 F3000 X28.68 Y117.391 E862.62286
G0 F9000 X28.681 Y116.54
G1 F3000 X40.566 Y113.356 E863.03209
G0 F9000 X40.347 Y113.356
G0 X40.347 Y112.306
G0 X40.566 Y112.306
G1 F3000 X28.94 Y100.68 E863.57895
G0 F9000 X28.94 Y100.9
G0 X28.9 Y104.117
G0 X28.68 Y104.117
G1 F3000 X41.508 Y100.68 E864.02066
G0 F9000 X40.78 Y100.68
G1 F3000 X35.786 Y119.318 E864.66243
G0 F9000 X36.263 Y119.317
G1 F3000 X28.68 Y111.734 E865.01911
G0 F9000 X28.681 Y112.399
G1 F3000 X40.566 Y109.215 E865.42834
G0 F9000 X40.347 Y109.215
G0 X40.347 Y106.65
G0 X40.566 Y106.65
G1 F3000 X34.597 Y100.68 E865.70913
G0 F9000 X34.597 Y100.9
G0 X36.639 Y100.9
G0 X36.639 Y100.68
G1 F3000 X31.645 Y119.319 E866.35093
G0 F9000 X31.645 Y119.1
G0 X33.769 Y119.1
G0 X33.769 Y119.318
G1 F3000 X40.567 Y117.496 E866.58501
G0 F9000 X40.566 Y116.932
G1 F3000 X39.927 Y119.319 E866.6672
G0 F9000 X39.927 Y119.1
G0 X41.92 Y119.1
G0 X41.92 Y119.317
G1 F3000 X28.68 Y106.078 E867.28995
G0 F9000 X28.9 Y106.078
G0 X28.9 Y108.258
G0 X28.68 Y108.258
G1 F3000 X40.566 Y105.073 E867.69922
G0 F9000 X40.347 Y105.073
G0 X40.419 Y101.669
G0 X41.389 Y101.597
G0 X41.389 Y101.816
G1 F3000 X40.254 Y100.68 E867.75263
G0 F9000 X40.254 Y100.9
G0 X44.617 Y101.597
G0 X44.617 Y101.816
G1 F3000 X44.921 Y100.68 E867.79175
G0 F9000 X45.911 Y100.68
G1 F3000 X47.046 Y101.816 E867.84516
G0 F9000 X47.046 Y101.597
G0 X48.758 Y101.597
G0 X48.758 Y101.816
G1 F3000 X49.062 Y100.679 E867.8843
G0 F9000 X49.062 Y100.9
G0 X51.567 Y100.9
G0 X51.567 Y100.68
G1 F3000 X52.703 Y101.816 E867.93774
G1 X52.721 Y101.816
G1 X56.962 Y100.68 E868.08377
G0 F9000 X57.224 Y100.68
G1 F3000 X58.36 Y101.816 E868.1372
G0 F9000 X58.36 Y101.597
G0 X57.04 Y101.597
G0 X57.04 Y101.816
G1 F3000 X57.344 Y100.68 E868.17631
G0 F9000 X57.344 Y100.9
G0 X61.181 Y101.597
G0 X61.181 Y101.816
G1 F3000 X61.486 Y100.68 E868.21543
G0 F9000 X61.486 Y100.9
G0 X62.881 Y100.9
G0 X62.881 Y100.68
G1 F3000 X64.017 Y101.816 E868.26887
G0 F9000 X64.017 Y101.597
G0 X65.322 Y101.597
G0 X65.322 Y101.817
G1 F3000 X65.627 Y100.68 E868.30802
G0 F9000 X65.627 Y100.9
G0 X68.176 Y101.597
G0 X68.176 Y101.817
G1 F3000 X72.417 Y100.68 E868.45406
G0 F9000 X72.417 Y100.9
G0 X73.909 Y100.9
G0 X73.909 Y100.679
G1 F3000 X73.604 Y101.816 E868.49321
G0 F9000 X73.604 Y101.597
G0 X74.195 Y100.9
G0 X74.195 Y100.68
G1 F3000 X75.33 Y101.816 E868.54662
G0 F9000 X75.33 Y101.597
G0 X77.746 Y101.597
G0 X77.746 Y101.816
G1 F3000 X78.05 Y100.68 E868.58574
G0 F9000 X78.05 Y100.9
G0 X79.852 Y100.9
G0 X79.852 Y100.68
G1 F3000 X80.987 Y101.816 E868.63915
G0 F9000 X81.886 Y101.817
G1 F3000 X82.191 Y100.68 E868.6783
G0 F9000 X82.191 Y100.9
G0 X83.63 Y101.597
G0 X83.63 Y101.817
G1 F3000 X87.873 Y100.68 E868.8244
G0 F9000 X87.873 Y100.9
G0 X86.332 Y100.9
G0 X86.332 Y100.68
G1 F3000 X86.028 Y101.817 E868.86355
G0 F9000 X86.644 Y101.816
G1 F3000 X85.509 Y100.68 E868.91696
G0 F9000 X85.509 Y100.9
G0 X90.169 Y101.597
G0 X90.169 Y101.816
G1 F3000 X90.473 Y100.679 E868.9561
G0 F9000 X91.165 Y100.68
G1 F3000 X92.301 Y101.816 E869.00954
G0 F9000 X92.301 Y101.597
G0 X94.31 Y101.597
G0 X94.31 Y101.817
G1 F3000 X94.615 Y100.679 E869.04872
G0 F9000 X94.615 Y100.9
G0 X96.822 Y100.9
G0 X96.822 Y100.68
G1 F3000 X97.958 Y101.816 E869.10216
G0 F9000 X98.451 Y101.817
G1 F3000 X98.755 Y100.68 E869.1413
G0 F9000 X98.755 Y100.9
G0 X99.085 Y101.597
G0 X99.085 Y101.817
G1 F3000 X103.327 Y100.68 E869.28737
G0 F9000 X102.897 Y100.68
G1 F3000 X102.592 Y101.817 E869.32653
G0 F9000 X102.592 Y101.597
G0 X103.683 Y101.597
G0 X103.683 Y101.884
G1 F3000 X102.479 Y100.68 E869.38316
G0 F9000 X102.479 Y100.9
G0 X104.328 Y101.669
G0 X104.4 Y102.348
G0 X104.146 Y102.348
G1 F3000 X118.819 Y117.02 E870.07331
G0 F9000 X118.818 Y117.235
G1 F3000 X111.042 Y119.318 E870.34106
G0 F9000 X110.326 Y119.319
G1 F3000 X115.32 Y100.68 E870.98286
G0 F9000 X115.32 Y100.9
G0 X113.793 Y100.9
G0 X113.793 Y100.68
G1 F3000 X118.819 Y105.706 E871.21927
G0 F9000 X118.818 Y104.811
G1 F3000 X104.179 Y108.734 E871.72334
G0 F9000 X104.178 Y108.036
G1 F3000 X115.459 Y119.317 E872.25397
G0 F9000 X114.467 Y119.319
G1 F3000 X118.819 Y103.077 E872.81323
G0 F9000 X118.6 Y103.077
G0 X118.672 Y101.669
G0 X119.123 Y101.597
G0 X119.123 Y101.942
G1 F3000 X119.461 Y100.68 E872.85669
G1 X119.45 Y100.68
G1 X120.586 Y101.817 E872.91014
G0 F9000 X120.586 Y101.597
G0 X118.782 Y100.9
G0 X118.782 Y100.68
G1 F3000 X104.179 Y104.593 E873.41298
G0 F9000 X104.4 Y104.593
G0 X107.038 Y100.9
G0 X107.038 Y100.68
G1 F3000 X104.179 Y111.348 E873.78032
G0 F9000 X104.4 Y111.348
G0 X104.4 Y112.875
G0 X104.179 Y112.875
G1 F3000 X118.818 Y108.952 E874.28439
G0 F9000 X118.6 Y108.952
G0 X118.6 Y111.363
G0 X118.819 Y111.363
G1 F3000 X108.136 Y100.68 E874.78689
G0 F9000 X108.136 Y100.9
G0 X111.179 Y100.9
G0 X111.179 Y100.679
G1 F3000 X106.185 Y119.319 E875.42872
G0 F9000 X106.185 Y119.1
G0 X104.146 Y119.1
G0 X104.146 Y119.317
G1 F3000 X103.009 Y118.181 E875.48218
G0 F9000 X102.349 Y118.18
G1 F3000 X102.043 Y119.319 E875.52141
G0 F9000 X102.043 Y119.1
G0 X99.832 Y118.402
G0 X99.832 Y118.181
G1 F3000 X95.588 Y119.318 E875.66754
G0 F9000 X95.588 Y119.1
G0 X93.761 Y119.1
G0 X93.761 Y119.319
G1 F3000 X94.066 Y118.181 E875.70673
G0 F9000 X94.066 Y118.402
G0 X92.832 Y119.1
G0 X92.832 Y119.317
G1 F3000 X91.696 Y118.181 E875.76016
G0 F9000 X91.696 Y118.402
G0 X89.925 Y118.402
G0 X89.925 Y118.181
G1 F3000 X89.62 Y119.319 E875.79935
G0 F9000 X89.62 Y119.1
G0 X87.175 Y119.1
G0 X87.175 Y119.317
G1 F3000 X86.039 Y118.181 E875.85278
G0 F9000 X85.784 Y118.18
G1 F3000 X85.479 Y119.319 E875.892
G0 F9000 X85.479 Y119.1
G0 X84.377 Y118.402
G0 X84.377 Y118.181
G1 F3000 X80.133 Y119.318 E876.03813
G0 F9000 X80.133 Y119.1
G0 X80.382 Y118.402
G0 X80.382 Y118.181
G1 F3000 X81.518 Y119.317 E876.09157
G1 X81.338 Y119.319
G1 X81.643 Y118.18 E876.13078
G0 F9000 X81.643 Y118.402
G0 X77.502 Y118.402
G0 X77.502 Y118.181
G1 F3000 X77.197 Y119.318 E876.16994
G0 F9000 X77.197 Y119.1
G0 X75.861 Y119.1
G0 X75.861 Y119.317
G1 F3000 X74.725 Y118.181 E876.22337
G0 F9000 X74.725 Y118.402
G0 X73.361 Y118.402
G0 X73.361 Y118.181
G1 F3000 X73.056 Y119.319 E876.26256
G0 F9000 X73.056 Y119.1
G0 X70.205 Y119.1
G0 X70.205 Y119.317
G1 F3000 X69.068 Y118.181 E876.31601
G1 X68.923 Y118.181
G1 X64.678 Y119.318 E876.46218
G1 X64.773 Y119.319
G1 X65.079 Y118.18 E876.50141
G0 F9000 X65.079 Y118.402
G0 X64.548 Y119.1
G0 X64.548 Y119.317
G1 F3000 X63.411 Y118.181 E876.55487
G0 F9000 X63.411 Y118.402
G0 X60.937 Y118.402
G0 X60.937 Y118.18
G1 F3000 X60.632 Y119.319 E876.59408
G0 F9000 X60.632 Y119.1
G0 X58.891 Y119.1
G0 X58.891 Y119.317
G1 F3000 X57.755 Y118.181 E876.64752
G0 F9000 X56.796 Y118.181
G1 F3000 X56.491 Y119.318 E876.68667
G0 F9000 X56.491 Y119.1
G0 X53.468 Y118.402
G0 X53.468 Y118.181
G1 F3000 X49.224 Y119.318 E876.8328
G0 F9000 X49.224 Y119.1
G0 X48.209 Y119.1
G0 X48.209 Y119.319
G1 F3000 X48.514 Y118.181 E876.87199
G0 F9000 X48.514 Y118.402
G0 X47.577 Y119.1
G0 X47.577 Y119.317
G1 F3000 X46.441 Y118.181 E876.92542
G0 F9000 X46.441 Y118.402
G0 X44.373 Y118.402
G0 X44.373 Y118.18
G1 F3000 X44.068 Y119.319 E876.96464
G0 F9000 X44.068 Y119.1
G0 X52.098 Y118.402
G0 X52.098 Y118.181
G1 F3000 X53.234 Y119.317 E877.01808
G0 F9000 X52.35 Y119.319
G1 F3000 X52.655 Y118.181 E877.05726
G0 F9000 X52.655 Y118.402
G0 X68.915 Y119.1
G0 X68.915 Y119.319
G1 F3000 X69.22 Y118.181 E877.09645
G1 F2700 E872.09645
G0 F9000 X69.22 Y118.402
G0 X40.419 Y118.33
G0 X40.419 Y101.669
G0 X69.463 Y101.597
G0 X69.463 Y101.816
G1 F2700 E877.09645
G1 F3000 X69.768 Y100.679 E877.1356
G0 F9000 X69.768 Y100.9
G0 X69.674 Y101.597
G0 X69.674 Y101.816
G1 F3000 X68.538 Y100.68 E877.18904
G0 F9000 X68.538 Y100.9
G0 X53.204 Y100.9
G0 X53.204 Y100.679
G1 F3000 X52.899 Y101.816 E877.22819
G0 F9000 X52.899 Y101.597
G0 X32.498 Y100.9
G0 X32.498 Y100.679
G1 F3000 X28.68 Y114.929 E877.71886
G1 F2700 E872.71886
G0 F9000 X28.9 Y114.929
G0 X40.419 Y118.33
G0 X97.353 Y118.402
G0 X97.353 Y118.181
G1 F2700 E877.71886
G1 F3000 X98.489 Y119.317 E877.7723
G0 F9000 X97.902 Y119.318
G1 F3000 X98.207 Y118.18 E877.81148
G0 F9000 X98.207 Y118.402
G0 X104.328 Y118.33
G0 X104.4 Y117.016
G0 X104.179 Y117.016
G1 F3000 X118.818 Y113.094 E878.31555
G0 F9000 X118.6 Y113.094
G0 X118.6 Y117.905
G0 X118.987 Y117.905
G1 F3000 X118.608 Y119.318 E878.36421
G0 F9000 X118.608 Y119.1
G0 X119.981 Y118.402
G0 X119.981 Y118.182
G1 F3000 X121.116 Y119.317 E878.41759
G0 F9000 X121.116 Y119.1
G0 X122.749 Y119.1
G0 X122.749 Y119.319
G1 F3000 X123.054 Y118.18 E878.45681
G0 F9000 X123.054 Y118.402
G0 X125.638 Y118.402
G0 X125.638 Y118.182
G1 F3000 X126.773 Y119.317 E878.5102
G1 X126.89 Y119.319
G1 X127.195 Y118.18 E878.54942
G0 F9000 X127.195 Y118.402
G0 X126.497 Y119.1
G0 X126.497 Y119.318
G1 F3000 X130.74 Y118.181 E878.69552
G0 F9000 X131.294 Y118.182
G1 F3000 X132.43 Y119.317 E878.74893
G0 F9000 X132.43 Y119.1
G0 X131.031 Y119.1
G0 X131.031 Y119.319
G1 F3000 X131.336 Y118.18 E878.78815
G0 F9000 X131.336 Y118.402
G0 X135.172 Y119.1
G0 X135.172 Y119.319
G1 F3000 X135.477 Y118.181 E878.82733
G0 F9000 X135.477 Y118.402
G0 X136.951 Y118.402
G0 X136.951 Y118.182
G1 F3000 X138.087 Y119.317 E878.88074
G0 F9000 X138.087 Y119.1
G0 X139.314 Y119.1
G0 X139.314 Y119.318
G1 F3000 X139.618 Y118.18 E878.91992
G0 F9000 X139.618 Y118.402
G0 X141.951 Y119.1
G0 X141.951 Y119.318
G1 F3000 X146.196 Y118.181 E879.06609
G0 F9000 X146.196 Y118.402
G0 X147.901 Y118.402
G0 X147.901 Y118.18
G1 F3000 X147.596 Y119.319 E879.10531
G0 F9000 X147.596 Y119.1
G0 X148.265 Y118.402
G0 X148.265 Y118.182
G1 F3000 X149.401 Y119.317 E879.15872
G0 F9000 X149.401 Y119.1
G0 X151.737 Y119.1
G0 X151.737 Y119.319
G1 F3000 X152.042 Y118.181 E879.1979
G0 F9000 X152.042 Y118.402
G0 X153.922 Y118.402
G0 X153.922 Y118.182
G1 F3000 X155.057 Y119.317 E879.25129
G0 F9000 X155.878 Y119.318
G1 F3000 X156.183 Y118.181 E879.29044
G0 F9000 X156.183 Y118.402
G0 X157.406 Y119.1
G0 X157.406 Y119.318
G1 F3000 X161.651 Y118.181 E879.43661
G0 F9000 X161.651 Y118.402
G0 X160.324 Y118.402
G0 X160.324 Y118.18
G1 F3000 X160.019 Y119.318 E879.47579
G0 F9000 X160.714 Y119.317
G1 F3000 X159.579 Y118.182 E879.52918
G0 F9000 X159.579 Y118.402
G0 X164.16 Y119.1
G0 X164.16 Y119.319
G1 F3000 X164.465 Y118.18 E879.5684
G0 F9000 X165.236 Y118.182
G1 F3000 X166.371 Y119.317 E879.62179
G0 F9000 X166.371 Y119.1
G0 X168.301 Y119.1
G0 X168.301 Y119.319
G1 F3000 X168.606 Y118.181 E879.66097
G0 F9000 X168.606 Y118.402
G0 X170.892 Y118.402
G0 X170.892 Y118.182
G1 F3000 X172.028 Y119.317 E879.71438
G0 F9000 X172.442 Y119.319
G1 F3000 X172.747 Y118.181 E879.75357
G0 F9000 X172.747 Y118.402
G0 X172.862 Y119.1
G0 X172.862 Y119.318
G1 F3000 X177.107 Y118.181 E879.89973
G0 F9000 X176.888 Y118.181
G1 F3000 X176.583 Y119.318 E879.93889
G0 F9000 X176.583 Y119.1
G0 X177.685 Y119.1
G0 X177.685 Y119.317
G1 F3000 X176.549 Y118.182 E879.9923
G0 F9000 X176.549 Y118.402
G0 X180.725 Y119.1
G0 X180.725 Y119.318
G1 F3000 X181.029 Y118.18 E880.03148
G0 F9000 X181.029 Y118.402
G0 X182.095 Y118.402
G0 X182.095 Y118.071
G1 F3000 X183.342 Y119.317 E880.09011
G0 F9000 X183.342 Y119.1
G0 X184.865 Y119.1
G0 X184.865 Y119.319
G1 F3000 X189.86 Y100.68 E880.73192
G0 F9000 X189.86 Y100.9
G0 X191.1 Y101.949
G0 X191.318 Y101.949
G1 F3000 X182.433 Y104.33 E881.03786
G0 F9000 X182.653 Y104.33
G0 X182.653 Y107.094
G0 X182.432 Y107.094
G1 F3000 X191.319 Y115.981 E881.45588
G0 F9000 X191.1 Y115.981
G0 X191.1 Y114.373
G0 X191.318 Y114.373
G1 F3000 X182.432 Y116.754 E881.76185
G0 F9000 X182.653 Y116.754
G0 X182.653 Y112.944
G0 X182.433 Y112.944
G1 F3000 X185.719 Y100.68 E882.18414
G0 F9000 X185.719 Y100.9
G0 X187.332 Y100.9
G0 X187.332 Y100.68
G1 F3000 X191.319 Y104.667 E882.37168
G0 F9000 X191.1 Y104.667
G0 X191.1 Y106.091
G0 X191.318 Y106.091
G1 F3000 X182.432 Y108.471 E882.67765
G0 F9000 X182.653 Y108.471
G0 X182.653 Y112.613
G0 X182.432 Y112.613
G1 F3000 X191.318 Y110.232 E882.98362
G1 X191.319 Y110.324
G1 X181.675 Y100.68 E883.43725
G1 X181.578 Y100.68
G1 X181.273 Y101.816 E883.47637
G0 F9000 X181.273 Y101.597
G0 X180.601 Y100.9
G0 X180.601 Y100.68
G1 F3000 X176.361 Y101.816 E883.62237
G0 F9000 X177.132 Y101.816
G1 F3000 X177.436 Y100.68 E883.66148
G0 F9000 X177.436 Y100.9
G0 X177.154 Y101.597
G0 X177.154 Y101.817
G1 F3000 X176.018 Y100.68 E883.71494
G0 F9000 X176.018 Y100.9
G0 X173.296 Y100.9
G0 X173.296 Y100.679
G1 F3000 X172.991 Y101.816 E883.75409
G0 F9000 X172.991 Y101.597
G0 X171.498 Y101.597
G0 X171.498 Y101.817
G1 F3000 X170.361 Y100.68 E883.80757
G0 F9000 X170.361 Y100.9
G0 X169.154 Y100.9
G0 X169.154 Y100.68
G1 F3000 X168.85 Y101.816 E883.84668
G0 F9000 X168.85 Y101.597
G0 X165.841 Y101.597
G0 X165.841 Y101.817
G1 F3000 X164.704 Y100.68 E883.90017
G0 F9000 X165.013 Y100.68
G1 F3000 X164.709 Y101.816 E883.93928
G0 F9000 X164.709 Y101.597
G0 X165.147 Y100.9
G0 X165.147 Y100.68
G1 F3000 X160.906 Y101.816 E884.08531
G0 F9000 X160.568 Y101.816
G1 F3000 X160.872 Y100.68 E884.12442
G0 F9000 X160.872 Y100.9
G0 X160.184 Y101.597
G0 X160.184 Y101.817
G1 F3000 X159.048 Y100.68 E884.17788
G0 F9000 X159.048 Y100.9
G0 X156.731 Y100.9
G0 X156.731 Y100.68
G1 F3000 X156.427 Y101.816 E884.21699
G0 F9000 X156.427 Y101.597
G0 X154.527 Y101.597
G0 X154.527 Y101.817
G1 F3000 X153.391 Y100.68 E884.27045
G0 F9000 X152.59 Y100.679
G1 F3000 X152.285 Y101.816 E884.3096
G0 F9000 X152.285 Y101.597
G0 X149.691 Y100.9
G0 X149.691 Y100.68
G1 F3000 X145.452 Y101.816 E884.45557
G0 F9000 X145.452 Y101.597
G0 X144.003 Y101.597
G0 X144.003 Y101.817
G1 F3000 X144.308 Y100.68 E884.49472
G0 F9000 X144.308 Y100.9
G0 X143.213 Y101.597
G0 X143.213 Y101.817
G1 F3000 X142.077 Y100.68 E884.54818
G0 F9000 X142.077 Y100.9
G0 X140.167 Y100.9
G0 X140.167 Y100.68
G1 F3000 X139.862 Y101.816 E884.5873
G0 F9000 X139.862 Y101.597
G0 X137.557 Y101.597
G0 X137.557 Y101.817
G1 F3000 X136.42 Y100.68 E884.64078
G0 F9000 X136.025 Y100.68
G1 F3000 X135.721 Y101.816 E884.67989
G0 F9000 X135.721 Y101.597
G0 X134.237 Y100.9
G0 X134.237 Y100.68
G1 F3000 X129.996 Y101.816 E884.82592
G0 F9000 X129.996 Y101.597
G0 X130.763 Y100.9
G0 X130.763 Y100.68
G1 F3000 X131.9 Y101.817 E884.8794
G0 F9000 X131.58 Y101.816
G1 F3000 X131.884 Y100.679 E884.91855
G0 F9000 X131.884 Y100.9
G0 X127.743 Y100.9
G0 X127.743 Y100.68
G1 F3000 X127.439 Y101.817 E884.95769
G0 F9000 X127.439 Y101.597
G0 X126.243 Y101.597
G0 X126.243 Y101.817
G1 F3000 X125.106 Y100.68 E885.01117
G0 F9000 X125.106 Y100.9
G0 X123.602 Y100.9
G0 X123.602 Y100.68
G1 F3000 X123.298 Y101.817 E885.05032
G0 F9000 X123.298 Y101.597
G0 X118.672 Y101.669
G0 X109.803 Y119.1
G0 X109.803 Y119.317
G1 F3000 X104.179 Y113.694 E885.31483
G1 F2700 E880.31483
G0 F9000 X104.4 Y113.694
G0 X118.672 Y118.33
G0 X142.608 Y118.402
G0 X142.608 Y118.182
G1 F2700 E885.31483
G1 F3000 X143.744 Y119.317 E885.36824
G0 F9000 X143.454 Y119.319
G1 F3000 X143.76 Y118.18 E885.40747
G1 F2700 E880.40747
G0 F9000 X143.76 Y118.402
G0 X118.672 Y118.33
G0 X118.672 Y101.669
G0 X148.144 Y101.597
G0 X148.144 Y101.817
G1 F2700 E885.40747
G1 F3000 X148.449 Y100.68 E885.44662
G0 F9000 X147.734 Y100.68
G1 F3000 X148.87 Y101.817 E885.50008
G1 F2700 E880.50008
G0 F9000 X148.87 Y101.597
G0 X182.581 Y101.669
G0 X182.653 Y112.751
G0 X182.432 Y112.751
G1 F2700 E885.50008
G1 F3000 X188.999 Y119.317 E885.80895
G1 X189.007 Y119.319
G1 X191.319 Y110.689 E886.10611
G0 F9000 X191.1 Y110.689
G0 X191.1 Y118.514
G0 X191.318 Y118.514
G1 F3000 X188.316 Y119.318 E886.20947
G0 F9000 X188.316 Y118.8
G1 F2700 E881.20947
;MESH:NONMESH
G0 F300 X188.316 Y118.8 Z2
G0 F9000 X28.87 Y119.13
G0 X28.601 Y119.399
;TIME_ELAPSED:1388.585957
;LAYER:9
;TYPE:WALL-INNER
;MESH:Display 2x7219 mask .stl
G1 F2700 E886.20947
G1 F1500 X191.4 Y119.399 E891.62419
G1 X191.4 Y100.601 E892.24941
G1 X28.601 Y100.601 E897.66413
G1 X28.601 Y119.399 E898.28935
G1 F2700 E893.28935
G0 F9000 X28.87 Y119.13
G0 X103.86 Y118.402
G0 X103.86 Y117.983
G1 F2700 E898.28935
G1 F1500 X103.586 Y118.102 E898.29929
G1 X41.247 Y118.102 E900.37269
G1 X40.886 Y117.983 E900.38533
G1 X40.692 Y117.733 E900.39586
G1 X40.647 Y117.502 E900.40369
G1 X40.647 Y102.497 E900.90275
G1 X40.693 Y102.265 E900.91062
G1 X40.887 Y102.016 E900.92112
G1 X41.161 Y101.897 E900.93106
G1 X103.5 Y101.897 E903.00446
G1 X103.861 Y102.016 E903.0171
G1 X104.055 Y102.266 E903.02763
G1 X104.1 Y102.497 E903.03545
G1 X104.1 Y117.502 E903.53452
G1 X104.054 Y117.734 E903.54239
G1 X103.86 Y117.983 E903.55289
G0 F9000 X103.86 Y118.402
G0 X119.139 Y118.402
G0 X119.139 Y117.983
G1 F1500 X118.945 Y117.733 E903.56341
G1 X118.9 Y117.502 E903.57124
G1 X118.9 Y102.497 E904.07031
G1 X118.946 Y102.265 E904.07818
G1 X119.14 Y102.016 E904.08867
G1 X119.414 Y101.897 E904.09861
G1 X181.753 Y101.897 E906.17201
G1 X182.114 Y102.016 E906.18466
G1 X182.308 Y102.266 E906.19518
G1 X182.353 Y102.497 E906.20301
G1 X182.353 Y117.502 E906.70208
G1 X182.307 Y117.734 E906.70994
G1 X182.113 Y117.983 E906.72044
G1 X181.839 Y118.102 E906.73038
G1 X119.5 Y118.102 E908.80378
G1 X119.139 Y117.983 E908.81642
G0 F9000 X119.379 Y117.663
;TYPE:WALL-OUTER
G1 F1500 X119.3 Y117.559 E908.82077
G1 X119.3 Y102.438 E909.32369
G1 X119.38 Y102.336 E909.32801
G1 X119.465 Y102.299 E909.33109
G1 X181.753 Y102.297 E911.4028
G1 X181.874 Y102.336 E911.40702
G1 X181.953 Y102.44 E911.41137
G1 X181.953 Y117.561 E911.91429
G1 X181.873 Y117.663 E911.91861
G1 X181.788 Y117.7 E911.92169
G1 X119.5 Y117.702 E913.9934
G1 X119.379 Y117.663 E913.99762
G1 F2700 E908.99762
G0 F9000 X119.379 Y118.402
G0 X103.62 Y118.402
G0 X103.62 Y117.663
G1 F2700 E913.99762
G1 F1500 X103.535 Y117.7 E914.00071
G1 X41.247 Y117.702 E916.07242
G1 X41.126 Y117.663 E916.07664
G1 X41.047 Y117.559 E916.08099
G1 X41.047 Y102.438 E916.58391
G1 X41.127 Y102.336 E916.58823
G1 X41.212 Y102.299 E916.59131
G1 X103.5 Y102.297 E918.66302
G1 X103.621 Y102.336 E918.66724
G1 X103.7 Y102.44 E918.67159
G1 X103.7 Y117.561 E919.17452
G1 X103.62 Y117.663 E919.17883
G1 F2700 E914.17883
G0 F9000 X103.62 Y118.402
G0 X28.47 Y119.53
G0 X28.201 Y119.799
G1 F2700 E919.17883
G1 F1500 X191.8 Y119.799 E924.62015
G1 X191.8 Y100.201 E925.27198
G1 X28.201 Y100.201 E930.71331
G1 X28.201 Y119.799 E931.36514
G0 F9000 X28.47 Y119.53
G0 X30.807 Y119.1
G0 X30.807 Y119.317
;TYPE:FILL
G1 F3000 X28.68 Y117.19 E931.46519
G0 F9000 X28.681 Y116.687
G1 F3000 X40.566 Y113.503 E931.87442
G0 F9000 X40.347 Y113.503
G0 X40.347 Y112.106
G0 X40.566 Y112.106
G1 F3000 X29.141 Y100.68 E932.41184
G0 F9000 X29.141 Y100.9
G0 X32.351 Y100.9
G0 X32.351 Y100.679
G1 F3000 X28.68 Y114.38 E932.88362
G0 F9000 X28.9 Y114.38
G0 X28.9 Y112.546
G0 X28.681 Y112.546
G1 F3000 X40.566 Y109.362 E933.29285
G0 F9000 X40.347 Y109.362
G0 X40.347 Y106.449
G0 X40.566 Y106.449
G1 F3000 X34.798 Y100.68 E933.56418
G0 F9000 X34.798 Y100.9
G0 X36.492 Y100.9
G0 X36.492 Y100.68
G1 F3000 X31.498 Y119.319 E934.20599
G0 F9000 X31.498 Y119.1
G0 X34.318 Y119.1
G0 X34.318 Y119.318
G1 F3000 X40.595 Y117.636 E934.42213
G0 F9000 X40.818 Y118.014
G1 F3000 X28.68 Y105.877 E934.99304
G0 F9000 X28.9 Y105.877
G0 X28.9 Y104.264
G0 X28.68 Y104.264
G1 F3000 X42.057 Y100.68 E935.45365
G0 F9000 X42.057 Y100.9
G0 X41.59 Y101.597
G0 X41.59 Y101.816
G1 F3000 X40.454 Y100.68 E935.50708
G1 X40.633 Y100.68
G1 X35.639 Y119.318 E936.14885
G0 F9000 X36.464 Y119.317
G1 F3000 X28.68 Y111.534 E936.51497
G0 F9000 X28.9 Y111.534
G0 X28.9 Y108.405
G0 X28.68 Y108.405
G1 F3000 X40.566 Y105.22 E936.92424
G0 F9000 X40.347 Y105.22
G0 X40.419 Y101.669
G0 X44.47 Y101.597
G0 X44.47 Y101.816
G1 F3000 X44.774 Y100.68 E936.96336
G0 F9000 X44.774 Y100.9
G0 X46.111 Y100.9
G0 X46.111 Y100.68
G1 F3000 X47.247 Y101.816 E937.01679
G0 F9000 X47.247 Y101.597
G0 X48.611 Y101.597
G0 X48.611 Y101.816
G1 F3000 X48.915 Y100.679 E937.05593
G0 F9000 X48.915 Y100.9
G0 X51.768 Y100.9
G0 X51.768 Y100.68
G1 F3000 X52.904 Y101.816 E937.10937
G1 X52.752 Y101.816
G1 X53.057 Y100.679 E937.14852
G0 F9000 X53.057 Y100.9
G0 X53.27 Y101.597
G0 X53.27 Y101.816
G1 F3000 X57.511 Y100.68 E937.29455
G1 X57.425 Y100.68
G1 X58.561 Y101.816 E937.34799
G0 F9000 X58.561 Y101.597
G0 X56.893 Y101.597
G0 X56.893 Y101.816
G1 F3000 X57.197 Y100.68 E937.3871
G0 F9000 X57.197 Y100.9
G0 X61.034 Y101.597
G0 X61.034 Y101.816
G1 F3000 X61.339 Y100.68 E937.42622
G0 F9000 X61.339 Y100.9
G0 X63.082 Y100.9
G0 X63.082 Y100.68
G1 F3000 X64.218 Y101.816 E937.47965
G0 F9000 X65.175 Y101.817
G1 F3000 X65.48 Y100.68 E937.51881
G0 F9000 X65.48 Y100.9
G0 X68.739 Y100.9
G0 X68.739 Y100.68
G1 F3000 X69.874 Y101.816 E937.57222
G0 F9000 X69.316 Y101.816
G1 F3000 X69.621 Y100.679 E937.61137
G0 F9000 X69.621 Y100.9
G0 X68.724 Y101.597
G0 X68.724 Y101.817
G1 F3000 X72.966 Y100.68 E937.75744
G0 F9000 X73.762 Y100.679
G1 F3000 X73.457 Y101.816 E937.7966
G0 F9000 X73.457 Y101.597
G0 X74.396 Y100.9
G0 X74.396 Y100.68
G1 F3000 X75.531 Y101.816 E937.85001
G0 F9000 X75.531 Y101.597
G0 X77.598 Y101.597
G0 X77.598 Y101.817
G1 F3000 X77.903 Y100.68 E937.88916
G0 F9000 X77.903 Y100.9
G0 X80.052 Y100.9
G0 X80.052 Y100.68
G1 F3000 X81.188 Y101.816 E937.94259
G0 F9000 X81.739 Y101.817
G1 F3000 X82.044 Y100.68 E937.98175
G0 F9000 X82.044 Y100.9
G0 X84.179 Y101.597
G0 X84.179 Y101.817
G1 F3000 X88.42 Y100.68 E938.12778
G0 F9000 X88.42 Y100.9
G0 X90.326 Y100.9
G0 X90.326 Y100.679
G1 F3000 X90.022 Y101.816 E938.16693
G0 F9000 X90.022 Y101.597
G0 X91.366 Y100.9
G0 X91.366 Y100.68
G1 F3000 X92.502 Y101.816 E938.22036
G0 F9000 X92.502 Y101.597
G0 X94.163 Y101.597
G0 X94.163 Y101.817
G1 F3000 X94.467 Y100.68 E938.25951
G0 F9000 X94.467 Y100.9
G0 X97.023 Y100.9
G0 X97.023 Y100.68
G1 F3000 X98.159 Y101.816 E938.31294
G1 X98.304 Y101.817
G1 X98.608 Y100.68 E938.35209
G0 F9000 X98.608 Y100.9
G0 X99.634 Y101.597
G0 X99.634 Y101.817
G1 F3000 X103.876 Y100.68 E938.49816
G0 F9000 X103.876 Y100.9
G0 X102.75 Y100.9
G0 X102.75 Y100.68
G1 F3000 X102.445 Y101.817 E938.53731
G0 F9000 X102.445 Y101.597
G0 X102.68 Y100.9
G0 X102.68 Y100.68
G1 F3000 X118.819 Y116.819 E939.29644
G0 F9000 X118.818 Y117.382
G1 F3000 X111.591 Y119.318 E939.54529
G0 F9000 X111.591 Y119.1
G0 X110.179 Y119.1
G0 X110.179 Y119.319
G1 F3000 X115.173 Y100.68 E940.18709
G0 F9000 X115.173 Y100.9
G0 X113.994 Y100.9
G0 X113.994 Y100.68
G1 F3000 X118.819 Y105.505 E940.41404
G0 F9000 X118.818 Y104.958
G1 F3000 X104.179 Y108.881 E940.91812
G0 F9000 X104.4 Y108.881
G0 X104.4 Y107.835
G0 X104.178 Y107.835
G1 F3000 X115.66 Y119.317 E941.4582
G0 F9000 X115.66 Y119.1
G0 X114.32 Y119.1
G0 X114.32 Y119.318
G1 F3000 X118.819 Y102.529 E942.0363
G0 F9000 X118.909 Y102.193
G1 F3000 X119.314 Y100.68 E942.0884
G1 X119.331 Y100.68
G1 X104.179 Y104.74 E942.61013
G0 F9000 X104.4 Y104.74
G0 X106.891 Y100.9
G0 X106.891 Y100.68
G1 F3000 X104.179 Y110.8 E942.9586
G0 F9000 X104.4 Y110.8
G0 X104.4 Y113.022
G0 X104.179 Y113.022
G1 F3000 X118.818 Y109.099 E943.46268
G0 F9000 X118.6 Y109.099
G0 X118.6 Y111.162
G0 X118.819 Y111.162
G1 F3000 X108.337 Y100.68 E943.95572
G0 F9000 X108.337 Y100.9
G0 X111.032 Y100.9
G0 X111.032 Y100.679
G1 F3000 X106.038 Y119.319 E944.59755
G0 F9000 X106.038 Y119.1
G0 X104.347 Y119.1
G0 X104.347 Y119.317
G1 F3000 X103.21 Y118.181 E944.65101
G0 F9000 X103.21 Y118.402
G0 X102.202 Y118.402
G0 X102.202 Y118.18
G1 F3000 X101.896 Y119.319 E944.69024
G0 F9000 X101.896 Y119.1
G0 X100.381 Y118.402
G0 X100.381 Y118.181
G1 F3000 X96.136 Y119.318 E944.8364
G0 F9000 X96.136 Y119.1
G0 X97.755 Y119.1
G0 X97.755 Y119.318
G1 F3000 X98.06 Y118.18 E944.87559
G0 F9000 X97.553 Y118.181
G1 F3000 X98.69 Y119.317 E944.92904
G0 F9000 X98.69 Y119.1
G0 X93.919 Y118.402
G0 X93.919 Y118.181
G1 F3000 X93.614 Y119.318 E944.9682
G0 F9000 X93.033 Y119.317
G1 F3000 X91.897 Y118.181 E945.02163
G0 F9000 X91.897 Y118.402
G0 X89.778 Y118.402
G0 X89.778 Y118.181
G1 F3000 X89.473 Y119.319 E945.06082
G0 F9000 X89.473 Y119.1
G0 X87.376 Y119.1
G0 X87.376 Y119.317
G1 F3000 X86.24 Y118.181 E945.11425
G0 F9000 X85.637 Y118.18
G1 F3000 X85.332 Y119.319 E945.15347
G0 F9000 X85.332 Y119.1
G0 X84.926 Y118.402
G0 X84.926 Y118.181
G1 F3000 X80.682 Y119.318 E945.2996
G0 F9000 X81.191 Y119.319
G1 F3000 X81.496 Y118.18 E945.33882
G0 F9000 X80.583 Y118.181
G1 F3000 X81.719 Y119.317 E945.39226
G0 F9000 X81.719 Y119.1
G0 X77.355 Y118.402
G0 X77.355 Y118.18
G1 F3000 X77.05 Y119.318 E945.43144
G0 F9000 X76.062 Y119.317
G1 F3000 X74.926 Y118.181 E945.48488
G0 F9000 X74.926 Y118.402
G0 X73.214 Y118.402
G0 X73.214 Y118.181
G1 F3000 X72.909 Y119.319 E945.52406
G0 F9000 X72.909 Y119.1
G0 X70.405 Y119.1
G0 X70.405 Y119.317
G1 F3000 X69.269 Y118.181 E945.5775
G1 X69.073 Y118.181
G1 X68.768 Y119.319 E945.61668
G0 F9000 X68.768 Y119.1
G0 X69.471 Y118.402
G0 X69.471 Y118.181
G1 F3000 X65.227 Y119.318 E945.76282
G0 F9000 X64.749 Y119.317
G1 F3000 X63.612 Y118.181 E945.81627
G0 F9000 X63.612 Y118.402
G0 X64.932 Y118.402
G0 X64.932 Y118.18
G1 F3000 X64.626 Y119.319 E945.8555
G0 F9000 X64.626 Y119.1
G0 X60.79 Y118.402
G0 X60.79 Y118.18
G1 F3000 X60.485 Y119.319 E945.89472
G0 F9000 X60.485 Y119.1
G0 X59.092 Y119.1
G0 X59.092 Y119.317
G1 F3000 X57.955 Y118.181 E945.94818
G0 F9000 X57.955 Y118.402
G0 X56.649 Y118.402
G0 X56.649 Y118.18
G1 F3000 X56.344 Y119.318 E945.98736
G0 F9000 X56.344 Y119.1
G0 X54.017 Y118.402
G0 X54.017 Y118.181
G1 F3000 X49.772 Y119.318 E946.13353
G0 F9000 X49.772 Y119.1
G0 X48.062 Y119.1
G0 X48.062 Y119.319
G1 F3000 X48.367 Y118.181 E946.17271
G0 F9000 X48.367 Y118.402
G0 X47.778 Y119.1
G0 X47.778 Y119.317
G1 F3000 X46.642 Y118.181 E946.22615
G0 F9000 X46.642 Y118.402
G0 X44.226 Y118.402
G0 X44.226 Y118.18
G1 F3000 X43.921 Y119.319 E946.26536
G0 F9000 X43.921 Y119.1
G0 X42.121 Y119.1
G0 X42.121 Y119.317
G1 F3000 X40.846 Y118.042 E946.32534
G0 F9000 X40.846 Y118.402
G0 X39.78 Y119.1
G0 X39.78 Y119.319
G1 F3000 X40.566 Y116.384 E946.4264
G0 F9000 X40.347 Y116.384
G0 X40.419 Y118.33
G0 X52.299 Y118.402
G0 X52.299 Y118.181
G1 F3000 X53.435 Y119.317 E946.47983
G0 F9000 X53.435 Y119.1
G0 X52.203 Y119.1
G0 X52.203 Y119.319
G1 F3000 X52.508 Y118.181 E946.51902
G1 F2700 E941.51902
G0 F9000 X52.508 Y118.402
G0 X40.419 Y118.33
G0 X40.419 Y101.669
G0 X85.881 Y101.597
G0 X85.881 Y101.817
G1 F2700 E946.51902
G1 F3000 X86.185 Y100.68 E946.55816
G0 F9000 X85.709 Y100.68
G1 F3000 X86.845 Y101.816 E946.61159
G0 F9000 X86.845 Y101.597
G0 X104.328 Y101.669
G0 X104.4 Y113.493
G0 X104.179 Y113.493
G1 F3000 X110.003 Y119.317 E946.88554
G0 F9000 X110.003 Y119.1
G0 X104.4 Y117.163
G0 X104.179 Y117.163
G1 F3000 X118.818 Y113.241 E947.3896
G0 F9000 X118.6 Y113.241
G0 X118.6 Y117.765
G0 X118.877 Y117.765
G1 F3000 X118.461 Y119.318 E947.44308
G0 F9000 X118.461 Y119.1
G0 X120.181 Y118.402
G0 X120.181 Y118.182
G1 F3000 X121.317 Y119.317 E947.49649
G0 F9000 X121.317 Y119.1
G0 X122.602 Y119.1
G0 X122.602 Y119.319
G1 F3000 X122.907 Y118.18 E947.53571
G0 F9000 X122.907 Y118.402
G0 X125.838 Y118.402
G0 X125.838 Y118.182
G1 F3000 X126.974 Y119.317 E947.58912
G1 X127.045 Y119.318
G1 X131.289 Y118.181 E947.73525
G1 X131.189 Y118.18
G1 X130.884 Y119.319 E947.77447
G0 F9000 X130.884 Y119.1
G0 X131.495 Y118.402
G0 X131.495 Y118.182
G1 F3000 X132.631 Y119.317 E947.82788
G0 F9000 X132.631 Y119.1
G0 X135.025 Y119.1
G0 X135.025 Y119.318
G1 F3000 X135.33 Y118.181 E947.86703
G0 F9000 X135.33 Y118.402
G0 X137.152 Y118.402
G0 X137.152 Y118.182
G1 F3000 X138.288 Y119.317 E947.92044
G0 F9000 X139.167 Y119.318
G1 F3000 X139.471 Y118.18 E947.95962
G0 F9000 X139.471 Y118.402
G0 X142.5 Y119.1
G0 X142.5 Y119.318
G1 F3000 X146.744 Y118.181 E948.10575
G0 F9000 X146.744 Y118.402
G0 X147.754 Y118.402
G0 X147.754 Y118.18
G1 F3000 X147.449 Y119.319 E948.14497
G0 F9000 X147.449 Y119.1
G0 X148.466 Y118.402
G0 X148.466 Y118.182
G1 F3000 X149.601 Y119.317 E948.19836
G0 F9000 X149.601 Y119.1
G0 X151.59 Y119.1
G0 X151.59 Y119.319
G1 F3000 X151.895 Y118.181 E948.23755
G0 F9000 X151.895 Y118.402
G0 X154.123 Y118.402
G0 X154.123 Y118.182
G1 F3000 X155.258 Y119.317 E948.29093
G0 F9000 X155.731 Y119.318
G1 F3000 X156.036 Y118.181 E948.33009
G0 F9000 X156.036 Y118.402
G0 X157.955 Y119.1
G0 X157.955 Y119.318
G1 F3000 X162.2 Y118.181 E948.47625
G0 F9000 X162.2 Y118.402
G0 X160.915 Y119.1
G0 X160.915 Y119.317
G1 F3000 X159.779 Y118.182 E948.52966
G0 F9000 X160.177 Y118.18
G1 F3000 X159.872 Y119.318 E948.56885
G0 F9000 X159.872 Y119.1
G0 X164.013 Y119.1
G0 X164.013 Y119.319
G1 F3000 X164.318 Y118.18 E948.60807
G0 F9000 X164.318 Y118.402
G0 X165.436 Y118.402
G0 X165.436 Y118.182
G1 F3000 X166.572 Y119.317 E948.66148
G0 F9000 X166.572 Y119.1
G0 X168.154 Y119.1
G0 X168.154 Y119.319
G1 F3000 X168.459 Y118.181 E948.70066
G0 F9000 X168.459 Y118.402
G0 X171.093 Y118.402
G0 X171.093 Y118.182
G1 F3000 X172.229 Y119.317 E948.75407
G1 X172.295 Y119.319
G1 X172.6 Y118.181 E948.79326
G0 F9000 X172.6 Y118.402
G0 X173.41 Y119.1
G0 X173.41 Y119.318
G1 F3000 X177.656 Y118.181 E948.93946
G0 F9000 X176.75 Y118.182
G1 F3000 X177.886 Y119.317 E948.99287
G0 F9000 X177.886 Y119.1
G0 X176.436 Y119.1
G0 X176.436 Y119.318
G1 F3000 X176.741 Y118.181 E949.03202
G0 F9000 X176.741 Y118.402
G0 X180.578 Y119.1
G0 X180.578 Y119.318
G1 F3000 X180.882 Y118.18 E949.0712
G0 F9000 X180.882 Y118.402
G0 X182.205 Y118.402
G0 X182.205 Y117.98
G1 F3000 X183.543 Y119.317 E949.13411
G0 F9000 X183.543 Y119.1
G0 X184.718 Y119.1
G0 X184.718 Y119.319
G1 F3000 X189.713 Y100.68 E949.77592
G0 F9000 X189.713 Y100.9
G0 X191.1 Y102.096
G0 X191.318 Y102.096
G1 F3000 X182.433 Y104.477 E950.08186
G0 F9000 X182.653 Y104.477
G0 X182.653 Y106.893
G0 X182.432 Y106.893
G1 F3000 X191.319 Y115.78 E950.49988
G0 F9000 X191.1 Y115.78
G0 X191.1 Y114.52
G0 X191.318 Y114.52
G1 F3000 X182.432 Y116.901 E950.80586
G0 F9000 X182.653 Y116.901
G0 X182.653 Y112.76
G0 X182.432 Y112.76
G1 F3000 X191.318 Y110.379 E951.11183
G0 F9000 X191.319 Y110.141
G1 F3000 X188.86 Y119.319 E951.42786
G1 X188.865 Y119.318
G1 X191.318 Y118.661 E951.51232
G0 F9000 X191.1 Y118.661
G0 X189.199 Y119.1
G0 X189.199 Y119.317
G1 F3000 X182.432 Y112.55 E951.83062
G1 X182.433 Y112.395
G1 X185.572 Y100.68 E952.23401
G0 F9000 X185.572 Y100.9
G0 X187.533 Y100.9
G0 X187.533 Y100.68
G1 F3000 X191.319 Y104.466 E952.41209
G0 F9000 X191.1 Y104.466
G0 X191.1 Y106.238
G0 X191.318 Y106.238
G1 F3000 X182.432 Y108.618 E952.71806
G0 F9000 X182.653 Y108.618
G0 X182.581 Y101.669
G0 X181.126 Y101.597
G0 X181.126 Y101.816
G1 F3000 X181.431 Y100.68 E952.75718
G0 F9000 X181.15 Y100.68
G1 F3000 X176.91 Y101.816 E952.90318
G1 X176.985 Y101.816
G1 X177.289 Y100.68 E952.94229
G0 F9000 X177.289 Y100.9
G0 X176.219 Y100.9
G0 X176.219 Y100.68
G1 F3000 X177.355 Y101.817 E952.99575
G0 F9000 X177.355 Y101.597
G0 X173.148 Y100.9
G0 X173.148 Y100.68
G1 F3000 X172.844 Y101.816 E953.03486
G0 F9000 X172.844 Y101.597
G0 X171.698 Y101.597
G0 X171.698 Y101.817
G1 F3000 X170.562 Y100.68 E953.08832
G0 F9000 X170.562 Y100.9
G0 X169.007 Y100.9
G0 X169.007 Y100.68
G1 F3000 X168.703 Y101.816 E953.12743
G0 F9000 X168.703 Y101.597
G0 X166.042 Y101.597
G0 X166.042 Y101.817
G1 F3000 X164.905 Y100.68 E953.18091
G1 X164.866 Y100.68
G1 X164.562 Y101.817 E953.22006
G0 F9000 X164.562 Y101.597
G0 X165.695 Y100.9
G0 X165.695 Y100.68
G1 F3000 X161.455 Y101.816 E953.36605
G0 F9000 X161.455 Y101.597
G0 X160.421 Y101.597
G0 X160.421 Y101.816
G1 F3000 X160.725 Y100.68 E953.40517
G0 F9000 X160.725 Y100.9
G0 X160.385 Y101.597
G0 X160.385 Y101.817
G1 F3000 X159.248 Y100.68 E953.45865
G0 F9000 X159.248 Y100.9
G0 X156.584 Y100.9
G0 X156.584 Y100.68
G1 F3000 X156.28 Y101.816 E953.49776
G0 F9000 X156.28 Y101.597
G0 X154.728 Y101.597
G0 X154.728 Y101.817
G1 F3000 X153.592 Y100.68 E953.55122
G0 F9000 X153.592 Y100.9
G0 X152.443 Y100.9
G0 X152.443 Y100.679
G1 F3000 X152.138 Y101.816 E953.59037
G0 F9000 X152.138 Y101.597
G0 X150.24 Y100.9
G0 X150.24 Y100.68
G1 F3000 X145.999 Y101.816 E953.7364
G0 F9000 X145.999 Y101.597
G0 X147.997 Y101.597
G0 X147.997 Y101.816
G1 F3000 X148.302 Y100.68 E953.77552
G0 F9000 X147.935 Y100.68
G1 F3000 X149.071 Y101.817 E953.82898
G0 F9000 X149.071 Y101.597
G0 X144.161 Y100.9
G0 X144.161 Y100.68
G1 F3000 X143.856 Y101.817 E953.86813
G0 F9000 X143.414 Y101.817
G1 F3000 X142.278 Y100.68 E953.92159
G0 F9000 X142.278 Y100.9
G0 X140.02 Y100.9
G0 X140.02 Y100.68
G1 F3000 X139.715 Y101.816 E953.96071
G0 F9000 X139.715 Y101.597
G0 X137.757 Y101.597
G0 X137.757 Y101.817
G1 F3000 X136.621 Y100.68 E954.01417
G0 F9000 X135.878 Y100.68
G1 F3000 X135.574 Y101.816 E954.05328
G0 F9000 X135.574 Y101.597
G0 X134.785 Y100.9
G0 X134.785 Y100.68
G1 F3000 X130.545 Y101.816 E954.19928
G0 F9000 X131.433 Y101.816
G1 F3000 X131.737 Y100.679 E954.23843
G0 F9000 X130.964 Y100.68
G1 F3000 X132.1 Y101.817 E954.29188
G0 F9000 X132.1 Y101.597
G0 X127.596 Y100.9
G0 X127.596 Y100.68
G1 F3000 X127.292 Y101.816 E954.331
G0 F9000 X126.444 Y101.817
G1 F3000 X125.307 Y100.68 E954.38448
G0 F9000 X125.307 Y100.9
G0 X123.455 Y100.9
G0 X123.455 Y100.68
G1 F3000 X123.151 Y101.817 E954.42362
G0 F9000 X123.151 Y101.597
G0 X120.787 Y101.597
G0 X120.787 Y101.817
G1 F3000 X119.65 Y100.68 E954.4771
G0 F9000 X119.65 Y100.9
G0 X118.672 Y101.669
G0 X118.672 Y118.33
G0 X127.048 Y118.402
G0 X127.048 Y118.18
G1 F3000 X126.743 Y119.319 E954.51632
G0 F9000 X126.743 Y119.1
G0 X142.809 Y118.402
G0 X142.809 Y118.182
G1 F3000 X143.945 Y119.317 E954.56973
G0 F9000 X143.307 Y119.319
G1 F3000 X143.613 Y118.18 E954.60896
G1 F2700 E949.60896
G0 F9000 X143.613 Y118.402
G0 X182.581 Y118.33
G0 X182.581 Y101.669
G0 X181.876 Y100.9
G0 X181.876 Y100.68
G1 F2700 E954.60896
G1 F3000 X191.319 Y110.123 E955.05313
G0 F9000 X190.8 Y110.123
G1 F2700 E950.05313
;MESH:NONMESH
G0 F300 X190.8 Y110.123 Z2.2
G0 F9000 X182.581 Y118.33
G0 X28.87 Y119.13
G0 X28.601 Y119.399
;TIME_ELAPSED:1497.427687
;LAYER:10
;TYPE:WALL-INNER
;MESH:Display 2x7219 mask .stl
G1 F2700 E955.05313
G1 F1500 X191.4 Y119.399 E960.46784
G1 X191.4 Y100.601 E961.09307
G1 X28.601 Y100.601 E966.50779
G1 X28.601 Y119.399 E967.13301
G1 F2700 E962.13301
G0 F9000 X28.87 Y119.13
G0 X103.86 Y118.402
G0 X103.86 Y117.983
G1 F2700 E967.13301
G1 F1500 X103.586 Y118.102 E967.14295
G1 X41.247 Y118.102 E969.21635
G1 X40.886 Y117.983 E969.22899
G1 X40.692 Y117.733 E969.23952
G1 X40.647 Y117.502 E969.24734
G1 X40.647 Y102.497 E969.74641
G1 X40.693 Y102.265 E969.75428
G1 X40.887 Y102.016 E969.76478
G1 X41.161 Y101.897 E969.77471
G1 X103.5 Y101.897 E971.84812
G1 X103.861 Y102.016 E971.86076
G1 X104.055 Y102.266 E971.87128
G1 X104.1 Y102.497 E971.87911
G1 X104.1 Y117.502 E972.37818
G1 X104.054 Y117.734 E972.38605
G1 X103.86 Y117.983 E972.39654
G0 F9000 X103.86 Y118.402
G0 X119.139 Y118.402
G0 X119.139 Y117.983
G1 F1500 X118.945 Y117.733 E972.40707
G1 X118.9 Y117.502 E972.4149
G1 X118.9 Y102.497 E972.91397
G1 X118.946 Y102.265 E972.92183
G1 X119.14 Y102.016 E972.93233
G1 X119.414 Y101.897 E972.94227
G1 X181.753 Y101.897 E975.01567
G1 X182.114 Y102.016 E975.02831
G1 X182.308 Y102.266 E975.03884
G1 X182.353 Y102.497 E975.04666
G1 X182.353 Y117.502 E975.54573
G1 X182.307 Y117.734 E975.5536
G1 X182.113 Y117.983 E975.5641
G1 X181.839 Y118.102 E975.57403
G1 X119.5 Y118.102 E977.64744
G1 X119.139 Y117.983 E977.66008
G0 F9000 X119.379 Y117.663
;TYPE:WALL-OUTER
G1 F1500 X119.3 Y117.559 E977.66442
G1 X119.3 Y102.438 E978.16735
G1 X119.38 Y102.336 E978.17166
G1 X119.465 Y102.299 E978.17475
G1 X181.753 Y102.297 E980.24645
G1 X181.874 Y102.336 E980.25068
G1 X181.953 Y102.44 E980.25502
G1 X181.953 Y117.561 E980.75795
G1 X181.873 Y117.663 E980.76226
G1 X181.788 Y117.7 E980.76535
G1 X119.5 Y117.702 E982.83705
G1 X119.379 Y117.663 E982.84128
G1 F2700 E977.84128
G0 F9000 X119.379 Y118.402
G0 X103.62 Y118.402
G0 X103.62 Y117.663
G1 F2700 E982.84128
G1 F1500 X103.535 Y117.7 E982.84437
G1 X41.247 Y117.702 E984.91607
G1 X41.126 Y117.663 E984.9203
G1 X41.047 Y117.559 E984.92464
G1 X41.047 Y102.438 E985.42757
G1 X41.127 Y102.336 E985.43188
G1 X41.212 Y102.299 E985.43497
G1 X103.5 Y102.297 E987.50667
G1 X103.621 Y102.336 E987.5109
G1 X103.7 Y102.44 E987.51525
G1 X103.7 Y117.561 E988.01817
G1 X103.62 Y117.663 E988.02248
G1 F2700 E983.02248
G0 F9000 X103.62 Y118.402
G0 X28.47 Y119.53
G0 X28.201 Y119.799
G1 F2700 E988.02248
G1 F1500 X191.8 Y119.799 E993.46381
G1 X191.8 Y100.201 E994.11564
G1 X28.201 Y100.201 E999.55697
G1 X28.201 Y119.799 E1000.2088
G0 F9000 X28.47 Y119.53
G0 X31.007 Y119.1
G0 X31.007 Y119.317
;TYPE:FILL
G1 F3000 X28.68 Y116.991 E1000.31823
G1 X28.681 Y116.833
G1 X40.565 Y113.649 E1000.72743
G0 F9000 X40.347 Y113.649
G0 X40.347 Y111.906
G0 X40.566 Y111.906
G1 F3000 X29.34 Y100.68 E1001.25547
G0 F9000 X29.34 Y100.9
G0 X32.205 Y100.9
G0 X32.205 Y100.679
G1 F3000 X28.68 Y113.835 E1001.70847
G0 F9000 X28.9 Y113.835
G0 X28.9 Y112.692
G0 X28.681 Y112.692
G1 F3000 X40.566 Y109.508 E1002.11771
G0 F9000 X40.347 Y109.508
G0 X40.347 Y106.249
G0 X40.566 Y106.249
G1 F3000 X34.997 Y100.68 E1002.37966
G0 F9000 X34.997 Y100.9
G0 X36.346 Y100.9
G0 X36.346 Y100.679
G1 F3000 X31.352 Y119.319 E1003.02149
G0 F9000 X31.352 Y119.1
G0 X34.862 Y119.1
G0 X34.862 Y119.318
G1 F3000 X40.631 Y117.772 E1003.22014
G1 X40.585 Y117.582
G1 X28.68 Y105.677 E1003.78012
G0 F9000 X28.9 Y105.677
G0 X28.9 Y104.41
G0 X28.68 Y104.41
G1 F3000 X42.601 Y100.68 E1004.25946
G0 F9000 X42.601 Y100.9
G0 X41.79 Y101.597
G0 X41.79 Y101.816
G1 F3000 X40.654 Y100.68 E1004.3129
G1 X40.487 Y100.68
G1 X35.493 Y119.319 E1004.9547
G0 F9000 X35.493 Y119.1
G0 X36.664 Y119.1
G0 X36.664 Y119.317
G1 F3000 X28.68 Y111.334 E1005.33022
G0 F9000 X28.9 Y111.334
G0 X28.9 Y108.551
G0 X28.681 Y108.551
G1 F3000 X40.566 Y105.366 E1005.73946
G0 F9000 X40.347 Y105.366
G0 X40.419 Y101.669
G0 X44.324 Y101.597
G0 X44.324 Y101.816
G1 F3000 X44.628 Y100.68 E1005.77858
G0 F9000 X44.628 Y100.9
G0 X46.311 Y100.9
G0 X46.311 Y100.68
G1 F3000 X47.446 Y101.816 E1005.83199
G0 F9000 X47.446 Y101.597
G0 X48.465 Y101.597
G0 X48.465 Y101.816
G1 F3000 X48.769 Y100.68 E1005.8711
G0 F9000 X48.769 Y100.9
G0 X51.968 Y100.9
G0 X51.968 Y100.68
G1 F3000 X53.103 Y101.816 E1005.92451
G0 F9000 X52.606 Y101.816
G1 F3000 X52.911 Y100.679 E1005.96366
G0 F9000 X52.911 Y100.9
G0 X53.814 Y101.597
G0 X53.814 Y101.817
G1 F3000 X58.056 Y100.68 E1006.10973
G0 F9000 X57.624 Y100.68
G1 F3000 X58.76 Y101.816 E1006.16317
G0 F9000 X58.76 Y101.597
G0 X56.747 Y101.597
G0 X56.747 Y101.816
G1 F3000 X57.052 Y100.679 E1006.20232
G0 F9000 X57.052 Y100.9
G0 X60.888 Y101.597
G0 X60.888 Y101.816
G1 F3000 X61.193 Y100.68 E1006.24144
G0 F9000 X61.193 Y100.9
G0 X63.281 Y100.9
G0 X63.281 Y100.68
G1 F3000 X64.417 Y101.816 E1006.29488
G0 F9000 X65.029 Y101.817
G1 F3000 X65.334 Y100.68 E1006.33403
G0 F9000 X65.334 Y100.9
G0 X68.938 Y100.9
G0 X68.938 Y100.68
G1 F3000 X70.074 Y101.816 E1006.38746
G0 F9000 X69.269 Y101.817
G1 F3000 X73.511 Y100.68 E1006.53353
G1 X73.616 Y100.679
G1 X73.311 Y101.816 E1006.57269
G0 F9000 X73.311 Y101.597
G0 X74.595 Y100.9
G0 X74.595 Y100.68
G1 F3000 X75.731 Y101.816 E1006.62612
G0 F9000 X75.731 Y101.597
G0 X77.453 Y101.597
G0 X77.453 Y101.816
G1 F3000 X77.757 Y100.679 E1006.66527
G0 F9000 X77.757 Y100.9
G0 X80.252 Y100.9
G0 X80.252 Y100.68
G1 F3000 X81.387 Y101.816 E1006.71868
G0 F9000 X81.593 Y101.817
G1 F3000 X81.898 Y100.68 E1006.75783
G0 F9000 X81.898 Y100.9
G0 X84.724 Y101.597
G0 X84.724 Y101.817
G1 F3000 X88.966 Y100.68 E1006.9039
G0 F9000 X88.966 Y100.9
G0 X90.18 Y100.9
G0 X90.18 Y100.68
G1 F3000 X89.876 Y101.817 E1006.94305
G0 F9000 X89.876 Y101.597
G0 X91.566 Y100.9
G0 X91.566 Y100.68
G1 F3000 X92.701 Y101.816 E1006.99646
G0 F9000 X92.701 Y101.597
G0 X94.017 Y101.597
G0 X94.017 Y101.816
G1 F3000 X94.322 Y100.679 E1007.03561
G0 F9000 X94.322 Y100.9
G0 X97.222 Y100.9
G0 X97.222 Y100.68
G1 F3000 X98.358 Y101.816 E1007.08904
G0 F9000 X98.158 Y101.817
G1 F3000 X98.462 Y100.68 E1007.12819
G0 F9000 X98.462 Y100.9
G0 X100.178 Y101.597
G0 X100.178 Y101.817
G1 F3000 X104.421 Y100.68 E1007.27429
G0 F9000 X104.421 Y100.9
G0 X102.879 Y100.9
G0 X102.879 Y100.68
G1 F3000 X118.819 Y116.62 E1008.02406
G0 F9000 X118.819 Y117.438
G1 F3000 X118.315 Y119.318 E1008.0888
G0 F9000 X118.315 Y119.1
G0 X118.6 Y117.526
G0 X118.825 Y117.526
G1 F3000 X112.135 Y119.318 E1008.31915
G0 F9000 X112.135 Y119.1
G0 X110.203 Y119.1
G0 X110.203 Y119.317
G1 F3000 X104.179 Y113.294 E1008.60248
G1 X104.179 Y113.168
G1 X118.818 Y109.245 E1009.10655
G0 F9000 X118.6 Y109.245
G0 X118.6 Y110.963
G0 X118.819 Y110.963
G1 F3000 X108.536 Y100.68 E1009.59023
G0 F9000 X108.536 Y100.9
G0 X106.745 Y100.9
G0 X106.745 Y100.68
G1 F3000 X104.179 Y110.255 E1009.91994
G0 F9000 X104.4 Y110.255
G0 X104.4 Y109.027
G0 X104.179 Y109.027
G1 F3000 X118.818 Y105.104 E1010.42401
G0 F9000 X118.819 Y105.306
G1 F3000 X114.193 Y100.68 E1010.64161
G0 F9000 X115.027 Y100.679
G1 F3000 X110.033 Y119.319 E1011.28344
G0 F9000 X110.033 Y119.1
G0 X114.174 Y119.1
G0 X114.174 Y119.319
G1 F3000 X119.168 Y100.68 E1011.92524
G0 F9000 X119.85 Y100.68
G1 F3000 X120.986 Y101.817 E1011.9787
G0 F9000 X120.986 Y101.597
G0 X119.875 Y100.9
G0 X119.875 Y100.68
G1 F3000 X104.179 Y104.886 E1012.51917
G0 F9000 X104.4 Y104.886
G0 X104.4 Y107.636
G0 X104.178 Y107.636
G1 F3000 X115.86 Y119.317 E1013.06863
G0 F9000 X115.86 Y119.1
G0 X120.381 Y118.402
G0 X120.381 Y118.182
G1 F3000 X121.517 Y119.317 E1013.12204
G0 F9000 X122.456 Y119.318
G1 F3000 X122.761 Y118.18 E1013.16123
G0 F9000 X122.761 Y118.402
G0 X126.038 Y118.402
G0 X126.038 Y118.182
G1 F3000 X127.173 Y119.317 E1013.21461
G0 F9000 X127.59 Y119.318
G1 F3000 X131.833 Y118.181 E1013.36072
G1 X131.695 Y118.182
G1 X132.83 Y119.317 E1013.4141
G0 F9000 X132.83 Y119.1
G0 X134.879 Y119.1
G0 X134.879 Y119.319
G1 F3000 X135.184 Y118.18 E1013.45332
G0 F9000 X135.184 Y118.402
G0 X137.351 Y118.402
G0 X137.351 Y118.182
G1 F3000 X138.487 Y119.317 E1013.50673
G0 F9000 X139.021 Y119.318
G1 F3000 X139.325 Y118.181 E1013.54588
G0 F9000 X139.325 Y118.402
G0 X143.008 Y118.402
G0 X143.008 Y118.182
G1 F3000 X144.144 Y119.317 E1013.59929
G0 F9000 X143.162 Y119.318
G1 F3000 X143.467 Y118.18 E1013.63847
G0 F9000 X143.467 Y118.402
G0 X143.046 Y119.1
G0 X143.046 Y119.318
G1 F3000 X147.289 Y118.181 E1013.78457
G0 F9000 X147.608 Y118.18
G1 F3000 X147.303 Y119.319 E1013.82379
G0 F9000 X147.303 Y119.1
G0 X148.665 Y118.402
G0 X148.665 Y118.182
G1 F3000 X149.801 Y119.317 E1013.8772
G0 F9000 X149.801 Y119.1
G0 X151.444 Y119.1
G0 X151.444 Y119.319
G1 F3000 X151.749 Y118.18 E1013.91642
G0 F9000 X151.749 Y118.402
G0 X154.322 Y118.402
G0 X154.322 Y118.182
G1 F3000 X155.458 Y119.317 E1013.96983
G1 X155.585 Y119.319
G1 X155.89 Y118.181 E1014.00902
G0 F9000 X155.89 Y118.402
G0 X158.5 Y119.1
G0 X158.5 Y119.318
G1 F3000 X162.745 Y118.181 E1014.15518
G0 F9000 X162.745 Y118.402
G0 X164.172 Y118.402
G0 X164.172 Y118.18
G1 F3000 X163.867 Y119.318 E1014.19437
G0 F9000 X163.867 Y119.1
G0 X165.636 Y118.402
G0 X165.636 Y118.182
G1 F3000 X166.771 Y119.317 E1014.24776
G0 F9000 X166.771 Y119.1
G0 X168.008 Y119.1
G0 X168.008 Y119.319
G1 F3000 X168.313 Y118.18 E1014.28697
G0 F9000 X168.313 Y118.402
G0 X171.293 Y118.402
G0 X171.293 Y118.182
G1 F3000 X172.428 Y119.317 E1014.34036
G0 F9000 X172.149 Y119.319
G1 F3000 X172.454 Y118.181 E1014.37955
G0 F9000 X172.454 Y118.402
G0 X173.955 Y119.1
G0 X173.955 Y119.318
G1 F3000 X178.201 Y118.18 E1014.52575
G0 F9000 X178.201 Y118.402
G0 X178.085 Y119.1
G0 X178.085 Y119.317
G1 F3000 X176.949 Y118.182 E1014.57916
G0 F9000 X176.595 Y118.181
G1 F3000 X176.29 Y119.319 E1014.61835
G0 F9000 X176.29 Y119.1
G0 X180.432 Y119.1
G0 X180.432 Y119.318
G1 F3000 X180.736 Y118.181 E1014.6575
G0 F9000 X180.736 Y118.402
G0 X182.581 Y118.33
G0 X182.653 Y117.868
G0 X182.292 Y117.868
G1 F3000 X183.742 Y119.317 E1014.72568
G0 F9000 X184.573 Y119.318
G1 F3000 X189.567 Y100.68 E1015.36745
G0 F9000 X189.567 Y100.9
G0 X187.732 Y100.9
G0 X187.732 Y100.68
G1 F3000 X191.319 Y104.267 E1015.53617
G0 F9000 X191.1 Y104.267
G0 X191.1 Y102.242
G0 X191.318 Y102.242
G1 F3000 X182.432 Y104.623 E1015.84214
G0 F9000 X182.653 Y104.623
G0 X182.653 Y106.693
G0 X182.432 Y106.693
G1 F3000 X191.319 Y115.58 E1016.26016
G0 F9000 X191.318 Y114.666
G1 F3000 X182.433 Y117.047 E1016.5661
G0 F9000 X182.653 Y117.047
G0 X182.653 Y112.905
G0 X182.433 Y112.905
G1 F3000 X191.319 Y110.525 E1016.87207
G0 F9000 X191.319 Y109.923
G1 F3000 X182.075 Y100.68 E1017.30686
G0 F9000 X181.695 Y100.68
G1 F3000 X177.454 Y101.816 E1017.45288
G1 X177.555 Y101.817
G1 X176.418 Y100.68 E1017.50637
G0 F9000 X177.143 Y100.68
G1 F3000 X176.839 Y101.816 E1017.54548
G0 F9000 X176.839 Y101.597
G0 X173.003 Y100.9
G0 X173.003 Y100.68
G1 F3000 X172.698 Y101.816 E1017.5846
G0 F9000 X171.898 Y101.817
G1 F3000 X170.762 Y100.68 E1017.63806
G0 F9000 X170.762 Y100.9
G0 X168.861 Y100.9
G0 X168.861 Y100.68
G1 F3000 X168.557 Y101.816 E1017.67717
G0 F9000 X168.557 Y101.597
G0 X166.241 Y101.597
G0 X166.241 Y101.817
G1 F3000 X165.105 Y100.68 E1017.73063
G0 F9000 X164.72 Y100.68
G1 F3000 X164.416 Y101.816 E1017.76974
G0 F9000 X164.416 Y101.597
G0 X166.24 Y100.9
G0 X166.24 Y100.68
G1 F3000 X162 Y101.816 E1017.91574
G0 F9000 X162 Y101.597
G0 X160.584 Y101.597
G0 X160.584 Y101.817
G1 F3000 X159.448 Y100.68 E1017.9692
G0 F9000 X159.448 Y100.9
G0 X160.579 Y100.9
G0 X160.579 Y100.68
G1 F3000 X160.275 Y101.816 E1018.00831
G0 F9000 X160.275 Y101.597
G0 X156.438 Y100.9
G0 X156.438 Y100.679
G1 F3000 X156.134 Y101.816 E1018.04745
G0 F9000 X156.134 Y101.597
G0 X154.927 Y101.597
G0 X154.927 Y101.817
G1 F3000 X153.791 Y100.68 E1018.10091
G0 F9000 X153.791 Y100.9
G0 X152.297 Y100.9
G0 X152.297 Y100.68
G1 F3000 X151.992 Y101.816 E1018.14003
G0 F9000 X151.992 Y101.597
G0 X150.785 Y100.9
G0 X150.785 Y100.68
G1 F3000 X146.545 Y101.816 E1018.28603
G0 F9000 X146.545 Y101.597
G0 X147.851 Y101.597
G0 X147.851 Y101.817
G1 F3000 X148.156 Y100.68 E1018.32518
G1 X148.134 Y100.68
G1 X149.27 Y101.817 E1018.37864
G0 F9000 X149.27 Y101.597
G0 X144.015 Y100.9
G0 X144.015 Y100.68
G1 F3000 X143.71 Y101.816 E1018.41776
G1 X143.614 Y101.817
G1 X142.477 Y100.68 E1018.47124
G0 F9000 X142.477 Y100.9
G0 X139.874 Y100.9
G0 X139.874 Y100.68
G1 F3000 X139.569 Y101.816 E1018.51037
G0 F9000 X139.569 Y101.597
G0 X137.957 Y101.597
G0 X137.957 Y101.817
G1 F3000 X136.82 Y100.68 E1018.56385
G0 F9000 X136.82 Y100.9
G0 X135.733 Y100.9
G0 X135.733 Y100.679
G1 F3000 X135.428 Y101.816 E1018.603
G0 F9000 X135.428 Y101.597
G0 X135.33 Y100.9
G0 X135.33 Y100.68
G1 F3000 X131.089 Y101.816 E1018.74903
G1 X131.287 Y101.816
G1 X131.591 Y100.68 E1018.78814
G0 F9000 X131.164 Y100.68
G1 F3000 X132.3 Y101.817 E1018.8416
G0 F9000 X132.3 Y101.597
G0 X127.45 Y100.9
G0 X127.45 Y100.68
G1 F3000 X127.146 Y101.817 E1018.88074
G0 F9000 X126.643 Y101.817
G1 F3000 X125.507 Y100.68 E1018.9342
G0 F9000 X125.507 Y100.9
G0 X123.309 Y100.9
G0 X123.309 Y100.68
G1 F3000 X123.005 Y101.816 E1018.97331
G0 F9000 X123.005 Y101.597
G0 X110.886 Y100.9
G0 X110.886 Y100.68
G1 F3000 X105.892 Y119.319 E1019.61512
G0 F9000 X105.892 Y119.1
G0 X104.546 Y119.1
G0 X104.546 Y119.317
G1 F3000 X103.41 Y118.181 E1019.66855
G0 F9000 X103.41 Y118.402
G0 X104.328 Y118.33
G0 X104.4 Y117.309
G0 X104.179 Y117.309
G1 F3000 X118.818 Y113.387 E1020.17262
G0 F9000 X118.6 Y113.387
G0 X118.672 Y118.33
G0 X126.902 Y118.402
G0 X126.902 Y118.18
G1 F3000 X126.597 Y119.319 E1020.21184
G0 F9000 X126.597 Y119.1
G0 X130.738 Y119.1
G0 X130.738 Y119.319
G1 F3000 X131.043 Y118.18 E1020.25105
G0 F9000 X131.043 Y118.402
G0 X159.726 Y119.1
G0 X159.726 Y119.318
G1 F3000 X160.031 Y118.181 E1020.29021
G1 X159.979 Y118.182
G1 X161.114 Y119.317 E1020.34359
G0 F9000 X161.114 Y119.1
G0 X182.581 Y118.33
G0 X182.653 Y112.35
G0 X182.432 Y112.35
G1 F3000 X189.399 Y119.317 E1020.6713
G1 X189.409 Y119.318
G1 X191.318 Y118.807 E1020.73703
G0 F9000 X191.1 Y118.807
G0 X188.714 Y119.1
G0 X188.714 Y119.319
G1 F3000 X191.319 Y109.596 E1021.07182
G0 F9000 X191.1 Y109.596
G0 X191.1 Y106.384
G0 X191.318 Y106.384
G1 F3000 X182.432 Y108.765 E1021.3778
G0 F9000 X182.653 Y108.765
G0 X182.653 Y111.85
G0 X182.433 Y111.85
G1 F3000 X185.426 Y100.68 E1021.76242
G0 F9000 X185.426 Y100.9
G0 X181.285 Y100.9
G0 X181.285 Y100.68
G1 F3000 X180.98 Y101.816 E1021.80154
G1 F2700 E1016.80154
G0 F9000 X180.98 Y101.597
G0 X102.604 Y100.9
G0 X102.604 Y100.68
G1 F2700 E1021.80154
G1 F3000 X102.299 Y101.817 E1021.8407
G0 F9000 X102.299 Y101.597
G0 X87.044 Y101.597
G0 X87.044 Y101.816
G1 F3000 X85.909 Y100.68 E1021.89411
G1 X86.039 Y100.68
G1 X85.735 Y101.817 E1021.93325
G0 F9000 X85.735 Y101.597
G0 X69.475 Y100.9
G0 X69.475 Y100.68
G1 F3000 X69.17 Y101.817 E1021.9724
G1 F2700 E1016.9724
G0 F9000 X69.17 Y101.597
G0 X40.419 Y101.669
G0 X40.419 Y118.33
G0 X68.927 Y118.402
G0 X68.927 Y118.18
G1 F2700 E1021.9724
G1 F3000 X68.622 Y119.319 E1022.01162
G0 F9000 X68.622 Y119.1
G0 X69.468 Y118.402
G0 X69.468 Y118.181
G1 F3000 X70.605 Y119.317 E1022.06508
G0 F9000 X70.605 Y119.1
G0 X70.016 Y118.402
G0 X70.016 Y118.181
G1 F3000 X65.772 Y119.318 E1022.21121
G0 F9000 X64.948 Y119.317
G1 F3000 X63.812 Y118.181 E1022.26465
G0 F9000 X64.786 Y118.18
G1 F3000 X64.48 Y119.319 E1022.30387
G0 F9000 X64.48 Y119.1
G0 X60.644 Y118.402
G0 X60.644 Y118.18
G1 F3000 X60.34 Y119.318 E1022.34305
G0 F9000 X60.34 Y119.1
G0 X59.291 Y119.1
G0 X59.291 Y119.317
G1 F3000 X58.155 Y118.181 E1022.39649
G0 F9000 X58.155 Y118.402
G0 X56.503 Y118.402
G0 X56.503 Y118.181
G1 F3000 X56.198 Y119.319 E1022.43567
G0 F9000 X56.198 Y119.1
G0 X54.561 Y118.402
G0 X54.561 Y118.181
G1 F3000 X50.317 Y119.318 E1022.58181
G0 F9000 X50.317 Y119.1
G0 X52.057 Y119.1
G0 X52.057 Y119.319
G1 F3000 X52.362 Y118.181 E1022.62099
G1 X52.498 Y118.181
G1 X53.634 Y119.317 E1022.67443
G0 F9000 X53.634 Y119.1
G0 X48.221 Y118.402
G0 X48.221 Y118.18
G1 F3000 X47.916 Y119.319 E1022.71364
G1 X47.977 Y119.317
G1 X46.841 Y118.181 E1022.76708
G0 F9000 X46.841 Y118.402
G0 X44.08 Y118.402
G0 X44.08 Y118.18
G1 F3000 X43.775 Y119.319 E1022.8063
G0 F9000 X43.775 Y119.1
G0 X42.321 Y119.1
G0 X42.321 Y119.317
G1 F3000 X41.144 Y118.141 E1022.86163
G0 F9000 X41.144 Y118.402
G0 X39.634 Y119.1
G0 X39.634 Y119.318
G1 F3000 X40.566 Y115.839 E1022.98143
G1 F2700 E1017.98143
G0 F9000 X40.347 Y115.839
G0 X40.419 Y118.33
G0 X72.763 Y119.1
G0 X72.763 Y119.319
G1 F2700 E1022.98143
G1 F3000 X73.068 Y118.181 E1023.02061
G0 F9000 X73.068 Y118.402
G0 X75.125 Y118.402
G0 X75.125 Y118.181
G1 F3000 X76.262 Y119.317 E1023.07407
G0 F9000 X76.904 Y119.319
G1 F3000 X77.209 Y118.181 E1023.11326
G0 F9000 X77.209 Y118.402
G0 X80.782 Y118.402
G0 X80.782 Y118.181
G1 F3000 X81.919 Y119.317 E1023.16671
G0 F9000 X81.226 Y119.318
G1 F3000 X85.47 Y118.181 E1023.31285
G1 X85.491 Y118.18
G1 X85.186 Y119.319 E1023.35207
G0 F9000 X85.186 Y119.1
G0 X86.439 Y118.402
G0 X86.439 Y118.181
G1 F3000 X87.575 Y119.317 E1023.4055
G0 F9000 X87.575 Y119.1
G0 X89.327 Y119.1
G0 X89.327 Y119.319
G1 F3000 X89.632 Y118.18 E1023.44472
G0 F9000 X89.632 Y118.402
G0 X92.096 Y118.402
G0 X92.096 Y118.181
G1 F3000 X93.232 Y119.317 E1023.49815
G0 F9000 X93.468 Y119.319
G1 F3000 X93.773 Y118.181 E1023.53734
G0 F9000 X93.773 Y118.402
G0 X96.681 Y119.1
G0 X96.681 Y119.318
G1 F3000 X100.925 Y118.181 E1023.68347
G0 F9000 X100.925 Y118.402
G0 X102.055 Y118.402
G0 X102.055 Y118.18
G1 F3000 X101.751 Y119.318 E1023.72265
G0 F9000 X101.751 Y119.1
G0 X98.889 Y119.1
G0 X98.889 Y119.317
G1 F3000 X97.753 Y118.181 E1023.77608
G1 X97.914 Y118.181
G1 X97.609 Y119.319 E1023.81527
G0 F9000 X97.609 Y119.1
G0 X81.35 Y118.402
G0 X81.35 Y118.18
G1 F3000 X81.045 Y119.318 E1023.85445
G0 F9000 X81.045 Y118.8
G1 F2700 E1018.85445
;MESH:NONMESH
G0 F300 X81.045 Y118.8 Z2.4
G0 F9000 X28.87 Y119.13
G0 X28.601 Y119.399
;TIME_ELAPSED:1606.114908
;LAYER:11
;TYPE:WALL-INNER
;MESH:Display 2x7219 mask .stl
G1 F2700 E1023.85445
G1 F1500 X191.4 Y119.399 E1029.26917
G1 X191.4 Y100.601 E1029.89439
G1 X28.601 Y100.601 E1035.30911
G1 X28.601 Y119.399 E1035.93434
G1 F2700 E1030.93434
G0 F9000 X28.87 Y119.13
G0 X103.86 Y118.402
G0 X103.86 Y117.983
G1 F2700 E1035.93434
G1 F1500 X103.586 Y118.102 E1035.94427
G1 X41.247 Y118.102 E1038.01767
G1 X40.886 Y117.983 E1038.03032
G1 X40.692 Y117.733 E1038.04084
G1 X40.647 Y117.502 E1038.04867
G1 X40.647 Y102.497 E1038.54774
G1 X40.693 Y102.265 E1038.5556
G1 X40.887 Y102.016 E1038.5661
G1 X41.161 Y101.897 E1038.57604
G1 X103.5 Y101.897 E1040.64944
G1 X103.861 Y102.016 E1040.66209
G1 X104.055 Y102.266 E1040.67261
G1 X104.1 Y102.497 E1040.68044
G1 X104.1 Y117.502 E1041.17951
G1 X104.054 Y117.734 E1041.18737
G1 X103.86 Y117.983 E1041.19787
G0 F9000 X103.86 Y118.402
G0 X119.139 Y118.402
G0 X119.139 Y117.983
G1 F1500 X118.945 Y117.733 E1041.2084
G1 X118.9 Y117.502 E1041.21622
G1 X118.9 Y102.497 E1041.71529
G1 X118.946 Y102.265 E1041.72316
G1 X119.14 Y102.016 E1041.73366
G1 X119.414 Y101.897 E1041.74359
G1 X181.753 Y101.897 E1043.817
G1 X182.114 Y102.016 E1043.82964
G1 X182.308 Y102.266 E1043.84016
G1 X182.353 Y102.497 E1043.84799
G1 X182.353 Y117.502 E1044.34706
G1 X182.307 Y117.734 E1044.35493
G1 X182.113 Y117.983 E1044.36542
G1 X181.839 Y118.102 E1044.37536
G1 X119.5 Y118.102 E1046.44876
G1 X119.139 Y117.983 E1046.46141
G0 F9000 X119.379 Y117.663
;TYPE:WALL-OUTER
G1 F1500 X119.3 Y117.559 E1046.46575
G1 X119.3 Y102.438 E1046.96868
G1 X119.38 Y102.336 E1046.97299
G1 X119.465 Y102.299 E1046.97607
G1 X181.753 Y102.297 E1049.04778
G1 X181.874 Y102.336 E1049.05201
G1 X181.953 Y102.44 E1049.05635
G1 X181.953 Y117.561 E1049.55928
G1 X181.873 Y117.663 E1049.56359
G1 X181.788 Y117.7 E1049.56667
G1 X119.5 Y117.702 E1051.63838
G1 X119.379 Y117.663 E1051.64261
G1 F2700 E1046.64261
G0 F9000 X119.379 Y118.402
G0 X103.62 Y118.402
G0 X103.62 Y117.663
G1 F2700 E1051.64261
G1 F1500 X103.535 Y117.7 E1051.64569
G1 X41.247 Y117.702 E1053.7174
G1 X41.126 Y117.663 E1053.72163
G1 X41.047 Y117.559 E1053.72597
G1 X41.047 Y102.438 E1054.2289
G1 X41.127 Y102.336 E1054.23321
G1 X41.212 Y102.299 E1054.23629
G1 X103.5 Y102.297 E1056.308
G1 X103.621 Y102.336 E1056.31223
G1 X103.7 Y102.44 E1056.31657
G1 X103.7 Y117.561 E1056.8195
G1 X103.62 Y117.663 E1056.82381
G1 F2700 E1051.82381
G0 F9000 X103.62 Y118.402
G0 X28.47 Y119.53
G0 X28.201 Y119.799
G1 F2700 E1056.82381
G1 F1500 X191.8 Y119.799 E1062.26513
G1 X191.8 Y100.201 E1062.91697
G1 X28.201 Y100.201 E1068.35829
G1 X28.201 Y119.799 E1069.01012
G0 F9000 X28.47 Y119.53
G0 X28.9 Y116.98
G0 X28.681 Y116.98
;TYPE:FILL
G1 F3000 X40.565 Y113.796 E1069.41933
G0 F9000 X40.347 Y113.796
G0 X40.347 Y115.29
G0 X40.566 Y115.29
G1 F3000 X39.487 Y119.318 E1069.55802
G0 F9000 X39.487 Y119.1
G0 X40.347 Y117.894
G0 X40.726 Y117.894
G1 F3000 X35.411 Y119.318 E1069.74104
G1 X35.346 Y119.319
G1 X40.34 Y100.68 E1070.38284
G0 F9000 X40.855 Y100.68
G1 F3000 X41.99 Y101.816 E1070.43625
G0 F9000 X41.99 Y101.597
G0 X43.15 Y100.9
G0 X43.15 Y100.68
G1 F3000 X28.68 Y104.557 E1070.9345
G0 F9000 X28.68 Y105.476
G1 F3000 X40.566 Y117.362 E1071.49358
G0 F9000 X40.347 Y117.362
G0 X40.419 Y118.33
G0 X41.385 Y118.402
G0 X41.385 Y118.181
G1 F3000 X42.521 Y119.317 E1071.54701
G0 F9000 X42.521 Y119.1
G0 X43.628 Y119.1
G0 X43.628 Y119.319
G1 F3000 X43.933 Y118.18 E1071.58623
G0 F9000 X43.933 Y118.402
G0 X47.042 Y118.402
G0 X47.042 Y118.181
G1 F3000 X48.178 Y119.317 E1071.63966
G0 F9000 X47.769 Y119.319
G1 F3000 X48.074 Y118.18 E1071.67888
G0 F9000 X48.074 Y118.402
G0 X50.866 Y119.1
G0 X50.866 Y119.318
G1 F3000 X55.11 Y118.181 E1071.82502
G0 F9000 X55.11 Y118.402
G0 X56.356 Y118.402
G0 X56.356 Y118.181
G1 F3000 X56.051 Y119.318 E1071.86417
G0 F9000 X56.051 Y119.1
G0 X53.835 Y119.1
G0 X53.835 Y119.317
G1 F3000 X52.699 Y118.181 E1071.9176
G0 F9000 X52.215 Y118.181
G1 F3000 X51.91 Y119.319 E1071.95679
G0 F9000 X51.91 Y119.1
G0 X58.356 Y118.402
G0 X58.356 Y118.181
G1 F3000 X59.492 Y119.317 E1072.01022
G0 F9000 X60.193 Y119.318
G1 F3000 X60.497 Y118.18 E1072.0494
G0 F9000 X60.497 Y118.402
G0 X64.012 Y118.402
G0 X64.012 Y118.181
G1 F3000 X65.149 Y119.317 E1072.10286
G0 F9000 X64.333 Y119.319
G1 F3000 X64.639 Y118.18 E1072.14209
G0 F9000 X64.639 Y118.402
G0 X66.32 Y119.1
G0 X66.32 Y119.318
G1 F3000 X70.565 Y118.181 E1072.28825
G0 F9000 X69.669 Y118.181
G1 F3000 X70.806 Y119.317 E1072.34171
G0 F9000 X70.806 Y119.1
G0 X72.616 Y119.1
G0 X72.616 Y119.319
G1 F3000 X72.921 Y118.181 E1072.38089
G0 F9000 X72.921 Y118.402
G0 X75.326 Y118.402
G0 X75.326 Y118.181
G1 F3000 X76.462 Y119.317 E1072.43433
G0 F9000 X76.757 Y119.318
G1 F3000 X77.062 Y118.181 E1072.47348
G0 F9000 X77.062 Y118.402
G0 X80.983 Y118.402
G0 X80.983 Y118.181
G1 F3000 X82.119 Y119.317 E1072.52692
G0 F9000 X81.775 Y119.318
G1 F3000 X86.019 Y118.181 E1072.67305
G0 F9000 X86.64 Y118.181
G1 F3000 X87.776 Y119.317 E1072.72648
G0 F9000 X87.776 Y119.1
G0 X89.18 Y119.1
G0 X89.18 Y119.319
G1 F3000 X89.485 Y118.181 E1072.76567
G0 F9000 X89.485 Y118.402
G0 X92.297 Y118.402
G0 X92.297 Y118.181
G1 F3000 X93.433 Y119.317 E1072.8191
G1 X93.321 Y119.319
G1 X93.626 Y118.181 E1072.85829
G0 F9000 X93.626 Y118.402
G0 X97.229 Y119.1
G0 X97.229 Y119.318
G1 F3000 X101.474 Y118.181 E1073.00446
G0 F9000 X101.908 Y118.18
G1 F3000 X101.604 Y119.318 E1073.04363
G0 F9000 X101.604 Y119.1
G0 X103.604 Y118.402
G0 X103.604 Y118.175
G1 F3000 X104.747 Y119.317 E1073.09737
G0 F9000 X105.745 Y119.319
G1 F3000 X110.739 Y100.68 E1073.73918
G0 F9000 X110.739 Y100.9
G0 X108.737 Y100.9
G0 X108.737 Y100.68
G1 F3000 X118.819 Y110.762 E1074.2134
G0 F9000 X118.6 Y110.762
G0 X118.6 Y109.392
G0 X118.818 Y109.392
G1 F3000 X104.18 Y113.315 E1074.71744
G0 F9000 X104.179 Y113.093
G1 F3000 X110.404 Y119.317 E1075.01023
G0 F9000 X109.886 Y119.319
G1 F3000 X114.88 Y100.679 E1075.65206
G0 F9000 X114.394 Y100.68
G1 F3000 X118.819 Y105.105 E1075.8602
G1 X118.818 Y105.251
G1 X104.179 Y109.174 E1076.36427
G0 F9000 X104.179 Y109.706
G1 F3000 X106.598 Y100.68 E1076.67507
G0 F9000 X106.598 Y100.9
G0 X104.969 Y100.9
G0 X104.969 Y100.68
G1 F3000 X100.727 Y101.817 E1076.82114
G0 F9000 X100.727 Y101.597
G0 X102.152 Y101.597
G0 X102.152 Y101.817
G1 F3000 X102.457 Y100.68 E1076.8603
G0 F9000 X103.08 Y100.68
G1 F3000 X118.819 Y116.419 E1077.60061
G0 F9000 X118.819 Y116.889
G1 F3000 X118.168 Y119.318 E1077.68425
G0 F9000 X118.168 Y119.1
G0 X118.6 Y117.665
G0 X118.853 Y117.665
G1 F3000 X112.684 Y119.318 E1077.89667
G0 F9000 X112.684 Y119.1
G0 X114.027 Y119.1
G0 X114.027 Y119.319
G1 F3000 X119.021 Y100.68 E1078.53847
G0 F9000 X119.021 Y100.9
G0 X120.051 Y100.9
G0 X120.051 Y100.68
G1 F3000 X121.187 Y101.817 E1078.59193
G0 F9000 X121.187 Y101.597
G0 X120.424 Y100.9
G0 X120.424 Y100.68
G1 F3000 X104.179 Y105.033 E1079.1513
G0 F9000 X104.4 Y105.033
G0 X104.4 Y107.435
G0 X104.178 Y107.435
G1 F3000 X116.06 Y119.317 E1079.7102
G0 F9000 X116.06 Y119.1
G0 X120.582 Y118.402
G0 X120.582 Y118.182
G1 F3000 X121.717 Y119.317 E1079.76358
G0 F9000 X122.309 Y119.318
G1 F3000 X122.614 Y118.18 E1079.80277
G0 F9000 X122.614 Y118.402
G0 X126.239 Y118.402
G0 X126.239 Y118.182
G1 F3000 X127.374 Y119.317 E1079.85616
G0 F9000 X128.139 Y119.318
G1 F3000 X132.382 Y118.181 E1080.00226
G0 F9000 X131.895 Y118.182
G1 F3000 X133.031 Y119.317 E1080.05567
G0 F9000 X133.031 Y119.1
G0 X134.732 Y119.1
G0 X134.732 Y119.319
G1 F3000 X135.037 Y118.18 E1080.09489
G0 F9000 X135.037 Y118.402
G0 X137.552 Y118.402
G0 X137.552 Y118.182
G1 F3000 X138.688 Y119.317 E1080.1483
G1 X138.874 Y119.318
G1 X139.178 Y118.181 E1080.18744
G0 F9000 X139.178 Y118.402
G0 X143.015 Y119.1
G0 X143.015 Y119.318
G1 F3000 X143.32 Y118.18 E1080.22663
G1 X143.209 Y118.182
G1 X144.345 Y119.317 E1080.28004
G0 F9000 X143.593 Y119.318
G1 F3000 X147.838 Y118.181 E1080.4262
G0 F9000 X147.461 Y118.18
G1 F3000 X147.156 Y119.319 E1080.46542
G0 F9000 X147.156 Y119.1
G0 X148.866 Y118.402
G0 X148.866 Y118.182
G1 F3000 X150.002 Y119.317 E1080.51883
G0 F9000 X150.002 Y119.1
G0 X151.297 Y119.1
G0 X151.297 Y119.319
G1 F3000 X151.602 Y118.18 E1080.55805
G0 F9000 X151.602 Y118.402
G0 X154.523 Y118.402
G0 X154.523 Y118.182
G1 F3000 X155.658 Y119.317 E1080.61144
G0 F9000 X155.438 Y119.319
G1 F3000 X155.743 Y118.181 E1080.65062
G0 F9000 X155.743 Y118.402
G0 X159.049 Y119.1
G0 X159.049 Y119.318
G1 F3000 X163.294 Y118.181 E1080.79679
G0 F9000 X164.025 Y118.18
G1 F3000 X163.72 Y119.318 E1080.83598
G0 F9000 X163.72 Y119.1
G0 X165.837 Y118.402
G0 X165.837 Y118.182
G1 F3000 X166.972 Y119.317 E1080.88936
G0 F9000 X167.861 Y119.319
G1 F3000 X168.166 Y118.18 E1080.92858
G0 F9000 X168.166 Y118.402
G0 X171.493 Y118.402
G0 X171.493 Y118.182
G1 F3000 X172.629 Y119.317 E1080.98199
G0 F9000 X172.002 Y119.319
G1 F3000 X172.307 Y118.181 E1081.02118
G0 F9000 X172.307 Y118.402
G0 X174.504 Y119.1
G0 X174.504 Y119.318
G1 F3000 X178.75 Y118.18 E1081.16738
G0 F9000 X178.75 Y118.402
G0 X178.286 Y119.1
G0 X178.286 Y119.317
G1 F3000 X177.15 Y118.182 E1081.22079
G0 F9000 X176.448 Y118.181
G1 F3000 X176.143 Y119.319 E1081.25998
G0 F9000 X176.143 Y119.1
G0 X180.285 Y119.1
G0 X180.285 Y119.318
G1 F3000 X180.589 Y118.181 E1081.29913
G0 F9000 X180.589 Y118.402
G0 X182.581 Y118.33
G0 X182.653 Y117.754
G0 X182.379 Y117.754
G1 F3000 X183.943 Y119.317 E1081.37267
G0 F9000 X184.425 Y119.319
G1 F3000 X189.42 Y100.68 E1082.01448
G0 F9000 X189.42 Y100.9
G0 X187.933 Y100.9
G0 X187.933 Y100.68
G1 F3000 X191.319 Y104.066 E1082.17375
G0 F9000 X191.1 Y104.066
G0 X191.1 Y102.389
G0 X191.318 Y102.389
G1 F3000 X182.432 Y104.77 E1082.47972
G0 F9000 X182.653 Y104.77
G0 X182.653 Y106.493
G0 X182.432 Y106.493
G1 F3000 X191.319 Y115.38 E1082.89774
G0 F9000 X191.318 Y114.813
G1 F3000 X182.433 Y117.194 E1083.20368
G0 F9000 X182.653 Y117.194
G0 X182.653 Y113.053
G0 X182.432 Y113.053
G1 F3000 X191.318 Y110.672 E1083.50966
G0 F9000 X191.319 Y109.723
G1 F3000 X182.276 Y100.68 E1083.93501
G1 X182.243 Y100.68
G1 X178.003 Y101.816 E1084.08101
G0 F9000 X177.756 Y101.817
G1 F3000 X176.619 Y100.68 E1084.13449
G0 F9000 X176.996 Y100.68
G1 F3000 X176.692 Y101.816 E1084.1736
G0 F9000 X176.692 Y101.597
G0 X172.856 Y100.9
G0 X172.856 Y100.68
G1 F3000 X172.551 Y101.816 E1084.21272
G0 F9000 X172.099 Y101.817
G1 F3000 X170.962 Y100.68 E1084.26621
G0 F9000 X170.962 Y100.9
G0 X168.714 Y100.9
G0 X168.714 Y100.68
G1 F3000 X168.41 Y101.817 E1084.30535
G0 F9000 X168.41 Y101.597
G0 X166.442 Y101.597
G0 X166.442 Y101.817
G1 F3000 X165.306 Y100.68 E1084.35881
G0 F9000 X164.573 Y100.68
G1 F3000 X164.269 Y101.816 E1084.39792
G0 F9000 X164.269 Y101.597
G0 X162.548 Y101.597
G0 X162.548 Y101.816
G1 F3000 X166.789 Y100.68 E1084.54395
G0 F9000 X166.789 Y100.9
G0 X160.785 Y101.597
G0 X160.785 Y101.817
G1 F3000 X159.649 Y100.68 E1084.59741
G0 F9000 X160.432 Y100.68
G1 F3000 X160.128 Y101.816 E1084.63652
G0 F9000 X160.128 Y101.597
G0 X156.291 Y100.9
G0 X156.291 Y100.68
G1 F3000 X155.987 Y101.816 E1084.67563
G0 F9000 X155.128 Y101.817
G1 F3000 X153.992 Y100.68 E1084.72909
G0 F9000 X153.992 Y100.9
G0 X152.15 Y100.9
G0 X152.15 Y100.68
G1 F3000 X151.845 Y101.816 E1084.76821
G0 F9000 X151.845 Y101.597
G0 X151.333 Y100.9
G0 X151.333 Y100.68
G1 F3000 X147.094 Y101.816 E1084.91418
G0 F9000 X147.704 Y101.817
G1 F3000 X148.009 Y100.68 E1084.95333
G0 F9000 X148.335 Y100.68
G1 F3000 X149.471 Y101.817 E1085.00679
G0 F9000 X149.471 Y101.597
G0 X143.814 Y101.597
G0 X143.814 Y101.817
G1 F3000 X142.678 Y100.68 E1085.06025
G0 F9000 X142.678 Y100.9
G0 X143.868 Y100.9
G0 X143.868 Y100.68
G1 F3000 X143.563 Y101.816 E1085.09937
G0 F9000 X143.563 Y101.597
G0 X139.727 Y100.9
G0 X139.727 Y100.68
G1 F3000 X139.422 Y101.816 E1085.13849
G0 F9000 X139.422 Y101.597
G0 X138.158 Y101.597
G0 X138.158 Y101.817
G1 F3000 X137.021 Y100.68 E1085.19197
G0 F9000 X137.021 Y100.9
G0 X135.879 Y100.9
G0 X135.879 Y100.68
G1 F3000 X131.638 Y101.816 E1085.338
G0 F9000 X131.14 Y101.816
G1 F3000 X131.444 Y100.68 E1085.37711
G1 X131.364 Y100.68
G1 X132.501 Y101.817 E1085.43059
G0 F9000 X132.501 Y101.597
G0 X135.281 Y101.597
G0 X135.281 Y101.816
G1 F3000 X135.586 Y100.679 E1085.46975
G0 F9000 X135.586 Y100.9
G0 X127.303 Y100.9
G0 X127.303 Y100.68
G1 F3000 X126.999 Y101.817 E1085.50889
G1 X126.844 Y101.817
G1 X125.708 Y100.68 E1085.56235
G0 F9000 X125.708 Y100.9
G0 X123.162 Y100.9
G0 X123.162 Y100.68
G1 F3000 X122.858 Y101.816 E1085.60146
G0 F9000 X122.858 Y101.597
G0 X118.672 Y101.669
G0 X118.6 Y113.534
G0 X118.818 Y113.534
G1 F3000 X104.179 Y117.456 E1086.10553
G0 F9000 X104.4 Y117.456
G0 X104.328 Y118.33
G0 X99.09 Y119.1
G0 X99.09 Y119.317
G1 F3000 X97.954 Y118.181 E1086.15896
G1 X97.767 Y118.181
G1 X97.462 Y119.318 E1086.19812
G0 F9000 X97.462 Y119.1
G0 X85.344 Y118.402
G0 X85.344 Y118.18
G1 F3000 X85.039 Y119.319 E1086.23733
G0 F9000 X85.039 Y119.1
G0 X81.203 Y118.402
G0 X81.203 Y118.18
G1 F3000 X80.898 Y119.318 E1086.27652
G0 F9000 X80.898 Y119.1
G0 X68.78 Y118.402
G0 X68.78 Y118.18
G1 F3000 X68.475 Y119.319 E1086.31574
G1 F2700 E1081.31574
G0 F9000 X68.475 Y119.1
G0 X40.419 Y118.33
G0 X40.419 Y101.669
G0 X69.023 Y101.597
G0 X69.023 Y101.816
G1 F2700 E1086.31574
G1 F3000 X69.328 Y100.68 E1086.35486
G1 X69.139 Y100.68
G1 X70.275 Y101.816 E1086.40829
G0 F9000 X69.818 Y101.817
G1 F3000 X74.059 Y100.68 E1086.55433
G0 F9000 X73.469 Y100.679
G1 F3000 X73.164 Y101.816 E1086.59349
G0 F9000 X73.164 Y101.597
G0 X74.796 Y100.9
G0 X74.796 Y100.68
G1 F3000 X75.931 Y101.816 E1086.6469
G0 F9000 X75.931 Y101.597
G0 X77.306 Y101.597
G0 X77.306 Y101.816
G1 F3000 X77.61 Y100.68 E1086.68601
G0 F9000 X77.61 Y100.9
G0 X80.453 Y100.9
G0 X80.453 Y100.68
G1 F3000 X81.588 Y101.816 E1086.73942
G1 X81.446 Y101.817
G1 X81.751 Y100.68 E1086.77857
G0 F9000 X81.751 Y100.9
G0 X85.272 Y101.597
G0 X85.272 Y101.817
G1 F3000 X89.515 Y100.68 E1086.92467
G0 F9000 X90.033 Y100.68
G1 F3000 X89.729 Y101.816 E1086.96379
G0 F9000 X89.729 Y101.597
G0 X91.766 Y100.9
G0 X91.766 Y100.68
G1 F3000 X92.902 Y101.816 E1087.01722
G0 F9000 X93.87 Y101.816
G1 F3000 X94.175 Y100.679 E1087.05638
G0 F9000 X94.175 Y100.9
G0 X97.423 Y100.9
G0 X97.423 Y100.68
G1 F3000 X98.559 Y101.816 E1087.10981
G0 F9000 X98.011 Y101.817
G1 F3000 X98.315 Y100.68 E1087.14895
G0 F9000 X98.315 Y100.9
G0 X87.245 Y101.597
G0 X87.245 Y101.816
G1 F3000 X86.11 Y100.68 E1087.20236
G0 F9000 X85.892 Y100.68
G1 F3000 X85.588 Y101.817 E1087.24151
G0 F9000 X85.588 Y101.597
G0 X65.187 Y100.9
G0 X65.187 Y100.68
G1 F3000 X64.882 Y101.817 E1087.28066
G0 F9000 X64.618 Y101.816
G1 F3000 X63.482 Y100.68 E1087.3341
G0 F9000 X63.482 Y100.9
G0 X61.046 Y100.9
G0 X61.046 Y100.68
G1 F3000 X60.741 Y101.816 E1087.37322
G0 F9000 X60.741 Y101.597
G0 X58.961 Y101.597
G0 X58.961 Y101.816
G1 F3000 X57.825 Y100.68 E1087.42665
G0 F9000 X58.604 Y100.68
G1 F3000 X54.363 Y101.817 E1087.57269
G0 F9000 X54.363 Y101.597
G0 X53.304 Y101.597
G0 X53.304 Y101.816
G1 F3000 X52.168 Y100.68 E1087.62612
G0 F9000 X52.764 Y100.679
G1 F3000 X52.459 Y101.816 E1087.66528
G0 F9000 X52.459 Y101.597
G0 X48.622 Y100.9
G0 X48.622 Y100.68
G1 F3000 X48.318 Y101.816 E1087.70439
G0 F9000 X47.647 Y101.816
G1 F3000 X46.512 Y100.68 E1087.7578
G0 F9000 X46.512 Y100.9
G0 X44.481 Y100.9
G0 X44.481 Y100.68
G1 F3000 X44.177 Y101.816 E1087.79692
G0 F9000 X44.177 Y101.597
G0 X40.419 Y101.669
G0 X40.347 Y105.513
G0 X40.566 Y105.513
G1 F3000 X28.681 Y108.698 E1088.20616
G0 F9000 X28.9 Y108.698
G0 X28.9 Y111.133
G0 X28.68 Y111.133
G1 F3000 X36.865 Y119.317 E1088.59113
G0 F9000 X36.865 Y119.1
G0 X31.208 Y119.1
G0 X31.208 Y119.317
G1 F3000 X28.68 Y116.79 E1088.71002
G0 F9000 X28.9 Y116.79
G0 X28.9 Y113.287
G0 X28.68 Y113.287
G1 F3000 X32.058 Y100.679 E1089.14415
G0 F9000 X32.058 Y100.9
G0 X29.541 Y100.9
G0 X29.541 Y100.68
G1 F3000 X40.566 Y111.705 E1089.66274
G0 F9000 X40.347 Y111.705
G0 X40.347 Y109.655
G0 X40.566 Y109.655
G1 F3000 X28.681 Y112.839 E1090.07197
G0 F9000 X28.9 Y112.839
G0 X31.205 Y119.1
G0 X31.205 Y119.319
G1 F3000 X36.199 Y100.679 E1090.71381
G0 F9000 X36.199 Y100.9
G0 X35.198 Y100.9
G0 X35.198 Y100.68
G1 F3000 X40.566 Y106.049 E1090.96632
G0 F9000 X40.347 Y106.049
G0 X40.419 Y101.669
G0 X56.6 Y101.597
G0 X56.6 Y101.816
G1 F3000 X56.905 Y100.679 E1091.00548
G1 F2700 E1086.00548
G0 F9000 X56.905 Y100.9
G0 X104.328 Y101.669
G0 X118.672 Y118.33
G0 X126.45 Y119.1
G0 X126.45 Y119.319
G1 F2700 E1091.00548
G1 F3000 X126.755 Y118.18 E1091.0447
G0 F9000 X126.755 Y118.402
G0 X130.591 Y119.1
G0 X130.591 Y119.319
G1 F3000 X130.896 Y118.18 E1091.08391
G0 F9000 X130.896 Y118.402
G0 X159.579 Y119.1
G0 X159.579 Y119.318
G1 F3000 X159.884 Y118.181 E1091.12307
G0 F9000 X160.18 Y118.182
G1 F3000 X161.315 Y119.317 E1091.17645
G0 F9000 X161.315 Y119.1
G0 X182.581 Y118.33
G0 X182.653 Y112.149
G0 X182.432 Y112.149
G1 F3000 X189.6 Y119.317 E1091.51362
G0 F9000 X189.958 Y119.318
G1 F3000 X191.318 Y118.954 E1091.56044
G0 F9000 X191.1 Y118.954
G0 X188.567 Y119.1
G0 X188.567 Y119.319
G1 F3000 X191.319 Y109.047 E1091.91414
G0 F9000 X191.1 Y109.047
G0 X191.1 Y106.531
G0 X191.318 Y106.531
G1 F3000 X182.432 Y108.912 E1092.22011
G0 F9000 X182.653 Y108.912
G0 X182.653 Y111.302
G0 X182.432 Y111.302
G1 F3000 X185.279 Y100.68 E1092.58587
G0 F9000 X185.279 Y100.9
G0 X181.138 Y100.9
G0 X181.138 Y100.68
G1 F3000 X180.833 Y101.816 E1092.62499
G0 F9000 X180.833 Y101.297
G1 F2700 E1087.62499
;MESH:NONMESH
G0 F300 X180.833 Y101.297 Z2.6
G0 F9000 X118.672 Y101.669
G0 X104.328 Y118.33
G0 X28.87 Y119.13
G0 X28.601 Y119.399
;TIME_ELAPSED:1715.663988
;LAYER:12
;TYPE:WALL-INNER
;MESH:Display 2x7219 mask .stl
G1 F2700 E1092.62499
G1 F1500 X191.4 Y119.399 E1098.03971
G1 X191.4 Y100.601 E1098.66494
G1 X28.601 Y100.601 E1104.07965
G1 X28.601 Y119.399 E1104.70488
G1 F2700 E1099.70488
G0 F9000 X28.87 Y119.13
G0 X103.86 Y118.402
G0 X103.86 Y117.983
G1 F2700 E1104.70488
G1 F1500 X103.586 Y118.102 E1104.71481
G1 X41.247 Y118.102 E1106.78822
G1 X40.886 Y117.983 E1106.80086
G1 X40.692 Y117.733 E1106.81138
G1 X40.647 Y117.502 E1106.81921
G1 X40.647 Y102.497 E1107.31828
G1 X40.693 Y102.265 E1107.32614
G1 X40.887 Y102.016 E1107.33664
G1 X41.161 Y101.897 E1107.34658
G1 X103.5 Y101.897 E1109.41998
G1 X103.861 Y102.016 E1109.43263
G1 X104.055 Y102.266 E1109.44315
G1 X104.1 Y102.497 E1109.45098
G1 X104.1 Y117.502 E1109.95005
G1 X104.054 Y117.734 E1109.95791
G1 X103.86 Y117.983 E1109.96841
G0 F9000 X103.86 Y118.402
G0 X119.139 Y118.402
G0 X119.139 Y117.983
G1 F1500 X118.945 Y117.733 E1109.97894
G1 X118.9 Y117.502 E1109.98676
G1 X118.9 Y102.497 E1110.48583
G1 X118.946 Y102.265 E1110.4937
G1 X119.14 Y102.016 E1110.5042
G1 X119.414 Y101.897 E1110.51413
G1 X181.753 Y101.897 E1112.58754
G1 X182.114 Y102.016 E1112.60018
G1 X182.308 Y102.266 E1112.6107
G1 X182.353 Y102.497 E1112.61853
G1 X182.353 Y117.502 E1113.1176
G1 X182.307 Y117.734 E1113.12547
G1 X182.113 Y117.983 E1113.13596
G1 X181.839 Y118.102 E1113.1459
G1 X119.5 Y118.102 E1115.2193
G1 X119.139 Y117.983 E1115.23195
G0 F9000 X119.379 Y117.663
;TYPE:WALL-OUTER
G1 F1500 X119.3 Y117.559 E1115.23629
G1 X119.3 Y102.438 E1115.73922
G1 X119.38 Y102.336 E1115.74353
G1 X119.465 Y102.299 E1115.74661
G1 X181.753 Y102.297 E1117.81832
G1 X181.874 Y102.336 E1117.82255
G1 X181.953 Y102.44 E1117.82689
G1 X181.953 Y117.561 E1118.32982
G1 X181.873 Y117.663 E1118.33413
G1 X181.788 Y117.7 E1118.33721
G1 X119.5 Y117.702 E1120.40892
G1 X119.379 Y117.663 E1120.41315
G1 F2700 E1115.41315
G0 F9000 X119.379 Y118.402
G0 X103.62 Y118.402
G0 X103.62 Y117.663
G1 F2700 E1120.41315
G1 F1500 X103.535 Y117.7 E1120.41623
G1 X41.247 Y117.702 E1122.48794
G1 X41.126 Y117.663 E1122.49217
G1 X41.047 Y117.559 E1122.49651
G1 X41.047 Y102.438 E1122.99944
G1 X41.127 Y102.336 E1123.00375
G1 X41.212 Y102.299 E1123.00683
G1 X103.5 Y102.297 E1125.07854
G1 X103.621 Y102.336 E1125.08277
G1 X103.7 Y102.44 E1125.08711
G1 X103.7 Y117.561 E1125.59004
G1 X103.62 Y117.663 E1125.59435
G1 F2700 E1120.59435
G0 F9000 X103.62 Y118.402
G0 X28.47 Y119.53
G0 X28.201 Y119.799
G1 F2700 E1125.59435
G1 F1500 X191.8 Y119.799 E1131.03567
G1 X191.8 Y100.201 E1131.68751
G1 X28.201 Y100.201 E1137.12883
G1 X28.201 Y119.799 E1137.78066
G0 F9000 X28.47 Y119.53
G0 X28.9 Y117.126
G0 X28.681 Y117.126
;TYPE:FILL
G1 F3000 X40.566 Y113.942 E1138.1899
G0 F9000 X40.566 Y114.746
G1 F3000 X39.341 Y119.319 E1138.34736
G0 F9000 X39.341 Y119.1
G0 X40.819 Y118.402
G0 X40.819 Y118.015
G1 F3000 X35.956 Y119.318 E1138.51481
G0 F9000 X35.2 Y119.319
G1 F3000 X40.194 Y100.679 E1139.15664
G0 F9000 X41.054 Y100.68
G1 F3000 X42.19 Y101.816 E1139.21008
G0 F9000 X42.19 Y101.597
G0 X44.031 Y101.597
G0 X44.031 Y101.816
G1 F3000 X44.335 Y100.68 E1139.24919
G0 F9000 X43.694 Y100.68
G1 F3000 X28.68 Y104.703 E1139.76618
G0 F9000 X28.68 Y105.277
G1 F3000 X40.566 Y117.163 E1140.32526
G0 F9000 X40.347 Y117.163
G0 X40.419 Y118.33
G0 X41.584 Y118.402
G0 X41.584 Y118.181
G1 F3000 X42.721 Y119.317 E1140.37871
G0 F9000 X43.482 Y119.318
G1 F3000 X43.787 Y118.18 E1140.4179
G0 F9000 X43.787 Y118.402
G0 X47.241 Y118.402
G0 X47.241 Y118.181
G1 F3000 X48.378 Y119.317 E1140.47136
G0 F9000 X47.623 Y119.319
G1 F3000 X47.928 Y118.18 E1140.51058
G0 F9000 X47.928 Y118.402
G0 X51.41 Y119.1
G0 X51.41 Y119.318
G1 F3000 X55.654 Y118.181 E1140.65671
G0 F9000 X56.21 Y118.181
G1 F3000 X55.905 Y119.319 E1140.6959
G0 F9000 X55.905 Y119.1
G0 X54.034 Y119.1
G0 X54.034 Y119.317
G1 F3000 X52.898 Y118.181 E1140.74933
G0 F9000 X52.069 Y118.18
G1 F3000 X51.764 Y119.319 E1140.78855
G0 F9000 X51.764 Y119.1
G0 X58.555 Y118.402
G0 X58.555 Y118.181
G1 F3000 X59.691 Y119.317 E1140.84198
G0 F9000 X60.047 Y119.319
G1 F3000 X60.351 Y118.181 E1140.88116
G0 F9000 X60.351 Y118.402
G0 X64.212 Y118.402
G0 X64.212 Y118.181
G1 F3000 X65.348 Y119.317 E1140.93459
G0 F9000 X65.348 Y119.1
G0 X64.188 Y119.1
G0 X64.188 Y119.318
G1 F3000 X64.493 Y118.18 E1140.97378
G0 F9000 X64.493 Y118.402
G0 X66.865 Y119.1
G0 X66.865 Y119.318
G1 F3000 X71.109 Y118.181 E1141.11991
G0 F9000 X71.109 Y118.402
G0 X71.005 Y119.1
G0 X71.005 Y119.317
G1 F3000 X69.869 Y118.181 E1141.17335
G0 F9000 X69.869 Y118.402
G0 X68.634 Y118.402
G0 X68.634 Y118.18
G1 F3000 X68.329 Y119.319 E1141.21256
G0 F9000 X68.329 Y119.1
G0 X72.47 Y119.1
G0 X72.47 Y119.319
G1 F3000 X72.775 Y118.18 E1141.25178
G0 F9000 X72.775 Y118.402
G0 X75.526 Y118.402
G0 X75.526 Y118.181
G1 F3000 X76.662 Y119.317 E1141.30522
G1 X76.611 Y119.319
G1 X76.916 Y118.181 E1141.3444
G0 F9000 X76.916 Y118.402
G0 X80.752 Y119.1
G0 X80.752 Y119.318
G1 F3000 X81.057 Y118.181 E1141.38356
G1 X81.182 Y118.181
G1 X82.319 Y119.317 E1141.43701
G1 X82.319 Y119.318
G1 X86.564 Y118.181 E1141.58318
G0 F9000 X86.839 Y118.181
G1 F3000 X87.976 Y119.317 E1141.63664
G0 F9000 X87.976 Y119.1
G0 X89.034 Y119.1
G0 X89.034 Y119.319
G1 F3000 X89.339 Y118.18 E1141.67585
G0 F9000 X89.339 Y118.402
G0 X92.496 Y118.402
G0 X92.496 Y118.181
G1 F3000 X93.632 Y119.317 E1141.72929
G0 F9000 X93.175 Y119.319
G1 F3000 X93.48 Y118.18 E1141.76851
G0 F9000 X93.48 Y118.402
G0 X97.316 Y119.1
G0 X97.316 Y119.319
G1 F3000 X97.621 Y118.181 E1141.80769
G0 F9000 X98.153 Y118.181
G1 F3000 X99.289 Y119.317 E1141.86113
G0 F9000 X99.289 Y119.1
G0 X97.774 Y119.1
G0 X97.774 Y119.318
G1 F3000 X102.018 Y118.181 E1142.00726
G0 F9000 X101.762 Y118.181
G1 F3000 X101.458 Y119.318 E1142.04641
G0 F9000 X101.458 Y119.1
G0 X103.743 Y118.402
G0 X103.743 Y118.114
G1 F3000 X104.946 Y119.317 E1142.10299
G0 F9000 X105.599 Y119.318
G1 F3000 X110.593 Y100.68 E1142.74476
G0 F9000 X110.593 Y100.9
G0 X108.936 Y100.9
G0 X108.936 Y100.68
G1 F3000 X118.819 Y110.563 E1143.20963
G0 F9000 X118.6 Y110.563
G0 X118.6 Y109.538
G0 X118.818 Y109.538
G1 F3000 X104.179 Y113.461 E1143.7137
G0 F9000 X104.179 Y112.893
G1 F3000 X110.603 Y119.317 E1144.01587
G0 F9000 X109.74 Y119.319
G1 F3000 X114.734 Y100.68 E1144.65767
G1 X114.593 Y100.68
G1 X118.819 Y104.906 E1144.85645
G0 F9000 X118.818 Y105.397
G1 F3000 X104.18 Y109.32 E1145.36049
G1 X104.179 Y109.162
G1 X106.452 Y100.68 E1145.65256
G0 F9000 X105.514 Y100.68
G1 F3000 X101.272 Y101.816 E1145.79862
G0 F9000 X102.006 Y101.817
G1 F3000 X102.311 Y100.68 E1145.83777
G0 F9000 X103.28 Y100.68
G1 F3000 X118.819 Y116.22 E1146.5687
G1 X118.819 Y116.345
G1 X118.022 Y119.319 E1146.67111
G0 F9000 X118.022 Y119.1
G0 X118.6 Y117.798
G0 X118.903 Y117.798
G1 F3000 X113.229 Y119.318 E1146.86648
G0 F9000 X113.881 Y119.319
G1 F3000 X118.875 Y100.679 E1147.50831
G0 F9000 X118.875 Y100.9
G0 X120.25 Y100.9
G0 X120.25 Y100.68
G1 F3000 X121.386 Y101.817 E1147.56177
G0 F9000 X121.386 Y101.597
G0 X120.968 Y100.9
G0 X120.968 Y100.68
G1 F3000 X104.179 Y105.179 E1148.13988
G0 F9000 X104.4 Y105.179
G0 X104.4 Y107.236
G0 X104.178 Y107.236
G1 F3000 X116.26 Y119.317 E1148.70815
G0 F9000 X116.26 Y119.1
G0 X120.781 Y118.402
G0 X120.781 Y118.182
G1 F3000 X121.917 Y119.317 E1148.76157
G0 F9000 X122.163 Y119.318
G1 F3000 X122.468 Y118.18 E1148.80075
G0 F9000 X122.468 Y118.402
G0 X126.438 Y118.402
G0 X126.438 Y118.182
G1 F3000 X127.574 Y119.317 E1148.85416
G0 F9000 X127.574 Y119.1
G0 X128.684 Y119.1
G0 X128.684 Y119.318
G1 F3000 X132.928 Y118.181 E1149.0003
G0 F9000 X132.095 Y118.182
G1 F3000 X133.23 Y119.317 E1149.05368
G0 F9000 X133.23 Y119.1
G0 X134.586 Y119.1
G0 X134.586 Y119.319
G1 F3000 X134.891 Y118.18 E1149.0929
G0 F9000 X134.891 Y118.402
G0 X137.752 Y118.402
G0 X137.752 Y118.182
G1 F3000 X138.887 Y119.317 E1149.14629
G1 X138.727 Y119.319
G1 X139.033 Y118.18 E1149.18551
G0 F9000 X139.033 Y118.402
G0 X142.869 Y119.1
G0 X142.869 Y119.318
G1 F3000 X143.174 Y118.181 E1149.22467
G0 F9000 X143.409 Y118.182
G1 F3000 X144.544 Y119.317 E1149.27805
G0 F9000 X144.139 Y119.318
G1 F3000 X148.383 Y118.181 E1149.42419
G0 F9000 X149.065 Y118.182
G1 F3000 X150.201 Y119.317 E1149.4776
G0 F9000 X151.151 Y119.319
G1 F3000 X151.456 Y118.18 E1149.51682
G0 F9000 X151.456 Y118.402
G0 X154.722 Y118.402
G0 X154.722 Y118.182
G1 F3000 X155.858 Y119.317 E1149.57023
G0 F9000 X155.292 Y119.319
G1 F3000 X155.597 Y118.18 E1149.60945
G0 F9000 X155.597 Y118.402
G0 X159.433 Y119.1
G0 X159.433 Y119.319
G1 F3000 X159.738 Y118.181 E1149.64863
G0 F9000 X160.379 Y118.182
G1 F3000 X161.515 Y119.317 E1149.70204
G0 F9000 X161.515 Y119.1
G0 X159.593 Y119.1
G0 X159.593 Y119.318
G1 F3000 X163.839 Y118.181 E1149.84824
G1 X163.879 Y118.181
G1 X163.574 Y119.318 E1149.88739
G0 F9000 X163.574 Y119.1
G0 X166.036 Y118.402
G0 X166.036 Y118.182
G1 F3000 X167.172 Y119.317 E1149.9408
G0 F9000 X167.715 Y119.318
G1 F3000 X168.02 Y118.18 E1149.97999
G0 F9000 X168.02 Y118.402
G0 X171.693 Y118.402
G0 X171.693 Y118.182
G1 F3000 X172.828 Y119.317 E1150.03338
G0 F9000 X171.856 Y119.319
G1 F3000 X172.161 Y118.18 E1150.0726
G0 F9000 X172.161 Y118.402
G0 X175.048 Y119.1
G0 X175.048 Y119.318
G1 F3000 X179.294 Y118.181 E1150.21879
G0 F9000 X179.294 Y118.402
G0 X180.443 Y118.402
G0 X180.443 Y118.181
G1 F3000 X180.139 Y119.319 E1150.25797
G0 F9000 X180.139 Y119.1
G0 X178.485 Y119.1
G0 X178.485 Y119.317
G1 F3000 X177.35 Y118.182 E1150.31136
G0 F9000 X177.35 Y118.402
G0 X176.302 Y118.402
G0 X176.302 Y118.181
G1 F3000 X175.997 Y119.319 E1150.35054
G0 F9000 X175.997 Y119.1
G0 X182.581 Y118.33
G0 X182.653 Y117.587
G0 X182.412 Y117.587
G1 F3000 X184.142 Y119.317 E1150.43192
G1 X184.28 Y119.318
G1 X189.274 Y100.68 E1151.07369
G0 F9000 X189.274 Y100.9
G0 X188.132 Y100.9
G0 X188.132 Y100.68
G1 F3000 X191.319 Y103.866 E1151.22357
G0 F9000 X191.1 Y103.866
G0 X191.1 Y102.536
G0 X191.318 Y102.536
G1 F3000 X182.432 Y104.916 E1151.52954
G0 F9000 X182.653 Y104.916
G0 X182.653 Y106.293
G0 X182.432 Y106.293
G1 F3000 X191.319 Y115.18 E1151.94755
G0 F9000 X191.318 Y114.959
G1 F3000 X182.433 Y117.34 E1152.2535
G0 F9000 X182.653 Y117.34
G0 X182.653 Y113.198
G0 X182.433 Y113.198
G1 F3000 X191.318 Y110.818 E1152.55943
G0 F9000 X191.1 Y110.818
G0 X191.1 Y109.523
G0 X191.319 Y109.523
G1 F3000 X182.475 Y100.68 E1152.9754
G0 F9000 X182.788 Y100.68
G1 F3000 X178.547 Y101.816 E1153.12143
G0 F9000 X177.955 Y101.817
G1 F3000 X176.819 Y100.68 E1153.17489
G1 X176.851 Y100.68
G1 X176.546 Y101.816 E1153.21401
G0 F9000 X176.546 Y101.597
G0 X172.709 Y100.9
G0 X172.709 Y100.68
G1 F3000 X172.405 Y101.816 E1153.25312
G1 X172.298 Y101.817
G1 X171.162 Y100.68 E1153.30658
G0 F9000 X171.162 Y100.9
G0 X168.568 Y100.9
G0 X168.568 Y100.68
G1 F3000 X168.264 Y101.816 E1153.3457
G0 F9000 X168.264 Y101.597
G0 X167.333 Y100.9
G0 X167.333 Y100.68
G1 F3000 X163.093 Y101.816 E1153.49169
G0 F9000 X163.093 Y101.597
G0 X164.123 Y101.597
G0 X164.123 Y101.816
G1 F3000 X164.427 Y100.68 E1153.5308
G0 F9000 X164.427 Y100.9
G0 X165.505 Y100.9
G0 X165.505 Y100.68
G1 F3000 X166.641 Y101.817 E1153.58426
G0 F9000 X166.641 Y101.597
G0 X160.984 Y101.597
G0 X160.984 Y101.817
G1 F3000 X159.848 Y100.68 E1153.63772
G0 F9000 X160.286 Y100.679
G1 F3000 X159.982 Y101.816 E1153.67687
G0 F9000 X159.982 Y101.597
G0 X156.145 Y100.9
G0 X156.145 Y100.68
G1 F3000 X155.84 Y101.816 E1153.71599
G0 F9000 X155.328 Y101.817
G1 F3000 X154.191 Y100.68 E1153.76947
G0 F9000 X154.191 Y100.9
G0 X152.004 Y100.9
G0 X152.004 Y100.68
G1 F3000 X151.699 Y101.817 E1153.80862
G0 F9000 X151.699 Y101.597
G0 X151.879 Y100.9
G0 X151.879 Y100.68
G1 F3000 X147.638 Y101.816 E1153.95465
G1 X147.558 Y101.816
G1 X147.863 Y100.68 E1153.99377
G0 F9000 X148.534 Y100.68
G1 F3000 X149.671 Y101.817 E1154.04725
G0 F9000 X149.671 Y101.597
G0 X144.014 Y101.597
G0 X144.014 Y101.817
G1 F3000 X142.877 Y100.68 E1154.10073
G0 F9000 X143.722 Y100.68
G1 F3000 X143.417 Y101.816 E1154.13986
G0 F9000 X143.417 Y101.597
G0 X139.581 Y100.9
G0 X139.581 Y100.679
G1 F3000 X139.276 Y101.816 E1154.17901
G0 F9000 X138.357 Y101.817
G1 F3000 X137.221 Y100.68 E1154.23247
G0 F9000 X136.424 Y100.68
G1 F3000 X132.184 Y101.816 E1154.37846
G0 F9000 X132.7 Y101.817
G1 F3000 X131.564 Y100.68 E1154.43192
G0 F9000 X131.298 Y100.68
G1 F3000 X130.994 Y101.817 E1154.47107
G0 F9000 X130.994 Y101.597
G0 X127.043 Y101.597
G0 X127.043 Y101.817
G1 F3000 X125.907 Y100.68 E1154.52452
G0 F9000 X125.907 Y100.9
G0 X127.157 Y100.9
G0 X127.157 Y100.68
G1 F3000 X126.853 Y101.816 E1154.56364
G0 F9000 X126.853 Y101.597
G0 X123.016 Y100.9
G0 X123.016 Y100.68
G1 F3000 X122.712 Y101.816 E1154.60275
G0 F9000 X122.712 Y101.597
G0 X135.135 Y101.597
G0 X135.135 Y101.816
G1 F3000 X135.44 Y100.68 E1154.64187
G1 F2700 E1149.64187
G0 F9000 X135.44 Y100.9
G0 X118.672 Y101.669
G0 X118.672 Y118.33
G0 X130.75 Y118.402
G0 X130.75 Y118.18
G1 F2700 E1154.64187
G1 F3000 X130.445 Y119.319 E1154.68109
G0 F9000 X130.445 Y119.1
G0 X126.609 Y118.402
G0 X126.609 Y118.18
G1 F3000 X126.304 Y119.318 E1154.72028
G0 F9000 X126.304 Y119.1
G0 X118.672 Y118.33
G0 X118.6 Y113.68
G0 X118.818 Y113.68
G1 F3000 X104.156 Y117.608 E1155.22513
G0 F9000 X104.4 Y117.608
G0 X104.328 Y101.669
G0 X98.758 Y101.597
G0 X98.758 Y101.816
G1 F3000 X97.623 Y100.68 E1155.27854
G0 F9000 X98.17 Y100.679
G1 F3000 X97.865 Y101.816 E1155.3177
G0 F9000 X97.865 Y101.597
G0 X94.029 Y100.9
G0 X94.029 Y100.68
G1 F3000 X93.724 Y101.816 E1155.35682
G0 F9000 X93.101 Y101.816
G1 F3000 X91.966 Y100.68 E1155.41023
G0 F9000 X91.966 Y100.9
G0 X90.059 Y100.9
G0 X90.059 Y100.68
G1 F3000 X85.818 Y101.816 E1155.55626
G0 F9000 X85.442 Y101.817
G1 F3000 X85.746 Y100.68 E1155.5954
G0 F9000 X86.309 Y100.68
G1 F3000 X87.445 Y101.816 E1155.64884
G0 F9000 X87.445 Y101.597
G0 X89.583 Y101.597
G0 X89.583 Y101.817
G1 F3000 X89.887 Y100.68 E1155.68798
G0 F9000 X89.887 Y100.9
G0 X81.788 Y101.597
G0 X81.788 Y101.816
G1 F3000 X80.652 Y100.68 E1155.74142
G0 F9000 X81.605 Y100.679
G1 F3000 X81.301 Y101.816 E1155.78056
G0 F9000 X81.301 Y101.597
G0 X77.464 Y100.9
G0 X77.464 Y100.679
G1 F3000 X77.16 Y101.816 E1155.81971
G0 F9000 X77.16 Y101.597
G0 X76.131 Y101.597
G0 X76.131 Y101.816
G1 F3000 X74.995 Y100.68 E1155.87314
G0 F9000 X74.605 Y100.68
G1 F3000 X70.363 Y101.816 E1156.0192
G1 X70.474 Y101.816
G1 X69.338 Y100.68 E1156.07264
G1 X69.182 Y100.68
G1 X68.877 Y101.817 E1156.11179
G0 F9000 X68.877 Y101.597
G0 X65.041 Y100.9
G0 X65.041 Y100.68
G1 F3000 X64.736 Y101.816 E1156.15091
G1 X64.817 Y101.816
G1 X63.682 Y100.68 E1156.20432
G0 F9000 X63.682 Y100.9
G0 X60.9 Y100.9
G0 X60.9 Y100.679
G1 F3000 X60.595 Y101.816 E1156.24347
G0 F9000 X60.595 Y101.597
G0 X59.16 Y101.597
G0 X59.16 Y101.816
G1 F3000 X58.025 Y100.68 E1156.29689
G0 F9000 X58.025 Y100.9
G0 X59.149 Y100.9
G0 X59.149 Y100.68
G1 F3000 X54.909 Y101.816 E1156.44288
G0 F9000 X54.909 Y101.597
G0 X53.503 Y101.597
G0 X53.503 Y101.816
G1 F3000 X52.368 Y100.68 E1156.49629
G0 F9000 X52.617 Y100.68
G1 F3000 X52.313 Y101.817 E1156.53544
G0 F9000 X52.313 Y101.597
G0 X48.476 Y100.9
G0 X48.476 Y100.68
G1 F3000 X48.172 Y101.816 E1156.57455
G0 F9000 X47.847 Y101.816
G1 F3000 X46.711 Y100.68 E1156.62798
G0 F9000 X46.711 Y100.9
G0 X40.419 Y101.669
G0 X40.347 Y105.66
G0 X40.566 Y105.66
G1 F3000 X28.681 Y108.844 E1157.03722
G0 F9000 X28.9 Y108.844
G0 X28.9 Y110.934
G0 X28.68 Y110.934
G1 F3000 X37.064 Y119.317 E1157.43155
G0 F9000 X37.064 Y119.1
G0 X31.407 Y119.1
G0 X31.407 Y119.317
G1 F3000 X28.68 Y116.591 E1157.5598
G0 F9000 X28.9 Y116.591
G0 X28.9 Y112.985
G0 X28.681 Y112.985
G1 F3000 X40.565 Y109.801 E1157.96901
G0 F9000 X40.347 Y109.801
G0 X40.347 Y111.506
G0 X40.566 Y111.506
G1 F3000 X29.74 Y100.68 E1158.47823
G0 F9000 X29.74 Y100.9
G0 X31.912 Y100.9
G0 X31.912 Y100.68
G1 F3000 X28.68 Y112.742 E1158.89356
G0 F9000 X28.9 Y112.742
G0 X31.059 Y119.1
G0 X31.059 Y119.319
G1 F3000 X36.053 Y100.679 E1159.5354
G0 F9000 X35.397 Y100.68
G1 F3000 X40.566 Y105.849 E1159.77853
G0 F9000 X40.347 Y105.849
G0 X40.419 Y101.669
G0 X56.454 Y101.597
G0 X56.454 Y101.816
G1 F3000 X56.759 Y100.679 E1159.81768
G0 F9000 X56.759 Y100.9
G0 X73.018 Y101.597
G0 X73.018 Y101.817
G1 F3000 X73.323 Y100.68 E1159.85684
G1 F2700 E1154.85684
G0 F9000 X73.323 Y100.9
G0 X104.328 Y101.669
G0 X104.328 Y118.33
G0 X85.198 Y118.402
G0 X85.198 Y118.18
G1 F2700 E1159.85684
G1 F3000 X84.893 Y119.318 E1159.89602
G1 F2700 E1154.89602
G0 F9000 X84.893 Y119.1
G0 X147.01 Y119.1
G0 X147.01 Y119.318
G1 F2700 E1159.89602
G1 F3000 X147.315 Y118.18 E1159.93521
G1 F2700 E1154.93521
G0 F9000 X147.315 Y118.402
G0 X182.581 Y118.33
G0 X182.653 Y111.95
G0 X182.432 Y111.95
G1 F2700 E1159.93521
G1 F3000 X189.799 Y119.317 E1160.28173
G0 F9000 X190.503 Y119.318
G1 F3000 X191.318 Y119.1 E1160.30979
G0 F9000 X191.1 Y119.1
G0 X188.421 Y119.1
G0 X188.421 Y119.318
G1 F3000 X191.319 Y108.503 E1160.68219
G0 F9000 X191.1 Y108.503
G0 X191.1 Y106.676
G0 X191.319 Y106.676
G1 F3000 X182.433 Y109.057 E1160.98817
G0 F9000 X182.653 Y109.057
G0 X182.653 Y110.757
G0 X182.433 Y110.757
G1 F3000 X185.133 Y100.68 E1161.33515
G0 F9000 X185.133 Y100.9
G0 X180.992 Y100.9
G0 X180.992 Y100.68
G1 F3000 X180.687 Y101.816 E1161.37427
G0 F9000 X180.687 Y101.297
G1 F2700 E1156.37427
;MESH:NONMESH
G0 F300 X180.687 Y101.297 Z2.8
G0 F9000 X118.672 Y101.669
G0 X104.328 Y118.33
G0 X28.87 Y119.13
G0 X28.601 Y119.399
;TIME_ELAPSED:1825.385411
;LAYER:13
;TYPE:WALL-INNER
;MESH:Display 2x7219 mask .stl
G1 F2700 E1161.37427
G1 F1500 X191.4 Y119.399 E1166.78899
G1 X191.4 Y100.601 E1167.41421
G1 X28.601 Y100.601 E1172.82893
G1 X28.601 Y119.399 E1173.45415
G1 F2700 E1168.45415
G0 F9000 X28.87 Y119.13
G0 X103.86 Y118.402
G0 X103.86 Y117.983
G1 F2700 E1173.45415
G1 F1500 X103.586 Y118.102 E1173.46409
G1 X41.247 Y118.102 E1175.53749
G1 X40.886 Y117.983 E1175.55013
G1 X40.692 Y117.733 E1175.56066
G1 X40.647 Y117.502 E1175.56849
G1 X40.647 Y102.497 E1176.06756
G1 X40.693 Y102.265 E1176.07542
G1 X40.887 Y102.016 E1176.08592
G1 X41.161 Y101.897 E1176.09586
G1 X103.5 Y101.897 E1178.16926
G1 X103.861 Y102.016 E1178.1819
G1 X104.055 Y102.266 E1178.19243
G1 X104.1 Y102.497 E1178.20026
G1 X104.1 Y117.502 E1178.69932
G1 X104.054 Y117.734 E1178.70719
G1 X103.86 Y117.983 E1178.71769
G0 F9000 X103.86 Y118.402
G0 X119.139 Y118.402
G0 X119.139 Y117.983
G1 F1500 X118.945 Y117.733 E1178.72821
G1 X118.9 Y117.502 E1178.73604
G1 X118.9 Y102.497 E1179.23511
G1 X118.946 Y102.265 E1179.24298
G1 X119.14 Y102.016 E1179.25347
G1 X119.414 Y101.897 E1179.26341
G1 X181.753 Y101.897 E1181.33681
G1 X182.114 Y102.016 E1181.34946
G1 X182.308 Y102.266 E1181.35998
G1 X182.353 Y102.497 E1181.36781
G1 X182.353 Y117.502 E1181.86688
G1 X182.307 Y117.734 E1181.87474
G1 X182.113 Y117.983 E1181.88524
G1 X181.839 Y118.102 E1181.89518
G1 X119.5 Y118.102 E1183.96858
G1 X119.139 Y117.983 E1183.98122
G0 F9000 X119.379 Y117.663
;TYPE:WALL-OUTER
G1 F1500 X119.3 Y117.559 E1183.98557
G1 X119.3 Y102.438 E1184.48849
G1 X119.38 Y102.336 E1184.49281
G1 X119.465 Y102.299 E1184.49589
G1 X181.753 Y102.297 E1186.5676
G1 X181.874 Y102.336 E1186.57182
G1 X181.953 Y102.44 E1186.57617
G1 X181.953 Y117.561 E1187.0791
G1 X181.873 Y117.663 E1187.08341
G1 X181.788 Y117.7 E1187.08649
G1 X119.5 Y117.702 E1189.1582
G1 X119.379 Y117.663 E1189.16243
G1 F2700 E1184.16243
G0 F9000 X119.379 Y118.402
G0 X103.62 Y118.402
G0 X103.62 Y117.663
G1 F2700 E1189.16243
G1 F1500 X103.535 Y117.7 E1189.16551
G1 X41.247 Y117.702 E1191.23722
G1 X41.126 Y117.663 E1191.24144
G1 X41.047 Y117.559 E1191.24579
G1 X41.047 Y102.438 E1191.74871
G1 X41.127 Y102.336 E1191.75303
G1 X41.212 Y102.299 E1191.75611
G1 X103.5 Y102.297 E1193.82782
G1 X103.621 Y102.336 E1193.83205
G1 X103.7 Y102.44 E1193.83639
G1 X103.7 Y117.561 E1194.33932
G1 X103.62 Y117.663 E1194.34363
G1 F2700 E1189.34363
G0 F9000 X103.62 Y118.402
G0 X28.47 Y119.53
G0 X28.201 Y119.799
G1 F2700 E1194.34363
G1 F1500 X191.8 Y119.799 E1199.78495
G1 X191.8 Y100.201 E1200.43678
G1 X28.201 Y100.201 E1205.87811
G1 X28.201 Y119.799 E1206.52994
G0 F9000 X28.47 Y119.53
G0 X28.9 Y117.272
G0 X28.681 Y117.272
;TYPE:FILL
G1 F3000 X40.566 Y114.088 E1206.93918
G1 X40.566 Y114.201
G1 X39.195 Y119.319 E1207.1154
G0 F9000 X39.195 Y119.1
G0 X37.263 Y119.1
G0 X37.263 Y119.317
G1 F3000 X28.68 Y110.735 E1207.5191
G0 F9000 X28.9 Y110.735
G0 X28.9 Y112.197
G0 X28.68 Y112.197
G1 F3000 X31.766 Y100.68 E1207.91567
G0 F9000 X31.766 Y100.9
G0 X29.94 Y100.9
G0 X29.94 Y100.68
G1 F3000 X40.566 Y111.307 E1208.41551
G0 F9000 X40.347 Y111.307
G0 X40.347 Y109.946
G0 X40.566 Y109.946
G1 F3000 X28.68 Y113.131 E1208.82478
G0 F9000 X28.9 Y113.131
G0 X28.9 Y116.391
G0 X28.68 Y116.391
G1 F3000 X31.606 Y119.317 E1208.96241
G0 F9000 X30.913 Y119.319
G1 F3000 X35.907 Y100.68 E1209.60422
G0 F9000 X35.597 Y100.68
G1 F3000 X40.566 Y105.65 E1209.83797
G1 X40.565 Y105.806
G1 X28.681 Y108.99 E1210.24717
G0 F9000 X28.9 Y108.99
G0 X28.9 Y105.078
G0 X28.68 Y105.078
G1 F3000 X40.566 Y116.963 E1210.80623
G0 F9000 X40.347 Y116.963
G0 X40.419 Y118.33
G0 X41.033 Y118.402
G0 X41.033 Y118.103
G1 F3000 X36.5 Y119.318 E1210.96232
G0 F9000 X36.5 Y119.1
G0 X35.054 Y119.1
G0 X35.054 Y119.319
G1 F3000 X40.048 Y100.679 E1211.60415
G0 F9000 X40.048 Y100.9
G0 X41.254 Y100.9
G0 X41.254 Y100.68
G1 F3000 X42.389 Y101.816 E1211.65756
G0 F9000 X42.389 Y101.597
G0 X43.885 Y101.597
G0 X43.885 Y101.816
G1 F3000 X44.189 Y100.679 E1211.69671
G1 X44.239 Y100.68
G1 X28.681 Y104.849 E1212.23243
G0 F9000 X28.9 Y104.849
G0 X28.87 Y100.87
G0 X28.68 Y100.708
G1 F3000 X28.784 Y100.68 E1212.23601
G0 F9000 X28.87 Y100.87
G0 X46.91 Y100.9
G0 X46.91 Y100.68
G1 F3000 X48.046 Y101.816 E1212.28944
G1 X48.026 Y101.816
G1 X48.33 Y100.68 E1212.32855
G0 F9000 X48.33 Y100.9
G0 X52.167 Y101.597
G0 X52.167 Y101.816
G1 F3000 X52.471 Y100.68 E1212.36767
G1 X52.567 Y100.68
G1 X53.703 Y101.816 E1212.4211
G0 F9000 X53.703 Y101.597
G0 X55.453 Y101.597
G0 X55.453 Y101.816
G1 F3000 X59.695 Y100.68 E1212.56716
G0 F9000 X59.695 Y100.9
G0 X60.754 Y100.9
G0 X60.754 Y100.679
G1 F3000 X60.449 Y101.816 E1212.60632
G0 F9000 X60.449 Y101.597
G0 X59.36 Y101.597
G0 X59.36 Y101.816
G1 F3000 X58.224 Y100.68 E1212.65975
G0 F9000 X58.224 Y100.9
G0 X56.613 Y100.9
G0 X56.613 Y100.68
G1 F3000 X56.308 Y101.817 E1212.6989
G0 F9000 X56.308 Y101.597
G0 X63.881 Y100.9
G0 X63.881 Y100.68
G1 F3000 X65.017 Y101.816 E1212.75234
G0 F9000 X64.59 Y101.816
G1 F3000 X64.895 Y100.679 E1212.79149
G0 F9000 X64.895 Y100.9
G0 X68.731 Y101.597
G0 X68.731 Y101.816
G1 F3000 X69.036 Y100.68 E1212.83061
G0 F9000 X69.538 Y100.68
G1 F3000 X70.673 Y101.816 E1212.88402
G0 F9000 X70.908 Y101.816
G1 F3000 X75.149 Y100.68 E1213.03005
G1 X75.195 Y100.68
G1 X76.33 Y101.816 E1213.08346
G0 F9000 X77.014 Y101.817
G1 F3000 X77.318 Y100.68 E1213.12261
G0 F9000 X77.318 Y100.9
G0 X80.852 Y100.9
G0 X80.852 Y100.68
G1 F3000 X81.987 Y101.816 E1213.17602
G0 F9000 X81.155 Y101.816
G1 F3000 X81.459 Y100.679 E1213.21516
G0 F9000 X81.459 Y100.9
G0 X85.296 Y101.597
G0 X85.296 Y101.816
G1 F3000 X85.6 Y100.679 E1213.25431
G0 F9000 X86.508 Y100.68
G1 F3000 X87.644 Y101.816 E1213.30774
G0 F9000 X87.644 Y101.597
G0 X86.362 Y101.597
G0 X86.362 Y101.816
G1 F3000 X90.604 Y100.68 E1213.4538
G0 F9000 X89.741 Y100.68
G1 F3000 X89.437 Y101.817 E1213.49295
G0 F9000 X89.437 Y101.597
G0 X92.165 Y100.9
G0 X92.165 Y100.68
G1 F3000 X93.301 Y101.816 E1213.54638
G0 F9000 X93.578 Y101.817
G1 F3000 X93.883 Y100.68 E1213.58554
G0 F9000 X93.883 Y100.9
G0 X97.822 Y100.9
G0 X97.822 Y100.68
G1 F3000 X98.958 Y101.816 E1213.63897
G0 F9000 X98.958 Y101.597
G0 X97.719 Y101.597
G0 X97.719 Y101.817
G1 F3000 X98.024 Y100.68 E1213.67812
G0 F9000 X98.024 Y100.9
G0 X101.817 Y101.597
G0 X101.817 Y101.817
G1 F3000 X106.058 Y100.68 E1213.82416
G0 F9000 X106.306 Y100.68
G1 F3000 X104.179 Y108.616 E1214.09743
G0 F9000 X104.179 Y109.466
G1 F3000 X118.818 Y105.543 E1214.60151
G0 F9000 X118.819 Y104.706
G1 F3000 X114.793 Y100.68 E1214.79088
G0 F9000 X114.588 Y100.68
G1 F3000 X109.594 Y119.318 E1215.43265
G0 F9000 X109.594 Y119.1
G0 X110.802 Y119.1
G0 X110.802 Y119.317
G1 F3000 X104.179 Y112.694 E1215.74417
G0 F9000 X104.179 Y113.607
G1 F3000 X118.818 Y109.685 E1216.24824
G0 F9000 X118.819 Y110.363
G1 F3000 X109.136 Y100.68 E1216.7037
G0 F9000 X109.136 Y100.9
G0 X110.447 Y100.9
G0 X110.447 Y100.68
G1 F3000 X105.453 Y119.318 E1217.34547
G0 F9000 X105.146 Y119.317
G1 F3000 X103.881 Y118.053 E1217.40495
G0 F9000 X104.122 Y117.763
G1 F3000 X118.818 Y113.825 E1217.91098
G0 F9000 X118.6 Y113.825
G0 X118.6 Y115.8
G0 X118.819 Y115.8
G1 F3000 X117.876 Y119.319 E1218.03215
G0 F9000 X117.876 Y119.1
G0 X116.459 Y119.1
G0 X116.459 Y119.317
G1 F3000 X104.178 Y107.036 E1218.60981
G0 F9000 X104.4 Y107.036
G0 X104.4 Y105.325
G0 X104.179 Y105.325
G1 F3000 X121.514 Y100.68 E1219.20672
G0 F9000 X121.514 Y100.9
G0 X120.449 Y100.9
G0 X120.449 Y100.68
G1 F3000 X121.586 Y101.817 E1219.2602
G0 F9000 X122.566 Y101.816
G1 F3000 X122.87 Y100.679 E1219.29934
G0 F9000 X122.87 Y100.9
G0 X126.106 Y100.9
G0 X126.106 Y100.68
G1 F3000 X127.243 Y101.817 E1219.35282
G0 F9000 X126.707 Y101.816
G1 F3000 X127.011 Y100.68 E1219.39194
G0 F9000 X127.011 Y100.9
G0 X130.848 Y101.597
G0 X130.848 Y101.816
G1 F3000 X131.152 Y100.68 E1219.43105
G0 F9000 X131.763 Y100.68
G1 F3000 X132.9 Y101.817 E1219.48453
G1 X132.728 Y101.816
G1 X136.969 Y100.68 E1219.63056
G0 F9000 X137.42 Y100.68
G1 F3000 X138.556 Y101.817 E1219.68402
G0 F9000 X139.13 Y101.816
G1 F3000 X139.435 Y100.68 E1219.72314
G0 F9000 X139.435 Y100.9
G0 X143.077 Y100.9
G0 X143.077 Y100.68
G1 F3000 X144.213 Y101.817 E1219.7766
G0 F9000 X143.271 Y101.816
G1 F3000 X143.576 Y100.679 E1219.81575
G0 F9000 X143.576 Y100.9
G0 X147.412 Y101.597
G0 X147.412 Y101.816
G1 F3000 X147.717 Y100.68 E1219.85487
G0 F9000 X147.717 Y100.9
G0 X148.734 Y100.9
G0 X148.734 Y100.68
G1 F3000 X149.87 Y101.817 E1219.90833
G0 F9000 X149.87 Y101.597
G0 X151.554 Y101.597
G0 X151.554 Y101.816
G1 F3000 X151.858 Y100.68 E1219.94744
G0 F9000 X152.423 Y100.68
G1 F3000 X148.183 Y101.816 E1220.09344
G0 F9000 X148.183 Y101.597
G0 X154.391 Y100.9
G0 X154.391 Y100.68
G1 F3000 X155.527 Y101.817 E1220.1469
G1 X155.694 Y101.817
G1 X155.999 Y100.68 E1220.18605
G0 F9000 X155.999 Y100.9
G0 X159.836 Y101.597
G0 X159.836 Y101.816
G1 F3000 X160.14 Y100.68 E1220.22516
G1 X160.047 Y100.68
G1 X161.184 Y101.817 E1220.27865
G0 F9000 X161.184 Y101.597
G0 X163.637 Y101.597
G0 X163.637 Y101.816
G1 F3000 X167.878 Y100.68 E1220.42467
G0 F9000 X168.422 Y100.68
G1 F3000 X168.118 Y101.816 E1220.46379
G0 F9000 X168.118 Y101.597
G0 X166.841 Y101.597
G0 X166.841 Y101.817
G1 F3000 X165.704 Y100.68 E1220.51727
G0 F9000 X165.704 Y100.9
G0 X164.281 Y100.9
G0 X164.281 Y100.679
G1 F3000 X163.977 Y101.816 E1220.55641
G0 F9000 X163.977 Y101.597
G0 X171.361 Y100.9
G0 X171.361 Y100.68
G1 F3000 X172.497 Y101.817 E1220.60987
G0 F9000 X172.259 Y101.816
G1 F3000 X172.563 Y100.68 E1220.64898
G0 F9000 X172.563 Y100.9
G0 X176.4 Y101.597
G0 X176.4 Y101.816
G1 F3000 X176.705 Y100.68 E1220.68811
G0 F9000 X177.018 Y100.68
G1 F3000 X178.154 Y101.817 E1220.74156
G0 F9000 X179.093 Y101.816
G1 F3000 X183.332 Y100.68 E1220.88753
G0 F9000 X182.675 Y100.68
G1 F3000 X191.319 Y109.324 E1221.29411
G0 F9000 X191.1 Y109.324
G0 X191.1 Y107.957
G0 X191.319 Y107.957
G1 F3000 X188.275 Y119.318 E1221.68531
G0 F9000 X188.275 Y119.1
G0 X189.998 Y119.1
G0 X189.998 Y119.317
G1 F3000 X182.432 Y111.751 E1222.04119
G0 F9000 X182.653 Y111.751
G0 X182.653 Y110.212
G0 X182.433 Y110.212
G1 F3000 X184.987 Y100.68 E1222.36941
G0 F9000 X184.987 Y100.9
G0 X188.332 Y100.9
G0 X188.332 Y100.68
G1 F3000 X191.319 Y103.667 E1222.50991
G0 F9000 X191.319 Y102.681
G1 F3000 X182.433 Y105.062 E1222.81589
G0 F9000 X182.653 Y105.062
G0 X182.653 Y106.094
G0 X182.432 Y106.094
G1 F3000 X191.319 Y114.981 E1223.2339
G1 X191.318 Y115.105
G1 X182.432 Y117.486 E1223.53988
G1 X182.432 Y117.408
G1 X184.342 Y119.317 E1223.6297
G0 F9000 X184.134 Y119.319
G1 F3000 X189.128 Y100.68 E1224.2715
G0 F9000 X189.128 Y100.9
G0 X191.1 Y106.822
G0 X191.318 Y106.822
G1 F3000 X182.433 Y109.203 E1224.57744
G0 F9000 X182.653 Y109.203
G0 X182.653 Y113.344
G0 X182.433 Y113.344
G1 F3000 X191.318 Y110.964 E1224.88338
G0 F9000 X191.1 Y110.964
G0 X191.13 Y119.13
G0 X191.318 Y119.246
G1 F3000 X191.047 Y119.318 E1224.8927
G0 F9000 X191.047 Y119.1
G0 X180.297 Y118.402
G0 X180.297 Y118.181
G1 F3000 X179.992 Y119.319 E1224.93189
G0 F9000 X179.992 Y119.1
G0 X179.839 Y118.402
G0 X179.839 Y118.181
G1 F3000 X175.593 Y119.318 E1225.07809
G0 F9000 X175.851 Y119.319
G1 F3000 X176.156 Y118.18 E1225.1173
G0 F9000 X176.156 Y118.402
G0 X177.549 Y118.402
G0 X177.549 Y118.182
G1 F3000 X178.685 Y119.317 E1225.17071
G0 F9000 X178.685 Y119.1
G0 X173.028 Y119.1
G0 X173.028 Y119.317
G1 F3000 X171.892 Y118.182 E1225.22413
G1 X172.015 Y118.18
G1 X171.71 Y119.318 E1225.26331
G0 F9000 X171.71 Y119.1
G0 X167.874 Y118.402
G0 X167.874 Y118.181
G1 F3000 X167.569 Y119.318 E1225.30246
G1 X167.371 Y119.317
G1 X166.235 Y118.182 E1225.35588
G0 F9000 X166.235 Y118.402
G0 X164.383 Y118.402
G0 X164.383 Y118.181
G1 F3000 X160.138 Y119.318 E1225.50204
G0 F9000 X159.287 Y119.319
G1 F3000 X159.592 Y118.18 E1225.54126
G0 F9000 X160.579 Y118.182
G1 F3000 X161.714 Y119.317 E1225.59465
G0 F9000 X161.714 Y119.1
G0 X163.428 Y119.1
G0 X163.428 Y119.319
G1 F3000 X163.733 Y118.181 E1225.63383
G0 F9000 X163.733 Y118.402
G0 X156.057 Y119.1
G0 X156.057 Y119.317
G1 F3000 X154.922 Y118.182 E1225.68722
G0 F9000 X155.451 Y118.18
G1 F3000 X155.146 Y119.319 E1225.72644
G0 F9000 X155.146 Y119.1
G0 X151.31 Y118.402
G0 X151.31 Y118.18
G1 F3000 X151.005 Y119.318 E1225.76562
G0 F9000 X150.4 Y119.317
G1 F3000 X149.265 Y118.182 E1225.81901
G0 F9000 X148.928 Y118.181
G1 F3000 X144.683 Y119.318 E1225.96518
G1 X144.744 Y119.317
G1 X143.608 Y118.182 E1226.01859
G0 F9000 X143.028 Y118.18
G1 F3000 X142.723 Y119.319 E1226.0578
G0 F9000 X142.723 Y119.1
G0 X139.087 Y119.1
G0 X139.087 Y119.317
G1 F3000 X137.951 Y118.182 E1226.11121
G0 F9000 X138.887 Y118.18
G1 F3000 X138.581 Y119.319 E1226.15044
G0 F9000 X138.581 Y119.1
G0 X134.745 Y118.402
G0 X134.745 Y118.18
G1 F3000 X134.44 Y119.319 E1226.18966
G0 F9000 X134.44 Y119.1
G0 X133.43 Y119.1
G0 X133.43 Y119.317
G1 F3000 X132.294 Y118.182 E1226.24307
G0 F9000 X132.294 Y118.402
G0 X133.472 Y118.402
G0 X133.472 Y118.181
G1 F3000 X129.229 Y119.318 E1226.38917
G0 F9000 X129.229 Y119.1
G0 X130.299 Y119.1
G0 X130.299 Y119.318
G1 F3000 X130.604 Y118.18 E1226.42836
G0 F9000 X130.604 Y118.402
G0 X127.773 Y119.1
G0 X127.773 Y119.317
G1 F3000 X126.637 Y118.182 E1226.48177
G1 X126.463 Y118.18
G1 X126.158 Y119.318 E1226.52095
G0 F9000 X126.158 Y119.1
G0 X122.322 Y118.402
G0 X122.322 Y118.18
G1 F3000 X122.017 Y119.319 E1226.56017
G1 X122.116 Y119.317
G1 X120.981 Y118.182 E1226.61356
G0 F9000 X120.981 Y118.402
G0 X118.672 Y118.33
G0 X118.6 Y117.919
G0 X118.997 Y117.919
G1 F3000 X113.774 Y119.318 E1226.7934
G1 X113.735 Y119.319
G1 X118.729 Y100.68 E1227.4352
G0 F9000 X118.729 Y100.9
G0 X103.479 Y100.9
G0 X103.479 Y100.68
G1 F3000 X118.819 Y116.02 E1228.15675
G0 F9000 X118.6 Y116.02
G0 X104.328 Y118.33
G0 X102.564 Y118.402
G0 X102.564 Y118.181
G1 F3000 X98.32 Y119.318 E1228.30288
G0 F9000 X98.32 Y119.1
G0 X98.352 Y118.402
G0 X98.352 Y118.181
G1 F3000 X99.489 Y119.317 E1228.35634
G0 F9000 X99.489 Y119.1
G0 X101.312 Y119.1
G0 X101.312 Y119.319
G1 F3000 X101.616 Y118.181 E1228.39552
G0 F9000 X101.616 Y118.402
G0 X97.476 Y118.402
G0 X97.476 Y118.18
G1 F3000 X97.17 Y119.319 E1228.43474
G0 F9000 X97.17 Y119.1
G0 X93.832 Y119.1
G0 X93.832 Y119.317
G1 F3000 X92.696 Y118.181 E1228.48818
G0 F9000 X93.334 Y118.18
G1 F3000 X93.029 Y119.319 E1228.5274
G0 F9000 X93.029 Y119.1
G0 X89.193 Y118.402
G0 X89.193 Y118.18
G1 F3000 X88.888 Y119.318 E1228.56658
G0 F9000 X88.175 Y119.317
G1 F3000 X87.039 Y118.181 E1228.62002
G1 X87.109 Y118.181
G1 X82.864 Y119.318 E1228.76618
G0 F9000 X82.518 Y119.317
G1 F3000 X81.382 Y118.181 E1228.81962
G0 F9000 X80.911 Y118.181
G1 F3000 X80.606 Y119.319 E1228.8588
G0 F9000 X80.606 Y119.1
G0 X76.861 Y119.1
G0 X76.861 Y119.317
G1 F3000 X75.725 Y118.181 E1228.91224
G0 F9000 X75.725 Y118.402
G0 X76.77 Y118.402
G0 X76.77 Y118.18
G1 F3000 X76.465 Y119.319 E1228.95145
G0 F9000 X76.465 Y119.1
G0 X72.629 Y118.402
G0 X72.629 Y118.18
G1 F3000 X72.324 Y119.319 E1228.99067
G0 F9000 X72.324 Y119.1
G0 X71.204 Y119.1
G0 X71.204 Y119.317
G1 F3000 X70.068 Y118.181 E1229.04411
G0 F9000 X70.068 Y118.402
G0 X68.488 Y118.402
G0 X68.488 Y118.18
G1 F3000 X68.183 Y119.318 E1229.08329
G0 F9000 X67.409 Y119.318
G1 F3000 X71.655 Y118.181 E1229.22949
G0 F9000 X71.655 Y118.402
G0 X65.548 Y119.1
G0 X65.548 Y119.317
G1 F3000 X64.411 Y118.181 E1229.28295
G1 X64.347 Y118.181
G1 X64.042 Y119.319 E1229.32213
G0 F9000 X64.042 Y119.1
G0 X60.205 Y118.402
G0 X60.205 Y118.181
G1 F3000 X59.9 Y119.319 E1229.36132
G1 X59.891 Y119.317
G1 X58.754 Y118.181 E1229.41478
G0 F9000 X58.754 Y118.402
G0 X56.2 Y118.402
G0 X56.2 Y118.181
G1 F3000 X51.955 Y119.318 E1229.56094
G0 F9000 X51.618 Y119.319
G1 F3000 X51.923 Y118.18 E1229.60016
G0 F9000 X51.923 Y118.402
G0 X53.098 Y118.402
G0 X53.098 Y118.181
G1 F3000 X54.234 Y119.317 E1229.65359
G0 F9000 X54.234 Y119.1
G0 X55.759 Y119.1
G0 X55.759 Y119.319
G1 F3000 X56.064 Y118.18 E1229.69281
G0 F9000 X56.064 Y118.402
G0 X48.577 Y119.1
G0 X48.577 Y119.317
G1 F3000 X47.441 Y118.181 E1229.74625
G0 F9000 X47.782 Y118.18
G1 F3000 X47.477 Y119.318 E1229.78543
G0 F9000 X47.477 Y119.1
G0 X43.641 Y118.402
G0 X43.641 Y118.181
G1 F3000 X43.336 Y119.319 E1229.82462
G0 F9000 X42.92 Y119.317
G1 F3000 X41.784 Y118.181 E1229.87805
G1 F2700 E1224.87805
G0 F9000 X41.784 Y118.402
G0 X40.419 Y118.33
G0 X40.419 Y101.669
G0 X72.872 Y101.597
G0 X72.872 Y101.817
G1 F2700 E1229.87805
G1 F3000 X73.177 Y100.68 E1229.91721
G1 F2700 E1224.91721
G0 F9000 X73.177 Y100.9
G0 X104.328 Y101.669
G0 X104.328 Y118.33
G0 X85.052 Y118.402
G0 X85.052 Y118.181
G1 F2700 E1229.91721
G1 F3000 X84.747 Y119.319 E1229.95639
G1 F2700 E1224.95639
G0 F9000 X84.747 Y119.1
G0 X104.328 Y118.33
G0 X104.328 Y101.669
G0 X101.86 Y101.597
G0 X101.86 Y101.817
G1 F2700 E1229.95639
G1 F3000 X102.165 Y100.679 E1229.99558
G1 F2700 E1224.99558
G0 F9000 X102.165 Y100.9
G0 X134.989 Y101.597
G0 X134.989 Y101.817
G1 F2700 E1229.99558
G1 F3000 X135.294 Y100.68 E1230.03473
G1 F2700 E1225.03473
G0 F9000 X135.294 Y100.9
G0 X118.672 Y101.669
G0 X118.672 Y118.33
G0 X147.169 Y118.402
G0 X147.169 Y118.181
G1 F2700 E1230.03473
G1 F3000 X146.864 Y119.318 E1230.07389
G1 F2700 E1225.07389
G0 F9000 X146.864 Y119.1
G0 X182.581 Y118.33
G0 X182.581 Y101.669
G0 X180.541 Y101.597
G0 X180.541 Y101.816
G1 F2700 E1230.07389
G1 F3000 X180.846 Y100.68 E1230.11301
G0 F9000 X180.846 Y101.2
G1 F2700 E1225.11301
;MESH:NONMESH
G0 F300 X180.846 Y101.2 Z3
G0 F9000 X118.672 Y101.669
G0 X104.328 Y118.33
G0 X28.87 Y119.13
G0 X28.601 Y119.399
;TIME_ELAPSED:1936.760199
;LAYER:14
;TYPE:WALL-INNER
;MESH:Display 2x7219 mask .stl
G1 F2700 E1230.11301
G1 F1500 X191.4 Y119.399 E1235.52772
G1 X191.4 Y100.601 E1236.15295
G1 X28.601 Y100.601 E1241.56766
G1 X28.601 Y119.399 E1242.19289
G1 F2700 E1237.19289
G0 F9000 X28.87 Y119.13
G0 X103.86 Y118.402
G0 X103.86 Y117.983
G1 F2700 E1242.19289
G1 F1500 X103.586 Y118.102 E1242.20282
G1 X41.247 Y118.102 E1244.27623
G1 X40.886 Y117.983 E1244.28887
G1 X40.692 Y117.733 E1244.29939
G1 X40.647 Y117.502 E1244.30722
G1 X40.647 Y102.497 E1244.80629
G1 X40.693 Y102.265 E1244.81416
G1 X40.887 Y102.016 E1244.82466
G1 X41.161 Y101.897 E1244.83459
G1 X103.5 Y101.897 E1246.908
G1 X103.861 Y102.016 E1246.92064
G1 X104.055 Y102.266 E1246.93116
G1 X104.1 Y102.497 E1246.93899
G1 X104.1 Y117.502 E1247.43806
G1 X104.054 Y117.734 E1247.44592
G1 X103.86 Y117.983 E1247.45642
G0 F9000 X103.86 Y118.402
G0 X119.139 Y118.402
G0 X119.139 Y117.983
G1 F1500 X118.945 Y117.733 E1247.46695
G1 X118.9 Y117.502 E1247.47478
G1 X118.9 Y102.497 E1247.97384
G1 X118.946 Y102.265 E1247.98171
G1 X119.14 Y102.016 E1247.99221
G1 X119.414 Y101.897 E1248.00215
G1 X181.753 Y101.897 E1250.07555
G1 X182.114 Y102.016 E1250.08819
G1 X182.308 Y102.266 E1250.09872
G1 X182.353 Y102.497 E1250.10654
G1 X182.353 Y117.502 E1250.60561
G1 X182.307 Y117.734 E1250.61348
G1 X182.113 Y117.983 E1250.62398
G1 X181.839 Y118.102 E1250.63391
G1 X119.5 Y118.102 E1252.70732
G1 X119.139 Y117.983 E1252.71996
G0 F9000 X119.379 Y117.663
;TYPE:WALL-OUTER
G1 F1500 X119.3 Y117.559 E1252.7243
G1 X119.3 Y102.438 E1253.22723
G1 X119.38 Y102.336 E1253.23154
G1 X119.465 Y102.299 E1253.23462
G1 X181.753 Y102.297 E1255.30633
G1 X181.874 Y102.336 E1255.31056
G1 X181.953 Y102.44 E1255.3149
G1 X181.953 Y117.561 E1255.81783
G1 X181.873 Y117.663 E1255.82214
G1 X181.788 Y117.7 E1255.82522
G1 X119.5 Y117.702 E1257.89693
G1 X119.379 Y117.663 E1257.90116
G1 F2700 E1252.90116
G0 F9000 X119.379 Y118.402
G0 X103.62 Y118.402
G0 X103.62 Y117.663
G1 F2700 E1257.90116
G1 F1500 X103.535 Y117.7 E1257.90424
G1 X41.247 Y117.702 E1259.97595
G1 X41.126 Y117.663 E1259.98018
G1 X41.047 Y117.559 E1259.98452
G1 X41.047 Y102.438 E1260.48745
G1 X41.127 Y102.336 E1260.49176
G1 X41.212 Y102.299 E1260.49484
G1 X103.5 Y102.297 E1262.56655
G1 X103.621 Y102.336 E1262.57078
G1 X103.7 Y102.44 E1262.57512
G1 X103.7 Y117.561 E1263.07805
G1 X103.62 Y117.663 E1263.08236
G1 F2700 E1258.08236
G0 F9000 X103.62 Y118.402
G0 X28.47 Y119.53
G0 X28.201 Y119.799
G1 F2700 E1263.08236
G1 F1500 X191.8 Y119.799 E1268.52369
G1 X191.8 Y100.201 E1269.17552
G1 X28.201 Y100.201 E1274.61684
G1 X28.201 Y119.799 E1275.26868
G0 F9000 X28.47 Y119.53
G0 X28.9 Y117.419
G0 X28.681 Y117.419
;TYPE:FILL
G1 F3000 X40.566 Y114.235 E1275.67791
G0 F9000 X40.566 Y113.653
G1 F3000 X39.048 Y119.319 E1275.87301
G0 F9000 X39.048 Y119.1
G0 X37.464 Y119.1
G0 X37.464 Y119.317
G1 F3000 X28.68 Y110.534 E1276.28616
G0 F9000 X28.9 Y110.534
G0 X28.9 Y111.649
G0 X28.68 Y111.649
G1 F3000 X31.619 Y100.68 E1276.66386
G0 F9000 X31.619 Y100.9
G0 X30.141 Y100.9
G0 X30.141 Y100.68
G1 F3000 X40.566 Y111.106 E1277.15424
G0 F9000 X40.347 Y111.106
G0 X40.347 Y110.094
G0 X40.565 Y110.094
G1 F3000 X28.68 Y113.278 E1277.56348
G0 F9000 X28.9 Y113.278
G0 X28.9 Y116.191
G0 X28.68 Y116.191
G1 F3000 X31.807 Y119.317 E1277.71054
G0 F9000 X31.807 Y119.1
G0 X30.766 Y119.1
G0 X30.766 Y119.319
G1 F3000 X35.76 Y100.68 E1278.35234
G1 X35.797 Y100.68
G1 X40.566 Y105.449 E1278.57666
G0 F9000 X40.565 Y105.953
G1 F3000 X28.681 Y109.137 E1278.98586
G0 F9000 X28.9 Y109.137
G0 X28.9 Y104.996
G0 X28.681 Y104.996
G1 F3000 X44.788 Y100.68 E1279.54049
G0 F9000 X44.042 Y100.679
G1 F3000 X43.738 Y101.816 E1279.57963
G0 F9000 X43.738 Y101.597
G0 X42.59 Y101.597
G0 X42.59 Y101.816
G1 F3000 X41.454 Y100.68 E1279.63306
G0 F9000 X41.454 Y100.9
G0 X39.901 Y100.9
G0 X39.901 Y100.679
G1 F3000 X34.907 Y119.319 E1280.2749
G0 F9000 X34.907 Y119.1
G0 X37.049 Y119.1
G0 X37.049 Y119.318
G1 F3000 X41.294 Y118.181 E1280.42106
G0 F9000 X41.985 Y118.181
G1 F3000 X43.121 Y119.317 E1280.4745
G1 X43.189 Y119.318
G1 X43.494 Y118.181 E1280.51365
G0 F9000 X43.494 Y118.402
G0 X40.419 Y118.33
G0 X40.347 Y116.763
G0 X40.566 Y116.763
G1 F3000 X28.68 Y104.877 E1281.07273
G0 F9000 X28.9 Y104.877
G0 X28.9 Y100.855
G0 X28.68 Y100.855
G1 F3000 X29.333 Y100.68 E1281.09522
G0 F9000 X29.333 Y100.9
G0 X47.111 Y100.9
G0 X47.111 Y100.68
G1 F3000 X48.247 Y101.816 E1281.14865
G0 F9000 X47.879 Y101.816
G1 F3000 X48.183 Y100.68 E1281.18777
G0 F9000 X48.183 Y100.9
G0 X52.02 Y101.597
G0 X52.02 Y101.816
G1 F3000 X52.324 Y100.68 E1281.22688
G0 F9000 X52.768 Y100.68
G1 F3000 X53.904 Y101.816 E1281.28031
G0 F9000 X53.904 Y101.597
G0 X56.002 Y101.597
G0 X56.002 Y101.816
G1 F3000 X60.243 Y100.68 E1281.42634
G0 F9000 X60.607 Y100.679
G1 F3000 X60.302 Y101.816 E1281.4655
G0 F9000 X59.561 Y101.816
G1 F3000 X58.425 Y100.68 E1281.51893
G0 F9000 X58.425 Y100.9
G0 X56.466 Y100.9
G0 X56.466 Y100.68
G1 F3000 X56.161 Y101.816 E1281.55805
G0 F9000 X56.161 Y101.597
G0 X64.082 Y100.9
G0 X64.082 Y100.68
G1 F3000 X65.217 Y101.816 E1281.61146
G0 F9000 X64.443 Y101.816
G1 F3000 X64.748 Y100.679 E1281.65061
G0 F9000 X64.748 Y100.9
G0 X68.584 Y101.597
G0 X68.584 Y101.816
G1 F3000 X68.889 Y100.68 E1281.68974
G0 F9000 X69.739 Y100.68
G1 F3000 X70.874 Y101.816 E1281.74315
G0 F9000 X71.456 Y101.816
G1 F3000 X75.698 Y100.68 E1281.88921
G0 F9000 X75.395 Y100.68
G1 F3000 X76.531 Y101.816 E1281.94264
G0 F9000 X76.867 Y101.816
G1 F3000 X77.171 Y100.68 E1281.98175
G0 F9000 X77.171 Y100.9
G0 X81.052 Y100.9
G0 X81.052 Y100.68
G1 F3000 X82.188 Y101.816 E1282.03519
G0 F9000 X82.188 Y101.597
G0 X81.008 Y101.597
G0 X81.008 Y101.816
G1 F3000 X81.312 Y100.679 E1282.07433
G0 F9000 X81.312 Y100.9
G0 X85.149 Y101.597
G0 X85.149 Y101.817
G1 F3000 X85.453 Y100.68 E1282.11348
G0 F9000 X85.453 Y100.9
G0 X86.709 Y100.9
G0 X86.709 Y100.68
G1 F3000 X87.845 Y101.816 E1282.16691
G0 F9000 X86.911 Y101.816
G1 F3000 X91.152 Y100.68 E1282.31294
G0 F9000 X91.152 Y100.9
G0 X92.366 Y100.9
G0 X92.366 Y100.68
G1 F3000 X93.502 Y101.816 E1282.36638
G1 X93.431 Y101.817
G1 X93.736 Y100.68 E1282.40553
G0 F9000 X93.736 Y100.9
G0 X97.572 Y101.597
G0 X97.572 Y101.816
G1 F3000 X97.877 Y100.68 E1282.44465
G1 X98.023 Y100.68
G1 X99.158 Y101.816 E1282.49806
G0 F9000 X99.158 Y101.597
G0 X101.713 Y101.597
G0 X101.713 Y101.817
G1 F3000 X102.018 Y100.679 E1282.53725
G0 F9000 X102.018 Y100.9
G0 X102.366 Y101.597
G0 X102.366 Y101.817
G1 F3000 X106.607 Y100.68 E1282.68329
G0 F9000 X106.159 Y100.68
G1 F3000 X104.179 Y108.068 E1282.93768
G0 F9000 X104.4 Y108.068
G0 X104.4 Y106.836
G0 X104.178 Y106.836
G1 F3000 X116.66 Y119.317 E1283.52477
G0 F9000 X116.66 Y119.1
G0 X117.729 Y119.1
G0 X117.729 Y119.319
G1 F3000 X118.819 Y115.251 E1283.66485
G0 F9000 X118.819 Y115.819
G1 F3000 X103.68 Y100.68 E1284.37694
G0 F9000 X103.68 Y100.9
G0 X104.328 Y101.669
G0 X104.4 Y105.472
G0 X104.18 Y105.472
G1 F3000 X122.062 Y100.68 E1284.99268
G0 F9000 X122.723 Y100.679
G1 F3000 X122.419 Y101.816 E1285.03183
G0 F9000 X121.787 Y101.817
G1 F3000 X120.65 Y100.68 E1285.08531
G0 F9000 X120.65 Y100.9
G0 X118.582 Y100.9
G0 X118.582 Y100.68
G1 F3000 X113.588 Y119.319 E1285.72711
G0 F9000 X114.323 Y119.318
G1 F3000 X119.095 Y118.04 E1285.89142
G0 F9000 X119.095 Y118.402
G0 X121.181 Y118.402
G0 X121.181 Y118.182
G1 F3000 X122.317 Y119.317 E1285.94483
G0 F9000 X121.87 Y119.319
G1 F3000 X122.175 Y118.18 E1285.98405
G0 F9000 X122.175 Y118.402
G0 X126.011 Y119.1
G0 X126.011 Y119.318
G1 F3000 X126.316 Y118.18 E1286.02324
G0 F9000 X126.838 Y118.182
G1 F3000 X127.974 Y119.317 E1286.07665
G0 F9000 X127.974 Y119.1
G0 X129.778 Y119.1
G0 X129.778 Y119.318
G1 F3000 X134.021 Y118.181 E1286.22275
G0 F9000 X134.598 Y118.18
G1 F3000 X134.293 Y119.319 E1286.26197
G0 F9000 X133.631 Y119.317
G1 F3000 X132.495 Y118.182 E1286.31538
G0 F9000 X132.495 Y118.402
G0 X130.457 Y118.402
G0 X130.457 Y118.18
G1 F3000 X130.152 Y119.318 E1286.35456
G0 F9000 X130.152 Y119.1
G0 X138.152 Y118.402
G0 X138.152 Y118.182
G1 F3000 X139.288 Y119.317 E1286.40797
G0 F9000 X138.434 Y119.319
G1 F3000 X138.74 Y118.18 E1286.4472
G0 F9000 X138.74 Y118.402
G0 X142.576 Y119.1
G0 X142.576 Y119.319
G1 F3000 X142.88 Y118.181 E1286.48638
G0 F9000 X143.809 Y118.182
G1 F3000 X144.944 Y119.317 E1286.53977
G0 F9000 X145.232 Y119.318
G1 F3000 X149.476 Y118.181 E1286.6859
G1 X149.466 Y118.182
G1 X150.601 Y119.317 E1286.73929
G0 F9000 X150.858 Y119.318
G1 F3000 X151.163 Y118.18 E1286.77847
G0 F9000 X151.163 Y118.402
G0 X155.122 Y118.402
G0 X155.122 Y118.182
G1 F3000 X156.258 Y119.317 E1286.83188
G0 F9000 X156.258 Y119.1
G0 X154.999 Y119.1
G0 X154.999 Y119.319
G1 F3000 X155.304 Y118.18 E1286.8711
G0 F9000 X155.304 Y118.402
G0 X159.14 Y119.1
G0 X159.14 Y119.319
G1 F3000 X159.445 Y118.181 E1286.91029
G0 F9000 X159.445 Y118.402
G0 X160.779 Y118.402
G0 X160.779 Y118.182
G1 F3000 X161.915 Y119.317 E1286.9637
G0 F9000 X161.915 Y119.1
G0 X160.687 Y119.1
G0 X160.687 Y119.318
G1 F3000 X164.932 Y118.181 E1287.10986
G0 F9000 X164.932 Y118.402
G0 X163.586 Y118.402
G0 X163.586 Y118.181
G1 F3000 X163.281 Y119.319 E1287.14905
G0 F9000 X163.281 Y119.1
G0 X166.436 Y118.402
G0 X166.436 Y118.182
G1 F3000 X167.572 Y119.317 E1287.20246
G1 X167.422 Y119.318
G1 X167.727 Y118.181 E1287.24161
G0 F9000 X167.727 Y118.402
G0 X171.563 Y119.1
G0 X171.563 Y119.319
G1 F3000 X171.868 Y118.18 E1287.28083
G0 F9000 X172.093 Y118.182
G1 F3000 X173.229 Y119.317 E1287.33424
G0 F9000 X173.229 Y119.1
G0 X175.704 Y119.1
G0 X175.704 Y119.319
G1 F3000 X176.009 Y118.181 E1287.37343
G0 F9000 X176.009 Y118.402
G0 X176.141 Y119.1
G0 X176.141 Y119.318
G1 F3000 X180.388 Y118.181 E1287.51966
G0 F9000 X180.15 Y118.181
G1 F3000 X179.846 Y119.319 E1287.55884
G0 F9000 X178.885 Y119.317
G1 F3000 X177.75 Y118.182 E1287.61222
G0 F9000 X177.75 Y118.402
G0 X182.581 Y118.33
G0 X182.653 Y117.641
G0 X182.403 Y117.641
G1 F3000 X191.318 Y115.252 E1287.9192
G0 F9000 X191.319 Y114.78
G1 F3000 X182.432 Y105.893 E1288.33722
G0 F9000 X182.433 Y105.209
G1 F3000 X191.318 Y102.829 E1288.64315
G0 F9000 X191.319 Y103.466
G1 F3000 X188.533 Y100.68 E1288.77419
G0 F9000 X188.981 Y100.68
G1 F3000 X183.987 Y119.319 E1289.416
G0 F9000 X184.542 Y119.317
G1 F3000 X182.432 Y117.207 E1289.51524
G0 F9000 X182.653 Y117.207
G0 X182.653 Y113.491
G0 X182.433 Y113.491
G1 F3000 X191.318 Y111.111 E1289.82118
G0 F9000 X191.1 Y111.111
G0 X191.1 Y109.123
G0 X191.319 Y109.123
G1 F3000 X182.876 Y100.68 E1290.21831
G0 F9000 X182.876 Y100.9
G0 X183.881 Y100.9
G0 X183.881 Y100.68
G1 F3000 X179.641 Y101.816 E1290.36431
G0 F9000 X180.394 Y101.816
G1 F3000 X180.699 Y100.68 E1290.40343
G0 F9000 X180.699 Y100.9
G0 X178.355 Y101.597
G0 X178.355 Y101.817
G1 F3000 X177.219 Y100.68 E1290.45689
G0 F9000 X176.558 Y100.68
G1 F3000 X176.253 Y101.817 E1290.49604
G0 F9000 X176.253 Y101.597
G0 X172.698 Y101.597
G0 X172.698 Y101.817
G1 F3000 X171.562 Y100.68 E1290.5495
G0 F9000 X172.416 Y100.68
G1 F3000 X172.112 Y101.816 E1290.58861
G0 F9000 X172.112 Y101.597
G0 X168.427 Y100.9
G0 X168.427 Y100.68
G1 F3000 X164.186 Y101.816 E1290.73464
G0 F9000 X163.83 Y101.816
G1 F3000 X164.134 Y100.68 E1290.77375
G0 F9000 X164.134 Y100.9
G0 X165.905 Y100.9
G0 X165.905 Y100.68
G1 F3000 X167.041 Y101.817 E1290.82721
G0 F9000 X167.971 Y101.816
G1 F3000 X168.275 Y100.68 E1290.86633
G0 F9000 X168.275 Y100.9
G0 X161.385 Y101.597
G0 X161.385 Y101.817
G1 F3000 X160.248 Y100.68 E1290.91981
G0 F9000 X159.993 Y100.68
G1 F3000 X159.689 Y101.816 E1290.95892
G0 F9000 X159.689 Y101.597
G0 X155.728 Y101.597
G0 X155.728 Y101.817
G1 F3000 X154.591 Y100.68 E1291.0124
G0 F9000 X154.591 Y100.9
G0 X155.852 Y100.9
G0 X155.852 Y100.68
G1 F3000 X155.547 Y101.817 E1291.05155
G0 F9000 X155.547 Y101.597
G0 X152.972 Y100.9
G0 X152.972 Y100.68
G1 F3000 X148.732 Y101.816 E1291.19755
G0 F9000 X148.732 Y101.597
G0 X148.935 Y100.9
G0 X148.935 Y100.68
G1 F3000 X150.071 Y101.817 E1291.25101
G0 F9000 X150.071 Y101.597
G0 X151.407 Y101.597
G0 X151.407 Y101.816
G1 F3000 X151.711 Y100.68 E1291.29012
G0 F9000 X151.711 Y100.9
G0 X147.57 Y100.9
G0 X147.57 Y100.68
G1 F3000 X147.265 Y101.816 E1291.32924
G0 F9000 X147.265 Y101.597
G0 X144.414 Y101.597
G0 X144.414 Y101.817
G1 F3000 X143.278 Y100.68 E1291.3827
G1 X143.429 Y100.679
G1 X143.124 Y101.816 E1291.42185
G0 F9000 X143.124 Y101.597
G0 X139.288 Y100.9
G0 X139.288 Y100.68
G1 F3000 X138.983 Y101.816 E1291.46098
G0 F9000 X138.757 Y101.817
G1 F3000 X137.621 Y100.68 E1291.51443
G1 X137.517 Y100.68
G1 X133.277 Y101.816 E1291.66043
G1 X133.1 Y101.817
G1 X131.964 Y100.68 E1291.71389
G0 F9000 X131.005 Y100.68
G1 F3000 X130.701 Y101.816 E1291.753
G0 F9000 X130.701 Y101.597
G0 X127.443 Y101.597
G0 X127.443 Y101.817
G1 F3000 X126.307 Y100.68 E1291.80646
G0 F9000 X126.864 Y100.68
G1 F3000 X126.56 Y101.816 E1291.84557
G0 F9000 X126.56 Y101.597
G0 X118.672 Y101.669
G0 X118.6 Y104.506
G0 X118.819 Y104.506
G1 F3000 X114.993 Y100.68 E1292.02553
G0 F9000 X114.441 Y100.68
G1 F3000 X109.447 Y119.318 E1292.6673
G0 F9000 X109.447 Y119.1
G0 X111.003 Y119.1
G0 X111.003 Y119.317
G1 F3000 X104.179 Y112.493 E1292.98828
G0 F9000 X104.4 Y112.493
G0 X104.4 Y113.754
G0 X104.179 Y113.754
G1 F3000 X118.818 Y109.832 E1293.49235
G0 F9000 X118.819 Y110.162
G1 F3000 X109.337 Y100.68 E1293.93835
G0 F9000 X110.3 Y100.68
G1 F3000 X105.306 Y119.318 E1294.58012
G1 X105.346 Y119.317
G1 X103.977 Y117.948 E1294.64452
G1 X103.976 Y117.949
G1 X118.818 Y113.973 E1295.15557
G0 F9000 X118.6 Y113.973
G0 X118.6 Y105.69
G0 X118.818 Y105.69
G1 F3000 X104.179 Y109.613 E1295.65965
G0 F9000 X104.4 Y109.613
G0 X104.328 Y118.33
G0 X103.112 Y118.402
G0 X103.112 Y118.181
G1 F3000 X98.868 Y119.318 E1295.80578
G0 F9000 X99.69 Y119.317
G1 F3000 X98.553 Y118.181 E1295.85924
G0 F9000 X98.553 Y118.402
G0 X97.328 Y118.402
G0 X97.328 Y118.181
G1 F3000 X97.023 Y119.319 E1295.89842
G0 F9000 X97.023 Y119.1
G0 X94.033 Y119.1
G0 X94.033 Y119.317
G1 F3000 X92.896 Y118.181 E1295.95188
G0 F9000 X93.187 Y118.18
G1 F3000 X92.882 Y119.319 E1295.9911
G0 F9000 X92.882 Y119.1
G0 X89.046 Y118.402
G0 X89.046 Y118.18
G1 F3000 X88.741 Y119.318 E1296.03029
G0 F9000 X88.376 Y119.317
G1 F3000 X87.24 Y118.181 E1296.08372
G0 F9000 X87.658 Y118.181
G1 F3000 X83.413 Y119.318 E1296.22989
G0 F9000 X82.719 Y119.317
G1 F3000 X81.583 Y118.181 E1296.28332
G0 F9000 X80.764 Y118.181
G1 F3000 X80.459 Y119.319 E1296.32251
G0 F9000 X80.459 Y119.1
G0 X77.062 Y119.1
G0 X77.062 Y119.317
G1 F3000 X75.926 Y118.181 E1296.37594
G0 F9000 X76.623 Y118.181
G1 F3000 X76.318 Y119.319 E1296.41512
G0 F9000 X76.318 Y119.1
G0 X72.482 Y118.402
G0 X72.482 Y118.18
G1 F3000 X72.177 Y119.319 E1296.45434
G0 F9000 X71.405 Y119.317
G1 F3000 X70.269 Y118.181 E1296.50778
G0 F9000 X70.269 Y118.402
G0 X68.341 Y118.402
G0 X68.341 Y118.18
G1 F3000 X68.036 Y119.318 E1296.54696
G1 X67.958 Y119.318
G1 X72.203 Y118.181 E1296.69313
G0 F9000 X72.203 Y118.402
G0 X65.748 Y119.1
G0 X65.748 Y119.317
G1 F3000 X64.612 Y118.181 E1296.74656
G0 F9000 X64.2 Y118.181
G1 F3000 X63.895 Y119.318 E1296.78572
G0 F9000 X63.895 Y119.1
G0 X60.092 Y119.1
G0 X60.092 Y119.317
G1 F3000 X58.955 Y118.181 E1296.83917
G0 F9000 X58.955 Y118.402
G0 X60.058 Y118.402
G0 X60.058 Y118.181
G1 F3000 X59.753 Y119.319 E1296.87836
G0 F9000 X59.753 Y119.1
G0 X56.749 Y118.402
G0 X56.749 Y118.181
G1 F3000 X52.503 Y119.318 E1297.02456
G0 F9000 X52.503 Y119.1
G0 X51.471 Y119.1
G0 X51.471 Y119.319
G1 F3000 X51.776 Y118.18 E1297.06378
G0 F9000 X51.776 Y118.402
G0 X53.298 Y118.402
G0 X53.298 Y118.181
G1 F3000 X54.435 Y119.317 E1297.11723
G0 F9000 X54.435 Y119.1
G0 X55.612 Y119.1
G0 X55.612 Y119.319
G1 F3000 X55.917 Y118.18 E1297.15645
G0 F9000 X55.917 Y118.402
G0 X48.778 Y119.1
G0 X48.778 Y119.317
G1 F3000 X47.642 Y118.181 E1297.20989
G1 X47.635 Y118.18
G1 X47.33 Y119.318 E1297.24907
G1 F2700 E1292.24907
G0 F9000 X47.33 Y119.1
G0 X40.419 Y118.33
G0 X40.419 Y101.669
G0 X72.725 Y101.597
G0 X72.725 Y101.817
G1 F2700 E1297.24907
G1 F3000 X73.03 Y100.68 E1297.28823
G0 F9000 X73.03 Y100.9
G0 X89.29 Y101.597
G0 X89.29 Y101.817
G1 F3000 X89.594 Y100.68 E1297.32737
G1 F2700 E1292.32737
G0 F9000 X89.594 Y100.9
G0 X104.328 Y101.669
G0 X104.328 Y118.33
G0 X84.905 Y118.402
G0 X84.905 Y118.181
G1 F2700 E1297.32737
G1 F3000 X84.6 Y119.318 E1297.36652
G0 F9000 X84.6 Y119.1
G0 X101.165 Y119.1
G0 X101.165 Y119.319
G1 F3000 X101.469 Y118.181 E1297.4057
G1 F2700 E1292.4057
G0 F9000 X101.469 Y118.402
G0 X104.328 Y118.33
G0 X118.672 Y101.669
G0 X134.842 Y101.597
G0 X134.842 Y101.817
G1 F2700 E1297.4057
G1 F3000 X135.147 Y100.68 E1297.44486
G1 F2700 E1292.44486
G0 F9000 X135.147 Y100.9
G0 X118.672 Y101.669
G0 X118.672 Y118.33
G0 X147.022 Y118.402
G0 X147.022 Y118.181
G1 F2700 E1297.44486
G1 F3000 X146.717 Y119.318 E1297.48401
G1 F2700 E1292.48401
G0 F9000 X146.717 Y119.1
G0 X182.581 Y118.33
G0 X182.653 Y111.55
G0 X182.432 Y111.55
G1 F2700 E1297.48401
G1 F3000 X190.199 Y119.317 E1297.84934
G0 F9000 X190.199 Y119.1
G0 X188.128 Y119.1
G0 X188.128 Y119.318
G1 F3000 X191.319 Y107.409 E1298.25941
G0 F9000 X191.318 Y106.969
G1 F3000 X182.433 Y109.35 E1298.56536
G0 F9000 X182.433 Y109.663
G1 F3000 X184.84 Y100.68 E1298.87467
G0 F9000 X184.84 Y101.2
G1 F2700 E1293.87467
;MESH:NONMESH
G0 F300 X184.84 Y101.2 Z3.2
G0 F9000 X118.672 Y101.669
G0 X104.328 Y118.33
G0 X28.87 Y119.13
G0 X28.601 Y119.399
;TIME_ELAPSED:2047.211960
;LAYER:15
;TYPE:WALL-INNER
;MESH:Display 2x7219 mask .stl
G1 F2700 E1298.87467
G1 F1500 X191.4 Y119.399 E1304.28939
G1 X191.4 Y100.601 E1304.91461
G1 X28.601 Y100.601 E1310.32933
G1 X28.601 Y119.399 E1310.95455
G1 F2700 E1305.95455
G0 F9000 X28.87 Y119.13
G0 X103.86 Y118.402
G0 X103.86 Y117.983
G1 F2700 E1310.95455
G1 F1500 X103.586 Y118.102 E1310.96449
G1 X41.247 Y118.102 E1313.03789
G1 X40.886 Y117.983 E1313.05053
G1 X40.692 Y117.733 E1313.06106
G1 X40.647 Y117.502 E1313.06889
G1 X40.647 Y102.497 E1313.56796
G1 X40.693 Y102.265 E1313.57582
G1 X40.887 Y102.016 E1313.58632
G1 X41.161 Y101.897 E1313.59626
G1 X103.5 Y101.897 E1315.66966
G1 X103.861 Y102.016 E1315.6823
G1 X104.055 Y102.266 E1315.69283
G1 X104.1 Y102.497 E1315.70065
G1 X104.1 Y117.502 E1316.19972
G1 X104.054 Y117.734 E1316.20759
G1 X103.86 Y117.983 E1316.21809
G0 F9000 X103.86 Y118.402
G0 X119.139 Y118.402
G0 X119.139 Y117.983
G1 F1500 X118.945 Y117.733 E1316.22861
G1 X118.9 Y117.502 E1316.23644
G1 X118.9 Y102.497 E1316.73551
G1 X118.946 Y102.265 E1316.74338
G1 X119.14 Y102.016 E1316.75387
G1 X119.414 Y101.897 E1316.76381
G1 X181.753 Y101.897 E1318.83721
G1 X182.114 Y102.016 E1318.84986
G1 X182.308 Y102.266 E1318.86038
G1 X182.353 Y102.497 E1318.86821
G1 X182.353 Y117.502 E1319.36728
G1 X182.307 Y117.734 E1319.37514
G1 X182.113 Y117.983 E1319.38564
G1 X181.839 Y118.102 E1319.39558
G1 X119.5 Y118.102 E1321.46898
G1 X119.139 Y117.983 E1321.48162
G0 F9000 X119.379 Y117.663
;TYPE:WALL-OUTER
G1 F1500 X119.3 Y117.559 E1321.48597
G1 X119.3 Y102.438 E1321.98889
G1 X119.38 Y102.336 E1321.99321
G1 X119.465 Y102.299 E1321.99629
G1 X181.753 Y102.297 E1324.068
G1 X181.874 Y102.336 E1324.07222
G1 X181.953 Y102.44 E1324.07657
G1 X181.953 Y117.561 E1324.57949
G1 X181.873 Y117.663 E1324.58381
G1 X181.788 Y117.7 E1324.58689
G1 X119.5 Y117.702 E1326.6586
G1 X119.379 Y117.663 E1326.66283
G1 F2700 E1321.66283
G0 F9000 X119.379 Y118.402
G0 X103.62 Y118.402
G0 X103.62 Y117.663
G1 F2700 E1326.66283
G1 F1500 X103.535 Y117.7 E1326.66591
G1 X41.247 Y117.702 E1328.73762
G1 X41.126 Y117.663 E1328.74184
G1 X41.047 Y117.559 E1328.74619
G1 X41.047 Y102.438 E1329.24911
G1 X41.127 Y102.336 E1329.25343
G1 X41.212 Y102.299 E1329.25651
G1 X103.5 Y102.297 E1331.32822
G1 X103.621 Y102.336 E1331.33244
G1 X103.7 Y102.44 E1331.33679
G1 X103.7 Y117.561 E1331.83972
G1 X103.62 Y117.663 E1331.84403
G1 F2700 E1326.84403
G0 F9000 X103.62 Y118.402
G0 X28.47 Y119.53
G0 X28.201 Y119.799
G1 F2700 E1331.84403
G1 F1500 X191.8 Y119.799 E1337.28535
G1 X191.8 Y100.201 E1337.93718
G1 X28.201 Y100.201 E1343.37851
G1 X28.201 Y119.799 E1344.03034
G0 F9000 X28.47 Y119.53
G0 X28.9 Y117.565
G0 X28.681 Y117.565
;TYPE:FILL
G1 F3000 X40.566 Y114.381 E1344.43958
G0 F9000 X40.347 Y114.381
G0 X40.347 Y113.107
G0 X40.566 Y113.107
G1 F3000 X38.902 Y119.319 E1344.65347
G0 F9000 X38.902 Y119.1
G0 X37.664 Y119.1
G0 X37.664 Y119.317
G1 F3000 X28.68 Y110.334 E1345.07603
G0 F9000 X28.68 Y111.103
G1 F3000 X31.473 Y100.68 E1345.43493
G0 F9000 X31.473 Y100.9
G0 X30.34 Y100.9
G0 X30.34 Y100.68
G1 F3000 X40.566 Y110.906 E1345.91593
G0 F9000 X40.566 Y110.239
G1 F3000 X28.681 Y113.424 E1346.32518
G0 F9000 X28.9 Y113.424
G0 X28.9 Y115.991
G0 X28.68 Y115.991
G1 F3000 X32.007 Y119.317 E1346.48164
G0 F9000 X32.007 Y119.1
G0 X30.62 Y119.1
G0 X30.62 Y119.318
G1 F3000 X35.614 Y100.68 E1347.12341
G0 F9000 X35.997 Y100.68
G1 F3000 X40.566 Y105.25 E1347.33835
G0 F9000 X40.566 Y106.098
G1 F3000 X28.68 Y109.283 E1347.74763
G0 F9000 X28.9 Y109.283
G0 X28.9 Y105.142
G0 X28.681 Y105.142
G1 F3000 X45.333 Y100.68 E1348.32101
G0 F9000 X45.333 Y100.9
G0 X43.896 Y100.9
G0 X43.896 Y100.679
G1 F3000 X43.592 Y101.816 E1348.36016
G0 F9000 X42.789 Y101.816
G1 F3000 X41.654 Y100.68 E1348.41357
G0 F9000 X41.654 Y100.9
G0 X39.755 Y100.9
G0 X39.755 Y100.68
G1 F3000 X34.761 Y119.319 E1349.05537
G0 F9000 X34.761 Y119.1
G0 X37.593 Y119.1
G0 X37.593 Y119.318
G1 F3000 X41.839 Y118.181 E1349.20157
G0 F9000 X42.184 Y118.181
G1 F3000 X43.32 Y119.317 E1349.255
G0 F9000 X43.043 Y119.319
G1 F3000 X43.348 Y118.181 E1349.29419
G0 F9000 X43.348 Y118.402
G0 X40.419 Y118.33
G0 X40.347 Y116.563
G0 X40.566 Y116.563
G1 F3000 X28.68 Y104.677 E1349.85327
G0 F9000 X28.9 Y104.677
G0 X28.9 Y101.001
G0 X28.68 Y101.001
G1 F3000 X29.878 Y100.68 E1349.89452
G0 F9000 X29.878 Y100.9
G0 X47.311 Y100.9
G0 X47.311 Y100.68
G1 F3000 X48.446 Y101.816 E1349.94793
G0 F9000 X47.733 Y101.816
G1 F3000 X48.038 Y100.679 E1349.98708
G0 F9000 X48.038 Y100.9
G0 X51.874 Y101.597
G0 X51.874 Y101.816
G1 F3000 X52.178 Y100.68 E1350.0262
G0 F9000 X52.967 Y100.68
G1 F3000 X54.103 Y101.816 E1350.07963
G0 F9000 X54.103 Y101.597
G0 X56.015 Y101.597
G0 X56.015 Y101.816
G1 F3000 X56.32 Y100.68 E1350.11875
G0 F9000 X56.32 Y100.9
G0 X56.546 Y101.597
G0 X56.546 Y101.816
G1 F3000 X60.788 Y100.68 E1350.26481
G0 F9000 X60.461 Y100.68
G1 F3000 X60.156 Y101.817 E1350.30397
G0 F9000 X59.76 Y101.816
G1 F3000 X58.624 Y100.68 E1350.3574
G0 F9000 X58.624 Y100.9
G0 X64.281 Y100.9
G0 X64.281 Y100.68
G1 F3000 X65.417 Y101.816 E1350.41084
G0 F9000 X65.417 Y101.597
G0 X64.297 Y101.597
G0 X64.297 Y101.816
G1 F3000 X64.602 Y100.679 E1350.44999
G0 F9000 X64.602 Y100.9
G0 X68.438 Y101.597
G0 X68.438 Y101.816
G1 F3000 X68.743 Y100.679 E1350.48914
G0 F9000 X68.743 Y100.9
G0 X69.938 Y100.9
G0 X69.938 Y100.68
G1 F3000 X71.074 Y101.816 E1350.54258
G0 F9000 X72.001 Y101.816
G1 F3000 X76.242 Y100.68 E1350.68861
G0 F9000 X75.595 Y100.68
G1 F3000 X76.73 Y101.816 E1350.74202
G1 X76.72 Y101.817
G1 X77.025 Y100.68 E1350.78117
G0 F9000 X77.025 Y100.9
G0 X80.862 Y101.597
G0 X80.862 Y101.816
G1 F3000 X81.166 Y100.68 E1350.82028
G1 X81.252 Y100.68
G1 X82.387 Y101.816 E1350.87369
G0 F9000 X82.387 Y101.597
G0 X85.003 Y101.597
G0 X85.003 Y101.816
G1 F3000 X85.307 Y100.679 E1350.91284
G0 F9000 X85.307 Y100.9
G0 X86.909 Y100.9
G0 X86.909 Y100.68
G1 F3000 X88.044 Y101.816 E1350.96625
G0 F9000 X87.456 Y101.817
G1 F3000 X91.697 Y100.68 E1351.11229
G0 F9000 X92.565 Y100.68
G1 F3000 X93.701 Y101.816 E1351.16572
G0 F9000 X93.285 Y101.817
G1 F3000 X93.589 Y100.68 E1351.20487
G0 F9000 X93.589 Y100.9
G0 X97.426 Y101.597
G0 X97.426 Y101.817
G1 F3000 X97.731 Y100.68 E1351.24402
G0 F9000 X98.222 Y100.68
G1 F3000 X99.358 Y101.816 E1351.29745
G0 F9000 X99.358 Y101.597
G0 X101.567 Y101.597
G0 X101.567 Y101.816
G1 F3000 X101.872 Y100.68 E1351.33657
G0 F9000 X101.872 Y100.9
G0 X102.91 Y101.597
G0 X102.91 Y101.817
G1 F3000 X107.152 Y100.68 E1351.48264
G0 F9000 X107.152 Y100.9
G0 X106.013 Y100.9
G0 X106.013 Y100.679
G1 F3000 X104.179 Y107.523 E1351.71831
G0 F9000 X104.178 Y106.636
G1 F3000 X116.86 Y119.317 E1352.31481
G0 F9000 X117.583 Y119.319
G1 F3000 X118.819 Y114.707 E1352.47362
G0 F9000 X118.818 Y114.118
G1 F3000 X99.413 Y119.318 E1353.1418
G0 F9000 X99.889 Y119.317
G1 F3000 X98.753 Y118.181 E1353.19523
G0 F9000 X98.753 Y118.402
G0 X97.183 Y118.402
G0 X97.183 Y118.18
G1 F3000 X96.877 Y119.319 E1353.23446
G0 F9000 X96.877 Y119.1
G0 X94.232 Y119.1
G0 X94.232 Y119.317
G1 F3000 X93.096 Y118.181 E1353.28789
G1 X93.041 Y118.18
G1 X92.736 Y119.318 E1353.32708
G0 F9000 X92.736 Y119.1
G0 X88.9 Y118.402
G0 X88.9 Y118.181
G1 F3000 X88.595 Y119.318 E1353.36623
G1 X88.575 Y119.317
G1 X87.439 Y118.181 E1353.41967
G0 F9000 X88.203 Y118.181
G1 F3000 X83.958 Y119.318 E1353.56583
G0 F9000 X84.454 Y119.319
G1 F3000 X84.759 Y118.181 E1353.60502
G0 F9000 X84.759 Y118.402
G0 X82.918 Y119.1
G0 X82.918 Y119.317
G1 F3000 X81.782 Y118.181 E1353.65845
G0 F9000 X81.782 Y118.402
G0 X80.618 Y118.402
G0 X80.618 Y118.18
G1 F3000 X80.313 Y119.319 E1353.69767
G0 F9000 X80.313 Y119.1
G0 X77.262 Y119.1
G0 X77.262 Y119.317
G1 F3000 X76.125 Y118.181 E1353.75113
G0 F9000 X76.477 Y118.18
G1 F3000 X76.172 Y119.319 E1353.79035
G0 F9000 X76.172 Y119.1
G0 X72.748 Y118.402
G0 X72.748 Y118.181
G1 F3000 X68.504 Y119.318 E1353.93648
G0 F9000 X67.89 Y119.318
G1 F3000 X68.195 Y118.181 E1353.97564
G0 F9000 X68.195 Y118.402
G0 X70.468 Y118.402
G0 X70.468 Y118.181
G1 F3000 X71.605 Y119.317 E1354.02909
G0 F9000 X72.031 Y119.318
G1 F3000 X72.336 Y118.18 E1354.06828
G0 F9000 X72.336 Y118.402
G0 X65.948 Y119.1
G0 X65.948 Y119.317
G1 F3000 X64.811 Y118.181 E1354.12174
G0 F9000 X64.054 Y118.181
G1 F3000 X63.749 Y119.319 E1354.16092
G0 F9000 X63.749 Y119.1
G0 X60.291 Y119.1
G0 X60.291 Y119.317
G1 F3000 X59.155 Y118.181 E1354.21436
G0 F9000 X59.913 Y118.18
G1 F3000 X59.607 Y119.319 E1354.25358
G0 F9000 X59.607 Y119.1
G0 X57.293 Y118.402
G0 X57.293 Y118.181
G1 F3000 X53.048 Y119.318 E1354.39975
G0 F9000 X53.048 Y119.1
G0 X53.498 Y118.402
G0 X53.498 Y118.181
G1 F3000 X54.634 Y119.317 E1354.45318
G0 F9000 X55.466 Y119.319
G1 F3000 X55.771 Y118.18 E1354.4924
G0 F9000 X55.771 Y118.402
G0 X51.63 Y118.402
G0 X51.63 Y118.18
G1 F3000 X51.325 Y119.318 E1354.53159
G0 F9000 X51.325 Y119.1
G0 X48.977 Y119.1
G0 X48.977 Y119.317
G1 F3000 X47.841 Y118.181 E1354.58502
G0 F9000 X47.489 Y118.181
G1 F3000 X47.184 Y119.319 E1354.62421
G1 F2700 E1349.62421
G0 F9000 X47.184 Y119.1
G0 X40.419 Y118.33
G0 X40.419 Y101.669
G0 X72.58 Y101.597
G0 X72.58 Y101.816
G1 F2700 E1354.62421
G1 F3000 X72.884 Y100.68 E1354.66332
G0 F9000 X72.884 Y100.9
G0 X89.144 Y101.597
G0 X89.144 Y101.817
G1 F3000 X89.448 Y100.68 E1354.70246
G0 F9000 X89.448 Y100.9
G0 X103.879 Y100.9
G0 X103.879 Y100.68
G1 F3000 X118.819 Y115.62 E1355.4052
G0 F9000 X118.6 Y115.62
G0 X118.672 Y118.33
G0 X119.337 Y118.402
G0 X119.337 Y118.121
G1 F3000 X114.867 Y119.318 E1355.55911
G0 F9000 X114.867 Y119.1
G0 X113.442 Y119.1
G0 X113.442 Y119.318
G1 F3000 X118.436 Y100.68 E1356.20088
G0 F9000 X118.436 Y100.9
G0 X120.85 Y100.9
G0 X120.85 Y100.68
G1 F3000 X121.986 Y101.817 E1356.25434
G0 F9000 X122.273 Y101.816
G1 F3000 X122.577 Y100.68 E1356.29345
G1 X122.607 Y100.68
G1 X104.179 Y105.618 E1356.92799
G0 F9000 X104.4 Y105.618
G0 X104.4 Y109.759
G0 X104.179 Y109.759
G1 F3000 X118.818 Y105.836 E1357.43206
G0 F9000 X118.6 Y105.836
G0 X118.6 Y104.306
G0 X118.819 Y104.306
G1 F3000 X115.193 Y100.68 E1357.60262
G0 F9000 X114.295 Y100.68
G1 F3000 X109.301 Y119.318 E1358.24439
G0 F9000 X109.301 Y119.1
G0 X111.203 Y119.1
G0 X111.203 Y119.317
G1 F3000 X104.179 Y112.294 E1358.57475
G0 F9000 X104.4 Y112.294
G0 X104.4 Y113.9
G0 X104.179 Y113.9
G1 F3000 X118.818 Y109.978 E1359.07882
G1 X118.819 Y109.963
G1 X109.536 Y100.68 E1359.51546
G0 F9000 X110.154 Y100.68
G1 F3000 X105.16 Y119.319 E1360.15727
G0 F9000 X105.546 Y119.317
G1 F3000 X104.064 Y117.836 E1360.22695
G0 F9000 X104.4 Y117.836
G0 X104.328 Y118.33
G0 X101.323 Y118.402
G0 X101.323 Y118.181
G1 F3000 X101.019 Y119.319 E1360.26613
G0 F9000 X101.019 Y119.1
G0 X121.381 Y118.402
G0 X121.381 Y118.182
G1 F3000 X122.516 Y119.317 E1360.31952
G0 F9000 X121.724 Y119.319
G1 F3000 X122.029 Y118.18 E1360.35873
G0 F9000 X122.029 Y118.402
G0 X125.865 Y119.1
G0 X125.865 Y119.319
G1 F3000 X126.17 Y118.18 E1360.39795
G0 F9000 X127.038 Y118.182
G1 F3000 X128.173 Y119.317 E1360.45134
G0 F9000 X128.173 Y119.1
G0 X130.006 Y119.1
G0 X130.006 Y119.318
G1 F3000 X130.311 Y118.181 E1360.49049
G0 F9000 X130.311 Y118.402
G0 X130.322 Y119.1
G0 X130.322 Y119.318
G1 F3000 X134.565 Y118.181 E1360.63659
G1 X134.452 Y118.18
G1 X134.148 Y119.318 E1360.67577
G0 F9000 X133.83 Y119.317
G1 F3000 X132.694 Y118.182 E1360.72918
G0 F9000 X132.694 Y118.402
G0 X138.351 Y118.402
G0 X138.351 Y118.182
G1 F3000 X139.487 Y119.317 E1360.78259
G0 F9000 X139.487 Y119.1
G0 X138.288 Y119.1
G0 X138.288 Y119.319
G1 F3000 X138.594 Y118.18 E1360.82182
G0 F9000 X138.594 Y118.402
G0 X142.43 Y119.1
G0 X142.43 Y119.319
G1 F3000 X142.735 Y118.18 E1360.86104
G0 F9000 X142.735 Y118.402
G0 X144.008 Y118.402
G0 X144.008 Y118.182
G1 F3000 X145.144 Y119.317 E1360.91445
G0 F9000 X145.777 Y119.318
G1 F3000 X150.021 Y118.181 E1361.06058
G0 F9000 X149.665 Y118.182
G1 F3000 X150.801 Y119.317 E1361.11399
G1 X150.712 Y119.318
G1 X151.017 Y118.181 E1361.15315
G0 F9000 X151.017 Y118.402
G0 X154.853 Y119.1
G0 X154.853 Y119.318
G1 F3000 X155.158 Y118.18 E1361.19233
G1 X155.322 Y118.182
G1 X156.457 Y119.317 E1361.24572
G0 F9000 X156.457 Y119.1
G0 X158.994 Y119.1
G0 X158.994 Y119.319
G1 F3000 X159.299 Y118.18 E1361.28494
G0 F9000 X159.299 Y118.402
G0 X160.979 Y118.402
G0 X160.979 Y118.182
G1 F3000 X162.114 Y119.317 E1361.33832
G0 F9000 X161.231 Y119.318
G1 F3000 X165.477 Y118.181 E1361.48452
G0 F9000 X165.477 Y118.402
G0 X166.636 Y118.402
G0 X166.636 Y118.182
G1 F3000 X167.771 Y119.317 E1361.53791
G0 F9000 X167.276 Y119.319
G1 F3000 X167.581 Y118.181 E1361.57709
G0 F9000 X167.581 Y118.402
G0 X171.417 Y119.1
G0 X171.417 Y119.318
G1 F3000 X171.722 Y118.181 E1361.61625
G0 F9000 X172.292 Y118.182
G1 F3000 X173.428 Y119.317 E1361.66966
G0 F9000 X173.428 Y119.1
G0 X175.559 Y119.1
G0 X175.559 Y119.318
G1 F3000 X175.863 Y118.18 E1361.70884
G0 F9000 X175.863 Y118.402
G0 X176.686 Y119.1
G0 X176.686 Y119.318
G1 F3000 X180.932 Y118.181 E1361.85503
G0 F9000 X180.004 Y118.181
G1 F3000 X179.699 Y119.319 E1361.89422
G0 F9000 X179.085 Y119.317
G1 F3000 X177.949 Y118.182 E1361.94763
G0 F9000 X177.949 Y118.402
G0 X182.581 Y118.33
G0 X182.653 Y117.802
G0 X182.344 Y117.802
G1 F3000 X191.318 Y115.398 E1362.25663
G0 F9000 X191.319 Y114.58
G1 F3000 X182.432 Y105.694 E1362.67462
G0 F9000 X182.433 Y105.355
G1 F3000 X191.318 Y102.974 E1362.98057
G0 F9000 X191.319 Y103.267
G1 F3000 X188.732 Y100.68 E1363.10225
G1 X188.835 Y100.68
G1 X183.841 Y119.319 E1363.74405
G0 F9000 X184.742 Y119.317
G1 F3000 X182.432 Y117.007 E1363.85271
G0 F9000 X182.653 Y117.007
G0 X182.653 Y113.638
G0 X182.432 Y113.638
G1 F3000 X191.318 Y111.257 E1364.15869
G0 F9000 X191.1 Y111.257
G0 X191.1 Y108.924
G0 X191.319 Y108.924
G1 F3000 X183.075 Y100.68 E1364.54646
G0 F9000 X183.075 Y100.9
G0 X184.427 Y100.9
G0 X184.427 Y100.68
G1 F3000 X180.186 Y101.816 E1364.69249
G1 X180.248 Y101.816
G1 X180.553 Y100.68 E1364.73161
G0 F9000 X180.553 Y100.9
G0 X178.555 Y101.597
G0 X178.555 Y101.817
G1 F3000 X177.418 Y100.68 E1364.78509
G0 F9000 X177.418 Y100.9
G0 X176.412 Y100.9
G0 X176.412 Y100.68
G1 F3000 X176.107 Y101.816 E1364.82421
G0 F9000 X176.107 Y101.597
G0 X172.898 Y101.597
G0 X172.898 Y101.817
G1 F3000 X171.761 Y100.68 E1364.87769
G0 F9000 X172.27 Y100.68
G1 F3000 X171.966 Y101.816 E1364.91681
G0 F9000 X171.966 Y101.597
G0 X168.971 Y100.9
G0 X168.971 Y100.68
G1 F3000 X164.731 Y101.816 E1365.0628
G0 F9000 X164.731 Y101.597
G0 X163.684 Y101.597
G0 X163.684 Y101.816
G1 F3000 X163.988 Y100.68 E1365.10191
G0 F9000 X163.988 Y100.9
G0 X166.105 Y100.9
G0 X166.105 Y100.68
G1 F3000 X167.241 Y101.817 E1365.15537
G0 F9000 X167.825 Y101.816
G1 F3000 X168.129 Y100.68 E1365.19449
G0 F9000 X168.129 Y100.9
G0 X161.584 Y101.597
G0 X161.584 Y101.817
G1 F3000 X160.448 Y100.68 E1365.24794
G0 F9000 X159.847 Y100.68
G1 F3000 X159.543 Y101.817 E1365.28709
G0 F9000 X159.543 Y101.597
G0 X155.927 Y101.597
G0 X155.927 Y101.817
G1 F3000 X154.791 Y100.68 E1365.34055
G0 F9000 X155.706 Y100.68
G1 F3000 X155.402 Y101.816 E1365.37966
G0 F9000 X155.402 Y101.597
G0 X153.516 Y100.9
G0 X153.516 Y100.68
G1 F3000 X149.276 Y101.816 E1365.52566
G0 F9000 X150.27 Y101.817
G1 F3000 X149.134 Y100.68 E1365.57911
G0 F9000 X149.134 Y100.9
G0 X147.424 Y100.9
G0 X147.424 Y100.679
G1 F3000 X147.119 Y101.816 E1365.61827
G0 F9000 X147.119 Y101.597
G0 X144.613 Y101.597
G0 X144.613 Y101.817
G1 F3000 X143.477 Y100.68 E1365.67172
G1 X143.283 Y100.68
G1 X142.978 Y101.816 E1365.71085
G0 F9000 X142.978 Y101.597
G0 X139.142 Y100.9
G0 X139.142 Y100.68
G1 F3000 X138.837 Y101.817 E1365.75
G1 X138.957 Y101.817
G1 X137.82 Y100.68 E1365.80348
G0 F9000 X138.062 Y100.68
G1 F3000 X133.821 Y101.816 E1365.94951
G0 F9000 X133.3 Y101.817
G1 F3000 X132.163 Y100.68 E1366.00299
G0 F9000 X132.163 Y100.9
G0 X130.859 Y100.9
G0 X130.859 Y100.68
G1 F3000 X130.555 Y101.816 E1366.0421
G0 F9000 X130.555 Y101.597
G0 X127.643 Y101.597
G0 X127.643 Y101.817
G1 F3000 X126.507 Y100.68 E1366.09556
G0 F9000 X126.718 Y100.679
G1 F3000 X126.414 Y101.816 E1366.13471
G0 F9000 X126.414 Y101.597
G0 X134.696 Y101.597
G0 X134.696 Y101.816
G1 F3000 X135.001 Y100.68 E1366.17383
G0 F9000 X135.001 Y100.9
G0 X151.261 Y101.597
G0 X151.261 Y101.816
G1 F3000 X151.565 Y100.68 E1366.21294
G1 F2700 E1361.21294
G0 F9000 X151.565 Y100.9
G0 X118.672 Y101.669
G0 X118.672 Y118.33
G0 X146.876 Y118.402
G0 X146.876 Y118.181
G1 F2700 E1366.21294
G1 F3000 X146.571 Y119.319 E1366.25213
G0 F9000 X146.571 Y119.1
G0 X163.135 Y119.1
G0 X163.135 Y119.319
G1 F3000 X163.44 Y118.181 E1366.29131
G0 F9000 X163.44 Y118.402
G0 X182.581 Y118.33
G0 X182.653 Y111.35
G0 X182.432 Y111.35
G1 F3000 X190.399 Y119.317 E1366.66606
G0 F9000 X190.399 Y119.1
G0 X187.982 Y119.1
G0 X187.982 Y119.319
G1 F3000 X191.319 Y106.864 E1367.09492
G0 F9000 X191.318 Y107.115
G1 F3000 X182.433 Y109.496 E1367.40086
G0 F9000 X182.433 Y109.119
G1 F3000 X184.694 Y100.68 E1367.69145
G0 F9000 X184.694 Y101.2
G1 F2700 E1362.69145
;MESH:NONMESH
G0 F300 X184.694 Y101.2 Z3.4
G0 F9000 X118.672 Y101.669
G0 X104.328 Y118.33
G0 X28.87 Y119.13
G0 X28.601 Y119.399
;TIME_ELAPSED:2154.953691
;LAYER:16
;TYPE:WALL-INNER
;MESH:Display 2x7219 mask .stl
G1 F2700 E1367.69145
G1 F1500 X191.4 Y119.399 E1373.10616
G1 X191.4 Y100.601 E1373.73139
G1 X28.601 Y100.601 E1379.1461
G1 X28.601 Y119.399 E1379.77133
G1 F2700 E1374.77133
G0 F9000 X28.701 Y119.13
G0 X103.86 Y119.199
G0 X103.609 Y118.283
G0 X103.86 Y117.983
G1 F2700 E1379.77133
G1 F1500 X103.586 Y118.102 E1379.78126
G1 X41.247 Y118.102 E1381.85467
G1 X40.886 Y117.983 E1381.86731
G1 X40.692 Y117.733 E1381.87783
G1 X40.647 Y117.502 E1381.88566
G1 X40.647 Y102.497 E1382.38473
G1 X40.693 Y102.265 E1382.3926
G1 X40.887 Y102.016 E1382.4031
G1 X41.161 Y101.897 E1382.41303
G1 X103.5 Y101.897 E1384.48643
G1 X103.861 Y102.016 E1384.49908
G1 X104.055 Y102.266 E1384.5096
G1 X104.1 Y102.497 E1384.51743
G1 X104.1 Y117.502 E1385.0165
G1 X104.054 Y117.734 E1385.02436
G1 X103.86 Y117.983 E1385.03486
G1 F2700 E1380.03486
G0 F9000 X103.86 Y118.002
G0 X104.281 Y117.501
G0 X118.719 Y117.501
G0 X119.139 Y117.983
G1 F2700 E1385.03486
G1 F1500 X118.945 Y117.733 E1385.04539
G1 X118.9 Y117.502 E1385.05322
G1 X118.9 Y102.497 E1385.55228
G1 X118.946 Y102.265 E1385.56015
G1 X119.14 Y102.016 E1385.57065
G1 X119.414 Y101.897 E1385.58058
G1 X181.753 Y101.897 E1387.65399
G1 X182.114 Y102.016 E1387.66663
G1 X182.308 Y102.266 E1387.67716
G1 X182.353 Y102.497 E1387.68498
G1 X182.353 Y117.502 E1388.18405
G1 X182.307 Y117.734 E1388.19192
G1 X182.113 Y117.983 E1388.20242
G1 X181.839 Y118.102 E1388.21235
G1 X119.5 Y118.102 E1390.28576
G1 X119.139 Y117.983 E1390.2984
G0 F9000 X119.379 Y117.663
;TYPE:WALL-OUTER
G1 F1500 X119.3 Y117.559 E1390.30274
G1 X119.3 Y102.438 E1390.80567
G1 X119.38 Y102.336 E1390.80998
G1 X119.465 Y102.299 E1390.81306
G1 X181.753 Y102.297 E1392.88477
G1 X181.874 Y102.336 E1392.889
G1 X181.953 Y102.44 E1392.89334
G1 X181.953 Y117.561 E1393.39627
G1 X181.873 Y117.663 E1393.40058
G1 X181.788 Y117.7 E1393.40366
G1 X119.5 Y117.702 E1395.47537
G1 X119.379 Y117.663 E1395.4796
G1 F2700 E1390.4796
G0 F9000 X119.379 Y118.002
G0 X118.719 Y117.501
G0 X104.281 Y117.501
G0 X103.62 Y117.663
G1 F2700 E1395.4796
G1 F1500 X103.535 Y117.7 E1395.48268
G1 X41.247 Y117.702 E1397.55439
G1 X41.126 Y117.663 E1397.55862
G1 X41.047 Y117.559 E1397.56296
G1 X41.047 Y102.438 E1398.06589
G1 X41.127 Y102.336 E1398.0702
G1 X41.212 Y102.299 E1398.07328
G1 X103.5 Y102.297 E1400.14499
G1 X103.621 Y102.336 E1400.14922
G1 X103.7 Y102.44 E1400.15356
G1 X103.7 Y117.561 E1400.65649
G1 X103.62 Y117.663 E1400.6608
G1 F2700 E1395.6608
G0 F9000 X103.62 Y118.002
G0 X40.847 Y117.902
G0 X40.847 Y119.199
G0 X28.201 Y119.799
G1 F2700 E1400.6608
G1 F1500 X191.8 Y119.799 E1406.10213
G1 X191.8 Y100.201 E1406.75396
G1 X28.201 Y100.201 E1412.19528
G1 X28.201 Y119.799 E1412.84712
G1 F2700 E1407.84712
G0 F9000 X28.47 Y119.53
G0 X119.076 Y119.199
G0 X119.393 Y118.246
G0 X118.912 Y118.269
;TYPE:SKIN
G1 F2700 E1412.84712
G1 F1263.2 X119.425 Y118.5 E1412.86934
G1 F1202.4 X140.25 Y118.501 E1413.73341
G1 F1207.2 X161.075 Y118.503 E1414.59402
G1 F1214.6 X181.9 Y118.505 E1415.44943
G1 F1279.3 X182.341 Y118.265 E1415.46901
G1 F1418.4 X182.642 Y117.88 E1415.4862
G1 F1500 X182.71 Y117.536 E1415.49786
G1 X182.71 Y102.462 E1415.99922
G1 X182.642 Y102.122 E1416.01076
G1 F1411.8 X182.34 Y101.729 E1416.02827
G1 F1263.2 X181.828 Y101.499 E1416.05044
G1 F1204.8 X161.004 Y101.498 E1416.91274
G1 F1209.7 X140.18 Y101.496 E1417.77157
G1 F1217 X119.356 Y101.495 E1418.62521
G1 F1279.3 X118.912 Y101.734 E1418.64488
G1 F1418.4 X118.611 Y102.119 E1418.66207
G1 F1500 X118.543 Y102.462 E1418.6737
G1 X118.543 Y117.537 E1419.17509
G1 X118.611 Y117.878 E1419.18666
G1 F1411.8 X118.912 Y118.269 E1419.2041
G1 F2700 E1414.2041
G0 F9000 X119.076 Y118.062
G0 X118.719 Y117.501
G0 X118.719 Y119.199
G0 X104.188 Y119.038
G1 F2700 E1419.2041
G1 F1345.3 X103.688 Y118.993 E1419.22271
G1 F1214.6 X82.823 Y118.992 E1420.07977
G1 F1207.2 X61.958 Y118.991 E1420.94203
G1 F1202.4 X41.093 Y118.989 E1421.80776
G1 F1333.3 X40.609 Y119.039 E1421.82597
G1 F1500 X28.961 Y119.039 E1422.21338
G1 X28.961 Y100.961 E1422.81466
G1 X40.559 Y100.961 E1423.20041
G1 F1345.3 X41.06 Y101.007 E1423.21907
G1 F1222 X72.278 Y101.006 E1424.4936
G1 F1227 X103.496 Y101.005 E1425.76294
G1 F1214.6 X103.653 Y101.012 E1425.7694
G1 F1333.3 X104.138 Y100.962 E1425.78764
G1 F1500 X118.812 Y100.961 E1426.2757
G1 F1345.3 X119.313 Y101.007 E1426.29436
G1 F1222 X150.531 Y101.006 E1427.56889
G1 F1227 X181.749 Y101.005 E1428.83823
G1 F1214.6 X181.906 Y101.012 E1428.84468
G1 F1333.3 X182.391 Y100.962 E1428.86293
G1 F1500 X191.04 Y100.962 E1429.15059
G1 X191.04 Y119.039 E1429.75184
G1 X182.441 Y119.038 E1430.03784
G1 F1345.3 X181.941 Y118.993 E1430.05646
G1 F1214.6 X161.076 Y118.992 E1430.91352
G1 F1207.2 X140.211 Y118.991 E1431.77578
G1 F1202.4 X119.346 Y118.989 E1432.64151
G1 F1333.3 X118.862 Y119.039 E1432.65971
G1 F1500 X104.188 Y119.038 E1433.14777
G0 F9000 X103.646 Y118.505
G1 F1279.3 X104.088 Y118.265 E1433.16739
G1 F1418.4 X104.389 Y117.88 E1433.18458
G1 F1500 X104.457 Y117.536 E1433.19624
G1 X104.457 Y102.462 E1433.6976
G1 X104.389 Y102.122 E1433.70913
G1 F1411.8 X104.087 Y101.729 E1433.72665
G1 F1263.2 X103.575 Y101.499 E1433.74882
G1 F1204.8 X82.751 Y101.498 E1434.61112
G1 F1209.7 X61.927 Y101.496 E1435.46995
G1 F1217 X41.103 Y101.495 E1436.32359
G1 F1279.3 X40.659 Y101.734 E1436.34326
G1 F1418.4 X40.358 Y102.119 E1436.36045
G1 F1500 X40.29 Y102.462 E1436.37208
G1 X40.29 Y117.537 E1436.87347
G1 X40.358 Y117.878 E1436.88504
G1 F1411.8 X40.659 Y118.269 E1436.90247
G1 F1263.2 X41.172 Y118.5 E1436.9247
G1 F1202.4 X61.997 Y118.501 E1437.78877
G1 F1207.2 X82.822 Y118.503 E1438.64938
G1 F1214.6 X103.647 Y118.505 E1439.50479
G1 F2700 E1434.50479
G0 F9000 X103.647 Y119.299
G0 X29.459 Y119.299
G0 X29.459 Y118.837
G1 F2700 E1439.50479
G1 F1500 X29.161 Y118.539 E1439.51881
G0 F9000 X29.161 Y117.973
G1 F1500 X30.025 Y118.837 E1439.55945
G0 F9000 X30.59 Y118.837
G1 F1500 X29.161 Y117.408 E1439.62666
G0 F9000 X29.161 Y116.842
G1 F1500 X31.156 Y118.837 E1439.7205
G0 F9000 X31.722 Y118.837
G1 F1500 X29.161 Y116.276 E1439.84096
G0 F9000 X29.161 Y115.71
G1 F1500 X32.287 Y118.837 E1439.98802
G0 F9000 X32.853 Y118.837
G1 F1500 X29.161 Y115.145 E1440.16168
G0 F9000 X29.161 Y114.579
G1 F1500 X33.419 Y118.837 E1440.36197
G0 F9000 X33.984 Y118.837
G1 F1500 X29.161 Y114.013 E1440.58885
G0 F9000 X29.161 Y113.448
G1 F1500 X34.55 Y118.837 E1440.84233
G0 F9000 X35.116 Y118.837
G1 F1500 X29.161 Y112.882 E1441.12244
G0 F9000 X29.161 Y112.316
G1 F1500 X35.682 Y118.837 E1441.42916
G0 F9000 X36.247 Y118.837
G1 F1500 X29.161 Y111.751 E1441.76247
G0 F9000 X29.161 Y111.185
G1 F1500 X36.813 Y118.837 E1442.12239
G0 F9000 X37.379 Y118.837
G1 F1500 X29.161 Y110.619 E1442.50894
G0 F9000 X29.161 Y110.054
G1 F1500 X37.944 Y118.837 E1442.92207
G0 F9000 X38.51 Y118.837
G1 F1500 X29.161 Y109.488 E1443.36182
G0 F9000 X29.161 Y108.922
G1 F1500 X39.076 Y118.837 E1443.82819
G0 F9000 X39.641 Y118.837
G1 F1500 X29.161 Y108.357 E1444.32114
G0 F9000 X29.161 Y107.791
G1 F1500 X40.207 Y118.837 E1444.84071
G0 F9000 X40.443 Y118.508
G1 F1500 X29.161 Y107.225 E1445.3714
G0 F9000 X29.161 Y106.659
G1 F1500 X40.098 Y117.597 E1445.88587
G0 F9000 X40.087 Y117.02
G1 F1500 X29.161 Y106.094 E1446.39979
G0 F9000 X29.161 Y105.528
G1 F1500 X40.087 Y116.454 E1446.91372
G0 F9000 X40.087 Y115.889
G1 F1500 X29.161 Y104.962 E1447.42767
G0 F9000 X29.161 Y104.397
G1 F1500 X40.087 Y115.323 E1447.94159
G0 F9000 X40.087 Y114.757
G1 F1500 X29.161 Y103.831 E1448.45552
G0 F9000 X29.161 Y103.265
G1 F1500 X40.087 Y114.192 E1448.96947
G0 F9000 X40.087 Y113.626
G1 F1500 X29.161 Y102.7 E1449.48339
G0 F9000 X29.161 Y102.134
G1 F1500 X40.087 Y113.06 E1449.99732
G0 F9000 X40.087 Y112.495
G1 F1500 X29.161 Y101.568 E1450.51127
G0 F9000 X29.318 Y101.16
G1 F1500 X40.087 Y111.929 E1451.01781
G0 F9000 X40.087 Y111.363
G1 F1500 X29.884 Y101.16 E1451.49773
G0 F9000 X30.45 Y101.16
G1 F1500 X40.087 Y110.797 E1451.95102
G0 F9000 X40.087 Y110.232
G1 F1500 X31.015 Y101.16 E1452.37774
G0 F9000 X31.581 Y101.16
G1 F1500 X40.087 Y109.666 E1452.77784
G0 F9000 X40.087 Y109.1
G1 F1500 X32.147 Y101.16 E1453.15131
G0 F9000 X32.712 Y101.16
G1 F1500 X40.087 Y108.535 E1453.49821
G0 F9000 X40.087 Y107.969
G1 F1500 X33.278 Y101.16 E1453.81848
G0 F9000 X33.844 Y101.16
G1 F1500 X40.087 Y107.403 E1454.11213
G0 F9000 X40.087 Y106.838
G1 F1500 X34.409 Y101.16 E1454.37921
G0 F9000 X34.975 Y101.16
G1 F1500 X40.087 Y106.272 E1454.61966
G0 F9000 X40.087 Y105.706
G1 F1500 X35.541 Y101.16 E1454.83349
G0 F9000 X36.106 Y101.16
G1 F1500 X40.087 Y105.141 E1455.02074
G0 F9000 X40.087 Y104.575
G1 F1500 X36.672 Y101.16 E1455.18138
G0 F9000 X37.238 Y101.16
G1 F1500 X40.087 Y104.009 E1455.31538
G0 F9000 X40.087 Y103.444
G1 F1500 X37.804 Y101.16 E1455.42279
G0 F9000 X38.369 Y101.16
G1 F1500 X40.087 Y102.878 E1455.5036
G0 F9000 X40.111 Y102.336
G1 F1500 X38.935 Y101.16 E1455.55892
G0 F9000 X39.501 Y101.16
G1 F1500 X40.26 Y101.92 E1455.59464
G0 F9000 X40.489 Y101.583
G1 F1500 X40.066 Y101.16 E1455.61454
G0 F9000 X40.648 Y101.177
G1 F1500 X40.853 Y101.381 E1455.62416
G1 F2700 E1450.62416
G0 F9000 X40.853 Y100.701
G0 X28.773 Y100.773
G0 X28.773 Y119.227
G0 X40.444 Y119.299
G0 X40.444 Y118.508
G1 F2700 E1455.62416
G1 F1500 X40.744 Y118.809 E1455.63829
G1 F2700 E1450.63829
G0 F9000 X40.744 Y119.299
G0 X103.903 Y119.299
G0 X103.903 Y118.611
G1 F2700 E1455.63829
G1 F1500 X104.117 Y118.825 E1455.64836
G0 F9000 X104.246 Y118.388
G1 F1500 X104.695 Y118.837 E1455.66948
G0 F9000 X105.261 Y118.837
G1 F1500 X104.494 Y118.07 E1455.70556
G0 F9000 X104.638 Y117.649
G1 F1500 X105.827 Y118.837 E1455.76146
G0 F9000 X106.392 Y118.837
G1 F1500 X104.659 Y117.104 E1455.84297
G0 F9000 X104.659 Y116.538
G1 F1500 X106.958 Y118.837 E1455.95111
G0 F9000 X107.524 Y118.837
G1 F1500 X104.659 Y115.973 E1456.08585
G0 F9000 X104.659 Y115.407
G1 F1500 X108.089 Y118.837 E1456.24719
G0 F9000 X108.655 Y118.837
G1 F1500 X104.659 Y114.841 E1456.43515
G0 F9000 X104.659 Y114.276
G1 F1500 X109.221 Y118.837 E1456.6497
G0 F9000 X109.786 Y118.837
G1 F1500 X104.659 Y113.71 E1456.89086
G0 F9000 X104.659 Y113.144
G1 F1500 X110.352 Y118.837 E1457.15864
G0 F9000 X110.918 Y118.837
G1 F1500 X104.659 Y112.579 E1457.45302
G0 F9000 X104.659 Y112.013
G1 F1500 X111.483 Y118.837 E1457.774
G0 F9000 X112.049 Y118.837
G1 F1500 X104.659 Y111.447 E1458.12161
G0 F9000 X104.659 Y110.882
G1 F1500 X112.615 Y118.837 E1458.49581
G0 F9000 X113.18 Y118.837
G1 F1500 X104.659 Y110.316 E1458.89661
G0 F9000 X104.659 Y109.75
G1 F1500 X113.746 Y118.837 E1459.32404
G0 F9000 X114.312 Y118.837
G1 F1500 X104.659 Y109.185 E1459.77806
G0 F9000 X104.659 Y108.619
G1 F1500 X114.877 Y118.837 E1460.25868
G0 F9000 X115.443 Y118.837
G1 F1500 X104.659 Y108.053 E1460.76593
G0 F9000 X104.659 Y107.488
G1 F1500 X116.009 Y118.837 E1461.29978
G0 F9000 X116.575 Y118.837
G1 F1500 X104.659 Y106.922 E1461.86024
G0 F9000 X104.659 Y106.356
G1 F1500 X117.14 Y118.837 E1462.44731
G0 F9000 X117.706 Y118.837
G1 F1500 X104.659 Y105.79 E1463.061
G0 F9000 X104.659 Y105.225
G1 F1500 X118.272 Y118.837 E1463.70129
G0 F9000 X118.634 Y118.634
G1 F1500 X104.659 Y104.659 E1464.35863
G0 F9000 X104.659 Y104.093
G1 F1500 X118.397 Y117.831 E1465.00483
G0 F9000 X118.339 Y117.207
G1 F1500 X104.659 Y103.528 E1465.64827
G0 F9000 X104.659 Y102.962
G1 F1500 X118.339 Y116.642 E1466.29173
G0 F9000 X118.339 Y116.076
G1 F1500 X104.644 Y102.381 E1466.93591
G0 F9000 X104.309 Y101.481
G1 F1500 X118.339 Y115.51 E1467.59581
G0 F9000 X118.339 Y114.945
G1 F1500 X104.556 Y101.162 E1468.24412
G0 F9000 X104.308 Y101.48
G1 F1500 X104.016 Y101.187 E1468.25788
G0 F9000 X104.016 Y100.701
G0 X105.122 Y100.701
G0 X105.122 Y101.162
G1 F1500 X118.339 Y114.379 E1468.87957
G0 F9000 X118.339 Y113.813
G1 F1500 X105.687 Y101.162 E1469.47465
G0 F9000 X106.253 Y101.162
G1 F1500 X118.339 Y113.248 E1470.04314
G0 F9000 X118.339 Y112.682
G1 F1500 X106.819 Y101.162 E1470.58501
G0 F9000 X107.384 Y101.162
G1 F1500 X118.339 Y112.116 E1471.10027
G0 F9000 X118.339 Y111.551
G1 F1500 X107.95 Y101.162 E1471.58894
G0 F9000 X108.516 Y101.162
G1 F1500 X118.339 Y110.985 E1472.05098
G0 F9000 X118.339 Y110.419
G1 F1500 X109.081 Y101.162 E1472.48643
G0 F9000 X109.647 Y101.162
G1 F1500 X118.339 Y109.853 E1472.89525
G0 F9000 X118.339 Y109.288
G1 F1500 X110.213 Y101.162 E1473.27747
G0 F9000 X110.778 Y101.162
G1 F1500 X118.339 Y108.722 E1473.63309
G0 F9000 X118.339 Y108.156
G1 F1500 X111.344 Y101.162 E1473.96209
G0 F9000 X111.91 Y101.162
G1 F1500 X118.339 Y107.591 E1474.2645
G0 F9000 X118.339 Y107.025
G1 F1500 X112.475 Y101.162 E1474.5403
G0 F9000 X113.041 Y101.162
G1 F1500 X118.339 Y106.459 E1474.78947
G0 F9000 X118.339 Y105.894
G1 F1500 X113.607 Y101.162 E1475.01205
G0 F9000 X114.172 Y101.162
G1 F1500 X118.339 Y105.328 E1475.20803
G0 F9000 X118.339 Y104.762
G1 F1500 X114.738 Y101.162 E1475.37739
G0 F9000 X115.304 Y101.162
G1 F1500 X118.339 Y104.197 E1475.52015
G0 F9000 X118.339 Y103.631
G1 F1500 X115.87 Y101.162 E1475.63628
G0 F9000 X116.435 Y101.162
G1 F1500 X118.339 Y103.065 E1475.72581
G0 F9000 X118.339 Y102.5
G1 F1500 X117.001 Y101.162 E1475.78875
G0 F9000 X117.567 Y101.162
G1 F1500 X118.445 Y102.04 E1475.83005
G0 F9000 X118.678 Y101.708
G1 F1500 X118.132 Y101.162 E1475.85573
G0 F9000 X118.697 Y101.161
G1 F1500 X118.99 Y101.454 E1475.86951
G1 F2700 E1470.86951
G0 F9000 X118.99 Y100.701
G0 X191.228 Y100.773
G0 X191.228 Y119.227
G0 X118.634 Y119.299
G0 X118.634 Y118.634
G1 F2700 E1475.86951
G1 F1500 X118.838 Y118.838 E1475.87911
G0 F9000 X119.246 Y118.68
G1 F1500 X119.31 Y118.745 E1475.88214
G1 F2700 E1470.88214
G0 F9000 X119.31 Y119.299
G0 X182.041 Y119.299
G0 X182.041 Y118.685
G1 F2700 E1475.88214
G1 F1500 X182.14 Y118.783 E1475.88678
G0 F9000 X182.387 Y118.465
G1 F1500 X182.674 Y118.752 E1475.90028
G1 X182.675 Y118.752
G1 X182.76 Y118.837 E1475.90427
G0 F9000 X183.325 Y118.837
G1 F1500 X182.664 Y118.176 E1475.93536
G0 F9000 X182.859 Y117.805
G1 F1500 X183.891 Y118.837 E1475.98391
G0 F9000 X184.457 Y118.837
G1 F1500 X182.912 Y117.292 E1476.05658
G0 F9000 X182.912 Y116.727
G1 F1500 X185.022 Y118.837 E1476.15583
G0 F9000 X185.588 Y118.837
G1 F1500 X182.912 Y116.161 E1476.2817
G0 F9000 X182.912 Y115.595
G1 F1500 X186.154 Y118.837 E1476.43419
G0 F9000 X186.72 Y118.838
G1 F1500 X182.912 Y115.03 E1476.61331
G0 F9000 X182.912 Y114.464
G1 F1500 X187.286 Y118.838 E1476.81905
G0 F9000 X187.852 Y118.838
G1 F1500 X182.912 Y113.898 E1477.05141
G0 F9000 X182.912 Y113.332
G1 F1500 X188.417 Y118.838 E1477.31037
G0 F9000 X188.983 Y118.838
G1 F1500 X182.912 Y112.767 E1477.59593
G0 F9000 X182.912 Y112.201
G1 F1500 X189.549 Y118.838 E1477.90812
G0 F9000 X190.114 Y118.838
G1 F1500 X182.912 Y111.635 E1478.2469
G0 F9000 X182.912 Y111.07
G1 F1500 X190.68 Y118.838 E1478.61228
G0 F9000 X190.839 Y118.431
G1 F1500 X182.912 Y110.504 E1478.98515
G0 F9000 X182.912 Y109.938
G1 F1500 X190.839 Y117.866 E1479.35803
G0 F9000 X190.839 Y117.3
G1 F1500 X182.912 Y109.373 E1479.73089
G0 F9000 X182.912 Y108.807
G1 F1500 X190.839 Y116.734 E1480.10375
G0 F9000 X190.839 Y116.169
G1 F1500 X182.912 Y108.241 E1480.47664
G0 F9000 X182.912 Y107.676
G1 F1500 X190.839 Y115.603 E1480.8495
G0 F9000 X190.839 Y115.037
G1 F1500 X182.912 Y107.11 E1481.22236
G0 F9000 X182.912 Y106.544
G1 F1500 X190.839 Y114.472 E1481.59525
G0 F9000 X190.839 Y113.906
G1 F1500 X182.912 Y105.979 E1481.96811
G0 F9000 X182.912 Y105.413
G1 F1500 X190.839 Y113.34 E1482.34097
G0 F9000 X190.839 Y112.775
G1 F1500 X182.912 Y104.847 E1482.71386
G0 F9000 X182.912 Y104.281
G1 F1500 X190.839 Y112.209 E1483.08674
G0 F9000 X190.839 Y111.643
G1 F1500 X182.912 Y103.716 E1483.4596
G0 F9000 X182.912 Y103.15
G1 F1500 X190.839 Y111.077 E1483.83247
G0 F9000 X190.839 Y110.512
G1 F1500 X182.912 Y102.584 E1484.20535
G0 F9000 X182.453 Y102.584
G0 X182.177 Y101.937
G0 X182.5 Y101.607
G1 F1500 X182.113 Y101.22 E1484.22355
G0 F9000 X182.62 Y101.162
G1 F1500 X182.685 Y101.227 E1484.22661
G1 X182.686 Y101.227
G1 X190.839 Y109.38 E1484.6101
G0 F9000 X190.839 Y108.815
G1 F1500 X183.186 Y101.162 E1484.97008
G0 F9000 X183.752 Y101.162
G1 F1500 X190.839 Y108.249 E1485.30343
G0 F9000 X190.839 Y107.683
G1 F1500 X184.317 Y101.162 E1485.61018
G0 F9000 X184.883 Y101.162
G1 F1500 X190.839 Y107.118 E1485.89033
G0 F9000 X190.839 Y106.552
G1 F1500 X185.449 Y101.162 E1486.14386
G0 F9000 X186.015 Y101.162
G1 F1500 X190.839 Y105.986 E1486.37077
G0 F9000 X190.839 Y105.421
G1 F1500 X186.58 Y101.162 E1486.5711
G0 F9000 X187.146 Y101.162
G1 F1500 X190.839 Y104.855 E1486.7448
G0 F9000 X190.839 Y104.289
G1 F1500 X187.712 Y101.162 E1486.89189
G0 F9000 X188.277 Y101.162
G1 F1500 X190.839 Y103.724 E1487.0124
G0 F9000 X190.839 Y103.158
G1 F1500 X188.843 Y101.162 E1487.10628
G0 F9000 X189.409 Y101.162
G1 F1500 X190.839 Y102.592 E1487.17355
G0 F9000 X190.839 Y102.027
G1 F1500 X189.974 Y101.162 E1487.21423
G0 F9000 X190.54 Y101.162
G1 F1500 X190.839 Y101.461 E1487.2283
G1 F2700 E1482.2283
G0 F9000 X190.839 Y100.701
G0 X182.177 Y100.801
G0 X181.861 Y101.754
G0 X182.5 Y101.607
G1 F2700 E1487.2283
G1 F1500 X190.839 Y109.946 E1487.62054
G1 F2700 E1482.62054
;MESH:NONMESH
G0 F300 X190.839 Y109.946 Z3.6
G0 F9000 X191.3 Y109.946
G0 X191.228 Y119.227
G0 X28.773 Y119.227
G0 X28.601 Y119.399
;TIME_ELAPSED:2329.273067
;LAYER:17
;TYPE:WALL-INNER
;MESH:Display 2x7219 mask .stl
G1 F2700 E1487.62054
G1 F1500 X191.4 Y119.399 E1493.03526
G1 X191.4 Y100.601 E1493.66048
G1 X28.601 Y100.601 E1499.0752
G1 X28.601 Y119.399 E1499.70042
G1 F2700 E1494.70042
G0 F9000 X28.701 Y119.13
G0 X103.86 Y119.199
G0 X103.609 Y118.283
G0 X103.86 Y117.983
G1 F2700 E1499.70042
G1 F1500 X103.586 Y118.102 E1499.71036
G1 X41.247 Y118.102 E1501.78376
G1 X40.886 Y117.983 E1501.7964
G1 X40.692 Y117.733 E1501.80693
G1 X40.647 Y117.502 E1501.81475
G1 X40.647 Y102.497 E1502.31382
G1 X40.693 Y102.265 E1502.32169
G1 X40.887 Y102.016 E1502.33219
G1 X41.161 Y101.897 E1502.34212
G1 X103.5 Y101.897 E1504.41553
G1 X103.861 Y102.016 E1504.42817
G1 X104.055 Y102.266 E1504.43869
G1 X104.1 Y102.497 E1504.44652
G1 X104.1 Y117.502 E1504.94559
G1 X104.054 Y117.734 E1504.95346
G1 X103.86 Y117.983 E1504.96396
G1 F2700 E1499.96396
G0 F9000 X103.86 Y118.002
G0 X104.281 Y117.501
G0 X118.719 Y117.501
G0 X119.139 Y117.983
G1 F2700 E1504.96396
G1 F1500 X118.945 Y117.733 E1504.97448
G1 X118.9 Y117.502 E1504.98231
G1 X118.9 Y102.497 E1505.48138
G1 X118.946 Y102.265 E1505.48924
G1 X119.14 Y102.016 E1505.49974
G1 X119.414 Y101.897 E1505.50968
G1 X181.753 Y101.897 E1507.58308
G1 X182.114 Y102.016 E1507.59572
G1 X182.308 Y102.266 E1507.60625
G1 X182.353 Y102.497 E1507.61408
G1 X182.353 Y117.502 E1508.11314
G1 X182.307 Y117.734 E1508.12101
G1 X182.113 Y117.983 E1508.13151
G1 X181.839 Y118.102 E1508.14144
G1 X119.5 Y118.102 E1510.21485
G1 X119.139 Y117.983 E1510.22749
G0 F9000 X119.379 Y117.663
;TYPE:WALL-OUTER
G1 F1500 X119.3 Y117.559 E1510.23183
G1 X119.3 Y102.438 E1510.73476
G1 X119.38 Y102.336 E1510.73907
G1 X119.465 Y102.299 E1510.74216
G1 X181.753 Y102.297 E1512.81386
G1 X181.874 Y102.336 E1512.81809
G1 X181.953 Y102.44 E1512.82244
G1 X181.953 Y117.561 E1513.32536
G1 X181.873 Y117.663 E1513.32967
G1 X181.788 Y117.7 E1513.33276
G1 X119.5 Y117.702 E1515.40446
G1 X119.379 Y117.663 E1515.40869
G1 F2700 E1510.40869
G0 F9000 X119.379 Y118.002
G0 X118.719 Y117.501
G0 X104.281 Y117.501
G0 X103.62 Y117.663
G1 F2700 E1515.40869
G1 F1500 X103.535 Y117.7 E1515.41178
G1 X41.247 Y117.702 E1517.48348
G1 X41.126 Y117.663 E1517.48771
G1 X41.047 Y117.559 E1517.49206
G1 X41.047 Y102.438 E1517.99498
G1 X41.127 Y102.336 E1517.99929
G1 X41.212 Y102.299 E1518.00238
G1 X103.5 Y102.297 E1520.07408
G1 X103.621 Y102.336 E1520.07831
G1 X103.7 Y102.44 E1520.08266
G1 X103.7 Y117.561 E1520.58558
G1 X103.62 Y117.663 E1520.58989
G1 F2700 E1515.58989
G0 F9000 X103.62 Y118.002
G0 X40.847 Y117.902
G0 X40.847 Y119.199
G0 X28.201 Y119.799
G1 F2700 E1520.58989
G1 F1500 X191.8 Y119.799 E1526.03122
G1 X191.8 Y100.201 E1526.68305
G1 X28.201 Y100.201 E1532.12438
G1 X28.201 Y119.799 E1532.77621
G1 F2700 E1527.77621
G0 F9000 X28.47 Y119.53
G0 X119.076 Y119.199
G0 X119.393 Y118.246
G0 X118.912 Y118.269
;TYPE:SKIN
G1 F2700 E1532.77621
G1 F1263.2 X119.425 Y118.5 E1532.79843
G1 F1202.4 X140.25 Y118.501 E1533.6625
G1 F1207.2 X161.075 Y118.503 E1534.52311
G1 F1214.6 X181.9 Y118.505 E1535.37852
G1 F1279.3 X182.341 Y118.265 E1535.3981
G1 F1418.4 X182.642 Y117.88 E1535.41529
G1 F1500 X182.71 Y117.536 E1535.42695
G1 X182.71 Y102.462 E1535.92832
G1 X182.642 Y102.122 E1535.93985
G1 F1411.8 X182.34 Y101.729 E1535.95736
G1 F1263.2 X181.828 Y101.499 E1535.97953
G1 F1204.8 X161.004 Y101.498 E1536.84183
G1 F1209.7 X140.18 Y101.496 E1537.70067
G1 F1217 X119.356 Y101.495 E1538.55431
G1 F1279.3 X118.912 Y101.734 E1538.57397
G1 F1418.4 X118.611 Y102.119 E1538.59116
G1 F1500 X118.543 Y102.462 E1538.60279
G1 X118.543 Y117.537 E1539.10419
G1 X118.611 Y117.878 E1539.11575
G1 F1411.8 X118.912 Y118.269 E1539.13319
G1 F2700 E1534.13319
G0 F9000 X119.076 Y118.062
G0 X118.719 Y117.501
G0 X118.719 Y119.199
G0 X104.188 Y119.038
G1 F2700 E1539.13319
G1 F1345.3 X103.688 Y118.993 E1539.15181
G1 F1214.6 X82.823 Y118.992 E1540.00886
G1 F1207.2 X61.958 Y118.991 E1540.87112
G1 F1202.4 X41.093 Y118.989 E1541.73686
G1 F1333.3 X40.609 Y119.039 E1541.75506
G1 F1500 X28.961 Y119.039 E1542.14248
G1 X28.961 Y100.961 E1542.74375
G1 X40.559 Y100.961 E1543.1295
G1 F1345.3 X41.06 Y101.007 E1543.14816
G1 F1222 X72.278 Y101.006 E1544.42269
G1 F1227 X103.496 Y101.005 E1545.69203
G1 F1214.6 X103.653 Y101.012 E1545.69849
G1 F1333.3 X104.138 Y100.962 E1545.71673
G1 F1500 X118.812 Y100.961 E1546.20479
G1 F1345.3 X119.313 Y101.007 E1546.22345
G1 F1222 X150.531 Y101.006 E1547.49798
G1 F1227 X181.749 Y101.005 E1548.76732
G1 F1214.6 X181.906 Y101.012 E1548.77378
G1 F1333.3 X182.391 Y100.962 E1548.79202
G1 F1500 X191.04 Y100.962 E1549.07969
G1 X191.04 Y119.039 E1549.68093
G1 X182.441 Y119.038 E1549.96693
G1 F1345.3 X181.941 Y118.993 E1549.98555
G1 F1214.6 X161.076 Y118.992 E1550.84261
G1 F1207.2 X140.211 Y118.991 E1551.70487
G1 F1202.4 X119.346 Y118.989 E1552.5706
G1 F1333.3 X118.862 Y119.039 E1552.58881
G1 F1500 X104.188 Y119.038 E1553.07687
G0 F9000 X103.646 Y118.505
G1 F1279.3 X104.088 Y118.265 E1553.09648
G1 F1418.4 X104.389 Y117.88 E1553.11367
G1 F1500 X104.457 Y117.536 E1553.12533
G1 X104.457 Y102.462 E1553.62669
G1 X104.389 Y102.122 E1553.63823
G1 F1411.8 X104.087 Y101.729 E1553.65574
G1 F1263.2 X103.575 Y101.499 E1553.67791
G1 F1204.8 X82.751 Y101.498 E1554.54021
G1 F1209.7 X61.927 Y101.496 E1555.39904
G1 F1217 X41.103 Y101.495 E1556.25268
G1 F1279.3 X40.659 Y101.734 E1556.27235
G1 F1418.4 X40.358 Y102.119 E1556.28954
G1 F1500 X40.29 Y102.462 E1556.30117
G1 X40.29 Y117.537 E1556.80256
G1 X40.358 Y117.878 E1556.81413
G1 F1411.8 X40.659 Y118.269 E1556.83157
G1 F1263.2 X41.172 Y118.5 E1556.85379
G1 F1202.4 X61.997 Y118.501 E1557.71786
G1 F1207.2 X82.822 Y118.503 E1558.57847
G1 F1214.6 X103.647 Y118.505 E1559.43388
G1 F2700 E1554.43388
G0 F9000 X103.647 Y119.299
G0 X28.773 Y119.227
G0 X28.701 Y101.512
G0 X29.161 Y101.512
G1 F2700 E1559.43388
G1 F1500 X29.513 Y101.16 E1559.45044
G0 F9000 X30.078 Y101.16
G1 F1500 X29.161 Y102.077 E1559.49357
G0 F9000 X29.161 Y102.643
G1 F1500 X30.644 Y101.16 E1559.56333
G0 F9000 X31.21 Y101.16
G1 F1500 X29.161 Y103.209 E1559.65971
G0 F9000 X29.161 Y103.774
G1 F1500 X31.775 Y101.16 E1559.78266
G0 F9000 X32.341 Y101.16
G1 F1500 X29.161 Y104.34 E1559.93224
G0 F9000 X29.161 Y104.906
G1 F1500 X32.907 Y101.16 E1560.10844
G0 F9000 X33.473 Y101.16
G1 F1500 X29.161 Y105.472 E1560.31126
G0 F9000 X29.161 Y106.037
G1 F1500 X34.038 Y101.16 E1560.54066
G0 F9000 X34.604 Y101.16
G1 F1500 X29.161 Y106.603 E1560.79668
G0 F9000 X29.161 Y107.169
G1 F1500 X35.17 Y101.16 E1561.07933
G0 F9000 X35.735 Y101.16
G1 F1500 X29.161 Y107.734 E1561.38855
G0 F9000 X29.161 Y108.3
G1 F1500 X36.301 Y101.16 E1561.72439
G0 F9000 X36.867 Y101.16
G1 F1500 X29.161 Y108.866 E1562.08686
G0 F9000 X29.161 Y109.431
G1 F1500 X37.432 Y101.16 E1562.4759
G0 F9000 X37.998 Y101.16
G1 F1500 X29.161 Y109.997 E1562.89157
G0 F9000 X29.161 Y110.563
G1 F1500 X38.564 Y101.16 E1563.33385
G0 F9000 X39.129 Y101.16
G1 F1500 X29.161 Y111.128 E1563.80272
G0 F9000 X29.161 Y111.694
G1 F1500 X39.695 Y101.16 E1564.29821
G0 F9000 X40.261 Y101.16
G1 F1500 X29.161 Y112.26 E1564.82032
G0 F9000 X29.161 Y112.825
G1 F1500 X40.461 Y101.525 E1565.35183
G1 X40.462 Y101.524
G1 X40.785 Y101.201 E1565.36703
G0 F9000 X40.785 Y100.701
G0 X40.546 Y100.801
G0 X40.972 Y101.789
G0 X40.086 Y102.466
G1 F1500 X29.161 Y113.391 E1565.8809
G0 F9000 X29.161 Y113.957
G1 F1500 X40.086 Y103.031 E1566.39481
G0 F9000 X40.086 Y103.597
G1 F1500 X29.161 Y114.523 E1566.90871
G0 F9000 X29.161 Y115.088
G1 F1500 X40.086 Y104.163 E1567.42259
G0 F9000 X40.086 Y104.728
G1 F1500 X29.161 Y115.654 E1567.93649
G0 F9000 X29.161 Y116.22
G1 F1500 X40.086 Y105.294 E1568.45039
G0 F9000 X40.086 Y105.86
G1 F1500 X29.161 Y116.785 E1568.96427
G0 F9000 X29.161 Y117.351
G1 F1500 X40.086 Y106.425 E1569.47817
G0 F9000 X40.086 Y106.991
G1 F1500 X29.161 Y117.917 E1569.99207
G0 F9000 X29.161 Y118.482
G1 F1500 X40.086 Y107.557 E1570.50595
G0 F9000 X40.086 Y108.122
G1 F1500 X29.371 Y118.837 E1571.00995
G0 F9000 X29.937 Y118.837
G1 F1500 X40.086 Y108.688 E1571.48733
G0 F9000 X40.086 Y109.254
G1 F1500 X30.503 Y118.837 E1571.93809
G0 F9000 X31.068 Y118.837
G1 F1500 X40.086 Y109.82 E1572.36224
G0 F9000 X40.086 Y110.385
G1 F1500 X31.634 Y118.837 E1572.7598
G0 F9000 X32.2 Y118.837
G1 F1500 X40.086 Y110.951 E1573.13073
G0 F9000 X40.086 Y111.517
G1 F1500 X32.765 Y118.837 E1573.47506
G0 F9000 X33.331 Y118.837
G1 F1500 X40.086 Y112.082 E1573.7928
G0 F9000 X40.086 Y112.648
G1 F1500 X33.897 Y118.837 E1574.08391
G0 F9000 X34.462 Y118.837
G1 F1500 X40.086 Y113.214 E1574.34842
G0 F9000 X40.086 Y113.779
G1 F1500 X35.028 Y118.837 E1574.58634
G0 F9000 X35.594 Y118.837
G1 F1500 X40.086 Y114.345 E1574.79763
G0 F9000 X40.086 Y114.911
G1 F1500 X36.16 Y118.837 E1574.98229
G0 F9000 X36.725 Y118.837
G1 F1500 X40.086 Y115.476 E1575.14038
G0 F9000 X40.086 Y116.042
G1 F1500 X37.291 Y118.837 E1575.27185
G0 F9000 X37.857 Y118.837
G1 F1500 X40.086 Y116.608 E1575.3767
G0 F9000 X40.086 Y117.173
G1 F1500 X38.422 Y118.837 E1575.45497
G0 F9000 X38.988 Y118.837
G1 F1500 X40.119 Y117.706 E1575.50817
G0 F9000 X40.283 Y118.108
G1 F1500 X39.554 Y118.837 E1575.54245
G0 F9000 X40.119 Y118.837
G1 F1500 X40.438 Y118.518 E1575.55746
G1 X40.439 Y118.518
G1 X40.54 Y118.417 E1575.56221
G0 F9000 X40.899 Y118.624
G1 F1500 X40.705 Y118.817 E1575.57131
G1 F2700 E1570.57131
G0 F9000 X40.705 Y119.299
G0 X104.064 Y119.299
G0 X104.064 Y118.815
G1 F2700 E1575.57131
G1 F1500 X104.325 Y118.554 E1575.58359
G1 X104.326 Y118.553
G1 X118.339 Y104.54 E1576.24272
G0 F9000 X118.339 Y103.975
G1 F1500 X104.632 Y117.682 E1576.88745
G0 F9000 X104.66 Y117.088
G1 F1500 X118.339 Y103.409 E1577.53087
G0 F9000 X118.339 Y102.843
G1 F1500 X104.66 Y116.522 E1578.17429
G0 F9000 X104.66 Y115.957
G1 F1500 X118.384 Y102.232 E1578.81985
G0 F9000 X118.651 Y101.4
G1 F1500 X104.66 Y115.391 E1579.47794
G0 F9000 X104.66 Y114.825
G1 F1500 X118.324 Y101.161 E1580.12065
G0 F9000 X118.651 Y101.399
G1 F1500 X118.878 Y101.172 E1580.13133
G0 F9000 X118.878 Y100.701
G0 X117.758 Y100.701
G0 X117.758 Y101.161
G1 F1500 X104.66 Y114.259 E1580.74742
G0 F9000 X104.66 Y113.694
G1 F1500 X117.193 Y101.161 E1581.33693
G0 F9000 X116.627 Y101.161
G1 F1500 X104.66 Y113.128 E1581.89983
G0 F9000 X104.66 Y112.562
G1 F1500 X116.061 Y101.161 E1582.43609
G0 F9000 X115.495 Y101.161
G1 F1500 X104.66 Y111.997 E1582.94576
G0 F9000 X104.66 Y111.431
G1 F1500 X114.93 Y101.161 E1583.42883
G0 F9000 X114.364 Y101.161
G1 F1500 X104.66 Y110.865 E1583.88528
G0 F9000 X104.66 Y110.3
G1 F1500 X113.798 Y101.161 E1584.31513
G0 F9000 X113.233 Y101.161
G1 F1500 X104.66 Y109.734 E1584.71837
G0 F9000 X104.66 Y109.168
G1 F1500 X112.667 Y101.161 E1585.095
G0 F9000 X112.101 Y101.162
G1 F1500 X104.66 Y108.603 E1585.445
G0 F9000 X104.66 Y108.037
G1 F1500 X111.535 Y101.162 E1585.76838
G0 F9000 X110.969 Y101.162
G1 F1500 X104.66 Y107.471 E1586.06513
G0 F9000 X104.66 Y106.906
G1 F1500 X110.404 Y101.162 E1586.33531
G0 F9000 X109.838 Y101.162
G1 F1500 X104.66 Y106.34 E1586.57887
G0 F9000 X104.66 Y105.774
G1 F1500 X109.272 Y101.162 E1586.79581
G0 F9000 X108.707 Y101.162
G1 F1500 X104.66 Y105.209 E1586.98616
G0 F9000 X104.66 Y104.643
G1 F1500 X108.141 Y101.162 E1587.1499
G0 F9000 X107.575 Y101.162
G1 F1500 X104.66 Y104.077 E1587.28701
G0 F9000 X104.66 Y103.511
G1 F1500 X107.01 Y101.162 E1587.39753
G0 F9000 X106.444 Y101.162
G1 F1500 X104.66 Y102.946 E1587.48144
G0 F9000 X104.646 Y102.394
G1 F1500 X105.878 Y101.162 E1587.53939
G0 F9000 X105.312 Y101.162
G1 F1500 X104.516 Y101.958 E1587.57683
G0 F9000 X104.27 Y101.638
G1 F1500 X104.747 Y101.162 E1587.59924
G0 F9000 X104.182 Y101.161
G1 F1500 X103.924 Y101.419 E1587.61138
G1 F2700 E1582.61138
G0 F9000 X103.924 Y100.701
G0 X118.8 Y100.801
G0 X119.032 Y101.871
G0 X118.339 Y105.106
G1 F2700 E1587.61138
G1 F1500 X104.607 Y118.838 E1588.25729
G0 F9000 X105.172 Y118.838
G1 F1500 X118.339 Y105.672 E1588.8766
G0 F9000 X118.339 Y106.237
G1 F1500 X105.738 Y118.838 E1589.46932
G0 F9000 X106.304 Y118.838
G1 F1500 X118.339 Y106.803 E1590.0354
G0 F9000 X118.339 Y107.369
G1 F1500 X106.869 Y118.838 E1590.57489
G0 F9000 X107.435 Y118.838
G1 F1500 X118.339 Y107.934 E1591.08779
G0 F9000 X118.339 Y108.5
G1 F1500 X108.001 Y118.838 E1591.57405
G0 F9000 X108.567 Y118.838
G1 F1500 X118.339 Y109.066 E1592.0337
G0 F9000 X118.339 Y109.631
G1 F1500 X109.132 Y118.838 E1592.46677
G0 F9000 X109.698 Y118.838
G1 F1500 X118.339 Y110.197 E1592.87321
G0 F9000 X118.339 Y110.763
G1 F1500 X110.264 Y118.838 E1593.25304
G0 F9000 X110.829 Y118.838
G1 F1500 X118.339 Y111.329 E1593.60626
G0 F9000 X118.339 Y111.894
G1 F1500 X111.395 Y118.838 E1593.93288
G0 F9000 X111.961 Y118.838
G1 F1500 X118.339 Y112.46 E1594.23289
G0 F9000 X118.339 Y113.026
G1 F1500 X112.526 Y118.838 E1594.50629
G0 F9000 X113.092 Y118.838
G1 F1500 X118.339 Y113.591 E1594.75309
G0 F9000 X118.339 Y114.157
G1 F1500 X113.658 Y118.838 E1594.97327
G0 F9000 X114.223 Y118.838
G1 F1500 X118.339 Y114.723 E1595.16685
G0 F9000 X118.339 Y115.288
G1 F1500 X114.789 Y118.838 E1595.33383
G0 F9000 X115.355 Y118.838
G1 F1500 X118.339 Y115.854 E1595.47419
G0 F9000 X118.339 Y116.42
G1 F1500 X115.92 Y118.838 E1595.58795
G0 F9000 X116.486 Y118.838
G1 F1500 X118.339 Y116.985 E1595.67511
G0 F9000 X118.34 Y117.55
G1 F1500 X117.052 Y118.838 E1595.73569
G0 F9000 X117.618 Y118.838
G1 F1500 X118.46 Y117.996 E1595.7753
G0 F9000 X118.699 Y118.323
G1 F1500 X118.183 Y118.838 E1595.79955
G0 F9000 X118.749 Y118.838
G1 F1500 X119.031 Y118.556 E1595.81281
G1 F2700 E1590.81281
G0 F9000 X119.031 Y119.299
G0 X182.157 Y119.299
G0 X182.157 Y118.787
G1 F2700 E1595.81281
G1 F1500 X182.516 Y118.428 E1595.8297
G1 X182.516 Y118.427
G1 X190.838 Y110.105 E1596.22114
G0 F9000 X190.838 Y109.54
G1 F1500 X182.912 Y117.466 E1596.59395
G0 F9000 X182.912 Y116.901
G1 F1500 X190.838 Y108.974 E1596.96679
G0 F9000 X190.838 Y108.408
G1 F1500 X182.912 Y116.335 E1597.33963
G0 F9000 X182.912 Y115.769
G1 F1500 X190.838 Y107.842 E1597.71247
G0 F9000 X190.838 Y107.277
G1 F1500 X182.912 Y115.203 E1598.08528
G0 F9000 X182.912 Y114.638
G1 F1500 X190.838 Y106.711 E1598.45812
G0 F9000 X190.838 Y106.145
G1 F1500 X182.912 Y114.072 E1598.83096
G0 F9000 X182.912 Y113.506
G1 F1500 X190.838 Y105.58 E1599.20377
G0 F9000 X190.838 Y105.014
G1 F1500 X182.912 Y112.941 E1599.57661
G0 F9000 X182.912 Y112.375
G1 F1500 X190.838 Y104.448 E1599.94945
G0 F9000 X190.838 Y103.883
G1 F1500 X182.912 Y111.809 E1600.32226
G0 F9000 X182.912 Y111.244
G1 F1500 X190.838 Y103.317 E1600.6951
G0 F9000 X190.838 Y102.751
G1 F1500 X182.912 Y110.678 E1601.06794
G0 F9000 X182.912 Y110.112
G1 F1500 X190.838 Y102.186 E1601.44076
G0 F9000 X190.838 Y101.62
G1 F1500 X182.912 Y109.547 E1601.81359
G0 F9000 X182.912 Y108.981
G1 F1500 X190.732 Y101.161 E1602.18142
G0 F9000 X190.166 Y101.161
G1 F1500 X182.912 Y108.415 E1602.52263
G0 F9000 X182.912 Y107.85
G1 F1500 X189.6 Y101.161 E1602.83724
G0 F9000 X189.035 Y101.161
G1 F1500 X182.912 Y107.284 E1603.12524
G0 F9000 X182.912 Y106.718
G1 F1500 X188.469 Y101.161 E1603.38663
G0 F9000 X187.903 Y101.161
G1 F1500 X182.912 Y106.152 E1603.62139
G0 F9000 X182.912 Y105.587
G1 F1500 X187.338 Y101.161 E1603.82957
G0 F9000 X186.772 Y101.161
G1 F1500 X182.912 Y105.021 E1604.01114
G0 F9000 X182.912 Y104.455
G1 F1500 X186.206 Y101.161 E1604.16608
G0 F9000 X185.64 Y101.161
G1 F1500 X182.912 Y103.89 E1604.29442
G0 F9000 X182.912 Y103.324
G1 F1500 X185.075 Y101.161 E1604.39616
G0 F9000 X184.509 Y101.161
G1 F1500 X182.912 Y102.758 E1604.47127
G0 F9000 X182.868 Y102.237
G1 F1500 X183.943 Y101.161 E1604.52186
G0 F9000 X183.378 Y101.161
G1 F1500 X182.687 Y101.852 E1604.55437
G0 F9000 X182.416 Y101.557
G1 F1500 X182.628 Y101.345 E1604.56434
G1 X182.629 Y101.344
G1 X182.812 Y101.161 E1604.57295
G0 F9000 X182.208 Y101.199
G1 F1500 X182.057 Y101.351 E1604.58007
G0 F9000 X182.057 Y100.701
G0 X191.228 Y100.773
G0 X191.3 Y110.671
G0 X190.838 Y110.671
G1 F1500 X182.702 Y118.808 E1604.96279
G0 F9000 X183.237 Y118.838
G1 F1500 X190.838 Y111.237 E1605.32032
G0 F9000 X190.838 Y111.802
G1 F1500 X183.803 Y118.838 E1605.65124
G0 F9000 X184.368 Y118.838
G1 F1500 X190.838 Y112.368 E1605.95557
G0 F9000 X190.838 Y112.934
G1 F1500 X184.934 Y118.838 E1606.23328
G0 F9000 X185.5 Y118.838
G1 F1500 X190.838 Y113.499 E1606.48439
G0 F9000 X190.838 Y114.065
G1 F1500 X186.065 Y118.838 E1606.70889
G0 F9000 X186.631 Y118.838
G1 F1500 X190.838 Y114.631 E1606.90678
G0 F9000 X190.838 Y115.196
G1 F1500 X187.197 Y118.838 E1607.07806
G0 F9000 X187.763 Y118.838
G1 F1500 X190.838 Y115.762 E1607.22272
G0 F9000 X190.838 Y116.328
G1 F1500 X188.328 Y118.838 E1607.34079
G0 F9000 X188.894 Y118.838
G1 F1500 X190.838 Y116.893 E1607.43225
G0 F9000 X190.838 Y117.459
G1 F1500 X189.46 Y118.838 E1607.49709
G0 F9000 X190.025 Y118.838
G1 F1500 X190.838 Y118.025 E1607.53533
G0 F9000 X190.838 Y118.59
G1 F1500 X190.591 Y118.838 E1607.54697
G1 F2700 E1602.54697
;MESH:NONMESH
G0 F300 X190.591 Y118.838 Z3.8
G0 F9000 X190.591 Y119.299
G0 X28.773 Y119.227
G0 X28.601 Y119.399
;TIME_ELAPSED:2500.699566
;LAYER:18
;TYPE:WALL-INNER
;MESH:Display 2x7219 mask .stl
G1 F2700 E1607.54697
G1 F1500 X191.4 Y119.399 E1612.96169
G1 X191.4 Y100.601 E1613.58691
G1 X28.601 Y100.601 E1619.00163
G1 X28.601 Y119.399 E1619.62685
G1 F2700 E1614.62685
G0 F9000 X28.701 Y119.13
G0 X103.86 Y119.199
G0 X103.609 Y118.283
G0 X103.86 Y117.983
G1 F2700 E1619.62685
G1 F1500 X103.586 Y118.102 E1619.63679
G1 X41.247 Y118.102 E1621.71019
G1 X40.886 Y117.983 E1621.72284
G1 X40.692 Y117.733 E1621.73336
G1 X40.647 Y117.502 E1621.74119
G1 X40.647 Y102.497 E1622.24026
G1 X40.693 Y102.265 E1622.24812
G1 X40.887 Y102.016 E1622.25862
G1 X41.161 Y101.897 E1622.26856
G1 X103.5 Y101.897 E1624.34196
G1 X103.861 Y102.016 E1624.3546
G1 X104.055 Y102.266 E1624.36513
G1 X104.1 Y102.497 E1624.37296
G1 X104.1 Y117.502 E1624.87202
G1 X104.054 Y117.734 E1624.87989
G1 X103.86 Y117.983 E1624.89039
G1 F2700 E1619.89039
G0 F9000 X103.86 Y118.002
G0 X104.281 Y117.501
G0 X118.719 Y117.501
G0 X119.139 Y117.983
G1 F2700 E1624.89039
G1 F1500 X118.945 Y117.733 E1624.90091
G1 X118.9 Y117.502 E1624.90874
G1 X118.9 Y102.497 E1625.40781
G1 X118.946 Y102.265 E1625.41568
G1 X119.14 Y102.016 E1625.42618
G1 X119.414 Y101.897 E1625.43611
G1 X181.753 Y101.897 E1627.50952
G1 X182.114 Y102.016 E1627.52216
G1 X182.308 Y102.266 E1627.53268
G1 X182.353 Y102.497 E1627.54051
G1 X182.353 Y117.502 E1628.03958
G1 X182.307 Y117.734 E1628.04744
G1 X182.113 Y117.983 E1628.05794
G1 X181.839 Y118.102 E1628.06788
G1 X119.5 Y118.102 E1630.14128
G1 X119.139 Y117.983 E1630.15393
G0 F9000 X119.379 Y117.663
;TYPE:WALL-OUTER
G1 F1500 X119.3 Y117.559 E1630.15827
G1 X119.3 Y102.438 E1630.6612
G1 X119.38 Y102.336 E1630.66551
G1 X119.465 Y102.299 E1630.66859
G1 X181.753 Y102.297 E1632.7403
G1 X181.874 Y102.336 E1632.74453
G1 X181.953 Y102.44 E1632.74887
G1 X181.953 Y117.561 E1633.2518
G1 X181.873 Y117.663 E1633.25611
G1 X181.788 Y117.7 E1633.25919
G1 X119.5 Y117.702 E1635.3309
G1 X119.379 Y117.663 E1635.33513
G1 F2700 E1630.33513
G0 F9000 X119.379 Y118.002
G0 X118.719 Y117.501
G0 X104.281 Y117.501
G0 X103.62 Y117.663
G1 F2700 E1635.33513
G1 F1500 X103.535 Y117.7 E1635.33821
G1 X41.247 Y117.702 E1637.40992
G1 X41.126 Y117.663 E1637.41415
G1 X41.047 Y117.559 E1637.41849
G1 X41.047 Y102.438 E1637.92142
G1 X41.127 Y102.336 E1637.92573
G1 X41.212 Y102.299 E1637.92881
G1 X103.5 Y102.297 E1640.00052
G1 X103.621 Y102.336 E1640.00475
G1 X103.7 Y102.44 E1640.00909
G1 X103.7 Y117.561 E1640.51202
G1 X103.62 Y117.663 E1640.51633
G1 F2700 E1635.51633
G0 F9000 X103.62 Y118.002
G0 X40.847 Y117.902
G0 X40.847 Y119.199
G0 X28.201 Y119.799
G1 F2700 E1640.51633
G1 F1500 X191.8 Y119.799 E1645.95765
G1 X191.8 Y100.201 E1646.60949
G1 X28.201 Y100.201 E1652.05081
G1 X28.201 Y119.799 E1652.70264
G1 F2700 E1647.70264
G0 F9000 X28.47 Y119.53
G0 X119.076 Y119.199
G0 X119.393 Y118.246
G0 X118.912 Y118.269
;TYPE:SKIN
G1 F2700 E1652.70264
G1 F1263.2 X119.425 Y118.5 E1652.72486
G1 F1202.4 X140.25 Y118.501 E1653.58893
G1 F1207.2 X161.075 Y118.503 E1654.44954
G1 F1214.6 X181.9 Y118.505 E1655.30496
G1 F1279.3 X182.341 Y118.265 E1655.32454
G1 F1418.4 X182.642 Y117.88 E1655.34172
G1 F1500 X182.71 Y117.536 E1655.35339
G1 X182.71 Y102.462 E1655.85475
G1 X182.642 Y102.122 E1655.86628
G1 F1411.8 X182.34 Y101.729 E1655.8838
G1 F1263.2 X181.828 Y101.499 E1655.90597
G1 F1204.8 X161.004 Y101.498 E1656.76827
G1 F1209.7 X140.18 Y101.496 E1657.6271
G1 F1217 X119.356 Y101.495 E1658.48074
G1 F1279.3 X118.912 Y101.734 E1658.50041
G1 F1418.4 X118.611 Y102.119 E1658.51759
G1 F1500 X118.543 Y102.462 E1658.52922
G1 X118.543 Y117.537 E1659.03062
G1 X118.611 Y117.878 E1659.04219
G1 F1411.8 X118.912 Y118.269 E1659.05962
G1 F2700 E1654.05962
G0 F9000 X119.076 Y118.062
G0 X118.719 Y117.501
G0 X118.719 Y119.199
G0 X104.188 Y119.038
G1 F2700 E1659.05962
G1 F1345.3 X103.688 Y118.993 E1659.07824
G1 F1214.6 X82.823 Y118.992 E1659.9353
G1 F1207.2 X61.958 Y118.991 E1660.79756
G1 F1202.4 X41.093 Y118.989 E1661.66329
G1 F1333.3 X40.609 Y119.039 E1661.6815
G1 F1500 X28.961 Y119.039 E1662.06891
G1 X28.961 Y100.961 E1662.67019
G1 X40.559 Y100.961 E1663.05594
G1 F1345.3 X41.06 Y101.007 E1663.0746
G1 F1222 X72.278 Y101.006 E1664.34913
G1 F1227 X103.496 Y101.005 E1665.61847
G1 F1214.6 X103.653 Y101.012 E1665.62492
G1 F1333.3 X104.138 Y100.962 E1665.64317
G1 F1500 X118.812 Y100.961 E1666.13123
G1 F1345.3 X119.313 Y101.007 E1666.14988
G1 F1222 X150.531 Y101.006 E1667.42441
G1 F1227 X181.749 Y101.005 E1668.69375
G1 F1214.6 X181.906 Y101.012 E1668.70021
G1 F1333.3 X182.391 Y100.962 E1668.71845
G1 F1500 X191.04 Y100.962 E1669.00612
G1 X191.04 Y119.039 E1669.60736
G1 X182.441 Y119.038 E1669.89337
G1 F1345.3 X181.941 Y118.993 E1669.91199
G1 F1214.6 X161.076 Y118.992 E1670.76904
G1 F1207.2 X140.211 Y118.991 E1671.6313
G1 F1202.4 X119.346 Y118.989 E1672.49703
G1 F1333.3 X118.862 Y119.039 E1672.51524
G1 F1500 X104.188 Y119.038 E1673.0033
G0 F9000 X103.646 Y118.505
G1 F1279.3 X104.088 Y118.265 E1673.02291
G1 F1418.4 X104.389 Y117.88 E1673.0401
G1 F1500 X104.457 Y117.536 E1673.05177
G1 X104.457 Y102.462 E1673.55313
G1 X104.389 Y102.122 E1673.56466
G1 F1411.8 X104.087 Y101.729 E1673.58218
G1 F1263.2 X103.575 Y101.499 E1673.60435
G1 F1204.8 X82.751 Y101.498 E1674.46664
G1 F1209.7 X61.927 Y101.496 E1675.32548
G1 F1217 X41.103 Y101.495 E1676.17912
G1 F1279.3 X40.659 Y101.734 E1676.19878
G1 F1418.4 X40.358 Y102.119 E1676.21597
G1 F1500 X40.29 Y102.462 E1676.2276
G1 X40.29 Y117.537 E1676.729
G1 X40.358 Y117.878 E1676.74056
G1 F1411.8 X40.659 Y118.269 E1676.758
G1 F1263.2 X41.172 Y118.5 E1676.78022
G1 F1202.4 X61.997 Y118.501 E1677.64429
G1 F1207.2 X82.822 Y118.503 E1678.5049
G1 F1214.6 X103.647 Y118.505 E1679.36032
G1 F2700 E1674.36032
G0 F9000 X103.647 Y119.299
G0 X29.459 Y119.299
G0 X29.459 Y118.837
G1 F2700 E1679.36032
G1 F1500 X29.161 Y118.539 E1679.37433
G0 F9000 X29.161 Y117.973
G1 F1500 X30.025 Y118.837 E1679.41497
G0 F9000 X30.59 Y118.837
G1 F1500 X29.161 Y117.408 E1679.48219
G0 F9000 X29.161 Y116.842
G1 F1500 X31.156 Y118.837 E1679.57603
G0 F9000 X31.722 Y118.837
G1 F1500 X29.161 Y116.276 E1679.69649
G0 F9000 X29.161 Y115.71
G1 F1500 X32.287 Y118.837 E1679.84355
G0 F9000 X32.853 Y118.837
G1 F1500 X29.161 Y115.145 E1680.01721
G0 F9000 X29.161 Y114.579
G1 F1500 X33.419 Y118.837 E1680.21749
G0 F9000 X33.984 Y118.837
G1 F1500 X29.161 Y114.013 E1680.44438
G0 F9000 X29.161 Y113.448
G1 F1500 X34.55 Y118.837 E1680.69786
G0 F9000 X35.116 Y118.837
G1 F1500 X29.161 Y112.882 E1680.97796
G0 F9000 X29.161 Y112.316
G1 F1500 X35.682 Y118.837 E1681.28469
G0 F9000 X36.247 Y118.837
G1 F1500 X29.161 Y111.751 E1681.61799
G0 F9000 X29.161 Y111.185
G1 F1500 X36.813 Y118.837 E1681.97792
G0 F9000 X37.379 Y118.837
G1 F1500 X29.161 Y110.619 E1682.36447
G0 F9000 X29.161 Y110.054
G1 F1500 X37.944 Y118.837 E1682.7776
G0 F9000 X38.51 Y118.837
G1 F1500 X29.161 Y109.488 E1683.21734
G0 F9000 X29.161 Y108.922
G1 F1500 X39.076 Y118.837 E1683.68372
G0 F9000 X39.641 Y118.837
G1 F1500 X29.161 Y108.357 E1684.17666
G0 F9000 X29.161 Y107.791
G1 F1500 X40.207 Y118.837 E1684.69623
G0 F9000 X40.443 Y118.508
G1 F1500 X29.161 Y107.225 E1685.22693
G0 F9000 X29.161 Y106.659
G1 F1500 X40.098 Y117.597 E1685.74139
G0 F9000 X40.087 Y117.02
G1 F1500 X29.161 Y106.094 E1686.25532
G0 F9000 X29.161 Y105.528
G1 F1500 X40.087 Y116.454 E1686.76924
G0 F9000 X40.087 Y115.889
G1 F1500 X29.161 Y104.962 E1687.28319
G0 F9000 X29.161 Y104.397
G1 F1500 X40.087 Y115.323 E1687.79712
G0 F9000 X40.087 Y114.757
G1 F1500 X29.161 Y103.831 E1688.31104
G0 F9000 X29.161 Y103.265
G1 F1500 X40.087 Y114.192 E1688.82499
G0 F9000 X40.087 Y113.626
G1 F1500 X29.161 Y102.7 E1689.33892
G0 F9000 X29.161 Y102.134
G1 F1500 X40.087 Y113.06 E1689.85284
G0 F9000 X40.087 Y112.495
G1 F1500 X29.161 Y101.568 E1690.36679
G0 F9000 X29.318 Y101.16
G1 F1500 X40.087 Y111.929 E1690.87333
G0 F9000 X40.087 Y111.363
G1 F1500 X29.884 Y101.16 E1691.35325
G0 F9000 X30.45 Y101.16
G1 F1500 X40.087 Y110.797 E1691.80655
G0 F9000 X40.087 Y110.232
G1 F1500 X31.015 Y101.16 E1692.23327
G0 F9000 X31.581 Y101.16
G1 F1500 X40.087 Y109.666 E1692.63336
G0 F9000 X40.087 Y109.1
G1 F1500 X32.147 Y101.16 E1693.00684
G0 F9000 X32.712 Y101.16
G1 F1500 X40.087 Y108.535 E1693.35373
G0 F9000 X40.087 Y107.969
G1 F1500 X33.278 Y101.16 E1693.67401
G0 F9000 X33.844 Y101.16
G1 F1500 X40.087 Y107.403 E1693.96766
G0 F9000 X40.087 Y106.838
G1 F1500 X34.409 Y101.16 E1694.23473
G0 F9000 X34.975 Y101.16
G1 F1500 X40.087 Y106.272 E1694.47519
G0 F9000 X40.087 Y105.706
G1 F1500 X35.541 Y101.16 E1694.68902
G0 F9000 X36.106 Y101.16
G1 F1500 X40.087 Y105.141 E1694.87627
G0 F9000 X40.087 Y104.575
G1 F1500 X36.672 Y101.16 E1695.0369
G0 F9000 X37.238 Y101.16
G1 F1500 X40.087 Y104.009 E1695.17091
G0 F9000 X40.087 Y103.444
G1 F1500 X37.804 Y101.16 E1695.27832
G0 F9000 X38.369 Y101.16
G1 F1500 X40.087 Y102.878 E1695.35913
G0 F9000 X40.111 Y102.336
G1 F1500 X38.935 Y101.16 E1695.41444
G0 F9000 X39.501 Y101.16
G1 F1500 X40.26 Y101.92 E1695.45017
G0 F9000 X40.489 Y101.583
G1 F1500 X40.066 Y101.16 E1695.47007
G0 F9000 X40.648 Y101.177
G1 F1500 X40.853 Y101.381 E1695.47968
G1 F2700 E1690.47968
G0 F9000 X40.853 Y100.701
G0 X28.773 Y100.773
G0 X28.773 Y119.227
G0 X40.444 Y119.299
G0 X40.444 Y118.508
G1 F2700 E1695.47968
G1 F1500 X40.744 Y118.809 E1695.49382
G1 F2700 E1690.49382
G0 F9000 X40.744 Y119.299
G0 X103.903 Y119.299
G0 X103.903 Y118.611
G1 F2700 E1695.49382
G1 F1500 X104.117 Y118.825 E1695.50388
G0 F9000 X104.246 Y118.388
G1 F1500 X104.695 Y118.837 E1695.525
G0 F9000 X105.261 Y118.837
G1 F1500 X104.494 Y118.07 E1695.56108
G0 F9000 X104.638 Y117.649
G1 F1500 X105.827 Y118.837 E1695.61699
G0 F9000 X106.392 Y118.837
G1 F1500 X104.659 Y117.104 E1695.6985
G0 F9000 X104.659 Y116.538
G1 F1500 X106.958 Y118.837 E1695.80664
G0 F9000 X107.524 Y118.837
G1 F1500 X104.659 Y115.973 E1695.94138
G0 F9000 X104.659 Y115.407
G1 F1500 X108.089 Y118.837 E1696.10271
G0 F9000 X108.655 Y118.837
G1 F1500 X104.659 Y114.841 E1696.29067
G0 F9000 X104.659 Y114.276
G1 F1500 X109.221 Y118.837 E1696.50523
G0 F9000 X109.786 Y118.837
G1 F1500 X104.659 Y113.71 E1696.74639
G0 F9000 X104.659 Y113.144
G1 F1500 X110.352 Y118.837 E1697.01417
G0 F9000 X110.918 Y118.837
G1 F1500 X104.659 Y112.579 E1697.30855
G0 F9000 X104.659 Y112.013
G1 F1500 X111.483 Y118.837 E1697.62953
G0 F9000 X112.049 Y118.837
G1 F1500 X104.659 Y111.447 E1697.97713
G0 F9000 X104.659 Y110.882
G1 F1500 X112.615 Y118.837 E1698.35134
G0 F9000 X113.18 Y118.837
G1 F1500 X104.659 Y110.316 E1698.75214
G0 F9000 X104.659 Y109.75
G1 F1500 X113.746 Y118.837 E1699.17956
G0 F9000 X114.312 Y118.837
G1 F1500 X104.659 Y109.185 E1699.63359
G0 F9000 X104.659 Y108.619
G1 F1500 X114.877 Y118.837 E1700.11421
G0 F9000 X115.443 Y118.837
G1 F1500 X104.659 Y108.053 E1700.62146
G0 F9000 X104.659 Y107.488
G1 F1500 X116.009 Y118.837 E1701.1553
G0 F9000 X116.575 Y118.837
G1 F1500 X104.659 Y106.922 E1701.71577
G0 F9000 X104.659 Y106.356
G1 F1500 X117.14 Y118.837 E1702.30284
G0 F9000 X117.706 Y118.837
G1 F1500 X104.659 Y105.79 E1702.91653
G0 F9000 X104.659 Y105.225
G1 F1500 X118.272 Y118.837 E1703.55682
G0 F9000 X118.634 Y118.634
G1 F1500 X104.659 Y104.659 E1704.21416
G0 F9000 X104.659 Y104.093
G1 F1500 X118.397 Y117.831 E1704.86035
G0 F9000 X118.339 Y117.207
G1 F1500 X104.659 Y103.528 E1705.5038
G0 F9000 X104.659 Y102.962
G1 F1500 X118.339 Y116.642 E1706.14726
G0 F9000 X118.339 Y116.076
G1 F1500 X104.644 Y102.381 E1706.79143
G0 F9000 X104.309 Y101.481
G1 F1500 X118.339 Y115.51 E1707.45134
G0 F9000 X118.339 Y114.945
G1 F1500 X104.556 Y101.162 E1708.09965
G0 F9000 X104.308 Y101.48
G1 F1500 X104.016 Y101.187 E1708.11341
G0 F9000 X104.016 Y100.701
G0 X105.122 Y100.701
G0 X105.122 Y101.162
G1 F1500 X118.339 Y114.379 E1708.73509
G0 F9000 X118.339 Y113.813
G1 F1500 X105.687 Y101.162 E1709.33018
G0 F9000 X106.253 Y101.162
G1 F1500 X118.339 Y113.248 E1709.89867
G0 F9000 X118.339 Y112.682
G1 F1500 X106.819 Y101.162 E1710.44053
G0 F9000 X107.384 Y101.162
G1 F1500 X118.339 Y112.116 E1710.9558
G0 F9000 X118.339 Y111.551
G1 F1500 X107.95 Y101.162 E1711.44447
G0 F9000 X108.516 Y101.162
G1 F1500 X118.339 Y110.985 E1711.90651
G0 F9000 X118.339 Y110.419
G1 F1500 X109.081 Y101.162 E1712.34195
G0 F9000 X109.647 Y101.162
G1 F1500 X118.339 Y109.853 E1712.75078
G0 F9000 X118.339 Y109.288
G1 F1500 X110.213 Y101.162 E1713.133
G0 F9000 X110.778 Y101.162
G1 F1500 X118.339 Y108.722 E1713.48862
G0 F9000 X118.339 Y108.156
G1 F1500 X111.344 Y101.162 E1713.81762
G0 F9000 X111.91 Y101.162
G1 F1500 X118.339 Y107.591 E1714.12002
G0 F9000 X118.339 Y107.025
G1 F1500 X112.475 Y101.162 E1714.39582
G0 F9000 X113.041 Y101.162
G1 F1500 X118.339 Y106.459 E1714.645
G0 F9000 X118.339 Y105.894
G1 F1500 X113.607 Y101.162 E1714.86758
G0 F9000 X114.172 Y101.162
G1 F1500 X118.339 Y105.328 E1715.06356
G0 F9000 X118.339 Y104.762
G1 F1500 X114.738 Y101.162 E1715.23292
G0 F9000 X115.304 Y101.162
G1 F1500 X118.339 Y104.197 E1715.37567
G0 F9000 X118.339 Y103.631
G1 F1500 X115.87 Y101.162 E1715.49181
G0 F9000 X116.435 Y101.162
G1 F1500 X118.339 Y103.065 E1715.58134
G0 F9000 X118.339 Y102.5
G1 F1500 X117.001 Y101.162 E1715.64428
G0 F9000 X117.567 Y101.162
G1 F1500 X118.445 Y102.04 E1715.68558
G0 F9000 X118.678 Y101.708
G1 F1500 X118.132 Y101.162 E1715.71126
G0 F9000 X118.697 Y101.161
G1 F1500 X118.99 Y101.454 E1715.72504
G1 F2700 E1710.72504
G0 F9000 X118.99 Y100.701
G0 X191.228 Y100.773
G0 X191.228 Y119.227
G0 X118.634 Y119.299
G0 X118.634 Y118.634
G1 F2700 E1715.72504
G1 F1500 X118.838 Y118.838 E1715.73463
G0 F9000 X119.246 Y118.68
G1 F1500 X119.31 Y118.745 E1715.73767
G1 F2700 E1710.73767
G0 F9000 X119.31 Y119.299
G0 X182.041 Y119.299
G0 X182.041 Y118.685
G1 F2700 E1715.73767
G1 F1500 X182.14 Y118.783 E1715.7423
G0 F9000 X182.387 Y118.465
G1 F1500 X182.674 Y118.752 E1715.7558
G1 X182.675 Y118.752
G1 X182.76 Y118.837 E1715.7598
G0 F9000 X183.325 Y118.837
G1 F1500 X182.664 Y118.176 E1715.79089
G0 F9000 X182.859 Y117.805
G1 F1500 X183.891 Y118.837 E1715.83943
G0 F9000 X184.457 Y118.837
G1 F1500 X182.912 Y117.292 E1715.91211
G0 F9000 X182.912 Y116.727
G1 F1500 X185.022 Y118.837 E1716.01135
G0 F9000 X185.588 Y118.837
G1 F1500 X182.912 Y116.161 E1716.13722
G0 F9000 X182.912 Y115.595
G1 F1500 X186.154 Y118.837 E1716.28972
G0 F9000 X186.72 Y118.838
G1 F1500 X182.912 Y115.03 E1716.46883
G0 F9000 X182.912 Y114.464
G1 F1500 X187.286 Y118.838 E1716.67457
G0 F9000 X187.852 Y118.838
G1 F1500 X182.912 Y113.898 E1716.90694
G0 F9000 X182.912 Y113.332
G1 F1500 X188.417 Y118.838 E1717.1659
G0 F9000 X188.983 Y118.838
G1 F1500 X182.912 Y112.767 E1717.45146
G0 F9000 X182.912 Y112.201
G1 F1500 X189.549 Y118.838 E1717.76364
G0 F9000 X190.114 Y118.838
G1 F1500 X182.912 Y111.635 E1718.10243
G0 F9000 X182.912 Y111.07
G1 F1500 X190.68 Y118.838 E1718.46781
G0 F9000 X190.839 Y118.431
G1 F1500 X182.912 Y110.504 E1718.84067
G0 F9000 X182.912 Y109.938
G1 F1500 X190.839 Y117.866 E1719.21356
G0 F9000 X190.839 Y117.3
G1 F1500 X182.912 Y109.373 E1719.58642
G0 F9000 X182.912 Y108.807
G1 F1500 X190.839 Y116.734 E1719.95928
G0 F9000 X190.839 Y116.169
G1 F1500 X182.912 Y108.241 E1720.33217
G0 F9000 X182.912 Y107.676
G1 F1500 X190.839 Y115.603 E1720.70503
G0 F9000 X190.839 Y115.037
G1 F1500 X182.912 Y107.11 E1721.07789
G0 F9000 X182.912 Y106.544
G1 F1500 X190.839 Y114.472 E1721.45078
G0 F9000 X190.839 Y113.906
G1 F1500 X182.912 Y105.979 E1721.82364
G0 F9000 X182.912 Y105.413
G1 F1500 X190.839 Y113.34 E1722.1965
G0 F9000 X190.839 Y112.775
G1 F1500 X182.912 Y104.847 E1722.56938
G0 F9000 X182.912 Y104.281
G1 F1500 X190.839 Y112.209 E1722.94227
G0 F9000 X190.839 Y111.643
G1 F1500 X182.912 Y103.716 E1723.31513
G0 F9000 X182.912 Y103.15
G1 F1500 X190.839 Y111.077 E1723.68799
G0 F9000 X190.839 Y110.512
G1 F1500 X182.912 Y102.584 E1724.06088
G0 F9000 X182.453 Y102.584
G0 X182.177 Y101.937
G0 X182.5 Y101.607
G1 F1500 X182.113 Y101.22 E1724.07908
G0 F9000 X182.62 Y101.162
G1 F1500 X182.685 Y101.227 E1724.08214
G1 X182.686 Y101.227
G1 X190.839 Y109.38 E1724.46563
G0 F9000 X190.839 Y108.815
G1 F1500 X183.186 Y101.162 E1724.8256
G0 F9000 X183.752 Y101.162
G1 F1500 X190.839 Y108.249 E1725.15896
G0 F9000 X190.839 Y107.683
G1 F1500 X184.317 Y101.162 E1725.46571
G0 F9000 X184.883 Y101.162
G1 F1500 X190.839 Y107.118 E1725.74586
G0 F9000 X190.839 Y106.552
G1 F1500 X185.449 Y101.162 E1725.99939
G0 F9000 X186.015 Y101.162
G1 F1500 X190.839 Y105.986 E1726.22629
G0 F9000 X190.839 Y105.421
G1 F1500 X186.58 Y101.162 E1726.42662
G0 F9000 X187.146 Y101.162
G1 F1500 X190.839 Y104.855 E1726.60033
G0 F9000 X190.839 Y104.289
G1 F1500 X187.712 Y101.162 E1726.74742
G0 F9000 X188.277 Y101.162
G1 F1500 X190.839 Y103.724 E1726.86792
G0 F9000 X190.839 Y103.158
G1 F1500 X188.843 Y101.162 E1726.96181
G0 F9000 X189.409 Y101.162
G1 F1500 X190.839 Y102.592 E1727.02907
G0 F9000 X190.839 Y102.027
G1 F1500 X189.974 Y101.162 E1727.06976
G0 F9000 X190.54 Y101.162
G1 F1500 X190.839 Y101.461 E1727.08382
G1 F2700 E1722.08382
G0 F9000 X190.839 Y100.701
G0 X182.177 Y100.801
G0 X181.861 Y101.754
G0 X182.5 Y101.607
G1 F2700 E1727.08382
G1 F1500 X190.839 Y109.946 E1727.47607
G1 F2700 E1722.47607
;MESH:NONMESH
G0 F300 X190.839 Y109.946 Z4
G0 F9000 X191.3 Y109.946
G0 X191.228 Y119.227
G0 X28.773 Y119.227
G0 X28.601 Y119.399
;TIME_ELAPSED:2675.018943
;LAYER:19
;TYPE:WALL-INNER
;MESH:Display 2x7219 mask .stl
G1 F2700 E1727.47607
G1 F1500 X191.4 Y119.399 E1732.89078
G1 X191.4 Y100.601 E1733.51601
G1 X28.601 Y100.601 E1738.93072
G1 X28.601 Y119.399 E1739.55595
G1 F2700 E1734.55595
G0 F9000 X28.701 Y119.13
G0 X103.86 Y119.199
G0 X103.609 Y118.283
G0 X103.86 Y117.983
G1 F2700 E1739.55595
G1 F1500 X103.586 Y118.102 E1739.56588
G1 X41.247 Y118.102 E1741.63929
G1 X40.886 Y117.983 E1741.65193
G1 X40.692 Y117.733 E1741.66245
G1 X40.647 Y117.502 E1741.67028
G1 X40.647 Y102.497 E1742.16935
G1 X40.693 Y102.265 E1742.17722
G1 X40.887 Y102.016 E1742.18771
G1 X41.161 Y101.897 E1742.19765
G1 X103.5 Y101.897 E1744.27105
G1 X103.861 Y102.016 E1744.2837
G1 X104.055 Y102.266 E1744.29422
G1 X104.1 Y102.497 E1744.30205
G1 X104.1 Y117.502 E1744.80112
G1 X104.054 Y117.734 E1744.80898
G1 X103.86 Y117.983 E1744.81948
G1 F2700 E1739.81948
G0 F9000 X103.86 Y118.002
G0 X104.281 Y117.501
G0 X118.719 Y117.501
G0 X119.139 Y117.983
G1 F2700 E1744.81948
G1 F1500 X118.945 Y117.733 E1744.83001
G1 X118.9 Y117.502 E1744.83783
G1 X118.9 Y102.497 E1745.3369
G1 X118.946 Y102.265 E1745.34477
G1 X119.14 Y102.016 E1745.35527
G1 X119.414 Y101.897 E1745.3652
G1 X181.753 Y101.897 E1747.43861
G1 X182.114 Y102.016 E1747.45125
G1 X182.308 Y102.266 E1747.46177
G1 X182.353 Y102.497 E1747.4696
G1 X182.353 Y117.502 E1747.96867
G1 X182.307 Y117.734 E1747.97654
G1 X182.113 Y117.983 E1747.98704
G1 X181.839 Y118.102 E1747.99697
G1 X119.5 Y118.102 E1750.07037
G1 X119.139 Y117.983 E1750.08302
G0 F9000 X119.379 Y117.663
;TYPE:WALL-OUTER
G1 F1500 X119.3 Y117.559 E1750.08736
G1 X119.3 Y102.438 E1750.59029
G1 X119.38 Y102.336 E1750.5946
G1 X119.465 Y102.299 E1750.59768
G1 X181.753 Y102.297 E1752.66939
G1 X181.874 Y102.336 E1752.67362
G1 X181.953 Y102.44 E1752.67796
G1 X181.953 Y117.561 E1753.18089
G1 X181.873 Y117.663 E1753.1852
G1 X181.788 Y117.7 E1753.18828
G1 X119.5 Y117.702 E1755.25999
G1 X119.379 Y117.663 E1755.26422
G1 F2700 E1750.26422
G0 F9000 X119.379 Y118.002
G0 X118.719 Y117.501
G0 X104.281 Y117.501
G0 X103.62 Y117.663
G1 F2700 E1755.26422
G1 F1500 X103.535 Y117.7 E1755.2673
G1 X41.247 Y117.702 E1757.33901
G1 X41.126 Y117.663 E1757.34324
G1 X41.047 Y117.559 E1757.34758
G1 X41.047 Y102.438 E1757.85051
G1 X41.127 Y102.336 E1757.85482
G1 X41.212 Y102.299 E1757.8579
G1 X103.5 Y102.297 E1759.92961
G1 X103.621 Y102.336 E1759.93384
G1 X103.7 Y102.44 E1759.93818
G1 X103.7 Y117.561 E1760.44111
G1 X103.62 Y117.663 E1760.44542
G1 F2700 E1755.44542
G0 F9000 X103.62 Y118.002
G0 X40.847 Y117.902
G0 X40.847 Y119.199
G0 X28.201 Y119.799
G1 F2700 E1760.44542
G1 F1500 X191.8 Y119.799 E1765.88675
G1 X191.8 Y100.201 E1766.53858
G1 X28.201 Y100.201 E1771.9799
G1 X28.201 Y119.799 E1772.63173
G1 F2700 E1767.63173
G0 F9000 X28.47 Y119.53
G0 X119.076 Y119.199
G0 X119.393 Y118.246
G0 X118.912 Y118.269
;TYPE:SKIN
G1 F2700 E1772.63173
G1 F1263.2 X119.425 Y118.5 E1772.65396
G1 F1202.4 X140.25 Y118.501 E1773.51803
G1 F1207.2 X161.075 Y118.503 E1774.37864
G1 F1214.6 X181.9 Y118.505 E1775.23405
G1 F1279.3 X182.341 Y118.265 E1775.25363
G1 F1418.4 X182.642 Y117.88 E1775.27082
G1 F1500 X182.71 Y117.536 E1775.28248
G1 X182.71 Y102.462 E1775.78384
G1 X182.642 Y102.122 E1775.79538
G1 F1411.8 X182.34 Y101.729 E1775.81289
G1 F1263.2 X181.828 Y101.499 E1775.83506
G1 F1204.8 X161.004 Y101.498 E1776.69736
G1 F1209.7 X140.18 Y101.496 E1777.55619
G1 F1217 X119.356 Y101.495 E1778.40983
G1 F1279.3 X118.912 Y101.734 E1778.4295
G1 F1418.4 X118.611 Y102.119 E1778.44669
G1 F1500 X118.543 Y102.462 E1778.45832
G1 X118.543 Y117.537 E1778.95971
G1 X118.611 Y117.878 E1778.97128
G1 F1411.8 X118.912 Y118.269 E1778.98872
G1 F2700 E1773.98872
G0 F9000 X119.076 Y118.062
G0 X118.719 Y117.501
G0 X118.719 Y119.199
G0 X104.188 Y119.038
G1 F2700 E1778.98872
G1 F1345.3 X103.688 Y118.993 E1779.00733
G1 F1214.6 X82.823 Y118.992 E1779.86439
G1 F1207.2 X61.958 Y118.991 E1780.72665
G1 F1202.4 X41.093 Y118.989 E1781.59238
G1 F1333.3 X40.609 Y119.039 E1781.61059
G1 F1500 X28.961 Y119.039 E1781.998
G1 X28.961 Y100.961 E1782.59928
G1 X40.559 Y100.961 E1782.98503
G1 F1345.3 X41.06 Y101.007 E1783.00369
G1 F1222 X72.278 Y101.006 E1784.27822
G1 F1227 X103.496 Y101.005 E1785.54756
G1 F1214.6 X103.653 Y101.012 E1785.55401
G1 F1333.3 X104.138 Y100.962 E1785.57226
G1 F1500 X118.812 Y100.961 E1786.06032
G1 F1345.3 X119.313 Y101.007 E1786.07898
G1 F1222 X150.531 Y101.006 E1787.35351
G1 F1227 X181.749 Y101.005 E1788.62285
G1 F1214.6 X181.906 Y101.012 E1788.6293
G1 F1333.3 X182.391 Y100.962 E1788.64755
G1 F1500 X191.04 Y100.962 E1788.93521
G1 X191.04 Y119.039 E1789.53646
G1 X182.441 Y119.038 E1789.82246
G1 F1345.3 X181.941 Y118.993 E1789.84108
G1 F1214.6 X161.076 Y118.992 E1790.69813
G1 F1207.2 X140.211 Y118.991 E1791.5604
G1 F1202.4 X119.346 Y118.989 E1792.42613
G1 F1333.3 X118.862 Y119.039 E1792.44433
G1 F1500 X104.188 Y119.038 E1792.93239
G0 F9000 X103.646 Y118.505
G1 F1279.3 X104.088 Y118.265 E1792.95201
G1 F1418.4 X104.389 Y117.88 E1792.96919
G1 F1500 X104.457 Y117.536 E1792.98086
G1 X104.457 Y102.462 E1793.48222
G1 X104.389 Y102.122 E1793.49375
G1 F1411.8 X104.087 Y101.729 E1793.51127
G1 F1263.2 X103.575 Y101.499 E1793.53344
G1 F1204.8 X82.751 Y101.498 E1794.39574
G1 F1209.7 X61.927 Y101.496 E1795.25457
G1 F1217 X41.103 Y101.495 E1796.10821
G1 F1279.3 X40.659 Y101.734 E1796.12788
G1 F1418.4 X40.358 Y102.119 E1796.14506
G1 F1500 X40.29 Y102.462 E1796.15669
G1 X40.29 Y117.537 E1796.65809
G1 X40.358 Y117.878 E1796.66966
G1 F1411.8 X40.659 Y118.269 E1796.68709
G1 F1263.2 X41.172 Y118.5 E1796.70931
G1 F1202.4 X61.997 Y118.501 E1797.57339
G1 F1207.2 X82.822 Y118.503 E1798.43399
G1 F1214.6 X103.647 Y118.505 E1799.28941
G1 F2700 E1794.28941
G0 F9000 X103.647 Y119.299
G0 X28.773 Y119.227
G0 X28.701 Y101.512
G1 F2700 E1799.28941
G0 F9000 X29.161 Y101.512
G1 F1500 X29.513 Y101.16 E1799.30596
G0 F9000 X30.078 Y101.16
G1 F1500 X29.161 Y102.077 E1799.3491
G0 F9000 X29.161 Y102.643
G1 F1500 X30.644 Y101.16 E1799.41885
G0 F9000 X31.21 Y101.16
G1 F1500 X29.161 Y103.209 E1799.51523
G0 F9000 X29.161 Y103.774
G1 F1500 X31.775 Y101.16 E1799.63819
G0 F9000 X32.341 Y101.16
G1 F1500 X29.161 Y104.34 E1799.78776
G0 F9000 X29.161 Y104.906
G1 F1500 X32.907 Y101.16 E1799.96396
G0 F9000 X33.473 Y101.16
G1 F1500 X29.161 Y105.472 E1800.16679
G0 F9000 X29.161 Y106.037
G1 F1500 X34.038 Y101.16 E1800.39619
G0 F9000 X34.604 Y101.16
G1 F1500 X29.161 Y106.603 E1800.65221
G0 F9000 X29.161 Y107.169
G1 F1500 X35.17 Y101.16 E1800.93485
G0 F9000 X35.735 Y101.16
G1 F1500 X29.161 Y107.734 E1801.24407
G0 F9000 X29.161 Y108.3
G1 F1500 X36.301 Y101.16 E1801.57992
G0 F9000 X36.867 Y101.16
G1 F1500 X29.161 Y108.866 E1801.94238
G0 F9000 X29.161 Y109.431
G1 F1500 X37.432 Y101.16 E1802.33143
G0 F9000 X37.998 Y101.16
G1 F1500 X29.161 Y109.997 E1802.74709
G0 F9000 X29.161 Y110.563
G1 F1500 X38.564 Y101.16 E1803.18938
G0 F9000 X39.129 Y101.16
G1 F1500 X29.161 Y111.128 E1803.65824
G0 F9000 X29.161 Y111.694
G1 F1500 X39.695 Y101.16 E1804.15373
G0 F9000 X40.261 Y101.16
G1 F1500 X29.161 Y112.26 E1804.67584
G0 F9000 X29.161 Y112.825
G1 F1500 X40.785 Y101.201 E1805.2226
G0 F9000 X40.785 Y100.701
G0 X40.546 Y100.801
G0 X40.972 Y101.789
G0 X40.086 Y102.466
G1 F1500 X29.161 Y113.391 E1805.73648
G0 F9000 X29.161 Y113.957
G1 F1500 X40.086 Y103.031 E1806.25038
G0 F9000 X40.086 Y103.597
G1 F1500 X29.161 Y114.523 E1806.76428
G0 F9000 X29.161 Y115.088
G1 F1500 X40.086 Y104.163 E1807.27816
G0 F9000 X40.086 Y104.728
G1 F1500 X29.161 Y115.654 E1807.79206
G0 F9000 X29.161 Y116.22
G1 F1500 X40.086 Y105.294 E1808.30596
G0 F9000 X40.086 Y105.86
G1 F1500 X29.161 Y116.785 E1808.81984
G0 F9000 X29.161 Y117.351
G1 F1500 X40.086 Y106.425 E1809.33374
G0 F9000 X40.086 Y106.991
G1 F1500 X29.161 Y117.917 E1809.84765
G0 F9000 X29.161 Y118.482
G1 F1500 X40.086 Y107.557 E1810.36153
G0 F9000 X40.086 Y108.122
G1 F1500 X29.371 Y118.837 E1810.86553
G0 F9000 X29.937 Y118.837
G1 F1500 X40.086 Y108.688 E1811.3429
G0 F9000 X40.086 Y109.254
G1 F1500 X30.503 Y118.837 E1811.79366
G0 F9000 X31.068 Y118.837
G1 F1500 X40.086 Y109.82 E1812.21781
G0 F9000 X40.086 Y110.385
G1 F1500 X31.634 Y118.837 E1812.61537
G0 F9000 X32.2 Y118.837
G1 F1500 X40.086 Y110.951 E1812.9863
G0 F9000 X40.086 Y111.517
G1 F1500 X32.765 Y118.837 E1813.33064
G0 F9000 X33.331 Y118.837
G1 F1500 X40.086 Y112.082 E1813.64837
G0 F9000 X40.086 Y112.648
G1 F1500 X33.897 Y118.837 E1813.93948
G0 F9000 X34.462 Y118.837
G1 F1500 X40.086 Y113.214 E1814.204
G0 F9000 X40.086 Y113.779
G1 F1500 X35.028 Y118.837 E1814.44191
G0 F9000 X35.594 Y118.837
G1 F1500 X40.086 Y114.345 E1814.6532
G0 F9000 X40.086 Y114.911
G1 F1500 X36.16 Y118.837 E1814.83787
G0 F9000 X36.725 Y118.837
G1 F1500 X40.086 Y115.476 E1814.99596
G0 F9000 X40.086 Y116.042
G1 F1500 X37.291 Y118.837 E1815.12743
G0 F9000 X37.857 Y118.837
G1 F1500 X40.086 Y116.608 E1815.23227
G0 F9000 X40.086 Y117.173
G1 F1500 X38.422 Y118.837 E1815.31054
G0 F9000 X38.988 Y118.837
G1 F1500 X40.119 Y117.706 E1815.36374
G0 F9000 X40.283 Y118.108
G1 F1500 X39.554 Y118.837 E1815.39803
G0 F9000 X40.119 Y118.837
G1 F1500 X40.54 Y118.417 E1815.41781
G0 F9000 X40.899 Y118.624
G1 F1500 X40.705 Y118.817 E1815.42691
G1 F2700 E1810.42691
G0 F9000 X40.705 Y119.299
G0 X104.064 Y119.299
G1 F2700 E1815.42691
G0 F9000 X104.064 Y118.815
G1 F1500 X118.339 Y104.54 E1816.09836
G0 F9000 X118.339 Y103.975
G1 F1500 X104.632 Y117.682 E1816.7431
G0 F9000 X104.66 Y117.088
G1 F1500 X118.339 Y103.409 E1817.38652
G0 F9000 X118.339 Y102.843
G1 F1500 X104.66 Y116.522 E1818.02993
G0 F9000 X104.66 Y115.957
G1 F1500 X118.383 Y102.233 E1818.67544
G0 F9000 X118.836 Y102.323
G0 X119.032 Y101.871
G0 X119.032 Y100.801
G0 X118.325 Y101.16
G1 F1500 X104.66 Y114.825 E1819.3182
G0 F9000 X104.66 Y115.391
G1 F1500 X118.878 Y101.172 E1819.987
G0 F9000 X118.878 Y100.701
G0 X117.759 Y100.701
G0 X117.759 Y101.16
G1 F1500 X104.66 Y114.259 E1820.60314
G0 F9000 X104.66 Y113.694
G1 F1500 X117.193 Y101.16 E1821.19267
G0 F9000 X116.628 Y101.16
G1 F1500 X104.66 Y113.128 E1821.75561
G0 F9000 X104.66 Y112.562
G1 F1500 X116.062 Y101.16 E1822.29193
G0 F9000 X115.496 Y101.16
G1 F1500 X104.66 Y111.997 E1822.80164
G0 F9000 X104.66 Y111.431
G1 F1500 X114.931 Y101.16 E1823.28476
G0 F9000 X114.365 Y101.16
G1 F1500 X104.66 Y110.865 E1823.74125
G0 F9000 X104.66 Y110.3
G1 F1500 X113.799 Y101.16 E1824.17115
G0 F9000 X113.233 Y101.16
G1 F1500 X104.66 Y109.734 E1824.57442
G0 F9000 X104.66 Y109.168
G1 F1500 X112.668 Y101.16 E1824.95109
G0 F9000 X112.102 Y101.16
G1 F1500 X104.66 Y108.603 E1825.30116
G0 F9000 X104.66 Y108.037
G1 F1500 X111.536 Y101.16 E1825.62461
G0 F9000 X110.97 Y101.161
G1 F1500 X104.66 Y107.471 E1825.92141
G0 F9000 X104.66 Y106.906
G1 F1500 X110.404 Y101.161 E1826.19162
G0 F9000 X109.839 Y101.161
G1 F1500 X104.66 Y106.34 E1826.43522
G0 F9000 X104.66 Y105.774
G1 F1500 X109.273 Y101.161 E1826.6522
G0 F9000 X108.707 Y101.161
G1 F1500 X104.66 Y105.209 E1826.84259
G0 F9000 X104.66 Y104.643
G1 F1500 X108.142 Y101.161 E1827.00637
G0 F9000 X107.576 Y101.161
G1 F1500 X104.66 Y104.077 E1827.14353
G0 F9000 X104.66 Y103.511
G1 F1500 X107.01 Y101.161 E1827.25406
G0 F9000 X106.445 Y101.161
G1 F1500 X104.66 Y102.946 E1827.33803
G0 F9000 X104.646 Y102.394
G1 F1500 X105.879 Y101.161 E1827.39602
G0 F9000 X105.313 Y101.161
G1 F1500 X104.516 Y101.958 E1827.43351
G0 F9000 X104.269 Y101.639
G1 F1500 X104.747 Y101.161 E1827.45599
G0 F9000 X104.182 Y101.161
G1 F1500 X103.924 Y101.419 E1827.46813
G1 F2700 E1822.46813
G0 F9000 X103.924 Y100.701
G0 X118.8 Y100.801
G0 X119.032 Y101.871
G0 X118.339 Y105.106
G1 F2700 E1827.46813
G1 F1500 X104.607 Y118.838 E1828.11404
G0 F9000 X105.172 Y118.838
G1 F1500 X118.339 Y105.672 E1828.73335
G0 F9000 X118.339 Y106.237
G1 F1500 X105.738 Y118.838 E1829.32606
G0 F9000 X106.304 Y118.838
G1 F1500 X118.339 Y106.803 E1829.89215
G0 F9000 X118.339 Y107.369
G1 F1500 X106.869 Y118.838 E1830.43164
G0 F9000 X107.435 Y118.838
G1 F1500 X118.339 Y107.934 E1830.94453
G0 F9000 X118.339 Y108.5
G1 F1500 X108.001 Y118.838 E1831.4308
G0 F9000 X108.567 Y118.838
G1 F1500 X118.339 Y109.066 E1831.89045
G0 F9000 X118.339 Y109.631
G1 F1500 X109.132 Y118.838 E1832.32352
G0 F9000 X109.698 Y118.838
G1 F1500 X118.339 Y110.197 E1832.72996
G0 F9000 X118.339 Y110.763
G1 F1500 X110.264 Y118.838 E1833.10979
G0 F9000 X110.829 Y118.838
G1 F1500 X118.339 Y111.329 E1833.46301
G0 F9000 X118.339 Y111.894
G1 F1500 X111.395 Y118.838 E1833.78963
G0 F9000 X111.961 Y118.838
G1 F1500 X118.339 Y112.46 E1834.08964
G0 F9000 X118.339 Y113.026
G1 F1500 X112.526 Y118.838 E1834.36304
G0 F9000 X113.092 Y118.838
G1 F1500 X118.339 Y113.591 E1834.60984
G0 F9000 X118.339 Y114.157
G1 F1500 X113.658 Y118.838 E1834.83002
G0 F9000 X114.223 Y118.838
G1 F1500 X118.339 Y114.723 E1835.0236
G0 F9000 X118.339 Y115.288
G1 F1500 X114.789 Y118.838 E1835.19058
G0 F9000 X115.355 Y118.838
G1 F1500 X118.339 Y115.854 E1835.33094
G0 F9000 X118.339 Y116.42
G1 F1500 X115.92 Y118.838 E1835.4447
G0 F9000 X116.486 Y118.838
G1 F1500 X118.339 Y116.985 E1835.53186
G0 F9000 X118.34 Y117.55
G1 F1500 X117.052 Y118.838 E1835.59244
G0 F9000 X117.618 Y118.838
G1 F1500 X118.46 Y117.995 E1835.63207
G0 F9000 X118.699 Y118.323
G1 F1500 X118.183 Y118.838 E1835.65632
G0 F9000 X118.749 Y118.838
G1 F1500 X119.031 Y118.556 E1835.66958
G1 F2700 E1830.66958
G0 F9000 X119.031 Y119.299
G0 X182.157 Y119.299
G1 F2700 E1835.66958
G0 F9000 X182.157 Y118.787
G1 F1500 X190.838 Y110.105 E1836.07793
G0 F9000 X190.838 Y109.54
G1 F1500 X182.912 Y117.466 E1836.45075
G0 F9000 X182.912 Y116.901
G1 F1500 X190.838 Y108.974 E1836.82359
G0 F9000 X190.838 Y108.408
G1 F1500 X182.912 Y116.335 E1837.19643
G0 F9000 X182.912 Y115.769
G1 F1500 X190.838 Y107.842 E1837.56926
G0 F9000 X190.838 Y107.277
G1 F1500 X182.912 Y115.203 E1837.94208
G0 F9000 X182.912 Y114.638
G1 F1500 X190.838 Y106.711 E1838.31492
G0 F9000 X190.838 Y106.145
G1 F1500 X182.912 Y114.072 E1838.68776
G0 F9000 X182.912 Y113.506
G1 F1500 X190.838 Y105.58 E1839.06057
G0 F9000 X190.838 Y105.014
G1 F1500 X182.912 Y112.941 E1839.43341
G0 F9000 X182.912 Y112.375
G1 F1500 X190.838 Y104.448 E1839.80625
G0 F9000 X190.838 Y103.883
G1 F1500 X182.912 Y111.809 E1840.17906
G0 F9000 X182.912 Y111.244
G1 F1500 X190.838 Y103.317 E1840.5519
G0 F9000 X190.838 Y102.751
G1 F1500 X182.912 Y110.678 E1840.92474
G0 F9000 X182.912 Y110.112
G1 F1500 X190.838 Y102.186 E1841.29755
G0 F9000 X190.838 Y101.62
G1 F1500 X182.912 Y109.547 E1841.67039
G0 F9000 X182.912 Y108.981
G1 F1500 X190.731 Y101.162 E1842.03817
G0 F9000 X190.165 Y101.162
G1 F1500 X182.912 Y108.415 E1842.37933
G0 F9000 X182.912 Y107.85
G1 F1500 X189.6 Y101.162 E1842.69391
G0 F9000 X189.034 Y101.162
G1 F1500 X182.912 Y107.284 E1842.98187
G0 F9000 X182.912 Y106.718
G1 F1500 X188.468 Y101.162 E1843.24321
G0 F9000 X187.903 Y101.162
G1 F1500 X182.912 Y106.152 E1843.47795
G0 F9000 X182.912 Y105.587
G1 F1500 X187.337 Y101.162 E1843.68609
G0 F9000 X186.771 Y101.162
G1 F1500 X182.912 Y105.021 E1843.8676
G0 F9000 X182.912 Y104.455
G1 F1500 X186.205 Y101.162 E1844.0225
G0 F9000 X185.64 Y101.162
G1 F1500 X182.912 Y103.89 E1844.15081
G0 F9000 X182.912 Y103.324
G1 F1500 X185.074 Y101.162 E1844.25251
G0 F9000 X184.508 Y101.162
G1 F1500 X182.912 Y102.758 E1844.32758
G0 F9000 X182.868 Y102.237
G1 F1500 X183.943 Y101.162 E1844.37814
G0 F9000 X183.377 Y101.162
G1 F1500 X182.687 Y101.852 E1844.4106
G0 F9000 X182.416 Y101.557
G1 F1500 X182.811 Y101.162 E1844.42918
G0 F9000 X182.208 Y101.199
G1 F1500 X182.057 Y101.351 E1844.4363
G0 F9000 X182.057 Y100.701
G0 X191.228 Y100.773
G0 X191.3 Y110.671
G0 X190.838 Y110.671
G1 F1500 X182.671 Y118.838 E1844.82045
G0 F9000 X183.237 Y118.838
G1 F1500 X190.838 Y111.237 E1845.17798
G0 F9000 X190.838 Y111.802
G1 F1500 X183.803 Y118.838 E1845.50891
G0 F9000 X184.368 Y118.838
G1 F1500 X190.838 Y112.368 E1845.81324
G0 F9000 X190.838 Y112.934
G1 F1500 X184.934 Y118.838 E1846.09095
G0 F9000 X185.5 Y118.838
G1 F1500 X190.838 Y113.499 E1846.34205
G0 F9000 X190.838 Y114.065
G1 F1500 X186.065 Y118.838 E1846.56656
G0 F9000 X186.631 Y118.838
G1 F1500 X190.838 Y114.631 E1846.76444
G0 F9000 X190.838 Y115.196
G1 F1500 X187.196 Y118.839 E1846.93578
G0 F9000 X187.762 Y118.839
G1 F1500 X190.838 Y115.762 E1847.08048
G0 F9000 X190.838 Y116.328
G1 F1500 X188.327 Y118.839 E1847.19859
G0 F9000 X188.893 Y118.839
G1 F1500 X190.838 Y116.893 E1847.2901
G0 F9000 X190.838 Y117.459
G1 F1500 X189.459 Y118.839 E1847.35499
G0 F9000 X190.025 Y118.839
G1 F1500 X190.838 Y118.025 E1847.39326
G0 F9000 X190.838 Y118.59
G1 F1500 X190.59 Y118.839 E1847.40495
;TIME_ELAPSED:2844.829552
G1 F2700 E1842.40495
M140 S0
M107
G91 ;Relative positioning
G1 E-2 F2700 ;Retract a bit
G1 E-2 Z0.2 F2400 ;Retract and raise Z
G1 X5 Y5 F3000 ;Wipe out
G1 Z10 ;Raise Z more
G90 ;Absolute positioning

G1 X0 Y220.0 ;Present print
M106 S0 ;Turn-off fan
M104 S0 ;Turn-off hotend
M140 S0 ;Turn-off bed

M84 X Y E ;Disable all steppers but Z

M82 ;absolute extrusion mode
M104 S0
;End of Gcode
;SETTING_3 {"global_quality": "[general]\\nversion = 4\\nname = Heli Collective 
;SETTING_3 settings\\ndefinition = creality_ender3\\n\\n[metadata]\\ntype = qual
;SETTING_3 ity_changes\\nquality_type = standard\\nsetting_version = 22\\n\\n[va
;SETTING_3 lues]\\nadhesion_type = brim\\nlayer_height_0 = 0.2\\nmaterial_bed_te
;SETTING_3 mperature = 60\\nmaterial_bed_temperature_layer_0 = 60\\nsupport_enab
;SETTING_3 le = True\\nsupport_structure = normal\\nsupport_type = buildplate\\n
;SETTING_3 \\n", "extruder_quality": ["[general]\\nversion = 4\\nname = Heli Col
;SETTING_3 lective settings\\ndefinition = creality_ender3\\n\\n[metadata]\\ntyp
;SETTING_3 e = quality_changes\\nquality_type = standard\\nintent_category = def
;SETTING_3 ault\\nposition = 0\\nsetting_version = 22\\n\\n[values]\\nbrim_line_
;SETTING_3 count = 5\\ninfill_sparse_density = 30\\nsupport_bottom_enable = Fals
;SETTING_3 e\\nsupport_pattern = grid\\nsupport_roof_enable = False\\n\\n"]}
