;FLAVOR:Marlin
;TIME:5702
;Filament used: 3.76366m
;Layer height: 0.2
;MINX:33.2
;MINY:93.95
;MINZ:0.2
;MAXX:186.8
;MAXY:126.05
;MAXZ:9.4
;TARGET_MACHINE.NAME:Creality Ender-3
;Generated with Cura_SteamEngine 5.6.0
M140 S60
M105
M190 S60
M104 S200
M105
M109 S200
M82 ;absolute extrusion mode
; Ender 3 Custom Start G-code
G92 E0 ; Reset Extruder
G28 ; Home all axes
G1 Z2.0 F3000 ; Move Z Axis up little to prevent scratching of Heat Bed
G1 X0.1 Y20 Z0.3 F5000.0 ; Move to start position
G1 X0.1 Y200.0 Z0.3 F1500.0 E15 ; Draw the first line
G1 X0.4 Y200.0 Z0.3 F5000.0 ; Move to side a little
G1 X0.4 Y20 Z0.3 F1500.0 E30 ; Draw the second line
G92 E0 ; Reset Extruder
G1 Z2.0 F3000 ; Move Z Axis up little to prevent scratching of Heat Bed
G1 X5 Y20 Z0.3 F5000.0 ; Move over to prevent blob squish
G92 E0
G92 E0
G1 F2700 E-5
;LAYER_COUNT:47
;LAYER:0
M107
G0 F6000 X34.389 Y94.052 Z0.2
;TYPE:SKIRT
G1 F2700 E0
G1 F1200 X35 Y93.95 E0.0206
G1 X185.148 Y93.95 E5.01455
G1 X185.619 Y94.065 E5.03067
G1 X186.092 Y94.31 E5.04839
G1 X186.405 Y94.648 E5.06371
G1 X186.698 Y95.139 E5.08273
G1 X186.8 Y95.75 E5.10333
G1 X186.8 Y100.898 E5.27455
G1 X186.685 Y101.369 E5.29068
G1 X186.44 Y101.842 E5.3084
G1 X186.102 Y102.155 E5.32372
G1 X185.611 Y102.448 E5.34274
G1 X185 Y102.55 E5.36334
G1 X34.852 Y102.55 E10.35728
G1 X34.381 Y102.435 E10.37341
G1 X33.908 Y102.19 E10.39113
G1 X33.595 Y101.852 E10.40645
G1 X33.302 Y101.361 E10.42546
G1 X33.2 Y100.75 E10.44607
G1 X33.2 Y95.602 E10.61729
G1 X33.315 Y95.131 E10.63342
G1 X33.56 Y94.658 E10.65113
G1 X33.898 Y94.345 E10.66646
G1 X34.389 Y94.052 E10.68547
G0 F6000 X34.527 Y94.435
G1 F1200 X35 Y94.35 E10.70146
G1 X185.098 Y94.35 E15.69374
G1 X185.48 Y94.443 E15.70681
G1 X185.846 Y94.633 E15.72053
G1 X186.084 Y94.89 E15.73218
G1 X186.315 Y95.277 E15.74717
G1 X186.4 Y95.75 E15.76315
G1 X186.4 Y100.848 E15.93271
G1 X186.307 Y101.23 E15.94579
G1 X186.117 Y101.596 E15.95951
G1 X185.86 Y101.834 E15.97116
G1 X185.473 Y102.065 E15.98615
G1 X185 Y102.15 E16.00213
G1 X34.902 Y102.15 E20.99441
G1 X34.52 Y102.057 E21.00749
G1 X34.154 Y101.867 E21.0212
G1 X33.916 Y101.61 E21.03285
G1 X33.685 Y101.223 E21.04784
G1 X33.6 Y100.75 E21.06383
G1 X33.6 Y95.652 E21.23339
G1 X33.693 Y95.27 E21.24646
G1 X33.883 Y94.904 E21.26018
G1 X34.14 Y94.666 E21.27183
G1 X34.527 Y94.435 E21.28682
G0 F6000 X34.672 Y94.815
G1 F1200 X35 Y94.75 E21.29794
G1 X185.049 Y94.75 E26.28859
G1 X185.338 Y94.82 E26.29848
G1 X185.601 Y94.957 E26.30834
G1 X185.74 Y95.095 E26.31486
G1 X185.935 Y95.422 E26.32752
G1 X186 Y95.75 E26.33864
G1 X186 Y100.799 E26.50657
G1 X185.93 Y101.088 E26.51646
G1 X185.793 Y101.351 E26.52633
G1 X185.655 Y101.49 E26.53284
G1 X185.328 Y101.685 E26.54551
G1 X185 Y101.75 E26.55663
G1 X34.951 Y101.75 E31.54728
G1 X34.662 Y101.68 E31.55717
G1 X34.399 Y101.543 E31.56703
G1 X34.26 Y101.405 E31.57354
G1 X34.065 Y101.078 E31.58621
G1 X34 Y100.75 E31.59733
G1 X34 Y95.701 E31.76526
G1 X34.07 Y95.412 E31.77515
G1 X34.207 Y95.149 E31.78501
G1 X34.345 Y95.01 E31.79153
G1 X34.672 Y94.815 E31.80419
G0 F6000 X35 Y95.55
G1 F1200 X185 Y95.55 E36.79321
G1 X185.119 Y95.589 E36.79738
G1 X185.2 Y95.75 E36.80337
G1 X185.2 Y100.75 E36.96967
G1 X185.161 Y100.869 E36.97384
G1 X185 Y100.95 E36.97983
G1 X35 Y100.95 E41.96885
G1 X34.881 Y100.911 E41.97302
G1 X34.8 Y100.75 E41.97901
G1 X34.8 Y95.75 E42.14531
G1 X34.839 Y95.631 E42.14948
G1 X35 Y95.55 E42.15547
G0 F6000 X34.82 Y95.193
G1 F1200 X34.55 Y95.354 E42.16593
G1 X34.459 Y95.506 E42.17182
G1 X34.4 Y95.75 E42.18017
G1 X34.4 Y100.75 E42.34647
G1 X34.443 Y100.93 E42.35262
G1 X34.604 Y101.2 E42.36308
G1 X34.756 Y101.291 E42.36897
G1 X35 Y101.35 E42.37732
G1 X185 Y101.35 E47.36634
G1 X185.18 Y101.307 E47.3725
G1 X185.45 Y101.146 E47.38295
G1 X185.541 Y100.994 E47.38884
G1 X185.6 Y100.75 E47.39719
G1 X185.6 Y95.75 E47.56349
G1 X185.557 Y95.57 E47.56965
G1 X185.396 Y95.3 E47.58011
G1 X185.244 Y95.209 E47.586
G1 X185 Y95.15 E47.59435
G1 X35 Y95.15 E52.58337
G1 X34.82 Y95.193 E52.58952
G1 F2700 E47.58952
G0 F6000 X34.82 Y95.085
G0 X34.347 Y95.097
G0 X34.347 Y100.772
G0 X35 Y117.45
G1 F2700 E52.58952
G1 F1200 X185.148 Y117.45 E57.58347
G1 X185.619 Y117.565 E57.59959
G1 X186.092 Y117.81 E57.61731
G1 X186.405 Y118.148 E57.63263
G1 X186.698 Y118.639 E57.65165
G1 X186.8 Y119.25 E57.67225
G1 X186.8 Y124.398 E57.84347
G1 X186.685 Y124.869 E57.8596
G1 X186.44 Y125.342 E57.87732
G1 X186.102 Y125.655 E57.89264
G1 X185.611 Y125.948 E57.91166
G1 X185 Y126.05 E57.93226
G1 X34.852 Y126.05 E62.9262
G1 X34.381 Y125.935 E62.94233
G1 X33.908 Y125.69 E62.96004
G1 X33.595 Y125.352 E62.97537
G1 X33.302 Y124.861 E62.99438
G1 X33.2 Y124.25 E63.01499
G1 X33.2 Y119.102 E63.18621
G1 X33.315 Y118.631 E63.20234
G1 X33.56 Y118.158 E63.22005
G1 X33.898 Y117.845 E63.23537
G1 X34.389 Y117.552 E63.25439
G1 X35 Y117.45 E63.275
G0 F6000 X34.527 Y117.935
G1 F1200 X35 Y117.85 E63.29098
G1 X185.098 Y117.85 E68.28326
G1 X185.48 Y117.943 E68.29634
G1 X185.846 Y118.133 E68.31005
G1 X186.084 Y118.39 E68.3217
G1 X186.315 Y118.777 E68.33669
G1 X186.4 Y119.25 E68.35268
G1 X186.4 Y124.348 E68.52224
G1 X186.307 Y124.73 E68.53531
G1 X186.117 Y125.096 E68.54903
G1 X185.86 Y125.334 E68.56068
G1 X185.473 Y125.565 E68.57567
G1 X185 Y125.65 E68.59165
G1 X34.902 Y125.65 E73.58393
G1 X34.52 Y125.557 E73.59701
G1 X34.154 Y125.367 E73.61073
G1 X33.916 Y125.11 E73.62238
G1 X33.685 Y124.723 E73.63737
G1 X33.6 Y124.25 E73.65335
G1 X33.6 Y119.152 E73.82291
G1 X33.693 Y118.77 E73.83599
G1 X33.883 Y118.404 E73.8497
G1 X34.14 Y118.166 E73.86135
G1 X34.527 Y117.935 E73.87634
G0 F6000 X34.672 Y118.315
G1 F1200 X35 Y118.25 E73.88746
G1 X185.049 Y118.25 E78.87811
G1 X185.338 Y118.32 E78.888
G1 X185.601 Y118.457 E78.89787
G1 X185.74 Y118.595 E78.90438
G1 X185.935 Y118.922 E78.91705
G1 X186 Y119.25 E78.92817
G1 X186 Y124.299 E79.0961
G1 X185.93 Y124.588 E79.10599
G1 X185.793 Y124.851 E79.11585
G1 X185.655 Y124.99 E79.12236
G1 X185.328 Y125.185 E79.13503
G1 X185 Y125.25 E79.14615
G1 X34.951 Y125.25 E84.1368
G1 X34.662 Y125.18 E84.14669
G1 X34.399 Y125.043 E84.15655
G1 X34.26 Y124.905 E84.16307
G1 X34.065 Y124.578 E84.17573
G1 X34 Y124.25 E84.18685
G1 X34 Y119.201 E84.35478
G1 X34.07 Y118.912 E84.36467
G1 X34.207 Y118.649 E84.37454
G1 X34.345 Y118.51 E84.38105
G1 X34.672 Y118.315 E84.39371
G0 F6000 X35 Y119.05
G1 F1200 X185 Y119.05 E89.38273
G1 X185.119 Y119.089 E89.3869
G1 X185.2 Y119.25 E89.39289
G1 X185.2 Y124.25 E89.55919
G1 X185.161 Y124.369 E89.56336
G1 X185 Y124.45 E89.56935
G1 X35 Y124.45 E94.55837
G1 X34.881 Y124.411 E94.56254
G1 X34.8 Y124.25 E94.56853
G1 X34.8 Y119.25 E94.73483
G1 X34.839 Y119.131 E94.739
G1 X35 Y119.05 E94.74499
G0 F6000 X34.82 Y118.693
G1 F1200 X35 Y118.65 E94.75115
G1 X185 Y118.65 E99.74017
G1 X185.244 Y118.709 E99.74852
G1 X185.396 Y118.8 E99.75441
G1 X185.557 Y119.07 E99.76487
G1 X185.6 Y119.25 E99.77102
G1 X185.6 Y124.25 E99.93732
G1 X185.541 Y124.494 E99.94567
G1 X185.45 Y124.646 E99.95156
G1 X185.18 Y124.807 E99.96202
G1 X185 Y124.85 E99.96817
G1 X35 Y124.85 E104.95719
G1 X34.756 Y124.791 E104.96554
G1 X34.604 Y124.7 E104.97144
G1 X34.443 Y124.43 E104.98189
G1 X34.4 Y124.25 E104.98805
G1 X34.4 Y119.25 E105.15435
G1 X34.459 Y119.006 E105.1627
G1 X34.55 Y118.854 E105.16859
G1 X34.82 Y118.693 E105.17904
G1 F2700 E100.17904
;MESH:Garmin_GFC500 BOARDS SUPPORTS.stl
G0 F6000 X35.8 Y120.05
G0 X184.4 Y123.65
;TYPE:WALL-INNER
G1 F2700 E105.17904
G1 F1200 X184.4 Y119.85 E105.30543
G1 X35.6 Y119.85 E110.25454
G1 X35.6 Y123.65 E110.38093
G1 X184.4 Y123.65 E115.33004
G0 F6000 X184.8 Y124.05
;TYPE:WALL-OUTER
G1 F1200 X184.8 Y119.45 E115.48303
G1 X35.2 Y119.45 E120.45875
G1 X35.2 Y124.05 E120.61175
G1 X184.8 Y124.05 E125.58746
G0 F6000 X184.53 Y123.78
G0 X184.3 Y123.29
G0 X184.04 Y123.29
;TYPE:SKIN
G1 F1200 X35.96 Y123.29 E130.51262
G1 X35.96 Y120.21 E130.61507
G1 X184.04 Y120.21 E135.54023
G1 X184.04 Y123.29 E135.64267
G0 F6000 X184.3 Y123.29
G0 X184.3 Y120.482
G0 X183.839 Y120.482
G1 F1200 X183.767 Y120.41 E135.64605
G0 F6000 X183.201 Y120.41
G1 F1200 X183.839 Y121.048 E135.67606
G0 F6000 X183.839 Y121.613
G1 F1200 X182.635 Y120.41 E135.73267
G0 F6000 X182.07 Y120.41
G1 F1200 X183.839 Y122.179 E135.81588
G0 F6000 X183.839 Y122.745
G1 F1200 X181.504 Y120.41 E135.92571
G0 F6000 X180.938 Y120.41
G1 F1200 X183.617 Y123.089 E136.05172
G0 F6000 X183.052 Y123.089
G1 F1200 X180.373 Y120.41 E136.17774
G0 F6000 X179.807 Y120.41
G1 F1200 X182.486 Y123.089 E136.30375
G0 F6000 X181.92 Y123.089
G1 F1200 X179.241 Y120.41 E136.42976
G0 F6000 X178.675 Y120.41
G1 F1200 X181.355 Y123.089 E136.5558
G0 F6000 X180.789 Y123.089
G1 F1200 X178.11 Y120.41 E136.68181
G0 F6000 X177.544 Y120.41
G1 F1200 X180.223 Y123.089 E136.80782
G0 F6000 X179.658 Y123.089
G1 F1200 X176.978 Y120.41 E136.93386
G0 F6000 X176.413 Y120.41
G1 F1200 X179.092 Y123.089 E137.05987
G0 F6000 X178.526 Y123.089
G1 F1200 X175.847 Y120.41 E137.18588
G0 F6000 X175.281 Y120.41
G1 F1200 X177.961 Y123.089 E137.31191
G0 F6000 X177.395 Y123.089
G1 F1200 X174.716 Y120.41 E137.43793
G0 F6000 X174.15 Y120.41
G1 F1200 X176.829 Y123.089 E137.56394
G0 F6000 X176.264 Y123.089
G1 F1200 X173.584 Y120.41 E137.68997
G0 F6000 X173.019 Y120.41
G1 F1200 X175.698 Y123.089 E137.81599
G0 F6000 X175.132 Y123.089
G1 F1200 X172.453 Y120.41 E137.942
G0 F6000 X171.887 Y120.41
G1 F1200 X174.566 Y123.089 E138.06801
G0 F6000 X174.001 Y123.089
G1 F1200 X171.322 Y120.41 E138.19402
G0 F6000 X170.756 Y120.41
G1 F1200 X173.435 Y123.089 E138.32003
G0 F6000 X172.869 Y123.089
G1 F1200 X170.19 Y120.41 E138.44605
G0 F6000 X169.625 Y120.41
G1 F1200 X172.304 Y123.089 E138.57206
G0 F6000 X171.738 Y123.089
G1 F1200 X169.059 Y120.41 E138.69807
G0 F6000 X168.493 Y120.41
G1 F1200 X171.172 Y123.089 E138.82408
G0 F6000 X170.607 Y123.089
G1 F1200 X167.927 Y120.41 E138.95012
G0 F6000 X167.362 Y120.41
G1 F1200 X170.041 Y123.089 E139.07613
G0 F6000 X169.475 Y123.089
G1 F1200 X166.796 Y120.41 E139.20214
G0 F6000 X166.23 Y120.41
G1 F1200 X168.91 Y123.089 E139.32818
G0 F6000 X168.344 Y123.089
G1 F1200 X165.665 Y120.41 E139.45419
G0 F6000 X165.099 Y120.41
G1 F1200 X167.778 Y123.089 E139.5802
G0 F6000 X167.213 Y123.089
G1 F1200 X164.533 Y120.41 E139.70624
G0 F6000 X163.968 Y120.41
G1 F1200 X166.647 Y123.089 E139.83225
G0 F6000 X166.081 Y123.089
G1 F1200 X163.402 Y120.41 E139.95826
G0 F6000 X162.836 Y120.41
G1 F1200 X165.516 Y123.089 E140.0843
G0 F6000 X164.95 Y123.089
G1 F1200 X162.271 Y120.41 E140.21031
G0 F6000 X161.705 Y120.41
G1 F1200 X164.384 Y123.089 E140.33632
G0 F6000 X163.818 Y123.089
G1 F1200 X161.139 Y120.41 E140.46233
G0 F6000 X160.574 Y120.41
G1 F1200 X163.253 Y123.089 E140.58834
G0 F6000 X162.687 Y123.089
G1 F1200 X160.008 Y120.41 E140.71435
G0 F6000 X159.442 Y120.41
G1 F1200 X162.121 Y123.089 E140.84037
G0 F6000 X161.556 Y123.089
G1 F1200 X158.876 Y120.41 E140.9664
G0 F6000 X158.311 Y120.41
G1 F1200 X160.99 Y123.089 E141.09241
G0 F6000 X160.424 Y123.089
G1 F1200 X157.745 Y120.41 E141.21843
G0 F6000 X157.179 Y120.41
G1 F1200 X159.859 Y123.089 E141.34446
G0 F6000 X159.293 Y123.089
G1 F1200 X156.614 Y120.41 E141.47047
G0 F6000 X156.048 Y120.41
G1 F1200 X158.727 Y123.089 E141.59649
G0 F6000 X158.162 Y123.089
G1 F1200 X155.482 Y120.41 E141.72252
G0 F6000 X154.917 Y120.41
G1 F1200 X157.596 Y123.089 E141.84853
G0 F6000 X157.03 Y123.089
G1 F1200 X154.351 Y120.41 E141.97454
G0 F6000 X153.785 Y120.41
G1 F1200 X156.465 Y123.089 E142.10058
G0 F6000 X155.899 Y123.089
G1 F1200 X153.22 Y120.41 E142.22659
G0 F6000 X152.654 Y120.41
G1 F1200 X155.333 Y123.089 E142.3526
G0 F6000 X154.767 Y123.089
G1 F1200 X152.088 Y120.41 E142.47862
G0 F6000 X151.523 Y120.41
G1 F1200 X154.202 Y123.089 E142.60463
G0 F6000 X153.636 Y123.089
G1 F1200 X150.957 Y120.41 E142.73064
G0 F6000 X150.391 Y120.41
G1 F1200 X153.07 Y123.089 E142.85665
G0 F6000 X152.505 Y123.089
G1 F1200 X149.826 Y120.41 E142.98266
G0 F6000 X149.26 Y120.41
G1 F1200 X151.939 Y123.089 E143.10868
G0 F6000 X151.373 Y123.089
G1 F1200 X148.694 Y120.41 E143.23469
G0 F6000 X148.128 Y120.41
G1 F1200 X150.808 Y123.089 E143.36072
G0 F6000 X150.242 Y123.089
G1 F1200 X147.563 Y120.41 E143.48674
G0 F6000 X146.997 Y120.41
G1 F1200 X149.676 Y123.089 E143.61275
G0 F6000 X149.111 Y123.089
G1 F1200 X146.431 Y120.41 E143.73878
G0 F6000 X145.866 Y120.41
G1 F1200 X148.545 Y123.089 E143.86479
G0 F6000 X147.979 Y123.089
G1 F1200 X145.3 Y120.41 E143.99081
G0 F6000 X144.734 Y120.41
G1 F1200 X147.414 Y123.089 E144.11684
G0 F6000 X146.848 Y123.089
G1 F1200 X144.169 Y120.41 E144.24285
G0 F6000 X143.603 Y120.41
G1 F1200 X146.282 Y123.089 E144.36887
G0 F6000 X145.717 Y123.089
G1 F1200 X143.037 Y120.41 E144.4949
G0 F6000 X142.472 Y120.41
G1 F1200 X145.151 Y123.089 E144.62091
G0 F6000 X144.585 Y123.089
G1 F1200 X141.906 Y120.41 E144.74693
G0 F6000 X141.34 Y120.41
G1 F1200 X144.019 Y123.089 E144.87294
G0 F6000 X143.454 Y123.089
G1 F1200 X140.775 Y120.41 E144.99895
G0 F6000 X140.209 Y120.41
G1 F1200 X142.888 Y123.089 E145.12496
G0 F6000 X142.322 Y123.089
G1 F1200 X139.643 Y120.41 E145.25097
G0 F6000 X139.078 Y120.41
G1 F1200 X141.757 Y123.089 E145.37698
G0 F6000 X141.191 Y123.089
G1 F1200 X138.512 Y120.41 E145.503
G0 F6000 X137.946 Y120.41
G1 F1200 X140.625 Y123.089 E145.62901
G0 F6000 X140.06 Y123.089
G1 F1200 X137.38 Y120.41 E145.75504
G0 F6000 X136.815 Y120.41
G1 F1200 X139.494 Y123.089 E145.88106
G0 F6000 X138.928 Y123.089
G1 F1200 X136.249 Y120.41 E146.00707
G0 F6000 X135.683 Y120.41
G1 F1200 X138.363 Y123.089 E146.1331
G0 F6000 X137.797 Y123.089
G1 F1200 X135.118 Y120.41 E146.25912
G0 F6000 X134.552 Y120.41
G1 F1200 X137.231 Y123.089 E146.38513
G0 F6000 X136.666 Y123.089
G1 F1200 X133.986 Y120.41 E146.51116
G0 F6000 X133.421 Y120.41
G1 F1200 X136.1 Y123.089 E146.63717
G0 F6000 X135.534 Y123.089
G1 F1200 X132.855 Y120.41 E146.76319
G0 F6000 X132.289 Y120.41
G1 F1200 X134.969 Y123.089 E146.88922
G0 F6000 X134.403 Y123.089
G1 F1200 X131.724 Y120.41 E147.01523
G0 F6000 X131.158 Y120.41
G1 F1200 X133.837 Y123.089 E147.14125
G0 F6000 X133.271 Y123.089
G1 F1200 X130.592 Y120.41 E147.26726
G0 F6000 X130.027 Y120.41
G1 F1200 X132.706 Y123.089 E147.39327
G0 F6000 X132.14 Y123.089
G1 F1200 X129.461 Y120.41 E147.51928
G0 F6000 X128.895 Y120.41
G1 F1200 X131.574 Y123.089 E147.64529
G0 F6000 X131.009 Y123.089
G1 F1200 X128.329 Y120.41 E147.77133
G0 F6000 X127.764 Y120.41
G1 F1200 X130.443 Y123.089 E147.89734
G0 F6000 X129.877 Y123.089
G1 F1200 X127.198 Y120.41 E148.02335
G0 F6000 X126.632 Y120.41
G1 F1200 X129.312 Y123.089 E148.14939
G0 F6000 X128.746 Y123.089
G1 F1200 X126.067 Y120.41 E148.2754
G0 F6000 X125.501 Y120.41
G1 F1200 X128.18 Y123.089 E148.40141
G0 F6000 X127.615 Y123.089
G1 F1200 X124.935 Y120.41 E148.52745
G0 F6000 X124.37 Y120.41
G1 F1200 X127.049 Y123.089 E148.65346
G0 F6000 X126.483 Y123.089
G1 F1200 X123.804 Y120.41 E148.77947
G0 F6000 X123.238 Y120.41
G1 F1200 X125.918 Y123.089 E148.90551
G0 F6000 X125.352 Y123.089
G1 F1200 X122.673 Y120.41 E149.03152
G0 F6000 X122.107 Y120.41
G1 F1200 X124.786 Y123.089 E149.15753
G0 F6000 X124.22 Y123.089
G1 F1200 X121.541 Y120.41 E149.28354
G0 F6000 X120.976 Y120.41
G1 F1200 X123.655 Y123.089 E149.40956
G0 F6000 X123.089 Y123.089
G1 F1200 X120.41 Y120.41 E149.53557
G0 F6000 X119.844 Y120.41
G1 F1200 X122.523 Y123.089 E149.66158
G0 F6000 X121.958 Y123.089
G1 F1200 X119.279 Y120.41 E149.78759
G0 F6000 X118.713 Y120.41
G1 F1200 X121.392 Y123.089 E149.9136
G0 F6000 X120.826 Y123.089
G1 F1200 X118.147 Y120.41 E150.03962
G0 F6000 X117.581 Y120.41
G1 F1200 X120.261 Y123.089 E150.16565
G0 F6000 X119.695 Y123.089
G1 F1200 X117.016 Y120.41 E150.29166
G0 F6000 X116.45 Y120.41
G1 F1200 X119.129 Y123.089 E150.41767
G0 F6000 X118.564 Y123.089
G1 F1200 X115.884 Y120.41 E150.54371
G0 F6000 X115.319 Y120.41
G1 F1200 X117.998 Y123.089 E150.66972
G0 F6000 X117.432 Y123.089
G1 F1200 X114.753 Y120.41 E150.79573
G0 F6000 X114.187 Y120.41
G1 F1200 X116.867 Y123.089 E150.92177
G0 F6000 X116.301 Y123.089
G1 F1200 X113.622 Y120.41 E151.04778
G0 F6000 X113.056 Y120.41
G1 F1200 X115.735 Y123.089 E151.17379
G0 F6000 X115.17 Y123.089
G1 F1200 X112.49 Y120.41 E151.29983
G0 F6000 X111.925 Y120.41
G1 F1200 X114.604 Y123.089 E151.42584
G0 F6000 X114.038 Y123.089
G1 F1200 X111.359 Y120.41 E151.55185
G0 F6000 X110.793 Y120.41
G1 F1200 X113.472 Y123.089 E151.67786
G0 F6000 X112.907 Y123.089
G1 F1200 X110.228 Y120.41 E151.80388
G0 F6000 X109.661 Y120.409
G1 F1200 X112.341 Y123.089 E151.92994
G0 F6000 X111.775 Y123.089
G1 F1200 X109.095 Y120.409 E152.05599
G0 F6000 X108.53 Y120.409
G1 F1200 X111.21 Y123.089 E152.18205
G0 F6000 X110.644 Y123.089
G1 F1200 X107.964 Y120.409 E152.30811
G0 F6000 X107.398 Y120.409
G1 F1200 X110.078 Y123.089 E152.43417
G0 F6000 X109.512 Y123.088
G1 F1200 X106.833 Y120.409 E152.56018
G0 F6000 X106.267 Y120.409
G1 F1200 X108.946 Y123.088 E152.6862
G0 F6000 X108.381 Y123.088
G1 F1200 X105.701 Y120.409 E152.81223
G0 F6000 X105.136 Y120.409
G1 F1200 X107.815 Y123.088 E152.93824
G0 F6000 X107.249 Y123.088
G1 F1200 X104.57 Y120.409 E153.06425
G0 F6000 X104.004 Y120.409
G1 F1200 X106.684 Y123.088 E153.19029
G0 F6000 X106.118 Y123.088
G1 F1200 X103.439 Y120.409 E153.3163
G0 F6000 X102.873 Y120.409
G1 F1200 X105.552 Y123.088 E153.44231
G0 F6000 X104.986 Y123.088
G1 F1200 X102.307 Y120.409 E153.56833
G0 F6000 X101.742 Y120.409
G1 F1200 X104.421 Y123.088 E153.69434
G0 F6000 X103.855 Y123.088
G1 F1200 X101.176 Y120.409 E153.82035
G0 F6000 X100.61 Y120.409
G1 F1200 X103.289 Y123.088 E153.94636
G0 F6000 X102.724 Y123.088
G1 F1200 X100.045 Y120.409 E154.07237
G0 F6000 X99.479 Y120.409
G1 F1200 X102.158 Y123.088 E154.19839
G0 F6000 X101.592 Y123.088
G1 F1200 X98.913 Y120.409 E154.3244
G0 F6000 X98.347 Y120.409
G1 F1200 X101.027 Y123.088 E154.45043
G0 F6000 X100.461 Y123.088
G1 F1200 X97.782 Y120.409 E154.57644
G0 F6000 X97.216 Y120.409
G1 F1200 X99.895 Y123.088 E154.70246
G0 F6000 X99.33 Y123.088
G1 F1200 X96.65 Y120.409 E154.82849
G0 F6000 X96.085 Y120.409
G1 F1200 X98.764 Y123.088 E154.9545
G0 F6000 X98.198 Y123.088
G1 F1200 X95.519 Y120.409 E155.08052
G0 F6000 X94.953 Y120.409
G1 F1200 X97.633 Y123.088 E155.20655
G0 F6000 X97.067 Y123.088
G1 F1200 X94.388 Y120.409 E155.33256
G0 F6000 X93.822 Y120.409
G1 F1200 X96.501 Y123.088 E155.45858
G0 F6000 X95.936 Y123.088
G1 F1200 X93.256 Y120.409 E155.58461
G0 F6000 X92.691 Y120.409
G1 F1200 X95.37 Y123.088 E155.71062
G0 F6000 X94.804 Y123.088
G1 F1200 X92.125 Y120.409 E155.83664
G0 F6000 X91.559 Y120.409
G1 F1200 X94.238 Y123.088 E155.96265
G0 F6000 X93.673 Y123.088
G1 F1200 X90.994 Y120.409 E156.08866
G0 F6000 X90.428 Y120.409
G1 F1200 X93.107 Y123.088 E156.21467
G0 F6000 X92.541 Y123.088
G1 F1200 X89.862 Y120.409 E156.34068
G0 F6000 X89.296 Y120.409
G1 F1200 X91.976 Y123.088 E156.46672
G0 F6000 X91.41 Y123.088
G1 F1200 X88.731 Y120.409 E156.59273
G0 F6000 X88.165 Y120.409
G1 F1200 X90.844 Y123.088 E156.71874
G0 F6000 X90.279 Y123.088
G1 F1200 X87.599 Y120.409 E156.84478
G0 F6000 X87.034 Y120.409
G1 F1200 X89.713 Y123.088 E156.97079
G0 F6000 X89.147 Y123.088
G1 F1200 X86.468 Y120.409 E157.0968
G0 F6000 X85.902 Y120.409
G1 F1200 X88.582 Y123.088 E157.22284
G0 F6000 X88.016 Y123.088
G1 F1200 X85.337 Y120.409 E157.34885
G0 F6000 X84.771 Y120.409
G1 F1200 X87.45 Y123.088 E157.47486
G0 F6000 X86.885 Y123.088
G1 F1200 X84.205 Y120.409 E157.6009
G0 F6000 X83.64 Y120.409
G1 F1200 X86.319 Y123.088 E157.72691
G0 F6000 X85.753 Y123.088
G1 F1200 X83.074 Y120.409 E157.85292
G0 F6000 X82.508 Y120.409
G1 F1200 X85.187 Y123.088 E157.97893
G0 F6000 X84.622 Y123.088
G1 F1200 X81.943 Y120.409 E158.10494
G0 F6000 X81.377 Y120.409
G1 F1200 X84.056 Y123.088 E158.23096
G0 F6000 X83.49 Y123.088
G1 F1200 X80.811 Y120.409 E158.35697
G0 F6000 X80.246 Y120.409
G1 F1200 X82.925 Y123.088 E158.48298
G0 F6000 X82.359 Y123.088
G1 F1200 X79.68 Y120.409 E158.60899
G0 F6000 X79.114 Y120.409
G1 F1200 X81.793 Y123.088 E158.735
G0 F6000 X81.228 Y123.088
G1 F1200 X78.548 Y120.409 E158.86104
G0 F6000 X77.983 Y120.409
G1 F1200 X80.662 Y123.088 E158.98705
G0 F6000 X80.096 Y123.088
G1 F1200 X77.417 Y120.409 E159.11306
G0 F6000 X76.851 Y120.409
G1 F1200 X79.531 Y123.088 E159.2391
G0 F6000 X78.965 Y123.088
G1 F1200 X76.286 Y120.409 E159.36511
G0 F6000 X75.72 Y120.409
G1 F1200 X78.399 Y123.088 E159.49112
G0 F6000 X77.834 Y123.088
G1 F1200 X75.154 Y120.409 E159.61716
G0 F6000 X74.589 Y120.409
G1 F1200 X77.268 Y123.088 E159.74317
G0 F6000 X76.702 Y123.088
G1 F1200 X74.023 Y120.409 E159.86918
G0 F6000 X73.457 Y120.409
G1 F1200 X76.137 Y123.088 E159.99522
G0 F6000 X75.571 Y123.088
G1 F1200 X72.892 Y120.409 E160.12123
G0 F6000 X72.326 Y120.409
G1 F1200 X75.005 Y123.088 E160.24724
G0 F6000 X74.439 Y123.088
G1 F1200 X71.76 Y120.409 E160.37325
G0 F6000 X71.195 Y120.409
G1 F1200 X73.874 Y123.088 E160.49927
G0 F6000 X73.308 Y123.088
G1 F1200 X70.629 Y120.409 E160.62528
G0 F6000 X70.063 Y120.409
G1 F1200 X72.742 Y123.088 E160.75129
G0 F6000 X72.177 Y123.088
G1 F1200 X69.497 Y120.409 E160.87732
G0 F6000 X68.932 Y120.409
G1 F1200 X71.611 Y123.088 E161.00334
G0 F6000 X71.045 Y123.088
G1 F1200 X68.366 Y120.409 E161.12935
G0 F6000 X67.8 Y120.409
G1 F1200 X70.48 Y123.088 E161.25538
G0 F6000 X69.914 Y123.088
G1 F1200 X67.235 Y120.409 E161.3814
G0 F6000 X66.669 Y120.409
G1 F1200 X69.348 Y123.088 E161.50741
G0 F6000 X68.783 Y123.088
G1 F1200 X66.103 Y120.409 E161.63344
G0 F6000 X65.538 Y120.409
G1 F1200 X68.217 Y123.088 E161.75946
G0 F6000 X67.651 Y123.088
G1 F1200 X64.972 Y120.409 E161.88547
G0 F6000 X64.406 Y120.409
G1 F1200 X67.086 Y123.088 E162.0115
G0 F6000 X66.52 Y123.088
G1 F1200 X63.841 Y120.409 E162.13751
G0 F6000 X63.275 Y120.409
G1 F1200 X65.954 Y123.088 E162.26353
G0 F6000 X65.388 Y123.088
G1 F1200 X62.709 Y120.409 E162.38954
G0 F6000 X62.144 Y120.409
G1 F1200 X64.823 Y123.088 E162.51555
G0 F6000 X64.257 Y123.088
G1 F1200 X61.578 Y120.409 E162.64156
G0 F6000 X61.012 Y120.409
G1 F1200 X63.691 Y123.088 E162.76757
G0 F6000 X63.126 Y123.088
G1 F1200 X60.447 Y120.409 E162.89359
G0 F6000 X59.881 Y120.409
G1 F1200 X62.56 Y123.088 E163.0196
G0 F6000 X61.994 Y123.088
G1 F1200 X59.315 Y120.409 E163.14561
G0 F6000 X58.749 Y120.409
G1 F1200 X61.429 Y123.088 E163.27165
G0 F6000 X60.863 Y123.088
G1 F1200 X58.184 Y120.409 E163.39766
G0 F6000 X57.618 Y120.409
G1 F1200 X60.297 Y123.088 E163.52367
G0 F6000 X59.732 Y123.088
G1 F1200 X57.052 Y120.409 E163.6497
G0 F6000 X56.487 Y120.409
G1 F1200 X59.166 Y123.088 E163.77572
G0 F6000 X58.6 Y123.088
G1 F1200 X55.921 Y120.409 E163.90173
G0 F6000 X55.355 Y120.409
G1 F1200 X58.035 Y123.088 E164.02776
G0 F6000 X57.469 Y123.088
G1 F1200 X54.79 Y120.409 E164.15378
G0 F6000 X54.224 Y120.409
G1 F1200 X56.903 Y123.088 E164.27979
G0 F6000 X56.338 Y123.088
G1 F1200 X53.658 Y120.409 E164.40582
G0 F6000 X53.093 Y120.409
G1 F1200 X55.772 Y123.088 E164.53184
G0 F6000 X55.206 Y123.088
G1 F1200 X52.527 Y120.409 E164.65785
G0 F6000 X51.961 Y120.409
G1 F1200 X54.64 Y123.088 E164.78386
G0 F6000 X54.075 Y123.088
G1 F1200 X51.396 Y120.409 E164.90987
G0 F6000 X50.83 Y120.409
G1 F1200 X53.509 Y123.088 E165.03588
G0 F6000 X52.943 Y123.088
G1 F1200 X50.264 Y120.409 E165.1619
G0 F6000 X49.699 Y120.409
G1 F1200 X52.378 Y123.088 E165.28791
G0 F6000 X51.812 Y123.088
G1 F1200 X49.133 Y120.409 E165.41392
G0 F6000 X48.567 Y120.409
G1 F1200 X51.246 Y123.088 E165.53993
G0 F6000 X50.681 Y123.088
G1 F1200 X48.001 Y120.409 E165.66597
G0 F6000 X47.436 Y120.409
G1 F1200 X50.115 Y123.088 E165.79198
G0 F6000 X49.549 Y123.088
G1 F1200 X46.87 Y120.409 E165.91799
G0 F6000 X46.304 Y120.409
G1 F1200 X48.984 Y123.088 E166.04403
G0 F6000 X48.418 Y123.088
G1 F1200 X45.739 Y120.409 E166.17004
G0 F6000 X45.173 Y120.409
G1 F1200 X47.852 Y123.088 E166.29605
G0 F6000 X47.287 Y123.088
G1 F1200 X44.607 Y120.409 E166.42209
G0 F6000 X44.042 Y120.409
G1 F1200 X46.721 Y123.088 E166.5481
G0 F6000 X46.155 Y123.088
G1 F1200 X43.476 Y120.409 E166.67411
G0 F6000 X42.91 Y120.409
G1 F1200 X45.59 Y123.088 E166.80014
G0 F6000 X45.024 Y123.088
G1 F1200 X42.345 Y120.409 E166.92616
G0 F6000 X41.779 Y120.409
G1 F1200 X44.458 Y123.088 E167.05217
G0 F6000 X43.892 Y123.088
G1 F1200 X41.213 Y120.409 E167.17818
G0 F6000 X40.648 Y120.409
G1 F1200 X43.327 Y123.088 E167.30419
G0 F6000 X42.761 Y123.088
G1 F1200 X40.082 Y120.409 E167.4302
G0 F6000 X39.516 Y120.409
G1 F1200 X42.195 Y123.088 E167.55622
G0 F6000 X41.63 Y123.088
G1 F1200 X38.95 Y120.409 E167.68225
G0 F6000 X38.385 Y120.409
G1 F1200 X41.064 Y123.088 E167.80826
G0 F6000 X40.498 Y123.088
G1 F1200 X37.819 Y120.409 E167.93428
G0 F6000 X37.253 Y120.409
G1 F1200 X39.933 Y123.088 E168.06031
G0 F6000 X39.367 Y123.088
G1 F1200 X36.688 Y120.409 E168.18632
G0 F6000 X36.16 Y120.447
G1 F1200 X38.801 Y123.088 E168.31055
G0 F6000 X38.236 Y123.088
G1 F1200 X36.16 Y121.012 E168.4082
G0 F6000 X36.16 Y121.578
G1 F1200 X37.67 Y123.088 E168.47922
G0 F6000 X37.104 Y123.088
G1 F1200 X36.16 Y122.144 E168.52363
G0 F6000 X36.16 Y122.709
G1 F1200 X36.539 Y123.088 E168.54145
G1 F2700 E163.54145
G0 F6000 X36.539 Y123.55
G0 X35.772 Y123.478
G0 X35.772 Y120.022
G0 X184.4 Y119.67
G0 X184.4 Y118.585
G0 X184.4 Y101.415
G0 X184.4 Y100.15
;TYPE:WALL-INNER
G1 F2700 E168.54145
G1 F1200 X184.4 Y96.35 E168.66784
G1 X35.6 Y96.35 E173.61695
G1 X35.6 Y100.15 E173.74334
G1 X184.4 Y100.15 E178.69245
G0 F6000 X184.8 Y100.55
;TYPE:WALL-OUTER
G1 F1200 X184.8 Y95.95 E178.84544
G1 X35.2 Y95.95 E183.82116
G1 X35.2 Y100.55 E183.97415
G1 X184.8 Y100.55 E188.94987
G0 F6000 X184.53 Y100.28
G0 X184.3 Y99.79
G0 X184.04 Y99.79
;TYPE:SKIN
G1 F1200 X35.96 Y99.79 E193.87503
G1 X35.96 Y96.71 E193.97747
G1 X184.04 Y96.71 E198.90263
G1 X184.04 Y99.79 E199.00507
G0 F6000 X184.3 Y99.79
G0 X184.3 Y97.289
G0 X183.839 Y97.289
G1 F1200 X183.46 Y96.91 E199.0229
G0 F6000 X182.894 Y96.91
G1 F1200 X183.839 Y97.855 E199.06735
G0 F6000 X183.839 Y98.42
G1 F1200 X182.328 Y96.91 E199.1384
G0 F6000 X181.763 Y96.91
G1 F1200 X183.839 Y98.986 E199.23605
G0 F6000 X183.839 Y99.552
G1 F1200 X181.197 Y96.91 E199.36032
G0 F6000 X180.631 Y96.91
G1 F1200 X183.311 Y99.589 E199.48636
G0 F6000 X182.745 Y99.589
G1 F1200 X180.066 Y96.91 E199.61237
G0 F6000 X179.5 Y96.91
G1 F1200 X182.179 Y99.589 E199.73838
G0 F6000 X181.614 Y99.589
G1 F1200 X178.934 Y96.91 E199.86442
G0 F6000 X178.369 Y96.91
G1 F1200 X181.048 Y99.589 E199.99043
G0 F6000 X180.482 Y99.589
G1 F1200 X177.803 Y96.91 E200.11644
G0 F6000 X177.237 Y96.91
G1 F1200 X179.916 Y99.589 E200.24245
G0 F6000 X179.351 Y99.589
G1 F1200 X176.672 Y96.91 E200.36846
G0 F6000 X176.106 Y96.91
G1 F1200 X178.785 Y99.589 E200.49448
G0 F6000 X178.219 Y99.589
G1 F1200 X175.54 Y96.91 E200.62049
G0 F6000 X174.974 Y96.91
G1 F1200 X177.654 Y99.589 E200.74652
G0 F6000 X177.088 Y99.589
G1 F1200 X174.409 Y96.91 E200.87254
G0 F6000 X173.843 Y96.91
G1 F1200 X176.522 Y99.589 E200.99855
G0 F6000 X175.957 Y99.589
G1 F1200 X173.277 Y96.91 E201.12458
G0 F6000 X172.712 Y96.91
G1 F1200 X175.391 Y99.589 E201.25059
G0 F6000 X174.825 Y99.589
G1 F1200 X172.146 Y96.91 E201.37661
G0 F6000 X171.58 Y96.91
G1 F1200 X174.26 Y99.589 E201.50264
G0 F6000 X173.694 Y99.589
G1 F1200 X171.015 Y96.91 E201.62865
G0 F6000 X170.449 Y96.91
G1 F1200 X173.128 Y99.589 E201.75467
G0 F6000 X172.563 Y99.589
G1 F1200 X169.883 Y96.91 E201.8807
G0 F6000 X169.318 Y96.91
G1 F1200 X171.997 Y99.589 E202.00671
G0 F6000 X171.431 Y99.589
G1 F1200 X168.752 Y96.91 E202.13273
G0 F6000 X168.186 Y96.91
G1 F1200 X170.865 Y99.589 E202.25874
G0 F6000 X170.3 Y99.589
G1 F1200 X167.621 Y96.91 E202.38475
G0 F6000 X167.055 Y96.91
G1 F1200 X169.734 Y99.589 E202.51076
G0 F6000 X169.168 Y99.589
G1 F1200 X166.489 Y96.91 E202.63677
G0 F6000 X165.924 Y96.91
G1 F1200 X168.603 Y99.589 E202.76279
G0 F6000 X168.037 Y99.589
G1 F1200 X165.358 Y96.91 E202.8888
G0 F6000 X164.792 Y96.91
G1 F1200 X167.471 Y99.589 E203.01481
G0 F6000 X166.906 Y99.589
G1 F1200 X164.226 Y96.91 E203.14084
G0 F6000 X163.661 Y96.91
G1 F1200 X166.34 Y99.589 E203.26686
G0 F6000 X165.774 Y99.589
G1 F1200 X163.095 Y96.91 E203.39287
G0 F6000 X162.529 Y96.91
G1 F1200 X165.209 Y99.589 E203.5189
G0 F6000 X164.643 Y99.589
G1 F1200 X161.964 Y96.91 E203.64492
G0 F6000 X161.398 Y96.91
G1 F1200 X164.077 Y99.589 E203.77093
G0 F6000 X163.512 Y99.589
G1 F1200 X160.832 Y96.91 E203.89696
G0 F6000 X160.267 Y96.91
G1 F1200 X162.946 Y99.589 E204.02298
G0 F6000 X162.38 Y99.589
G1 F1200 X159.701 Y96.91 E204.14899
G0 F6000 X159.135 Y96.91
G1 F1200 X161.815 Y99.589 E204.27502
G0 F6000 X161.249 Y99.589
G1 F1200 X158.57 Y96.91 E204.40103
G0 F6000 X158.004 Y96.91
G1 F1200 X160.683 Y99.589 E204.52705
G0 F6000 X160.117 Y99.589
G1 F1200 X157.438 Y96.91 E204.65306
G0 F6000 X156.873 Y96.91
G1 F1200 X159.552 Y99.589 E204.77907
G0 F6000 X158.986 Y99.589
G1 F1200 X156.307 Y96.91 E204.90508
G0 F6000 X155.741 Y96.91
G1 F1200 X158.42 Y99.589 E205.03109
G0 F6000 X157.855 Y99.589
G1 F1200 X155.175 Y96.91 E205.15713
G0 F6000 X154.61 Y96.91
G1 F1200 X157.289 Y99.589 E205.28314
G0 F6000 X156.723 Y99.589
G1 F1200 X154.044 Y96.91 E205.40915
G0 F6000 X153.478 Y96.91
G1 F1200 X156.158 Y99.589 E205.53519
G0 F6000 X155.592 Y99.589
G1 F1200 X152.913 Y96.91 E205.6612
G0 F6000 X152.347 Y96.91
G1 F1200 X155.026 Y99.589 E205.78721
G0 F6000 X154.461 Y99.589
G1 F1200 X151.781 Y96.91 E205.91325
G0 F6000 X151.216 Y96.91
G1 F1200 X153.895 Y99.589 E206.03926
G0 F6000 X153.329 Y99.589
G1 F1200 X150.65 Y96.91 E206.16527
G0 F6000 X150.084 Y96.91
G1 F1200 X152.764 Y99.589 E206.29131
G0 F6000 X152.198 Y99.589
G1 F1200 X149.519 Y96.91 E206.41732
G0 F6000 X148.953 Y96.91
G1 F1200 X151.632 Y99.589 E206.54333
G0 F6000 X151.066 Y99.589
G1 F1200 X148.387 Y96.91 E206.66934
G0 F6000 X147.822 Y96.91
G1 F1200 X150.501 Y99.589 E206.79536
G0 F6000 X149.935 Y99.589
G1 F1200 X147.256 Y96.91 E206.92137
G0 F6000 X146.69 Y96.91
G1 F1200 X149.369 Y99.589 E207.04738
G0 F6000 X148.804 Y99.589
G1 F1200 X146.125 Y96.91 E207.17339
G0 F6000 X145.559 Y96.91
G1 F1200 X148.238 Y99.589 E207.2994
G0 F6000 X147.672 Y99.589
G1 F1200 X144.993 Y96.91 E207.42542
G0 F6000 X144.427 Y96.91
G1 F1200 X147.107 Y99.589 E207.55145
G0 F6000 X146.541 Y99.589
G1 F1200 X143.862 Y96.91 E207.67746
G0 F6000 X143.296 Y96.91
G1 F1200 X145.975 Y99.589 E207.80347
G0 F6000 X145.41 Y99.589
G1 F1200 X142.73 Y96.91 E207.92951
G0 F6000 X142.165 Y96.91
G1 F1200 X144.844 Y99.589 E208.05552
G0 F6000 X144.278 Y99.589
G1 F1200 X141.599 Y96.91 E208.18153
G0 F6000 X141.033 Y96.91
G1 F1200 X143.713 Y99.589 E208.30757
G0 F6000 X143.147 Y99.589
G1 F1200 X140.468 Y96.91 E208.43358
G0 F6000 X139.902 Y96.91
G1 F1200 X142.581 Y99.589 E208.55959
G0 F6000 X142.016 Y99.589
G1 F1200 X139.336 Y96.91 E208.68563
G0 F6000 X138.771 Y96.91
G1 F1200 X141.45 Y99.589 E208.81164
G0 F6000 X140.884 Y99.589
G1 F1200 X138.205 Y96.91 E208.93765
G0 F6000 X137.639 Y96.91
G1 F1200 X140.318 Y99.589 E209.06366
G0 F6000 X139.753 Y99.589
G1 F1200 X137.074 Y96.91 E209.18968
G0 F6000 X136.508 Y96.91
G1 F1200 X139.187 Y99.589 E209.31569
G0 F6000 X138.621 Y99.589
G1 F1200 X135.942 Y96.91 E209.4417
G0 F6000 X135.377 Y96.91
G1 F1200 X138.056 Y99.589 E209.56771
G0 F6000 X137.49 Y99.589
G1 F1200 X134.811 Y96.91 E209.69372
G0 F6000 X134.245 Y96.91
G1 F1200 X136.924 Y99.589 E209.81974
G0 F6000 X136.359 Y99.589
G1 F1200 X133.679 Y96.91 E209.94577
G0 F6000 X133.114 Y96.91
G1 F1200 X135.793 Y99.589 E210.07178
G0 F6000 X135.227 Y99.589
G1 F1200 X132.548 Y96.91 E210.1978
G0 F6000 X131.982 Y96.91
G1 F1200 X134.662 Y99.589 E210.32383
G0 F6000 X134.096 Y99.589
G1 F1200 X131.417 Y96.91 E210.44984
G0 F6000 X130.851 Y96.91
G1 F1200 X133.53 Y99.589 E210.57586
G0 F6000 X132.965 Y99.589
G1 F1200 X130.285 Y96.91 E210.70189
G0 F6000 X129.72 Y96.91
G1 F1200 X132.399 Y99.589 E210.8279
G0 F6000 X131.833 Y99.589
G1 F1200 X129.154 Y96.91 E210.95391
G0 F6000 X128.588 Y96.91
G1 F1200 X131.268 Y99.589 E211.07995
G0 F6000 X130.702 Y99.589
G1 F1200 X128.023 Y96.91 E211.20596
G0 F6000 X127.457 Y96.91
G1 F1200 X130.136 Y99.589 E211.33197
G0 F6000 X129.57 Y99.589
G1 F1200 X126.891 Y96.91 E211.45799
G0 F6000 X126.326 Y96.91
G1 F1200 X129.005 Y99.589 E211.584
G0 F6000 X128.439 Y99.589
G1 F1200 X125.76 Y96.91 E211.71001
G0 F6000 X125.194 Y96.91
G1 F1200 X127.873 Y99.589 E211.83602
G0 F6000 X127.308 Y99.589
G1 F1200 X124.628 Y96.91 E211.96206
G0 F6000 X124.063 Y96.91
G1 F1200 X126.742 Y99.589 E212.08807
G0 F6000 X126.176 Y99.589
G1 F1200 X123.497 Y96.91 E212.21408
G0 F6000 X122.931 Y96.91
G1 F1200 X125.611 Y99.589 E212.34012
G0 F6000 X125.045 Y99.589
G1 F1200 X122.366 Y96.91 E212.46613
G0 F6000 X121.8 Y96.91
G1 F1200 X124.479 Y99.589 E212.59214
G0 F6000 X123.914 Y99.589
G1 F1200 X121.234 Y96.91 E212.71818
G0 F6000 X120.669 Y96.91
G1 F1200 X123.348 Y99.589 E212.84419
G0 F6000 X122.782 Y99.589
G1 F1200 X120.103 Y96.91 E212.9702
G0 F6000 X119.537 Y96.91
G1 F1200 X122.217 Y99.589 E213.09624
G0 F6000 X121.651 Y99.589
G1 F1200 X118.972 Y96.91 E213.22225
G0 F6000 X118.406 Y96.91
G1 F1200 X121.085 Y99.589 E213.34826
G0 F6000 X120.519 Y99.589
G1 F1200 X117.84 Y96.91 E213.47427
G0 F6000 X117.275 Y96.91
G1 F1200 X119.954 Y99.589 E213.60028
G0 F6000 X119.388 Y99.589
G1 F1200 X116.709 Y96.91 E213.72629
G0 F6000 X116.143 Y96.91
G1 F1200 X118.822 Y99.589 E213.85231
G0 F6000 X118.257 Y99.589
G1 F1200 X115.578 Y96.91 E213.97832
G0 F6000 X115.012 Y96.91
G1 F1200 X117.691 Y99.589 E214.10433
G0 F6000 X117.125 Y99.589
G1 F1200 X114.446 Y96.91 E214.23034
G0 F6000 X113.88 Y96.91
G1 F1200 X116.56 Y99.589 E214.35638
G0 F6000 X115.994 Y99.589
G1 F1200 X113.315 Y96.91 E214.48239
G0 F6000 X112.749 Y96.91
G1 F1200 X115.428 Y99.589 E214.6084
G0 F6000 X114.863 Y99.589
G1 F1200 X112.183 Y96.91 E214.73444
G0 F6000 X111.618 Y96.91
G1 F1200 X114.297 Y99.589 E214.86045
G0 F6000 X113.731 Y99.589
G1 F1200 X111.052 Y96.91 E214.98646
G0 F6000 X110.486 Y96.91
G1 F1200 X113.166 Y99.589 E215.1125
G0 F6000 X112.6 Y99.589
G1 F1200 X109.92 Y96.909 E215.23856
G0 F6000 X109.354 Y96.909
G1 F1200 X112.034 Y99.589 E215.36461
G0 F6000 X111.469 Y99.589
G1 F1200 X108.789 Y96.909 E215.49067
G0 F6000 X108.223 Y96.909
G1 F1200 X110.903 Y99.589 E215.61673
G0 F6000 X110.337 Y99.589
G1 F1200 X107.657 Y96.909 E215.74279
G0 F6000 X107.092 Y96.909
G1 F1200 X109.771 Y99.588 E215.8688
G0 F6000 X109.205 Y99.588
G1 F1200 X106.526 Y96.909 E215.99482
G0 F6000 X105.96 Y96.909
G1 F1200 X108.639 Y99.588 E216.12083
G0 F6000 X108.074 Y99.588
G1 F1200 X105.394 Y96.909 E216.24686
G0 F6000 X104.829 Y96.909
G1 F1200 X107.508 Y99.588 E216.37287
G0 F6000 X106.942 Y99.588
G1 F1200 X104.263 Y96.909 E216.49889
G0 F6000 X103.697 Y96.909
G1 F1200 X106.377 Y99.588 E216.62492
G0 F6000 X105.811 Y99.588
G1 F1200 X103.132 Y96.909 E216.75093
G0 F6000 X102.566 Y96.909
G1 F1200 X105.245 Y99.588 E216.87695
G0 F6000 X104.68 Y99.588
G1 F1200 X102 Y96.909 E217.00298
G0 F6000 X101.435 Y96.909
G1 F1200 X104.114 Y99.588 E217.12899
G0 F6000 X103.548 Y99.588
G1 F1200 X100.869 Y96.909 E217.25501
G0 F6000 X100.303 Y96.909
G1 F1200 X102.983 Y99.588 E217.38104
G0 F6000 X102.417 Y99.588
G1 F1200 X99.738 Y96.909 E217.50705
G0 F6000 X99.172 Y96.909
G1 F1200 X101.851 Y99.588 E217.63307
G0 F6000 X101.285 Y99.588
G1 F1200 X98.606 Y96.909 E217.75908
G0 F6000 X98.041 Y96.909
G1 F1200 X100.72 Y99.588 E217.88509
G0 F6000 X100.154 Y99.588
G1 F1200 X97.475 Y96.909 E218.0111
G0 F6000 X96.909 Y96.909
G1 F1200 X99.588 Y99.588 E218.13711
G0 F6000 X99.023 Y99.588
G1 F1200 X96.344 Y96.909 E218.26312
G0 F6000 X95.778 Y96.909
G1 F1200 X98.457 Y99.588 E218.38914
G0 F6000 X97.891 Y99.588
G1 F1200 X95.212 Y96.909 E218.51515
G0 F6000 X94.646 Y96.909
G1 F1200 X97.326 Y99.588 E218.64118
G0 F6000 X96.76 Y99.588
G1 F1200 X94.081 Y96.909 E218.7672
G0 F6000 X93.515 Y96.909
G1 F1200 X96.194 Y99.588 E218.89321
G0 F6000 X95.629 Y99.588
G1 F1200 X92.949 Y96.909 E219.01924
G0 F6000 X92.384 Y96.909
G1 F1200 X95.063 Y99.588 E219.14526
G0 F6000 X94.497 Y99.588
G1 F1200 X91.818 Y96.909 E219.27127
G0 F6000 X91.252 Y96.909
G1 F1200 X93.932 Y99.588 E219.3973
G0 F6000 X93.366 Y99.588
G1 F1200 X90.687 Y96.909 E219.52331
G0 F6000 X90.121 Y96.909
G1 F1200 X92.8 Y99.588 E219.64933
G0 F6000 X92.235 Y99.588
G1 F1200 X89.555 Y96.909 E219.77536
G0 F6000 X88.99 Y96.909
G1 F1200 X91.669 Y99.588 E219.90137
G0 F6000 X91.103 Y99.588
G1 F1200 X88.424 Y96.909 E220.02739
G0 F6000 X87.858 Y96.909
G1 F1200 X90.537 Y99.588 E220.1534
G0 F6000 X89.972 Y99.588
G1 F1200 X87.293 Y96.909 E220.27941
G0 F6000 X86.727 Y96.909
G1 F1200 X89.406 Y99.588 E220.40542
G0 F6000 X88.84 Y99.588
G1 F1200 X86.161 Y96.909 E220.53143
G0 F6000 X85.595 Y96.909
G1 F1200 X88.275 Y99.588 E220.65747
G0 F6000 X87.709 Y99.588
G1 F1200 X85.03 Y96.909 E220.78348
G0 F6000 X84.464 Y96.909
G1 F1200 X87.143 Y99.588 E220.90949
G0 F6000 X86.578 Y99.588
G1 F1200 X83.898 Y96.909 E221.03553
G0 F6000 X83.333 Y96.909
G1 F1200 X86.012 Y99.588 E221.16154
G0 F6000 X85.446 Y99.588
G1 F1200 X82.767 Y96.909 E221.28755
G0 F6000 X82.201 Y96.909
G1 F1200 X84.881 Y99.588 E221.41359
G0 F6000 X84.315 Y99.588
G1 F1200 X81.636 Y96.909 E221.5396
G0 F6000 X81.07 Y96.909
G1 F1200 X83.749 Y99.588 E221.66561
G0 F6000 X83.184 Y99.588
G1 F1200 X80.504 Y96.909 E221.79165
G0 F6000 X79.939 Y96.909
G1 F1200 X82.618 Y99.588 E221.91766
G0 F6000 X82.052 Y99.588
G1 F1200 X79.373 Y96.909 E222.04367
G0 F6000 X78.807 Y96.909
G1 F1200 X81.486 Y99.588 E222.16968
G0 F6000 X80.921 Y99.588
G1 F1200 X78.242 Y96.909 E222.2957
G0 F6000 X77.676 Y96.909
G1 F1200 X80.355 Y99.588 E222.42171
G0 F6000 X79.789 Y99.588
G1 F1200 X77.11 Y96.909 E222.54772
G0 F6000 X76.545 Y96.909
G1 F1200 X79.224 Y99.588 E222.67373
G0 F6000 X78.658 Y99.588
G1 F1200 X75.979 Y96.909 E222.79974
G0 F6000 X75.413 Y96.909
G1 F1200 X78.092 Y99.588 E222.92575
G0 F6000 X77.527 Y99.588
G1 F1200 X74.847 Y96.909 E223.05179
G0 F6000 X74.282 Y96.909
G1 F1200 X76.961 Y99.588 E223.1778
G0 F6000 X76.395 Y99.588
G1 F1200 X73.716 Y96.909 E223.30381
G0 F6000 X73.15 Y96.909
G1 F1200 X75.83 Y99.588 E223.42985
G0 F6000 X75.264 Y99.588
G1 F1200 X72.585 Y96.909 E223.55586
G0 F6000 X72.019 Y96.909
G1 F1200 X74.698 Y99.588 E223.68187
G0 F6000 X74.133 Y99.588
G1 F1200 X71.453 Y96.909 E223.80791
G0 F6000 X70.888 Y96.909
G1 F1200 X73.567 Y99.588 E223.93392
G0 F6000 X73.001 Y99.588
G1 F1200 X70.322 Y96.909 E224.05993
G0 F6000 X69.756 Y96.909
G1 F1200 X72.436 Y99.588 E224.18597
G0 F6000 X71.87 Y99.588
G1 F1200 X69.191 Y96.909 E224.31198
G0 F6000 X68.625 Y96.909
G1 F1200 X71.304 Y99.588 E224.43799
G0 F6000 X70.738 Y99.588
G1 F1200 X68.059 Y96.909 E224.564
G0 F6000 X67.494 Y96.909
G1 F1200 X70.173 Y99.588 E224.69002
G0 F6000 X69.607 Y99.588
G1 F1200 X66.928 Y96.909 E224.81603
G0 F6000 X66.362 Y96.909
G1 F1200 X69.041 Y99.588 E224.94204
G0 F6000 X68.476 Y99.588
G1 F1200 X65.796 Y96.909 E225.06808
G0 F6000 X65.231 Y96.909
G1 F1200 X67.91 Y99.588 E225.19409
G0 F6000 X67.344 Y99.588
G1 F1200 X64.665 Y96.909 E225.3201
G0 F6000 X64.099 Y96.909
G1 F1200 X66.779 Y99.588 E225.44613
G0 F6000 X66.213 Y99.588
G1 F1200 X63.534 Y96.909 E225.57215
G0 F6000 X62.968 Y96.909
G1 F1200 X65.647 Y99.588 E225.69816
G0 F6000 X65.082 Y99.588
G1 F1200 X62.402 Y96.909 E225.82419
G0 F6000 X61.837 Y96.909
G1 F1200 X64.516 Y99.588 E225.95021
G0 F6000 X63.95 Y99.588
G1 F1200 X61.271 Y96.909 E226.07622
G0 F6000 X60.705 Y96.909
G1 F1200 X63.385 Y99.588 E226.20225
G0 F6000 X62.819 Y99.588
G1 F1200 X60.14 Y96.909 E226.32827
G0 F6000 X59.574 Y96.909
G1 F1200 X62.253 Y99.588 E226.45428
G0 F6000 X61.687 Y99.588
G1 F1200 X59.008 Y96.909 E226.58029
G0 F6000 X58.443 Y96.909
G1 F1200 X61.122 Y99.588 E226.7063
G0 F6000 X60.556 Y99.588
G1 F1200 X57.877 Y96.909 E226.83231
G0 F6000 X57.311 Y96.909
G1 F1200 X59.99 Y99.588 E226.95833
G0 F6000 X59.425 Y99.588
G1 F1200 X56.746 Y96.909 E227.08434
G0 F6000 X56.18 Y96.909
G1 F1200 X58.859 Y99.588 E227.21035
G0 F6000 X58.293 Y99.588
G1 F1200 X55.614 Y96.909 E227.33636
G0 F6000 X55.048 Y96.909
G1 F1200 X57.728 Y99.588 E227.4624
G0 F6000 X57.162 Y99.588
G1 F1200 X54.483 Y96.909 E227.58841
G0 F6000 X53.917 Y96.909
G1 F1200 X56.596 Y99.588 E227.71442
G0 F6000 X56.031 Y99.588
G1 F1200 X53.351 Y96.909 E227.84046
G0 F6000 X52.786 Y96.909
G1 F1200 X55.465 Y99.588 E227.96647
G0 F6000 X54.899 Y99.588
G1 F1200 X52.22 Y96.909 E228.09248
G0 F6000 X51.654 Y96.909
G1 F1200 X54.334 Y99.588 E228.21852
G0 F6000 X53.768 Y99.588
G1 F1200 X51.089 Y96.909 E228.34453
G0 F6000 X50.523 Y96.909
G1 F1200 X53.202 Y99.588 E228.47054
G0 F6000 X52.637 Y99.588
G1 F1200 X49.957 Y96.909 E228.59657
G0 F6000 X49.392 Y96.909
G1 F1200 X52.071 Y99.588 E228.72259
G0 F6000 X51.505 Y99.588
G1 F1200 X48.826 Y96.909 E228.8486
G0 F6000 X48.26 Y96.909
G1 F1200 X50.939 Y99.588 E228.97461
G0 F6000 X50.374 Y99.588
G1 F1200 X47.695 Y96.909 E229.10062
G0 F6000 X47.129 Y96.909
G1 F1200 X49.808 Y99.588 E229.22663
G0 F6000 X49.242 Y99.588
G1 F1200 X46.563 Y96.909 E229.35265
G0 F6000 X45.998 Y96.909
G1 F1200 X48.677 Y99.588 E229.47866
G0 F6000 X48.111 Y99.588
G1 F1200 X45.432 Y96.909 E229.60467
G0 F6000 X44.866 Y96.909
G1 F1200 X47.545 Y99.588 E229.73068
G0 F6000 X46.98 Y99.588
G1 F1200 X44.3 Y96.909 E229.85672
G0 F6000 X43.735 Y96.909
G1 F1200 X46.414 Y99.588 E229.98273
G0 F6000 X45.848 Y99.588
G1 F1200 X43.169 Y96.909 E230.10874
G0 F6000 X42.603 Y96.909
G1 F1200 X45.283 Y99.588 E230.23478
G0 F6000 X44.717 Y99.588
G1 F1200 X42.038 Y96.909 E230.36079
G0 F6000 X41.472 Y96.909
G1 F1200 X44.151 Y99.588 E230.4868
G0 F6000 X43.586 Y99.588
G1 F1200 X40.906 Y96.909 E230.61284
G0 F6000 X40.341 Y96.909
G1 F1200 X43.02 Y99.588 E230.73885
G0 F6000 X42.454 Y99.588
G1 F1200 X39.775 Y96.909 E230.86486
G0 F6000 X39.209 Y96.909
G1 F1200 X41.889 Y99.588 E230.9909
G0 F6000 X41.323 Y99.588
G1 F1200 X38.644 Y96.909 E231.11691
G0 F6000 X38.078 Y96.909
G1 F1200 X40.757 Y99.588 E231.24292
G0 F6000 X40.191 Y99.588
G1 F1200 X37.512 Y96.909 E231.36893
G0 F6000 X36.947 Y96.909
G1 F1200 X39.626 Y99.588 E231.49494
G0 F6000 X39.06 Y99.588
G1 F1200 X36.381 Y96.909 E231.62096
G0 F6000 X36.16 Y97.254
G1 F1200 X38.494 Y99.588 E231.73074
G0 F6000 X37.929 Y99.588
G1 F1200 X36.16 Y97.819 E231.81395
G0 F6000 X36.16 Y98.385
G1 F1200 X37.363 Y99.588 E231.87053
G0 F6000 X36.797 Y99.588
G1 F1200 X36.16 Y98.951 E231.9005
G0 F6000 X36.16 Y99.516
G1 F1200 X36.232 Y99.588 E231.90388
G1 F2700 E226.90388
;MESH:NONMESH
G0 F300 X36.232 Y99.588 Z0.4
G0 F6000 X36.232 Y100.05
G0 X184.4 Y100.15
;TIME_ELAPSED:399.502017
;LAYER:1
M106 S85
;TYPE:WALL-INNER
;MESH:Garmin_GFC500 BOARDS SUPPORTS.stl
G1 F2700 E231.90388
G1 F1350 X184.4 Y96.35 E232.03027
G1 X35.6 Y96.35 E236.97938
G1 X35.6 Y100.15 E237.10577
G1 X184.4 Y100.15 E242.05488
G0 F7500 X184.8 Y100.55
;TYPE:WALL-OUTER
G1 F1350 X184.8 Y95.95 E242.20787
G1 X35.2 Y95.95 E247.18359
G1 X35.2 Y100.55 E247.33659
G1 X184.8 Y100.55 E252.3123
G0 F7500 X184.53 Y100.28
G0 X184.3 Y99.79
G0 X184.04 Y99.79
;TYPE:SKIN
G1 F1350 X35.96 Y99.79 E257.23746
G1 X35.96 Y96.71 E257.3399
G1 X184.04 Y96.71 E262.26506
G1 X184.04 Y99.79 E262.36751
G0 F7500 X183.839 Y99.003
G1 F1350 X183.252 Y99.59 E262.39512
G0 F7500 X182.686 Y99.59
G1 F1350 X183.839 Y98.437 E262.44935
G0 F7500 X183.839 Y97.872
G1 F1350 X182.121 Y99.59 E262.53016
G0 F7500 X181.555 Y99.59
G1 F1350 X183.839 Y97.306 E262.63759
G0 F7500 X183.67 Y96.909
G1 F1350 X180.989 Y99.59 E262.7637
G0 F7500 X180.423 Y99.59
G1 F1350 X183.104 Y96.909 E262.8898
G0 F7500 X182.538 Y96.909
G1 F1350 X179.858 Y99.59 E263.01589
G0 F7500 X179.292 Y99.59
G1 F1350 X181.973 Y96.909 E263.14199
G0 F7500 X181.407 Y96.909
G1 F1350 X178.726 Y99.59 E263.2681
G0 F7500 X178.161 Y99.59
G1 F1350 X180.841 Y96.909 E263.39418
G0 F7500 X180.276 Y96.909
G1 F1350 X177.595 Y99.59 E263.52029
G0 F7500 X177.029 Y99.59
G1 F1350 X179.71 Y96.909 E263.64639
G0 F7500 X179.144 Y96.909
G1 F1350 X176.464 Y99.59 E263.77248
G0 F7500 X175.898 Y99.59
G1 F1350 X178.579 Y96.909 E263.89858
G0 F7500 X178.013 Y96.909
G1 F1350 X175.332 Y99.59 E264.02469
G0 F7500 X174.767 Y99.59
G1 F1350 X177.447 Y96.909 E264.15077
G0 F7500 X176.882 Y96.909
G1 F1350 X174.201 Y99.59 E264.27688
G0 F7500 X173.635 Y99.59
G1 F1350 X176.316 Y96.909 E264.40298
G0 F7500 X175.75 Y96.909
G1 F1350 X173.07 Y99.59 E264.52906
G0 F7500 X172.504 Y99.59
G1 F1350 X175.184 Y96.909 E264.65515
G0 F7500 X174.619 Y96.909
G1 F1350 X171.938 Y99.59 E264.78125
G0 F7500 X171.372 Y99.59
G1 F1350 X174.053 Y96.909 E264.90736
G0 F7500 X173.487 Y96.909
G1 F1350 X170.807 Y99.59 E265.03344
G0 F7500 X170.241 Y99.59
G1 F1350 X172.922 Y96.909 E265.15955
G0 F7500 X172.356 Y96.909
G1 F1350 X169.675 Y99.59 E265.28565
G0 F7500 X169.11 Y99.59
G1 F1350 X171.79 Y96.909 E265.41174
G0 F7500 X171.225 Y96.909
G1 F1350 X168.544 Y99.59 E265.53784
G0 F7500 X167.978 Y99.59
G1 F1350 X170.659 Y96.909 E265.66395
G0 F7500 X170.093 Y96.909
G1 F1350 X167.413 Y99.59 E265.79003
G0 F7500 X166.847 Y99.59
G1 F1350 X169.528 Y96.909 E265.91614
G0 F7500 X168.962 Y96.909
G1 F1350 X166.281 Y99.59 E266.04224
G0 F7500 X165.716 Y99.59
G1 F1350 X168.396 Y96.909 E266.16833
G0 F7500 X167.831 Y96.909
G1 F1350 X165.15 Y99.59 E266.29443
G0 F7500 X164.584 Y99.59
G1 F1350 X167.265 Y96.909 E266.42054
G0 F7500 X166.699 Y96.909
G1 F1350 X164.019 Y99.59 E266.54662
G0 F7500 X163.453 Y99.59
G1 F1350 X166.134 Y96.909 E266.67273
G0 F7500 X165.568 Y96.909
G1 F1350 X162.887 Y99.59 E266.79883
G0 F7500 X162.322 Y99.59
G1 F1350 X165.002 Y96.909 E266.92491
G0 F7500 X164.436 Y96.909
G1 F1350 X161.756 Y99.59 E267.051
G0 F7500 X161.19 Y99.59
G1 F1350 X163.871 Y96.909 E267.1771
G0 F7500 X163.305 Y96.909
G1 F1350 X160.624 Y99.59 E267.30321
G0 F7500 X160.059 Y99.59
G1 F1350 X162.739 Y96.909 E267.42929
G0 F7500 X162.174 Y96.909
G1 F1350 X159.493 Y99.59 E267.5554
G0 F7500 X158.927 Y99.59
G1 F1350 X161.608 Y96.909 E267.6815
G0 F7500 X161.042 Y96.909
G1 F1350 X158.362 Y99.59 E267.80759
G0 F7500 X157.796 Y99.59
G1 F1350 X160.477 Y96.909 E267.93369
G0 F7500 X159.911 Y96.909
G1 F1350 X157.23 Y99.59 E268.0598
G0 F7500 X156.665 Y99.59
G1 F1350 X159.345 Y96.909 E268.18588
G0 F7500 X158.78 Y96.909
G1 F1350 X156.099 Y99.59 E268.31199
G0 F7500 X155.533 Y99.59
G1 F1350 X158.214 Y96.909 E268.43809
G0 F7500 X157.648 Y96.909
G1 F1350 X154.968 Y99.59 E268.56417
G0 F7500 X154.402 Y99.59
G1 F1350 X157.083 Y96.909 E268.69028
G0 F7500 X156.517 Y96.909
G1 F1350 X153.836 Y99.59 E268.81639
G0 F7500 X153.271 Y99.59
G1 F1350 X155.951 Y96.909 E268.94247
G0 F7500 X155.386 Y96.909
G1 F1350 X152.705 Y99.59 E269.06858
G0 F7500 X152.139 Y99.59
G1 F1350 X154.82 Y96.909 E269.19468
G0 F7500 X154.254 Y96.909
G1 F1350 X151.573 Y99.59 E269.32079
G0 F7500 X151.008 Y99.59
G1 F1350 X153.688 Y96.909 E269.44687
G0 F7500 X153.123 Y96.909
G1 F1350 X150.442 Y99.59 E269.57298
G0 F7500 X149.876 Y99.59
G1 F1350 X152.557 Y96.909 E269.69908
G0 F7500 X151.991 Y96.909
G1 F1350 X149.311 Y99.59 E269.82516
G0 F7500 X148.745 Y99.59
G1 F1350 X151.426 Y96.909 E269.95127
G0 F7500 X150.86 Y96.909
G1 F1350 X148.179 Y99.59 E270.07738
G0 F7500 X147.614 Y99.59
G1 F1350 X150.294 Y96.909 E270.20346
G0 F7500 X149.729 Y96.909
G1 F1350 X147.048 Y99.59 E270.32957
G0 F7500 X146.482 Y99.59
G1 F1350 X149.163 Y96.909 E270.45567
G0 F7500 X148.597 Y96.909
G1 F1350 X145.917 Y99.59 E270.58175
G0 F7500 X145.351 Y99.59
G1 F1350 X148.032 Y96.909 E270.70786
G0 F7500 X147.466 Y96.909
G1 F1350 X144.785 Y99.59 E270.83397
G0 F7500 X144.22 Y99.59
G1 F1350 X146.9 Y96.909 E270.96005
G0 F7500 X146.335 Y96.909
G1 F1350 X143.654 Y99.59 E271.08615
G0 F7500 X143.088 Y99.59
G1 F1350 X145.769 Y96.909 E271.21226
G0 F7500 X145.203 Y96.909
G1 F1350 X142.523 Y99.59 E271.33834
G0 F7500 X141.957 Y99.59
G1 F1350 X144.637 Y96.909 E271.46443
G0 F7500 X144.072 Y96.909
G1 F1350 X141.391 Y99.59 E271.59053
G0 F7500 X140.825 Y99.59
G1 F1350 X143.506 Y96.909 E271.71664
G0 F7500 X142.94 Y96.909
G1 F1350 X140.26 Y99.59 E271.84272
G0 F7500 X139.694 Y99.59
G1 F1350 X142.375 Y96.909 E271.96883
G0 F7500 X141.809 Y96.909
G1 F1350 X139.128 Y99.59 E272.09493
G0 F7500 X138.563 Y99.59
G1 F1350 X141.243 Y96.909 E272.22101
G0 F7500 X140.678 Y96.909
G1 F1350 X137.997 Y99.59 E272.34712
G0 F7500 X137.431 Y99.59
G1 F1350 X140.112 Y96.909 E272.47323
G0 F7500 X139.546 Y96.909
G1 F1350 X136.866 Y99.59 E272.59931
G0 F7500 X136.3 Y99.59
G1 F1350 X138.981 Y96.909 E272.72541
G0 F7500 X138.415 Y96.909
G1 F1350 X135.734 Y99.59 E272.85152
G0 F7500 X135.169 Y99.59
G1 F1350 X137.849 Y96.909 E272.9776
G0 F7500 X137.284 Y96.909
G1 F1350 X134.603 Y99.59 E273.10371
G0 F7500 X134.037 Y99.59
G1 F1350 X136.718 Y96.909 E273.22982
G0 F7500 X136.152 Y96.909
G1 F1350 X133.472 Y99.59 E273.3559
G0 F7500 X132.906 Y99.59
G1 F1350 X135.587 Y96.909 E273.482
G0 F7500 X135.021 Y96.909
G1 F1350 X132.34 Y99.59 E273.60811
G0 F7500 X131.775 Y99.59
G1 F1350 X134.455 Y96.909 E273.73419
G0 F7500 X133.889 Y96.909
G1 F1350 X131.209 Y99.59 E273.86027
G0 F7500 X130.643 Y99.59
G1 F1350 X133.324 Y96.909 E273.98638
G0 F7500 X132.758 Y96.909
G1 F1350 X130.077 Y99.59 E274.11249
G0 F7500 X129.512 Y99.59
G1 F1350 X132.192 Y96.909 E274.23857
G0 F7500 X131.627 Y96.909
G1 F1350 X128.946 Y99.59 E274.36468
G0 F7500 X128.38 Y99.59
G1 F1350 X131.061 Y96.909 E274.49078
G0 F7500 X130.495 Y96.909
G1 F1350 X127.815 Y99.59 E274.61686
G0 F7500 X127.249 Y99.59
G1 F1350 X129.93 Y96.909 E274.74297
G0 F7500 X129.364 Y96.909
G1 F1350 X126.683 Y99.59 E274.86908
G0 F7500 X126.118 Y99.59
G1 F1350 X128.798 Y96.909 E274.99516
G0 F7500 X128.233 Y96.909
G1 F1350 X125.552 Y99.59 E275.12126
G0 F7500 X124.986 Y99.59
G1 F1350 X127.667 Y96.909 E275.24737
G0 F7500 X127.101 Y96.909
G1 F1350 X124.421 Y99.59 E275.37345
G0 F7500 X123.855 Y99.59
G1 F1350 X126.536 Y96.909 E275.49956
G0 F7500 X125.97 Y96.909
G1 F1350 X123.289 Y99.59 E275.62567
G0 F7500 X122.724 Y99.59
G1 F1350 X125.404 Y96.909 E275.75175
G0 F7500 X124.838 Y96.909
G1 F1350 X122.158 Y99.59 E275.87783
G0 F7500 X121.592 Y99.59
G1 F1350 X124.273 Y96.909 E276.00394
G0 F7500 X123.707 Y96.909
G1 F1350 X121.026 Y99.59 E276.13004
G0 F7500 X120.461 Y99.59
G1 F1350 X123.141 Y96.909 E276.25612
G0 F7500 X122.576 Y96.909
G1 F1350 X119.895 Y99.59 E276.38223
G0 F7500 X119.329 Y99.59
G1 F1350 X122.01 Y96.909 E276.50834
G0 F7500 X121.444 Y96.909
G1 F1350 X118.764 Y99.59 E276.63442
G0 F7500 X118.198 Y99.59
G1 F1350 X120.879 Y96.909 E276.76053
G0 F7500 X120.313 Y96.909
G1 F1350 X117.632 Y99.59 E276.88663
G0 F7500 X117.067 Y99.59
G1 F1350 X119.747 Y96.909 E277.01271
G0 F7500 X119.182 Y96.909
G1 F1350 X116.501 Y99.59 E277.13882
G0 F7500 X115.935 Y99.59
G1 F1350 X118.616 Y96.909 E277.26493
G0 F7500 X118.05 Y96.909
G1 F1350 X115.37 Y99.59 E277.39101
G0 F7500 X114.804 Y99.59
G1 F1350 X117.485 Y96.909 E277.51711
G0 F7500 X116.919 Y96.909
G1 F1350 X114.238 Y99.59 E277.64322
G0 F7500 X113.673 Y99.59
G1 F1350 X116.353 Y96.909 E277.7693
G0 F7500 X115.788 Y96.909
G1 F1350 X113.107 Y99.59 E277.89541
G0 F7500 X112.541 Y99.59
G1 F1350 X115.222 Y96.909 E278.02151
G0 F7500 X114.656 Y96.909
G1 F1350 X111.976 Y99.59 E278.1476
G0 F7500 X111.41 Y99.59
G1 F1350 X114.09 Y96.909 E278.27368
G0 F7500 X113.525 Y96.909
G1 F1350 X110.844 Y99.59 E278.39979
G0 F7500 X110.278 Y99.59
G1 F1350 X112.959 Y96.909 E278.52589
G0 F7500 X112.393 Y96.909
G1 F1350 X109.713 Y99.589 E278.65195
G0 F7500 X109.148 Y99.589
G1 F1350 X111.828 Y96.909 E278.77801
G0 F7500 X111.262 Y96.909
G1 F1350 X108.582 Y99.589 E278.90407
G0 F7500 X108.016 Y99.589
G1 F1350 X110.696 Y96.909 E279.03013
G0 F7500 X110.131 Y96.909
G1 F1350 X107.451 Y99.589 E279.15619
G0 F7500 X106.885 Y99.589
G1 F1350 X109.566 Y96.908 E279.28229
G0 F7500 X109 Y96.908
G1 F1350 X106.319 Y99.589 E279.4084
G0 F7500 X105.754 Y99.589
G1 F1350 X108.434 Y96.908 E279.53448
G0 F7500 X107.869 Y96.908
G1 F1350 X105.188 Y99.589 E279.66059
G0 F7500 X104.622 Y99.589
G1 F1350 X107.303 Y96.908 E279.78669
G0 F7500 X106.737 Y96.908
G1 F1350 X104.057 Y99.589 E279.91278
G0 F7500 X103.491 Y99.589
G1 F1350 X106.172 Y96.908 E280.03888
G0 F7500 X105.606 Y96.908
G1 F1350 X102.925 Y99.589 E280.16499
G0 F7500 X102.36 Y99.589
G1 F1350 X105.04 Y96.908 E280.29107
G0 F7500 X104.475 Y96.908
G1 F1350 X101.794 Y99.589 E280.41718
G0 F7500 X101.228 Y99.589
G1 F1350 X103.909 Y96.908 E280.54328
G0 F7500 X103.343 Y96.908
G1 F1350 X100.663 Y99.589 E280.66937
G0 F7500 X100.097 Y99.589
G1 F1350 X102.777 Y96.908 E280.79545
G0 F7500 X102.212 Y96.908
G1 F1350 X99.531 Y99.589 E280.92155
G0 F7500 X98.965 Y99.589
G1 F1350 X101.646 Y96.908 E281.04766
G0 F7500 X101.08 Y96.908
G1 F1350 X98.4 Y99.589 E281.17374
G0 F7500 X97.834 Y99.589
G1 F1350 X100.515 Y96.908 E281.29985
G0 F7500 X99.949 Y96.908
G1 F1350 X97.268 Y99.589 E281.42595
G0 F7500 X96.703 Y99.589
G1 F1350 X99.383 Y96.908 E281.55204
G0 F7500 X98.818 Y96.908
G1 F1350 X96.137 Y99.589 E281.67814
G0 F7500 X95.571 Y99.589
G1 F1350 X98.252 Y96.908 E281.80425
G0 F7500 X97.686 Y96.908
G1 F1350 X95.006 Y99.589 E281.93033
G0 F7500 X94.44 Y99.589
G1 F1350 X97.121 Y96.908 E282.05644
G0 F7500 X96.555 Y96.908
G1 F1350 X93.874 Y99.589 E282.18254
G0 F7500 X93.309 Y99.589
G1 F1350 X95.989 Y96.908 E282.30863
G0 F7500 X95.424 Y96.908
G1 F1350 X92.743 Y99.589 E282.43473
G0 F7500 X92.177 Y99.589
G1 F1350 X94.858 Y96.908 E282.56084
G0 F7500 X94.292 Y96.908
G1 F1350 X91.612 Y99.589 E282.68692
G0 F7500 X91.046 Y99.589
G1 F1350 X93.727 Y96.908 E282.81303
G0 F7500 X93.161 Y96.908
G1 F1350 X90.48 Y99.589 E282.93913
G0 F7500 X89.914 Y99.589
G1 F1350 X92.595 Y96.908 E283.06524
G0 F7500 X92.029 Y96.908
G1 F1350 X89.349 Y99.589 E283.19132
G0 F7500 X88.783 Y99.589
G1 F1350 X91.464 Y96.908 E283.31743
G0 F7500 X90.898 Y96.908
G1 F1350 X88.217 Y99.589 E283.44353
G0 F7500 X87.652 Y99.589
G1 F1350 X90.332 Y96.908 E283.56962
G0 F7500 X89.767 Y96.908
G1 F1350 X87.086 Y99.589 E283.69572
G0 F7500 X86.52 Y99.589
G1 F1350 X89.201 Y96.908 E283.82183
G0 F7500 X88.635 Y96.908
G1 F1350 X85.955 Y99.589 E283.94791
G0 F7500 X85.389 Y99.589
G1 F1350 X88.07 Y96.908 E284.07402
G0 F7500 X87.504 Y96.908
G1 F1350 X84.823 Y99.589 E284.20012
G0 F7500 X84.258 Y99.589
G1 F1350 X86.938 Y96.908 E284.3262
G0 F7500 X86.373 Y96.908
G1 F1350 X83.692 Y99.589 E284.45231
G0 F7500 X83.126 Y99.589
G1 F1350 X85.807 Y96.908 E284.57842
G0 F7500 X85.241 Y96.908
G1 F1350 X82.561 Y99.589 E284.7045
G0 F7500 X81.995 Y99.589
G1 F1350 X84.676 Y96.908 E284.83061
G0 F7500 X84.11 Y96.908
G1 F1350 X81.429 Y99.589 E284.95671
G0 F7500 X80.864 Y99.589
G1 F1350 X83.544 Y96.908 E285.08279
G0 F7500 X82.978 Y96.908
G1 F1350 X80.298 Y99.589 E285.20888
G0 F7500 X79.732 Y99.589
G1 F1350 X82.413 Y96.908 E285.33498
G0 F7500 X81.847 Y96.908
G1 F1350 X79.166 Y99.589 E285.46109
G0 F7500 X78.601 Y99.589
G1 F1350 X81.281 Y96.908 E285.58717
G0 F7500 X80.716 Y96.908
G1 F1350 X78.035 Y99.589 E285.71328
G0 F7500 X77.469 Y99.589
G1 F1350 X80.15 Y96.908 E285.83938
G0 F7500 X79.584 Y96.908
G1 F1350 X76.904 Y99.589 E285.96547
G0 F7500 X76.338 Y99.589
G1 F1350 X79.019 Y96.908 E286.09157
G0 F7500 X78.453 Y96.908
G1 F1350 X75.772 Y99.589 E286.21768
G0 F7500 X75.207 Y99.589
G1 F1350 X77.887 Y96.908 E286.34376
G0 F7500 X77.322 Y96.908
G1 F1350 X74.641 Y99.589 E286.46987
G0 F7500 X74.075 Y99.589
G1 F1350 X76.756 Y96.908 E286.59597
G0 F7500 X76.19 Y96.908
G1 F1350 X73.51 Y99.589 E286.72205
G0 F7500 X72.944 Y99.589
G1 F1350 X75.625 Y96.908 E286.84816
G0 F7500 X75.059 Y96.908
G1 F1350 X72.378 Y99.589 E286.97427
G0 F7500 X71.813 Y99.589
G1 F1350 X74.493 Y96.908 E287.10035
G0 F7500 X73.928 Y96.908
G1 F1350 X71.247 Y99.589 E287.22645
G0 F7500 X70.681 Y99.589
G1 F1350 X73.362 Y96.908 E287.35256
G0 F7500 X72.796 Y96.908
G1 F1350 X70.116 Y99.589 E287.47864
G0 F7500 X69.55 Y99.589
G1 F1350 X72.23 Y96.908 E287.60473
G0 F7500 X71.665 Y96.908
G1 F1350 X68.984 Y99.589 E287.73083
G0 F7500 X68.418 Y99.589
G1 F1350 X71.099 Y96.908 E287.85694
G0 F7500 X70.533 Y96.908
G1 F1350 X67.853 Y99.589 E287.98302
G0 F7500 X67.287 Y99.589
G1 F1350 X69.968 Y96.908 E288.10913
G0 F7500 X69.402 Y96.908
G1 F1350 X66.721 Y99.589 E288.23523
G0 F7500 X66.156 Y99.589
G1 F1350 X68.836 Y96.908 E288.36131
G0 F7500 X68.271 Y96.908
G1 F1350 X65.59 Y99.589 E288.48742
G0 F7500 X65.024 Y99.589
G1 F1350 X67.705 Y96.908 E288.61353
G0 F7500 X67.139 Y96.908
G1 F1350 X64.459 Y99.589 E288.73961
G0 F7500 X63.893 Y99.589
G1 F1350 X66.574 Y96.908 E288.86572
G0 F7500 X66.008 Y96.908
G1 F1350 X63.327 Y99.589 E288.99182
G0 F7500 X62.762 Y99.589
G1 F1350 X65.442 Y96.908 E289.1179
G0 F7500 X64.877 Y96.908
G1 F1350 X62.196 Y99.589 E289.24401
G0 F7500 X61.63 Y99.589
G1 F1350 X64.311 Y96.908 E289.37012
G0 F7500 X63.745 Y96.908
G1 F1350 X61.065 Y99.589 E289.4962
G0 F7500 X60.499 Y99.589
G1 F1350 X63.179 Y96.908 E289.62228
G0 F7500 X62.614 Y96.908
G1 F1350 X59.933 Y99.589 E289.74839
G0 F7500 X59.367 Y99.589
G1 F1350 X62.048 Y96.908 E289.87449
G0 F7500 X61.482 Y96.908
G1 F1350 X58.802 Y99.589 E290.00058
G0 F7500 X58.236 Y99.589
G1 F1350 X60.917 Y96.908 E290.12668
G0 F7500 X60.351 Y96.908
G1 F1350 X57.67 Y99.589 E290.25279
G0 F7500 X57.105 Y99.589
G1 F1350 X59.785 Y96.908 E290.37887
G0 F7500 X59.22 Y96.908
G1 F1350 X56.539 Y99.589 E290.50498
G0 F7500 X55.973 Y99.589
G1 F1350 X58.654 Y96.908 E290.63108
G0 F7500 X58.088 Y96.908
G1 F1350 X55.408 Y99.589 E290.75716
G0 F7500 X54.842 Y99.589
G1 F1350 X57.523 Y96.908 E290.88327
G0 F7500 X56.957 Y96.908
G1 F1350 X54.276 Y99.589 E291.00938
G0 F7500 X53.711 Y99.589
G1 F1350 X56.391 Y96.908 E291.13546
G0 F7500 X55.826 Y96.908
G1 F1350 X53.145 Y99.589 E291.26157
G0 F7500 X52.579 Y99.589
G1 F1350 X55.26 Y96.908 E291.38767
G0 F7500 X54.694 Y96.908
G1 F1350 X52.014 Y99.589 E291.51375
G0 F7500 X51.448 Y99.589
G1 F1350 X54.129 Y96.908 E291.63986
G0 F7500 X53.563 Y96.908
G1 F1350 X50.882 Y99.589 E291.76597
G0 F7500 X50.317 Y99.589
G1 F1350 X52.997 Y96.908 E291.89205
G0 F7500 X52.431 Y96.908
G1 F1350 X49.751 Y99.589 E292.01813
G0 F7500 X49.185 Y99.589
G1 F1350 X51.866 Y96.908 E292.14424
G0 F7500 X51.3 Y96.908
G1 F1350 X48.619 Y99.589 E292.27034
G0 F7500 X48.054 Y99.589
G1 F1350 X50.734 Y96.908 E292.39643
G0 F7500 X50.169 Y96.908
G1 F1350 X47.488 Y99.589 E292.52253
G0 F7500 X46.922 Y99.589
G1 F1350 X49.603 Y96.908 E292.64864
G0 F7500 X49.037 Y96.908
G1 F1350 X46.357 Y99.589 E292.77472
G0 F7500 X45.791 Y99.589
G1 F1350 X48.472 Y96.908 E292.90083
G0 F7500 X47.906 Y96.908
G1 F1350 X45.225 Y99.589 E293.02693
G0 F7500 X44.66 Y99.589
G1 F1350 X47.34 Y96.908 E293.15301
G0 F7500 X46.775 Y96.908
G1 F1350 X44.094 Y99.589 E293.27912
G0 F7500 X43.528 Y99.589
G1 F1350 X46.209 Y96.908 E293.40523
G0 F7500 X45.643 Y96.908
G1 F1350 X42.963 Y99.589 E293.53131
G0 F7500 X42.397 Y99.589
G1 F1350 X45.078 Y96.908 E293.65742
G0 F7500 X44.512 Y96.908
G1 F1350 X41.831 Y99.589 E293.78352
G0 F7500 X41.266 Y99.589
G1 F1350 X43.946 Y96.908 E293.9096
G0 F7500 X43.381 Y96.908
G1 F1350 X40.7 Y99.589 E294.03571
G0 F7500 X40.134 Y99.589
G1 F1350 X42.815 Y96.908 E294.16182
G0 F7500 X42.249 Y96.908
G1 F1350 X39.568 Y99.589 E294.28792
G0 F7500 X39.003 Y99.589
G1 F1350 X41.683 Y96.908 E294.414
G0 F7500 X41.118 Y96.908
G1 F1350 X38.437 Y99.589 E294.54011
G0 F7500 X37.871 Y99.589
G1 F1350 X40.552 Y96.908 E294.66622
G0 F7500 X39.986 Y96.908
G1 F1350 X37.306 Y99.589 E294.7923
G0 F7500 X36.74 Y99.589
G1 F1350 X39.421 Y96.908 E294.9184
G0 F7500 X38.855 Y96.908
G1 F1350 X36.174 Y99.589 E295.04451
G0 F7500 X36.16 Y99.038
G1 F1350 X38.289 Y96.908 E295.14468
G0 F7500 X37.724 Y96.908
G1 F1350 X36.16 Y98.473 E295.21827
G0 F7500 X36.16 Y97.907
G1 F1350 X37.158 Y96.908 E295.26523
G0 F7500 X36.592 Y96.908
G1 F1350 X36.16 Y97.341 E295.28558
G1 F2700 E290.28558
G0 F7500 X35.7 Y97.341
G0 X35.772 Y99.978
G0 X184.4 Y100.33
G0 X184.4 Y101.415
G0 X184.4 Y118.585
G0 X184.4 Y123.65
;TYPE:WALL-INNER
G1 F2700 E295.28558
G1 F1350 X184.4 Y119.85 E295.41196
G1 X35.6 Y119.85 E300.36107
G1 X35.6 Y123.65 E300.48746
G1 X184.4 Y123.65 E305.43657
G0 F7500 X184.8 Y124.05
;TYPE:WALL-OUTER
G1 F1350 X184.8 Y119.45 E305.58956
G1 X35.2 Y119.45 E310.56528
G1 X35.2 Y124.05 E310.71828
G1 X184.8 Y124.05 E315.69399
G0 F7500 X184.53 Y123.78
G0 X184.3 Y123.29
G0 X184.04 Y123.29
;TYPE:SKIN
G1 F1350 X35.96 Y123.29 E320.61915
G1 X35.96 Y120.21 E320.7216
G1 X184.04 Y120.21 E325.64676
G1 X184.04 Y123.29 E325.7492
G0 F7500 X183.839 Y122.762
G1 F1350 X183.511 Y123.09 E325.76463
G0 F7500 X182.945 Y123.09
G1 F1350 X183.839 Y122.196 E325.80668
G0 F7500 X183.839 Y121.63
G1 F1350 X182.379 Y123.09 E325.87535
G0 F7500 X181.814 Y123.09
G1 F1350 X183.839 Y121.065 E325.9706
G0 F7500 X183.839 Y120.499
G1 F1350 X181.248 Y123.09 E326.09247
G0 F7500 X180.682 Y123.09
G1 F1350 X183.363 Y120.409 E326.21858
G0 F7500 X182.797 Y120.409
G1 F1350 X180.117 Y123.09 E326.34466
G0 F7500 X179.551 Y123.09
G1 F1350 X182.232 Y120.409 E326.47077
G0 F7500 X181.666 Y120.409
G1 F1350 X178.985 Y123.09 E326.59687
G0 F7500 X178.42 Y123.09
G1 F1350 X181.1 Y120.409 E326.72296
G0 F7500 X180.534 Y120.409
G1 F1350 X177.854 Y123.09 E326.84904
G0 F7500 X177.288 Y123.09
G1 F1350 X179.969 Y120.409 E326.97515
G0 F7500 X179.403 Y120.409
G1 F1350 X176.722 Y123.09 E327.10125
G0 F7500 X176.157 Y123.09
G1 F1350 X178.837 Y120.409 E327.22733
G0 F7500 X178.272 Y120.409
G1 F1350 X175.591 Y123.09 E327.35344
G0 F7500 X175.025 Y123.09
G1 F1350 X177.706 Y120.409 E327.47955
G0 F7500 X177.14 Y120.409
G1 F1350 X174.46 Y123.09 E327.60563
G0 F7500 X173.894 Y123.09
G1 F1350 X176.575 Y120.409 E327.73173
G0 F7500 X176.009 Y120.409
G1 F1350 X173.328 Y123.09 E327.85784
G0 F7500 X172.763 Y123.09
G1 F1350 X175.443 Y120.409 E327.98392
G0 F7500 X174.878 Y120.409
G1 F1350 X172.197 Y123.09 E328.11003
G0 F7500 X171.631 Y123.09
G1 F1350 X174.312 Y120.409 E328.23613
G0 F7500 X173.746 Y120.409
G1 F1350 X171.066 Y123.09 E328.36222
G0 F7500 X170.5 Y123.09
G1 F1350 X173.181 Y120.409 E328.48832
G0 F7500 X172.615 Y120.409
G1 F1350 X169.934 Y123.09 E328.61443
G0 F7500 X169.369 Y123.09
G1 F1350 X172.049 Y120.409 E328.74051
G0 F7500 X171.484 Y120.409
G1 F1350 X168.803 Y123.09 E328.86662
G0 F7500 X168.237 Y123.09
G1 F1350 X170.918 Y120.409 E328.99272
G0 F7500 X170.352 Y120.409
G1 F1350 X167.671 Y123.09 E329.11883
G0 F7500 X167.106 Y123.09
G1 F1350 X169.786 Y120.409 E329.24491
G0 F7500 X169.221 Y120.409
G1 F1350 X166.54 Y123.09 E329.37102
G0 F7500 X165.974 Y123.09
G1 F1350 X168.655 Y120.409 E329.49712
G0 F7500 X168.089 Y120.409
G1 F1350 X165.409 Y123.09 E329.62321
G0 F7500 X164.843 Y123.09
G1 F1350 X167.524 Y120.409 E329.74931
G0 F7500 X166.958 Y120.409
G1 F1350 X164.277 Y123.09 E329.87542
G0 F7500 X163.712 Y123.09
G1 F1350 X166.392 Y120.409 E330.0015
G0 F7500 X165.827 Y120.409
G1 F1350 X163.146 Y123.09 E330.12761
G0 F7500 X162.58 Y123.09
G1 F1350 X165.261 Y120.409 E330.25371
G0 F7500 X164.695 Y120.409
G1 F1350 X162.015 Y123.09 E330.3798
G0 F7500 X161.449 Y123.09
G1 F1350 X164.13 Y120.409 E330.5059
G0 F7500 X163.564 Y120.409
G1 F1350 X160.883 Y123.09 E330.63201
G0 F7500 X160.318 Y123.09
G1 F1350 X162.998 Y120.409 E330.75809
G0 F7500 X162.433 Y120.409
G1 F1350 X159.752 Y123.09 E330.8842
G0 F7500 X159.186 Y123.09
G1 F1350 X161.867 Y120.409 E331.0103
G0 F7500 X161.301 Y120.409
G1 F1350 X158.621 Y123.09 E331.13639
G0 F7500 X158.055 Y123.09
G1 F1350 X160.735 Y120.409 E331.26247
G0 F7500 X160.17 Y120.409
G1 F1350 X157.489 Y123.09 E331.38857
G0 F7500 X156.923 Y123.09
G1 F1350 X159.604 Y120.409 E331.51468
G0 F7500 X159.038 Y120.409
G1 F1350 X156.358 Y123.09 E331.64076
G0 F7500 X155.792 Y123.09
G1 F1350 X158.473 Y120.409 E331.76687
G0 F7500 X157.907 Y120.409
G1 F1350 X155.226 Y123.09 E331.89297
G0 F7500 X154.661 Y123.09
G1 F1350 X157.341 Y120.409 E332.01906
G0 F7500 X156.776 Y120.409
G1 F1350 X154.095 Y123.09 E332.14516
G0 F7500 X153.529 Y123.09
G1 F1350 X156.21 Y120.409 E332.27127
G0 F7500 X155.644 Y120.409
G1 F1350 X152.964 Y123.09 E332.39735
G0 F7500 X152.398 Y123.09
G1 F1350 X155.079 Y120.409 E332.52346
G0 F7500 X154.513 Y120.409
G1 F1350 X151.832 Y123.09 E332.64956
G0 F7500 X151.267 Y123.09
G1 F1350 X153.947 Y120.409 E332.77565
G0 F7500 X153.382 Y120.409
G1 F1350 X150.701 Y123.09 E332.90175
G0 F7500 X150.135 Y123.09
G1 F1350 X152.816 Y120.409 E333.02786
G0 F7500 X152.25 Y120.409
G1 F1350 X149.57 Y123.09 E333.15394
G0 F7500 X149.004 Y123.09
G1 F1350 X151.685 Y120.409 E333.28005
G0 F7500 X151.119 Y120.409
G1 F1350 X148.438 Y123.09 E333.40615
G0 F7500 X147.872 Y123.09
G1 F1350 X150.553 Y120.409 E333.53226
G0 F7500 X149.987 Y120.409
G1 F1350 X147.307 Y123.09 E333.65834
G0 F7500 X146.741 Y123.09
G1 F1350 X149.422 Y120.409 E333.78445
G0 F7500 X148.856 Y120.409
G1 F1350 X146.175 Y123.09 E333.91055
G0 F7500 X145.61 Y123.09
G1 F1350 X148.29 Y120.409 E334.03664
G0 F7500 X147.725 Y120.409
G1 F1350 X145.044 Y123.09 E334.16274
G0 F7500 X144.478 Y123.09
G1 F1350 X147.159 Y120.409 E334.28885
G0 F7500 X146.593 Y120.409
G1 F1350 X143.913 Y123.09 E334.41493
G0 F7500 X143.347 Y123.09
G1 F1350 X146.028 Y120.409 E334.54104
G0 F7500 X145.462 Y120.409
G1 F1350 X142.781 Y123.09 E334.66714
G0 F7500 X142.216 Y123.09
G1 F1350 X144.896 Y120.409 E334.79322
G0 F7500 X144.331 Y120.409
G1 F1350 X141.65 Y123.09 E334.91933
G0 F7500 X141.084 Y123.09
G1 F1350 X143.765 Y120.409 E335.04544
G0 F7500 X143.199 Y120.409
G1 F1350 X140.519 Y123.09 E335.17152
G0 F7500 X139.953 Y123.09
G1 F1350 X142.634 Y120.409 E335.29763
G0 F7500 X142.068 Y120.409
G1 F1350 X139.387 Y123.09 E335.42373
G0 F7500 X138.822 Y123.09
G1 F1350 X141.502 Y120.409 E335.54981
G0 F7500 X140.936 Y120.409
G1 F1350 X138.256 Y123.09 E335.6759
G0 F7500 X137.69 Y123.09
G1 F1350 X140.371 Y120.409 E335.802
G0 F7500 X139.805 Y120.409
G1 F1350 X137.124 Y123.09 E335.92811
G0 F7500 X136.559 Y123.09
G1 F1350 X139.239 Y120.409 E336.05419
G0 F7500 X138.674 Y120.409
G1 F1350 X135.993 Y123.09 E336.1803
G0 F7500 X135.427 Y123.09
G1 F1350 X138.108 Y120.409 E336.3064
G0 F7500 X137.542 Y120.409
G1 F1350 X134.862 Y123.09 E336.43249
G0 F7500 X134.296 Y123.09
G1 F1350 X136.977 Y120.409 E336.55859
G0 F7500 X136.411 Y120.409
G1 F1350 X133.73 Y123.09 E336.6847
G0 F7500 X133.165 Y123.09
G1 F1350 X135.845 Y120.409 E336.81078
G0 F7500 X135.28 Y120.409
G1 F1350 X132.599 Y123.09 E336.93689
G0 F7500 X132.033 Y123.09
G1 F1350 X134.714 Y120.409 E337.06299
G0 F7500 X134.148 Y120.409
G1 F1350 X131.468 Y123.09 E337.18907
G0 F7500 X130.902 Y123.09
G1 F1350 X133.583 Y120.409 E337.31518
G0 F7500 X133.017 Y120.409
G1 F1350 X130.336 Y123.09 E337.44129
G0 F7500 X129.771 Y123.09
G1 F1350 X132.451 Y120.409 E337.56737
G0 F7500 X131.886 Y120.409
G1 F1350 X129.205 Y123.09 E337.69347
G0 F7500 X128.639 Y123.09
G1 F1350 X131.32 Y120.409 E337.81958
G0 F7500 X130.754 Y120.409
G1 F1350 X128.074 Y123.09 E337.94566
G0 F7500 X127.508 Y123.09
G1 F1350 X130.188 Y120.409 E338.07175
G0 F7500 X129.623 Y120.409
G1 F1350 X126.942 Y123.09 E338.19785
G0 F7500 X126.376 Y123.09
G1 F1350 X129.057 Y120.409 E338.32396
G0 F7500 X128.491 Y120.409
G1 F1350 X125.811 Y123.09 E338.45004
G0 F7500 X125.245 Y123.09
G1 F1350 X127.926 Y120.409 E338.57615
G0 F7500 X127.36 Y120.409
G1 F1350 X124.679 Y123.09 E338.70225
G0 F7500 X124.114 Y123.09
G1 F1350 X126.794 Y120.409 E338.82833
G0 F7500 X126.229 Y120.409
G1 F1350 X123.548 Y123.09 E338.95444
G0 F7500 X122.982 Y123.09
G1 F1350 X125.663 Y120.409 E339.08055
G0 F7500 X125.097 Y120.409
G1 F1350 X122.417 Y123.09 E339.20663
G0 F7500 X121.851 Y123.09
G1 F1350 X124.532 Y120.409 E339.33274
G0 F7500 X123.966 Y120.409
G1 F1350 X121.285 Y123.09 E339.45884
G0 F7500 X120.72 Y123.09
G1 F1350 X123.4 Y120.409 E339.58492
G0 F7500 X122.835 Y120.409
G1 F1350 X120.154 Y123.09 E339.71103
G0 F7500 X119.588 Y123.09
G1 F1350 X122.269 Y120.409 E339.83714
G0 F7500 X121.703 Y120.409
G1 F1350 X119.023 Y123.09 E339.96322
G0 F7500 X118.457 Y123.09
G1 F1350 X121.137 Y120.409 E340.0893
G0 F7500 X120.572 Y120.409
G1 F1350 X117.891 Y123.09 E340.21541
G0 F7500 X117.325 Y123.09
G1 F1350 X120.006 Y120.409 E340.34151
G0 F7500 X119.44 Y120.409
G1 F1350 X116.76 Y123.09 E340.4676
G0 F7500 X116.194 Y123.09
G1 F1350 X118.875 Y120.409 E340.5937
G0 F7500 X118.309 Y120.409
G1 F1350 X115.628 Y123.09 E340.71981
G0 F7500 X115.063 Y123.09
G1 F1350 X117.743 Y120.409 E340.84589
G0 F7500 X117.178 Y120.409
G1 F1350 X114.497 Y123.09 E340.972
G0 F7500 X113.931 Y123.09
G1 F1350 X116.612 Y120.409 E341.0981
G0 F7500 X116.046 Y120.409
G1 F1350 X113.366 Y123.09 E341.22418
G0 F7500 X112.8 Y123.09
G1 F1350 X115.481 Y120.409 E341.35029
G0 F7500 X114.915 Y120.409
G1 F1350 X112.234 Y123.09 E341.4764
G0 F7500 X111.669 Y123.09
G1 F1350 X114.349 Y120.409 E341.60248
G0 F7500 X113.784 Y120.409
G1 F1350 X111.103 Y123.09 E341.72859
G0 F7500 X110.537 Y123.09
G1 F1350 X113.218 Y120.409 E341.85469
G0 F7500 X112.652 Y120.409
G1 F1350 X109.972 Y123.089 E341.98075
G0 F7500 X109.407 Y123.089
G1 F1350 X112.087 Y120.409 E342.10681
G0 F7500 X111.521 Y120.409
G1 F1350 X108.841 Y123.089 E342.23287
G0 F7500 X108.275 Y123.089
G1 F1350 X110.955 Y120.409 E342.35893
G0 F7500 X110.389 Y120.409
G1 F1350 X107.71 Y123.089 E342.48496
G0 F7500 X107.144 Y123.089
G1 F1350 X109.824 Y120.408 E342.61105
G0 F7500 X109.259 Y120.408
G1 F1350 X106.578 Y123.089 E342.73715
G0 F7500 X106.012 Y123.089
G1 F1350 X108.693 Y120.408 E342.86326
G0 F7500 X108.127 Y120.408
G1 F1350 X105.447 Y123.089 E342.98934
G0 F7500 X104.881 Y123.089
G1 F1350 X107.562 Y120.408 E343.11545
G0 F7500 X106.996 Y120.408
G1 F1350 X104.315 Y123.089 E343.24155
G0 F7500 X103.75 Y123.089
G1 F1350 X106.43 Y120.408 E343.36763
G0 F7500 X105.865 Y120.408
G1 F1350 X103.184 Y123.089 E343.49374
G0 F7500 X102.618 Y123.089
G1 F1350 X105.299 Y120.408 E343.61985
G0 F7500 X104.733 Y120.408
G1 F1350 X102.053 Y123.089 E343.74593
G0 F7500 X101.487 Y123.089
G1 F1350 X104.168 Y120.408 E343.87203
G0 F7500 X103.602 Y120.408
G1 F1350 X100.921 Y123.089 E343.99814
G0 F7500 X100.356 Y123.089
G1 F1350 X103.036 Y120.408 E344.12422
G0 F7500 X102.471 Y120.408
G1 F1350 X99.79 Y123.089 E344.25033
G0 F7500 X99.224 Y123.089
G1 F1350 X101.905 Y120.408 E344.37644
G0 F7500 X101.339 Y120.408
G1 F1350 X98.659 Y123.089 E344.50252
G0 F7500 X98.093 Y123.089
G1 F1350 X100.774 Y120.408 E344.62862
G0 F7500 X100.208 Y120.408
G1 F1350 X97.527 Y123.089 E344.75473
G0 F7500 X96.962 Y123.089
G1 F1350 X99.642 Y120.408 E344.88081
G0 F7500 X99.076 Y120.408
G1 F1350 X96.396 Y123.089 E345.00689
G0 F7500 X95.83 Y123.089
G1 F1350 X98.511 Y120.408 E345.133
G0 F7500 X97.945 Y120.408
G1 F1350 X95.264 Y123.089 E345.25911
G0 F7500 X94.699 Y123.089
G1 F1350 X97.379 Y120.408 E345.38519
G0 F7500 X96.814 Y120.408
G1 F1350 X94.133 Y123.089 E345.5113
G0 F7500 X93.567 Y123.089
G1 F1350 X96.248 Y120.408 E345.6374
G0 F7500 X95.682 Y120.408
G1 F1350 X93.002 Y123.089 E345.76348
G0 F7500 X92.436 Y123.089
G1 F1350 X95.117 Y120.408 E345.88959
G0 F7500 X94.551 Y120.408
G1 F1350 X91.87 Y123.089 E346.0157
G0 F7500 X91.305 Y123.089
G1 F1350 X93.985 Y120.408 E346.14178
G0 F7500 X93.42 Y120.408
G1 F1350 X90.739 Y123.089 E346.26788
G0 F7500 X90.173 Y123.089
G1 F1350 X92.854 Y120.408 E346.39399
G0 F7500 X92.288 Y120.408
G1 F1350 X89.608 Y123.089 E346.52007
G0 F7500 X89.042 Y123.089
G1 F1350 X91.723 Y120.408 E346.64618
G0 F7500 X91.157 Y120.408
G1 F1350 X88.476 Y123.089 E346.77229
G0 F7500 X87.911 Y123.089
G1 F1350 X90.591 Y120.408 E346.89837
G0 F7500 X90.026 Y120.408
G1 F1350 X87.345 Y123.089 E347.02447
G0 F7500 X86.779 Y123.089
G1 F1350 X89.46 Y120.408 E347.15058
G0 F7500 X88.894 Y120.408
G1 F1350 X86.213 Y123.089 E347.27669
G0 F7500 X85.648 Y123.089
G1 F1350 X88.328 Y120.408 E347.40277
G0 F7500 X87.763 Y120.408
G1 F1350 X85.082 Y123.089 E347.52887
G0 F7500 X84.516 Y123.089
G1 F1350 X87.197 Y120.408 E347.65498
G0 F7500 X86.631 Y120.408
G1 F1350 X83.951 Y123.089 E347.78106
G0 F7500 X83.385 Y123.089
G1 F1350 X86.066 Y120.408 E347.90717
G0 F7500 X85.5 Y120.408
G1 F1350 X82.819 Y123.089 E348.03327
G0 F7500 X82.254 Y123.089
G1 F1350 X84.934 Y120.408 E348.15936
G0 F7500 X84.369 Y120.408
G1 F1350 X81.688 Y123.089 E348.28546
G0 F7500 X81.122 Y123.089
G1 F1350 X83.803 Y120.408 E348.41157
G0 F7500 X83.237 Y120.408
G1 F1350 X80.557 Y123.089 E348.53765
G0 F7500 X79.991 Y123.089
G1 F1350 X82.672 Y120.408 E348.66376
G0 F7500 X82.106 Y120.408
G1 F1350 X79.425 Y123.089 E348.78986
G0 F7500 X78.86 Y123.089
G1 F1350 X81.54 Y120.408 E348.91595
G0 F7500 X80.975 Y120.408
G1 F1350 X78.294 Y123.089 E349.04205
G0 F7500 X77.728 Y123.089
G1 F1350 X80.409 Y120.408 E349.16816
G0 F7500 X79.843 Y120.408
G1 F1350 X77.163 Y123.089 E349.29424
G0 F7500 X76.597 Y123.089
G1 F1350 X79.277 Y120.408 E349.42032
G0 F7500 X78.712 Y120.408
G1 F1350 X76.031 Y123.089 E349.54643
G0 F7500 X75.465 Y123.089
G1 F1350 X78.146 Y120.408 E349.67254
G0 F7500 X77.58 Y120.408
G1 F1350 X74.9 Y123.089 E349.79862
G0 F7500 X74.334 Y123.089
G1 F1350 X77.015 Y120.408 E349.92472
G0 F7500 X76.449 Y120.408
G1 F1350 X73.768 Y123.089 E350.05083
G0 F7500 X73.203 Y123.089
G1 F1350 X75.883 Y120.408 E350.17691
G0 F7500 X75.318 Y120.408
G1 F1350 X72.637 Y123.089 E350.30302
G0 F7500 X72.071 Y123.089
G1 F1350 X74.752 Y120.408 E350.42912
G0 F7500 X74.186 Y120.408
G1 F1350 X71.506 Y123.089 E350.55521
G0 F7500 X70.94 Y123.089
G1 F1350 X73.621 Y120.408 E350.68131
G0 F7500 X73.055 Y120.408
G1 F1350 X70.374 Y123.089 E350.80742
G0 F7500 X69.809 Y123.089
G1 F1350 X72.489 Y120.408 E350.9335
G0 F7500 X71.924 Y120.408
G1 F1350 X69.243 Y123.089 E351.05961
G0 F7500 X68.677 Y123.089
G1 F1350 X71.358 Y120.408 E351.18571
G0 F7500 X70.792 Y120.408
G1 F1350 X68.112 Y123.089 E351.3118
G0 F7500 X67.546 Y123.089
G1 F1350 X70.227 Y120.408 E351.4379
G0 F7500 X69.661 Y120.408
G1 F1350 X66.98 Y123.089 E351.56401
G0 F7500 X66.415 Y123.089
G1 F1350 X69.095 Y120.408 E351.69009
G0 F7500 X68.529 Y120.408
G1 F1350 X65.849 Y123.089 E351.81617
G0 F7500 X65.283 Y123.089
G1 F1350 X67.964 Y120.408 E351.94228
G0 F7500 X67.398 Y120.408
G1 F1350 X64.717 Y123.089 E352.06839
G0 F7500 X64.152 Y123.089
G1 F1350 X66.832 Y120.408 E352.19447
G0 F7500 X66.267 Y120.408
G1 F1350 X63.586 Y123.089 E352.32057
G0 F7500 X63.02 Y123.089
G1 F1350 X65.701 Y120.408 E352.44668
G0 F7500 X65.135 Y120.408
G1 F1350 X62.455 Y123.089 E352.57276
G0 F7500 X61.889 Y123.089
G1 F1350 X64.57 Y120.408 E352.69887
G0 F7500 X64.004 Y120.408
G1 F1350 X61.323 Y123.089 E352.82497
G0 F7500 X60.758 Y123.089
G1 F1350 X63.438 Y120.408 E352.95106
G0 F7500 X62.873 Y120.408
G1 F1350 X60.192 Y123.089 E353.07716
G0 F7500 X59.626 Y123.089
G1 F1350 X62.307 Y120.408 E353.20327
G0 F7500 X61.741 Y120.408
G1 F1350 X59.061 Y123.089 E353.32935
G0 F7500 X58.495 Y123.089
G1 F1350 X61.176 Y120.408 E353.45546
G0 F7500 X60.61 Y120.408
G1 F1350 X57.929 Y123.089 E353.58156
G0 F7500 X57.364 Y123.089
G1 F1350 X60.044 Y120.408 E353.70765
G0 F7500 X59.478 Y120.408
G1 F1350 X56.798 Y123.089 E353.83373
G0 F7500 X56.232 Y123.089
G1 F1350 X58.913 Y120.408 E353.95983
G0 F7500 X58.347 Y120.408
G1 F1350 X55.666 Y123.089 E354.08594
G0 F7500 X55.101 Y123.089
G1 F1350 X57.781 Y120.408 E354.21202
G0 F7500 X57.216 Y120.408
G1 F1350 X54.535 Y123.089 E354.33813
G0 F7500 X53.969 Y123.089
G1 F1350 X56.65 Y120.408 E354.46424
G0 F7500 X56.084 Y120.408
G1 F1350 X53.404 Y123.089 E354.59032
G0 F7500 X52.838 Y123.089
G1 F1350 X55.519 Y120.408 E354.71642
G0 F7500 X54.953 Y120.408
G1 F1350 X52.272 Y123.089 E354.84253
G0 F7500 X51.707 Y123.089
G1 F1350 X54.387 Y120.408 E354.96861
G0 F7500 X53.822 Y120.408
G1 F1350 X51.141 Y123.089 E355.09472
G0 F7500 X50.575 Y123.089
G1 F1350 X53.256 Y120.408 E355.22082
G0 F7500 X52.69 Y120.408
G1 F1350 X50.01 Y123.089 E355.34691
G0 F7500 X49.444 Y123.089
G1 F1350 X52.125 Y120.408 E355.47301
G0 F7500 X51.559 Y120.408
G1 F1350 X48.878 Y123.089 E355.59912
G0 F7500 X48.313 Y123.089
G1 F1350 X50.993 Y120.408 E355.7252
G0 F7500 X50.428 Y120.408
G1 F1350 X47.747 Y123.089 E355.85131
G0 F7500 X47.181 Y123.089
G1 F1350 X49.862 Y120.408 E355.97741
G0 F7500 X49.296 Y120.408
G1 F1350 X46.616 Y123.089 E356.1035
G0 F7500 X46.05 Y123.089
G1 F1350 X48.73 Y120.408 E356.22958
G0 F7500 X48.165 Y120.408
G1 F1350 X45.484 Y123.089 E356.35568
G0 F7500 X44.918 Y123.089
G1 F1350 X47.599 Y120.408 E356.48179
G0 F7500 X47.033 Y120.408
G1 F1350 X44.353 Y123.089 E356.60787
G0 F7500 X43.787 Y123.089
G1 F1350 X46.468 Y120.408 E356.73398
G0 F7500 X45.902 Y120.408
G1 F1350 X43.221 Y123.089 E356.86008
G0 F7500 X42.656 Y123.089
G1 F1350 X45.336 Y120.408 E356.98617
G0 F7500 X44.771 Y120.408
G1 F1350 X42.09 Y123.089 E357.11227
G0 F7500 X41.524 Y123.089
G1 F1350 X44.205 Y120.408 E357.23838
G0 F7500 X43.639 Y120.408
G1 F1350 X40.959 Y123.089 E357.36446
G0 F7500 X40.393 Y123.089
G1 F1350 X43.074 Y120.408 E357.49057
G0 F7500 X42.508 Y120.408
G1 F1350 X39.827 Y123.089 E357.61667
G0 F7500 X39.262 Y123.089
G1 F1350 X41.942 Y120.408 E357.74276
G0 F7500 X41.377 Y120.408
G1 F1350 X38.696 Y123.089 E357.86886
G0 F7500 X38.13 Y123.089
G1 F1350 X40.811 Y120.408 E357.99497
G0 F7500 X40.245 Y120.408
G1 F1350 X37.565 Y123.089 E358.12105
G0 F7500 X36.999 Y123.089
G1 F1350 X39.68 Y120.408 E358.24716
G0 F7500 X39.114 Y120.408
G1 F1350 X36.433 Y123.089 E358.37326
G0 F7500 X36.16 Y122.797
G1 F1350 X38.548 Y120.408 E358.48561
G0 F7500 X37.982 Y120.408
G1 F1350 X36.16 Y122.231 E358.57134
G0 F7500 X36.16 Y121.666
G1 F1350 X37.417 Y120.408 E358.63048
G0 F7500 X36.851 Y120.408
G1 F1350 X36.16 Y121.1 E358.66301
G0 F7500 X36.16 Y120.534
G1 F1350 X36.285 Y120.408 E358.66891
G1 F2700 E353.66891
;MESH:NONMESH
G0 F300 X36.285 Y120.408 Z0.6
G0 F7500 X36.285 Y119.95
G0 X184.4 Y119.67
G0 X184.4 Y118.585
G0 X184.4 Y101.415
G0 X184.4 Y100.15
;TIME_ELAPSED:614.397218
;LAYER:2
M106 S170
;TYPE:WALL-INNER
;MESH:Garmin_GFC500 BOARDS SUPPORTS.stl
G1 F2700 E358.66891
G1 F1500 X184.4 Y96.35 E358.7953
G1 X35.6 Y96.35 E363.74441
G1 X35.6 Y100.15 E363.8708
G1 X184.4 Y100.15 E368.81991
G0 F9000 X184.8 Y100.55
;TYPE:WALL-OUTER
G1 F1500 X184.8 Y95.95 E368.9729
G1 X35.2 Y95.95 E373.94862
G1 X35.2 Y100.55 E374.10162
G1 X184.8 Y100.55 E379.07733
G0 F9000 X184.53 Y100.28
G0 X184.3 Y99.79
G0 X184.04 Y99.79
;TYPE:SKIN
G1 F1500 X35.96 Y99.79 E384.00249
G1 X35.96 Y96.71 E384.10493
G1 X184.04 Y96.71 E389.0301
G1 X184.04 Y99.79 E389.13254
G0 F9000 X184.3 Y99.79
G0 X184.3 Y97.289
G0 X183.839 Y97.289
G1 F1500 X183.46 Y96.91 E389.15036
G0 F9000 X182.894 Y96.91
G1 F1500 X183.839 Y97.855 E389.19481
G0 F9000 X183.839 Y98.42
G1 F1500 X182.328 Y96.91 E389.26586
G0 F9000 X181.763 Y96.91
G1 F1500 X183.839 Y98.986 E389.36351
G0 F9000 X183.839 Y99.552
G1 F1500 X181.197 Y96.91 E389.48778
G0 F9000 X180.631 Y96.91
G1 F1500 X183.311 Y99.589 E389.61382
G0 F9000 X182.745 Y99.589
G1 F1500 X180.066 Y96.91 E389.73983
G0 F9000 X179.5 Y96.91
G1 F1500 X182.179 Y99.589 E389.86584
G0 F9000 X181.614 Y99.589
G1 F1500 X178.934 Y96.91 E389.99188
G0 F9000 X178.369 Y96.91
G1 F1500 X181.048 Y99.589 E390.11789
G0 F9000 X180.482 Y99.589
G1 F1500 X177.803 Y96.91 E390.2439
G0 F9000 X177.237 Y96.91
G1 F1500 X179.916 Y99.589 E390.36991
G0 F9000 X179.351 Y99.589
G1 F1500 X176.672 Y96.91 E390.49593
G0 F9000 X176.106 Y96.91
G1 F1500 X178.785 Y99.589 E390.62194
G0 F9000 X178.219 Y99.589
G1 F1500 X175.54 Y96.91 E390.74795
G0 F9000 X174.974 Y96.91
G1 F1500 X177.654 Y99.589 E390.87399
G0 F9000 X177.088 Y99.589
G1 F1500 X174.409 Y96.91 E391
G0 F9000 X173.843 Y96.91
G1 F1500 X176.522 Y99.589 E391.12601
G0 F9000 X175.957 Y99.589
G1 F1500 X173.277 Y96.91 E391.25204
G0 F9000 X172.712 Y96.91
G1 F1500 X175.391 Y99.589 E391.37806
G0 F9000 X174.825 Y99.589
G1 F1500 X172.146 Y96.91 E391.50407
G0 F9000 X171.58 Y96.91
G1 F1500 X174.26 Y99.589 E391.6301
G0 F9000 X173.694 Y99.589
G1 F1500 X171.015 Y96.91 E391.75612
G0 F9000 X170.449 Y96.91
G1 F1500 X173.128 Y99.589 E391.88213
G0 F9000 X172.563 Y99.589
G1 F1500 X169.883 Y96.91 E392.00816
G0 F9000 X169.318 Y96.91
G1 F1500 X171.997 Y99.589 E392.13418
G0 F9000 X171.431 Y99.589
G1 F1500 X168.752 Y96.91 E392.26019
G0 F9000 X168.186 Y96.91
G1 F1500 X170.865 Y99.589 E392.3862
G0 F9000 X170.3 Y99.589
G1 F1500 X167.621 Y96.91 E392.51221
G0 F9000 X167.055 Y96.91
G1 F1500 X169.734 Y99.589 E392.63822
G0 F9000 X169.168 Y99.589
G1 F1500 X166.489 Y96.91 E392.76423
G0 F9000 X165.924 Y96.91
G1 F1500 X168.603 Y99.589 E392.89025
G0 F9000 X168.037 Y99.589
G1 F1500 X165.358 Y96.91 E393.01626
G0 F9000 X164.792 Y96.91
G1 F1500 X167.471 Y99.589 E393.14227
G0 F9000 X166.906 Y99.589
G1 F1500 X164.226 Y96.91 E393.26831
G0 F9000 X163.661 Y96.91
G1 F1500 X166.34 Y99.589 E393.39432
G0 F9000 X165.774 Y99.589
G1 F1500 X163.095 Y96.91 E393.52033
G0 F9000 X162.529 Y96.91
G1 F1500 X165.209 Y99.589 E393.64637
G0 F9000 X164.643 Y99.589
G1 F1500 X161.964 Y96.91 E393.77238
G0 F9000 X161.398 Y96.91
G1 F1500 X164.077 Y99.589 E393.89839
G0 F9000 X163.512 Y99.589
G1 F1500 X160.832 Y96.91 E394.02442
G0 F9000 X160.267 Y96.91
G1 F1500 X162.946 Y99.589 E394.15044
G0 F9000 X162.38 Y99.589
G1 F1500 X159.701 Y96.91 E394.27645
G0 F9000 X159.135 Y96.91
G1 F1500 X161.815 Y99.589 E394.40248
G0 F9000 X161.249 Y99.589
G1 F1500 X158.57 Y96.91 E394.5285
G0 F9000 X158.004 Y96.91
G1 F1500 X160.683 Y99.589 E394.65451
G0 F9000 X160.117 Y99.589
G1 F1500 X157.438 Y96.91 E394.78052
G0 F9000 X156.873 Y96.91
G1 F1500 X159.552 Y99.589 E394.90653
G0 F9000 X158.986 Y99.589
G1 F1500 X156.307 Y96.91 E395.03254
G0 F9000 X155.741 Y96.91
G1 F1500 X158.42 Y99.589 E395.15856
G0 F9000 X157.855 Y99.589
G1 F1500 X155.175 Y96.91 E395.28459
G0 F9000 X154.61 Y96.91
G1 F1500 X157.289 Y99.589 E395.4106
G0 F9000 X156.723 Y99.589
G1 F1500 X154.044 Y96.91 E395.53662
G0 F9000 X153.478 Y96.91
G1 F1500 X156.158 Y99.589 E395.66265
G0 F9000 X155.592 Y99.589
G1 F1500 X152.913 Y96.91 E395.78866
G0 F9000 X152.347 Y96.91
G1 F1500 X155.026 Y99.589 E395.91467
G0 F9000 X154.461 Y99.589
G1 F1500 X151.781 Y96.91 E396.04071
G0 F9000 X151.216 Y96.91
G1 F1500 X153.895 Y99.589 E396.16672
G0 F9000 X153.329 Y99.589
G1 F1500 X150.65 Y96.91 E396.29273
G0 F9000 X150.084 Y96.91
G1 F1500 X152.764 Y99.589 E396.41877
G0 F9000 X152.198 Y99.589
G1 F1500 X149.519 Y96.91 E396.54478
G0 F9000 X148.953 Y96.91
G1 F1500 X151.632 Y99.589 E396.67079
G0 F9000 X151.066 Y99.589
G1 F1500 X148.387 Y96.91 E396.79681
G0 F9000 X147.822 Y96.91
G1 F1500 X150.501 Y99.589 E396.92282
G0 F9000 X149.935 Y99.589
G1 F1500 X147.256 Y96.91 E397.04883
G0 F9000 X146.69 Y96.91
G1 F1500 X149.369 Y99.589 E397.17484
G0 F9000 X148.804 Y99.589
G1 F1500 X146.125 Y96.91 E397.30085
G0 F9000 X145.559 Y96.91
G1 F1500 X148.238 Y99.589 E397.42686
G0 F9000 X147.672 Y99.589
G1 F1500 X144.993 Y96.91 E397.55288
G0 F9000 X144.427 Y96.91
G1 F1500 X147.107 Y99.589 E397.67891
G0 F9000 X146.541 Y99.589
G1 F1500 X143.862 Y96.91 E397.80492
G0 F9000 X143.296 Y96.91
G1 F1500 X145.975 Y99.589 E397.93094
G0 F9000 X145.41 Y99.589
G1 F1500 X142.73 Y96.91 E398.05697
G0 F9000 X142.165 Y96.91
G1 F1500 X144.844 Y99.589 E398.18298
G0 F9000 X144.278 Y99.589
G1 F1500 X141.599 Y96.91 E398.309
G0 F9000 X141.033 Y96.91
G1 F1500 X143.713 Y99.589 E398.43503
G0 F9000 X143.147 Y99.589
G1 F1500 X140.468 Y96.91 E398.56104
G0 F9000 X139.902 Y96.91
G1 F1500 X142.581 Y99.589 E398.68706
G0 F9000 X142.016 Y99.589
G1 F1500 X139.336 Y96.91 E398.81309
G0 F9000 X138.771 Y96.91
G1 F1500 X141.45 Y99.589 E398.9391
G0 F9000 X140.884 Y99.589
G1 F1500 X138.205 Y96.91 E399.06511
G0 F9000 X137.639 Y96.91
G1 F1500 X140.318 Y99.589 E399.19113
G0 F9000 X139.753 Y99.589
G1 F1500 X137.074 Y96.91 E399.31714
G0 F9000 X136.508 Y96.91
G1 F1500 X139.187 Y99.589 E399.44315
G0 F9000 X138.621 Y99.589
G1 F1500 X135.942 Y96.91 E399.56916
G0 F9000 X135.377 Y96.91
G1 F1500 X138.056 Y99.589 E399.69517
G0 F9000 X137.49 Y99.589
G1 F1500 X134.811 Y96.91 E399.82119
G0 F9000 X134.245 Y96.91
G1 F1500 X136.924 Y99.589 E399.9472
G0 F9000 X136.359 Y99.589
G1 F1500 X133.679 Y96.91 E400.07323
G0 F9000 X133.114 Y96.91
G1 F1500 X135.793 Y99.589 E400.19925
G0 F9000 X135.227 Y99.589
G1 F1500 X132.548 Y96.91 E400.32526
G0 F9000 X131.982 Y96.91
G1 F1500 X134.662 Y99.589 E400.45129
G0 F9000 X134.096 Y99.589
G1 F1500 X131.417 Y96.91 E400.5773
G0 F9000 X130.851 Y96.91
G1 F1500 X133.53 Y99.589 E400.70332
G0 F9000 X132.965 Y99.589
G1 F1500 X130.285 Y96.91 E400.82935
G0 F9000 X129.72 Y96.91
G1 F1500 X132.399 Y99.589 E400.95536
G0 F9000 X131.833 Y99.589
G1 F1500 X129.154 Y96.91 E401.08138
G0 F9000 X128.588 Y96.91
G1 F1500 X131.268 Y99.589 E401.20741
G0 F9000 X130.702 Y99.589
G1 F1500 X128.023 Y96.91 E401.33342
G0 F9000 X127.457 Y96.91
G1 F1500 X130.136 Y99.589 E401.45944
G0 F9000 X129.57 Y99.589
G1 F1500 X126.891 Y96.91 E401.58545
G0 F9000 X126.326 Y96.91
G1 F1500 X129.005 Y99.589 E401.71146
G0 F9000 X128.439 Y99.589
G1 F1500 X125.76 Y96.91 E401.83747
G0 F9000 X125.194 Y96.91
G1 F1500 X127.873 Y99.589 E401.96348
G0 F9000 X127.308 Y99.589
G1 F1500 X124.628 Y96.91 E402.08952
G0 F9000 X124.063 Y96.91
G1 F1500 X126.742 Y99.589 E402.21553
G0 F9000 X126.176 Y99.589
G1 F1500 X123.497 Y96.91 E402.34154
G0 F9000 X122.931 Y96.91
G1 F1500 X125.611 Y99.589 E402.46758
G0 F9000 X125.045 Y99.589
G1 F1500 X122.366 Y96.91 E402.59359
G0 F9000 X121.8 Y96.91
G1 F1500 X124.479 Y99.589 E402.7196
G0 F9000 X123.914 Y99.589
G1 F1500 X121.234 Y96.91 E402.84564
G0 F9000 X120.669 Y96.91
G1 F1500 X123.348 Y99.589 E402.97165
G0 F9000 X122.782 Y99.589
G1 F1500 X120.103 Y96.91 E403.09766
G0 F9000 X119.537 Y96.91
G1 F1500 X122.217 Y99.589 E403.2237
G0 F9000 X121.651 Y99.589
G1 F1500 X118.972 Y96.91 E403.34971
G0 F9000 X118.406 Y96.91
G1 F1500 X121.085 Y99.589 E403.47572
G0 F9000 X120.519 Y99.589
G1 F1500 X117.84 Y96.91 E403.60173
G0 F9000 X117.275 Y96.91
G1 F1500 X119.954 Y99.589 E403.72774
G0 F9000 X119.388 Y99.589
G1 F1500 X116.709 Y96.91 E403.85376
G0 F9000 X116.143 Y96.91
G1 F1500 X118.822 Y99.589 E403.97977
G0 F9000 X118.257 Y99.589
G1 F1500 X115.578 Y96.91 E404.10578
G0 F9000 X115.012 Y96.91
G1 F1500 X117.691 Y99.589 E404.23179
G0 F9000 X117.125 Y99.589
G1 F1500 X114.446 Y96.91 E404.3578
G0 F9000 X113.88 Y96.91
G1 F1500 X116.56 Y99.589 E404.48384
G0 F9000 X115.994 Y99.589
G1 F1500 X113.315 Y96.91 E404.60985
G0 F9000 X112.749 Y96.91
G1 F1500 X115.428 Y99.589 E404.73586
G0 F9000 X114.863 Y99.589
G1 F1500 X112.183 Y96.91 E404.8619
G0 F9000 X111.618 Y96.91
G1 F1500 X114.297 Y99.589 E404.98791
G0 F9000 X113.731 Y99.589
G1 F1500 X111.052 Y96.91 E405.11392
G0 F9000 X110.486 Y96.91
G1 F1500 X113.166 Y99.589 E405.23996
G0 F9000 X112.6 Y99.589
G1 F1500 X109.92 Y96.909 E405.36602
G0 F9000 X109.354 Y96.909
G1 F1500 X112.034 Y99.589 E405.49208
G0 F9000 X111.469 Y99.589
G1 F1500 X108.789 Y96.909 E405.61814
G0 F9000 X108.223 Y96.909
G1 F1500 X110.903 Y99.589 E405.74419
G0 F9000 X110.337 Y99.589
G1 F1500 X107.657 Y96.909 E405.87025
G0 F9000 X107.092 Y96.909
G1 F1500 X109.771 Y99.588 E405.99627
G0 F9000 X109.205 Y99.588
G1 F1500 X106.526 Y96.909 E406.12228
G0 F9000 X105.96 Y96.909
G1 F1500 X108.639 Y99.588 E406.24829
G0 F9000 X108.074 Y99.588
G1 F1500 X105.394 Y96.909 E406.37432
G0 F9000 X104.829 Y96.909
G1 F1500 X107.508 Y99.588 E406.50034
G0 F9000 X106.942 Y99.588
G1 F1500 X104.263 Y96.909 E406.62635
G0 F9000 X103.697 Y96.909
G1 F1500 X106.377 Y99.588 E406.75238
G0 F9000 X105.811 Y99.588
G1 F1500 X103.132 Y96.909 E406.8784
G0 F9000 X102.566 Y96.909
G1 F1500 X105.245 Y99.588 E407.00441
G0 F9000 X104.68 Y99.588
G1 F1500 X102 Y96.909 E407.13044
G0 F9000 X101.435 Y96.909
G1 F1500 X104.114 Y99.588 E407.25646
G0 F9000 X103.548 Y99.588
G1 F1500 X100.869 Y96.909 E407.38247
G0 F9000 X100.303 Y96.909
G1 F1500 X102.983 Y99.588 E407.5085
G0 F9000 X102.417 Y99.588
G1 F1500 X99.738 Y96.909 E407.63451
G0 F9000 X99.172 Y96.909
G1 F1500 X101.851 Y99.588 E407.76053
G0 F9000 X101.285 Y99.588
G1 F1500 X98.606 Y96.909 E407.88654
G0 F9000 X98.041 Y96.909
G1 F1500 X100.72 Y99.588 E408.01255
G0 F9000 X100.154 Y99.588
G1 F1500 X97.475 Y96.909 E408.13856
G0 F9000 X96.909 Y96.909
G1 F1500 X99.588 Y99.588 E408.26457
G0 F9000 X99.023 Y99.588
G1 F1500 X96.344 Y96.909 E408.39059
G0 F9000 X95.778 Y96.909
G1 F1500 X98.457 Y99.588 E408.5166
G0 F9000 X97.891 Y99.588
G1 F1500 X95.212 Y96.909 E408.64261
G0 F9000 X94.646 Y96.909
G1 F1500 X97.326 Y99.588 E408.76865
G0 F9000 X96.76 Y99.588
G1 F1500 X94.081 Y96.909 E408.89466
G0 F9000 X93.515 Y96.909
G1 F1500 X96.194 Y99.588 E409.02067
G0 F9000 X95.629 Y99.588
G1 F1500 X92.949 Y96.909 E409.14671
G0 F9000 X92.384 Y96.909
G1 F1500 X95.063 Y99.588 E409.27272
G0 F9000 X94.497 Y99.588
G1 F1500 X91.818 Y96.909 E409.39873
G0 F9000 X91.252 Y96.909
G1 F1500 X93.932 Y99.588 E409.52476
G0 F9000 X93.366 Y99.588
G1 F1500 X90.687 Y96.909 E409.65078
G0 F9000 X90.121 Y96.909
G1 F1500 X92.8 Y99.588 E409.77679
G0 F9000 X92.235 Y99.588
G1 F1500 X89.555 Y96.909 E409.90282
G0 F9000 X88.99 Y96.909
G1 F1500 X91.669 Y99.588 E410.02884
G0 F9000 X91.103 Y99.588
G1 F1500 X88.424 Y96.909 E410.15485
G0 F9000 X87.858 Y96.909
G1 F1500 X90.537 Y99.588 E410.28086
G0 F9000 X89.972 Y99.588
G1 F1500 X87.293 Y96.909 E410.40687
G0 F9000 X86.727 Y96.909
G1 F1500 X89.406 Y99.588 E410.53288
G0 F9000 X88.84 Y99.588
G1 F1500 X86.161 Y96.909 E410.6589
G0 F9000 X85.595 Y96.909
G1 F1500 X88.275 Y99.588 E410.78493
G0 F9000 X87.709 Y99.588
G1 F1500 X85.03 Y96.909 E410.91094
G0 F9000 X84.464 Y96.909
G1 F1500 X87.143 Y99.588 E411.03695
G0 F9000 X86.578 Y99.588
G1 F1500 X83.898 Y96.909 E411.16299
G0 F9000 X83.333 Y96.909
G1 F1500 X86.012 Y99.588 E411.289
G0 F9000 X85.446 Y99.588
G1 F1500 X82.767 Y96.909 E411.41501
G0 F9000 X82.201 Y96.909
G1 F1500 X84.881 Y99.588 E411.54105
G0 F9000 X84.315 Y99.588
G1 F1500 X81.636 Y96.909 E411.66706
G0 F9000 X81.07 Y96.909
G1 F1500 X83.749 Y99.588 E411.79307
G0 F9000 X83.184 Y99.588
G1 F1500 X80.504 Y96.909 E411.91911
G0 F9000 X79.939 Y96.909
G1 F1500 X82.618 Y99.588 E412.04512
G0 F9000 X82.052 Y99.588
G1 F1500 X79.373 Y96.909 E412.17113
G0 F9000 X78.807 Y96.909
G1 F1500 X81.486 Y99.588 E412.29714
G0 F9000 X80.921 Y99.588
G1 F1500 X78.242 Y96.909 E412.42316
G0 F9000 X77.676 Y96.909
G1 F1500 X80.355 Y99.588 E412.54917
G0 F9000 X79.789 Y99.588
G1 F1500 X77.11 Y96.909 E412.67518
G0 F9000 X76.545 Y96.909
G1 F1500 X79.224 Y99.588 E412.80119
G0 F9000 X78.658 Y99.588
G1 F1500 X75.979 Y96.909 E412.9272
G0 F9000 X75.413 Y96.909
G1 F1500 X78.092 Y99.588 E413.05322
G0 F9000 X77.527 Y99.588
G1 F1500 X74.847 Y96.909 E413.17925
G0 F9000 X74.282 Y96.909
G1 F1500 X76.961 Y99.588 E413.30526
G0 F9000 X76.395 Y99.588
G1 F1500 X73.716 Y96.909 E413.43128
G0 F9000 X73.15 Y96.909
G1 F1500 X75.83 Y99.588 E413.55731
G0 F9000 X75.264 Y99.588
G1 F1500 X72.585 Y96.909 E413.68332
G0 F9000 X72.019 Y96.909
G1 F1500 X74.698 Y99.588 E413.80934
G0 F9000 X74.133 Y99.588
G1 F1500 X71.453 Y96.909 E413.93537
G0 F9000 X70.888 Y96.909
G1 F1500 X73.567 Y99.588 E414.06138
G0 F9000 X73.001 Y99.588
G1 F1500 X70.322 Y96.909 E414.18739
G0 F9000 X69.756 Y96.909
G1 F1500 X72.436 Y99.588 E414.31343
G0 F9000 X71.87 Y99.588
G1 F1500 X69.191 Y96.909 E414.43944
G0 F9000 X68.625 Y96.909
G1 F1500 X71.304 Y99.588 E414.56545
G0 F9000 X70.738 Y99.588
G1 F1500 X68.059 Y96.909 E414.69147
G0 F9000 X67.494 Y96.909
G1 F1500 X70.173 Y99.588 E414.81748
G0 F9000 X69.607 Y99.588
G1 F1500 X66.928 Y96.909 E414.94349
G0 F9000 X66.362 Y96.909
G1 F1500 X69.041 Y99.588 E415.0695
G0 F9000 X68.476 Y99.588
G1 F1500 X65.796 Y96.909 E415.19554
G0 F9000 X65.231 Y96.909
G1 F1500 X67.91 Y99.588 E415.32155
G0 F9000 X67.344 Y99.588
G1 F1500 X64.665 Y96.909 E415.44756
G0 F9000 X64.099 Y96.909
G1 F1500 X66.779 Y99.588 E415.5736
G0 F9000 X66.213 Y99.588
G1 F1500 X63.534 Y96.909 E415.69961
G0 F9000 X62.968 Y96.909
G1 F1500 X65.647 Y99.588 E415.82562
G0 F9000 X65.082 Y99.588
G1 F1500 X62.402 Y96.909 E415.95166
G0 F9000 X61.837 Y96.909
G1 F1500 X64.516 Y99.588 E416.07767
G0 F9000 X63.95 Y99.588
G1 F1500 X61.271 Y96.909 E416.20368
G0 F9000 X60.705 Y96.909
G1 F1500 X63.385 Y99.588 E416.32972
G0 F9000 X62.819 Y99.588
G1 F1500 X60.14 Y96.909 E416.45573
G0 F9000 X59.574 Y96.909
G1 F1500 X62.253 Y99.588 E416.58174
G0 F9000 X61.687 Y99.588
G1 F1500 X59.008 Y96.909 E416.70775
G0 F9000 X58.443 Y96.909
G1 F1500 X61.122 Y99.588 E416.83376
G0 F9000 X60.556 Y99.588
G1 F1500 X57.877 Y96.909 E416.95978
G0 F9000 X57.311 Y96.909
G1 F1500 X59.99 Y99.588 E417.08579
G0 F9000 X59.425 Y99.588
G1 F1500 X56.746 Y96.909 E417.2118
G0 F9000 X56.18 Y96.909
G1 F1500 X58.859 Y99.588 E417.33781
G0 F9000 X58.293 Y99.588
G1 F1500 X55.614 Y96.909 E417.46382
G0 F9000 X55.048 Y96.909
G1 F1500 X57.728 Y99.588 E417.58986
G0 F9000 X57.162 Y99.588
G1 F1500 X54.483 Y96.909 E417.71587
G0 F9000 X53.917 Y96.909
G1 F1500 X56.596 Y99.588 E417.84188
G0 F9000 X56.031 Y99.588
G1 F1500 X53.351 Y96.909 E417.96792
G0 F9000 X52.786 Y96.909
G1 F1500 X55.465 Y99.588 E418.09393
G0 F9000 X54.899 Y99.588
G1 F1500 X52.22 Y96.909 E418.21994
G0 F9000 X51.654 Y96.909
G1 F1500 X54.334 Y99.588 E418.34598
G0 F9000 X53.768 Y99.588
G1 F1500 X51.089 Y96.909 E418.47199
G0 F9000 X50.523 Y96.909
G1 F1500 X53.202 Y99.588 E418.598
G0 F9000 X52.637 Y99.588
G1 F1500 X49.957 Y96.909 E418.72404
G0 F9000 X49.392 Y96.909
G1 F1500 X52.071 Y99.588 E418.85005
G0 F9000 X51.505 Y99.588
G1 F1500 X48.826 Y96.909 E418.97606
G0 F9000 X48.26 Y96.909
G1 F1500 X50.939 Y99.588 E419.10207
G0 F9000 X50.374 Y99.588
G1 F1500 X47.695 Y96.909 E419.22808
G0 F9000 X47.129 Y96.909
G1 F1500 X49.808 Y99.588 E419.3541
G0 F9000 X49.242 Y99.588
G1 F1500 X46.563 Y96.909 E419.48011
G0 F9000 X45.998 Y96.909
G1 F1500 X48.677 Y99.588 E419.60612
G0 F9000 X48.111 Y99.588
G1 F1500 X45.432 Y96.909 E419.73213
G0 F9000 X44.866 Y96.909
G1 F1500 X47.545 Y99.588 E419.85814
G0 F9000 X46.98 Y99.588
G1 F1500 X44.3 Y96.909 E419.98418
G0 F9000 X43.735 Y96.909
G1 F1500 X46.414 Y99.588 E420.11019
G0 F9000 X45.848 Y99.588
G1 F1500 X43.169 Y96.909 E420.2362
G0 F9000 X42.603 Y96.909
G1 F1500 X45.283 Y99.588 E420.36224
G0 F9000 X44.717 Y99.588
G1 F1500 X42.038 Y96.909 E420.48825
G0 F9000 X41.472 Y96.909
G1 F1500 X44.151 Y99.588 E420.61426
G0 F9000 X43.586 Y99.588
G1 F1500 X40.906 Y96.909 E420.7403
G0 F9000 X40.341 Y96.909
G1 F1500 X43.02 Y99.588 E420.86631
G0 F9000 X42.454 Y99.588
G1 F1500 X39.775 Y96.909 E420.99232
G0 F9000 X39.209 Y96.909
G1 F1500 X41.889 Y99.588 E421.11836
G0 F9000 X41.323 Y99.588
G1 F1500 X38.644 Y96.909 E421.24437
G0 F9000 X38.078 Y96.909
G1 F1500 X40.757 Y99.588 E421.37038
G0 F9000 X40.191 Y99.588
G1 F1500 X37.512 Y96.909 E421.49639
G0 F9000 X36.947 Y96.909
G1 F1500 X39.626 Y99.588 E421.62241
G0 F9000 X39.06 Y99.588
G1 F1500 X36.381 Y96.909 E421.74842
G0 F9000 X36.16 Y97.254
G1 F1500 X38.494 Y99.588 E421.8582
G0 F9000 X37.929 Y99.588
G1 F1500 X36.16 Y97.819 E421.94141
G0 F9000 X36.16 Y98.385
G1 F1500 X37.363 Y99.588 E421.998
G0 F9000 X36.797 Y99.588
G1 F1500 X36.16 Y98.951 E422.02796
G0 F9000 X36.16 Y99.516
G1 F1500 X36.232 Y99.588 E422.03134
G1 F2700 E417.03134
G0 F9000 X36.232 Y100.05
G0 X184.4 Y100.33
G0 X184.4 Y101.415
G0 X184.4 Y118.585
G0 X184.4 Y123.65
;TYPE:WALL-INNER
G1 F2700 E422.03134
G1 F1500 X184.4 Y119.85 E422.15773
G1 X35.6 Y119.85 E427.10684
G1 X35.6 Y123.65 E427.23323
G1 X184.4 Y123.65 E432.18234
G0 F9000 X184.8 Y124.05
;TYPE:WALL-OUTER
G1 F1500 X184.8 Y119.45 E432.33533
G1 X35.2 Y119.45 E437.31105
G1 X35.2 Y124.05 E437.46405
G1 X184.8 Y124.05 E442.43976
G0 F9000 X184.53 Y123.78
G0 X184.3 Y123.29
G0 X184.04 Y123.29
;TYPE:SKIN
G1 F1500 X35.96 Y123.29 E447.36492
G1 X35.96 Y120.21 E447.46737
G1 X184.04 Y120.21 E452.39253
G1 X184.04 Y123.29 E452.49497
G0 F9000 X184.3 Y123.29
G0 X184.3 Y120.482
G0 X183.839 Y120.482
G1 F1500 X183.767 Y120.41 E452.49835
G0 F9000 X183.201 Y120.41
G1 F1500 X183.839 Y121.048 E452.52836
G0 F9000 X183.839 Y121.613
G1 F1500 X182.635 Y120.41 E452.58497
G0 F9000 X182.07 Y120.41
G1 F1500 X183.839 Y122.179 E452.66818
G0 F9000 X183.839 Y122.745
G1 F1500 X181.504 Y120.41 E452.77801
G0 F9000 X180.938 Y120.41
G1 F1500 X183.617 Y123.089 E452.90402
G0 F9000 X183.052 Y123.089
G1 F1500 X180.373 Y120.41 E453.03004
G0 F9000 X179.807 Y120.41
G1 F1500 X182.486 Y123.089 E453.15605
G0 F9000 X181.92 Y123.089
G1 F1500 X179.241 Y120.41 E453.28206
G0 F9000 X178.675 Y120.41
G1 F1500 X181.355 Y123.089 E453.4081
G0 F9000 X180.789 Y123.089
G1 F1500 X178.11 Y120.41 E453.53411
G0 F9000 X177.544 Y120.41
G1 F1500 X180.223 Y123.089 E453.66012
G0 F9000 X179.658 Y123.089
G1 F1500 X176.978 Y120.41 E453.78615
G0 F9000 X176.413 Y120.41
G1 F1500 X179.092 Y123.089 E453.91217
G0 F9000 X178.526 Y123.089
G1 F1500 X175.847 Y120.41 E454.03818
G0 F9000 X175.281 Y120.41
G1 F1500 X177.961 Y123.089 E454.16421
G0 F9000 X177.395 Y123.089
G1 F1500 X174.716 Y120.41 E454.29023
G0 F9000 X174.15 Y120.41
G1 F1500 X176.829 Y123.089 E454.41624
G0 F9000 X176.264 Y123.089
G1 F1500 X173.584 Y120.41 E454.54227
G0 F9000 X173.019 Y120.41
G1 F1500 X175.698 Y123.089 E454.66829
G0 F9000 X175.132 Y123.089
G1 F1500 X172.453 Y120.41 E454.7943
G0 F9000 X171.887 Y120.41
G1 F1500 X174.566 Y123.089 E454.92031
G0 F9000 X174.001 Y123.089
G1 F1500 X171.322 Y120.41 E455.04632
G0 F9000 X170.756 Y120.41
G1 F1500 X173.435 Y123.089 E455.17233
G0 F9000 X172.869 Y123.089
G1 F1500 X170.19 Y120.41 E455.29835
G0 F9000 X169.625 Y120.41
G1 F1500 X172.304 Y123.089 E455.42436
G0 F9000 X171.738 Y123.089
G1 F1500 X169.059 Y120.41 E455.55037
G0 F9000 X168.493 Y120.41
G1 F1500 X171.172 Y123.089 E455.67638
G0 F9000 X170.607 Y123.089
G1 F1500 X167.927 Y120.41 E455.80242
G0 F9000 X167.362 Y120.41
G1 F1500 X170.041 Y123.089 E455.92843
G0 F9000 X169.475 Y123.089
G1 F1500 X166.796 Y120.41 E456.05444
G0 F9000 X166.23 Y120.41
G1 F1500 X168.91 Y123.089 E456.18048
G0 F9000 X168.344 Y123.089
G1 F1500 X165.665 Y120.41 E456.30649
G0 F9000 X165.099 Y120.41
G1 F1500 X167.778 Y123.089 E456.4325
G0 F9000 X167.213 Y123.089
G1 F1500 X164.533 Y120.41 E456.55854
G0 F9000 X163.968 Y120.41
G1 F1500 X166.647 Y123.089 E456.68455
G0 F9000 X166.081 Y123.089
G1 F1500 X163.402 Y120.41 E456.81056
G0 F9000 X162.836 Y120.41
G1 F1500 X165.516 Y123.089 E456.93659
G0 F9000 X164.95 Y123.089
G1 F1500 X162.271 Y120.41 E457.06261
G0 F9000 X161.705 Y120.41
G1 F1500 X164.384 Y123.089 E457.18862
G0 F9000 X163.818 Y123.089
G1 F1500 X161.139 Y120.41 E457.31463
G0 F9000 X160.574 Y120.41
G1 F1500 X163.253 Y123.089 E457.44064
G0 F9000 X162.687 Y123.089
G1 F1500 X160.008 Y120.41 E457.56665
G0 F9000 X159.442 Y120.41
G1 F1500 X162.121 Y123.089 E457.69267
G0 F9000 X161.556 Y123.089
G1 F1500 X158.876 Y120.41 E457.8187
G0 F9000 X158.311 Y120.41
G1 F1500 X160.99 Y123.089 E457.94471
G0 F9000 X160.424 Y123.089
G1 F1500 X157.745 Y120.41 E458.07073
G0 F9000 X157.179 Y120.41
G1 F1500 X159.859 Y123.089 E458.19676
G0 F9000 X159.293 Y123.089
G1 F1500 X156.614 Y120.41 E458.32277
G0 F9000 X156.048 Y120.41
G1 F1500 X158.727 Y123.089 E458.44878
G0 F9000 X158.162 Y123.089
G1 F1500 X155.482 Y120.41 E458.57482
G0 F9000 X154.917 Y120.41
G1 F1500 X157.596 Y123.089 E458.70083
G0 F9000 X157.03 Y123.089
G1 F1500 X154.351 Y120.41 E458.82684
G0 F9000 X153.785 Y120.41
G1 F1500 X156.465 Y123.089 E458.95288
G0 F9000 X155.899 Y123.089
G1 F1500 X153.22 Y120.41 E459.07889
G0 F9000 X152.654 Y120.41
G1 F1500 X155.333 Y123.089 E459.2049
G0 F9000 X154.767 Y123.089
G1 F1500 X152.088 Y120.41 E459.33092
G0 F9000 X151.523 Y120.41
G1 F1500 X154.202 Y123.089 E459.45693
G0 F9000 X153.636 Y123.089
G1 F1500 X150.957 Y120.41 E459.58294
G0 F9000 X150.391 Y120.41
G1 F1500 X153.07 Y123.089 E459.70895
G0 F9000 X152.505 Y123.089
G1 F1500 X149.826 Y120.41 E459.83496
G0 F9000 X149.26 Y120.41
G1 F1500 X151.939 Y123.089 E459.96098
G0 F9000 X151.373 Y123.089
G1 F1500 X148.694 Y120.41 E460.08699
G0 F9000 X148.128 Y120.41
G1 F1500 X150.808 Y123.089 E460.21302
G0 F9000 X150.242 Y123.089
G1 F1500 X147.563 Y120.41 E460.33903
G0 F9000 X146.997 Y120.41
G1 F1500 X149.676 Y123.089 E460.46505
G0 F9000 X149.111 Y123.089
G1 F1500 X146.431 Y120.41 E460.59108
G0 F9000 X145.866 Y120.41
G1 F1500 X148.545 Y123.089 E460.71709
G0 F9000 X147.979 Y123.089
G1 F1500 X145.3 Y120.41 E460.84311
G0 F9000 X144.734 Y120.41
G1 F1500 X147.414 Y123.089 E460.96914
G0 F9000 X146.848 Y123.089
G1 F1500 X144.169 Y120.41 E461.09515
G0 F9000 X143.603 Y120.41
G1 F1500 X146.282 Y123.089 E461.22117
G0 F9000 X145.717 Y123.089
G1 F1500 X143.037 Y120.41 E461.3472
G0 F9000 X142.472 Y120.41
G1 F1500 X145.151 Y123.089 E461.47321
G0 F9000 X144.585 Y123.089
G1 F1500 X141.906 Y120.41 E461.59922
G0 F9000 X141.34 Y120.41
G1 F1500 X144.019 Y123.089 E461.72524
G0 F9000 X143.454 Y123.089
G1 F1500 X140.775 Y120.41 E461.85125
G0 F9000 X140.209 Y120.41
G1 F1500 X142.888 Y123.089 E461.97726
G0 F9000 X142.322 Y123.089
G1 F1500 X139.643 Y120.41 E462.10327
G0 F9000 X139.078 Y120.41
G1 F1500 X141.757 Y123.089 E462.22928
G0 F9000 X141.191 Y123.089
G1 F1500 X138.512 Y120.41 E462.3553
G0 F9000 X137.946 Y120.41
G1 F1500 X140.625 Y123.089 E462.48131
G0 F9000 X140.06 Y123.089
G1 F1500 X137.38 Y120.41 E462.60734
G0 F9000 X136.815 Y120.41
G1 F1500 X139.494 Y123.089 E462.73336
G0 F9000 X138.928 Y123.089
G1 F1500 X136.249 Y120.41 E462.85937
G0 F9000 X135.683 Y120.41
G1 F1500 X138.363 Y123.089 E462.9854
G0 F9000 X137.797 Y123.089
G1 F1500 X135.118 Y120.41 E463.11141
G0 F9000 X134.552 Y120.41
G1 F1500 X137.231 Y123.089 E463.23743
G0 F9000 X136.666 Y123.089
G1 F1500 X133.986 Y120.41 E463.36346
G0 F9000 X133.421 Y120.41
G1 F1500 X136.1 Y123.089 E463.48947
G0 F9000 X135.534 Y123.089
G1 F1500 X132.855 Y120.41 E463.61549
G0 F9000 X132.289 Y120.41
G1 F1500 X134.969 Y123.089 E463.74152
G0 F9000 X134.403 Y123.089
G1 F1500 X131.724 Y120.41 E463.86753
G0 F9000 X131.158 Y120.41
G1 F1500 X133.837 Y123.089 E463.99355
G0 F9000 X133.271 Y123.089
G1 F1500 X130.592 Y120.41 E464.11956
G0 F9000 X130.027 Y120.41
G1 F1500 X132.706 Y123.089 E464.24557
G0 F9000 X132.14 Y123.089
G1 F1500 X129.461 Y120.41 E464.37158
G0 F9000 X128.895 Y120.41
G1 F1500 X131.574 Y123.089 E464.49759
G0 F9000 X131.009 Y123.089
G1 F1500 X128.329 Y120.41 E464.62363
G0 F9000 X127.764 Y120.41
G1 F1500 X130.443 Y123.089 E464.74964
G0 F9000 X129.877 Y123.089
G1 F1500 X127.198 Y120.41 E464.87565
G0 F9000 X126.632 Y120.41
G1 F1500 X129.312 Y123.089 E465.00169
G0 F9000 X128.746 Y123.089
G1 F1500 X126.067 Y120.41 E465.1277
G0 F9000 X125.501 Y120.41
G1 F1500 X128.18 Y123.089 E465.25371
G0 F9000 X127.615 Y123.089
G1 F1500 X124.935 Y120.41 E465.37975
G0 F9000 X124.37 Y120.41
G1 F1500 X127.049 Y123.089 E465.50576
G0 F9000 X126.483 Y123.089
G1 F1500 X123.804 Y120.41 E465.63177
G0 F9000 X123.238 Y120.41
G1 F1500 X125.918 Y123.089 E465.75781
G0 F9000 X125.352 Y123.089
G1 F1500 X122.673 Y120.41 E465.88382
G0 F9000 X122.107 Y120.41
G1 F1500 X124.786 Y123.089 E466.00983
G0 F9000 X124.22 Y123.089
G1 F1500 X121.541 Y120.41 E466.13584
G0 F9000 X120.976 Y120.41
G1 F1500 X123.655 Y123.089 E466.26185
G0 F9000 X123.089 Y123.089
G1 F1500 X120.41 Y120.41 E466.38787
G0 F9000 X119.844 Y120.41
G1 F1500 X122.523 Y123.089 E466.51388
G0 F9000 X121.958 Y123.089
G1 F1500 X119.279 Y120.41 E466.63989
G0 F9000 X118.713 Y120.41
G1 F1500 X121.392 Y123.089 E466.7659
G0 F9000 X120.826 Y123.089
G1 F1500 X118.147 Y120.41 E466.89191
G0 F9000 X117.581 Y120.41
G1 F1500 X120.261 Y123.089 E467.01795
G0 F9000 X119.695 Y123.089
G1 F1500 X117.016 Y120.41 E467.14396
G0 F9000 X116.45 Y120.41
G1 F1500 X119.129 Y123.089 E467.26997
G0 F9000 X118.564 Y123.089
G1 F1500 X115.884 Y120.41 E467.39601
G0 F9000 X115.319 Y120.41
G1 F1500 X117.998 Y123.089 E467.52202
G0 F9000 X117.432 Y123.089
G1 F1500 X114.753 Y120.41 E467.64803
G0 F9000 X114.187 Y120.41
G1 F1500 X116.867 Y123.089 E467.77407
G0 F9000 X116.301 Y123.089
G1 F1500 X113.622 Y120.41 E467.90008
G0 F9000 X113.056 Y120.41
G1 F1500 X115.735 Y123.089 E468.02609
G0 F9000 X115.17 Y123.089
G1 F1500 X112.49 Y120.41 E468.15213
G0 F9000 X111.925 Y120.41
G1 F1500 X114.604 Y123.089 E468.27814
G0 F9000 X114.038 Y123.089
G1 F1500 X111.359 Y120.41 E468.40415
G0 F9000 X110.793 Y120.41
G1 F1500 X113.472 Y123.089 E468.53016
G0 F9000 X112.907 Y123.089
G1 F1500 X110.228 Y120.41 E468.65618
G0 F9000 X109.661 Y120.409
G1 F1500 X112.341 Y123.089 E468.78223
G0 F9000 X111.775 Y123.089
G1 F1500 X109.095 Y120.409 E468.90829
G0 F9000 X108.53 Y120.409
G1 F1500 X111.21 Y123.089 E469.03435
G0 F9000 X110.644 Y123.089
G1 F1500 X107.964 Y120.409 E469.16041
G0 F9000 X107.398 Y120.409
G1 F1500 X110.078 Y123.089 E469.28647
G0 F9000 X109.512 Y123.088
G1 F1500 X106.833 Y120.409 E469.41248
G0 F9000 X106.267 Y120.409
G1 F1500 X108.946 Y123.088 E469.53849
G0 F9000 X108.381 Y123.088
G1 F1500 X105.701 Y120.409 E469.66453
G0 F9000 X105.136 Y120.409
G1 F1500 X107.815 Y123.088 E469.79054
G0 F9000 X107.249 Y123.088
G1 F1500 X104.57 Y120.409 E469.91655
G0 F9000 X104.004 Y120.409
G1 F1500 X106.684 Y123.088 E470.04259
G0 F9000 X106.118 Y123.088
G1 F1500 X103.439 Y120.409 E470.1686
G0 F9000 X102.873 Y120.409
G1 F1500 X105.552 Y123.088 E470.29461
G0 F9000 X104.986 Y123.088
G1 F1500 X102.307 Y120.409 E470.42063
G0 F9000 X101.742 Y120.409
G1 F1500 X104.421 Y123.088 E470.54664
G0 F9000 X103.855 Y123.088
G1 F1500 X101.176 Y120.409 E470.67265
G0 F9000 X100.61 Y120.409
G1 F1500 X103.289 Y123.088 E470.79866
G0 F9000 X102.724 Y123.088
G1 F1500 X100.045 Y120.409 E470.92467
G0 F9000 X99.479 Y120.409
G1 F1500 X102.158 Y123.088 E471.05069
G0 F9000 X101.592 Y123.088
G1 F1500 X98.913 Y120.409 E471.1767
G0 F9000 X98.347 Y120.409
G1 F1500 X101.027 Y123.088 E471.30273
G0 F9000 X100.461 Y123.088
G1 F1500 X97.782 Y120.409 E471.42874
G0 F9000 X97.216 Y120.409
G1 F1500 X99.895 Y123.088 E471.55476
G0 F9000 X99.33 Y123.088
G1 F1500 X96.65 Y120.409 E471.68079
G0 F9000 X96.085 Y120.409
G1 F1500 X98.764 Y123.088 E471.8068
G0 F9000 X98.198 Y123.088
G1 F1500 X95.519 Y120.409 E471.93282
G0 F9000 X94.953 Y120.409
G1 F1500 X97.633 Y123.088 E472.05885
G0 F9000 X97.067 Y123.088
G1 F1500 X94.388 Y120.409 E472.18486
G0 F9000 X93.822 Y120.409
G1 F1500 X96.501 Y123.088 E472.31088
G0 F9000 X95.936 Y123.088
G1 F1500 X93.256 Y120.409 E472.43691
G0 F9000 X92.691 Y120.409
G1 F1500 X95.37 Y123.088 E472.56292
G0 F9000 X94.804 Y123.088
G1 F1500 X92.125 Y120.409 E472.68893
G0 F9000 X91.559 Y120.409
G1 F1500 X94.238 Y123.088 E472.81495
G0 F9000 X93.673 Y123.088
G1 F1500 X90.994 Y120.409 E472.94096
G0 F9000 X90.428 Y120.409
G1 F1500 X93.107 Y123.088 E473.06697
G0 F9000 X92.541 Y123.088
G1 F1500 X89.862 Y120.409 E473.19298
G0 F9000 X89.296 Y120.409
G1 F1500 X91.976 Y123.088 E473.31902
G0 F9000 X91.41 Y123.088
G1 F1500 X88.731 Y120.409 E473.44503
G0 F9000 X88.165 Y120.409
G1 F1500 X90.844 Y123.088 E473.57104
G0 F9000 X90.279 Y123.088
G1 F1500 X87.599 Y120.409 E473.69708
G0 F9000 X87.034 Y120.409
G1 F1500 X89.713 Y123.088 E473.82309
G0 F9000 X89.147 Y123.088
G1 F1500 X86.468 Y120.409 E473.9491
G0 F9000 X85.902 Y120.409
G1 F1500 X88.582 Y123.088 E474.07514
G0 F9000 X88.016 Y123.088
G1 F1500 X85.337 Y120.409 E474.20115
G0 F9000 X84.771 Y120.409
G1 F1500 X87.45 Y123.088 E474.32716
G0 F9000 X86.885 Y123.088
G1 F1500 X84.205 Y120.409 E474.4532
G0 F9000 X83.64 Y120.409
G1 F1500 X86.319 Y123.088 E474.57921
G0 F9000 X85.753 Y123.088
G1 F1500 X83.074 Y120.409 E474.70522
G0 F9000 X82.508 Y120.409
G1 F1500 X85.187 Y123.088 E474.83123
G0 F9000 X84.622 Y123.088
G1 F1500 X81.943 Y120.409 E474.95724
G0 F9000 X81.377 Y120.409
G1 F1500 X84.056 Y123.088 E475.08326
G0 F9000 X83.49 Y123.088
G1 F1500 X80.811 Y120.409 E475.20927
G0 F9000 X80.246 Y120.409
G1 F1500 X82.925 Y123.088 E475.33528
G0 F9000 X82.359 Y123.088
G1 F1500 X79.68 Y120.409 E475.46129
G0 F9000 X79.114 Y120.409
G1 F1500 X81.793 Y123.088 E475.5873
G0 F9000 X81.228 Y123.088
G1 F1500 X78.548 Y120.409 E475.71334
G0 F9000 X77.983 Y120.409
G1 F1500 X80.662 Y123.088 E475.83935
G0 F9000 X80.096 Y123.088
G1 F1500 X77.417 Y120.409 E475.96536
G0 F9000 X76.851 Y120.409
G1 F1500 X79.531 Y123.088 E476.0914
G0 F9000 X78.965 Y123.088
G1 F1500 X76.286 Y120.409 E476.21741
G0 F9000 X75.72 Y120.409
G1 F1500 X78.399 Y123.088 E476.34342
G0 F9000 X77.834 Y123.088
G1 F1500 X75.154 Y120.409 E476.46946
G0 F9000 X74.589 Y120.409
G1 F1500 X77.268 Y123.088 E476.59547
G0 F9000 X76.702 Y123.088
G1 F1500 X74.023 Y120.409 E476.72148
G0 F9000 X73.457 Y120.409
G1 F1500 X76.137 Y123.088 E476.84752
G0 F9000 X75.571 Y123.088
G1 F1500 X72.892 Y120.409 E476.97353
G0 F9000 X72.326 Y120.409
G1 F1500 X75.005 Y123.088 E477.09954
G0 F9000 X74.439 Y123.088
G1 F1500 X71.76 Y120.409 E477.22555
G0 F9000 X71.195 Y120.409
G1 F1500 X73.874 Y123.088 E477.35156
G0 F9000 X73.308 Y123.088
G1 F1500 X70.629 Y120.409 E477.47758
G0 F9000 X70.063 Y120.409
G1 F1500 X72.742 Y123.088 E477.60359
G0 F9000 X72.177 Y123.088
G1 F1500 X69.497 Y120.409 E477.72962
G0 F9000 X68.932 Y120.409
G1 F1500 X71.611 Y123.088 E477.85564
G0 F9000 X71.045 Y123.088
G1 F1500 X68.366 Y120.409 E477.98165
G0 F9000 X67.8 Y120.409
G1 F1500 X70.48 Y123.088 E478.10768
G0 F9000 X69.914 Y123.088
G1 F1500 X67.235 Y120.409 E478.2337
G0 F9000 X66.669 Y120.409
G1 F1500 X69.348 Y123.088 E478.35971
G0 F9000 X68.783 Y123.088
G1 F1500 X66.103 Y120.409 E478.48574
G0 F9000 X65.538 Y120.409
G1 F1500 X68.217 Y123.088 E478.61175
G0 F9000 X67.651 Y123.088
G1 F1500 X64.972 Y120.409 E478.73777
G0 F9000 X64.406 Y120.409
G1 F1500 X67.086 Y123.088 E478.8638
G0 F9000 X66.52 Y123.088
G1 F1500 X63.841 Y120.409 E478.98981
G0 F9000 X63.275 Y120.409
G1 F1500 X65.954 Y123.088 E479.11583
G0 F9000 X65.388 Y123.088
G1 F1500 X62.709 Y120.409 E479.24184
G0 F9000 X62.144 Y120.409
G1 F1500 X64.823 Y123.088 E479.36785
G0 F9000 X64.257 Y123.088
G1 F1500 X61.578 Y120.409 E479.49386
G0 F9000 X61.012 Y120.409
G1 F1500 X63.691 Y123.088 E479.61987
G0 F9000 X63.126 Y123.088
G1 F1500 X60.447 Y120.409 E479.74589
G0 F9000 X59.881 Y120.409
G1 F1500 X62.56 Y123.088 E479.8719
G0 F9000 X61.994 Y123.088
G1 F1500 X59.315 Y120.409 E479.99791
G0 F9000 X58.749 Y120.409
G1 F1500 X61.429 Y123.088 E480.12395
G0 F9000 X60.863 Y123.088
G1 F1500 X58.184 Y120.409 E480.24996
G0 F9000 X57.618 Y120.409
G1 F1500 X60.297 Y123.088 E480.37597
G0 F9000 X59.732 Y123.088
G1 F1500 X57.052 Y120.409 E480.502
G0 F9000 X56.487 Y120.409
G1 F1500 X59.166 Y123.088 E480.62802
G0 F9000 X58.6 Y123.088
G1 F1500 X55.921 Y120.409 E480.75403
G0 F9000 X55.355 Y120.409
G1 F1500 X58.035 Y123.088 E480.88006
G0 F9000 X57.469 Y123.088
G1 F1500 X54.79 Y120.409 E481.00608
G0 F9000 X54.224 Y120.409
G1 F1500 X56.903 Y123.088 E481.13209
G0 F9000 X56.338 Y123.088
G1 F1500 X53.658 Y120.409 E481.25812
G0 F9000 X53.093 Y120.409
G1 F1500 X55.772 Y123.088 E481.38414
G0 F9000 X55.206 Y123.088
G1 F1500 X52.527 Y120.409 E481.51015
G0 F9000 X51.961 Y120.409
G1 F1500 X54.64 Y123.088 E481.63616
G0 F9000 X54.075 Y123.088
G1 F1500 X51.396 Y120.409 E481.76217
G0 F9000 X50.83 Y120.409
G1 F1500 X53.509 Y123.088 E481.88818
G0 F9000 X52.943 Y123.088
G1 F1500 X50.264 Y120.409 E482.01419
G0 F9000 X49.699 Y120.409
G1 F1500 X52.378 Y123.088 E482.14021
G0 F9000 X51.812 Y123.088
G1 F1500 X49.133 Y120.409 E482.26622
G0 F9000 X48.567 Y120.409
G1 F1500 X51.246 Y123.088 E482.39223
G0 F9000 X50.681 Y123.088
G1 F1500 X48.001 Y120.409 E482.51827
G0 F9000 X47.436 Y120.409
G1 F1500 X50.115 Y123.088 E482.64428
G0 F9000 X49.549 Y123.088
G1 F1500 X46.87 Y120.409 E482.77029
G0 F9000 X46.304 Y120.409
G1 F1500 X48.984 Y123.088 E482.89633
G0 F9000 X48.418 Y123.088
G1 F1500 X45.739 Y120.409 E483.02234
G0 F9000 X45.173 Y120.409
G1 F1500 X47.852 Y123.088 E483.14835
G0 F9000 X47.287 Y123.088
G1 F1500 X44.607 Y120.409 E483.27438
G0 F9000 X44.042 Y120.409
G1 F1500 X46.721 Y123.088 E483.4004
G0 F9000 X46.155 Y123.088
G1 F1500 X43.476 Y120.409 E483.52641
G0 F9000 X42.91 Y120.409
G1 F1500 X45.59 Y123.088 E483.65244
G0 F9000 X45.024 Y123.088
G1 F1500 X42.345 Y120.409 E483.77846
G0 F9000 X41.779 Y120.409
G1 F1500 X44.458 Y123.088 E483.90447
G0 F9000 X43.892 Y123.088
G1 F1500 X41.213 Y120.409 E484.03048
G0 F9000 X40.648 Y120.409
G1 F1500 X43.327 Y123.088 E484.15649
G0 F9000 X42.761 Y123.088
G1 F1500 X40.082 Y120.409 E484.2825
G0 F9000 X39.516 Y120.409
G1 F1500 X42.195 Y123.088 E484.40852
G0 F9000 X41.63 Y123.088
G1 F1500 X38.95 Y120.409 E484.53455
G0 F9000 X38.385 Y120.409
G1 F1500 X41.064 Y123.088 E484.66056
G0 F9000 X40.498 Y123.088
G1 F1500 X37.819 Y120.409 E484.78658
G0 F9000 X37.253 Y120.409
G1 F1500 X39.933 Y123.088 E484.91261
G0 F9000 X39.367 Y123.088
G1 F1500 X36.688 Y120.409 E485.03862
G0 F9000 X36.16 Y120.447
G1 F1500 X38.801 Y123.088 E485.16285
G0 F9000 X38.236 Y123.088
G1 F1500 X36.16 Y121.012 E485.2605
G0 F9000 X36.16 Y121.578
G1 F1500 X37.67 Y123.088 E485.33152
G0 F9000 X37.104 Y123.088
G1 F1500 X36.16 Y122.144 E485.37592
G0 F9000 X36.16 Y122.709
G1 F1500 X36.539 Y123.088 E485.39375
G1 F2700 E480.39375
;MESH:NONMESH
G0 F300 X36.539 Y123.088 Z0.8
G0 F9000 X36.539 Y123.55
G0 X35.772 Y123.478
G0 X35.772 Y120.022
G0 X184.4 Y119.67
G0 X184.4 Y118.585
G0 X184.4 Y101.415
G0 X184.4 Y100.15
;TIME_ELAPSED:815.180520
;LAYER:3
M106 S255
;TYPE:WALL-INNER
;MESH:Garmin_GFC500 BOARDS SUPPORTS.stl
G1 F2700 E485.39375
G1 F1500 X184.4 Y96.35 E485.52014
G1 X35.6 Y96.35 E490.46925
G1 X35.6 Y100.15 E490.59564
G1 X184.4 Y100.15 E495.54474
G0 F9000 X184.8 Y100.55
;TYPE:WALL-OUTER
G1 F1500 X184.8 Y95.95 E495.69774
G1 X35.2 Y95.95 E500.67346
G1 X35.2 Y100.55 E500.82645
G1 X184.8 Y100.55 E505.80217
G0 F9000 X184.53 Y100.28
G0 X184.3 Y99.79
G0 X184.04 Y99.79
;TYPE:SKIN
G1 F1500 X35.96 Y99.79 E510.72733
G1 X35.96 Y96.71 E510.82977
G1 X184.04 Y96.71 E515.75493
G1 X184.04 Y99.79 E515.85737
G0 F9000 X183.839 Y99.003
G1 F1500 X183.252 Y99.59 E515.88499
G0 F9000 X182.686 Y99.59
G1 F1500 X183.839 Y98.437 E515.93922
G0 F9000 X183.839 Y97.872
G1 F1500 X182.121 Y99.59 E516.02003
G0 F9000 X181.555 Y99.59
G1 F1500 X183.839 Y97.306 E516.12746
G0 F9000 X183.67 Y96.909
G1 F1500 X180.989 Y99.59 E516.25357
G0 F9000 X180.423 Y99.59
G1 F1500 X183.104 Y96.909 E516.37967
G0 F9000 X182.538 Y96.909
G1 F1500 X179.858 Y99.59 E516.50575
G0 F9000 X179.292 Y99.59
G1 F1500 X181.973 Y96.909 E516.63186
G0 F9000 X181.407 Y96.909
G1 F1500 X178.726 Y99.59 E516.75797
G0 F9000 X178.161 Y99.59
G1 F1500 X180.841 Y96.909 E516.88405
G0 F9000 X180.276 Y96.909
G1 F1500 X177.595 Y99.59 E517.01016
G0 F9000 X177.029 Y99.59
G1 F1500 X179.71 Y96.909 E517.13626
G0 F9000 X179.144 Y96.909
G1 F1500 X176.464 Y99.59 E517.26234
G0 F9000 X175.898 Y99.59
G1 F1500 X178.579 Y96.909 E517.38845
G0 F9000 X178.013 Y96.909
G1 F1500 X175.332 Y99.59 E517.51456
G0 F9000 X174.767 Y99.59
G1 F1500 X177.447 Y96.909 E517.64064
G0 F9000 X176.882 Y96.909
G1 F1500 X174.201 Y99.59 E517.76674
G0 F9000 X173.635 Y99.59
G1 F1500 X176.316 Y96.909 E517.89285
G0 F9000 X175.75 Y96.909
G1 F1500 X173.07 Y99.59 E518.01893
G0 F9000 X172.504 Y99.59
G1 F1500 X175.184 Y96.909 E518.14502
G0 F9000 X174.619 Y96.909
G1 F1500 X171.938 Y99.59 E518.27112
G0 F9000 X171.372 Y99.59
G1 F1500 X174.053 Y96.909 E518.39723
G0 F9000 X173.487 Y96.909
G1 F1500 X170.807 Y99.59 E518.52331
G0 F9000 X170.241 Y99.59
G1 F1500 X172.922 Y96.909 E518.64942
G0 F9000 X172.356 Y96.909
G1 F1500 X169.675 Y99.59 E518.77552
G0 F9000 X169.11 Y99.59
G1 F1500 X171.79 Y96.909 E518.9016
G0 F9000 X171.225 Y96.909
G1 F1500 X168.544 Y99.59 E519.02771
G0 F9000 X167.978 Y99.59
G1 F1500 X170.659 Y96.909 E519.15382
G0 F9000 X170.093 Y96.909
G1 F1500 X167.413 Y99.59 E519.2799
G0 F9000 X166.847 Y99.59
G1 F1500 X169.528 Y96.909 E519.40601
G0 F9000 X168.962 Y96.909
G1 F1500 X166.281 Y99.59 E519.53211
G0 F9000 X165.716 Y99.59
G1 F1500 X168.396 Y96.909 E519.65819
G0 F9000 X167.831 Y96.909
G1 F1500 X165.15 Y99.59 E519.7843
G0 F9000 X164.584 Y99.59
G1 F1500 X167.265 Y96.909 E519.91041
G0 F9000 X166.699 Y96.909
G1 F1500 X164.019 Y99.59 E520.03649
G0 F9000 X163.453 Y99.59
G1 F1500 X166.134 Y96.909 E520.16259
G0 F9000 X165.568 Y96.909
G1 F1500 X162.887 Y99.59 E520.2887
G0 F9000 X162.322 Y99.59
G1 F1500 X165.002 Y96.909 E520.41478
G0 F9000 X164.436 Y96.909
G1 F1500 X161.756 Y99.59 E520.54087
G0 F9000 X161.19 Y99.59
G1 F1500 X163.871 Y96.909 E520.66697
G0 F9000 X163.305 Y96.909
G1 F1500 X160.624 Y99.59 E520.79308
G0 F9000 X160.059 Y99.59
G1 F1500 X162.739 Y96.909 E520.91916
G0 F9000 X162.174 Y96.909
G1 F1500 X159.493 Y99.59 E521.04527
G0 F9000 X158.927 Y99.59
G1 F1500 X161.608 Y96.909 E521.17137
G0 F9000 X161.042 Y96.909
G1 F1500 X158.362 Y99.59 E521.29745
G0 F9000 X157.796 Y99.59
G1 F1500 X160.477 Y96.909 E521.42356
G0 F9000 X159.911 Y96.909
G1 F1500 X157.23 Y99.59 E521.54967
G0 F9000 X156.665 Y99.59
G1 F1500 X159.345 Y96.909 E521.67575
G0 F9000 X158.78 Y96.909
G1 F1500 X156.099 Y99.59 E521.80186
G0 F9000 X155.533 Y99.59
G1 F1500 X158.214 Y96.909 E521.92796
G0 F9000 X157.648 Y96.909
G1 F1500 X154.968 Y99.59 E522.05404
G0 F9000 X154.402 Y99.59
G1 F1500 X157.083 Y96.909 E522.18015
G0 F9000 X156.517 Y96.909
G1 F1500 X153.836 Y99.59 E522.30626
G0 F9000 X153.271 Y99.59
G1 F1500 X155.951 Y96.909 E522.43234
G0 F9000 X155.386 Y96.909
G1 F1500 X152.705 Y99.59 E522.55844
G0 F9000 X152.139 Y99.59
G1 F1500 X154.82 Y96.909 E522.68455
G0 F9000 X154.254 Y96.909
G1 F1500 X151.573 Y99.59 E522.81066
G0 F9000 X151.008 Y99.59
G1 F1500 X153.688 Y96.909 E522.93674
G0 F9000 X153.123 Y96.909
G1 F1500 X150.442 Y99.59 E523.06284
G0 F9000 X149.876 Y99.59
G1 F1500 X152.557 Y96.909 E523.18895
G0 F9000 X151.991 Y96.909
G1 F1500 X149.311 Y99.59 E523.31503
G0 F9000 X148.745 Y99.59
G1 F1500 X151.426 Y96.909 E523.44114
G0 F9000 X150.86 Y96.909
G1 F1500 X148.179 Y99.59 E523.56725
G0 F9000 X147.614 Y99.59
G1 F1500 X150.294 Y96.909 E523.69333
G0 F9000 X149.729 Y96.909
G1 F1500 X147.048 Y99.59 E523.81943
G0 F9000 X146.482 Y99.59
G1 F1500 X149.163 Y96.909 E523.94554
G0 F9000 X148.597 Y96.909
G1 F1500 X145.917 Y99.59 E524.07162
G0 F9000 X145.351 Y99.59
G1 F1500 X148.032 Y96.909 E524.19773
G0 F9000 X147.466 Y96.909
G1 F1500 X144.785 Y99.59 E524.32383
G0 F9000 X144.22 Y99.59
G1 F1500 X146.9 Y96.909 E524.44992
G0 F9000 X146.335 Y96.909
G1 F1500 X143.654 Y99.59 E524.57602
G0 F9000 X143.088 Y99.59
G1 F1500 X145.769 Y96.909 E524.70213
G0 F9000 X145.203 Y96.909
G1 F1500 X142.523 Y99.59 E524.82821
G0 F9000 X141.957 Y99.59
G1 F1500 X144.637 Y96.909 E524.95429
G0 F9000 X144.072 Y96.909
G1 F1500 X141.391 Y99.59 E525.0804
G0 F9000 X140.825 Y99.59
G1 F1500 X143.506 Y96.909 E525.20651
G0 F9000 X142.94 Y96.909
G1 F1500 X140.26 Y99.59 E525.33259
G0 F9000 X139.694 Y99.59
G1 F1500 X142.375 Y96.909 E525.45869
G0 F9000 X141.809 Y96.909
G1 F1500 X139.128 Y99.59 E525.5848
G0 F9000 X138.563 Y99.59
G1 F1500 X141.243 Y96.909 E525.71088
G0 F9000 X140.678 Y96.909
G1 F1500 X137.997 Y99.59 E525.83699
G0 F9000 X137.431 Y99.59
G1 F1500 X140.112 Y96.909 E525.9631
G0 F9000 X139.546 Y96.909
G1 F1500 X136.866 Y99.59 E526.08918
G0 F9000 X136.3 Y99.59
G1 F1500 X138.981 Y96.909 E526.21528
G0 F9000 X138.415 Y96.909
G1 F1500 X135.734 Y99.59 E526.34139
G0 F9000 X135.169 Y99.59
G1 F1500 X137.849 Y96.909 E526.46747
G0 F9000 X137.284 Y96.909
G1 F1500 X134.603 Y99.59 E526.59358
G0 F9000 X134.037 Y99.59
G1 F1500 X136.718 Y96.909 E526.71968
G0 F9000 X136.152 Y96.909
G1 F1500 X133.472 Y99.59 E526.84577
G0 F9000 X132.906 Y99.59
G1 F1500 X135.587 Y96.909 E526.97187
G0 F9000 X135.021 Y96.909
G1 F1500 X132.34 Y99.59 E527.09798
G0 F9000 X131.775 Y99.59
G1 F1500 X134.455 Y96.909 E527.22406
G0 F9000 X133.889 Y96.909
G1 F1500 X131.209 Y99.59 E527.35014
G0 F9000 X130.643 Y99.59
G1 F1500 X133.324 Y96.909 E527.47625
G0 F9000 X132.758 Y96.909
G1 F1500 X130.077 Y99.59 E527.60236
G0 F9000 X129.512 Y99.59
G1 F1500 X132.192 Y96.909 E527.72844
G0 F9000 X131.627 Y96.909
G1 F1500 X128.946 Y99.59 E527.85454
G0 F9000 X128.38 Y99.59
G1 F1500 X131.061 Y96.909 E527.98065
G0 F9000 X130.495 Y96.909
G1 F1500 X127.815 Y99.59 E528.10673
G0 F9000 X127.249 Y99.59
G1 F1500 X129.93 Y96.909 E528.23284
G0 F9000 X129.364 Y96.909
G1 F1500 X126.683 Y99.59 E528.35894
G0 F9000 X126.118 Y99.59
G1 F1500 X128.798 Y96.909 E528.48503
G0 F9000 X128.233 Y96.909
G1 F1500 X125.552 Y99.59 E528.61113
G0 F9000 X124.986 Y99.59
G1 F1500 X127.667 Y96.909 E528.73724
G0 F9000 X127.101 Y96.909
G1 F1500 X124.421 Y99.59 E528.86332
G0 F9000 X123.855 Y99.59
G1 F1500 X126.536 Y96.909 E528.98943
G0 F9000 X125.97 Y96.909
G1 F1500 X123.289 Y99.59 E529.11553
G0 F9000 X122.724 Y99.59
G1 F1500 X125.404 Y96.909 E529.24162
G0 F9000 X124.838 Y96.909
G1 F1500 X122.158 Y99.59 E529.3677
G0 F9000 X121.592 Y99.59
G1 F1500 X124.273 Y96.909 E529.4938
G0 F9000 X123.707 Y96.909
G1 F1500 X121.026 Y99.59 E529.61991
G0 F9000 X120.461 Y99.59
G1 F1500 X123.141 Y96.909 E529.74599
G0 F9000 X122.576 Y96.909
G1 F1500 X119.895 Y99.59 E529.8721
G0 F9000 X119.329 Y99.59
G1 F1500 X122.01 Y96.909 E529.99821
G0 F9000 X121.444 Y96.909
G1 F1500 X118.764 Y99.59 E530.12429
G0 F9000 X118.198 Y99.59
G1 F1500 X120.879 Y96.909 E530.25039
G0 F9000 X120.313 Y96.909
G1 F1500 X117.632 Y99.59 E530.3765
G0 F9000 X117.067 Y99.59
G1 F1500 X119.747 Y96.909 E530.50258
G0 F9000 X119.182 Y96.909
G1 F1500 X116.501 Y99.59 E530.62869
G0 F9000 X115.935 Y99.59
G1 F1500 X118.616 Y96.909 E530.75479
G0 F9000 X118.05 Y96.909
G1 F1500 X115.37 Y99.59 E530.88088
G0 F9000 X114.804 Y99.59
G1 F1500 X117.485 Y96.909 E531.00698
G0 F9000 X116.919 Y96.909
G1 F1500 X114.238 Y99.59 E531.13309
G0 F9000 X113.673 Y99.59
G1 F1500 X116.353 Y96.909 E531.25917
G0 F9000 X115.788 Y96.909
G1 F1500 X113.107 Y99.59 E531.38528
G0 F9000 X112.541 Y99.59
G1 F1500 X115.222 Y96.909 E531.51138
G0 F9000 X114.656 Y96.909
G1 F1500 X111.976 Y99.59 E531.63747
G0 F9000 X111.41 Y99.59
G1 F1500 X114.09 Y96.909 E531.76355
G0 F9000 X113.525 Y96.909
G1 F1500 X110.844 Y99.59 E531.88965
G0 F9000 X110.278 Y99.59
G1 F1500 X112.959 Y96.909 E532.01576
G0 F9000 X112.393 Y96.909
G1 F1500 X109.713 Y99.589 E532.14182
G0 F9000 X109.148 Y99.589
G1 F1500 X111.828 Y96.909 E532.26788
G0 F9000 X111.262 Y96.909
G1 F1500 X108.582 Y99.589 E532.39394
G0 F9000 X108.016 Y99.589
G1 F1500 X110.696 Y96.909 E532.52
G0 F9000 X110.131 Y96.909
G1 F1500 X107.451 Y99.589 E532.64606
G0 F9000 X106.885 Y99.589
G1 F1500 X109.566 Y96.908 E532.77216
G0 F9000 X109 Y96.908
G1 F1500 X106.319 Y99.589 E532.89827
G0 F9000 X105.754 Y99.589
G1 F1500 X108.434 Y96.908 E533.02435
G0 F9000 X107.869 Y96.908
G1 F1500 X105.188 Y99.589 E533.15046
G0 F9000 X104.622 Y99.589
G1 F1500 X107.303 Y96.908 E533.27656
G0 F9000 X106.737 Y96.908
G1 F1500 X104.057 Y99.589 E533.40264
G0 F9000 X103.491 Y99.589
G1 F1500 X106.172 Y96.908 E533.52875
G0 F9000 X105.606 Y96.908
G1 F1500 X102.925 Y99.589 E533.65486
G0 F9000 X102.36 Y99.589
G1 F1500 X105.04 Y96.908 E533.78094
G0 F9000 X104.475 Y96.908
G1 F1500 X101.794 Y99.589 E533.90705
G0 F9000 X101.228 Y99.589
G1 F1500 X103.909 Y96.908 E534.03315
G0 F9000 X103.343 Y96.908
G1 F1500 X100.663 Y99.589 E534.15923
G0 F9000 X100.097 Y99.589
G1 F1500 X102.777 Y96.908 E534.28532
G0 F9000 X102.212 Y96.908
G1 F1500 X99.531 Y99.589 E534.41142
G0 F9000 X98.965 Y99.589
G1 F1500 X101.646 Y96.908 E534.53753
G0 F9000 X101.08 Y96.908
G1 F1500 X98.4 Y99.589 E534.66361
G0 F9000 X97.834 Y99.589
G1 F1500 X100.515 Y96.908 E534.78972
G0 F9000 X99.949 Y96.908
G1 F1500 X97.268 Y99.589 E534.91582
G0 F9000 X96.703 Y99.589
G1 F1500 X99.383 Y96.908 E535.04191
G0 F9000 X98.818 Y96.908
G1 F1500 X96.137 Y99.589 E535.16801
G0 F9000 X95.571 Y99.589
G1 F1500 X98.252 Y96.908 E535.29412
G0 F9000 X97.686 Y96.908
G1 F1500 X95.006 Y99.589 E535.4202
G0 F9000 X94.44 Y99.589
G1 F1500 X97.121 Y96.908 E535.54631
G0 F9000 X96.555 Y96.908
G1 F1500 X93.874 Y99.589 E535.67241
G0 F9000 X93.309 Y99.589
G1 F1500 X95.989 Y96.908 E535.79849
G0 F9000 X95.424 Y96.908
G1 F1500 X92.743 Y99.589 E535.9246
G0 F9000 X92.177 Y99.589
G1 F1500 X94.858 Y96.908 E536.05071
G0 F9000 X94.292 Y96.908
G1 F1500 X91.612 Y99.589 E536.17679
G0 F9000 X91.046 Y99.589
G1 F1500 X93.727 Y96.908 E536.3029
G0 F9000 X93.161 Y96.908
G1 F1500 X90.48 Y99.589 E536.429
G0 F9000 X89.914 Y99.589
G1 F1500 X92.595 Y96.908 E536.55511
G0 F9000 X92.029 Y96.908
G1 F1500 X89.349 Y99.589 E536.68119
G0 F9000 X88.783 Y99.589
G1 F1500 X91.464 Y96.908 E536.8073
G0 F9000 X90.898 Y96.908
G1 F1500 X88.217 Y99.589 E536.9334
G0 F9000 X87.652 Y99.589
G1 F1500 X90.332 Y96.908 E537.05948
G0 F9000 X89.767 Y96.908
G1 F1500 X87.086 Y99.589 E537.18559
G0 F9000 X86.52 Y99.589
G1 F1500 X89.201 Y96.908 E537.3117
G0 F9000 X88.635 Y96.908
G1 F1500 X85.955 Y99.589 E537.43778
G0 F9000 X85.389 Y99.589
G1 F1500 X88.07 Y96.908 E537.56388
G0 F9000 X87.504 Y96.908
G1 F1500 X84.823 Y99.589 E537.68999
G0 F9000 X84.258 Y99.589
G1 F1500 X86.938 Y96.908 E537.81607
G0 F9000 X86.373 Y96.908
G1 F1500 X83.692 Y99.589 E537.94218
G0 F9000 X83.126 Y99.589
G1 F1500 X85.807 Y96.908 E538.06829
G0 F9000 X85.241 Y96.908
G1 F1500 X82.561 Y99.589 E538.19437
G0 F9000 X81.995 Y99.589
G1 F1500 X84.676 Y96.908 E538.32047
G0 F9000 X84.11 Y96.908
G1 F1500 X81.429 Y99.589 E538.44658
G0 F9000 X80.864 Y99.589
G1 F1500 X83.544 Y96.908 E538.57266
G0 F9000 X82.978 Y96.908
G1 F1500 X80.298 Y99.589 E538.69874
G0 F9000 X79.732 Y99.589
G1 F1500 X82.413 Y96.908 E538.82485
G0 F9000 X81.847 Y96.908
G1 F1500 X79.166 Y99.589 E538.95096
G0 F9000 X78.601 Y99.589
G1 F1500 X81.281 Y96.908 E539.07704
G0 F9000 X80.716 Y96.908
G1 F1500 X78.035 Y99.589 E539.20315
G0 F9000 X77.469 Y99.589
G1 F1500 X80.15 Y96.908 E539.32925
G0 F9000 X79.584 Y96.908
G1 F1500 X76.904 Y99.589 E539.45533
G0 F9000 X76.338 Y99.589
G1 F1500 X79.019 Y96.908 E539.58144
G0 F9000 X78.453 Y96.908
G1 F1500 X75.772 Y99.589 E539.70755
G0 F9000 X75.207 Y99.589
G1 F1500 X77.887 Y96.908 E539.83363
G0 F9000 X77.322 Y96.908
G1 F1500 X74.641 Y99.589 E539.95973
G0 F9000 X74.075 Y99.589
G1 F1500 X76.756 Y96.908 E540.08584
G0 F9000 X76.19 Y96.908
G1 F1500 X73.51 Y99.589 E540.21192
G0 F9000 X72.944 Y99.589
G1 F1500 X75.625 Y96.908 E540.33803
G0 F9000 X75.059 Y96.908
G1 F1500 X72.378 Y99.589 E540.46414
G0 F9000 X71.813 Y99.589
G1 F1500 X74.493 Y96.908 E540.59022
G0 F9000 X73.928 Y96.908
G1 F1500 X71.247 Y99.589 E540.71632
G0 F9000 X70.681 Y99.589
G1 F1500 X73.362 Y96.908 E540.84243
G0 F9000 X72.796 Y96.908
G1 F1500 X70.116 Y99.589 E540.96851
G0 F9000 X69.55 Y99.589
G1 F1500 X72.23 Y96.908 E541.09459
G0 F9000 X71.665 Y96.908
G1 F1500 X68.984 Y99.589 E541.2207
G0 F9000 X68.418 Y99.589
G1 F1500 X71.099 Y96.908 E541.34681
G0 F9000 X70.533 Y96.908
G1 F1500 X67.853 Y99.589 E541.47289
G0 F9000 X67.287 Y99.589
G1 F1500 X69.968 Y96.908 E541.599
G0 F9000 X69.402 Y96.908
G1 F1500 X66.721 Y99.589 E541.7251
G0 F9000 X66.156 Y99.589
G1 F1500 X68.836 Y96.908 E541.85118
G0 F9000 X68.271 Y96.908
G1 F1500 X65.59 Y99.589 E541.97729
G0 F9000 X65.024 Y99.589
G1 F1500 X67.705 Y96.908 E542.1034
G0 F9000 X67.139 Y96.908
G1 F1500 X64.459 Y99.589 E542.22948
G0 F9000 X63.893 Y99.589
G1 F1500 X66.574 Y96.908 E542.35558
G0 F9000 X66.008 Y96.908
G1 F1500 X63.327 Y99.589 E542.48169
G0 F9000 X62.762 Y99.589
G1 F1500 X65.442 Y96.908 E542.60777
G0 F9000 X64.877 Y96.908
G1 F1500 X62.196 Y99.589 E542.73388
G0 F9000 X61.63 Y99.589
G1 F1500 X64.311 Y96.908 E542.85998
G0 F9000 X63.745 Y96.908
G1 F1500 X61.065 Y99.589 E542.98607
G0 F9000 X60.499 Y99.589
G1 F1500 X63.179 Y96.908 E543.11215
G0 F9000 X62.614 Y96.908
G1 F1500 X59.933 Y99.589 E543.23826
G0 F9000 X59.367 Y99.589
G1 F1500 X62.048 Y96.908 E543.36436
G0 F9000 X61.482 Y96.908
G1 F1500 X58.802 Y99.589 E543.49044
G0 F9000 X58.236 Y99.589
G1 F1500 X60.917 Y96.908 E543.61655
G0 F9000 X60.351 Y96.908
G1 F1500 X57.67 Y99.589 E543.74266
G0 F9000 X57.105 Y99.589
G1 F1500 X59.785 Y96.908 E543.86874
G0 F9000 X59.22 Y96.908
G1 F1500 X56.539 Y99.589 E543.99484
G0 F9000 X55.973 Y99.589
G1 F1500 X58.654 Y96.908 E544.12095
G0 F9000 X58.088 Y96.908
G1 F1500 X55.408 Y99.589 E544.24703
G0 F9000 X54.842 Y99.589
G1 F1500 X57.523 Y96.908 E544.37314
G0 F9000 X56.957 Y96.908
G1 F1500 X54.276 Y99.589 E544.49925
G0 F9000 X53.711 Y99.589
G1 F1500 X56.391 Y96.908 E544.62533
G0 F9000 X55.826 Y96.908
G1 F1500 X53.145 Y99.589 E544.75143
G0 F9000 X52.579 Y99.589
G1 F1500 X55.26 Y96.908 E544.87754
G0 F9000 X54.694 Y96.908
G1 F1500 X52.014 Y99.589 E545.00362
G0 F9000 X51.448 Y99.589
G1 F1500 X54.129 Y96.908 E545.12973
G0 F9000 X53.563 Y96.908
G1 F1500 X50.882 Y99.589 E545.25583
G0 F9000 X50.317 Y99.589
G1 F1500 X52.997 Y96.908 E545.38192
G0 F9000 X52.431 Y96.908
G1 F1500 X49.751 Y99.589 E545.508
G0 F9000 X49.185 Y99.589
G1 F1500 X51.866 Y96.908 E545.63411
G0 F9000 X51.3 Y96.908
G1 F1500 X48.619 Y99.589 E545.76021
G0 F9000 X48.054 Y99.589
G1 F1500 X50.734 Y96.908 E545.88629
G0 F9000 X50.169 Y96.908
G1 F1500 X47.488 Y99.589 E546.0124
G0 F9000 X46.922 Y99.589
G1 F1500 X49.603 Y96.908 E546.13851
G0 F9000 X49.037 Y96.908
G1 F1500 X46.357 Y99.589 E546.26459
G0 F9000 X45.791 Y99.589
G1 F1500 X48.472 Y96.908 E546.39069
G0 F9000 X47.906 Y96.908
G1 F1500 X45.225 Y99.589 E546.5168
G0 F9000 X44.66 Y99.589
G1 F1500 X47.34 Y96.908 E546.64288
G0 F9000 X46.775 Y96.908
G1 F1500 X44.094 Y99.589 E546.76899
G0 F9000 X43.528 Y99.589
G1 F1500 X46.209 Y96.908 E546.8951
G0 F9000 X45.643 Y96.908
G1 F1500 X42.963 Y99.589 E547.02118
G0 F9000 X42.397 Y99.589
G1 F1500 X45.078 Y96.908 E547.14728
G0 F9000 X44.512 Y96.908
G1 F1500 X41.831 Y99.589 E547.27339
G0 F9000 X41.266 Y99.589
G1 F1500 X43.946 Y96.908 E547.39947
G0 F9000 X43.381 Y96.908
G1 F1500 X40.7 Y99.589 E547.52558
G0 F9000 X40.134 Y99.589
G1 F1500 X42.815 Y96.908 E547.65168
G0 F9000 X42.249 Y96.908
G1 F1500 X39.568 Y99.589 E547.77779
G0 F9000 X39.003 Y99.589
G1 F1500 X41.683 Y96.908 E547.90387
G0 F9000 X41.118 Y96.908
G1 F1500 X38.437 Y99.589 E548.02998
G0 F9000 X37.871 Y99.589
G1 F1500 X40.552 Y96.908 E548.15608
G0 F9000 X39.986 Y96.908
G1 F1500 X37.306 Y99.589 E548.28217
G0 F9000 X36.74 Y99.589
G1 F1500 X39.421 Y96.908 E548.40827
G0 F9000 X38.855 Y96.908
G1 F1500 X36.174 Y99.589 E548.53438
G0 F9000 X36.16 Y99.038
G1 F1500 X38.289 Y96.908 E548.63454
G0 F9000 X37.724 Y96.908
G1 F1500 X36.16 Y98.473 E548.70813
G0 F9000 X36.16 Y97.907
G1 F1500 X37.158 Y96.908 E548.7551
G0 F9000 X36.592 Y96.908
G1 F1500 X36.16 Y97.341 E548.77544
G1 F2700 E543.77544
G0 F9000 X35.7 Y97.341
G0 X35.772 Y99.978
G0 X184.4 Y100.33
G0 X184.4 Y101.415
G0 X184.4 Y118.585
G0 X184.4 Y123.65
;TYPE:WALL-INNER
G1 F2700 E548.77544
G1 F1500 X184.4 Y119.85 E548.90183
G1 X35.6 Y119.85 E553.85094
G1 X35.6 Y123.65 E553.97733
G1 X184.4 Y123.65 E558.92644
G0 F9000 X184.8 Y124.05
;TYPE:WALL-OUTER
G1 F1500 X184.8 Y119.45 E559.07943
G1 X35.2 Y119.45 E564.05515
G1 X35.2 Y124.05 E564.20815
G1 X184.8 Y124.05 E569.18386
G0 F9000 X184.53 Y123.78
G0 X184.3 Y123.29
G0 X184.04 Y123.29
;TYPE:SKIN
G1 F1500 X35.96 Y123.29 E574.10902
G1 X35.96 Y120.21 E574.21146
G1 X184.04 Y120.21 E579.13663
G1 X184.04 Y123.29 E579.23907
G0 F9000 X183.839 Y122.762
G1 F1500 X183.511 Y123.09 E579.25449
G0 F9000 X182.945 Y123.09
G1 F1500 X183.839 Y122.196 E579.29655
G0 F9000 X183.839 Y121.63
G1 F1500 X182.379 Y123.09 E579.36522
G0 F9000 X181.814 Y123.09
G1 F1500 X183.839 Y121.065 E579.46047
G0 F9000 X183.839 Y120.499
G1 F1500 X181.248 Y123.09 E579.58234
G0 F9000 X180.682 Y123.09
G1 F1500 X183.363 Y120.409 E579.70845
G0 F9000 X182.797 Y120.409
G1 F1500 X180.117 Y123.09 E579.83453
G0 F9000 X179.551 Y123.09
G1 F1500 X182.232 Y120.409 E579.96064
G0 F9000 X181.666 Y120.409
G1 F1500 X178.985 Y123.09 E580.08674
G0 F9000 X178.42 Y123.09
G1 F1500 X181.1 Y120.409 E580.21283
G0 F9000 X180.534 Y120.409
G1 F1500 X177.854 Y123.09 E580.33891
G0 F9000 X177.288 Y123.09
G1 F1500 X179.969 Y120.409 E580.46501
G0 F9000 X179.403 Y120.409
G1 F1500 X176.722 Y123.09 E580.59112
G0 F9000 X176.157 Y123.09
G1 F1500 X178.837 Y120.409 E580.7172
G0 F9000 X178.272 Y120.409
G1 F1500 X175.591 Y123.09 E580.84331
G0 F9000 X175.025 Y123.09
G1 F1500 X177.706 Y120.409 E580.96941
G0 F9000 X177.14 Y120.409
G1 F1500 X174.46 Y123.09 E581.0955
G0 F9000 X173.894 Y123.09
G1 F1500 X176.575 Y120.409 E581.2216
G0 F9000 X176.009 Y120.409
G1 F1500 X173.328 Y123.09 E581.34771
G0 F9000 X172.763 Y123.09
G1 F1500 X175.443 Y120.409 E581.47379
G0 F9000 X174.878 Y120.409
G1 F1500 X172.197 Y123.09 E581.5999
G0 F9000 X171.631 Y123.09
G1 F1500 X174.312 Y120.409 E581.726
G0 F9000 X173.746 Y120.409
G1 F1500 X171.066 Y123.09 E581.85209
G0 F9000 X170.5 Y123.09
G1 F1500 X173.181 Y120.409 E581.97819
G0 F9000 X172.615 Y120.409
G1 F1500 X169.934 Y123.09 E582.1043
G0 F9000 X169.369 Y123.09
G1 F1500 X172.049 Y120.409 E582.23038
G0 F9000 X171.484 Y120.409
G1 F1500 X168.803 Y123.09 E582.35649
G0 F9000 X168.237 Y123.09
G1 F1500 X170.918 Y120.409 E582.48259
G0 F9000 X170.352 Y120.409
G1 F1500 X167.671 Y123.09 E582.6087
G0 F9000 X167.106 Y123.09
G1 F1500 X169.786 Y120.409 E582.73478
G0 F9000 X169.221 Y120.409
G1 F1500 X166.54 Y123.09 E582.86089
G0 F9000 X165.974 Y123.09
G1 F1500 X168.655 Y120.409 E582.98699
G0 F9000 X168.089 Y120.409
G1 F1500 X165.409 Y123.09 E583.11308
G0 F9000 X164.843 Y123.09
G1 F1500 X167.524 Y120.409 E583.23918
G0 F9000 X166.958 Y120.409
G1 F1500 X164.277 Y123.09 E583.36529
G0 F9000 X163.712 Y123.09
G1 F1500 X166.392 Y120.409 E583.49137
G0 F9000 X165.827 Y120.409
G1 F1500 X163.146 Y123.09 E583.61748
G0 F9000 X162.58 Y123.09
G1 F1500 X165.261 Y120.409 E583.74358
G0 F9000 X164.695 Y120.409
G1 F1500 X162.015 Y123.09 E583.86966
G0 F9000 X161.449 Y123.09
G1 F1500 X164.13 Y120.409 E583.99577
G0 F9000 X163.564 Y120.409
G1 F1500 X160.883 Y123.09 E584.12188
G0 F9000 X160.318 Y123.09
G1 F1500 X162.998 Y120.409 E584.24796
G0 F9000 X162.433 Y120.409
G1 F1500 X159.752 Y123.09 E584.37407
G0 F9000 X159.186 Y123.09
G1 F1500 X161.867 Y120.409 E584.50017
G0 F9000 X161.301 Y120.409
G1 F1500 X158.621 Y123.09 E584.62625
G0 F9000 X158.055 Y123.09
G1 F1500 X160.735 Y120.409 E584.75234
G0 F9000 X160.17 Y120.409
G1 F1500 X157.489 Y123.09 E584.87844
G0 F9000 X156.923 Y123.09
G1 F1500 X159.604 Y120.409 E585.00455
G0 F9000 X159.038 Y120.409
G1 F1500 X156.358 Y123.09 E585.13063
G0 F9000 X155.792 Y123.09
G1 F1500 X158.473 Y120.409 E585.25674
G0 F9000 X157.907 Y120.409
G1 F1500 X155.226 Y123.09 E585.38284
G0 F9000 X154.661 Y123.09
G1 F1500 X157.341 Y120.409 E585.50893
G0 F9000 X156.776 Y120.409
G1 F1500 X154.095 Y123.09 E585.63503
G0 F9000 X153.529 Y123.09
G1 F1500 X156.21 Y120.409 E585.76114
G0 F9000 X155.644 Y120.409
G1 F1500 X152.964 Y123.09 E585.88722
G0 F9000 X152.398 Y123.09
G1 F1500 X155.079 Y120.409 E586.01333
G0 F9000 X154.513 Y120.409
G1 F1500 X151.832 Y123.09 E586.13943
G0 F9000 X151.267 Y123.09
G1 F1500 X153.947 Y120.409 E586.26551
G0 F9000 X153.382 Y120.409
G1 F1500 X150.701 Y123.09 E586.39162
G0 F9000 X150.135 Y123.09
G1 F1500 X152.816 Y120.409 E586.51773
G0 F9000 X152.25 Y120.409
G1 F1500 X149.57 Y123.09 E586.64381
G0 F9000 X149.004 Y123.09
G1 F1500 X151.685 Y120.409 E586.76992
G0 F9000 X151.119 Y120.409
G1 F1500 X148.438 Y123.09 E586.89602
G0 F9000 X147.872 Y123.09
G1 F1500 X150.553 Y120.409 E587.02213
G0 F9000 X149.987 Y120.409
G1 F1500 X147.307 Y123.09 E587.14821
G0 F9000 X146.741 Y123.09
G1 F1500 X149.422 Y120.409 E587.27432
G0 F9000 X148.856 Y120.409
G1 F1500 X146.175 Y123.09 E587.40042
G0 F9000 X145.61 Y123.09
G1 F1500 X148.29 Y120.409 E587.5265
G0 F9000 X147.725 Y120.409
G1 F1500 X145.044 Y123.09 E587.65261
G0 F9000 X144.478 Y123.09
G1 F1500 X147.159 Y120.409 E587.77872
G0 F9000 X146.593 Y120.409
G1 F1500 X143.913 Y123.09 E587.9048
G0 F9000 X143.347 Y123.09
G1 F1500 X146.028 Y120.409 E588.0309
G0 F9000 X145.462 Y120.409
G1 F1500 X142.781 Y123.09 E588.15701
G0 F9000 X142.216 Y123.09
G1 F1500 X144.896 Y120.409 E588.28309
G0 F9000 X144.331 Y120.409
G1 F1500 X141.65 Y123.09 E588.4092
G0 F9000 X141.084 Y123.09
G1 F1500 X143.765 Y120.409 E588.53531
G0 F9000 X143.199 Y120.409
G1 F1500 X140.519 Y123.09 E588.66139
G0 F9000 X139.953 Y123.09
G1 F1500 X142.634 Y120.409 E588.78749
G0 F9000 X142.068 Y120.409
G1 F1500 X139.387 Y123.09 E588.9136
G0 F9000 X138.822 Y123.09
G1 F1500 X141.502 Y120.409 E589.03968
G0 F9000 X140.936 Y120.409
G1 F1500 X138.256 Y123.09 E589.16576
G0 F9000 X137.69 Y123.09
G1 F1500 X140.371 Y120.409 E589.29187
G0 F9000 X139.805 Y120.409
G1 F1500 X137.124 Y123.09 E589.41798
G0 F9000 X136.559 Y123.09
G1 F1500 X139.239 Y120.409 E589.54406
G0 F9000 X138.674 Y120.409
G1 F1500 X135.993 Y123.09 E589.67017
G0 F9000 X135.427 Y123.09
G1 F1500 X138.108 Y120.409 E589.79627
G0 F9000 X137.542 Y120.409
G1 F1500 X134.862 Y123.09 E589.92235
G0 F9000 X134.296 Y123.09
G1 F1500 X136.977 Y120.409 E590.04846
G0 F9000 X136.411 Y120.409
G1 F1500 X133.73 Y123.09 E590.17457
G0 F9000 X133.165 Y123.09
G1 F1500 X135.845 Y120.409 E590.30065
G0 F9000 X135.28 Y120.409
G1 F1500 X132.599 Y123.09 E590.42675
G0 F9000 X132.033 Y123.09
G1 F1500 X134.714 Y120.409 E590.55286
G0 F9000 X134.148 Y120.409
G1 F1500 X131.468 Y123.09 E590.67894
G0 F9000 X130.902 Y123.09
G1 F1500 X133.583 Y120.409 E590.80505
G0 F9000 X133.017 Y120.409
G1 F1500 X130.336 Y123.09 E590.93116
G0 F9000 X129.771 Y123.09
G1 F1500 X132.451 Y120.409 E591.05724
G0 F9000 X131.886 Y120.409
G1 F1500 X129.205 Y123.09 E591.18334
G0 F9000 X128.639 Y123.09
G1 F1500 X131.32 Y120.409 E591.30945
G0 F9000 X130.754 Y120.409
G1 F1500 X128.074 Y123.09 E591.43553
G0 F9000 X127.508 Y123.09
G1 F1500 X130.188 Y120.409 E591.56161
G0 F9000 X129.623 Y120.409
G1 F1500 X126.942 Y123.09 E591.68772
G0 F9000 X126.376 Y123.09
G1 F1500 X129.057 Y120.409 E591.81383
G0 F9000 X128.491 Y120.409
G1 F1500 X125.811 Y123.09 E591.93991
G0 F9000 X125.245 Y123.09
G1 F1500 X127.926 Y120.409 E592.06602
G0 F9000 X127.36 Y120.409
G1 F1500 X124.679 Y123.09 E592.19212
G0 F9000 X124.114 Y123.09
G1 F1500 X126.794 Y120.409 E592.3182
G0 F9000 X126.229 Y120.409
G1 F1500 X123.548 Y123.09 E592.44431
G0 F9000 X122.982 Y123.09
G1 F1500 X125.663 Y120.409 E592.57042
G0 F9000 X125.097 Y120.409
G1 F1500 X122.417 Y123.09 E592.6965
G0 F9000 X121.851 Y123.09
G1 F1500 X124.532 Y120.409 E592.8226
G0 F9000 X123.966 Y120.409
G1 F1500 X121.285 Y123.09 E592.94871
G0 F9000 X120.72 Y123.09
G1 F1500 X123.4 Y120.409 E593.07479
G0 F9000 X122.835 Y120.409
G1 F1500 X120.154 Y123.09 E593.2009
G0 F9000 X119.588 Y123.09
G1 F1500 X122.269 Y120.409 E593.327
G0 F9000 X121.703 Y120.409
G1 F1500 X119.023 Y123.09 E593.45309
G0 F9000 X118.457 Y123.09
G1 F1500 X121.137 Y120.409 E593.57917
G0 F9000 X120.572 Y120.409
G1 F1500 X117.891 Y123.09 E593.70528
G0 F9000 X117.325 Y123.09
G1 F1500 X120.006 Y120.409 E593.83138
G0 F9000 X119.44 Y120.409
G1 F1500 X116.76 Y123.09 E593.95746
G0 F9000 X116.194 Y123.09
G1 F1500 X118.875 Y120.409 E594.08357
G0 F9000 X118.309 Y120.409
G1 F1500 X115.628 Y123.09 E594.20968
G0 F9000 X115.063 Y123.09
G1 F1500 X117.743 Y120.409 E594.33576
G0 F9000 X117.178 Y120.409
G1 F1500 X114.497 Y123.09 E594.46186
G0 F9000 X113.931 Y123.09
G1 F1500 X116.612 Y120.409 E594.58797
G0 F9000 X116.046 Y120.409
G1 F1500 X113.366 Y123.09 E594.71405
G0 F9000 X112.8 Y123.09
G1 F1500 X115.481 Y120.409 E594.84016
G0 F9000 X114.915 Y120.409
G1 F1500 X112.234 Y123.09 E594.96627
G0 F9000 X111.669 Y123.09
G1 F1500 X114.349 Y120.409 E595.09235
G0 F9000 X113.784 Y120.409
G1 F1500 X111.103 Y123.09 E595.21845
G0 F9000 X110.537 Y123.09
G1 F1500 X113.218 Y120.409 E595.34456
G0 F9000 X112.652 Y120.409
G1 F1500 X109.972 Y123.089 E595.47062
G0 F9000 X109.407 Y123.089
G1 F1500 X112.087 Y120.409 E595.59668
G0 F9000 X111.521 Y120.409
G1 F1500 X108.841 Y123.089 E595.72274
G0 F9000 X108.275 Y123.089
G1 F1500 X110.955 Y120.409 E595.8488
G0 F9000 X110.389 Y120.409
G1 F1500 X107.71 Y123.089 E595.97483
G0 F9000 X107.144 Y123.089
G1 F1500 X109.824 Y120.408 E596.10091
G0 F9000 X109.259 Y120.408
G1 F1500 X106.578 Y123.089 E596.22702
G0 F9000 X106.012 Y123.089
G1 F1500 X108.693 Y120.408 E596.35313
G0 F9000 X108.127 Y120.408
G1 F1500 X105.447 Y123.089 E596.47921
G0 F9000 X104.881 Y123.089
G1 F1500 X107.562 Y120.408 E596.60531
G0 F9000 X106.996 Y120.408
G1 F1500 X104.315 Y123.089 E596.73142
G0 F9000 X103.75 Y123.089
G1 F1500 X106.43 Y120.408 E596.8575
G0 F9000 X105.865 Y120.408
G1 F1500 X103.184 Y123.089 E596.98361
G0 F9000 X102.618 Y123.089
G1 F1500 X105.299 Y120.408 E597.10972
G0 F9000 X104.733 Y120.408
G1 F1500 X102.053 Y123.089 E597.2358
G0 F9000 X101.487 Y123.089
G1 F1500 X104.168 Y120.408 E597.3619
G0 F9000 X103.602 Y120.408
G1 F1500 X100.921 Y123.089 E597.48801
G0 F9000 X100.356 Y123.089
G1 F1500 X103.036 Y120.408 E597.61409
G0 F9000 X102.471 Y120.408
G1 F1500 X99.79 Y123.089 E597.7402
G0 F9000 X99.224 Y123.089
G1 F1500 X101.905 Y120.408 E597.8663
G0 F9000 X101.339 Y120.408
G1 F1500 X98.659 Y123.089 E597.99239
G0 F9000 X98.093 Y123.089
G1 F1500 X100.774 Y120.408 E598.11849
G0 F9000 X100.208 Y120.408
G1 F1500 X97.527 Y123.089 E598.2446
G0 F9000 X96.962 Y123.089
G1 F1500 X99.642 Y120.408 E598.37068
G0 F9000 X99.076 Y120.408
G1 F1500 X96.396 Y123.089 E598.49676
G0 F9000 X95.83 Y123.089
G1 F1500 X98.511 Y120.408 E598.62287
G0 F9000 X97.945 Y120.408
G1 F1500 X95.264 Y123.089 E598.74898
G0 F9000 X94.699 Y123.089
G1 F1500 X97.379 Y120.408 E598.87506
G0 F9000 X96.814 Y120.408
G1 F1500 X94.133 Y123.089 E599.00116
G0 F9000 X93.567 Y123.089
G1 F1500 X96.248 Y120.408 E599.12727
G0 F9000 X95.682 Y120.408
G1 F1500 X93.002 Y123.089 E599.25335
G0 F9000 X92.436 Y123.089
G1 F1500 X95.117 Y120.408 E599.37946
G0 F9000 X94.551 Y120.408
G1 F1500 X91.87 Y123.089 E599.50556
G0 F9000 X91.305 Y123.089
G1 F1500 X93.985 Y120.408 E599.63165
G0 F9000 X93.42 Y120.408
G1 F1500 X90.739 Y123.089 E599.75775
G0 F9000 X90.173 Y123.089
G1 F1500 X92.854 Y120.408 E599.88386
G0 F9000 X92.288 Y120.408
G1 F1500 X89.608 Y123.089 E600.00994
G0 F9000 X89.042 Y123.089
G1 F1500 X91.723 Y120.408 E600.13605
G0 F9000 X91.157 Y120.408
G1 F1500 X88.476 Y123.089 E600.26215
G0 F9000 X87.911 Y123.089
G1 F1500 X90.591 Y120.408 E600.38824
G0 F9000 X90.026 Y120.408
G1 F1500 X87.345 Y123.089 E600.51434
G0 F9000 X86.779 Y123.089
G1 F1500 X89.46 Y120.408 E600.64045
G0 F9000 X88.894 Y120.408
G1 F1500 X86.213 Y123.089 E600.76655
G0 F9000 X85.648 Y123.089
G1 F1500 X88.328 Y120.408 E600.89264
G0 F9000 X87.763 Y120.408
G1 F1500 X85.082 Y123.089 E601.01874
G0 F9000 X84.516 Y123.089
G1 F1500 X87.197 Y120.408 E601.14485
G0 F9000 X86.631 Y120.408
G1 F1500 X83.951 Y123.089 E601.27093
G0 F9000 X83.385 Y123.089
G1 F1500 X86.066 Y120.408 E601.39704
G0 F9000 X85.5 Y120.408
G1 F1500 X82.819 Y123.089 E601.52314
G0 F9000 X82.254 Y123.089
G1 F1500 X84.934 Y120.408 E601.64923
G0 F9000 X84.369 Y120.408
G1 F1500 X81.688 Y123.089 E601.77533
G0 F9000 X81.122 Y123.089
G1 F1500 X83.803 Y120.408 E601.90144
G0 F9000 X83.237 Y120.408
G1 F1500 X80.557 Y123.089 E602.02752
G0 F9000 X79.991 Y123.089
G1 F1500 X82.672 Y120.408 E602.15363
G0 F9000 X82.106 Y120.408
G1 F1500 X79.425 Y123.089 E602.27973
G0 F9000 X78.86 Y123.089
G1 F1500 X81.54 Y120.408 E602.40582
G0 F9000 X80.975 Y120.408
G1 F1500 X78.294 Y123.089 E602.53192
G0 F9000 X77.728 Y123.089
G1 F1500 X80.409 Y120.408 E602.65803
G0 F9000 X79.843 Y120.408
G1 F1500 X77.163 Y123.089 E602.78411
G0 F9000 X76.597 Y123.089
G1 F1500 X79.277 Y120.408 E602.91019
G0 F9000 X78.712 Y120.408
G1 F1500 X76.031 Y123.089 E603.0363
G0 F9000 X75.465 Y123.089
G1 F1500 X78.146 Y120.408 E603.1624
G0 F9000 X77.58 Y120.408
G1 F1500 X74.9 Y123.089 E603.28849
G0 F9000 X74.334 Y123.089
G1 F1500 X77.015 Y120.408 E603.41459
G0 F9000 X76.449 Y120.408
G1 F1500 X73.768 Y123.089 E603.5407
G0 F9000 X73.203 Y123.089
G1 F1500 X75.883 Y120.408 E603.66678
G0 F9000 X75.318 Y120.408
G1 F1500 X72.637 Y123.089 E603.79289
G0 F9000 X72.071 Y123.089
G1 F1500 X74.752 Y120.408 E603.91899
G0 F9000 X74.186 Y120.408
G1 F1500 X71.506 Y123.089 E604.04508
G0 F9000 X70.94 Y123.089
G1 F1500 X73.621 Y120.408 E604.17118
G0 F9000 X73.055 Y120.408
G1 F1500 X70.374 Y123.089 E604.29729
G0 F9000 X69.809 Y123.089
G1 F1500 X72.489 Y120.408 E604.42337
G0 F9000 X71.924 Y120.408
G1 F1500 X69.243 Y123.089 E604.54948
G0 F9000 X68.677 Y123.089
G1 F1500 X71.358 Y120.408 E604.67558
G0 F9000 X70.792 Y120.408
G1 F1500 X68.112 Y123.089 E604.80166
G0 F9000 X67.546 Y123.089
G1 F1500 X70.227 Y120.408 E604.92777
G0 F9000 X69.661 Y120.408
G1 F1500 X66.98 Y123.089 E605.05388
G0 F9000 X66.415 Y123.089
G1 F1500 X69.095 Y120.408 E605.17996
G0 F9000 X68.529 Y120.408
G1 F1500 X65.849 Y123.089 E605.30604
G0 F9000 X65.283 Y123.089
G1 F1500 X67.964 Y120.408 E605.43215
G0 F9000 X67.398 Y120.408
G1 F1500 X64.717 Y123.089 E605.55825
G0 F9000 X64.152 Y123.089
G1 F1500 X66.832 Y120.408 E605.68434
G0 F9000 X66.267 Y120.408
G1 F1500 X63.586 Y123.089 E605.81044
G0 F9000 X63.02 Y123.089
G1 F1500 X65.701 Y120.408 E605.93655
G0 F9000 X65.135 Y120.408
G1 F1500 X62.455 Y123.089 E606.06263
G0 F9000 X61.889 Y123.089
G1 F1500 X64.57 Y120.408 E606.18874
G0 F9000 X64.004 Y120.408
G1 F1500 X61.323 Y123.089 E606.31484
G0 F9000 X60.758 Y123.089
G1 F1500 X63.438 Y120.408 E606.44093
G0 F9000 X62.873 Y120.408
G1 F1500 X60.192 Y123.089 E606.56703
G0 F9000 X59.626 Y123.089
G1 F1500 X62.307 Y120.408 E606.69314
G0 F9000 X61.741 Y120.408
G1 F1500 X59.061 Y123.089 E606.81922
G0 F9000 X58.495 Y123.089
G1 F1500 X61.176 Y120.408 E606.94533
G0 F9000 X60.61 Y120.408
G1 F1500 X57.929 Y123.089 E607.07143
G0 F9000 X57.364 Y123.089
G1 F1500 X60.044 Y120.408 E607.19751
G0 F9000 X59.478 Y120.408
G1 F1500 X56.798 Y123.089 E607.3236
G0 F9000 X56.232 Y123.089
G1 F1500 X58.913 Y120.408 E607.4497
G0 F9000 X58.347 Y120.408
G1 F1500 X55.666 Y123.089 E607.57581
G0 F9000 X55.101 Y123.089
G1 F1500 X57.781 Y120.408 E607.70189
G0 F9000 X57.216 Y120.408
G1 F1500 X54.535 Y123.089 E607.828
G0 F9000 X53.969 Y123.089
G1 F1500 X56.65 Y120.408 E607.9541
G0 F9000 X56.084 Y120.408
G1 F1500 X53.404 Y123.089 E608.08019
G0 F9000 X52.838 Y123.089
G1 F1500 X55.519 Y120.408 E608.20629
G0 F9000 X54.953 Y120.408
G1 F1500 X52.272 Y123.089 E608.3324
G0 F9000 X51.707 Y123.089
G1 F1500 X54.387 Y120.408 E608.45848
G0 F9000 X53.822 Y120.408
G1 F1500 X51.141 Y123.089 E608.58459
G0 F9000 X50.575 Y123.089
G1 F1500 X53.256 Y120.408 E608.71069
G0 F9000 X52.69 Y120.408
G1 F1500 X50.01 Y123.089 E608.83678
G0 F9000 X49.444 Y123.089
G1 F1500 X52.125 Y120.408 E608.96288
G0 F9000 X51.559 Y120.408
G1 F1500 X48.878 Y123.089 E609.08899
G0 F9000 X48.313 Y123.089
G1 F1500 X50.993 Y120.408 E609.21507
G0 F9000 X50.428 Y120.408
G1 F1500 X47.747 Y123.089 E609.34118
G0 F9000 X47.181 Y123.089
G1 F1500 X49.862 Y120.408 E609.46728
G0 F9000 X49.296 Y120.408
G1 F1500 X46.616 Y123.089 E609.59336
G0 F9000 X46.05 Y123.089
G1 F1500 X48.73 Y120.408 E609.71945
G0 F9000 X48.165 Y120.408
G1 F1500 X45.484 Y123.089 E609.84555
G0 F9000 X44.918 Y123.089
G1 F1500 X47.599 Y120.408 E609.97166
G0 F9000 X47.033 Y120.408
G1 F1500 X44.353 Y123.089 E610.09774
G0 F9000 X43.787 Y123.089
G1 F1500 X46.468 Y120.408 E610.22385
G0 F9000 X45.902 Y120.408
G1 F1500 X43.221 Y123.089 E610.34995
G0 F9000 X42.656 Y123.089
G1 F1500 X45.336 Y120.408 E610.47604
G0 F9000 X44.771 Y120.408
G1 F1500 X42.09 Y123.089 E610.60214
G0 F9000 X41.524 Y123.089
G1 F1500 X44.205 Y120.408 E610.72825
G0 F9000 X43.639 Y120.408
G1 F1500 X40.959 Y123.089 E610.85433
G0 F9000 X40.393 Y123.089
G1 F1500 X43.074 Y120.408 E610.98044
G0 F9000 X42.508 Y120.408
G1 F1500 X39.827 Y123.089 E611.10654
G0 F9000 X39.262 Y123.089
G1 F1500 X41.942 Y120.408 E611.23263
G0 F9000 X41.377 Y120.408
G1 F1500 X38.696 Y123.089 E611.35873
G0 F9000 X38.13 Y123.089
G1 F1500 X40.811 Y120.408 E611.48484
G0 F9000 X40.245 Y120.408
G1 F1500 X37.565 Y123.089 E611.61092
G0 F9000 X36.999 Y123.089
G1 F1500 X39.68 Y120.408 E611.73703
G0 F9000 X39.114 Y120.408
G1 F1500 X36.433 Y123.089 E611.86313
G0 F9000 X36.16 Y122.797
G1 F1500 X38.548 Y120.408 E611.97548
G0 F9000 X37.982 Y120.408
G1 F1500 X36.16 Y122.231 E612.0612
G0 F9000 X36.16 Y121.666
G1 F1500 X37.417 Y120.408 E612.12035
G0 F9000 X36.851 Y120.408
G1 F1500 X36.16 Y121.1 E612.15288
G0 F9000 X36.16 Y120.534
G1 F1500 X36.285 Y120.408 E612.15878
G1 F2700 E607.15878
;MESH:NONMESH
G0 F300 X36.285 Y120.408 Z1
G0 F9000 X36.285 Y119.95
G0 X184.4 Y119.67
G0 X184.4 Y118.585
G0 X184.4 Y101.415
G0 X184.4 Y100.15
;TIME_ELAPSED:1015.612024
;LAYER:4
;TYPE:WALL-INNER
;MESH:Garmin_GFC500 BOARDS SUPPORTS.stl
G1 F2700 E612.15878
G1 F1500 X184.4 Y96.35 E612.28517
G1 X35.6 Y96.35 E617.23428
G1 X35.6 Y100.15 E617.36067
G1 X184.4 Y100.15 E622.30978
G0 F9000 X184.8 Y100.55
;TYPE:WALL-OUTER
G1 F1500 X184.8 Y95.95 E622.46277
G1 X35.2 Y95.95 E627.43849
G1 X35.2 Y100.55 E627.59149
G1 X184.8 Y100.55 E632.5672
G0 F9000 X184.53 Y100.28
G0 X184.1 Y99.099
G0 X184.319 Y99.099
;TYPE:FILL
G1 F3000 X180.699 Y100.069 E632.69185
G0 F9000 X180.265 Y100.069
G1 F3000 X176.626 Y96.43 E632.86302
G0 F9000 X176.626 Y96.65
G0 X175.02 Y96.65
G0 X175.02 Y96.428
G1 F3000 X174.044 Y100.069 E632.98839
G0 F9000 X174.608 Y100.069
G1 F3000 X170.969 Y96.43 E633.15956
G1 X170.879 Y96.428
G1 X169.903 Y100.07 E633.28497
G0 F9000 X168.951 Y100.069
G1 F3000 X165.312 Y96.43 E633.45614
G0 F9000 X165.312 Y96.65
G0 X166.737 Y96.65
G0 X166.737 Y96.428
G1 F3000 X165.762 Y100.07 E633.58154
G0 F9000 X165.243 Y100.069
G1 F3000 X178.829 Y96.429 E634.04934
G0 F9000 X179.161 Y96.429
G1 F3000 X178.185 Y100.069 E634.17469
G0 F9000 X178.185 Y99.85
G0 X182.326 Y99.85
G0 X182.326 Y100.069
G1 F3000 X183.302 Y96.428 E634.30006
G0 F9000 X183.302 Y96.65
G0 X182.282 Y96.65
G0 X182.282 Y96.43
G1 F3000 X184.319 Y98.466 E634.39585
G0 F9000 X184.1 Y98.466
G0 X163.374 Y96.65
G0 X163.374 Y96.429
G1 F3000 X149.788 Y100.069 E634.86366
G0 F9000 X149.197 Y100.07
G1 F3000 X150.173 Y96.428 E634.98907
G0 F9000 X150.173 Y96.65
G0 X148.341 Y96.65
G0 X148.341 Y96.43
G1 F3000 X151.981 Y100.069 E635.16026
G0 F9000 X151.981 Y99.85
G0 X153.338 Y99.85
G0 X153.338 Y100.069
G1 F3000 X154.314 Y96.429 E635.28561
G0 F9000 X153.998 Y96.43
G1 F3000 X157.638 Y100.069 E635.4568
G1 X157.48 Y100.069
G1 X158.455 Y96.429 E635.58213
G0 F9000 X158.455 Y96.65
G0 X159.655 Y96.65
G0 X159.655 Y96.43
G1 F3000 X163.294 Y100.069 E635.7533
G0 F9000 X163.294 Y99.85
G0 X161.621 Y99.85
G0 X161.621 Y100.069
G1 F3000 X162.596 Y96.428 E635.87867
G0 F9000 X162.596 Y96.65
G0 X147.919 Y96.65
G0 X147.919 Y96.429
G1 F3000 X134.334 Y100.069 E636.34644
G0 F9000 X135.01 Y100.069
G1 F3000 X131.371 Y96.43 E636.51761
G0 F9000 X131.371 Y96.65
G0 X132.465 Y96.65
G0 X132.465 Y96.429
G1 F3000 X118.879 Y100.069 E636.98542
G0 F9000 X118.04 Y100.069
G1 F3000 X114.4 Y96.43 E637.15661
G0 F9000 X114.4 Y96.65
G0 X112.903 Y96.65
G0 X112.903 Y96.429
G1 F3000 X111.927 Y100.069 E637.28195
G0 F9000 X112.383 Y100.069
G1 F3000 X108.743 Y96.429 E637.45317
G1 X108.762 Y96.428
G1 X107.786 Y100.07 E637.57858
G0 F9000 X107.786 Y99.85
G0 X106.725 Y99.85
G0 X106.725 Y100.069
G1 F3000 X103.086 Y96.429 E637.74977
G0 F9000 X103.086 Y96.65
G0 X101.556 Y96.65
G0 X101.556 Y96.429
G1 F3000 X87.97 Y100.069 E638.21758
G0 F9000 X87.081 Y100.07
G1 F3000 X88.056 Y96.428 E638.34298
G0 F9000 X88.056 Y96.65
G0 X86.115 Y96.65
G0 X86.115 Y96.429
G1 F3000 X89.755 Y100.069 E638.51419
G0 F9000 X89.755 Y99.85
G0 X91.222 Y99.85
G0 X91.222 Y100.069
G1 F3000 X92.197 Y96.429 E638.63952
G0 F9000 X91.772 Y96.429
G1 F3000 X95.412 Y100.069 E638.81074
G1 X95.363 Y100.069
G1 X96.338 Y96.429 E638.93607
G0 F9000 X96.338 Y96.65
G0 X97.429 Y96.65
G0 X97.429 Y96.429
G1 F3000 X101.068 Y100.069 E639.10726
G0 F9000 X101.068 Y99.85
G0 X99.504 Y99.85
G0 X99.504 Y100.069
G1 F3000 X100.48 Y96.428 E639.23264
G0 F9000 X100.48 Y96.65
G0 X104.621 Y96.65
G0 X104.621 Y96.428
G1 F3000 X103.645 Y100.07 E639.35805
G0 F9000 X103.424 Y100.069
G1 F3000 X117.01 Y96.429 E639.82586
G1 X117.044 Y96.429
G1 X116.069 Y100.069 E639.95119
G0 F9000 X116.069 Y99.85
G0 X120.21 Y99.85
G0 X120.21 Y100.069
G1 F3000 X121.185 Y96.428 E640.07656
G0 F9000 X121.185 Y96.65
G0 X120.057 Y96.65
G0 X120.057 Y96.43
G1 F3000 X123.697 Y100.069 E640.24775
G0 F9000 X124.351 Y100.07
G1 F3000 X125.326 Y96.428 E640.37315
G0 F9000 X125.714 Y96.43
G1 F3000 X129.353 Y100.069 E640.54432
G0 F9000 X128.492 Y100.07
G1 F3000 X129.467 Y96.428 E640.66972
G0 F9000 X129.467 Y96.65
G0 X133.608 Y96.65
G0 X133.608 Y96.429
G1 F3000 X132.633 Y100.069 E640.79505
G0 F9000 X132.633 Y99.85
G0 X136.774 Y99.85
G0 X136.774 Y100.069
G1 F3000 X137.75 Y96.429 E640.92039
G0 F9000 X137.028 Y96.43
G1 F3000 X140.667 Y100.069 E641.09156
G0 F9000 X140.915 Y100.069
G1 F3000 X141.891 Y96.428 E641.21694
G0 F9000 X142.684 Y96.43
G1 F3000 X146.324 Y100.069 E641.38813
G0 F9000 X146.324 Y99.85
G0 X145.056 Y99.85
G0 X145.056 Y100.07
G1 F3000 X146.032 Y96.428 E641.51354
G1 F2700 E636.51354
G0 F9000 X146.032 Y96.65
G0 X86.101 Y96.65
G0 X86.101 Y96.429
G1 F2700 E641.51354
G1 F3000 X72.515 Y100.069 E641.98134
G0 F9000 X72.784 Y100.069
G1 F3000 X69.145 Y96.429 E642.15254
G0 F9000 X69.145 Y96.65
G0 X70.645 Y96.65
G0 X70.645 Y96.429
G1 F3000 X57.061 Y100.069 E642.62028
G0 F9000 X57.061 Y99.85
G0 X58.093 Y99.85
G0 X58.093 Y100.069
G1 F3000 X59.069 Y96.428 E642.74566
G0 F9000 X59.069 Y96.65
G0 X57.831 Y96.65
G0 X57.831 Y96.429
G1 F3000 X61.47 Y100.069 E642.91685
G0 F9000 X62.234 Y100.07
G1 F3000 X63.21 Y96.428 E643.04225
G0 F9000 X63.488 Y96.429
G1 F3000 X67.127 Y100.069 E643.21345
G0 F9000 X66.375 Y100.07
G1 F3000 X67.351 Y96.428 E643.33885
G0 F9000 X67.351 Y96.65
G0 X71.492 Y96.65
G0 X71.492 Y96.429
G1 F3000 X70.516 Y100.069 E643.4642
G0 F9000 X70.516 Y99.85
G0 X74.657 Y99.85
G0 X74.657 Y100.069
G1 F3000 X75.633 Y96.429 E643.58954
G0 F9000 X74.801 Y96.429
G1 F3000 X78.441 Y100.069 E643.76075
G0 F9000 X78.799 Y100.069
G1 F3000 X79.774 Y96.428 E643.88612
G0 F9000 X80.458 Y96.429
G1 F3000 X84.098 Y100.069 E644.05734
G0 F9000 X84.098 Y99.85
G0 X82.94 Y99.85
G0 X82.94 Y100.07
G1 F3000 X83.915 Y96.428 E644.18274
G0 F9000 X83.915 Y96.65
G0 X55.814 Y99.85
G0 X55.814 Y100.069
G1 F3000 X52.174 Y96.429 E644.35395
G0 F9000 X52.174 Y96.65
G0 X50.786 Y96.65
G0 X50.786 Y96.429
G1 F3000 X49.811 Y100.069 E644.47928
G0 F9000 X50.157 Y100.069
G1 F3000 X46.517 Y96.429 E644.6505
G1 X46.645 Y96.428
G1 X45.67 Y100.07 E644.7759
G0 F9000 X45.67 Y99.85
G0 X44.5 Y99.85
G0 X44.5 Y100.069
G1 F3000 X40.86 Y96.429 E644.94711
G0 F9000 X40.86 Y96.65
G0 X39.736 Y96.65
G0 X39.736 Y96.429
G1 F3000 X35.679 Y97.516 E645.08681
G0 F9000 X35.679 Y96.905
G1 F3000 X38.843 Y100.069 E645.23563
G0 F9000 X38.843 Y99.85
G0 X37.388 Y99.85
G0 X37.388 Y100.069
G1 F3000 X38.363 Y96.428 E645.361
G0 F9000 X38.363 Y96.65
G0 X42.504 Y96.65
G0 X42.504 Y96.428
G1 F3000 X41.528 Y100.07 E645.48641
G1 X41.605 Y100.069
G1 X55.191 Y96.429 E645.95422
G0 F9000 X54.927 Y96.429
G1 F3000 X53.952 Y100.069 E646.07955
G0 F9000 X53.952 Y99.55
G1 F2700 E641.07955
G0 F9000 X184.13 Y100.33
G0 X184.13 Y101.415
G0 X184.13 Y118.585
G0 X184.13 Y119.67
G0 X184.13 Y123.38
G0 X184.4 Y123.65
;TYPE:WALL-INNER
G1 F2700 E646.07955
G1 F1500 X184.4 Y119.85 E646.20594
G1 X35.6 Y119.85 E651.15505
G1 X35.6 Y123.65 E651.28144
G1 X184.4 Y123.65 E656.23054
G0 F9000 X184.8 Y124.05
;TYPE:WALL-OUTER
G1 F1500 X184.8 Y119.45 E656.38354
G1 X35.2 Y119.45 E661.35926
G1 X35.2 Y124.05 E661.51225
G1 X184.8 Y124.05 E666.48797
G0 F9000 X184.53 Y123.78
G0 X184.1 Y121.094
G0 X184.319 Y121.094
;TYPE:FILL
G1 F3000 X183.155 Y119.93 E666.54272
G0 F9000 X183.852 Y119.929
G1 F3000 X170.269 Y123.569 E667.01043
G0 F9000 X169.824 Y123.569
G1 F3000 X166.184 Y119.93 E667.18163
G0 F9000 X166.184 Y120.15
G0 X164.582 Y120.15
G0 X164.582 Y119.928
G1 F3000 X163.606 Y123.569 E667.307
G0 F9000 X164.167 Y123.569
G1 F3000 X160.528 Y119.93 E667.47817
G1 X160.441 Y119.928
G1 X159.465 Y123.569 E667.60354
G0 F9000 X158.51 Y123.569
G1 F3000 X154.871 Y119.93 E667.77471
G0 F9000 X154.871 Y120.15
G0 X156.299 Y120.15
G0 X156.299 Y119.928
G1 F3000 X155.324 Y123.569 E667.90008
G0 F9000 X154.815 Y123.569
G1 F3000 X168.398 Y119.929 E668.36779
G0 F9000 X168.723 Y119.928
G1 F3000 X167.747 Y123.569 E668.49317
G0 F9000 X167.747 Y123.35
G0 X171.888 Y123.35
G0 X171.888 Y123.569
G1 F3000 X172.864 Y119.928 E668.61854
G0 F9000 X172.864 Y120.15
G0 X171.841 Y120.15
G0 X171.841 Y119.93
G1 F3000 X175.481 Y123.569 E668.78973
G0 F9000 X176.029 Y123.569
G1 F3000 X177.005 Y119.928 E668.91511
G0 F9000 X177.498 Y119.93
G1 F3000 X181.138 Y123.569 E669.0863
G0 F9000 X180.171 Y123.569
G1 F3000 X181.146 Y119.928 E669.21167
G0 F9000 X181.146 Y120.15
G0 X152.943 Y120.15
G0 X152.943 Y119.929
G1 F3000 X139.359 Y123.569 E669.67941
G0 F9000 X138.76 Y123.569
G1 F3000 X139.735 Y119.928 E669.80478
G0 F9000 X139.735 Y120.15
G0 X137.9 Y120.15
G0 X137.9 Y119.93
G1 F3000 X141.54 Y123.569 E669.97597
G0 F9000 X141.54 Y123.35
G0 X142.901 Y123.35
G0 X142.901 Y123.569
G1 F3000 X143.876 Y119.928 E670.10134
G0 F9000 X143.557 Y119.93
G1 F3000 X147.197 Y123.569 E670.27253
G1 X147.042 Y123.569
G1 X148.017 Y119.928 E670.39789
G0 F9000 X148.017 Y120.15
G0 X149.214 Y120.15
G0 X149.214 Y119.93
G1 F3000 X152.853 Y123.569 E670.56906
G0 F9000 X152.853 Y123.35
G0 X151.183 Y123.35
G0 X151.183 Y123.569
G1 F3000 X152.159 Y119.928 E670.69444
G0 F9000 X152.159 Y120.15
G0 X137.488 Y120.15
G0 X137.488 Y119.929
G1 F3000 X123.905 Y123.569 E671.16215
G0 F9000 X124.569 Y123.569
G1 F3000 X120.93 Y119.93 E671.33332
G0 F9000 X120.93 Y120.15
G0 X122.033 Y120.15
G0 X122.033 Y119.929
G1 F3000 X108.449 Y123.569 E671.80106
G0 F9000 X107.598 Y123.569
G1 F3000 X103.958 Y119.929 E671.97228
G0 F9000 X103.958 Y120.15
G0 X102.465 Y120.15
G0 X102.465 Y119.928
G1 F3000 X101.49 Y123.569 E672.09764
G0 F9000 X101.941 Y123.569
G1 F3000 X98.301 Y119.929 E672.26886
G1 X98.324 Y119.928
G1 X97.348 Y123.569 E672.39423
G0 F9000 X97.348 Y123.35
G0 X96.284 Y123.35
G0 X96.284 Y123.569
G1 F3000 X92.645 Y119.929 E672.56543
G0 F9000 X92.645 Y120.15
G0 X91.124 Y120.15
G0 X91.124 Y119.929
G1 F3000 X77.539 Y123.569 E673.0332
G0 F9000 X76.643 Y123.569
G1 F3000 X77.618 Y119.928 E673.15857
G0 F9000 X77.618 Y120.15
G0 X75.674 Y120.15
G0 X75.674 Y119.929
G1 F3000 X79.314 Y123.569 E673.32978
G0 F9000 X79.314 Y123.35
G0 X80.784 Y123.35
G0 X80.784 Y123.569
G1 F3000 X81.76 Y119.928 E673.45516
G0 F9000 X81.331 Y119.929
G1 F3000 X84.97 Y123.569 E673.62635
G1 X84.925 Y123.569
G1 X85.901 Y119.928 E673.75173
G0 F9000 X85.901 Y120.15
G0 X86.988 Y120.15
G0 X86.988 Y119.929
G1 F3000 X90.627 Y123.569 E673.92292
G0 F9000 X90.627 Y123.35
G0 X89.066 Y123.35
G0 X89.066 Y123.569
G1 F3000 X90.042 Y119.928 E674.04829
G0 F9000 X90.042 Y120.15
G0 X94.183 Y120.15
G0 X94.183 Y119.928
G1 F3000 X93.207 Y123.569 E674.17367
G0 F9000 X92.993 Y123.569
G1 F3000 X106.578 Y119.929 E674.64145
G1 X106.606 Y119.928
G1 X105.631 Y123.569 E674.76681
G0 F9000 X105.631 Y123.35
G0 X109.772 Y123.35
G0 X109.772 Y123.569
G1 F3000 X110.747 Y119.928 E674.89218
G0 F9000 X110.747 Y120.15
G0 X109.615 Y120.15
G0 X109.615 Y119.929
G1 F3000 X113.255 Y123.569 E675.06339
G0 F9000 X113.913 Y123.569
G1 F3000 X114.888 Y119.928 E675.18876
G0 F9000 X115.273 Y119.93
G1 F3000 X118.912 Y123.569 E675.35993
G0 F9000 X118.054 Y123.569
G1 F3000 X119.03 Y119.928 E675.4853
G0 F9000 X119.03 Y120.15
G0 X123.171 Y120.15
G0 X123.171 Y119.928
G1 F3000 X122.195 Y123.569 E675.61068
G0 F9000 X122.195 Y123.35
G0 X126.336 Y123.35
G0 X126.336 Y123.569
G1 F3000 X127.312 Y119.928 E675.73605
G0 F9000 X126.586 Y119.93
G1 F3000 X130.226 Y123.569 E675.90725
G0 F9000 X130.477 Y123.569
G1 F3000 X131.453 Y119.928 E676.03262
G0 F9000 X132.243 Y119.93
G1 F3000 X135.883 Y123.569 E676.20381
G0 F9000 X135.883 Y123.35
G0 X134.618 Y123.35
G0 X134.618 Y123.569
G1 F3000 X135.594 Y119.928 E676.32919
G1 F2700 E671.32919
G0 F9000 X135.594 Y120.15
G0 X75.669 Y120.15
G0 X75.669 Y119.929
G1 F2700 E676.32919
G1 F3000 X62.083 Y123.57 E676.79701
G0 F9000 X62.343 Y123.569
G1 F3000 X58.704 Y119.929 E676.9682
G0 F9000 X58.704 Y120.15
G0 X60.214 Y120.15
G0 X60.214 Y119.929
G1 F3000 X46.628 Y123.57 E677.43601
G0 F9000 X46.628 Y123.35
G0 X47.655 Y123.35
G0 X47.655 Y123.569
G1 F3000 X48.631 Y119.928 E677.56139
G0 F9000 X48.631 Y120.15
G0 X47.39 Y120.15
G0 X47.39 Y119.929
G1 F3000 X51.029 Y123.569 E677.73258
G0 F9000 X51.796 Y123.569
G1 F3000 X52.772 Y119.928 E677.85796
G0 F9000 X53.047 Y119.929
G1 F3000 X56.686 Y123.569 E678.02915
G0 F9000 X55.937 Y123.569
G1 F3000 X56.913 Y119.928 E678.15452
G0 F9000 X56.913 Y120.15
G0 X61.054 Y120.15
G0 X61.054 Y119.928
G1 F3000 X60.079 Y123.569 E678.27989
G0 F9000 X60.079 Y123.35
G0 X64.219 Y123.35
G0 X64.219 Y123.569
G1 F3000 X65.195 Y119.928 E678.40527
G0 F9000 X64.36 Y119.929
G1 F3000 X68 Y123.569 E678.57648
G0 F9000 X68.361 Y123.569
G1 F3000 X69.336 Y119.928 E678.70185
G0 F9000 X70.017 Y119.929
G1 F3000 X73.657 Y123.569 E678.87306
G0 F9000 X73.657 Y123.35
G0 X72.502 Y123.35
G0 X72.502 Y123.569
G1 F3000 X73.477 Y119.928 E678.99843
G0 F9000 X73.477 Y120.15
G0 X45.372 Y123.35
G0 X45.372 Y123.569
G1 F3000 X41.733 Y119.929 E679.16962
G0 F9000 X41.733 Y120.15
G0 X40.349 Y120.15
G0 X40.349 Y119.928
G1 F3000 X39.373 Y123.569 E679.29499
G0 F9000 X39.716 Y123.569
G1 F3000 X36.076 Y119.929 E679.46621
G1 X36.207 Y119.928
G1 X35.679 Y121.899 E679.53408
G0 F9000 X35.679 Y122.362
G1 F3000 X44.76 Y119.929 E679.84676
G0 F9000 X44.49 Y119.928
G1 F3000 X43.514 Y123.569 E679.97214
G0 F9000 X43.514 Y123.05
G1 F2700 E674.97214
;MESH:NONMESH
G0 F300 X43.514 Y123.05 Z1.2
G0 F9000 X184.13 Y119.67
G0 X184.13 Y118.585
G0 X184.13 Y101.415
G0 X184.13 Y100.33
G0 X184.13 Y99.88
G0 X184.4 Y100.15
;TIME_ELAPSED:1113.989493
;LAYER:5
;TYPE:WALL-INNER
;MESH:Garmin_GFC500 BOARDS SUPPORTS.stl
G1 F2700 E679.97214
G1 F1500 X184.4 Y96.35 E680.09853
G1 X35.6 Y96.35 E685.04764
G1 X35.6 Y100.15 E685.17402
G1 X184.4 Y100.15 E690.12313
G0 F9000 X184.8 Y100.55
;TYPE:WALL-OUTER
G1 F1500 X184.8 Y95.95 E690.27613
G1 X35.2 Y95.95 E695.25185
G1 X35.2 Y100.55 E695.40484
G1 X184.8 Y100.55 E700.38056
G0 F9000 X184.53 Y100.28
G0 X184.1 Y99.245
G0 X184.319 Y99.245
;TYPE:FILL
G1 F3000 X181.243 Y100.069 E700.48647
G0 F9000 X180.464 Y100.069
G1 F3000 X176.825 Y96.43 E700.65764
G0 F9000 X176.825 Y96.65
G0 X174.874 Y96.65
G0 X174.874 Y96.428
G1 F3000 X173.898 Y100.07 E700.78305
G0 F9000 X174.808 Y100.069
G1 F3000 X171.168 Y96.43 E700.95424
G0 F9000 X170.733 Y96.428
G1 F3000 X169.757 Y100.069 E701.07961
G0 F9000 X169.151 Y100.069
G1 F3000 X165.511 Y96.43 E701.25081
G0 F9000 X165.511 Y96.65
G0 X166.591 Y96.65
G0 X166.591 Y96.428
G1 F3000 X165.616 Y100.069 E701.37617
G1 X165.788 Y100.069
G1 X179.373 Y96.429 E701.84395
G0 F9000 X179.015 Y96.428
G1 F3000 X178.039 Y100.069 E701.96933
G0 F9000 X178.039 Y99.85
G0 X182.18 Y99.85
G0 X182.18 Y100.069
G1 F3000 X183.156 Y96.429 E702.09467
G0 F9000 X182.482 Y96.43
G1 F3000 X184.319 Y98.267 E702.18108
G0 F9000 X184.1 Y98.267
G0 X163.919 Y96.65
G0 X163.919 Y96.429
G1 F3000 X150.334 Y100.069 E702.64885
G0 F9000 X150.334 Y99.85
G0 X149.051 Y99.85
G0 X149.051 Y100.07
G1 F3000 X150.027 Y96.428 E702.77426
G0 F9000 X150.027 Y96.65
G0 X148.541 Y96.65
G0 X148.541 Y96.43
G1 F3000 X152.18 Y100.069 E702.94543
G0 F9000 X152.18 Y99.85
G0 X153.192 Y99.85
G0 X153.192 Y100.07
G1 F3000 X154.168 Y96.428 E703.07084
G1 X154.198 Y96.43
G1 X157.837 Y100.069 E703.242
G0 F9000 X157.334 Y100.069
G1 F3000 X158.309 Y96.428 E703.36737
G0 F9000 X158.309 Y96.65
G0 X159.854 Y96.65
G0 X159.854 Y96.43
G1 F3000 X163.494 Y100.069 E703.53856
G0 F9000 X163.494 Y99.85
G0 X161.475 Y99.85
G0 X161.475 Y100.069
G1 F3000 X162.45 Y96.429 E703.6639
G0 F9000 X162.45 Y96.65
G0 X148.464 Y96.65
G0 X148.464 Y96.429
G1 F3000 X134.878 Y100.069 E704.13171
G0 F9000 X135.21 Y100.069
G1 F3000 X131.57 Y96.43 E704.3029
G0 F9000 X131.57 Y96.65
G0 X133.009 Y96.65
G0 X133.009 Y96.429
G1 F3000 X119.424 Y100.069 E704.77067
G0 F9000 X120.064 Y100.069
G1 F3000 X121.039 Y96.429 E704.89601
G0 F9000 X120.256 Y96.43
G1 F3000 X123.896 Y100.069 E705.0672
G0 F9000 X124.205 Y100.069
G1 F3000 X125.18 Y96.428 E705.19257
G0 F9000 X125.913 Y96.43
G1 F3000 X129.553 Y100.069 E705.36376
G0 F9000 X129.553 Y99.85
G0 X128.346 Y99.85
G0 X128.346 Y100.07
G1 F3000 X129.321 Y96.428 E705.48916
G0 F9000 X129.321 Y96.65
G0 X133.463 Y96.65
G0 X133.463 Y96.428
G1 F3000 X132.487 Y100.07 E705.61456
G0 F9000 X132.487 Y99.85
G0 X136.628 Y99.85
G0 X136.628 Y100.069
G1 F3000 X137.604 Y96.429 E705.73991
G0 F9000 X137.227 Y96.43
G1 F3000 X140.866 Y100.069 E705.91107
G1 X140.769 Y100.069
G1 X141.745 Y96.429 E706.03642
G0 F9000 X141.745 Y96.65
G0 X142.884 Y96.65
G0 X142.884 Y96.43
G1 F3000 X146.523 Y100.069 E706.20759
G0 F9000 X146.523 Y99.85
G0 X144.91 Y99.85
G0 X144.91 Y100.069
G1 F3000 X145.886 Y96.428 E706.33296
G0 F9000 X145.886 Y96.65
G0 X118.239 Y99.85
G0 X118.239 Y100.069
G1 F3000 X114.6 Y96.43 E706.50413
G0 F9000 X114.6 Y96.65
G0 X112.757 Y96.65
G0 X112.757 Y96.428
G1 F3000 X111.781 Y100.07 E706.62954
G0 F9000 X112.582 Y100.069
G1 F3000 X108.942 Y96.429 E706.80075
G0 F9000 X108.616 Y96.428
G1 F3000 X107.64 Y100.07 E706.92616
G0 F9000 X106.925 Y100.069
G1 F3000 X103.285 Y96.429 E707.09737
G0 F9000 X103.285 Y96.65
G0 X102.1 Y96.65
G0 X102.1 Y96.429
G1 F3000 X88.514 Y100.069 E707.56518
G0 F9000 X88.514 Y99.85
G0 X89.954 Y99.85
G0 X89.954 Y100.069
G1 F3000 X86.315 Y96.429 E707.73637
G0 F9000 X86.646 Y96.429
G1 F3000 X73.06 Y100.069 E708.20418
G1 X72.984 Y100.069
G1 X69.344 Y96.429 E708.3754
G0 F9000 X69.344 Y96.65
G0 X71.191 Y96.65
G0 X71.191 Y96.429
G1 F3000 X57.605 Y100.069 E708.84321
G0 F9000 X57.947 Y100.069
G1 F3000 X58.923 Y96.429 E708.96855
G0 F9000 X58.03 Y96.429
G1 F3000 X61.67 Y100.069 E709.13976
G0 F9000 X62.088 Y100.069
G1 F3000 X63.064 Y96.428 E709.26514
G0 F9000 X63.687 Y96.429
G1 F3000 X67.327 Y100.069 E709.43635
G0 F9000 X67.327 Y99.85
G0 X66.229 Y99.85
G0 X66.229 Y100.07
G1 F3000 X67.205 Y96.428 E709.56176
G0 F9000 X67.205 Y96.65
G0 X71.346 Y96.65
G0 X71.346 Y96.428
G1 F3000 X70.37 Y100.07 E709.68717
G0 F9000 X70.37 Y99.85
G0 X74.511 Y99.85
G0 X74.511 Y100.069
G1 F3000 X75.487 Y96.429 E709.81251
G0 F9000 X75.001 Y96.429
G1 F3000 X78.64 Y100.069 E709.9837
G1 X78.653 Y100.069
G1 X79.628 Y96.429 E710.10904
G0 F9000 X79.628 Y96.65
G0 X80.658 Y96.65
G0 X80.658 Y96.429
G1 F3000 X84.297 Y100.069 E710.28023
G0 F9000 X84.297 Y99.85
G0 X82.794 Y99.85
G0 X82.794 Y100.069
G1 F3000 X83.769 Y96.428 E710.4056
G0 F9000 X83.769 Y96.65
G0 X87.91 Y96.65
G0 X87.91 Y96.428
G1 F3000 X86.935 Y100.07 E710.531
G0 F9000 X86.935 Y99.85
G0 X91.076 Y99.85
G0 X91.076 Y100.07
G1 F3000 X92.052 Y96.428 E710.6564
G1 X91.971 Y96.429
G1 X95.611 Y100.069 E710.82762
G0 F9000 X95.217 Y100.069
G1 F3000 X96.192 Y96.429 E710.95295
G0 F9000 X96.192 Y96.65
G0 X97.628 Y96.65
G0 X97.628 Y96.429
G1 F3000 X101.268 Y100.069 E711.12417
G0 F9000 X101.268 Y99.85
G0 X99.358 Y99.85
G0 X99.358 Y100.069
G1 F3000 X100.334 Y96.429 E711.24951
G0 F9000 X100.334 Y96.65
G0 X104.475 Y96.65
G0 X104.475 Y96.428
G1 F3000 X103.499 Y100.069 E711.37489
G0 F9000 X103.969 Y100.069
G1 F3000 X117.555 Y96.429 E711.84269
G0 F9000 X116.898 Y96.429
G1 F3000 X115.922 Y100.069 E711.96804
G1 F2700 E706.96804
G0 F9000 X115.922 Y99.85
G0 X56.013 Y99.85
G0 X56.013 Y100.069
G1 F2700 E711.96804
G1 F3000 X52.373 Y96.429 E712.13925
G0 F9000 X52.373 Y96.65
G0 X50.64 Y96.65
G0 X50.64 Y96.428
G1 F3000 X49.665 Y100.07 E712.26465
G0 F9000 X50.356 Y100.069
G1 F3000 X46.717 Y96.429 E712.43584
G0 F9000 X46.499 Y96.428
G1 F3000 X45.524 Y100.07 E712.56124
G0 F9000 X44.699 Y100.069
G1 F3000 X41.06 Y96.429 E712.73243
G0 F9000 X40.281 Y96.429
G1 F3000 X35.679 Y97.662 E712.89089
G0 F9000 X35.679 Y96.706
G1 F3000 X39.042 Y100.069 E713.04908
G0 F9000 X39.042 Y99.85
G0 X37.242 Y99.85
G0 X37.242 Y100.069
G1 F3000 X38.217 Y96.429 E713.17441
G0 F9000 X38.217 Y96.65
G0 X42.358 Y96.65
G0 X42.358 Y96.428
G1 F3000 X41.383 Y100.069 E713.29978
G0 F9000 X42.151 Y100.069
G1 F3000 X55.735 Y96.429 E713.76753
G0 F9000 X54.781 Y96.429
G1 F3000 X53.806 Y100.069 E713.89286
G0 F9000 X53.806 Y99.55
G1 F2700 E708.89286
G0 F9000 X184.13 Y100.33
G0 X184.13 Y101.415
G0 X184.13 Y118.585
G0 X184.13 Y119.67
G0 X184.13 Y123.38
G0 X184.4 Y123.65
;TYPE:WALL-INNER
G1 F2700 E713.89286
G1 F1500 X184.4 Y119.85 E714.01925
G1 X35.6 Y119.85 E718.96836
G1 X35.6 Y123.65 E719.09475
G1 X184.4 Y123.65 E724.04385
G0 F9000 X184.8 Y124.05
;TYPE:WALL-OUTER
G1 F1500 X184.8 Y119.45 E724.19685
G1 X35.2 Y119.45 E729.17257
G1 X35.2 Y124.05 E729.32556
G1 X184.8 Y124.05 E734.30128
G0 F9000 X184.166 Y123.569
;TYPE:FILL
G1 F3000 X184.319 Y122.997 E734.32097
G0 F9000 X184.1 Y122.997
G0 X184.1 Y120.894
G0 X184.319 Y120.894
G1 F3000 X183.354 Y119.93 E734.36634
G0 F9000 X184.319 Y119.95
G1 F3000 X170.815 Y123.569 E734.83134
G0 F9000 X170.023 Y123.569
G1 F3000 X166.384 Y119.93 E735.0025
G0 F9000 X166.384 Y120.15
G0 X164.436 Y120.15
G0 X164.436 Y119.928
G1 F3000 X163.46 Y123.569 E735.12788
G0 F9000 X164.366 Y123.569
G1 F3000 X160.727 Y119.93 E735.29905
G0 F9000 X160.295 Y119.928
G1 F3000 X159.319 Y123.569 E735.42442
G0 F9000 X158.71 Y123.569
G1 F3000 X155.07 Y119.93 E735.59561
G0 F9000 X155.07 Y120.15
G0 X156.154 Y120.15
G0 X156.154 Y119.928
G1 F3000 X155.178 Y123.569 E735.72099
G1 X155.359 Y123.569
G1 X168.942 Y119.929 E736.1887
G0 F9000 X168.577 Y119.928
G1 F3000 X167.601 Y123.569 E736.31408
G0 F9000 X167.601 Y123.35
G0 X171.742 Y123.35
G0 X171.742 Y123.569
G1 F3000 X172.718 Y119.928 E736.43945
G0 F9000 X172.041 Y119.93
G1 F3000 X175.68 Y123.569 E736.61062
G0 F9000 X175.883 Y123.569
G1 F3000 X176.859 Y119.928 E736.73599
G0 F9000 X177.698 Y119.93
G1 F3000 X181.337 Y123.569 E736.90716
G0 F9000 X181.337 Y123.35
G0 X180.025 Y123.35
G0 X180.025 Y123.569
G1 F3000 X181 Y119.928 E737.03253
G0 F9000 X181 Y120.15
G0 X153.488 Y120.15
G0 X153.488 Y119.929
G1 F3000 X139.904 Y123.569 E737.50027
G0 F9000 X139.904 Y123.35
G0 X138.614 Y123.35
G0 X138.614 Y123.569
G1 F3000 X139.589 Y119.928 E737.62564
G0 F9000 X139.589 Y120.15
G0 X138.1 Y120.15
G0 X138.1 Y119.93
G1 F3000 X141.739 Y123.569 E737.79681
G0 F9000 X141.739 Y123.35
G0 X142.755 Y123.35
G0 X142.755 Y123.569
G1 F3000 X143.73 Y119.928 E737.92218
G1 X143.756 Y119.93
G1 X147.396 Y123.569 E738.09337
G0 F9000 X146.896 Y123.569
G1 F3000 X147.871 Y119.928 E738.21873
G0 F9000 X147.871 Y120.15
G0 X149.413 Y120.15
G0 X149.413 Y119.93
G1 F3000 X153.053 Y123.569 E738.38992
G0 F9000 X153.053 Y123.35
G0 X151.037 Y123.35
G0 X151.037 Y123.569
G1 F3000 X152.012 Y119.928 E738.51529
G0 F9000 X152.012 Y120.15
G0 X138.033 Y120.15
G0 X138.033 Y119.929
G1 F3000 X124.449 Y123.569 E738.98304
G0 F9000 X124.768 Y123.569
G1 F3000 X121.129 Y119.93 E739.1542
G0 F9000 X121.129 Y120.15
G0 X122.578 Y120.15
G0 X122.578 Y119.929
G1 F3000 X108.994 Y123.569 E739.62195
G0 F9000 X109.626 Y123.569
G1 F3000 X110.601 Y119.928 E739.74732
G0 F9000 X109.815 Y119.929
G1 F3000 X113.455 Y123.569 E739.91853
G0 F9000 X113.767 Y123.569
G1 F3000 X114.743 Y119.928 E740.04391
G0 F9000 X115.472 Y119.93
G1 F3000 X119.112 Y123.569 E740.2151
G0 F9000 X119.112 Y123.35
G0 X117.908 Y123.35
G0 X117.908 Y123.569
G1 F3000 X118.883 Y119.928 E740.34046
G0 F9000 X118.883 Y120.15
G0 X123.025 Y120.15
G0 X123.025 Y119.928
G1 F3000 X122.049 Y123.569 E740.46584
G0 F9000 X122.049 Y123.35
G0 X126.19 Y123.35
G0 X126.19 Y123.569
G1 F3000 X127.166 Y119.928 E740.59121
G0 F9000 X126.786 Y119.93
G1 F3000 X130.425 Y123.569 E740.76238
G1 X130.331 Y123.569
G1 X131.307 Y119.928 E740.88776
G0 F9000 X131.307 Y120.15
G0 X132.443 Y120.15
G0 X132.443 Y119.93
G1 F3000 X136.082 Y123.569 E741.05892
G0 F9000 X136.082 Y123.35
G0 X134.472 Y123.35
G0 X134.472 Y123.569
G1 F3000 X135.448 Y119.928 E741.1843
G0 F9000 X135.448 Y120.15
G0 X107.797 Y123.35
G0 X107.797 Y123.569
G1 F3000 X104.158 Y119.929 E741.35549
G0 F9000 X104.158 Y120.15
G0 X102.319 Y120.15
G0 X102.319 Y119.928
G1 F3000 X101.344 Y123.569 E741.48086
G0 F9000 X102.14 Y123.569
G1 F3000 X98.501 Y119.929 E741.65205
G0 F9000 X98.178 Y119.928
G1 F3000 X97.202 Y123.569 E741.77742
G0 F9000 X96.484 Y123.569
G1 F3000 X92.844 Y119.929 E741.94864
G0 F9000 X92.844 Y120.15
G0 X91.668 Y120.15
G0 X91.668 Y119.929
G1 F3000 X78.083 Y123.569 E742.41642
G0 F9000 X78.083 Y123.35
G0 X79.513 Y123.35
G0 X79.513 Y123.569
G1 F3000 X75.873 Y119.929 E742.58763
G0 F9000 X76.214 Y119.929
G1 F3000 X62.628 Y123.57 E743.05545
G1 X62.542 Y123.569
G1 X58.903 Y119.929 E743.22664
G0 F9000 X58.903 Y120.15
G0 X60.759 Y120.15
G0 X60.759 Y119.929
G1 F3000 X47.173 Y123.57 E743.69446
G0 F9000 X47.509 Y123.569
G1 F3000 X48.485 Y119.928 E743.81983
G0 F9000 X47.589 Y119.929
G1 F3000 X51.229 Y123.569 E743.99105
G0 F9000 X51.65 Y123.569
G1 F3000 X52.626 Y119.928 E744.11642
G0 F9000 X53.246 Y119.929
G1 F3000 X56.886 Y123.569 E744.28764
G0 F9000 X56.886 Y123.35
G0 X55.791 Y123.35
G0 X55.791 Y123.569
G1 F3000 X56.767 Y119.928 E744.41301
G0 F9000 X56.767 Y120.15
G0 X60.908 Y120.15
G0 X60.908 Y119.928
G1 F3000 X59.933 Y123.569 E744.53838
G0 F9000 X59.933 Y123.35
G0 X64.074 Y123.35
G0 X64.074 Y123.569
G1 F3000 X65.049 Y119.928 E744.66375
G0 F9000 X64.56 Y119.929
G1 F3000 X68.199 Y123.569 E744.83494
G1 X68.215 Y123.569
G1 X69.19 Y119.928 E744.9603
G0 F9000 X69.19 Y120.15
G0 X70.217 Y120.15
G0 X70.217 Y119.929
G1 F3000 X73.856 Y123.569 E745.1315
G0 F9000 X73.856 Y123.35
G0 X72.356 Y123.35
G0 X72.356 Y123.569
G1 F3000 X73.332 Y119.928 E745.25687
G0 F9000 X73.332 Y120.15
G0 X77.472 Y120.15
G0 X77.472 Y119.928
G1 F3000 X76.497 Y123.569 E745.38224
G0 F9000 X76.497 Y123.35
G0 X80.638 Y123.35
G0 X80.638 Y123.569
G1 F3000 X81.614 Y119.928 E745.50761
G1 X81.53 Y119.929
G1 X85.17 Y123.569 E745.67883
G0 F9000 X84.779 Y123.569
G1 F3000 X85.755 Y119.928 E745.8042
G0 F9000 X85.755 Y120.15
G0 X87.187 Y120.15
G0 X87.187 Y119.929
G1 F3000 X90.827 Y123.569 E745.97542
G0 F9000 X90.827 Y123.35
G0 X88.92 Y123.35
G0 X88.92 Y123.569
G1 F3000 X89.896 Y119.928 E746.10079
G0 F9000 X89.896 Y120.15
G0 X94.037 Y120.15
G0 X94.037 Y119.928
G1 F3000 X93.061 Y123.569 E746.22617
G0 F9000 X93.539 Y123.569
G1 F3000 X107.124 Y119.929 E746.69395
G0 F9000 X106.46 Y119.928
G1 F3000 X105.485 Y123.569 E746.81931
G1 F2700 E741.81931
G0 F9000 X105.485 Y123.35
G0 X45.572 Y123.35
G0 X45.572 Y123.569
G1 F2700 E746.81931
G1 F3000 X41.932 Y119.929 E746.99053
G0 F9000 X41.932 Y120.15
G0 X40.203 Y120.15
G0 X40.203 Y119.928
G1 F3000 X39.227 Y123.569 E747.1159
G0 F9000 X39.915 Y123.569
G1 F3000 X36.275 Y119.929 E747.28712
G0 F9000 X36.061 Y119.928
G1 F3000 X35.679 Y121.354 E747.33622
G0 F9000 X35.9 Y121.354
G0 X35.9 Y122.508
G0 X35.679 Y122.508
G1 F3000 X45.304 Y119.929 E747.66764
G0 F9000 X44.344 Y119.928
G1 F3000 X43.368 Y123.569 E747.79302
G0 F9000 X43.368 Y123.05
G1 F2700 E742.79302
;MESH:NONMESH
G0 F300 X43.368 Y123.05 Z1.4
G0 F9000 X184.13 Y119.67
G0 X184.13 Y118.585
G0 X184.13 Y101.415
G0 X184.13 Y100.33
G0 X184.13 Y99.88
G0 X184.4 Y100.15
;TIME_ELAPSED:1212.859144
;LAYER:6
;TYPE:WALL-INNER
;MESH:Garmin_GFC500 BOARDS SUPPORTS.stl
G1 F2700 E747.79302
G1 F1500 X184.4 Y96.35 E747.9194
G1 X35.6 Y96.35 E752.86851
G1 X35.6 Y100.15 E752.9949
G1 X184.4 Y100.15 E757.94401
G0 F9000 X184.8 Y100.55
;TYPE:WALL-OUTER
G1 F1500 X184.8 Y95.95 E758.09701
G1 X35.2 Y95.95 E763.07272
G1 X35.2 Y100.55 E763.22572
G1 X184.8 Y100.55 E768.20144
G0 F9000 X184.53 Y100.28
G0 X184.1 Y99.391
G0 X184.318 Y99.391
;TYPE:FILL
G1 F3000 X181.788 Y100.069 E768.28855
G0 F9000 X182.034 Y100.069
G1 F3000 X183.01 Y96.428 E768.41393
G0 F9000 X182.681 Y96.43
G1 F3000 X184.319 Y98.067 E768.49095
G0 F9000 X184.1 Y98.067
G0 X180.664 Y99.85
G0 X180.664 Y100.069
G1 F3000 X177.024 Y96.43 E768.66214
G0 F9000 X177.024 Y96.65
G0 X178.869 Y96.65
G0 X178.869 Y96.428
G1 F3000 X177.893 Y100.07 E768.78755
G0 F9000 X177.893 Y99.85
G0 X175.007 Y99.85
G0 X175.007 Y100.069
G1 F3000 X171.368 Y96.43 E768.95872
G0 F9000 X170.586 Y96.428
G1 F3000 X169.611 Y100.069 E769.08408
G0 F9000 X169.35 Y100.069
G1 F3000 X165.711 Y96.43 E769.25525
G0 F9000 X166.445 Y96.429
G1 F3000 X165.47 Y100.069 E769.38059
G0 F9000 X166.333 Y100.069
G1 F3000 X179.919 Y96.429 E769.8484
G0 F9000 X179.919 Y96.65
G0 X174.728 Y96.65
G0 X174.728 Y96.428
G1 F3000 X173.752 Y100.069 E769.97377
G0 F9000 X173.752 Y99.85
G0 X164.464 Y96.65
G0 X164.464 Y96.429
G1 F3000 X150.878 Y100.069 E770.44158
G0 F9000 X150.878 Y99.85
G0 X152.38 Y99.85
G0 X152.38 Y100.069
G1 F3000 X148.74 Y96.43 E770.61277
G0 F9000 X149.009 Y96.429
G1 F3000 X135.424 Y100.069 E771.08055
G1 X135.409 Y100.069
G1 X131.77 Y96.43 E771.25172
G0 F9000 X131.77 Y96.65
G0 X133.317 Y96.65
G0 X133.317 Y96.428
G1 F3000 X132.341 Y100.069 E771.37709
G0 F9000 X132.341 Y99.85
G0 X129.752 Y99.85
G0 X129.752 Y100.069
G1 F3000 X126.113 Y96.43 E771.54826
G0 F9000 X126.113 Y96.65
G0 X125.034 Y96.65
G0 X125.034 Y96.429
G1 F3000 X124.059 Y100.069 E771.67359
G1 X124.095 Y100.069
G1 X120.456 Y96.43 E771.84476
G0 F9000 X120.893 Y96.428
G1 F3000 X119.918 Y100.069 E771.97013
G1 X119.969 Y100.069
G1 X133.554 Y96.429 E772.43791
G0 F9000 X133.554 Y96.65
G0 X137.426 Y96.65
G0 X137.426 Y96.43
G1 F3000 X141.066 Y100.069 E772.6091
G0 F9000 X140.623 Y100.069
G1 F3000 X141.599 Y96.428 E772.73447
G0 F9000 X141.599 Y96.65
G0 X143.083 Y96.65
G0 X143.083 Y96.43
G1 F3000 X146.723 Y100.069 E772.90566
G0 F9000 X146.723 Y99.85
G0 X144.764 Y99.85
G0 X144.764 Y100.069
G1 F3000 X145.74 Y96.429 E773.03101
G0 F9000 X145.74 Y96.65
G0 X149.881 Y96.65
G0 X149.881 Y96.428
G1 F3000 X148.905 Y100.069 E773.15638
G0 F9000 X148.905 Y99.85
G0 X153.047 Y99.85
G0 X153.047 Y100.069
G1 F3000 X154.022 Y96.428 E773.28175
G0 F9000 X154.397 Y96.43
G1 F3000 X158.036 Y100.069 E773.45292
G0 F9000 X157.188 Y100.07
G1 F3000 X158.163 Y96.428 E773.57831
G0 F9000 X158.163 Y96.65
G0 X160.054 Y96.65
G0 X160.054 Y96.43
G1 F3000 X163.693 Y100.069 E773.74948
G0 F9000 X163.693 Y99.85
G0 X161.329 Y99.85
G0 X161.329 Y100.069
G1 F3000 X162.304 Y96.428 E773.87485
G0 F9000 X162.304 Y96.65
G0 X137.458 Y96.65
G0 X137.458 Y96.428
G1 F3000 X136.482 Y100.07 E774.00026
G0 F9000 X136.482 Y99.85
G0 X129.175 Y96.65
G0 X129.175 Y96.428
G1 F3000 X128.2 Y100.069 E774.12562
G0 F9000 X128.2 Y99.85
G0 X118.438 Y99.85
G0 X118.438 Y100.069
G1 F3000 X114.799 Y96.43 E774.29679
G0 F9000 X114.799 Y96.65
G0 X116.752 Y96.65
G0 X116.752 Y96.428
G1 F3000 X115.776 Y100.07 E774.4222
G0 F9000 X115.776 Y99.85
G0 X112.782 Y99.85
G0 X112.782 Y100.069
G1 F3000 X109.141 Y96.429 E774.59344
G0 F9000 X108.47 Y96.428
G1 F3000 X107.494 Y100.069 E774.71881
G0 F9000 X107.124 Y100.069
G1 F3000 X103.485 Y96.429 E774.89
G0 F9000 X102.645 Y96.429
G1 F3000 X89.059 Y100.069 E775.35781
G0 F9000 X89.059 Y99.85
G0 X90.153 Y99.85
G0 X90.153 Y100.069
G1 F3000 X86.514 Y96.429 E775.529
G0 F9000 X87.19 Y96.429
G1 F3000 X73.604 Y100.069 E775.99681
G0 F9000 X73.183 Y100.069
G1 F3000 X69.543 Y96.429 E776.16803
G0 F9000 X69.543 Y96.65
G0 X71.2 Y96.65
G0 X71.2 Y96.428
G1 F3000 X70.224 Y100.07 E776.29344
G0 F9000 X70.224 Y99.85
G0 X67.526 Y99.85
G0 X67.526 Y100.069
G1 F3000 X63.887 Y96.429 E776.46463
G0 F9000 X62.918 Y96.429
G1 F3000 X61.942 Y100.069 E776.58997
G1 X61.869 Y100.069
G1 X58.23 Y96.429 E776.76116
G0 F9000 X58.777 Y96.429
G1 F3000 X57.801 Y100.069 E776.8865
G0 F9000 X58.15 Y100.069
G1 F3000 X71.736 Y96.429 E777.35431
G0 F9000 X71.736 Y96.65
G0 X75.2 Y96.65
G0 X75.2 Y96.429
G1 F3000 X78.84 Y100.069 E777.52553
G0 F9000 X78.507 Y100.069
G1 F3000 X79.482 Y96.429 E777.65086
G0 F9000 X79.482 Y96.65
G0 X80.857 Y96.65
G0 X80.857 Y96.429
G1 F3000 X84.497 Y100.069 E777.82208
G0 F9000 X84.497 Y99.85
G0 X82.648 Y99.85
G0 X82.648 Y100.069
G1 F3000 X83.623 Y96.429 E777.94741
G0 F9000 X83.623 Y96.65
G0 X87.764 Y96.65
G0 X87.764 Y96.428
G1 F3000 X86.789 Y100.069 E778.07278
G0 F9000 X86.789 Y99.85
G0 X90.93 Y99.85
G0 X90.93 Y100.07
G1 F3000 X91.906 Y96.428 E778.19819
G0 F9000 X92.171 Y96.429
G1 F3000 X95.81 Y100.069 E778.36938
G0 F9000 X95.071 Y100.07
G1 F3000 X96.047 Y96.428 E778.49478
G0 F9000 X96.047 Y96.65
G0 X97.828 Y96.65
G0 X97.828 Y96.429
G1 F3000 X101.467 Y100.069 E778.66598
G0 F9000 X101.467 Y99.85
G0 X103.353 Y99.85
G0 X103.353 Y100.069
G1 F3000 X104.329 Y96.429 E778.79132
G0 F9000 X104.329 Y96.65
G0 X104.514 Y99.85
G0 X104.514 Y100.069
G1 F3000 X118.099 Y96.429 E779.2591
G0 F9000 X118.099 Y96.65
G0 X112.611 Y96.65
G0 X112.611 Y96.428
G1 F3000 X111.635 Y100.07 E779.3845
G0 F9000 X111.635 Y99.85
G0 X100.188 Y96.65
G0 X100.188 Y96.429
G1 F3000 X99.212 Y100.069 E779.50985
G0 F9000 X99.212 Y99.85
G0 X75.341 Y96.65
G0 X75.341 Y96.428
G1 F3000 X74.365 Y100.07 E779.63526
G0 F9000 X74.365 Y99.85
G0 X67.059 Y96.65
G0 X67.059 Y96.428
G1 F3000 X66.083 Y100.069 E779.76063
G0 F9000 X66.083 Y99.85
G0 X56.212 Y99.85
G0 X56.212 Y100.069
G1 F3000 X52.573 Y96.429 E779.93182
G0 F9000 X52.573 Y96.65
G0 X54.636 Y96.65
G0 X54.636 Y96.428
G1 F3000 X53.66 Y100.07 E780.05723
G0 F9000 X53.66 Y99.85
G0 X50.556 Y99.85
G0 X50.556 Y100.069
G1 F3000 X46.916 Y96.429 E780.22844
G0 F9000 X46.353 Y96.428
G1 F3000 X45.378 Y100.069 E780.35381
G0 F9000 X44.899 Y100.069
G1 F3000 X41.259 Y96.429 E780.52503
G0 F9000 X40.826 Y96.428
G1 F3000 X35.68 Y97.807 E780.70222
G0 F9000 X35.9 Y97.807
G0 X35.87 Y96.62
G0 X35.679 Y96.506
G1 F3000 X39.242 Y100.069 E780.86981
G0 F9000 X39.242 Y99.85
G0 X41.237 Y99.85
G0 X41.237 Y100.069
G1 F3000 X42.212 Y96.429 E780.99515
G0 F9000 X42.212 Y96.65
G0 X42.695 Y99.85
G0 X42.695 Y100.069
G1 F3000 X56.281 Y96.429 E781.46296
G0 F9000 X56.281 Y96.65
G0 X50.494 Y96.65
G0 X50.494 Y96.428
G1 F3000 X49.519 Y100.07 E781.58836
G0 F9000 X49.519 Y99.85
G0 X38.071 Y96.65
G0 X38.071 Y96.429
G1 F3000 X37.096 Y100.069 E781.71369
G0 F9000 X37.096 Y99.55
G1 F2700 E776.71369
G0 F9000 X184.13 Y100.33
G0 X184.13 Y101.415
G0 X184.13 Y118.585
G0 X184.13 Y119.67
G0 X184.13 Y123.38
G0 X184.4 Y123.65
;TYPE:WALL-INNER
G1 F2700 E781.71369
G1 F1500 X184.4 Y119.85 E781.84008
G1 X35.6 Y119.85 E786.78919
G1 X35.6 Y123.65 E786.91558
G1 X184.4 Y123.65 E791.86468
G0 F9000 X184.8 Y124.05
;TYPE:WALL-OUTER
G1 F1500 X184.8 Y119.45 E792.01768
G1 X35.2 Y119.45 E796.9934
G1 X35.2 Y124.05 E797.14639
G1 X184.8 Y124.05 E802.12211
G0 F9000 X184.02 Y123.569
;TYPE:FILL
G1 F3000 X184.319 Y122.452 E802.16057
G0 F9000 X184.1 Y122.452
G0 X184.1 Y120.695
G0 X184.319 Y120.695
G1 F3000 X183.554 Y119.93 E802.19655
G0 F9000 X184.318 Y120.096
G1 F3000 X171.36 Y123.569 E802.64275
G0 F9000 X171.596 Y123.569
G1 F3000 X172.572 Y119.928 E802.76812
G0 F9000 X172.24 Y119.93
G1 F3000 X175.88 Y123.569 E802.93932
G1 X175.737 Y123.569
G1 X176.713 Y119.928 E803.06469
G0 F9000 X176.713 Y120.15
G0 X177.897 Y120.15
G0 X177.897 Y119.93
G1 F3000 X181.536 Y123.569 E803.23586
G0 F9000 X181.536 Y123.35
G0 X179.879 Y123.35
G0 X179.879 Y123.569
G1 F3000 X180.854 Y119.928 E803.36123
G0 F9000 X180.854 Y120.15
G0 X170.223 Y123.35
G0 X170.223 Y123.569
G1 F3000 X166.583 Y119.93 E803.53242
G0 F9000 X166.583 Y120.15
G0 X168.431 Y120.15
G0 X168.431 Y119.928
G1 F3000 X167.455 Y123.569 E803.65779
G0 F9000 X167.455 Y123.35
G0 X164.566 Y123.35
G0 X164.566 Y123.569
G1 F3000 X160.926 Y119.93 E803.82898
G0 F9000 X160.149 Y119.928
G1 F3000 X159.173 Y123.569 E803.95436
G0 F9000 X158.909 Y123.569
G1 F3000 X155.27 Y119.93 E804.12553
G0 F9000 X156.008 Y119.928
G1 F3000 X155.032 Y123.569 E804.2509
G0 F9000 X155.904 Y123.569
G1 F3000 X169.487 Y119.929 E804.71861
G0 F9000 X169.487 Y120.15
G0 X164.29 Y120.15
G0 X164.29 Y119.928
G1 F3000 X163.314 Y123.569 E804.84399
G0 F9000 X163.314 Y123.35
G0 X154.032 Y120.15
G0 X154.032 Y119.929
G1 F3000 X140.449 Y123.569 E805.3117
G0 F9000 X140.449 Y123.35
G0 X141.938 Y123.35
G0 X141.938 Y123.569
G1 F3000 X138.299 Y119.93 E805.48287
G0 F9000 X138.578 Y119.929
G1 F3000 X124.994 Y123.569 E805.95062
G1 X124.968 Y123.569
G1 X121.328 Y119.93 E806.12181
G0 F9000 X121.328 Y120.15
G0 X122.879 Y120.15
G0 X122.879 Y119.928
G1 F3000 X121.903 Y123.569 E806.24718
G0 F9000 X121.903 Y123.35
G0 X119.311 Y123.35
G0 X119.311 Y123.569
G1 F3000 X115.672 Y119.93 E806.41835
G0 F9000 X115.672 Y120.15
G0 X114.597 Y120.15
G0 X114.597 Y119.928
G1 F3000 X113.621 Y123.569 E806.54372
G1 X113.654 Y123.569
G1 X110.015 Y119.93 E806.71489
G0 F9000 X110.455 Y119.928
G1 F3000 X109.48 Y123.569 E806.84026
G1 X109.538 Y123.569
G1 X123.123 Y119.929 E807.30804
G0 F9000 X123.123 Y120.15
G0 X126.985 Y120.15
G0 X126.985 Y119.93
G1 F3000 X130.625 Y123.569 E807.47923
G0 F9000 X130.185 Y123.569
G1 F3000 X131.161 Y119.928 E807.6046
G0 F9000 X131.161 Y120.15
G0 X132.642 Y120.15
G0 X132.642 Y119.93
G1 F3000 X136.282 Y123.569 E807.77579
G0 F9000 X136.282 Y123.35
G0 X134.326 Y123.35
G0 X134.326 Y123.569
G1 F3000 X135.302 Y119.928 E807.90117
G0 F9000 X135.302 Y120.15
G0 X139.443 Y120.15
G0 X139.443 Y119.928
G1 F3000 X138.467 Y123.569 E808.02654
G0 F9000 X138.467 Y123.35
G0 X142.609 Y123.35
G0 X142.609 Y123.569
G1 F3000 X143.584 Y119.928 E808.15191
G0 F9000 X143.956 Y119.93
G1 F3000 X147.595 Y123.569 E808.32308
G0 F9000 X146.75 Y123.569
G1 F3000 X147.725 Y119.928 E808.44845
G0 F9000 X147.725 Y120.15
G0 X149.613 Y120.15
G0 X149.613 Y119.93
G1 F3000 X153.252 Y123.569 E808.61961
G0 F9000 X153.252 Y123.35
G0 X150.891 Y123.35
G0 X150.891 Y123.569
G1 F3000 X151.866 Y119.928 E808.74498
G0 F9000 X151.866 Y120.15
G0 X127.02 Y120.15
G0 X127.02 Y119.928
G1 F3000 X126.044 Y123.569 E808.87036
G0 F9000 X126.044 Y123.35
G0 X118.738 Y120.15
G0 X118.738 Y119.928
G1 F3000 X117.762 Y123.569 E808.99573
G0 F9000 X117.762 Y123.35
G0 X107.997 Y123.35
G0 X107.997 Y123.569
G1 F3000 X104.357 Y119.929 E809.16695
G0 F9000 X104.357 Y120.15
G0 X106.314 Y120.15
G0 X106.314 Y119.928
G1 F3000 X105.339 Y123.569 E809.29231
G0 F9000 X105.339 Y123.35
G0 X102.34 Y123.35
G0 X102.34 Y123.569
G1 F3000 X98.7 Y119.929 E809.46353
G0 F9000 X98.032 Y119.928
G1 F3000 X97.056 Y123.569 E809.5889
G0 F9000 X96.683 Y123.569
G1 F3000 X93.043 Y119.929 E809.76012
G0 F9000 X92.214 Y119.929
G1 F3000 X78.628 Y123.57 E810.22794
G0 F9000 X78.628 Y123.35
G0 X79.712 Y123.35
G0 X79.712 Y123.569
G1 F3000 X76.073 Y119.929 E810.39913
G0 F9000 X76.758 Y119.929
G1 F3000 X63.173 Y123.569 E810.8669
G0 F9000 X62.742 Y123.569
G1 F3000 X59.102 Y119.929 E811.03812
G0 F9000 X59.102 Y120.15
G0 X60.762 Y120.15
G0 X60.762 Y119.928
G1 F3000 X59.787 Y123.569 E811.16348
G0 F9000 X59.787 Y123.35
G0 X57.085 Y123.35
G0 X57.085 Y123.569
G1 F3000 X53.445 Y119.929 E811.3347
G0 F9000 X52.48 Y119.928
G1 F3000 X51.504 Y123.569 E811.46007
G1 X51.428 Y123.569
G1 X47.789 Y119.929 E811.63127
G0 F9000 X48.339 Y119.928
G1 F3000 X47.363 Y123.569 E811.75664
G0 F9000 X47.718 Y123.57
G1 F3000 X61.304 Y119.929 E812.22446
G0 F9000 X61.304 Y120.15
G0 X64.759 Y120.15
G0 X64.759 Y119.929
G1 F3000 X68.399 Y123.569 E812.39567
G0 F9000 X68.069 Y123.569
G1 F3000 X69.044 Y119.928 E812.52104
G0 F9000 X69.044 Y120.15
G0 X70.416 Y120.15
G0 X70.416 Y119.929
G1 F3000 X74.056 Y123.569 E812.69226
G0 F9000 X74.056 Y123.35
G0 X72.21 Y123.35
G0 X72.21 Y123.569
G1 F3000 X73.186 Y119.928 E812.81763
G0 F9000 X73.186 Y120.15
G0 X77.327 Y120.15
G0 X77.327 Y119.928
G1 F3000 X76.351 Y123.569 E812.94301
G0 F9000 X76.351 Y123.35
G0 X80.492 Y123.35
G0 X80.492 Y123.569
G1 F3000 X81.468 Y119.928 E813.06838
G0 F9000 X81.73 Y119.929
G1 F3000 X85.369 Y123.569 E813.23957
G0 F9000 X84.633 Y123.569
G1 F3000 X85.609 Y119.928 E813.36495
G0 F9000 X85.609 Y120.15
G0 X87.387 Y120.15
G0 X87.387 Y119.929
G1 F3000 X91.026 Y123.569 E813.53614
G0 F9000 X91.026 Y123.35
G0 X92.915 Y123.35
G0 X92.915 Y123.569
G1 F3000 X93.891 Y119.928 E813.66151
G0 F9000 X93.891 Y120.15
G0 X94.084 Y123.35
G0 X94.084 Y123.569
G1 F3000 X107.668 Y119.929 E814.12926
G0 F9000 X107.668 Y120.15
G0 X102.173 Y120.15
G0 X102.173 Y119.928
G1 F3000 X101.198 Y123.569 E814.25463
G0 F9000 X101.198 Y123.35
G0 X89.75 Y120.15
G0 X89.75 Y119.928
G1 F3000 X88.774 Y123.569 E814.38
G0 F9000 X88.774 Y123.35
G0 X64.903 Y120.15
G0 X64.903 Y119.928
G1 F3000 X63.928 Y123.569 E814.50537
G0 F9000 X63.928 Y123.35
G0 X56.621 Y120.15
G0 X56.621 Y119.928
G1 F3000 X55.645 Y123.569 E814.63074
G0 F9000 X55.645 Y123.35
G0 X45.771 Y123.35
G0 X45.771 Y123.569
G1 F3000 X42.132 Y119.929 E814.80194
G0 F9000 X42.132 Y120.15
G0 X44.198 Y120.15
G0 X44.198 Y119.928
G1 F3000 X43.222 Y123.569 E814.92731
G0 F9000 X43.222 Y123.35
G0 X40.114 Y123.35
G0 X40.114 Y123.569
G1 F3000 X36.475 Y119.929 E815.0985
G0 F9000 X35.916 Y119.928
G1 F3000 X35.679 Y120.81 E815.12888
G0 F9000 X35.9 Y120.81
G0 X35.9 Y122.654
G0 X35.68 Y122.654
G1 F3000 X45.849 Y119.929 E815.47903
G0 F9000 X45.849 Y120.15
G0 X40.057 Y120.15
G0 X40.057 Y119.928
G1 F3000 X39.081 Y123.569 E815.60441
G0 F9000 X39.081 Y123.05
G1 F2700 E810.60441
;MESH:NONMESH
G0 F300 X39.081 Y123.05 Z1.6
G0 F9000 X184.13 Y119.67
G0 X184.13 Y118.585
G0 X184.13 Y101.415
G0 X184.13 Y100.33
G0 X184.13 Y99.88
G0 X184.4 Y100.15
;TIME_ELAPSED:1314.227384
;LAYER:7
;TYPE:WALL-INNER
;MESH:Garmin_GFC500 BOARDS SUPPORTS.stl
G1 F2700 E815.60441
G1 F1500 X184.4 Y96.35 E815.7308
G1 X35.6 Y96.35 E820.67991
G1 X35.6 Y100.15 E820.80629
G1 X184.4 Y100.15 E825.7554
G0 F9000 X184.8 Y100.55
;TYPE:WALL-OUTER
G1 F1500 X184.8 Y95.95 E825.9084
G1 X35.2 Y95.95 E830.88412
G1 X35.2 Y100.55 E831.03711
G1 X184.8 Y100.55 E836.01283
G0 F9000 X184.53 Y100.28
G0 X184.1 Y99.538
G0 X184.318 Y99.538
;TYPE:FILL
G1 F3000 X182.336 Y100.069 E836.08107
G0 F9000 X181.887 Y100.069
G1 F3000 X182.863 Y96.429 E836.20642
G1 X182.882 Y96.43
G1 X184.319 Y97.867 E836.27401
G0 F9000 X184.1 Y97.867
G0 X180.865 Y99.85
G0 X180.865 Y100.069
G1 F3000 X177.225 Y96.43 E836.4452
G0 F9000 X177.225 Y96.65
G0 X178.722 Y96.65
G0 X178.722 Y96.428
G1 F3000 X177.746 Y100.069 E836.57058
G0 F9000 X177.746 Y99.85
G0 X175.208 Y99.85
G0 X175.208 Y100.069
G1 F3000 X171.568 Y96.43 E836.74177
G0 F9000 X171.568 Y96.65
G0 X170.439 Y96.65
G0 X170.439 Y96.428
G1 F3000 X169.464 Y100.069 E836.86713
G1 X169.551 Y100.069
G1 X165.911 Y96.43 E837.03832
G0 F9000 X166.298 Y96.429
G1 F3000 X165.323 Y100.069 E837.16366
G0 F9000 X165.323 Y99.85
G0 X163.894 Y99.85
G0 X163.894 Y100.069
G1 F3000 X160.255 Y96.43 E837.33483
G0 F9000 X160.255 Y96.65
G0 X162.157 Y96.65
G0 X162.157 Y96.429
G1 F3000 X161.182 Y100.069 E837.46016
G0 F9000 X161.182 Y99.85
G0 X158.237 Y99.85
G0 X158.237 Y100.069
G1 F3000 X154.598 Y96.43 E837.63133
G0 F9000 X153.875 Y96.428
G1 F3000 X152.899 Y100.07 E837.75674
G0 F9000 X152.58 Y100.069
G1 F3000 X148.941 Y96.43 E837.9279
G0 F9000 X149.557 Y96.429
G1 F3000 X135.973 Y100.069 E838.39565
G0 F9000 X136.335 Y100.07
G1 F3000 X137.311 Y96.428 E838.52106
G0 F9000 X137.627 Y96.43
G1 F3000 X141.267 Y100.069 E838.69225
G0 F9000 X140.476 Y100.069
G1 F3000 X141.452 Y96.429 E838.81759
G0 F9000 X141.452 Y96.65
G0 X143.284 Y96.65
G0 X143.284 Y96.43
G1 F3000 X146.924 Y100.069 E838.98878
G0 F9000 X146.924 Y99.85
G0 X148.758 Y99.85
G0 X148.758 Y100.069
G1 F3000 X149.734 Y96.428 E839.11416
G0 F9000 X149.734 Y96.65
G0 X151.427 Y99.85
G0 X151.427 Y100.069
G1 F3000 X165.013 Y96.429 E839.58197
G0 F9000 X165.013 Y96.65
G0 X166.882 Y99.85
G0 X166.882 Y100.069
G1 F3000 X180.468 Y96.429 E840.04978
G0 F9000 X180.468 Y96.65
G0 X174.581 Y96.65
G0 X174.581 Y96.428
G1 F3000 X173.605 Y100.07 E840.17518
G0 F9000 X173.605 Y99.85
G0 X158.016 Y96.65
G0 X158.016 Y96.428
G1 F3000 X157.041 Y100.07 E840.30058
G0 F9000 X157.041 Y99.85
G0 X145.593 Y96.65
G0 X145.593 Y96.429
G1 F3000 X144.617 Y100.069 E840.42593
G0 F9000 X144.617 Y99.85
G0 X135.61 Y99.85
G0 X135.61 Y100.069
G1 F3000 X131.97 Y96.43 E840.59712
G0 F9000 X131.97 Y96.65
G0 X133.17 Y96.65
G0 X133.17 Y96.428
G1 F3000 X132.194 Y100.07 E840.72253
G0 F9000 X132.194 Y99.85
G0 X129.953 Y99.85
G0 X129.953 Y100.069
G1 F3000 X126.314 Y96.43 E840.89369
G0 F9000 X126.314 Y96.65
G0 X124.887 Y96.65
G0 X124.887 Y96.429
G1 F3000 X123.912 Y100.069 E841.01903
G0 F9000 X124.296 Y100.069
G1 F3000 X120.657 Y96.43 E841.1902
G1 X120.746 Y96.429
G1 X119.771 Y100.069 E841.31553
G0 F9000 X120.517 Y100.069
G1 F3000 X134.103 Y96.429 E841.78334
G0 F9000 X134.103 Y96.65
G0 X129.028 Y96.65
G0 X129.028 Y96.428
G1 F3000 X128.053 Y100.069 E841.90871
G0 F9000 X128.053 Y99.85
G0 X118.639 Y99.85
G0 X118.639 Y100.069
G1 F3000 X115 Y96.43 E842.07987
G0 F9000 X115 Y96.65
G0 X116.605 Y96.65
G0 X116.605 Y96.428
G1 F3000 X115.629 Y100.07 E842.20528
G0 F9000 X115.629 Y99.85
G0 X112.982 Y99.85
G0 X112.982 Y100.069
G1 F3000 X109.342 Y96.429 E842.3765
G0 F9000 X109.342 Y96.65
G0 X108.323 Y96.65
G0 X108.323 Y96.428
G1 F3000 X107.347 Y100.069 E842.50187
G1 X107.325 Y100.069
G1 X103.685 Y96.429 E842.67309
G0 F9000 X103.193 Y96.429
G1 F3000 X89.608 Y100.069 E843.14086
G0 F9000 X90.354 Y100.069
G1 F3000 X86.715 Y96.429 E843.31205
G0 F9000 X87.617 Y96.428
G1 F3000 X86.642 Y100.069 E843.43742
G0 F9000 X86.642 Y99.85
G0 X84.697 Y99.85
G0 X84.697 Y100.069
G1 F3000 X81.058 Y96.429 E843.60861
G0 F9000 X81.058 Y96.65
G0 X79.335 Y96.65
G0 X79.335 Y96.429
G1 F3000 X78.36 Y100.069 E843.73395
G0 F9000 X79.041 Y100.069
G1 F3000 X75.401 Y96.429 E843.90516
G0 F9000 X75.194 Y96.428
G1 F3000 X74.218 Y100.07 E844.03057
G1 X74.153 Y100.069
G1 X87.739 Y96.429 E844.49838
G0 F9000 X87.739 Y96.65
G0 X91.759 Y96.65
G0 X91.759 Y96.428
G1 F3000 X90.783 Y100.07 E844.62379
G0 F9000 X90.783 Y99.85
G0 X92.372 Y96.65
G0 X92.372 Y96.429
G1 F3000 X96.011 Y100.069 E844.79498
G0 F9000 X96.011 Y99.85
G0 X94.924 Y99.85
G0 X94.924 Y100.07
G1 F3000 X95.9 Y96.428 E844.92038
G0 F9000 X95.9 Y96.65
G0 X98.029 Y96.65
G0 X98.029 Y96.429
G1 F3000 X101.668 Y100.069 E845.09158
G0 F9000 X101.668 Y99.85
G0 X103.206 Y99.85
G0 X103.206 Y100.069
G1 F3000 X104.182 Y96.429 E845.21692
G0 F9000 X104.182 Y96.65
G0 X105.062 Y99.85
G0 X105.062 Y100.069
G1 F3000 X118.648 Y96.429 E845.68473
G0 F9000 X118.648 Y96.65
G0 X112.464 Y96.65
G0 X112.464 Y96.428
G1 F3000 X111.488 Y100.07 E845.81014
G0 F9000 X111.488 Y99.85
G0 X100.041 Y96.65
G0 X100.041 Y96.429
G1 F3000 X99.065 Y100.069 E845.93548
G0 F9000 X99.065 Y99.85
G0 X83.476 Y96.65
G0 X83.476 Y96.429
G1 F3000 X82.501 Y100.069 E846.06081
G0 F9000 X82.501 Y99.85
G0 X73.384 Y99.85
G0 X73.384 Y100.069
G1 F3000 X69.744 Y96.429 E846.23203
G0 F9000 X69.744 Y96.65
G0 X71.053 Y96.65
G0 X71.053 Y96.428
G1 F3000 X70.077 Y100.07 E846.35744
G0 F9000 X70.077 Y99.85
G0 X67.727 Y99.85
G0 X67.727 Y100.069
G1 F3000 X64.087 Y96.429 E846.52865
G0 F9000 X64.087 Y96.65
G0 X62.771 Y96.65
G0 X62.771 Y96.429
G1 F3000 X61.795 Y100.069 E846.65399
G0 F9000 X62.07 Y100.069
G1 F3000 X58.431 Y96.429 E846.82518
G1 X58.63 Y96.429
G1 X57.654 Y100.069 E846.95053
G0 F9000 X57.654 Y99.85
G0 X58.698 Y99.85
G0 X58.698 Y100.069
G1 F3000 X72.284 Y96.429 E847.41834
G0 F9000 X72.284 Y96.65
G0 X66.912 Y96.65
G0 X66.912 Y96.428
G1 F3000 X65.936 Y100.069 E847.54371
G0 F9000 X65.936 Y99.85
G0 X56.413 Y99.85
G0 X56.413 Y100.069
G1 F3000 X52.774 Y96.429 E847.7149
G0 F9000 X52.774 Y96.65
G0 X54.489 Y96.65
G0 X54.489 Y96.428
G1 F3000 X53.513 Y100.07 E847.84031
G0 F9000 X53.513 Y99.85
G0 X50.756 Y99.85
G0 X50.756 Y100.069
G1 F3000 X47.117 Y96.429 E848.0115
G0 F9000 X46.206 Y96.428
G1 F3000 X45.231 Y100.069 E848.13687
G1 X45.099 Y100.069
G1 X41.46 Y96.429 E848.30806
G1 X41.375 Y96.428
G1 X35.68 Y97.954 E848.50416
G0 F9000 X35.9 Y97.954
G0 X35.803 Y96.65
G0 X35.803 Y96.429
G1 F3000 X39.443 Y100.069 E848.67537
G0 F9000 X39.443 Y99.85
G0 X41.09 Y99.85
G0 X41.09 Y100.069
G1 F3000 X42.065 Y96.429 E848.80071
G0 F9000 X42.065 Y96.65
G0 X43.244 Y99.85
G0 X43.244 Y100.069
G1 F3000 X56.83 Y96.429 E849.26852
G0 F9000 X56.83 Y96.65
G0 X50.347 Y96.65
G0 X50.347 Y96.428
G1 F3000 X49.372 Y100.07 E849.39392
G0 F9000 X49.372 Y99.85
G0 X37.924 Y96.65
G0 X37.924 Y96.429
G1 F3000 X36.949 Y100.069 E849.51925
G0 F9000 X36.949 Y99.55
G1 F2700 E844.51925
G0 F9000 X184.13 Y100.33
G0 X184.13 Y101.415
G0 X184.13 Y118.585
G0 X184.13 Y119.67
G0 X184.13 Y123.38
G0 X184.4 Y123.65
;TYPE:WALL-INNER
G1 F2700 E849.51925
G1 F1500 X184.4 Y119.85 E849.64564
G1 X35.6 Y119.85 E854.59475
G1 X35.6 Y123.65 E854.72114
G1 X184.4 Y123.65 E859.67024
G0 F9000 X184.8 Y124.05
;TYPE:WALL-OUTER
G1 F1500 X184.8 Y119.45 E859.82324
G1 X35.2 Y119.45 E864.79896
G1 X35.2 Y124.05 E864.95195
G1 X184.8 Y124.05 E869.92767
G0 F9000 X184.53 Y123.78
G0 X183.873 Y123.35
G0 X183.873 Y123.569
;TYPE:FILL
G1 F3000 X184.319 Y121.904 E869.985
G0 F9000 X184.1 Y121.904
G0 X184.1 Y120.494
G0 X184.319 Y120.494
G1 F3000 X183.755 Y119.93 E870.01153
G0 F9000 X184.318 Y120.243
G1 F3000 X171.908 Y123.569 E870.43885
G0 F9000 X171.449 Y123.569
G1 F3000 X172.425 Y119.928 E870.56423
G1 X172.441 Y119.93
G1 X176.08 Y123.569 E870.7354
G0 F9000 X175.59 Y123.569
G1 F3000 X176.566 Y119.928 E870.86077
G0 F9000 X176.566 Y120.15
G0 X178.098 Y120.15
G0 X178.098 Y119.93
G1 F3000 X181.737 Y123.569 E871.03194
G0 F9000 X181.737 Y123.35
G0 X179.732 Y123.35
G0 X179.732 Y123.569
G1 F3000 X180.707 Y119.928 E871.15731
G0 F9000 X180.707 Y120.15
G0 X170.035 Y120.15
G0 X170.035 Y119.929
G1 F3000 X156.453 Y123.569 E871.62499
G0 F9000 X156.453 Y123.35
G0 X154.885 Y123.35
G0 X154.885 Y123.569
G1 F3000 X155.861 Y119.928 E871.75036
G0 F9000 X155.47 Y119.93
G1 F3000 X159.11 Y123.569 E871.92156
G1 X159.026 Y123.569
G1 X160.002 Y119.928 E872.04693
G0 F9000 X160.002 Y120.15
G0 X161.127 Y120.15
G0 X161.127 Y119.93
G1 F3000 X164.767 Y123.569 E872.21812
G0 F9000 X164.767 Y123.35
G0 X163.167 Y123.35
G0 X163.167 Y123.569
G1 F3000 X164.143 Y119.928 E872.3435
G0 F9000 X164.143 Y120.15
G0 X166.784 Y120.15
G0 X166.784 Y119.93
G1 F3000 X170.424 Y123.569 E872.51469
G0 F9000 X170.424 Y123.35
G0 X167.308 Y123.35
G0 X167.308 Y123.569
G1 F3000 X168.284 Y119.928 E872.64006
G0 F9000 X168.284 Y120.15
G0 X154.581 Y120.15
G0 X154.581 Y119.929
G1 F3000 X140.998 Y123.569 E873.10778
G0 F9000 X140.998 Y123.35
G0 X142.139 Y123.35
G0 X142.139 Y123.569
G1 F3000 X138.5 Y119.93 E873.27894
G0 F9000 X139.126 Y119.929
G1 F3000 X125.542 Y123.569 E873.74669
G0 F9000 X125.897 Y123.569
G1 F3000 X126.873 Y119.928 E873.87206
G0 F9000 X127.186 Y119.93
G1 F3000 X130.826 Y123.569 E874.04326
G0 F9000 X130.038 Y123.569
G1 F3000 X131.014 Y119.928 E874.16863
G0 F9000 X131.014 Y120.15
G0 X132.843 Y120.15
G0 X132.843 Y119.93
G1 F3000 X136.482 Y123.569 E874.3398
G0 F9000 X136.482 Y123.35
G0 X138.32 Y123.35
G0 X138.32 Y123.569
G1 F3000 X139.296 Y119.928 E874.46517
G0 F9000 X139.296 Y120.15
G0 X143.437 Y120.15
G0 X143.437 Y119.928
G1 F3000 X142.462 Y123.569 E874.59054
G0 F9000 X142.462 Y123.35
G0 X144.157 Y120.15
G0 X144.157 Y119.93
G1 F3000 X147.796 Y123.569 E874.76171
G0 F9000 X147.796 Y123.35
G0 X146.603 Y123.35
G0 X146.603 Y123.569
G1 F3000 X147.578 Y119.928 E874.88708
G0 F9000 X147.578 Y120.15
G0 X149.814 Y120.15
G0 X149.814 Y119.93
G1 F3000 X153.453 Y123.569 E875.05824
G0 F9000 X153.453 Y123.35
G0 X150.744 Y123.35
G0 X150.744 Y123.569
G1 F3000 X151.719 Y119.928 E875.18361
G0 F9000 X151.719 Y120.15
G0 X135.155 Y120.15
G0 X135.155 Y119.928
G1 F3000 X134.179 Y123.569 E875.30899
G0 F9000 X134.179 Y123.35
G0 X125.169 Y123.35
G0 X125.169 Y123.569
G1 F3000 X121.529 Y119.93 E875.48018
G0 F9000 X121.529 Y120.15
G0 X122.732 Y120.15
G0 X122.732 Y119.928
G1 F3000 X121.756 Y123.569 E875.60555
G0 F9000 X121.756 Y123.35
G0 X119.512 Y123.35
G0 X119.512 Y123.569
G1 F3000 X115.872 Y119.93 E875.77674
G0 F9000 X115.872 Y120.15
G0 X114.45 Y120.15
G0 X114.45 Y119.928
G1 F3000 X113.474 Y123.569 E875.90212
G0 F9000 X113.855 Y123.569
G1 F3000 X110.216 Y119.93 E876.07329
G1 X110.308 Y119.928
G1 X109.333 Y123.569 E876.19865
G0 F9000 X110.087 Y123.569
G1 F3000 X123.672 Y119.929 E876.66643
G0 F9000 X123.672 Y120.15
G0 X118.591 Y120.15
G0 X118.591 Y119.928
G1 F3000 X117.615 Y123.569 E876.79181
G0 F9000 X117.615 Y123.35
G0 X108.197 Y123.35
G0 X108.197 Y123.569
G1 F3000 X104.558 Y119.929 E876.963
G0 F9000 X104.558 Y120.15
G0 X106.167 Y120.15
G0 X106.167 Y119.928
G1 F3000 X105.192 Y123.569 E877.08836
G0 F9000 X105.192 Y123.35
G0 X102.541 Y123.35
G0 X102.541 Y123.569
G1 F3000 X98.901 Y119.929 E877.25958
G0 F9000 X98.901 Y120.15
G0 X97.885 Y120.15
G0 X97.885 Y119.928
G1 F3000 X96.909 Y123.569 E877.38495
G1 X96.884 Y123.569
G1 X93.244 Y119.929 E877.55617
G0 F9000 X92.762 Y119.929
G1 F3000 X79.177 Y123.569 E878.02394
G0 F9000 X79.913 Y123.569
G1 F3000 X76.274 Y119.929 E878.19514
G0 F9000 X77.18 Y119.928
G1 F3000 X76.204 Y123.569 E878.32051
G0 F9000 X76.204 Y123.35
G0 X74.256 Y123.35
G0 X74.256 Y123.569
G1 F3000 X70.617 Y119.929 E878.4917
G0 F9000 X70.617 Y120.15
G0 X68.897 Y120.15
G0 X68.897 Y119.928
G1 F3000 X67.922 Y123.569 E878.61707
G0 F9000 X68.599 Y123.569
G1 F3000 X64.96 Y119.929 E878.78826
G0 F9000 X64.756 Y119.928
G1 F3000 X63.781 Y123.569 E878.91363
G1 X63.721 Y123.57
G1 X77.307 Y119.929 E879.38144
G0 F9000 X77.307 Y120.15
G0 X81.321 Y120.15
G0 X81.321 Y119.928
G1 F3000 X80.345 Y123.569 E879.50682
G0 F9000 X80.345 Y123.35
G0 X81.931 Y120.15
G0 X81.931 Y119.929
G1 F3000 X85.57 Y123.569 E879.67801
G0 F9000 X85.57 Y123.35
G0 X84.486 Y123.35
G0 X84.486 Y123.569
G1 F3000 X85.462 Y119.928 E879.80339
G0 F9000 X85.462 Y120.15
G0 X87.587 Y120.15
G0 X87.587 Y119.929
G1 F3000 X91.227 Y123.569 E879.9746
G0 F9000 X91.227 Y123.35
G0 X92.768 Y123.35
G0 X92.768 Y123.569
G1 F3000 X93.744 Y119.928 E880.09998
G0 F9000 X93.744 Y120.15
G0 X94.632 Y123.35
G0 X94.632 Y123.569
G1 F3000 X108.217 Y119.929 E880.56775
G0 F9000 X108.217 Y120.15
G0 X102.026 Y120.15
G0 X102.026 Y119.928
G1 F3000 X101.051 Y123.569 E880.69312
G0 F9000 X101.051 Y123.35
G0 X89.603 Y120.15
G0 X89.603 Y119.928
G1 F3000 X88.627 Y123.569 E880.8185
G0 F9000 X88.627 Y123.35
G0 X73.039 Y120.15
G0 X73.039 Y119.928
G1 F3000 X72.063 Y123.569 E880.94387
G0 F9000 X72.063 Y123.35
G0 X62.943 Y123.35
G0 X62.943 Y123.569
G1 F3000 X59.303 Y119.929 E881.11509
G0 F9000 X59.303 Y120.15
G0 X60.615 Y120.15
G0 X60.615 Y119.928
G1 F3000 X59.64 Y123.569 E881.24045
G0 F9000 X59.64 Y123.35
G0 X57.286 Y123.35
G0 X57.286 Y123.569
G1 F3000 X53.646 Y119.929 E881.41167
G0 F9000 X53.646 Y120.15
G0 X52.333 Y120.15
G0 X52.333 Y119.928
G1 F3000 X51.357 Y123.569 E881.53704
G0 F9000 X51.629 Y123.569
G1 F3000 X47.989 Y119.929 E881.70826
G0 F9000 X48.192 Y119.928
G1 F3000 X47.216 Y123.569 E881.83363
G0 F9000 X47.216 Y123.35
G0 X48.266 Y123.35
G0 X48.266 Y123.57
G1 F3000 X61.852 Y119.929 E882.30145
G0 F9000 X61.852 Y120.15
G0 X56.474 Y120.15
G0 X56.474 Y119.928
G1 F3000 X55.498 Y123.569 E882.42683
G0 F9000 X55.498 Y123.35
G0 X45.972 Y123.35
G0 X45.972 Y123.569
G1 F3000 X42.333 Y119.929 E882.59802
G0 F9000 X42.333 Y120.15
G0 X44.051 Y120.15
G0 X44.051 Y119.928
G1 F3000 X43.075 Y123.569 E882.72339
G0 F9000 X43.075 Y123.35
G0 X40.315 Y123.35
G0 X40.315 Y123.569
G1 F3000 X36.676 Y119.929 E882.89458
G0 F9000 X35.769 Y119.928
G1 F3000 X35.68 Y120.26 E882.90602
G0 F9000 X35.9 Y120.26
G0 X35.9 Y122.801
G0 X35.68 Y122.801
G1 F3000 X46.398 Y119.929 E883.27507
G0 F9000 X46.398 Y120.15
G0 X39.91 Y120.15
G0 X39.91 Y119.928
G1 F3000 X38.934 Y123.569 E883.40045
G0 F9000 X38.934 Y123.05
G1 F2700 E878.40045
;MESH:NONMESH
G0 F300 X38.934 Y123.05 Z1.8
G0 F9000 X184.13 Y119.67
G0 X184.13 Y118.585
G0 X184.13 Y101.415
G0 X184.13 Y100.33
G0 X184.13 Y99.88
G0 X184.4 Y100.15
;TIME_ELAPSED:1416.033886
;LAYER:8
;TYPE:WALL-INNER
;MESH:Garmin_GFC500 BOARDS SUPPORTS.stl
G1 F2700 E883.40045
G1 F1500 X184.4 Y96.35 E883.52684
G1 X35.6 Y96.35 E888.47595
G1 X35.6 Y100.15 E888.60234
G1 X184.4 Y100.15 E893.55144
G0 F9000 X184.8 Y100.55
;TYPE:WALL-OUTER
G1 F1500 X184.8 Y95.95 E893.70444
G1 X35.2 Y95.95 E898.68016
G1 X35.2 Y100.55 E898.83315
G1 X184.8 Y100.55 E903.80887
G0 F9000 X184.318 Y99.684
;TYPE:FILL
G1 F3000 X182.881 Y100.069 E903.85835
G0 F9000 X182.881 Y99.85
G0 X181.741 Y99.85
G0 X181.741 Y100.07
G1 F3000 X182.717 Y96.428 E903.98376
G0 F9000 X183.081 Y96.43
G1 F3000 X184.319 Y97.667 E904.04197
G0 F9000 X184.1 Y97.667
G0 X181.012 Y96.65
G0 X181.012 Y96.429
G1 F3000 X167.426 Y100.069 E904.50978
G0 F9000 X167.426 Y99.85
G0 X169.318 Y99.85
G0 X169.318 Y100.069
G1 F3000 X170.293 Y96.429 E904.63511
G0 F9000 X170.293 Y96.65
G0 X171.768 Y96.65
G0 X171.768 Y96.43
G1 F3000 X175.407 Y100.069 E904.80628
G0 F9000 X175.407 Y99.85
G0 X173.459 Y99.85
G0 X173.459 Y100.069
G1 F3000 X174.435 Y96.428 E904.93165
G0 F9000 X174.435 Y96.65
G0 X177.425 Y96.65
G0 X177.425 Y96.43
G1 F3000 X181.064 Y100.069 E905.10282
G0 F9000 X181.064 Y99.85
G0 X177.6 Y99.85
G0 X177.6 Y100.069
G1 F3000 X178.576 Y96.428 E905.2282
G0 F9000 X178.576 Y96.65
G0 X169.75 Y99.85
G0 X169.75 Y100.069
G1 F3000 X166.111 Y96.43 E905.39936
G1 X166.153 Y96.428
G1 X165.177 Y100.069 E905.52474
G0 F9000 X165.177 Y99.85
G0 X164.094 Y99.85
G0 X164.094 Y100.069
G1 F3000 X160.454 Y96.43 E905.69593
G0 F9000 X160.454 Y96.65
G0 X162.011 Y96.65
G0 X162.011 Y96.428
G1 F3000 X161.036 Y100.07 E905.82133
G0 F9000 X161.036 Y99.85
G0 X158.437 Y99.85
G0 X158.437 Y100.069
G1 F3000 X154.797 Y96.43 E905.99252
G0 F9000 X154.797 Y96.65
G0 X153.729 Y96.65
G0 X153.729 Y96.428
G1 F3000 X152.754 Y100.069 E906.11789
G1 X152.78 Y100.069
G1 X149.14 Y96.43 E906.28908
G0 F9000 X149.588 Y96.429
G1 F3000 X148.612 Y100.069 E906.41442
G0 F9000 X148.612 Y99.85
G0 X147.123 Y99.85
G0 X147.123 Y100.069
G1 F3000 X143.483 Y96.43 E906.58561
G0 F9000 X143.483 Y96.65
G0 X145.447 Y96.65
G0 X145.447 Y96.429
G1 F3000 X144.471 Y100.069 E906.71096
G0 F9000 X144.471 Y99.85
G0 X141.466 Y99.85
G0 X141.466 Y100.069
G1 F3000 X137.827 Y96.43 E906.88212
G0 F9000 X137.165 Y96.428
G1 F3000 X136.189 Y100.07 E907.00753
G0 F9000 X136.517 Y100.069
G1 F3000 X150.103 Y96.429 E907.47534
G0 F9000 X150.103 Y96.65
G0 X151.972 Y99.85
G0 X151.972 Y100.069
G1 F3000 X165.557 Y96.429 E907.94312
G0 F9000 X165.557 Y96.65
G0 X157.87 Y96.65
G0 X157.87 Y96.428
G1 F3000 X156.894 Y100.07 E908.06852
G0 F9000 X156.894 Y99.85
G0 X141.306 Y96.65
G0 X141.306 Y96.428
G1 F3000 X140.33 Y100.07 E908.19393
G0 F9000 X140.33 Y99.85
G0 X135.809 Y99.85
G0 X135.809 Y100.069
G1 F3000 X132.17 Y96.43 E908.3651
G0 F9000 X133.024 Y96.428
G1 F3000 X132.048 Y100.069 E908.49048
G0 F9000 X132.048 Y99.85
G0 X130.152 Y99.85
G0 X130.152 Y100.069
G1 F3000 X126.513 Y96.43 E908.66164
G0 F9000 X126.513 Y96.65
G0 X124.741 Y96.65
G0 X124.741 Y96.429
G1 F3000 X123.766 Y100.069 E908.78698
G0 F9000 X124.496 Y100.069
G1 F3000 X120.856 Y96.43 E908.95817
G0 F9000 X120.6 Y96.428
G1 F3000 X119.625 Y100.07 E909.08357
G0 F9000 X118.839 Y100.069
G1 F3000 X115.199 Y96.43 E909.25476
G0 F9000 X115.199 Y96.65
G0 X116.459 Y96.65
G0 X116.459 Y96.428
G1 F3000 X115.483 Y100.07 E909.38017
G0 F9000 X115.483 Y99.85
G0 X113.182 Y99.85
G0 X113.182 Y100.069
G1 F3000 X109.542 Y96.429 E909.55138
G0 F9000 X109.542 Y96.65
G0 X108.177 Y96.65
G0 X108.177 Y96.429
G1 F3000 X107.201 Y100.069 E909.67672
G0 F9000 X107.524 Y100.069
G1 F3000 X103.885 Y96.429 E909.84791
G1 X103.738 Y96.429
G1 X90.152 Y100.069 E910.31572
G0 F9000 X90.554 Y100.069
G1 F3000 X86.914 Y96.429 E910.48694
G0 F9000 X87.471 Y96.429
G1 F3000 X86.496 Y100.069 E910.61227
G0 F9000 X86.496 Y99.85
G0 X84.897 Y99.85
G0 X84.897 Y100.069
G1 F3000 X81.257 Y96.429 E910.78349
G0 F9000 X81.257 Y96.65
G0 X79.189 Y96.65
G0 X79.189 Y96.428
G1 F3000 X78.214 Y100.07 E910.90889
G0 F9000 X78.214 Y99.85
G0 X79.24 Y99.85
G0 X79.24 Y100.069
G1 F3000 X75.601 Y96.429 E911.08008
G0 F9000 X75.048 Y96.428
G1 F3000 X74.072 Y100.07 E911.20549
G0 F9000 X73.583 Y100.069
G1 F3000 X69.944 Y96.429 E911.37668
G0 F9000 X70.907 Y96.428
G1 F3000 X69.931 Y100.069 E911.50205
G0 F9000 X69.931 Y99.85
G0 X67.926 Y99.85
G0 X67.926 Y100.069
G1 F3000 X64.287 Y96.429 E911.67324
G0 F9000 X64.287 Y96.65
G0 X62.625 Y96.65
G0 X62.625 Y96.429
G1 F3000 X61.649 Y100.069 E911.79859
G0 F9000 X62.269 Y100.069
G1 F3000 X58.63 Y96.429 E911.96978
G1 X58.484 Y96.428
G1 X57.508 Y100.07 E912.09518
G0 F9000 X56.613 Y100.069
G1 F3000 X52.973 Y96.429 E912.2664
G0 F9000 X52.973 Y96.65
G0 X54.343 Y96.65
G0 X54.343 Y96.428
G1 F3000 X53.367 Y100.07 E912.39181
G0 F9000 X53.367 Y99.85
G0 X50.956 Y99.85
G0 X50.956 Y100.069
G1 F3000 X47.316 Y96.429 E912.56302
G0 F9000 X47.316 Y96.65
G0 X46.06 Y96.65
G0 X46.06 Y96.429
G1 F3000 X45.085 Y100.069 E912.68836
G0 F9000 X45.299 Y100.069
G1 F3000 X41.659 Y96.429 E912.85957
G0 F9000 X41.919 Y96.429
G1 F3000 X40.944 Y100.069 E912.98491
G0 F9000 X40.944 Y99.85
G0 X39.642 Y99.85
G0 X39.642 Y100.069
G1 F3000 X36.003 Y96.429 E913.1561
G0 F9000 X36.003 Y96.65
G0 X35.9 Y98.101
G0 X35.68 Y98.101
G1 F3000 X41.92 Y96.429 E913.37096
G0 F9000 X41.92 Y96.65
G0 X43.788 Y99.85
G0 X43.788 Y100.069
G1 F3000 X57.374 Y96.429 E913.83877
G0 F9000 X57.374 Y96.65
G0 X59.243 Y99.85
G0 X59.243 Y100.069
G1 F3000 X72.829 Y96.429 E914.30658
G0 F9000 X72.829 Y96.65
G0 X74.698 Y99.85
G0 X74.698 Y100.069
G1 F3000 X88.283 Y96.429 E914.77436
G0 F9000 X88.283 Y96.65
G0 X91.612 Y96.65
G0 X91.612 Y96.428
G1 F3000 X90.637 Y100.069 E914.89972
G0 F9000 X90.637 Y99.85
G0 X92.571 Y96.65
G0 X92.571 Y96.429
G1 F3000 X96.211 Y100.069 E915.07094
G0 F9000 X96.211 Y99.85
G0 X94.778 Y99.85
G0 X94.778 Y100.07
G1 F3000 X95.754 Y96.428 E915.19635
G0 F9000 X95.754 Y96.65
G0 X98.228 Y96.65
G0 X98.228 Y96.429
G1 F3000 X101.867 Y100.069 E915.36754
G0 F9000 X101.867 Y99.85
G0 X103.06 Y99.85
G0 X103.06 Y100.069
G1 F3000 X104.036 Y96.429 E915.49288
G0 F9000 X104.036 Y96.65
G0 X105.608 Y99.85
G0 X105.608 Y100.069
G1 F3000 X119.193 Y96.429 E915.96066
G0 F9000 X119.193 Y96.65
G0 X121.062 Y99.85
G0 X121.062 Y100.069
G1 F3000 X134.647 Y96.429 E916.42843
G0 F9000 X134.647 Y96.65
G0 X128.882 Y96.65
G0 X128.882 Y96.429
G1 F3000 X127.907 Y100.069 E916.55377
G0 F9000 X127.907 Y99.85
G0 X112.318 Y96.65
G0 X112.318 Y96.428
G1 F3000 X111.343 Y100.069 E916.67914
G0 F9000 X111.343 Y99.85
G0 X99.895 Y96.65
G0 X99.895 Y96.428
G1 F3000 X98.919 Y100.07 E916.80454
G0 F9000 X98.919 Y99.85
G0 X83.33 Y96.65
G0 X83.33 Y96.429
G1 F3000 X82.355 Y100.069 E916.92988
G0 F9000 X82.355 Y99.85
G0 X66.766 Y96.65
G0 X66.766 Y96.429
G1 F3000 X65.79 Y100.069 E917.05522
G0 F9000 X65.79 Y99.85
G0 X50.201 Y96.65
G0 X50.201 Y96.428
G1 F3000 X49.226 Y100.069 E917.18059
G0 F9000 X49.226 Y99.85
G0 X37.778 Y96.65
G0 X37.778 Y96.428
G1 F3000 X36.802 Y100.07 E917.306
G0 F9000 X36.802 Y99.55
G1 F2700 E912.306
G0 F9000 X184.13 Y100.33
G0 X184.13 Y101.415
G0 X184.13 Y118.585
G0 X184.13 Y119.67
G0 X184.13 Y123.38
G0 X184.4 Y123.65
;TYPE:WALL-INNER
G1 F2700 E917.306
G1 F1500 X184.4 Y119.85 E917.43239
G1 X35.6 Y119.85 E922.38149
G1 X35.6 Y123.65 E922.50788
G1 X184.4 Y123.65 E927.45699
G0 F9000 X184.8 Y124.05
;TYPE:WALL-OUTER
G1 F1500 X184.8 Y119.45 E927.60999
G1 X35.2 Y119.45 E932.5857
G1 X35.2 Y124.05 E932.7387
G1 X184.8 Y124.05 E937.71442
G0 F9000 X184.53 Y123.78
G0 X183.727 Y123.35
G0 X183.727 Y123.569
;TYPE:FILL
G1 F3000 X184.319 Y121.359 E937.79051
G0 F9000 X184.319 Y120.389
G1 F3000 X172.453 Y123.569 E938.1991
G0 F9000 X172.453 Y123.35
G0 X171.303 Y123.35
G0 X171.303 Y123.569
G1 F3000 X172.279 Y119.928 E938.32448
G0 F9000 X172.64 Y119.93
G1 F3000 X176.28 Y123.569 E938.49567
G0 F9000 X175.445 Y123.569
G1 F3000 X176.42 Y119.928 E938.62104
G0 F9000 X176.42 Y120.15
G0 X178.297 Y120.15
G0 X178.297 Y119.93
G1 F3000 X181.937 Y123.569 E938.79223
G0 F9000 X181.937 Y123.35
G0 X179.586 Y123.35
G0 X179.586 Y123.569
G1 F3000 X180.561 Y119.928 E938.91759
G0 F9000 X180.561 Y120.15
G0 X183.954 Y120.15
G0 X183.954 Y119.93
G1 F3000 X184.319 Y120.295 E938.93476
G0 F9000 X184.1 Y120.295
G0 X170.58 Y120.15
G0 X170.58 Y119.93
G1 F3000 X156.997 Y123.569 E939.40247
G0 F9000 X156.997 Y123.35
G0 X158.88 Y123.35
G0 X158.88 Y123.569
G1 F3000 X159.856 Y119.928 E939.52784
G0 F9000 X159.856 Y120.15
G0 X161.327 Y120.15
G0 X161.327 Y119.93
G1 F3000 X164.966 Y123.569 E939.69901
G0 F9000 X164.966 Y123.35
G0 X163.021 Y123.35
G0 X163.021 Y123.569
G1 F3000 X163.997 Y119.928 E939.82439
G0 F9000 X163.997 Y120.15
G0 X166.983 Y120.15
G0 X166.983 Y119.93
G1 F3000 X170.623 Y123.569 E939.99558
G0 F9000 X170.623 Y123.35
G0 X167.162 Y123.35
G0 X167.162 Y123.569
G1 F3000 X168.138 Y119.928 E940.12095
G0 F9000 X168.138 Y120.15
G0 X159.309 Y123.35
G0 X159.309 Y123.569
G1 F3000 X155.67 Y119.93 E940.29212
G1 X155.715 Y119.928
G1 X154.739 Y123.569 E940.4175
G0 F9000 X154.739 Y123.35
G0 X153.652 Y123.35
G0 X153.652 Y123.569
G1 F3000 X150.013 Y119.93 E940.58866
G0 F9000 X150.013 Y120.15
G0 X151.573 Y120.15
G0 X151.573 Y119.928
G1 F3000 X150.598 Y123.569 E940.71403
G0 F9000 X150.598 Y123.35
G0 X147.996 Y123.35
G0 X147.996 Y123.569
G1 F3000 X144.356 Y119.93 E940.88522
G0 F9000 X144.356 Y120.15
G0 X143.291 Y120.15
G0 X143.291 Y119.928
G1 F3000 X142.316 Y123.569 E941.01059
G1 X142.339 Y123.569
G1 X138.699 Y119.93 E941.18178
G0 F9000 X139.15 Y119.928
G1 F3000 X138.174 Y123.569 E941.30715
G0 F9000 X138.174 Y123.35
G0 X136.682 Y123.35
G0 X136.682 Y123.569
G1 F3000 X133.042 Y119.93 E941.47835
G0 F9000 X133.042 Y120.15
G0 X135.009 Y120.15
G0 X135.009 Y119.928
G1 F3000 X134.034 Y123.569 E941.60371
G0 F9000 X134.034 Y123.35
G0 X131.025 Y123.35
G0 X131.025 Y123.569
G1 F3000 X127.385 Y119.93 E941.7749
G0 F9000 X126.727 Y119.928
G1 F3000 X125.751 Y123.569 E941.90028
G0 F9000 X126.087 Y123.569
G1 F3000 X139.671 Y119.929 E942.36802
G0 F9000 X139.671 Y120.15
G0 X141.543 Y123.35
G0 X141.543 Y123.569
G1 F3000 X155.125 Y119.929 E942.8357
G0 F9000 X155.125 Y120.15
G0 X147.432 Y120.15
G0 X147.432 Y119.928
G1 F3000 X146.457 Y123.569 E942.96107
G0 F9000 X146.457 Y123.35
G0 X130.868 Y120.15
G0 X130.868 Y119.928
G1 F3000 X129.892 Y123.569 E943.08645
G0 F9000 X129.892 Y123.35
G0 X125.368 Y123.35
G0 X125.368 Y123.569
G1 F3000 X121.729 Y119.93 E943.25761
G0 F9000 X122.586 Y119.928
G1 F3000 X121.61 Y123.569 E943.38299
G0 F9000 X121.61 Y123.35
G0 X119.711 Y123.35
G0 X119.711 Y123.569
G1 F3000 X116.072 Y119.93 E943.55416
G0 F9000 X116.072 Y120.15
G0 X114.304 Y120.15
G0 X114.304 Y119.928
G1 F3000 X113.328 Y123.569 E943.67953
G0 F9000 X114.054 Y123.569
G1 F3000 X110.415 Y119.93 E943.8507
G0 F9000 X110.162 Y119.928
G1 F3000 X109.187 Y123.569 E943.97607
G0 F9000 X108.397 Y123.569
G1 F3000 X104.757 Y119.929 E944.14728
G0 F9000 X104.757 Y120.15
G0 X106.021 Y120.15
G0 X106.021 Y119.928
G1 F3000 X105.046 Y123.569 E944.27265
G0 F9000 X105.046 Y123.35
G0 X102.74 Y123.35
G0 X102.74 Y123.569
G1 F3000 X99.101 Y119.929 E944.44384
G0 F9000 X99.101 Y120.15
G0 X97.739 Y120.15
G0 X97.739 Y119.928
G1 F3000 X96.763 Y123.569 E944.56921
G0 F9000 X97.083 Y123.569
G1 F3000 X93.444 Y119.929 E944.74041
G1 X93.307 Y119.929
G1 X79.721 Y123.57 E945.20822
G0 F9000 X80.113 Y123.569
G1 F3000 X76.473 Y119.929 E945.37944
G0 F9000 X77.034 Y119.928
G1 F3000 X76.058 Y123.569 E945.50481
G0 F9000 X76.058 Y123.35
G0 X74.456 Y123.35
G0 X74.456 Y123.569
G1 F3000 X70.816 Y119.929 E945.67603
G0 F9000 X70.816 Y120.15
G0 X68.751 Y120.15
G0 X68.751 Y119.928
G1 F3000 X67.776 Y123.569 E945.8014
G0 F9000 X67.776 Y123.35
G0 X68.799 Y123.35
G0 X68.799 Y123.569
G1 F3000 X65.159 Y119.929 E945.97261
G0 F9000 X64.61 Y119.928
G1 F3000 X63.635 Y123.569 E946.09798
G0 F9000 X63.142 Y123.569
G1 F3000 X59.503 Y119.929 E946.26917
G0 F9000 X60.469 Y119.928
G1 F3000 X59.494 Y123.569 E946.39453
G0 F9000 X59.494 Y123.35
G0 X57.485 Y123.35
G0 X57.485 Y123.569
G1 F3000 X53.846 Y119.929 E946.56573
G0 F9000 X53.846 Y120.15
G0 X52.187 Y120.15
G0 X52.187 Y119.928
G1 F3000 X51.211 Y123.569 E946.6911
G0 F9000 X51.828 Y123.569
G1 F3000 X48.189 Y119.929 E946.86229
G1 X48.046 Y119.928
G1 X47.07 Y123.569 E946.98767
G0 F9000 X46.171 Y123.569
G1 F3000 X42.532 Y119.929 E947.15886
G0 F9000 X42.532 Y120.15
G0 X43.905 Y120.15
G0 X43.905 Y119.928
G1 F3000 X42.929 Y123.569 E947.28423
G0 F9000 X42.929 Y123.35
G0 X40.515 Y123.35
G0 X40.515 Y123.569
G1 F3000 X36.875 Y119.929 E947.45545
G0 F9000 X36.875 Y120.15
G0 X39.764 Y120.15
G0 X39.764 Y119.928
G1 F3000 X38.788 Y123.569 E947.58082
G0 F9000 X38.788 Y123.35
G0 X35.9 Y122.947
G0 X35.679 Y122.947
G1 F3000 X46.942 Y119.929 E947.96865
G0 F9000 X46.942 Y120.15
G0 X48.811 Y123.35
G0 X48.811 Y123.57
G1 F3000 X62.398 Y119.929 E948.4365
G0 F9000 X62.398 Y120.15
G0 X64.267 Y123.35
G0 X64.267 Y123.569
G1 F3000 X77.852 Y119.929 E948.90428
G0 F9000 X77.852 Y120.15
G0 X81.175 Y120.15
G0 X81.175 Y119.928
G1 F3000 X80.199 Y123.569 E949.02965
G0 F9000 X80.199 Y123.35
G0 X82.13 Y120.15
G0 X82.13 Y119.929
G1 F3000 X85.769 Y123.569 E949.20084
G0 F9000 X85.769 Y123.35
G0 X84.34 Y123.35
G0 X84.34 Y123.569
G1 F3000 X85.316 Y119.928 E949.32622
G0 F9000 X85.316 Y120.15
G0 X87.787 Y120.15
G0 X87.787 Y119.929
G1 F3000 X91.426 Y123.569 E949.49741
G0 F9000 X91.426 Y123.35
G0 X92.623 Y123.35
G0 X92.623 Y123.569
G1 F3000 X93.598 Y119.928 E949.62278
G0 F9000 X93.598 Y120.15
G0 X95.177 Y123.35
G0 X95.177 Y123.569
G1 F3000 X108.762 Y119.929 E950.09055
G0 F9000 X108.762 Y120.15
G0 X110.632 Y123.35
G0 X110.632 Y123.569
G1 F3000 X124.216 Y119.929 E950.5583
G0 F9000 X124.216 Y120.15
G0 X118.445 Y120.15
G0 X118.445 Y119.928
G1 F3000 X117.469 Y123.569 E950.68367
G0 F9000 X117.469 Y123.35
G0 X101.88 Y120.15
G0 X101.88 Y119.928
G1 F3000 X100.905 Y123.569 E950.80904
G0 F9000 X100.905 Y123.35
G0 X89.457 Y120.15
G0 X89.457 Y119.928
G1 F3000 X88.481 Y123.569 E950.93442
G0 F9000 X88.481 Y123.35
G0 X72.892 Y120.15
G0 X72.892 Y119.928
G1 F3000 X71.917 Y123.569 E951.05978
G0 F9000 X71.917 Y123.35
G0 X56.328 Y120.15
G0 X56.328 Y119.928
G1 F3000 X55.352 Y123.569 E951.18516
G0 F9000 X55.352 Y123.05
G1 F2700 E946.18516
;MESH:NONMESH
G0 F300 X55.352 Y123.05 Z2
G0 F9000 X184.13 Y119.67
G0 X184.13 Y118.585
G0 X184.13 Y101.415
G0 X184.13 Y100.33
G0 X184.13 Y99.88
G0 X184.4 Y100.15
;TIME_ELAPSED:1517.891298
;LAYER:9
;TYPE:WALL-INNER
;MESH:Garmin_GFC500 BOARDS SUPPORTS.stl
G1 F2700 E951.18516
G1 F1500 X184.4 Y96.35 E951.31155
G1 X35.6 Y96.35 E956.26065
G1 X35.6 Y100.15 E956.38704
G1 X184.4 Y100.15 E961.33615
G0 F9000 X184.8 Y100.55
;TYPE:WALL-OUTER
G1 F1500 X184.8 Y95.95 E961.48915
G1 X35.2 Y95.95 E966.46486
G1 X35.2 Y100.55 E966.61786
G1 X184.8 Y100.55 E971.59358
G0 F9000 X184.318 Y99.831
;TYPE:FILL
G1 F3000 X183.43 Y100.069 E971.62415
G0 F9000 X183.43 Y99.85
G0 X181.594 Y99.85
G0 X181.594 Y100.069
G1 F3000 X182.57 Y96.428 E971.74953
G0 F9000 X183.282 Y96.43
G1 F3000 X184.319 Y97.466 E971.79828
G0 F9000 X184.1 Y97.466
G0 X181.561 Y96.65
G0 X181.561 Y96.429
G1 F3000 X167.975 Y100.069 E972.26609
G0 F9000 X167.975 Y99.85
G0 X169.171 Y99.85
G0 X169.171 Y100.069
G1 F3000 X170.146 Y96.429 E972.39143
G0 F9000 X170.146 Y96.65
G0 X171.969 Y96.65
G0 X171.969 Y96.43
G1 F3000 X175.608 Y100.069 E972.5626
G0 F9000 X175.608 Y99.85
G0 X177.453 Y99.85
G0 X177.453 Y100.07
G1 F3000 X178.429 Y96.428 E972.688
G0 F9000 X177.625 Y96.43
G1 F3000 X181.265 Y100.069 E972.85919
G0 F9000 X181.265 Y99.85
G0 X174.288 Y96.65
G0 X174.288 Y96.428
G1 F3000 X173.312 Y100.069 E972.98457
G0 F9000 X173.312 Y99.85
G0 X169.951 Y99.85
G0 X169.951 Y100.069
G1 F3000 X166.312 Y96.43 E973.15574
G0 F9000 X166.106 Y96.429
G1 F3000 X152.52 Y100.069 E973.62355
G1 X152.607 Y100.069
G1 X153.582 Y96.428 E973.74891
G0 F9000 X153.582 Y96.65
G0 X154.998 Y96.65
G0 X154.998 Y96.43
G1 F3000 X158.637 Y100.069 E973.92008
G0 F9000 X158.637 Y99.85
G0 X156.747 Y99.85
G0 X156.747 Y100.07
G1 F3000 X157.723 Y96.428 E974.04549
G0 F9000 X157.723 Y96.65
G0 X160.655 Y96.65
G0 X160.655 Y96.43
G1 F3000 X164.294 Y100.069 E974.21666
G0 F9000 X165.03 Y100.069
G1 F3000 X166.005 Y96.429 E974.34199
G0 F9000 X166.005 Y96.65
G0 X161.864 Y96.65
G0 X161.864 Y96.428
G1 F3000 X160.889 Y100.069 E974.46736
G0 F9000 X160.889 Y99.85
G0 X152.981 Y99.85
G0 X152.981 Y100.069
G1 F3000 X149.341 Y96.43 E974.63855
G1 X149.441 Y96.429
G1 X148.465 Y100.069 E974.76389
G0 F9000 X148.465 Y99.85
G0 X147.324 Y99.85
G0 X147.324 Y100.069
G1 F3000 X143.684 Y96.43 E974.93508
G0 F9000 X143.684 Y96.65
G0 X145.3 Y96.65
G0 X145.3 Y96.429
G1 F3000 X144.324 Y100.069 E975.06043
G0 F9000 X144.324 Y99.85
G0 X141.667 Y99.85
G0 X141.667 Y100.069
G1 F3000 X138.027 Y96.43 E975.23162
G0 F9000 X138.027 Y96.65
G0 X137.018 Y96.65
G0 X137.018 Y96.428
G1 F3000 X136.042 Y100.07 E975.35702
G1 X136.01 Y100.069
G1 X132.371 Y96.43 E975.52819
G0 F9000 X132.877 Y96.428
G1 F3000 X131.901 Y100.069 E975.65357
G0 F9000 X131.901 Y99.85
G0 X130.353 Y99.85
G0 X130.353 Y100.069
G1 F3000 X126.714 Y96.43 E975.82474
G0 F9000 X126.714 Y96.65
G0 X128.735 Y96.65
G0 X128.735 Y96.429
G1 F3000 X127.76 Y100.069 E975.95007
G0 F9000 X127.76 Y99.85
G0 X124.696 Y99.85
G0 X124.696 Y100.069
G1 F3000 X121.057 Y96.43 E976.12124
G0 F9000 X120.453 Y96.428
G1 F3000 X119.478 Y100.07 E976.24664
G0 F9000 X119.04 Y100.069
G1 F3000 X115.4 Y96.43 E976.41783
G0 F9000 X116.312 Y96.428
G1 F3000 X115.336 Y100.07 E976.54323
G0 F9000 X115.336 Y99.85
G0 X113.383 Y99.85
G0 X113.383 Y100.069
G1 F3000 X109.742 Y96.429 E976.71447
G0 F9000 X109.742 Y96.65
G0 X108.03 Y96.65
G0 X108.03 Y96.429
G1 F3000 X107.054 Y100.069 E976.83982
G0 F9000 X107.725 Y100.069
G1 F3000 X104.086 Y96.429 E977.01101
G1 X103.889 Y96.429
G1 X102.913 Y100.069 E977.13635
G0 F9000 X102.068 Y100.069
G1 F3000 X98.429 Y96.429 E977.30754
G0 F9000 X98.429 Y96.65
G0 X99.748 Y96.65
G0 X99.748 Y96.428
G1 F3000 X98.772 Y100.07 E977.43295
G0 F9000 X98.772 Y99.85
G0 X96.411 Y99.85
G0 X96.411 Y100.069
G1 F3000 X92.772 Y96.429 E977.60414
G0 F9000 X92.772 Y96.65
G0 X91.465 Y96.65
G0 X91.465 Y96.428
G1 F3000 X90.49 Y100.069 E977.72951
G0 F9000 X90.701 Y100.069
G1 F3000 X104.287 Y96.429 E978.19732
G0 F9000 X104.287 Y96.65
G0 X106.156 Y99.85
G0 X106.156 Y100.069
G1 F3000 X119.741 Y96.429 E978.66509
G0 F9000 X119.741 Y96.65
G0 X121.611 Y99.85
G0 X121.611 Y100.069
G1 F3000 X135.196 Y96.429 E979.13287
G0 F9000 X135.196 Y96.65
G0 X137.066 Y99.85
G0 X137.066 Y100.069
G1 F3000 X150.652 Y96.429 E979.60068
G0 F9000 X150.652 Y96.65
G0 X141.159 Y96.65
G0 X141.159 Y96.428
G1 F3000 X140.183 Y100.069 E979.72606
G0 F9000 X140.183 Y99.85
G0 X124.594 Y96.65
G0 X124.594 Y96.429
G1 F3000 X123.619 Y100.069 E979.85139
G0 F9000 X123.619 Y99.85
G0 X112.171 Y96.65
G0 X112.171 Y96.428
G1 F3000 X111.196 Y100.069 E979.97676
G0 F9000 X111.196 Y99.85
G0 X95.607 Y96.65
G0 X95.607 Y96.428
G1 F3000 X94.631 Y100.07 E980.10217
G0 F9000 X94.631 Y99.85
G0 X90.755 Y99.85
G0 X90.755 Y100.069
G1 F3000 X87.115 Y96.429 E980.27338
G0 F9000 X87.324 Y96.429
G1 F3000 X86.349 Y100.069 E980.39871
G0 F9000 X86.349 Y99.85
G0 X85.098 Y99.85
G0 X85.098 Y100.069
G1 F3000 X81.458 Y96.429 E980.56993
G0 F9000 X81.458 Y96.65
G0 X83.183 Y96.65
G0 X83.183 Y96.429
G1 F3000 X82.208 Y100.069 E980.69526
G0 F9000 X82.208 Y99.85
G0 X79.441 Y99.85
G0 X79.441 Y100.069
G1 F3000 X75.801 Y96.429 E980.86648
G0 F9000 X74.901 Y96.428
G1 F3000 X73.925 Y100.07 E980.99189
G1 X73.784 Y100.069
G1 X70.144 Y96.429 E981.1631
G0 F9000 X70.76 Y96.428
G1 F3000 X69.784 Y100.069 E981.28848
G0 F9000 X69.784 Y99.85
G0 X68.127 Y99.85
G0 X68.127 Y100.069
G1 F3000 X64.488 Y96.429 E981.45967
G0 F9000 X64.488 Y96.65
G0 X62.478 Y96.65
G0 X62.478 Y96.429
G1 F3000 X61.502 Y100.069 E981.58501
G0 F9000 X62.47 Y100.069
G1 F3000 X58.831 Y96.429 E981.7562
G0 F9000 X58.337 Y96.428
G1 F3000 X57.361 Y100.07 E981.88161
G0 F9000 X56.813 Y100.069
G1 F3000 X53.174 Y96.429 E982.0528
G0 F9000 X53.174 Y96.65
G0 X54.196 Y96.65
G0 X54.196 Y96.428
G1 F3000 X53.22 Y100.07 E982.17821
G0 F9000 X53.22 Y99.85
G0 X51.157 Y99.85
G0 X51.157 Y100.069
G1 F3000 X47.517 Y96.429 E982.34942
G0 F9000 X47.517 Y96.65
G0 X45.913 Y96.65
G0 X45.913 Y96.429
G1 F3000 X44.938 Y100.069 E982.47476
G0 F9000 X45.5 Y100.069
G1 F3000 X41.86 Y96.429 E982.64597
G1 X41.772 Y96.429
G1 X40.797 Y100.069 E982.77131
G0 F9000 X39.843 Y100.069
G1 F3000 X36.203 Y96.429 E982.94252
G0 F9000 X36.203 Y96.65
G0 X37.631 Y96.65
G0 X37.631 Y96.428
G1 F3000 X36.655 Y100.07 E983.06793
G0 F9000 X36.655 Y99.85
G0 X35.9 Y98.247
G0 X35.68 Y98.247
G1 F3000 X42.468 Y96.429 E983.30165
G0 F9000 X42.468 Y96.65
G0 X44.337 Y99.85
G0 X44.337 Y100.069
G1 F3000 X57.923 Y96.429 E983.76946
G0 F9000 X57.923 Y96.65
G0 X59.792 Y99.85
G0 X59.792 Y100.069
G1 F3000 X73.377 Y96.429 E984.23724
G0 F9000 X73.377 Y96.65
G0 X75.246 Y99.85
G0 X75.246 Y100.069
G1 F3000 X88.832 Y96.429 E984.70505
G0 F9000 X88.832 Y96.65
G0 X79.042 Y96.65
G0 X79.042 Y96.428
G1 F3000 X78.067 Y100.07 E984.83045
G0 F9000 X78.067 Y99.85
G0 X66.619 Y96.65
G0 X66.619 Y96.429
G1 F3000 X65.643 Y100.069 E984.95579
G0 F9000 X65.643 Y99.85
G0 X50.054 Y96.65
G0 X50.054 Y96.428
G1 F3000 X49.079 Y100.069 E985.08116
G0 F9000 X49.079 Y99.55
G1 F2700 E980.08116
G0 F9000 X184.13 Y100.33
G0 X184.13 Y101.415
G0 X184.13 Y118.585
G0 X184.13 Y119.67
G0 X184.13 Y123.38
G0 X184.4 Y123.65
;TYPE:WALL-INNER
G1 F2700 E985.08116
G1 F1500 X184.4 Y119.85 E985.20755
G1 X35.6 Y119.85 E990.15666
G1 X35.6 Y123.65 E990.28305
G1 X184.4 Y123.65 E995.23215
G0 F9000 X184.8 Y124.05
;TYPE:WALL-OUTER
G1 F1500 X184.8 Y119.45 E995.38515
G1 X35.2 Y119.45 E1000.36087
G1 X35.2 Y124.05 E1000.51386
G1 X184.8 Y124.05 E1005.48958
G0 F9000 X184.53 Y123.78
G0 X183.58 Y123.35
G0 X183.58 Y123.569
;TYPE:FILL
G1 F3000 X184.319 Y120.81 E1005.58458
G0 F9000 X184.318 Y120.536
G1 F3000 X173.001 Y123.569 E1005.97427
G0 F9000 X173.001 Y123.35
G0 X171.156 Y123.35
G0 X171.156 Y123.569
G1 F3000 X172.132 Y119.928 E1006.09964
G0 F9000 X172.841 Y119.93
G1 F3000 X176.481 Y123.569 E1006.27083
G0 F9000 X176.481 Y123.35
G0 X175.298 Y123.35
G0 X175.298 Y123.569
G1 F3000 X176.273 Y119.928 E1006.3962
G0 F9000 X176.273 Y120.15
G0 X178.498 Y120.15
G0 X178.498 Y119.93
G1 F3000 X182.137 Y123.569 E1006.56737
G0 F9000 X182.137 Y123.35
G0 X179.439 Y123.35
G0 X179.439 Y123.569
G1 F3000 X180.414 Y119.928 E1006.69273
G0 F9000 X180.414 Y120.15
G0 X184.155 Y120.15
G0 X184.155 Y119.93
G1 F3000 X184.319 Y120.094 E1006.70045
G0 F9000 X184.1 Y120.094
G0 X171.129 Y120.15
G0 X171.129 Y119.93
G1 F3000 X157.546 Y123.569 E1007.16815
G0 F9000 X157.546 Y123.35
G0 X158.733 Y123.35
G0 X158.733 Y123.569
G1 F3000 X159.709 Y119.928 E1007.29353
G0 F9000 X159.709 Y120.15
G0 X161.527 Y120.15
G0 X161.527 Y119.93
G1 F3000 X165.167 Y123.569 E1007.46472
G0 F9000 X165.167 Y123.35
G0 X167.015 Y123.35
G0 X167.015 Y123.569
G1 F3000 X167.991 Y119.928 E1007.5901
G0 F9000 X167.184 Y119.93
G1 F3000 X170.824 Y123.569 E1007.76129
G0 F9000 X170.824 Y123.35
G0 X163.85 Y120.15
G0 X163.85 Y119.928
G1 F3000 X162.874 Y123.569 E1007.88666
G0 F9000 X162.874 Y123.35
G0 X159.51 Y123.35
G0 X159.51 Y123.569
G1 F3000 X155.871 Y119.93 E1008.05783
G1 X155.674 Y119.929
G1 X142.091 Y123.569 E1008.52554
G1 X142.169 Y123.569
G1 X143.144 Y119.928 E1008.65091
G0 F9000 X143.144 Y120.15
G0 X144.557 Y120.15
G0 X144.557 Y119.93
G1 F3000 X148.196 Y123.569 E1008.82208
G0 F9000 X148.196 Y123.35
G0 X146.31 Y123.35
G0 X146.31 Y123.569
G1 F3000 X147.285 Y119.928 E1008.94744
G0 F9000 X147.285 Y120.15
G0 X150.214 Y120.15
G0 X150.214 Y119.93
G1 F3000 X153.853 Y123.569 E1009.11861
G0 F9000 X154.592 Y123.569
G1 F3000 X155.568 Y119.928 E1009.24399
G0 F9000 X155.568 Y120.15
G0 X151.426 Y120.15
G0 X151.426 Y119.928
G1 F3000 X150.451 Y123.569 E1009.36935
G0 F9000 X150.451 Y123.35
G0 X142.539 Y123.35
G0 X142.539 Y123.569
G1 F3000 X138.9 Y119.93 E1009.54052
G1 X139.003 Y119.928
G1 X138.027 Y123.569 E1009.6659
G0 F9000 X138.027 Y123.35
G0 X136.883 Y123.35
G0 X136.883 Y123.569
G1 F3000 X133.243 Y119.93 E1009.83709
G0 F9000 X133.243 Y120.15
G0 X134.862 Y120.15
G0 X134.862 Y119.928
G1 F3000 X133.887 Y123.569 E1009.96245
G0 F9000 X133.887 Y123.35
G0 X131.226 Y123.35
G0 X131.226 Y123.569
G1 F3000 X127.586 Y119.93 E1010.13364
G0 F9000 X127.586 Y120.15
G0 X126.58 Y120.15
G0 X126.58 Y119.928
G1 F3000 X125.604 Y123.569 E1010.25902
G1 X125.569 Y123.569
G1 X121.929 Y119.93 E1010.43021
G0 F9000 X122.439 Y119.928
G1 F3000 X121.463 Y123.569 E1010.55559
G0 F9000 X121.463 Y123.35
G0 X119.912 Y123.35
G0 X119.912 Y123.569
G1 F3000 X116.273 Y119.93 E1010.72675
G0 F9000 X116.273 Y120.15
G0 X118.298 Y120.15
G0 X118.298 Y119.928
G1 F3000 X117.322 Y123.569 E1010.85213
G0 F9000 X117.322 Y123.35
G0 X114.255 Y123.35
G0 X114.255 Y123.569
G1 F3000 X110.616 Y119.93 E1011.0233
G0 F9000 X110.015 Y119.928
G1 F3000 X109.04 Y123.569 E1011.14866
G0 F9000 X108.598 Y123.569
G1 F3000 X104.958 Y119.929 E1011.31988
G0 F9000 X105.874 Y119.928
G1 F3000 X104.899 Y123.569 E1011.44525
G0 F9000 X104.899 Y123.35
G0 X102.941 Y123.35
G0 X102.941 Y123.569
G1 F3000 X99.301 Y119.929 E1011.61646
G0 F9000 X99.301 Y120.15
G0 X97.592 Y120.15
G0 X97.592 Y119.928
G1 F3000 X96.616 Y123.569 E1011.74184
G0 F9000 X97.284 Y123.569
G1 F3000 X93.644 Y119.929 E1011.91305
G1 X93.451 Y119.928
G1 X92.476 Y123.569 E1012.03842
G0 F9000 X91.627 Y123.569
G1 F3000 X87.988 Y119.929 E1012.20961
G0 F9000 X87.988 Y120.15
G0 X89.31 Y120.15
G0 X89.31 Y119.928
G1 F3000 X88.334 Y123.569 E1012.33498
G0 F9000 X88.334 Y123.35
G0 X85.97 Y123.35
G0 X85.97 Y123.569
G1 F3000 X82.331 Y119.929 E1012.50617
G0 F9000 X82.331 Y120.15
G0 X81.028 Y120.15
G0 X81.028 Y119.928
G1 F3000 X80.052 Y123.569 E1012.63155
G0 F9000 X80.27 Y123.57
G1 F3000 X93.856 Y119.929 E1013.09937
G0 F9000 X93.856 Y120.15
G0 X95.726 Y123.35
G0 X95.726 Y123.569
G1 F3000 X109.31 Y119.929 E1013.56711
G0 F9000 X109.31 Y120.15
G0 X111.181 Y123.35
G0 X111.181 Y123.569
G1 F3000 X124.765 Y119.929 E1014.03486
G0 F9000 X124.765 Y120.15
G0 X126.636 Y123.35
G0 X126.636 Y123.569
G1 F3000 X140.22 Y119.929 E1014.5026
G0 F9000 X140.22 Y120.15
G0 X130.721 Y120.15
G0 X130.721 Y119.928
G1 F3000 X129.745 Y123.569 E1014.62798
G0 F9000 X129.745 Y123.35
G0 X114.157 Y120.15
G0 X114.157 Y119.928
G1 F3000 X113.181 Y123.569 E1014.75335
G0 F9000 X113.181 Y123.35
G0 X101.733 Y120.15
G0 X101.733 Y119.928
G1 F3000 X100.758 Y123.569 E1014.87872
G0 F9000 X100.758 Y123.35
G0 X85.169 Y120.15
G0 X85.169 Y119.928
G1 F3000 X84.193 Y123.569 E1015.0041
G0 F9000 X84.193 Y123.35
G0 X80.313 Y123.35
G0 X80.313 Y123.569
G1 F3000 X76.674 Y119.929 E1015.17529
G0 F9000 X76.887 Y119.928
G1 F3000 X75.911 Y123.569 E1015.30066
G0 F9000 X75.911 Y123.35
G0 X74.657 Y123.35
G0 X74.657 Y123.569
G1 F3000 X71.017 Y119.929 E1015.47188
G0 F9000 X71.017 Y120.15
G0 X72.745 Y120.15
G0 X72.745 Y119.928
G1 F3000 X71.77 Y123.569 E1015.59724
G0 F9000 X71.77 Y123.35
G0 X69 Y123.35
G0 X69 Y123.569
G1 F3000 X65.36 Y119.929 E1015.76846
G0 F9000 X64.463 Y119.928
G1 F3000 X63.488 Y123.569 E1015.89383
G1 X63.343 Y123.569
G1 X59.703 Y119.929 E1016.06504
G0 F9000 X60.322 Y119.928
G1 F3000 X59.347 Y123.569 E1016.19041
G0 F9000 X59.347 Y123.35
G0 X57.686 Y123.35
G0 X57.686 Y123.569
G1 F3000 X54.046 Y119.929 E1016.36162
G0 F9000 X54.046 Y120.15
G0 X52.04 Y120.15
G0 X52.04 Y119.928
G1 F3000 X51.064 Y123.569 E1016.487
G0 F9000 X52.029 Y123.569
G1 F3000 X48.39 Y119.929 E1016.65819
G0 F9000 X47.899 Y119.928
G1 F3000 X46.923 Y123.569 E1016.78356
G0 F9000 X46.372 Y123.569
G1 F3000 X42.733 Y119.929 E1016.95475
G0 F9000 X42.733 Y120.15
G0 X43.758 Y120.15
G0 X43.758 Y119.928
G1 F3000 X42.782 Y123.569 E1017.08013
G0 F9000 X42.782 Y123.35
G0 X40.715 Y123.35
G0 X40.715 Y123.569
G1 F3000 X37.076 Y119.929 E1017.25132
G0 F9000 X37.076 Y120.15
G0 X39.617 Y120.15
G0 X39.617 Y119.928
G1 F3000 X38.641 Y123.569 E1017.3767
G0 F9000 X38.641 Y123.35
G0 X35.9 Y123.094
G0 X35.68 Y123.094
G1 F3000 X47.491 Y119.929 E1017.78339
G0 F9000 X47.491 Y120.15
G0 X49.36 Y123.35
G0 X49.36 Y123.57
G1 F3000 X62.945 Y119.929 E1018.25118
G0 F9000 X62.945 Y120.15
G0 X64.815 Y123.35
G0 X64.815 Y123.569
G1 F3000 X78.401 Y119.929 E1018.71899
G0 F9000 X78.401 Y120.15
G0 X68.604 Y120.15
G0 X68.604 Y119.928
G1 F3000 X67.629 Y123.569 E1018.84435
G0 F9000 X67.629 Y123.35
G0 X56.181 Y120.15
G0 X56.181 Y119.928
G1 F3000 X55.205 Y123.569 E1018.96973
G0 F9000 X55.205 Y123.05
G1 F2700 E1013.96973
;MESH:NONMESH
G0 F300 X55.205 Y123.05 Z2.2
G0 F9000 X184.13 Y119.67
G0 X184.13 Y118.585
G0 X184.13 Y101.415
G0 X184.13 Y100.33
G0 X184.13 Y99.88
G0 X184.4 Y100.15
;TIME_ELAPSED:1618.777363
;LAYER:10
;TYPE:WALL-INNER
;MESH:Garmin_GFC500 BOARDS SUPPORTS.stl
G1 F2700 E1018.96973
G1 F1500 X184.4 Y96.35 E1019.09612
G1 X35.6 Y96.35 E1024.04523
G1 X35.6 Y100.15 E1024.17161
G1 X184.4 Y100.15 E1029.12072
G0 F9000 X184.8 Y100.55
;TYPE:WALL-OUTER
G1 F1500 X184.8 Y95.95 E1029.27372
G1 X35.2 Y95.95 E1034.24944
G1 X35.2 Y100.55 E1034.40243
G1 X184.8 Y100.55 E1039.37815
G0 F9000 X184.318 Y99.977
;TYPE:FILL
G1 F3000 X183.974 Y100.069 E1039.38999
G0 F9000 X183.974 Y99.85
G0 X181.464 Y99.85
G0 X181.464 Y100.069
G1 F3000 X177.825 Y96.43 E1039.56116
G0 F9000 X178.283 Y96.428
G1 F3000 X177.307 Y100.069 E1039.68653
G0 F9000 X177.307 Y99.85
G0 X175.807 Y99.85
G0 X175.807 Y100.069
G1 F3000 X172.168 Y96.43 E1039.8577
G0 F9000 X172.168 Y96.65
G0 X174.142 Y96.65
G0 X174.142 Y96.429
G1 F3000 X173.166 Y100.069 E1039.98305
G0 F9000 X173.166 Y99.85
G0 X170.151 Y99.85
G0 X170.151 Y100.069
G1 F3000 X166.511 Y96.43 E1040.15424
G1 X166.651 Y96.429
G1 X153.065 Y100.069 E1040.62205
G1 X153.18 Y100.069
G1 X149.541 Y96.43 E1040.79321
G0 F9000 X149.295 Y96.429
G1 F3000 X148.319 Y100.069 E1040.91856
G0 F9000 X147.523 Y100.069
G1 F3000 X143.884 Y96.43 E1041.08972
G0 F9000 X143.884 Y96.65
G0 X145.154 Y96.65
G0 X145.154 Y96.428
G1 F3000 X144.178 Y100.07 E1041.21513
G0 F9000 X144.178 Y99.85
G0 X141.866 Y99.85
G0 X141.866 Y100.069
G1 F3000 X138.227 Y96.43 E1041.3863
G0 F9000 X138.227 Y96.65
G0 X136.872 Y96.65
G0 X136.872 Y96.428
G1 F3000 X135.896 Y100.069 E1041.51167
G0 F9000 X136.209 Y100.069
G1 F3000 X132.57 Y96.43 E1041.68284
G1 X132.731 Y96.429
G1 X131.755 Y100.069 E1041.80819
G0 F9000 X131.755 Y99.85
G0 X130.553 Y99.85
G0 X130.553 Y100.069
G1 F3000 X126.913 Y96.43 E1041.97938
G0 F9000 X126.913 Y96.65
G0 X128.589 Y96.65
G0 X128.589 Y96.429
G1 F3000 X127.614 Y100.069 E1042.10471
G0 F9000 X127.614 Y99.85
G0 X124.896 Y99.85
G0 X124.896 Y100.069
G1 F3000 X121.256 Y96.43 E1042.2759
G0 F9000 X120.307 Y96.428
G1 F3000 X119.332 Y100.07 E1042.4013
G1 X119.239 Y100.069
G1 X115.599 Y96.43 E1042.57249
G0 F9000 X116.166 Y96.428
G1 F3000 X115.191 Y100.069 E1042.69786
G0 F9000 X115.191 Y99.85
G0 X113.582 Y99.85
G0 X113.582 Y100.069
G1 F3000 X109.942 Y96.429 E1042.86907
G0 F9000 X109.942 Y96.65
G0 X107.884 Y96.65
G0 X107.884 Y96.429
G1 F3000 X106.908 Y100.069 E1042.99442
G0 F9000 X106.701 Y100.069
G1 F3000 X120.287 Y96.429 E1043.46223
G0 F9000 X120.287 Y96.65
G0 X122.156 Y99.85
G0 X122.156 Y100.069
G1 F3000 X135.741 Y96.429 E1043.93
G0 F9000 X135.741 Y96.65
G0 X137.61 Y99.85
G0 X137.61 Y100.069
G1 F3000 X151.196 Y96.429 E1044.39781
G0 F9000 X151.196 Y96.65
G0 X153.436 Y96.65
G0 X153.436 Y96.429
G1 F3000 X152.461 Y100.069 E1044.52315
G0 F9000 X152.461 Y99.85
G0 X156.602 Y99.85
G0 X156.602 Y100.069
G1 F3000 X157.577 Y96.428 E1044.64851
G0 F9000 X157.577 Y96.65
G0 X155.197 Y96.65
G0 X155.197 Y96.43
G1 F3000 X158.837 Y100.069 E1044.81971
G0 F9000 X158.837 Y99.85
G0 X160.743 Y99.85
G0 X160.743 Y100.07
G1 F3000 X161.718 Y96.428 E1044.9451
G0 F9000 X160.854 Y96.43
G1 F3000 X164.494 Y100.069 E1045.1163
G0 F9000 X164.884 Y100.069
G1 F3000 X165.86 Y96.428 E1045.24167
G0 F9000 X165.86 Y96.65
G0 X170 Y96.65
G0 X170 Y96.429
G1 F3000 X169.025 Y100.069 E1045.36701
G0 F9000 X168.52 Y100.069
G1 F3000 X182.105 Y96.429 E1045.83478
G0 F9000 X182.424 Y96.428
G1 F3000 X181.448 Y100.07 E1045.96019
G0 F9000 X181.448 Y99.85
G0 X184.1 Y97.267
G0 X184.319 Y97.267
G1 F3000 X183.482 Y96.43 E1045.99956
G1 F2700 E1040.99956
G0 F9000 X183.482 Y96.65
G0 X141.013 Y96.65
G0 X141.013 Y96.428
G1 F2700 E1045.99956
G1 F3000 X140.037 Y100.07 E1046.12497
G0 F9000 X140.037 Y99.85
G0 X124.448 Y96.65
G0 X124.448 Y96.428
G1 F3000 X123.473 Y100.07 E1046.25037
G0 F9000 X123.473 Y99.85
G0 X112.025 Y96.65
G0 X112.025 Y96.429
G1 F3000 X111.05 Y100.069 E1046.3757
G0 F9000 X111.05 Y99.85
G0 X107.925 Y99.85
G0 X107.925 Y100.069
G1 F3000 X104.285 Y96.429 E1046.54692
G0 F9000 X103.743 Y96.428
G1 F3000 X102.767 Y100.07 E1046.67232
G0 F9000 X102.268 Y100.069
G1 F3000 X98.628 Y96.429 E1046.84354
G0 F9000 X99.602 Y96.428
G1 F3000 X98.626 Y100.07 E1046.96895
G0 F9000 X98.626 Y99.85
G0 X96.611 Y99.85
G0 X96.611 Y100.069
G1 F3000 X92.971 Y96.429 E1047.14016
G0 F9000 X92.971 Y96.65
G0 X91.319 Y96.65
G0 X91.319 Y96.429
G1 F3000 X90.344 Y100.069 E1047.2655
G0 F9000 X90.954 Y100.069
G1 F3000 X87.314 Y96.429 E1047.43671
G1 X87.178 Y96.429
G1 X86.203 Y100.069 E1047.56205
G0 F9000 X85.297 Y100.069
G1 F3000 X81.658 Y96.429 E1047.73324
G0 F9000 X81.658 Y96.65
G0 X83.037 Y96.65
G0 X83.037 Y96.428
G1 F3000 X82.062 Y100.07 E1047.85864
G0 F9000 X82.062 Y99.85
G0 X79.64 Y99.85
G0 X79.64 Y100.069
G1 F3000 X76.001 Y96.429 E1048.02983
G0 F9000 X76.001 Y96.65
G0 X74.755 Y96.65
G0 X74.755 Y96.428
G1 F3000 X73.78 Y100.069 E1048.15519
G0 F9000 X73.983 Y100.069
G1 F3000 X70.344 Y96.429 E1048.32638
G0 F9000 X70.614 Y96.429
G1 F3000 X69.638 Y100.069 E1048.45173
G0 F9000 X69.638 Y99.85
G0 X68.327 Y99.85
G0 X68.327 Y100.069
G1 F3000 X64.687 Y96.429 E1048.62294
G0 F9000 X64.687 Y96.65
G0 X66.473 Y96.65
G0 X66.473 Y96.429
G1 F3000 X65.497 Y100.069 E1048.74829
G0 F9000 X65.497 Y99.85
G0 X62.67 Y99.85
G0 X62.67 Y100.069
G1 F3000 X59.03 Y96.429 E1048.9195
G0 F9000 X58.467 Y96.429
G1 F3000 X44.882 Y100.069 E1049.38728
G1 X44.792 Y100.069
G1 X45.767 Y96.429 E1049.51261
G0 F9000 X45.767 Y96.65
G0 X47.716 Y96.65
G0 X47.716 Y96.429
G1 F3000 X51.356 Y100.069 E1049.68383
G0 F9000 X51.356 Y99.85
G0 X53.074 Y99.85
G0 X53.074 Y100.069
G1 F3000 X54.05 Y96.428 E1049.8092
G0 F9000 X53.373 Y96.429
G1 F3000 X57.013 Y100.069 E1049.98042
G0 F9000 X57.215 Y100.07
G1 F3000 X58.191 Y96.428 E1050.10582
G0 F9000 X58.191 Y96.65
G0 X62.332 Y96.65
G0 X62.332 Y96.428
G1 F3000 X61.356 Y100.07 E1050.23123
G0 F9000 X61.356 Y99.85
G0 X60.336 Y99.85
G0 X60.336 Y100.069
G1 F3000 X73.922 Y96.429 E1050.69904
G0 F9000 X73.922 Y96.65
G0 X75.791 Y99.85
G0 X75.791 Y100.069
G1 F3000 X89.377 Y96.429 E1051.16685
G0 F9000 X89.377 Y96.65
G0 X91.247 Y99.85
G0 X91.247 Y100.069
G1 F3000 X104.831 Y96.429 E1051.6346
G0 F9000 X104.831 Y96.65
G0 X95.461 Y96.65
G0 X95.461 Y96.428
G1 F3000 X94.485 Y100.069 E1051.75997
G0 F9000 X94.485 Y99.85
G0 X78.896 Y96.65
G0 X78.896 Y96.428
G1 F3000 X77.921 Y100.07 E1051.88537
G0 F9000 X77.921 Y99.85
G0 X49.908 Y96.65
G0 X49.908 Y96.429
G1 F3000 X48.933 Y100.069 E1052.0107
G0 F9000 X48.933 Y99.85
G0 X45.699 Y99.85
G0 X45.699 Y100.069
G1 F3000 X42.06 Y96.429 E1052.1819
G0 F9000 X41.626 Y96.428
G1 F3000 X40.651 Y100.07 E1052.30729
G0 F9000 X40.042 Y100.069
G1 F3000 X36.403 Y96.429 E1052.47849
G0 F9000 X36.403 Y96.65
G0 X37.485 Y96.65
G0 X37.485 Y96.428
G1 F3000 X36.509 Y100.07 E1052.60389
G0 F9000 X36.509 Y99.85
G0 X35.9 Y98.394
G0 X35.68 Y98.394
G1 F3000 X43.013 Y96.429 E1052.85639
G0 F9000 X43.013 Y96.95
G1 F2700 E1047.85639
G0 F9000 X184.13 Y100.33
G0 X184.13 Y101.415
G0 X184.13 Y118.585
G0 X184.13 Y119.67
G0 X184.13 Y123.38
G0 X184.4 Y123.65
;TYPE:WALL-INNER
G1 F2700 E1052.85639
G1 F1500 X184.4 Y119.85 E1052.98278
G1 X35.6 Y119.85 E1057.93189
G1 X35.6 Y123.65 E1058.05828
G1 X184.4 Y123.65 E1063.00739
G0 F9000 X184.8 Y124.05
;TYPE:WALL-OUTER
G1 F1500 X184.8 Y119.45 E1063.16038
G1 X35.2 Y119.45 E1068.1361
G1 X35.2 Y124.05 E1068.2891
G1 X184.8 Y124.05 E1073.26481
G0 F9000 X184.53 Y123.78
G0 X183.434 Y123.35
G0 X183.434 Y123.569
;TYPE:FILL
G1 F3000 X184.319 Y120.265 E1073.37858
G0 F9000 X184.319 Y120.682
G1 F3000 X173.546 Y123.569 E1073.74953
G0 F9000 X173.546 Y123.35
G0 X175.152 Y123.35
G0 X175.152 Y123.569
G1 F3000 X176.127 Y119.928 E1073.8749
G0 F9000 X176.127 Y120.15
G0 X178.697 Y120.15
G0 X178.697 Y119.93
G1 F3000 X182.337 Y123.569 E1074.04609
G0 F9000 X182.337 Y123.35
G0 X179.293 Y123.35
G0 X179.293 Y123.569
G1 F3000 X180.268 Y119.928 E1074.17146
G0 F9000 X180.268 Y120.15
G0 X176.68 Y123.35
G0 X176.68 Y123.569
G1 F3000 X173.041 Y119.93 E1074.34263
G0 F9000 X173.041 Y120.15
G0 X171.986 Y120.15
G0 X171.986 Y119.928
G1 F3000 X171.01 Y123.569 E1074.468
G1 X171.023 Y123.569
G1 X167.384 Y119.93 E1074.63917
G0 F9000 X167.845 Y119.928
G1 F3000 X166.869 Y123.569 E1074.76454
G0 F9000 X166.869 Y123.35
G0 X165.366 Y123.35
G0 X165.366 Y123.569
G1 F3000 X161.727 Y119.93 E1074.93571
G0 F9000 X161.727 Y120.15
G0 X163.704 Y120.15
G0 X163.704 Y119.928
G1 F3000 X162.728 Y123.569 E1075.06109
G0 F9000 X162.728 Y123.35
G0 X159.709 Y123.35
G0 X159.709 Y123.569
G1 F3000 X156.07 Y119.93 E1075.23225
G1 X156.219 Y119.93
G1 X142.636 Y123.569 E1075.69996
G1 X142.739 Y123.569
G1 X139.099 Y119.93 E1075.87115
G0 F9000 X138.857 Y119.928
G1 F3000 X137.882 Y123.569 E1075.99652
G0 F9000 X137.082 Y123.569
G1 F3000 X133.443 Y119.93 E1076.16768
G0 F9000 X133.443 Y120.15
G0 X134.716 Y120.15
G0 X134.716 Y119.928
G1 F3000 X133.741 Y123.569 E1076.29305
G0 F9000 X133.741 Y123.35
G0 X131.425 Y123.35
G0 X131.425 Y123.569
G1 F3000 X127.786 Y119.93 E1076.46422
G0 F9000 X127.786 Y120.15
G0 X126.434 Y120.15
G0 X126.434 Y119.928
G1 F3000 X125.458 Y123.569 E1076.58959
G0 F9000 X125.768 Y123.569
G1 F3000 X122.129 Y119.93 E1076.76076
G1 X122.293 Y119.928
G1 X121.317 Y123.569 E1076.88614
G0 F9000 X121.317 Y123.35
G0 X120.111 Y123.35
G0 X120.111 Y123.569
G1 F3000 X116.472 Y119.93 E1077.0573
G0 F9000 X116.472 Y120.15
G0 X118.152 Y120.15
G0 X118.152 Y119.928
G1 F3000 X117.176 Y123.569 E1077.18268
G0 F9000 X117.176 Y123.35
G0 X114.455 Y123.35
G0 X114.455 Y123.569
G1 F3000 X110.815 Y119.93 E1077.35387
G0 F9000 X109.869 Y119.928
G1 F3000 X108.894 Y123.569 E1077.47924
G1 X108.797 Y123.569
G1 X105.158 Y119.929 E1077.65043
G0 F9000 X105.728 Y119.928
G1 F3000 X104.753 Y123.569 E1077.7758
G0 F9000 X104.753 Y123.35
G0 X103.14 Y123.35
G0 X103.14 Y123.569
G1 F3000 X99.501 Y119.929 E1077.94699
G0 F9000 X99.501 Y120.15
G0 X97.446 Y120.15
G0 X97.446 Y119.928
G1 F3000 X96.471 Y123.569 E1078.07235
G0 F9000 X96.27 Y123.569
G1 F3000 X109.855 Y119.929 E1078.54013
G0 F9000 X109.855 Y120.15
G0 X111.726 Y123.35
G0 X111.726 Y123.569
G1 F3000 X125.309 Y119.929 E1079.00784
G0 F9000 X125.309 Y120.15
G0 X127.18 Y123.35
G0 X127.18 Y123.569
G1 F3000 X140.764 Y119.929 E1079.47559
G0 F9000 X140.764 Y120.15
G0 X142.998 Y120.15
G0 X142.998 Y119.928
G1 F3000 X142.023 Y123.569 E1079.60096
G0 F9000 X142.023 Y123.35
G0 X146.164 Y123.35
G0 X146.164 Y123.569
G1 F3000 X147.14 Y119.928 E1079.72633
G0 F9000 X147.14 Y120.15
G0 X144.756 Y120.15
G0 X144.756 Y119.93
G1 F3000 X148.396 Y123.569 E1079.89752
G0 F9000 X148.396 Y123.35
G0 X150.305 Y123.35
G0 X150.305 Y123.569
G1 F3000 X151.28 Y119.928 E1080.02289
G0 F9000 X150.413 Y119.93
G1 F3000 X154.053 Y123.569 E1080.19408
G0 F9000 X154.446 Y123.569
G1 F3000 X155.422 Y119.928 E1080.31946
G0 F9000 X155.422 Y120.15
G0 X159.563 Y120.15
G0 X159.563 Y119.928
G1 F3000 X158.587 Y123.569 E1080.44483
G0 F9000 X158.091 Y123.569
G1 F3000 X171.674 Y119.929 E1080.91254
G1 F2700 E1075.91254
G0 F9000 X171.674 Y120.15
G0 X130.575 Y120.15
G0 X130.575 Y119.928
G1 F2700 E1080.91254
G1 F3000 X129.599 Y123.569 E1081.03792
G0 F9000 X129.599 Y123.35
G0 X114.011 Y120.15
G0 X114.011 Y119.928
G1 F3000 X113.035 Y123.569 E1081.1633
G0 F9000 X113.035 Y123.35
G0 X101.587 Y120.15
G0 X101.587 Y119.928
G1 F3000 X100.612 Y123.569 E1081.28866
G0 F9000 X100.612 Y123.35
G0 X97.483 Y123.35
G0 X97.483 Y123.569
G1 F3000 X93.844 Y119.929 E1081.45985
G0 F9000 X93.305 Y119.928
G1 F3000 X92.329 Y123.569 E1081.58523
G0 F9000 X91.827 Y123.569
G1 F3000 X88.187 Y119.929 E1081.75644
G0 F9000 X89.164 Y119.928
G1 F3000 X88.188 Y123.569 E1081.88182
G0 F9000 X88.188 Y123.35
G0 X86.17 Y123.35
G0 X86.17 Y123.569
G1 F3000 X82.53 Y119.929 E1082.05303
G0 F9000 X82.53 Y120.15
G0 X80.882 Y120.15
G0 X80.882 Y119.928
G1 F3000 X79.906 Y123.569 E1082.17841
G0 F9000 X80.513 Y123.569
G1 F3000 X76.873 Y119.929 E1082.34962
G1 X76.741 Y119.928
G1 X75.765 Y123.569 E1082.475
G0 F9000 X74.856 Y123.569
G1 F3000 X71.216 Y119.929 E1082.64621
G0 F9000 X71.216 Y120.15
G0 X72.599 Y120.15
G0 X72.599 Y119.928
G1 F3000 X71.624 Y123.569 E1082.77158
G0 F9000 X71.624 Y123.35
G0 X69.199 Y123.35
G0 X69.199 Y123.569
G1 F3000 X65.56 Y119.929 E1082.94277
G0 F9000 X65.56 Y120.15
G0 X64.317 Y120.15
G0 X64.317 Y119.928
G1 F3000 X63.342 Y123.569 E1083.06814
G0 F9000 X63.542 Y123.569
G1 F3000 X59.903 Y119.929 E1083.23933
G0 F9000 X60.176 Y119.928
G1 F3000 X59.2 Y123.569 E1083.3647
G0 F9000 X59.2 Y123.35
G0 X57.885 Y123.35
G0 X57.885 Y123.569
G1 F3000 X54.246 Y119.929 E1083.5359
G0 F9000 X54.246 Y120.15
G0 X56.035 Y120.15
G0 X56.035 Y119.928
G1 F3000 X55.06 Y123.569 E1083.66126
G0 F9000 X55.06 Y123.35
G0 X52.229 Y123.35
G0 X52.229 Y123.569
G1 F3000 X48.589 Y119.929 E1083.83248
G0 F9000 X48.036 Y119.929
G1 F3000 X35.679 Y123.24 E1084.25797
G0 F9000 X35.9 Y123.24
G0 X38.495 Y123.35
G0 X38.495 Y123.569
G1 F3000 X39.471 Y119.928 E1084.38335
G0 F9000 X39.471 Y120.15
G0 X37.275 Y120.15
G0 X37.275 Y119.929
G1 F3000 X40.915 Y123.569 E1084.55456
G0 F9000 X40.915 Y123.35
G0 X42.636 Y123.35
G0 X42.636 Y123.569
G1 F3000 X43.612 Y119.928 E1084.67994
G0 F9000 X42.932 Y119.929
G1 F3000 X46.572 Y123.569 E1084.85115
G0 F9000 X46.777 Y123.569
G1 F3000 X47.753 Y119.928 E1084.97653
G0 F9000 X47.753 Y120.15
G0 X51.894 Y120.15
G0 X51.894 Y119.928
G1 F3000 X50.918 Y123.569 E1085.1019
G0 F9000 X50.918 Y123.35
G0 X49.904 Y123.35
G0 X49.904 Y123.57
G1 F3000 X63.491 Y119.929 E1085.56975
G0 F9000 X63.491 Y120.15
G0 X65.36 Y123.35
G0 X65.36 Y123.57
G1 F3000 X78.946 Y119.929 E1086.03757
G0 F9000 X78.946 Y120.15
G0 X80.815 Y123.35
G0 X80.815 Y123.569
G1 F3000 X94.4 Y119.929 E1086.50535
G0 F9000 X94.4 Y120.15
G0 X85.023 Y120.15
G0 X85.023 Y119.928
G1 F3000 X84.047 Y123.569 E1086.63072
G0 F9000 X84.047 Y123.35
G0 X68.458 Y120.15
G0 X68.458 Y119.928
G1 F3000 X67.483 Y123.569 E1086.75609
G0 F9000 X67.483 Y123.05
G1 F2700 E1081.75609
;MESH:NONMESH
G0 F300 X67.483 Y123.05 Z2.4
G0 F9000 X184.13 Y119.67
G0 X184.13 Y118.585
G0 X184.13 Y101.415
G0 X184.13 Y100.33
G0 X184.13 Y99.88
G0 X184.4 Y100.15
;TIME_ELAPSED:1719.135164
;LAYER:11
;TYPE:WALL-INNER
;MESH:Garmin_GFC500 BOARDS SUPPORTS.stl
G1 F2700 E1086.75609
G1 F1500 X184.4 Y96.35 E1086.88248
G1 X35.6 Y96.35 E1091.83159
G1 X35.6 Y100.15 E1091.95797
G1 X184.4 Y100.15 E1096.90708
G0 F9000 X184.8 Y100.55
;TYPE:WALL-OUTER
G1 F1500 X184.8 Y95.95 E1097.06008
G1 X35.2 Y95.95 E1102.03579
G1 X35.2 Y100.55 E1102.18879
G1 X184.8 Y100.55 E1107.16451
G0 F9000 X184.53 Y100.28
G0 X181.665 Y99.85
G0 X181.665 Y100.069
;TYPE:FILL
G1 F3000 X178.026 Y96.43 E1107.33568
G1 X178.136 Y96.428
G1 X177.16 Y100.069 E1107.46105
G0 F9000 X177.16 Y99.85
G0 X176.008 Y99.85
G0 X176.008 Y100.069
G1 F3000 X172.369 Y96.43 E1107.63222
G0 F9000 X172.369 Y96.65
G0 X173.995 Y96.65
G0 X173.995 Y96.428
G1 F3000 X173.019 Y100.069 E1107.75759
G0 F9000 X173.019 Y99.85
G0 X170.351 Y99.85
G0 X170.351 Y100.069
G1 F3000 X166.712 Y96.43 E1107.92876
G0 F9000 X167.199 Y96.429
G1 F3000 X153.614 Y100.069 E1108.39654
G0 F9000 X153.381 Y100.069
G1 F3000 X149.741 Y96.43 E1108.56773
G0 F9000 X149.148 Y96.429
G1 F3000 X148.172 Y100.069 E1108.69307
G0 F9000 X147.724 Y100.069
G1 F3000 X144.085 Y96.43 E1108.86424
G0 F9000 X145.007 Y96.428
G1 F3000 X144.031 Y100.069 E1108.98962
G0 F9000 X144.031 Y99.85
G0 X142.067 Y99.85
G0 X142.067 Y100.069
G1 F3000 X138.428 Y96.43 E1109.16078
G0 F9000 X138.428 Y96.65
G0 X136.725 Y96.65
G0 X136.725 Y96.428
G1 F3000 X135.749 Y100.069 E1109.28616
G0 F9000 X136.41 Y100.069
G1 F3000 X132.771 Y96.43 E1109.45733
G1 X132.584 Y96.429
G1 X131.608 Y100.069 E1109.58267
G0 F9000 X130.753 Y100.069
G1 F3000 X127.114 Y96.43 E1109.75384
G0 F9000 X127.114 Y96.65
G0 X128.442 Y96.65
G0 X128.442 Y96.429
G1 F3000 X127.467 Y100.069 E1109.87917
G0 F9000 X127.467 Y99.85
G0 X125.097 Y99.85
G0 X125.097 Y100.069
G1 F3000 X121.457 Y96.43 E1110.05036
G0 F9000 X120.835 Y96.429
G1 F3000 X107.25 Y100.069 E1110.51814
G0 F9000 X106.761 Y100.069
G1 F3000 X107.737 Y96.429 E1110.64348
G0 F9000 X107.737 Y96.65
G0 X105.38 Y96.65
G0 X105.38 Y96.429
G1 F3000 X91.795 Y100.069 E1111.11126
G0 F9000 X91.155 Y100.069
G1 F3000 X87.515 Y96.429 E1111.28247
G0 F9000 X87.031 Y96.429
G1 F3000 X86.056 Y100.069 E1111.40781
G0 F9000 X85.498 Y100.069
G1 F3000 X81.858 Y96.429 E1111.57902
G0 F9000 X81.858 Y96.65
G0 X82.89 Y96.65
G0 X82.89 Y96.428
G1 F3000 X81.915 Y100.07 E1111.70442
G0 F9000 X81.915 Y99.85
G0 X79.841 Y99.85
G0 X79.841 Y100.069
G1 F3000 X76.202 Y96.429 E1111.87561
G0 F9000 X76.202 Y96.65
G0 X74.608 Y96.65
G0 X74.608 Y96.428
G1 F3000 X73.633 Y100.069 E1112.00098
G0 F9000 X74.184 Y100.069
G1 F3000 X70.545 Y96.429 E1112.17217
G1 X70.467 Y96.429
G1 X69.491 Y100.069 E1112.29752
G0 F9000 X68.527 Y100.069
G1 F3000 X64.888 Y96.429 E1112.46871
G0 F9000 X64.888 Y96.65
G0 X66.326 Y96.65
G0 X66.326 Y96.429
G1 F3000 X65.35 Y100.069 E1112.59405
G0 F9000 X65.35 Y99.85
G0 X62.87 Y99.85
G0 X62.87 Y100.069
G1 F3000 X59.231 Y96.429 E1112.76524
G0 F9000 X59.016 Y96.429
G1 F3000 X45.43 Y100.069 E1113.23305
G0 F9000 X45.9 Y100.069
G1 F3000 X42.26 Y96.429 E1113.40426
G0 F9000 X41.479 Y96.428
G1 F3000 X40.504 Y100.07 E1113.52966
G0 F9000 X40.243 Y100.069
G1 F3000 X36.604 Y96.429 E1113.70085
G0 F9000 X37.338 Y96.428
G1 F3000 X36.362 Y100.07 E1113.82626
G0 F9000 X36.362 Y99.85
G0 X35.9 Y98.541
G0 X35.68 Y98.541
G1 F3000 X43.562 Y96.429 E1114.09767
G0 F9000 X43.562 Y96.65
G0 X45.62 Y96.65
G0 X45.62 Y96.429
G1 F3000 X44.645 Y100.069 E1114.223
G0 F9000 X44.645 Y99.85
G0 X48.786 Y99.85
G0 X48.786 Y100.069
G1 F3000 X49.761 Y96.429 E1114.34834
G0 F9000 X49.761 Y96.65
G0 X47.917 Y96.65
G0 X47.917 Y96.429
G1 F3000 X51.557 Y100.069 E1114.51955
G0 F9000 X51.557 Y99.85
G0 X52.927 Y99.85
G0 X52.927 Y100.069
G1 F3000 X53.903 Y96.428 E1114.64493
G0 F9000 X53.574 Y96.429
G1 F3000 X57.214 Y100.069 E1114.81614
G1 X57.068 Y100.07
G1 X58.044 Y96.428 E1114.94155
G0 F9000 X58.044 Y96.65
G0 X62.185 Y96.65
G0 X62.185 Y96.428
G1 F3000 X61.209 Y100.07 E1115.06696
G0 F9000 X60.885 Y100.069
G1 F3000 X74.471 Y96.429 E1115.53477
G0 F9000 X74.471 Y96.65
G0 X76.34 Y99.85
G0 X76.34 Y100.069
G1 F3000 X89.925 Y96.429 E1116.00254
G0 F9000 X89.925 Y96.65
G0 X91.172 Y96.65
G0 X91.172 Y96.429
G1 F3000 X90.197 Y100.069 E1116.12788
G0 F9000 X90.197 Y99.85
G0 X94.338 Y99.85
G0 X94.338 Y100.069
G1 F3000 X95.314 Y96.428 E1116.25325
G0 F9000 X95.314 Y96.65
G0 X93.172 Y96.65
G0 X93.172 Y96.429
G1 F3000 X96.812 Y100.069 E1116.42447
G0 F9000 X96.812 Y99.85
G0 X98.479 Y99.85
G0 X98.479 Y100.07
G1 F3000 X99.455 Y96.428 E1116.54987
G0 F9000 X98.829 Y96.429
G1 F3000 X102.468 Y100.069 E1116.72107
G1 X102.62 Y100.069
G1 X103.596 Y96.428 E1116.84644
G0 F9000 X104.486 Y96.429
G1 F3000 X108.125 Y100.069 E1117.01763
G0 F9000 X108.125 Y99.85
G0 X110.903 Y99.85
G0 X110.903 Y100.069
G1 F3000 X111.878 Y96.429 E1117.14297
G0 F9000 X111.878 Y96.65
G0 X110.143 Y96.65
G0 X110.143 Y96.43
G1 F3000 X113.783 Y100.069 E1117.31416
G0 F9000 X113.783 Y99.85
G0 X115.044 Y99.85
G0 X115.044 Y100.069
G1 F3000 X116.019 Y96.428 E1117.43952
G0 F9000 X115.8 Y96.43
G1 F3000 X119.44 Y100.069 E1117.61072
G0 F9000 X119.185 Y100.07
G1 F3000 X120.16 Y96.428 E1117.73611
G0 F9000 X120.16 Y96.65
G0 X124.301 Y96.65
G0 X124.301 Y96.428
G1 F3000 X123.326 Y100.069 E1117.86148
G0 F9000 X122.704 Y100.069
G1 F3000 X136.29 Y96.429 E1118.32929
G0 F9000 X136.29 Y96.65
G0 X138.159 Y99.85
G0 X138.159 Y100.069
G1 F3000 X151.745 Y96.429 E1118.7971
G0 F9000 X151.745 Y96.65
G0 X153.289 Y96.65
G0 X153.289 Y96.428
G1 F3000 X152.314 Y100.069 E1118.92247
G0 F9000 X152.314 Y99.85
G0 X156.455 Y99.85
G0 X156.455 Y100.069
G1 F3000 X157.43 Y96.428 E1119.04783
G0 F9000 X157.43 Y96.65
G0 X155.398 Y96.65
G0 X155.398 Y96.43
G1 F3000 X159.038 Y100.069 E1119.21903
G0 F9000 X159.038 Y99.85
G0 X160.596 Y99.85
G0 X160.596 Y100.07
G1 F3000 X161.571 Y96.428 E1119.34442
G0 F9000 X161.055 Y96.43
G1 F3000 X164.695 Y100.069 E1119.51562
G1 X164.737 Y100.069
G1 X165.713 Y96.428 E1119.64099
G0 F9000 X165.713 Y96.65
G0 X169.853 Y96.65
G0 X169.853 Y96.429
G1 F3000 X168.878 Y100.069 E1119.76633
G1 X169.068 Y100.069
G1 X182.654 Y96.429 E1120.23413
G0 F9000 X182.277 Y96.428
G1 F3000 X181.301 Y100.07 E1120.35954
G0 F9000 X181.301 Y99.85
G0 X184.1 Y97.066
G0 X184.319 Y97.066
G1 F3000 X183.683 Y96.43 E1120.38946
G1 F2700 E1115.38946
G0 F9000 X183.683 Y96.65
G0 X140.866 Y96.65
G0 X140.866 Y96.428
G1 F2700 E1120.38946
G1 F3000 X139.89 Y100.07 E1120.51487
G1 F2700 E1115.51487
G0 F9000 X139.89 Y99.85
G0 X78.749 Y96.65
G0 X78.749 Y96.428
G1 F2700 E1120.51487
G1 F3000 X77.774 Y100.07 E1120.64026
G0 F9000 X77.774 Y99.55
G1 F2700 E1115.64026
G0 F9000 X184.13 Y100.33
G0 X184.13 Y101.415
G0 X184.13 Y118.585
G0 X184.13 Y119.67
G0 X184.13 Y123.38
G0 X184.4 Y123.65
;TYPE:WALL-INNER
G1 F2700 E1120.64026
G1 F1500 X184.4 Y119.85 E1120.76665
G1 X35.6 Y119.85 E1125.71576
G1 X35.6 Y123.65 E1125.84215
G1 X184.4 Y123.65 E1130.79126
G0 F9000 X184.8 Y124.05
;TYPE:WALL-OUTER
G1 F1500 X184.8 Y119.45 E1130.94425
G1 X35.2 Y119.45 E1135.91997
G1 X35.2 Y124.05 E1136.07297
G1 X184.8 Y124.05 E1141.04868
G0 F9000 X184.53 Y123.78
G0 X183.287 Y123.35
G0 X183.287 Y123.569
;TYPE:FILL
G1 F3000 X184.262 Y119.928 E1141.17405
G0 F9000 X184.319 Y120.829
G1 F3000 X174.095 Y123.569 E1141.5261
G0 F9000 X175.005 Y123.569
G1 F3000 X175.98 Y119.928 E1141.65147
G0 F9000 X175.98 Y120.15
G0 X173.241 Y120.15
G0 X173.241 Y119.93
G1 F3000 X176.881 Y123.569 E1141.82266
G0 F9000 X176.881 Y123.35
G0 X179.146 Y123.35
G0 X179.146 Y123.568
G1 F3000 X180.121 Y119.928 E1141.94799
G0 F9000 X180.121 Y120.15
G0 X178.898 Y120.15
G0 X178.898 Y119.93
G1 F3000 X182.538 Y123.569 E1142.11919
G0 F9000 X182.538 Y123.35
G0 X172.223 Y120.15
G0 X172.223 Y119.929
G1 F3000 X158.64 Y123.569 E1142.5869
G0 F9000 X158.44 Y123.568
G1 F3000 X159.416 Y119.928 E1142.71224
G0 F9000 X159.416 Y120.15
G0 X161.928 Y120.15
G0 X161.928 Y119.93
G1 F3000 X165.567 Y123.569 E1142.88341
G0 F9000 X165.567 Y123.35
G0 X166.722 Y123.35
G0 X166.722 Y123.569
G1 F3000 X167.698 Y119.928 E1143.00879
G1 X167.585 Y119.93
G1 X171.224 Y123.569 E1143.17995
G0 F9000 X170.863 Y123.569
G1 F3000 X171.839 Y119.928 E1143.30533
G0 F9000 X171.839 Y120.15
G0 X163.557 Y120.15
G0 X163.557 Y119.928
G1 F3000 X162.581 Y123.569 E1143.4307
G0 F9000 X162.581 Y123.35
G0 X159.91 Y123.35
G0 X159.91 Y123.569
G1 F3000 X156.271 Y119.93 E1143.60187
G0 F9000 X156.767 Y119.929
G1 F3000 X143.185 Y123.569 E1144.06955
G0 F9000 X142.94 Y123.569
G1 F3000 X139.3 Y119.93 E1144.24074
G0 F9000 X138.71 Y119.928
G1 F3000 X137.735 Y123.569 E1144.36611
G0 F9000 X137.283 Y123.569
G1 F3000 X133.643 Y119.93 E1144.5373
G0 F9000 X134.569 Y119.928
G1 F3000 X133.594 Y123.569 E1144.66267
G0 F9000 X133.594 Y123.35
G0 X131.626 Y123.35
G0 X131.626 Y123.569
G1 F3000 X127.987 Y119.93 E1144.83383
G0 F9000 X127.987 Y120.15
G0 X126.287 Y120.15
G0 X126.287 Y119.928
G1 F3000 X125.311 Y123.569 E1144.95921
G0 F9000 X125.969 Y123.569
G1 F3000 X122.33 Y119.93 E1145.13038
G1 X122.146 Y119.928
G1 X121.17 Y123.569 E1145.25575
G0 F9000 X120.312 Y123.569
G1 F3000 X116.673 Y119.93 E1145.42692
G0 F9000 X116.673 Y120.15
G0 X118.005 Y120.15
G0 X118.005 Y119.928
G1 F3000 X117.029 Y123.569 E1145.5523
G0 F9000 X117.029 Y123.35
G0 X114.655 Y123.35
G0 X114.655 Y123.569
G1 F3000 X111.016 Y119.93 E1145.72346
G0 F9000 X110.404 Y119.929
G1 F3000 X96.819 Y123.569 E1146.19124
G0 F9000 X96.324 Y123.569
G1 F3000 X97.299 Y119.928 E1146.31661
G0 F9000 X97.299 Y120.15
G0 X94.949 Y120.15
G0 X94.949 Y119.929
G1 F3000 X81.363 Y123.57 E1146.78443
G0 F9000 X80.714 Y123.569
G1 F3000 X77.074 Y119.929 E1146.95564
G0 F9000 X76.594 Y119.928
G1 F3000 X75.618 Y123.57 E1147.08105
G0 F9000 X75.057 Y123.569
G1 F3000 X71.417 Y119.929 E1147.25226
G0 F9000 X71.417 Y120.15
G0 X72.452 Y120.15
G0 X72.452 Y119.928
G1 F3000 X71.477 Y123.569 E1147.37763
G0 F9000 X71.477 Y123.35
G0 X69.4 Y123.35
G0 X69.4 Y123.569
G1 F3000 X65.76 Y119.929 E1147.54884
G0 F9000 X65.76 Y120.15
G0 X64.17 Y120.15
G0 X64.17 Y119.929
G1 F3000 X63.195 Y123.569 E1147.67418
G0 F9000 X63.743 Y123.569
G1 F3000 X60.104 Y119.929 E1147.84537
G1 X60.029 Y119.928
G1 X59.053 Y123.569 E1147.97075
G0 F9000 X58.086 Y123.569
G1 F3000 X54.447 Y119.929 E1148.14194
G0 F9000 X54.447 Y120.15
G0 X55.888 Y120.15
G0 X55.888 Y119.928
G1 F3000 X54.912 Y123.57 E1148.26734
G0 F9000 X54.912 Y123.35
G0 X52.429 Y123.35
G0 X52.429 Y123.569
G1 F3000 X48.79 Y119.929 E1148.43853
G0 F9000 X48.584 Y119.929
G1 F3000 X35.679 Y123.387 E1148.8829
G0 F9000 X35.9 Y123.387
G0 X38.348 Y123.35
G0 X38.348 Y123.569
G1 F3000 X39.324 Y119.928 E1149.00827
G0 F9000 X39.324 Y120.15
G0 X37.476 Y120.15
G0 X37.476 Y119.929
G1 F3000 X41.116 Y123.569 E1149.17949
G0 F9000 X41.116 Y123.35
G0 X42.489 Y123.35
G0 X42.489 Y123.569
G1 F3000 X43.465 Y119.929 E1149.30483
G0 F9000 X43.133 Y119.929
G1 F3000 X46.772 Y123.569 E1149.47602
G1 X46.63 Y123.569
G1 X47.606 Y119.928 E1149.6014
G0 F9000 X47.606 Y120.15
G0 X51.747 Y120.15
G0 X51.747 Y119.928
G1 F3000 X50.771 Y123.569 E1149.72677
G0 F9000 X50.453 Y123.57
G1 F3000 X64.04 Y119.929 E1150.19462
G0 F9000 X64.04 Y120.15
G0 X65.909 Y123.35
G0 X65.909 Y123.57
G1 F3000 X79.494 Y119.929 E1150.66241
G0 F9000 X79.494 Y120.15
G0 X80.735 Y120.15
G0 X80.735 Y119.928
G1 F3000 X79.759 Y123.569 E1150.78779
G0 F9000 X79.759 Y123.35
G0 X83.9 Y123.35
G0 X83.9 Y123.569
G1 F3000 X84.876 Y119.928 E1150.91316
G0 F9000 X84.876 Y120.15
G0 X82.731 Y120.15
G0 X82.731 Y119.929
G1 F3000 X86.37 Y123.569 E1151.08435
G0 F9000 X86.37 Y123.35
G0 X88.041 Y123.35
G0 X88.041 Y123.569
G1 F3000 X89.017 Y119.928 E1151.20973
G0 F9000 X88.388 Y119.929
G1 F3000 X92.027 Y123.569 E1151.38092
G1 X92.182 Y123.569
G1 X93.158 Y119.928 E1151.50629
G0 F9000 X94.045 Y119.929
G1 F3000 X97.684 Y123.569 E1151.67749
G0 F9000 X97.684 Y123.35
G0 X100.465 Y123.35
G0 X100.465 Y123.569
G1 F3000 X101.44 Y119.928 E1151.80285
G0 F9000 X101.44 Y120.15
G0 X99.702 Y120.15
G0 X99.702 Y119.929
G1 F3000 X103.341 Y123.569 E1151.97404
G0 F9000 X103.341 Y123.35
G0 X104.606 Y123.35
G0 X104.606 Y123.569
G1 F3000 X105.581 Y119.928 E1152.09941
G0 F9000 X105.358 Y119.929
G1 F3000 X108.998 Y123.569 E1152.27062
G0 F9000 X108.747 Y123.569
G1 F3000 X109.722 Y119.928 E1152.39599
G0 F9000 X109.722 Y120.15
G0 X113.864 Y120.15
G0 X113.864 Y119.928
G1 F3000 X112.888 Y123.569 E1152.52137
G0 F9000 X112.274 Y123.569
G1 F3000 X125.858 Y119.929 E1152.98911
G0 F9000 X125.858 Y120.15
G0 X127.729 Y123.35
G0 X127.729 Y123.569
G1 F3000 X141.313 Y119.929 E1153.45686
G0 F9000 X141.313 Y120.15
G0 X142.851 Y120.15
G0 X142.851 Y119.928
G1 F3000 X141.876 Y123.569 E1153.58222
G0 F9000 X141.876 Y123.35
G0 X146.017 Y123.35
G0 X146.017 Y123.569
G1 F3000 X146.993 Y119.928 E1153.7076
G0 F9000 X146.993 Y120.15
G0 X144.957 Y120.15
G0 X144.957 Y119.93
G1 F3000 X148.597 Y123.569 E1153.87879
G0 F9000 X148.597 Y123.35
G0 X150.158 Y123.35
G0 X150.158 Y123.569
G1 F3000 X151.133 Y119.928 E1154.00416
G0 F9000 X150.614 Y119.93
G1 F3000 X154.253 Y123.569 E1154.17532
G1 X154.299 Y123.569
G1 X155.275 Y119.928 E1154.3007
G0 F9000 X155.275 Y120.15
G0 X130.428 Y120.15
G0 X130.428 Y119.928
G1 F3000 X129.452 Y123.569 E1154.42608
G1 F2700 E1149.42608
G0 F9000 X129.452 Y123.35
G0 X68.311 Y120.15
G0 X68.311 Y119.928
G1 F2700 E1154.42608
G1 F3000 X67.336 Y123.569 E1154.55144
G0 F9000 X67.336 Y123.05
G1 F2700 E1149.55144
;MESH:NONMESH
G0 F300 X67.336 Y123.05 Z2.6
G0 F9000 X184.13 Y119.67
G0 X184.13 Y118.585
G0 X184.13 Y101.415
G0 X184.13 Y100.33
G0 X184.13 Y99.88
G0 X184.4 Y100.15
;TIME_ELAPSED:1817.572023
;LAYER:12
;TYPE:WALL-INNER
;MESH:Garmin_GFC500 BOARDS SUPPORTS.stl
G1 F2700 E1154.55144
G1 F1500 X184.4 Y96.35 E1154.67783
G1 X35.6 Y96.35 E1159.62694
G1 X35.6 Y100.15 E1159.75333
G1 X184.4 Y100.15 E1164.70244
G0 F9000 X184.8 Y100.55
;TYPE:WALL-OUTER
G1 F1500 X184.8 Y95.95 E1164.85543
G1 X35.2 Y95.95 E1169.83115
G1 X35.2 Y100.55 E1169.98415
G1 X184.8 Y100.55 E1174.95986
G0 F9000 X184.53 Y100.28
G0 X181.865 Y99.85
G0 X181.865 Y100.069
;TYPE:FILL
G1 F3000 X178.225 Y96.43 E1175.13105
G0 F9000 X177.99 Y96.428
G1 F3000 X177.014 Y100.069 E1175.25643
G0 F9000 X176.208 Y100.069
G1 F3000 X172.568 Y96.43 E1175.42762
G0 F9000 X172.568 Y96.65
G0 X173.849 Y96.65
G0 X173.849 Y96.429
G1 F3000 X172.873 Y100.069 E1175.55296
G0 F9000 X172.873 Y99.85
G0 X170.551 Y99.85
G0 X170.551 Y100.069
G1 F3000 X166.911 Y96.43 E1175.72415
G0 F9000 X167.744 Y96.429
G1 F3000 X154.158 Y100.069 E1176.19196
G0 F9000 X153.58 Y100.069
G1 F3000 X149.941 Y96.43 E1176.36313
G0 F9000 X149.002 Y96.428
G1 F3000 X148.026 Y100.069 E1176.48851
G1 X147.923 Y100.069
G1 X144.284 Y96.43 E1176.65967
G0 F9000 X144.861 Y96.428
G1 F3000 X143.885 Y100.07 E1176.78508
G0 F9000 X143.885 Y99.85
G0 X142.267 Y99.85
G0 X142.267 Y100.069
G1 F3000 X138.627 Y96.43 E1176.95627
G0 F9000 X138.627 Y96.65
G0 X136.835 Y96.65
G0 X136.835 Y96.429
G1 F3000 X123.249 Y100.069 E1177.42408
G1 X123.18 Y100.07
G1 X124.155 Y96.428 E1177.54948
G0 F9000 X124.155 Y96.65
G0 X121.657 Y96.65
G0 X121.657 Y96.43
G1 F3000 X125.296 Y100.069 E1177.72065
G0 F9000 X125.296 Y99.85
G0 X127.321 Y99.85
G0 X127.321 Y100.069
G1 F3000 X128.297 Y96.428 E1177.84602
G0 F9000 X127.313 Y96.43
G1 F3000 X130.953 Y100.069 E1178.01721
G0 F9000 X131.462 Y100.069
G1 F3000 X132.437 Y96.429 E1178.14255
G0 F9000 X132.97 Y96.43
G1 F3000 X136.61 Y100.069 E1178.31374
G0 F9000 X136.61 Y99.85
G0 X135.603 Y99.85
G0 X135.603 Y100.069
G1 F3000 X136.579 Y96.429 E1178.43908
G0 F9000 X136.579 Y96.65
G0 X140.72 Y96.65
G0 X140.72 Y96.428
G1 F3000 X139.744 Y100.069 E1178.56446
G0 F9000 X139.744 Y99.85
G0 X138.704 Y99.85
G0 X138.704 Y100.069
G1 F3000 X152.289 Y96.429 E1179.03224
G0 F9000 X153.143 Y96.429
G1 F3000 X152.168 Y100.069 E1179.15757
G0 F9000 X152.168 Y99.85
G0 X156.309 Y99.85
G0 X156.309 Y100.069
G1 F3000 X157.284 Y96.429 E1179.28291
G0 F9000 X157.284 Y96.65
G0 X155.598 Y96.65
G0 X155.598 Y96.43
G1 F3000 X159.237 Y100.069 E1179.45407
G0 F9000 X159.237 Y99.85
G0 X160.45 Y99.85
G0 X160.45 Y100.069
G1 F3000 X161.425 Y96.428 E1179.57944
G1 X161.254 Y96.43
G1 X164.894 Y100.069 E1179.75063
G0 F9000 X164.591 Y100.07
G1 F3000 X165.566 Y96.428 E1179.87603
G0 F9000 X165.566 Y96.65
G0 X169.708 Y96.65
G0 X169.708 Y96.428
G1 F3000 X168.732 Y100.069 E1180.00141
G0 F9000 X169.613 Y100.069
G1 F3000 X183.199 Y96.429 E1180.46921
G0 F9000 X183.882 Y96.43
G1 F3000 X184.319 Y96.867 E1180.48977
G0 F9000 X184.1 Y96.867
G0 X182.131 Y96.65
G0 X182.131 Y96.428
G1 F3000 X181.155 Y100.069 E1180.61515
G1 F2700 E1175.61515
G0 F9000 X181.155 Y99.85
G0 X121.38 Y96.65
G0 X121.38 Y96.429
G1 F2700 E1180.61515
G1 F3000 X107.794 Y100.069 E1181.08295
G0 F9000 X108.325 Y100.069
G1 F3000 X104.685 Y96.429 E1181.25417
G0 F9000 X104.685 Y96.65
G0 X103.45 Y96.65
G0 X103.45 Y96.428
G1 F3000 X102.474 Y100.07 E1181.37958
G1 X102.668 Y100.069
G1 X99.028 Y96.429 E1181.55079
G0 F9000 X99.309 Y96.428
G1 F3000 X98.333 Y100.069 E1181.67617
G0 F9000 X98.333 Y99.85
G0 X97.011 Y99.85
G0 X97.011 Y100.069
G1 F3000 X93.372 Y96.429 E1181.84736
G0 F9000 X93.372 Y96.65
G0 X95.168 Y96.65
G0 X95.168 Y96.429
G1 F3000 X94.192 Y100.069 E1181.9727
G0 F9000 X94.192 Y99.85
G0 X92.34 Y99.85
G0 X92.34 Y100.069
G1 F3000 X105.926 Y96.429 E1182.44051
G0 F9000 X105.926 Y96.65
G0 X107.591 Y96.65
G0 X107.591 Y96.428
G1 F3000 X106.615 Y100.07 E1182.56592
G0 F9000 X106.615 Y99.85
G0 X110.756 Y99.85
G0 X110.756 Y100.069
G1 F3000 X111.732 Y96.429 E1182.69126
G0 F9000 X111.732 Y96.65
G0 X110.343 Y96.65
G0 X110.343 Y96.43
G1 F3000 X113.982 Y100.069 E1182.86243
G0 F9000 X114.898 Y100.069
G1 F3000 X115.873 Y96.429 E1182.98776
G1 X116 Y96.43
G1 X119.639 Y100.069 E1183.15893
G0 F9000 X119.039 Y100.069
G1 F3000 X120.014 Y96.428 E1183.2843
G0 F9000 X120.014 Y96.65
G0 X91.354 Y99.85
G0 X91.354 Y100.069
G1 F3000 X87.715 Y96.429 E1183.45549
G0 F9000 X86.886 Y96.428
G1 F3000 X85.91 Y100.07 E1183.5809
G0 F9000 X85.697 Y100.069
G1 F3000 X82.058 Y96.429 E1183.75209
G0 F9000 X82.744 Y96.428
G1 F3000 X81.769 Y100.07 E1183.87749
G0 F9000 X81.769 Y99.85
G0 X80.04 Y99.85
G0 X80.04 Y100.069
G1 F3000 X76.401 Y96.429 E1184.04868
G0 F9000 X76.401 Y96.65
G0 X75.015 Y96.65
G0 X75.015 Y96.429
G1 F3000 X61.43 Y100.069 E1184.51645
G0 F9000 X61.063 Y100.07
G1 F3000 X62.039 Y96.428 E1184.64186
G0 F9000 X62.039 Y96.65
G0 X59.561 Y96.65
G0 X59.561 Y96.429
G1 F3000 X45.975 Y100.069 E1185.10967
G1 X46.099 Y100.069
G1 X42.46 Y96.429 E1185.28086
G0 F9000 X42.46 Y96.65
G0 X41.333 Y96.65
G0 X41.333 Y96.428
G1 F3000 X40.358 Y100.07 E1185.40626
G1 X40.442 Y100.069
G1 X36.803 Y96.429 E1185.57745
G0 F9000 X37.192 Y96.428
G1 F3000 X36.217 Y100.069 E1185.70282
G0 F9000 X36.217 Y99.85
G0 X35.9 Y98.687
G0 X35.679 Y98.687
G1 F3000 X44.106 Y96.429 E1185.99299
G0 F9000 X44.106 Y96.65
G0 X45.474 Y96.65
G0 X45.474 Y96.428
G1 F3000 X44.499 Y100.07 E1186.11839
G0 F9000 X44.499 Y99.85
G0 X48.64 Y99.85
G0 X48.64 Y100.069
G1 F3000 X49.615 Y96.429 E1186.24372
G0 F9000 X49.615 Y96.65
G0 X48.117 Y96.65
G0 X48.117 Y96.429
G1 F3000 X51.756 Y100.069 E1186.41492
G0 F9000 X51.756 Y99.85
G0 X52.781 Y99.85
G0 X52.781 Y100.069
G1 F3000 X53.757 Y96.429 E1186.54026
G1 X53.774 Y96.429
G1 X57.413 Y100.069 E1186.71145
G0 F9000 X56.922 Y100.069
G1 F3000 X57.898 Y96.428 E1186.83682
G0 F9000 X57.898 Y96.65
G0 X59.43 Y96.65
G0 X59.43 Y96.429
G1 F3000 X63.07 Y100.069 E1187.00804
G0 F9000 X63.07 Y99.85
G0 X65.204 Y99.85
G0 X65.204 Y100.07
G1 F3000 X66.18 Y96.428 E1187.13345
G0 F9000 X66.18 Y96.65
G0 X65.087 Y96.65
G0 X65.087 Y96.429
G1 F3000 X68.727 Y100.069 E1187.30466
G0 F9000 X69.345 Y100.069
G1 F3000 X70.321 Y96.429 E1187.43
G0 F9000 X70.744 Y96.429
G1 F3000 X74.384 Y100.069 E1187.60122
G0 F9000 X73.487 Y100.069
G1 F3000 X74.462 Y96.429 E1187.72655
G0 F9000 X74.462 Y96.65
G0 X78.603 Y96.65
G0 X78.603 Y96.428
G1 F3000 X77.628 Y100.069 E1187.85192
G0 F9000 X76.885 Y100.069
G1 F3000 X90.47 Y96.429 E1188.3197
G0 F9000 X91.026 Y96.429
G1 F3000 X90.051 Y100.069 E1188.44503
G0 F9000 X90.051 Y99.55
G1 F2700 E1183.44503
G0 F9000 X184.13 Y100.33
G0 X184.13 Y101.415
G0 X184.13 Y118.585
G0 X184.13 Y119.67
G0 X184.13 Y123.38
G0 X184.4 Y123.65
;TYPE:WALL-INNER
G1 F2700 E1188.44503
G1 F1500 X184.4 Y119.85 E1188.57142
G1 X35.6 Y119.85 E1193.52053
G1 X35.6 Y123.65 E1193.64692
G1 X184.4 Y123.65 E1198.59603
G0 F9000 X184.8 Y124.05
;TYPE:WALL-OUTER
G1 F1500 X184.8 Y119.45 E1198.74902
G1 X35.2 Y119.45 E1203.72474
G1 X35.2 Y124.05 E1203.87774
G1 X184.8 Y124.05 E1208.85345
G0 F9000 X184.53 Y123.78
G0 X183.141 Y123.35
G0 X183.141 Y123.568
;TYPE:FILL
G1 F3000 X184.116 Y119.928 E1208.97879
G0 F9000 X184.116 Y120.15
G0 X184.1 Y120.975
G0 X184.319 Y120.975
G1 F3000 X174.639 Y123.569 E1209.3121
G0 F9000 X174.859 Y123.569
G1 F3000 X175.834 Y119.928 E1209.43747
G0 F9000 X175.834 Y120.15
G0 X173.441 Y120.15
G0 X173.441 Y119.93
G1 F3000 X177.08 Y123.569 E1209.60864
G0 F9000 X177.08 Y123.35
G0 X179 Y123.35
G0 X179 Y123.569
G1 F3000 X179.975 Y119.928 E1209.73401
G0 F9000 X179.098 Y119.93
G1 F3000 X182.737 Y123.569 E1209.90517
G0 F9000 X182.737 Y123.35
G0 X172.768 Y120.15
G0 X172.768 Y119.929
G1 F3000 X159.185 Y123.569 E1210.37289
G0 F9000 X158.294 Y123.569
G1 F3000 X159.27 Y119.928 E1210.49826
G0 F9000 X159.27 Y120.15
G0 X157.313 Y120.15
G0 X157.313 Y119.929
G1 F3000 X143.729 Y123.569 E1210.96601
G0 F9000 X143.139 Y123.569
G1 F3000 X139.5 Y119.93 E1211.13717
G0 F9000 X138.564 Y119.928
G1 F3000 X137.589 Y123.569 E1211.26254
G1 X137.482 Y123.569
G1 X133.843 Y119.93 E1211.43371
G0 F9000 X134.423 Y119.928
G1 F3000 X133.448 Y123.569 E1211.55908
G0 F9000 X133.448 Y123.35
G0 X131.825 Y123.35
G0 X131.825 Y123.569
G1 F3000 X128.186 Y119.93 E1211.73024
G0 F9000 X128.186 Y120.15
G0 X126.403 Y120.15
G0 X126.403 Y119.929
G1 F3000 X112.819 Y123.569 E1212.19799
G1 X112.742 Y123.569
G1 X113.717 Y119.928 E1212.32335
G0 F9000 X113.717 Y120.15
G0 X111.215 Y120.15
G0 X111.215 Y119.93
G1 F3000 X114.855 Y123.569 E1212.49455
G0 F9000 X114.855 Y123.35
G0 X116.883 Y123.35
G0 X116.883 Y123.569
G1 F3000 X117.859 Y119.928 E1212.61992
G0 F9000 X116.872 Y119.93
G1 F3000 X120.512 Y123.569 E1212.79111
G0 F9000 X121.024 Y123.569
G1 F3000 X122 Y119.928 E1212.91649
G0 F9000 X122.529 Y119.93
G1 F3000 X126.169 Y123.569 E1213.08768
G0 F9000 X126.169 Y123.35
G0 X125.165 Y123.35
G0 X125.165 Y123.569
G1 F3000 X126.141 Y119.928 E1213.21305
G0 F9000 X126.141 Y120.15
G0 X130.282 Y120.15
G0 X130.282 Y119.928
G1 F3000 X129.306 Y123.569 E1213.33843
G0 F9000 X129.306 Y123.35
G0 X128.275 Y123.35
G0 X128.275 Y123.569
G1 F3000 X141.857 Y119.93 E1213.8061
G0 F9000 X142.705 Y119.928
G1 F3000 X141.73 Y123.569 E1213.93147
G0 F9000 X141.73 Y123.35
G0 X145.871 Y123.35
G0 X145.871 Y123.569
G1 F3000 X146.846 Y119.928 E1214.05684
G0 F9000 X146.846 Y120.15
G0 X145.157 Y120.15
G0 X145.157 Y119.93
G1 F3000 X148.796 Y123.569 E1214.228
G0 F9000 X148.796 Y123.35
G0 X150.012 Y123.35
G0 X150.012 Y123.569
G1 F3000 X150.988 Y119.928 E1214.35338
G1 X150.813 Y119.93
G1 X154.453 Y123.569 E1214.52457
G0 F9000 X154.153 Y123.569
G1 F3000 X155.129 Y119.928 E1214.64995
G0 F9000 X155.129 Y120.15
G0 X156.47 Y120.15
G0 X156.47 Y119.93
G1 F3000 X160.11 Y123.569 E1214.82114
G0 F9000 X160.11 Y123.35
G0 X162.435 Y123.35
G0 X162.435 Y123.569
G1 F3000 X163.411 Y119.928 E1214.94651
G0 F9000 X163.411 Y120.15
G0 X162.127 Y120.15
G0 X162.127 Y119.93
G1 F3000 X165.767 Y123.569 E1215.1177
G0 F9000 X166.576 Y123.569
G1 F3000 X167.552 Y119.928 E1215.24308
G0 F9000 X167.784 Y119.93
G1 F3000 X171.423 Y123.569 E1215.41425
G0 F9000 X170.717 Y123.569
G1 F3000 X171.693 Y119.928 E1215.53962
G1 F2700 E1210.53962
G0 F9000 X171.693 Y120.15
G0 X110.948 Y120.15
G0 X110.948 Y119.929
G1 F2700 E1215.53962
G1 F3000 X97.363 Y123.569 E1216.0074
G0 F9000 X97.884 Y123.569
G1 F3000 X94.244 Y119.929 E1216.17861
G0 F9000 X94.244 Y120.15
G0 X93.012 Y120.15
G0 X93.012 Y119.928
G1 F3000 X92.036 Y123.569 E1216.30399
G1 X92.227 Y123.569
G1 X88.587 Y119.929 E1216.4752
G0 F9000 X88.871 Y119.928
G1 F3000 X87.895 Y123.569 E1216.60058
G0 F9000 X87.895 Y123.35
G0 X86.57 Y123.35
G0 X86.57 Y123.569
G1 F3000 X82.93 Y119.929 E1216.77179
G0 F9000 X82.93 Y120.15
G0 X84.73 Y120.15
G0 X84.73 Y119.928
G1 F3000 X83.754 Y123.569 E1216.89717
G0 F9000 X83.754 Y123.35
G0 X81.909 Y123.35
G0 X81.909 Y123.569
G1 F3000 X95.494 Y119.929 E1217.36495
G0 F9000 X95.494 Y120.15
G0 X97.153 Y120.15
G0 X97.153 Y119.928
G1 F3000 X96.178 Y123.569 E1217.49031
G0 F9000 X96.178 Y123.35
G0 X100.319 Y123.35
G0 X100.319 Y123.569
G1 F3000 X101.294 Y119.928 E1217.61568
G0 F9000 X101.294 Y120.15
G0 X99.901 Y120.15
G0 X99.901 Y119.929
G1 F3000 X103.54 Y123.569 E1217.78687
G0 F9000 X104.46 Y123.569
G1 F3000 X105.435 Y119.928 E1217.91224
G1 X105.558 Y119.929
G1 X109.197 Y123.569 E1218.08343
G0 F9000 X108.601 Y123.569
G1 F3000 X109.577 Y119.928 E1218.2088
G0 F9000 X109.577 Y120.15
G0 X80.913 Y123.35
G0 X80.913 Y123.569
G1 F3000 X77.274 Y119.929 E1218.37999
G0 F9000 X76.448 Y119.928
G1 F3000 X75.472 Y123.569 E1218.50537
G0 F9000 X75.256 Y123.569
G1 F3000 X71.617 Y119.929 E1218.67656
G0 F9000 X72.306 Y119.928
G1 F3000 X71.331 Y123.569 E1218.80193
G0 F9000 X71.331 Y123.35
G0 X69.599 Y123.35
G0 X69.599 Y123.569
G1 F3000 X65.96 Y119.929 E1218.97312
G0 F9000 X65.96 Y120.15
G0 X64.584 Y120.15
G0 X64.584 Y119.929
G1 F3000 X50.998 Y123.57 E1219.44094
G0 F9000 X50.625 Y123.569
G1 F3000 X51.601 Y119.928 E1219.56631
G0 F9000 X51.601 Y120.15
G0 X49.13 Y120.15
G0 X49.13 Y119.929
G1 F3000 X35.679 Y123.533 E1220.02947
G0 F9000 X35.87 Y123.38
G0 X38.202 Y123.35
G0 X38.202 Y123.57
G1 F3000 X39.178 Y119.928 E1220.15488
G0 F9000 X39.178 Y120.15
G0 X37.676 Y120.15
G0 X37.676 Y119.929
G1 F3000 X41.315 Y123.569 E1220.32607
G0 F9000 X41.315 Y123.35
G0 X42.343 Y123.35
G0 X42.343 Y123.569
G1 F3000 X43.319 Y119.928 E1220.45145
G1 X43.332 Y119.929
G1 X46.972 Y123.569 E1220.62266
G0 F9000 X46.484 Y123.569
G1 F3000 X47.46 Y119.928 E1220.74804
G0 F9000 X47.46 Y120.15
G0 X48.989 Y120.15
G0 X48.989 Y119.929
G1 F3000 X52.629 Y123.569 E1220.91925
G0 F9000 X52.629 Y123.35
G0 X54.767 Y123.35
G0 X54.767 Y123.569
G1 F3000 X55.742 Y119.928 E1221.04462
G0 F9000 X55.742 Y120.15
G0 X54.646 Y120.15
G0 X54.646 Y119.929
G1 F3000 X58.286 Y123.569 E1221.21583
G0 F9000 X58.908 Y123.569
G1 F3000 X59.883 Y119.928 E1221.3412
G0 F9000 X60.303 Y119.929
G1 F3000 X63.942 Y123.569 E1221.51239
G0 F9000 X63.049 Y123.569
G1 F3000 X64.024 Y119.928 E1221.63776
G0 F9000 X64.024 Y120.15
G0 X68.166 Y120.15
G0 X68.166 Y119.928
G1 F3000 X67.19 Y123.569 E1221.76314
G0 F9000 X66.453 Y123.57
G1 F3000 X80.039 Y119.929 E1222.23095
G0 F9000 X80.589 Y119.928
G1 F3000 X79.613 Y123.569 E1222.35633
G0 F9000 X79.613 Y123.05
G1 F2700 E1217.35633
;MESH:NONMESH
G0 F300 X79.613 Y123.05 Z2.8
G0 F9000 X184.13 Y119.67
G0 X184.13 Y118.585
G0 X184.13 Y101.415
G0 X184.13 Y100.33
G0 X184.13 Y99.88
G0 X184.4 Y100.15
;TIME_ELAPSED:1914.709446
;LAYER:13
;TYPE:WALL-INNER
;MESH:Garmin_GFC500 BOARDS SUPPORTS.stl
G1 F2700 E1222.35633
G1 F1500 X184.4 Y96.35 E1222.48272
G1 X35.6 Y96.35 E1227.43183
G1 X35.6 Y100.15 E1227.55821
G1 X184.4 Y100.15 E1232.50732
G0 F9000 X184.8 Y100.55
;TYPE:WALL-OUTER
G1 F1500 X184.8 Y95.95 E1232.66032
G1 X35.2 Y95.95 E1237.63603
G1 X35.2 Y100.55 E1237.78903
G1 X184.8 Y100.55 E1242.76475
G0 F9000 X184.53 Y100.28
G0 X182.064 Y99.85
G0 X182.064 Y100.069
;TYPE:FILL
G1 F3000 X178.424 Y96.43 E1242.93594
G0 F9000 X177.844 Y96.429
G1 F3000 X176.868 Y100.069 E1243.06128
G0 F9000 X176.407 Y100.069
G1 F3000 X172.768 Y96.43 E1243.23245
G0 F9000 X173.703 Y96.428
G1 F3000 X172.727 Y100.069 E1243.35782
G0 F9000 X172.727 Y99.85
G0 X170.75 Y99.85
G0 X170.75 Y100.069
G1 F3000 X167.111 Y96.43 E1243.52899
G0 F9000 X167.111 Y96.65
G0 X168.289 Y96.65
G0 X168.289 Y96.429
G1 F3000 X154.703 Y100.069 E1243.9968
G0 F9000 X153.78 Y100.069
G1 F3000 X150.14 Y96.43 E1244.16799
G0 F9000 X150.14 Y96.65
G0 X148.856 Y96.65
G0 X148.856 Y96.428
G1 F3000 X147.88 Y100.07 E1244.2934
G0 F9000 X148.123 Y100.069
G1 F3000 X144.483 Y96.43 E1244.46459
G0 F9000 X144.715 Y96.428
G1 F3000 X143.739 Y100.069 E1244.58997
G0 F9000 X143.739 Y99.85
G0 X142.466 Y99.85
G0 X142.466 Y100.069
G1 F3000 X138.826 Y96.43 E1244.76116
G0 F9000 X138.826 Y96.65
G0 X137.379 Y96.65
G0 X137.379 Y96.429
G1 F3000 X123.794 Y100.069 E1245.22893
G0 F9000 X123.034 Y100.069
G1 F3000 X124.009 Y96.428 E1245.3543
G0 F9000 X124.009 Y96.65
G0 X121.925 Y96.65
G0 X121.925 Y96.429
G1 F3000 X108.339 Y100.069 E1245.82211
G1 X108.524 Y100.069
G1 X104.885 Y96.429 E1245.9933
G0 F9000 X104.885 Y96.65
G0 X103.304 Y96.65
G0 X103.304 Y96.428
G1 F3000 X102.328 Y100.069 E1246.11868
G0 F9000 X102.867 Y100.069
G1 F3000 X99.228 Y96.429 E1246.28987
G1 X99.163 Y96.429
G1 X98.187 Y100.069 E1246.41521
G0 F9000 X97.21 Y100.069
G1 F3000 X93.571 Y96.429 E1246.5864
G0 F9000 X93.571 Y96.65
G0 X95.022 Y96.65
G0 X95.022 Y96.429
G1 F3000 X94.046 Y100.069 E1246.71175
G0 F9000 X94.046 Y99.85
G0 X92.884 Y99.85
G0 X92.884 Y100.069
G1 F3000 X106.47 Y96.429 E1247.17956
G0 F9000 X107.445 Y96.428
G1 F3000 X106.469 Y100.07 E1247.30496
G0 F9000 X106.469 Y99.85
G0 X110.61 Y99.85
G0 X110.61 Y100.07
G1 F3000 X111.586 Y96.428 E1247.43037
G0 F9000 X111.586 Y96.65
G0 X110.542 Y96.65
G0 X110.542 Y96.43
G1 F3000 X114.182 Y100.069 E1247.60156
G0 F9000 X114.752 Y100.069
G1 F3000 X115.727 Y96.429 E1247.7269
G0 F9000 X116.199 Y96.43
G1 F3000 X119.839 Y100.069 E1247.89809
G0 F9000 X118.893 Y100.069
G1 F3000 X119.868 Y96.429 E1248.02342
G0 F9000 X119.868 Y96.65
G0 X121.856 Y96.65
G0 X121.856 Y96.43
G1 F3000 X125.495 Y100.069 E1248.19459
G0 F9000 X125.495 Y99.85
G0 X127.175 Y99.85
G0 X127.175 Y100.07
G1 F3000 X128.151 Y96.428 E1248.32
G0 F9000 X127.513 Y96.43
G1 F3000 X131.152 Y100.069 E1248.49116
G1 X131.316 Y100.07
G1 X132.292 Y96.428 E1248.61657
G0 F9000 X133.17 Y96.43
G1 F3000 X136.809 Y100.069 E1248.78774
G0 F9000 X136.809 Y99.85
G0 X135.457 Y99.85
G0 X135.457 Y100.069
G1 F3000 X136.433 Y96.429 E1248.91308
G0 F9000 X136.433 Y96.65
G0 X140.574 Y96.65
G0 X140.574 Y96.429
G1 F3000 X139.598 Y100.069 E1249.03843
G0 F9000 X139.248 Y100.069
G1 F3000 X152.834 Y96.429 E1249.50624
G1 X152.997 Y96.428
G1 X152.022 Y100.069 E1249.6316
G0 F9000 X152.022 Y99.85
G0 X156.163 Y99.85
G0 X156.163 Y100.069
G1 F3000 X157.138 Y96.429 E1249.75694
G0 F9000 X157.138 Y96.65
G0 X155.797 Y96.65
G0 X155.797 Y96.43
G1 F3000 X159.437 Y100.069 E1249.92813
G0 F9000 X160.304 Y100.069
G1 F3000 X161.279 Y96.429 E1250.05346
G1 X161.454 Y96.43
G1 X165.093 Y100.069 E1250.22463
G0 F9000 X164.445 Y100.069
G1 F3000 X165.42 Y96.428 E1250.35
G0 F9000 X165.42 Y96.65
G0 X169.562 Y96.65
G0 X169.562 Y96.428
G1 F3000 X168.586 Y100.07 E1250.47541
G0 F9000 X168.586 Y99.85
G0 X170.158 Y99.85
G0 X170.158 Y100.069
G1 F3000 X183.743 Y96.429 E1250.94318
G0 F9000 X184.081 Y96.43
G1 F3000 X184.319 Y96.667 E1250.95435
G0 F9000 X184.1 Y96.667
G0 X181.985 Y96.65
G0 X181.985 Y96.429
G1 F3000 X181.009 Y100.069 E1251.0797
G1 F2700 E1246.0797
G0 F9000 X181.009 Y99.85
G0 X91.554 Y99.85
G0 X91.554 Y100.069
G1 F2700 E1251.0797
G1 F3000 X87.914 Y96.429 E1251.25091
G0 F9000 X87.914 Y96.65
G0 X86.74 Y96.65
G0 X86.74 Y96.428
G1 F3000 X85.764 Y100.07 E1251.37632
G1 X85.897 Y100.069
G1 X82.257 Y96.429 E1251.54753
G0 F9000 X82.598 Y96.428
G1 F3000 X81.623 Y100.069 E1251.6729
G0 F9000 X81.623 Y99.85
G0 X80.24 Y99.85
G0 X80.24 Y100.069
G1 F3000 X76.6 Y96.429 E1251.84412
G0 F9000 X76.6 Y96.65
G0 X75.561 Y96.65
G0 X75.561 Y96.429
G1 F3000 X61.975 Y100.069 E1252.31192
G0 F9000 X61.975 Y99.85
G0 X60.917 Y99.85
G0 X60.917 Y100.069
G1 F3000 X61.893 Y96.428 E1252.4373
G0 F9000 X61.893 Y96.65
G0 X60.105 Y96.65
G0 X60.105 Y96.429
G1 F3000 X46.52 Y100.069 E1252.90508
G0 F9000 X46.299 Y100.069
G1 F3000 X42.659 Y96.429 E1253.07629
G0 F9000 X42.659 Y96.65
G0 X41.187 Y96.65
G0 X41.187 Y96.428
G1 F3000 X40.212 Y100.069 E1253.20166
G0 F9000 X40.642 Y100.069
G1 F3000 X37.002 Y96.429 E1253.37287
G1 X37.046 Y96.429
G1 X36.071 Y100.069 E1253.49821
G0 F9000 X36.071 Y99.85
G0 X35.9 Y98.833
G0 X35.679 Y98.833
G1 F3000 X44.651 Y96.429 E1253.80714
G0 F9000 X45.328 Y96.428
G1 F3000 X44.353 Y100.07 E1253.93254
G0 F9000 X44.353 Y99.85
G0 X48.494 Y99.85
G0 X48.494 Y100.07
G1 F3000 X49.47 Y96.428 E1254.05795
G0 F9000 X49.47 Y96.65
G0 X48.316 Y96.65
G0 X48.316 Y96.429
G1 F3000 X51.956 Y100.069 E1254.22917
G0 F9000 X52.635 Y100.069
G1 F3000 X53.611 Y96.429 E1254.35451
G0 F9000 X53.973 Y96.429
G1 F3000 X57.612 Y100.069 E1254.5257
G0 F9000 X56.776 Y100.069
G1 F3000 X57.752 Y96.429 E1254.65104
G0 F9000 X57.752 Y96.65
G0 X59.63 Y96.65
G0 X59.63 Y96.429
G1 F3000 X63.269 Y100.069 E1254.82223
G0 F9000 X63.269 Y99.85
G0 X65.058 Y99.85
G0 X65.058 Y100.07
G1 F3000 X66.034 Y96.428 E1254.94764
G0 F9000 X65.287 Y96.429
G1 F3000 X68.926 Y100.069 E1255.11883
G0 F9000 X69.199 Y100.07
G1 F3000 X70.175 Y96.428 E1255.24424
G0 F9000 X70.944 Y96.429
G1 F3000 X74.583 Y100.069 E1255.41543
G0 F9000 X74.583 Y99.85
G0 X73.341 Y99.85
G0 X73.341 Y100.069
G1 F3000 X74.316 Y96.429 E1255.54077
G0 F9000 X74.316 Y96.65
G0 X78.457 Y96.65
G0 X78.457 Y96.429
G1 F3000 X77.482 Y100.069 E1255.6661
G1 X77.43 Y100.069
G1 X91.015 Y96.429 E1256.13388
G1 X90.881 Y96.428
G1 X89.905 Y100.07 E1256.25929
G0 F9000 X89.905 Y99.55
G1 F2700 E1251.25929
G0 F9000 X184.13 Y100.33
G0 X184.13 Y101.415
G0 X184.13 Y118.585
G0 X184.13 Y119.67
G0 X184.13 Y123.38
G0 X184.4 Y123.65
;TYPE:WALL-INNER
G1 F2700 E1256.25929
G1 F1500 X184.4 Y119.85 E1256.38567
G1 X35.6 Y119.85 E1261.33478
G1 X35.6 Y123.65 E1261.46117
G1 X184.4 Y123.65 E1266.41028
G0 F9000 X184.8 Y124.05
;TYPE:WALL-OUTER
G1 F1500 X184.8 Y119.45 E1266.56328
G1 X35.2 Y119.45 E1271.53899
G1 X35.2 Y124.05 E1271.69199
G1 X184.8 Y124.05 E1276.6677
G0 F9000 X184.53 Y123.78
G0 X182.995 Y123.35
G0 X182.995 Y123.569
;TYPE:FILL
G1 F3000 X183.97 Y119.928 E1276.79307
G0 F9000 X183.97 Y120.15
G0 X184.1 Y121.121
G0 X184.319 Y121.121
G1 F3000 X175.185 Y123.569 E1277.10759
G0 F9000 X174.713 Y123.569
G1 F3000 X175.688 Y119.928 E1277.23296
G0 F9000 X175.688 Y120.15
G0 X173.64 Y120.15
G0 X173.64 Y119.93
G1 F3000 X177.28 Y123.569 E1277.40415
G0 F9000 X177.28 Y123.35
G0 X178.854 Y123.35
G0 X178.854 Y123.569
G1 F3000 X179.829 Y119.928 E1277.52952
G0 F9000 X179.297 Y119.93
G1 F3000 X182.937 Y123.569 E1277.70071
G0 F9000 X182.937 Y123.35
G0 X173.312 Y120.15
G0 X173.312 Y119.929
G1 F3000 X159.729 Y123.569 E1278.16842
G0 F9000 X160.309 Y123.569
G1 F3000 X156.67 Y119.93 E1278.33959
G0 F9000 X156.67 Y120.15
G0 X157.858 Y120.15
G0 X157.858 Y119.929
G1 F3000 X144.274 Y123.569 E1278.80733
G0 F9000 X143.339 Y123.569
G1 F3000 X139.699 Y119.93 E1278.97852
G0 F9000 X139.699 Y120.15
G0 X138.418 Y120.15
G0 X138.418 Y119.928
G1 F3000 X137.443 Y123.569 E1279.10389
G0 F9000 X137.682 Y123.569
G1 F3000 X134.042 Y119.93 E1279.27508
G0 F9000 X134.277 Y119.928
G1 F3000 X133.301 Y123.569 E1279.40046
G0 F9000 X133.301 Y123.35
G0 X132.025 Y123.35
G0 X132.025 Y123.569
G1 F3000 X128.385 Y119.93 E1279.57165
G0 F9000 X128.385 Y120.15
G0 X126.948 Y120.15
G0 X126.948 Y119.929
G1 F3000 X113.363 Y123.569 E1280.03943
G0 F9000 X112.596 Y123.569
G1 F3000 X113.572 Y119.928 E1280.1648
G0 F9000 X113.572 Y120.15
G0 X111.493 Y120.15
G0 X111.493 Y119.929
G1 F3000 X97.909 Y123.569 E1280.63255
G1 X98.083 Y123.569
G1 X94.444 Y119.929 E1280.80374
G0 F9000 X94.444 Y120.15
G0 X92.866 Y120.15
G0 X92.866 Y119.928
G1 F3000 X91.89 Y123.569 E1280.92911
G0 F9000 X92.426 Y123.569
G1 F3000 X88.787 Y119.929 E1281.1003
G1 X88.725 Y119.928
G1 X87.749 Y123.569 E1281.22568
G0 F9000 X86.769 Y123.569
G1 F3000 X83.13 Y119.929 E1281.39687
G0 F9000 X83.13 Y120.15
G0 X84.584 Y120.15
G0 X84.584 Y119.928
G1 F3000 X83.608 Y123.569 E1281.52225
G0 F9000 X83.608 Y123.35
G0 X82.453 Y123.35
G0 X82.453 Y123.569
G1 F3000 X96.038 Y119.929 E1281.99002
G0 F9000 X97.007 Y119.928
G1 F3000 X96.032 Y123.569 E1282.11539
G0 F9000 X96.032 Y123.35
G0 X100.173 Y123.35
G0 X100.173 Y123.569
G1 F3000 X101.148 Y119.928 E1282.24076
G0 F9000 X101.148 Y120.15
G0 X100.1 Y120.15
G0 X100.1 Y119.929
G1 F3000 X103.74 Y123.569 E1282.41197
G0 F9000 X104.314 Y123.569
G1 F3000 X105.289 Y119.928 E1282.53734
G0 F9000 X105.757 Y119.929
G1 F3000 X109.397 Y123.569 E1282.70855
G0 F9000 X108.455 Y123.569
G1 F3000 X109.431 Y119.928 E1282.83393
G0 F9000 X109.431 Y120.15
G0 X111.415 Y120.15
G0 X111.415 Y119.93
G1 F3000 X115.054 Y123.569 E1283.0051
G0 F9000 X115.054 Y123.35
G0 X116.737 Y123.35
G0 X116.737 Y123.569
G1 F3000 X117.713 Y119.928 E1283.13047
G0 F9000 X117.072 Y119.93
G1 F3000 X120.711 Y123.569 E1283.30164
G1 X120.878 Y123.569
G1 X121.854 Y119.928 E1283.42701
G0 F9000 X122.728 Y119.93
G1 F3000 X126.368 Y123.569 E1283.5982
G0 F9000 X126.368 Y123.35
G0 X125.019 Y123.35
G0 X125.019 Y123.569
G1 F3000 X125.995 Y119.928 E1283.72358
G0 F9000 X125.995 Y120.15
G0 X130.136 Y120.15
G0 X130.136 Y119.928
G1 F3000 X129.16 Y123.569 E1283.84896
G0 F9000 X128.819 Y123.569
G1 F3000 X142.403 Y119.929 E1284.3167
G1 X142.559 Y119.928
G1 X141.584 Y123.569 E1284.44207
G0 F9000 X141.584 Y123.35
G0 X145.725 Y123.35
G0 X145.725 Y123.569
G1 F3000 X146.7 Y119.928 E1284.56743
G0 F9000 X146.7 Y120.15
G0 X145.356 Y120.15
G0 X145.356 Y119.93
G1 F3000 X148.995 Y123.569 E1284.7386
G0 F9000 X149.866 Y123.569
G1 F3000 X150.842 Y119.928 E1284.86398
G1 X151.013 Y119.93
G1 X154.652 Y123.569 E1285.03514
G0 F9000 X154.007 Y123.569
G1 F3000 X154.983 Y119.928 E1285.16052
G0 F9000 X154.983 Y120.15
G0 X159.124 Y120.15
G0 X159.124 Y119.928
G1 F3000 X158.148 Y123.569 E1285.2859
G0 F9000 X158.148 Y123.35
G0 X162.289 Y123.35
G0 X162.289 Y123.569
G1 F3000 X163.265 Y119.928 E1285.41127
G0 F9000 X162.326 Y119.93
G1 F3000 X165.966 Y123.569 E1285.58246
G0 F9000 X166.43 Y123.569
G1 F3000 X167.406 Y119.928 E1285.70784
G0 F9000 X167.983 Y119.93
G1 F3000 X171.623 Y123.569 E1285.87903
G0 F9000 X171.623 Y123.35
G0 X170.571 Y123.35
G0 X170.571 Y123.569
G1 F3000 X171.547 Y119.928 E1286.0044
G1 F2700 E1281.0044
G0 F9000 X171.547 Y120.15
G0 X81.112 Y123.35
G0 X81.112 Y123.569
G1 F2700 E1286.0044
G1 F3000 X77.473 Y119.929 E1286.1756
G0 F9000 X77.473 Y120.15
G0 X76.302 Y120.15
G0 X76.302 Y119.928
G1 F3000 X75.326 Y123.569 E1286.30097
G1 X75.456 Y123.569
G1 X71.816 Y119.929 E1286.47219
G0 F9000 X72.161 Y119.928
G1 F3000 X71.185 Y123.569 E1286.59756
G0 F9000 X71.185 Y123.35
G0 X69.799 Y123.35
G0 X69.799 Y123.569
G1 F3000 X66.159 Y119.929 E1286.76878
G0 F9000 X66.159 Y120.15
G0 X65.129 Y120.15
G0 X65.129 Y119.929
G1 F3000 X51.543 Y123.57 E1287.23659
G0 F9000 X51.543 Y123.35
G0 X50.479 Y123.35
G0 X50.479 Y123.569
G1 F3000 X51.455 Y119.928 E1287.36197
G0 F9000 X51.455 Y120.15
G0 X49.674 Y120.15
G0 X49.674 Y119.929
G1 F3000 X36.088 Y123.57 E1287.82979
G0 F9000 X35.858 Y123.569
G1 F3000 X35.679 Y123.39 E1287.83821
G0 F9000 X35.9 Y123.39
G0 X38.056 Y123.35
G0 X38.056 Y123.569
G1 F3000 X39.032 Y119.928 E1287.96358
G0 F9000 X39.032 Y120.15
G0 X37.875 Y120.15
G0 X37.875 Y119.929
G1 F3000 X41.514 Y123.569 E1288.13477
G0 F9000 X42.197 Y123.569
G1 F3000 X43.173 Y119.928 E1288.26015
G0 F9000 X43.532 Y119.929
G1 F3000 X47.171 Y123.569 E1288.43134
G0 F9000 X46.338 Y123.569
G1 F3000 X47.314 Y119.928 E1288.55671
G0 F9000 X47.314 Y120.15
G0 X49.189 Y120.15
G0 X49.189 Y119.929
G1 F3000 X52.828 Y123.569 E1288.72791
G0 F9000 X52.828 Y123.35
G0 X54.621 Y123.35
G0 X54.621 Y123.569
G1 F3000 X55.596 Y119.928 E1288.85327
G0 F9000 X54.846 Y119.929
G1 F3000 X58.485 Y123.569 E1289.02446
G0 F9000 X58.762 Y123.569
G1 F3000 X59.737 Y119.928 E1289.14983
G0 F9000 X60.502 Y119.929
G1 F3000 X64.142 Y123.569 E1289.32104
G0 F9000 X64.142 Y123.35
G0 X62.903 Y123.35
G0 X62.903 Y123.569
G1 F3000 X63.878 Y119.928 E1289.44641
G0 F9000 X63.878 Y120.15
G0 X68.019 Y120.15
G0 X68.019 Y119.928
G1 F3000 X67.044 Y123.569 E1289.57178
G1 X66.998 Y123.57
G1 X80.583 Y119.929 E1290.03956
G1 X80.443 Y119.928
G1 X79.467 Y123.569 E1290.16494
G0 F9000 X79.467 Y123.05
G1 F2700 E1285.16494
;MESH:NONMESH
G0 F300 X79.467 Y123.05 Z3
G0 F9000 X184.13 Y119.67
G0 X184.13 Y118.585
G0 X184.13 Y101.415
G0 X184.13 Y100.33
G0 X184.13 Y99.88
G0 X184.4 Y100.15
;TIME_ELAPSED:2010.900193
;LAYER:14
;TYPE:WALL-INNER
;MESH:Garmin_GFC500 BOARDS SUPPORTS.stl
G1 F2700 E1290.16494
G1 F1500 X184.4 Y96.35 E1290.29133
G1 X35.6 Y96.35 E1295.24044
G1 X35.6 Y100.15 E1295.36683
G1 X184.4 Y100.15 E1300.31593
G0 F9000 X184.8 Y100.55
;TYPE:WALL-OUTER
G1 F1500 X184.8 Y95.95 E1300.46893
G1 X35.2 Y95.95 E1305.44465
G1 X35.2 Y100.55 E1305.59764
G1 X184.8 Y100.55 E1310.57336
G0 F9000 X184.53 Y100.28
G0 X182.265 Y99.85
G0 X182.265 Y100.069
;TYPE:FILL
G1 F3000 X178.625 Y96.43 E1310.74455
G0 F9000 X177.697 Y96.429
G1 F3000 X176.721 Y100.069 E1310.86989
G1 X176.608 Y100.069
G1 X172.968 Y96.43 E1311.04108
G0 F9000 X173.556 Y96.428
G1 F3000 X172.58 Y100.069 E1311.16646
G0 F9000 X172.58 Y99.85
G0 X170.951 Y99.85
G0 X170.951 Y100.069
G1 F3000 X167.312 Y96.43 E1311.33763
G0 F9000 X167.312 Y96.65
G0 X168.837 Y96.65
G0 X168.837 Y96.429
G1 F3000 X155.252 Y100.069 E1311.8054
G0 F9000 X156.016 Y100.069
G1 F3000 X156.991 Y96.429 E1311.93074
G0 F9000 X155.998 Y96.43
G1 F3000 X159.637 Y100.069 E1312.10191
G0 F9000 X160.157 Y100.069
G1 F3000 X161.132 Y96.428 E1312.22727
G0 F9000 X161.655 Y96.43
G1 F3000 X165.294 Y100.069 E1312.39844
G0 F9000 X164.298 Y100.069
G1 F3000 X165.273 Y96.428 E1312.52381
G0 F9000 X165.273 Y96.65
G0 X169.415 Y96.65
G0 X169.415 Y96.428
G1 F3000 X168.439 Y100.07 E1312.64922
G0 F9000 X168.439 Y99.85
G0 X170.707 Y99.85
G0 X170.707 Y100.069
G1 F3000 X184.292 Y96.429 E1313.11699
G0 F9000 X184.13 Y96.62
G0 X181.838 Y96.65
G0 X181.838 Y96.428
G1 F3000 X180.862 Y100.069 E1313.24237
G0 F9000 X180.862 Y99.85
G0 X153.98 Y99.85
G0 X153.98 Y100.069
G1 F3000 X150.341 Y96.43 E1313.41354
G0 F9000 X150.341 Y96.65
G0 X148.709 Y96.65
G0 X148.709 Y96.428
G1 F3000 X147.733 Y100.07 E1313.53894
G0 F9000 X148.324 Y100.069
G1 F3000 X144.684 Y96.43 E1313.71013
G1 X144.568 Y96.428
G1 X143.592 Y100.069 E1313.83551
G0 F9000 X142.667 Y100.069
G1 F3000 X139.027 Y96.43 E1314.0067
G0 F9000 X139.027 Y96.65
G0 X137.928 Y96.65
G0 X137.928 Y96.429
G1 F3000 X124.342 Y100.069 E1314.47451
G0 F9000 X124.342 Y99.85
G0 X125.696 Y99.85
G0 X125.696 Y100.069
G1 F3000 X122.057 Y96.43 E1314.64568
G0 F9000 X122.473 Y96.429
G1 F3000 X108.888 Y100.069 E1315.11346
G1 X108.725 Y100.069
G1 X105.085 Y96.429 E1315.28467
G0 F9000 X105.085 Y96.65
G0 X103.157 Y96.65
G0 X103.157 Y96.428
G1 F3000 X102.181 Y100.069 E1315.41005
G0 F9000 X103.068 Y100.069
G1 F3000 X99.429 Y96.429 E1315.58124
G0 F9000 X99.016 Y96.429
G1 F3000 X98.04 Y100.069 E1315.70658
G0 F9000 X97.411 Y100.069
G1 F3000 X93.772 Y96.429 E1315.87777
G0 F9000 X93.772 Y96.65
G0 X94.875 Y96.65
G0 X94.875 Y96.429
G1 F3000 X93.899 Y100.069 E1316.00311
G0 F9000 X93.433 Y100.069
G1 F3000 X107.019 Y96.429 E1316.47092
G0 F9000 X107.298 Y96.428
G1 F3000 X106.322 Y100.07 E1316.59633
G0 F9000 X106.322 Y99.85
G0 X110.463 Y99.85
G0 X110.463 Y100.069
G1 F3000 X111.439 Y96.428 E1316.72171
G0 F9000 X110.743 Y96.43
G1 F3000 X114.383 Y100.069 E1316.8929
G0 F9000 X114.605 Y100.069
G1 F3000 X115.58 Y96.429 E1317.01823
G0 F9000 X116.4 Y96.43
G1 F3000 X120.039 Y100.069 E1317.1894
G0 F9000 X120.039 Y99.85
G0 X118.746 Y99.85
G0 X118.746 Y100.069
G1 F3000 X119.721 Y96.429 E1317.31473
G0 F9000 X119.721 Y96.65
G0 X123.862 Y96.65
G0 X123.862 Y96.428
G1 F3000 X122.887 Y100.069 E1317.4401
G0 F9000 X122.887 Y99.85
G0 X127.028 Y99.85
G0 X127.028 Y100.07
G1 F3000 X128.004 Y96.428 E1317.56551
G0 F9000 X127.714 Y96.43
G1 F3000 X131.353 Y100.069 E1317.73668
G1 X131.169 Y100.069
G1 X132.145 Y96.428 E1317.86205
G0 F9000 X132.145 Y96.65
G0 X133.37 Y96.65
G0 X133.37 Y96.43
G1 F3000 X137.01 Y100.069 E1318.03324
G0 F9000 X137.01 Y99.85
G0 X135.31 Y99.85
G0 X135.31 Y100.069
G1 F3000 X136.286 Y96.429 E1318.15859
G0 F9000 X136.286 Y96.65
G0 X140.427 Y96.65
G0 X140.427 Y96.428
G1 F3000 X139.451 Y100.069 E1318.28396
G0 F9000 X139.797 Y100.069
G1 F3000 X153.383 Y96.429 E1318.75177
G0 F9000 X152.85 Y96.428
G1 F3000 X151.875 Y100.069 E1318.87714
G1 F2700 E1313.87714
G0 F9000 X151.875 Y99.85
G0 X91.754 Y99.85
G0 X91.754 Y100.069
G1 F2700 E1318.87714
G1 F3000 X88.115 Y96.429 E1319.04833
G0 F9000 X88.115 Y96.65
G0 X86.593 Y96.65
G0 X86.593 Y96.428
G1 F3000 X85.617 Y100.07 E1319.17374
G0 F9000 X86.098 Y100.069
G1 F3000 X82.458 Y96.429 E1319.34495
G1 X82.451 Y96.428
G1 X81.476 Y100.069 E1319.47032
G0 F9000 X81.476 Y99.85
G0 X80.441 Y99.85
G0 X80.441 Y100.069
G1 F3000 X76.801 Y96.429 E1319.64153
G0 F9000 X76.109 Y96.429
G1 F3000 X62.524 Y100.069 E1320.10931
G0 F9000 X63.47 Y100.069
G1 F3000 X59.831 Y96.429 E1320.2805
G0 F9000 X60.654 Y96.429
G1 F3000 X47.069 Y100.069 E1320.74828
G0 F9000 X46.5 Y100.069
G1 F3000 X42.86 Y96.429 E1320.91949
G0 F9000 X42.86 Y96.65
G0 X41.04 Y96.65
G0 X41.04 Y96.428
G1 F3000 X40.065 Y100.069 E1321.04486
G0 F9000 X40.843 Y100.069
G1 F3000 X37.203 Y96.429 E1321.21607
G0 F9000 X36.899 Y96.429
G1 F3000 X35.924 Y100.069 E1321.34141
G0 F9000 X35.924 Y99.85
G0 X35.9 Y98.98
G0 X35.679 Y98.98
G1 F3000 X45.199 Y96.429 E1321.66922
G1 X45.181 Y96.428
G1 X44.206 Y100.07 E1321.79461
G0 F9000 X44.206 Y99.85
G0 X48.347 Y99.85
G0 X48.347 Y100.07
G1 F3000 X49.323 Y96.428 E1321.92002
G0 F9000 X48.517 Y96.429
G1 F3000 X52.156 Y100.069 E1322.09121
G0 F9000 X52.488 Y100.069
G1 F3000 X53.464 Y96.429 E1322.21656
G0 F9000 X54.174 Y96.429
G1 F3000 X57.813 Y100.069 E1322.38775
G0 F9000 X57.813 Y99.85
G0 X56.629 Y99.85
G0 X56.629 Y100.069
G1 F3000 X57.605 Y96.429 E1322.51309
G0 F9000 X57.605 Y96.65
G0 X61.746 Y96.65
G0 X61.746 Y96.428
G1 F3000 X60.77 Y100.069 E1322.63847
G0 F9000 X60.77 Y99.85
G0 X64.911 Y99.85
G0 X64.911 Y100.07
G1 F3000 X65.887 Y96.428 E1322.76387
G0 F9000 X65.487 Y96.429
G1 F3000 X69.127 Y100.069 E1322.93509
G1 X69.052 Y100.07
G1 X70.028 Y96.428 E1323.0605
G0 F9000 X70.028 Y96.65
G0 X71.144 Y96.65
G0 X71.144 Y96.429
G1 F3000 X74.784 Y100.069 E1323.23171
G0 F9000 X74.784 Y99.85
G0 X73.194 Y99.85
G0 X73.194 Y100.069
G1 F3000 X74.169 Y96.429 E1323.35705
G0 F9000 X74.169 Y96.65
G0 X78.31 Y96.65
G0 X78.31 Y96.429
G1 F3000 X77.335 Y100.069 E1323.48238
G0 F9000 X77.978 Y100.069
G1 F3000 X91.564 Y96.429 E1323.95019
G0 F9000 X90.734 Y96.428
G1 F3000 X89.758 Y100.069 E1324.07557
G0 F9000 X89.758 Y99.55
G1 F2700 E1319.07557
G0 F9000 X184.13 Y100.33
G0 X184.13 Y101.415
G0 X184.13 Y118.585
G0 X184.13 Y119.67
G0 X184.13 Y123.38
G0 X184.4 Y123.65
;TYPE:WALL-INNER
G1 F2700 E1324.07557
G1 F1500 X184.4 Y119.85 E1324.20195
G1 X35.6 Y119.85 E1329.15106
G1 X35.6 Y123.65 E1329.27745
G1 X184.4 Y123.65 E1334.22656
G0 F9000 X184.8 Y124.05
;TYPE:WALL-OUTER
G1 F1500 X184.8 Y119.45 E1334.37955
G1 X35.2 Y119.45 E1339.35527
G1 X35.2 Y124.05 E1339.50827
G1 X184.8 Y124.05 E1344.48398
G0 F9000 X184.53 Y123.78
G0 X183.137 Y123.35
G0 X183.137 Y123.569
;TYPE:FILL
G1 F3000 X179.498 Y119.93 E1344.65515
G1 X179.682 Y119.928
G1 X178.707 Y123.569 E1344.78052
G0 F9000 X178.707 Y123.35
G0 X177.48 Y123.35
G0 X177.48 Y123.569
G1 F3000 X173.841 Y119.93 E1344.95169
G1 X173.861 Y119.929
G1 X160.278 Y123.569 E1345.4194
G0 F9000 X160.51 Y123.569
G1 F3000 X156.87 Y119.93 E1345.59059
G0 F9000 X156.87 Y120.15
G0 X158.406 Y120.15
G0 X158.406 Y119.929
G1 F3000 X144.822 Y123.569 E1346.05833
G0 F9000 X145.578 Y123.568
G1 F3000 X146.553 Y119.928 E1346.18367
G0 F9000 X145.557 Y119.93
G1 F3000 X149.196 Y123.569 E1346.35484
G0 F9000 X149.719 Y123.569
G1 F3000 X150.695 Y119.928 E1346.48021
G0 F9000 X151.214 Y119.93
G1 F3000 X154.853 Y123.569 E1346.65138
G0 F9000 X153.86 Y123.569
G1 F3000 X154.836 Y119.928 E1346.77676
G0 F9000 X154.836 Y120.15
G0 X158.977 Y120.15
G0 X158.977 Y119.928
G1 F3000 X158.001 Y123.569 E1346.90213
G0 F9000 X158.001 Y123.35
G0 X162.142 Y123.35
G0 X162.142 Y123.569
G1 F3000 X163.118 Y119.928 E1347.02751
G0 F9000 X162.527 Y119.93
G1 F3000 X166.167 Y123.569 E1347.1987
G1 X166.283 Y123.568
G1 X167.259 Y119.928 E1347.32404
G0 F9000 X168.184 Y119.93
G1 F3000 X171.824 Y123.569 E1347.49523
G0 F9000 X171.824 Y123.35
G0 X170.424 Y123.35
G0 X170.424 Y123.569
G1 F3000 X171.4 Y119.928 E1347.62061
G0 F9000 X171.4 Y120.15
G0 X175.541 Y120.15
G0 X175.541 Y119.928
G1 F3000 X174.566 Y123.569 E1347.74597
G0 F9000 X174.566 Y123.35
G0 X175.734 Y123.35
G0 X175.734 Y123.569
G1 F3000 X184.319 Y121.268 E1348.04159
G0 F9000 X184.1 Y121.268
G0 X183.823 Y120.15
G0 X183.823 Y119.928
G1 F3000 X182.848 Y123.569 E1348.16696
G1 F2700 E1343.16696
G0 F9000 X182.848 Y123.35
G0 X143.539 Y123.35
G0 X143.539 Y123.569
G1 F2700 E1348.16696
G1 F3000 X139.9 Y119.93 E1348.33813
G0 F9000 X139.9 Y120.15
G0 X138.271 Y120.15
G0 X138.271 Y119.928
G1 F3000 X137.296 Y123.569 E1348.46349
G0 F9000 X137.882 Y123.569
G1 F3000 X134.243 Y119.93 E1348.63466
G1 X134.13 Y119.928
G1 X133.154 Y123.569 E1348.76004
G0 F9000 X132.226 Y123.569
G1 F3000 X128.586 Y119.93 E1348.93123
G0 F9000 X128.586 Y120.15
G0 X127.497 Y120.15
G0 X127.497 Y119.929
G1 F3000 X113.912 Y123.569 E1349.399
G0 F9000 X113.912 Y123.35
G0 X115.255 Y123.35
G0 X115.255 Y123.569
G1 F3000 X111.616 Y119.93 E1349.57017
G0 F9000 X112.041 Y119.929
G1 F3000 X98.458 Y123.569 E1350.03788
G1 X98.284 Y123.569
G1 X94.644 Y119.929 E1350.2091
G0 F9000 X94.644 Y120.15
G0 X92.719 Y120.15
G0 X92.719 Y119.928
G1 F3000 X91.743 Y123.569 E1350.33447
G0 F9000 X92.627 Y123.569
G1 F3000 X88.987 Y119.929 E1350.50569
G0 F9000 X88.578 Y119.928
G1 F3000 X87.602 Y123.569 E1350.63106
G0 F9000 X86.97 Y123.569
G1 F3000 X83.331 Y119.929 E1350.80225
G0 F9000 X83.331 Y120.15
G0 X84.437 Y120.15
G0 X84.437 Y119.928
G1 F3000 X83.461 Y123.57 E1350.92766
G0 F9000 X83.002 Y123.569
G1 F3000 X96.587 Y119.929 E1351.39544
G0 F9000 X96.86 Y119.928
G1 F3000 X95.885 Y123.569 E1351.52081
G0 F9000 X95.885 Y123.35
G0 X100.026 Y123.35
G0 X100.026 Y123.569
G1 F3000 X101.001 Y119.928 E1351.64617
G0 F9000 X100.301 Y119.929
G1 F3000 X103.941 Y123.569 E1351.81739
G0 F9000 X104.167 Y123.569
G1 F3000 X105.142 Y119.928 E1351.94275
G0 F9000 X105.958 Y119.929
G1 F3000 X109.598 Y123.569 E1352.11397
G0 F9000 X109.598 Y123.35
G0 X108.308 Y123.35
G0 X108.308 Y123.569
G1 F3000 X109.284 Y119.928 E1352.23934
G0 F9000 X109.284 Y120.15
G0 X113.425 Y120.15
G0 X113.425 Y119.928
G1 F3000 X112.449 Y123.569 E1352.36472
G0 F9000 X112.449 Y123.35
G0 X116.59 Y123.35
G0 X116.59 Y123.569
G1 F3000 X117.566 Y119.928 E1352.4901
G0 F9000 X117.272 Y119.93
G1 F3000 X120.912 Y123.569 E1352.66129
G1 X120.731 Y123.569
G1 X121.707 Y119.928 E1352.78666
G0 F9000 X121.707 Y120.15
G0 X122.929 Y120.15
G0 X122.929 Y119.93
G1 F3000 X126.569 Y123.569 E1352.95785
G0 F9000 X126.569 Y123.35
G0 X124.872 Y123.35
G0 X124.872 Y123.569
G1 F3000 X125.848 Y119.928 E1353.08323
G0 F9000 X125.848 Y120.15
G0 X129.989 Y120.15
G0 X129.989 Y119.928
G1 F3000 X129.013 Y123.569 E1353.2086
G0 F9000 X129.368 Y123.569
G1 F3000 X142.952 Y119.929 E1353.67635
G0 F9000 X142.412 Y119.928
G1 F3000 X141.437 Y123.569 E1353.80172
G1 F2700 E1348.80172
G0 F9000 X141.437 Y123.35
G0 X81.313 Y123.35
G0 X81.313 Y123.569
G1 F2700 E1353.80172
G1 F3000 X77.674 Y119.929 E1353.97291
G0 F9000 X77.674 Y120.15
G0 X76.155 Y120.15
G0 X76.155 Y119.928
G1 F3000 X75.179 Y123.569 E1354.09828
G0 F9000 X75.656 Y123.569
G1 F3000 X72.017 Y119.929 E1354.26947
G1 X72.013 Y119.929
G1 X71.038 Y123.569 E1354.39481
G0 F9000 X71.038 Y123.35
G0 X70 Y123.35
G0 X70 Y123.569
G1 F3000 X66.36 Y119.929 E1354.56602
G0 F9000 X65.678 Y119.929
G1 F3000 X52.092 Y123.57 E1355.03384
G0 F9000 X53.029 Y123.569
G1 F3000 X49.389 Y119.929 E1355.20506
G0 F9000 X50.223 Y119.929
G1 F3000 X36.636 Y123.57 E1355.67291
G0 F9000 X36.058 Y123.569
G1 F3000 X35.679 Y123.19 E1355.69073
G0 F9000 X35.9 Y123.19
G0 X37.909 Y123.35
G0 X37.909 Y123.569
G1 F3000 X38.885 Y119.928 E1355.81611
G0 F9000 X38.076 Y119.929
G1 F3000 X41.715 Y123.569 E1355.9873
G0 F9000 X42.05 Y123.57
G1 F3000 X43.026 Y119.928 E1356.11271
G0 F9000 X43.733 Y119.929
G1 F3000 X47.372 Y123.569 E1356.2839
G0 F9000 X47.372 Y123.35
G0 X46.191 Y123.35
G0 X46.191 Y123.569
G1 F3000 X47.167 Y119.928 E1356.40927
G0 F9000 X47.167 Y120.15
G0 X51.308 Y120.15
G0 X51.308 Y119.929
G1 F3000 X50.332 Y123.569 E1356.53462
G0 F9000 X50.332 Y123.35
G0 X54.474 Y123.35
G0 X54.474 Y123.569
G1 F3000 X55.449 Y119.928 E1356.65998
G0 F9000 X55.046 Y119.929
G1 F3000 X58.686 Y123.569 E1356.8312
G1 X58.615 Y123.569
G1 X59.59 Y119.928 E1356.95656
G0 F9000 X59.59 Y120.15
G0 X60.703 Y120.15
G0 X60.703 Y119.929
G1 F3000 X64.343 Y123.569 E1357.12778
G0 F9000 X64.343 Y123.35
G0 X62.756 Y123.35
G0 X62.756 Y123.57
G1 F3000 X63.731 Y119.928 E1357.25318
G0 F9000 X63.731 Y120.15
G0 X67.872 Y120.15
G0 X67.872 Y119.928
G1 F3000 X66.897 Y123.569 E1357.37855
G0 F9000 X67.546 Y123.57
G1 F3000 X81.132 Y119.929 E1357.84636
G0 F9000 X80.296 Y119.928
G1 F3000 X79.32 Y123.569 E1357.97174
G0 F9000 X79.32 Y123.05
G1 F2700 E1352.97174
;MESH:NONMESH
G0 F300 X79.32 Y123.05 Z3.2
G0 F9000 X184.13 Y119.67
G0 X184.13 Y118.585
G0 X184.13 Y101.415
G0 X184.13 Y100.33
G0 X184.13 Y99.88
G0 X184.4 Y100.15
;TIME_ELAPSED:2107.568049
;LAYER:15
;TYPE:WALL-INNER
;MESH:Garmin_GFC500 BOARDS SUPPORTS.stl
G1 F2700 E1357.97174
G1 F1500 X184.4 Y96.35 E1358.09813
G1 X35.6 Y96.35 E1363.04724
G1 X35.6 Y100.15 E1363.17362
G1 X184.4 Y100.15 E1368.12273
G0 F9000 X184.8 Y100.55
;TYPE:WALL-OUTER
G1 F1500 X184.8 Y95.95 E1368.27573
G1 X35.2 Y95.95 E1373.25144
G1 X35.2 Y100.55 E1373.40444
G1 X184.8 Y100.55 E1378.38016
G0 F9000 X184.53 Y100.28
G0 X182.464 Y99.85
G0 X182.464 Y100.069
;TYPE:FILL
G1 F3000 X178.825 Y96.43 E1378.55132
G0 F9000 X178.825 Y96.65
G0 X177.551 Y96.65
G0 X177.551 Y96.428
G1 F3000 X176.575 Y100.069 E1378.6767
G0 F9000 X176.807 Y100.069
G1 F3000 X173.168 Y96.43 E1378.84787
G0 F9000 X173.41 Y96.428
G1 F3000 X172.434 Y100.07 E1378.97328
G0 F9000 X172.434 Y99.85
G0 X171.252 Y99.85
G0 X171.252 Y100.069
G1 F3000 X184.319 Y96.568 E1379.42321
G0 F9000 X184.1 Y96.568
G0 X181.692 Y96.65
G0 X181.692 Y96.429
G1 F3000 X180.716 Y100.069 E1379.54856
G0 F9000 X180.716 Y99.85
G0 X171.15 Y99.85
G0 X171.15 Y100.069
G1 F3000 X167.511 Y96.43 E1379.71973
G0 F9000 X167.511 Y96.65
G0 X169.269 Y96.65
G0 X169.269 Y96.428
G1 F3000 X168.293 Y100.069 E1379.8451
G0 F9000 X168.293 Y99.85
G0 X165.494 Y99.85
G0 X165.494 Y100.069
G1 F3000 X161.854 Y96.43 E1380.01629
G0 F9000 X160.986 Y96.429
G1 F3000 X160.011 Y100.069 E1380.14163
G1 X159.837 Y100.069
G1 X156.197 Y96.43 E1380.31282
G0 F9000 X156.845 Y96.428
G1 F3000 X155.87 Y100.069 E1380.43818
G1 X155.797 Y100.069
G1 X169.382 Y96.429 E1380.90596
G0 F9000 X169.382 Y96.65
G0 X165.127 Y96.65
G0 X165.127 Y96.428
G1 F3000 X164.152 Y100.069 E1381.03133
G0 F9000 X164.152 Y99.85
G0 X154.18 Y99.85
G0 X154.18 Y100.069
G1 F3000 X150.54 Y96.43 E1381.20252
G0 F9000 X150.54 Y96.65
G0 X148.563 Y96.65
G0 X148.563 Y96.428
G1 F3000 X147.588 Y100.069 E1381.32789
G0 F9000 X148.523 Y100.069
G1 F3000 X144.884 Y96.43 E1381.49905
G0 F9000 X144.422 Y96.429
G1 F3000 X143.446 Y100.069 E1381.6244
G0 F9000 X142.866 Y100.069
G1 F3000 X139.227 Y96.43 E1381.79556
G0 F9000 X138.473 Y96.429
G1 F3000 X124.887 Y100.069 E1382.26337
G0 F9000 X124.887 Y99.85
G0 X125.896 Y99.85
G0 X125.896 Y100.069
G1 F3000 X122.256 Y96.43 E1382.43457
G0 F9000 X123.018 Y96.429
G1 F3000 X109.432 Y100.069 E1382.90237
G0 F9000 X108.924 Y100.069
G1 F3000 X105.285 Y96.429 E1383.07357
G0 F9000 X105.285 Y96.65
G0 X107.152 Y96.65
G0 X107.152 Y96.428
G1 F3000 X106.177 Y100.069 E1383.19893
G0 F9000 X106.177 Y99.85
G0 X103.267 Y99.85
G0 X103.267 Y100.069
G1 F3000 X99.628 Y96.429 E1383.37012
G0 F9000 X98.87 Y96.429
G1 F3000 X97.894 Y100.069 E1383.49547
G0 F9000 X97.611 Y100.069
G1 F3000 X93.971 Y96.429 E1383.66668
G0 F9000 X94.729 Y96.428
G1 F3000 X93.753 Y100.07 E1383.79209
G0 F9000 X93.978 Y100.069
G1 F3000 X107.563 Y96.429 E1384.25987
G0 F9000 X107.563 Y96.65
G0 X110.942 Y96.65
G0 X110.942 Y96.43
G1 F3000 X114.582 Y100.069 E1384.43106
G1 X114.459 Y100.069
G1 X115.434 Y96.428 E1384.55642
G0 F9000 X115.434 Y96.65
G0 X116.599 Y96.65
G0 X116.599 Y96.43
G1 F3000 X120.239 Y100.069 E1384.72761
G0 F9000 X120.239 Y99.85
G0 X118.6 Y99.85
G0 X118.6 Y100.069
G1 F3000 X119.575 Y96.429 E1384.85295
G0 F9000 X119.575 Y96.65
G0 X123.716 Y96.65
G0 X123.716 Y96.429
G1 F3000 X122.741 Y100.069 E1384.97828
G0 F9000 X122.741 Y99.85
G0 X126.882 Y99.85
G0 X126.882 Y100.069
G1 F3000 X127.858 Y96.428 E1385.10366
G1 X127.913 Y96.43
G1 X131.552 Y100.069 E1385.27483
G0 F9000 X131.023 Y100.07
G1 F3000 X131.999 Y96.428 E1385.40023
G0 F9000 X131.999 Y96.65
G0 X133.57 Y96.65
G0 X133.57 Y96.43
G1 F3000 X137.209 Y100.069 E1385.5714
G0 F9000 X137.209 Y99.85
G0 X135.164 Y99.85
G0 X135.164 Y100.069
G1 F3000 X136.14 Y96.428 E1385.69678
G0 F9000 X136.14 Y96.65
G0 X140.281 Y96.65
G0 X140.281 Y96.429
G1 F3000 X139.305 Y100.069 E1385.82212
G0 F9000 X139.305 Y99.85
G0 X140.342 Y99.85
G0 X140.342 Y100.069
G1 F3000 X153.927 Y96.429 E1386.2899
G0 F9000 X153.927 Y96.65
G0 X152.704 Y96.65
G0 X152.704 Y96.428
G1 F3000 X151.728 Y100.07 E1386.41531
G1 F2700 E1381.41531
G0 F9000 X151.728 Y99.85
G0 X111.293 Y96.65
G0 X111.293 Y96.428
G1 F2700 E1386.41531
G1 F3000 X110.317 Y100.07 E1386.54071
G0 F9000 X110.317 Y99.85
G0 X103.011 Y96.65
G0 X103.011 Y96.429
G1 F3000 X102.035 Y100.069 E1386.66606
G0 F9000 X102.035 Y99.85
G0 X91.954 Y99.85
G0 X91.954 Y100.069
G1 F3000 X88.314 Y96.429 E1386.83727
G0 F9000 X88.314 Y96.65
G0 X86.446 Y96.65
G0 X86.446 Y96.428
G1 F3000 X85.471 Y100.069 E1386.96264
G0 F9000 X86.297 Y100.069
G1 F3000 X82.657 Y96.429 E1387.13385
G0 F9000 X82.305 Y96.429
G1 F3000 X81.33 Y100.069 E1387.25919
G0 F9000 X80.64 Y100.069
G1 F3000 X77.001 Y96.429 E1387.43038
G0 F9000 X76.654 Y96.429
G1 F3000 X63.068 Y100.069 E1387.89819
G0 F9000 X63.67 Y100.069
G1 F3000 X60.03 Y96.429 E1388.0694
G0 F9000 X60.03 Y96.65
G0 X61.2 Y96.65
G0 X61.2 Y96.429
G1 F3000 X47.614 Y100.069 E1388.53721
G0 F9000 X48.201 Y100.07
G1 F3000 X49.177 Y96.428 E1388.66262
G0 F9000 X48.716 Y96.429
G1 F3000 X52.356 Y100.069 E1388.83383
G1 X52.342 Y100.07
G1 X53.318 Y96.428 E1388.95924
G0 F9000 X53.318 Y96.65
G0 X54.373 Y96.65
G0 X54.373 Y96.429
G1 F3000 X58.013 Y100.069 E1389.13046
G0 F9000 X58.013 Y99.85
G0 X56.483 Y99.85
G0 X56.483 Y100.069
G1 F3000 X57.459 Y96.429 E1389.2558
G0 F9000 X57.459 Y96.65
G0 X61.6 Y96.65
G0 X61.6 Y96.429
G1 F3000 X60.624 Y100.069 E1389.38114
G0 F9000 X60.624 Y99.85
G0 X64.765 Y99.85
G0 X64.765 Y100.069
G1 F3000 X65.741 Y96.428 E1389.50652
G1 X65.687 Y96.429
G1 X69.326 Y100.069 E1389.67771
G0 F9000 X68.906 Y100.07
G1 F3000 X69.882 Y96.428 E1389.80312
G0 F9000 X69.882 Y96.65
G0 X71.344 Y96.65
G0 X71.344 Y96.429
G1 F3000 X74.983 Y100.069 E1389.97431
G0 F9000 X74.983 Y99.85
G0 X73.048 Y99.85
G0 X73.048 Y100.07
G1 F3000 X74.023 Y96.428 E1390.09971
G0 F9000 X74.023 Y96.65
G0 X78.164 Y96.65
G0 X78.164 Y96.429
G1 F3000 X77.189 Y100.069 E1390.22504
G0 F9000 X77.189 Y99.85
G0 X78.523 Y99.85
G0 X78.523 Y100.069
G1 F3000 X92.109 Y96.429 E1390.69285
G0 F9000 X92.109 Y96.65
G0 X90.588 Y96.65
G0 X90.588 Y96.428
G1 F3000 X89.612 Y100.07 E1390.81826
G1 F2700 E1385.81826
G0 F9000 X89.612 Y99.85
G0 X46.699 Y99.85
G0 X46.699 Y100.069
G1 F2700 E1390.81826
G1 F3000 X43.059 Y96.429 E1390.98947
G0 F9000 X43.059 Y96.65
G0 X45.035 Y96.65
G0 X45.035 Y96.428
G1 F3000 X44.06 Y100.069 E1391.11484
G0 F9000 X44.06 Y99.85
G0 X41.042 Y99.85
G0 X41.042 Y100.069
G1 F3000 X37.403 Y96.429 E1391.28603
G0 F9000 X36.753 Y96.429
G1 F3000 X35.778 Y100.069 E1391.41137
G0 F9000 X35.68 Y99.125
G1 F3000 X45.744 Y96.429 E1391.7579
G0 F9000 X45.744 Y96.65
G0 X40.894 Y96.65
G0 X40.894 Y96.429
G1 F3000 X39.919 Y100.069 E1391.88323
G0 F9000 X39.919 Y99.55
G1 F2700 E1386.88323
G0 F9000 X184.13 Y100.33
G0 X184.13 Y101.415
G0 X184.13 Y118.585
G0 X184.13 Y119.67
G0 X184.13 Y123.38
G0 X184.4 Y123.65
;TYPE:WALL-INNER
G1 F2700 E1391.88323
G1 F1500 X184.4 Y119.85 E1392.00962
G1 X35.6 Y119.85 E1396.95873
G1 X35.6 Y123.65 E1397.08512
G1 X184.4 Y123.65 E1402.03423
G0 F9000 X184.8 Y124.05
;TYPE:WALL-OUTER
G1 F1500 X184.8 Y119.45 E1402.18722
G1 X35.2 Y119.45 E1407.16294
G1 X35.2 Y124.05 E1407.31594
G1 X184.8 Y124.05 E1412.29165
G0 F9000 X184.53 Y123.78
G0 X183.337 Y123.35
G0 X183.337 Y123.569
;TYPE:FILL
G1 F3000 X179.697 Y119.93 E1412.46284
G1 X179.536 Y119.928
G1 X178.561 Y123.569 E1412.58821
G0 F9000 X177.68 Y123.569
G1 F3000 X174.04 Y119.93 E1412.7594
G0 F9000 X174.405 Y119.929
G1 F3000 X160.823 Y123.569 E1413.22708
G1 X160.709 Y123.569
G1 X157.07 Y119.93 E1413.39825
G0 F9000 X157.07 Y120.15
G0 X158.831 Y120.15
G0 X158.831 Y119.928
G1 F3000 X157.855 Y123.569 E1413.52362
G0 F9000 X157.855 Y123.35
G0 X155.052 Y123.35
G0 X155.052 Y123.569
G1 F3000 X151.413 Y119.93 E1413.69479
G0 F9000 X150.549 Y119.928
G1 F3000 X149.573 Y123.569 E1413.82017
G1 X149.396 Y123.569
G1 X145.756 Y119.93 E1413.99136
G0 F9000 X146.407 Y119.928
G1 F3000 X145.432 Y123.569 E1414.11673
G1 X145.368 Y123.569
G1 X158.951 Y119.929 E1414.58444
G0 F9000 X158.951 Y120.15
G0 X162.727 Y120.15
G0 X162.727 Y119.93
G1 F3000 X166.366 Y123.569 E1414.75561
G0 F9000 X166.137 Y123.569
G1 F3000 X167.113 Y119.928 E1414.88098
G0 F9000 X167.113 Y120.15
G0 X168.384 Y120.15
G0 X168.384 Y119.93
G1 F3000 X172.023 Y123.569 E1415.05215
G0 F9000 X172.023 Y123.35
G0 X170.279 Y123.35
G0 X170.279 Y123.568
G1 F3000 X171.254 Y119.928 E1415.17748
G0 F9000 X171.254 Y120.15
G0 X175.395 Y120.15
G0 X175.395 Y119.928
G1 F3000 X174.42 Y123.569 E1415.30285
G0 F9000 X174.42 Y123.35
G0 X176.278 Y123.35
G0 X176.278 Y123.569
G1 F3000 X184.318 Y121.414 E1415.5797
G0 F9000 X184.1 Y121.414
G0 X183.677 Y120.15
G0 X183.677 Y119.928
G1 F3000 X182.702 Y123.569 E1415.70507
G0 F9000 X182.702 Y123.35
G0 X162.972 Y120.15
G0 X162.972 Y119.928
G1 F3000 X161.996 Y123.569 E1415.83044
G0 F9000 X161.996 Y123.35
G0 X154.69 Y120.15
G0 X154.69 Y119.928
G1 F3000 X153.714 Y123.569 E1415.95582
G0 F9000 X153.714 Y123.35
G0 X143.739 Y123.35
G0 X143.739 Y123.569
G1 F3000 X140.099 Y119.93 E1416.12701
G0 F9000 X140.099 Y120.15
G0 X138.125 Y120.15
G0 X138.125 Y119.928
G1 F3000 X137.15 Y123.569 E1416.25238
G0 F9000 X138.082 Y123.569
G1 F3000 X134.442 Y119.93 E1416.42357
G0 F9000 X133.984 Y119.928
G1 F3000 X133.008 Y123.569 E1416.54894
G0 F9000 X132.425 Y123.569
G1 F3000 X128.786 Y119.93 E1416.72011
G0 F9000 X128.042 Y119.929
G1 F3000 X114.457 Y123.569 E1417.18789
G0 F9000 X115.454 Y123.569
G1 F3000 X111.815 Y119.93 E1417.35906
G0 F9000 X112.587 Y119.929
G1 F3000 X99.002 Y123.569 E1417.82683
G0 F9000 X98.483 Y123.569
G1 F3000 X94.844 Y119.929 E1417.99802
G0 F9000 X94.844 Y120.15
G0 X96.714 Y120.15
G0 X96.714 Y119.928
G1 F3000 X95.739 Y123.569 E1418.12339
G0 F9000 X95.739 Y123.35
G0 X92.826 Y123.35
G0 X92.826 Y123.569
G1 F3000 X89.187 Y119.929 E1418.29458
G0 F9000 X88.432 Y119.928
G1 F3000 X87.457 Y123.569 E1418.41995
G0 F9000 X87.17 Y123.569
G1 F3000 X83.53 Y119.929 E1418.59116
G0 F9000 X84.291 Y119.928
G1 F3000 X83.315 Y123.569 E1418.71654
G0 F9000 X83.547 Y123.569
G1 F3000 X97.131 Y119.929 E1419.18428
G0 F9000 X97.131 Y120.15
G0 X100.501 Y120.15
G0 X100.501 Y119.929
G1 F3000 X104.14 Y123.569 E1419.35547
G1 X104.021 Y123.569
G1 X104.996 Y119.928 E1419.48084
G0 F9000 X104.996 Y120.15
G0 X106.157 Y120.15
G0 X106.157 Y119.929
G1 F3000 X109.797 Y123.569 E1419.65206
G0 F9000 X109.797 Y123.35
G0 X108.162 Y123.35
G0 X108.162 Y123.569
G1 F3000 X109.138 Y119.928 E1419.77743
G0 F9000 X109.138 Y120.15
G0 X113.279 Y120.15
G0 X113.279 Y119.928
G1 F3000 X112.303 Y123.569 E1419.90281
G0 F9000 X112.303 Y123.35
G0 X116.444 Y123.35
G0 X116.444 Y123.569
G1 F3000 X117.42 Y119.928 E1420.02818
G1 X117.472 Y119.93
G1 X121.111 Y123.569 E1420.19935
G0 F9000 X120.585 Y123.569
G1 F3000 X121.561 Y119.928 E1420.32473
G0 F9000 X121.561 Y120.15
G0 X123.129 Y120.15
G0 X123.129 Y119.93
G1 F3000 X126.768 Y123.569 E1420.49589
G0 F9000 X126.768 Y123.35
G0 X124.726 Y123.35
G0 X124.726 Y123.569
G1 F3000 X125.702 Y119.928 E1420.62127
G0 F9000 X125.702 Y120.15
G0 X129.843 Y120.15
G0 X129.843 Y119.928
G1 F3000 X128.868 Y123.569 E1420.74664
G0 F9000 X128.868 Y123.35
G0 X129.912 Y123.35
G0 X129.912 Y123.569
G1 F3000 X143.496 Y119.929 E1421.21438
G0 F9000 X143.496 Y120.15
G0 X142.266 Y120.15
G0 X142.266 Y119.928
G1 F3000 X141.291 Y123.569 E1421.33975
G1 F2700 E1416.33975
G0 F9000 X141.291 Y123.35
G0 X100.855 Y120.15
G0 X100.855 Y119.928
G1 F2700 E1421.33975
G1 F3000 X99.88 Y123.569 E1421.46511
G0 F9000 X99.88 Y123.35
G0 X92.573 Y120.15
G0 X92.573 Y119.928
G1 F3000 X91.597 Y123.569 E1421.59049
G0 F9000 X91.597 Y123.35
G0 X81.513 Y123.35
G0 X81.513 Y123.569
G1 F3000 X77.873 Y119.929 E1421.7617
G0 F9000 X77.873 Y120.15
G0 X76.009 Y120.15
G0 X76.009 Y119.928
G1 F3000 X75.033 Y123.569 E1421.88708
G0 F9000 X75.856 Y123.569
G1 F3000 X72.216 Y119.929 E1422.05829
G0 F9000 X71.868 Y119.928
G1 F3000 X70.892 Y123.569 E1422.18367
G0 F9000 X70.199 Y123.569
G1 F3000 X66.559 Y119.929 E1422.35488
G0 F9000 X66.222 Y119.929
G1 F3000 X52.636 Y123.57 E1422.8227
G0 F9000 X53.228 Y123.569
G1 F3000 X49.589 Y119.929 E1422.99389
G0 F9000 X49.589 Y120.15
G0 X50.767 Y120.15
G0 X50.767 Y119.929
G1 F3000 X37.181 Y123.57 E1423.46171
G0 F9000 X37.763 Y123.569
G1 F3000 X38.739 Y119.928 E1423.58709
G0 F9000 X38.275 Y119.929
G1 F3000 X41.915 Y123.569 E1423.7583
G1 X41.904 Y123.569
G1 X42.88 Y119.928 E1423.88368
G0 F9000 X42.88 Y120.15
G0 X43.932 Y120.15
G0 X43.932 Y119.929
G1 F3000 X47.572 Y123.569 E1424.05489
G0 F9000 X47.572 Y123.35
G0 X46.045 Y123.35
G0 X46.045 Y123.57
G1 F3000 X47.021 Y119.928 E1424.1803
G0 F9000 X47.021 Y120.15
G0 X51.162 Y120.15
G0 X51.162 Y119.928
G1 F3000 X50.186 Y123.569 E1424.30567
G0 F9000 X50.186 Y123.35
G0 X54.328 Y123.35
G0 X54.328 Y123.569
G1 F3000 X55.303 Y119.928 E1424.43104
G1 X55.246 Y119.929
G1 X58.885 Y123.569 E1424.60223
G0 F9000 X58.469 Y123.569
G1 F3000 X59.444 Y119.928 E1424.7276
G0 F9000 X59.444 Y120.15
G0 X60.903 Y120.15
G0 X60.903 Y119.929
G1 F3000 X64.542 Y123.569 E1424.89879
G0 F9000 X64.542 Y123.35
G0 X62.61 Y123.35
G0 X62.61 Y123.569
G1 F3000 X63.585 Y119.928 E1425.02416
G0 F9000 X63.585 Y120.15
G0 X67.726 Y120.15
G0 X67.726 Y119.928
G1 F3000 X66.751 Y123.57 E1425.14956
G0 F9000 X66.751 Y123.35
G0 X68.092 Y123.35
G0 X68.092 Y123.569
G1 F3000 X81.677 Y119.929 E1425.61733
G0 F9000 X81.677 Y120.15
G0 X80.15 Y120.15
G0 X80.15 Y119.928
G1 F3000 X79.174 Y123.569 E1425.74271
G1 F2700 E1420.74271
G0 F9000 X79.174 Y123.35
G0 X36.258 Y123.35
G0 X36.258 Y123.569
G1 F2700 E1425.74271
G1 F3000 X35.679 Y122.99 E1425.76994
G0 F9000 X36.2 Y122.99
G1 F2700 E1420.76994
;MESH:NONMESH
G0 F300 X36.2 Y122.99 Z3.4
G0 F9000 X184.13 Y119.67
G0 X184.13 Y118.585
G0 X184.13 Y101.415
G0 X184.13 Y100.33
G0 X184.13 Y99.88
G0 X184.4 Y100.15
;TIME_ELAPSED:2208.446144
;LAYER:16
;TYPE:WALL-INNER
;MESH:Garmin_GFC500 BOARDS SUPPORTS.stl
G1 F2700 E1425.76994
G1 F1500 X184.4 Y96.35 E1425.89633
G1 X35.6 Y96.35 E1430.84544
G1 X35.6 Y100.15 E1430.97183
G1 X184.4 Y100.15 E1435.92094
G0 F9000 X184.8 Y100.55
;TYPE:WALL-OUTER
G1 F1500 X184.8 Y95.95 E1436.07393
G1 X35.2 Y95.95 E1441.04965
G1 X35.2 Y100.55 E1441.20265
G1 X184.8 Y100.55 E1446.17836
G0 F9000 X184.53 Y100.28
G0 X182.665 Y99.85
G0 X182.665 Y100.069
;TYPE:FILL
G1 F3000 X179.026 Y96.43 E1446.34953
G0 F9000 X179.026 Y96.65
G0 X177.404 Y96.65
G0 X177.404 Y96.428
G1 F3000 X176.428 Y100.069 E1446.4749
G0 F9000 X177.008 Y100.069
G1 F3000 X173.369 Y96.43 E1446.64607
G1 X173.263 Y96.428
G1 X172.287 Y100.07 E1446.77148
G0 F9000 X171.8 Y100.069
G1 F3000 X184.319 Y96.715 E1447.20255
G0 F9000 X184.1 Y96.715
G0 X181.545 Y96.65
G0 X181.545 Y96.429
G1 F3000 X180.569 Y100.069 E1447.32789
G0 F9000 X180.569 Y99.85
G0 X171.351 Y99.85
G0 X171.351 Y100.069
G1 F3000 X167.712 Y96.43 E1447.49906
G0 F9000 X167.712 Y96.65
G0 X169.122 Y96.65
G0 X169.122 Y96.428
G1 F3000 X168.146 Y100.069 E1447.62443
G0 F9000 X168.146 Y99.85
G0 X165.694 Y99.85
G0 X165.694 Y100.069
G1 F3000 X162.055 Y96.43 E1447.7956
G0 F9000 X162.055 Y96.65
G0 X160.839 Y96.65
G0 X160.839 Y96.429
G1 F3000 X159.864 Y100.069 E1447.92094
G1 X160.038 Y100.069
G1 X156.398 Y96.43 E1448.09213
G0 F9000 X156.698 Y96.428
G1 F3000 X155.723 Y100.069 E1448.21749
G0 F9000 X156.346 Y100.069
G1 F3000 X169.931 Y96.429 E1448.68527
G0 F9000 X169.931 Y96.65
G0 X164.98 Y96.65
G0 X164.98 Y96.428
G1 F3000 X164.005 Y100.069 E1448.81064
G0 F9000 X164.005 Y99.85
G0 X154.381 Y99.85
G0 X154.381 Y100.069
G1 F3000 X150.741 Y96.43 E1448.98183
G0 F9000 X150.741 Y96.65
G0 X152.557 Y96.65
G0 X152.557 Y96.428
G1 F3000 X151.581 Y100.07 E1449.10724
G0 F9000 X151.581 Y99.85
G0 X148.724 Y99.85
G0 X148.724 Y100.069
G1 F3000 X145.084 Y96.43 E1449.27843
G0 F9000 X144.275 Y96.428
G1 F3000 X143.299 Y100.069 E1449.4038
G0 F9000 X143.067 Y100.069
G1 F3000 X139.428 Y96.43 E1449.57497
G0 F9000 X139.021 Y96.429
G1 F3000 X125.436 Y100.069 E1450.04275
G0 F9000 X126.096 Y100.069
G1 F3000 X122.457 Y96.43 E1450.21392
G0 F9000 X122.457 Y96.65
G0 X123.567 Y96.65
G0 X123.567 Y96.429
G1 F3000 X109.981 Y100.069 E1450.68173
G1 X110.17 Y100.07
G1 X111.146 Y96.428 E1450.80713
G1 X111.143 Y96.43
G1 X114.783 Y100.069 E1450.97832
G0 F9000 X114.312 Y100.069
G1 F3000 X115.287 Y96.428 E1451.10369
G0 F9000 X115.287 Y96.65
G0 X116.8 Y96.65
G0 X116.8 Y96.43
G1 F3000 X120.44 Y100.069 E1451.27488
G0 F9000 X120.44 Y99.85
G0 X118.453 Y99.85
G0 X118.453 Y100.069
G1 F3000 X119.428 Y96.429 E1451.40022
G0 F9000 X119.428 Y96.65
G0 X123.569 Y96.65
G0 X123.569 Y96.428
G1 F3000 X122.594 Y100.069 E1451.52558
G0 F9000 X122.594 Y99.85
G0 X126.735 Y99.85
G0 X126.735 Y100.069
G1 F3000 X127.711 Y96.428 E1451.65096
G0 F9000 X128.114 Y96.43
G1 F3000 X131.753 Y100.069 E1451.82213
G0 F9000 X130.876 Y100.07
G1 F3000 X131.852 Y96.428 E1451.94753
G0 F9000 X131.852 Y96.65
G0 X133.771 Y96.65
G0 X133.771 Y96.43
G1 F3000 X137.41 Y100.069 E1452.1187
G0 F9000 X137.41 Y99.85
G0 X139.158 Y99.85
G0 X139.158 Y100.069
G1 F3000 X140.134 Y96.429 E1452.24404
G0 F9000 X140.134 Y96.65
G0 X140.89 Y99.85
G0 X140.89 Y100.069
G1 F3000 X154.476 Y96.429 E1452.71185
G0 F9000 X154.476 Y96.65
G0 X148.416 Y96.65
G0 X148.416 Y96.428
G1 F3000 X147.441 Y100.069 E1452.83722
G0 F9000 X147.441 Y99.85
G0 X135.993 Y96.65
G0 X135.993 Y96.428
G1 F3000 X135.017 Y100.069 E1452.9626
G0 F9000 X135.017 Y99.85
G0 X109.125 Y99.85
G0 X109.125 Y100.069
G1 F3000 X105.486 Y96.429 E1453.13379
G0 F9000 X105.486 Y96.65
G0 X107.005 Y96.65
G0 X107.005 Y96.428
G1 F3000 X106.03 Y100.069 E1453.25915
G0 F9000 X106.03 Y99.85
G0 X103.468 Y99.85
G0 X103.468 Y100.069
G1 F3000 X99.829 Y96.429 E1453.43035
G0 F9000 X99.829 Y96.65
G0 X98.723 Y96.65
G0 X98.723 Y96.429
G1 F3000 X97.747 Y100.069 E1453.55569
G1 X97.811 Y100.069
G1 X94.172 Y96.429 E1453.72688
G0 F9000 X94.582 Y96.428
G1 F3000 X93.606 Y100.069 E1453.85226
G0 F9000 X94.526 Y100.069
G1 F3000 X108.112 Y96.429 E1454.32006
G0 F9000 X108.112 Y96.65
G0 X102.864 Y96.65
G0 X102.864 Y96.428
G1 F3000 X101.888 Y100.069 E1454.44544
G0 F9000 X101.888 Y99.85
G0 X92.155 Y99.85
G0 X92.155 Y100.069
G1 F3000 X88.515 Y96.429 E1454.61665
G0 F9000 X88.515 Y96.65
G0 X90.441 Y96.65
G0 X90.441 Y96.428
G1 F3000 X89.465 Y100.07 E1454.74206
G0 F9000 X89.465 Y99.85
G0 X86.498 Y99.85
G0 X86.498 Y100.069
G1 F3000 X82.858 Y96.429 E1454.91328
G0 F9000 X82.158 Y96.429
G1 F3000 X81.183 Y100.069 E1455.03861
G0 F9000 X80.841 Y100.069
G1 F3000 X77.201 Y96.429 E1455.20983
G1 X77.203 Y96.429
G1 X63.617 Y100.069 E1455.67764
G0 F9000 X63.87 Y100.069
G1 F3000 X60.231 Y96.429 E1455.84883
G0 F9000 X60.231 Y96.65
G0 X61.453 Y96.65
G0 X61.453 Y96.429
G1 F3000 X60.477 Y100.069 E1455.97417
G0 F9000 X60.477 Y99.85
G0 X58.213 Y99.85
G0 X58.213 Y100.069
G1 F3000 X54.574 Y96.429 E1456.14536
G0 F9000 X54.574 Y96.65
G0 X53.171 Y96.65
G0 X53.171 Y96.428
G1 F3000 X52.195 Y100.069 E1456.27074
G0 F9000 X52.557 Y100.069
G1 F3000 X48.917 Y96.429 E1456.44195
G1 X49.03 Y96.428
G1 X48.054 Y100.07 E1456.56736
G1 X48.162 Y100.069
G1 X61.748 Y96.428 E1457.03518
G0 F9000 X61.748 Y96.65
G0 X65.594 Y96.65
G0 X65.594 Y96.428
G1 F3000 X64.618 Y100.069 E1457.16055
G0 F9000 X64.618 Y99.85
G0 X65.888 Y96.65
G0 X65.888 Y96.429
G1 F3000 X69.527 Y100.069 E1457.33174
G0 F9000 X68.759 Y100.07
G1 F3000 X69.735 Y96.428 E1457.45715
G0 F9000 X69.735 Y96.65
G0 X71.545 Y96.65
G0 X71.545 Y96.429
G1 F3000 X75.184 Y100.069 E1457.62834
G0 F9000 X75.184 Y99.85
G0 X77.042 Y99.85
G0 X77.042 Y100.069
G1 F3000 X78.017 Y96.429 E1457.75368
G0 F9000 X78.017 Y96.65
G0 X79.072 Y99.85
G0 X79.072 Y100.069
G1 F3000 X92.657 Y96.429 E1458.22145
G0 F9000 X92.657 Y96.65
G0 X86.299 Y96.65
G0 X86.299 Y96.428
G1 F3000 X85.324 Y100.069 E1458.34682
G0 F9000 X85.324 Y99.85
G0 X73.876 Y96.65
G0 X73.876 Y96.428
G1 F3000 X72.901 Y100.069 E1458.47219
G0 F9000 X72.901 Y99.85
G0 X57.312 Y96.65
G0 X57.312 Y96.429
G1 F3000 X56.336 Y100.069 E1458.59753
G0 F9000 X56.336 Y99.85
G0 X46.9 Y99.85
G0 X46.9 Y100.069
G1 F3000 X43.26 Y96.429 E1458.76875
G0 F9000 X43.26 Y96.65
G0 X44.888 Y96.65
G0 X44.888 Y96.428
G1 F3000 X43.913 Y100.069 E1458.89411
G0 F9000 X43.913 Y99.85
G0 X41.243 Y99.85
G0 X41.243 Y100.069
G1 F3000 X37.603 Y96.429 E1459.06533
G0 F9000 X36.606 Y96.429
G1 F3000 X35.68 Y99.887 E1459.18439
G0 F9000 X35.68 Y99.272
G1 F3000 X46.293 Y96.429 E1459.54983
G0 F9000 X46.293 Y96.65
G0 X40.747 Y96.65
G0 X40.747 Y96.429
G1 F3000 X39.772 Y100.069 E1459.67516
G0 F9000 X39.772 Y99.55
G1 F2700 E1454.67516
G0 F9000 X184.13 Y100.33
G0 X184.13 Y101.415
G0 X184.13 Y118.585
G0 X184.13 Y119.67
G0 X184.13 Y123.38
G0 X184.4 Y123.65
;TYPE:WALL-INNER
G1 F2700 E1459.67516
G1 F1500 X184.4 Y119.85 E1459.80155
G1 X35.6 Y119.85 E1464.75066
G1 X35.6 Y123.65 E1464.87705
G1 X184.4 Y123.65 E1469.82616
G0 F9000 X184.8 Y124.05
;TYPE:WALL-OUTER
G1 F1500 X184.8 Y119.45 E1469.97915
G1 X35.2 Y119.45 E1474.95487
G1 X35.2 Y124.05 E1475.10787
G1 X184.8 Y124.05 E1480.08358
G0 F9000 X184.53 Y123.78
G0 X183.538 Y123.35
G0 X183.538 Y123.569
;TYPE:FILL
G1 F3000 X179.898 Y119.93 E1480.25477
G0 F9000 X179.389 Y119.927
G1 F3000 X178.414 Y123.569 E1480.38017
G0 F9000 X177.881 Y123.569
G1 F3000 X174.241 Y119.93 E1480.55136
G0 F9000 X174.954 Y119.929
G1 F3000 X161.371 Y123.569 E1481.01908
G0 F9000 X160.91 Y123.569
G1 F3000 X157.271 Y119.93 E1481.19024
G0 F9000 X157.271 Y120.15
G0 X158.684 Y120.15
G0 X158.684 Y119.927
G1 F3000 X157.708 Y123.569 E1481.31565
G0 F9000 X157.708 Y123.35
G0 X155.253 Y123.35
G0 X155.253 Y123.569
G1 F3000 X151.614 Y119.93 E1481.48682
G0 F9000 X151.614 Y120.15
G0 X150.402 Y120.15
G0 X150.402 Y119.928
G1 F3000 X149.426 Y123.569 E1481.61219
G1 X149.596 Y123.569
G1 X145.957 Y119.93 E1481.78336
G0 F9000 X146.26 Y119.928
G1 F3000 X145.285 Y123.569 E1481.90873
G0 F9000 X145.917 Y123.569
G1 F3000 X159.499 Y119.929 E1482.37641
G0 F9000 X159.499 Y120.15
G0 X162.825 Y120.15
G0 X162.825 Y119.928
G1 F3000 X161.849 Y123.569 E1482.50178
G0 F9000 X161.849 Y123.35
G0 X162.928 Y120.15
G0 X162.928 Y119.93
G1 F3000 X166.567 Y123.569 E1482.67295
G0 F9000 X165.99 Y123.569
G1 F3000 X166.966 Y119.928 E1482.79833
G0 F9000 X166.966 Y120.15
G0 X168.584 Y120.15
G0 X168.584 Y119.93
G1 F3000 X172.224 Y123.569 E1482.96952
G0 F9000 X172.224 Y123.35
G0 X174.273 Y123.35
G0 X174.273 Y123.569
G1 F3000 X175.248 Y119.928 E1483.09488
G0 F9000 X175.248 Y120.15
G0 X176.827 Y123.35
G0 X176.827 Y123.569
G1 F3000 X184.319 Y121.561 E1483.35286
G0 F9000 X184.1 Y121.561
G0 X183.53 Y120.15
G0 X183.53 Y119.928
G1 F3000 X182.555 Y123.569 E1483.47823
G0 F9000 X182.555 Y123.35
G0 X171.107 Y120.15
G0 X171.107 Y119.928
G1 F3000 X170.132 Y123.568 E1483.60357
G0 F9000 X170.132 Y123.35
G0 X154.543 Y120.15
G0 X154.543 Y119.928
G1 F3000 X153.567 Y123.569 E1483.72894
G0 F9000 X153.567 Y123.35
G0 X143.94 Y123.35
G0 X143.94 Y123.569
G1 F3000 X140.3 Y119.93 E1483.90013
G0 F9000 X140.3 Y120.15
G0 X142.119 Y120.15
G0 X142.119 Y119.928
G1 F3000 X141.144 Y123.569 E1484.0255
G0 F9000 X141.144 Y123.35
G0 X138.283 Y123.35
G0 X138.283 Y123.569
G1 F3000 X134.643 Y119.93 E1484.19669
G0 F9000 X133.837 Y119.928
G1 F3000 X132.861 Y123.569 E1484.32207
G0 F9000 X132.626 Y123.569
G1 F3000 X128.986 Y119.93 E1484.49326
G0 F9000 X128.59 Y119.929
G1 F3000 X115.005 Y123.569 E1484.96103
G0 F9000 X115.655 Y123.569
G1 F3000 X112.016 Y119.93 E1485.1322
G0 F9000 X112.016 Y120.15
G0 X113.132 Y120.15
G0 X113.132 Y119.928
G1 F3000 X112.156 Y123.569 E1485.25758
G0 F9000 X112.156 Y123.35
G0 X109.998 Y123.35
G0 X109.998 Y123.569
G1 F3000 X106.358 Y119.929 E1485.42879
G0 F9000 X106.358 Y120.15
G0 X104.849 Y120.15
G0 X104.849 Y119.928
G1 F3000 X103.874 Y123.569 E1485.55416
G0 F9000 X104.341 Y123.569
G1 F3000 X100.701 Y119.929 E1485.72537
G1 X100.708 Y119.928
G1 X99.733 Y123.569 E1485.85074
G1 X99.551 Y123.569
G1 X113.136 Y119.929 E1486.31852
G0 F9000 X113.136 Y120.15
G0 X117.273 Y120.15
G0 X117.273 Y119.928
G1 F3000 X116.297 Y123.569 E1486.44389
G0 F9000 X116.297 Y123.35
G0 X117.673 Y120.15
G0 X117.673 Y119.93
G1 F3000 X121.312 Y123.569 E1486.61506
G0 F9000 X120.438 Y123.569
G1 F3000 X121.414 Y119.928 E1486.74044
G0 F9000 X121.414 Y120.15
G0 X123.33 Y120.15
G0 X123.33 Y119.93
G1 F3000 X126.969 Y123.569 E1486.9116
G0 F9000 X126.969 Y123.35
G0 X128.72 Y123.35
G0 X128.72 Y123.569
G1 F3000 X129.696 Y119.928 E1487.03698
G0 F9000 X129.696 Y120.15
G0 X130.461 Y123.35
G0 X130.461 Y123.569
G1 F3000 X144.045 Y119.929 E1487.50472
G0 F9000 X144.045 Y120.15
G0 X137.978 Y120.15
G0 X137.978 Y119.928
G1 F3000 X137.003 Y123.569 E1487.63009
G0 F9000 X137.003 Y123.35
G0 X125.555 Y120.15
G0 X125.555 Y119.928
G1 F3000 X124.579 Y123.569 E1487.75547
G0 F9000 X124.579 Y123.35
G0 X108.991 Y120.15
G0 X108.991 Y119.928
G1 F3000 X108.015 Y123.569 E1487.88084
G0 F9000 X108.015 Y123.35
G0 X98.684 Y123.35
G0 X98.684 Y123.569
G1 F3000 X95.045 Y119.929 E1488.05203
G0 F9000 X95.045 Y120.15
G0 X96.567 Y120.15
G0 X96.567 Y119.929
G1 F3000 X95.592 Y123.569 E1488.17737
G0 F9000 X95.592 Y123.35
G0 X93.027 Y123.35
G0 X93.027 Y123.569
G1 F3000 X89.388 Y119.929 E1488.34856
G0 F9000 X89.388 Y120.15
G0 X88.285 Y120.15
G0 X88.285 Y119.928
G1 F3000 X87.309 Y123.569 E1488.47393
G1 X87.37 Y123.569
G1 X83.731 Y119.929 E1488.64512
G0 F9000 X84.144 Y119.928
G1 F3000 X83.168 Y123.569 E1488.7705
G0 F9000 X84.095 Y123.569
G1 F3000 X97.68 Y119.929 E1489.23828
G0 F9000 X97.68 Y120.15
G0 X92.426 Y120.15
G0 X92.426 Y119.928
G1 F3000 X91.45 Y123.569 E1489.36365
G0 F9000 X91.45 Y123.35
G0 X81.713 Y123.35
G0 X81.713 Y123.569
G1 F3000 X78.074 Y119.929 E1489.53484
G0 F9000 X78.074 Y120.15
G0 X80.003 Y120.15
G0 X80.003 Y119.928
G1 F3000 X79.027 Y123.569 E1489.66022
G0 F9000 X79.027 Y123.35
G0 X76.057 Y123.35
G0 X76.057 Y123.569
G1 F3000 X72.417 Y119.929 E1489.83143
G0 F9000 X71.721 Y119.928
G1 F3000 X70.745 Y123.569 E1489.95681
G0 F9000 X70.4 Y123.569
G1 F3000 X66.76 Y119.929 E1490.12802
G1 X66.771 Y119.929
G1 X53.185 Y123.57 E1490.59584
G0 F9000 X53.429 Y123.569
G1 F3000 X49.79 Y119.929 E1490.76703
G0 F9000 X49.79 Y120.15
G0 X51.015 Y120.15
G0 X51.015 Y119.928
G1 F3000 X50.039 Y123.569 E1490.89241
G0 F9000 X50.039 Y123.35
G0 X47.772 Y123.35
G0 X47.772 Y123.569
G1 F3000 X44.133 Y119.929 E1491.0636
G0 F9000 X44.133 Y120.15
G0 X42.733 Y120.15
G0 X42.733 Y119.928
G1 F3000 X41.757 Y123.569 E1491.18898
G0 F9000 X42.115 Y123.569
G1 F3000 X38.476 Y119.929 E1491.36017
G1 X38.592 Y119.928
G1 X37.616 Y123.569 E1491.48554
G1 X37.729 Y123.57
G1 X51.316 Y119.929 E1491.95339
G0 F9000 X51.316 Y120.15
G0 X55.156 Y120.15
G0 X55.156 Y119.929
G1 F3000 X54.181 Y123.569 E1492.07873
G0 F9000 X54.181 Y123.35
G0 X55.447 Y120.15
G0 X55.447 Y119.929
G1 F3000 X59.086 Y123.569 E1492.24992
G0 F9000 X58.322 Y123.569
G1 F3000 X59.297 Y119.928 E1492.37528
G0 F9000 X59.297 Y120.15
G0 X61.103 Y120.15
G0 X61.103 Y119.929
G1 F3000 X64.743 Y123.569 E1492.5465
G0 F9000 X64.743 Y123.35
G0 X66.604 Y123.35
G0 X66.604 Y123.569
G1 F3000 X67.579 Y119.928 E1492.67187
G0 F9000 X67.579 Y120.15
G0 X68.641 Y123.35
G0 X68.641 Y123.569
G1 F3000 X82.225 Y119.929 E1493.13961
G0 F9000 X82.225 Y120.15
G0 X75.862 Y120.15
G0 X75.862 Y119.929
G1 F3000 X74.886 Y123.569 E1493.26495
G0 F9000 X74.886 Y123.35
G0 X63.438 Y120.15
G0 X63.438 Y119.928
G1 F3000 X62.463 Y123.569 E1493.39032
G0 F9000 X62.463 Y123.35
G0 X46.874 Y120.15
G0 X46.874 Y119.928
G1 F3000 X45.898 Y123.57 E1493.51573
G0 F9000 X45.898 Y123.35
G0 X36.459 Y123.35
G0 X36.459 Y123.569
G1 F3000 X35.679 Y122.789 E1493.55242
G0 F9000 X35.9 Y122.789
G0 X35.87 Y120.12
G0 X35.68 Y119.978
G1 F3000 X35.862 Y119.929 E1493.55869
G0 F9000 X36.2 Y120.45
G1 F2700 E1488.55869
;MESH:NONMESH
G0 F300 X36.2 Y120.45 Z3.6
G0 F9000 X184.13 Y119.67
G0 X184.13 Y118.585
G0 X184.13 Y101.415
G0 X184.13 Y100.33
G0 X184.13 Y99.88
G0 X184.4 Y100.15
;TIME_ELAPSED:2309.514443
;LAYER:17
;TYPE:WALL-INNER
;MESH:Garmin_GFC500 BOARDS SUPPORTS.stl
G1 F2700 E1493.55869
G1 F1500 X184.4 Y96.35 E1493.68508
G1 X35.6 Y96.35 E1498.63418
G1 X35.6 Y100.15 E1498.76057
G1 X184.4 Y100.15 E1503.70968
G0 F9000 X184.8 Y100.55
;TYPE:WALL-OUTER
G1 F1500 X184.8 Y95.95 E1503.86268
G1 X35.2 Y95.95 E1508.83839
G1 X35.2 Y100.55 E1508.99139
G1 X184.8 Y100.55 E1513.96711
G0 F9000 X184.53 Y100.28
G0 X182.864 Y99.85
G0 X182.864 Y100.069
;TYPE:FILL
G1 F3000 X179.225 Y96.43 E1514.13827
G0 F9000 X179.225 Y96.65
G0 X177.258 Y96.65
G0 X177.258 Y96.428
G1 F3000 X176.282 Y100.07 E1514.26368
G0 F9000 X177.208 Y100.069
G1 F3000 X173.568 Y96.43 E1514.43487
G0 F9000 X173.117 Y96.428
G1 F3000 X172.141 Y100.069 E1514.56025
G0 F9000 X172.345 Y100.069
G1 F3000 X184.319 Y96.861 E1514.97255
G0 F9000 X184.1 Y96.861
G0 X181.399 Y96.65
G0 X181.399 Y96.428
G1 F3000 X180.423 Y100.069 E1515.09792
G0 F9000 X180.423 Y99.85
G0 X171.551 Y99.85
G0 X171.551 Y100.069
G1 F3000 X167.911 Y96.43 E1515.26912
G0 F9000 X167.911 Y96.65
G0 X168.976 Y96.65
G0 X168.976 Y96.428
G1 F3000 X168 Y100.069 E1515.39449
G0 F9000 X168 Y99.85
G0 X165.894 Y99.85
G0 X165.894 Y100.069
G1 F3000 X162.254 Y96.43 E1515.56568
G0 F9000 X162.254 Y96.65
G0 X160.694 Y96.65
G0 X160.694 Y96.428
G1 F3000 X159.718 Y100.069 E1515.69106
G0 F9000 X160.237 Y100.069
G1 F3000 X156.597 Y96.43 E1515.86225
G1 X156.552 Y96.428
G1 X155.577 Y100.07 E1515.98765
G0 F9000 X154.58 Y100.069
G1 F3000 X150.941 Y96.43 E1516.15881
G0 F9000 X150.941 Y96.65
G0 X152.411 Y96.65
G0 X152.411 Y96.428
G1 F3000 X151.436 Y100.069 E1516.28418
G0 F9000 X151.436 Y99.85
G0 X148.923 Y99.85
G0 X148.923 Y100.069
G1 F3000 X145.284 Y96.43 E1516.45535
G0 F9000 X145.284 Y96.65
G0 X144.129 Y96.65
G0 X144.129 Y96.429
G1 F3000 X143.153 Y100.069 E1516.58069
G1 X143.266 Y100.069
G1 X139.627 Y96.43 E1516.75186
G1 X139.566 Y96.429
G1 X125.981 Y100.069 E1517.21964
G0 F9000 X126.296 Y100.069
G1 F3000 X122.656 Y96.43 E1517.39083
G0 F9000 X123.423 Y96.429
G1 F3000 X122.448 Y100.069 E1517.51616
G0 F9000 X122.448 Y99.85
G0 X120.639 Y99.85
G0 X120.639 Y100.069
G1 F3000 X117 Y96.43 E1517.68733
G0 F9000 X117 Y96.65
G0 X115.141 Y96.65
G0 X115.141 Y96.428
G1 F3000 X114.166 Y100.07 E1517.81273
G0 F9000 X114.982 Y100.069
G1 F3000 X111.343 Y96.43 E1517.9839
G0 F9000 X111 Y96.428
G1 F3000 X110.025 Y100.069 E1518.10926
G0 F9000 X110.525 Y100.069
G1 F3000 X124.111 Y96.429 E1518.57707
G0 F9000 X124.111 Y96.65
G0 X127.565 Y96.65
G0 X127.565 Y96.428
G1 F3000 X126.589 Y100.069 E1518.70245
G0 F9000 X126.589 Y99.85
G0 X128.313 Y96.65
G0 X128.313 Y96.43
G1 F3000 X131.953 Y100.069 E1518.87364
G0 F9000 X131.953 Y99.85
G0 X130.73 Y99.85
G0 X130.73 Y100.069
G1 F3000 X131.706 Y96.428 E1518.99902
G0 F9000 X131.706 Y96.65
G0 X133.97 Y96.65
G0 X133.97 Y96.43
G1 F3000 X137.61 Y100.069 E1519.17021
G0 F9000 X137.61 Y99.85
G0 X139.012 Y99.85
G0 X139.012 Y100.069
G1 F3000 X139.988 Y96.428 E1519.29558
G0 F9000 X139.988 Y96.65
G0 X141.436 Y99.85
G0 X141.436 Y100.069
G1 F3000 X155.021 Y96.429 E1519.76336
G0 F9000 X155.021 Y96.65
G0 X156.89 Y99.85
G0 X156.89 Y100.069
G1 F3000 X170.476 Y96.429 E1520.23117
G0 F9000 X170.476 Y96.65
G0 X164.834 Y96.65
G0 X164.834 Y96.429
G1 F3000 X163.859 Y100.069 E1520.3565
G0 F9000 X163.859 Y99.85
G0 X148.27 Y96.65
G0 X148.27 Y96.428
G1 F3000 X147.295 Y100.069 E1520.48187
G0 F9000 X147.295 Y99.85
G0 X135.847 Y96.65
G0 X135.847 Y96.428
G1 F3000 X134.871 Y100.07 E1520.60728
G0 F9000 X134.871 Y99.85
G0 X119.282 Y96.65
G0 X119.282 Y96.428
G1 F3000 X118.307 Y100.069 E1520.73264
G0 F9000 X118.307 Y99.85
G0 X109.325 Y99.85
G0 X109.325 Y100.069
G1 F3000 X105.685 Y96.429 E1520.90386
G0 F9000 X105.685 Y96.65
G0 X106.859 Y96.65
G0 X106.859 Y96.429
G1 F3000 X105.883 Y100.069 E1521.0292
G0 F9000 X105.883 Y99.85
G0 X103.668 Y99.85
G0 X103.668 Y100.069
G1 F3000 X100.028 Y96.429 E1521.20042
G0 F9000 X100.028 Y96.65
G0 X98.577 Y96.65
G0 X98.577 Y96.428
G1 F3000 X97.601 Y100.069 E1521.32579
G0 F9000 X98.011 Y100.069
G1 F3000 X94.371 Y96.429 E1521.49701
G1 X94.436 Y96.428
G1 X93.46 Y100.07 E1521.62241
G0 F9000 X93.46 Y99.85
G0 X92.354 Y99.85
G0 X92.354 Y100.069
G1 F3000 X88.715 Y96.429 E1521.79361
G0 F9000 X88.715 Y96.65
G0 X90.295 Y96.65
G0 X90.295 Y96.428
G1 F3000 X89.319 Y100.069 E1521.91898
G0 F9000 X89.319 Y99.85
G0 X86.697 Y99.85
G0 X86.697 Y100.069
G1 F3000 X83.058 Y96.429 E1522.09017
G0 F9000 X83.058 Y96.65
G0 X82.012 Y96.65
G0 X82.012 Y96.429
G1 F3000 X81.037 Y100.069 E1522.21551
G1 X81.04 Y100.069
G1 X77.401 Y96.429 E1522.3867
G0 F9000 X77.747 Y96.429
G1 F3000 X64.162 Y100.069 E1522.85447
G1 X64.07 Y100.069
G1 X60.43 Y96.429 E1523.02569
G0 F9000 X61.307 Y96.429
G1 F3000 X60.331 Y100.069 E1523.15103
G0 F9000 X60.331 Y99.85
G0 X58.413 Y99.85
G0 X58.413 Y100.069
G1 F3000 X54.773 Y96.429 E1523.32225
G0 F9000 X54.773 Y96.65
G0 X53.025 Y96.65
G0 X53.025 Y96.428
G1 F3000 X52.049 Y100.07 E1523.44765
G0 F9000 X52.756 Y100.069
G1 F3000 X49.117 Y96.429 E1523.61885
G0 F9000 X48.884 Y96.428
G1 F3000 X47.908 Y100.069 E1523.74422
G0 F9000 X48.707 Y100.069
G1 F3000 X62.293 Y96.429 E1524.21203
G0 F9000 X62.293 Y96.65
G0 X65.448 Y96.65
G0 X65.448 Y96.429
G1 F3000 X64.472 Y100.069 E1524.33737
G0 F9000 X64.472 Y99.85
G0 X66.087 Y96.65
G0 X66.087 Y96.429
G1 F3000 X69.727 Y100.069 E1524.50859
G0 F9000 X69.727 Y99.85
G0 X68.614 Y99.85
G0 X68.614 Y100.069
G1 F3000 X69.589 Y96.428 E1524.63396
G0 F9000 X69.589 Y96.65
G0 X71.744 Y96.65
G0 X71.744 Y96.429
G1 F3000 X75.383 Y100.069 E1524.80515
G0 F9000 X75.383 Y99.85
G0 X76.896 Y99.85
G0 X76.896 Y100.069
G1 F3000 X77.871 Y96.428 E1524.93051
G0 F9000 X77.871 Y96.65
G0 X79.616 Y99.85
G0 X79.616 Y100.069
G1 F3000 X93.202 Y96.429 E1525.39832
G0 F9000 X93.202 Y96.65
G0 X95.071 Y99.85
G0 X95.071 Y100.069
G1 F3000 X108.657 Y96.429 E1525.86613
G0 F9000 X108.657 Y96.65
G0 X102.718 Y96.65
G0 X102.718 Y96.429
G1 F3000 X101.742 Y100.069 E1525.99148
G0 F9000 X101.742 Y99.85
G0 X86.153 Y96.65
G0 X86.153 Y96.429
G1 F3000 X85.178 Y100.069 E1526.11681
G0 F9000 X85.178 Y99.85
G0 X73.73 Y96.65
G0 X73.73 Y96.428
G1 F3000 X72.754 Y100.07 E1526.24222
G0 F9000 X72.754 Y99.85
G0 X57.166 Y96.65
G0 X57.166 Y96.428
G1 F3000 X56.19 Y100.07 E1526.36763
G0 F9000 X56.19 Y99.85
G0 X47.099 Y99.85
G0 X47.099 Y100.069
G1 F3000 X43.46 Y96.429 E1526.53882
G0 F9000 X43.46 Y96.65
G0 X44.742 Y96.65
G0 X44.742 Y96.429
G1 F3000 X43.767 Y100.069 E1526.66415
G0 F9000 X43.767 Y99.85
G0 X41.442 Y99.85
G0 X41.442 Y100.069
G1 F3000 X37.803 Y96.429 E1526.83534
G0 F9000 X37.803 Y96.65
G0 X36.46 Y96.65
G0 X36.46 Y96.428
G1 F3000 X35.679 Y99.342 E1526.93568
G1 X35.68 Y99.418
G1 X46.838 Y96.429 E1527.31988
G0 F9000 X46.838 Y96.65
G0 X40.601 Y96.65
G0 X40.601 Y96.429
G1 F3000 X39.626 Y100.069 E1527.44522
G0 F9000 X39.626 Y99.85
G0 X35.87 Y99.88
G0 X35.785 Y100.069
G1 F3000 X35.679 Y99.962 E1527.45023
G0 F9000 X36.082 Y99.55
G1 F2700 E1522.45023
G0 F9000 X184.13 Y100.33
G0 X184.13 Y101.415
G0 X184.13 Y118.585
G0 X184.13 Y119.67
G0 X184.13 Y123.38
G0 X184.4 Y123.65
;TYPE:WALL-INNER
G1 F2700 E1527.45023
G1 F1500 X184.4 Y119.85 E1527.57662
G1 X35.6 Y119.85 E1532.52573
G1 X35.6 Y123.65 E1532.65211
G1 X184.4 Y123.65 E1537.60122
G0 F9000 X184.8 Y124.05
;TYPE:WALL-OUTER
G1 F1500 X184.8 Y119.45 E1537.75422
G1 X35.2 Y119.45 E1542.72993
G1 X35.2 Y124.05 E1542.88293
G1 X184.8 Y124.05 E1547.85865
G0 F9000 X184.53 Y123.78
G0 X183.737 Y123.35
G0 X183.737 Y123.569
;TYPE:FILL
G1 F3000 X180.097 Y119.93 E1548.02984
G0 F9000 X179.243 Y119.928
G1 F3000 X178.268 Y123.569 E1548.15521
G1 X178.08 Y123.569
G1 X174.441 Y119.93 E1548.32637
G0 F9000 X175.102 Y119.928
G1 F3000 X174.127 Y123.568 E1548.45171
G0 F9000 X174.127 Y123.35
G0 X172.423 Y123.35
G0 X172.423 Y123.569
G1 F3000 X168.784 Y119.93 E1548.62288
G0 F9000 X168.784 Y120.15
G0 X166.82 Y120.15
G0 X166.82 Y119.928
G1 F3000 X165.844 Y123.569 E1548.74825
G0 F9000 X166.766 Y123.569
G1 F3000 X163.127 Y119.93 E1548.91942
G0 F9000 X162.679 Y119.928
G1 F3000 X161.703 Y123.569 E1549.04479
G0 F9000 X161.916 Y123.569
G1 F3000 X175.499 Y119.929 E1549.51251
G0 F9000 X175.499 Y120.15
G0 X177.371 Y123.35
G0 X177.371 Y123.569
G1 F3000 X184.318 Y121.707 E1549.75172
G0 F9000 X184.1 Y121.707
G0 X183.385 Y120.15
G0 X183.385 Y119.927
G1 F3000 X182.409 Y123.569 E1549.87713
G0 F9000 X182.409 Y123.35
G0 X170.961 Y120.15
G0 X170.961 Y119.928
G1 F3000 X169.986 Y123.569 E1550.00249
G0 F9000 X169.986 Y123.35
G0 X161.11 Y123.35
G0 X161.11 Y123.569
G1 F3000 X157.47 Y119.93 E1550.17369
G0 F9000 X157.47 Y120.15
G0 X158.538 Y120.15
G0 X158.538 Y119.928
G1 F3000 X157.562 Y123.569 E1550.29906
G0 F9000 X157.562 Y123.35
G0 X155.453 Y123.35
G0 X155.453 Y123.569
G1 F3000 X151.813 Y119.93 E1550.47025
G0 F9000 X151.813 Y120.15
G0 X150.256 Y120.15
G0 X150.256 Y119.928
G1 F3000 X149.28 Y123.569 E1550.59563
G0 F9000 X149.796 Y123.569
G1 F3000 X146.156 Y119.93 E1550.76682
G1 X146.114 Y119.928
G1 X145.139 Y123.569 E1550.89219
G0 F9000 X144.139 Y123.569
G1 F3000 X140.499 Y119.93 E1551.06338
G0 F9000 X140.499 Y120.15
G0 X141.973 Y120.15
G0 X141.973 Y119.928
G1 F3000 X140.998 Y123.569 E1551.18874
G0 F9000 X140.998 Y123.35
G0 X138.482 Y123.35
G0 X138.482 Y123.569
G1 F3000 X134.843 Y119.93 E1551.35991
G0 F9000 X134.843 Y120.15
G0 X133.691 Y120.15
G0 X133.691 Y119.928
G1 F3000 X132.716 Y123.568 E1551.48525
G1 X132.825 Y123.569
G1 X129.186 Y119.93 E1551.65641
G1 X129.135 Y119.929
G1 X115.551 Y123.569 E1552.12416
G0 F9000 X115.855 Y123.569
G1 F3000 X112.215 Y119.93 E1552.29535
G0 F9000 X112.986 Y119.928
G1 F3000 X112.01 Y123.569 E1552.42072
G0 F9000 X112.01 Y123.35
G0 X110.198 Y123.35
G0 X110.198 Y123.569
G1 F3000 X106.558 Y119.929 E1552.59194
G0 F9000 X106.558 Y120.15
G0 X104.703 Y120.15
G0 X104.703 Y119.928
G1 F3000 X103.728 Y123.569 E1552.71731
G0 F9000 X104.54 Y123.569
G1 F3000 X100.901 Y119.929 E1552.8885
G0 F9000 X100.562 Y119.929
G1 F3000 X99.587 Y123.569 E1553.01383
G0 F9000 X100.095 Y123.569
G1 F3000 X113.68 Y119.929 E1553.48161
G0 F9000 X113.68 Y120.15
G0 X117.127 Y120.15
G0 X117.127 Y119.928
G1 F3000 X116.151 Y123.569 E1553.60698
G0 F9000 X116.151 Y123.35
G0 X117.872 Y120.15
G0 X117.872 Y119.93
G1 F3000 X121.512 Y123.569 E1553.77818
G0 F9000 X121.512 Y123.35
G0 X120.292 Y123.35
G0 X120.292 Y123.569
G1 F3000 X121.268 Y119.928 E1553.90355
G0 F9000 X121.268 Y120.15
G0 X123.529 Y120.15
G0 X123.529 Y119.93
G1 F3000 X127.168 Y123.569 E1554.07472
G0 F9000 X127.168 Y123.35
G0 X128.575 Y123.35
G0 X128.575 Y123.569
G1 F3000 X129.55 Y119.928 E1554.20009
G0 F9000 X129.55 Y120.15
G0 X131.006 Y123.35
G0 X131.006 Y123.569
G1 F3000 X144.589 Y119.929 E1554.6678
G0 F9000 X144.589 Y120.15
G0 X146.461 Y123.35
G0 X146.461 Y123.569
G1 F3000 X160.044 Y119.929 E1555.13551
G0 F9000 X160.044 Y120.15
G0 X154.397 Y120.15
G0 X154.397 Y119.928
G1 F3000 X153.421 Y123.568 E1555.26085
G0 F9000 X153.421 Y123.35
G0 X137.832 Y120.15
G0 X137.832 Y119.928
G1 F3000 X136.857 Y123.569 E1555.38622
G0 F9000 X136.857 Y123.35
G0 X125.409 Y120.15
G0 X125.409 Y119.928
G1 F3000 X124.433 Y123.569 E1555.5116
G0 F9000 X124.433 Y123.35
G0 X108.844 Y120.15
G0 X108.844 Y119.928
G1 F3000 X107.869 Y123.569 E1555.63696
G0 F9000 X107.869 Y123.35
G0 X98.883 Y123.35
G0 X98.883 Y123.569
G1 F3000 X95.244 Y119.929 E1555.80816
G0 F9000 X95.244 Y120.15
G0 X96.421 Y120.15
G0 X96.421 Y119.928
G1 F3000 X95.446 Y123.569 E1555.93352
G0 F9000 X95.446 Y123.35
G0 X93.227 Y123.35
G0 X93.227 Y123.569
G1 F3000 X89.587 Y119.929 E1556.10474
G0 F9000 X89.587 Y120.15
G0 X88.139 Y120.15
G0 X88.139 Y119.928
G1 F3000 X87.163 Y123.569 E1556.23011
G0 F9000 X87.57 Y123.569
G1 F3000 X83.93 Y119.929 E1556.40133
G1 X83.998 Y119.928
G1 X83.022 Y123.569 E1556.5267
G0 F9000 X83.022 Y123.35
G0 X81.913 Y123.35
G0 X81.913 Y123.569
G1 F3000 X78.273 Y119.929 E1556.69792
G0 F9000 X78.273 Y120.15
G0 X79.857 Y120.15
G0 X79.857 Y119.929
G1 F3000 X78.881 Y123.569 E1556.82326
G0 F9000 X78.881 Y123.35
G0 X76.256 Y123.35
G0 X76.256 Y123.569
G1 F3000 X72.617 Y119.929 E1556.99445
G0 F9000 X72.617 Y120.15
G0 X71.575 Y120.15
G0 X71.575 Y119.928
G1 F3000 X70.599 Y123.57 E1557.11986
G1 X70.599 Y123.569
G1 X66.96 Y119.929 E1557.29105
G0 F9000 X67.315 Y119.929
G1 F3000 X53.73 Y123.57 E1557.75884
G1 X53.629 Y123.569
G1 X49.989 Y119.929 E1557.93005
G0 F9000 X50.869 Y119.928
G1 F3000 X49.893 Y123.57 E1558.05546
G0 F9000 X49.893 Y123.35
G0 X47.972 Y123.35
G0 X47.972 Y123.569
G1 F3000 X44.332 Y119.929 E1558.22667
G0 F9000 X44.332 Y120.15
G0 X42.587 Y120.15
G0 X42.587 Y119.928
G1 F3000 X41.611 Y123.569 E1558.35205
G0 F9000 X42.315 Y123.569
G1 F3000 X38.675 Y119.929 E1558.52326
G0 F9000 X38.446 Y119.929
G1 F3000 X37.47 Y123.569 E1558.64861
G0 F9000 X38.275 Y123.57
G1 F3000 X51.861 Y119.929 E1559.11642
G0 F9000 X51.861 Y120.15
G0 X55.01 Y120.15
G0 X55.01 Y119.928
G1 F3000 X54.034 Y123.569 E1559.2418
G0 F9000 X54.034 Y123.35
G0 X55.646 Y120.15
G0 X55.646 Y119.929
G1 F3000 X59.285 Y123.569 E1559.41299
G0 F9000 X59.285 Y123.35
G0 X58.176 Y123.35
G0 X58.176 Y123.569
G1 F3000 X59.151 Y119.929 E1559.53832
G0 F9000 X59.151 Y120.15
G0 X61.303 Y120.15
G0 X61.303 Y119.929
G1 F3000 X64.942 Y123.569 E1559.70952
G0 F9000 X64.942 Y123.35
G0 X66.458 Y123.35
G0 X66.458 Y123.569
G1 F3000 X67.433 Y119.928 E1559.83488
G0 F9000 X67.433 Y120.15
G0 X69.185 Y123.35
G0 X69.185 Y123.569
G1 F3000 X82.771 Y119.929 E1560.30269
G0 F9000 X82.771 Y120.15
G0 X84.64 Y123.35
G0 X84.64 Y123.57
G1 F3000 X98.226 Y119.929 E1560.77051
G0 F9000 X98.226 Y120.15
G0 X92.28 Y120.15
G0 X92.28 Y119.928
G1 F3000 X91.304 Y123.569 E1560.89589
G0 F9000 X91.304 Y123.35
G0 X75.716 Y120.15
G0 X75.716 Y119.928
G1 F3000 X74.74 Y123.569 E1561.02126
G0 F9000 X74.74 Y123.35
G0 X63.292 Y120.15
G0 X63.292 Y119.928
G1 F3000 X62.317 Y123.569 E1561.14663
G0 F9000 X62.317 Y123.35
G0 X46.728 Y120.15
G0 X46.728 Y119.928
G1 F3000 X45.752 Y123.569 E1561.272
G0 F9000 X45.752 Y123.35
G0 X36.658 Y123.35
G0 X36.658 Y123.569
G1 F3000 X35.679 Y122.59 E1561.31805
G0 F9000 X35.9 Y122.59
G0 X35.9 Y120.124
G0 X35.68 Y120.124
G1 F3000 X36.406 Y119.929 E1561.34306
G0 F9000 X36.406 Y120.45
G1 F2700 E1556.34306
;MESH:NONMESH
G0 F300 X36.406 Y120.45 Z3.8
G0 F9000 X184.13 Y119.67
G0 X184.13 Y118.585
G0 X184.13 Y101.415
G0 X184.13 Y100.33
G0 X184.13 Y99.88
G0 X184.4 Y100.15
;TIME_ELAPSED:2411.106891
;LAYER:18
;TYPE:WALL-INNER
;MESH:Garmin_GFC500 BOARDS SUPPORTS.stl
G1 F2700 E1561.34306
G1 F1500 X184.4 Y96.35 E1561.46944
G1 X35.6 Y96.35 E1566.41855
G1 X35.6 Y100.15 E1566.54494
G1 X184.4 Y100.15 E1571.49405
G0 F9000 X184.8 Y100.55
;TYPE:WALL-OUTER
G1 F1500 X184.8 Y95.95 E1571.64704
G1 X35.2 Y95.95 E1576.62276
G1 X35.2 Y100.55 E1576.77576
G1 X184.8 Y100.55 E1581.75147
G0 F9000 X184.53 Y100.28
G0 X183.065 Y99.85
G0 X183.065 Y100.069
;TYPE:FILL
G1 F3000 X179.426 Y96.43 E1581.92264
G0 F9000 X179.426 Y96.65
G0 X181.252 Y96.65
G0 X181.252 Y96.428
G1 F3000 X180.276 Y100.069 E1582.04802
G0 F9000 X180.276 Y99.85
G0 X177.408 Y99.85
G0 X177.408 Y100.069
G1 F3000 X173.769 Y96.43 E1582.21918
G0 F9000 X172.97 Y96.428
G1 F3000 X171.994 Y100.069 E1582.34456
G0 F9000 X171.751 Y100.069
G1 F3000 X168.112 Y96.43 E1582.51573
G0 F9000 X168.829 Y96.428
G1 F3000 X167.853 Y100.069 E1582.6411
G0 F9000 X167.853 Y99.85
G0 X166.095 Y99.85
G0 X166.095 Y100.069
G1 F3000 X162.455 Y96.43 E1582.81229
G0 F9000 X162.455 Y96.65
G0 X160.547 Y96.65
G0 X160.547 Y96.428
G1 F3000 X159.571 Y100.069 E1582.93767
G0 F9000 X160.438 Y100.069
G1 F3000 X156.798 Y96.43 E1583.10886
G0 F9000 X156.405 Y96.428
G1 F3000 X155.43 Y100.07 E1583.23426
G0 F9000 X154.781 Y100.069
G1 F3000 X151.141 Y96.43 E1583.40545
G0 F9000 X151.141 Y96.65
G0 X152.264 Y96.65
G0 X152.264 Y96.428
G1 F3000 X151.289 Y100.069 E1583.53082
G0 F9000 X151.289 Y99.85
G0 X149.124 Y99.85
G0 X149.124 Y100.069
G1 F3000 X145.485 Y96.43 E1583.70198
G0 F9000 X145.485 Y96.65
G0 X143.982 Y96.65
G0 X143.982 Y96.429
G1 F3000 X143.006 Y100.069 E1583.82733
G0 F9000 X143.467 Y100.069
G1 F3000 X139.828 Y96.43 E1583.9985
G1 X139.841 Y96.428
G1 X138.865 Y100.069 E1584.12387
G0 F9000 X138.865 Y99.85
G0 X137.81 Y99.85
G0 X137.81 Y100.069
G1 F3000 X134.171 Y96.43 E1584.29504
G0 F9000 X134.171 Y96.65
G0 X135.7 Y96.65
G0 X135.7 Y96.428
G1 F3000 X134.724 Y100.07 E1584.42045
G0 F9000 X134.724 Y99.85
G0 X132.154 Y99.85
G0 X132.154 Y100.069
G1 F3000 X128.514 Y96.43 E1584.59164
G0 F9000 X128.514 Y96.65
G0 X127.418 Y96.65
G0 X127.418 Y96.428
G1 F3000 X126.442 Y100.069 E1584.71701
G1 X126.497 Y100.069
G1 X122.857 Y96.43 E1584.8882
G0 F9000 X123.276 Y96.429
G1 F3000 X122.301 Y100.069 E1585.01354
G0 F9000 X122.301 Y99.85
G0 X120.84 Y99.85
G0 X120.84 Y100.069
G1 F3000 X117.2 Y96.43 E1585.18473
G0 F9000 X117.2 Y96.65
G0 X119.135 Y96.65
G0 X119.135 Y96.428
G1 F3000 X118.16 Y100.069 E1585.3101
G0 F9000 X118.16 Y99.85
G0 X115.183 Y99.85
G0 X115.183 Y100.069
G1 F3000 X111.543 Y96.43 E1585.48129
G0 F9000 X110.853 Y96.428
G1 F3000 X109.878 Y100.069 E1585.60665
G0 F9000 X109.525 Y100.069
G1 F3000 X105.886 Y96.429 E1585.77784
G0 F9000 X106.712 Y96.428
G1 F3000 X105.736 Y100.069 E1585.90322
G0 F9000 X105.736 Y99.85
G0 X103.869 Y99.85
G0 X103.869 Y100.069
G1 F3000 X100.229 Y96.429 E1586.07443
G0 F9000 X100.229 Y96.65
G0 X98.43 Y96.65
G0 X98.43 Y96.428
G1 F3000 X97.454 Y100.069 E1586.19981
G0 F9000 X98.212 Y100.069
G1 F3000 X94.572 Y96.429 E1586.37102
G0 F9000 X94.289 Y96.428
G1 F3000 X93.313 Y100.07 E1586.49643
G0 F9000 X92.555 Y100.069
G1 F3000 X88.915 Y96.429 E1586.66765
G0 F9000 X88.915 Y96.65
G0 X90.148 Y96.65
G0 X90.148 Y96.428
G1 F3000 X89.172 Y100.069 E1586.79302
G0 F9000 X89.172 Y99.85
G0 X86.898 Y99.85
G0 X86.898 Y100.069
G1 F3000 X83.258 Y96.429 E1586.96424
G0 F9000 X83.258 Y96.65
G0 X81.865 Y96.65
G0 X81.865 Y96.429
G1 F3000 X80.89 Y100.069 E1587.08957
G0 F9000 X81.241 Y100.069
G1 F3000 X77.602 Y96.429 E1587.26076
G1 X77.724 Y96.428
G1 X76.749 Y100.069 E1587.38613
G0 F9000 X76.749 Y99.85
G0 X75.584 Y99.85
G0 X75.584 Y100.069
G1 F3000 X71.945 Y96.429 E1587.55732
G0 F9000 X71.945 Y96.65
G0 X73.583 Y96.65
G0 X73.583 Y96.428
G1 F3000 X72.607 Y100.07 E1587.68273
G0 F9000 X72.607 Y99.85
G0 X69.927 Y99.85
G0 X69.927 Y100.069
G1 F3000 X66.288 Y96.429 E1587.85392
G0 F9000 X65.301 Y96.428
G1 F3000 X64.325 Y100.069 E1587.97929
G1 X64.271 Y100.069
G1 X60.631 Y96.429 E1588.15051
G0 F9000 X61.16 Y96.429
G1 F3000 X60.184 Y100.069 E1588.27585
G0 F9000 X60.184 Y99.85
G0 X58.614 Y99.85
G0 X58.614 Y100.069
G1 F3000 X54.974 Y96.429 E1588.44707
G0 F9000 X54.974 Y96.65
G0 X57.019 Y96.65
G0 X57.019 Y96.429
G1 F3000 X56.043 Y100.069 E1588.57241
G0 F9000 X56.043 Y99.85
G0 X52.957 Y99.85
G0 X52.957 Y100.069
G1 F3000 X49.317 Y96.429 E1588.74362
G0 F9000 X48.737 Y96.428
G1 F3000 X47.761 Y100.07 E1588.86903
G0 F9000 X47.3 Y100.069
G1 F3000 X43.661 Y96.429 E1589.04022
G0 F9000 X44.595 Y96.429
G1 F3000 X43.62 Y100.069 E1589.16556
G0 F9000 X43.62 Y99.85
G0 X41.643 Y99.85
G0 X41.643 Y100.069
G1 F3000 X38.004 Y96.429 E1589.33675
G0 F9000 X38.004 Y96.65
G0 X36.313 Y96.65
G0 X36.313 Y96.429
G1 F3000 X35.68 Y98.793 E1589.41815
G0 F9000 X35.68 Y99.565
G1 F3000 X47.387 Y96.428 E1589.82126
G0 F9000 X47.387 Y96.65
G0 X49.256 Y99.85
G0 X49.256 Y100.069
G1 F3000 X62.841 Y96.429 E1590.28904
G0 F9000 X62.841 Y96.65
G0 X64.71 Y99.85
G0 X64.71 Y100.069
G1 F3000 X78.296 Y96.429 E1590.75685
G0 F9000 X78.296 Y96.65
G0 X80.165 Y99.85
G0 X80.165 Y100.069
G1 F3000 X93.751 Y96.429 E1591.22465
G0 F9000 X93.751 Y96.65
G0 X95.62 Y99.85
G0 X95.62 Y100.069
G1 F3000 X109.205 Y96.429 E1591.69243
G0 F9000 X109.205 Y96.65
G0 X111.074 Y99.85
G0 X111.074 Y100.069
G1 F3000 X124.66 Y96.429 E1592.16024
G0 F9000 X124.66 Y96.65
G0 X126.529 Y99.85
G0 X126.529 Y100.069
G1 F3000 X140.115 Y96.429 E1592.62805
G0 F9000 X140.115 Y96.65
G0 X141.984 Y99.85
G0 X141.984 Y100.069
G1 F3000 X155.569 Y96.429 E1593.09583
G0 F9000 X155.569 Y96.65
G0 X157.439 Y99.85
G0 X157.439 Y100.069
G1 F3000 X171.025 Y96.429 E1593.56364
G0 F9000 X171.025 Y96.65
G0 X172.894 Y99.85
G0 X172.894 Y100.069
G1 F3000 X184.319 Y97.008 E1593.95704
G0 F9000 X184.1 Y97.008
G0 X177.111 Y96.65
G0 X177.111 Y96.428
G1 F3000 X176.135 Y100.07 E1594.08244
G0 F9000 X176.135 Y99.85
G0 X164.687 Y96.65
G0 X164.687 Y96.429
G1 F3000 X163.712 Y100.069 E1594.20778
G0 F9000 X163.712 Y99.85
G0 X148.123 Y96.65
G0 X148.123 Y96.428
G1 F3000 X147.148 Y100.069 E1594.33315
G0 F9000 X147.148 Y99.85
G0 X131.559 Y96.65
G0 X131.559 Y96.428
G1 F3000 X130.583 Y100.069 E1594.45852
G0 F9000 X130.583 Y99.85
G0 X114.994 Y96.65
G0 X114.994 Y96.428
G1 F3000 X114.019 Y100.07 E1594.58392
G0 F9000 X114.019 Y99.85
G0 X102.571 Y96.65
G0 X102.571 Y96.429
G1 F3000 X101.595 Y100.069 E1594.70926
G0 F9000 X101.595 Y99.85
G0 X86.006 Y96.65
G0 X86.006 Y96.428
G1 F3000 X85.031 Y100.069 E1594.83463
G0 F9000 X85.031 Y99.85
G0 X69.442 Y96.65
G0 X69.442 Y96.428
G1 F3000 X68.466 Y100.07 E1594.96004
G0 F9000 X68.466 Y99.85
G0 X52.878 Y96.65
G0 X52.878 Y96.428
G1 F3000 X51.902 Y100.07 E1595.08545
G0 F9000 X51.902 Y99.85
G0 X40.454 Y96.65
G0 X40.454 Y96.429
G1 F3000 X39.479 Y100.069 E1595.21078
G0 F9000 X39.479 Y99.85
G0 X35.986 Y99.85
G0 X35.986 Y100.069
G1 F3000 X35.679 Y99.762 E1595.22522
G0 F9000 X36.2 Y99.55
G1 F2700 E1590.22522
G0 F9000 X184.13 Y100.33
G0 X184.13 Y101.415
G0 X184.13 Y118.585
G0 X184.13 Y119.67
G0 X184.13 Y123.38
G0 X184.4 Y123.65
;TYPE:WALL-INNER
G1 F2700 E1595.22522
G1 F1500 X184.4 Y119.85 E1595.35161
G1 X35.6 Y119.85 E1600.30072
G1 X35.6 Y123.65 E1600.42711
G1 X184.4 Y123.65 E1605.37621
G0 F9000 X184.8 Y124.05
;TYPE:WALL-OUTER
G1 F1500 X184.8 Y119.45 E1605.52921
G1 X35.2 Y119.45 E1610.50493
G1 X35.2 Y124.05 E1610.65792
G1 X184.8 Y124.05 E1615.63364
G0 F9000 X183.938 Y123.569
;TYPE:FILL
G1 F3000 X180.298 Y119.93 E1615.80483
G0 F9000 X180.298 Y120.15
G0 X179.096 Y120.15
G0 X179.096 Y119.928
G1 F3000 X178.121 Y123.569 E1615.9302
G1 X178.281 Y123.569
G1 X174.641 Y119.93 E1616.10139
G0 F9000 X174.955 Y119.928
G1 F3000 X173.979 Y123.569 E1616.22676
G0 F9000 X173.979 Y123.35
G0 X172.624 Y123.35
G0 X172.624 Y123.569
G1 F3000 X168.985 Y119.93 E1616.39793
G0 F9000 X168.985 Y120.15
G0 X170.814 Y120.15
G0 X170.814 Y119.928
G1 F3000 X169.839 Y123.569 E1616.5233
G0 F9000 X169.839 Y123.35
G0 X166.967 Y123.35
G0 X166.967 Y123.569
G1 F3000 X163.328 Y119.93 E1616.69447
G0 F9000 X162.532 Y119.928
G1 F3000 X161.556 Y123.569 E1616.81984
G0 F9000 X161.31 Y123.569
G1 F3000 X157.671 Y119.93 E1616.99101
G0 F9000 X158.391 Y119.928
G1 F3000 X157.415 Y123.569 E1617.11638
G0 F9000 X157.415 Y123.35
G0 X155.654 Y123.35
G0 X155.654 Y123.569
G1 F3000 X152.014 Y119.93 E1617.28758
G0 F9000 X152.014 Y120.15
G0 X150.109 Y120.15
G0 X150.109 Y119.928
G1 F3000 X149.133 Y123.569 E1617.41295
G0 F9000 X149.997 Y123.569
G1 F3000 X146.357 Y119.93 E1617.58414
G0 F9000 X145.967 Y119.928
G1 F3000 X144.992 Y123.569 E1617.70951
G0 F9000 X144.34 Y123.569
G1 F3000 X140.7 Y119.93 E1617.8807
G0 F9000 X140.7 Y120.15
G0 X141.826 Y120.15
G0 X141.826 Y119.928
G1 F3000 X140.851 Y123.569 E1618.00607
G0 F9000 X140.851 Y123.35
G0 X138.683 Y123.35
G0 X138.683 Y123.569
G1 F3000 X135.043 Y119.93 E1618.17726
G0 F9000 X135.043 Y120.15
G0 X133.544 Y120.15
G0 X133.544 Y119.928
G1 F3000 X132.568 Y123.569 E1618.30263
G0 F9000 X133.026 Y123.569
G1 F3000 X129.387 Y119.93 E1618.4738
G1 X129.403 Y119.928
G1 X128.428 Y123.569 E1618.59917
G0 F9000 X128.428 Y123.35
G0 X127.369 Y123.35
G0 X127.369 Y123.569
G1 F3000 X123.73 Y119.93 E1618.77033
G0 F9000 X123.73 Y120.15
G0 X125.262 Y120.15
G0 X125.262 Y119.928
G1 F3000 X124.286 Y123.569 E1618.89571
G0 F9000 X124.286 Y123.35
G0 X121.712 Y123.35
G0 X121.712 Y123.569
G1 F3000 X118.073 Y119.93 E1619.06688
G0 F9000 X118.073 Y120.15
G0 X116.98 Y120.15
G0 X116.98 Y119.928
G1 F3000 X116.004 Y123.569 E1619.19225
G1 X116.056 Y123.569
G1 X112.416 Y119.93 E1619.36344
G0 F9000 X112.839 Y119.928
G1 F3000 X111.863 Y123.569 E1619.48882
G0 F9000 X111.863 Y123.35
G0 X110.399 Y123.35
G0 X110.399 Y123.569
G1 F3000 X106.758 Y119.929 E1619.66006
G0 F9000 X106.758 Y120.15
G0 X108.697 Y120.15
G0 X108.697 Y119.928
G1 F3000 X107.722 Y123.569 E1619.78542
G0 F9000 X107.722 Y123.35
G0 X104.741 Y123.35
G0 X104.741 Y123.569
G1 F3000 X101.102 Y119.929 E1619.95662
G0 F9000 X100.415 Y119.928
G1 F3000 X99.44 Y123.569 E1620.08198
G0 F9000 X99.084 Y123.569
G1 F3000 X95.445 Y119.929 E1620.25317
G0 F9000 X96.274 Y119.928
G1 F3000 X95.299 Y123.569 E1620.37854
G0 F9000 X95.299 Y123.35
G0 X93.427 Y123.35
G0 X93.427 Y123.569
G1 F3000 X89.788 Y119.929 E1620.54973
G0 F9000 X89.788 Y120.15
G0 X87.992 Y120.15
G0 X87.992 Y119.928
G1 F3000 X87.016 Y123.569 E1620.67511
G0 F9000 X87.771 Y123.569
G1 F3000 X84.131 Y119.929 E1620.84632
G0 F9000 X83.851 Y119.928
G1 F3000 X82.875 Y123.569 E1620.9717
G0 F9000 X82.114 Y123.569
G1 F3000 X78.474 Y119.929 E1621.14291
G0 F9000 X78.474 Y120.15
G0 X79.71 Y120.15
G0 X79.71 Y119.928
G1 F3000 X78.734 Y123.569 E1621.26829
G0 F9000 X78.734 Y123.35
G0 X76.457 Y123.35
G0 X76.457 Y123.569
G1 F3000 X72.817 Y119.929 E1621.4395
G0 F9000 X72.817 Y120.15
G0 X71.428 Y120.15
G0 X71.428 Y119.928
G1 F3000 X70.452 Y123.569 E1621.56488
G0 F9000 X70.8 Y123.569
G1 F3000 X67.161 Y119.929 E1621.73607
G1 X67.286 Y119.928
G1 X66.311 Y123.569 E1621.86143
G0 F9000 X66.311 Y123.35
G0 X65.143 Y123.35
G0 X65.143 Y123.569
G1 F3000 X61.504 Y119.929 E1622.03263
G0 F9000 X61.504 Y120.15
G0 X63.145 Y120.15
G0 X63.145 Y119.928
G1 F3000 X62.17 Y123.569 E1622.15799
G0 F9000 X62.17 Y123.35
G0 X59.486 Y123.35
G0 X59.486 Y123.569
G1 F3000 X55.847 Y119.929 E1622.32918
G0 F9000 X54.863 Y119.928
G1 F3000 X53.887 Y123.569 E1622.45456
G1 X53.829 Y123.569
G1 X50.19 Y119.929 E1622.62575
G0 F9000 X50.722 Y119.928
G1 F3000 X49.746 Y123.569 E1622.75113
G0 F9000 X49.746 Y123.35
G0 X48.173 Y123.35
G0 X48.173 Y123.569
G1 F3000 X44.533 Y119.929 E1622.92234
G0 F9000 X44.533 Y120.15
G0 X46.581 Y120.15
G0 X46.581 Y119.928
G1 F3000 X45.605 Y123.569 E1623.04772
G0 F9000 X45.605 Y123.35
G0 X42.516 Y123.35
G0 X42.516 Y123.569
G1 F3000 X38.876 Y119.929 E1623.21893
G0 F9000 X38.299 Y119.929
G1 F3000 X37.323 Y123.569 E1623.34427
G0 F9000 X36.859 Y123.569
G1 F3000 X35.679 Y122.389 E1623.39978
G0 F9000 X35.9 Y122.389
G0 X35.9 Y120.271
G0 X35.68 Y120.271
G1 F3000 X36.955 Y119.929 E1623.44368
G0 F9000 X36.955 Y120.15
G0 X38.823 Y123.35
G0 X38.823 Y123.57
G1 F3000 X52.409 Y119.929 E1623.9115
G0 F9000 X52.409 Y120.15
G0 X54.278 Y123.35
G0 X54.278 Y123.57
G1 F3000 X67.864 Y119.929 E1624.37932
G0 F9000 X67.864 Y120.15
G0 X69.734 Y123.35
G0 X69.734 Y123.569
G1 F3000 X83.319 Y119.929 E1624.8471
G0 F9000 X83.319 Y120.15
G0 X85.189 Y123.35
G0 X85.189 Y123.57
G1 F3000 X98.774 Y119.929 E1625.31488
G0 F9000 X98.774 Y120.15
G0 X100.644 Y123.35
G0 X100.644 Y123.569
G1 F3000 X114.229 Y119.929 E1625.78266
G0 F9000 X114.229 Y120.15
G0 X116.1 Y123.35
G0 X116.1 Y123.569
G1 F3000 X129.683 Y119.929 E1626.25037
G0 F9000 X129.683 Y120.15
G0 X131.554 Y123.35
G0 X131.554 Y123.569
G1 F3000 X145.138 Y119.929 E1626.71812
G0 F9000 X145.138 Y120.15
G0 X147.01 Y123.35
G0 X147.01 Y123.569
G1 F3000 X160.593 Y119.929 E1627.18583
G0 F9000 X160.593 Y120.15
G0 X162.464 Y123.35
G0 X162.464 Y123.569
G1 F3000 X176.047 Y119.929 E1627.65354
G0 F9000 X176.047 Y120.15
G0 X177.92 Y123.35
G0 X177.92 Y123.569
G1 F3000 X184.318 Y121.854 E1627.87385
G0 F9000 X184.1 Y121.854
G0 X183.237 Y120.15
G0 X183.237 Y119.928
G1 F3000 X182.262 Y123.569 E1627.99922
G0 F9000 X182.262 Y123.35
G0 X166.673 Y120.15
G0 X166.673 Y119.928
G1 F3000 X165.697 Y123.569 E1628.1246
G0 F9000 X165.697 Y123.35
G0 X154.25 Y120.15
G0 X154.25 Y119.928
G1 F3000 X153.274 Y123.569 E1628.24997
G0 F9000 X153.274 Y123.35
G0 X137.685 Y120.15
G0 X137.685 Y119.928
G1 F3000 X136.71 Y123.569 E1628.37534
G0 F9000 X136.71 Y123.35
G0 X121.121 Y120.15
G0 X121.121 Y119.928
G1 F3000 X120.145 Y123.569 E1628.50071
G0 F9000 X120.145 Y123.35
G0 X104.556 Y120.15
G0 X104.556 Y119.928
G1 F3000 X103.581 Y123.569 E1628.62608
G0 F9000 X103.581 Y123.35
G0 X92.133 Y120.15
G0 X92.133 Y119.928
G1 F3000 X91.157 Y123.569 E1628.75146
G0 F9000 X91.157 Y123.35
G0 X75.569 Y120.15
G0 X75.569 Y119.928
G1 F3000 X74.593 Y123.569 E1628.87683
G0 F9000 X74.593 Y123.35
G0 X59.004 Y120.15
G0 X59.004 Y119.929
G1 F3000 X58.029 Y123.569 E1629.00217
G0 F9000 X58.029 Y123.35
G0 X42.44 Y120.15
G0 X42.44 Y119.928
G1 F3000 X41.464 Y123.569 E1629.12754
G0 F9000 X41.464 Y123.05
G1 F2700 E1624.12754
;MESH:NONMESH
G0 F300 X41.464 Y123.05 Z4
G0 F9000 X184.13 Y119.67
G0 X184.13 Y118.585
G0 X184.13 Y101.415
G0 X184.13 Y100.33
G0 X184.13 Y99.88
G0 X184.4 Y100.15
;TIME_ELAPSED:2512.805713
;LAYER:19
;TYPE:WALL-INNER
;MESH:Garmin_GFC500 BOARDS SUPPORTS.stl
G1 F2700 E1629.12754
G1 F1500 X184.4 Y96.35 E1629.25393
G1 X35.6 Y96.35 E1634.20304
G1 X35.6 Y100.15 E1634.32943
G1 X184.4 Y100.15 E1639.27854
G0 F9000 X184.8 Y100.55
;TYPE:WALL-OUTER
G1 F1500 X184.8 Y95.95 E1639.43153
G1 X35.2 Y95.95 E1644.40725
G1 X35.2 Y100.55 E1644.56025
G1 X184.8 Y100.55 E1649.53596
G0 F9000 X184.271 Y100.069
;TYPE:FILL
G1 F3000 X184.319 Y99.892 E1649.54206
G0 F9000 X184.1 Y99.892
G0 X183.265 Y99.85
G0 X183.265 Y100.069
G1 F3000 X179.625 Y96.43 E1649.71325
G0 F9000 X179.625 Y96.65
G0 X181.106 Y96.65
G0 X181.106 Y96.428
G1 F3000 X180.13 Y100.07 E1649.83866
G0 F9000 X180.13 Y99.85
G0 X177.608 Y99.85
G0 X177.608 Y100.069
G1 F3000 X173.968 Y96.43 E1650.00985
G0 F9000 X173.968 Y96.65
G0 X172.824 Y96.65
G0 X172.824 Y96.428
G1 F3000 X171.848 Y100.069 E1650.13523
G1 X171.951 Y100.069
G1 X168.311 Y96.43 E1650.30642
G0 F9000 X168.683 Y96.429
G1 F3000 X167.707 Y100.069 E1650.43176
G0 F9000 X167.707 Y99.85
G0 X166.294 Y99.85
G0 X166.294 Y100.069
G1 F3000 X162.655 Y96.43 E1650.60293
G0 F9000 X162.655 Y96.65
G0 X164.542 Y96.65
G0 X164.542 Y96.428
G1 F3000 X163.566 Y100.069 E1650.7283
G0 F9000 X163.566 Y99.85
G0 X160.637 Y99.85
G0 X160.637 Y100.069
G1 F3000 X156.998 Y96.43 E1650.89947
G0 F9000 X156.259 Y96.428
G1 F3000 X155.284 Y100.069 E1651.02484
G0 F9000 X154.98 Y100.069
G1 F3000 X151.341 Y96.43 E1651.19601
G0 F9000 X152.118 Y96.428
G1 F3000 X151.143 Y100.069 E1651.32137
G0 F9000 X151.143 Y99.85
G0 X149.323 Y99.85
G0 X149.323 Y100.069
G1 F3000 X145.684 Y96.43 E1651.49254
G0 F9000 X145.684 Y96.65
G0 X143.836 Y96.65
G0 X143.836 Y96.428
G1 F3000 X142.86 Y100.069 E1651.61792
G0 F9000 X142.529 Y100.069
G1 F3000 X156.115 Y96.429 E1652.08572
G0 F9000 X156.115 Y96.65
G0 X157.984 Y99.85
G0 X157.984 Y100.069
G1 F3000 X171.569 Y96.429 E1652.5535
G0 F9000 X171.569 Y96.65
G0 X173.438 Y99.85
G0 X173.438 Y100.069
G1 F3000 X184.318 Y97.154 E1652.92814
G0 F9000 X184.1 Y97.154
G0 X176.965 Y96.65
G0 X176.965 Y96.428
G1 F3000 X175.989 Y100.069 E1653.05351
G0 F9000 X175.989 Y99.85
G0 X160.4 Y96.65
G0 X160.4 Y96.428
G1 F3000 X159.425 Y100.07 E1653.17891
G0 F9000 X159.425 Y99.85
G0 X147.977 Y96.65
G0 X147.977 Y96.429
G1 F3000 X147.002 Y100.069 E1653.30424
G0 F9000 X147.002 Y99.85
G0 X143.667 Y99.85
G0 X143.667 Y100.069
G1 F3000 X140.027 Y96.43 E1653.47544
G0 F9000 X139.695 Y96.428
G1 F3000 X138.719 Y100.07 E1653.60084
G0 F9000 X138.01 Y100.069
G1 F3000 X134.37 Y96.43 E1653.77203
G0 F9000 X134.37 Y96.65
G0 X135.554 Y96.65
G0 X135.554 Y96.428
G1 F3000 X134.578 Y100.069 E1653.89741
G0 F9000 X134.578 Y99.85
G0 X132.353 Y99.85
G0 X132.353 Y100.069
G1 F3000 X128.713 Y96.43 E1654.0686
G0 F9000 X128.713 Y96.65
G0 X127.271 Y96.65
G0 X127.271 Y96.429
G1 F3000 X126.296 Y100.069 E1654.19394
G0 F9000 X126.696 Y100.069
G1 F3000 X123.057 Y96.43 E1654.3651
G1 X123.131 Y96.428
G1 X122.155 Y100.069 E1654.49048
G0 F9000 X122.155 Y99.85
G0 X121.039 Y99.85
G0 X121.039 Y100.069
G1 F3000 X117.4 Y96.43 E1654.66165
G0 F9000 X117.4 Y96.65
G0 X118.989 Y96.65
G0 X118.989 Y96.428
G1 F3000 X118.014 Y100.07 E1654.78704
G0 F9000 X118.014 Y99.85
G0 X115.382 Y99.85
G0 X115.382 Y100.069
G1 F3000 X111.743 Y96.43 E1654.95821
G0 F9000 X111.743 Y96.65
G0 X110.707 Y96.65
G0 X110.707 Y96.428
G1 F3000 X109.732 Y100.069 E1655.08358
G1 X109.725 Y100.069
G1 X106.085 Y96.429 E1655.25479
G0 F9000 X106.566 Y96.429
G1 F3000 X105.59 Y100.069 E1655.38014
G0 F9000 X105.59 Y99.85
G0 X104.068 Y99.85
G0 X104.068 Y100.069
G1 F3000 X100.428 Y96.429 E1655.55135
G0 F9000 X100.428 Y96.65
G0 X102.425 Y96.65
G0 X102.425 Y96.428
G1 F3000 X101.449 Y100.069 E1655.67673
G0 F9000 X101.449 Y99.85
G0 X98.411 Y99.85
G0 X98.411 Y100.069
G1 F3000 X94.772 Y96.429 E1655.84792
G0 F9000 X94.295 Y96.429
G1 F3000 X80.71 Y100.069 E1656.31569
G1 X80.744 Y100.069
G1 X81.72 Y96.428 E1656.44107
G0 F9000 X81.72 Y96.65
G0 X83.458 Y96.65
G0 X83.458 Y96.429
G1 F3000 X87.097 Y100.069 E1656.61226
G0 F9000 X87.097 Y99.85
G0 X89.026 Y99.85
G0 X89.026 Y100.069
G1 F3000 X90.002 Y96.428 E1656.73764
G0 F9000 X89.115 Y96.429
G1 F3000 X92.754 Y100.069 E1656.90883
G0 F9000 X93.167 Y100.069
G1 F3000 X94.143 Y96.428 E1657.0342
G0 F9000 X94.143 Y96.65
G0 X98.284 Y96.65
G0 X98.284 Y96.428
G1 F3000 X97.308 Y100.07 E1657.15961
G0 F9000 X97.308 Y99.85
G0 X96.164 Y99.85
G0 X96.164 Y100.069
G1 F3000 X109.75 Y96.429 E1657.62742
G0 F9000 X109.75 Y96.65
G0 X111.62 Y99.85
G0 X111.62 Y100.069
G1 F3000 X125.204 Y96.429 E1658.09517
G0 F9000 X125.204 Y96.65
G0 X127.074 Y99.85
G0 X127.074 Y100.069
G1 F3000 X140.66 Y96.429 E1658.56298
G0 F9000 X140.66 Y96.65
G0 X131.413 Y96.65
G0 X131.413 Y96.428
G1 F3000 X130.437 Y100.069 E1658.68835
G0 F9000 X130.437 Y99.85
G0 X114.848 Y96.65
G0 X114.848 Y96.428
G1 F3000 X113.873 Y100.069 E1658.81372
G0 F9000 X113.873 Y99.85
G0 X85.86 Y96.65
G0 X85.86 Y96.429
G1 F3000 X84.885 Y100.069 E1658.93905
G0 F9000 X84.885 Y99.85
G0 X81.441 Y99.85
G0 X81.441 Y100.069
G1 F3000 X77.801 Y96.429 E1659.11027
G0 F9000 X77.578 Y96.428
G1 F3000 X76.603 Y100.07 E1659.23567
G0 F9000 X75.784 Y100.069
G1 F3000 X72.144 Y96.429 E1659.40688
G0 F9000 X72.144 Y96.65
G0 X73.437 Y96.65
G0 X73.437 Y96.428
G1 F3000 X72.462 Y100.069 E1659.53225
G0 F9000 X72.462 Y99.85
G0 X70.127 Y99.85
G0 X70.127 Y100.069
G1 F3000 X66.487 Y96.429 E1659.70346
G0 F9000 X66.487 Y96.65
G0 X65.155 Y96.65
G0 X65.155 Y96.429
G1 F3000 X64.179 Y100.069 E1659.8288
G0 F9000 X64.47 Y100.069
G1 F3000 X60.83 Y96.429 E1660.00002
G1 X61.014 Y96.428
G1 X60.038 Y100.069 E1660.12539
G0 F9000 X60.038 Y99.85
G0 X58.813 Y99.85
G0 X58.813 Y100.069
G1 F3000 X55.174 Y96.429 E1660.29659
G0 F9000 X55.174 Y96.65
G0 X56.873 Y96.65
G0 X56.873 Y96.428
G1 F3000 X55.897 Y100.07 E1660.42199
G0 F9000 X55.897 Y99.85
G0 X53.156 Y99.85
G0 X53.156 Y100.069
G1 F3000 X49.517 Y96.429 E1660.59318
G0 F9000 X48.591 Y96.429
G1 F3000 X47.615 Y100.069 E1660.71853
G1 X47.499 Y100.069
G1 X43.86 Y96.429 E1660.88972
G0 F9000 X44.449 Y96.429
G1 F3000 X43.474 Y100.069 E1661.01505
G0 F9000 X43.474 Y99.85
G0 X41.843 Y99.85
G0 X41.843 Y100.069
G1 F3000 X38.203 Y96.429 E1661.18627
G0 F9000 X38.203 Y96.65
G0 X36.167 Y96.65
G0 X36.167 Y96.428
G1 F3000 X35.679 Y98.249 E1661.24897
G0 F9000 X35.9 Y98.249
G0 X35.9 Y99.562
G0 X35.679 Y99.562
G1 F3000 X36.186 Y100.069 E1661.27282
G0 F9000 X35.68 Y99.711
G1 F3000 X47.931 Y96.429 E1661.69466
G0 F9000 X47.931 Y96.65
G0 X49.8 Y99.85
G0 X49.8 Y100.069
G1 F3000 X63.386 Y96.429 E1662.16247
G0 F9000 X63.386 Y96.65
G0 X65.255 Y99.85
G0 X65.255 Y100.069
G1 F3000 X78.841 Y96.429 E1662.63028
G0 F9000 X78.841 Y96.65
G0 X69.296 Y96.65
G0 X69.296 Y96.429
G1 F3000 X68.321 Y100.069 E1662.75561
G0 F9000 X68.321 Y99.85
G0 X52.732 Y96.65
G0 X52.732 Y96.428
G1 F3000 X51.756 Y100.069 E1662.88099
G0 F9000 X51.756 Y99.85
G0 X40.308 Y96.65
G0 X40.308 Y96.428
G1 F3000 X39.333 Y100.069 E1663.00635
G0 F9000 X39.333 Y99.55
G1 F2700 E1658.00635
G0 F9000 X184.13 Y100.33
G0 X184.13 Y101.415
G0 X184.13 Y118.585
G0 X184.13 Y119.67
G0 X184.13 Y123.38
G0 X184.4 Y123.65
;TYPE:WALL-INNER
G1 F2700 E1663.00635
G1 F1500 X184.4 Y119.85 E1663.13274
G1 X35.6 Y119.85 E1668.08185
G1 X35.6 Y123.65 E1668.20824
G1 X184.4 Y123.65 E1673.15735
G0 F9000 X184.8 Y124.05
;TYPE:WALL-OUTER
G1 F1500 X184.8 Y119.45 E1673.31034
G1 X35.2 Y119.45 E1678.28606
G1 X35.2 Y124.05 E1678.43906
G1 X184.8 Y124.05 E1683.41477
G0 F9000 X184.137 Y123.569
;TYPE:FILL
G1 F3000 X180.498 Y119.93 E1683.58594
G0 F9000 X180.498 Y120.15
G0 X178.95 Y120.15
G0 X178.95 Y119.928
G1 F3000 X177.975 Y123.569 E1683.71131
G0 F9000 X178.465 Y123.569
G1 F3000 X184.319 Y122 E1683.91288
G0 F9000 X184.1 Y122
G0 X183.092 Y120.15
G0 X183.092 Y119.928
G1 F3000 X182.116 Y123.569 E1684.03826
G0 F9000 X182.116 Y123.35
G0 X178.48 Y123.35
G0 X178.48 Y123.569
G1 F3000 X174.841 Y119.93 E1684.20943
G1 X174.809 Y119.928
G1 X173.834 Y123.569 E1684.33479
G0 F9000 X173.834 Y123.35
G0 X172.823 Y123.35
G0 X172.823 Y123.569
G1 F3000 X169.184 Y119.93 E1684.50596
G0 F9000 X169.184 Y120.15
G0 X170.668 Y120.15
G0 X170.668 Y119.928
G1 F3000 X169.693 Y123.569 E1684.63133
G0 F9000 X169.693 Y123.35
G0 X167.167 Y123.35
G0 X167.167 Y123.569
G1 F3000 X163.527 Y119.93 E1684.80252
G0 F9000 X163.527 Y120.15
G0 X162.386 Y120.15
G0 X162.386 Y119.928
G1 F3000 X161.41 Y123.569 E1684.92789
G1 X161.51 Y123.569
G1 X157.87 Y119.93 E1685.09909
G0 F9000 X158.245 Y119.928
G1 F3000 X157.269 Y123.569 E1685.22446
G0 F9000 X157.269 Y123.35
G0 X155.853 Y123.35
G0 X155.853 Y123.569
G1 F3000 X152.213 Y119.93 E1685.39565
G0 F9000 X152.213 Y120.15
G0 X154.104 Y120.15
G0 X154.104 Y119.928
G1 F3000 X153.128 Y123.569 E1685.52103
G0 F9000 X153.128 Y123.35
G0 X150.196 Y123.35
G0 X150.196 Y123.569
G1 F3000 X146.557 Y119.93 E1685.69219
G0 F9000 X145.821 Y119.928
G1 F3000 X144.846 Y123.569 E1685.81756
G0 F9000 X144.539 Y123.569
G1 F3000 X140.9 Y119.93 E1685.98873
G0 F9000 X141.68 Y119.928
G1 F3000 X140.705 Y123.569 E1686.1141
G0 F9000 X140.705 Y123.35
G0 X138.882 Y123.35
G0 X138.882 Y123.569
G1 F3000 X135.243 Y119.93 E1686.28526
G0 F9000 X135.243 Y120.15
G0 X133.398 Y120.15
G0 X133.398 Y119.928
G1 F3000 X132.423 Y123.569 E1686.41063
G0 F9000 X132.099 Y123.569
G1 F3000 X145.683 Y119.929 E1686.87838
G0 F9000 X145.683 Y120.15
G0 X147.554 Y123.35
G0 X147.554 Y123.569
G1 F3000 X161.137 Y119.929 E1687.34609
G0 F9000 X161.137 Y120.15
G0 X163.01 Y123.35
G0 X163.01 Y123.569
G1 F3000 X176.592 Y119.93 E1687.81376
G0 F9000 X176.592 Y120.15
G0 X166.527 Y120.15
G0 X166.527 Y119.927
G1 F3000 X165.551 Y123.569 E1687.93917
G0 F9000 X165.551 Y123.35
G0 X149.963 Y120.15
G0 X149.963 Y119.928
G1 F3000 X148.987 Y123.569 E1688.06454
G0 F9000 X148.987 Y123.35
G0 X137.539 Y120.15
G0 X137.539 Y119.928
G1 F3000 X136.564 Y123.569 E1688.18991
G0 F9000 X136.564 Y123.35
G0 X133.225 Y123.35
G0 X133.225 Y123.569
G1 F3000 X129.586 Y119.93 E1688.36108
G0 F9000 X129.257 Y119.928
G1 F3000 X128.282 Y123.569 E1688.48645
G0 F9000 X127.569 Y123.569
G1 F3000 X123.929 Y119.93 E1688.65764
G0 F9000 X123.929 Y120.15
G0 X125.116 Y120.15
G0 X125.116 Y119.928
G1 F3000 X124.14 Y123.569 E1688.78301
G0 F9000 X124.14 Y123.35
G0 X121.912 Y123.35
G0 X121.912 Y123.569
G1 F3000 X118.272 Y119.93 E1688.9542
G0 F9000 X118.272 Y120.15
G0 X116.834 Y120.15
G0 X116.834 Y119.928
G1 F3000 X115.858 Y123.569 E1689.07958
G0 F9000 X116.255 Y123.569
G1 F3000 X112.615 Y119.93 E1689.25077
G1 X112.693 Y119.928
G1 X111.717 Y123.569 E1689.37614
G0 F9000 X111.717 Y123.35
G0 X110.598 Y123.35
G0 X110.598 Y123.569
G1 F3000 X106.958 Y119.929 E1689.54736
G0 F9000 X106.958 Y120.15
G0 X108.551 Y120.15
G0 X108.551 Y119.928
G1 F3000 X107.576 Y123.569 E1689.67273
G0 F9000 X107.576 Y123.35
G0 X104.941 Y123.35
G0 X104.941 Y123.569
G1 F3000 X101.301 Y119.929 E1689.84394
G0 F9000 X101.301 Y120.15
G0 X100.269 Y120.15
G0 X100.269 Y119.928
G1 F3000 X99.294 Y123.569 E1689.96931
G1 X99.284 Y123.569
G1 X95.644 Y119.929 E1690.14052
G0 F9000 X96.128 Y119.928
G1 F3000 X95.153 Y123.569 E1690.26589
G0 F9000 X95.153 Y123.35
G0 X93.627 Y123.35
G0 X93.627 Y123.569
G1 F3000 X89.987 Y119.929 E1690.4371
G0 F9000 X89.987 Y120.15
G0 X91.987 Y120.15
G0 X91.987 Y119.928
G1 F3000 X91.012 Y123.569 E1690.56247
G0 F9000 X91.012 Y123.35
G0 X87.97 Y123.35
G0 X87.97 Y123.569
G1 F3000 X84.33 Y119.929 E1690.73368
G0 F9000 X83.864 Y119.929
G1 F3000 X70.278 Y123.57 E1691.2015
G1 X70.306 Y123.569
G1 X71.282 Y119.928 E1691.32688
G0 F9000 X71.282 Y120.15
G0 X73.017 Y120.15
G0 X73.017 Y119.929
G1 F3000 X76.656 Y123.569 E1691.49807
G0 F9000 X76.656 Y123.35
G0 X78.588 Y123.35
G0 X78.588 Y123.569
G1 F3000 X79.564 Y119.928 E1691.62344
G0 F9000 X78.674 Y119.929
G1 F3000 X82.313 Y123.569 E1691.79464
G0 F9000 X82.729 Y123.569
G1 F3000 X83.705 Y119.929 E1691.91998
G0 F9000 X83.705 Y120.15
G0 X87.846 Y120.15
G0 X87.846 Y119.928
G1 F3000 X86.87 Y123.569 E1692.04535
G0 F9000 X86.87 Y123.35
G0 X85.734 Y123.35
G0 X85.734 Y123.569
G1 F3000 X99.319 Y119.929 E1692.51313
G0 F9000 X99.319 Y120.15
G0 X101.189 Y123.35
G0 X101.189 Y123.569
G1 F3000 X114.773 Y119.929 E1692.98088
G0 F9000 X114.773 Y120.15
G0 X116.644 Y123.35
G0 X116.644 Y123.569
G1 F3000 X130.228 Y119.929 E1693.44862
G0 F9000 X130.228 Y120.15
G0 X120.975 Y120.15
G0 X120.975 Y119.928
G1 F3000 X119.999 Y123.569 E1693.574
G0 F9000 X119.999 Y123.35
G0 X104.41 Y120.15
G0 X104.41 Y119.928
G1 F3000 X103.435 Y123.569 E1693.69936
G0 F9000 X103.435 Y123.35
G0 X75.423 Y120.15
G0 X75.423 Y119.928
G1 F3000 X74.447 Y123.569 E1693.82474
G0 F9000 X74.447 Y123.35
G0 X70.999 Y123.35
G0 X70.999 Y123.569
G1 F3000 X67.36 Y119.929 E1693.99593
G0 F9000 X67.14 Y119.928
G1 F3000 X66.165 Y123.569 E1694.1213
G0 F9000 X65.343 Y123.569
G1 F3000 X61.703 Y119.929 E1694.29251
G0 F9000 X61.703 Y120.15
G0 X62.999 Y120.15
G0 X62.999 Y119.929
G1 F3000 X62.024 Y123.569 E1694.41785
G0 F9000 X62.024 Y123.35
G0 X59.686 Y123.35
G0 X59.686 Y123.569
G1 F3000 X56.046 Y119.929 E1694.58906
G0 F9000 X56.046 Y120.15
G0 X54.717 Y120.15
G0 X54.717 Y119.928
G1 F3000 X53.741 Y123.569 E1694.71444
G0 F9000 X54.029 Y123.569
G1 F3000 X50.389 Y119.929 E1694.88565
G1 X50.576 Y119.928
G1 X49.601 Y123.569 E1695.01102
G0 F9000 X49.601 Y123.35
G0 X48.372 Y123.35
G0 X48.372 Y123.569
G1 F3000 X44.732 Y119.929 E1695.18223
G0 F9000 X44.732 Y120.15
G0 X46.435 Y120.15
G0 X46.435 Y119.928
G1 F3000 X45.459 Y123.569 E1695.30761
G0 F9000 X45.459 Y123.35
G0 X42.715 Y123.35
G0 X42.715 Y123.569
G1 F3000 X39.076 Y119.929 E1695.4788
G0 F9000 X38.153 Y119.928
G1 F3000 X37.177 Y123.569 E1695.60417
G1 X37.058 Y123.569
G1 X35.679 Y122.19 E1695.66904
G0 F9000 X35.9 Y122.19
G0 X35.9 Y120.417
G0 X35.68 Y120.417
G1 F3000 X37.499 Y119.929 E1695.73168
G0 F9000 X37.499 Y120.15
G0 X39.368 Y123.35
G0 X39.368 Y123.57
G1 F3000 X52.954 Y119.929 E1696.1995
G0 F9000 X52.954 Y120.15
G0 X54.823 Y123.35
G0 X54.823 Y123.57
G1 F3000 X68.41 Y119.929 E1696.66735
G0 F9000 X68.41 Y120.15
G0 X58.858 Y120.15
G0 X58.858 Y119.928
G1 F3000 X57.883 Y123.569 E1696.79271
G0 F9000 X57.883 Y123.35
G0 X42.294 Y120.15
G0 X42.294 Y119.929
G1 F3000 X41.318 Y123.569 E1696.91806
G0 F9000 X41.318 Y123.05
G1 F2700 E1691.91806
;MESH:NONMESH
G0 F300 X41.318 Y123.05 Z4.2
G0 F9000 X184.13 Y119.67
G0 X184.13 Y118.585
G0 X184.13 Y101.415
G0 X184.13 Y100.33
G0 X184.13 Y99.88
G0 X184.4 Y100.15
;TIME_ELAPSED:2613.988883
;LAYER:20
;TYPE:WALL-INNER
;MESH:Garmin_GFC500 BOARDS SUPPORTS.stl
G1 F2700 E1696.91806
G1 F1500 X184.4 Y96.35 E1697.04445
G1 X35.6 Y96.35 E1701.99355
G1 X35.6 Y100.15 E1702.11994
G1 X184.4 Y100.15 E1707.06905
G0 F9000 X184.8 Y100.55
;TYPE:WALL-OUTER
G1 F1500 X184.8 Y95.95 E1707.22205
G1 X35.2 Y95.95 E1712.19776
G1 X35.2 Y100.55 E1712.35076
G1 X184.8 Y100.55 E1717.32648
G0 F9000 X184.125 Y100.07
;TYPE:FILL
G1 F3000 X184.319 Y99.347 E1717.35137
G0 F9000 X184.1 Y99.347
G0 X183.464 Y99.85
G0 X183.464 Y100.069
G1 F3000 X179.825 Y96.43 E1717.52254
G0 F9000 X179.825 Y96.65
G0 X180.96 Y96.65
G0 X180.96 Y96.428
G1 F3000 X179.984 Y100.069 E1717.64792
G0 F9000 X179.984 Y99.85
G0 X177.807 Y99.85
G0 X177.807 Y100.069
G1 F3000 X174.168 Y96.43 E1717.81908
G0 F9000 X174.168 Y96.65
G0 X172.678 Y96.65
G0 X172.678 Y96.429
G1 F3000 X171.702 Y100.069 E1717.94443
G0 F9000 X172.15 Y100.069
G1 F3000 X168.511 Y96.43 E1718.11559
G1 X168.537 Y96.428
G1 X167.561 Y100.069 E1718.24097
G0 F9000 X167.561 Y99.85
G0 X166.493 Y99.85
G0 X166.493 Y100.069
G1 F3000 X162.854 Y96.43 E1718.41214
G0 F9000 X162.854 Y96.65
G0 X164.396 Y96.65
G0 X164.396 Y96.428
G1 F3000 X163.42 Y100.07 E1718.53755
G0 F9000 X163.42 Y99.85
G0 X160.837 Y99.85
G0 X160.837 Y100.069
G1 F3000 X157.197 Y96.43 E1718.70874
G0 F9000 X156.659 Y96.429
G1 F3000 X143.074 Y100.069 E1719.17651
G0 F9000 X142.714 Y100.07
G1 F3000 X143.69 Y96.428 E1719.30192
G0 F9000 X143.69 Y96.65
G0 X145.883 Y96.65
G0 X145.883 Y96.43
G1 F3000 X149.523 Y100.069 E1719.47311
G0 F9000 X149.523 Y99.85
G0 X150.997 Y99.85
G0 X150.997 Y100.069
G1 F3000 X151.972 Y96.429 E1719.59845
G0 F9000 X151.54 Y96.43
G1 F3000 X155.18 Y100.069 E1719.76964
G1 X155.138 Y100.069
G1 X156.113 Y96.428 E1719.895
G0 F9000 X156.113 Y96.65
G0 X160.254 Y96.65
G0 X160.254 Y96.428
G1 F3000 X159.279 Y100.069 E1720.02037
G0 F9000 X158.528 Y100.069
G1 F3000 X172.114 Y96.429 E1720.48818
G0 F9000 X172.114 Y96.65
G0 X173.983 Y99.85
G0 X173.983 Y100.069
G1 F3000 X184.318 Y97.3 E1720.84405
G0 F9000 X184.1 Y97.3
G0 X176.819 Y96.65
G0 X176.819 Y96.428
G1 F3000 X175.843 Y100.069 E1720.96942
G0 F9000 X175.843 Y99.85
G0 X147.831 Y96.65
G0 X147.831 Y96.428
G1 F3000 X146.855 Y100.069 E1721.0948
G0 F9000 X146.855 Y99.85
G0 X143.866 Y99.85
G0 X143.866 Y100.069
G1 F3000 X140.227 Y96.43 E1721.26597
G0 F9000 X139.549 Y96.428
G1 F3000 X138.573 Y100.069 E1721.39134
G0 F9000 X138.209 Y100.069
G1 F3000 X134.57 Y96.43 E1721.56251
G0 F9000 X135.408 Y96.428
G1 F3000 X134.432 Y100.069 E1721.68789
G0 F9000 X134.432 Y99.85
G0 X132.552 Y99.85
G0 X132.552 Y100.069
G1 F3000 X128.913 Y96.43 E1721.85905
G0 F9000 X128.913 Y96.65
G0 X127.126 Y96.65
G0 X127.126 Y96.428
G1 F3000 X126.15 Y100.069 E1721.98443
G0 F9000 X126.895 Y100.069
G1 F3000 X123.256 Y96.43 E1722.1556
G0 F9000 X122.985 Y96.428
G1 F3000 X122.009 Y100.07 E1722.281
G0 F9000 X121.239 Y100.069
G1 F3000 X117.599 Y96.43 E1722.45219
G0 F9000 X117.599 Y96.65
G0 X118.843 Y96.65
G0 X118.843 Y96.428
G1 F3000 X117.868 Y100.069 E1722.57756
G0 F9000 X117.868 Y99.85
G0 X115.582 Y99.85
G0 X115.582 Y100.069
G1 F3000 X111.942 Y96.43 E1722.74875
G0 F9000 X111.942 Y96.65
G0 X110.561 Y96.65
G0 X110.561 Y96.429
G1 F3000 X109.586 Y100.069 E1722.87409
G0 F9000 X109.924 Y100.069
G1 F3000 X106.285 Y96.429 E1723.04528
G1 X106.42 Y96.428
G1 X105.444 Y100.069 E1723.17065
G0 F9000 X105.444 Y99.85
G0 X104.267 Y99.85
G0 X104.267 Y100.069
G1 F3000 X100.628 Y96.429 E1723.34184
G0 F9000 X100.628 Y96.65
G0 X102.279 Y96.65
G0 X102.279 Y96.428
G1 F3000 X101.303 Y100.07 E1723.46725
G0 F9000 X101.303 Y99.85
G0 X98.61 Y99.85
G0 X98.61 Y100.069
G1 F3000 X94.971 Y96.429 E1723.63844
G1 X94.84 Y96.429
G1 X81.255 Y100.069 E1724.10622
G0 F9000 X81.64 Y100.069
G1 F3000 X78 Y96.429 E1724.27743
G0 F9000 X77.432 Y96.428
G1 F3000 X76.457 Y100.069 E1724.4028
G0 F9000 X75.983 Y100.069
G1 F3000 X72.344 Y96.429 E1724.57399
G0 F9000 X73.291 Y96.429
G1 F3000 X72.316 Y100.069 E1724.69933
G0 F9000 X72.316 Y99.85
G0 X70.326 Y99.85
G0 X70.326 Y100.069
G1 F3000 X66.687 Y96.429 E1724.87052
G0 F9000 X66.687 Y96.65
G0 X65.009 Y96.65
G0 X65.009 Y96.428
G1 F3000 X64.033 Y100.069 E1724.99589
G0 F9000 X64.669 Y100.069
G1 F3000 X61.03 Y96.429 E1725.16708
G1 X60.868 Y96.428
G1 X59.892 Y100.07 E1725.29249
G0 F9000 X59.013 Y100.069
G1 F3000 X55.373 Y96.429 E1725.46371
G0 F9000 X55.373 Y96.65
G0 X56.727 Y96.65
G0 X56.727 Y96.428
G1 F3000 X55.751 Y100.069 E1725.58908
G0 F9000 X55.751 Y99.85
G0 X53.356 Y99.85
G0 X53.356 Y100.069
G1 F3000 X49.716 Y96.429 E1725.7603
G0 F9000 X49.716 Y96.65
G0 X48.476 Y96.65
G0 X48.476 Y96.429
G1 F3000 X35.679 Y99.857 E1726.20093
G0 F9000 X35.679 Y99.363
G1 F3000 X36.385 Y100.069 E1726.23414
G0 F9000 X36.385 Y99.85
G0 X35.9 Y97.703
G0 X35.68 Y97.703
G1 F3000 X36.021 Y96.428 E1726.27804
G0 F9000 X36.021 Y96.65
G0 X38.402 Y96.65
G0 X38.402 Y96.429
G1 F3000 X42.042 Y100.069 E1726.44925
G0 F9000 X42.042 Y99.85
G0 X43.328 Y99.85
G0 X43.328 Y100.07
G1 F3000 X44.304 Y96.428 E1726.57466
G0 F9000 X44.059 Y96.429
G1 F3000 X47.699 Y100.069 E1726.74587
G0 F9000 X47.469 Y100.069
G1 F3000 X48.445 Y96.429 E1726.87122
G0 F9000 X48.445 Y96.65
G0 X50.345 Y99.85
G0 X50.345 Y100.069
G1 F3000 X63.931 Y96.429 E1727.33903
G0 F9000 X63.931 Y96.65
G0 X65.799 Y99.85
G0 X65.799 Y100.069
G1 F3000 X79.385 Y96.429 E1727.80684
G0 F9000 X79.385 Y96.65
G0 X81.574 Y96.65
G0 X81.574 Y96.428
G1 F3000 X80.598 Y100.07 E1727.93224
G0 F9000 X80.598 Y99.85
G0 X84.739 Y99.85
G0 X84.739 Y100.069
G1 F3000 X85.715 Y96.428 E1728.05762
G0 F9000 X85.715 Y96.65
G0 X83.657 Y96.65
G0 X83.657 Y96.429
G1 F3000 X87.297 Y100.069 E1728.22883
G0 F9000 X87.297 Y99.85
G0 X88.88 Y99.85
G0 X88.88 Y100.069
G1 F3000 X89.856 Y96.429 E1728.35418
G0 F9000 X89.314 Y96.429
G1 F3000 X92.954 Y100.069 E1728.52539
G1 X93.021 Y100.069
G1 X93.997 Y96.429 E1728.65074
G0 F9000 X93.997 Y96.65
G0 X98.138 Y96.65
G0 X98.138 Y96.428
G1 F3000 X97.162 Y100.069 E1728.77611
G0 F9000 X96.71 Y100.069
G1 F3000 X110.295 Y96.429 E1729.24389
G0 F9000 X110.295 Y96.65
G0 X112.164 Y99.85
G0 X112.164 Y100.069
G1 F3000 X125.75 Y96.429 E1729.7117
G0 F9000 X125.75 Y96.65
G0 X127.619 Y99.85
G0 X127.619 Y100.069
G1 F3000 X141.205 Y96.429 E1730.17951
G0 F9000 X141.205 Y96.65
G0 X131.267 Y96.65
G0 X131.267 Y96.429
G1 F3000 X130.291 Y100.069 E1730.30485
G0 F9000 X130.291 Y99.85
G0 X114.702 Y96.65
G0 X114.702 Y96.428
G1 F3000 X113.727 Y100.069 E1730.43022
G1 F2700 E1725.43022
G0 F9000 X113.727 Y99.85
G0 X69.15 Y96.65
G0 X69.15 Y96.429
G1 F2700 E1730.43022
G1 F3000 X68.175 Y100.069 E1730.55555
G0 F9000 X68.175 Y99.85
G0 X52.586 Y96.65
G0 X52.586 Y96.429
G1 F3000 X51.61 Y100.069 E1730.6809
G0 F9000 X51.61 Y99.85
G0 X40.162 Y96.65
G0 X40.162 Y96.428
G1 F3000 X39.187 Y100.07 E1730.80629
G0 F9000 X39.187 Y99.55
G1 F2700 E1725.80629
G0 F9000 X184.13 Y100.33
G0 X184.13 Y101.415
G0 X184.13 Y118.585
G0 X184.13 Y119.67
G0 X184.13 Y123.38
G0 X184.4 Y123.65
;TYPE:WALL-INNER
G1 F2700 E1730.80629
G1 F1500 X184.4 Y119.85 E1730.93268
G1 X35.6 Y119.85 E1735.88179
G1 X35.6 Y123.65 E1736.00818
G1 X184.4 Y123.65 E1740.95729
G0 F9000 X184.8 Y124.05
;TYPE:WALL-OUTER
G1 F1500 X184.8 Y119.45 E1741.11028
G1 X35.2 Y119.45 E1746.086
G1 X35.2 Y124.05 E1746.239
G1 X184.8 Y124.05 E1751.21471
G0 F9000 X184.319 Y123.552
;TYPE:FILL
G1 F3000 X180.697 Y119.93 E1751.38508
G0 F9000 X180.697 Y120.15
G0 X178.804 Y120.15
G0 X178.804 Y119.928
G1 F3000 X177.829 Y123.569 E1751.51045
G0 F9000 X178.68 Y123.569
G1 F3000 X175.04 Y119.93 E1751.68164
G0 F9000 X174.663 Y119.928
G1 F3000 X173.688 Y123.569 E1751.80701
G0 F9000 X173.023 Y123.569
G1 F3000 X169.383 Y119.93 E1751.9782
G0 F9000 X169.383 Y120.15
G0 X170.522 Y120.15
G0 X170.522 Y119.927
G1 F3000 X169.547 Y123.569 E1752.1036
G0 F9000 X169.547 Y123.35
G0 X167.366 Y123.35
G0 X167.366 Y123.569
G1 F3000 X163.727 Y119.93 E1752.27476
G0 F9000 X163.727 Y120.15
G0 X162.24 Y120.15
G0 X162.24 Y119.928
G1 F3000 X161.264 Y123.568 E1752.40011
G0 F9000 X161.709 Y123.569
G1 F3000 X158.07 Y119.93 E1752.57127
G1 X158.099 Y119.928
G1 X157.123 Y123.569 E1752.69665
G0 F9000 X157.123 Y123.35
G0 X156.052 Y123.35
G0 X156.052 Y123.569
G1 F3000 X152.413 Y119.93 E1752.86782
G0 F9000 X152.413 Y120.15
G0 X153.958 Y120.15
G0 X153.958 Y119.928
G1 F3000 X152.982 Y123.569 E1752.99319
G0 F9000 X152.982 Y123.35
G0 X150.395 Y123.35
G0 X150.395 Y123.569
G1 F3000 X146.756 Y119.93 E1753.16436
G0 F9000 X146.227 Y119.929
G1 F3000 X132.644 Y123.569 E1753.63207
G0 F9000 X132.277 Y123.569
G1 F3000 X133.252 Y119.928 E1753.75744
G0 F9000 X133.252 Y120.15
G0 X135.442 Y120.15
G0 X135.442 Y119.93
G1 F3000 X139.082 Y123.569 E1753.92863
G0 F9000 X139.082 Y123.35
G0 X140.559 Y123.35
G0 X140.559 Y123.569
G1 F3000 X141.534 Y119.928 E1754.054
G0 F9000 X141.099 Y119.93
G1 F3000 X144.739 Y123.569 E1754.22519
G1 X144.7 Y123.569
G1 X145.676 Y119.928 E1754.35056
G0 F9000 X145.676 Y120.15
G0 X149.817 Y120.15
G0 X149.817 Y119.928
G1 F3000 X148.841 Y123.569 E1754.47594
G0 F9000 X148.099 Y123.569
G1 F3000 X161.683 Y119.929 E1754.94369
G0 F9000 X161.683 Y120.15
G0 X163.555 Y123.35
G0 X163.555 Y123.569
G1 F3000 X177.137 Y119.929 E1755.41137
G0 F9000 X177.137 Y120.15
G0 X179.01 Y123.35
G0 X179.01 Y123.569
G1 F3000 X184.319 Y122.146 E1755.59418
G0 F9000 X184.1 Y122.146
G0 X182.945 Y120.15
G0 X182.945 Y119.928
G1 F3000 X181.97 Y123.568 E1755.71951
G0 F9000 X181.97 Y123.35
G0 X166.381 Y120.15
G0 X166.381 Y119.928
G1 F3000 X165.405 Y123.569 E1755.84489
G0 F9000 X165.405 Y123.35
G0 X137.393 Y120.15
G0 X137.393 Y119.928
G1 F3000 X136.418 Y123.569 E1755.97025
G0 F9000 X136.418 Y123.35
G0 X133.425 Y123.35
G0 X133.425 Y123.569
G1 F3000 X129.785 Y119.93 E1756.14145
G0 F9000 X129.111 Y119.928
G1 F3000 X128.135 Y123.569 E1756.26682
G0 F9000 X127.768 Y123.569
G1 F3000 X124.129 Y119.93 E1756.43799
G0 F9000 X124.97 Y119.928
G1 F3000 X123.994 Y123.569 E1756.56336
G0 F9000 X123.994 Y123.35
G0 X122.111 Y123.35
G0 X122.111 Y123.569
G1 F3000 X118.472 Y119.93 E1756.73453
G0 F9000 X118.472 Y120.15
G0 X116.688 Y120.15
G0 X116.688 Y119.928
G1 F3000 X115.712 Y123.569 E1756.85991
G0 F9000 X116.454 Y123.569
G1 F3000 X112.815 Y119.93 E1757.03107
G0 F9000 X112.547 Y119.928
G1 F3000 X111.571 Y123.569 E1757.15645
G0 F9000 X110.797 Y123.569
G1 F3000 X107.157 Y119.929 E1757.32766
G0 F9000 X107.157 Y120.15
G0 X108.405 Y120.15
G0 X108.405 Y119.929
G1 F3000 X107.43 Y123.569 E1757.453
G0 F9000 X107.43 Y123.35
G0 X105.14 Y123.35
G0 X105.14 Y123.569
G1 F3000 X101.5 Y119.929 E1757.62421
G0 F9000 X101.5 Y120.15
G0 X100.123 Y120.15
G0 X100.123 Y119.928
G1 F3000 X99.148 Y123.569 E1757.74958
G0 F9000 X99.483 Y123.569
G1 F3000 X95.844 Y119.929 E1757.92077
G1 X95.982 Y119.928
G1 X95.007 Y123.569 E1758.04614
G0 F9000 X95.007 Y123.35
G0 X93.826 Y123.35
G0 X93.826 Y123.569
G1 F3000 X90.187 Y119.929 E1758.21733
G0 F9000 X90.187 Y120.15
G0 X91.841 Y120.15
G0 X91.841 Y119.928
G1 F3000 X90.866 Y123.569 E1758.3427
G0 F9000 X90.866 Y123.35
G0 X88.169 Y123.35
G0 X88.169 Y123.569
G1 F3000 X84.53 Y119.929 E1758.51389
G1 X84.409 Y119.929
G1 X70.823 Y123.57 E1758.9817
G0 F9000 X71.199 Y123.569
G1 F3000 X67.559 Y119.929 E1759.15292
G0 F9000 X66.994 Y119.929
G1 F3000 X66.019 Y123.569 E1759.27825
G0 F9000 X65.542 Y123.569
G1 F3000 X61.902 Y119.929 E1759.44947
G0 F9000 X62.853 Y119.928
G1 F3000 X61.878 Y123.569 E1759.57484
G0 F9000 X61.878 Y123.35
G0 X59.885 Y123.35
G0 X59.885 Y123.569
G1 F3000 X56.246 Y119.929 E1759.74603
G0 F9000 X56.246 Y120.15
G0 X54.571 Y120.15
G0 X54.571 Y119.928
G1 F3000 X53.596 Y123.569 E1759.87139
G0 F9000 X54.228 Y123.569
G1 F3000 X50.589 Y119.929 E1760.04258
G1 X50.43 Y119.928
G1 X49.455 Y123.569 E1760.16795
G0 F9000 X48.571 Y123.569
G1 F3000 X44.932 Y119.929 E1760.33914
G0 F9000 X44.932 Y120.15
G0 X46.289 Y120.15
G0 X46.289 Y119.929
G1 F3000 X45.313 Y123.569 E1760.46449
G0 F9000 X45.313 Y123.35
G0 X42.915 Y123.35
G0 X42.915 Y123.569
G1 F3000 X39.275 Y119.929 E1760.6357
G0 F9000 X39.275 Y120.15
G0 X38.045 Y120.15
G0 X38.045 Y119.929
G1 F3000 X35.679 Y120.563 E1760.71717
G0 F9000 X35.9 Y120.563
G0 X35.9 Y121.99
G0 X35.679 Y121.99
G1 F3000 X37.258 Y123.569 E1760.79144
G0 F9000 X37.031 Y123.57
G1 F3000 X38.007 Y119.928 E1760.91685
G0 F9000 X38.007 Y120.15
G0 X39.913 Y123.35
G0 X39.913 Y123.57
G1 F3000 X53.5 Y119.929 E1761.3847
G0 F9000 X53.5 Y120.15
G0 X55.368 Y123.35
G0 X55.368 Y123.57
G1 F3000 X68.954 Y119.929 E1761.85252
G0 F9000 X68.954 Y120.15
G0 X71.136 Y120.15
G0 X71.136 Y119.928
G1 F3000 X70.16 Y123.569 E1761.97789
G0 F9000 X70.16 Y123.35
G0 X74.301 Y123.35
G0 X74.301 Y123.569
G1 F3000 X75.277 Y119.928 E1762.10327
G0 F9000 X75.277 Y120.15
G0 X73.216 Y120.15
G0 X73.216 Y119.929
G1 F3000 X76.856 Y123.569 E1762.27448
G0 F9000 X76.856 Y123.35
G0 X78.442 Y123.35
G0 X78.442 Y123.569
G1 F3000 X79.418 Y119.928 E1762.39986
G0 F9000 X78.873 Y119.929
G1 F3000 X82.512 Y123.569 E1762.57105
G1 X82.583 Y123.569
G1 X83.559 Y119.928 E1762.69642
G0 F9000 X83.559 Y120.15
G0 X87.7 Y120.15
G0 X87.7 Y119.929
G1 F3000 X86.724 Y123.569 E1762.82177
G0 F9000 X86.279 Y123.569
G1 F3000 X99.863 Y119.929 E1763.28951
G0 F9000 X99.863 Y120.15
G0 X101.733 Y123.35
G0 X101.733 Y123.569
G1 F3000 X115.318 Y119.929 E1763.75729
G0 F9000 X115.318 Y120.15
G0 X117.189 Y123.35
G0 X117.189 Y123.569
G1 F3000 X130.773 Y119.929 E1764.22504
G0 F9000 X130.773 Y120.15
G0 X120.829 Y120.15
G0 X120.829 Y119.928
G1 F3000 X119.853 Y123.569 E1764.35041
G0 F9000 X119.853 Y123.35
G0 X104.265 Y120.15
G0 X104.265 Y119.928
G1 F3000 X103.289 Y123.569 E1764.47579
G1 F2700 E1759.47579
G0 F9000 X103.289 Y123.35
G0 X58.712 Y120.15
G0 X58.712 Y119.928
G1 F2700 E1764.47579
G1 F3000 X57.737 Y123.569 E1764.60115
G0 F9000 X57.737 Y123.35
G0 X42.148 Y120.15
G0 X42.148 Y119.928
G1 F3000 X41.172 Y123.569 E1764.72653
G0 F9000 X41.172 Y123.05
G1 F2700 E1759.72653
;MESH:NONMESH
G0 F300 X41.172 Y123.05 Z4.4
G0 F9000 X184.13 Y119.67
G0 X184.13 Y118.585
G0 X184.13 Y101.415
G0 X184.13 Y100.33
G0 X184.13 Y99.88
G0 X184.4 Y100.15
;TIME_ELAPSED:2714.855771
;LAYER:21
;TYPE:WALL-INNER
;MESH:Garmin_GFC500 BOARDS SUPPORTS.stl
G1 F2700 E1764.72653
G1 F1500 X184.4 Y96.35 E1764.85292
G1 X35.6 Y96.35 E1769.80203
G1 X35.6 Y100.15 E1769.92841
G1 X184.4 Y100.15 E1774.87752
G0 F9000 X184.8 Y100.55
;TYPE:WALL-OUTER
G1 F1500 X184.8 Y95.95 E1775.03052
G1 X35.2 Y95.95 E1780.00623
G1 X35.2 Y100.55 E1780.15923
G1 X184.8 Y100.55 E1785.13495
G0 F9000 X183.978 Y100.07
;TYPE:FILL
G1 F3000 X184.319 Y98.798 E1785.17875
G0 F9000 X184.1 Y98.798
G0 X184.1 Y97.447
G0 X184.318 Y97.447
G1 F3000 X174.531 Y100.069 E1785.51574
G0 F9000 X174.531 Y99.85
G0 X175.696 Y99.85
G0 X175.696 Y100.069
G1 F3000 X176.672 Y96.428 E1785.64112
G0 F9000 X176.672 Y96.65
G0 X174.368 Y96.65
G0 X174.368 Y96.43
G1 F3000 X178.008 Y100.069 E1785.81231
G0 F9000 X178.008 Y99.85
G0 X179.837 Y99.85
G0 X179.837 Y100.069
G1 F3000 X180.813 Y96.428 E1785.93769
G0 F9000 X180.025 Y96.43
G1 F3000 X183.665 Y100.069 E1786.10888
G0 F9000 X183.665 Y99.85
G0 X172.351 Y99.85
G0 X172.351 Y100.069
G1 F3000 X168.712 Y96.43 E1786.28005
G0 F9000 X168.39 Y96.428
G1 F3000 X167.414 Y100.069 E1786.40542
G0 F9000 X166.694 Y100.069
G1 F3000 X163.055 Y96.43 E1786.57659
G0 F9000 X163.055 Y96.65
G0 X164.249 Y96.65
G0 X164.249 Y96.428
G1 F3000 X163.273 Y100.07 E1786.702
G0 F9000 X163.273 Y99.85
G0 X161.037 Y99.85
G0 X161.037 Y100.069
G1 F3000 X157.398 Y96.43 E1786.87316
G1 X157.208 Y96.429
G1 X143.622 Y100.069 E1787.34097
G0 F9000 X144.067 Y100.069
G1 F3000 X140.427 Y96.43 E1787.51216
G0 F9000 X140.427 Y96.65
G0 X139.402 Y96.65
G0 X139.402 Y96.428
G1 F3000 X138.426 Y100.069 E1787.63754
G1 X138.41 Y100.069
G1 X134.771 Y96.43 E1787.80871
G0 F9000 X135.261 Y96.428
G1 F3000 X134.285 Y100.069 E1787.93408
G0 F9000 X134.285 Y99.85
G0 X132.753 Y99.85
G0 X132.753 Y100.069
G1 F3000 X129.114 Y96.43 E1788.10525
G0 F9000 X129.114 Y96.65
G0 X131.12 Y96.65
G0 X131.12 Y96.429
G1 F3000 X130.144 Y100.069 E1788.23059
G0 F9000 X130.144 Y99.85
G0 X128.168 Y99.85
G0 X128.168 Y100.069
G1 F3000 X141.753 Y96.429 E1788.69837
G0 F9000 X141.753 Y96.65
G0 X143.543 Y96.65
G0 X143.543 Y96.428
G1 F3000 X142.567 Y100.07 E1788.82378
G0 F9000 X142.567 Y99.85
G0 X146.708 Y99.85
G0 X146.708 Y100.069
G1 F3000 X147.684 Y96.428 E1788.94915
G0 F9000 X147.684 Y96.65
G0 X146.084 Y96.65
G0 X146.084 Y96.43
G1 F3000 X149.724 Y100.069 E1789.12034
G0 F9000 X149.724 Y99.85
G0 X150.85 Y99.85
G0 X150.85 Y100.069
G1 F3000 X151.825 Y96.429 E1789.24568
G1 X151.741 Y96.43
G1 X155.381 Y100.069 E1789.41687
G0 F9000 X154.991 Y100.069
G1 F3000 X155.966 Y96.428 E1789.54224
G0 F9000 X155.966 Y96.65
G0 X160.107 Y96.65
G0 X160.107 Y96.428
G1 F3000 X159.132 Y100.069 E1789.6676
G1 X159.077 Y100.069
G1 X172.663 Y96.429 E1790.13541
G1 X172.531 Y96.429
G1 X171.555 Y100.069 E1790.26076
G1 F2700 E1785.26076
G0 F9000 X171.555 Y99.85
G0 X127.096 Y99.85
G0 X127.096 Y100.069
G1 F2700 E1790.26076
G1 F3000 X123.457 Y96.43 E1790.43192
G0 F9000 X122.838 Y96.428
G1 F3000 X121.862 Y100.07 E1790.55733
G0 F9000 X121.439 Y100.069
G1 F3000 X117.8 Y96.43 E1790.7285
G0 F9000 X118.696 Y96.428
G1 F3000 X117.721 Y100.069 E1790.85387
G0 F9000 X117.721 Y99.85
G0 X115.783 Y99.85
G0 X115.783 Y100.069
G1 F3000 X112.143 Y96.43 E1791.02506
G0 F9000 X112.143 Y96.65
G0 X110.843 Y96.65
G0 X110.843 Y96.429
G1 F3000 X97.258 Y100.069 E1791.49283
G0 F9000 X97.015 Y100.07
G1 F3000 X97.991 Y96.428 E1791.61824
G0 F9000 X97.991 Y96.65
G0 X95.389 Y96.65
G0 X95.389 Y96.429
G1 F3000 X81.803 Y100.069 E1792.08605
G1 X81.841 Y100.069
G1 X78.201 Y96.429 E1792.25727
G0 F9000 X77.285 Y96.428
G1 F3000 X76.31 Y100.07 E1792.38266
G1 X76.184 Y100.069
G1 X72.544 Y96.429 E1792.55388
G0 F9000 X73.144 Y96.428
G1 F3000 X72.169 Y100.069 E1792.67925
G0 F9000 X72.169 Y99.85
G0 X70.527 Y99.85
G0 X70.527 Y100.069
G1 F3000 X66.888 Y96.429 E1792.85044
G0 F9000 X66.888 Y96.65
G0 X64.862 Y96.65
G0 X64.862 Y96.429
G1 F3000 X63.886 Y100.069 E1792.97578
G0 F9000 X64.87 Y100.069
G1 F3000 X61.231 Y96.429 E1793.14697
G0 F9000 X60.721 Y96.428
G1 F3000 X59.745 Y100.07 E1793.27238
G0 F9000 X59.213 Y100.069
G1 F3000 X55.574 Y96.429 E1793.44357
G0 F9000 X55.574 Y96.65
G0 X56.58 Y96.65
G0 X56.58 Y96.428
G1 F3000 X55.604 Y100.07 E1793.56898
G0 F9000 X55.604 Y99.85
G0 X53.556 Y99.85
G0 X53.556 Y100.069
G1 F3000 X49.917 Y96.429 E1793.74017
G0 F9000 X49.025 Y96.429
G1 F3000 X35.679 Y100.004 E1794.19971
G0 F9000 X35.679 Y99.162
G1 F3000 X36.586 Y100.069 E1794.24237
G0 F9000 X36.586 Y99.85
G0 X39.04 Y99.85
G0 X39.04 Y100.07
G1 F3000 X40.015 Y96.428 E1794.36777
G0 F9000 X40.015 Y96.65
G0 X38.603 Y96.65
G0 X38.603 Y96.429
G1 F3000 X42.243 Y100.069 E1794.53898
G0 F9000 X43.181 Y100.069
G1 F3000 X44.156 Y96.429 E1794.66432
G1 X44.26 Y96.429
G1 X47.9 Y100.069 E1794.83553
G0 F9000 X47.322 Y100.069
G1 F3000 X48.298 Y96.429 E1794.96088
G0 F9000 X48.298 Y96.65
G0 X52.439 Y96.65
G0 X52.439 Y96.428
G1 F3000 X51.463 Y100.069 E1795.08625
G0 F9000 X50.894 Y100.069
G1 F3000 X64.479 Y96.429 E1795.55403
G0 F9000 X64.479 Y96.65
G0 X66.348 Y99.85
G0 X66.348 Y100.069
G1 F3000 X79.934 Y96.429 E1796.02184
G0 F9000 X79.934 Y96.65
G0 X81.427 Y96.65
G0 X81.427 Y96.428
G1 F3000 X80.451 Y100.07 E1796.14725
G0 F9000 X80.451 Y99.85
G0 X84.592 Y99.85
G0 X84.592 Y100.069
G1 F3000 X85.568 Y96.428 E1796.27262
G0 F9000 X85.568 Y96.65
G0 X83.858 Y96.65
G0 X83.858 Y96.429
G1 F3000 X87.498 Y100.069 E1796.44384
G0 F9000 X87.498 Y99.85
G0 X88.733 Y99.85
G0 X88.733 Y100.069
G1 F3000 X89.709 Y96.429 E1796.56918
G1 X89.515 Y96.429
G1 X93.154 Y100.069 E1796.74037
G0 F9000 X92.874 Y100.069
G1 F3000 X93.85 Y96.428 E1796.86575
G0 F9000 X93.85 Y96.65
G0 X95.172 Y96.65
G0 X95.172 Y96.429
G1 F3000 X98.811 Y100.069 E1797.03694
G0 F9000 X98.811 Y99.85
G0 X101.156 Y99.85
G0 X101.156 Y100.07
G1 F3000 X102.132 Y96.428 E1797.16234
G0 F9000 X102.132 Y96.65
G0 X100.829 Y96.65
G0 X100.829 Y96.429
G1 F3000 X104.468 Y100.069 E1797.33354
G0 F9000 X105.297 Y100.069
G1 F3000 X106.273 Y96.428 E1797.45891
G0 F9000 X106.486 Y96.429
G1 F3000 X110.126 Y100.069 E1797.63013
G0 F9000 X109.439 Y100.069
G1 F3000 X110.414 Y96.429 E1797.75546
G0 F9000 X110.414 Y96.65
G0 X114.555 Y96.65
G0 X114.555 Y96.428
G1 F3000 X113.58 Y100.069 E1797.88083
G0 F9000 X112.713 Y100.069
G1 F3000 X126.299 Y96.429 E1798.34864
G0 F9000 X126.979 Y96.428
G1 F3000 X126.003 Y100.069 E1798.47401
G1 F2700 E1793.47401
G0 F9000 X126.003 Y99.85
G0 X69.003 Y96.65
G0 X69.003 Y96.429
G1 F2700 E1798.47401
G1 F3000 X68.028 Y100.069 E1798.59935
G1 F2700 E1793.59935
G0 F9000 X68.028 Y99.85
G0 X35.874 Y96.65
G0 X35.874 Y96.428
G1 F2700 E1798.59935
G1 F3000 X35.68 Y97.155 E1798.62437
G0 F9000 X36.2 Y97.155
G1 F2700 E1793.62437
G0 F9000 X184.13 Y100.33
G0 X184.13 Y101.415
G0 X184.13 Y118.585
G0 X184.13 Y119.67
G0 X184.13 Y123.38
G0 X184.4 Y123.65
;TYPE:WALL-INNER
G1 F2700 E1798.62437
G1 F1500 X184.4 Y119.85 E1798.75076
G1 X35.6 Y119.85 E1803.69987
G1 X35.6 Y123.65 E1803.82626
G1 X184.4 Y123.65 E1808.77537
G0 F9000 X184.8 Y124.05
;TYPE:WALL-OUTER
G1 F1500 X184.8 Y119.45 E1808.92836
G1 X35.2 Y119.45 E1813.90408
G1 X35.2 Y124.05 E1814.05708
G1 X184.8 Y124.05 E1819.03279
G0 F9000 X184.319 Y123.351
;TYPE:FILL
G1 F3000 X180.898 Y119.93 E1819.19371
G0 F9000 X180.898 Y120.15
G0 X182.798 Y120.15
G0 X182.798 Y119.928
G1 F3000 X181.823 Y123.569 E1819.31907
G0 F9000 X181.823 Y123.35
G0 X179.558 Y123.35
G0 X179.558 Y123.569
G1 F3000 X184.319 Y122.293 E1819.48301
G0 F9000 X184.1 Y122.293
G0 X178.881 Y123.35
G0 X178.881 Y123.569
G1 F3000 X175.241 Y119.93 E1819.6542
G0 F9000 X174.516 Y119.928
G1 F3000 X173.541 Y123.569 E1819.77957
G0 F9000 X173.224 Y123.569
G1 F3000 X169.584 Y119.93 E1819.95076
G0 F9000 X170.375 Y119.928
G1 F3000 X169.4 Y123.569 E1820.07613
G0 F9000 X169.4 Y123.35
G0 X167.567 Y123.35
G0 X167.567 Y123.569
G1 F3000 X163.927 Y119.93 E1820.24732
G0 F9000 X163.927 Y120.15
G0 X162.231 Y120.15
G0 X162.231 Y119.93
G1 F3000 X148.648 Y123.569 E1820.71502
G1 X148.694 Y123.569
G1 X149.669 Y119.928 E1820.84039
G0 F9000 X149.669 Y120.15
G0 X146.957 Y120.15
G0 X146.957 Y119.93
G1 F3000 X150.596 Y123.569 E1821.01156
G0 F9000 X150.596 Y123.35
G0 X152.835 Y123.35
G0 X152.835 Y123.569
G1 F3000 X153.811 Y119.928 E1821.13693
G0 F9000 X153.811 Y120.15
G0 X152.614 Y120.15
G0 X152.614 Y119.93
G1 F3000 X156.253 Y123.569 E1821.3081
G0 F9000 X156.976 Y123.569
G1 F3000 X157.952 Y119.928 E1821.43348
G0 F9000 X158.271 Y119.93
G1 F3000 X161.91 Y123.569 E1821.60464
G0 F9000 X161.117 Y123.569
G1 F3000 X162.093 Y119.928 E1821.73002
G0 F9000 X162.093 Y120.15
G0 X166.234 Y120.15
G0 X166.234 Y119.928
G1 F3000 X165.258 Y123.569 E1821.85539
G0 F9000 X165.258 Y123.35
G0 X164.103 Y123.35
G0 X164.103 Y123.569
G1 F3000 X177.686 Y119.929 E1822.32311
G0 F9000 X178.657 Y119.928
G1 F3000 X177.682 Y123.569 E1822.44847
G1 F2700 E1817.44847
G0 F9000 X177.682 Y123.35
G0 X146.776 Y120.15
G0 X146.776 Y119.929
G1 F2700 E1822.44847
G1 F3000 X133.193 Y123.569 E1822.91619
G0 F9000 X133.626 Y123.569
G1 F3000 X129.986 Y119.93 E1823.08738
G0 F9000 X129.986 Y120.15
G0 X128.964 Y120.15
G0 X128.964 Y119.928
G1 F3000 X127.988 Y123.569 E1823.21275
G1 X127.969 Y123.569
G1 X124.329 Y119.93 E1823.38395
G0 F9000 X124.823 Y119.928
G1 F3000 X123.847 Y123.569 E1823.50932
G0 F9000 X123.847 Y123.35
G0 X122.312 Y123.35
G0 X122.312 Y123.569
G1 F3000 X118.673 Y119.93 E1823.68049
G0 F9000 X118.673 Y120.15
G0 X120.682 Y120.15
G0 X120.682 Y119.928
G1 F3000 X119.706 Y123.569 E1823.80586
G0 F9000 X119.706 Y123.35
G0 X117.738 Y123.35
G0 X117.738 Y123.569
G1 F3000 X131.321 Y119.929 E1824.27358
G0 F9000 X131.321 Y120.15
G0 X133.105 Y120.15
G0 X133.105 Y119.928
G1 F3000 X132.13 Y123.569 E1824.39894
G0 F9000 X132.13 Y123.35
G0 X136.271 Y123.35
G0 X136.271 Y123.569
G1 F3000 X137.246 Y119.928 E1824.52431
G0 F9000 X137.246 Y120.15
G0 X135.643 Y120.15
G0 X135.643 Y119.93
G1 F3000 X139.283 Y123.569 E1824.6955
G0 F9000 X139.283 Y123.35
G0 X140.412 Y123.35
G0 X140.412 Y123.569
G1 F3000 X141.387 Y119.928 E1824.82087
G1 X141.3 Y119.93
G1 X144.939 Y123.569 E1824.99204
G0 F9000 X144.553 Y123.569
G1 F3000 X145.529 Y119.928 E1825.11741
G0 F9000 X145.529 Y120.15
G0 X116.541 Y120.15
G0 X116.541 Y119.928
G1 F3000 X115.565 Y123.569 E1825.24279
G0 F9000 X115.565 Y123.35
G0 X116.655 Y123.35
G0 X116.655 Y123.569
G1 F3000 X113.016 Y119.93 E1825.41395
G0 F9000 X112.4 Y119.928
G1 F3000 X111.424 Y123.569 E1825.53933
G0 F9000 X110.998 Y123.569
G1 F3000 X107.358 Y119.929 E1825.71054
G0 F9000 X108.258 Y119.928
G1 F3000 X107.283 Y123.569 E1825.83591
G0 F9000 X107.283 Y123.35
G0 X105.341 Y123.35
G0 X105.341 Y123.569
G1 F3000 X101.701 Y119.929 E1826.00713
G0 F9000 X101.701 Y120.15
G0 X100.412 Y120.15
G0 X100.412 Y119.929
G1 F3000 X86.827 Y123.569 E1826.4749
G0 F9000 X86.577 Y123.569
G1 F3000 X87.553 Y119.928 E1826.60028
G0 F9000 X87.553 Y120.15
G0 X84.957 Y120.15
G0 X84.957 Y119.929
G1 F3000 X71.372 Y123.57 E1827.06806
G1 X71.4 Y123.569
G1 X67.76 Y119.929 E1827.23928
G0 F9000 X66.847 Y119.928
G1 F3000 X65.872 Y123.569 E1827.36465
G1 X65.743 Y123.569
G1 X62.103 Y119.929 E1827.53586
G0 F9000 X62.706 Y119.928
G1 F3000 X61.731 Y123.569 E1827.66123
G0 F9000 X61.731 Y123.35
G0 X60.086 Y123.35
G0 X60.086 Y123.569
G1 F3000 X56.446 Y119.929 E1827.83244
G0 F9000 X56.446 Y120.15
G0 X54.424 Y120.15
G0 X54.424 Y119.928
G1 F3000 X53.449 Y123.569 E1827.95781
G0 F9000 X54.429 Y123.569
G1 F3000 X50.79 Y119.929 E1828.129
G0 F9000 X50.283 Y119.928
G1 F3000 X49.308 Y123.569 E1828.25437
G0 F9000 X48.772 Y123.569
G1 F3000 X45.133 Y119.929 E1828.42556
G0 F9000 X45.133 Y120.15
G0 X46.142 Y120.15
G0 X46.142 Y119.929
G1 F3000 X45.166 Y123.569 E1828.5509
G0 F9000 X45.166 Y123.35
G0 X43.115 Y123.35
G0 X43.115 Y123.569
G1 F3000 X39.476 Y119.929 E1828.72209
G0 F9000 X38.593 Y119.929
G1 F3000 X35.679 Y120.71 E1828.82243
G0 F9000 X35.9 Y120.71
G0 X35.9 Y121.789
G0 X35.679 Y121.789
G1 F3000 X37.458 Y123.569 E1828.90613
G0 F9000 X36.884 Y123.569
G1 F3000 X37.86 Y119.928 E1829.03151
G0 F9000 X37.86 Y120.15
G0 X42.001 Y120.15
G0 X42.001 Y119.928
G1 F3000 X41.025 Y123.569 E1829.15689
G0 F9000 X40.462 Y123.57
G1 F3000 X54.048 Y119.929 E1829.6247
G0 F9000 X54.048 Y120.15
G0 X55.917 Y123.35
G0 X55.917 Y123.57
G1 F3000 X69.503 Y119.929 E1830.09252
G0 F9000 X69.503 Y120.15
G0 X70.989 Y120.15
G0 X70.989 Y119.928
G1 F3000 X70.013 Y123.569 E1830.2179
G0 F9000 X70.013 Y123.35
G0 X74.154 Y123.35
G0 X74.154 Y123.569
G1 F3000 X75.13 Y119.928 E1830.34327
G0 F9000 X75.13 Y120.15
G0 X73.417 Y120.15
G0 X73.417 Y119.929
G1 F3000 X77.056 Y123.569 E1830.51446
G0 F9000 X77.056 Y123.35
G0 X78.295 Y123.35
G0 X78.295 Y123.569
G1 F3000 X79.271 Y119.928 E1830.63984
G1 X79.074 Y119.929
G1 X82.713 Y123.569 E1830.81103
G0 F9000 X82.436 Y123.569
G1 F3000 X83.412 Y119.928 E1830.93641
G0 F9000 X83.412 Y120.15
G0 X84.731 Y120.15
G0 X84.731 Y119.929
G1 F3000 X88.37 Y123.569 E1831.1076
G0 F9000 X88.37 Y123.35
G0 X90.719 Y123.35
G0 X90.719 Y123.569
G1 F3000 X91.694 Y119.928 E1831.23296
G0 F9000 X91.694 Y120.15
G0 X90.388 Y120.15
G0 X90.388 Y119.929
G1 F3000 X94.027 Y123.569 E1831.40415
G0 F9000 X94.86 Y123.569
G1 F3000 X95.835 Y119.928 E1831.52952
G0 F9000 X96.044 Y119.929
G1 F3000 X99.684 Y123.569 E1831.70074
G0 F9000 X99.001 Y123.569
G1 F3000 X99.976 Y119.928 E1831.8261
G0 F9000 X99.976 Y120.15
G0 X104.118 Y120.15
G0 X104.118 Y119.928
G1 F3000 X103.142 Y123.569 E1831.95148
G0 F9000 X102.282 Y123.569
G1 F3000 X115.867 Y119.929 E1832.41926
G1 F2700 E1827.41926
G0 F9000 X115.867 Y120.15
G0 X58.565 Y120.15
G0 X58.565 Y119.928
G1 F2700 E1832.41926
G1 F3000 X57.59 Y123.569 E1832.54462
G0 F9000 X57.59 Y123.05
G1 F2700 E1827.54462
;MESH:NONMESH
G0 F300 X57.59 Y123.05 Z4.6
G0 F9000 X184.13 Y119.67
G0 X184.13 Y118.585
G0 X184.13 Y101.415
G0 X184.13 Y100.33
G0 X184.13 Y99.88
G0 X184.4 Y100.15
;TIME_ELAPSED:2815.338398
;LAYER:22
;TYPE:WALL-INNER
;MESH:Garmin_GFC500 BOARDS SUPPORTS.stl
G1 F2700 E1832.54462
G1 F1500 X184.4 Y96.35 E1832.67101
G1 X35.6 Y96.35 E1837.62012
G1 X35.6 Y100.15 E1837.74651
G1 X184.4 Y100.15 E1842.69562
G0 F9000 X184.8 Y100.55
;TYPE:WALL-OUTER
G1 F1500 X184.8 Y95.95 E1842.84861
G1 X35.2 Y95.95 E1847.82433
G1 X35.2 Y100.55 E1847.97732
G1 X184.8 Y100.55 E1852.95304
G0 F9000 X184.53 Y100.28
G0 X183.864 Y99.85
G0 X183.864 Y100.069
;TYPE:FILL
G1 F3000 X180.225 Y96.43 E1853.12421
G0 F9000 X180.667 Y96.428
G1 F3000 X179.691 Y100.069 E1853.24958
G0 F9000 X179.691 Y99.85
G0 X178.207 Y99.85
G0 X178.207 Y100.069
G1 F3000 X174.568 Y96.43 E1853.42075
G0 F9000 X174.568 Y96.65
G0 X173.207 Y96.65
G0 X173.207 Y96.429
G1 F3000 X159.621 Y100.069 E1853.88856
G0 F9000 X158.986 Y100.069
G1 F3000 X159.961 Y96.428 E1854.01393
G0 F9000 X159.961 Y96.65
G0 X157.753 Y96.65
G0 X157.753 Y96.429
G1 F3000 X144.167 Y100.069 E1854.48174
G1 X144.266 Y100.069
G1 X140.627 Y96.43 E1854.6529
G0 F9000 X140.627 Y96.65
G0 X139.256 Y96.65
G0 X139.256 Y96.428
G1 F3000 X138.28 Y100.069 E1854.77828
G0 F9000 X138.609 Y100.069
G1 F3000 X134.97 Y96.43 E1854.94945
G1 X135.115 Y96.429
G1 X134.139 Y100.069 E1855.07479
G0 F9000 X134.139 Y99.85
G0 X132.953 Y99.85
G0 X132.953 Y100.069
G1 F3000 X129.313 Y96.43 E1855.24598
G0 F9000 X129.313 Y96.65
G0 X130.974 Y96.65
G0 X130.974 Y96.428
G1 F3000 X129.998 Y100.069 E1855.37136
G0 F9000 X129.998 Y99.85
G0 X128.712 Y99.85
G0 X128.712 Y100.069
G1 F3000 X142.298 Y96.429 E1855.83917
G0 F9000 X142.298 Y96.65
G0 X143.397 Y96.65
G0 X143.397 Y96.428
G1 F3000 X142.422 Y100.069 E1855.96453
G0 F9000 X142.422 Y99.85
G0 X146.562 Y99.85
G0 X146.562 Y100.07
G1 F3000 X147.538 Y96.428 E1856.08994
G0 F9000 X147.538 Y96.65
G0 X146.284 Y96.65
G0 X146.284 Y96.43
G1 F3000 X149.923 Y100.069 E1856.26111
G0 F9000 X150.704 Y100.069
G1 F3000 X151.679 Y96.428 E1856.38648
G0 F9000 X151.94 Y96.43
G1 F3000 X155.58 Y100.069 E1856.55767
G0 F9000 X154.845 Y100.069
G1 F3000 X155.82 Y96.429 E1856.683
G0 F9000 X155.82 Y96.65
G0 X157.597 Y96.65
G0 X157.597 Y96.43
G1 F3000 X161.237 Y100.069 E1856.85419
G0 F9000 X161.237 Y99.85
G0 X163.127 Y99.85
G0 X163.127 Y100.069
G1 F3000 X164.103 Y96.428 E1856.97957
G0 F9000 X163.254 Y96.43
G1 F3000 X166.894 Y100.069 E1857.15076
G0 F9000 X167.268 Y100.07
G1 F3000 X168.244 Y96.428 E1857.27617
G0 F9000 X168.911 Y96.43
G1 F3000 X172.551 Y100.069 E1857.44736
G0 F9000 X172.551 Y99.85
G0 X171.409 Y99.85
G0 X171.409 Y100.069
G1 F3000 X172.385 Y96.428 E1857.57273
G0 F9000 X172.385 Y96.65
G0 X176.526 Y96.65
G0 X176.526 Y96.429
G1 F3000 X175.55 Y100.069 E1857.69808
G0 F9000 X175.076 Y100.069
G1 F3000 X184.318 Y97.593 E1858.01631
G0 F9000 X184.319 Y98.253
G1 F3000 X183.833 Y100.069 E1858.07883
G1 F2700 E1853.07883
G0 F9000 X183.833 Y99.85
G0 X127.296 Y99.85
G0 X127.296 Y100.069
G1 F2700 E1858.07883
G1 F3000 X123.656 Y96.43 E1858.25002
G0 F9000 X122.692 Y96.428
G1 F3000 X121.716 Y100.069 E1858.3754
G1 X121.639 Y100.069
G1 X117.999 Y96.43 E1858.54659
G0 F9000 X118.55 Y96.428
G1 F3000 X117.575 Y100.069 E1858.67196
G0 F9000 X117.575 Y99.85
G0 X115.982 Y99.85
G0 X115.982 Y100.069
G1 F3000 X112.343 Y96.43 E1858.84312
G0 F9000 X111.389 Y96.429
G1 F3000 X97.803 Y100.069 E1859.31093
G0 F9000 X96.869 Y100.069
G1 F3000 X97.845 Y96.428 E1859.43631
G0 F9000 X97.845 Y96.65
G0 X95.934 Y96.65
G0 X95.934 Y96.429
G1 F3000 X82.348 Y100.069 E1859.90412
G0 F9000 X82.04 Y100.069
G1 F3000 X78.401 Y96.429 E1860.07531
G0 F9000 X78.401 Y96.65
G0 X77.139 Y96.65
G0 X77.139 Y96.428
G1 F3000 X76.164 Y100.069 E1860.20068
G0 F9000 X76.383 Y100.069
G1 F3000 X72.744 Y96.429 E1860.37187
G0 F9000 X72.998 Y96.429
G1 F3000 X72.023 Y100.069 E1860.4972
G0 F9000 X72.023 Y99.85
G0 X70.726 Y99.85
G0 X70.726 Y100.069
G1 F3000 X67.087 Y96.429 E1860.66839
G0 F9000 X67.087 Y96.65
G0 X68.857 Y96.65
G0 X68.857 Y96.428
G1 F3000 X67.882 Y100.069 E1860.79376
G0 F9000 X66.894 Y100.069
G1 F3000 X80.478 Y96.429 E1861.26151
G0 F9000 X81.28 Y96.428
G1 F3000 X80.305 Y100.069 E1861.38687
G0 F9000 X80.305 Y99.85
G0 X84.446 Y99.85
G0 X84.446 Y100.07
G1 F3000 X85.422 Y96.428 E1861.51228
G0 F9000 X85.422 Y96.65
G0 X84.058 Y96.65
G0 X84.058 Y96.429
G1 F3000 X87.697 Y100.069 E1861.68347
G0 F9000 X88.587 Y100.069
G1 F3000 X89.563 Y96.428 E1861.80885
G1 X89.714 Y96.429
G1 X93.354 Y100.069 E1861.98006
G0 F9000 X92.728 Y100.069
G1 F3000 X93.704 Y96.429 E1862.1054
G0 F9000 X93.704 Y96.65
G0 X95.371 Y96.65
G0 X95.371 Y96.429
G1 F3000 X99.011 Y100.069 E1862.27662
G0 F9000 X99.011 Y99.85
G0 X101.011 Y99.85
G0 X101.011 Y100.069
G1 F3000 X101.986 Y96.428 E1862.40199
G0 F9000 X101.028 Y96.429
G1 F3000 X104.668 Y100.069 E1862.5732
G0 F9000 X105.151 Y100.07
G1 F3000 X106.127 Y96.428 E1862.69861
G0 F9000 X106.685 Y96.429
G1 F3000 X110.325 Y100.069 E1862.86982
G0 F9000 X110.325 Y99.85
G0 X109.293 Y99.85
G0 X109.293 Y100.069
G1 F3000 X110.268 Y96.428 E1862.99519
G0 F9000 X110.268 Y96.65
G0 X114.409 Y96.65
G0 X114.409 Y96.429
G1 F3000 X113.434 Y100.069 E1863.12052
G1 X113.258 Y100.069
G1 X126.843 Y96.429 E1863.5883
G1 X126.833 Y96.428
G1 X125.857 Y100.07 E1863.71371
G1 F2700 E1858.71371
G0 F9000 X125.857 Y99.85
G0 X65.07 Y99.85
G0 X65.07 Y100.069
G1 F2700 E1863.71371
G1 F3000 X61.43 Y96.429 E1863.88492
G0 F9000 X60.575 Y96.428
G1 F3000 X59.599 Y100.07 E1864.01033
G1 X59.413 Y100.069
G1 X55.773 Y96.429 E1864.18155
G0 F9000 X56.434 Y96.429
G1 F3000 X55.458 Y100.069 E1864.30689
G0 F9000 X55.458 Y99.85
G0 X53.756 Y99.85
G0 X53.756 Y100.069
G1 F3000 X50.116 Y96.429 E1864.4781
G0 F9000 X49.569 Y96.429
G1 F3000 X35.984 Y100.069 E1864.94588
G0 F9000 X36.785 Y100.069
G1 F3000 X35.679 Y98.963 E1864.9979
G0 F9000 X35.9 Y98.963
G0 X35.9 Y96.61
G0 X35.68 Y96.61
G1 F3000 X35.728 Y96.429 E1865.00413
G0 F9000 X35.87 Y96.62
G0 X38.803 Y96.65
G0 X38.803 Y96.429
G1 F3000 X42.442 Y100.069 E1865.17532
G0 F9000 X43.035 Y100.07
G1 F3000 X44.011 Y96.428 E1865.30073
G0 F9000 X44.46 Y96.429
G1 F3000 X48.099 Y100.069 E1865.47192
G0 F9000 X47.176 Y100.069
G1 F3000 X48.152 Y96.428 E1865.5973
G0 F9000 X48.152 Y96.65
G0 X52.293 Y96.65
G0 X52.293 Y96.429
G1 F3000 X51.317 Y100.069 E1865.72264
G1 X51.438 Y100.069
G1 X65.024 Y96.429 E1866.19045
G0 F9000 X64.716 Y96.428
G1 F3000 X63.74 Y100.07 E1866.31586
G0 F9000 X63.74 Y99.85
G0 X39.869 Y96.65
G0 X39.869 Y96.428
G1 F3000 X38.894 Y100.07 E1866.44126
G0 F9000 X38.894 Y99.55
G1 F2700 E1861.44126
G0 F9000 X184.13 Y100.33
G0 X184.13 Y101.415
G0 X184.13 Y118.585
G0 X184.13 Y119.67
G0 X184.13 Y123.38
G0 X184.4 Y123.65
;TYPE:WALL-INNER
G1 F2700 E1866.44126
G1 F1500 X184.4 Y119.85 E1866.56764
G1 X35.6 Y119.85 E1871.51675
G1 X35.6 Y123.65 E1871.64314
G1 X184.4 Y123.65 E1876.59225
G0 F9000 X184.8 Y124.05
;TYPE:WALL-OUTER
G1 F1500 X184.8 Y119.45 E1876.74525
G1 X35.2 Y119.45 E1881.72096
G1 X35.2 Y124.05 E1881.87396
G1 X184.8 Y124.05 E1886.84967
G0 F9000 X184.53 Y123.78
G0 X184.1 Y123.151
G0 X184.319 Y123.151
;TYPE:FILL
G1 F3000 X181.097 Y119.93 E1887.0012
G0 F9000 X181.097 Y120.15
G0 X182.652 Y120.15
G0 X182.652 Y119.928
G1 F3000 X181.677 Y123.569 E1887.12657
G0 F9000 X181.677 Y123.35
G0 X180.103 Y123.35
G0 X180.103 Y123.569
G1 F3000 X184.319 Y122.439 E1887.27175
G0 F9000 X184.1 Y122.439
G0 X179.08 Y123.35
G0 X179.08 Y123.569
G1 F3000 X175.44 Y119.93 E1887.44294
G0 F9000 X175.44 Y120.15
G0 X174.37 Y120.15
G0 X174.37 Y119.928
G1 F3000 X173.395 Y123.569 E1887.5683
G1 X173.423 Y123.569
G1 X169.784 Y119.93 E1887.73947
G0 F9000 X170.229 Y119.928
G1 F3000 X169.254 Y123.569 E1887.86484
G0 F9000 X169.254 Y123.35
G0 X167.766 Y123.35
G0 X167.766 Y123.569
G1 F3000 X164.127 Y119.93 E1888.036
G0 F9000 X164.127 Y120.15
G0 X162.776 Y120.15
G0 X162.776 Y119.929
G1 F3000 X149.192 Y123.569 E1888.50375
G0 F9000 X148.548 Y123.569
G1 F3000 X149.524 Y119.928 E1888.62913
G0 F9000 X149.524 Y120.15
G0 X147.321 Y120.15
G0 X147.321 Y119.929
G1 F3000 X133.738 Y123.569 E1889.09684
G1 X133.825 Y123.569
G1 X130.186 Y119.93 E1889.26801
G0 F9000 X130.186 Y120.15
G0 X128.818 Y120.15
G0 X128.818 Y119.928
G1 F3000 X127.842 Y123.569 E1889.39338
G0 F9000 X128.168 Y123.569
G1 F3000 X124.529 Y119.93 E1889.56455
G1 X124.677 Y119.928
G1 X123.701 Y123.569 E1889.68992
G0 F9000 X123.701 Y123.35
G0 X122.511 Y123.35
G0 X122.511 Y123.569
G1 F3000 X118.872 Y119.93 E1889.86109
G0 F9000 X118.872 Y120.15
G0 X120.536 Y120.15
G0 X120.536 Y119.928
G1 F3000 X119.56 Y123.569 E1889.98647
G0 F9000 X119.56 Y123.35
G0 X118.282 Y123.35
G0 X118.282 Y123.569
G1 F3000 X131.866 Y119.929 E1890.45421
G0 F9000 X131.866 Y120.15
G0 X132.959 Y120.15
G0 X132.959 Y119.928
G1 F3000 X131.984 Y123.569 E1890.57958
G0 F9000 X131.984 Y123.35
G0 X136.125 Y123.35
G0 X136.125 Y123.569
G1 F3000 X137.1 Y119.928 E1890.70495
G0 F9000 X137.1 Y120.15
G0 X135.842 Y120.15
G0 X135.842 Y119.93
G1 F3000 X139.482 Y123.569 E1890.87614
G0 F9000 X140.266 Y123.569
G1 F3000 X141.241 Y119.928 E1891.0015
G0 F9000 X141.499 Y119.93
G1 F3000 X145.139 Y123.569 E1891.17269
G0 F9000 X144.407 Y123.569
G1 F3000 X145.383 Y119.928 E1891.29807
G0 F9000 X145.383 Y120.15
G0 X147.156 Y120.15
G0 X147.156 Y119.93
G1 F3000 X150.796 Y123.569 E1891.46926
G0 F9000 X150.796 Y123.35
G0 X152.689 Y123.35
G0 X152.689 Y123.569
G1 F3000 X153.665 Y119.928 E1891.59464
G0 F9000 X152.813 Y119.93
G1 F3000 X156.453 Y123.569 E1891.76583
G0 F9000 X156.83 Y123.569
G1 F3000 X157.806 Y119.928 E1891.8912
G0 F9000 X158.47 Y119.93
G1 F3000 X162.109 Y123.569 E1892.06237
G0 F9000 X162.109 Y123.35
G0 X160.971 Y123.35
G0 X160.971 Y123.569
G1 F3000 X161.947 Y119.928 E1892.18775
G0 F9000 X161.947 Y120.15
G0 X166.088 Y120.15
G0 X166.088 Y119.928
G1 F3000 X165.112 Y123.569 E1892.31312
G0 F9000 X164.648 Y123.569
G1 F3000 X178.231 Y119.929 E1892.78083
G0 F9000 X178.511 Y119.928
G1 F3000 X177.536 Y123.569 E1892.9062
G1 F2700 E1887.9062
G0 F9000 X177.536 Y123.35
G0 X116.855 Y123.35
G0 X116.855 Y123.569
G1 F2700 E1892.9062
G1 F3000 X113.215 Y119.93 E1893.07739
G0 F9000 X112.254 Y119.928
G1 F3000 X111.278 Y123.569 E1893.20277
G1 X111.198 Y123.569
G1 X107.558 Y119.929 E1893.37398
G0 F9000 X108.113 Y119.928
G1 F3000 X107.137 Y123.569 E1893.49936
G0 F9000 X107.137 Y123.35
G0 X105.54 Y123.35
G0 X105.54 Y123.569
G1 F3000 X101.901 Y119.929 E1893.67055
G0 F9000 X100.957 Y119.929
G1 F3000 X87.372 Y123.569 E1894.13833
G0 F9000 X86.431 Y123.569
G1 F3000 X87.407 Y119.928 E1894.2637
G0 F9000 X87.407 Y120.15
G0 X85.502 Y120.15
G0 X85.502 Y119.929
G1 F3000 X71.916 Y123.57 E1894.73152
G0 F9000 X71.599 Y123.569
G1 F3000 X67.96 Y119.929 E1894.90271
G0 F9000 X67.96 Y120.15
G0 X66.702 Y120.15
G0 X66.702 Y119.928
G1 F3000 X65.726 Y123.569 E1895.02809
G0 F9000 X65.942 Y123.569
G1 F3000 X62.303 Y119.929 E1895.19928
G0 F9000 X62.56 Y119.928
G1 F3000 X61.585 Y123.569 E1895.32464
G0 F9000 X61.585 Y123.35
G0 X60.285 Y123.35
G0 X60.285 Y123.569
G1 F3000 X56.646 Y119.929 E1895.49584
G0 F9000 X56.646 Y120.15
G0 X58.419 Y120.15
G0 X58.419 Y119.928
G1 F3000 X57.444 Y123.569 E1895.6212
G0 F9000 X56.462 Y123.57
G1 F3000 X70.047 Y119.929 E1896.08899
G0 F9000 X70.843 Y119.929
G1 F3000 X69.867 Y123.569 E1896.21433
G0 F9000 X69.867 Y123.35
G0 X74.008 Y123.35
G0 X74.008 Y123.569
G1 F3000 X74.984 Y119.928 E1896.33971
G0 F9000 X74.984 Y120.15
G0 X73.616 Y120.15
G0 X73.616 Y119.929
G1 F3000 X77.256 Y123.569 E1896.51092
G0 F9000 X78.149 Y123.569
G1 F3000 X79.125 Y119.928 E1896.6363
G1 X79.273 Y119.929
G1 X82.913 Y123.569 E1896.80751
G0 F9000 X82.29 Y123.569
G1 F3000 X83.266 Y119.928 E1896.93289
G0 F9000 X83.266 Y120.15
G0 X84.93 Y120.15
G0 X84.93 Y119.929
G1 F3000 X88.57 Y123.569 E1897.1041
G0 F9000 X88.57 Y123.35
G0 X90.573 Y123.35
G0 X90.573 Y123.569
G1 F3000 X91.548 Y119.928 E1897.22947
G0 F9000 X90.587 Y119.929
G1 F3000 X94.226 Y123.569 E1897.40066
G0 F9000 X94.714 Y123.569
G1 F3000 X95.689 Y119.928 E1897.52603
G0 F9000 X96.244 Y119.929
G1 F3000 X99.883 Y123.569 E1897.69722
G0 F9000 X99.883 Y123.35
G0 X98.855 Y123.35
G0 X98.855 Y123.569
G1 F3000 X99.83 Y119.928 E1897.82258
G0 F9000 X99.83 Y120.15
G0 X103.972 Y120.15
G0 X103.972 Y119.928
G1 F3000 X102.996 Y123.569 E1897.94796
G1 X102.827 Y123.569
G1 X116.411 Y119.929 E1898.4157
G1 X116.395 Y119.928
G1 X115.419 Y123.569 E1898.54108
G1 F2700 E1893.54108
G0 F9000 X115.419 Y123.35
G0 X54.628 Y123.35
G0 X54.628 Y123.569
G1 F2700 E1898.54108
G1 F3000 X50.989 Y119.929 E1898.71227
G0 F9000 X50.137 Y119.929
G1 F3000 X49.161 Y123.569 E1898.83761
G1 X48.972 Y123.569
G1 X45.332 Y119.929 E1899.00883
G0 F9000 X45.996 Y119.928
G1 F3000 X45.02 Y123.569 E1899.1342
G0 F9000 X45.02 Y123.35
G0 X43.315 Y123.35
G0 X43.315 Y123.569
G1 F3000 X39.675 Y119.929 E1899.30542
G0 F9000 X39.138 Y119.929
G1 F3000 X35.679 Y120.856 E1899.42453
G0 F9000 X35.679 Y121.59
G1 F3000 X37.658 Y123.569 E1899.51761
G0 F9000 X36.738 Y123.569
G1 F3000 X37.714 Y119.928 E1899.64299
G0 F9000 X37.714 Y120.15
G0 X41.855 Y120.15
G0 X41.855 Y119.928
G1 F3000 X40.879 Y123.569 E1899.76836
G1 X41.006 Y123.57
G1 X54.593 Y119.929 E1900.23621
G0 F9000 X54.278 Y119.928
G1 F3000 X53.303 Y123.569 E1900.36158
G0 F9000 X53.303 Y123.05
G1 F2700 E1895.36158
;MESH:NONMESH
G0 F300 X53.303 Y123.05 Z4.8
G0 F9000 X184.13 Y119.67
G0 X184.13 Y118.585
G0 X184.13 Y101.415
G0 X184.13 Y100.33
G0 X184.13 Y99.88
G0 X184.4 Y100.15
;TIME_ELAPSED:2913.686079
;LAYER:23
;TYPE:WALL-INNER
;MESH:Garmin_GFC500 BOARDS SUPPORTS.stl
G1 F2700 E1900.36158
G1 F1500 X184.4 Y96.35 E1900.48797
G1 X35.6 Y96.35 E1905.43708
G1 X35.6 Y100.15 E1905.56346
G1 X184.4 Y100.15 E1910.51257
G0 F9000 X184.8 Y100.55
;TYPE:WALL-OUTER
G1 F1500 X184.8 Y95.95 E1910.66557
G1 X35.2 Y95.95 E1915.64129
G1 X35.2 Y100.55 E1915.79428
G1 X184.8 Y100.55 E1920.77
G0 F9000 X184.065 Y100.069
;TYPE:FILL
G1 F3000 X180.426 Y96.43 E1920.94117
G1 X180.52 Y96.428
G1 X179.544 Y100.069 E1921.06654
G0 F9000 X179.544 Y99.85
G0 X178.408 Y99.85
G0 X178.408 Y100.069
G1 F3000 X174.769 Y96.43 E1921.23771
G0 F9000 X174.769 Y96.65
G0 X173.756 Y96.65
G0 X173.756 Y96.429
G1 F3000 X160.17 Y100.069 E1921.70552
G0 F9000 X160.17 Y99.85
G0 X161.438 Y99.85
G0 X161.438 Y100.069
G1 F3000 X157.798 Y96.43 E1921.87671
G0 F9000 X158.301 Y96.429
G1 F3000 X144.715 Y100.069 E1922.34452
G0 F9000 X144.467 Y100.069
G1 F3000 X140.828 Y96.43 E1922.51569
G0 F9000 X140.828 Y96.65
G0 X139.109 Y96.65
G0 X139.109 Y96.428
G1 F3000 X138.133 Y100.069 E1922.64106
G0 F9000 X138.81 Y100.069
G1 F3000 X135.171 Y96.43 E1922.81223
G0 F9000 X134.968 Y96.429
G1 F3000 X133.992 Y100.069 E1922.93757
G0 F9000 X133.153 Y100.069
G1 F3000 X129.514 Y96.43 E1923.10874
G0 F9000 X129.514 Y96.65
G0 X130.827 Y96.65
G0 X130.827 Y96.429
G1 F3000 X129.851 Y100.069 E1923.23408
G0 F9000 X129.261 Y100.069
G1 F3000 X142.847 Y96.429 E1923.70189
G0 F9000 X143.25 Y96.428
G1 F3000 X142.274 Y100.07 E1923.8273
G0 F9000 X142.274 Y99.85
G0 X146.415 Y99.85
G0 X146.415 Y100.07
G1 F3000 X147.391 Y96.428 E1923.95271
G0 F9000 X146.484 Y96.43
G1 F3000 X150.124 Y100.069 E1924.1239
G0 F9000 X150.557 Y100.069
G1 F3000 X151.532 Y96.428 E1924.24927
G0 F9000 X152.141 Y96.43
G1 F3000 X155.781 Y100.069 E1924.42046
G0 F9000 X155.781 Y99.85
G0 X154.698 Y99.85
G0 X154.698 Y100.069
G1 F3000 X155.673 Y96.429 E1924.54579
G0 F9000 X155.673 Y96.65
G0 X159.814 Y96.65
G0 X159.814 Y96.428
G1 F3000 X158.839 Y100.069 E1924.67116
G0 F9000 X158.839 Y99.85
G0 X162.98 Y99.85
G0 X162.98 Y100.069
G1 F3000 X163.956 Y96.428 E1924.79653
G0 F9000 X163.455 Y96.43
G1 F3000 X167.094 Y100.069 E1924.9677
G1 X167.121 Y100.07
G1 X168.097 Y96.428 E1925.09311
G0 F9000 X168.097 Y96.65
G0 X169.112 Y96.65
G0 X169.112 Y96.43
G1 F3000 X172.751 Y100.069 E1925.26428
G0 F9000 X172.751 Y99.85
G0 X171.262 Y99.85
G0 X171.262 Y100.069
G1 F3000 X172.238 Y96.428 E1925.38965
G0 F9000 X172.238 Y96.65
G0 X176.379 Y96.65
G0 X176.379 Y96.429
G1 F3000 X175.403 Y100.069 E1925.515
G0 F9000 X175.625 Y100.069
G1 F3000 X184.318 Y97.74 E1925.81432
G1 X184.319 Y97.704
G1 X183.686 Y100.069 E1925.89575
G1 F2700 E1920.89575
G0 F9000 X183.686 Y99.85
G0 X127.497 Y99.85
G0 X127.497 Y100.069
G1 F2700 E1925.89575
G1 F3000 X123.857 Y96.43 E1926.06694
G0 F9000 X123.857 Y96.65
G0 X122.545 Y96.65
G0 X122.545 Y96.428
G1 F3000 X121.569 Y100.07 E1926.19235
G0 F9000 X121.84 Y100.069
G1 F3000 X118.2 Y96.43 E1926.36354
G0 F9000 X118.403 Y96.428
G1 F3000 X117.428 Y100.069 E1926.48891
G0 F9000 X117.428 Y99.85
G0 X116.183 Y99.85
G0 X116.183 Y100.069
G1 F3000 X112.543 Y96.43 E1926.6601
G0 F9000 X111.937 Y96.429
G1 F3000 X98.352 Y100.069 E1927.12788
G0 F9000 X99.212 Y100.069
G1 F3000 X95.572 Y96.429 E1927.29909
G0 F9000 X96.482 Y96.429
G1 F3000 X82.897 Y100.069 E1927.76687
G0 F9000 X82.241 Y100.069
G1 F3000 X78.601 Y96.429 E1927.93808
G0 F9000 X78.601 Y96.65
G0 X76.992 Y96.65
G0 X76.992 Y96.428
G1 F3000 X76.017 Y100.069 E1928.06345
G0 F9000 X76.584 Y100.069
G1 F3000 X72.945 Y96.429 E1928.23464
G1 X72.851 Y96.429
G1 X71.876 Y100.069 E1928.35998
G0 F9000 X70.927 Y100.069
G1 F3000 X67.288 Y96.429 E1928.53117
G0 F9000 X67.288 Y96.65
G0 X68.71 Y96.65
G0 X68.71 Y96.429
G1 F3000 X67.735 Y100.069 E1928.6565
G0 F9000 X67.442 Y100.069
G1 F3000 X81.027 Y96.429 E1929.12428
G1 X81.133 Y96.428
G1 X80.158 Y100.07 E1929.24968
G0 F9000 X80.158 Y99.85
G0 X84.299 Y99.85
G0 X84.299 Y100.07
G1 F3000 X85.275 Y96.428 E1929.37508
G0 F9000 X85.275 Y96.65
G0 X84.258 Y96.65
G0 X84.258 Y96.429
G1 F3000 X87.898 Y100.069 E1929.5463
G0 F9000 X88.44 Y100.069
G1 F3000 X89.416 Y96.429 E1929.67164
G0 F9000 X89.915 Y96.429
G1 F3000 X93.555 Y100.069 E1929.84286
G0 F9000 X92.581 Y100.069
G1 F3000 X93.557 Y96.429 E1929.9682
G0 F9000 X93.557 Y96.65
G0 X97.698 Y96.65
G0 X97.698 Y96.428
G1 F3000 X96.722 Y100.069 E1930.09358
G0 F9000 X96.722 Y99.85
G0 X100.863 Y99.85
G0 X100.863 Y100.07
G1 F3000 X101.839 Y96.428 E1930.21898
G0 F9000 X101.229 Y96.429
G1 F3000 X104.868 Y100.069 E1930.39017
G1 X105.004 Y100.07
G1 X105.98 Y96.428 E1930.51558
G0 F9000 X106.886 Y96.429
G1 F3000 X110.526 Y100.069 E1930.6868
G0 F9000 X110.526 Y99.85
G0 X109.146 Y99.85
G0 X109.146 Y100.069
G1 F3000 X110.121 Y96.429 E1930.81213
G0 F9000 X110.121 Y96.65
G0 X114.262 Y96.65
G0 X114.262 Y96.429
G1 F3000 X113.287 Y100.069 E1930.93747
G0 F9000 X113.806 Y100.069
G1 F3000 X127.392 Y96.429 E1931.40528
G0 F9000 X126.686 Y96.428
G1 F3000 X125.71 Y100.07 E1931.53068
G1 F2700 E1926.53068
G0 F9000 X125.71 Y99.85
G0 X65.573 Y96.65
G0 X65.573 Y96.429
G1 F2700 E1931.53068
G1 F3000 X51.987 Y100.069 E1931.99849
G0 F9000 X51.17 Y100.069
G1 F3000 X52.146 Y96.429 E1932.12384
G0 F9000 X52.146 Y96.65
G0 X50.317 Y96.65
G0 X50.317 Y96.429
G1 F3000 X53.957 Y100.069 E1932.29505
G0 F9000 X53.957 Y99.85
G0 X55.311 Y99.85
G0 X55.311 Y100.069
G1 F3000 X56.287 Y96.428 E1932.42043
G0 F9000 X55.974 Y96.429
G1 F3000 X59.614 Y100.069 E1932.59164
G1 X59.452 Y100.07
G1 X60.428 Y96.428 E1932.71705
G0 F9000 X60.428 Y96.65
G0 X61.631 Y96.65
G0 X61.631 Y96.429
G1 F3000 X65.27 Y100.069 E1932.88824
G0 F9000 X65.27 Y99.85
G0 X63.593 Y99.85
G0 X63.593 Y100.07
G1 F3000 X64.569 Y96.428 E1933.01365
G0 F9000 X64.569 Y96.65
G0 X50.118 Y96.65
G0 X50.118 Y96.429
G1 F3000 X36.532 Y100.069 E1933.48146
G0 F9000 X36.986 Y100.069
G1 F3000 X35.679 Y98.762 E1933.54293
G0 F9000 X35.9 Y98.762
G0 X38.747 Y99.85
G0 X38.747 Y100.07
G1 F3000 X39.722 Y96.428 E1933.66833
G0 F9000 X39.004 Y96.429
G1 F3000 X42.643 Y100.069 E1933.83952
G0 F9000 X42.888 Y100.07
G1 F3000 X43.864 Y96.428 E1933.96493
G0 F9000 X44.66 Y96.429
G1 F3000 X48.3 Y100.069 E1934.13615
G0 F9000 X48.3 Y99.85
G0 X47.029 Y99.85
G0 X47.029 Y100.069
G1 F3000 X48.004 Y96.429 E1934.26148
G0 F9000 X48.004 Y96.95
G1 F2700 E1929.26148
G0 F9000 X184.13 Y100.33
G0 X184.13 Y101.415
G0 X184.13 Y118.585
G0 X184.13 Y119.67
G0 X184.13 Y123.38
G0 X184.4 Y123.65
;TYPE:WALL-INNER
G1 F2700 E1934.26148
G1 F1500 X184.4 Y119.85 E1934.38787
G1 X35.6 Y119.85 E1939.33698
G1 X35.6 Y123.65 E1939.46337
G1 X184.4 Y123.65 E1944.41247
G0 F9000 X184.8 Y124.05
;TYPE:WALL-OUTER
G1 F1500 X184.8 Y119.45 E1944.56547
G1 X35.2 Y119.45 E1949.54119
G1 X35.2 Y124.05 E1949.69418
G1 X184.8 Y124.05 E1954.6699
G0 F9000 X184.53 Y123.78
G0 X184.1 Y122.951
G0 X184.319 Y122.951
;TYPE:FILL
G1 F3000 X181.298 Y119.93 E1954.812
G0 F9000 X181.298 Y120.15
G0 X182.505 Y120.15
G0 X182.505 Y119.928
G1 F3000 X181.53 Y123.569 E1954.93736
G0 F9000 X180.652 Y123.569
G1 F3000 X184.319 Y122.586 E1955.06364
G0 F9000 X184.1 Y122.586
G0 X179.281 Y123.35
G0 X179.281 Y123.569
G1 F3000 X175.641 Y119.93 E1955.23483
G0 F9000 X175.641 Y120.15
G0 X174.223 Y120.15
G0 X174.223 Y119.928
G1 F3000 X173.248 Y123.569 E1955.36019
G0 F9000 X173.624 Y123.569
G1 F3000 X169.984 Y119.93 E1955.53138
G1 X170.082 Y119.928
G1 X169.107 Y123.569 E1955.65675
G0 F9000 X169.107 Y123.35
G0 X167.967 Y123.35
G0 X167.967 Y123.569
G1 F3000 X164.328 Y119.93 E1955.82792
G0 F9000 X164.328 Y120.15
G0 X163.325 Y120.15
G0 X163.325 Y119.929
G1 F3000 X149.741 Y123.569 E1956.29566
G0 F9000 X149.741 Y123.35
G0 X150.996 Y123.35
G0 X150.996 Y123.569
G1 F3000 X147.357 Y119.93 E1956.46683
G0 F9000 X147.87 Y119.929
G1 F3000 X134.286 Y123.569 E1956.93458
G0 F9000 X134.026 Y123.569
G1 F3000 X130.386 Y119.93 E1957.10577
G0 F9000 X130.386 Y120.15
G0 X128.671 Y120.15
G0 X128.671 Y119.928
G1 F3000 X127.695 Y123.569 E1957.23114
G0 F9000 X128.369 Y123.569
G1 F3000 X124.73 Y119.93 E1957.40231
G0 F9000 X124.53 Y119.928
G1 F3000 X123.554 Y123.569 E1957.52769
G0 F9000 X122.712 Y123.569
G1 F3000 X119.073 Y119.93 E1957.69885
G0 F9000 X119.073 Y120.15
G0 X120.389 Y120.15
G0 X120.389 Y119.928
G1 F3000 X119.413 Y123.569 E1957.82423
G0 F9000 X118.831 Y123.569
G1 F3000 X132.415 Y119.929 E1958.29197
G0 F9000 X132.812 Y119.928
G1 F3000 X131.837 Y123.569 E1958.41734
G0 F9000 X131.837 Y123.35
G0 X135.978 Y123.35
G0 X135.978 Y123.569
G1 F3000 X136.953 Y119.928 E1958.54271
G0 F9000 X136.043 Y119.93
G1 F3000 X139.683 Y123.569 E1958.7139
G0 F9000 X140.119 Y123.569
G1 F3000 X141.094 Y119.928 E1958.83927
G0 F9000 X141.7 Y119.93
G1 F3000 X145.34 Y123.569 E1959.01046
G0 F9000 X145.34 Y123.35
G0 X144.26 Y123.35
G0 X144.26 Y123.569
G1 F3000 X145.236 Y119.928 E1959.13583
G0 F9000 X145.236 Y120.15
G0 X149.377 Y120.15
G0 X149.377 Y119.928
G1 F3000 X148.401 Y123.569 E1959.26121
G0 F9000 X148.401 Y123.35
G0 X152.542 Y123.35
G0 X152.542 Y123.569
G1 F3000 X153.518 Y119.928 E1959.38658
G0 F9000 X153.014 Y119.93
G1 F3000 X156.653 Y123.569 E1959.55775
G1 X156.683 Y123.569
G1 X157.659 Y119.928 E1959.68313
G0 F9000 X157.659 Y120.15
G0 X158.671 Y120.15
G0 X158.671 Y119.93
G1 F3000 X162.31 Y123.569 E1959.85429
G0 F9000 X162.31 Y123.35
G0 X160.824 Y123.35
G0 X160.824 Y123.569
G1 F3000 X161.8 Y119.928 E1959.97967
G0 F9000 X161.8 Y120.15
G0 X165.941 Y120.15
G0 X165.941 Y119.928
G1 F3000 X164.965 Y123.569 E1960.10504
G0 F9000 X165.197 Y123.569
G1 F3000 X178.779 Y119.929 E1960.57273
G0 F9000 X178.364 Y119.928
G1 F3000 X177.389 Y123.569 E1960.69809
G1 F2700 E1955.69809
G0 F9000 X177.389 Y123.35
G0 X117.055 Y123.35
G0 X117.055 Y123.569
G1 F2700 E1960.69809
G1 F3000 X113.416 Y119.93 E1960.86926
G0 F9000 X113.416 Y120.15
G0 X112.107 Y120.15
G0 X112.107 Y119.928
G1 F3000 X111.131 Y123.569 E1960.99464
G0 F9000 X111.399 Y123.569
G1 F3000 X107.758 Y119.929 E1961.16587
G0 F9000 X107.966 Y119.928
G1 F3000 X106.99 Y123.569 E1961.29125
G0 F9000 X106.99 Y123.35
G0 X105.741 Y123.35
G0 X105.741 Y123.569
G1 F3000 X102.101 Y119.929 E1961.46246
G0 F9000 X101.505 Y119.929
G1 F3000 X87.921 Y123.569 E1961.93021
G0 F9000 X88.77 Y123.569
G1 F3000 X85.131 Y119.929 E1962.1014
G0 F9000 X86.051 Y119.929
G1 F3000 X72.465 Y123.57 E1962.56922
G0 F9000 X71.8 Y123.569
G1 F3000 X68.16 Y119.929 E1962.74043
G0 F9000 X68.16 Y120.15
G0 X66.555 Y120.15
G0 X66.555 Y119.928
G1 F3000 X65.579 Y123.569 E1962.86581
G0 F9000 X66.143 Y123.569
G1 F3000 X62.503 Y119.929 E1963.03702
G1 X62.413 Y119.928
G1 X61.438 Y123.569 E1963.16239
G0 F9000 X60.486 Y123.569
G1 F3000 X56.847 Y119.929 E1963.33358
G0 F9000 X56.847 Y120.15
G0 X58.272 Y120.15
G0 X58.272 Y119.928
G1 F3000 X57.297 Y123.569 E1963.45895
G0 F9000 X57.01 Y123.57
G1 F3000 X70.596 Y119.929 E1963.92676
G1 X70.696 Y119.928
G1 X69.72 Y123.569 E1964.05214
G0 F9000 X69.72 Y123.35
G0 X73.861 Y123.35
G0 X73.861 Y123.569
G1 F3000 X74.837 Y119.928 E1964.17752
G0 F9000 X74.837 Y120.15
G0 X73.817 Y120.15
G0 X73.817 Y119.929
G1 F3000 X77.457 Y123.569 E1964.34873
G0 F9000 X78.002 Y123.569
G1 F3000 X78.978 Y119.928 E1964.47411
G0 F9000 X79.474 Y119.929
G1 F3000 X83.114 Y123.569 E1964.64532
G0 F9000 X82.143 Y123.569
G1 F3000 X83.119 Y119.928 E1964.7707
G0 F9000 X83.119 Y120.15
G0 X87.26 Y120.15
G0 X87.26 Y119.928
G1 F3000 X86.284 Y123.569 E1964.89607
G0 F9000 X86.284 Y123.35
G0 X90.426 Y123.35
G0 X90.426 Y123.569
G1 F3000 X91.401 Y119.928 E1965.02144
G0 F9000 X90.788 Y119.929
G1 F3000 X94.427 Y123.569 E1965.19263
G1 X94.567 Y123.569
G1 X95.542 Y119.928 E1965.318
G0 F9000 X96.445 Y119.929
G1 F3000 X100.084 Y123.569 E1965.48919
G0 F9000 X100.084 Y123.35
G0 X98.708 Y123.35
G0 X98.708 Y123.569
G1 F3000 X99.683 Y119.928 E1965.61455
G0 F9000 X99.683 Y120.15
G0 X103.825 Y120.15
G0 X103.825 Y119.928
G1 F3000 X102.849 Y123.569 E1965.73993
G0 F9000 X103.376 Y123.569
G1 F3000 X116.96 Y119.929 E1966.20767
G0 F9000 X116.248 Y119.928
G1 F3000 X115.272 Y123.569 E1966.33305
G1 F2700 E1961.33305
G0 F9000 X115.272 Y123.35
G0 X55.142 Y120.15
G0 X55.142 Y119.929
G1 F2700 E1966.33305
G1 F3000 X41.555 Y123.57 E1966.8009
G0 F9000 X40.732 Y123.569
G1 F3000 X41.708 Y119.928 E1966.92628
G0 F9000 X41.708 Y120.15
G0 X39.876 Y120.15
G0 X39.876 Y119.929
G1 F3000 X43.516 Y123.569 E1967.09749
G0 F9000 X43.516 Y123.35
G0 X44.873 Y123.35
G0 X44.873 Y123.569
G1 F3000 X45.849 Y119.928 E1967.22287
G0 F9000 X45.533 Y119.929
G1 F3000 X49.172 Y123.569 E1967.39406
G1 X49.014 Y123.569
G1 X49.99 Y119.928 E1967.51943
G0 F9000 X49.99 Y120.15
G0 X51.19 Y120.15
G0 X51.19 Y119.929
G1 F3000 X54.829 Y123.569 E1967.69062
G0 F9000 X54.829 Y123.35
G0 X53.156 Y123.35
G0 X53.156 Y123.569
G1 F3000 X54.131 Y119.928 E1967.81599
G0 F9000 X54.131 Y120.15
G0 X39.687 Y120.15
G0 X39.687 Y119.929
G1 F3000 X35.679 Y121.003 E1967.954
G0 F9000 X35.679 Y121.389
G1 F3000 X37.859 Y123.569 E1968.05654
G0 F9000 X37.859 Y123.35
G0 X36.591 Y123.35
G0 X36.591 Y123.569
G1 F3000 X37.567 Y119.928 E1968.18192
G0 F9000 X37.567 Y120.45
G1 F2700 E1963.18192
;MESH:NONMESH
G0 F300 X37.567 Y120.45 Z5
G0 F9000 X184.13 Y119.67
G0 X184.13 Y118.585
G0 X184.13 Y101.415
G0 X184.13 Y100.33
G0 X184.13 Y99.88
G0 X184.4 Y100.15
;TIME_ELAPSED:3012.177413
;LAYER:24
;TYPE:WALL-INNER
;MESH:Garmin_GFC500 BOARDS SUPPORTS.stl
G1 F2700 E1968.18192
G1 F1500 X184.4 Y96.35 E1968.3083
G1 X35.6 Y96.35 E1973.25741
G1 X35.6 Y100.15 E1973.3838
G1 X184.4 Y100.15 E1978.33291
G0 F9000 X184.8 Y100.55
;TYPE:WALL-OUTER
G1 F1500 X184.8 Y95.95 E1978.48591
G1 X35.2 Y95.95 E1983.46162
G1 X35.2 Y100.55 E1983.61462
G1 X184.8 Y100.55 E1988.59033
G0 F9000 X184.264 Y100.069
;TYPE:FILL
G1 F3000 X180.625 Y96.43 E1988.7615
G0 F9000 X180.374 Y96.429
G1 F3000 X179.398 Y100.069 E1988.88685
G0 F9000 X178.608 Y100.069
G1 F3000 X174.968 Y96.43 E1989.05804
G0 F9000 X174.3 Y96.429
G1 F3000 X160.716 Y100.069 E1989.52578
G0 F9000 X161.637 Y100.069
G1 F3000 X157.998 Y96.43 E1989.69695
G0 F9000 X158.846 Y96.429
G1 F3000 X145.26 Y100.069 E1990.16476
G0 F9000 X144.666 Y100.069
G1 F3000 X141.027 Y96.43 E1990.33593
G0 F9000 X141.027 Y96.65
G0 X138.963 Y96.65
G0 X138.963 Y96.429
G1 F3000 X137.987 Y100.069 E1990.46127
G0 F9000 X137.987 Y99.85
G0 X139.01 Y99.85
G0 X139.01 Y100.069
G1 F3000 X135.37 Y96.43 E1990.63246
G0 F9000 X134.822 Y96.428
G1 F3000 X133.846 Y100.069 E1990.75784
G0 F9000 X133.353 Y100.069
G1 F3000 X129.713 Y96.43 E1990.92903
G0 F9000 X130.681 Y96.428
G1 F3000 X129.705 Y100.07 E1991.05443
G1 X129.805 Y100.069
G1 X143.391 Y96.429 E1991.52224
G0 F9000 X143.104 Y96.428
G1 F3000 X142.129 Y100.069 E1991.64761
G0 F9000 X142.129 Y99.85
G0 X146.27 Y99.85
G0 X146.27 Y100.069
G1 F3000 X147.245 Y96.428 E1991.77298
G0 F9000 X146.684 Y96.43
G1 F3000 X150.323 Y100.069 E1991.94414
G1 X150.411 Y100.07
G1 X151.386 Y96.428 E1992.06954
G0 F9000 X152.341 Y96.43
G1 F3000 X155.98 Y100.069 E1992.24071
G0 F9000 X155.98 Y99.85
G0 X154.552 Y99.85
G0 X154.552 Y100.069
G1 F3000 X155.528 Y96.428 E1992.36609
G0 F9000 X155.528 Y96.65
G0 X159.668 Y96.65
G0 X159.668 Y96.429
G1 F3000 X158.693 Y100.069 E1992.49142
G0 F9000 X158.693 Y99.85
G0 X162.834 Y99.85
G0 X162.834 Y100.069
G1 F3000 X163.81 Y96.428 E1992.6168
G1 X163.654 Y96.43
G1 X167.294 Y100.069 E1992.78799
G0 F9000 X166.975 Y100.069
G1 F3000 X167.951 Y96.428 E1992.91336
G0 F9000 X167.951 Y96.65
G0 X169.311 Y96.65
G0 X169.311 Y96.43
G1 F3000 X172.951 Y100.069 E1993.08455
G0 F9000 X172.951 Y99.85
G0 X171.116 Y99.85
G0 X171.116 Y100.07
G1 F3000 X172.092 Y96.428 E1993.20996
G0 F9000 X172.092 Y96.65
G0 X176.233 Y96.65
G0 X176.233 Y96.428
G1 F3000 X175.257 Y100.069 E1993.33534
G0 F9000 X176.17 Y100.069
G1 F3000 X184.319 Y97.886 E1993.61593
G0 F9000 X184.319 Y97.16
G1 F3000 X183.54 Y100.069 E1993.71609
G1 F2700 E1988.71609
G0 F9000 X183.54 Y99.85
G0 X127.937 Y96.65
G0 X127.937 Y96.429
G1 F2700 E1993.71609
G1 F3000 X114.351 Y100.069 E1994.1839
G0 F9000 X114.351 Y99.85
G0 X113.141 Y99.85
G0 X113.141 Y100.069
G1 F3000 X114.116 Y96.428 E1994.30927
G0 F9000 X114.116 Y96.65
G0 X112.743 Y96.65
G0 X112.743 Y96.43
G1 F3000 X116.382 Y100.069 E1994.48044
G0 F9000 X117.282 Y100.069
G1 F3000 X118.257 Y96.429 E1994.60577
G1 X118.4 Y96.43
G1 X122.039 Y100.069 E1994.77694
G0 F9000 X121.423 Y100.069
G1 F3000 X122.399 Y96.428 E1994.90232
G0 F9000 X122.399 Y96.65
G0 X124.056 Y96.65
G0 X124.056 Y96.43
G1 F3000 X127.696 Y100.069 E1995.07351
G0 F9000 X127.696 Y99.85
G0 X125.564 Y99.85
G0 X125.564 Y100.069
G1 F3000 X126.54 Y96.428 E1995.19888
G0 F9000 X126.54 Y96.65
G0 X112.482 Y96.65
G0 X112.482 Y96.429
G1 F3000 X98.896 Y100.069 E1995.66669
G0 F9000 X99.411 Y100.069
G1 F3000 X95.771 Y96.429 E1995.83791
G0 F9000 X95.771 Y96.65
G0 X97.027 Y96.65
G0 X97.027 Y96.429
G1 F3000 X83.442 Y100.069 E1996.30568
G0 F9000 X84.153 Y100.07
G1 F3000 X85.129 Y96.428 E1996.43109
G0 F9000 X84.458 Y96.429
G1 F3000 X88.097 Y100.069 E1996.60228
G1 X88.294 Y100.07
G1 X89.27 Y96.428 E1996.72769
G0 F9000 X90.115 Y96.429
G1 F3000 X93.754 Y100.069 E1996.89888
G0 F9000 X93.754 Y99.85
G0 X92.435 Y99.85
G0 X92.435 Y100.069
G1 F3000 X93.411 Y96.429 E1997.02422
G0 F9000 X93.411 Y96.65
G0 X97.552 Y96.65
G0 X97.552 Y96.429
G1 F3000 X96.576 Y100.069 E1997.14957
G0 F9000 X96.576 Y99.85
G0 X100.717 Y99.85
G0 X100.717 Y100.069
G1 F3000 X101.693 Y96.428 E1997.27494
G0 F9000 X101.428 Y96.429
G1 F3000 X105.068 Y100.069 E1997.44616
G0 F9000 X104.858 Y100.07
G1 F3000 X105.834 Y96.428 E1997.57156
G0 F9000 X105.834 Y96.65
G0 X107.085 Y96.65
G0 X107.085 Y96.429
G1 F3000 X110.725 Y100.069 E1997.74278
G0 F9000 X110.725 Y99.85
G0 X109 Y99.85
G0 X109 Y100.07
G1 F3000 X109.975 Y96.428 E1997.86818
G0 F9000 X109.975 Y96.65
G0 X82.44 Y99.85
G0 X82.44 Y100.069
G1 F3000 X78.801 Y96.429 E1998.03937
G0 F9000 X78.801 Y96.65
G0 X76.846 Y96.65
G0 X76.846 Y96.429
G1 F3000 X75.871 Y100.069 E1998.1647
G0 F9000 X76.784 Y100.069
G1 F3000 X73.144 Y96.429 E1998.33592
G0 F9000 X72.705 Y96.429
G1 F3000 X71.73 Y100.069 E1998.46125
G0 F9000 X71.127 Y100.069
G1 F3000 X67.487 Y96.429 E1998.63247
G0 F9000 X67.487 Y96.65
G0 X68.564 Y96.65
G0 X68.564 Y96.428
G1 F3000 X67.588 Y100.07 E1998.75788
G0 F9000 X67.987 Y100.069
G1 F3000 X81.573 Y96.429 E1999.22568
G0 F9000 X80.987 Y96.428
G1 F3000 X80.012 Y100.069 E1999.35105
G0 F9000 X80.012 Y99.85
G0 X66.117 Y96.65
G0 X66.117 Y96.429
G1 F3000 X52.532 Y100.069 E1999.81883
G0 F9000 X52.532 Y99.85
G0 X51.024 Y99.85
G0 X51.024 Y100.069
G1 F3000 X52 Y96.429 E1999.94417
G0 F9000 X52 Y96.65
G0 X50.663 Y96.65
G0 X50.663 Y96.429
G1 F3000 X37.077 Y100.069 E2000.41198
G1 X37.186 Y100.069
G1 X35.679 Y98.562 E2000.48287
G0 F9000 X35.9 Y98.562
G0 X38.601 Y99.85
G0 X38.601 Y100.069
G1 F3000 X39.576 Y96.428 E2000.60823
G0 F9000 X39.203 Y96.429
G1 F3000 X42.842 Y100.069 E2000.77942
G1 X42.742 Y100.07
G1 X43.718 Y96.428 E2000.90483
G0 F9000 X43.718 Y96.65
G0 X44.86 Y96.65
G0 X44.86 Y96.429
G1 F3000 X48.499 Y100.069 E2001.07602
G0 F9000 X48.499 Y99.85
G0 X46.883 Y99.85
G0 X46.883 Y100.07
G1 F3000 X47.859 Y96.428 E2001.20143
G0 F9000 X47.859 Y96.65
G0 X50.517 Y96.65
G0 X50.517 Y96.429
G1 F3000 X54.156 Y100.069 E2001.37262
G0 F9000 X54.156 Y99.85
G0 X55.165 Y99.85
G0 X55.165 Y100.069
G1 F3000 X56.141 Y96.429 E2001.49796
G1 X56.173 Y96.429
G1 X59.813 Y100.069 E2001.66918
G0 F9000 X59.306 Y100.069
G1 F3000 X60.282 Y96.428 E2001.79455
G0 F9000 X60.282 Y96.65
G0 X61.83 Y96.65
G0 X61.83 Y96.429
G1 F3000 X65.47 Y100.069 E2001.96577
G0 F9000 X65.47 Y99.85
G0 X63.447 Y99.85
G0 X63.447 Y100.07
G1 F3000 X64.423 Y96.428 E2002.09118
G0 F9000 X64.423 Y96.95
G1 F2700 E1997.09118
G0 F9000 X184.13 Y100.33
G0 X184.13 Y101.415
G0 X184.13 Y118.585
G0 X184.13 Y119.67
G0 X184.13 Y123.38
G0 X184.4 Y123.65
;TYPE:WALL-INNER
G1 F2700 E2002.09118
G1 F1500 X184.4 Y119.85 E2002.21757
G1 X35.6 Y119.85 E2007.16667
G1 X35.6 Y123.65 E2007.29306
G1 X184.4 Y123.65 E2012.24217
G0 F9000 X184.8 Y124.05
;TYPE:WALL-OUTER
G1 F1500 X184.8 Y119.45 E2012.39517
G1 X35.2 Y119.45 E2017.37088
G1 X35.2 Y124.05 E2017.52388
G1 X184.8 Y124.05 E2022.4996
G0 F9000 X184.53 Y123.78
G0 X184.1 Y122.751
G0 X184.319 Y122.751
;TYPE:FILL
G1 F3000 X181.498 Y119.93 E2022.63229
G0 F9000 X182.359 Y119.928
G1 F3000 X181.384 Y123.569 E2022.75765
G1 X181.197 Y123.569
G1 X184.319 Y122.732 E2022.86516
G0 F9000 X184.1 Y122.732
G0 X179.48 Y123.35
G0 X179.48 Y123.569
G1 F3000 X175.841 Y119.93 E2023.03633
G0 F9000 X175.841 Y120.15
G0 X174.077 Y120.15
G0 X174.077 Y119.928
G1 F3000 X173.102 Y123.569 E2023.16169
G0 F9000 X173.823 Y123.569
G1 F3000 X170.184 Y119.93 E2023.33286
G0 F9000 X169.936 Y119.928
G1 F3000 X168.96 Y123.569 E2023.45824
G0 F9000 X168.166 Y123.569
G1 F3000 X164.527 Y119.93 E2023.6294
G0 F9000 X163.869 Y119.929
G1 F3000 X150.287 Y123.569 E2024.09708
G0 F9000 X151.196 Y123.569
G1 F3000 X147.556 Y119.93 E2024.26828
G0 F9000 X148.415 Y119.929
G1 F3000 X134.831 Y123.569 E2024.73602
G0 F9000 X134.225 Y123.569
G1 F3000 X130.586 Y119.93 E2024.90719
G0 F9000 X130.586 Y120.15
G0 X128.525 Y120.15
G0 X128.525 Y119.928
G1 F3000 X127.549 Y123.569 E2025.03256
G0 F9000 X127.549 Y123.35
G0 X128.568 Y123.35
G0 X128.568 Y123.569
G1 F3000 X124.929 Y119.93 E2025.20373
G0 F9000 X124.384 Y119.928
G1 F3000 X123.409 Y123.569 E2025.3291
G0 F9000 X122.912 Y123.569
G1 F3000 X119.272 Y119.93 E2025.50029
G0 F9000 X120.243 Y119.928
G1 F3000 X119.267 Y123.569 E2025.62566
G1 X119.375 Y123.569
G1 X132.96 Y119.929 E2026.09344
G0 F9000 X132.666 Y119.928
G1 F3000 X131.691 Y123.569 E2026.21881
G0 F9000 X131.691 Y123.35
G0 X135.832 Y123.35
G0 X135.832 Y123.569
G1 F3000 X136.807 Y119.928 E2026.34418
G0 F9000 X136.243 Y119.93
G1 F3000 X139.882 Y123.569 E2026.51534
G1 X139.973 Y123.569
G1 X140.948 Y119.928 E2026.64071
G0 F9000 X141.9 Y119.93
G1 F3000 X145.539 Y123.569 E2026.81188
G0 F9000 X145.539 Y123.35
G0 X144.114 Y123.35
G0 X144.114 Y123.569
G1 F3000 X145.09 Y119.928 E2026.93725
G0 F9000 X145.09 Y120.15
G0 X149.231 Y120.15
G0 X149.231 Y119.928
G1 F3000 X148.255 Y123.569 E2027.06263
G0 F9000 X148.255 Y123.35
G0 X152.396 Y123.35
G0 X152.396 Y123.569
G1 F3000 X153.372 Y119.928 E2027.188
G1 X153.213 Y119.93
G1 X156.853 Y123.569 E2027.35919
G0 F9000 X156.537 Y123.569
G1 F3000 X157.513 Y119.928 E2027.48457
G0 F9000 X157.513 Y120.15
G0 X158.87 Y120.15
G0 X158.87 Y119.93
G1 F3000 X162.51 Y123.569 E2027.65576
G0 F9000 X162.51 Y123.35
G0 X160.678 Y123.35
G0 X160.678 Y123.569
G1 F3000 X161.654 Y119.928 E2027.78114
G0 F9000 X161.654 Y120.15
G0 X165.795 Y120.15
G0 X165.795 Y119.928
G1 F3000 X164.82 Y123.569 E2027.9065
G0 F9000 X165.741 Y123.569
G1 F3000 X179.324 Y119.929 E2028.37422
G0 F9000 X179.324 Y120.15
G0 X178.218 Y120.15
G0 X178.218 Y119.928
G1 F3000 X177.243 Y123.569 E2028.49958
G1 F2700 E2023.49958
G0 F9000 X177.243 Y123.35
G0 X117.505 Y120.15
G0 X117.505 Y119.929
G1 F2700 E2028.49958
G1 F3000 X103.921 Y123.569 E2028.96733
G0 F9000 X103.921 Y123.35
G0 X102.703 Y123.35
G0 X102.703 Y123.569
G1 F3000 X103.678 Y119.928 E2029.0927
G0 F9000 X103.678 Y120.15
G0 X102.301 Y120.15
G0 X102.301 Y119.929
G1 F3000 X105.94 Y123.569 E2029.26389
G0 F9000 X106.844 Y123.569
G1 F3000 X107.82 Y119.928 E2029.38926
G1 X107.958 Y119.929
G1 X111.598 Y123.569 E2029.56048
G0 F9000 X110.985 Y123.569
G1 F3000 X111.961 Y119.928 E2029.68585
G0 F9000 X111.961 Y120.15
G0 X113.615 Y120.15
G0 X113.615 Y119.93
G1 F3000 X117.255 Y123.569 E2029.85704
G0 F9000 X117.255 Y123.35
G0 X115.126 Y123.35
G0 X115.126 Y123.569
G1 F3000 X116.102 Y119.928 E2029.98242
G0 F9000 X116.102 Y120.15
G0 X102.05 Y120.15
G0 X102.05 Y119.929
G1 F3000 X88.465 Y123.569 E2030.4502
G0 F9000 X88.97 Y123.569
G1 F3000 X85.33 Y119.929 E2030.62141
G0 F9000 X85.33 Y120.15
G0 X86.595 Y120.15
G0 X86.595 Y119.929
G1 F3000 X73.011 Y123.569 E2031.08916
G0 F9000 X73.715 Y123.569
G1 F3000 X74.691 Y119.928 E2031.21453
G0 F9000 X74.017 Y119.929
G1 F3000 X77.656 Y123.569 E2031.38572
G0 F9000 X77.856 Y123.569
G1 F3000 X78.832 Y119.928 E2031.5111
G0 F9000 X79.673 Y119.929
G1 F3000 X83.313 Y123.569 E2031.68231
G0 F9000 X83.313 Y123.35
G0 X81.997 Y123.35
G0 X81.997 Y123.569
G1 F3000 X82.973 Y119.928 E2031.80769
G0 F9000 X82.973 Y120.15
G0 X87.114 Y120.15
G0 X87.114 Y119.928
G1 F3000 X86.138 Y123.569 E2031.93306
G0 F9000 X86.138 Y123.35
G0 X90.28 Y123.35
G0 X90.28 Y123.569
G1 F3000 X91.255 Y119.928 E2032.05843
G0 F9000 X90.987 Y119.929
G1 F3000 X94.627 Y123.569 E2032.22964
G0 F9000 X94.421 Y123.569
G1 F3000 X95.396 Y119.928 E2032.35501
G0 F9000 X95.396 Y120.15
G0 X96.644 Y120.15
G0 X96.644 Y119.929
G1 F3000 X100.284 Y123.569 E2032.52623
G0 F9000 X100.284 Y123.35
G0 X98.562 Y123.35
G0 X98.562 Y123.569
G1 F3000 X99.537 Y119.928 E2032.65159
G0 F9000 X99.537 Y120.15
G0 X71.999 Y123.35
G0 X71.999 Y123.569
G1 F3000 X68.36 Y119.929 E2032.82278
G0 F9000 X68.36 Y120.15
G0 X66.409 Y120.15
G0 X66.409 Y119.928
G1 F3000 X65.433 Y123.569 E2032.94816
G0 F9000 X66.342 Y123.569
G1 F3000 X62.703 Y119.929 E2033.11935
G0 F9000 X62.267 Y119.928
G1 F3000 X61.292 Y123.569 E2033.24472
G0 F9000 X60.686 Y123.569
G1 F3000 X57.046 Y119.929 E2033.41593
G0 F9000 X57.046 Y120.15
G0 X58.126 Y120.15
G0 X58.126 Y119.928
G1 F3000 X57.151 Y123.569 E2033.5413
G0 F9000 X57.555 Y123.57
G1 F3000 X71.141 Y119.929 E2034.00912
G0 F9000 X70.55 Y119.928
G1 F3000 X69.574 Y123.569 E2034.13449
G0 F9000 X69.574 Y123.35
G0 X55.686 Y120.15
G0 X55.686 Y119.929
G1 F3000 X42.099 Y123.57 E2034.60234
G0 F9000 X42.099 Y123.35
G0 X40.586 Y123.35
G0 X40.586 Y123.569
G1 F3000 X41.562 Y119.928 E2034.72772
G0 F9000 X41.562 Y120.15
G0 X40.231 Y120.15
G0 X40.231 Y119.929
G1 F3000 X35.68 Y121.149 E2034.88443
G1 X35.679 Y121.19
G1 X38.058 Y123.569 E2034.99633
G0 F9000 X38.058 Y123.35
G0 X36.445 Y123.35
G0 X36.445 Y123.569
G1 F3000 X37.421 Y119.928 E2035.1217
G0 F9000 X37.421 Y120.15
G0 X40.075 Y120.15
G0 X40.075 Y119.929
G1 F3000 X43.715 Y123.569 E2035.29292
G0 F9000 X43.715 Y123.35
G0 X44.727 Y123.35
G0 X44.727 Y123.569
G1 F3000 X45.703 Y119.928 E2035.41829
G1 X45.732 Y119.929
G1 X49.372 Y123.569 E2035.58951
G0 F9000 X48.868 Y123.569
G1 F3000 X49.844 Y119.928 E2035.71488
G0 F9000 X49.844 Y120.15
G0 X51.389 Y120.15
G0 X51.389 Y119.929
G1 F3000 X55.029 Y123.569 E2035.8861
G0 F9000 X55.029 Y123.35
G0 X53.01 Y123.35
G0 X53.01 Y123.569
G1 F3000 X53.985 Y119.928 E2036.01147
G0 F9000 X53.985 Y120.45
G1 F2700 E2031.01147
;MESH:NONMESH
G0 F300 X53.985 Y120.45 Z5.2
G0 F9000 X184.13 Y119.67
G0 X184.13 Y118.585
G0 X184.13 Y101.415
G0 X184.13 Y100.33
G0 X184.13 Y99.88
G0 X184.4 Y100.15
;TIME_ELAPSED:3110.302538
;LAYER:25
;TYPE:WALL-INNER
;MESH:Garmin_GFC500 BOARDS SUPPORTS.stl
G1 F2700 E2036.01147
G1 F1500 X184.4 Y96.35 E2036.13785
G1 X35.6 Y96.35 E2041.08696
G1 X35.6 Y100.15 E2041.21335
G1 X184.4 Y100.15 E2046.16246
G0 F9000 X184.8 Y100.55
;TYPE:WALL-OUTER
G1 F1500 X184.8 Y95.95 E2046.31546
G1 X35.2 Y95.95 E2051.29117
G1 X35.2 Y100.55 E2051.44417
G1 X184.8 Y100.55 E2056.41989
G0 F9000 X184.319 Y99.924
;TYPE:FILL
G1 F3000 X180.824 Y96.43 E2056.58426
G0 F9000 X180.228 Y96.428
G1 F3000 X179.252 Y100.069 E2056.70963
G0 F9000 X178.807 Y100.069
G1 F3000 X175.168 Y96.43 E2056.8808
G0 F9000 X174.846 Y96.429
G1 F3000 X161.26 Y100.069 E2057.34861
G0 F9000 X161.836 Y100.069
G1 F3000 X158.197 Y96.43 E2057.51978
G0 F9000 X158.197 Y96.65
G0 X159.39 Y96.65
G0 X159.39 Y96.429
G1 F3000 X145.806 Y100.069 E2057.98752
G0 F9000 X146.124 Y100.069
G1 F3000 X147.099 Y96.428 E2058.11289
G0 F9000 X146.883 Y96.43
G1 F3000 X150.523 Y100.069 E2058.28408
G0 F9000 X150.265 Y100.069
G1 F3000 X151.24 Y96.428 E2058.40945
G0 F9000 X151.24 Y96.65
G0 X152.54 Y96.65
G0 X152.54 Y96.43
G1 F3000 X156.18 Y100.069 E2058.58064
G0 F9000 X156.18 Y99.85
G0 X154.406 Y99.85
G0 X154.406 Y100.07
G1 F3000 X155.381 Y96.428 E2058.70604
G0 F9000 X155.381 Y96.65
G0 X159.523 Y96.65
G0 X159.523 Y96.428
G1 F3000 X158.547 Y100.069 E2058.83141
G0 F9000 X158.547 Y99.85
G0 X162.688 Y99.85
G0 X162.688 Y100.069
G1 F3000 X163.664 Y96.429 E2058.95675
G1 X163.854 Y96.43
G1 X167.493 Y100.069 E2059.12792
G0 F9000 X166.829 Y100.069
G1 F3000 X167.805 Y96.428 E2059.2533
G0 F9000 X167.805 Y96.65
G0 X169.511 Y96.65
G0 X169.511 Y96.43
G1 F3000 X173.15 Y100.069 E2059.42446
G0 F9000 X173.15 Y99.85
G0 X175.111 Y99.85
G0 X175.111 Y100.07
G1 F3000 X176.087 Y96.428 E2059.54987
G0 F9000 X176.087 Y96.65
G0 X176.715 Y99.85
G0 X176.715 Y100.069
G1 F3000 X184.319 Y98.032 E2059.8117
G0 F9000 X184.1 Y98.032
G0 X184.1 Y96.615
G0 X184.319 Y96.615
G1 F3000 X183.394 Y100.069 E2059.93063
G0 F9000 X183.394 Y99.85
G0 X171.946 Y96.65
G0 X171.946 Y96.428
G1 F3000 X170.97 Y100.069 E2060.056
G0 F9000 X170.97 Y99.85
G0 X144.866 Y99.85
G0 X144.866 Y100.069
G1 F3000 X141.226 Y96.43 E2060.22719
G0 F9000 X141.226 Y96.65
G0 X142.958 Y96.65
G0 X142.958 Y96.429
G1 F3000 X141.983 Y100.069 E2060.35253
G0 F9000 X141.983 Y99.85
G0 X139.209 Y99.85
G0 X139.209 Y100.069
G1 F3000 X135.57 Y96.43 E2060.5237
G0 F9000 X134.676 Y96.428
G1 F3000 X133.7 Y100.07 E2060.6491
G1 X133.552 Y100.069
G1 X129.913 Y96.43 E2060.82027
G0 F9000 X130.535 Y96.428
G1 F3000 X129.559 Y100.069 E2060.94565
G0 F9000 X130.35 Y100.069
G1 F3000 X143.936 Y96.429 E2061.41346
G0 F9000 X143.936 Y96.65
G0 X138.817 Y96.65
G0 X138.817 Y96.428
G1 F3000 X137.841 Y100.069 E2061.53883
G0 F9000 X137.841 Y99.85
G0 X127.895 Y99.85
G0 X127.895 Y100.069
G1 F3000 X124.256 Y96.43 E2061.71
G0 F9000 X124.256 Y96.65
G0 X122.252 Y96.65
G0 X122.252 Y96.429
G1 F3000 X121.277 Y100.069 E2061.83533
G0 F9000 X122.238 Y100.069
G1 F3000 X118.599 Y96.43 E2062.0065
G0 F9000 X118.112 Y96.428
G1 F3000 X117.136 Y100.069 E2062.13188
G0 F9000 X116.582 Y100.069
G1 F3000 X112.942 Y96.43 E2062.30307
G1 X113.027 Y96.429
G1 X99.441 Y100.069 E2062.77088
G1 X99.61 Y100.069
G1 X95.971 Y96.429 E2062.94207
G0 F9000 X95.971 Y96.65
G0 X97.406 Y96.65
G0 X97.406 Y96.428
G1 F3000 X96.43 Y100.069 E2063.06744
G0 F9000 X96.43 Y99.85
G0 X93.953 Y99.85
G0 X93.953 Y100.069
G1 F3000 X90.314 Y96.429 E2063.23864
G0 F9000 X90.314 Y96.65
G0 X89.124 Y96.65
G0 X89.124 Y96.428
G1 F3000 X88.148 Y100.069 E2063.36401
G1 X88.297 Y100.069
G1 X84.657 Y96.429 E2063.53523
G0 F9000 X84.983 Y96.428
G1 F3000 X84.007 Y100.069 E2063.6606
G1 X83.986 Y100.069
G1 X97.572 Y96.429 E2064.12841
G0 F9000 X97.572 Y96.65
G0 X101.547 Y96.65
G0 X101.547 Y96.429
G1 F3000 X100.571 Y100.069 E2064.25375
G0 F9000 X100.571 Y99.85
G0 X101.628 Y96.65
G0 X101.628 Y96.429
G1 F3000 X105.267 Y100.069 E2064.42494
G0 F9000 X104.713 Y100.069
G1 F3000 X105.688 Y96.428 E2064.55031
G0 F9000 X105.688 Y96.65
G0 X107.285 Y96.65
G0 X107.285 Y96.429
G1 F3000 X110.925 Y100.069 E2064.72153
G0 F9000 X110.925 Y99.85
G0 X112.995 Y99.85
G0 X112.995 Y100.07
G1 F3000 X113.97 Y96.428 E2064.84693
G0 F9000 X113.97 Y96.65
G0 X114.895 Y99.85
G0 X114.895 Y100.069
G1 F3000 X128.481 Y96.429 E2065.31473
G0 F9000 X128.481 Y96.65
G0 X126.394 Y96.65
G0 X126.394 Y96.428
G1 F3000 X125.418 Y100.069 E2065.44011
G0 F9000 X125.418 Y99.85
G0 X109.829 Y96.65
G0 X109.829 Y96.428
G1 F3000 X108.854 Y100.069 E2065.56548
G0 F9000 X108.854 Y99.85
G0 X93.265 Y96.65
G0 X93.265 Y96.428
G1 F3000 X92.289 Y100.07 E2065.69088
G0 F9000 X92.289 Y99.85
G0 X82.64 Y99.85
G0 X82.64 Y100.069
G1 F3000 X79 Y96.429 E2065.8621
G0 F9000 X79 Y96.65
G0 X80.841 Y96.65
G0 X80.841 Y96.429
G1 F3000 X79.866 Y100.069 E2065.98743
G0 F9000 X79.866 Y99.85
G0 X76.983 Y99.85
G0 X76.983 Y100.069
G1 F3000 X73.343 Y96.429 E2066.15865
G0 F9000 X72.559 Y96.428
G1 F3000 X71.584 Y100.07 E2066.28405
G0 F9000 X71.326 Y100.069
G1 F3000 X67.687 Y96.429 E2066.45524
G0 F9000 X68.418 Y96.428
G1 F3000 X67.442 Y100.07 E2066.58065
G0 F9000 X67.442 Y99.85
G0 X68.532 Y99.85
G0 X68.532 Y100.069
G1 F3000 X82.117 Y96.429 E2067.04842
G0 F9000 X82.117 Y96.65
G0 X76.701 Y96.65
G0 X76.701 Y96.428
G1 F3000 X75.725 Y100.069 E2067.1738
G0 F9000 X75.725 Y99.85
G0 X66.663 Y96.65
G0 X66.663 Y96.429
G1 F3000 X53.077 Y100.069 E2067.64161
G0 F9000 X53.077 Y99.85
G0 X54.356 Y99.85
G0 X54.356 Y100.069
G1 F3000 X50.716 Y96.429 E2067.81282
G0 F9000 X51.208 Y96.428
G1 F3000 X37.622 Y100.069 E2068.28064
G0 F9000 X37.385 Y100.069
G1 F3000 X35.679 Y98.363 E2068.36089
G0 F9000 X35.9 Y98.363
G0 X38.455 Y99.85
G0 X38.455 Y100.069
G1 F3000 X39.43 Y96.429 E2068.48622
G1 X39.402 Y96.429
G1 X43.042 Y100.069 E2068.65743
G0 F9000 X42.596 Y100.069
G1 F3000 X43.572 Y96.429 E2068.78278
G0 F9000 X43.572 Y96.65
G0 X45.059 Y96.65
G0 X45.059 Y96.429
G1 F3000 X48.699 Y100.069 E2068.95399
G0 F9000 X48.699 Y99.85
G0 X46.737 Y99.85
G0 X46.737 Y100.07
G1 F3000 X47.713 Y96.428 E2069.0794
G0 F9000 X47.713 Y96.65
G0 X51.854 Y96.65
G0 X51.854 Y96.428
G1 F3000 X50.878 Y100.07 E2069.20481
G0 F9000 X50.878 Y99.85
G0 X55.019 Y99.85
G0 X55.019 Y100.069
G1 F3000 X55.995 Y96.429 E2069.33015
G0 F9000 X56.373 Y96.429
G1 F3000 X60.012 Y100.069 E2069.50134
G0 F9000 X59.16 Y100.069
G1 F3000 X60.136 Y96.429 E2069.62669
G0 F9000 X60.136 Y96.65
G0 X62.03 Y96.65
G0 X62.03 Y96.429
G1 F3000 X65.669 Y100.069 E2069.79788
G0 F9000 X65.669 Y99.85
G0 X63.302 Y99.85
G0 X63.302 Y100.069
G1 F3000 X64.277 Y96.428 E2069.92324
G0 F9000 X64.277 Y96.95
G1 F2700 E2064.92324
G0 F9000 X184.13 Y100.33
G0 X184.13 Y101.415
G0 X184.13 Y118.585
G0 X184.13 Y119.67
G0 X184.13 Y123.38
G0 X184.4 Y123.65
;TYPE:WALL-INNER
G1 F2700 E2069.92324
G1 F1500 X184.4 Y119.85 E2070.04963
G1 X35.6 Y119.85 E2074.99874
G1 X35.6 Y123.65 E2075.12513
G1 X184.4 Y123.65 E2080.07424
G0 F9000 X184.8 Y124.05
;TYPE:WALL-OUTER
G1 F1500 X184.8 Y119.45 E2080.22723
G1 X35.2 Y119.45 E2085.20295
G1 X35.2 Y124.05 E2085.35595
G1 X184.8 Y124.05 E2090.33166
G0 F9000 X184.53 Y123.78
G0 X184.1 Y122.878
G0 X184.318 Y122.878
;TYPE:FILL
G1 F3000 X181.741 Y123.569 E2090.4204
G0 F9000 X181.238 Y123.569
G1 F3000 X182.213 Y119.928 E2090.54577
G0 F9000 X181.697 Y119.93
G1 F3000 X184.319 Y122.552 E2090.6691
G0 F9000 X184.1 Y122.552
G0 X179.68 Y123.35
G0 X179.68 Y123.569
G1 F3000 X176.04 Y119.93 E2090.84029
G0 F9000 X176.04 Y120.15
G0 X178.073 Y120.15
G0 X178.073 Y119.928
G1 F3000 X177.097 Y123.569 E2090.96567
G0 F9000 X177.097 Y123.35
G0 X174.023 Y123.35
G0 X174.023 Y123.569
G1 F3000 X170.383 Y119.93 E2091.13686
G0 F9000 X169.79 Y119.928
G1 F3000 X168.815 Y123.569 E2091.26222
G0 F9000 X168.366 Y123.569
G1 F3000 X164.726 Y119.93 E2091.43341
G0 F9000 X164.414 Y119.929
G1 F3000 X150.831 Y123.569 E2091.90113
G0 F9000 X151.395 Y123.569
G1 F3000 X147.756 Y119.93 E2092.0723
G0 F9000 X147.756 Y120.15
G0 X148.959 Y120.15
G0 X148.959 Y119.929
G1 F3000 X135.376 Y123.569 E2092.54001
G0 F9000 X135.686 Y123.569
G1 F3000 X136.661 Y119.928 E2092.66538
G0 F9000 X136.442 Y119.93
G1 F3000 X140.082 Y123.569 E2092.83657
G0 F9000 X139.827 Y123.569
G1 F3000 X140.802 Y119.928 E2092.96193
G0 F9000 X140.802 Y120.15
G0 X142.099 Y120.15
G0 X142.099 Y119.93
G1 F3000 X145.738 Y123.569 E2093.1331
G0 F9000 X145.738 Y123.35
G0 X143.968 Y123.35
G0 X143.968 Y123.569
G1 F3000 X144.944 Y119.928 E2093.25848
G0 F9000 X144.944 Y120.15
G0 X149.085 Y120.15
G0 X149.085 Y119.928
G1 F3000 X148.109 Y123.569 E2093.38385
G0 F9000 X148.109 Y123.35
G0 X152.25 Y123.35
G0 X152.25 Y123.569
G1 F3000 X153.226 Y119.928 E2093.50923
G1 X153.413 Y119.93
G1 X157.052 Y123.569 E2093.68039
G0 F9000 X156.391 Y123.569
G1 F3000 X157.367 Y119.928 E2093.80577
G0 F9000 X157.367 Y120.15
G0 X159.07 Y120.15
G0 X159.07 Y119.93
G1 F3000 X162.709 Y123.569 E2093.97694
G0 F9000 X162.709 Y123.35
G0 X164.674 Y123.35
G0 X164.674 Y123.569
G1 F3000 X165.649 Y119.928 E2094.1023
G0 F9000 X165.649 Y120.15
G0 X166.287 Y123.35
G0 X166.287 Y123.569
G1 F3000 X179.869 Y119.929 E2094.56999
G0 F9000 X179.869 Y120.15
G0 X173.931 Y120.15
G0 X173.931 Y119.928
G1 F3000 X172.956 Y123.569 E2094.69535
G0 F9000 X172.956 Y123.35
G0 X161.508 Y120.15
G0 X161.508 Y119.928
G1 F3000 X160.532 Y123.569 E2094.82073
G0 F9000 X160.532 Y123.35
G0 X134.425 Y123.35
G0 X134.425 Y123.569
G1 F3000 X130.785 Y119.93 E2094.99192
G0 F9000 X130.785 Y120.15
G0 X132.52 Y120.15
G0 X132.52 Y119.928
G1 F3000 X131.545 Y123.569 E2095.11729
G0 F9000 X131.545 Y123.35
G0 X128.768 Y123.35
G0 X128.768 Y123.569
G1 F3000 X125.128 Y119.93 E2095.28848
G0 F9000 X124.238 Y119.928
G1 F3000 X123.262 Y123.569 E2095.41385
G1 X123.111 Y123.569
G1 X119.472 Y119.93 E2095.58502
G0 F9000 X120.097 Y119.928
G1 F3000 X119.121 Y123.569 E2095.71039
G0 F9000 X119.921 Y123.569
G1 F3000 X133.505 Y119.929 E2096.17814
G0 F9000 X133.505 Y120.15
G0 X128.379 Y120.15
G0 X128.379 Y119.928
G1 F3000 X127.404 Y123.569 E2096.30351
G0 F9000 X127.404 Y123.35
G0 X117.454 Y123.35
G0 X117.454 Y123.569
G1 F3000 X113.815 Y119.93 E2096.47467
G0 F9000 X113.815 Y120.15
G0 X111.815 Y120.15
G0 X111.815 Y119.928
G1 F3000 X110.839 Y123.569 E2096.60005
G0 F9000 X111.797 Y123.569
G1 F3000 X108.157 Y119.929 E2096.77126
G0 F9000 X107.674 Y119.928
G1 F3000 X106.698 Y123.569 E2096.89664
G0 F9000 X106.14 Y123.569
G1 F3000 X102.5 Y119.929 E2097.06785
G1 X102.595 Y119.929
G1 X89.01 Y123.57 E2097.53564
G1 X89.169 Y123.569
G1 X85.53 Y119.929 E2097.70683
G0 F9000 X85.53 Y120.15
G0 X86.968 Y120.15
G0 X86.968 Y119.928
G1 F3000 X85.993 Y123.569 E2097.8322
G0 F9000 X85.993 Y123.35
G0 X83.512 Y123.35
G0 X83.512 Y123.569
G1 F3000 X79.873 Y119.929 E2098.00339
G0 F9000 X79.873 Y120.15
G0 X78.686 Y120.15
G0 X78.686 Y119.928
G1 F3000 X77.71 Y123.569 E2098.12876
G1 X77.855 Y123.569
G1 X74.216 Y119.929 E2098.29996
G0 F9000 X74.545 Y119.928
G1 F3000 X73.569 Y123.569 E2098.42533
G1 X73.555 Y123.569
G1 X87.14 Y119.929 E2098.89311
G0 F9000 X87.14 Y120.15
G0 X91.109 Y120.15
G0 X91.109 Y119.928
G1 F3000 X90.133 Y123.569 E2099.01848
G0 F9000 X90.133 Y123.35
G0 X91.187 Y120.15
G0 X91.187 Y119.929
G1 F3000 X94.826 Y123.569 E2099.18967
G0 F9000 X94.275 Y123.569
G1 F3000 X95.25 Y119.928 E2099.31504
G0 F9000 X95.25 Y120.15
G0 X96.843 Y120.15
G0 X96.843 Y119.929
G1 F3000 X100.483 Y123.569 E2099.48626
G0 F9000 X100.483 Y123.35
G0 X98.416 Y123.35
G0 X98.416 Y123.569
G1 F3000 X99.391 Y119.928 E2099.61162
G0 F9000 X99.391 Y120.15
G0 X103.532 Y120.15
G0 X103.532 Y119.928
G1 F3000 X102.557 Y123.569 E2099.73699
G0 F9000 X102.557 Y123.35
G0 X104.465 Y123.35
G0 X104.465 Y123.569
G1 F3000 X118.05 Y119.929 E2100.20477
G0 F9000 X118.05 Y120.15
G0 X115.956 Y120.15
G0 X115.956 Y119.928
G1 F3000 X114.98 Y123.569 E2100.33014
G1 F2700 E2095.33014
G0 F9000 X114.98 Y123.35
G0 X82.827 Y120.15
G0 X82.827 Y119.928
G1 F2700 E2100.33014
G1 F3000 X81.851 Y123.569 E2100.45552
G0 F9000 X81.851 Y123.35
G0 X72.199 Y123.35
G0 X72.199 Y123.569
G1 F3000 X68.559 Y119.929 E2100.62673
G0 F9000 X68.559 Y120.15
G0 X70.404 Y120.15
G0 X70.404 Y119.928
G1 F3000 X69.428 Y123.569 E2100.75211
G0 F9000 X69.428 Y123.35
G0 X66.542 Y123.35
G0 X66.542 Y123.569
G1 F3000 X62.902 Y119.929 E2100.92332
G0 F9000 X62.121 Y119.928
G1 F3000 X61.146 Y123.569 E2101.04869
G0 F9000 X60.885 Y123.569
G1 F3000 X57.245 Y119.929 E2101.2199
G0 F9000 X57.98 Y119.929
G1 F3000 X57.005 Y123.569 E2101.34524
G0 F9000 X57.005 Y123.35
G0 X58.1 Y123.35
G0 X58.1 Y123.57
G1 F3000 X71.685 Y119.929 E2101.81302
G0 F9000 X71.685 Y120.15
G0 X66.263 Y120.15
G0 X66.263 Y119.928
G1 F3000 X65.287 Y123.569 E2101.9384
G0 F9000 X65.287 Y123.35
G0 X56.231 Y120.15
G0 X56.231 Y119.929
G1 F3000 X42.645 Y123.57 E2102.40622
G0 F9000 X42.645 Y123.35
G0 X43.914 Y123.35
G0 X43.914 Y123.569
G1 F3000 X40.275 Y119.929 E2102.57741
G0 F9000 X40.776 Y119.929
G1 F3000 X35.68 Y121.295 E2102.75289
G0 F9000 X35.679 Y120.99
G1 F3000 X38.258 Y123.569 E2102.87419
G0 F9000 X38.258 Y123.35
G0 X36.299 Y123.35
G0 X36.299 Y123.569
G1 F3000 X37.275 Y119.929 E2102.99954
G0 F9000 X37.275 Y120.15
G0 X41.416 Y120.15
G0 X41.416 Y119.928
G1 F3000 X40.44 Y123.569 E2103.12491
G0 F9000 X40.44 Y123.35
G0 X44.582 Y123.35
G0 X44.582 Y123.569
G1 F3000 X45.557 Y119.928 E2103.25028
G0 F9000 X45.932 Y119.929
G1 F3000 X49.571 Y123.569 E2103.42147
G0 F9000 X48.722 Y123.569
G1 F3000 X49.698 Y119.928 E2103.54685
G0 F9000 X49.698 Y120.15
G0 X51.589 Y120.15
G0 X51.589 Y119.929
G1 F3000 X55.228 Y123.569 E2103.71804
G0 F9000 X55.228 Y123.35
G0 X52.864 Y123.35
G0 X52.864 Y123.569
G1 F3000 X53.839 Y119.928 E2103.8434
G0 F9000 X53.839 Y120.45
G1 F2700 E2098.8434
;MESH:NONMESH
G0 F300 X53.839 Y120.45 Z5.4
G0 F9000 X184.13 Y119.67
G0 X184.13 Y118.585
G0 X184.13 Y101.415
G0 X184.13 Y100.33
G0 X184.13 Y99.88
G0 X184.4 Y100.15
;TIME_ELAPSED:3210.429520
;LAYER:26
;TYPE:WALL-INNER
;MESH:Garmin_GFC500 BOARDS SUPPORTS.stl
G1 F2700 E2103.8434
G1 F1500 X184.4 Y96.35 E2103.96979
G1 X35.6 Y96.35 E2108.9189
G1 X35.6 Y100.15 E2109.04529
G1 X184.4 Y100.15 E2113.9944
G0 F9000 X184.8 Y100.55
;TYPE:WALL-OUTER
G1 F1500 X184.8 Y95.95 E2114.14739
G1 X35.2 Y95.95 E2119.12311
G1 X35.2 Y100.55 E2119.27611
G1 X184.8 Y100.55 E2124.25182
G0 F9000 X184.319 Y99.723
;TYPE:FILL
G1 F3000 X181.025 Y96.43 E2124.40674
G0 F9000 X180.081 Y96.428
G1 F3000 X179.105 Y100.069 E2124.53212
G1 X179.008 Y100.069
G1 X175.368 Y96.43 E2124.70331
G1 X175.395 Y96.429
G1 X161.809 Y100.069 E2125.17112
G0 F9000 X162.037 Y100.069
G1 F3000 X158.398 Y96.43 E2125.34228
G0 F9000 X159.375 Y96.429
G1 F3000 X158.4 Y100.069 E2125.46762
G0 F9000 X158.4 Y99.85
G0 X156.38 Y99.85
G0 X156.38 Y100.069
G1 F3000 X152.741 Y96.43 E2125.63879
G0 F9000 X152.741 Y96.65
G0 X151.093 Y96.65
G0 X151.093 Y96.428
G1 F3000 X150.118 Y100.07 E2125.76418
G0 F9000 X150.724 Y100.069
G1 F3000 X147.084 Y96.43 E2125.93538
G1 X146.952 Y96.428
G1 X145.977 Y100.069 E2126.06074
G0 F9000 X146.354 Y100.069
G1 F3000 X159.939 Y96.429 E2126.52852
G0 F9000 X159.939 Y96.65
G0 X163.517 Y96.65
G0 X163.517 Y96.429
G1 F3000 X162.541 Y100.069 E2126.65386
G0 F9000 X162.541 Y99.85
G0 X164.055 Y96.65
G0 X164.055 Y96.43
G1 F3000 X167.694 Y100.069 E2126.82503
G0 F9000 X167.694 Y99.85
G0 X166.682 Y99.85
G0 X166.682 Y100.069
G1 F3000 X167.658 Y96.428 E2126.95041
G0 F9000 X167.658 Y96.65
G0 X169.711 Y96.65
G0 X169.711 Y96.43
G1 F3000 X173.351 Y100.069 E2127.1216
G0 F9000 X173.351 Y99.85
G0 X174.964 Y99.85
G0 X174.964 Y100.07
G1 F3000 X175.94 Y96.428 E2127.247
G0 F9000 X175.94 Y96.65
G0 X177.264 Y99.85
G0 X177.264 Y100.069
G1 F3000 X184.319 Y98.179 E2127.48993
G0 F9000 X184.1 Y98.179
G0 X184.13 Y96.62
G0 X184.222 Y96.429
G1 F3000 X183.247 Y100.069 E2127.61526
G0 F9000 X183.247 Y99.85
G0 X171.799 Y96.65
G0 X171.799 Y96.428
G1 F3000 X170.823 Y100.07 E2127.74067
G0 F9000 X170.823 Y99.85
G0 X155.234 Y96.65
G0 X155.234 Y96.428
G1 F3000 X154.259 Y100.07 E2127.86607
G0 F9000 X154.259 Y99.85
G0 X145.067 Y99.85
G0 X145.067 Y100.069
G1 F3000 X141.427 Y96.43 E2128.03726
G0 F9000 X141.427 Y96.65
G0 X142.811 Y96.65
G0 X142.811 Y96.429
G1 F3000 X141.836 Y100.069 E2128.1626
G0 F9000 X141.836 Y99.85
G0 X139.41 Y99.85
G0 X139.41 Y100.069
G1 F3000 X135.77 Y96.43 E2128.33379
G0 F9000 X135.77 Y96.65
G0 X134.529 Y96.65
G0 X134.529 Y96.428
G1 F3000 X133.553 Y100.07 E2128.45919
G0 F9000 X133.753 Y100.069
G1 F3000 X130.114 Y96.43 E2128.63036
G0 F9000 X130.388 Y96.428
G1 F3000 X129.412 Y100.07 E2128.75577
G0 F9000 X129.412 Y99.85
G0 X128.096 Y99.85
G0 X128.096 Y100.069
G1 F3000 X124.457 Y96.43 E2128.92694
G0 F9000 X124.457 Y96.65
G0 X126.247 Y96.65
G0 X126.247 Y96.428
G1 F3000 X125.271 Y100.069 E2129.05231
G0 F9000 X125.271 Y99.85
G0 X122.439 Y99.85
G0 X122.439 Y100.069
G1 F3000 X118.8 Y96.43 E2129.22348
G0 F9000 X117.964 Y96.429
G1 F3000 X116.989 Y100.069 E2129.34881
G0 F9000 X116.782 Y100.069
G1 F3000 X113.143 Y96.43 E2129.51998
G0 F9000 X113.575 Y96.429
G1 F3000 X99.989 Y100.069 E2129.98779
G1 X99.811 Y100.069
G1 X96.172 Y96.429 E2130.15898
G0 F9000 X96.172 Y96.65
G0 X97.259 Y96.65
G0 X97.259 Y96.429
G1 F3000 X96.283 Y100.069 E2130.28433
G0 F9000 X96.283 Y99.85
G0 X94.154 Y99.85
G0 X94.154 Y100.069
G1 F3000 X90.515 Y96.429 E2130.45552
G0 F9000 X90.515 Y96.65
G0 X88.977 Y96.65
G0 X88.977 Y96.428
G1 F3000 X88.001 Y100.07 E2130.58092
G0 F9000 X88.497 Y100.069
G1 F3000 X84.858 Y96.429 E2130.75212
G1 X84.836 Y96.428
G1 X83.86 Y100.069 E2130.87749
G0 F9000 X84.535 Y100.069
G1 F3000 X98.121 Y96.429 E2131.3453
G0 F9000 X98.121 Y96.65
G0 X101.4 Y96.65
G0 X101.4 Y96.429
G1 F3000 X100.424 Y100.069 E2131.47064
G0 F9000 X100.424 Y99.85
G0 X101.829 Y96.65
G0 X101.829 Y96.429
G1 F3000 X105.468 Y100.069 E2131.64183
G0 F9000 X104.566 Y100.069
G1 F3000 X105.541 Y96.428 E2131.7672
G0 F9000 X105.541 Y96.65
G0 X107.485 Y96.65
G0 X107.485 Y96.429
G1 F3000 X111.126 Y100.069 E2131.93844
G0 F9000 X111.126 Y99.85
G0 X112.848 Y99.85
G0 X112.848 Y100.07
G1 F3000 X113.823 Y96.428 E2132.06384
G0 F9000 X113.823 Y96.65
G0 X115.444 Y99.85
G0 X115.444 Y100.069
G1 F3000 X129.03 Y96.429 E2132.53165
G0 F9000 X129.03 Y96.65
G0 X130.899 Y99.85
G0 X130.899 Y100.069
G1 F3000 X144.484 Y96.429 E2132.99943
G0 F9000 X144.484 Y96.65
G0 X138.67 Y96.65
G0 X138.67 Y96.429
G1 F3000 X137.694 Y100.069 E2133.12477
G0 F9000 X137.694 Y99.85
G0 X122.105 Y96.65
G0 X122.105 Y96.429
G1 F3000 X121.13 Y100.069 E2133.2501
G0 F9000 X121.13 Y99.85
G0 X109.682 Y96.65
G0 X109.682 Y96.428
G1 F3000 X108.707 Y100.07 E2133.3755
G0 F9000 X108.707 Y99.85
G0 X93.118 Y96.65
G0 X93.118 Y96.428
G1 F3000 X92.142 Y100.07 E2133.50091
G0 F9000 X92.142 Y99.85
G0 X82.841 Y99.85
G0 X82.841 Y100.069
G1 F3000 X79.201 Y96.429 E2133.67212
G0 F9000 X79.201 Y96.65
G0 X80.694 Y96.65
G0 X80.694 Y96.429
G1 F3000 X79.719 Y100.069 E2133.79746
G0 F9000 X79.719 Y99.85
G0 X77.184 Y99.85
G0 X77.184 Y100.069
G1 F3000 X73.544 Y96.429 E2133.96867
G0 F9000 X73.544 Y96.65
G0 X72.412 Y96.65
G0 X72.412 Y96.428
G1 F3000 X71.437 Y100.07 E2134.09407
G1 X71.527 Y100.069
G1 X67.887 Y96.429 E2134.26529
G0 F9000 X68.271 Y96.428
G1 F3000 X67.295 Y100.07 E2134.39069
G0 F9000 X67.295 Y99.85
G0 X65.87 Y99.85
G0 X65.87 Y100.069
G1 F3000 X62.231 Y96.429 E2134.56189
G0 F9000 X62.231 Y96.65
G0 X64.13 Y96.65
G0 X64.13 Y96.428
G1 F3000 X63.155 Y100.069 E2134.68725
G0 F9000 X63.155 Y99.85
G0 X60.213 Y99.85
G0 X60.213 Y100.069
G1 F3000 X56.574 Y96.429 E2134.85844
G0 F9000 X55.848 Y96.429
G1 F3000 X54.872 Y100.069 E2134.98379
G0 F9000 X54.556 Y100.069
G1 F3000 X50.917 Y96.429 E2135.15498
G0 F9000 X51.707 Y96.428
G1 F3000 X50.731 Y100.07 E2135.28039
G0 F9000 X50.731 Y99.85
G0 X48.899 Y99.85
G0 X48.899 Y100.069
G1 F3000 X45.26 Y96.429 E2135.45158
G0 F9000 X45.26 Y96.65
G0 X43.425 Y96.65
G0 X43.425 Y96.428
G1 F3000 X42.449 Y100.069 E2135.57695
G0 F9000 X43.243 Y100.069
G1 F3000 X39.603 Y96.429 E2135.74817
G0 F9000 X39.283 Y96.429
G1 F3000 X38.308 Y100.069 E2135.8735
G1 X38.171 Y100.069
G1 X51.756 Y96.429 E2136.34128
G0 F9000 X51.756 Y96.65
G0 X53.626 Y99.85
G0 X53.626 Y100.069
G1 F3000 X67.211 Y96.429 E2136.80906
G0 F9000 X67.211 Y96.65
G0 X69.08 Y99.85
G0 X69.08 Y100.069
G1 F3000 X82.666 Y96.429 E2137.27687
G0 F9000 X82.666 Y96.65
G0 X76.553 Y96.65
G0 X76.553 Y96.429
G1 F3000 X75.578 Y100.069 E2137.4022
G0 F9000 X75.578 Y99.85
G0 X59.989 Y96.65
G0 X59.989 Y96.429
G1 F3000 X59.013 Y100.069 E2137.52754
G0 F9000 X59.013 Y99.85
G0 X47.566 Y96.65
G0 X47.566 Y96.428
G1 F3000 X46.59 Y100.07 E2137.65295
G0 F9000 X46.59 Y99.85
G0 X37.586 Y99.85
G0 X37.586 Y100.069
G1 F3000 X35.679 Y98.162 E2137.74265
G0 F9000 X35.9 Y98.162
G0 X35.9 Y96.595
G0 X35.679 Y96.595
G1 F3000 X36.301 Y96.429 E2137.76406
G0 F9000 X36.301 Y96.95
G1 F2700 E2132.76406
G0 F9000 X184.13 Y100.33
G0 X184.13 Y101.415
G0 X184.13 Y118.585
G0 X184.13 Y119.67
G0 X184.13 Y123.38
G0 X184.4 Y123.65
;TYPE:WALL-INNER
G1 F2700 E2137.76406
G1 F1500 X184.4 Y119.85 E2137.89045
G1 X35.6 Y119.85 E2142.83956
G1 X35.6 Y123.65 E2142.96595
G1 X184.4 Y123.65 E2147.91506
G0 F9000 X184.8 Y124.05
;TYPE:WALL-OUTER
G1 F1500 X184.8 Y119.45 E2148.06805
G1 X35.2 Y119.45 E2153.04377
G1 X35.2 Y124.05 E2153.19677
G1 X184.8 Y124.05 E2158.17248
G0 F9000 X184.53 Y123.78
G0 X184.1 Y123.025
G0 X184.318 Y123.025
;TYPE:FILL
G1 F3000 X182.29 Y123.569 E2158.24232
G0 F9000 X182.29 Y123.35
G0 X181.091 Y123.35
G0 X181.091 Y123.569
G1 F3000 X182.066 Y119.928 E2158.36768
G1 X181.898 Y119.93
G1 X184.319 Y122.351 E2158.48156
G0 F9000 X184.1 Y122.351
G0 X180.417 Y120.15
G0 X180.417 Y119.929
G1 F3000 X166.834 Y123.569 E2158.94927
G0 F9000 X166.834 Y123.35
G0 X168.567 Y123.35
G0 X168.567 Y123.569
G1 F3000 X164.927 Y119.93 E2159.12046
G1 X164.963 Y119.929
G1 X151.38 Y123.569 E2159.58818
G0 F9000 X151.596 Y123.569
G1 F3000 X147.957 Y119.93 E2159.75935
G0 F9000 X148.938 Y119.928
G1 F3000 X147.962 Y123.569 E2159.88472
G0 F9000 X147.962 Y123.35
G0 X145.939 Y123.35
G0 X145.939 Y123.569
G1 F3000 X142.3 Y119.93 E2160.05589
G0 F9000 X142.3 Y120.15
G0 X140.655 Y120.15
G0 X140.655 Y119.928
G1 F3000 X139.68 Y123.569 E2160.18126
G0 F9000 X140.282 Y123.569
G1 F3000 X136.643 Y119.93 E2160.35242
G1 X136.514 Y119.928
G1 X135.539 Y123.569 E2160.47779
G0 F9000 X135.924 Y123.569
G1 F3000 X149.508 Y119.929 E2160.94553
G0 F9000 X149.508 Y120.15
G0 X153.079 Y120.15
G0 X153.079 Y119.928
G1 F3000 X152.103 Y123.569 E2161.07091
G0 F9000 X152.103 Y123.35
G0 X153.613 Y120.15
G0 X153.613 Y119.93
G1 F3000 X157.253 Y123.569 E2161.2421
G0 F9000 X157.253 Y123.35
G0 X156.244 Y123.35
G0 X156.244 Y123.569
G1 F3000 X157.22 Y119.928 E2161.36748
G0 F9000 X157.22 Y120.15
G0 X159.27 Y120.15
G0 X159.27 Y119.93
G1 F3000 X162.91 Y123.569 E2161.53867
G0 F9000 X162.91 Y123.35
G0 X164.527 Y123.35
G0 X164.527 Y123.569
G1 F3000 X165.502 Y119.928 E2161.66403
G0 F9000 X165.502 Y120.15
G0 X169.643 Y120.15
G0 X169.643 Y119.928
G1 F3000 X168.668 Y123.569 E2161.7894
G0 F9000 X168.668 Y123.35
G0 X170.584 Y120.15
G0 X170.584 Y119.93
G1 F3000 X174.224 Y123.569 E2161.96059
G0 F9000 X174.224 Y123.35
G0 X172.809 Y123.35
G0 X172.809 Y123.569
G1 F3000 X173.784 Y119.928 E2162.08596
G0 F9000 X173.784 Y120.15
G0 X176.241 Y120.15
G0 X176.241 Y119.93
G1 F3000 X179.88 Y123.569 E2162.25713
G0 F9000 X179.88 Y123.35
G0 X176.95 Y123.35
G0 X176.95 Y123.569
G1 F3000 X177.926 Y119.928 E2162.3825
G0 F9000 X177.926 Y120.15
G0 X161.361 Y120.15
G0 X161.361 Y119.928
G1 F3000 X160.385 Y123.569 E2162.50788
G0 F9000 X160.385 Y123.35
G0 X144.797 Y120.15
G0 X144.797 Y119.928
G1 F3000 X143.821 Y123.569 E2162.63325
G0 F9000 X143.821 Y123.35
G0 X134.626 Y123.35
G0 X134.626 Y123.569
G1 F3000 X130.986 Y119.93 E2162.80444
G0 F9000 X130.986 Y120.15
G0 X132.373 Y120.15
G0 X132.373 Y119.928
G1 F3000 X131.398 Y123.569 E2162.92981
G0 F9000 X131.398 Y123.35
G0 X128.969 Y123.35
G0 X128.969 Y123.569
G1 F3000 X125.329 Y119.93 E2163.101
G0 F9000 X125.329 Y120.15
G0 X124.091 Y120.15
G0 X124.091 Y119.928
G1 F3000 X123.115 Y123.569 E2163.22638
G1 X123.312 Y123.569
G1 X119.672 Y119.93 E2163.39757
G0 F9000 X119.95 Y119.928
G1 F3000 X118.974 Y123.569 E2163.52294
G0 F9000 X118.974 Y123.35
G0 X117.655 Y123.35
G0 X117.655 Y123.569
G1 F3000 X114.016 Y119.93 E2163.69411
G0 F9000 X114.016 Y120.15
G0 X115.809 Y120.15
G0 X115.809 Y119.928
G1 F3000 X114.833 Y123.569 E2163.81949
G0 F9000 X114.833 Y123.35
G0 X111.998 Y123.35
G0 X111.998 Y123.569
G1 F3000 X108.358 Y119.929 E2163.9907
G0 F9000 X107.527 Y119.928
G1 F3000 X106.551 Y123.569 E2164.11608
G0 F9000 X106.341 Y123.569
G1 F3000 X102.701 Y119.929 E2164.28729
G0 F9000 X103.144 Y119.929
G1 F3000 X89.558 Y123.569 E2164.7551
G1 X89.37 Y123.569
G1 X85.731 Y119.929 E2164.92629
G0 F9000 X85.731 Y120.15
G0 X86.821 Y120.15
G0 X86.821 Y119.928
G1 F3000 X85.846 Y123.569 E2165.05166
G0 F9000 X85.846 Y123.35
G0 X83.713 Y123.35
G0 X83.713 Y123.569
G1 F3000 X80.074 Y119.929 E2165.22285
G0 F9000 X80.074 Y120.15
G0 X78.539 Y120.15
G0 X78.539 Y119.928
G1 F3000 X77.563 Y123.569 E2165.34822
G0 F9000 X78.056 Y123.569
G1 F3000 X74.417 Y119.929 E2165.51942
G1 X74.398 Y119.928
G1 X73.422 Y123.569 E2165.64479
G0 F9000 X74.104 Y123.569
G1 F3000 X87.689 Y119.929 E2166.11257
G0 F9000 X87.689 Y120.15
G0 X90.962 Y120.15
G0 X90.962 Y119.928
G1 F3000 X89.986 Y123.569 E2166.23794
G0 F9000 X89.986 Y123.35
G0 X91.387 Y120.15
G0 X91.387 Y119.929
G1 F3000 X95.027 Y123.569 E2166.40916
G0 F9000 X94.128 Y123.569
G1 F3000 X95.103 Y119.928 E2166.53453
G0 F9000 X95.103 Y120.15
G0 X97.044 Y120.15
G0 X97.044 Y119.929
G1 F3000 X100.684 Y123.569 E2166.70574
G0 F9000 X100.684 Y123.35
G0 X102.41 Y123.35
G0 X102.41 Y123.569
G1 F3000 X103.385 Y119.928 E2166.83111
G0 F9000 X103.385 Y120.15
G0 X105.014 Y123.35
G0 X105.014 Y123.569
G1 F3000 X118.599 Y119.929 E2167.29888
G0 F9000 X118.599 Y120.15
G0 X120.47 Y123.35
G0 X120.47 Y123.569
G1 F3000 X134.053 Y119.929 E2167.7666
G0 F9000 X134.053 Y120.15
G0 X128.232 Y120.15
G0 X128.232 Y119.928
G1 F3000 X127.257 Y123.569 E2167.89196
G0 F9000 X127.257 Y123.35
G0 X111.668 Y120.15
G0 X111.668 Y119.928
G1 F3000 X110.692 Y123.569 E2168.01734
G0 F9000 X110.692 Y123.35
G0 X99.244 Y120.15
G0 X99.244 Y119.928
G1 F3000 X98.269 Y123.569 E2168.14271
G0 F9000 X98.269 Y123.35
G0 X82.68 Y120.15
G0 X82.68 Y119.928
G1 F3000 X81.704 Y123.569 E2168.26808
G0 F9000 X81.704 Y123.35
G0 X72.399 Y123.35
G0 X72.399 Y123.569
G1 F3000 X68.76 Y119.929 E2168.43927
G0 F9000 X68.76 Y120.15
G0 X70.257 Y120.15
G0 X70.257 Y119.928
G1 F3000 X69.281 Y123.569 E2168.56465
G0 F9000 X69.281 Y123.35
G0 X66.743 Y123.35
G0 X66.743 Y123.569
G1 F3000 X63.103 Y119.929 E2168.73586
G0 F9000 X63.103 Y120.15
G0 X61.974 Y120.15
G0 X61.974 Y119.928
G1 F3000 X60.999 Y123.569 E2168.86123
G1 X61.086 Y123.569
G1 X57.446 Y119.929 E2169.03244
G0 F9000 X57.833 Y119.928
G1 F3000 X56.858 Y123.569 E2169.15781
G0 F9000 X56.858 Y123.35
G0 X55.429 Y123.35
G0 X55.429 Y123.569
G1 F3000 X51.789 Y119.929 E2169.32903
G0 F9000 X51.789 Y120.15
G0 X53.692 Y120.15
G0 X53.692 Y119.928
G1 F3000 X52.717 Y123.569 E2169.45439
G0 F9000 X52.717 Y123.35
G0 X49.772 Y123.35
G0 X49.772 Y123.569
G1 F3000 X46.133 Y119.929 E2169.62558
G0 F9000 X45.41 Y119.928
G1 F3000 X44.435 Y123.569 E2169.75095
G0 F9000 X44.115 Y123.569
G1 F3000 X40.476 Y119.929 E2169.92214
G0 F9000 X41.269 Y119.928
G1 F3000 X40.293 Y123.569 E2170.04752
G0 F9000 X40.293 Y123.35
G0 X38.458 Y123.35
G0 X38.458 Y123.569
G1 F3000 X35.679 Y120.79 E2170.17823
G0 F9000 X35.68 Y121.442
G1 F3000 X41.325 Y119.929 E2170.37261
G0 F9000 X41.325 Y120.15
G0 X43.194 Y123.35
G0 X43.194 Y123.57
G1 F3000 X56.779 Y119.929 E2170.8404
G0 F9000 X56.779 Y120.15
G0 X58.648 Y123.35
G0 X58.648 Y123.57
G1 F3000 X72.234 Y119.929 E2171.30822
G0 F9000 X72.234 Y120.15
G0 X66.116 Y120.15
G0 X66.116 Y119.928
G1 F3000 X65.14 Y123.569 E2171.43359
G0 F9000 X65.14 Y123.35
G0 X49.551 Y120.15
G0 X49.551 Y119.928
G1 F3000 X48.575 Y123.569 E2171.55897
G0 F9000 X48.575 Y123.35
G0 X37.128 Y120.15
G0 X37.128 Y119.928
G1 F3000 X36.152 Y123.569 E2171.68434
G0 F9000 X36.2 Y123.05
G1 F2700 E2166.68434
;MESH:NONMESH
G0 F300 X36.2 Y123.05 Z5.6
G0 F9000 X184.13 Y119.67
G0 X184.13 Y118.585
G0 X184.13 Y101.415
G0 X184.13 Y100.33
G0 X184.13 Y99.88
G0 X184.4 Y100.15
;TIME_ELAPSED:3312.470348
;LAYER:27
;TYPE:WALL-INNER
;MESH:Garmin_GFC500 BOARDS SUPPORTS.stl
G1 F2700 E2171.68434
G1 F1500 X184.4 Y96.35 E2171.81073
G1 X35.6 Y96.35 E2176.75984
G1 X35.6 Y100.15 E2176.88623
G1 X184.4 Y100.15 E2181.83534
G0 F9000 X184.8 Y100.55
;TYPE:WALL-OUTER
G1 F1500 X184.8 Y95.95 E2181.98833
G1 X35.2 Y95.95 E2186.96405
G1 X35.2 Y100.55 E2187.11705
G1 X184.8 Y100.55 E2192.09276
G0 F9000 X184.53 Y100.28
G0 X184.1 Y99.524
G0 X184.319 Y99.524
;TYPE:FILL
G1 F3000 X181.225 Y96.43 E2192.23829
G0 F9000 X181.225 Y96.65
G0 X179.935 Y96.65
G0 X179.935 Y96.428
G1 F3000 X178.959 Y100.07 E2192.3637
G0 F9000 X179.207 Y100.069
G1 F3000 X175.568 Y96.43 E2192.53487
G0 F9000 X175.794 Y96.428
G1 F3000 X174.818 Y100.069 E2192.66025
G0 F9000 X174.818 Y99.85
G0 X173.55 Y99.85
G0 X173.55 Y100.069
G1 F3000 X169.911 Y96.43 E2192.83141
G0 F9000 X169.911 Y96.65
G0 X171.653 Y96.65
G0 X171.653 Y96.428
G1 F3000 X170.677 Y100.069 E2192.95679
G0 F9000 X170.677 Y99.85
G0 X167.894 Y99.85
G0 X167.894 Y100.069
G1 F3000 X164.254 Y96.43 E2193.12798
G0 F9000 X163.371 Y96.428
G1 F3000 X162.395 Y100.069 E2193.25335
G1 X162.353 Y100.069
G1 X175.939 Y96.429 E2193.72116
G0 F9000 X175.939 Y96.65
G0 X177.808 Y99.85
G0 X177.808 Y100.069
G1 F3000 X184.318 Y98.325 E2193.94532
G0 F9000 X184.1 Y98.325
G0 X184.076 Y96.65
G0 X184.076 Y96.428
G1 F3000 X183.101 Y100.069 E2194.07069
G0 F9000 X183.101 Y99.85
G0 X167.512 Y96.65
G0 X167.512 Y96.429
G1 F3000 X166.536 Y100.069 E2194.19603
G0 F9000 X166.536 Y99.85
G0 X162.237 Y99.85
G0 X162.237 Y100.069
G1 F3000 X158.597 Y96.43 E2194.36722
G0 F9000 X159.23 Y96.428
G1 F3000 X158.254 Y100.07 E2194.49263
G0 F9000 X158.254 Y99.85
G0 X156.58 Y99.85
G0 X156.58 Y100.069
G1 F3000 X152.94 Y96.43 E2194.66382
G0 F9000 X152.94 Y96.65
G0 X150.947 Y96.65
G0 X150.947 Y96.428
G1 F3000 X149.972 Y100.069 E2194.78919
G0 F9000 X150.923 Y100.069
G1 F3000 X147.283 Y96.43 E2194.96038
G0 F9000 X146.806 Y96.429
G1 F3000 X145.831 Y100.069 E2195.08572
G0 F9000 X145.266 Y100.069
G1 F3000 X141.627 Y96.43 E2195.25688
G0 F9000 X141.627 Y96.65
G0 X142.665 Y96.65
G0 X142.665 Y96.428
G1 F3000 X141.689 Y100.069 E2195.38226
G0 F9000 X141.689 Y99.85
G0 X139.609 Y99.85
G0 X139.609 Y100.069
G1 F3000 X135.97 Y96.43 E2195.55343
G0 F9000 X135.97 Y96.65
G0 X134.383 Y96.65
G0 X134.383 Y96.428
G1 F3000 X133.407 Y100.07 E2195.67883
G0 F9000 X133.952 Y100.069
G1 F3000 X130.313 Y96.43 E2195.85
G1 X130.242 Y96.428
G1 X129.266 Y100.069 E2195.97538
G0 F9000 X128.296 Y100.069
G1 F3000 X124.656 Y96.43 E2196.14657
G0 F9000 X124.656 Y96.65
G0 X126.101 Y96.65
G0 X126.101 Y96.429
G1 F3000 X125.125 Y100.069 E2196.27191
G0 F9000 X125.125 Y99.85
G0 X122.639 Y99.85
G0 X122.639 Y100.069
G1 F3000 X118.999 Y96.43 E2196.4431
G0 F9000 X118.999 Y96.65
G0 X117.819 Y96.65
G0 X117.819 Y96.428
G1 F3000 X116.843 Y100.07 E2196.56851
G1 X116.982 Y100.069
G1 X113.342 Y96.43 E2196.7397
G0 F9000 X113.677 Y96.428
G1 F3000 X112.702 Y100.07 E2196.8651
G0 F9000 X112.702 Y99.85
G0 X111.325 Y99.85
G0 X111.325 Y100.069
G1 F3000 X107.685 Y96.429 E2197.03631
G0 F9000 X107.685 Y96.65
G0 X109.536 Y96.65
G0 X109.536 Y96.428
G1 F3000 X108.561 Y100.069 E2197.16168
G0 F9000 X108.561 Y99.85
G0 X105.667 Y99.85
G0 X105.667 Y100.069
G1 F3000 X102.028 Y96.429 E2197.33287
G0 F9000 X101.254 Y96.429
G1 F3000 X100.278 Y100.069 E2197.45821
G0 F9000 X100.534 Y100.069
G1 F3000 X114.12 Y96.429 E2197.92602
G0 F9000 X114.12 Y96.65
G0 X115.99 Y99.85
G0 X115.99 Y100.069
G1 F3000 X129.574 Y96.429 E2198.39377
G0 F9000 X129.574 Y96.65
G0 X131.444 Y99.85
G0 X131.444 Y100.069
G1 F3000 X145.029 Y96.429 E2198.86155
G0 F9000 X145.029 Y96.65
G0 X146.899 Y99.85
G0 X146.899 Y100.069
G1 F3000 X160.485 Y96.429 E2199.32936
G0 F9000 X160.485 Y96.65
G0 X155.088 Y96.65
G0 X155.088 Y96.428
G1 F3000 X154.113 Y100.069 E2199.45472
G0 F9000 X154.113 Y99.85
G0 X138.524 Y96.65
G0 X138.524 Y96.428
G1 F3000 X137.548 Y100.07 E2199.58013
G0 F9000 X137.548 Y99.85
G0 X121.959 Y96.65
G0 X121.959 Y96.429
G1 F3000 X120.984 Y100.069 E2199.70547
G0 F9000 X120.984 Y99.85
G0 X105.395 Y96.65
G0 X105.395 Y96.429
G1 F3000 X104.42 Y100.069 E2199.8308
G0 F9000 X104.42 Y99.85
G0 X100.011 Y99.85
G0 X100.011 Y100.069
G1 F3000 X96.371 Y96.429 E2200.00201
G0 F9000 X97.113 Y96.428
G1 F3000 X96.137 Y100.07 E2200.12742
G0 F9000 X96.137 Y99.85
G0 X94.354 Y99.85
G0 X94.354 Y100.069
G1 F3000 X90.714 Y96.429 E2200.29864
G0 F9000 X90.714 Y96.65
G0 X88.831 Y96.65
G0 X88.831 Y96.428
G1 F3000 X87.855 Y100.069 E2200.42401
G0 F9000 X88.697 Y100.069
G1 F3000 X85.057 Y96.429 E2200.59523
G0 F9000 X84.69 Y96.429
G1 F3000 X83.714 Y100.069 E2200.72057
G0 F9000 X83.04 Y100.069
G1 F3000 X79.401 Y96.429 E2200.89176
G0 F9000 X79.401 Y96.65
G0 X80.548 Y96.65
G0 X80.548 Y96.429
G1 F3000 X79.573 Y100.069 E2201.0171
G0 F9000 X79.573 Y99.85
G0 X77.383 Y99.85
G0 X77.383 Y100.069
G1 F3000 X73.744 Y96.429 E2201.18829
G0 F9000 X73.744 Y96.65
G0 X72.266 Y96.65
G0 X72.266 Y96.428
G1 F3000 X71.291 Y100.07 E2201.31369
G0 F9000 X71.726 Y100.069
G1 F3000 X68.087 Y96.429 E2201.48488
G1 X68.125 Y96.428
G1 X67.15 Y100.069 E2201.61024
G0 F9000 X67.15 Y99.85
G0 X66.069 Y99.85
G0 X66.069 Y100.069
G1 F3000 X62.43 Y96.429 E2201.78143
G0 F9000 X62.43 Y96.65
G0 X63.984 Y96.65
G0 X63.984 Y96.429
G1 F3000 X63.009 Y100.069 E2201.90677
G0 F9000 X63.009 Y99.85
G0 X60.413 Y99.85
G0 X60.413 Y100.069
G1 F3000 X56.773 Y96.429 E2202.07798
G0 F9000 X56.773 Y96.65
G0 X55.702 Y96.65
G0 X55.702 Y96.428
G1 F3000 X54.726 Y100.07 E2202.20339
G1 X54.756 Y100.069
G1 X51.116 Y96.429 E2202.37461
G0 F9000 X51.561 Y96.428
G1 F3000 X50.585 Y100.07 E2202.50001
G0 F9000 X50.585 Y99.85
G0 X49.099 Y99.85
G0 X49.099 Y100.069
G1 F3000 X45.459 Y96.429 E2202.67123
G0 F9000 X45.459 Y96.65
G0 X47.42 Y96.65
G0 X47.42 Y96.428
G1 F3000 X46.444 Y100.069 E2202.7966
G0 F9000 X46.444 Y99.85
G0 X43.442 Y99.85
G0 X43.442 Y100.069
G1 F3000 X39.803 Y96.429 E2202.96779
G0 F9000 X39.137 Y96.429
G1 F3000 X38.162 Y100.069 E2203.09313
G0 F9000 X37.785 Y100.069
G1 F3000 X35.679 Y97.963 E2203.19219
G0 F9000 X35.9 Y97.963
G0 X35.9 Y96.741
G0 X35.68 Y96.741
G1 F3000 X36.847 Y96.428 E2203.23238
G0 F9000 X36.847 Y96.65
G0 X38.716 Y99.85
G0 X38.716 Y100.069
G1 F3000 X52.301 Y96.429 E2203.70015
G0 F9000 X52.301 Y96.65
G0 X54.17 Y99.85
G0 X54.17 Y100.069
G1 F3000 X67.756 Y96.429 E2204.16796
G0 F9000 X67.756 Y96.65
G0 X69.625 Y99.85
G0 X69.625 Y100.069
G1 F3000 X83.211 Y96.429 E2204.63577
G0 F9000 X83.211 Y96.65
G0 X85.079 Y99.85
G0 X85.079 Y100.069
G1 F3000 X98.665 Y96.429 E2205.10358
G0 F9000 X98.665 Y96.65
G0 X92.972 Y96.65
G0 X92.972 Y96.428
G1 F3000 X91.996 Y100.07 E2205.22899
G0 F9000 X91.996 Y99.85
G0 X76.407 Y96.65
G0 X76.407 Y96.428
G1 F3000 X75.432 Y100.07 E2205.35439
G0 F9000 X75.432 Y99.85
G0 X59.843 Y96.65
G0 X59.843 Y96.429
G1 F3000 X58.867 Y100.069 E2205.47973
G0 F9000 X58.867 Y99.85
G0 X43.278 Y96.65
G0 X43.278 Y96.429
G1 F3000 X42.303 Y100.069 E2205.60507
G0 F9000 X42.303 Y99.55
G1 F2700 E2200.60507
G0 F9000 X184.13 Y100.33
G0 X184.13 Y101.415
G0 X184.13 Y118.585
G0 X184.13 Y119.67
G0 X184.13 Y123.38
G0 X184.4 Y123.65
;TYPE:WALL-INNER
G1 F2700 E2205.60507
G1 F1500 X184.4 Y119.85 E2205.73145
G1 X35.6 Y119.85 E2210.68056
G1 X35.6 Y123.65 E2210.80695
G1 X184.4 Y123.65 E2215.75606
G0 F9000 X184.8 Y124.05
;TYPE:WALL-OUTER
G1 F1500 X184.8 Y119.45 E2215.90906
G1 X35.2 Y119.45 E2220.88477
G1 X35.2 Y124.05 E2221.03777
G1 X184.8 Y124.05 E2226.01348
G0 F9000 X184.53 Y123.78
G0 X184.1 Y123.171
G0 X184.318 Y123.171
;TYPE:FILL
G1 F3000 X182.835 Y123.569 E2226.06455
G0 F9000 X182.835 Y123.35
G0 X180.945 Y123.35
G0 X180.945 Y123.569
G1 F3000 X181.921 Y119.928 E2226.18993
G1 X182.097 Y119.93
G1 X184.319 Y122.151 E2226.29442
G0 F9000 X184.1 Y122.151
G0 X180.962 Y120.15
G0 X180.962 Y119.93
G1 F3000 X167.38 Y123.569 E2226.7621
G0 F9000 X167.38 Y123.35
G0 X168.522 Y123.35
G0 X168.522 Y123.569
G1 F3000 X169.497 Y119.928 E2226.88746
G0 F9000 X169.497 Y120.15
G0 X170.783 Y120.15
G0 X170.783 Y119.93
G1 F3000 X174.423 Y123.569 E2227.05865
G0 F9000 X174.423 Y123.35
G0 X172.663 Y123.35
G0 X172.663 Y123.569
G1 F3000 X173.638 Y119.928 E2227.18402
G0 F9000 X173.638 Y120.15
G0 X176.44 Y120.15
G0 X176.44 Y119.93
G1 F3000 X180.08 Y123.569 E2227.35521
G0 F9000 X180.08 Y123.35
G0 X176.804 Y123.35
G0 X176.804 Y123.569
G1 F3000 X177.779 Y119.928 E2227.48058
G0 F9000 X177.779 Y120.15
G0 X168.766 Y123.35
G0 X168.766 Y123.569
G1 F3000 X165.127 Y119.93 E2227.65175
G0 F9000 X165.356 Y119.928
G1 F3000 X164.381 Y123.569 E2227.77711
G0 F9000 X164.381 Y123.35
G0 X163.109 Y123.35
G0 X163.109 Y123.569
G1 F3000 X159.47 Y119.93 E2227.94828
G0 F9000 X159.47 Y120.15
G0 X161.215 Y120.15
G0 X161.215 Y119.928
G1 F3000 X160.239 Y123.569 E2228.07365
G0 F9000 X160.239 Y123.35
G0 X157.452 Y123.35
G0 X157.452 Y123.569
G1 F3000 X153.813 Y119.93 E2228.24482
G0 F9000 X152.933 Y119.928
G1 F3000 X151.957 Y123.569 E2228.3702
G1 X151.924 Y123.569
G1 X165.507 Y119.929 E2228.83791
G0 F9000 X165.507 Y120.15
G0 X157.074 Y120.15
G0 X157.074 Y119.928
G1 F3000 X156.098 Y123.569 E2228.96329
G0 F9000 X156.098 Y123.35
G0 X151.796 Y123.35
G0 X151.796 Y123.569
G1 F3000 X148.156 Y119.93 E2229.13448
G0 F9000 X148.792 Y119.928
G1 F3000 X147.816 Y123.569 E2229.25985
G0 F9000 X147.816 Y123.35
G0 X146.139 Y123.35
G0 X146.139 Y123.569
G1 F3000 X142.499 Y119.93 E2229.43104
G0 F9000 X142.499 Y120.15
G0 X140.51 Y120.15
G0 X140.51 Y119.928
G1 F3000 X139.534 Y123.569 E2229.55642
G0 F9000 X140.482 Y123.569
G1 F3000 X136.842 Y119.93 E2229.72761
G0 F9000 X136.368 Y119.928
G1 F3000 X135.393 Y123.569 E2229.85298
G0 F9000 X134.825 Y123.569
G1 F3000 X131.185 Y119.93 E2230.02417
G0 F9000 X131.185 Y120.15
G0 X132.227 Y120.15
G0 X132.227 Y119.928
G1 F3000 X131.252 Y123.569 E2230.14954
G0 F9000 X131.252 Y123.35
G0 X129.168 Y123.35
G0 X129.168 Y123.569
G1 F3000 X125.529 Y119.93 E2230.3207
G0 F9000 X125.529 Y120.15
G0 X123.945 Y120.15
G0 X123.945 Y119.928
G1 F3000 X122.969 Y123.569 E2230.44608
G0 F9000 X123.511 Y123.569
G1 F3000 X119.872 Y119.93 E2230.61725
G1 X119.804 Y119.928
G1 X118.828 Y123.569 E2230.74262
G0 F9000 X117.854 Y123.569
G1 F3000 X114.215 Y119.93 E2230.91379
G0 F9000 X114.215 Y120.15
G0 X115.663 Y120.15
G0 X115.663 Y119.928
G1 F3000 X114.687 Y123.569 E2231.03916
G0 F9000 X114.687 Y123.35
G0 X112.198 Y123.35
G0 X112.198 Y123.569
G1 F3000 X108.557 Y119.929 E2231.2104
G0 F9000 X108.557 Y120.15
G0 X107.381 Y120.15
G0 X107.381 Y119.928
G1 F3000 X106.405 Y123.569 E2231.33578
G1 X106.54 Y123.569
G1 X102.901 Y119.929 E2231.50697
G0 F9000 X103.239 Y119.928
G1 F3000 X102.264 Y123.569 E2231.63234
G0 F9000 X102.264 Y123.35
G0 X100.883 Y123.35
G0 X100.883 Y123.569
G1 F3000 X97.244 Y119.929 E2231.80353
G0 F9000 X97.244 Y120.15
G0 X99.099 Y120.15
G0 X99.099 Y119.928
G1 F3000 X98.123 Y123.569 E2231.9289
G0 F9000 X98.123 Y123.35
G0 X95.226 Y123.35
G0 X95.226 Y123.569
G1 F3000 X91.587 Y119.929 E2232.10009
G0 F9000 X90.816 Y119.928
G1 F3000 X89.841 Y123.569 E2232.22546
G0 F9000 X90.104 Y123.569
G1 F3000 X103.689 Y119.929 E2232.69324
G0 F9000 X103.689 Y120.15
G0 X105.559 Y123.35
G0 X105.559 Y123.569
G1 F3000 X119.143 Y119.929 E2233.16098
G0 F9000 X119.143 Y120.15
G0 X121.014 Y123.35
G0 X121.014 Y123.569
G1 F3000 X134.598 Y119.929 E2233.62873
G0 F9000 X134.598 Y120.15
G0 X136.469 Y123.35
G0 X136.469 Y123.569
G1 F3000 X150.053 Y119.929 E2234.09647
G0 F9000 X150.053 Y120.15
G0 X144.65 Y120.15
G0 X144.65 Y119.928
G1 F3000 X143.675 Y123.569 E2234.22184
G0 F9000 X143.675 Y123.35
G0 X128.086 Y120.15
G0 X128.086 Y119.928
G1 F3000 X127.111 Y123.569 E2234.34721
G0 F9000 X127.111 Y123.35
G0 X111.522 Y120.15
G0 X111.522 Y119.928
G1 F3000 X110.546 Y123.569 E2234.47258
G0 F9000 X110.546 Y123.35
G0 X94.957 Y120.15
G0 X94.957 Y119.928
G1 F3000 X93.982 Y123.569 E2234.59795
G0 F9000 X93.982 Y123.35
G0 X89.569 Y123.35
G0 X89.569 Y123.569
G1 F3000 X85.93 Y119.929 E2234.76914
G0 F9000 X86.675 Y119.928
G1 F3000 X85.7 Y123.569 E2234.89451
G0 F9000 X85.7 Y123.35
G0 X83.913 Y123.35
G0 X83.913 Y123.569
G1 F3000 X80.273 Y119.929 E2235.06572
G0 F9000 X80.273 Y120.15
G0 X78.393 Y120.15
G0 X78.393 Y119.928
G1 F3000 X77.417 Y123.569 E2235.1911
G0 F9000 X78.256 Y123.569
G1 F3000 X74.616 Y119.929 E2235.36231
G0 F9000 X74.252 Y119.928
G1 F3000 X73.276 Y123.569 E2235.48769
G0 F9000 X72.599 Y123.569
G1 F3000 X68.959 Y119.929 E2235.6589
G0 F9000 X68.959 Y120.15
G0 X70.111 Y120.15
G0 X70.111 Y119.928
G1 F3000 X69.135 Y123.569 E2235.78428
G0 F9000 X69.135 Y123.35
G0 X66.942 Y123.35
G0 X66.942 Y123.569
G1 F3000 X63.303 Y119.929 E2235.95547
G0 F9000 X63.303 Y120.15
G0 X61.828 Y120.15
G0 X61.828 Y119.928
G1 F3000 X60.853 Y123.569 E2236.08083
G0 F9000 X61.285 Y123.569
G1 F3000 X57.646 Y119.929 E2236.25202
G1 X57.687 Y119.928
G1 X56.712 Y123.569 E2236.37739
G0 F9000 X56.712 Y123.35
G0 X55.628 Y123.35
G0 X55.628 Y123.569
G1 F3000 X51.989 Y119.929 E2236.54858
G0 F9000 X51.989 Y120.15
G0 X53.546 Y120.15
G0 X53.546 Y119.928
G1 F3000 X52.571 Y123.569 E2236.67395
G0 F9000 X52.571 Y123.35
G0 X49.971 Y123.35
G0 X49.971 Y123.569
G1 F3000 X46.332 Y119.929 E2236.84514
G0 F9000 X46.332 Y120.15
G0 X45.264 Y120.15
G0 X45.264 Y119.928
G1 F3000 X44.289 Y123.569 E2236.97051
G1 X44.315 Y123.569
G1 X40.675 Y119.929 E2237.14172
G0 F9000 X41.123 Y119.928
G1 F3000 X40.147 Y123.569 E2237.2671
G0 F9000 X40.147 Y123.35
G0 X38.658 Y123.35
G0 X38.658 Y123.569
G1 F3000 X35.679 Y120.59 E2237.40722
G0 F9000 X35.68 Y121.588
G1 F3000 X41.869 Y119.929 E2237.62033
G0 F9000 X41.869 Y120.15
G0 X43.738 Y123.35
G0 X43.738 Y123.57
G1 F3000 X57.324 Y119.929 E2238.08815
G0 F9000 X57.324 Y120.15
G0 X59.193 Y123.35
G0 X59.193 Y123.57
G1 F3000 X72.779 Y119.929 E2238.55597
G0 F9000 X72.779 Y120.15
G0 X74.648 Y123.35
G0 X74.648 Y123.569
G1 F3000 X88.234 Y119.929 E2239.02378
G0 F9000 X88.234 Y120.15
G0 X82.534 Y120.15
G0 X82.534 Y119.928
G1 F3000 X81.558 Y123.569 E2239.14916
G0 F9000 X81.558 Y123.35
G0 X65.97 Y120.15
G0 X65.97 Y119.928
G1 F3000 X64.994 Y123.569 E2239.27453
G0 F9000 X64.994 Y123.35
G0 X49.405 Y120.15
G0 X49.405 Y119.928
G1 F3000 X48.43 Y123.569 E2239.3999
G0 F9000 X48.43 Y123.35
G0 X36.982 Y120.15
G0 X36.982 Y119.928
G1 F3000 X36.006 Y123.569 E2239.52527
G0 F9000 X36.2 Y123.05
G1 F2700 E2234.52527
;MESH:NONMESH
G0 F300 X36.2 Y123.05 Z5.8
G0 F9000 X184.13 Y119.67
G0 X184.13 Y118.585
G0 X184.13 Y101.415
G0 X184.13 Y100.33
G0 X184.13 Y99.88
G0 X184.4 Y100.15
;TIME_ELAPSED:3414.134416
;LAYER:28
;TYPE:WALL-INNER
;MESH:Garmin_GFC500 BOARDS SUPPORTS.stl
G1 F2700 E2239.52527
G1 F1500 X184.4 Y96.35 E2239.65166
G1 X35.6 Y96.35 E2244.60077
G1 X35.6 Y100.15 E2244.72716
G1 X184.4 Y100.15 E2249.67627
G0 F9000 X184.8 Y100.55
;TYPE:WALL-OUTER
G1 F1500 X184.8 Y95.95 E2249.82926
G1 X35.2 Y95.95 E2254.80498
G1 X35.2 Y100.55 E2254.95798
G1 X184.8 Y100.55 E2259.93369
G0 F9000 X184.53 Y100.28
G0 X184.1 Y99.323
G0 X184.319 Y99.323
;TYPE:FILL
G1 F3000 X181.425 Y96.43 E2260.06979
G0 F9000 X181.425 Y96.65
G0 X179.788 Y96.65
G0 X179.788 Y96.428
G1 F3000 X178.812 Y100.069 E2260.19517
G0 F9000 X178.357 Y100.069
G1 F3000 X184.318 Y98.472 E2260.40043
G0 F9000 X184.1 Y98.472
G0 X183.929 Y96.65
G0 X183.929 Y96.429
G1 F3000 X182.954 Y100.069 E2260.52576
G0 F9000 X182.954 Y99.85
G0 X179.408 Y99.85
G0 X179.408 Y100.069
G1 F3000 X175.769 Y96.43 E2260.69693
G1 X175.647 Y96.428
G1 X174.671 Y100.07 E2260.82233
G0 F9000 X173.751 Y100.069
G1 F3000 X170.112 Y96.43 E2260.9935
G0 F9000 X170.112 Y96.65
G0 X171.506 Y96.65
G0 X171.506 Y96.428
G1 F3000 X170.53 Y100.069 E2261.11888
G0 F9000 X170.53 Y99.85
G0 X168.094 Y99.85
G0 X168.094 Y100.069
G1 F3000 X164.455 Y96.43 E2261.29005
G0 F9000 X164.455 Y96.65
G0 X163.224 Y96.65
G0 X163.224 Y96.429
G1 F3000 X162.248 Y100.069 E2261.41539
G1 X162.437 Y100.069
G1 X158.798 Y96.43 E2261.58656
G0 F9000 X159.083 Y96.428
G1 F3000 X158.107 Y100.069 E2261.71193
G0 F9000 X158.107 Y99.85
G0 X156.781 Y99.85
G0 X156.781 Y100.069
G1 F3000 X153.141 Y96.43 E2261.88312
G0 F9000 X153.141 Y96.65
G0 X154.941 Y96.65
G0 X154.941 Y96.428
G1 F3000 X153.966 Y100.07 E2262.00852
G0 F9000 X153.966 Y99.85
G0 X151.124 Y99.85
G0 X151.124 Y100.069
G1 F3000 X147.484 Y96.43 E2262.17971
G0 F9000 X146.659 Y96.429
G1 F3000 X145.684 Y100.069 E2262.30505
G0 F9000 X145.467 Y100.069
G1 F3000 X141.827 Y96.43 E2262.47624
G0 F9000 X142.518 Y96.429
G1 F3000 X141.542 Y100.069 E2262.60158
G0 F9000 X141.542 Y99.85
G0 X139.81 Y99.85
G0 X139.81 Y100.069
G1 F3000 X136.171 Y96.43 E2262.77275
G0 F9000 X136.171 Y96.65
G0 X134.236 Y96.65
G0 X134.236 Y96.428
G1 F3000 X133.26 Y100.07 E2262.89816
G0 F9000 X134.153 Y100.069
G1 F3000 X130.514 Y96.43 E2263.06932
G0 F9000 X130.123 Y96.429
G1 F3000 X116.537 Y100.069 E2263.53713
G1 X116.696 Y100.07
G1 X117.672 Y96.428 E2263.66254
G0 F9000 X117.672 Y96.65
G0 X119.2 Y96.65
G0 X119.2 Y96.43
G1 F3000 X122.84 Y100.069 E2263.83373
G0 F9000 X122.84 Y99.85
G0 X120.837 Y99.85
G0 X120.837 Y100.069
G1 F3000 X121.812 Y96.429 E2263.95907
G0 F9000 X121.812 Y96.65
G0 X124.857 Y96.65
G0 X124.857 Y96.43
G1 F3000 X128.496 Y100.069 E2264.13023
G0 F9000 X129.119 Y100.069
G1 F3000 X130.095 Y96.428 E2264.25561
G0 F9000 X130.095 Y96.65
G0 X131.993 Y99.85
G0 X131.993 Y100.069
G1 F3000 X145.578 Y96.429 E2264.72339
G0 F9000 X145.578 Y96.65
G0 X147.448 Y99.85
G0 X147.448 Y100.069
G1 F3000 X161.033 Y96.429 E2265.19116
G0 F9000 X161.033 Y96.65
G0 X162.902 Y99.85
G0 X162.902 Y100.069
G1 F3000 X176.488 Y96.429 E2265.65897
G0 F9000 X176.488 Y96.65
G0 X167.365 Y96.65
G0 X167.365 Y96.429
G1 F3000 X166.389 Y100.069 E2265.78432
G0 F9000 X166.389 Y99.85
G0 X150.8 Y96.65
G0 X150.8 Y96.428
G1 F3000 X149.825 Y100.069 E2265.90968
G0 F9000 X149.825 Y99.85
G0 X138.377 Y96.65
G0 X138.377 Y96.428
G1 F3000 X137.401 Y100.07 E2266.03509
G0 F9000 X137.401 Y99.85
G0 X125.954 Y96.65
G0 X125.954 Y96.429
G1 F3000 X124.978 Y100.069 E2266.16044
G0 F9000 X124.978 Y99.85
G0 X117.183 Y99.85
G0 X117.183 Y100.069
G1 F3000 X113.543 Y96.43 E2266.33163
G1 X113.53 Y96.428
G1 X112.555 Y100.07 E2266.45703
G0 F9000 X112.555 Y99.85
G0 X111.526 Y99.85
G0 X111.526 Y100.069
G1 F3000 X107.886 Y96.429 E2266.62824
G0 F9000 X107.886 Y96.65
G0 X109.389 Y96.65
G0 X109.389 Y96.428
G1 F3000 X108.414 Y100.069 E2266.75361
G0 F9000 X108.414 Y99.85
G0 X105.868 Y99.85
G0 X105.868 Y100.069
G1 F3000 X102.229 Y96.429 E2266.9248
G0 F9000 X102.229 Y96.65
G0 X101.107 Y96.65
G0 X101.107 Y96.429
G1 F3000 X100.131 Y100.069 E2267.05014
G1 X100.211 Y100.069
G1 X96.572 Y96.429 E2267.22133
G0 F9000 X96.966 Y96.428
G1 F3000 X95.99 Y100.07 E2267.34674
G0 F9000 X95.99 Y99.85
G0 X94.555 Y99.85
G0 X94.555 Y100.069
G1 F3000 X90.915 Y96.429 E2267.51795
G0 F9000 X90.915 Y96.65
G0 X92.825 Y96.65
G0 X92.825 Y96.428
G1 F3000 X91.849 Y100.07 E2267.64336
G0 F9000 X91.849 Y99.85
G0 X88.898 Y99.85
G0 X88.898 Y100.069
G1 F3000 X85.258 Y96.429 E2267.81458
G0 F9000 X84.543 Y96.429
G1 F3000 X83.567 Y100.069 E2267.93992
G0 F9000 X83.241 Y100.069
G1 F3000 X79.601 Y96.429 E2268.11113
G0 F9000 X80.401 Y96.429
G1 F3000 X79.426 Y100.069 E2268.23647
G0 F9000 X79.426 Y99.85
G0 X77.584 Y99.85
G0 X77.584 Y100.069
G1 F3000 X73.944 Y96.429 E2268.40768
G0 F9000 X73.944 Y96.65
G0 X72.119 Y96.65
G0 X72.119 Y96.428
G1 F3000 X71.144 Y100.07 E2268.53308
G0 F9000 X71.927 Y100.069
G1 F3000 X68.288 Y96.429 E2268.70427
G1 X68.305 Y96.429
G1 X54.719 Y100.069 E2269.17208
G1 X54.579 Y100.07
G1 X55.555 Y96.428 E2269.29749
G0 F9000 X55.555 Y96.65
G0 X56.974 Y96.65
G0 X56.974 Y96.429
G1 F3000 X60.613 Y100.069 E2269.46868
G0 F9000 X60.613 Y99.85
G0 X58.72 Y99.85
G0 X58.72 Y100.069
G1 F3000 X59.696 Y96.429 E2269.59402
G0 F9000 X59.696 Y96.65
G0 X62.631 Y96.65
G0 X62.631 Y96.429
G1 F3000 X66.27 Y100.069 E2269.76522
G0 F9000 X67.003 Y100.069
G1 F3000 X67.978 Y96.428 E2269.89058
G0 F9000 X67.978 Y96.65
G0 X63.837 Y96.65
G0 X63.837 Y96.429
G1 F3000 X62.862 Y100.069 E2270.01592
G0 F9000 X62.862 Y99.85
G0 X70.173 Y99.85
G0 X70.173 Y100.069
G1 F3000 X83.759 Y96.429 E2270.48373
G0 F9000 X83.759 Y96.65
G0 X85.628 Y99.85
G0 X85.628 Y100.069
G1 F3000 X99.214 Y96.429 E2270.95154
G0 F9000 X99.214 Y96.65
G0 X101.083 Y99.85
G0 X101.083 Y100.069
G1 F3000 X114.668 Y96.429 E2271.41931
G0 F9000 X114.668 Y96.65
G0 X105.248 Y96.65
G0 X105.248 Y96.429
G1 F3000 X104.273 Y100.069 E2271.54465
G0 F9000 X104.273 Y99.85
G0 X88.684 Y96.65
G0 X88.684 Y96.428
G1 F3000 X87.708 Y100.069 E2271.67002
G0 F9000 X87.708 Y99.85
G0 X76.26 Y96.65
G0 X76.26 Y96.428
G1 F3000 X75.285 Y100.07 E2271.79542
G0 F9000 X75.285 Y99.85
G0 X54.957 Y99.85
G0 X54.957 Y100.069
G1 F3000 X51.317 Y96.429 E2271.96664
G1 X51.414 Y96.428
G1 X50.438 Y100.07 E2272.09204
G0 F9000 X50.438 Y99.85
G0 X49.3 Y99.85
G0 X49.3 Y100.069
G1 F3000 X45.66 Y96.429 E2272.26326
G0 F9000 X45.66 Y96.65
G0 X47.273 Y96.65
G0 X47.273 Y96.428
G1 F3000 X46.297 Y100.069 E2272.38863
G0 F9000 X46.297 Y99.85
G0 X43.643 Y99.85
G0 X43.643 Y100.069
G1 F3000 X40.003 Y96.429 E2272.55985
G0 F9000 X40.003 Y96.65
G0 X38.99 Y96.65
G0 X38.99 Y96.429
G1 F3000 X38.015 Y100.069 E2272.68518
G1 X37.986 Y100.069
G1 X35.679 Y97.762 E2272.7937
G0 F9000 X35.68 Y96.888
G1 F3000 X37.395 Y96.428 E2272.85276
G0 F9000 X37.395 Y96.65
G0 X39.264 Y99.85
G0 X39.264 Y100.069
G1 F3000 X52.85 Y96.429 E2273.32056
G0 F9000 X52.85 Y96.65
G0 X43.131 Y96.65
G0 X43.131 Y96.429
G1 F3000 X42.156 Y100.069 E2273.4459
G0 F9000 X42.156 Y99.55
G1 F2700 E2268.4459
G0 F9000 X184.13 Y100.33
G0 X184.13 Y101.415
G0 X184.13 Y118.585
G0 X184.13 Y119.67
G0 X184.13 Y123.38
G0 X184.4 Y123.65
;TYPE:WALL-INNER
G1 F2700 E2273.4459
G1 F1500 X184.4 Y119.85 E2273.57229
G1 X35.6 Y119.85 E2278.5214
G1 X35.6 Y123.65 E2278.64778
G1 X184.4 Y123.65 E2283.59689
G0 F9000 X184.8 Y124.05
;TYPE:WALL-OUTER
G1 F1500 X184.8 Y119.45 E2283.74989
G1 X35.2 Y119.45 E2288.72561
G1 X35.2 Y124.05 E2288.8786
G1 X184.8 Y124.05 E2293.85432
G0 F9000 X184.318 Y123.318
;TYPE:FILL
G1 F3000 X183.383 Y123.569 E2293.88652
G0 F9000 X183.383 Y123.35
G0 X184.1 Y121.951
G0 X184.319 Y121.951
G1 F3000 X182.298 Y119.93 E2293.98158
G0 F9000 X181.774 Y119.928
G1 F3000 X180.798 Y123.569 E2294.10695
G0 F9000 X180.281 Y123.569
G1 F3000 X176.641 Y119.93 E2294.27815
G0 F9000 X177.632 Y119.928
G1 F3000 X176.657 Y123.569 E2294.40351
G0 F9000 X176.657 Y123.35
G0 X174.624 Y123.35
G0 X174.624 Y123.569
G1 F3000 X170.984 Y119.93 E2294.5747
G0 F9000 X170.984 Y120.15
G0 X169.35 Y120.15
G0 X169.35 Y119.928
G1 F3000 X168.375 Y123.569 E2294.70007
G0 F9000 X167.929 Y123.569
G1 F3000 X181.511 Y119.93 E2295.16774
G0 F9000 X181.511 Y120.15
G0 X173.491 Y120.15
G0 X173.491 Y119.928
G1 F3000 X172.516 Y123.569 E2295.29311
G0 F9000 X172.516 Y123.35
G0 X168.967 Y123.35
G0 X168.967 Y123.569
G1 F3000 X165.327 Y119.93 E2295.4643
G1 X165.209 Y119.928
G1 X164.234 Y123.569 E2295.58967
G0 F9000 X163.31 Y123.569
G1 F3000 X159.671 Y119.93 E2295.76083
G0 F9000 X159.671 Y120.15
G0 X161.068 Y120.15
G0 X161.068 Y119.928
G1 F3000 X160.092 Y123.569 E2295.88621
G0 F9000 X160.092 Y123.35
G0 X157.653 Y123.35
G0 X157.653 Y123.569
G1 F3000 X154.014 Y119.93 E2296.05738
G0 F9000 X154.014 Y120.15
G0 X152.786 Y120.15
G0 X152.786 Y119.928
G1 F3000 X151.81 Y123.569 E2296.18275
G1 X151.996 Y123.569
G1 X148.357 Y119.93 E2296.35392
G0 F9000 X148.645 Y119.928
G1 F3000 X147.669 Y123.569 E2296.4793
G0 F9000 X147.669 Y123.35
G0 X146.339 Y123.35
G0 X146.339 Y123.569
G1 F3000 X142.7 Y119.93 E2296.65046
G0 F9000 X142.7 Y120.15
G0 X144.503 Y120.15
G0 X144.503 Y119.928
G1 F3000 X143.528 Y123.569 E2296.77583
G0 F9000 X143.528 Y123.35
G0 X140.683 Y123.35
G0 X140.683 Y123.569
G1 F3000 X137.043 Y119.93 E2296.94702
G0 F9000 X136.221 Y119.928
G1 F3000 X135.246 Y123.569 E2297.07239
G0 F9000 X135.026 Y123.569
G1 F3000 X131.386 Y119.93 E2297.24358
G0 F9000 X132.08 Y119.928
G1 F3000 X131.105 Y123.569 E2297.36895
G0 F9000 X131.105 Y123.35
G0 X129.369 Y123.35
G0 X129.369 Y123.569
G1 F3000 X125.729 Y119.93 E2297.54014
G0 F9000 X125.729 Y120.15
G0 X123.798 Y120.15
G0 X123.798 Y119.928
G1 F3000 X122.822 Y123.569 E2297.66551
G0 F9000 X123.712 Y123.569
G1 F3000 X120.073 Y119.93 E2297.83668
G0 F9000 X119.692 Y119.929
G1 F3000 X106.107 Y123.569 E2298.30446
G1 X106.258 Y123.569
G1 X107.234 Y119.928 E2298.42983
G0 F9000 X107.234 Y120.15
G0 X108.758 Y120.15
G0 X108.758 Y119.929
G1 F3000 X112.398 Y123.569 E2298.60105
G0 F9000 X112.398 Y123.35
G0 X110.399 Y123.35
G0 X110.399 Y123.569
G1 F3000 X111.375 Y119.928 E2298.72642
G0 F9000 X111.375 Y120.15
G0 X114.416 Y120.15
G0 X114.416 Y119.93
G1 F3000 X118.055 Y123.569 E2298.89759
G0 F9000 X118.681 Y123.569
G1 F3000 X119.657 Y119.928 E2299.02297
G0 F9000 X119.657 Y120.15
G0 X121.563 Y123.35
G0 X121.563 Y123.569
G1 F3000 X135.147 Y119.929 E2299.49071
G0 F9000 X135.147 Y120.15
G0 X137.017 Y123.35
G0 X137.017 Y123.569
G1 F3000 X150.601 Y119.929 E2299.95846
G0 F9000 X150.601 Y120.15
G0 X152.473 Y123.35
G0 X152.473 Y123.569
G1 F3000 X166.056 Y119.929 E2300.42617
G0 F9000 X166.056 Y120.15
G0 X156.927 Y120.15
G0 X156.927 Y119.928
G1 F3000 X155.951 Y123.569 E2300.55154
G0 F9000 X155.951 Y123.35
G0 X140.363 Y120.15
G0 X140.363 Y119.928
G1 F3000 X139.387 Y123.569 E2300.67692
G0 F9000 X139.387 Y123.35
G0 X127.939 Y120.15
G0 X127.939 Y119.928
G1 F3000 X126.964 Y123.569 E2300.80229
G0 F9000 X126.964 Y123.35
G0 X115.516 Y120.15
G0 X115.516 Y119.928
G1 F3000 X114.54 Y123.569 E2300.92766
G0 F9000 X114.54 Y123.35
G0 X106.741 Y123.35
G0 X106.741 Y123.569
G1 F3000 X103.101 Y119.929 E2301.09888
G1 X103.092 Y119.928
G1 X102.117 Y123.569 E2301.22424
G0 F9000 X102.117 Y123.35
G0 X101.084 Y123.35
G0 X101.084 Y123.569
G1 F3000 X97.444 Y119.929 E2301.39546
G0 F9000 X97.444 Y120.15
G0 X98.952 Y120.15
G0 X98.952 Y119.928
G1 F3000 X97.976 Y123.569 E2301.52083
G0 F9000 X97.976 Y123.35
G0 X95.427 Y123.35
G0 X95.427 Y123.569
G1 F3000 X91.788 Y119.929 E2301.69203
G0 F9000 X91.788 Y120.15
G0 X90.669 Y120.15
G0 X90.669 Y119.928
G1 F3000 X89.694 Y123.569 E2301.81739
G1 X89.77 Y123.569
G1 X86.131 Y119.929 E2301.98858
G0 F9000 X86.528 Y119.928
G1 F3000 X85.553 Y123.569 E2302.11395
G0 F9000 X85.553 Y123.35
G0 X84.113 Y123.35
G0 X84.113 Y123.569
G1 F3000 X80.474 Y119.929 E2302.28514
G0 F9000 X80.474 Y120.15
G0 X82.387 Y120.15
G0 X82.387 Y119.928
G1 F3000 X81.411 Y123.569 E2302.41052
G0 F9000 X81.411 Y123.35
G0 X78.457 Y123.35
G0 X78.457 Y123.569
G1 F3000 X74.817 Y119.929 E2302.58173
G0 F9000 X74.105 Y119.928
G1 F3000 X73.129 Y123.569 E2302.70711
G0 F9000 X72.8 Y123.569
G1 F3000 X69.16 Y119.929 E2302.87832
G0 F9000 X69.964 Y119.928
G1 F3000 X68.988 Y123.569 E2303.0037
G0 F9000 X68.988 Y123.35
G0 X67.143 Y123.35
G0 X67.143 Y123.569
G1 F3000 X63.503 Y119.929 E2303.17491
G0 F9000 X63.503 Y120.15
G0 X61.681 Y120.15
G0 X61.681 Y119.928
G1 F3000 X60.706 Y123.569 E2303.30028
G0 F9000 X61.486 Y123.569
G1 F3000 X57.846 Y119.929 E2303.47149
G1 X57.873 Y119.929
G1 X44.287 Y123.57 E2303.93931
G1 X44.142 Y123.569
G1 X45.117 Y119.928 E2304.06468
G0 F9000 X45.117 Y120.15
G0 X46.533 Y120.15
G0 X46.533 Y119.929
G1 F3000 X50.172 Y123.569 E2304.23587
G0 F9000 X50.172 Y123.35
G0 X48.283 Y123.35
G0 X48.283 Y123.569
G1 F3000 X49.258 Y119.928 E2304.36123
G0 F9000 X49.258 Y120.15
G0 X52.19 Y120.15
G0 X52.19 Y119.929
G1 F3000 X55.829 Y123.569 E2304.53243
G0 F9000 X56.565 Y123.569
G1 F3000 X57.54 Y119.928 E2304.65779
G0 F9000 X57.54 Y120.15
G0 X53.399 Y120.15
G0 X53.399 Y119.928
G1 F3000 X52.424 Y123.569 E2304.78316
G0 F9000 X52.424 Y123.35
G0 X59.741 Y123.35
G0 X59.741 Y123.57
G1 F3000 X73.327 Y119.929 E2305.25098
G0 F9000 X73.327 Y120.15
G0 X75.197 Y123.35
G0 X75.197 Y123.569
G1 F3000 X88.783 Y119.929 E2305.71879
G0 F9000 X88.783 Y120.15
G0 X90.653 Y123.35
G0 X90.653 Y123.569
G1 F3000 X104.237 Y119.929 E2306.18653
G0 F9000 X104.237 Y120.15
G0 X94.81 Y120.15
G0 X94.81 Y119.928
G1 F3000 X93.835 Y123.569 E2306.3119
G0 F9000 X93.835 Y123.35
G0 X78.246 Y120.15
G0 X78.246 Y119.928
G1 F3000 X77.27 Y123.569 E2306.43727
G0 F9000 X77.27 Y123.35
G0 X65.823 Y120.15
G0 X65.823 Y119.928
G1 F3000 X64.847 Y123.569 E2306.56265
G0 F9000 X64.847 Y123.35
G0 X44.515 Y123.35
G0 X44.515 Y123.569
G1 F3000 X40.876 Y119.929 E2306.73384
G1 X40.976 Y119.928
G1 X40 Y123.569 E2306.85922
G0 F9000 X40 Y123.35
G0 X38.859 Y123.35
G0 X38.859 Y123.569
G1 F3000 X35.679 Y120.389 E2307.00879
G0 F9000 X35.9 Y120.389
G0 X36.835 Y120.15
G0 X36.835 Y119.928
G1 F3000 X35.859 Y123.569 E2307.13417
G0 F9000 X35.859 Y123.35
G0 X35.9 Y121.735
G0 X35.68 Y121.735
G1 F3000 X42.418 Y119.929 E2307.36619
G0 F9000 X42.418 Y120.45
G1 F2700 E2302.36619
;MESH:NONMESH
G0 F300 X42.418 Y120.45 Z6
G0 F9000 X184.13 Y119.67
G0 X184.13 Y118.585
G0 X184.13 Y101.415
G0 X184.13 Y100.33
G0 X184.13 Y99.88
G0 X184.4 Y100.15
;TIME_ELAPSED:3515.615013
;LAYER:29
;TYPE:WALL-INNER
;MESH:Garmin_GFC500 BOARDS SUPPORTS.stl
G1 F2700 E2307.36619
G1 F1500 X184.4 Y96.35 E2307.49258
G1 X35.6 Y96.35 E2312.44168
G1 X35.6 Y100.15 E2312.56807
G1 X184.4 Y100.15 E2317.51718
G0 F9000 X184.8 Y100.55
;TYPE:WALL-OUTER
G1 F1500 X184.8 Y95.95 E2317.67018
G1 X35.2 Y95.95 E2322.64589
G1 X35.2 Y100.55 E2322.79889
G1 X184.8 Y100.55 E2327.77461
G0 F9000 X184.53 Y100.28
G0 X184.1 Y99.124
G0 X184.319 Y99.124
;TYPE:FILL
G1 F3000 X181.625 Y96.43 E2327.90132
G0 F9000 X181.625 Y96.65
G0 X179.642 Y96.65
G0 X179.642 Y96.428
G1 F3000 X178.666 Y100.07 E2328.02673
G0 F9000 X178.901 Y100.069
G1 F3000 X184.318 Y98.618 E2328.21325
G0 F9000 X184.1 Y98.618
G0 X182.808 Y99.85
G0 X182.808 Y100.069
G1 F3000 X183.783 Y96.428 E2328.33862
G0 F9000 X183.783 Y96.65
G0 X179.607 Y99.85
G0 X179.607 Y100.069
G1 F3000 X175.968 Y96.43 E2328.50979
G0 F9000 X175.501 Y96.428
G1 F3000 X174.525 Y100.069 E2328.63516
G0 F9000 X173.951 Y100.069
G1 F3000 X170.311 Y96.43 E2328.80635
G0 F9000 X170.311 Y96.65
G0 X171.36 Y96.65
G0 X171.36 Y96.429
G1 F3000 X170.384 Y100.069 E2328.9317
G0 F9000 X170.384 Y99.85
G0 X168.294 Y99.85
G0 X168.294 Y100.069
G1 F3000 X164.654 Y96.43 E2329.10289
G0 F9000 X164.654 Y96.65
G0 X163.078 Y96.65
G0 X163.078 Y96.428
G1 F3000 X162.102 Y100.07 E2329.2283
G0 F9000 X162.637 Y100.069
G1 F3000 X158.997 Y96.43 E2329.39949
G1 X158.937 Y96.428
G1 X157.961 Y100.07 E2329.52489
G0 F9000 X156.98 Y100.069
G1 F3000 X153.341 Y96.43 E2329.69606
G0 F9000 X153.341 Y96.65
G0 X154.795 Y96.65
G0 X154.795 Y96.428
G1 F3000 X153.82 Y100.069 E2329.82143
G0 F9000 X153.82 Y99.85
G0 X151.323 Y99.85
G0 X151.323 Y100.069
G1 F3000 X147.684 Y96.43 E2329.9926
G0 F9000 X147.684 Y96.65
G0 X146.513 Y96.65
G0 X146.513 Y96.429
G1 F3000 X145.538 Y100.069 E2330.11793
G1 X145.666 Y100.069
G1 X142.027 Y96.43 E2330.2891
G0 F9000 X142.372 Y96.428
G1 F3000 X141.396 Y100.07 E2330.41451
G0 F9000 X141.396 Y99.85
G0 X140.009 Y99.85
G0 X140.009 Y100.069
G1 F3000 X136.37 Y96.43 E2330.58567
G0 F9000 X136.37 Y96.65
G0 X138.231 Y96.65
G0 X138.231 Y96.428
G1 F3000 X137.255 Y100.07 E2330.71108
G0 F9000 X137.255 Y99.85
G0 X134.353 Y99.85
G0 X134.353 Y100.069
G1 F3000 X130.713 Y96.43 E2330.88227
G1 X130.669 Y96.429
G1 X117.083 Y100.069 E2331.35008
G0 F9000 X117.382 Y100.069
G1 F3000 X113.743 Y96.43 E2331.52125
G0 F9000 X113.384 Y96.428
G1 F3000 X112.409 Y100.069 E2331.64662
G0 F9000 X111.725 Y100.069
G1 F3000 X108.085 Y96.429 E2331.81783
G0 F9000 X108.085 Y96.65
G0 X109.243 Y96.65
G0 X109.243 Y96.429
G1 F3000 X108.268 Y100.069 E2331.94316
G0 F9000 X108.268 Y99.85
G0 X106.068 Y99.85
G0 X106.068 Y100.069
G1 F3000 X102.428 Y96.429 E2332.11438
G0 F9000 X102.428 Y96.65
G0 X100.961 Y96.65
G0 X100.961 Y96.428
G1 F3000 X99.985 Y100.07 E2332.23979
G0 F9000 X100.411 Y100.069
G1 F3000 X96.771 Y96.429 E2332.411
G1 X96.82 Y96.428
G1 X95.844 Y100.07 E2332.53641
G0 F9000 X95.844 Y99.85
G0 X94.754 Y99.85
G0 X94.754 Y100.069
G1 F3000 X91.114 Y96.429 E2332.70762
G0 F9000 X91.114 Y96.65
G0 X92.679 Y96.65
G0 X92.679 Y96.428
G1 F3000 X91.703 Y100.069 E2332.833
G0 F9000 X91.703 Y99.85
G0 X89.097 Y99.85
G0 X89.097 Y100.069
G1 F3000 X85.458 Y96.429 E2333.00419
G0 F9000 X85.458 Y96.65
G0 X84.397 Y96.65
G0 X84.397 Y96.429
G1 F3000 X83.421 Y100.069 E2333.12953
G1 X83.44 Y100.069
G1 X79.801 Y96.429 E2333.30072
G0 F9000 X80.256 Y96.428
G1 F3000 X79.28 Y100.07 E2333.42613
G0 F9000 X79.28 Y99.85
G0 X77.783 Y99.85
G0 X77.783 Y100.069
G1 F3000 X74.144 Y96.429 E2333.59732
G0 F9000 X74.144 Y96.65
G0 X76.114 Y96.65
G0 X76.114 Y96.428
G1 F3000 X75.139 Y100.07 E2333.72272
G0 F9000 X75.139 Y99.85
G0 X72.127 Y99.85
G0 X72.127 Y100.069
G1 F3000 X68.487 Y96.429 E2333.89394
G0 F9000 X68.849 Y96.429
G1 F3000 X55.263 Y100.069 E2334.36175
G1 X55.156 Y100.069
G1 X51.516 Y96.429 E2334.53296
G0 F9000 X51.268 Y96.428
G1 F3000 X50.292 Y100.069 E2334.65834
G0 F9000 X49.499 Y100.069
G1 F3000 X45.86 Y96.429 E2334.82953
G0 F9000 X45.86 Y96.65
G0 X47.127 Y96.65
G0 X47.127 Y96.429
G1 F3000 X46.151 Y100.069 E2334.95487
G0 F9000 X46.151 Y99.85
G0 X43.842 Y99.85
G0 X43.842 Y100.069
G1 F3000 X40.203 Y96.429 E2335.12606
G0 F9000 X40.203 Y96.65
G0 X38.845 Y96.65
G0 X38.845 Y96.428
G1 F3000 X37.869 Y100.07 E2335.25147
G0 F9000 X38.185 Y100.069
G1 F3000 X35.679 Y97.563 E2335.36934
G0 F9000 X35.68 Y97.034
G1 F3000 X37.94 Y96.429 E2335.44716
G0 F9000 X37.94 Y96.65
G0 X39.809 Y99.85
G0 X39.809 Y100.069
G1 F3000 X53.395 Y96.429 E2335.91497
G0 F9000 X53.395 Y96.65
G0 X55.409 Y96.65
G0 X55.409 Y96.428
G1 F3000 X54.433 Y100.07 E2336.04037
G0 F9000 X54.433 Y99.85
G0 X58.574 Y99.85
G0 X58.574 Y100.07
G1 F3000 X59.55 Y96.428 E2336.16578
G0 F9000 X59.55 Y96.65
G0 X57.173 Y96.65
G0 X57.173 Y96.429
G1 F3000 X60.813 Y100.069 E2336.337
G0 F9000 X60.813 Y99.85
G0 X62.716 Y99.85
G0 X62.716 Y100.069
G1 F3000 X63.691 Y96.429 E2336.46233
G0 F9000 X62.83 Y96.429
G1 F3000 X66.47 Y100.069 E2336.63355
G0 F9000 X66.857 Y100.069
G1 F3000 X67.832 Y96.429 E2336.75888
G0 F9000 X67.832 Y96.65
G0 X71.973 Y96.65
G0 X71.973 Y96.428
G1 F3000 X70.998 Y100.069 E2336.88425
G0 F9000 X70.718 Y100.069
G1 F3000 X84.304 Y96.429 E2337.35206
G0 F9000 X84.304 Y96.65
G0 X86.173 Y99.85
G0 X86.173 Y100.069
G1 F3000 X99.758 Y96.429 E2337.81983
G0 F9000 X99.758 Y96.65
G0 X101.628 Y99.85
G0 X101.628 Y100.069
G1 F3000 X115.213 Y96.429 E2338.28761
G0 F9000 X115.213 Y96.65
G0 X117.526 Y96.65
G0 X117.526 Y96.428
G1 F3000 X116.55 Y100.07 E2338.41302
G0 F9000 X116.55 Y99.85
G0 X120.691 Y99.85
G0 X120.691 Y100.07
G1 F3000 X121.667 Y96.428 E2338.53843
G0 F9000 X121.667 Y96.65
G0 X119.399 Y96.65
G0 X119.399 Y96.43
G1 F3000 X123.039 Y100.069 E2338.70962
G0 F9000 X123.039 Y99.85
G0 X124.832 Y99.85
G0 X124.832 Y100.069
G1 F3000 X125.808 Y96.429 E2338.83496
G0 F9000 X125.056 Y96.43
G1 F3000 X128.696 Y100.069 E2339.00615
G0 F9000 X128.973 Y100.069
G1 F3000 X129.949 Y96.429 E2339.1315
G0 F9000 X129.949 Y96.65
G0 X134.09 Y96.65
G0 X134.09 Y96.428
G1 F3000 X133.114 Y100.069 E2339.25687
G0 F9000 X132.537 Y100.069
G1 F3000 X146.123 Y96.429 E2339.72468
G0 F9000 X146.123 Y96.65
G0 X147.992 Y99.85
G0 X147.992 Y100.069
G1 F3000 X161.578 Y96.429 E2340.19249
G0 F9000 X161.578 Y96.65
G0 X163.447 Y99.85
G0 X163.447 Y100.069
G1 F3000 X177.032 Y96.429 E2340.66027
G0 F9000 X177.032 Y96.65
G0 X167.219 Y96.65
G0 X167.219 Y96.429
G1 F3000 X166.243 Y100.069 E2340.78561
G0 F9000 X166.243 Y99.85
G0 X150.654 Y96.65
G0 X150.654 Y96.429
G1 F3000 X149.679 Y100.069 E2340.91095
G1 F2700 E2335.91095
G0 F9000 X149.679 Y99.85
G0 X105.102 Y96.65
G0 X105.102 Y96.429
G1 F2700 E2340.91095
G1 F3000 X104.127 Y100.069 E2341.03628
G0 F9000 X104.127 Y99.85
G0 X88.538 Y96.65
G0 X88.538 Y96.429
G1 F3000 X87.562 Y100.069 E2341.16162
G1 F2700 E2336.16162
G0 F9000 X87.562 Y99.85
G0 X42.985 Y96.65
G0 X42.985 Y96.429
G1 F2700 E2341.16162
G1 F3000 X42.01 Y100.069 E2341.28696
G0 F9000 X42.01 Y99.55
G1 F2700 E2336.28696
G0 F9000 X184.13 Y100.33
G0 X184.13 Y101.415
G0 X184.13 Y118.585
G0 X184.13 Y119.67
G0 X184.13 Y123.38
G0 X184.4 Y123.65
;TYPE:WALL-INNER
G1 F2700 E2341.28696
G1 F1500 X184.4 Y119.85 E2341.41335
G1 X35.6 Y119.85 E2346.36245
G1 X35.6 Y123.65 E2346.48884
G1 X184.4 Y123.65 E2351.43795
G0 F9000 X184.8 Y124.05
;TYPE:WALL-OUTER
G1 F1500 X184.8 Y119.45 E2351.59095
G1 X35.2 Y119.45 E2356.56666
G1 X35.2 Y124.05 E2356.71966
G1 X184.8 Y124.05 E2361.69538
G0 F9000 X184.319 Y123.464
;TYPE:FILL
G1 F3000 X183.929 Y123.569 E2361.70881
G0 F9000 X183.929 Y123.35
G0 X184.1 Y121.751
G0 X184.319 Y121.751
G1 F3000 X182.497 Y119.93 E2361.79449
G0 F9000 X182.056 Y119.929
G1 F3000 X168.473 Y123.569 E2362.2622
G0 F9000 X168.229 Y123.569
G1 F3000 X169.204 Y119.928 E2362.38757
G0 F9000 X169.204 Y120.15
G0 X171.184 Y120.15
G0 X171.184 Y119.93
G1 F3000 X174.823 Y123.569 E2362.55874
G0 F9000 X174.823 Y123.35
G0 X176.511 Y123.35
G0 X176.511 Y123.569
G1 F3000 X177.486 Y119.928 E2362.6841
G0 F9000 X176.841 Y119.93
G1 F3000 X180.48 Y123.569 E2362.85527
G1 X180.652 Y123.569
G1 X181.628 Y119.928 E2362.98065
G0 F9000 X181.628 Y120.15
G0 X173.345 Y120.15
G0 X173.345 Y119.928
G1 F3000 X172.37 Y123.569 E2363.10601
G0 F9000 X172.37 Y123.35
G0 X169.166 Y123.35
G0 X169.166 Y123.569
G1 F3000 X165.527 Y119.93 E2363.27718
G0 F9000 X165.063 Y119.928
G1 F3000 X164.087 Y123.569 E2363.40256
G0 F9000 X163.509 Y123.569
G1 F3000 X159.87 Y119.93 E2363.57372
G0 F9000 X159.87 Y120.15
G0 X160.922 Y120.15
G0 X160.922 Y119.928
G1 F3000 X159.946 Y123.569 E2363.6991
G0 F9000 X159.946 Y123.35
G0 X157.853 Y123.35
G0 X157.853 Y123.569
G1 F3000 X154.213 Y119.93 E2363.87029
G0 F9000 X154.213 Y120.15
G0 X152.64 Y120.15
G0 X152.64 Y119.928
G1 F3000 X151.664 Y123.569 E2363.99566
G0 F9000 X152.196 Y123.569
G1 F3000 X148.556 Y119.93 E2364.16686
G1 X148.499 Y119.928
G1 X147.523 Y123.569 E2364.29223
G0 F9000 X146.539 Y123.569
G1 F3000 X142.899 Y119.93 E2364.46342
G0 F9000 X142.899 Y120.15
G0 X144.358 Y120.15
G0 X144.358 Y119.928
G1 F3000 X143.382 Y123.569 E2364.5888
G0 F9000 X143.382 Y123.35
G0 X140.882 Y123.35
G0 X140.882 Y123.569
G1 F3000 X137.243 Y119.93 E2364.75996
G0 F9000 X137.243 Y120.15
G0 X136.075 Y120.15
G0 X136.075 Y119.928
G1 F3000 X135.1 Y123.569 E2364.88533
G1 X135.225 Y123.569
G1 X131.586 Y119.93 E2365.0565
G0 F9000 X131.934 Y119.928
G1 F3000 X130.959 Y123.569 E2365.18187
G0 F9000 X130.959 Y123.35
G0 X129.568 Y123.35
G0 X129.568 Y123.569
G1 F3000 X125.929 Y119.93 E2365.35303
G0 F9000 X125.929 Y120.15
G0 X127.793 Y120.15
G0 X127.793 Y119.928
G1 F3000 X126.818 Y123.569 E2365.4784
G0 F9000 X126.818 Y123.35
G0 X123.911 Y123.35
G0 X123.911 Y123.569
G1 F3000 X120.272 Y119.93 E2365.64957
G1 X120.237 Y119.929
G1 X106.652 Y123.569 E2366.11735
G0 F9000 X106.94 Y123.569
G1 F3000 X103.301 Y119.929 E2366.28854
G0 F9000 X102.947 Y119.928
G1 F3000 X101.971 Y123.569 E2366.41391
G0 F9000 X101.283 Y123.569
G1 F3000 X97.644 Y119.929 E2366.5851
G0 F9000 X97.644 Y120.15
G0 X98.805 Y120.15
G0 X98.805 Y119.928
G1 F3000 X97.83 Y123.569 E2366.71047
G0 F9000 X97.83 Y123.35
G0 X95.626 Y123.35
G0 X95.626 Y123.569
G1 F3000 X91.987 Y119.929 E2366.88166
G0 F9000 X91.987 Y120.15
G0 X90.523 Y120.15
G0 X90.523 Y119.928
G1 F3000 X89.548 Y123.569 E2367.00703
G0 F9000 X89.97 Y123.569
G1 F3000 X86.33 Y119.929 E2367.17824
G1 X86.382 Y119.928
G1 X85.407 Y123.569 E2367.30361
G0 F9000 X85.407 Y123.35
G0 X84.313 Y123.35
G0 X84.313 Y123.569
G1 F3000 X80.673 Y119.929 E2367.47482
G0 F9000 X80.673 Y120.15
G0 X82.241 Y120.15
G0 X82.241 Y119.928
G1 F3000 X81.265 Y123.569 E2367.6002
G0 F9000 X81.265 Y123.35
G0 X78.656 Y123.35
G0 X78.656 Y123.569
G1 F3000 X75.016 Y119.929 E2367.77141
G0 F9000 X75.016 Y120.15
G0 X73.959 Y120.15
G0 X73.959 Y119.928
G1 F3000 X72.983 Y123.569 E2367.89679
G1 X72.999 Y123.569
G1 X69.36 Y119.929 E2368.06798
G0 F9000 X69.818 Y119.928
G1 F3000 X68.842 Y123.569 E2368.19335
G0 F9000 X68.842 Y123.35
G0 X67.342 Y123.35
G0 X67.342 Y123.569
G1 F3000 X63.703 Y119.929 E2368.36455
G0 F9000 X63.703 Y120.15
G0 X65.676 Y120.15
G0 X65.676 Y119.928
G1 F3000 X64.701 Y123.569 E2368.48991
G0 F9000 X64.701 Y123.35
G0 X61.685 Y123.35
G0 X61.685 Y123.569
G1 F3000 X58.046 Y119.929 E2368.6611
G0 F9000 X58.418 Y119.929
G1 F3000 X44.831 Y123.57 E2369.12895
G1 X44.715 Y123.569
G1 X41.075 Y119.929 E2369.30017
G0 F9000 X40.83 Y119.928
G1 F3000 X39.854 Y123.569 E2369.42554
G0 F9000 X39.058 Y123.569
G1 F3000 X35.679 Y120.19 E2369.58448
G0 F9000 X35.9 Y120.19
G0 X36.689 Y120.15
G0 X36.689 Y119.928
G1 F3000 X35.713 Y123.569 E2369.70986
G0 F9000 X35.87 Y123.38
G0 X35.9 Y121.881
G0 X35.679 Y121.881
G1 F3000 X42.963 Y119.929 E2369.96067
G0 F9000 X42.963 Y120.15
G0 X44.971 Y120.15
G0 X44.971 Y119.928
G1 F3000 X43.995 Y123.569 E2370.08605
G0 F9000 X43.995 Y123.35
G0 X48.137 Y123.35
G0 X48.137 Y123.569
G1 F3000 X49.112 Y119.928 E2370.21141
G0 F9000 X49.112 Y120.15
G0 X46.732 Y120.15
G0 X46.732 Y119.929
G1 F3000 X50.372 Y123.569 E2370.38263
G0 F9000 X50.372 Y123.35
G0 X52.278 Y123.35
G0 X52.278 Y123.569
G1 F3000 X53.253 Y119.928 E2370.508
G0 F9000 X52.389 Y119.929
G1 F3000 X56.029 Y123.569 E2370.67921
G0 F9000 X56.419 Y123.569
G1 F3000 X57.394 Y119.928 E2370.80458
G0 F9000 X57.394 Y120.15
G0 X61.536 Y120.15
G0 X61.536 Y119.928
G1 F3000 X60.56 Y123.569 E2370.92995
G0 F9000 X60.287 Y123.569
G1 F3000 X73.873 Y119.929 E2371.39776
G0 F9000 X73.873 Y120.15
G0 X75.742 Y123.35
G0 X75.742 Y123.57
G1 F3000 X89.327 Y119.929 E2371.86555
G0 F9000 X89.327 Y120.15
G0 X91.197 Y123.35
G0 X91.197 Y123.569
G1 F3000 X104.782 Y119.929 E2372.33333
G0 F9000 X104.782 Y120.15
G0 X107.088 Y120.15
G0 X107.088 Y119.928
G1 F3000 X106.112 Y123.569 E2372.4587
G0 F9000 X106.112 Y123.35
G0 X110.253 Y123.35
G0 X110.253 Y123.569
G1 F3000 X111.229 Y119.928 E2372.58408
G0 F9000 X111.229 Y120.15
G0 X108.958 Y120.15
G0 X108.958 Y119.929
G1 F3000 X112.598 Y123.569 E2372.75529
G0 F9000 X112.598 Y123.35
G0 X114.394 Y123.35
G0 X114.394 Y123.569
G1 F3000 X115.37 Y119.928 E2372.88067
G0 F9000 X114.615 Y119.93
G1 F3000 X118.255 Y123.569 E2373.05186
G0 F9000 X118.535 Y123.569
G1 F3000 X119.511 Y119.928 E2373.17723
G0 F9000 X119.511 Y120.15
G0 X123.652 Y120.15
G0 X123.652 Y119.928
G1 F3000 X122.676 Y123.569 E2373.30261
G0 F9000 X122.107 Y123.569
G1 F3000 X135.691 Y119.929 E2373.77035
G0 F9000 X135.691 Y120.15
G0 X137.563 Y123.35
G0 X137.563 Y123.569
G1 F3000 X151.146 Y119.929 E2374.23807
G0 F9000 X151.146 Y120.15
G0 X153.018 Y123.35
G0 X153.018 Y123.569
G1 F3000 X166.6 Y119.93 E2374.70574
G0 F9000 X166.6 Y120.15
G0 X156.781 Y120.15
G0 X156.781 Y119.928
G1 F3000 X155.805 Y123.569 E2374.83111
G0 F9000 X155.805 Y123.35
G0 X140.217 Y120.15
G0 X140.217 Y119.928
G1 F3000 X139.241 Y123.569 E2374.95649
G1 F2700 E2369.95649
G0 F9000 X139.241 Y123.35
G0 X94.664 Y120.15
G0 X94.664 Y119.928
G1 F2700 E2374.95649
G1 F3000 X93.689 Y123.569 E2375.08186
G0 F9000 X93.689 Y123.35
G0 X78.1 Y120.15
G0 X78.1 Y119.928
G1 F3000 X77.124 Y123.569 E2375.20723
G0 F9000 X77.124 Y123.05
G1 F2700 E2370.20723
;MESH:NONMESH
G0 F300 X77.124 Y123.05 Z6.2
G0 F9000 X184.13 Y119.67
G0 X184.13 Y118.585
G0 X184.13 Y101.415
G0 X184.13 Y100.33
G0 X184.13 Y99.88
G0 X184.4 Y100.15
;TIME_ELAPSED:3616.236835
;LAYER:30
;TYPE:WALL-INNER
;MESH:Garmin_GFC500 BOARDS SUPPORTS.stl
G1 F2700 E2375.20723
G1 F1500 X184.4 Y96.35 E2375.33362
G1 X35.6 Y96.35 E2380.28273
G1 X35.6 Y100.15 E2380.40912
G1 X184.4 Y100.15 E2385.35823
G0 F9000 X184.8 Y100.55
;TYPE:WALL-OUTER
G1 F1500 X184.8 Y95.95 E2385.51122
G1 X35.2 Y95.95 E2390.48694
G1 X35.2 Y100.55 E2390.63994
G1 X184.8 Y100.55 E2395.61565
G0 F9000 X184.53 Y100.28
G0 X184.1 Y98.923
G0 X184.319 Y98.923
;TYPE:FILL
G1 F3000 X181.826 Y96.43 E2395.73291
G0 F9000 X181.826 Y96.65
G0 X183.636 Y96.65
G0 X183.636 Y96.428
G1 F3000 X182.661 Y100.069 E2395.85828
G0 F9000 X182.661 Y99.85
G0 X184.1 Y98.765
G0 X184.318 Y98.765
G1 F3000 X179.45 Y100.069 E2396.0259
G0 F9000 X179.808 Y100.069
G1 F3000 X176.169 Y96.43 E2396.19707
G0 F9000 X175.354 Y96.428
G1 F3000 X174.378 Y100.069 E2396.32244
G0 F9000 X174.151 Y100.069
G1 F3000 X170.512 Y96.43 E2396.49361
G0 F9000 X171.213 Y96.428
G1 F3000 X170.237 Y100.069 E2396.61899
G0 F9000 X170.237 Y99.85
G0 X168.495 Y99.85
G0 X168.495 Y100.069
G1 F3000 X164.855 Y96.43 E2396.79018
G0 F9000 X164.855 Y96.65
G0 X162.931 Y96.65
G0 X162.931 Y96.428
G1 F3000 X161.955 Y100.069 E2396.91555
G0 F9000 X162.838 Y100.069
G1 F3000 X159.198 Y96.43 E2397.08674
G0 F9000 X158.79 Y96.428
G1 F3000 X157.814 Y100.07 E2397.21215
G0 F9000 X157.181 Y100.069
G1 F3000 X153.541 Y96.43 E2397.38334
G0 F9000 X153.541 Y96.65
G0 X154.648 Y96.65
G0 X154.648 Y96.428
G1 F3000 X153.673 Y100.069 E2397.50871
G0 F9000 X153.673 Y99.85
G0 X151.524 Y99.85
G0 X151.524 Y100.069
G1 F3000 X147.885 Y96.43 E2397.67988
G0 F9000 X147.885 Y96.65
G0 X146.672 Y96.65
G0 X146.672 Y96.429
G1 F3000 X133.086 Y100.069 E2398.14769
G1 X132.967 Y100.069
G1 X133.943 Y96.428 E2398.27306
G0 F9000 X133.943 Y96.65
G0 X136.571 Y96.65
G0 X136.571 Y96.43
G1 F3000 X140.21 Y100.069 E2398.44423
G0 F9000 X140.21 Y99.85
G0 X141.249 Y99.85
G0 X141.249 Y100.069
G1 F3000 X142.225 Y96.428 E2398.5696
G1 X142.228 Y96.43
G1 X145.867 Y100.069 E2398.74077
G0 F9000 X145.391 Y100.069
G1 F3000 X146.366 Y96.429 E2398.86611
G0 F9000 X146.366 Y96.65
G0 X150.507 Y96.65
G0 X150.507 Y96.429
G1 F3000 X149.532 Y100.069 E2398.99144
G0 F9000 X148.541 Y100.069
G1 F3000 X162.127 Y96.429 E2399.45925
G0 F9000 X162.127 Y96.65
G0 X163.995 Y99.85
G0 X163.995 Y100.069
G1 F3000 X177.581 Y96.429 E2399.92706
G0 F9000 X177.581 Y96.65
G0 X179.495 Y96.65
G0 X179.495 Y96.428
G1 F3000 X178.519 Y100.07 E2400.05247
G0 F9000 X178.519 Y99.85
G0 X167.072 Y96.65
G0 X167.072 Y96.429
G1 F3000 X166.096 Y100.069 E2400.17781
G0 F9000 X166.096 Y99.85
G0 X138.084 Y96.65
G0 X138.084 Y96.428
G1 F3000 X137.108 Y100.07 E2400.30322
G0 F9000 X137.108 Y99.85
G0 X134.553 Y99.85
G0 X134.553 Y100.069
G1 F3000 X130.914 Y96.43 E2400.47439
G0 F9000 X131.216 Y96.429
G1 F3000 X117.632 Y100.069 E2400.94213
G1 X117.583 Y100.069
G1 X113.943 Y96.43 E2401.11332
G0 F9000 X113.237 Y96.428
G1 F3000 X112.262 Y100.069 E2401.23869
G0 F9000 X111.926 Y100.069
G1 F3000 X108.286 Y96.429 E2401.4099
G0 F9000 X109.096 Y96.429
G1 F3000 X108.121 Y100.069 E2401.53524
G0 F9000 X108.121 Y99.85
G0 X106.268 Y99.85
G0 X106.268 Y100.069
G1 F3000 X102.629 Y96.429 E2401.70643
G0 F9000 X102.629 Y96.65
G0 X100.814 Y96.65
G0 X100.814 Y96.428
G1 F3000 X99.838 Y100.07 E2401.83184
G0 F9000 X100.612 Y100.069
G1 F3000 X96.972 Y96.429 E2402.00305
G0 F9000 X96.673 Y96.428
G1 F3000 X95.697 Y100.07 E2402.12846
G0 F9000 X94.955 Y100.069
G1 F3000 X91.315 Y96.429 E2402.29967
G0 F9000 X91.315 Y96.65
G0 X92.532 Y96.65
G0 X92.532 Y96.428
G1 F3000 X91.556 Y100.069 E2402.42505
G0 F9000 X91.556 Y99.85
G0 X89.298 Y99.85
G0 X89.298 Y100.069
G1 F3000 X85.658 Y96.429 E2402.59626
G0 F9000 X84.853 Y96.429
G1 F3000 X71.267 Y100.069 E2403.06407
G0 F9000 X70.851 Y100.069
G1 F3000 X71.826 Y96.428 E2403.18944
G0 F9000 X71.826 Y96.65
G0 X69.398 Y96.65
G0 X69.398 Y96.429
G1 F3000 X55.812 Y100.069 E2403.65725
G0 F9000 X55.357 Y100.069
G1 F3000 X51.717 Y96.429 E2403.82846
G0 F9000 X51.121 Y96.428
G1 F3000 X50.145 Y100.069 E2403.95384
G0 F9000 X49.7 Y100.069
G1 F3000 X46.06 Y96.429 E2404.12505
G0 F9000 X46.98 Y96.429
G1 F3000 X46.004 Y100.069 E2404.2504
G0 F9000 X46.004 Y99.85
G0 X44.043 Y99.85
G0 X44.043 Y100.069
G1 F3000 X40.404 Y96.429 E2404.42159
G0 F9000 X40.404 Y96.65
G0 X38.698 Y96.65
G0 X38.698 Y96.428
G1 F3000 X37.722 Y100.07 E2404.547
G0 F9000 X38.386 Y100.069
G1 F3000 X35.679 Y97.362 E2404.67432
G1 X35.68 Y97.181
G1 X38.489 Y96.429 E2404.77104
G0 F9000 X38.489 Y96.65
G0 X40.358 Y99.85
G0 X40.358 Y100.069
G1 F3000 X53.943 Y96.429 E2405.23882
G0 F9000 X53.943 Y96.65
G0 X55.262 Y96.65
G0 X55.262 Y96.428
G1 F3000 X54.286 Y100.07 E2405.36423
G0 F9000 X54.286 Y99.85
G0 X58.427 Y99.85
G0 X58.427 Y100.07
G1 F3000 X59.403 Y96.428 E2405.48964
G0 F9000 X59.403 Y96.65
G0 X57.374 Y96.65
G0 X57.374 Y96.429
G1 F3000 X61.014 Y100.069 E2405.66085
G0 F9000 X61.014 Y99.85
G0 X62.569 Y99.85
G0 X62.569 Y100.069
G1 F3000 X63.544 Y96.429 E2405.78618
G0 F9000 X63.031 Y96.429
G1 F3000 X66.67 Y100.069 E2405.95738
G1 X66.71 Y100.069
G1 X67.685 Y96.429 E2406.08271
G0 F9000 X67.685 Y96.65
G0 X68.688 Y96.65
G0 X68.688 Y96.429
G1 F3000 X72.327 Y100.069 E2406.2539
G0 F9000 X72.327 Y99.85
G0 X74.992 Y99.85
G0 X74.992 Y100.07
G1 F3000 X75.967 Y96.428 E2406.3793
G0 F9000 X75.967 Y96.65
G0 X74.345 Y96.65
G0 X74.345 Y96.429
G1 F3000 X77.984 Y100.069 E2406.55049
G0 F9000 X77.984 Y99.85
G0 X79.133 Y99.85
G0 X79.133 Y100.07
G1 F3000 X80.109 Y96.428 E2406.6759
G1 X80.002 Y96.429
G1 X83.641 Y100.069 E2406.84709
G0 F9000 X83.274 Y100.069
G1 F3000 X84.25 Y96.429 E2406.97243
G0 F9000 X84.25 Y96.65
G0 X88.391 Y96.65
G0 X88.391 Y96.429
G1 F3000 X87.415 Y100.069 E2407.09778
G0 F9000 X86.721 Y100.069
G1 F3000 X100.307 Y96.429 E2407.56559
G0 F9000 X100.307 Y96.65
G0 X102.177 Y99.85
G0 X102.177 Y100.069
G1 F3000 X115.762 Y96.429 E2408.03336
G0 F9000 X115.762 Y96.65
G0 X117.379 Y96.65
G0 X117.379 Y96.428
G1 F3000 X116.403 Y100.07 E2408.15877
G0 F9000 X116.403 Y99.85
G0 X120.544 Y99.85
G0 X120.544 Y100.069
G1 F3000 X121.52 Y96.428 E2408.28415
G0 F9000 X121.52 Y96.65
G0 X119.6 Y96.65
G0 X119.6 Y96.43
G1 F3000 X123.24 Y100.069 E2408.45534
G0 F9000 X123.24 Y99.85
G0 X124.685 Y99.85
G0 X124.685 Y100.069
G1 F3000 X125.661 Y96.429 E2408.58068
G0 F9000 X125.257 Y96.43
G1 F3000 X128.897 Y100.069 E2408.75187
G1 X128.826 Y100.069
G1 X129.802 Y96.429 E2408.87721
G0 F9000 X129.802 Y96.65
G0 X104.955 Y96.65
G0 X104.955 Y96.429
G1 F3000 X103.98 Y100.069 E2409.00255
G1 F2700 E2404.00255
G0 F9000 X103.98 Y99.85
G0 X42.838 Y96.65
G0 X42.838 Y96.429
G1 F2700 E2409.00255
G1 F3000 X41.863 Y100.069 E2409.12788
G0 F9000 X41.863 Y99.55
G1 F2700 E2404.12788
G0 F9000 X184.13 Y100.33
G0 X184.13 Y101.415
G0 X184.13 Y118.585
G0 X184.13 Y119.67
G0 X184.13 Y123.38
G0 X184.4 Y123.65
;TYPE:WALL-INNER
G1 F2700 E2409.12788
G1 F1500 X184.4 Y119.85 E2409.25427
G1 X35.6 Y119.85 E2414.20338
G1 X35.6 Y123.65 E2414.32977
G1 X184.4 Y123.65 E2419.27888
G0 F9000 X184.8 Y124.05
;TYPE:WALL-OUTER
G1 F1500 X184.8 Y119.45 E2419.43187
G1 X35.2 Y119.45 E2424.40759
G1 X35.2 Y124.05 E2424.56059
G1 X184.8 Y124.05 E2429.5363
G0 F9000 X184.53 Y123.78
G0 X184.1 Y121.55
G0 X184.319 Y121.55
;TYPE:FILL
G1 F3000 X182.698 Y119.93 E2429.61253
G1 X182.604 Y119.93
G1 X169.022 Y123.569 E2430.0802
G0 F9000 X169.367 Y123.569
G1 F3000 X165.728 Y119.93 E2430.25137
G0 F9000 X164.916 Y119.928
G1 F3000 X163.94 Y123.569 E2430.37674
G0 F9000 X163.71 Y123.569
G1 F3000 X160.071 Y119.93 E2430.54791
G0 F9000 X160.775 Y119.928
G1 F3000 X159.799 Y123.569 E2430.67328
G0 F9000 X159.799 Y123.35
G0 X158.053 Y123.35
G0 X158.053 Y123.569
G1 F3000 X154.414 Y119.93 E2430.84445
G0 F9000 X154.414 Y120.15
G0 X152.493 Y120.15
G0 X152.493 Y119.928
G1 F3000 X151.517 Y123.569 E2430.96983
G0 F9000 X152.397 Y123.569
G1 F3000 X148.757 Y119.93 E2431.14102
G0 F9000 X148.352 Y119.928
G1 F3000 X147.376 Y123.569 E2431.26639
G0 F9000 X146.74 Y123.569
G1 F3000 X143.1 Y119.93 E2431.43759
G0 F9000 X143.1 Y120.15
G0 X144.211 Y120.15
G0 X144.211 Y119.928
G1 F3000 X143.235 Y123.569 E2431.56296
G0 F9000 X143.235 Y123.35
G0 X141.083 Y123.35
G0 X141.083 Y123.569
G1 F3000 X137.443 Y119.93 E2431.73415
G0 F9000 X137.443 Y120.15
G0 X136.24 Y120.15
G0 X136.24 Y119.929
G1 F3000 X122.656 Y123.569 E2432.2019
G1 X122.529 Y123.569
G1 X123.505 Y119.928 E2432.32727
G0 F9000 X123.505 Y120.15
G0 X126.13 Y120.15
G0 X126.13 Y119.93
G1 F3000 X129.769 Y123.569 E2432.49844
G0 F9000 X129.769 Y123.35
G0 X130.812 Y123.35
G0 X130.812 Y123.569
G1 F3000 X131.787 Y119.928 E2432.62381
G1 X131.787 Y119.93
G1 X135.426 Y123.569 E2432.79497
G0 F9000 X134.953 Y123.569
G1 F3000 X135.928 Y119.928 E2432.92034
G0 F9000 X135.928 Y120.15
G0 X140.07 Y120.15
G0 X140.07 Y119.928
G1 F3000 X139.094 Y123.569 E2433.04572
G0 F9000 X138.112 Y123.569
G1 F3000 X151.695 Y119.929 E2433.51343
G0 F9000 X151.695 Y120.15
G0 X153.566 Y123.35
G0 X153.566 Y123.569
G1 F3000 X167.149 Y119.93 E2433.98113
G0 F9000 X167.149 Y120.15
G0 X169.057 Y120.15
G0 X169.057 Y119.928
G1 F3000 X168.082 Y123.569 E2434.1065
G0 F9000 X168.082 Y123.35
G0 X172.223 Y123.35
G0 X172.223 Y123.569
G1 F3000 X173.198 Y119.928 E2434.23187
G0 F9000 X173.198 Y120.15
G0 X171.385 Y120.15
G0 X171.385 Y119.93
G1 F3000 X175.024 Y123.569 E2434.40304
G0 F9000 X175.024 Y123.35
G0 X176.364 Y123.35
G0 X176.364 Y123.568
G1 F3000 X177.339 Y119.928 E2434.52837
G0 F9000 X177.041 Y119.93
G1 F3000 X180.681 Y123.569 E2434.69956
G1 X180.505 Y123.569
G1 X181.481 Y119.928 E2434.82494
G0 F9000 X181.481 Y120.15
G0 X156.634 Y120.15
G0 X156.634 Y119.928
G1 F3000 X155.658 Y123.569 E2434.95031
G0 F9000 X155.658 Y123.35
G0 X127.646 Y120.15
G0 X127.646 Y119.928
G1 F3000 X126.671 Y123.569 E2435.07568
G0 F9000 X126.671 Y123.35
G0 X124.112 Y123.35
G0 X124.112 Y123.569
G1 F3000 X120.473 Y119.93 E2435.24685
G0 F9000 X120.785 Y119.929
G1 F3000 X107.201 Y123.569 E2435.71459
G1 X107.141 Y123.569
G1 X103.502 Y119.929 E2435.88578
G0 F9000 X102.8 Y119.928
G1 F3000 X101.824 Y123.569 E2436.01116
G0 F9000 X101.484 Y123.569
G1 F3000 X97.845 Y119.929 E2436.18235
G0 F9000 X98.658 Y119.928
G1 F3000 X97.683 Y123.569 E2436.30772
G0 F9000 X97.683 Y123.35
G0 X95.827 Y123.35
G0 X95.827 Y123.569
G1 F3000 X92.188 Y119.929 E2436.47891
G0 F9000 X92.188 Y120.15
G0 X90.376 Y120.15
G0 X90.376 Y119.928
G1 F3000 X89.401 Y123.569 E2436.60427
G0 F9000 X90.17 Y123.569
G1 F3000 X86.531 Y119.929 E2436.77546
G0 F9000 X86.235 Y119.928
G1 F3000 X85.26 Y123.569 E2436.90083
G0 F9000 X84.514 Y123.569
G1 F3000 X80.874 Y119.929 E2437.07205
G0 F9000 X80.874 Y120.15
G0 X82.094 Y120.15
G0 X82.094 Y119.928
G1 F3000 X81.118 Y123.569 E2437.19742
G0 F9000 X81.118 Y123.35
G0 X78.857 Y123.35
G0 X78.857 Y123.569
G1 F3000 X75.217 Y119.929 E2437.36864
G0 F9000 X74.421 Y119.929
G1 F3000 X60.836 Y123.569 E2437.83641
G0 F9000 X60.413 Y123.569
G1 F3000 X61.389 Y119.928 E2437.96179
G0 F9000 X61.389 Y120.15
G0 X58.966 Y120.15
G0 X58.966 Y119.929
G1 F3000 X45.38 Y123.57 E2438.42961
G0 F9000 X44.916 Y123.569
G1 F3000 X41.276 Y119.929 E2438.60082
G0 F9000 X40.683 Y119.928
G1 F3000 X39.707 Y123.569 E2438.7262
G0 F9000 X39.259 Y123.569
G1 F3000 X35.679 Y119.989 E2438.89459
G0 F9000 X36.542 Y119.928
G1 F3000 X35.679 Y123.147 E2439.00543
G0 F9000 X35.9 Y123.147
G0 X35.9 Y122.028
G0 X35.68 Y122.028
G1 F3000 X43.511 Y119.929 E2439.27509
G0 F9000 X43.511 Y120.15
G0 X44.824 Y120.15
G0 X44.824 Y119.928
G1 F3000 X43.848 Y123.569 E2439.40046
G0 F9000 X43.848 Y123.35
G0 X47.99 Y123.35
G0 X47.99 Y123.569
G1 F3000 X48.965 Y119.928 E2439.52583
G0 F9000 X48.965 Y120.15
G0 X46.933 Y120.15
G0 X46.933 Y119.929
G1 F3000 X50.572 Y123.569 E2439.69702
G0 F9000 X50.572 Y123.35
G0 X52.131 Y123.35
G0 X52.131 Y123.569
G1 F3000 X53.106 Y119.928 E2439.82239
G0 F9000 X52.59 Y119.929
G1 F3000 X56.229 Y123.569 E2439.99358
G1 X56.272 Y123.569
G1 X57.247 Y119.928 E2440.11895
G0 F9000 X57.247 Y120.15
G0 X58.247 Y120.15
G0 X58.247 Y119.929
G1 F3000 X61.886 Y123.569 E2440.29014
G0 F9000 X61.886 Y123.35
G0 X64.554 Y123.35
G0 X64.554 Y123.569
G1 F3000 X65.529 Y119.928 E2440.4155
G0 F9000 X65.529 Y120.15
G0 X63.904 Y120.15
G0 X63.904 Y119.929
G1 F3000 X67.543 Y123.569 E2440.5867
G0 F9000 X67.543 Y123.35
G0 X68.695 Y123.35
G0 X68.695 Y123.569
G1 F3000 X69.671 Y119.928 E2440.71207
G1 X69.56 Y119.929
G1 X73.2 Y123.569 E2440.88328
G0 F9000 X72.836 Y123.569
G1 F3000 X73.812 Y119.928 E2441.00866
G0 F9000 X73.812 Y120.15
G0 X77.953 Y120.15
G0 X77.953 Y119.928
G1 F3000 X76.977 Y123.569 E2441.13404
G0 F9000 X76.29 Y123.57
G1 F3000 X89.876 Y119.929 E2441.60185
G0 F9000 X89.876 Y120.15
G0 X91.746 Y123.35
G0 X91.746 Y123.569
G1 F3000 X105.331 Y119.929 E2442.06963
G0 F9000 X105.331 Y120.15
G0 X106.941 Y120.15
G0 X106.941 Y119.928
G1 F3000 X105.965 Y123.569 E2442.19501
G0 F9000 X105.965 Y123.35
G0 X110.106 Y123.35
G0 X110.106 Y123.569
G1 F3000 X111.082 Y119.928 E2442.32038
G0 F9000 X111.082 Y120.15
G0 X109.158 Y120.15
G0 X109.158 Y119.929
G1 F3000 X112.799 Y123.569 E2442.49162
G0 F9000 X112.799 Y123.35
G0 X114.247 Y123.35
G0 X114.247 Y123.569
G1 F3000 X115.223 Y119.928 E2442.617
G0 F9000 X114.816 Y119.93
G1 F3000 X118.455 Y123.569 E2442.78816
G1 X118.388 Y123.569
G1 X119.364 Y119.928 E2442.91354
G0 F9000 X119.364 Y120.15
G0 X94.517 Y120.15
G0 X94.517 Y119.928
G1 F3000 X93.542 Y123.569 E2443.03891
G0 F9000 X93.542 Y123.05
G1 F2700 E2438.03891
;MESH:NONMESH
G0 F300 X93.542 Y123.05 Z6.4
G0 F9000 X184.13 Y119.67
G0 X184.13 Y118.585
G0 X184.13 Y101.415
G0 X184.13 Y100.33
G0 X184.13 Y99.88
G0 X184.4 Y100.15
;TIME_ELAPSED:3714.340032
;LAYER:31
;TYPE:WALL-INNER
;MESH:Garmin_GFC500 BOARDS SUPPORTS.stl
G1 F2700 E2443.03891
G1 F1500 X184.4 Y96.35 E2443.16529
G1 X35.6 Y96.35 E2448.1144
G1 X35.6 Y100.15 E2448.24079
G1 X184.4 Y100.15 E2453.1899
G0 F9000 X184.8 Y100.55
;TYPE:WALL-OUTER
G1 F1500 X184.8 Y95.95 E2453.3429
G1 X35.2 Y95.95 E2458.31861
G1 X35.2 Y100.55 E2458.47161
G1 X184.8 Y100.55 E2463.44732
G0 F9000 X184.53 Y100.28
G0 X184.1 Y98.911
G0 X184.318 Y98.911
;TYPE:FILL
G1 F3000 X179.995 Y100.069 E2463.59618
G1 X180.008 Y100.069
G1 X176.368 Y96.43 E2463.76737
G0 F9000 X176.368 Y96.65
G0 X175.208 Y96.65
G0 X175.208 Y96.429
G1 F3000 X174.232 Y100.069 E2463.89271
G1 X174.351 Y100.069
G1 X170.711 Y96.43 E2464.0639
G0 F9000 X171.067 Y96.429
G1 F3000 X170.091 Y100.069 E2464.18925
G0 F9000 X170.091 Y99.85
G0 X168.694 Y99.85
G0 X168.694 Y100.069
G1 F3000 X165.054 Y96.43 E2464.36044
G0 F9000 X165.054 Y96.65
G0 X166.926 Y96.65
G0 X166.926 Y96.428
G1 F3000 X165.95 Y100.069 E2464.48581
G0 F9000 X165.95 Y99.85
G0 X164.54 Y99.85
G0 X164.54 Y100.069
G1 F3000 X178.126 Y96.429 E2464.95362
G0 F9000 X178.126 Y96.65
G0 X179.349 Y96.65
G0 X179.349 Y96.428
G1 F3000 X178.374 Y100.069 E2465.07899
G0 F9000 X178.374 Y99.85
G0 X182.514 Y99.85
G0 X182.514 Y100.07
G1 F3000 X183.49 Y96.428 E2465.2044
G0 F9000 X183.49 Y96.65
G0 X182.025 Y96.65
G0 X182.025 Y96.43
G1 F3000 X184.319 Y98.724 E2465.3123
G0 F9000 X184.1 Y98.724
G0 X163.037 Y99.85
G0 X163.037 Y100.069
G1 F3000 X159.398 Y96.43 E2465.48347
G0 F9000 X158.644 Y96.428
G1 F3000 X157.668 Y100.069 E2465.60884
G0 F9000 X157.38 Y100.069
G1 F3000 X153.741 Y96.43 E2465.78001
G0 F9000 X154.502 Y96.429
G1 F3000 X153.527 Y100.069 E2465.90534
G0 F9000 X153.527 Y99.85
G0 X151.723 Y99.85
G0 X151.723 Y100.069
G1 F3000 X148.084 Y96.43 E2466.07651
G0 F9000 X147.217 Y96.429
G1 F3000 X133.631 Y100.069 E2466.54432
G0 F9000 X132.821 Y100.069
G1 F3000 X133.797 Y96.429 E2466.66966
G0 F9000 X133.797 Y96.65
G0 X131.762 Y96.65
G0 X131.762 Y96.429
G1 F3000 X118.176 Y100.069 E2467.13747
G0 F9000 X117.782 Y100.069
G1 F3000 X114.143 Y96.43 E2467.30864
G0 F9000 X114.143 Y96.65
G0 X113.091 Y96.65
G0 X113.091 Y96.429
G1 F3000 X112.116 Y100.069 E2467.43398
G1 X112.125 Y100.069
G1 X108.485 Y96.429 E2467.60519
G0 F9000 X108.95 Y96.429
G1 F3000 X107.975 Y100.069 E2467.73053
G0 F9000 X107.975 Y99.85
G0 X106.468 Y99.85
G0 X106.468 Y100.069
G1 F3000 X102.828 Y96.429 E2467.90174
G0 F9000 X102.828 Y96.65
G0 X100.852 Y96.65
G0 X100.852 Y96.429
G1 F3000 X87.267 Y100.069 E2468.36952
G1 X87.269 Y100.069
G1 X88.245 Y96.429 E2468.49486
G0 F9000 X88.245 Y96.65
G0 X85.858 Y96.65
G0 X85.858 Y96.429
G1 F3000 X89.497 Y100.069 E2468.66605
G0 F9000 X89.497 Y99.85
G0 X91.41 Y99.85
G0 X91.41 Y100.069
G1 F3000 X92.386 Y96.429 E2468.79139
G0 F9000 X91.515 Y96.429
G1 F3000 X95.154 Y100.069 E2468.96259
G0 F9000 X95.551 Y100.069
G1 F3000 X96.527 Y96.428 E2469.08796
G0 F9000 X97.172 Y96.429
G1 F3000 X100.811 Y100.069 E2469.25915
G0 F9000 X100.811 Y99.85
G0 X99.692 Y99.85
G0 X99.692 Y100.07
G1 F3000 X100.668 Y96.428 E2469.38456
G0 F9000 X100.668 Y96.65
G0 X104.809 Y96.65
G0 X104.809 Y96.428
G1 F3000 X103.834 Y100.07 E2469.50996
G0 F9000 X103.834 Y99.85
G0 X102.722 Y99.85
G0 X102.722 Y100.069
G1 F3000 X116.307 Y96.429 E2469.97774
G0 F9000 X117.232 Y96.428
G1 F3000 X116.257 Y100.069 E2470.1031
G0 F9000 X116.257 Y99.85
G0 X120.398 Y99.85
G0 X120.398 Y100.07
G1 F3000 X121.374 Y96.428 E2470.22851
G0 F9000 X121.374 Y96.65
G0 X119.8 Y96.65
G0 X119.8 Y96.43
G1 F3000 X123.439 Y100.069 E2470.39968
G0 F9000 X123.439 Y99.85
G0 X124.539 Y99.85
G0 X124.539 Y100.07
G1 F3000 X125.515 Y96.428 E2470.52509
G1 X125.457 Y96.43
G1 X129.096 Y100.069 E2470.69625
G0 F9000 X128.68 Y100.069
G1 F3000 X129.656 Y96.429 E2470.8216
G0 F9000 X129.656 Y96.65
G0 X131.113 Y96.65
G0 X131.113 Y96.43
G1 F3000 X134.753 Y100.069 E2470.99279
G0 F9000 X134.753 Y99.85
G0 X136.963 Y99.85
G0 X136.963 Y100.069
G1 F3000 X137.938 Y96.428 E2471.11815
G0 F9000 X137.938 Y96.65
G0 X136.77 Y96.65
G0 X136.77 Y96.43
G1 F3000 X140.41 Y100.069 E2471.28935
G0 F9000 X141.103 Y100.07
G1 F3000 X142.079 Y96.428 E2471.41475
G0 F9000 X142.427 Y96.43
G1 F3000 X146.067 Y100.069 E2471.58594
G0 F9000 X145.245 Y100.069
G1 F3000 X146.22 Y96.428 E2471.71131
G0 F9000 X146.22 Y96.65
G0 X150.361 Y96.65
G0 X150.361 Y96.429
G1 F3000 X149.386 Y100.069 E2471.83665
G0 F9000 X149.085 Y100.069
G1 F3000 X162.671 Y96.429 E2472.30446
G1 X162.785 Y96.428
G1 X161.809 Y100.07 E2472.42986
G1 F2700 E2467.42986
G0 F9000 X161.809 Y99.85
G0 X85.397 Y96.65
G0 X85.397 Y96.429
G1 F2700 E2472.42986
G1 F3000 X71.811 Y100.069 E2472.89767
G0 F9000 X72.527 Y100.069
G1 F3000 X68.887 Y96.429 E2473.06889
G0 F9000 X68.887 Y96.65
G0 X69.942 Y96.65
G0 X69.942 Y96.429
G1 F3000 X56.357 Y100.069 E2473.53666
G0 F9000 X55.556 Y100.069
G1 F3000 X51.917 Y96.429 E2473.70785
G0 F9000 X50.975 Y96.429
G1 F3000 X49.999 Y100.069 E2473.8332
G1 X49.899 Y100.069
G1 X46.26 Y96.429 E2474.00439
G0 F9000 X46.834 Y96.429
G1 F3000 X45.858 Y100.069 E2474.12973
G0 F9000 X45.858 Y99.85
G0 X44.242 Y99.85
G0 X44.242 Y100.069
G1 F3000 X40.603 Y96.429 E2474.30092
G0 F9000 X40.603 Y96.65
G0 X39.033 Y96.65
G0 X39.033 Y96.429
G1 F3000 X35.68 Y97.327 E2474.41638
G1 X35.679 Y97.162
G1 X38.586 Y100.069 E2474.55311
G0 F9000 X38.586 Y99.85
G0 X37.576 Y99.85
G0 X37.576 Y100.07
G1 F3000 X38.552 Y96.428 E2474.67852
G0 F9000 X38.552 Y96.65
G0 X42.693 Y96.65
G0 X42.693 Y96.428
G1 F3000 X41.717 Y100.07 E2474.80393
G0 F9000 X40.902 Y100.069
G1 F3000 X54.488 Y96.429 E2475.27174
G0 F9000 X55.116 Y96.428
G1 F3000 X54.14 Y100.069 E2475.39711
G0 F9000 X54.14 Y99.85
G0 X58.281 Y99.85
G0 X58.281 Y100.07
G1 F3000 X59.257 Y96.428 E2475.52252
G0 F9000 X59.257 Y96.65
G0 X57.574 Y96.65
G0 X57.574 Y96.429
G1 F3000 X61.213 Y100.069 E2475.69371
G0 F9000 X61.213 Y99.85
G0 X62.422 Y99.85
G0 X62.422 Y100.07
G1 F3000 X63.398 Y96.428 E2475.81912
G1 X63.23 Y96.429
G1 X66.87 Y100.069 E2475.99033
G0 F9000 X66.564 Y100.069
G1 F3000 X67.539 Y96.429 E2476.11567
G0 F9000 X67.539 Y96.65
G0 X71.68 Y96.65
G0 X71.68 Y96.429
G1 F3000 X70.705 Y100.069 E2476.241
G0 F9000 X70.705 Y99.85
G0 X74.846 Y99.85
G0 X74.846 Y100.069
G1 F3000 X75.821 Y96.428 E2476.36637
G0 F9000 X75.821 Y96.65
G0 X74.544 Y96.65
G0 X74.544 Y96.429
G1 F3000 X78.184 Y100.069 E2476.53758
G0 F9000 X78.987 Y100.07
G1 F3000 X79.963 Y96.428 E2476.66299
G0 F9000 X80.201 Y96.429
G1 F3000 X83.84 Y100.069 E2476.83418
G0 F9000 X83.128 Y100.07
G1 F3000 X84.104 Y96.428 E2476.95959
G0 F9000 X84.104 Y96.95
G1 F2700 E2471.95959
G0 F9000 X184.13 Y100.33
G0 X184.13 Y101.415
G0 X184.13 Y118.585
G0 X184.13 Y119.67
G0 X184.13 Y123.38
G0 X184.4 Y123.65
;TYPE:WALL-INNER
G1 F2700 E2476.95959
G1 F1500 X184.4 Y119.85 E2477.08598
G1 X35.6 Y119.85 E2482.03509
G1 X35.6 Y123.65 E2482.16147
G1 X184.4 Y123.65 E2487.11058
G0 F9000 X184.8 Y124.05
;TYPE:WALL-OUTER
G1 F1500 X184.8 Y119.45 E2487.26358
G1 X35.2 Y119.45 E2492.2393
G1 X35.2 Y124.05 E2492.39229
G1 X184.8 Y124.05 E2497.36801
G0 F9000 X184.53 Y123.78
G0 X184.1 Y121.351
G0 X184.319 Y121.351
;TYPE:FILL
G1 F3000 X182.898 Y119.93 E2497.43485
G0 F9000 X183.149 Y119.929
G1 F3000 X169.566 Y123.569 E2497.90256
G1 X169.567 Y123.569
G1 X165.927 Y119.93 E2498.07375
G0 F9000 X165.927 Y120.15
G0 X164.77 Y120.15
G0 X164.77 Y119.928
G1 F3000 X163.794 Y123.569 E2498.19913
G1 X163.91 Y123.569
G1 X160.27 Y119.93 E2498.37032
G0 F9000 X160.629 Y119.928
G1 F3000 X159.654 Y123.569 E2498.49569
G0 F9000 X159.654 Y123.35
G0 X158.253 Y123.35
G0 X158.253 Y123.569
G1 F3000 X154.613 Y119.93 E2498.66688
G0 F9000 X154.613 Y120.15
G0 X156.488 Y120.15
G0 X156.488 Y119.928
G1 F3000 X155.512 Y123.569 E2498.79225
G0 F9000 X155.512 Y123.35
G0 X154.112 Y123.35
G0 X154.112 Y123.569
G1 F3000 X167.695 Y119.929 E2499.25996
G0 F9000 X167.695 Y120.15
G0 X168.911 Y120.15
G0 X168.911 Y119.928
G1 F3000 X167.936 Y123.569 E2499.38533
G0 F9000 X167.936 Y123.35
G0 X172.077 Y123.35
G0 X172.077 Y123.569
G1 F3000 X173.052 Y119.928 E2499.5107
G0 F9000 X173.052 Y120.15
G0 X171.584 Y120.15
G0 X171.584 Y119.93
G1 F3000 X175.223 Y123.569 E2499.68187
G0 F9000 X176.218 Y123.569
G1 F3000 X177.193 Y119.928 E2499.80723
G1 X177.241 Y119.93
G1 X180.88 Y123.569 E2499.9784
G0 F9000 X180.359 Y123.569
G1 F3000 X181.335 Y119.928 E2500.10378
G0 F9000 X181.335 Y120.15
G0 X152.596 Y123.35
G0 X152.596 Y123.569
G1 F3000 X148.956 Y119.93 E2500.27497
G0 F9000 X148.206 Y119.928
G1 F3000 X147.23 Y123.569 E2500.40034
G0 F9000 X146.939 Y123.569
G1 F3000 X143.3 Y119.93 E2500.57151
G0 F9000 X144.065 Y119.928
G1 F3000 X143.089 Y123.569 E2500.69689
G0 F9000 X143.089 Y123.35
G0 X141.282 Y123.35
G0 X141.282 Y123.569
G1 F3000 X137.643 Y119.93 E2500.86805
G0 F9000 X136.784 Y119.929
G1 F3000 X123.201 Y123.569 E2501.33577
G0 F9000 X122.383 Y123.569
G1 F3000 X123.359 Y119.928 E2501.46114
G0 F9000 X123.359 Y120.15
G0 X121.33 Y120.15
G0 X121.33 Y119.929
G1 F3000 X107.746 Y123.569 E2501.92889
G0 F9000 X107.34 Y123.569
G1 F3000 X103.701 Y119.929 E2502.10008
G0 F9000 X103.701 Y120.15
G0 X102.654 Y120.15
G0 X102.654 Y119.928
G1 F3000 X101.678 Y123.569 E2502.22545
G1 X101.684 Y123.569
G1 X98.044 Y119.929 E2502.39667
G0 F9000 X98.512 Y119.928
G1 F3000 X97.537 Y123.569 E2502.52203
G0 F9000 X97.537 Y123.35
G0 X96.027 Y123.35
G0 X96.027 Y123.569
G1 F3000 X92.387 Y119.929 E2502.69325
G0 F9000 X92.387 Y120.15
G0 X90.421 Y120.15
G0 X90.421 Y119.929
G1 F3000 X76.835 Y123.57 E2503.16107
G1 X76.831 Y123.569
G1 X77.807 Y119.928 E2503.28644
G0 F9000 X77.807 Y120.15
G0 X75.417 Y120.15
G0 X75.417 Y119.929
G1 F3000 X79.056 Y123.569 E2503.45763
G0 F9000 X79.056 Y123.35
G0 X80.972 Y123.35
G0 X80.972 Y123.569
G1 F3000 X81.948 Y119.928 E2503.58301
G0 F9000 X81.074 Y119.929
G1 F3000 X84.713 Y123.569 E2503.7542
G0 F9000 X85.114 Y123.569
G1 F3000 X86.089 Y119.928 E2503.87957
G0 F9000 X86.73 Y119.929
G1 F3000 X90.37 Y123.569 E2504.05078
G0 F9000 X90.37 Y123.35
G0 X89.255 Y123.35
G0 X89.255 Y123.569
G1 F3000 X90.23 Y119.928 E2504.17615
G0 F9000 X90.23 Y120.15
G0 X94.371 Y120.15
G0 X94.371 Y119.928
G1 F3000 X93.396 Y123.569 E2504.30151
G0 F9000 X93.396 Y123.35
G0 X92.29 Y123.35
G0 X92.29 Y123.569
G1 F3000 X105.875 Y119.929 E2504.76929
G0 F9000 X106.795 Y119.928
G1 F3000 X105.819 Y123.569 E2504.89467
G0 F9000 X105.819 Y123.35
G0 X109.96 Y123.35
G0 X109.96 Y123.569
G1 F3000 X110.936 Y119.928 E2505.02004
G0 F9000 X110.936 Y120.15
G0 X109.358 Y120.15
G0 X109.358 Y119.929
G1 F3000 X112.998 Y123.569 E2505.19126
G0 F9000 X112.998 Y123.35
G0 X114.101 Y123.35
G0 X114.101 Y123.569
G1 F3000 X115.077 Y119.928 E2505.31663
G1 X115.015 Y119.93
G1 X118.655 Y123.569 E2505.48782
G0 F9000 X118.243 Y123.569
G1 F3000 X119.218 Y119.928 E2505.61319
G0 F9000 X119.218 Y120.15
G0 X120.672 Y120.15
G0 X120.672 Y119.93
G1 F3000 X124.312 Y123.569 E2505.78438
G0 F9000 X124.312 Y123.35
G0 X126.525 Y123.35
G0 X126.525 Y123.569
G1 F3000 X127.5 Y119.928 E2505.90975
G0 F9000 X127.5 Y120.15
G0 X126.329 Y120.15
G0 X126.329 Y119.93
G1 F3000 X129.969 Y123.569 E2506.08094
G0 F9000 X130.666 Y123.569
G1 F3000 X131.641 Y119.928 E2506.20631
G0 F9000 X131.986 Y119.93
G1 F3000 X135.625 Y123.569 E2506.37747
G0 F9000 X134.807 Y123.569
G1 F3000 X135.782 Y119.928 E2506.50284
G0 F9000 X135.782 Y120.15
G0 X139.924 Y120.15
G0 X139.924 Y119.928
G1 F3000 X138.948 Y123.569 E2506.62822
G0 F9000 X138.656 Y123.569
G1 F3000 X152.239 Y119.93 E2507.09592
G1 X152.347 Y119.928
G1 X151.371 Y123.569 E2507.2213
G1 F2700 E2502.2213
G0 F9000 X151.371 Y123.35
G0 X74.966 Y120.15
G0 X74.966 Y119.929
G1 F2700 E2507.2213
G1 F3000 X61.38 Y123.57 E2507.68911
G0 F9000 X62.086 Y123.569
G1 F3000 X58.446 Y119.929 E2507.86033
G0 F9000 X58.446 Y120.15
G0 X59.511 Y120.15
G0 X59.511 Y119.929
G1 F3000 X45.925 Y123.57 E2508.32815
G0 F9000 X45.115 Y123.569
G1 F3000 X41.476 Y119.929 E2508.49934
G0 F9000 X40.537 Y119.928
G1 F3000 X39.561 Y123.569 E2508.62471
G1 X39.458 Y123.569
G1 X35.819 Y119.929 E2508.7959
G0 F9000 X36.396 Y119.928
G1 F3000 X35.679 Y122.602 E2508.88798
G0 F9000 X35.679 Y122.174
G1 F3000 X44.057 Y119.929 E2509.17647
G0 F9000 X44.678 Y119.928
G1 F3000 X43.702 Y123.569 E2509.30184
G0 F9000 X43.702 Y123.35
G0 X47.844 Y123.35
G0 X47.844 Y123.569
G1 F3000 X48.819 Y119.928 E2509.42721
G0 F9000 X48.819 Y120.15
G0 X47.132 Y120.15
G0 X47.132 Y119.929
G1 F3000 X50.772 Y123.569 E2509.59842
G0 F9000 X50.772 Y123.35
G0 X51.985 Y123.35
G0 X51.985 Y123.569
G1 F3000 X52.96 Y119.928 E2509.72379
G1 X52.789 Y119.929
G1 X56.429 Y123.569 E2509.89501
G0 F9000 X56.126 Y123.569
G1 F3000 X57.101 Y119.928 E2510.02037
G0 F9000 X57.101 Y120.15
G0 X61.243 Y120.15
G0 X61.243 Y119.928
G1 F3000 X60.267 Y123.569 E2510.14575
G0 F9000 X60.267 Y123.35
G0 X64.408 Y123.35
G0 X64.408 Y123.569
G1 F3000 X65.384 Y119.928 E2510.27112
G0 F9000 X65.384 Y120.15
G0 X64.103 Y120.15
G0 X64.103 Y119.929
G1 F3000 X67.742 Y123.569 E2510.44231
G0 F9000 X68.549 Y123.569
G1 F3000 X69.525 Y119.928 E2510.56769
G0 F9000 X69.76 Y119.929
G1 F3000 X73.399 Y123.569 E2510.73888
G0 F9000 X72.69 Y123.569
G1 F3000 X73.666 Y119.928 E2510.86426
G0 F9000 X73.666 Y120.45
G1 F2700 E2505.86426
;MESH:NONMESH
G0 F300 X73.666 Y120.45 Z6.6
G0 F9000 X184.13 Y119.67
G0 X184.13 Y118.585
G0 X184.13 Y101.415
G0 X184.13 Y100.33
G0 X184.13 Y99.88
G0 X184.4 Y100.15
;TIME_ELAPSED:3811.514657
;LAYER:32
;TYPE:WALL-INNER
;MESH:Garmin_GFC500 BOARDS SUPPORTS.stl
G1 F2700 E2510.86426
G1 F1500 X184.4 Y96.35 E2510.99065
G1 X35.6 Y96.35 E2515.93975
G1 X35.6 Y100.15 E2516.06614
G1 X184.4 Y100.15 E2521.01525
G0 F9000 X184.8 Y100.55
;TYPE:WALL-OUTER
G1 F1500 X184.8 Y95.95 E2521.16825
G1 X35.2 Y95.95 E2526.14396
G1 X35.2 Y100.55 E2526.29696
G1 X184.8 Y100.55 E2531.27268
G0 F9000 X184.53 Y100.28
G0 X184.1 Y99.056
G0 X184.319 Y99.056
;TYPE:FILL
G1 F3000 X180.54 Y100.069 E2531.4028
G0 F9000 X180.207 Y100.069
G1 F3000 X176.568 Y96.43 E2531.57397
G0 F9000 X176.568 Y96.65
G0 X175.062 Y96.65
G0 X175.062 Y96.429
G1 F3000 X174.086 Y100.069 E2531.69931
G0 F9000 X174.55 Y100.069
G1 F3000 X170.911 Y96.43 E2531.87048
G1 X170.921 Y96.428
G1 X169.945 Y100.069 E2531.99586
G0 F9000 X169.945 Y99.85
G0 X168.893 Y99.85
G0 X168.893 Y100.069
G1 F3000 X165.254 Y96.43 E2532.16702
G0 F9000 X165.254 Y96.65
G0 X166.78 Y96.65
G0 X166.78 Y96.428
G1 F3000 X165.804 Y100.07 E2532.29243
G0 F9000 X165.085 Y100.069
G1 F3000 X178.67 Y96.429 E2532.76021
G0 F9000 X179.203 Y96.429
G1 F3000 X178.228 Y100.069 E2532.88554
G0 F9000 X178.228 Y99.85
G0 X182.369 Y99.85
G0 X182.369 Y100.069
G1 F3000 X183.344 Y96.428 E2533.01091
G0 F9000 X183.344 Y96.65
G0 X182.224 Y96.65
G0 X182.224 Y96.43
G1 F3000 X184.319 Y98.524 E2533.10943
G0 F9000 X184.1 Y98.524
G0 X163.237 Y99.85
G0 X163.237 Y100.069
G1 F3000 X159.597 Y96.43 E2533.28062
G0 F9000 X159.597 Y96.65
G0 X158.498 Y96.65
G0 X158.498 Y96.429
G1 F3000 X157.522 Y100.069 E2533.40596
G1 X157.58 Y100.069
G1 X153.94 Y96.43 E2533.57716
G0 F9000 X154.356 Y96.429
G1 F3000 X153.381 Y100.069 E2533.70249
G0 F9000 X153.381 Y99.85
G0 X151.923 Y99.85
G0 X151.923 Y100.069
G1 F3000 X148.283 Y96.43 E2533.87368
G0 F9000 X147.761 Y96.429
G1 F3000 X134.175 Y100.069 E2534.34149
G0 F9000 X134.952 Y100.069
G1 F3000 X131.313 Y96.43 E2534.51266
G0 F9000 X132.306 Y96.429
G1 F3000 X118.721 Y100.069 E2534.98043
G0 F9000 X117.982 Y100.069
G1 F3000 X114.342 Y96.43 E2535.15163
G0 F9000 X114.342 Y96.65
G0 X112.945 Y96.65
G0 X112.945 Y96.429
G1 F3000 X111.97 Y100.069 E2535.27696
G0 F9000 X112.325 Y100.069
G1 F3000 X108.685 Y96.429 E2535.44818
G1 X108.804 Y96.428
G1 X107.829 Y100.07 E2535.57357
G0 F9000 X107.829 Y99.85
G0 X106.667 Y99.85
G0 X106.667 Y100.069
G1 F3000 X103.028 Y96.429 E2535.74477
G0 F9000 X103.028 Y96.65
G0 X101.397 Y96.65
G0 X101.397 Y96.429
G1 F3000 X87.811 Y100.069 E2536.21257
G0 F9000 X87.123 Y100.07
G1 F3000 X88.099 Y96.428 E2536.33798
G0 F9000 X88.099 Y96.65
G0 X86.057 Y96.65
G0 X86.057 Y96.429
G1 F3000 X89.697 Y100.069 E2536.5092
G0 F9000 X89.697 Y99.85
G0 X91.264 Y99.85
G0 X91.264 Y100.069
G1 F3000 X92.24 Y96.429 E2536.63454
G0 F9000 X91.714 Y96.429
G1 F3000 X95.354 Y100.069 E2536.80575
G1 X95.405 Y100.069
G1 X96.381 Y96.429 E2536.9311
G0 F9000 X97.371 Y96.429
G1 F3000 X101.01 Y100.069 E2537.10229
G0 F9000 X101.01 Y99.85
G0 X99.547 Y99.85
G0 X99.547 Y100.069
G1 F3000 X100.522 Y96.428 E2537.22766
G0 F9000 X100.522 Y96.65
G0 X104.663 Y96.65
G0 X104.663 Y96.428
G1 F3000 X103.687 Y100.07 E2537.35306
G0 F9000 X103.266 Y100.069
G1 F3000 X116.852 Y96.429 E2537.82087
G0 F9000 X117.086 Y96.429
G1 F3000 X116.111 Y100.069 E2537.94621
G0 F9000 X116.111 Y99.85
G0 X120.252 Y99.85
G0 X120.252 Y100.069
G1 F3000 X121.228 Y96.428 E2538.07158
G0 F9000 X121.228 Y96.65
G0 X119.999 Y96.65
G0 X119.999 Y96.43
G1 F3000 X123.639 Y100.069 E2538.24277
G0 F9000 X124.393 Y100.07
G1 F3000 X125.369 Y96.428 E2538.36818
G0 F9000 X125.656 Y96.43
G1 F3000 X129.295 Y100.069 E2538.53935
G0 F9000 X128.534 Y100.07
G1 F3000 X129.51 Y96.428 E2538.66476
G0 F9000 X129.51 Y96.65
G0 X133.651 Y96.65
G0 X133.651 Y96.429
G1 F3000 X132.675 Y100.069 E2538.7901
G0 F9000 X132.675 Y99.85
G0 X136.816 Y99.85
G0 X136.816 Y100.069
G1 F3000 X137.792 Y96.429 E2538.91544
G0 F9000 X136.97 Y96.43
G1 F3000 X140.609 Y100.069 E2539.08661
G0 F9000 X140.958 Y100.069
G1 F3000 X141.933 Y96.428 E2539.21198
G0 F9000 X142.626 Y96.43
G1 F3000 X146.266 Y100.069 E2539.38317
G0 F9000 X146.266 Y99.85
G0 X145.099 Y99.85
G0 X145.099 Y100.07
G1 F3000 X146.074 Y96.428 E2539.50857
G0 F9000 X146.074 Y96.65
G0 X150.215 Y96.65
G0 X150.215 Y96.428
G1 F3000 X149.24 Y100.07 E2539.63397
G0 F9000 X149.63 Y100.069
G1 F3000 X163.216 Y96.429 E2540.10178
G0 F9000 X162.639 Y96.428
G1 F3000 X161.663 Y100.069 E2540.22715
G1 F2700 E2535.22715
G0 F9000 X161.663 Y99.85
G0 X85.943 Y96.65
G0 X85.943 Y96.429
G1 F2700 E2540.22715
G1 F3000 X72.357 Y100.069 E2540.69496
G0 F9000 X72.726 Y100.069
G1 F3000 X69.087 Y96.429 E2540.86615
G0 F9000 X69.087 Y96.65
G0 X70.487 Y96.65
G0 X70.487 Y96.429
G1 F3000 X56.902 Y100.069 E2541.33393
G0 F9000 X56.902 Y99.85
G0 X55.756 Y99.85
G0 X55.756 Y100.069
G1 F3000 X52.116 Y96.429 E2541.50514
G0 F9000 X52.116 Y96.65
G0 X50.829 Y96.65
G0 X50.829 Y96.429
G1 F3000 X49.853 Y100.069 E2541.63049
G0 F9000 X50.099 Y100.069
G1 F3000 X46.459 Y96.429 E2541.8017
G0 F9000 X46.688 Y96.428
G1 F3000 X45.712 Y100.07 E2541.92711
G0 F9000 X45.712 Y99.85
G0 X44.442 Y99.85
G0 X44.442 Y100.069
G1 F3000 X40.802 Y96.429 E2542.09832
G0 F9000 X40.802 Y96.65
G0 X39.578 Y96.65
G0 X39.578 Y96.429
G1 F3000 X35.679 Y97.473 E2542.23257
G0 F9000 X35.679 Y96.963
G1 F3000 X38.785 Y100.069 E2542.37867
G0 F9000 X38.785 Y99.85
G0 X37.43 Y99.85
G0 X37.43 Y100.069
G1 F3000 X38.406 Y96.428 E2542.50405
G0 F9000 X38.406 Y96.65
G0 X42.547 Y96.65
G0 X42.547 Y96.428
G1 F3000 X41.571 Y100.07 E2542.62945
G1 X41.447 Y100.069
G1 X55.032 Y96.429 E2543.09723
G1 X54.97 Y96.429
G1 X53.994 Y100.069 E2543.22257
G0 F9000 X53.994 Y99.85
G0 X58.136 Y99.85
G0 X58.136 Y100.069
G1 F3000 X59.111 Y96.428 E2543.34794
G0 F9000 X59.111 Y96.65
G0 X57.773 Y96.65
G0 X57.773 Y96.429
G1 F3000 X61.412 Y100.069 E2543.51913
G0 F9000 X62.276 Y100.07
G1 F3000 X63.252 Y96.428 E2543.64454
G1 X63.43 Y96.429
G1 X67.069 Y100.069 E2543.81573
G0 F9000 X66.418 Y100.07
G1 F3000 X67.393 Y96.428 E2543.94113
G0 F9000 X67.393 Y96.65
G0 X71.534 Y96.65
G0 X71.534 Y96.429
G1 F3000 X70.559 Y100.069 E2544.06646
G0 F9000 X70.559 Y99.85
G0 X74.7 Y99.85
G0 X74.7 Y100.069
G1 F3000 X75.675 Y96.429 E2544.1918
G0 F9000 X74.744 Y96.429
G1 F3000 X78.383 Y100.069 E2544.36299
G0 F9000 X78.841 Y100.069
G1 F3000 X79.817 Y96.428 E2544.48837
G0 F9000 X80.4 Y96.429
G1 F3000 X84.04 Y100.069 E2544.65958
G0 F9000 X84.04 Y99.85
G0 X82.982 Y99.85
G0 X82.982 Y100.07
G1 F3000 X83.958 Y96.428 E2544.78499
G0 F9000 X83.958 Y96.95
G1 F2700 E2539.78499
G0 F9000 X184.13 Y100.33
G0 X184.13 Y101.415
G0 X184.13 Y118.585
G0 X184.13 Y119.67
G0 X184.13 Y123.38
G0 X184.4 Y123.65
;TYPE:WALL-INNER
G1 F2700 E2544.78499
G1 F1500 X184.4 Y119.85 E2544.91138
G1 X35.6 Y119.85 E2549.86048
G1 X35.6 Y123.65 E2549.98687
G1 X184.4 Y123.65 E2554.93598
G0 F9000 X184.8 Y124.05
;TYPE:WALL-OUTER
G1 F1500 X184.8 Y119.45 E2555.08898
G1 X35.2 Y119.45 E2560.06469
G1 X35.2 Y124.05 E2560.21769
G1 X184.8 Y124.05 E2565.19341
G0 F9000 X184.53 Y123.78
G0 X184.1 Y121.152
G0 X184.319 Y121.152
;TYPE:FILL
G1 F3000 X183.097 Y119.93 E2565.25089
G0 F9000 X183.694 Y119.929
G1 F3000 X170.111 Y123.569 E2565.7186
G0 F9000 X169.766 Y123.569
G1 F3000 X166.126 Y119.93 E2565.88979
G0 F9000 X166.126 Y120.15
G0 X164.624 Y120.15
G0 X164.624 Y119.928
G1 F3000 X163.649 Y123.569 E2566.01516
G0 F9000 X164.109 Y123.569
G1 F3000 X160.47 Y119.93 E2566.18632
G1 X160.483 Y119.928
G1 X159.508 Y123.569 E2566.31169
G0 F9000 X159.508 Y123.35
G0 X158.452 Y123.35
G0 X158.452 Y123.569
G1 F3000 X154.813 Y119.93 E2566.48286
G0 F9000 X154.813 Y120.15
G0 X156.342 Y120.15
G0 X156.342 Y119.928
G1 F3000 X155.366 Y123.569 E2566.60823
G0 F9000 X154.656 Y123.569
G1 F3000 X168.239 Y119.929 E2567.07595
G0 F9000 X168.765 Y119.928
G1 F3000 X167.79 Y123.569 E2567.20131
G0 F9000 X167.79 Y123.35
G0 X171.931 Y123.35
G0 X171.931 Y123.569
G1 F3000 X172.906 Y119.928 E2567.32668
G0 F9000 X172.906 Y120.15
G0 X171.783 Y120.15
G0 X171.783 Y119.93
G1 F3000 X175.423 Y123.569 E2567.49787
G0 F9000 X176.072 Y123.569
G1 F3000 X177.047 Y119.928 E2567.62324
G0 F9000 X177.44 Y119.93
G1 F3000 X181.08 Y123.569 E2567.79443
G0 F9000 X180.213 Y123.569
G1 F3000 X181.189 Y119.928 E2567.9198
G0 F9000 X181.189 Y120.15
G0 X152.785 Y120.15
G0 X152.785 Y119.929
G1 F3000 X139.201 Y123.569 E2568.38755
G0 F9000 X138.802 Y123.569
G1 F3000 X139.777 Y119.928 E2568.51292
G0 F9000 X139.777 Y120.15
G0 X137.842 Y120.15
G0 X137.842 Y119.93
G1 F3000 X141.482 Y123.569 E2568.68411
G0 F9000 X141.482 Y123.35
G0 X142.943 Y123.35
G0 X142.943 Y123.569
G1 F3000 X143.919 Y119.928 E2568.80948
G0 F9000 X143.499 Y119.93
G1 F3000 X147.139 Y123.569 E2568.98067
G1 X147.084 Y123.569
G1 X148.06 Y119.928 E2569.10605
G0 F9000 X148.06 Y120.15
G0 X149.156 Y120.15
G0 X149.156 Y119.93
G1 F3000 X152.795 Y123.569 E2569.27722
G0 F9000 X152.795 Y123.35
G0 X151.225 Y123.35
G0 X151.225 Y123.569
G1 F3000 X152.201 Y119.928 E2569.40259
G0 F9000 X152.201 Y120.15
G0 X137.33 Y120.15
G0 X137.33 Y119.929
G1 F3000 X123.746 Y123.569 E2569.87034
G0 F9000 X124.511 Y123.569
G1 F3000 X120.872 Y119.93 E2570.04151
G0 F9000 X120.872 Y120.15
G0 X121.874 Y120.15
G0 X121.874 Y119.929
G1 F3000 X108.291 Y123.569 E2570.50922
G0 F9000 X107.54 Y123.569
G1 F3000 X103.9 Y119.929 E2570.68043
G0 F9000 X103.9 Y120.15
G0 X102.508 Y120.15
G0 X102.508 Y119.928
G1 F3000 X101.532 Y123.569 E2570.80581
G0 F9000 X101.883 Y123.569
G1 F3000 X98.244 Y119.929 E2570.977
G1 X98.366 Y119.928
G1 X97.391 Y123.569 E2571.10237
G0 F9000 X97.391 Y123.35
G0 X96.226 Y123.35
G0 X96.226 Y123.569
G1 F3000 X92.587 Y119.929 E2571.27356
G0 F9000 X92.587 Y120.15
G0 X90.965 Y120.15
G0 X90.965 Y119.929
G1 F3000 X77.38 Y123.569 E2571.74133
G0 F9000 X76.685 Y123.569
G1 F3000 X77.661 Y119.928 E2571.86671
G0 F9000 X77.661 Y120.15
G0 X75.616 Y120.15
G0 X75.616 Y119.929
G1 F3000 X79.256 Y123.569 E2572.03792
G0 F9000 X79.256 Y123.35
G0 X80.827 Y123.35
G0 X80.827 Y123.569
G1 F3000 X81.802 Y119.928 E2572.16329
G0 F9000 X81.273 Y119.929
G1 F3000 X84.912 Y123.569 E2572.33448
G1 X84.967 Y123.569
G1 X85.943 Y119.928 E2572.45986
G0 F9000 X86.93 Y119.929
G1 F3000 X90.569 Y123.569 E2572.63105
G0 F9000 X90.569 Y123.35
G0 X89.109 Y123.35
G0 X89.109 Y123.569
G1 F3000 X90.084 Y119.928 E2572.75642
G0 F9000 X90.084 Y120.15
G0 X94.225 Y120.15
G0 X94.225 Y119.928
G1 F3000 X93.25 Y123.569 E2572.88178
G0 F9000 X92.835 Y123.569
G1 F3000 X106.42 Y119.929 E2573.34956
G0 F9000 X106.649 Y119.928
G1 F3000 X105.673 Y123.569 E2573.47494
G0 F9000 X105.673 Y123.35
G0 X109.814 Y123.35
G0 X109.814 Y123.569
G1 F3000 X110.79 Y119.928 E2573.60031
G0 F9000 X110.79 Y120.15
G0 X109.557 Y120.15
G0 X109.557 Y119.929
G1 F3000 X113.197 Y123.569 E2573.77153
G0 F9000 X113.955 Y123.569
G1 F3000 X114.931 Y119.928 E2573.8969
G0 F9000 X115.215 Y119.93
G1 F3000 X118.854 Y123.569 E2574.06807
G0 F9000 X118.096 Y123.569
G1 F3000 X119.072 Y119.928 E2574.19344
G0 F9000 X119.072 Y120.15
G0 X123.213 Y120.15
G0 X123.213 Y119.928
G1 F3000 X122.238 Y123.569 E2574.31881
G0 F9000 X122.238 Y123.35
G0 X126.379 Y123.35
G0 X126.379 Y123.569
G1 F3000 X127.354 Y119.928 E2574.44418
G0 F9000 X126.528 Y119.93
G1 F3000 X130.168 Y123.569 E2574.61537
G0 F9000 X130.52 Y123.569
G1 F3000 X131.495 Y119.928 E2574.74074
G0 F9000 X132.185 Y119.93
G1 F3000 X135.825 Y123.569 E2574.91193
G0 F9000 X135.825 Y123.35
G0 X134.661 Y123.35
G0 X134.661 Y123.569
G1 F3000 X135.636 Y119.928 E2575.03729
G1 F2700 E2570.03729
G0 F9000 X135.636 Y120.15
G0 X75.511 Y120.15
G0 X75.511 Y119.929
G1 F2700 E2575.03729
G1 F3000 X61.925 Y123.57 E2575.50511
G0 F9000 X62.285 Y123.569
G1 F3000 X58.646 Y119.929 E2575.6763
G0 F9000 X58.646 Y120.15
G0 X60.056 Y120.15
G0 X60.056 Y119.929
G1 F3000 X46.469 Y123.57 E2576.14415
G0 F9000 X46.469 Y123.35
G0 X45.314 Y123.35
G0 X45.314 Y123.569
G1 F3000 X41.675 Y119.929 E2576.31534
G0 F9000 X41.675 Y120.15
G0 X40.391 Y120.15
G0 X40.391 Y119.928
G1 F3000 X39.416 Y123.569 E2576.44071
G0 F9000 X39.658 Y123.569
G1 F3000 X36.018 Y119.929 E2576.61192
G0 F9000 X36.25 Y119.928
G1 F3000 X35.679 Y122.057 E2576.68524
G0 F9000 X35.679 Y122.32
G1 F3000 X44.601 Y119.929 E2576.99246
G1 X44.532 Y119.928
G1 X43.556 Y123.569 E2577.11783
G0 F9000 X43.556 Y123.35
G0 X47.698 Y123.35
G0 X47.698 Y123.569
G1 F3000 X48.673 Y119.928 E2577.2432
G0 F9000 X48.673 Y120.15
G0 X47.332 Y120.15
G0 X47.332 Y119.929
G1 F3000 X50.971 Y123.569 E2577.41439
G0 F9000 X51.839 Y123.569
G1 F3000 X52.814 Y119.928 E2577.53976
G1 X52.989 Y119.929
G1 X56.628 Y123.569 E2577.71095
G0 F9000 X55.98 Y123.569
G1 F3000 X56.955 Y119.928 E2577.83631
G0 F9000 X56.955 Y120.15
G0 X61.097 Y120.15
G0 X61.097 Y119.928
G1 F3000 X60.121 Y123.569 E2577.96169
G0 F9000 X60.121 Y123.35
G0 X64.262 Y123.35
G0 X64.262 Y123.569
G1 F3000 X65.238 Y119.928 E2578.08707
G0 F9000 X64.302 Y119.929
G1 F3000 X67.942 Y123.569 E2578.25828
G0 F9000 X68.403 Y123.569
G1 F3000 X69.379 Y119.928 E2578.38366
G0 F9000 X69.959 Y119.929
G1 F3000 X73.599 Y123.569 E2578.55487
G0 F9000 X73.599 Y123.35
G0 X72.544 Y123.35
G0 X72.544 Y123.569
G1 F3000 X73.52 Y119.928 E2578.68025
G0 F9000 X73.52 Y120.45
G1 F2700 E2573.68025
;MESH:NONMESH
G0 F300 X73.52 Y120.45 Z6.8
G0 F9000 X184.13 Y119.67
G0 X184.13 Y118.585
G0 X184.13 Y101.415
G0 X184.13 Y100.33
G0 X184.13 Y99.88
G0 X184.4 Y100.15
;TIME_ELAPSED:3908.606954
;LAYER:33
;TYPE:WALL-INNER
;MESH:Garmin_GFC500 BOARDS SUPPORTS.stl
G1 F2700 E2578.68025
G1 F1500 X184.4 Y96.35 E2578.80663
G1 X35.6 Y96.35 E2583.75574
G1 X35.6 Y100.15 E2583.88213
G1 X184.4 Y100.15 E2588.83124
G0 F9000 X184.8 Y100.55
;TYPE:WALL-OUTER
G1 F1500 X184.8 Y95.95 E2588.98424
G1 X35.2 Y95.95 E2593.95995
G1 X35.2 Y100.55 E2594.11295
G1 X184.8 Y100.55 E2599.08866
G0 F9000 X184.53 Y100.28
G0 X184.1 Y99.204
G0 X184.318 Y99.204
;TYPE:FILL
G1 F3000 X181.089 Y100.069 E2599.19985
G0 F9000 X180.408 Y100.069
G1 F3000 X176.768 Y96.43 E2599.37104
G0 F9000 X176.768 Y96.65
G0 X174.915 Y96.65
G0 X174.915 Y96.429
G1 F3000 X173.939 Y100.069 E2599.49638
G0 F9000 X174.751 Y100.069
G1 F3000 X171.112 Y96.43 E2599.66755
G0 F9000 X170.774 Y96.428
G1 F3000 X169.798 Y100.069 E2599.79293
G0 F9000 X169.094 Y100.069
G1 F3000 X165.455 Y96.43 E2599.96409
G0 F9000 X165.455 Y96.65
G0 X166.633 Y96.65
G0 X166.633 Y96.428
G1 F3000 X165.657 Y100.07 E2600.0895
G1 X165.633 Y100.069
G1 X179.219 Y96.429 E2600.55731
G1 X179.056 Y96.428
G1 X178.081 Y100.069 E2600.68268
G0 F9000 X178.081 Y99.85
G0 X182.222 Y99.85
G0 X182.222 Y100.069
G1 F3000 X183.197 Y96.428 E2600.80804
G0 F9000 X182.425 Y96.43
G1 F3000 X184.319 Y98.323 E2600.89711
G0 F9000 X184.1 Y98.323
G0 X163.764 Y96.65
G0 X163.764 Y96.429
G1 F3000 X150.179 Y100.069 E2601.36489
G0 F9000 X150.179 Y99.85
G0 X149.093 Y99.85
G0 X149.093 Y100.069
G1 F3000 X150.068 Y96.428 E2601.49025
G0 F9000 X150.068 Y96.65
G0 X148.484 Y96.65
G0 X148.484 Y96.43
G1 F3000 X152.124 Y100.069 E2601.66144
G0 F9000 X152.124 Y99.85
G0 X153.234 Y99.85
G0 X153.234 Y100.069
G1 F3000 X154.209 Y96.429 E2601.78678
G1 X154.141 Y96.43
G1 X157.78 Y100.069 E2601.95795
G0 F9000 X157.375 Y100.069
G1 F3000 X158.351 Y96.428 E2602.08332
G0 F9000 X158.351 Y96.65
G0 X159.798 Y96.65
G0 X159.798 Y96.43
G1 F3000 X163.437 Y100.069 E2602.25449
G0 F9000 X163.437 Y99.85
G0 X161.516 Y99.85
G0 X161.516 Y100.069
G1 F3000 X162.492 Y96.428 E2602.37986
G0 F9000 X162.492 Y96.65
G0 X148.31 Y96.65
G0 X148.31 Y96.429
G1 F3000 X134.724 Y100.069 E2602.84767
G0 F9000 X135.153 Y100.069
G1 F3000 X131.514 Y96.43 E2603.01884
G0 F9000 X131.514 Y96.65
G0 X132.855 Y96.65
G0 X132.855 Y96.429
G1 F3000 X119.269 Y100.069 E2603.48665
G0 F9000 X120.105 Y100.069
G1 F3000 X121.081 Y96.428 E2603.61203
G0 F9000 X120.2 Y96.43
G1 F3000 X123.839 Y100.069 E2603.78319
G0 F9000 X124.246 Y100.07
G1 F3000 X125.222 Y96.428 E2603.9086
G0 F9000 X125.857 Y96.43
G1 F3000 X129.496 Y100.069 E2604.07977
G0 F9000 X129.496 Y99.85
G0 X128.387 Y99.85
G0 X128.387 Y100.069
G1 F3000 X129.363 Y96.428 E2604.20514
G0 F9000 X129.363 Y96.65
G0 X133.504 Y96.65
G0 X133.504 Y96.429
G1 F3000 X132.528 Y100.069 E2604.33049
G0 F9000 X132.528 Y99.85
G0 X136.67 Y99.85
G0 X136.67 Y100.069
G1 F3000 X137.645 Y96.429 E2604.45582
G0 F9000 X137.17 Y96.43
G1 F3000 X140.81 Y100.069 E2604.62701
G1 X140.811 Y100.069
G1 X141.786 Y96.428 E2604.75238
G0 F9000 X141.786 Y96.65
G0 X142.827 Y96.65
G0 X142.827 Y96.43
G1 F3000 X146.467 Y100.069 E2604.92357
G0 F9000 X146.467 Y99.85
G0 X144.952 Y99.85
G0 X144.952 Y100.07
G1 F3000 X145.927 Y96.428 E2605.04897
G0 F9000 X145.927 Y96.65
G0 X118.182 Y99.85
G0 X118.182 Y100.069
G1 F3000 X114.543 Y96.43 E2605.22014
G0 F9000 X114.543 Y96.65
G0 X112.798 Y96.65
G0 X112.798 Y96.429
G1 F3000 X111.823 Y100.069 E2605.34547
G0 F9000 X112.526 Y100.069
G1 F3000 X108.885 Y96.429 E2605.51671
G0 F9000 X108.657 Y96.428
G1 F3000 X107.682 Y100.069 E2605.64208
G0 F9000 X106.868 Y100.069
G1 F3000 X103.229 Y96.429 E2605.81327
G0 F9000 X103.229 Y96.65
G0 X101.946 Y96.65
G0 X101.946 Y96.429
G1 F3000 X88.36 Y100.069 E2606.28108
G0 F9000 X88.36 Y99.85
G0 X86.976 Y99.85
G0 X86.976 Y100.07
G1 F3000 X87.952 Y96.428 E2606.40648
G0 F9000 X87.952 Y96.65
G0 X86.49 Y96.65
G0 X86.49 Y96.429
G1 F3000 X72.906 Y100.069 E2606.87423
G1 X72.927 Y100.069
G1 X69.287 Y96.429 E2607.04544
G0 F9000 X69.287 Y96.65
G0 X71.036 Y96.65
G0 X71.036 Y96.429
G1 F3000 X57.45 Y100.069 E2607.51325
G0 F9000 X57.989 Y100.069
G1 F3000 X58.964 Y96.428 E2607.63862
G0 F9000 X57.974 Y96.429
G1 F3000 X61.613 Y100.069 E2607.80981
G0 F9000 X62.129 Y100.07
G1 F3000 X63.105 Y96.428 E2607.93522
G0 F9000 X63.631 Y96.429
G1 F3000 X67.27 Y100.069 E2608.10641
G0 F9000 X66.271 Y100.07
G1 F3000 X67.246 Y96.428 E2608.23181
G0 F9000 X67.246 Y96.65
G0 X71.387 Y96.65
G0 X71.387 Y96.429
G1 F3000 X70.412 Y100.069 E2608.35714
G0 F9000 X70.412 Y99.85
G0 X74.553 Y99.85
G0 X74.553 Y100.069
G1 F3000 X75.528 Y96.429 E2608.48248
G0 F9000 X74.944 Y96.429
G1 F3000 X78.584 Y100.069 E2608.65369
G1 X78.694 Y100.069
G1 X79.67 Y96.428 E2608.77907
G0 F9000 X80.601 Y96.429
G1 F3000 X84.241 Y100.069 E2608.95028
G0 F9000 X84.241 Y99.85
G0 X82.835 Y99.85
G0 X82.835 Y100.07
G1 F3000 X83.811 Y96.428 E2609.07569
G0 F9000 X83.811 Y96.65
G0 X86.258 Y96.65
G0 X86.258 Y96.429
G1 F3000 X89.898 Y100.069 E2609.2469
G0 F9000 X89.898 Y99.85
G0 X91.117 Y99.85
G0 X91.117 Y100.069
G1 F3000 X92.093 Y96.429 E2609.37225
G1 X91.915 Y96.429
G1 X95.554 Y100.069 E2609.54344
G0 F9000 X95.258 Y100.069
G1 F3000 X96.234 Y96.429 E2609.66878
G0 F9000 X96.234 Y96.65
G0 X97.572 Y96.65
G0 X97.572 Y96.429
G1 F3000 X101.211 Y100.069 E2609.83997
G0 F9000 X101.211 Y99.85
G0 X99.4 Y99.85
G0 X99.4 Y100.069
G1 F3000 X100.375 Y96.428 E2609.96534
G0 F9000 X100.375 Y96.65
G0 X104.516 Y96.65
G0 X104.516 Y96.428
G1 F3000 X103.541 Y100.07 E2610.09074
G0 F9000 X103.815 Y100.069
G1 F3000 X117.401 Y96.429 E2610.55855
G0 F9000 X116.939 Y96.429
G1 F3000 X115.964 Y100.069 E2610.68388
G1 F2700 E2605.68388
G0 F9000 X115.964 Y99.85
G0 X55.956 Y99.85
G0 X55.956 Y100.069
G1 F2700 E2610.68388
G1 F3000 X52.317 Y96.429 E2610.85507
G0 F9000 X52.317 Y96.65
G0 X50.682 Y96.65
G0 X50.682 Y96.429
G1 F3000 X49.706 Y100.069 E2610.98042
G0 F9000 X50.3 Y100.069
G1 F3000 X46.66 Y96.429 E2611.15163
G1 X46.541 Y96.428
G1 X45.565 Y100.07 E2611.27704
G0 F9000 X44.643 Y100.069
G1 F3000 X41.003 Y96.429 E2611.44825
G0 F9000 X40.126 Y96.429
G1 F3000 X35.679 Y97.62 E2611.60138
G0 F9000 X35.679 Y96.762
G1 F3000 X38.986 Y100.069 E2611.75693
G0 F9000 X38.986 Y99.85
G0 X37.283 Y99.85
G0 X37.283 Y100.069
G1 F3000 X38.259 Y96.428 E2611.8823
G0 F9000 X38.259 Y96.65
G0 X42.4 Y96.65
G0 X42.4 Y96.428
G1 F3000 X41.424 Y100.07 E2612.00771
G0 F9000 X41.995 Y100.069
G1 F3000 X55.581 Y96.429 E2612.47552
G0 F9000 X54.823 Y96.429
G1 F3000 X53.847 Y100.069 E2612.60086
G0 F9000 X53.847 Y99.55
G1 F2700 E2607.60086
G0 F9000 X184.13 Y100.33
G0 X184.13 Y101.415
G0 X184.13 Y118.585
G0 X184.13 Y119.67
G0 X184.13 Y123.38
G0 X184.4 Y123.65
;TYPE:WALL-INNER
G1 F2700 E2612.60086
G1 F1500 X184.4 Y119.85 E2612.72725
G1 X35.6 Y119.85 E2617.67636
G1 X35.6 Y123.65 E2617.80275
G1 X184.4 Y123.65 E2622.75186
G0 F9000 X184.8 Y124.05
;TYPE:WALL-OUTER
G1 F1500 X184.8 Y119.45 E2622.90485
G1 X35.2 Y119.45 E2627.88057
G1 X35.2 Y124.05 E2628.03356
G1 X184.8 Y124.05 E2633.00928
G0 F9000 X184.207 Y123.568
;TYPE:FILL
G1 F3000 X184.319 Y123.151 E2633.02364
G0 F9000 X184.1 Y123.151
G0 X184.1 Y120.951
G0 X184.319 Y120.951
G1 F3000 X183.298 Y119.93 E2633.07167
G0 F9000 X184.243 Y119.929
G1 F3000 X170.66 Y123.569 E2633.53938
G0 F9000 X169.967 Y123.569
G1 F3000 X166.327 Y119.93 E2633.71057
G0 F9000 X166.327 Y120.15
G0 X164.477 Y120.15
G0 X164.477 Y119.928
G1 F3000 X163.502 Y123.568 E2633.83591
G0 F9000 X164.31 Y123.569
G1 F3000 X160.67 Y119.93 E2634.0071
G0 F9000 X160.336 Y119.928
G1 F3000 X159.361 Y123.569 E2634.13246
G0 F9000 X158.653 Y123.569
G1 F3000 X155.014 Y119.93 E2634.30363
G0 F9000 X155.014 Y120.15
G0 X156.195 Y120.15
G0 X156.195 Y119.928
G1 F3000 X155.219 Y123.569 E2634.42901
G1 X155.205 Y123.569
G1 X168.788 Y119.929 E2634.89672
G1 X168.618 Y119.928
G1 X167.643 Y123.569 E2635.02209
G0 F9000 X167.643 Y123.35
G0 X171.784 Y123.35
G0 X171.784 Y123.569
G1 F3000 X172.759 Y119.928 E2635.14745
G0 F9000 X171.984 Y119.93
G1 F3000 X175.624 Y123.569 E2635.31864
G0 F9000 X175.925 Y123.569
G1 F3000 X176.9 Y119.928 E2635.44401
G0 F9000 X177.641 Y119.93
G1 F3000 X181.28 Y123.569 E2635.61518
G0 F9000 X181.28 Y123.35
G0 X180.066 Y123.35
G0 X180.066 Y123.569
G1 F3000 X181.042 Y119.928 E2635.74055
G0 F9000 X181.042 Y120.15
G0 X153.333 Y120.15
G0 X153.333 Y119.929
G1 F3000 X139.75 Y123.569 E2636.20827
G0 F9000 X139.75 Y123.35
G0 X138.655 Y123.35
G0 X138.655 Y123.569
G1 F3000 X139.63 Y119.928 E2636.33363
G0 F9000 X139.63 Y120.15
G0 X138.043 Y120.15
G0 X138.043 Y119.93
G1 F3000 X141.682 Y123.569 E2636.5048
G0 F9000 X141.682 Y123.35
G0 X142.796 Y123.35
G0 X142.796 Y123.569
G1 F3000 X143.772 Y119.928 E2636.63018
G1 X143.7 Y119.93
G1 X147.339 Y123.569 E2636.80134
G0 F9000 X146.937 Y123.569
G1 F3000 X147.913 Y119.928 E2636.92672
G0 F9000 X147.913 Y120.15
G0 X149.357 Y120.15
G0 X149.357 Y119.93
G1 F3000 X152.996 Y123.569 E2637.09789
G0 F9000 X152.996 Y123.35
G0 X151.078 Y123.35
G0 X151.078 Y123.569
G1 F3000 X152.054 Y119.928 E2637.22326
G0 F9000 X152.054 Y120.15
G0 X137.878 Y120.15
G0 X137.878 Y119.929
G1 F3000 X124.294 Y123.569 E2637.69101
G0 F9000 X124.712 Y123.569
G1 F3000 X121.072 Y119.93 E2637.8622
G0 F9000 X121.072 Y120.15
G0 X122.423 Y120.15
G0 X122.423 Y119.929
G1 F3000 X108.839 Y123.569 E2638.32994
G0 F9000 X109.667 Y123.569
G1 F3000 X110.643 Y119.928 E2638.45532
G0 F9000 X109.758 Y119.929
G1 F3000 X113.398 Y123.569 E2638.62653
G0 F9000 X113.808 Y123.569
G1 F3000 X114.784 Y119.928 E2638.75191
G0 F9000 X115.416 Y119.93
G1 F3000 X119.055 Y123.569 E2638.92308
G0 F9000 X119.055 Y123.35
G0 X117.949 Y123.35
G0 X117.949 Y123.569
G1 F3000 X118.925 Y119.928 E2639.04845
G0 F9000 X118.925 Y120.15
G0 X123.066 Y120.15
G0 X123.066 Y119.928
G1 F3000 X122.091 Y123.569 E2639.17382
G0 F9000 X122.091 Y123.35
G0 X126.232 Y123.35
G0 X126.232 Y123.569
G1 F3000 X127.207 Y119.928 E2639.29919
G0 F9000 X126.729 Y119.93
G1 F3000 X130.369 Y123.569 E2639.47038
G1 X130.373 Y123.569
G1 X131.348 Y119.928 E2639.59574
G0 F9000 X131.348 Y120.15
G0 X132.386 Y120.15
G0 X132.386 Y119.93
G1 F3000 X136.026 Y123.569 E2639.76694
G0 F9000 X136.026 Y123.35
G0 X134.514 Y123.35
G0 X134.514 Y123.569
G1 F3000 X135.489 Y119.928 E2639.8923
G0 F9000 X135.489 Y120.15
G0 X107.741 Y123.35
G0 X107.741 Y123.569
G1 F3000 X104.101 Y119.929 E2640.06352
G0 F9000 X104.101 Y120.15
G0 X102.361 Y120.15
G0 X102.361 Y119.928
G1 F3000 X101.385 Y123.569 E2640.18889
G0 F9000 X102.084 Y123.569
G1 F3000 X98.444 Y119.929 E2640.36011
G0 F9000 X98.219 Y119.928
G1 F3000 X97.244 Y123.569 E2640.48547
G0 F9000 X96.427 Y123.569
G1 F3000 X92.787 Y119.929 E2640.65669
G0 F9000 X92.787 Y120.15
G0 X91.514 Y120.15
G0 X91.514 Y119.929
G1 F3000 X77.929 Y123.569 E2641.12447
G0 F9000 X77.929 Y123.35
G0 X76.538 Y123.35
G0 X76.538 Y123.569
G1 F3000 X77.514 Y119.928 E2641.24984
G0 F9000 X77.514 Y120.15
G0 X76.059 Y120.15
G0 X76.059 Y119.929
G1 F3000 X62.474 Y123.57 E2641.71763
G1 X62.486 Y123.569
G1 X58.846 Y119.929 E2641.88884
G0 F9000 X58.846 Y120.15
G0 X60.605 Y120.15
G0 X60.605 Y119.929
G1 F3000 X47.018 Y123.57 E2642.35669
G0 F9000 X47.551 Y123.569
G1 F3000 X48.526 Y119.929 E2642.48203
G0 F9000 X47.533 Y119.929
G1 F3000 X51.172 Y123.569 E2642.65322
G0 F9000 X51.692 Y123.569
G1 F3000 X52.667 Y119.928 E2642.77858
G0 F9000 X53.189 Y119.929
G1 F3000 X56.829 Y123.569 E2642.9498
G0 F9000 X55.833 Y123.569
G1 F3000 X56.808 Y119.928 E2643.07517
G0 F9000 X56.808 Y120.15
G0 X60.95 Y120.15
G0 X60.95 Y119.928
G1 F3000 X59.974 Y123.57 E2643.20057
G0 F9000 X59.974 Y123.35
G0 X64.115 Y123.35
G0 X64.115 Y123.569
G1 F3000 X65.091 Y119.928 E2643.32595
G0 F9000 X64.503 Y119.929
G1 F3000 X68.143 Y123.569 E2643.49716
G1 X68.256 Y123.569
G1 X69.232 Y119.928 E2643.62254
G0 F9000 X70.16 Y119.929
G1 F3000 X73.8 Y123.569 E2643.79375
G0 F9000 X73.8 Y123.35
G0 X72.397 Y123.35
G0 X72.397 Y123.569
G1 F3000 X73.373 Y119.928 E2643.91913
G0 F9000 X73.373 Y120.15
G0 X75.817 Y120.15
G0 X75.817 Y119.929
G1 F3000 X79.456 Y123.569 E2644.09032
G0 F9000 X79.456 Y123.35
G0 X80.68 Y123.35
G0 X80.68 Y123.569
G1 F3000 X81.655 Y119.928 E2644.21569
G1 X81.474 Y119.929
G1 X85.113 Y123.569 E2644.38688
G0 F9000 X84.82 Y123.569
G1 F3000 X85.796 Y119.928 E2644.51225
G0 F9000 X85.796 Y120.15
G0 X87.131 Y120.15
G0 X87.131 Y119.929
G1 F3000 X90.77 Y123.569 E2644.68344
G0 F9000 X90.77 Y123.35
G0 X88.962 Y123.35
G0 X88.962 Y123.569
G1 F3000 X89.937 Y119.928 E2644.80881
G0 F9000 X89.937 Y120.15
G0 X94.078 Y120.15
G0 X94.078 Y119.928
G1 F3000 X93.103 Y123.569 E2644.93418
G0 F9000 X93.384 Y123.569
G1 F3000 X106.969 Y119.929 E2645.40195
G0 F9000 X106.502 Y119.928
G1 F3000 X105.526 Y123.569 E2645.52733
G1 F2700 E2640.52733
G0 F9000 X105.526 Y123.35
G0 X45.515 Y123.35
G0 X45.515 Y123.569
G1 F2700 E2645.52733
G1 F3000 X41.876 Y119.929 E2645.69852
G0 F9000 X41.876 Y120.15
G0 X40.244 Y120.15
G0 X40.244 Y119.928
G1 F3000 X39.268 Y123.57 E2645.82393
G0 F9000 X39.858 Y123.569
G1 F3000 X36.219 Y119.929 E2645.99512
G1 X36.103 Y119.928
G1 X35.679 Y121.508 E2646.04953
G0 F9000 X35.679 Y122.467
G1 F3000 X45.15 Y119.929 E2646.37565
G0 F9000 X44.385 Y119.928
G1 F3000 X43.409 Y123.569 E2646.50103
G0 F9000 X43.409 Y123.05
G1 F2700 E2641.50103
;MESH:NONMESH
G0 F300 X43.409 Y123.05 Z7
G0 F9000 X184.13 Y119.67
G0 X184.13 Y118.585
G0 X184.13 Y101.415
G0 X184.13 Y100.33
G0 X184.13 Y99.88
G0 X184.4 Y100.15
;TIME_ELAPSED:4007.020076
;LAYER:34
;TYPE:WALL-INNER
;MESH:Garmin_GFC500 BOARDS SUPPORTS.stl
G1 F2700 E2646.50103
G1 F1500 X184.4 Y96.35 E2646.62742
G1 X35.6 Y96.35 E2651.57652
G1 X35.6 Y100.15 E2651.70291
G1 X184.4 Y100.15 E2656.65202
G0 F9000 X184.8 Y100.55
;TYPE:WALL-OUTER
G1 F1500 X184.8 Y95.95 E2656.80502
G1 X35.2 Y95.95 E2661.78073
G1 X35.2 Y100.55 E2661.93373
G1 X184.8 Y100.55 E2666.90945
G0 F9000 X184.53 Y100.28
G0 X184.1 Y99.349
G0 X184.319 Y99.349
;TYPE:FILL
G1 F3000 X181.633 Y100.069 E2667.00194
G0 F9000 X182.076 Y100.069
G1 F3000 X183.051 Y96.428 E2667.1273
G0 F9000 X182.625 Y96.43
G1 F3000 X184.319 Y98.124 E2667.20698
G0 F9000 X184.1 Y98.124
G0 X180.607 Y99.85
G0 X180.607 Y100.069
G1 F3000 X176.968 Y96.43 E2667.37815
G0 F9000 X176.968 Y96.65
G0 X178.91 Y96.65
G0 X178.91 Y96.429
G1 F3000 X177.935 Y100.069 E2667.50349
G0 F9000 X177.935 Y99.85
G0 X174.95 Y99.85
G0 X174.95 Y100.069
G1 F3000 X171.311 Y96.43 E2667.67465
G0 F9000 X170.628 Y96.428
G1 F3000 X169.652 Y100.07 E2667.80006
G0 F9000 X169.294 Y100.069
G1 F3000 X165.654 Y96.43 E2667.97125
G0 F9000 X166.487 Y96.428
G1 F3000 X165.511 Y100.069 E2668.09663
G0 F9000 X166.179 Y100.069
G1 F3000 X179.764 Y96.429 E2668.5644
G0 F9000 X179.764 Y96.65
G0 X174.769 Y96.65
G0 X174.769 Y96.428
G1 F3000 X173.793 Y100.069 E2668.68978
G0 F9000 X173.793 Y99.85
G0 X163.637 Y99.85
G0 X163.637 Y100.069
G1 F3000 X159.997 Y96.43 E2668.86097
G0 F9000 X159.997 Y96.65
G0 X158.204 Y96.65
G0 X158.204 Y96.429
G1 F3000 X157.229 Y100.069 E2668.98631
G0 F9000 X157.98 Y100.069
G1 F3000 X154.34 Y96.43 E2669.1575
G0 F9000 X154.064 Y96.428
G1 F3000 X153.088 Y100.069 E2669.28287
G0 F9000 X152.323 Y100.069
G1 F3000 X148.684 Y96.43 E2669.45404
G1 X148.854 Y96.429
G1 X135.269 Y100.069 E2669.92182
G1 X135.352 Y100.069
G1 X131.713 Y96.43 E2670.09298
G0 F9000 X131.713 Y96.65
G0 X133.358 Y96.65
G0 X133.358 Y96.428
G1 F3000 X132.382 Y100.069 E2670.21836
G0 F9000 X132.382 Y99.85
G0 X129.696 Y99.85
G0 X129.696 Y100.069
G1 F3000 X126.056 Y96.43 E2670.38955
G0 F9000 X125.076 Y96.428
G1 F3000 X124.1 Y100.069 E2670.51493
G1 X124.039 Y100.069
G1 X120.399 Y96.43 E2670.68612
G0 F9000 X120.935 Y96.429
G1 F3000 X119.959 Y100.069 E2670.81146
G1 X119.814 Y100.069
G1 X133.4 Y96.429 E2671.27927
G0 F9000 X133.4 Y96.65
G0 X137.37 Y96.65
G0 X137.37 Y96.43
G1 F3000 X141.009 Y100.069 E2671.45044
G0 F9000 X140.665 Y100.069
G1 F3000 X141.64 Y96.429 E2671.57577
G0 F9000 X141.64 Y96.65
G0 X143.027 Y96.65
G0 X143.027 Y96.43
G1 F3000 X146.666 Y100.069 E2671.74694
G0 F9000 X146.666 Y99.85
G0 X144.806 Y99.85
G0 X144.806 Y100.069
G1 F3000 X145.781 Y96.428 E2671.87231
G0 F9000 X145.781 Y96.65
G0 X149.922 Y96.65
G0 X149.922 Y96.428
G1 F3000 X148.947 Y100.07 E2671.99771
G0 F9000 X148.947 Y99.85
G0 X150.723 Y99.85
G0 X150.723 Y100.069
G1 F3000 X164.309 Y96.429 E2672.46552
G0 F9000 X164.309 Y96.65
G0 X162.346 Y96.65
G0 X162.346 Y96.429
G1 F3000 X161.37 Y100.069 E2672.59086
G0 F9000 X161.37 Y99.85
G0 X137.499 Y96.65
G0 X137.499 Y96.429
G1 F3000 X136.523 Y100.069 E2672.7162
G0 F9000 X136.523 Y99.85
G0 X129.217 Y96.65
G0 X129.217 Y96.428
G1 F3000 X128.241 Y100.07 E2672.84161
G0 F9000 X128.241 Y99.85
G0 X118.382 Y99.85
G0 X118.382 Y100.069
G1 F3000 X114.742 Y96.43 E2673.0128
G0 F9000 X114.742 Y96.65
G0 X116.793 Y96.65
G0 X116.793 Y96.429
G1 F3000 X115.818 Y100.069 E2673.13814
G0 F9000 X115.818 Y99.85
G0 X112.725 Y99.85
G0 X112.725 Y100.069
G1 F3000 X109.085 Y96.429 E2673.30935
G0 F9000 X108.511 Y96.428
G1 F3000 X107.536 Y100.07 E2673.43475
G0 F9000 X107.067 Y100.069
G1 F3000 X103.428 Y96.429 E2673.60594
G0 F9000 X102.49 Y96.429
G1 F3000 X88.905 Y100.069 E2674.07372
G0 F9000 X88.905 Y99.85
G0 X90.097 Y99.85
G0 X90.097 Y100.069
G1 F3000 X86.457 Y96.429 E2674.24493
G0 F9000 X87.036 Y96.429
G1 F3000 X73.45 Y100.069 E2674.71274
G0 F9000 X73.126 Y100.069
G1 F3000 X69.487 Y96.429 E2674.88393
G0 F9000 X69.487 Y96.65
G0 X71.241 Y96.65
G0 X71.241 Y96.428
G1 F3000 X70.266 Y100.07 E2675.00933
G0 F9000 X70.266 Y99.85
G0 X67.47 Y99.85
G0 X67.47 Y100.069
G1 F3000 X63.83 Y96.429 E2675.18055
G0 F9000 X62.959 Y96.428
G1 F3000 X61.984 Y100.069 E2675.30591
G1 X61.813 Y100.069
G1 X58.173 Y96.429 E2675.47713
G0 F9000 X58.818 Y96.429
G1 F3000 X57.843 Y100.069 E2675.60246
G1 X57.996 Y100.069
G1 X71.581 Y96.429 E2676.07024
G0 F9000 X71.581 Y96.65
G0 X75.144 Y96.65
G0 X75.144 Y96.429
G1 F3000 X78.783 Y100.069 E2676.24143
G0 F9000 X78.548 Y100.069
G1 F3000 X79.524 Y96.429 E2676.36677
G0 F9000 X79.524 Y96.65
G0 X80.801 Y96.65
G0 X80.801 Y96.429
G1 F3000 X84.44 Y100.069 E2676.53796
G0 F9000 X84.44 Y99.85
G0 X82.689 Y99.85
G0 X82.689 Y100.069
G1 F3000 X83.665 Y96.428 E2676.66334
G0 F9000 X83.665 Y96.65
G0 X87.806 Y96.65
G0 X87.806 Y96.428
G1 F3000 X86.83 Y100.07 E2676.78875
G0 F9000 X86.83 Y99.85
G0 X90.971 Y99.85
G0 X90.971 Y100.07
G1 F3000 X91.947 Y96.428 E2676.91415
G1 X92.114 Y96.429
G1 X95.754 Y100.069 E2677.08537
G0 F9000 X95.112 Y100.069
G1 F3000 X96.088 Y96.429 E2677.21071
G0 F9000 X96.088 Y96.65
G0 X97.771 Y96.65
G0 X97.771 Y96.429
G1 F3000 X101.411 Y100.069 E2677.38193
G0 F9000 X101.411 Y99.85
G0 X103.395 Y99.85
G0 X103.395 Y100.069
G1 F3000 X104.37 Y96.428 E2677.50729
G0 F9000 X104.37 Y96.65
G0 X104.359 Y99.85
G0 X104.359 Y100.069
G1 F3000 X117.945 Y96.429 E2677.9751
G0 F9000 X117.945 Y96.65
G0 X112.653 Y96.65
G0 X112.653 Y96.428
G1 F3000 X111.677 Y100.07 E2678.10051
G0 F9000 X111.677 Y99.85
G0 X100.229 Y96.65
G0 X100.229 Y96.429
G1 F3000 X99.254 Y100.069 E2678.22585
G0 F9000 X99.254 Y99.85
G0 X75.382 Y96.65
G0 X75.382 Y96.429
G1 F3000 X74.407 Y100.069 E2678.35118
G0 F9000 X74.407 Y99.85
G0 X67.1 Y96.65
G0 X67.1 Y96.428
G1 F3000 X66.125 Y100.07 E2678.47658
G0 F9000 X66.125 Y99.85
G0 X56.156 Y99.85
G0 X56.156 Y100.069
G1 F3000 X52.516 Y96.429 E2678.64779
G0 F9000 X52.516 Y96.65
G0 X50.536 Y96.65
G0 X50.536 Y96.428
G1 F3000 X49.56 Y100.07 E2678.7732
G0 F9000 X50.499 Y100.069
G1 F3000 X46.859 Y96.429 E2678.94442
G0 F9000 X46.395 Y96.428
G1 F3000 X45.419 Y100.07 E2679.06982
G0 F9000 X44.842 Y100.069
G1 F3000 X41.203 Y96.429 E2679.24101
G0 F9000 X40.671 Y96.429
G1 F3000 X35.679 Y97.766 E2679.4129
G0 F9000 X35.9 Y97.766
G0 X35.9 Y96.563
G0 X35.679 Y96.563
G1 F3000 X39.185 Y100.069 E2679.57781
G0 F9000 X39.185 Y99.85
G0 X37.137 Y99.85
G0 X37.137 Y100.069
G1 F3000 X38.112 Y96.429 E2679.70315
G0 F9000 X38.112 Y96.65
G0 X42.254 Y96.65
G0 X42.254 Y96.428
G1 F3000 X41.278 Y100.069 E2679.82852
G0 F9000 X41.278 Y99.85
G0 X42.541 Y99.85
G0 X42.541 Y100.069
G1 F3000 X56.126 Y96.429 E2680.2963
G0 F9000 X56.126 Y96.65
G0 X54.677 Y96.65
G0 X54.677 Y96.429
G1 F3000 X53.701 Y100.069 E2680.42164
G0 F9000 X53.701 Y99.55
G1 F2700 E2675.42164
G0 F9000 X184.13 Y100.33
G0 X184.13 Y101.415
G0 X184.13 Y118.585
G0 X184.13 Y119.67
G0 X184.13 Y123.38
G0 X184.4 Y123.65
;TYPE:WALL-INNER
G1 F2700 E2680.42164
G1 F1500 X184.4 Y119.85 E2680.54803
G1 X35.6 Y119.85 E2685.49714
G1 X35.6 Y123.65 E2685.62353
G1 X184.4 Y123.65 E2690.57264
G0 F9000 X184.8 Y124.05
;TYPE:WALL-OUTER
G1 F1500 X184.8 Y119.45 E2690.72563
G1 X35.2 Y119.45 E2695.70135
G1 X35.2 Y124.05 E2695.85435
G1 X184.8 Y124.05 E2700.83006
G0 F9000 X184.061 Y123.569
;TYPE:FILL
G1 F3000 X184.319 Y122.607 E2700.86319
G0 F9000 X184.1 Y122.607
G0 X184.1 Y120.751
G0 X184.319 Y120.751
G1 F3000 X183.497 Y119.93 E2700.90183
G0 F9000 X184.319 Y120.055
G1 F3000 X171.205 Y123.569 E2701.35339
G0 F9000 X171.638 Y123.569
G1 F3000 X172.613 Y119.928 E2701.47876
G0 F9000 X172.184 Y119.93
G1 F3000 X175.823 Y123.569 E2701.64993
G1 X175.779 Y123.569
G1 X176.755 Y119.928 E2701.7753
G0 F9000 X176.755 Y120.15
G0 X177.84 Y120.15
G0 X177.84 Y119.93
G1 F3000 X181.48 Y123.569 E2701.94649
G0 F9000 X181.48 Y123.35
G0 X179.92 Y123.35
G0 X179.92 Y123.569
G1 F3000 X180.896 Y119.928 E2702.07187
G0 F9000 X180.896 Y120.15
G0 X170.166 Y123.35
G0 X170.166 Y123.569
G1 F3000 X166.527 Y119.93 E2702.24303
G0 F9000 X166.527 Y120.15
G0 X168.472 Y120.15
G0 X168.472 Y119.928
G1 F3000 X167.497 Y123.569 E2702.3684
G0 F9000 X167.497 Y123.35
G0 X164.509 Y123.35
G0 X164.509 Y123.569
G1 F3000 X160.87 Y119.93 E2702.53957
G0 F9000 X160.19 Y119.928
G1 F3000 X159.215 Y123.569 E2702.66494
G0 F9000 X158.852 Y123.569
G1 F3000 X155.213 Y119.93 E2702.8361
G0 F9000 X156.049 Y119.928
G1 F3000 X155.073 Y123.569 E2702.96148
G0 F9000 X155.75 Y123.569
G1 F3000 X169.333 Y119.929 E2703.42919
G0 F9000 X169.333 Y120.15
G0 X164.331 Y120.15
G0 X164.331 Y119.928
G1 F3000 X163.356 Y123.569 E2703.55456
G0 F9000 X163.356 Y123.35
G0 X153.878 Y120.15
G0 X153.878 Y119.929
G1 F3000 X140.294 Y123.569 E2704.0223
G0 F9000 X140.294 Y123.35
G0 X141.882 Y123.35
G0 X141.882 Y123.569
G1 F3000 X138.242 Y119.93 E2704.1935
G1 X138.423 Y119.929
G1 X124.839 Y123.569 E2704.66124
G1 X124.911 Y123.569
G1 X121.272 Y119.93 E2704.83241
G0 F9000 X121.272 Y120.15
G0 X122.92 Y120.15
G0 X122.92 Y119.928
G1 F3000 X121.945 Y123.569 E2704.95777
G0 F9000 X121.945 Y123.35
G0 X119.254 Y123.35
G0 X119.254 Y123.569
G1 F3000 X115.615 Y119.93 E2705.12894
G0 F9000 X114.638 Y119.928
G1 F3000 X113.662 Y123.569 E2705.25432
G1 X113.598 Y123.569
G1 X109.957 Y119.929 E2705.42556
G0 F9000 X110.497 Y119.928
G1 F3000 X109.521 Y123.569 E2705.55093
G1 X109.384 Y123.569
G1 X122.969 Y119.929 E2706.01871
G0 F9000 X122.969 Y120.15
G0 X126.929 Y120.15
G0 X126.929 Y119.93
G1 F3000 X130.568 Y123.569 E2706.18988
G0 F9000 X130.227 Y123.569
G1 F3000 X131.202 Y119.928 E2706.31524
G0 F9000 X131.202 Y120.15
G0 X132.586 Y120.15
G0 X132.586 Y119.93
G1 F3000 X136.225 Y123.569 E2706.48641
G0 F9000 X136.225 Y123.35
G0 X134.368 Y123.35
G0 X134.368 Y123.569
G1 F3000 X135.344 Y119.928 E2706.61179
G0 F9000 X135.344 Y120.15
G0 X139.484 Y120.15
G0 X139.484 Y119.928
G1 F3000 X138.509 Y123.569 E2706.73715
G0 F9000 X138.509 Y123.35
G0 X142.65 Y123.35
G0 X142.65 Y123.569
G1 F3000 X143.626 Y119.928 E2706.86253
G0 F9000 X143.899 Y119.93
G1 F3000 X147.539 Y123.569 E2707.03372
G0 F9000 X146.791 Y123.569
G1 F3000 X147.767 Y119.928 E2707.15909
G0 F9000 X147.767 Y120.15
G0 X149.556 Y120.15
G0 X149.556 Y119.93
G1 F3000 X153.196 Y123.569 E2707.33029
G0 F9000 X153.196 Y123.35
G0 X150.932 Y123.35
G0 X150.932 Y123.569
G1 F3000 X151.908 Y119.928 E2707.45566
G0 F9000 X151.908 Y120.15
G0 X127.061 Y120.15
G0 X127.061 Y119.928
G1 F3000 X126.086 Y123.569 E2707.58103
G0 F9000 X126.086 Y123.35
G0 X118.779 Y120.15
G0 X118.779 Y119.928
G1 F3000 X117.803 Y123.569 E2707.7064
G0 F9000 X117.803 Y123.35
G0 X107.94 Y123.35
G0 X107.94 Y123.569
G1 F3000 X104.301 Y119.929 E2707.87759
G0 F9000 X104.301 Y120.15
G0 X106.356 Y120.15
G0 X106.356 Y119.928
G1 F3000 X105.38 Y123.569 E2708.00297
G0 F9000 X105.38 Y123.35
G0 X102.283 Y123.35
G0 X102.283 Y123.569
G1 F3000 X98.644 Y119.929 E2708.17416
G0 F9000 X98.073 Y119.928
G1 F3000 X97.098 Y123.569 E2708.29953
G0 F9000 X96.626 Y123.569
G1 F3000 X92.987 Y119.929 E2708.47072
G0 F9000 X92.058 Y119.929
G1 F3000 X78.474 Y123.569 E2708.93846
G0 F9000 X78.474 Y123.35
G0 X79.656 Y123.35
G0 X79.656 Y123.569
G1 F3000 X76.016 Y119.929 E2709.10968
G0 F9000 X76.604 Y119.929
G1 F3000 X63.018 Y123.57 E2709.5775
G0 F9000 X62.685 Y123.569
G1 F3000 X59.046 Y119.929 E2709.74869
G0 F9000 X59.046 Y120.15
G0 X60.804 Y120.15
G0 X60.804 Y119.928
G1 F3000 X59.828 Y123.569 E2709.87406
G0 F9000 X59.828 Y123.35
G0 X57.028 Y123.35
G0 X57.028 Y123.569
G1 F3000 X53.389 Y119.929 E2710.04525
G0 F9000 X52.521 Y119.928
G1 F3000 X51.546 Y123.569 E2710.17062
G1 X51.372 Y123.569
G1 X47.732 Y119.929 E2710.34184
G0 F9000 X48.38 Y119.928
G1 F3000 X47.405 Y123.569 E2710.4672
G1 X47.563 Y123.57
G1 X61.149 Y119.929 E2710.93502
G0 F9000 X61.149 Y120.15
G0 X64.703 Y120.15
G0 X64.703 Y119.929
G1 F3000 X68.342 Y123.569 E2711.10621
G0 F9000 X68.11 Y123.569
G1 F3000 X69.086 Y119.928 E2711.23159
G0 F9000 X69.086 Y120.15
G0 X70.359 Y120.15
G0 X70.359 Y119.929
G1 F3000 X73.999 Y123.569 E2711.4028
G0 F9000 X73.999 Y123.35
G0 X72.251 Y123.35
G0 X72.251 Y123.569
G1 F3000 X73.227 Y119.928 E2711.52818
G0 F9000 X73.227 Y120.15
G0 X77.368 Y120.15
G0 X77.368 Y119.928
G1 F3000 X76.392 Y123.569 E2711.65355
G0 F9000 X76.392 Y123.35
G0 X80.534 Y123.35
G0 X80.534 Y123.569
G1 F3000 X81.509 Y119.928 E2711.77892
G1 X81.673 Y119.929
G1 X85.313 Y123.569 E2711.95013
G0 F9000 X84.675 Y123.569
G1 F3000 X85.65 Y119.928 E2712.0755
G0 F9000 X85.65 Y120.15
G0 X87.33 Y120.15
G0 X87.33 Y119.929
G1 F3000 X90.969 Y123.569 E2712.24669
G0 F9000 X90.969 Y123.35
G0 X92.957 Y123.35
G0 X92.957 Y123.569
G1 F3000 X93.933 Y119.928 E2712.37207
G0 F9000 X93.933 Y120.15
G0 X93.928 Y123.35
G0 X93.928 Y123.569
G1 F3000 X107.513 Y119.929 E2712.83984
G0 F9000 X107.513 Y120.15
G0 X102.215 Y120.15
G0 X102.215 Y119.928
G1 F3000 X101.239 Y123.569 E2712.96522
G0 F9000 X101.239 Y123.35
G0 X89.791 Y120.15
G0 X89.791 Y119.928
G1 F3000 X88.816 Y123.569 E2713.09059
G0 F9000 X88.816 Y123.35
G0 X64.945 Y120.15
G0 X64.945 Y119.928
G1 F3000 X63.969 Y123.569 E2713.21596
G0 F9000 X63.969 Y123.35
G0 X56.662 Y120.15
G0 X56.662 Y119.928
G1 F3000 X55.687 Y123.569 E2713.34133
G0 F9000 X55.687 Y123.35
G0 X45.715 Y123.35
G0 X45.715 Y123.569
G1 F3000 X42.075 Y119.929 E2713.51254
G0 F9000 X42.075 Y120.15
G0 X40.098 Y120.15
G0 X40.098 Y119.928
G1 F3000 X39.122 Y123.569 E2713.63792
G0 F9000 X40.058 Y123.569
G1 F3000 X36.418 Y119.929 E2713.80913
G0 F9000 X35.957 Y119.928
G1 F3000 X35.679 Y120.964 E2713.84481
G0 F9000 X35.9 Y120.964
G0 X35.9 Y122.613
G0 X35.679 Y122.613
G1 F3000 X45.695 Y119.929 E2714.1897
G0 F9000 X45.695 Y120.15
G0 X44.239 Y120.15
G0 X44.239 Y119.928
G1 F3000 X43.264 Y123.569 E2714.31506
G0 F9000 X43.264 Y123.05
G1 F2700 E2709.31506
;MESH:NONMESH
G0 F300 X43.264 Y123.05 Z7.2
G0 F9000 X184.13 Y119.67
G0 X184.13 Y118.585
G0 X184.13 Y101.415
G0 X184.13 Y100.33
G0 X184.13 Y99.88
G0 X184.4 Y100.15
;TIME_ELAPSED:4107.331256
;LAYER:35
;TYPE:WALL-INNER
;MESH:Garmin_GFC500 BOARDS SUPPORTS.stl
G1 F2700 E2714.31506
G1 F1500 X184.4 Y96.35 E2714.44145
G1 X35.6 Y96.35 E2719.39056
G1 X35.6 Y100.15 E2719.51695
G1 X184.4 Y100.15 E2724.46606
G0 F9000 X184.8 Y100.55
;TYPE:WALL-OUTER
G1 F1500 X184.8 Y95.95 E2724.61905
G1 X35.2 Y95.95 E2729.59477
G1 X35.2 Y100.55 E2729.74777
G1 X184.8 Y100.55 E2734.72348
G0 F9000 X184.53 Y100.28
G0 X184.1 Y99.496
G0 X184.319 Y99.496
;TYPE:FILL
G1 F3000 X182.182 Y100.069 E2734.79707
G0 F9000 X181.929 Y100.069
G1 F3000 X182.904 Y96.428 E2734.92244
G1 X182.825 Y96.43
G1 X184.319 Y97.923 E2734.99269
G0 F9000 X184.1 Y97.923
G0 X180.808 Y99.85
G0 X180.808 Y100.069
G1 F3000 X177.169 Y96.43 E2735.16385
G0 F9000 X177.169 Y96.65
G0 X178.763 Y96.65
G0 X178.763 Y96.429
G1 F3000 X177.788 Y100.069 E2735.28919
G0 F9000 X177.788 Y99.85
G0 X175.151 Y99.85
G0 X175.151 Y100.069
G1 F3000 X171.512 Y96.43 E2735.46036
G0 F9000 X171.512 Y96.65
G0 X170.481 Y96.65
G0 X170.481 Y96.428
G1 F3000 X169.505 Y100.07 E2735.58576
G1 X169.494 Y100.069
G1 X165.855 Y96.43 E2735.75693
G0 F9000 X166.34 Y96.428
G1 F3000 X165.364 Y100.069 E2735.88231
G0 F9000 X165.364 Y99.85
G0 X166.727 Y99.85
G0 X166.727 Y100.069
G1 F3000 X180.312 Y96.429 E2736.35008
G0 F9000 X180.312 Y96.65
G0 X174.622 Y96.65
G0 X174.622 Y96.428
G1 F3000 X173.646 Y100.069 E2736.47546
G0 F9000 X173.646 Y99.85
G0 X164.858 Y96.65
G0 X164.858 Y96.429
G1 F3000 X151.272 Y100.069 E2736.94327
G0 F9000 X151.272 Y99.85
G0 X152.524 Y99.85
G0 X152.524 Y100.069
G1 F3000 X148.884 Y96.43 E2737.11446
G0 F9000 X149.403 Y96.429
G1 F3000 X135.817 Y100.069 E2737.58227
G0 F9000 X135.553 Y100.069
G1 F3000 X131.914 Y96.43 E2737.75344
G0 F9000 X131.914 Y96.65
G0 X133.211 Y96.65
G0 X133.211 Y96.428
G1 F3000 X132.235 Y100.069 E2737.87881
G0 F9000 X132.235 Y99.85
G0 X129.896 Y99.85
G0 X129.896 Y100.069
G1 F3000 X126.257 Y96.43 E2738.04998
G0 F9000 X126.257 Y96.65
G0 X124.929 Y96.65
G0 X124.929 Y96.428
G1 F3000 X123.953 Y100.069 E2738.17536
G0 F9000 X124.24 Y100.069
G1 F3000 X120.6 Y96.43 E2738.34655
G1 X120.788 Y96.428
G1 X119.812 Y100.069 E2738.47192
G0 F9000 X120.363 Y100.069
G1 F3000 X133.948 Y96.429 E2738.9397
G0 F9000 X133.948 Y96.65
G0 X137.352 Y96.65
G0 X137.352 Y96.429
G1 F3000 X136.376 Y100.069 E2739.06504
G0 F9000 X136.376 Y99.85
G0 X137.571 Y96.65
G0 X137.571 Y96.43
G1 F3000 X141.21 Y100.069 E2739.23621
G0 F9000 X140.518 Y100.069
G1 F3000 X141.493 Y96.428 E2739.36158
G0 F9000 X141.493 Y96.65
G0 X143.228 Y96.65
G0 X143.228 Y96.43
G1 F3000 X146.867 Y100.069 E2739.53274
G0 F9000 X146.867 Y99.85
G0 X148.8 Y99.85
G0 X148.8 Y100.07
G1 F3000 X149.775 Y96.428 E2739.65814
G0 F9000 X149.775 Y96.65
G0 X145.634 Y96.65
G0 X145.634 Y96.428
G1 F3000 X144.659 Y100.069 E2739.78351
G0 F9000 X144.659 Y99.85
G0 X152.941 Y99.85
G0 X152.941 Y100.069
G1 F3000 X153.917 Y96.428 E2739.90889
G0 F9000 X154.541 Y96.43
G1 F3000 X158.181 Y100.069 E2740.08008
G0 F9000 X158.181 Y99.85
G0 X157.082 Y99.85
G0 X157.082 Y100.069
G1 F3000 X158.057 Y96.429 E2740.20541
G0 F9000 X158.057 Y96.65
G0 X160.198 Y96.65
G0 X160.198 Y96.43
G1 F3000 X163.838 Y100.069 E2740.3766
G0 F9000 X163.838 Y99.85
G0 X161.223 Y99.85
G0 X161.223 Y100.069
G1 F3000 X162.199 Y96.428 E2740.50198
G1 F2700 E2735.50198
G0 F9000 X162.199 Y96.65
G0 X129.07 Y96.65
G0 X129.07 Y96.428
G1 F2700 E2740.50198
G1 F3000 X128.094 Y100.07 E2740.62739
G0 F9000 X128.094 Y99.85
G0 X118.583 Y99.85
G0 X118.583 Y100.069
G1 F3000 X114.943 Y96.43 E2740.79858
G0 F9000 X114.943 Y96.65
G0 X116.646 Y96.65
G0 X116.646 Y96.429
G1 F3000 X115.671 Y100.069 E2740.92391
G0 F9000 X115.671 Y99.85
G0 X112.926 Y99.85
G0 X112.926 Y100.069
G1 F3000 X109.286 Y96.429 E2741.09513
G0 F9000 X108.364 Y96.428
G1 F3000 X107.389 Y100.07 E2741.22052
G1 X107.268 Y100.069
G1 X103.629 Y96.429 E2741.39172
G0 F9000 X103.039 Y96.429
G1 F3000 X89.453 Y100.069 E2741.85953
G0 F9000 X90.298 Y100.069
G1 F3000 X86.658 Y96.429 E2742.03074
G0 F9000 X87.585 Y96.429
G1 F3000 X73.999 Y100.069 E2742.49855
G0 F9000 X74.26 Y100.069
G1 F3000 X75.235 Y96.429 E2742.62388
G1 X75.345 Y96.429
G1 X78.984 Y100.069 E2742.79507
G0 F9000 X78.401 Y100.069
G1 F3000 X79.377 Y96.429 E2742.92042
G0 F9000 X79.377 Y96.65
G0 X81.001 Y96.65
G0 X81.001 Y96.429
G1 F3000 X84.641 Y100.069 E2743.09163
G0 F9000 X84.641 Y99.85
G0 X86.683 Y99.85
G0 X86.683 Y100.07
G1 F3000 X87.659 Y96.428 E2743.21704
G0 F9000 X87.659 Y96.65
G0 X91.8 Y96.65
G0 X91.8 Y96.428
G1 F3000 X90.824 Y100.069 E2743.34242
G0 F9000 X90.824 Y99.85
G0 X92.315 Y96.65
G0 X92.315 Y96.429
G1 F3000 X95.955 Y100.069 E2743.51363
G0 F9000 X94.965 Y100.069
G1 F3000 X95.941 Y96.429 E2743.63897
G0 F9000 X95.941 Y96.65
G0 X97.972 Y96.65
G0 X97.972 Y96.429
G1 F3000 X101.611 Y100.069 E2743.81016
G0 F9000 X101.611 Y99.85
G0 X103.248 Y99.85
G0 X103.248 Y100.069
G1 F3000 X104.223 Y96.428 E2743.93553
G0 F9000 X104.223 Y96.65
G0 X104.908 Y99.85
G0 X104.908 Y100.069
G1 F3000 X118.494 Y96.429 E2744.40334
G0 F9000 X118.494 Y96.65
G0 X112.506 Y96.65
G0 X112.506 Y96.428
G1 F3000 X111.53 Y100.069 E2744.52872
G0 F9000 X111.53 Y99.85
G0 X100.082 Y96.65
G0 X100.082 Y96.429
G1 F3000 X99.107 Y100.069 E2744.65405
G0 F9000 X99.107 Y99.85
G0 X83.518 Y96.65
G0 X83.518 Y96.428
G1 F3000 X82.542 Y100.069 E2744.77943
G0 F9000 X82.542 Y99.85
G0 X73.327 Y99.85
G0 X73.327 Y100.069
G1 F3000 X69.688 Y96.429 E2744.95062
G0 F9000 X69.688 Y96.65
G0 X71.094 Y96.65
G0 X71.094 Y96.428
G1 F3000 X70.119 Y100.069 E2745.07598
G0 F9000 X70.119 Y99.85
G0 X67.67 Y99.85
G0 X67.67 Y100.069
G1 F3000 X64.031 Y96.429 E2745.24718
G0 F9000 X64.031 Y96.65
G0 X62.812 Y96.65
G0 X62.812 Y96.428
G1 F3000 X61.837 Y100.069 E2745.37254
G1 X62.013 Y100.069
G1 X58.374 Y96.429 E2745.54373
G0 F9000 X58.671 Y96.429
G1 F3000 X57.696 Y100.069 E2745.66907
G0 F9000 X58.544 Y100.069
G1 F3000 X72.129 Y96.429 E2746.13685
G0 F9000 X72.129 Y96.65
G0 X66.953 Y96.65
G0 X66.953 Y96.428
G1 F3000 X65.978 Y100.07 E2746.26224
G0 F9000 X65.978 Y99.85
G0 X56.357 Y99.85
G0 X56.357 Y100.069
G1 F3000 X52.717 Y96.429 E2746.43346
G0 F9000 X52.717 Y96.65
G0 X54.53 Y96.65
G0 X54.53 Y96.429
G1 F3000 X53.554 Y100.069 E2746.5588
G0 F9000 X53.554 Y99.85
G0 X50.7 Y99.85
G0 X50.7 Y100.069
G1 F3000 X47.06 Y96.429 E2746.73002
G0 F9000 X46.248 Y96.428
G1 F3000 X45.272 Y100.07 E2746.85542
G0 F9000 X45.043 Y100.069
G1 F3000 X41.403 Y96.429 E2747.02664
G1 X41.22 Y96.429
G1 X35.679 Y97.913 E2747.21743
G0 F9000 X35.9 Y97.913
G0 X35.87 Y96.62
G0 X35.747 Y96.429
G1 F3000 X39.386 Y100.069 E2747.38862
G0 F9000 X39.386 Y99.85
G0 X41.131 Y99.85
G0 X41.131 Y100.069
G1 F3000 X42.107 Y96.428 E2747.51399
G0 F9000 X42.107 Y96.65
G0 X43.09 Y99.85
G0 X43.09 Y100.069
G1 F3000 X56.674 Y96.429 E2747.98174
G0 F9000 X56.674 Y96.65
G0 X50.389 Y96.65
G0 X50.389 Y96.428
G1 F3000 X49.413 Y100.07 E2748.10715
G0 F9000 X49.413 Y99.85
G0 X37.965 Y96.65
G0 X37.965 Y96.429
G1 F3000 X36.99 Y100.069 E2748.23248
G0 F9000 X36.99 Y99.55
G1 F2700 E2743.23248
G0 F9000 X184.13 Y100.33
G0 X184.13 Y101.415
G0 X184.13 Y118.585
G0 X184.13 Y119.67
G0 X184.13 Y123.38
G0 X184.4 Y123.65
;TYPE:WALL-INNER
G1 F2700 E2748.23248
G1 F1500 X184.4 Y119.85 E2748.35887
G1 X35.6 Y119.85 E2753.30798
G1 X35.6 Y123.65 E2753.43437
G1 X184.4 Y123.65 E2758.38348
G0 F9000 X184.8 Y124.05
;TYPE:WALL-OUTER
G1 F1500 X184.8 Y119.45 E2758.53647
G1 X35.2 Y119.45 E2763.51219
G1 X35.2 Y124.05 E2763.66519
G1 X184.8 Y124.05 E2768.6409
G0 F9000 X184.53 Y123.78
G0 X183.914 Y123.35
G0 X183.914 Y123.569
;TYPE:FILL
G1 F3000 X184.319 Y122.058 E2768.69293
G0 F9000 X184.1 Y122.058
G0 X184.1 Y120.551
G0 X184.319 Y120.551
G1 F3000 X183.698 Y119.93 E2768.72214
G0 F9000 X184.319 Y120.202
G1 F3000 X171.754 Y123.569 E2769.1548
G0 F9000 X171.491 Y123.569
G1 F3000 X172.466 Y119.928 E2769.28017
G1 X172.384 Y119.93
G1 X176.024 Y123.569 E2769.45136
G0 F9000 X175.632 Y123.569
G1 F3000 X176.608 Y119.927 E2769.57676
G0 F9000 X176.608 Y120.15
G0 X178.041 Y120.15
G0 X178.041 Y119.93
G1 F3000 X181.681 Y123.569 E2769.74796
G0 F9000 X181.681 Y123.35
G0 X179.773 Y123.35
G0 X179.773 Y123.569
G1 F3000 X180.749 Y119.928 E2769.87333
G0 F9000 X180.749 Y120.15
G0 X169.881 Y120.15
G0 X169.881 Y119.929
G1 F3000 X156.298 Y123.569 E2770.34104
G0 F9000 X156.298 Y123.35
G0 X154.926 Y123.35
G0 X154.926 Y123.569
G1 F3000 X155.902 Y119.928 E2770.46642
G0 F9000 X155.414 Y119.93
G1 F3000 X159.053 Y123.569 E2770.63759
G1 X159.068 Y123.569
G1 X160.043 Y119.928 E2770.76295
G0 F9000 X160.043 Y120.15
G0 X161.071 Y120.15
G0 X161.071 Y119.93
G1 F3000 X164.71 Y123.569 E2770.93412
G0 F9000 X164.71 Y123.35
G0 X163.209 Y123.35
G0 X163.209 Y123.569
G1 F3000 X164.184 Y119.928 E2771.05949
G0 F9000 X164.184 Y120.15
G0 X166.728 Y120.15
G0 X166.728 Y119.93
G1 F3000 X170.367 Y123.569 E2771.23066
G0 F9000 X170.367 Y123.35
G0 X167.35 Y123.35
G0 X167.35 Y123.568
G1 F3000 X168.325 Y119.928 E2771.35599
G0 F9000 X168.325 Y120.15
G0 X154.427 Y120.15
G0 X154.427 Y119.929
G1 F3000 X140.843 Y123.569 E2771.82374
G0 F9000 X140.843 Y123.35
G0 X142.083 Y123.35
G0 X142.083 Y123.569
G1 F3000 X138.443 Y119.93 E2771.99493
G0 F9000 X138.972 Y119.929
G1 F3000 X125.388 Y123.569 E2772.46267
G0 F9000 X125.112 Y123.569
G1 F3000 X121.473 Y119.93 E2772.63384
G0 F9000 X121.473 Y120.15
G0 X122.773 Y120.15
G0 X122.773 Y119.928
G1 F3000 X121.798 Y123.569 E2772.75921
G0 F9000 X121.798 Y123.35
G0 X119.455 Y123.35
G0 X119.455 Y123.569
G1 F3000 X115.816 Y119.93 E2772.93037
G0 F9000 X115.816 Y120.15
G0 X114.491 Y120.15
G0 X114.491 Y119.928
G1 F3000 X113.515 Y123.569 E2773.05575
G0 F9000 X113.798 Y123.569
G1 F3000 X110.159 Y119.93 E2773.22692
G1 X110.35 Y119.928
G1 X109.374 Y123.569 E2773.35229
G0 F9000 X109.933 Y123.569
G1 F3000 X123.517 Y119.929 E2773.82004
G0 F9000 X123.517 Y120.15
G0 X126.914 Y120.15
G0 X126.914 Y119.928
G1 F3000 X125.939 Y123.568 E2773.94537
G0 F9000 X125.939 Y123.35
G0 X127.13 Y120.15
G0 X127.13 Y119.93
G1 F3000 X130.769 Y123.569 E2774.11654
G0 F9000 X130.08 Y123.569
G1 F3000 X131.055 Y119.928 E2774.24191
G0 F9000 X131.055 Y120.15
G0 X132.786 Y120.15
G0 X132.786 Y119.93
G1 F3000 X136.426 Y123.569 E2774.4131
G0 F9000 X136.426 Y123.35
G0 X138.362 Y123.35
G0 X138.362 Y123.569
G1 F3000 X139.337 Y119.928 E2774.53846
G0 F9000 X139.337 Y120.15
G0 X135.197 Y120.15
G0 X135.197 Y119.928
G1 F3000 X134.221 Y123.569 E2774.66384
G0 F9000 X134.221 Y123.35
G0 X142.503 Y123.35
G0 X142.503 Y123.569
G1 F3000 X143.479 Y119.928 E2774.78922
G0 F9000 X144.1 Y119.93
G1 F3000 X147.74 Y123.569 E2774.96041
G0 F9000 X147.74 Y123.35
G0 X146.644 Y123.35
G0 X146.644 Y123.568
G1 F3000 X147.62 Y119.928 E2775.08575
G0 F9000 X147.62 Y120.15
G0 X149.757 Y120.15
G0 X149.757 Y119.93
G1 F3000 X153.396 Y123.569 E2775.25692
G0 F9000 X153.396 Y123.35
G0 X150.785 Y123.35
G0 X150.785 Y123.569
G1 F3000 X151.761 Y119.928 E2775.38229
G1 F2700 E2770.38229
G0 F9000 X151.761 Y120.15
G0 X118.632 Y120.15
G0 X118.632 Y119.928
G1 F2700 E2775.38229
G1 F3000 X117.656 Y123.569 E2775.50767
G0 F9000 X117.656 Y123.35
G0 X108.141 Y123.35
G0 X108.141 Y123.569
G1 F3000 X104.501 Y119.929 E2775.67888
G0 F9000 X104.501 Y120.15
G0 X106.209 Y120.15
G0 X106.209 Y119.928
G1 F3000 X105.233 Y123.569 E2775.80426
G0 F9000 X105.233 Y123.35
G0 X102.484 Y123.35
G0 X102.484 Y123.569
G1 F3000 X98.845 Y119.929 E2775.97545
G0 F9000 X97.926 Y119.928
G1 F3000 X96.951 Y123.569 E2776.10082
G1 X96.827 Y123.569
G1 X93.188 Y119.929 E2776.27201
G0 F9000 X92.607 Y119.929
G1 F3000 X79.022 Y123.569 E2776.73978
G0 F9000 X79.857 Y123.569
G1 F3000 X76.217 Y119.929 E2776.911
G0 F9000 X77.153 Y119.929
G1 F3000 X63.567 Y123.57 E2777.37882
G0 F9000 X63.822 Y123.57
G1 F3000 X64.798 Y119.928 E2777.50422
G1 X64.903 Y119.929
G1 X68.543 Y123.569 E2777.67544
G0 F9000 X67.963 Y123.569
G1 F3000 X68.939 Y119.928 E2777.80081
G0 F9000 X68.939 Y120.15
G0 X70.56 Y120.15
G0 X70.56 Y119.929
G1 F3000 X74.2 Y123.569 E2777.97203
G0 F9000 X74.2 Y123.35
G0 X76.245 Y123.35
G0 X76.245 Y123.569
G1 F3000 X77.221 Y119.928 E2778.0974
G0 F9000 X77.221 Y120.15
G0 X81.362 Y120.15
G0 X81.362 Y119.928
G1 F3000 X80.387 Y123.569 E2778.22277
G0 F9000 X80.387 Y123.35
G0 X81.874 Y120.15
G0 X81.874 Y119.929
G1 F3000 X85.513 Y123.569 E2778.39396
G0 F9000 X84.527 Y123.569
G1 F3000 X85.503 Y119.928 E2778.51934
G0 F9000 X85.503 Y120.15
G0 X87.531 Y120.15
G0 X87.531 Y119.929
G1 F3000 X91.17 Y123.569 E2778.69053
G0 F9000 X91.17 Y123.35
G0 X92.81 Y123.35
G0 X92.81 Y123.569
G1 F3000 X93.785 Y119.929 E2778.81586
G0 F9000 X93.785 Y120.15
G0 X94.477 Y123.35
G0 X94.477 Y123.569
G1 F3000 X108.062 Y119.929 E2779.28364
G0 F9000 X108.062 Y120.15
G0 X102.068 Y120.15
G0 X102.068 Y119.928
G1 F3000 X101.092 Y123.569 E2779.40902
G0 F9000 X101.092 Y123.35
G0 X89.644 Y120.15
G0 X89.644 Y119.928
G1 F3000 X88.669 Y123.569 E2779.53438
G0 F9000 X88.669 Y123.35
G0 X73.08 Y120.15
G0 X73.08 Y119.929
G1 F3000 X72.104 Y123.569 E2779.65973
G0 F9000 X72.104 Y123.35
G0 X62.886 Y123.35
G0 X62.886 Y123.569
G1 F3000 X59.247 Y119.929 E2779.83092
G0 F9000 X59.247 Y120.15
G0 X60.657 Y120.15
G0 X60.657 Y119.928
G1 F3000 X59.681 Y123.569 E2779.95629
G0 F9000 X59.681 Y123.35
G0 X57.229 Y123.35
G0 X57.229 Y123.569
G1 F3000 X53.59 Y119.929 E2780.12748
G0 F9000 X53.59 Y120.15
G0 X52.374 Y120.15
G0 X52.374 Y119.929
G1 F3000 X51.399 Y123.569 E2780.25282
G1 X51.572 Y123.569
G1 X47.933 Y119.929 E2780.42401
G0 F9000 X48.233 Y119.928
G1 F3000 X47.258 Y123.569 E2780.54938
G0 F9000 X48.112 Y123.57
G1 F3000 X61.698 Y119.929 E2781.01719
G0 F9000 X61.698 Y120.15
G0 X56.515 Y120.15
G0 X56.515 Y119.928
G1 F3000 X55.54 Y123.569 E2781.14256
G0 F9000 X55.54 Y123.35
G0 X45.915 Y123.35
G0 X45.915 Y123.569
G1 F3000 X42.276 Y119.929 E2781.31375
G0 F9000 X42.276 Y120.15
G0 X44.092 Y120.15
G0 X44.092 Y119.928
G1 F3000 X43.116 Y123.57 E2781.43916
G0 F9000 X43.116 Y123.35
G0 X40.259 Y123.35
G0 X40.259 Y123.569
G1 F3000 X36.619 Y119.929 E2781.61037
G0 F9000 X35.81 Y119.928
G1 F3000 X35.679 Y120.415 E2781.62715
G0 F9000 X35.9 Y120.415
G0 X35.9 Y122.76
G0 X35.679 Y122.76
G1 F3000 X46.243 Y119.929 E2781.99091
G0 F9000 X46.243 Y120.15
G0 X39.951 Y120.15
G0 X39.951 Y119.928
G1 F3000 X38.975 Y123.569 E2782.11628
G0 F9000 X38.975 Y123.05
G1 F2700 E2777.11628
;MESH:NONMESH
G0 F300 X38.975 Y123.05 Z7.4
G0 F9000 X184.13 Y119.67
G0 X184.13 Y118.585
G0 X184.13 Y101.415
G0 X184.13 Y100.33
G0 X184.13 Y99.88
G0 X184.4 Y100.15
;TIME_ELAPSED:4209.882996
;LAYER:36
;TYPE:WALL-INNER
;MESH:Garmin_GFC500 BOARDS SUPPORTS.stl
G1 F2700 E2782.11628
G1 F1500 X184.4 Y96.35 E2782.24267
G1 X35.6 Y96.35 E2787.19178
G1 X35.6 Y100.15 E2787.31817
G1 X184.4 Y100.15 E2792.26727
G0 F9000 X184.8 Y100.55
;TYPE:WALL-OUTER
G1 F1500 X184.8 Y95.95 E2792.42027
G1 X35.2 Y95.95 E2797.39599
G1 X35.2 Y100.55 E2797.54898
G1 X184.8 Y100.55 E2802.5247
G0 F9000 X184.53 Y100.28
G0 X184.1 Y99.642
G0 X184.319 Y99.642
;TYPE:FILL
G1 F3000 X182.727 Y100.069 E2802.57952
G0 F9000 X181.783 Y100.069
G1 F3000 X182.758 Y96.429 E2802.70486
G0 F9000 X183.025 Y96.43
G1 F3000 X184.319 Y97.724 E2802.76572
G0 F9000 X184.1 Y97.724
G0 X180.858 Y96.65
G0 X180.858 Y96.429
G1 F3000 X167.272 Y100.069 E2803.23353
G0 F9000 X167.272 Y99.85
G0 X165.218 Y99.85
G0 X165.218 Y100.069
G1 F3000 X166.194 Y96.428 E2803.35891
G1 X166.054 Y96.43
G1 X169.694 Y100.069 E2803.5301
G0 F9000 X169.359 Y100.069
G1 F3000 X170.335 Y96.428 E2803.65547
G0 F9000 X170.335 Y96.65
G0 X171.711 Y96.65
G0 X171.711 Y96.43
G1 F3000 X175.351 Y100.069 E2803.82666
G0 F9000 X175.351 Y99.85
G0 X173.5 Y99.85
G0 X173.5 Y100.07
G1 F3000 X174.476 Y96.428 E2803.95207
G0 F9000 X174.476 Y96.65
G0 X177.368 Y96.65
G0 X177.368 Y96.43
G1 F3000 X181.008 Y100.069 E2804.12326
G0 F9000 X181.008 Y99.85
G0 X177.641 Y99.85
G0 X177.641 Y100.069
G1 F3000 X178.617 Y96.428 E2804.24864
G0 F9000 X178.617 Y96.65
G0 X165.402 Y96.65
G0 X165.402 Y96.429
G1 F3000 X151.817 Y100.069 E2804.71642
G0 F9000 X152.723 Y100.069
G1 F3000 X149.084 Y96.43 E2804.88758
G0 F9000 X149.629 Y96.428
G1 F3000 X148.654 Y100.069 E2805.01295
G0 F9000 X148.654 Y99.85
G0 X147.066 Y99.85
G0 X147.066 Y100.069
G1 F3000 X143.427 Y96.43 E2805.18412
G0 F9000 X143.427 Y96.65
G0 X145.488 Y96.65
G0 X145.488 Y96.428
G1 F3000 X144.513 Y100.069 E2805.30948
G0 F9000 X144.513 Y99.85
G0 X141.41 Y99.85
G0 X141.41 Y100.069
G1 F3000 X137.77 Y96.43 E2805.48068
G0 F9000 X137.206 Y96.428
G1 F3000 X136.23 Y100.069 E2805.60605
G1 X136.363 Y100.069
G1 X149.948 Y96.429 E2806.07383
G0 F9000 X149.948 Y96.65
G0 X153.771 Y96.65
G0 X153.771 Y96.428
G1 F3000 X152.795 Y100.07 E2806.19924
G0 F9000 X152.795 Y99.85
G0 X154.741 Y96.65
G0 X154.741 Y96.43
G1 F3000 X158.38 Y100.069 E2806.3704
G0 F9000 X158.38 Y99.85
G0 X156.936 Y99.85
G0 X156.936 Y100.069
G1 F3000 X157.912 Y96.428 E2806.49578
G0 F9000 X157.912 Y96.65
G0 X160.397 Y96.65
G0 X160.397 Y96.43
G1 F3000 X164.037 Y100.069 E2806.66697
G0 F9000 X164.037 Y99.85
G0 X161.077 Y99.85
G0 X161.077 Y100.069
G1 F3000 X162.053 Y96.429 E2806.79231
G0 F9000 X162.053 Y96.65
G0 X141.347 Y96.65
G0 X141.347 Y96.429
G1 F3000 X140.372 Y100.069 E2806.91765
G0 F9000 X140.372 Y99.85
G0 X135.753 Y99.85
G0 X135.753 Y100.069
G1 F3000 X132.113 Y96.43 E2807.08884
G0 F9000 X133.065 Y96.428
G1 F3000 X132.089 Y100.07 E2807.21425
G0 F9000 X132.089 Y99.85
G0 X130.096 Y99.85
G0 X130.096 Y100.069
G1 F3000 X126.456 Y96.43 E2807.38544
G0 F9000 X126.456 Y96.65
G0 X124.783 Y96.65
G0 X124.783 Y96.429
G1 F3000 X123.807 Y100.069 E2807.51078
G0 F9000 X124.439 Y100.069
G1 F3000 X120.8 Y96.43 E2807.68195
G1 X120.642 Y96.429
G1 X119.666 Y100.069 E2807.80729
G0 F9000 X118.782 Y100.069
G1 F3000 X115.143 Y96.43 E2807.97846
G0 F9000 X115.143 Y96.65
G0 X116.501 Y96.65
G0 X116.501 Y96.428
G1 F3000 X115.525 Y100.069 E2808.10383
G0 F9000 X115.525 Y99.85
G0 X113.125 Y99.85
G0 X113.125 Y100.069
G1 F3000 X109.485 Y96.429 E2808.27505
G0 F9000 X109.485 Y96.65
G0 X108.218 Y96.65
G0 X108.218 Y96.428
G1 F3000 X107.243 Y100.069 E2808.40042
G0 F9000 X107.468 Y100.069
G1 F3000 X103.828 Y96.429 E2808.57163
G0 F9000 X103.584 Y96.429
G1 F3000 X89.998 Y100.069 E2809.03944
G0 F9000 X90.497 Y100.069
G1 F3000 X86.858 Y96.429 E2809.21063
G0 F9000 X87.513 Y96.428
G1 F3000 X86.537 Y100.069 E2809.33601
G0 F9000 X86.537 Y99.85
G0 X84.84 Y99.85
G0 X84.84 Y100.069
G1 F3000 X81.201 Y96.429 E2809.5072
G0 F9000 X81.201 Y96.65
G0 X79.231 Y96.65
G0 X79.231 Y96.429
G1 F3000 X78.255 Y100.069 E2809.63254
G0 F9000 X79.183 Y100.069
G1 F3000 X75.544 Y96.429 E2809.80373
G0 F9000 X75.09 Y96.428
G1 F3000 X74.114 Y100.07 E2809.92914
G0 F9000 X74.543 Y100.069
G1 F3000 X88.129 Y96.429 E2810.39695
G0 F9000 X88.129 Y96.65
G0 X91.654 Y96.65
G0 X91.654 Y96.428
G1 F3000 X90.678 Y100.07 E2810.52236
G0 F9000 X90.678 Y99.85
G0 X92.515 Y96.65
G0 X92.515 Y96.429
G1 F3000 X96.154 Y100.069 E2810.69355
G0 F9000 X96.154 Y99.85
G0 X94.819 Y99.85
G0 X94.819 Y100.069
G1 F3000 X95.795 Y96.428 E2810.81892
G0 F9000 X95.795 Y96.65
G0 X98.171 Y96.65
G0 X98.171 Y96.429
G1 F3000 X101.811 Y100.069 E2810.99014
G0 F9000 X101.811 Y99.85
G0 X103.102 Y99.85
G0 X103.102 Y100.069
G1 F3000 X104.077 Y96.429 E2811.11547
G0 F9000 X104.077 Y96.65
G0 X105.453 Y99.85
G0 X105.453 Y100.069
G1 F3000 X119.038 Y96.429 E2811.58325
G0 F9000 X119.038 Y96.65
G0 X120.907 Y99.85
G0 X120.907 Y100.069
G1 F3000 X134.493 Y96.429 E2812.05106
G0 F9000 X134.493 Y96.65
G0 X128.924 Y96.65
G0 X128.924 Y96.428
G1 F3000 X127.948 Y100.069 E2812.17643
G0 F9000 X127.948 Y99.85
G0 X112.36 Y96.65
G0 X112.36 Y96.428
G1 F3000 X111.384 Y100.07 E2812.30184
G0 F9000 X111.384 Y99.85
G0 X99.936 Y96.65
G0 X99.936 Y96.429
G1 F3000 X98.961 Y100.069 E2812.42718
G0 F9000 X98.961 Y99.85
G0 X83.372 Y96.65
G0 X83.372 Y96.429
G1 F3000 X82.396 Y100.069 E2812.55252
G0 F9000 X82.396 Y99.85
G0 X73.527 Y99.85
G0 X73.527 Y100.069
G1 F3000 X69.887 Y96.429 E2812.72373
G0 F9000 X69.887 Y96.65
G0 X70.948 Y96.65
G0 X70.948 Y96.428
G1 F3000 X69.973 Y100.07 E2812.84913
G0 F9000 X69.973 Y99.85
G0 X67.87 Y99.85
G0 X67.87 Y100.069
G1 F3000 X64.23 Y96.429 E2813.02035
G0 F9000 X64.23 Y96.65
G0 X62.666 Y96.65
G0 X62.666 Y96.429
G1 F3000 X61.691 Y100.069 E2813.14568
G0 F9000 X62.213 Y100.069
G1 F3000 X58.573 Y96.429 E2813.3169
G1 X58.525 Y96.429
G1 X57.549 Y100.069 E2813.44224
G0 F9000 X56.556 Y100.069
G1 F3000 X52.917 Y96.429 E2813.61343
G0 F9000 X52.917 Y96.65
G0 X54.384 Y96.65
G0 X54.384 Y96.428
G1 F3000 X53.408 Y100.07 E2813.73884
G0 F9000 X53.408 Y99.85
G0 X50.899 Y99.85
G0 X50.899 Y100.069
G1 F3000 X47.26 Y96.429 E2813.91003
G0 F9000 X47.26 Y96.65
G0 X46.102 Y96.65
G0 X46.102 Y96.428
G1 F3000 X45.126 Y100.069 E2814.03541
G1 X45.242 Y100.069
G1 X41.603 Y96.429 E2814.2066
G1 X41.764 Y96.429
G1 X35.68 Y98.059 E2814.41609
G0 F9000 X35.9 Y98.059
G0 X35.946 Y96.65
G0 X35.946 Y96.429
G1 F3000 X39.585 Y100.069 E2814.58728
G0 F9000 X39.585 Y99.85
G0 X40.985 Y99.85
G0 X40.985 Y100.069
G1 F3000 X41.961 Y96.429 E2814.71262
G0 F9000 X41.961 Y96.65
G0 X43.634 Y99.85
G0 X43.634 Y100.069
G1 F3000 X57.22 Y96.429 E2815.18043
G0 F9000 X57.22 Y96.65
G0 X59.089 Y99.85
G0 X59.089 Y100.069
G1 F3000 X72.675 Y96.429 E2815.64824
G0 F9000 X72.675 Y96.65
G0 X66.807 Y96.65
G0 X66.807 Y96.428
G1 F3000 X65.832 Y100.069 E2815.77361
G0 F9000 X65.832 Y99.85
G0 X50.243 Y96.65
G0 X50.243 Y96.428
G1 F3000 X49.267 Y100.07 E2815.89902
G0 F9000 X49.267 Y99.85
G0 X37.819 Y96.65
G0 X37.819 Y96.429
G1 F3000 X36.844 Y100.069 E2816.02435
G0 F9000 X36.844 Y99.55
G1 F2700 E2811.02435
G0 F9000 X184.13 Y100.33
G0 X184.13 Y101.415
G0 X184.13 Y118.585
G0 X184.13 Y119.67
G0 X184.13 Y123.38
G0 X184.4 Y123.65
;TYPE:WALL-INNER
G1 F2700 E2816.02435
G1 F1500 X184.4 Y119.85 E2816.15074
G1 X35.6 Y119.85 E2821.09985
G1 X35.6 Y123.65 E2821.22624
G1 X184.4 Y123.65 E2826.17534
G0 F9000 X184.8 Y124.05
;TYPE:WALL-OUTER
G1 F1500 X184.8 Y119.45 E2826.32834
G1 X35.2 Y119.45 E2831.30406
G1 X35.2 Y124.05 E2831.45705
G1 X184.8 Y124.05 E2836.43277
G0 F9000 X184.53 Y123.78
G0 X183.768 Y123.35
G0 X183.768 Y123.569
;TYPE:FILL
G1 F3000 X184.319 Y121.513 E2836.50357
G0 F9000 X184.1 Y121.513
G0 X184.1 Y120.351
G0 X184.319 Y120.351
G1 F3000 X183.897 Y119.93 E2836.52339
G0 F9000 X184.319 Y120.348
G1 F3000 X172.299 Y123.569 E2836.93728
G0 F9000 X171.345 Y123.568
G1 F3000 X172.32 Y119.928 E2837.06262
G0 F9000 X172.584 Y119.93
G1 F3000 X176.223 Y123.569 E2837.23379
G0 F9000 X175.486 Y123.569
G1 F3000 X176.462 Y119.928 E2837.35916
G0 F9000 X176.462 Y120.15
G0 X178.241 Y120.15
G0 X178.241 Y119.93
G1 F3000 X181.88 Y123.569 E2837.53033
G0 F9000 X181.88 Y123.35
G0 X179.627 Y123.35
G0 X179.627 Y123.569
G1 F3000 X180.603 Y119.928 E2837.6557
G0 F9000 X180.603 Y120.15
G0 X170.426 Y120.15
G0 X170.426 Y119.929
G1 F3000 X156.843 Y123.569 E2838.12342
G0 F9000 X156.843 Y123.35
G0 X154.78 Y123.35
G0 X154.78 Y123.569
G1 F3000 X155.756 Y119.928 E2838.24879
G1 X155.613 Y119.93
G1 X159.253 Y123.569 E2838.41998
G0 F9000 X158.921 Y123.569
G1 F3000 X159.897 Y119.928 E2838.54536
G0 F9000 X159.897 Y120.15
G0 X161.27 Y120.15
G0 X161.27 Y119.93
G1 F3000 X164.91 Y123.569 E2838.71655
G0 F9000 X164.91 Y123.35
G0 X163.063 Y123.35
G0 X163.063 Y123.569
G1 F3000 X164.038 Y119.928 E2838.84192
G0 F9000 X164.038 Y120.15
G0 X166.927 Y120.15
G0 X166.927 Y119.93
G1 F3000 X170.566 Y123.569 E2839.01308
G0 F9000 X170.566 Y123.35
G0 X167.204 Y123.35
G0 X167.204 Y123.569
G1 F3000 X168.179 Y119.928 E2839.13845
G0 F9000 X168.179 Y120.15
G0 X154.971 Y120.15
G0 X154.971 Y119.929
G1 F3000 X141.388 Y123.569 E2839.60616
G0 F9000 X142.282 Y123.569
G1 F3000 X138.643 Y119.93 E2839.77733
G0 F9000 X139.192 Y119.928
G1 F3000 X138.216 Y123.569 E2839.90271
G0 F9000 X138.216 Y123.35
G0 X136.625 Y123.35
G0 X136.625 Y123.569
G1 F3000 X132.986 Y119.93 E2840.07387
G0 F9000 X132.986 Y120.15
G0 X135.051 Y120.15
G0 X135.051 Y119.928
G1 F3000 X134.075 Y123.569 E2840.19925
G0 F9000 X134.075 Y123.35
G0 X130.968 Y123.35
G0 X130.968 Y123.569
G1 F3000 X127.329 Y119.93 E2840.37042
G0 F9000 X126.768 Y119.928
G1 F3000 X125.793 Y123.569 E2840.49578
G1 X125.933 Y123.569
G1 X139.517 Y119.929 E2840.96353
G0 F9000 X139.517 Y120.15
G0 X143.333 Y120.15
G0 X143.333 Y119.928
G1 F3000 X142.357 Y123.569 E2841.0889
G0 F9000 X142.357 Y123.35
G0 X144.299 Y120.15
G0 X144.299 Y119.93
G1 F3000 X147.939 Y123.569 E2841.2601
G0 F9000 X147.939 Y123.35
G0 X146.498 Y123.35
G0 X146.498 Y123.569
G1 F3000 X147.474 Y119.928 E2841.38547
G0 F9000 X147.474 Y120.15
G0 X149.956 Y120.15
G0 X149.956 Y119.93
G1 F3000 X153.596 Y123.569 E2841.55666
G0 F9000 X153.596 Y123.35
G0 X150.639 Y123.35
G0 X150.639 Y123.568
G1 F3000 X151.615 Y119.928 E2841.68201
G0 F9000 X151.615 Y120.15
G0 X130.909 Y120.15
G0 X130.909 Y119.928
G1 F3000 X129.934 Y123.569 E2841.80737
G0 F9000 X129.934 Y123.35
G0 X125.312 Y123.35
G0 X125.312 Y123.569
G1 F3000 X121.672 Y119.93 E2841.97856
G0 F9000 X122.627 Y119.928
G1 F3000 X121.652 Y123.569 E2842.10393
G0 F9000 X121.652 Y123.35
G0 X119.655 Y123.35
G0 X119.655 Y123.569
G1 F3000 X116.015 Y119.93 E2842.27512
G0 F9000 X116.015 Y120.15
G0 X114.345 Y120.15
G0 X114.345 Y119.928
G1 F3000 X113.369 Y123.569 E2842.4005
G0 F9000 X113.998 Y123.569
G1 F3000 X110.358 Y119.93 E2842.57169
G1 X110.204 Y119.928
G1 X109.228 Y123.569 E2842.69706
G0 F9000 X108.34 Y123.569
G1 F3000 X104.701 Y119.929 E2842.86825
G0 F9000 X104.701 Y120.15
G0 X106.063 Y120.15
G0 X106.063 Y119.928
G1 F3000 X105.087 Y123.569 E2842.99363
G0 F9000 X105.087 Y123.35
G0 X102.683 Y123.35
G0 X102.683 Y123.569
G1 F3000 X99.044 Y119.929 E2843.16482
G0 F9000 X99.044 Y120.15
G0 X97.781 Y120.15
G0 X97.781 Y119.928
G1 F3000 X96.805 Y123.569 E2843.2902
G0 F9000 X97.027 Y123.569
G1 F3000 X93.387 Y119.929 E2843.46141
G0 F9000 X93.152 Y119.929
G1 F3000 X79.567 Y123.569 E2843.92919
G0 F9000 X80.056 Y123.569
G1 F3000 X76.417 Y119.929 E2844.10038
G0 F9000 X77.075 Y119.928
G1 F3000 X76.099 Y123.569 E2844.22575
G0 F9000 X76.099 Y123.35
G0 X74.399 Y123.35
G0 X74.399 Y123.569
G1 F3000 X70.76 Y119.929 E2844.39695
G0 F9000 X70.76 Y120.15
G0 X68.793 Y120.15
G0 X68.793 Y119.928
G1 F3000 X67.817 Y123.57 E2844.52235
G0 F9000 X68.742 Y123.569
G1 F3000 X65.103 Y119.929 E2844.69354
G0 F9000 X64.652 Y119.928
G1 F3000 X63.676 Y123.569 E2844.81892
G0 F9000 X64.111 Y123.57
G1 F3000 X77.697 Y119.929 E2845.28674
G0 F9000 X77.697 Y120.15
G0 X81.216 Y120.15
G0 X81.216 Y119.928
G1 F3000 X80.241 Y123.569 E2845.4121
G0 F9000 X80.241 Y123.35
G0 X82.073 Y120.15
G0 X82.073 Y119.929
G1 F3000 X85.713 Y123.569 E2845.58332
G0 F9000 X85.713 Y123.35
G0 X84.382 Y123.35
G0 X84.382 Y123.569
G1 F3000 X85.357 Y119.928 E2845.70869
G0 F9000 X85.357 Y120.15
G0 X87.73 Y120.15
G0 X87.73 Y119.929
G1 F3000 X91.37 Y123.569 E2845.8799
G0 F9000 X91.37 Y123.35
G0 X92.664 Y123.35
G0 X92.664 Y123.569
G1 F3000 X93.639 Y119.928 E2846.00527
G0 F9000 X93.639 Y120.15
G0 X95.023 Y123.35
G0 X95.023 Y123.569
G1 F3000 X108.607 Y119.929 E2846.47301
G0 F9000 X108.607 Y120.15
G0 X110.477 Y123.35
G0 X110.477 Y123.569
G1 F3000 X124.062 Y119.929 E2846.94079
G0 F9000 X124.062 Y120.15
G0 X118.486 Y120.15
G0 X118.486 Y119.928
G1 F3000 X117.51 Y123.569 E2847.06616
G0 F9000 X117.51 Y123.35
G0 X101.922 Y120.15
G0 X101.922 Y119.928
G1 F3000 X100.946 Y123.569 E2847.19154
G0 F9000 X100.946 Y123.35
G0 X89.498 Y120.15
G0 X89.498 Y119.928
G1 F3000 X88.523 Y123.57 E2847.31694
G0 F9000 X88.523 Y123.35
G0 X72.934 Y120.15
G0 X72.934 Y119.928
G1 F3000 X71.958 Y123.569 E2847.44232
G0 F9000 X71.958 Y123.35
G0 X63.085 Y123.35
G0 X63.085 Y123.569
G1 F3000 X59.446 Y119.929 E2847.61351
G0 F9000 X59.446 Y120.15
G0 X60.51 Y120.15
G0 X60.51 Y119.928
G1 F3000 X59.535 Y123.569 E2847.73887
G0 F9000 X59.535 Y123.35
G0 X57.429 Y123.35
G0 X57.429 Y123.569
G1 F3000 X53.789 Y119.929 E2847.91009
G0 F9000 X53.789 Y120.15
G0 X52.228 Y120.15
G0 X52.228 Y119.928
G1 F3000 X51.253 Y123.569 E2848.03545
G0 F9000 X51.772 Y123.569
G1 F3000 X48.132 Y119.929 E2848.20667
G1 X48.087 Y119.928
G1 X47.112 Y123.57 E2848.33207
G0 F9000 X46.115 Y123.569
G1 F3000 X42.475 Y119.929 E2848.50328
G0 F9000 X42.475 Y120.15
G0 X43.946 Y120.15
G0 X43.946 Y119.928
G1 F3000 X42.971 Y123.569 E2848.62865
G0 F9000 X42.971 Y123.35
G0 X40.458 Y123.35
G0 X40.458 Y123.569
G1 F3000 X36.819 Y119.929 E2848.79984
G0 F9000 X36.819 Y120.15
G0 X39.805 Y120.15
G0 X39.805 Y119.928
G1 F3000 X38.829 Y123.569 E2848.92522
G0 F9000 X38.829 Y123.35
G0 X35.9 Y122.906
G0 X35.679 Y122.906
G1 F3000 X46.788 Y119.929 E2849.30774
G0 F9000 X46.788 Y120.15
G0 X48.657 Y123.35
G0 X48.657 Y123.57
G1 F3000 X62.243 Y119.929 E2849.77556
G0 F9000 X62.243 Y120.15
G0 X56.369 Y120.15
G0 X56.369 Y119.929
G1 F3000 X55.394 Y123.569 E2849.90089
G0 F9000 X55.394 Y123.05
G1 F2700 E2844.90089
;MESH:NONMESH
G0 F300 X55.394 Y123.05 Z7.6
G0 F9000 X184.13 Y119.67
G0 X184.13 Y118.585
G0 X184.13 Y101.415
G0 X184.13 Y100.33
G0 X184.13 Y99.88
G0 X184.4 Y100.15
;TIME_ELAPSED:4311.664945
;LAYER:37
;TYPE:WALL-INNER
;MESH:Garmin_GFC500 BOARDS SUPPORTS.stl
G1 F2700 E2849.90089
G1 F1500 X184.4 Y96.35 E2850.02728
G1 X35.6 Y96.35 E2854.97639
G1 X35.6 Y100.15 E2855.10278
G1 X184.4 Y100.15 E2860.05189
G0 F9000 X184.8 Y100.55
;TYPE:WALL-OUTER
G1 F1500 X184.8 Y95.95 E2860.20488
G1 X35.2 Y95.95 E2865.1806
G1 X35.2 Y100.55 E2865.33359
G1 X184.8 Y100.55 E2870.30931
G0 F9000 X184.319 Y99.789
;TYPE:FILL
G1 F3000 X183.275 Y100.069 E2870.34526
G0 F9000 X183.275 Y99.85
G0 X181.636 Y99.85
G0 X181.636 Y100.069
G1 F3000 X182.611 Y96.429 E2870.4706
G0 F9000 X183.226 Y96.43
G1 F3000 X184.319 Y97.523 E2870.52201
G0 F9000 X184.1 Y97.523
G0 X181.406 Y96.65
G0 X181.406 Y96.429
G1 F3000 X167.821 Y100.069 E2870.98979
G0 F9000 X167.821 Y99.85
G0 X169.212 Y99.85
G0 X169.212 Y100.069
G1 F3000 X170.188 Y96.428 E2871.11516
G0 F9000 X170.188 Y96.65
G0 X171.912 Y96.65
G0 X171.912 Y96.43
G1 F3000 X175.551 Y100.069 E2871.28633
G0 F9000 X175.551 Y99.85
G0 X177.495 Y99.85
G0 X177.495 Y100.069
G1 F3000 X178.47 Y96.428 E2871.4117
G0 F9000 X177.569 Y96.43
G1 F3000 X181.208 Y100.069 E2871.58286
G0 F9000 X181.208 Y99.85
G0 X174.329 Y96.65
G0 X174.329 Y96.428
G1 F3000 X173.353 Y100.07 E2871.70827
G0 F9000 X173.353 Y99.85
G0 X169.895 Y99.85
G0 X169.895 Y100.069
G1 F3000 X166.255 Y96.43 E2871.87946
G0 F9000 X166.047 Y96.428
G1 F3000 X165.071 Y100.069 E2872.00484
G0 F9000 X164.238 Y100.069
G1 F3000 X160.598 Y96.43 E2872.17603
G0 F9000 X160.598 Y96.65
G0 X161.906 Y96.65
G0 X161.906 Y96.429
G1 F3000 X160.93 Y100.069 E2872.30137
G0 F9000 X160.93 Y99.85
G0 X158.581 Y99.85
G0 X158.581 Y100.069
G1 F3000 X154.941 Y96.43 E2872.47256
G0 F9000 X154.941 Y96.65
G0 X153.624 Y96.65
G0 X153.624 Y96.428
G1 F3000 X152.648 Y100.07 E2872.59797
G0 F9000 X152.924 Y100.069
G1 F3000 X149.285 Y96.43 E2872.76914
G1 X149.482 Y96.428
G1 X148.507 Y100.069 E2872.8945
G0 F9000 X148.507 Y99.85
G0 X147.267 Y99.85
G0 X147.267 Y100.069
G1 F3000 X143.628 Y96.43 E2873.06567
G0 F9000 X143.628 Y96.65
G0 X145.341 Y96.65
G0 X145.341 Y96.428
G1 F3000 X144.366 Y100.069 E2873.19104
G0 F9000 X144.366 Y99.85
G0 X141.61 Y99.85
G0 X141.61 Y100.069
G1 F3000 X137.971 Y96.43 E2873.36221
G0 F9000 X137.059 Y96.428
G1 F3000 X136.083 Y100.069 E2873.48758
G1 X135.954 Y100.069
G1 X132.314 Y96.43 E2873.65877
G0 F9000 X132.918 Y96.428
G1 F3000 X131.942 Y100.07 E2873.78418
G0 F9000 X131.942 Y99.85
G0 X130.297 Y99.85
G0 X130.297 Y100.069
G1 F3000 X126.657 Y96.43 E2873.95537
G0 F9000 X126.657 Y96.65
G0 X124.636 Y96.65
G0 X124.636 Y96.428
G1 F3000 X123.66 Y100.069 E2874.08075
G0 F9000 X124.64 Y100.069
G1 F3000 X121 Y96.43 E2874.25194
G0 F9000 X120.495 Y96.429
G1 F3000 X119.519 Y100.069 E2874.37728
G0 F9000 X118.983 Y100.069
G1 F3000 X115.343 Y96.43 E2874.54847
G0 F9000 X115.343 Y96.65
G0 X116.354 Y96.65
G0 X116.354 Y96.428
G1 F3000 X115.378 Y100.069 E2874.67385
G0 F9000 X115.378 Y99.85
G0 X113.326 Y99.85
G0 X113.326 Y100.069
G1 F3000 X109.686 Y96.429 E2874.84506
G0 F9000 X109.686 Y96.65
G0 X108.071 Y96.65
G0 X108.071 Y96.428
G1 F3000 X107.096 Y100.069 E2874.97043
G0 F9000 X107.669 Y100.069
G1 F3000 X104.029 Y96.429 E2875.14164
G1 X103.93 Y96.428
G1 X102.955 Y100.069 E2875.26701
G0 F9000 X102.012 Y100.069
G1 F3000 X98.372 Y96.429 E2875.43822
G0 F9000 X98.372 Y96.65
G0 X99.789 Y96.65
G0 X99.789 Y96.429
G1 F3000 X98.814 Y100.069 E2875.56356
G0 F9000 X98.814 Y99.85
G0 X96.355 Y99.85
G0 X96.355 Y100.069
G1 F3000 X92.715 Y96.429 E2875.73477
G0 F9000 X92.715 Y96.65
G0 X91.507 Y96.65
G0 X91.507 Y96.428
G1 F3000 X90.531 Y100.07 E2875.86018
G1 X90.547 Y100.069
G1 X104.132 Y96.429 E2876.32796
G0 F9000 X104.132 Y96.65
G0 X106.001 Y99.85
G0 X106.001 Y100.069
G1 F3000 X119.587 Y96.429 E2876.79577
G0 F9000 X119.587 Y96.65
G0 X121.456 Y99.85
G0 X121.456 Y100.069
G1 F3000 X135.042 Y96.429 E2877.26358
G0 F9000 X135.042 Y96.65
G0 X136.911 Y99.85
G0 X136.911 Y100.069
G1 F3000 X150.496 Y96.429 E2877.73135
G0 F9000 X150.496 Y96.65
G0 X152.366 Y99.85
G0 X152.366 Y100.069
G1 F3000 X165.951 Y96.429 E2878.19913
G0 F9000 X165.951 Y96.65
G0 X157.765 Y96.65
G0 X157.765 Y96.428
G1 F3000 X156.789 Y100.069 E2878.32451
G0 F9000 X156.789 Y99.85
G0 X141.2 Y96.65
G0 X141.2 Y96.429
G1 F3000 X140.225 Y100.069 E2878.44984
G0 F9000 X140.225 Y99.85
G0 X128.777 Y96.65
G0 X128.777 Y96.428
G1 F3000 X127.801 Y100.069 E2878.57522
G0 F9000 X127.801 Y99.85
G0 X112.213 Y96.65
G0 X112.213 Y96.428
G1 F3000 X111.237 Y100.07 E2878.70063
G0 F9000 X111.237 Y99.85
G0 X95.648 Y96.65
G0 X95.648 Y96.428
G1 F3000 X94.672 Y100.069 E2878.826
G0 F9000 X94.672 Y99.85
G0 X90.698 Y99.85
G0 X90.698 Y100.069
G1 F3000 X87.058 Y96.429 E2878.99722
G0 F9000 X87.366 Y96.428
G1 F3000 X86.39 Y100.069 E2879.12259
G0 F9000 X86.39 Y99.85
G0 X85.041 Y99.85
G0 X85.041 Y100.069
G1 F3000 X81.402 Y96.429 E2879.29378
G0 F9000 X81.402 Y96.65
G0 X83.225 Y96.65
G0 X83.225 Y96.428
G1 F3000 X82.249 Y100.069 E2879.41916
G0 F9000 X82.249 Y99.85
G0 X79.384 Y99.85
G0 X79.384 Y100.069
G1 F3000 X75.745 Y96.429 E2879.59035
G0 F9000 X74.943 Y96.428
G1 F3000 X73.967 Y100.069 E2879.71572
G0 F9000 X73.727 Y100.069
G1 F3000 X70.088 Y96.429 E2879.88691
G0 F9000 X70.801 Y96.428
G1 F3000 X69.826 Y100.07 E2880.01231
G0 F9000 X69.826 Y99.85
G0 X68.071 Y99.85
G0 X68.071 Y100.069
G1 F3000 X64.431 Y96.429 E2880.18353
G0 F9000 X64.431 Y96.65
G0 X62.519 Y96.65
G0 X62.519 Y96.429
G1 F3000 X61.544 Y100.069 E2880.30886
G0 F9000 X62.414 Y100.069
G1 F3000 X58.774 Y96.429 E2880.48008
G0 F9000 X58.378 Y96.429
G1 F3000 X57.402 Y100.069 E2880.60542
G0 F9000 X56.757 Y100.069
G1 F3000 X53.117 Y96.429 E2880.77664
G0 F9000 X53.117 Y96.65
G0 X54.237 Y96.65
G0 X54.237 Y96.428
G1 F3000 X53.261 Y100.069 E2880.90201
G0 F9000 X53.261 Y99.85
G0 X51.1 Y99.85
G0 X51.1 Y100.069
G1 F3000 X47.461 Y96.429 E2881.0732
G0 F9000 X47.461 Y96.65
G0 X45.955 Y96.65
G0 X45.955 Y96.428
G1 F3000 X44.979 Y100.07 E2881.19861
G0 F9000 X45.443 Y100.069
G1 F3000 X41.804 Y96.429 E2881.3698
G1 X41.814 Y96.429
G1 X40.838 Y100.069 E2881.49514
G0 F9000 X40.838 Y99.85
G0 X39.786 Y99.85
G0 X39.786 Y100.069
G1 F3000 X36.147 Y96.429 E2881.66633
G0 F9000 X36.147 Y96.65
G0 X37.672 Y96.65
G0 X37.672 Y96.429
G1 F3000 X36.697 Y100.069 E2881.79167
G0 F9000 X36.697 Y99.85
G0 X35.9 Y98.206
G0 X35.679 Y98.206
G1 F3000 X42.313 Y96.429 E2882.0201
G0 F9000 X42.313 Y96.65
G0 X44.183 Y99.85
G0 X44.183 Y100.069
G1 F3000 X57.769 Y96.428 E2882.48791
G0 F9000 X57.769 Y96.65
G0 X59.637 Y99.85
G0 X59.637 Y100.069
G1 F3000 X73.223 Y96.429 E2882.95572
G0 F9000 X73.223 Y96.65
G0 X75.092 Y99.85
G0 X75.092 Y100.069
G1 F3000 X88.678 Y96.429 E2883.42353
G0 F9000 X88.678 Y96.65
G0 X79.084 Y96.65
G0 X79.084 Y96.429
G1 F3000 X78.108 Y100.069 E2883.54888
G0 F9000 X78.108 Y99.85
G0 X66.66 Y96.65
G0 X66.66 Y96.428
G1 F3000 X65.685 Y100.069 E2883.67424
G0 F9000 X65.685 Y99.85
G0 X50.096 Y96.65
G0 X50.096 Y96.428
G1 F3000 X49.12 Y100.07 E2883.79965
G0 F9000 X49.12 Y99.55
G1 F2700 E2878.79965
G0 F9000 X184.13 Y100.33
G0 X184.13 Y101.415
G0 X184.13 Y118.585
G0 X184.13 Y119.67
G0 X184.13 Y123.38
G0 X184.4 Y123.65
;TYPE:WALL-INNER
G1 F2700 E2883.79965
G1 F1500 X184.4 Y119.85 E2883.92604
G1 X35.6 Y119.85 E2888.87515
G1 X35.6 Y123.65 E2889.00154
G1 X184.4 Y123.65 E2893.95064
G0 F9000 X184.8 Y124.05
;TYPE:WALL-OUTER
G1 F1500 X184.8 Y119.45 E2894.10364
G1 X35.2 Y119.45 E2899.07936
G1 X35.2 Y124.05 E2899.23235
G1 X184.8 Y124.05 E2904.20807
G0 F9000 X184.53 Y123.78
G0 X183.621 Y123.35
G0 X183.621 Y123.569
;TYPE:FILL
G1 F3000 X184.319 Y120.965 E2904.29774
G0 F9000 X184.319 Y120.495
G1 F3000 X172.847 Y123.569 E2904.69276
G0 F9000 X172.847 Y123.35
G0 X171.198 Y123.35
G0 X171.198 Y123.569
G1 F3000 X172.173 Y119.928 E2904.81812
G0 F9000 X172.785 Y119.93
G1 F3000 X176.424 Y123.569 E2904.98929
G0 F9000 X176.424 Y123.35
G0 X175.339 Y123.35
G0 X175.339 Y123.569
G1 F3000 X176.315 Y119.928 E2905.11467
G0 F9000 X176.315 Y120.15
G0 X178.441 Y120.15
G0 X178.441 Y119.93
G1 F3000 X182.081 Y123.569 E2905.28586
G0 F9000 X182.081 Y123.35
G0 X179.48 Y123.35
G0 X179.48 Y123.569
G1 F3000 X180.456 Y119.927 E2905.41127
G0 F9000 X180.456 Y120.15
G0 X184.098 Y120.15
G0 X184.098 Y119.93
G1 F3000 X184.319 Y120.15 E2905.42164
G0 F9000 X184.1 Y120.15
G0 X170.974 Y120.15
G0 X170.974 Y119.929
G1 F3000 X157.392 Y123.569 E2905.88932
G0 F9000 X157.392 Y123.35
G0 X158.774 Y123.35
G0 X158.774 Y123.569
G1 F3000 X159.75 Y119.928 E2906.01469
G0 F9000 X159.75 Y120.15
G0 X161.471 Y120.15
G0 X161.471 Y119.93
G1 F3000 X165.11 Y123.569 E2906.18586
G0 F9000 X165.11 Y123.35
G0 X167.057 Y123.35
G0 X167.057 Y123.569
G1 F3000 X168.032 Y119.928 E2906.31123
G0 F9000 X167.128 Y119.93
G1 F3000 X170.767 Y123.569 E2906.4824
G0 F9000 X170.767 Y123.35
G0 X163.891 Y120.15
G0 X163.891 Y119.928
G1 F3000 X162.916 Y123.569 E2906.60776
G0 F9000 X162.916 Y123.35
G0 X159.453 Y123.35
G0 X159.453 Y123.569
G1 F3000 X155.814 Y119.93 E2906.77893
G0 F9000 X155.609 Y119.928
G1 F3000 X154.633 Y123.569 E2906.90431
G0 F9000 X153.797 Y123.569
G1 F3000 X150.157 Y119.93 E2907.0755
G0 F9000 X150.157 Y120.15
G0 X151.468 Y120.15
G0 X151.468 Y119.928
G1 F3000 X150.492 Y123.569 E2907.20087
G0 F9000 X150.492 Y123.35
G0 X148.14 Y123.35
G0 X148.14 Y123.569
G1 F3000 X144.5 Y119.93 E2907.37206
G0 F9000 X144.5 Y120.15
G0 X143.186 Y120.15
G0 X143.186 Y119.928
G1 F3000 X142.21 Y123.569 E2907.49744
G0 F9000 X142.483 Y123.569
G1 F3000 X138.843 Y119.93 E2907.66863
G0 F9000 X139.044 Y119.928
G1 F3000 X138.069 Y123.569 E2907.794
G0 F9000 X138.069 Y123.35
G0 X136.826 Y123.35
G0 X136.826 Y123.569
G1 F3000 X133.187 Y119.93 E2907.96516
G0 F9000 X133.187 Y120.15
G0 X134.904 Y120.15
G0 X134.904 Y119.928
G1 F3000 X133.928 Y123.569 E2908.09054
G0 F9000 X133.928 Y123.35
G0 X131.169 Y123.35
G0 X131.169 Y123.569
G1 F3000 X127.53 Y119.93 E2908.26171
G0 F9000 X126.621 Y119.928
G1 F3000 X125.646 Y123.569 E2908.38707
G1 X125.512 Y123.569
G1 X121.873 Y119.93 E2908.55824
G0 F9000 X122.48 Y119.928
G1 F3000 X121.505 Y123.569 E2908.68361
G0 F9000 X121.505 Y123.35
G0 X119.856 Y123.35
G0 X119.856 Y123.569
G1 F3000 X116.216 Y119.93 E2908.8548
G0 F9000 X116.216 Y120.15
G0 X114.198 Y120.15
G0 X114.198 Y119.928
G1 F3000 X113.222 Y123.569 E2908.98017
G0 F9000 X114.199 Y123.569
G1 F3000 X110.559 Y119.93 E2909.15136
G0 F9000 X110.057 Y119.928
G1 F3000 X109.081 Y123.569 E2909.27674
G0 F9000 X108.541 Y123.569
G1 F3000 X104.902 Y119.929 E2909.44793
G0 F9000 X104.902 Y120.15
G0 X105.916 Y120.15
G0 X105.916 Y119.928
G1 F3000 X104.94 Y123.569 E2909.57331
G0 F9000 X104.94 Y123.35
G0 X102.884 Y123.35
G0 X102.884 Y123.569
G1 F3000 X99.245 Y119.929 E2909.7445
G0 F9000 X99.245 Y120.15
G0 X97.633 Y120.15
G0 X97.633 Y119.928
G1 F3000 X96.658 Y123.569 E2909.86986
G0 F9000 X97.227 Y123.569
G1 F3000 X93.588 Y119.929 E2910.04106
G1 X93.492 Y119.928
G1 X92.517 Y123.569 E2910.16642
G0 F9000 X91.571 Y123.569
G1 F3000 X87.931 Y119.929 E2910.33764
G0 F9000 X87.931 Y120.15
G0 X89.351 Y120.15
G0 X89.351 Y119.928
G1 F3000 X88.376 Y123.569 E2910.463
G0 F9000 X88.376 Y123.35
G0 X85.914 Y123.35
G0 X85.914 Y123.569
G1 F3000 X82.274 Y119.929 E2910.63422
G0 F9000 X82.274 Y120.15
G0 X81.069 Y120.15
G0 X81.069 Y119.928
G1 F3000 X80.094 Y123.569 E2910.75959
G1 X80.116 Y123.569
G1 X93.7 Y119.929 E2911.22733
G0 F9000 X93.7 Y120.15
G0 X95.571 Y123.35
G0 X95.571 Y123.569
G1 F3000 X109.156 Y119.929 E2911.69511
G0 F9000 X109.156 Y120.15
G0 X111.026 Y123.35
G0 X111.026 Y123.569
G1 F3000 X124.611 Y119.929 E2912.16289
G0 F9000 X124.611 Y120.15
G0 X126.481 Y123.35
G0 X126.481 Y123.569
G1 F3000 X140.065 Y119.929 E2912.63063
G0 F9000 X140.065 Y120.15
G0 X141.936 Y123.35
G0 X141.936 Y123.569
G1 F3000 X155.52 Y119.929 E2913.09838
G0 F9000 X155.52 Y120.15
G0 X147.327 Y120.15
G0 X147.327 Y119.928
G1 F3000 X146.351 Y123.569 E2913.22375
G0 F9000 X146.351 Y123.35
G0 X130.762 Y120.15
G0 X130.762 Y119.928
G1 F3000 X129.787 Y123.569 E2913.34912
G0 F9000 X129.787 Y123.35
G0 X118.339 Y120.15
G0 X118.339 Y119.928
G1 F3000 X117.363 Y123.569 E2913.47449
G0 F9000 X117.363 Y123.35
G0 X101.775 Y120.15
G0 X101.775 Y119.928
G1 F3000 X100.799 Y123.569 E2913.59987
G0 F9000 X100.799 Y123.35
G0 X85.21 Y120.15
G0 X85.21 Y119.928
G1 F3000 X84.235 Y123.569 E2913.72524
G0 F9000 X84.235 Y123.35
G0 X80.257 Y123.35
G0 X80.257 Y123.569
G1 F3000 X76.617 Y119.929 E2913.89645
G0 F9000 X76.928 Y119.929
G1 F3000 X75.952 Y123.569 E2914.02179
G0 F9000 X75.952 Y123.35
G0 X74.6 Y123.35
G0 X74.6 Y123.569
G1 F3000 X70.96 Y119.929 E2914.19301
G0 F9000 X70.96 Y120.15
G0 X72.787 Y120.15
G0 X72.787 Y119.928
G1 F3000 X71.811 Y123.569 E2914.31838
G0 F9000 X71.811 Y123.35
G0 X68.943 Y123.35
G0 X68.943 Y123.569
G1 F3000 X65.304 Y119.929 E2914.48957
G0 F9000 X64.505 Y119.928
G1 F3000 X63.529 Y123.569 E2914.61495
G0 F9000 X63.286 Y123.569
G1 F3000 X59.647 Y119.929 E2914.78614
G0 F9000 X60.363 Y119.928
G1 F3000 X59.388 Y123.569 E2914.91151
G0 F9000 X59.388 Y123.35
G0 X57.629 Y123.35
G0 X57.629 Y123.569
G1 F3000 X53.99 Y119.929 E2915.0827
G0 F9000 X53.99 Y120.15
G0 X52.081 Y120.15
G0 X52.081 Y119.928
G1 F3000 X51.106 Y123.569 E2915.20807
G0 F9000 X51.973 Y123.569
G1 F3000 X48.333 Y119.929 E2915.37928
G0 F9000 X47.94 Y119.928
G1 F3000 X46.965 Y123.569 E2915.50465
G0 F9000 X46.316 Y123.569
G1 F3000 X42.676 Y119.929 E2915.67586
G0 F9000 X42.676 Y120.15
G0 X43.799 Y120.15
G0 X43.799 Y119.928
G1 F3000 X42.824 Y123.569 E2915.80123
G0 F9000 X42.824 Y123.35
G0 X40.659 Y123.35
G0 X40.659 Y123.569
G1 F3000 X37.019 Y119.929 E2915.97244
G0 F9000 X37.019 Y120.15
G0 X39.658 Y120.15
G0 X39.658 Y119.928
G1 F3000 X38.682 Y123.569 E2916.09782
G0 F9000 X38.682 Y123.35
G0 X35.9 Y123.053
G0 X35.679 Y123.053
G1 F3000 X47.337 Y119.929 E2916.49925
G0 F9000 X47.337 Y120.15
G0 X49.205 Y123.35
G0 X49.205 Y123.57
G1 F3000 X62.791 Y119.929 E2916.96706
G0 F9000 X62.791 Y120.15
G0 X64.66 Y123.35
G0 X64.66 Y123.57
G1 F3000 X78.246 Y119.929 E2917.43488
G0 F9000 X78.246 Y120.15
G0 X68.646 Y120.15
G0 X68.646 Y119.928
G1 F3000 X67.67 Y123.569 E2917.56026
G0 F9000 X67.67 Y123.35
G0 X56.222 Y120.15
G0 X56.222 Y119.929
G1 F3000 X55.247 Y123.569 E2917.68559
G0 F9000 X55.247 Y123.05
G1 F2700 E2912.68559
;MESH:NONMESH
G0 F300 X55.247 Y123.05 Z7.8
G0 F9000 X184.13 Y119.67
G0 X184.13 Y118.585
G0 X184.13 Y101.415
G0 X184.13 Y100.33
G0 X184.13 Y99.88
G0 X184.4 Y100.15
;TIME_ELAPSED:4412.572308
;LAYER:38
;TYPE:WALL-INNER
;MESH:Garmin_GFC500 BOARDS SUPPORTS.stl
G1 F2700 E2917.68559
G1 F1500 X184.4 Y96.35 E2917.81198
G1 X35.6 Y96.35 E2922.76109
G1 X35.6 Y100.15 E2922.88748
G1 X184.4 Y100.15 E2927.83659
G0 F9000 X184.8 Y100.55
;TYPE:WALL-OUTER
G1 F1500 X184.8 Y95.95 E2927.98958
G1 X35.2 Y95.95 E2932.9653
G1 X35.2 Y100.55 E2933.11829
G1 X184.8 Y100.55 E2938.09401
G0 F9000 X184.318 Y99.936
;TYPE:FILL
G1 F3000 X183.82 Y100.069 E2938.11115
G0 F9000 X183.82 Y99.85
G0 X181.49 Y99.85
G0 X181.49 Y100.069
G1 F3000 X182.465 Y96.428 E2938.23652
G0 F9000 X181.951 Y96.429
G1 F3000 X168.365 Y100.069 E2938.70433
G0 F9000 X169.066 Y100.069
G1 F3000 X170.042 Y96.428 E2938.82971
G0 F9000 X170.042 Y96.65
G0 X172.111 Y96.65
G0 X172.111 Y96.43
G1 F3000 X175.751 Y100.069 E2939.0009
G0 F9000 X175.751 Y99.85
G0 X177.348 Y99.85
G0 X177.348 Y100.07
G1 F3000 X178.324 Y96.428 E2939.12631
G0 F9000 X177.768 Y96.43
G1 F3000 X181.408 Y100.069 E2939.2975
G0 F9000 X181.408 Y99.85
G0 X184.1 Y97.324
G0 X184.319 Y97.324
G1 F3000 X183.425 Y96.43 E2939.33955
G0 F9000 X183.425 Y96.65
G0 X174.183 Y96.65
G0 X174.183 Y96.428
G1 F3000 X173.208 Y100.069 E2939.46491
G0 F9000 X173.208 Y99.85
G0 X170.094 Y99.85
G0 X170.094 Y100.069
G1 F3000 X166.455 Y96.43 E2939.63608
G1 X166.496 Y96.429
G1 X152.911 Y100.069 E2940.10386
G0 F9000 X153.123 Y100.069
G1 F3000 X149.484 Y96.43 E2940.27503
G1 X149.336 Y96.428
G1 X148.361 Y100.069 E2940.40039
G0 F9000 X147.467 Y100.069
G1 F3000 X143.827 Y96.43 E2940.57158
G0 F9000 X143.827 Y96.65
G0 X145.195 Y96.65
G0 X145.195 Y96.429
G1 F3000 X144.22 Y100.069 E2940.69692
G0 F9000 X144.22 Y99.85
G0 X141.81 Y99.85
G0 X141.81 Y100.069
G1 F3000 X138.17 Y96.43 E2940.86811
G0 F9000 X138.17 Y96.65
G0 X136.913 Y96.65
G0 X136.913 Y96.428
G1 F3000 X135.937 Y100.07 E2940.99352
G0 F9000 X136.153 Y100.069
G1 F3000 X132.513 Y96.43 E2941.16471
G0 F9000 X132.772 Y96.428
G1 F3000 X131.797 Y100.069 E2941.29008
G0 F9000 X131.797 Y99.85
G0 X130.496 Y99.85
G0 X130.496 Y100.069
G1 F3000 X126.857 Y96.43 E2941.46124
G0 F9000 X126.857 Y96.65
G0 X128.631 Y96.65
G0 X128.631 Y96.428
G1 F3000 X127.655 Y100.069 E2941.58662
G0 F9000 X127.655 Y99.85
G0 X124.839 Y99.85
G0 X124.839 Y100.069
G1 F3000 X121.2 Y96.43 E2941.75779
G0 F9000 X120.349 Y96.428
G1 F3000 X119.373 Y100.069 E2941.88316
G1 X119.182 Y100.069
G1 X115.543 Y96.43 E2942.05433
G0 F9000 X116.208 Y96.428
G1 F3000 X115.232 Y100.07 E2942.17974
G0 F9000 X115.232 Y99.85
G0 X113.525 Y99.85
G0 X113.525 Y100.069
G1 F3000 X109.885 Y96.429 E2942.35095
G0 F9000 X109.885 Y96.65
G0 X107.925 Y96.65
G0 X107.925 Y96.428
G1 F3000 X106.95 Y100.069 E2942.47632
G0 F9000 X106.546 Y100.069
G1 F3000 X120.132 Y96.429 E2942.94413
G0 F9000 X120.132 Y96.65
G0 X122.001 Y99.85
G0 X122.001 Y100.069
G1 F3000 X135.586 Y96.429 E2943.4119
G0 F9000 X135.586 Y96.65
G0 X137.456 Y99.85
G0 X137.456 Y100.069
G1 F3000 X151.042 Y96.429 E2943.87971
G0 F9000 X151.042 Y96.65
G0 X153.478 Y96.65
G0 X153.478 Y96.428
G1 F3000 X152.502 Y100.069 E2944.00509
G0 F9000 X152.502 Y99.85
G0 X156.643 Y99.85
G0 X156.643 Y100.07
G1 F3000 X157.619 Y96.428 E2944.1305
G0 F9000 X157.619 Y96.65
G0 X155.141 Y96.65
G0 X155.141 Y96.43
G1 F3000 X158.78 Y100.069 E2944.30166
G0 F9000 X158.78 Y99.85
G0 X160.784 Y99.85
G0 X160.784 Y100.069
G1 F3000 X161.76 Y96.428 E2944.42704
G0 F9000 X160.798 Y96.43
G1 F3000 X164.437 Y100.069 E2944.59821
G0 F9000 X164.925 Y100.069
G1 F3000 X165.901 Y96.429 E2944.72355
G0 F9000 X165.901 Y96.65
G0 X141.054 Y96.65
G0 X141.054 Y96.428
G1 F3000 X140.079 Y100.069 E2944.84892
G0 F9000 X140.079 Y99.85
G0 X124.49 Y96.65
G0 X124.49 Y96.429
G1 F3000 X123.514 Y100.069 E2944.97426
G0 F9000 X123.514 Y99.85
G0 X112.066 Y96.65
G0 X112.066 Y96.428
G1 F3000 X111.091 Y100.069 E2945.09963
G0 F9000 X111.091 Y99.85
G0 X107.868 Y99.85
G0 X107.868 Y100.069
G1 F3000 X104.228 Y96.429 E2945.27084
G0 F9000 X103.784 Y96.429
G1 F3000 X102.809 Y100.069 E2945.39618
G0 F9000 X102.211 Y100.069
G1 F3000 X98.572 Y96.429 E2945.56737
G0 F9000 X98.572 Y96.65
G0 X99.643 Y96.65
G0 X99.643 Y96.428
G1 F3000 X98.668 Y100.069 E2945.69273
G0 F9000 X98.668 Y99.85
G0 X96.554 Y99.85
G0 X96.554 Y100.069
G1 F3000 X92.915 Y96.429 E2945.86393
G0 F9000 X92.915 Y96.65
G0 X91.361 Y96.65
G0 X91.361 Y96.428
G1 F3000 X90.385 Y100.069 E2945.9893
G0 F9000 X90.897 Y100.069
G1 F3000 X87.258 Y96.429 E2946.16049
G1 X87.22 Y96.429
G1 X86.244 Y100.069 E2946.28584
G0 F9000 X86.244 Y99.85
G0 X85.241 Y99.85
G0 X85.241 Y100.069
G1 F3000 X81.601 Y96.429 E2946.45705
G0 F9000 X81.601 Y96.65
G0 X83.079 Y96.65
G0 X83.079 Y96.429
G1 F3000 X82.103 Y100.069 E2946.58239
G0 F9000 X82.103 Y99.85
G0 X79.584 Y99.85
G0 X79.584 Y100.069
G1 F3000 X75.944 Y96.429 E2946.75361
G0 F9000 X75.944 Y96.65
G0 X74.797 Y96.65
G0 X74.797 Y96.428
G1 F3000 X73.821 Y100.07 E2946.87902
G1 X73.927 Y100.069
G1 X70.287 Y96.429 E2947.05023
G0 F9000 X70.655 Y96.428
G1 F3000 X69.68 Y100.069 E2947.1756
G0 F9000 X69.68 Y99.85
G0 X68.27 Y99.85
G0 X68.27 Y100.069
G1 F3000 X64.63 Y96.429 E2947.34681
G0 F9000 X64.63 Y96.65
G0 X66.514 Y96.65
G0 X66.514 Y96.429
G1 F3000 X65.539 Y100.069 E2947.47215
G0 F9000 X65.539 Y99.85
G0 X62.613 Y99.85
G0 X62.613 Y100.069
G1 F3000 X58.974 Y96.429 E2947.64334
G0 F9000 X58.313 Y96.429
G1 F3000 X44.727 Y100.069 E2948.11115
G1 X44.833 Y100.069
G1 X45.809 Y96.429 E2948.23649
G0 F9000 X45.809 Y96.65
G0 X47.66 Y96.65
G0 X47.66 Y96.429
G1 F3000 X51.299 Y100.069 E2948.40768
G0 F9000 X51.299 Y99.85
G0 X53.115 Y99.85
G0 X53.115 Y100.07
G1 F3000 X54.091 Y96.428 E2948.53309
G0 F9000 X53.317 Y96.429
G1 F3000 X56.956 Y100.069 E2948.70428
G0 F9000 X57.256 Y100.069
G1 F3000 X58.232 Y96.428 E2948.82965
G0 F9000 X58.232 Y96.65
G0 X60.182 Y99.85
G0 X60.182 Y100.069
G1 F3000 X73.768 Y96.429 E2949.29746
G0 F9000 X73.768 Y96.65
G0 X75.637 Y99.85
G0 X75.637 Y100.069
G1 F3000 X89.222 Y96.429 E2949.76524
G0 F9000 X89.222 Y96.65
G0 X91.091 Y99.85
G0 X91.091 Y100.069
G1 F3000 X104.677 Y96.429 E2950.23305
G0 F9000 X104.677 Y96.65
G0 X95.502 Y96.65
G0 X95.502 Y96.428
G1 F3000 X94.526 Y100.07 E2950.35846
G0 F9000 X94.526 Y99.85
G0 X78.938 Y96.65
G0 X78.938 Y96.428
G1 F3000 X77.962 Y100.069 E2950.48383
G0 F9000 X77.962 Y99.85
G0 X62.373 Y96.65
G0 X62.373 Y96.429
G1 F3000 X61.398 Y100.069 E2950.60917
G0 F9000 X61.398 Y99.85
G0 X49.95 Y96.65
G0 X49.95 Y96.428
G1 F3000 X48.974 Y100.069 E2950.73454
G0 F9000 X48.974 Y99.85
G0 X45.643 Y99.85
G0 X45.643 Y100.069
G1 F3000 X42.003 Y96.429 E2950.90576
G0 F9000 X41.668 Y96.429
G1 F3000 X40.692 Y100.069 E2951.0311
G0 F9000 X39.986 Y100.069
G1 F3000 X36.346 Y96.429 E2951.20232
G0 F9000 X36.346 Y96.65
G0 X37.527 Y96.65
G0 X37.527 Y96.428
G1 F3000 X36.551 Y100.07 E2951.32772
G0 F9000 X36.551 Y99.85
G0 X35.9 Y98.352
G0 X35.68 Y98.352
G1 F3000 X42.859 Y96.429 E2951.57492
G0 F9000 X42.859 Y96.95
G1 F2700 E2946.57492
G0 F9000 X184.13 Y100.33
G0 X184.13 Y101.415
G0 X184.13 Y118.585
G0 X184.13 Y119.67
G0 X184.13 Y123.38
G0 X184.4 Y123.65
;TYPE:WALL-INNER
G1 F2700 E2951.57492
G1 F1500 X184.4 Y119.85 E2951.70131
G1 X35.6 Y119.85 E2956.65041
G1 X35.6 Y123.65 E2956.7768
G1 X184.4 Y123.65 E2961.72591
G0 F9000 X184.8 Y124.05
;TYPE:WALL-OUTER
G1 F1500 X184.8 Y119.45 E2961.87891
G1 X35.2 Y119.45 E2966.85462
G1 X35.2 Y124.05 E2967.00762
G1 X184.8 Y124.05 E2971.98334
G0 F9000 X184.53 Y123.78
G0 X183.475 Y123.35
G0 X183.475 Y123.569
;TYPE:FILL
G1 F3000 X184.319 Y120.42 E2972.09177
G0 F9000 X184.318 Y120.641
G1 F3000 X173.392 Y123.569 E2972.46799
G0 F9000 X173.392 Y123.35
G0 X175.193 Y123.35
G0 X175.193 Y123.568
G1 F3000 X176.169 Y119.928 E2972.59333
G0 F9000 X176.169 Y120.15
G0 X178.641 Y120.15
G0 X178.641 Y119.93
G1 F3000 X182.28 Y123.569 E2972.7645
G0 F9000 X182.28 Y123.35
G0 X179.334 Y123.35
G0 X179.334 Y123.569
G1 F3000 X180.31 Y119.928 E2972.88988
G0 F9000 X180.31 Y120.15
G0 X176.623 Y123.35
G0 X176.623 Y123.569
G1 F3000 X172.984 Y119.93 E2973.06105
G0 F9000 X172.027 Y119.928
G1 F3000 X171.052 Y123.569 E2973.18641
G1 X170.967 Y123.569
G1 X167.327 Y119.93 E2973.3576
G0 F9000 X167.886 Y119.928
G1 F3000 X166.911 Y123.569 E2973.48297
G0 F9000 X166.911 Y123.35
G0 X165.31 Y123.35
G0 X165.31 Y123.569
G1 F3000 X161.67 Y119.93 E2973.65416
G0 F9000 X161.67 Y120.15
G0 X159.604 Y120.15
G0 X159.604 Y119.928
G1 F3000 X158.628 Y123.569 E2973.77954
G0 F9000 X157.936 Y123.569
G1 F3000 X171.519 Y119.929 E2974.24725
G0 F9000 X171.519 Y120.15
G0 X163.745 Y120.15
G0 X163.745 Y119.927
G1 F3000 X162.77 Y123.569 E2974.37265
G0 F9000 X162.77 Y123.35
G0 X159.653 Y123.35
G0 X159.653 Y123.569
G1 F3000 X156.013 Y119.93 E2974.54384
G1 X156.064 Y119.929
G1 X142.482 Y123.569 E2975.01152
G0 F9000 X142.682 Y123.569
G1 F3000 X139.043 Y119.93 E2975.18269
G1 X138.899 Y119.928
G1 X137.923 Y123.569 E2975.30806
G0 F9000 X137.025 Y123.569
G1 F3000 X133.386 Y119.93 E2975.47923
G0 F9000 X133.386 Y120.15
G0 X134.758 Y120.15
G0 X134.758 Y119.928
G1 F3000 X133.782 Y123.569 E2975.60461
G0 F9000 X133.782 Y123.35
G0 X131.369 Y123.35
G0 X131.369 Y123.569
G1 F3000 X127.729 Y119.93 E2975.7758
G0 F9000 X127.729 Y120.15
G0 X126.475 Y120.15
G0 X126.475 Y119.928
G1 F3000 X125.5 Y123.569 E2975.90116
G0 F9000 X125.712 Y123.569
G1 F3000 X122.072 Y119.93 E2976.07235
G0 F9000 X122.334 Y119.928
G1 F3000 X121.359 Y123.569 E2976.19772
G0 F9000 X121.359 Y123.35
G0 X120.055 Y123.35
G0 X120.055 Y123.569
G1 F3000 X116.415 Y119.93 E2976.36891
G0 F9000 X116.415 Y120.15
G0 X118.193 Y120.15
G0 X118.193 Y119.928
G1 F3000 X117.217 Y123.569 E2976.49429
G0 F9000 X117.217 Y123.35
G0 X114.398 Y123.35
G0 X114.398 Y123.569
G1 F3000 X110.759 Y119.93 E2976.66546
G0 F9000 X109.911 Y119.928
G1 F3000 X108.935 Y123.569 E2976.79083
G1 X108.741 Y123.569
G1 X105.101 Y119.929 E2976.96205
G0 F9000 X105.77 Y119.928
G1 F3000 X104.794 Y123.569 E2977.08742
G0 F9000 X104.794 Y123.35
G0 X103.084 Y123.35
G0 X103.084 Y123.569
G1 F3000 X99.444 Y119.929 E2977.25864
G0 F9000 X99.444 Y120.15
G0 X97.488 Y120.15
G0 X97.488 Y119.928
G1 F3000 X96.512 Y123.569 E2977.38401
G0 F9000 X96.116 Y123.569
G1 F3000 X109.701 Y119.929 E2977.85179
G0 F9000 X109.701 Y120.15
G0 X111.57 Y123.35
G0 X111.57 Y123.569
G1 F3000 X125.155 Y119.929 E2978.31957
G0 F9000 X125.155 Y120.15
G0 X127.026 Y123.35
G0 X127.026 Y123.569
G1 F3000 X140.61 Y119.929 E2978.78731
G0 F9000 X140.61 Y120.15
G0 X143.04 Y120.15
G0 X143.04 Y119.928
G1 F3000 X142.064 Y123.569 E2978.91269
G0 F9000 X142.064 Y123.35
G0 X146.205 Y123.35
G0 X146.205 Y123.569
G1 F3000 X147.181 Y119.928 E2979.03806
G0 F9000 X147.181 Y120.15
G0 X144.7 Y120.15
G0 X144.7 Y119.93
G1 F3000 X148.339 Y123.569 E2979.20923
G0 F9000 X148.339 Y123.35
G0 X150.346 Y123.35
G0 X150.346 Y123.569
G1 F3000 X151.322 Y119.928 E2979.3346
G0 F9000 X150.357 Y119.93
G1 F3000 X153.996 Y123.569 E2979.50577
G0 F9000 X154.488 Y123.568
G1 F3000 X155.463 Y119.928 E2979.63111
G0 F9000 X155.463 Y120.15
G0 X130.616 Y120.15
G0 X130.616 Y119.928
G1 F3000 X129.641 Y123.569 E2979.75647
G0 F9000 X129.641 Y123.35
G0 X114.052 Y120.15
G0 X114.052 Y119.928
G1 F3000 X113.076 Y123.569 E2979.88185
G0 F9000 X113.076 Y123.35
G0 X101.629 Y120.15
G0 X101.629 Y119.929
G1 F3000 X100.653 Y123.569 E2980.00719
G0 F9000 X100.653 Y123.35
G0 X97.427 Y123.35
G0 X97.427 Y123.569
G1 F3000 X93.787 Y119.929 E2980.17841
G0 F9000 X93.346 Y119.928
G1 F3000 X92.371 Y123.569 E2980.30377
G0 F9000 X91.77 Y123.569
G1 F3000 X88.13 Y119.929 E2980.47499
G0 F9000 X88.13 Y120.15
G0 X89.205 Y120.15
G0 X89.205 Y119.928
G1 F3000 X88.23 Y123.569 E2980.60036
G0 F9000 X88.23 Y123.35
G0 X86.113 Y123.35
G0 X86.113 Y123.569
G1 F3000 X82.474 Y119.929 E2980.77155
G0 F9000 X82.474 Y120.15
G0 X80.923 Y120.15
G0 X80.923 Y119.929
G1 F3000 X79.947 Y123.569 E2980.89689
G0 F9000 X80.456 Y123.569
G1 F3000 X76.817 Y119.929 E2981.06808
G1 X76.782 Y119.928
G1 X75.806 Y123.569 E2981.19346
G0 F9000 X75.806 Y123.35
G0 X74.799 Y123.35
G0 X74.799 Y123.569
G1 F3000 X71.16 Y119.929 E2981.36465
G0 F9000 X71.16 Y120.15
G0 X72.641 Y120.15
G0 X72.641 Y119.928
G1 F3000 X71.665 Y123.569 E2981.49002
G0 F9000 X71.665 Y123.35
G0 X69.143 Y123.35
G0 X69.143 Y123.569
G1 F3000 X65.503 Y119.929 E2981.66124
G0 F9000 X65.503 Y120.15
G0 X64.359 Y120.15
G0 X64.359 Y119.928
G1 F3000 X63.383 Y123.569 E2981.78661
G1 X63.486 Y123.569
G1 X59.846 Y119.929 E2981.95783
G0 F9000 X60.217 Y119.929
G1 F3000 X59.242 Y123.569 E2982.08316
G0 F9000 X59.242 Y123.35
G0 X57.829 Y123.35
G0 X57.829 Y123.569
G1 F3000 X54.189 Y119.929 E2982.25438
G0 F9000 X54.189 Y120.15
G0 X56.077 Y120.15
G0 X56.077 Y119.928
G1 F3000 X55.101 Y123.569 E2982.37975
G0 F9000 X55.101 Y123.35
G0 X52.172 Y123.35
G0 X52.172 Y123.569
G1 F3000 X48.532 Y119.929 E2982.55097
G0 F9000 X47.881 Y119.929
G1 F3000 X35.68 Y123.199 E2982.9711
G0 F9000 X35.9 Y123.199
G0 X38.536 Y123.35
G0 X38.536 Y123.569
G1 F3000 X39.512 Y119.929 E2983.09644
G0 F9000 X39.512 Y120.15
G0 X37.219 Y120.15
G0 X37.219 Y119.929
G1 F3000 X40.858 Y123.569 E2983.26763
G0 F9000 X40.858 Y123.35
G0 X42.678 Y123.35
G0 X42.678 Y123.569
G1 F3000 X43.653 Y119.928 E2983.393
G0 F9000 X42.876 Y119.929
G1 F3000 X46.515 Y123.569 E2983.56419
G0 F9000 X46.819 Y123.569
G1 F3000 X47.794 Y119.928 E2983.68955
G0 F9000 X47.794 Y120.15
G0 X49.75 Y123.35
G0 X49.75 Y123.57
G1 F3000 X63.336 Y119.929 E2984.15737
G0 F9000 X63.336 Y120.15
G0 X65.206 Y123.35
G0 X65.206 Y123.569
G1 F3000 X78.791 Y119.929 E2984.62515
G0 F9000 X78.791 Y120.15
G0 X80.66 Y123.35
G0 X80.66 Y123.57
G1 F3000 X94.246 Y119.929 E2985.09297
G0 F9000 X94.246 Y120.15
G0 X85.064 Y120.15
G0 X85.064 Y119.928
G1 F3000 X84.089 Y123.569 E2985.21833
G0 F9000 X84.089 Y123.35
G0 X68.5 Y120.15
G0 X68.5 Y119.928
G1 F3000 X67.524 Y123.569 E2985.34371
G0 F9000 X67.524 Y123.35
G0 X51.935 Y120.15
G0 X51.935 Y119.928
G1 F3000 X50.96 Y123.57 E2985.46911
G0 F9000 X50.96 Y123.05
G1 F2700 E2980.46911
;MESH:NONMESH
G0 F300 X50.96 Y123.05 Z8
G0 F9000 X184.13 Y119.67
G0 X184.13 Y118.585
G0 X184.13 Y101.415
G0 X184.13 Y100.33
G0 X184.13 Y99.88
G0 X184.4 Y100.15
;TIME_ELAPSED:4512.827836
;LAYER:39
;TYPE:WALL-INNER
;MESH:Garmin_GFC500 BOARDS SUPPORTS.stl
G1 F2700 E2985.46911
G1 F1500 X184.4 Y96.35 E2985.5955
G1 X35.6 Y96.35 E2990.54461
G1 X35.6 Y100.15 E2990.67099
G1 X184.4 Y100.15 E2995.6201
G0 F9000 X184.8 Y100.55
;TYPE:WALL-OUTER
G1 F1500 X184.8 Y95.95 E2995.7731
G1 X35.2 Y95.95 E3000.74882
G1 X35.2 Y100.55 E3000.90181
G1 X184.8 Y100.55 E3005.87753
G0 F9000 X184.53 Y100.28
G0 X181.607 Y99.85
G0 X181.607 Y100.069
;TYPE:FILL
G1 F3000 X177.968 Y96.43 E3006.0487
G0 F9000 X178.178 Y96.428
G1 F3000 X177.203 Y100.069 E3006.17406
G0 F9000 X177.203 Y99.85
G0 X175.95 Y99.85
G0 X175.95 Y100.069
G1 F3000 X172.311 Y96.43 E3006.34523
G0 F9000 X172.311 Y96.65
G0 X174.037 Y96.65
G0 X174.037 Y96.428
G1 F3000 X173.062 Y100.069 E3006.4706
G0 F9000 X173.062 Y99.85
G0 X170.293 Y99.85
G0 X170.293 Y100.069
G1 F3000 X166.654 Y96.43 E3006.64176
G0 F9000 X167.041 Y96.429
G1 F3000 X153.455 Y100.069 E3007.10957
G1 X153.323 Y100.069
G1 X149.683 Y96.43 E3007.28076
G0 F9000 X149.19 Y96.429
G1 F3000 X148.215 Y100.069 E3007.4061
G0 F9000 X147.666 Y100.069
G1 F3000 X144.027 Y96.43 E3007.57727
G0 F9000 X144.027 Y96.65
G0 X145.049 Y96.65
G0 X145.049 Y96.428
G1 F3000 X144.074 Y100.069 E3007.70263
G0 F9000 X144.074 Y99.85
G0 X142.009 Y99.85
G0 X142.009 Y100.069
G1 F3000 X138.37 Y96.43 E3007.8738
G0 F9000 X138.37 Y96.65
G0 X136.767 Y96.65
G0 X136.767 Y96.428
G1 F3000 X135.792 Y100.069 E3007.99917
G0 F9000 X136.352 Y100.069
G1 F3000 X132.713 Y96.43 E3008.17034
G1 X132.626 Y96.428
G1 X131.65 Y100.069 E3008.29571
G0 F9000 X130.695 Y100.069
G1 F3000 X127.056 Y96.43 E3008.46688
G0 F9000 X127.056 Y96.65
G0 X128.485 Y96.65
G0 X128.485 Y96.429
G1 F3000 X127.509 Y100.069 E3008.59222
G0 F9000 X127.509 Y99.85
G0 X125.039 Y99.85
G0 X125.039 Y100.069
G1 F3000 X121.399 Y96.43 E3008.76341
G0 F9000 X120.676 Y96.429
G1 F3000 X107.091 Y100.069 E3009.23119
G0 F9000 X106.804 Y100.069
G1 F3000 X107.779 Y96.429 E3009.35652
G0 F9000 X107.779 Y96.65
G0 X110.085 Y96.65
G0 X110.085 Y96.43
G1 F3000 X113.725 Y100.069 E3009.52772
G0 F9000 X113.725 Y99.85
G0 X115.086 Y99.85
G0 X115.086 Y100.069
G1 F3000 X116.062 Y96.428 E3009.65309
G0 F9000 X115.742 Y96.43
G1 F3000 X119.382 Y100.069 E3009.82428
G1 X119.227 Y100.07
G1 X120.203 Y96.428 E3009.94969
G0 F9000 X120.203 Y96.65
G0 X124.344 Y96.65
G0 X124.344 Y96.428
G1 F3000 X123.368 Y100.069 E3010.07507
G0 F9000 X122.546 Y100.069
G1 F3000 X136.132 Y96.429 E3010.54287
G0 F9000 X136.132 Y96.65
G0 X138.001 Y99.85
G0 X138.001 Y100.069
G1 F3000 X151.586 Y96.429 E3011.01065
G0 F9000 X151.586 Y96.65
G0 X153.332 Y96.65
G0 X153.332 Y96.428
G1 F3000 X152.356 Y100.069 E3011.13603
G0 F9000 X152.356 Y99.85
G0 X156.497 Y99.85
G0 X156.497 Y100.069
G1 F3000 X157.473 Y96.428 E3011.2614
G0 F9000 X157.473 Y96.65
G0 X155.34 Y96.65
G0 X155.34 Y96.43
G1 F3000 X158.98 Y100.069 E3011.43259
G0 F9000 X158.98 Y99.85
G0 X160.638 Y99.85
G0 X160.638 Y100.07
G1 F3000 X161.614 Y96.428 E3011.558
G0 F9000 X160.997 Y96.43
G1 F3000 X164.637 Y100.069 E3011.72919
G1 X164.779 Y100.069
G1 X165.755 Y96.428 E3011.85457
G0 F9000 X165.755 Y96.65
G0 X169.896 Y96.65
G0 X169.896 Y96.429
G1 F3000 X168.92 Y100.069 E3011.97991
G1 X168.91 Y100.069
G1 X182.496 Y96.429 E3012.44772
G1 X182.319 Y96.428
G1 X181.344 Y100.07 E3012.57312
G0 F9000 X181.344 Y99.85
G0 X184.1 Y97.124
G0 X184.319 Y97.124
G1 F3000 X183.625 Y96.43 E3012.60576
G1 F2700 E3007.60576
G0 F9000 X183.625 Y96.65
G0 X140.908 Y96.65
G0 X140.908 Y96.428
G1 F2700 E3012.60576
G1 F3000 X139.933 Y100.07 E3012.73116
G0 F9000 X139.933 Y99.85
G0 X111.92 Y96.65
G0 X111.92 Y96.429
G1 F3000 X110.945 Y100.069 E3012.8565
G0 F9000 X110.945 Y99.85
G0 X108.067 Y99.85
G0 X108.067 Y100.069
G1 F3000 X104.428 Y96.429 E3013.02769
G0 F9000 X103.638 Y96.428
G1 F3000 X102.663 Y100.069 E3013.15306
G0 F9000 X102.41 Y100.069
G1 F3000 X98.771 Y96.429 E3013.32425
G0 F9000 X99.497 Y96.428
G1 F3000 X98.521 Y100.07 E3013.44965
G0 F9000 X98.521 Y99.85
G0 X96.754 Y99.85
G0 X96.754 Y100.069
G1 F3000 X93.114 Y96.429 E3013.62087
G0 F9000 X93.114 Y96.65
G0 X91.215 Y96.65
G0 X91.215 Y96.429
G1 F3000 X90.239 Y100.069 E3013.74621
G0 F9000 X91.097 Y100.069
G1 F3000 X87.457 Y96.429 E3013.91743
G0 F9000 X87.074 Y96.429
G1 F3000 X86.098 Y100.069 E3014.04277
G0 F9000 X85.44 Y100.069
G1 F3000 X81.8 Y96.429 E3014.21398
G0 F9000 X81.8 Y96.65
G0 X82.933 Y96.65
G0 X82.933 Y96.428
G1 F3000 X81.957 Y100.069 E3014.33936
G0 F9000 X81.957 Y99.85
G0 X79.783 Y99.85
G0 X79.783 Y100.069
G1 F3000 X76.144 Y96.429 E3014.51055
G0 F9000 X76.144 Y96.65
G0 X74.651 Y96.65
G0 X74.651 Y96.428
G1 F3000 X73.675 Y100.069 E3014.63593
G0 F9000 X74.126 Y100.069
G1 F3000 X70.487 Y96.429 E3014.80712
G1 X70.509 Y96.429
G1 X69.534 Y100.069 E3014.93245
G0 F9000 X69.534 Y99.85
G0 X68.469 Y99.85
G0 X68.469 Y100.069
G1 F3000 X64.83 Y96.429 E3015.10364
G0 F9000 X64.83 Y96.65
G0 X66.368 Y96.65
G0 X66.368 Y96.429
G1 F3000 X65.393 Y100.069 E3015.22898
G0 F9000 X65.393 Y99.85
G0 X62.813 Y99.85
G0 X62.813 Y100.069
G1 F3000 X59.173 Y96.429 E3015.40019
G0 F9000 X58.858 Y96.429
G1 F3000 X45.272 Y100.069 E3015.868
G0 F9000 X45.842 Y100.069
G1 F3000 X42.202 Y96.429 E3016.03922
G0 F9000 X41.522 Y96.428
G1 F3000 X40.546 Y100.07 E3016.16462
G0 F9000 X40.185 Y100.069
G1 F3000 X36.546 Y96.429 E3016.33581
G0 F9000 X37.381 Y96.428
G1 F3000 X36.405 Y100.07 E3016.46122
G0 F9000 X36.405 Y99.85
G0 X35.9 Y98.498
G0 X35.68 Y98.498
G1 F3000 X43.403 Y96.429 E3016.72715
G0 F9000 X43.403 Y96.65
G0 X45.663 Y96.65
G0 X45.663 Y96.429
G1 F3000 X44.687 Y100.069 E3016.85249
G0 F9000 X44.687 Y99.85
G0 X48.828 Y99.85
G0 X48.828 Y100.069
G1 F3000 X49.804 Y96.429 E3016.97783
G0 F9000 X49.804 Y96.65
G0 X47.859 Y96.65
G0 X47.859 Y96.429
G1 F3000 X51.499 Y100.069 E3017.14905
G0 F9000 X51.499 Y99.85
G0 X52.97 Y99.85
G0 X52.97 Y100.069
G1 F3000 X53.945 Y96.428 E3017.27442
G0 F9000 X53.516 Y96.429
G1 F3000 X57.156 Y100.069 E3017.44563
G1 X57.11 Y100.07
G1 X58.086 Y96.428 E3017.57104
G0 F9000 X58.086 Y96.65
G0 X62.227 Y96.65
G0 X62.227 Y96.428
G1 F3000 X61.252 Y100.07 E3017.69644
G0 F9000 X60.727 Y100.069
G1 F3000 X74.312 Y96.429 E3018.16421
G0 F9000 X74.312 Y96.65
G0 X76.181 Y99.85
G0 X76.181 Y100.069
G1 F3000 X89.767 Y96.429 E3018.63202
G0 F9000 X89.767 Y96.65
G0 X91.637 Y99.85
G0 X91.637 Y100.069
G1 F3000 X105.222 Y96.429 E3019.0998
G0 F9000 X105.222 Y96.65
G0 X95.356 Y96.65
G0 X95.356 Y96.428
G1 F3000 X94.381 Y100.069 E3019.22517
G0 F9000 X94.381 Y99.85
G0 X78.792 Y96.65
G0 X78.792 Y96.428
G1 F3000 X77.816 Y100.07 E3019.35058
G0 F9000 X77.816 Y99.55
G1 F2700 E3014.35058
G0 F9000 X184.13 Y100.33
G0 X184.13 Y101.415
G0 X184.13 Y118.585
G0 X184.13 Y119.67
G0 X184.13 Y123.38
G0 X184.4 Y123.65
;TYPE:WALL-INNER
G1 F2700 E3019.35058
G1 F1500 X184.4 Y119.85 E3019.47696
G1 X35.6 Y119.85 E3024.42607
G1 X35.6 Y123.65 E3024.55246
G1 X184.4 Y123.65 E3029.50157
G0 F9000 X184.8 Y124.05
;TYPE:WALL-OUTER
G1 F1500 X184.8 Y119.45 E3029.65457
G1 X35.2 Y119.45 E3034.63028
G1 X35.2 Y124.05 E3034.78328
G1 X184.8 Y124.05 E3039.75899
G0 F9000 X184.53 Y123.78
G0 X183.329 Y123.35
G0 X183.329 Y123.569
;TYPE:FILL
G1 F3000 X184.305 Y119.928 E3039.88437
G0 F9000 X184.319 Y120.787
G1 F3000 X173.936 Y123.569 E3040.24189
G0 F9000 X173.936 Y123.35
G0 X175.047 Y123.35
G0 X175.047 Y123.569
G1 F3000 X176.023 Y119.928 E3040.36727
G0 F9000 X176.023 Y120.15
G0 X178.84 Y120.15
G0 X178.84 Y119.93
G1 F3000 X182.48 Y123.569 E3040.53846
G0 F9000 X182.48 Y123.35
G0 X179.188 Y123.35
G0 X179.188 Y123.568
G1 F3000 X180.164 Y119.928 E3040.6638
G0 F9000 X180.164 Y120.15
G0 X176.823 Y123.35
G0 X176.823 Y123.569
G1 F3000 X173.183 Y119.93 E3040.83499
G0 F9000 X173.183 Y120.15
G0 X172.064 Y120.15
G0 X172.064 Y119.93
G1 F3000 X158.482 Y123.569 E3041.30266
G1 X158.483 Y123.568
G1 X159.458 Y119.928 E3041.428
G0 F9000 X159.458 Y120.15
G0 X161.87 Y120.15
G0 X161.87 Y119.93
G1 F3000 X165.509 Y123.569 E3041.59917
G0 F9000 X165.509 Y123.35
G0 X166.765 Y123.35
G0 X166.765 Y123.569
G1 F3000 X167.74 Y119.928 E3041.72453
G0 F9000 X167.527 Y119.93
G1 F3000 X171.166 Y123.569 E3041.8957
G0 F9000 X170.906 Y123.569
G1 F3000 X171.881 Y119.928 E3042.02107
G0 F9000 X171.881 Y120.15
G0 X163.599 Y120.15
G0 X163.599 Y119.928
G1 F3000 X162.624 Y123.569 E3042.14643
G0 F9000 X162.624 Y123.35
G0 X159.852 Y123.35
G0 X159.852 Y123.569
G1 F3000 X156.213 Y119.93 E3042.3176
G0 F9000 X156.609 Y119.929
G1 F3000 X143.026 Y123.569 E3042.78532
G1 X142.882 Y123.569
G1 X139.242 Y119.93 E3042.95651
G0 F9000 X138.753 Y119.928
G1 F3000 X137.777 Y123.568 E3043.08185
G0 F9000 X137.225 Y123.569
G1 F3000 X133.585 Y119.93 E3043.25304
G0 F9000 X133.585 Y120.15
G0 X134.611 Y120.15
G0 X134.611 Y119.928
G1 F3000 X133.636 Y123.569 E3043.37841
G0 F9000 X133.636 Y123.35
G0 X131.568 Y123.35
G0 X131.568 Y123.569
G1 F3000 X127.929 Y119.93 E3043.54957
G0 F9000 X127.929 Y120.15
G0 X126.329 Y120.15
G0 X126.329 Y119.928
G1 F3000 X125.354 Y123.569 E3043.67494
G0 F9000 X125.911 Y123.569
G1 F3000 X122.272 Y119.93 E3043.84611
G1 X122.188 Y119.928
G1 X121.213 Y123.569 E3043.97148
G0 F9000 X120.254 Y123.569
G1 F3000 X116.615 Y119.93 E3044.14264
G0 F9000 X116.615 Y120.15
G0 X118.047 Y120.15
G0 X118.047 Y119.928
G1 F3000 X117.072 Y123.569 E3044.26801
G0 F9000 X117.072 Y123.35
G0 X114.597 Y123.35
G0 X114.597 Y123.569
G1 F3000 X110.958 Y119.93 E3044.43918
G0 F9000 X110.245 Y119.929
G1 F3000 X96.66 Y123.569 E3044.90696
G0 F9000 X96.366 Y123.569
G1 F3000 X97.342 Y119.928 E3045.03233
G0 F9000 X97.342 Y120.15
G0 X99.644 Y120.15
G0 X99.644 Y119.929
G1 F3000 X103.283 Y123.569 E3045.20352
G0 F9000 X103.283 Y123.35
G0 X104.648 Y123.35
G0 X104.648 Y123.569
G1 F3000 X105.624 Y119.928 E3045.3289
G0 F9000 X105.3 Y119.929
G1 F3000 X108.94 Y123.569 E3045.50011
G1 X108.789 Y123.569
G1 X109.765 Y119.928 E3045.62549
G0 F9000 X109.765 Y120.15
G0 X113.906 Y120.15
G0 X113.906 Y119.928
G1 F3000 X112.93 Y123.569 E3045.75086
G0 F9000 X112.116 Y123.569
G1 F3000 X125.7 Y119.929 E3046.21861
G0 F9000 X125.7 Y120.15
G0 X127.571 Y123.35
G0 X127.571 Y123.569
G1 F3000 X141.154 Y119.929 E3046.68632
G0 F9000 X141.154 Y120.15
G0 X142.894 Y120.15
G0 X142.894 Y119.928
G1 F3000 X141.918 Y123.569 E3046.8117
G0 F9000 X141.918 Y123.35
G0 X146.059 Y123.35
G0 X146.059 Y123.569
G1 F3000 X147.035 Y119.928 E3046.93707
G0 F9000 X147.035 Y120.15
G0 X144.899 Y120.15
G0 X144.899 Y119.93
G1 F3000 X148.539 Y123.569 E3047.10826
G0 F9000 X148.539 Y123.35
G0 X150.2 Y123.35
G0 X150.2 Y123.569
G1 F3000 X151.176 Y119.928 E3047.23364
G0 F9000 X150.556 Y119.93
G1 F3000 X154.195 Y123.569 E3047.40481
G1 X154.342 Y123.569
G1 X155.317 Y119.928 E3047.53017
G0 F9000 X155.317 Y120.15
G0 X130.47 Y120.15
G0 X130.47 Y119.928
G1 F3000 X129.495 Y123.569 E3047.65554
G0 F9000 X129.495 Y123.35
G0 X101.483 Y120.15
G0 X101.483 Y119.928
G1 F3000 X100.507 Y123.569 E3047.78091
G0 F9000 X100.507 Y123.35
G0 X97.626 Y123.35
G0 X97.626 Y123.569
G1 F3000 X93.987 Y119.929 E3047.95211
G0 F9000 X93.2 Y119.928
G1 F3000 X92.225 Y123.569 E3048.07747
G0 F9000 X91.969 Y123.569
G1 F3000 X88.33 Y119.929 E3048.24866
G0 F9000 X89.059 Y119.928
G1 F3000 X88.084 Y123.569 E3048.37403
G0 F9000 X88.084 Y123.35
G0 X86.312 Y123.35
G0 X86.312 Y123.569
G1 F3000 X82.673 Y119.929 E3048.54522
G0 F9000 X82.673 Y120.15
G0 X80.777 Y120.15
G0 X80.777 Y119.928
G1 F3000 X79.801 Y123.569 E3048.6706
G0 F9000 X80.656 Y123.569
G1 F3000 X77.016 Y119.929 E3048.84181
G0 F9000 X76.636 Y119.928
G1 F3000 X75.66 Y123.57 E3048.96722
G0 F9000 X74.999 Y123.569
G1 F3000 X71.359 Y119.929 E3049.13843
G0 F9000 X71.359 Y120.15
G0 X72.495 Y120.15
G0 X72.495 Y119.928
G1 F3000 X71.519 Y123.569 E3049.26381
G0 F9000 X71.519 Y123.35
G0 X69.342 Y123.35
G0 X69.342 Y123.569
G1 F3000 X65.702 Y119.929 E3049.43502
G0 F9000 X65.702 Y120.15
G0 X64.213 Y120.15
G0 X64.213 Y119.929
G1 F3000 X63.237 Y123.569 E3049.56037
G0 F9000 X63.685 Y123.569
G1 F3000 X60.046 Y119.929 E3049.73156
G1 X60.072 Y119.928
G1 X59.096 Y123.569 E3049.85693
G0 F9000 X59.096 Y123.35
G0 X58.028 Y123.35
G0 X58.028 Y123.569
G1 F3000 X54.389 Y119.929 E3050.02812
G0 F9000 X54.389 Y120.15
G0 X55.931 Y120.15
G0 X55.931 Y119.928
G1 F3000 X54.955 Y123.57 E3050.15353
G0 F9000 X54.955 Y123.35
G0 X52.371 Y123.35
G0 X52.371 Y123.569
G1 F3000 X48.732 Y119.929 E3050.32472
G0 F9000 X48.426 Y119.929
G1 F3000 X35.679 Y123.345 E3050.76365
G0 F9000 X35.9 Y123.345
G0 X38.39 Y123.35
G0 X38.39 Y123.569
G1 F3000 X39.366 Y119.928 E3050.88903
G0 F9000 X39.366 Y120.15
G0 X37.418 Y120.15
G0 X37.418 Y119.929
G1 F3000 X41.058 Y123.569 E3051.06024
G0 F9000 X41.058 Y123.35
G0 X42.532 Y123.35
G0 X42.532 Y123.569
G1 F3000 X43.507 Y119.929 E3051.18557
G0 F9000 X43.075 Y119.929
G1 F3000 X46.715 Y123.569 E3051.35679
G1 X46.673 Y123.569
G1 X47.648 Y119.928 E3051.48216
G0 F9000 X47.648 Y120.15
G0 X51.789 Y120.15
G0 X51.789 Y119.928
G1 F3000 X50.814 Y123.569 E3051.60752
G0 F9000 X50.295 Y123.57
G1 F3000 X63.881 Y119.929 E3052.07534
G0 F9000 X63.881 Y120.15
G0 X65.75 Y123.35
G0 X65.75 Y123.57
G1 F3000 X79.336 Y119.929 E3052.54316
G0 F9000 X79.336 Y120.15
G0 X81.205 Y123.35
G0 X81.205 Y123.57
G1 F3000 X94.791 Y119.929 E3053.01098
G0 F9000 X94.791 Y120.15
G0 X84.918 Y120.15
G0 X84.918 Y119.929
G1 F3000 X83.943 Y123.569 E3053.13631
G0 F9000 X83.943 Y123.35
G0 X68.354 Y120.15
G0 X68.354 Y119.928
G1 F3000 X67.378 Y123.569 E3053.26169
G0 F9000 X67.378 Y123.05
G1 F2700 E3048.26169
;MESH:NONMESH
G0 F300 X67.378 Y123.05 Z8.2
G0 F9000 X184.13 Y119.67
G0 X184.13 Y118.585
G0 X184.13 Y101.415
G0 X184.13 Y100.33
G0 X184.13 Y99.88
G0 X184.4 Y100.15
;TIME_ELAPSED:4611.150260
;LAYER:40
;TYPE:WALL-INNER
;MESH:Garmin_GFC500 BOARDS SUPPORTS.stl
G1 F2700 E3053.26169
G1 F1500 X184.4 Y96.35 E3053.38808
G1 X35.6 Y96.35 E3058.33718
G1 X35.6 Y100.15 E3058.46357
G1 X184.4 Y100.15 E3063.41268
G0 F9000 X184.8 Y100.55
;TYPE:WALL-OUTER
G1 F1500 X184.8 Y95.95 E3063.56568
G1 X35.2 Y95.95 E3068.54139
G1 X35.2 Y100.55 E3068.69439
G1 X184.8 Y100.55 E3073.67011
G0 F9000 X184.53 Y100.28
G0 X181.808 Y99.85
G0 X181.808 Y100.069
;TYPE:FILL
G1 F3000 X178.168 Y96.43 E3073.8413
G1 X178.031 Y96.428
G1 X177.056 Y100.069 E3073.96666
G0 F9000 X176.151 Y100.069
G1 F3000 X172.512 Y96.43 E3074.13783
G0 F9000 X172.512 Y96.65
G0 X173.89 Y96.65
G0 X173.89 Y96.428
G1 F3000 X172.915 Y100.069 E3074.2632
G0 F9000 X172.915 Y99.85
G0 X170.494 Y99.85
G0 X170.494 Y100.069
G1 F3000 X166.855 Y96.43 E3074.43437
G0 F9000 X167.59 Y96.429
G1 F3000 X154.004 Y100.069 E3074.90217
G0 F9000 X153.524 Y100.069
G1 F3000 X149.884 Y96.43 E3075.07337
G0 F9000 X149.043 Y96.429
G1 F3000 X148.068 Y100.069 E3075.1987
G0 F9000 X147.867 Y100.069
G1 F3000 X144.227 Y96.43 E3075.36989
G0 F9000 X144.902 Y96.428
G1 F3000 X143.927 Y100.069 E3075.49526
G0 F9000 X143.927 Y99.85
G0 X142.21 Y99.85
G0 X142.21 Y100.069
G1 F3000 X138.571 Y96.43 E3075.66643
G0 F9000 X138.571 Y96.65
G0 X136.68 Y96.65
G0 X136.68 Y96.429
G1 F3000 X123.095 Y100.069 E3076.1342
G1 X123.221 Y100.069
G1 X124.197 Y96.428 E3076.25958
G0 F9000 X124.197 Y96.65
G0 X121.6 Y96.65
G0 X121.6 Y96.43
G1 F3000 X125.239 Y100.069 E3076.43075
G0 F9000 X125.239 Y99.85
G0 X127.362 Y99.85
G0 X127.362 Y100.069
G1 F3000 X128.338 Y96.429 E3076.55609
G0 F9000 X128.338 Y96.65
G0 X127.257 Y96.65
G0 X127.257 Y96.43
G1 F3000 X130.896 Y100.069 E3076.72726
G0 F9000 X131.503 Y100.069
G1 F3000 X132.479 Y96.428 E3076.85263
G0 F9000 X132.914 Y96.43
G1 F3000 X136.553 Y100.069 E3077.0238
G0 F9000 X135.645 Y100.069
G1 F3000 X136.62 Y96.428 E3077.14917
G0 F9000 X136.62 Y96.65
G0 X138.549 Y99.85
G0 X138.549 Y100.069
G1 F3000 X152.135 Y96.429 E3077.61698
G0 F9000 X152.135 Y96.65
G0 X153.185 Y96.65
G0 X153.185 Y96.428
G1 F3000 X152.209 Y100.069 E3077.74235
G0 F9000 X152.209 Y99.85
G0 X156.35 Y99.85
G0 X156.35 Y100.069
G1 F3000 X157.326 Y96.428 E3077.86773
G0 F9000 X157.326 Y96.65
G0 X155.541 Y96.65
G0 X155.541 Y96.43
G1 F3000 X159.181 Y100.069 E3078.03892
G0 F9000 X159.181 Y99.85
G0 X160.491 Y99.85
G0 X160.491 Y100.07
G1 F3000 X161.467 Y96.428 E3078.16433
G0 F9000 X161.198 Y96.43
G1 F3000 X164.837 Y100.069 E3078.33549
G0 F9000 X164.632 Y100.069
G1 F3000 X165.608 Y96.428 E3078.46087
G0 F9000 X165.608 Y96.65
G0 X169.749 Y96.65
G0 X169.749 Y96.429
G1 F3000 X168.773 Y100.069 E3078.58621
G0 F9000 X169.459 Y100.069
G1 F3000 X183.044 Y96.429 E3079.05399
G0 F9000 X183.825 Y96.43
G1 F3000 X184.319 Y96.923 E3079.0772
G0 F9000 X184.1 Y96.923
G0 X182.172 Y96.65
G0 X182.172 Y96.428
G1 F3000 X181.197 Y100.07 E3079.2026
G1 F2700 E3074.2026
G0 F9000 X181.197 Y99.85
G0 X140.761 Y96.65
G0 X140.761 Y96.428
G1 F2700 E3079.2026
G1 F3000 X139.786 Y100.07 E3079.328
G0 F9000 X139.786 Y99.85
G0 X121.225 Y96.65
G0 X121.225 Y96.429
G1 F3000 X107.64 Y100.069 E3079.79578
G0 F9000 X108.268 Y100.069
G1 F3000 X104.629 Y96.429 E3079.96697
G0 F9000 X104.629 Y96.65
G0 X103.491 Y96.65
G0 X103.491 Y96.428
G1 F3000 X102.516 Y100.069 E3080.09234
G1 X102.611 Y100.069
G1 X98.972 Y96.429 E3080.26353
G0 F9000 X99.35 Y96.428
G1 F3000 X98.374 Y100.07 E3080.38893
G0 F9000 X98.374 Y99.85
G0 X96.954 Y99.85
G0 X96.954 Y100.069
G1 F3000 X93.315 Y96.429 E3080.56012
G0 F9000 X93.315 Y96.65
G0 X95.209 Y96.65
G0 X95.209 Y96.428
G1 F3000 X94.234 Y100.069 E3080.68549
G0 F9000 X94.234 Y99.85
G0 X92.185 Y99.85
G0 X92.185 Y100.069
G1 F3000 X105.77 Y96.429 E3081.15327
G0 F9000 X105.77 Y96.65
G0 X107.632 Y96.65
G0 X107.632 Y96.429
G1 F3000 X106.657 Y100.069 E3081.2786
G0 F9000 X106.657 Y99.85
G0 X110.798 Y99.85
G0 X110.798 Y100.069
G1 F3000 X111.773 Y96.428 E3081.40397
G0 F9000 X111.773 Y96.65
G0 X110.286 Y96.65
G0 X110.286 Y96.43
G1 F3000 X113.926 Y100.069 E3081.57516
G0 F9000 X113.926 Y99.85
G0 X114.939 Y99.85
G0 X114.939 Y100.069
G1 F3000 X115.915 Y96.428 E3081.70054
G1 X115.943 Y96.43
G1 X119.583 Y100.069 E3081.87173
G0 F9000 X119.08 Y100.07
G1 F3000 X120.056 Y96.428 E3081.99714
G0 F9000 X120.056 Y96.65
G0 X91.298 Y99.85
G0 X91.298 Y100.069
G1 F3000 X87.658 Y96.429 E3082.16835
G0 F9000 X86.927 Y96.429
G1 F3000 X85.951 Y100.069 E3082.29369
G0 F9000 X85.641 Y100.069
G1 F3000 X82.001 Y96.429 E3082.46491
G0 F9000 X82.786 Y96.428
G1 F3000 X81.81 Y100.069 E3082.59028
G0 F9000 X81.81 Y99.85
G0 X79.984 Y99.85
G0 X79.984 Y100.069
G1 F3000 X76.344 Y96.429 E3082.7615
G0 F9000 X76.344 Y96.65
G0 X74.861 Y96.65
G0 X74.861 Y96.429
G1 F3000 X61.275 Y100.069 E3083.22931
G1 X61.105 Y100.069
G1 X62.08 Y96.428 E3083.35467
G0 F9000 X62.08 Y96.65
G0 X59.406 Y96.65
G0 X59.406 Y96.429
G1 F3000 X45.821 Y100.069 E3083.82245
G0 F9000 X46.043 Y100.069
G1 F3000 X42.403 Y96.429 E3083.99367
G0 F9000 X42.403 Y96.65
G0 X41.375 Y96.65
G0 X41.375 Y96.429
G1 F3000 X40.399 Y100.069 E3084.11901
G1 X40.386 Y100.069
G1 X36.746 Y96.429 E3084.29022
G0 F9000 X37.234 Y96.428
G1 F3000 X36.258 Y100.07 E3084.41563
G0 F9000 X36.258 Y99.85
G0 X35.9 Y98.645
G0 X35.68 Y98.645
G1 F3000 X43.952 Y96.429 E3084.70046
G0 F9000 X43.952 Y96.65
G0 X45.516 Y96.65
G0 X45.516 Y96.429
G1 F3000 X44.54 Y100.069 E3084.8258
G0 F9000 X44.54 Y99.85
G0 X48.681 Y99.85
G0 X48.681 Y100.069
G1 F3000 X49.657 Y96.429 E3084.95115
G0 F9000 X49.657 Y96.65
G0 X48.06 Y96.65
G0 X48.06 Y96.429
G1 F3000 X51.7 Y100.069 E3085.12236
G0 F9000 X51.7 Y99.85
G0 X52.822 Y99.85
G0 X52.822 Y100.07
G1 F3000 X53.798 Y96.428 E3085.24777
G1 X53.717 Y96.429
G1 X57.356 Y100.069 E3085.41896
G0 F9000 X56.963 Y100.07
G1 F3000 X57.939 Y96.428 E3085.54437
G0 F9000 X57.939 Y96.65
G0 X59.374 Y96.65
G0 X59.374 Y96.429
G1 F3000 X63.013 Y100.069 E3085.71556
G0 F9000 X63.013 Y99.85
G0 X65.246 Y99.85
G0 X65.246 Y100.069
G1 F3000 X66.221 Y96.429 E3085.84089
G0 F9000 X66.221 Y96.65
G0 X65.031 Y96.65
G0 X65.031 Y96.429
G1 F3000 X68.67 Y100.069 E3086.01208
G0 F9000 X69.387 Y100.069
G1 F3000 X70.362 Y96.428 E3086.13745
G0 F9000 X70.688 Y96.429
G1 F3000 X74.327 Y100.069 E3086.30864
G0 F9000 X73.528 Y100.069
G1 F3000 X74.504 Y96.428 E3086.43402
G0 F9000 X74.504 Y96.65
G0 X78.645 Y96.65
G0 X78.645 Y96.428
G1 F3000 X77.669 Y100.07 E3086.55943
G0 F9000 X76.73 Y100.069
G1 F3000 X90.316 Y96.429 E3087.02724
G0 F9000 X91.068 Y96.428
G1 F3000 X90.092 Y100.069 E3087.15261
G0 F9000 X90.092 Y99.55
G1 F2700 E3082.15261
G0 F9000 X184.13 Y100.33
G0 X184.13 Y101.415
G0 X184.13 Y118.585
G0 X184.13 Y119.67
G0 X184.13 Y123.38
G0 X184.4 Y123.65
;TYPE:WALL-INNER
G1 F2700 E3087.15261
G1 F1500 X184.4 Y119.85 E3087.279
G1 X35.6 Y119.85 E3092.22811
G1 X35.6 Y123.65 E3092.3545
G1 X184.4 Y123.65 E3097.3036
G0 F9000 X184.8 Y124.05
;TYPE:WALL-OUTER
G1 F1500 X184.8 Y119.45 E3097.4566
G1 X35.2 Y119.45 E3102.43232
G1 X35.2 Y124.05 E3102.58531
G1 X184.8 Y124.05 E3107.56103
G0 F9000 X184.53 Y123.78
G0 X183.182 Y123.35
G0 X183.182 Y123.569
;TYPE:FILL
G1 F3000 X184.158 Y119.928 E3107.68641
G0 F9000 X184.158 Y120.15
G0 X184.1 Y120.934
G0 X184.319 Y120.934
G1 F3000 X174.485 Y123.569 E3108.02502
G0 F9000 X174.9 Y123.569
G1 F3000 X175.876 Y119.928 E3108.1504
G0 F9000 X175.876 Y120.15
G0 X173.384 Y120.15
G0 X173.384 Y119.93
G1 F3000 X177.024 Y123.569 E3108.32159
G0 F9000 X177.024 Y123.35
G0 X179.041 Y123.35
G0 X179.041 Y123.569
G1 F3000 X180.017 Y119.928 E3108.44697
G0 F9000 X179.041 Y119.93
G1 F3000 X182.681 Y123.569 E3108.61816
G0 F9000 X182.681 Y123.35
G0 X172.612 Y120.15
G0 X172.612 Y119.93
G1 F3000 X159.03 Y123.569 E3109.08583
G0 F9000 X158.335 Y123.569
G1 F3000 X159.311 Y119.928 E3109.2112
G0 F9000 X159.311 Y120.15
G0 X157.158 Y120.15
G0 X157.158 Y119.929
G1 F3000 X143.575 Y123.569 E3109.67892
G0 F9000 X143.083 Y123.569
G1 F3000 X139.443 Y119.93 E3109.85011
G0 F9000 X138.606 Y119.928
G1 F3000 X137.63 Y123.569 E3109.97548
G0 F9000 X137.426 Y123.569
G1 F3000 X133.786 Y119.93 E3110.14667
G0 F9000 X134.464 Y119.928
G1 F3000 X133.489 Y123.569 E3110.27204
G0 F9000 X133.489 Y123.35
G0 X131.769 Y123.35
G0 X131.769 Y123.569
G1 F3000 X128.129 Y119.93 E3110.44323
G0 F9000 X128.129 Y120.15
G0 X126.248 Y120.15
G0 X126.248 Y119.929
G1 F3000 X112.665 Y123.569 E3110.91095
G1 X112.783 Y123.569
G1 X113.759 Y119.928 E3111.03632
G0 F9000 X113.759 Y120.15
G0 X111.159 Y120.15
G0 X111.159 Y119.93
G1 F3000 X114.798 Y123.569 E3111.20749
G0 F9000 X114.798 Y123.35
G0 X116.924 Y123.35
G0 X116.924 Y123.569
G1 F3000 X117.9 Y119.928 E3111.33286
G0 F9000 X117.9 Y120.15
G0 X116.816 Y120.15
G0 X116.816 Y119.93
G1 F3000 X120.455 Y123.569 E3111.50403
G0 F9000 X121.066 Y123.569
G1 F3000 X122.041 Y119.928 E3111.6294
G0 F9000 X122.473 Y119.93
G1 F3000 X126.112 Y123.569 E3111.80057
G0 F9000 X125.207 Y123.569
G1 F3000 X126.182 Y119.928 E3111.92593
G0 F9000 X126.182 Y120.15
G0 X128.119 Y123.35
G0 X128.119 Y123.569
G1 F3000 X141.703 Y119.929 E3112.39368
G0 F9000 X141.703 Y120.15
G0 X142.747 Y120.15
G0 X142.747 Y119.928
G1 F3000 X141.771 Y123.569 E3112.51905
G0 F9000 X141.771 Y123.35
G0 X145.912 Y123.35
G0 X145.912 Y123.569
G1 F3000 X146.888 Y119.928 E3112.64443
G0 F9000 X146.888 Y120.15
G0 X145.1 Y120.15
G0 X145.1 Y119.93
G1 F3000 X148.739 Y123.569 E3112.8156
G0 F9000 X148.739 Y123.35
G0 X150.053 Y123.35
G0 X150.053 Y123.569
G1 F3000 X151.029 Y119.928 E3112.94097
G0 F9000 X150.757 Y119.93
G1 F3000 X154.396 Y123.569 E3113.11214
G0 F9000 X154.195 Y123.569
G1 F3000 X155.17 Y119.928 E3113.23751
G0 F9000 X155.17 Y120.15
G0 X156.414 Y120.15
G0 X156.414 Y119.93
G1 F3000 X160.053 Y123.569 E3113.40867
G0 F9000 X160.053 Y123.35
G0 X162.477 Y123.35
G0 X162.477 Y123.569
G1 F3000 X163.452 Y119.928 E3113.53404
G0 F9000 X163.452 Y120.15
G0 X162.07 Y120.15
G0 X162.07 Y119.93
G1 F3000 X165.71 Y123.569 E3113.70523
G0 F9000 X166.618 Y123.569
G1 F3000 X167.593 Y119.928 E3113.8306
G1 X167.727 Y119.93
G1 X171.367 Y123.569 E3114.00179
G0 F9000 X170.759 Y123.569
G1 F3000 X171.734 Y119.928 E3114.12716
G1 F2700 E3109.12716
G0 F9000 X171.734 Y120.15
G0 X130.323 Y120.15
G0 X130.323 Y119.928
G1 F2700 E3114.12716
G1 F3000 X129.348 Y123.569 E3114.25252
G0 F9000 X129.348 Y123.35
G0 X110.794 Y120.15
G0 X110.794 Y119.929
G1 F3000 X97.209 Y123.569 E3114.7203
G0 F9000 X97.827 Y123.569
G1 F3000 X94.188 Y119.929 E3114.89149
G0 F9000 X94.188 Y120.15
G0 X93.053 Y120.15
G0 X93.053 Y119.928
G1 F3000 X92.078 Y123.569 E3115.01686
G1 X92.17 Y123.569
G1 X88.531 Y119.929 E3115.18805
G0 F9000 X88.912 Y119.928
G1 F3000 X87.937 Y123.569 E3115.31342
G0 F9000 X87.937 Y123.35
G0 X86.513 Y123.35
G0 X86.513 Y123.569
G1 F3000 X82.874 Y119.929 E3115.48461
G0 F9000 X82.874 Y120.15
G0 X84.771 Y120.15
G0 X84.771 Y119.928
G1 F3000 X83.796 Y123.569 E3115.60997
G0 F9000 X83.796 Y123.35
G0 X81.753 Y123.35
G0 X81.753 Y123.57
G1 F3000 X95.339 Y119.929 E3116.07779
G0 F9000 X95.339 Y120.15
G0 X97.195 Y120.15
G0 X97.195 Y119.928
G1 F3000 X96.219 Y123.569 E3116.20317
G0 F9000 X96.219 Y123.35
G0 X100.36 Y123.35
G0 X100.36 Y123.569
G1 F3000 X101.336 Y119.928 E3116.32854
G0 F9000 X101.336 Y120.15
G0 X99.844 Y120.15
G0 X99.844 Y119.929
G1 F3000 X103.484 Y123.569 E3116.49976
G0 F9000 X103.484 Y123.35
G0 X104.501 Y123.35
G0 X104.501 Y123.569
G1 F3000 X105.477 Y119.928 E3116.62513
G1 X105.501 Y119.929
G1 X109.141 Y123.569 E3116.79635
G0 F9000 X108.642 Y123.569
G1 F3000 X109.618 Y119.928 E3116.92172
G0 F9000 X109.618 Y120.15
G0 X80.63 Y120.15
G0 X80.63 Y119.928
G1 F3000 X79.654 Y123.569 E3117.0471
G0 F9000 X79.654 Y123.35
G0 X80.856 Y123.35
G0 X80.856 Y123.569
G1 F3000 X77.217 Y119.929 E3117.21829
G0 F9000 X76.489 Y119.928
G1 F3000 X75.513 Y123.569 E3117.34366
G0 F9000 X75.2 Y123.569
G1 F3000 X71.56 Y119.929 E3117.51488
G0 F9000 X72.348 Y119.928
G1 F3000 X71.372 Y123.569 E3117.64025
G0 F9000 X71.372 Y123.35
G0 X69.543 Y123.35
G0 X69.543 Y123.569
G1 F3000 X65.903 Y119.929 E3117.81147
G0 F9000 X65.903 Y120.15
G0 X64.43 Y120.15
G0 X64.43 Y119.929
G1 F3000 X50.843 Y123.57 E3118.27932
G1 X50.667 Y123.569
G1 X51.642 Y119.928 E3118.40469
G0 F9000 X51.642 Y120.15
G0 X48.974 Y120.15
G0 X48.974 Y119.929
G1 F3000 X35.679 Y123.492 E3118.86248
G0 F9000 X35.87 Y123.38
G0 X38.243 Y123.35
G0 X38.243 Y123.569
G1 F3000 X39.219 Y119.928 E3118.98786
G0 F9000 X39.219 Y120.15
G0 X37.619 Y120.15
G0 X37.619 Y119.929
G1 F3000 X41.258 Y123.569 E3119.15905
G0 F9000 X41.258 Y123.35
G0 X42.385 Y123.35
G0 X42.385 Y123.569
G1 F3000 X43.36 Y119.929 E3119.28439
G1 X43.276 Y119.929
G1 X46.915 Y123.569 E3119.45558
G0 F9000 X46.526 Y123.569
G1 F3000 X47.501 Y119.928 E3119.58094
G0 F9000 X47.501 Y120.15
G0 X48.933 Y120.15
G0 X48.933 Y119.929
G1 F3000 X52.572 Y123.569 E3119.75213
G0 F9000 X52.572 Y123.35
G0 X54.808 Y123.35
G0 X54.808 Y123.569
G1 F3000 X55.784 Y119.928 E3119.87751
G0 F9000 X55.784 Y120.15
G0 X54.59 Y120.15
G0 X54.59 Y119.929
G1 F3000 X58.229 Y123.569 E3120.0487
G0 F9000 X58.949 Y123.569
G1 F3000 X59.925 Y119.928 E3120.17408
G0 F9000 X60.246 Y119.929
G1 F3000 X63.886 Y123.569 E3120.34529
G0 F9000 X63.09 Y123.569
G1 F3000 X64.066 Y119.929 E3120.47063
G0 F9000 X64.066 Y120.15
G0 X68.207 Y120.15
G0 X68.207 Y119.928
G1 F3000 X67.231 Y123.569 E3120.59601
G0 F9000 X66.299 Y123.57
G1 F3000 X79.885 Y119.929 E3121.06383
G0 F9000 X79.885 Y120.45
G1 F2700 E3116.06383
;MESH:NONMESH
G0 F300 X79.885 Y120.45 Z8.4
G0 F9000 X184.13 Y119.67
G0 X184.13 Y118.585
G0 X184.13 Y101.415
G0 X184.13 Y100.33
G0 X184.13 Y99.88
G0 X184.4 Y100.15
;TIME_ELAPSED:4709.050631
;LAYER:41
;TYPE:WALL-INNER
;MESH:Garmin_GFC500 BOARDS SUPPORTS.stl
G1 F2700 E3121.06383
G1 F1500 X184.4 Y96.35 E3121.19022
G1 X35.6 Y96.35 E3126.13932
G1 X35.6 Y100.15 E3126.26571
G1 X184.4 Y100.15 E3131.21482
G0 F9000 X184.8 Y100.55
;TYPE:WALL-OUTER
G1 F1500 X184.8 Y95.95 E3131.36782
G1 X35.2 Y95.95 E3136.34353
G1 X35.2 Y100.55 E3136.49653
G1 X184.8 Y100.55 E3141.47225
G0 F9000 X184.53 Y100.28
G0 X182.007 Y99.85
G0 X182.007 Y100.069
;TYPE:FILL
G1 F3000 X178.368 Y96.43 E3141.64341
G0 F9000 X177.885 Y96.428
G1 F3000 X176.91 Y100.069 E3141.76878
G0 F9000 X176.351 Y100.069
G1 F3000 X172.711 Y96.43 E3141.93997
G0 F9000 X172.711 Y96.65
G0 X173.744 Y96.65
G0 X173.744 Y96.429
G1 F3000 X172.769 Y100.069 E3142.06531
G0 F9000 X172.769 Y99.85
G0 X170.694 Y99.85
G0 X170.694 Y100.069
G1 F3000 X167.054 Y96.43 E3142.2365
G0 F9000 X167.054 Y96.65
G0 X168.134 Y96.65
G0 X168.134 Y96.429
G1 F3000 X154.549 Y100.069 E3142.70427
G0 F9000 X153.723 Y100.069
G1 F3000 X150.084 Y96.43 E3142.87544
G0 F9000 X150.084 Y96.65
G0 X148.898 Y96.65
G0 X148.898 Y96.428
G1 F3000 X147.922 Y100.069 E3143.00082
G1 X148.066 Y100.069
G1 X144.427 Y96.43 E3143.17198
G0 F9000 X144.756 Y96.428
G1 F3000 X143.781 Y100.07 E3143.29738
G0 F9000 X143.781 Y99.85
G0 X142.409 Y99.85
G0 X142.409 Y100.069
G1 F3000 X138.77 Y96.43 E3143.46855
G0 F9000 X138.77 Y96.65
G0 X137.225 Y96.65
G0 X137.225 Y96.429
G1 F3000 X123.639 Y100.069 E3143.93636
G0 F9000 X123.075 Y100.07
G1 F3000 X124.051 Y96.428 E3144.06177
G0 F9000 X124.051 Y96.65
G0 X121.799 Y96.65
G0 X121.799 Y96.43
G1 F3000 X125.439 Y100.069 E3144.23296
G0 F9000 X125.439 Y99.85
G0 X127.216 Y99.85
G0 X127.216 Y100.069
G1 F3000 X128.192 Y96.428 E3144.35833
G0 F9000 X127.456 Y96.43
G1 F3000 X131.096 Y100.069 E3144.52953
G0 F9000 X131.357 Y100.069
G1 F3000 X132.333 Y96.429 E3144.65487
G0 F9000 X133.113 Y96.43
G1 F3000 X136.753 Y100.069 E3144.82606
G0 F9000 X136.753 Y99.85
G0 X135.499 Y99.85
G0 X135.499 Y100.069
G1 F3000 X136.474 Y96.428 E3144.95143
G0 F9000 X136.474 Y96.65
G0 X140.615 Y96.65
G0 X140.615 Y96.428
G1 F3000 X139.64 Y100.069 E3145.07679
G0 F9000 X139.094 Y100.069
G1 F3000 X152.68 Y96.429 E3145.5446
G0 F9000 X153.038 Y96.429
G1 F3000 X152.063 Y100.069 E3145.66994
G0 F9000 X152.063 Y99.85
G0 X156.204 Y99.85
G0 X156.204 Y100.069
G1 F3000 X157.18 Y96.428 E3145.79531
G0 F9000 X157.18 Y96.65
G0 X155.74 Y96.65
G0 X155.74 Y96.43
G1 F3000 X159.38 Y100.069 E3145.9665
G0 F9000 X160.345 Y100.069
G1 F3000 X161.321 Y96.428 E3146.09188
G1 X161.397 Y96.43
G1 X165.037 Y100.069 E3146.26307
G0 F9000 X164.486 Y100.07
G1 F3000 X165.462 Y96.428 E3146.38848
G0 F9000 X165.462 Y96.65
G0 X169.603 Y96.65
G0 X169.603 Y96.428
G1 F3000 X168.627 Y100.069 E3146.51385
G0 F9000 X168.627 Y99.85
G0 X170.003 Y99.85
G0 X170.003 Y100.069
G1 F3000 X183.589 Y96.429 E3146.98166
G0 F9000 X184.025 Y96.43
G1 F3000 X184.319 Y96.724 E3146.99549
G0 F9000 X184.1 Y96.724
G0 X182.026 Y96.65
G0 X182.026 Y96.428
G1 F3000 X181.051 Y100.069 E3147.12086
G1 F2700 E3142.12086
G0 F9000 X181.051 Y99.85
G0 X121.77 Y96.65
G0 X121.77 Y96.429
G1 F2700 E3147.12086
G1 F3000 X108.185 Y100.069 E3147.58864
G0 F9000 X108.468 Y100.069
G1 F3000 X104.828 Y96.429 E3147.75985
G0 F9000 X104.828 Y96.65
G0 X103.345 Y96.65
G0 X103.345 Y96.428
G1 F3000 X102.37 Y100.07 E3147.88525
G0 F9000 X102.811 Y100.069
G1 F3000 X99.171 Y96.429 E3148.05646
G1 X99.204 Y96.428
G1 X98.229 Y100.069 E3148.18183
G0 F9000 X98.229 Y99.85
G0 X97.154 Y99.85
G0 X97.154 Y100.069
G1 F3000 X93.514 Y96.429 E3148.35305
G0 F9000 X93.514 Y96.65
G0 X95.063 Y96.65
G0 X95.063 Y96.428
G1 F3000 X94.088 Y100.069 E3148.47841
G0 F9000 X94.088 Y99.85
G0 X92.73 Y99.85
G0 X92.73 Y100.069
G1 F3000 X106.316 Y96.429 E3148.94622
G0 F9000 X106.316 Y96.65
G0 X107.487 Y96.65
G0 X107.487 Y96.428
G1 F3000 X106.511 Y100.069 E3149.0716
G0 F9000 X106.511 Y99.85
G0 X110.652 Y99.85
G0 X110.652 Y100.069
G1 F3000 X111.627 Y96.429 E3149.19693
G0 F9000 X111.627 Y96.65
G0 X110.486 Y96.65
G0 X110.486 Y96.43
G1 F3000 X114.125 Y100.069 E3149.3681
G0 F9000 X114.793 Y100.069
G1 F3000 X115.769 Y96.428 E3149.49348
G0 F9000 X116.142 Y96.43
G1 F3000 X119.782 Y100.069 E3149.66467
G0 F9000 X118.934 Y100.069
G1 F3000 X119.91 Y96.428 E3149.79004
G0 F9000 X119.91 Y96.65
G0 X91.497 Y99.85
G0 X91.497 Y100.069
G1 F3000 X87.858 Y96.429 E3149.96123
G0 F9000 X87.858 Y96.65
G0 X86.781 Y96.65
G0 X86.781 Y96.428
G1 F3000 X85.805 Y100.069 E3150.08661
G1 X85.84 Y100.069
G1 X82.201 Y96.429 E3150.2578
G0 F9000 X82.64 Y96.428
G1 F3000 X81.664 Y100.07 E3150.38321
G0 F9000 X81.664 Y99.85
G0 X80.183 Y99.85
G0 X80.183 Y100.069
G1 F3000 X76.544 Y96.429 E3150.5544
G0 F9000 X76.544 Y96.65
G0 X75.406 Y96.65
G0 X75.406 Y96.429
G1 F3000 X61.82 Y100.069 E3151.02221
G0 F9000 X60.959 Y100.07
G1 F3000 X61.934 Y96.428 E3151.14761
G0 F9000 X61.934 Y96.65
G0 X59.951 Y96.65
G0 X59.951 Y96.429
G1 F3000 X46.365 Y100.069 E3151.61542
G1 X46.242 Y100.069
G1 X42.603 Y96.429 E3151.78661
G0 F9000 X42.603 Y96.65
G0 X41.229 Y96.65
G0 X41.229 Y96.428
G1 F3000 X40.253 Y100.07 E3151.91201
G0 F9000 X40.585 Y100.069
G1 F3000 X36.946 Y96.429 E3152.08321
G1 X37.088 Y96.428
G1 X36.112 Y100.069 E3152.20858
G0 F9000 X36.112 Y99.85
G0 X35.9 Y98.791
G0 X35.679 Y98.791
G1 F3000 X44.496 Y96.429 E3152.51218
G0 F9000 X45.37 Y96.428
G1 F3000 X44.394 Y100.069 E3152.63755
G0 F9000 X44.394 Y99.85
G0 X48.535 Y99.85
G0 X48.535 Y100.069
G1 F3000 X49.511 Y96.429 E3152.76289
G0 F9000 X49.511 Y96.65
G0 X48.26 Y96.65
G0 X48.26 Y96.429
G1 F3000 X51.899 Y100.069 E3152.93409
G0 F9000 X52.677 Y100.069
G1 F3000 X53.652 Y96.429 E3153.05942
G0 F9000 X53.916 Y96.429
G1 F3000 X57.556 Y100.069 E3153.23064
G0 F9000 X56.818 Y100.069
G1 F3000 X57.793 Y96.428 E3153.356
G0 F9000 X57.793 Y96.65
G0 X59.573 Y96.65
G0 X59.573 Y96.429
G1 F3000 X63.213 Y100.069 E3153.52722
G0 F9000 X63.213 Y99.85
G0 X65.1 Y99.85
G0 X65.1 Y100.069
G1 F3000 X66.075 Y96.428 E3153.65258
G0 F9000 X65.23 Y96.429
G1 F3000 X68.87 Y100.069 E3153.8238
G0 F9000 X69.241 Y100.069
G1 F3000 X70.216 Y96.429 E3153.94913
G0 F9000 X70.887 Y96.429
G1 F3000 X74.526 Y100.069 E3154.12032
G0 F9000 X74.526 Y99.85
G0 X73.382 Y99.85
G0 X73.382 Y100.069
G1 F3000 X74.358 Y96.429 E3154.24567
G0 F9000 X74.358 Y96.65
G0 X78.499 Y96.65
G0 X78.499 Y96.428
G1 F3000 X77.523 Y100.069 E3154.37104
G0 F9000 X77.275 Y100.069
G1 F3000 X90.86 Y96.429 E3154.83882
G1 X90.922 Y96.429
G1 X89.946 Y100.069 E3154.96416
G0 F9000 X89.946 Y99.55
G1 F2700 E3149.96416
G0 F9000 X184.13 Y100.33
G0 X184.13 Y101.415
G0 X184.13 Y118.585
G0 X184.13 Y119.67
G0 X184.13 Y123.38
G0 X184.4 Y123.65
;TYPE:WALL-INNER
G1 F2700 E3154.96416
G1 F1500 X184.4 Y119.85 E3155.09055
G1 X35.6 Y119.85 E3160.03966
G1 X35.6 Y123.65 E3160.16605
G1 X184.4 Y123.65 E3165.11516
G0 F9000 X184.8 Y124.05
;TYPE:WALL-OUTER
G1 F1500 X184.8 Y119.45 E3165.26815
G1 X35.2 Y119.45 E3170.24387
G1 X35.2 Y124.05 E3170.39687
G1 X184.8 Y124.05 E3175.37258
G0 F9000 X184.53 Y123.78
G0 X183.036 Y123.35
G0 X183.036 Y123.568
;TYPE:FILL
G1 F3000 X184.012 Y119.928 E3175.49793
G0 F9000 X184.012 Y120.15
G0 X184.1 Y121.08
G0 X184.319 Y121.08
G1 F3000 X175.03 Y123.569 E3175.81778
G0 F9000 X174.754 Y123.569
G1 F3000 X175.73 Y119.928 E3175.94315
G0 F9000 X175.73 Y120.15
G0 X173.584 Y120.15
G0 X173.584 Y119.93
G1 F3000 X177.223 Y123.569 E3176.11432
G0 F9000 X177.223 Y123.35
G0 X178.895 Y123.35
G0 X178.895 Y123.569
G1 F3000 X179.871 Y119.928 E3176.2397
G0 F9000 X179.24 Y119.93
G1 F3000 X182.88 Y123.569 E3176.41089
G0 F9000 X182.88 Y123.35
G0 X173.158 Y120.15
G0 X173.158 Y119.929
G1 F3000 X159.575 Y123.569 E3176.8786
G0 F9000 X160.253 Y123.569
G1 F3000 X156.613 Y119.93 E3177.04979
G0 F9000 X156.613 Y120.15
G0 X157.703 Y120.15
G0 X157.703 Y119.929
G1 F3000 X144.119 Y123.569 E3177.51754
G0 F9000 X143.282 Y123.569
G1 F3000 X139.642 Y119.93 E3177.68873
G0 F9000 X139.642 Y120.15
G0 X138.46 Y120.15
G0 X138.46 Y119.928
G1 F3000 X137.484 Y123.569 E3177.8141
G1 X137.625 Y123.569
G1 X133.986 Y119.93 E3177.98527
G0 F9000 X134.318 Y119.928
G1 F3000 X133.343 Y123.569 E3178.11064
G0 F9000 X133.343 Y123.35
G0 X131.968 Y123.35
G0 X131.968 Y123.569
G1 F3000 X128.329 Y119.93 E3178.2818
G0 F9000 X128.329 Y120.15
G0 X126.793 Y120.15
G0 X126.793 Y119.929
G1 F3000 X113.209 Y123.569 E3178.74955
G0 F9000 X112.637 Y123.569
G1 F3000 X113.613 Y119.928 E3178.87493
G0 F9000 X113.613 Y120.15
G0 X111.358 Y120.15
G0 X111.358 Y119.93
G1 F3000 X114.998 Y123.569 E3179.04612
G0 F9000 X114.998 Y123.35
G0 X116.779 Y123.35
G0 X116.779 Y123.569
G1 F3000 X117.754 Y119.928 E3179.17148
G0 F9000 X117.015 Y119.93
G1 F3000 X120.655 Y123.569 E3179.34267
G0 F9000 X120.919 Y123.569
G1 F3000 X121.895 Y119.928 E3179.46805
G0 F9000 X122.672 Y119.93
G1 F3000 X126.311 Y123.569 E3179.63922
G0 F9000 X126.311 Y123.35
G0 X125.061 Y123.35
G0 X125.061 Y123.569
G1 F3000 X126.036 Y119.928 E3179.76458
G0 F9000 X126.036 Y120.15
G0 X130.177 Y120.15
G0 X130.177 Y119.928
G1 F3000 X129.202 Y123.569 E3179.88995
G0 F9000 X128.665 Y123.569
G1 F3000 X142.248 Y119.929 E3180.35766
G0 F9000 X142.601 Y119.928
G1 F3000 X141.625 Y123.569 E3180.48304
G0 F9000 X141.625 Y123.35
G0 X145.766 Y123.35
G0 X145.766 Y123.569
G1 F3000 X146.742 Y119.928 E3180.60841
G0 F9000 X146.742 Y120.15
G0 X145.299 Y120.15
G0 X145.299 Y119.93
G1 F3000 X148.939 Y123.569 E3180.77961
G0 F9000 X149.907 Y123.569
G1 F3000 X150.883 Y119.927 E3180.90501
G1 X150.956 Y119.93
G1 X154.596 Y123.569 E3181.0762
G0 F9000 X154.048 Y123.569
G1 F3000 X155.024 Y119.928 E3181.20158
G0 F9000 X155.024 Y120.15
G0 X159.165 Y120.15
G0 X159.165 Y119.928
G1 F3000 X158.19 Y123.569 E3181.32695
G0 F9000 X158.19 Y123.35
G0 X162.331 Y123.35
G0 X162.331 Y123.569
G1 F3000 X163.306 Y119.928 E3181.45231
G0 F9000 X163.306 Y120.15
G0 X162.27 Y120.15
G0 X162.27 Y119.93
G1 F3000 X165.909 Y123.569 E3181.62348
G0 F9000 X166.472 Y123.569
G1 F3000 X167.447 Y119.928 E3181.74885
G0 F9000 X167.927 Y119.93
G1 F3000 X171.566 Y123.569 E3181.92002
G0 F9000 X170.613 Y123.569
G1 F3000 X171.589 Y119.927 E3182.04542
G1 F2700 E3177.04542
G0 F9000 X171.589 Y120.15
G0 X111.338 Y120.15
G0 X111.338 Y119.929
G1 F2700 E3182.04542
G1 F3000 X97.754 Y123.569 E3182.51317
G0 F9000 X98.026 Y123.569
G1 F3000 X94.387 Y119.929 E3182.68436
G0 F9000 X94.387 Y120.15
G0 X92.907 Y120.15
G0 X92.907 Y119.928
G1 F3000 X91.932 Y123.569 E3182.80973
G0 F9000 X92.37 Y123.569
G1 F3000 X88.73 Y119.929 E3182.98094
G1 X88.766 Y119.929
G1 X87.791 Y123.569 E3183.10628
G0 F9000 X87.791 Y123.35
G0 X86.713 Y123.35
G0 X86.713 Y123.569
G1 F3000 X83.073 Y119.929 E3183.27749
G0 F9000 X83.073 Y120.15
G0 X84.625 Y120.15
G0 X84.625 Y119.928
G1 F3000 X83.65 Y123.569 E3183.40286
G0 F9000 X83.65 Y123.35
G0 X82.299 Y123.35
G0 X82.299 Y123.569
G1 F3000 X95.884 Y119.929 E3183.87063
G0 F9000 X95.884 Y120.15
G0 X97.049 Y120.15
G0 X97.049 Y119.928
G1 F3000 X96.073 Y123.569 E3183.99601
G0 F9000 X96.073 Y123.35
G0 X100.214 Y123.35
G0 X100.214 Y123.569
G1 F3000 X101.19 Y119.928 E3184.12138
G0 F9000 X101.19 Y120.15
G0 X100.044 Y120.15
G0 X100.044 Y119.929
G1 F3000 X103.683 Y123.569 E3184.29258
G0 F9000 X104.355 Y123.569
G1 F3000 X105.331 Y119.928 E3184.41795
G0 F9000 X105.701 Y119.929
G1 F3000 X109.34 Y123.569 E3184.58914
G0 F9000 X108.496 Y123.569
G1 F3000 X109.472 Y119.928 E3184.71452
G0 F9000 X109.472 Y120.15
G0 X81.056 Y123.35
G0 X81.056 Y123.569
G1 F3000 X77.416 Y119.929 E3184.88573
G0 F9000 X77.416 Y120.15
G0 X76.343 Y120.15
G0 X76.343 Y119.928
G1 F3000 X75.368 Y123.569 E3185.0111
G1 X75.399 Y123.569
G1 X71.76 Y119.929 E3185.18229
G0 F9000 X72.202 Y119.928
G1 F3000 X71.226 Y123.569 E3185.30767
G0 F9000 X71.226 Y123.35
G0 X69.742 Y123.35
G0 X69.742 Y123.569
G1 F3000 X66.103 Y119.929 E3185.47886
G0 F9000 X66.103 Y120.15
G0 X64.975 Y120.15
G0 X64.975 Y119.929
G1 F3000 X51.388 Y123.57 E3185.94671
G0 F9000 X50.521 Y123.569
G1 F3000 X51.496 Y119.928 E3186.07207
G0 F9000 X51.496 Y120.15
G0 X49.52 Y120.15
G0 X49.52 Y119.929
G1 F3000 X35.933 Y123.57 E3186.53992
G1 X35.801 Y123.569
G1 X35.679 Y123.447 E3186.54566
G0 F9000 X35.9 Y123.447
G0 X38.097 Y123.35
G0 X38.097 Y123.57
G1 F3000 X39.073 Y119.928 E3186.67107
G0 F9000 X39.073 Y120.15
G0 X37.818 Y120.15
G0 X37.818 Y119.929
G1 F3000 X41.458 Y123.569 E3186.84228
G0 F9000 X42.239 Y123.569
G1 F3000 X43.214 Y119.928 E3186.96765
G0 F9000 X43.475 Y119.929
G1 F3000 X47.115 Y123.569 E3187.13887
G0 F9000 X46.38 Y123.569
G1 F3000 X47.355 Y119.929 E3187.2642
G0 F9000 X47.355 Y120.15
G0 X49.132 Y120.15
G0 X49.132 Y119.929
G1 F3000 X52.772 Y123.569 E3187.43541
G0 F9000 X52.772 Y123.35
G0 X54.662 Y123.35
G0 X54.662 Y123.569
G1 F3000 X55.638 Y119.928 E3187.56079
G0 F9000 X54.789 Y119.929
G1 F3000 X58.428 Y123.569 E3187.73198
G0 F9000 X58.803 Y123.569
G1 F3000 X59.779 Y119.928 E3187.85736
G0 F9000 X60.446 Y119.929
G1 F3000 X64.085 Y123.569 E3188.02855
G0 F9000 X64.085 Y123.35
G0 X62.944 Y123.35
G0 X62.944 Y123.569
G1 F3000 X63.92 Y119.928 E3188.15392
G0 F9000 X63.92 Y120.15
G0 X68.061 Y120.15
G0 X68.061 Y119.929
G1 F3000 X67.085 Y123.569 E3188.27927
G0 F9000 X66.843 Y123.57
G1 F3000 X80.429 Y119.929 E3188.74708
G1 X80.484 Y119.928
G1 X79.508 Y123.569 E3188.87246
G0 F9000 X79.508 Y123.05
G1 F2700 E3183.87246
;MESH:NONMESH
G0 F300 X79.508 Y123.05 Z8.6
G0 F9000 X184.13 Y119.67
G0 X184.13 Y118.585
G0 X184.13 Y101.415
G0 X184.13 Y100.33
G0 X184.13 Y99.88
G0 X184.4 Y100.15
;TIME_ELAPSED:4805.819183
;LAYER:42
;TYPE:WALL-INNER
;MESH:Garmin_GFC500 BOARDS SUPPORTS.stl
G1 F2700 E3188.87246
G1 F1500 X184.4 Y96.35 E3188.99885
G1 X35.6 Y96.35 E3193.94796
G1 X35.6 Y100.15 E3194.07435
G1 X184.4 Y100.15 E3199.02345
G0 F9000 X184.8 Y100.55
;TYPE:WALL-OUTER
G1 F1500 X184.8 Y95.95 E3199.17645
G1 X35.2 Y95.95 E3204.15217
G1 X35.2 Y100.55 E3204.30516
G1 X184.8 Y100.55 E3209.28088
G0 F9000 X184.53 Y100.28
G0 X182.208 Y99.85
G0 X182.208 Y100.069
;TYPE:FILL
G1 F3000 X178.569 Y96.43 E3209.45205
G0 F9000 X177.738 Y96.428
G1 F3000 X176.763 Y100.069 E3209.57741
G0 F9000 X176.551 Y100.069
G1 F3000 X172.912 Y96.43 E3209.74858
G0 F9000 X173.597 Y96.429
G1 F3000 X172.622 Y100.069 E3209.87392
G0 F9000 X172.622 Y99.85
G0 X170.894 Y99.85
G0 X170.894 Y100.069
G1 F3000 X167.255 Y96.43 E3210.04508
G0 F9000 X167.255 Y96.65
G0 X168.683 Y96.65
G0 X168.683 Y96.429
G1 F3000 X155.097 Y100.069 E3210.51289
G0 F9000 X156.057 Y100.069
G1 F3000 X157.033 Y96.428 E3210.63827
G0 F9000 X157.033 Y96.65
G0 X155.941 Y96.65
G0 X155.941 Y96.43
G1 F3000 X159.581 Y100.069 E3210.80946
G0 F9000 X160.198 Y100.069
G1 F3000 X161.174 Y96.428 E3210.93483
G0 F9000 X161.598 Y96.43
G1 F3000 X165.238 Y100.069 E3211.10603
G0 F9000 X164.339 Y100.07
G1 F3000 X165.315 Y96.428 E3211.23143
G0 F9000 X165.315 Y96.65
G0 X169.456 Y96.65
G0 X169.456 Y96.428
G1 F3000 X168.48 Y100.069 E3211.35681
G0 F9000 X168.48 Y99.85
G0 X170.552 Y99.85
G0 X170.552 Y100.069
G1 F3000 X184.138 Y96.429 E3211.82462
G1 X184.226 Y96.43
G1 X184.319 Y96.523 E3211.82899
G0 F9000 X184.13 Y96.62
G0 X181.879 Y96.65
G0 X181.879 Y96.428
G1 F3000 X180.904 Y100.069 E3211.95436
G0 F9000 X180.904 Y99.85
G0 X153.924 Y99.85
G0 X153.924 Y100.069
G1 F3000 X150.284 Y96.43 E3212.12555
G0 F9000 X150.284 Y96.65
G0 X148.751 Y96.65
G0 X148.751 Y96.428
G1 F3000 X147.775 Y100.069 E3212.25093
G0 F9000 X148.267 Y100.069
G1 F3000 X144.628 Y96.43 E3212.42209
G1 X144.609 Y96.428
G1 X143.634 Y100.07 E3212.54749
G0 F9000 X143.634 Y99.85
G0 X142.61 Y99.85
G0 X142.61 Y100.069
G1 F3000 X138.971 Y96.43 E3212.71866
G0 F9000 X138.971 Y96.65
G0 X137.774 Y96.65
G0 X137.774 Y96.429
G1 F3000 X124.188 Y100.069 E3213.18647
G0 F9000 X124.188 Y99.85
G0 X122.928 Y99.85
G0 X122.928 Y100.07
G1 F3000 X123.904 Y96.428 E3213.31188
G0 F9000 X123.904 Y96.65
G0 X122.319 Y96.65
G0 X122.319 Y96.429
G1 F3000 X108.733 Y100.069 E3213.77969
G1 X108.668 Y100.069
G1 X105.029 Y96.429 E3213.95088
G0 F9000 X105.029 Y96.65
G0 X103.198 Y96.65
G0 X103.198 Y96.428
G1 F3000 X102.223 Y100.07 E3214.07628
G0 F9000 X103.012 Y100.069
G1 F3000 X99.372 Y96.429 E3214.24749
G0 F9000 X99.057 Y96.428
G1 F3000 X98.081 Y100.07 E3214.3729
G0 F9000 X97.355 Y100.069
G1 F3000 X93.715 Y96.429 E3214.54411
G0 F9000 X93.715 Y96.65
G0 X94.916 Y96.65
G0 X94.916 Y96.428
G1 F3000 X93.941 Y100.069 E3214.66948
G0 F9000 X93.279 Y100.069
G1 F3000 X106.864 Y96.429 E3215.13726
G0 F9000 X107.34 Y96.428
G1 F3000 X106.364 Y100.069 E3215.26263
G0 F9000 X106.364 Y99.85
G0 X110.505 Y99.85
G0 X110.505 Y100.069
G1 F3000 X111.48 Y96.429 E3215.38797
G0 F9000 X110.686 Y96.43
G1 F3000 X114.326 Y100.069 E3215.55916
G0 F9000 X114.646 Y100.069
G1 F3000 X115.622 Y96.428 E3215.68453
G0 F9000 X116.343 Y96.43
G1 F3000 X119.983 Y100.069 E3215.85572
G0 F9000 X119.983 Y99.85
G0 X118.787 Y99.85
G0 X118.787 Y100.07
G1 F3000 X119.763 Y96.428 E3215.98113
G0 F9000 X119.763 Y96.65
G0 X122 Y96.65
G0 X122 Y96.43
G1 F3000 X125.64 Y100.069 E3216.15232
G0 F9000 X125.64 Y99.85
G0 X127.069 Y99.85
G0 X127.069 Y100.069
G1 F3000 X128.045 Y96.428 E3216.2777
G0 F9000 X127.657 Y96.43
G1 F3000 X131.297 Y100.069 E3216.44889
G1 X131.21 Y100.069
G1 X132.186 Y96.429 E3216.57423
G0 F9000 X132.186 Y96.65
G0 X133.314 Y96.65
G0 X133.314 Y96.43
G1 F3000 X136.953 Y100.069 E3216.7454
G0 F9000 X136.953 Y99.85
G0 X135.352 Y99.85
G0 X135.352 Y100.069
G1 F3000 X136.327 Y96.428 E3216.87077
G0 F9000 X136.327 Y96.65
G0 X140.468 Y96.65
G0 X140.468 Y96.428
G1 F3000 X139.493 Y100.069 E3216.99613
G1 X139.643 Y100.069
G1 X153.228 Y96.429 E3217.46391
G0 F9000 X152.891 Y96.429
G1 F3000 X151.916 Y100.069 E3217.58925
G1 F2700 E3212.58925
G0 F9000 X151.916 Y99.85
G0 X91.698 Y99.85
G0 X91.698 Y100.069
G1 F2700 E3217.58925
G1 F3000 X88.058 Y96.429 E3217.76046
G0 F9000 X88.058 Y96.65
G0 X86.634 Y96.65
G0 X86.634 Y96.429
G1 F3000 X85.658 Y100.069 E3217.8858
G0 F9000 X86.041 Y100.069
G1 F3000 X82.401 Y96.429 E3218.05702
G1 X82.493 Y96.428
G1 X81.517 Y100.07 E3218.18243
G0 F9000 X81.517 Y99.85
G0 X80.384 Y99.85
G0 X80.384 Y100.069
G1 F3000 X76.745 Y96.429 E3218.35362
G0 F9000 X75.954 Y96.429
G1 F3000 X62.369 Y100.069 E3218.82139
G0 F9000 X62.369 Y99.85
G0 X63.414 Y99.85
G0 X63.414 Y100.069
G1 F3000 X59.774 Y96.429 E3218.99261
G0 F9000 X60.5 Y96.429
G1 F3000 X46.914 Y100.069 E3219.46042
G0 F9000 X46.443 Y100.069
G1 F3000 X42.804 Y96.429 E3219.63161
G0 F9000 X42.804 Y96.65
G0 X41.082 Y96.65
G0 X41.082 Y96.428
G1 F3000 X40.106 Y100.07 E3219.75702
G0 F9000 X40.786 Y100.069
G1 F3000 X37.147 Y96.429 E3219.92821
G0 F9000 X36.941 Y96.428
G1 F3000 X35.965 Y100.07 E3220.05362
G0 F9000 X35.965 Y99.85
G0 X35.9 Y98.938
G0 X35.679 Y98.938
G1 F3000 X45.045 Y96.429 E3220.37611
G1 X45.223 Y96.429
G1 X44.247 Y100.069 E3220.50146
G0 F9000 X44.247 Y99.85
G0 X48.388 Y99.85
G0 X48.388 Y100.069
G1 F3000 X49.364 Y96.429 E3220.6268
G0 F9000 X48.46 Y96.429
G1 F3000 X52.1 Y100.069 E3220.79801
G0 F9000 X52.53 Y100.069
G1 F3000 X53.505 Y96.428 E3220.92338
G0 F9000 X54.117 Y96.429
G1 F3000 X57.757 Y100.069 E3221.0946
G0 F9000 X57.757 Y99.85
G0 X56.67 Y99.85
G0 X56.67 Y100.07
G1 F3000 X57.646 Y96.428 E3221.22
G0 F9000 X57.646 Y96.65
G0 X61.787 Y96.65
G0 X61.787 Y96.428
G1 F3000 X60.812 Y100.07 E3221.3454
G0 F9000 X60.812 Y99.85
G0 X64.953 Y99.85
G0 X64.953 Y100.069
G1 F3000 X65.928 Y96.429 E3221.47074
G0 F9000 X65.431 Y96.429
G1 F3000 X69.07 Y100.069 E3221.64193
G1 X69.094 Y100.069
G1 X70.069 Y96.429 E3221.76726
G0 F9000 X70.069 Y96.65
G0 X71.088 Y96.65
G0 X71.088 Y96.429
G1 F3000 X74.727 Y100.069 E3221.93845
G0 F9000 X74.727 Y99.85
G0 X73.235 Y99.85
G0 X73.235 Y100.069
G1 F3000 X74.211 Y96.428 E3222.06383
G0 F9000 X74.211 Y96.65
G0 X78.352 Y96.65
G0 X78.352 Y96.428
G1 F3000 X77.376 Y100.07 E3222.18924
G0 F9000 X77.824 Y100.069
G1 F3000 X91.409 Y96.429 E3222.65701
G0 F9000 X90.775 Y96.429
G1 F3000 X89.799 Y100.069 E3222.78236
G0 F9000 X89.799 Y99.55
G1 F2700 E3217.78236
G0 F9000 X184.13 Y100.33
G0 X184.13 Y101.415
G0 X184.13 Y118.585
G0 X184.13 Y119.67
G0 X184.13 Y123.38
G0 X184.4 Y123.65
;TYPE:WALL-INNER
G1 F2700 E3222.78236
G1 F1500 X184.4 Y119.85 E3222.90875
G1 X35.6 Y119.85 E3227.85785
G1 X35.6 Y123.65 E3227.98424
G1 X184.4 Y123.65 E3232.93335
G0 F9000 X184.8 Y124.05
;TYPE:WALL-OUTER
G1 F1500 X184.8 Y119.45 E3233.08635
G1 X35.2 Y119.45 E3238.06206
G1 X35.2 Y124.05 E3238.21506
G1 X184.8 Y124.05 E3243.19078
G0 F9000 X184.53 Y123.78
G0 X183.081 Y123.35
G0 X183.081 Y123.569
;TYPE:FILL
G1 F3000 X179.441 Y119.93 E3243.36197
G0 F9000 X179.724 Y119.928
G1 F3000 X178.748 Y123.569 E3243.48734
G0 F9000 X178.748 Y123.35
G0 X177.424 Y123.35
G0 X177.424 Y123.569
G1 F3000 X173.784 Y119.93 E3243.65853
G1 X173.707 Y119.929
G1 X160.124 Y123.569 E3244.12625
G0 F9000 X160.453 Y123.569
G1 F3000 X156.814 Y119.93 E3244.29741
G0 F9000 X156.814 Y120.15
G0 X158.251 Y120.15
G0 X158.251 Y119.93
G1 F3000 X144.668 Y123.569 E3244.76512
G0 F9000 X145.619 Y123.569
G1 F3000 X146.595 Y119.928 E3244.89049
G0 F9000 X146.595 Y120.15
G0 X145.5 Y120.15
G0 X145.5 Y119.93
G1 F3000 X149.14 Y123.569 E3245.06169
G0 F9000 X149.76 Y123.569
G1 F3000 X150.736 Y119.928 E3245.18706
G0 F9000 X151.157 Y119.93
G1 F3000 X154.796 Y123.569 E3245.35823
G0 F9000 X153.901 Y123.569
G1 F3000 X154.877 Y119.928 E3245.4836
G0 F9000 X154.877 Y120.15
G0 X159.018 Y120.15
G0 X159.018 Y119.928
G1 F3000 X158.043 Y123.569 E3245.60897
G0 F9000 X158.043 Y123.35
G0 X162.184 Y123.35
G0 X162.184 Y123.569
G1 F3000 X163.159 Y119.928 E3245.73434
G0 F9000 X162.471 Y119.93
G1 F3000 X166.11 Y123.569 E3245.90551
G0 F9000 X166.325 Y123.569
G1 F3000 X167.3 Y119.928 E3246.03087
G0 F9000 X168.128 Y119.93
G1 F3000 X171.767 Y123.569 E3246.20204
G0 F9000 X171.767 Y123.35
G0 X170.466 Y123.35
G0 X170.466 Y123.569
G1 F3000 X171.441 Y119.928 E3246.32741
G0 F9000 X171.441 Y120.15
G0 X175.583 Y120.15
G0 X175.583 Y119.928
G1 F3000 X174.607 Y123.569 E3246.45278
G0 F9000 X175.578 Y123.569
G1 F3000 X184.319 Y121.227 E3246.75376
G0 F9000 X184.1 Y121.227
G0 X183.865 Y120.15
G0 X183.865 Y119.928
G1 F3000 X182.889 Y123.569 E3246.87914
G1 F2700 E3241.87914
G0 F9000 X182.889 Y123.35
G0 X143.483 Y123.35
G0 X143.483 Y123.569
G1 F2700 E3246.87914
G1 F3000 X139.843 Y119.93 E3247.05033
G0 F9000 X139.843 Y120.15
G0 X138.313 Y120.15
G0 X138.313 Y119.928
G1 F3000 X137.337 Y123.569 E3247.17571
G0 F9000 X137.826 Y123.569
G1 F3000 X134.186 Y119.93 E3247.3469
G1 X134.171 Y119.928
G1 X133.196 Y123.569 E3247.47226
G0 F9000 X133.196 Y123.35
G0 X132.169 Y123.35
G0 X132.169 Y123.569
G1 F3000 X128.53 Y119.93 E3247.64343
G0 F9000 X128.53 Y120.15
G0 X127.342 Y120.15
G0 X127.342 Y119.929
G1 F3000 X113.758 Y123.569 E3248.11118
G0 F9000 X113.758 Y123.35
G0 X112.49 Y123.35
G0 X112.49 Y123.569
G1 F3000 X113.466 Y119.928 E3248.23655
G0 F9000 X113.466 Y120.15
G0 X111.887 Y120.15
G0 X111.887 Y119.929
G1 F3000 X98.302 Y123.569 E3248.70433
G1 X98.227 Y123.569
G1 X94.588 Y119.929 E3248.87552
G0 F9000 X94.588 Y120.15
G0 X92.76 Y120.15
G0 X92.76 Y119.928
G1 F3000 X91.785 Y123.569 E3249.00089
G0 F9000 X92.57 Y123.569
G1 F3000 X88.931 Y119.929 E3249.17208
G0 F9000 X88.619 Y119.928
G1 F3000 X87.644 Y123.569 E3249.29744
G0 F9000 X86.914 Y123.569
G1 F3000 X83.274 Y119.929 E3249.46866
G0 F9000 X83.274 Y120.15
G0 X84.478 Y120.15
G0 X84.478 Y119.928
G1 F3000 X83.503 Y123.569 E3249.59403
G0 F9000 X82.848 Y123.569
G1 F3000 X96.432 Y119.929 E3250.06177
G0 F9000 X96.902 Y119.928
G1 F3000 X95.926 Y123.569 E3250.18715
G0 F9000 X95.926 Y123.35
G0 X100.067 Y123.35
G0 X100.067 Y123.569
G1 F3000 X101.043 Y119.928 E3250.31252
G0 F9000 X100.245 Y119.929
G1 F3000 X103.884 Y123.569 E3250.48371
G0 F9000 X104.208 Y123.569
G1 F3000 X105.184 Y119.928 E3250.60909
G0 F9000 X105.901 Y119.929
G1 F3000 X109.541 Y123.569 E3250.7803
G0 F9000 X109.541 Y123.35
G0 X108.349 Y123.35
G0 X108.349 Y123.569
G1 F3000 X109.325 Y119.928 E3250.90568
G0 F9000 X109.325 Y120.15
G0 X111.559 Y120.15
G0 X111.559 Y119.93
G1 F3000 X115.199 Y123.569 E3251.07687
G0 F9000 X115.199 Y123.35
G0 X116.632 Y123.35
G0 X116.632 Y123.569
G1 F3000 X117.607 Y119.928 E3251.20224
G0 F9000 X117.216 Y119.93
G1 F3000 X120.855 Y123.569 E3251.3734
G1 X120.772 Y123.569
G1 X121.748 Y119.928 E3251.49878
G0 F9000 X121.748 Y120.15
G0 X122.873 Y120.15
G0 X122.873 Y119.93
G1 F3000 X126.512 Y123.569 E3251.66995
G0 F9000 X126.512 Y123.35
G0 X124.914 Y123.35
G0 X124.914 Y123.569
G1 F3000 X125.889 Y119.928 E3251.79531
G0 F9000 X125.889 Y120.15
G0 X130.03 Y120.15
G0 X130.03 Y119.928
G1 F3000 X129.055 Y123.569 E3251.92068
G1 X129.213 Y123.569
G1 X142.796 Y119.929 E3252.38839
G0 F9000 X142.454 Y119.928
G1 F3000 X141.478 Y123.569 E3252.51377
G1 F2700 E3247.51377
G0 F9000 X141.478 Y123.35
G0 X81.257 Y123.35
G0 X81.257 Y123.569
G1 F2700 E3252.51377
G1 F3000 X77.617 Y119.929 E3252.68498
G0 F9000 X77.617 Y120.15
G0 X76.196 Y120.15
G0 X76.196 Y119.928
G1 F3000 X75.221 Y123.569 E3252.81035
G0 F9000 X75.6 Y123.569
G1 F3000 X71.96 Y119.929 E3252.98156
G1 X72.055 Y119.928
G1 X71.079 Y123.569 E3253.10694
G0 F9000 X71.079 Y123.35
G0 X69.943 Y123.35
G0 X69.943 Y123.569
G1 F3000 X66.303 Y119.929 E3253.27815
G0 F9000 X65.523 Y119.929
G1 F3000 X51.937 Y123.57 E3253.74597
G0 F9000 X51.937 Y123.35
G0 X52.972 Y123.35
G0 X52.972 Y123.569
G1 F3000 X49.333 Y119.929 E3253.91716
G0 F9000 X50.069 Y119.929
G1 F3000 X36.482 Y123.57 E3254.38501
G0 F9000 X36.002 Y123.569
G1 F3000 X35.679 Y123.246 E3254.40021
G0 F9000 X35.9 Y123.246
G0 X37.95 Y123.35
G0 X37.95 Y123.569
G1 F3000 X38.926 Y119.928 E3254.52558
G0 F9000 X38.019 Y119.929
G1 F3000 X41.659 Y123.569 E3254.6968
G0 F9000 X42.092 Y123.569
G1 F3000 X43.067 Y119.928 E3254.82216
G0 F9000 X43.676 Y119.929
G1 F3000 X47.316 Y123.569 E3254.99338
G0 F9000 X47.316 Y123.35
G0 X46.233 Y123.35
G0 X46.233 Y123.569
G1 F3000 X47.208 Y119.928 E3255.11875
G0 F9000 X47.208 Y120.15
G0 X51.349 Y120.15
G0 X51.349 Y119.928
G1 F3000 X50.374 Y123.569 E3255.24411
G0 F9000 X50.374 Y123.35
G0 X54.515 Y123.35
G0 X54.515 Y123.569
G1 F3000 X55.491 Y119.928 E3255.36949
G0 F9000 X54.99 Y119.929
G1 F3000 X58.629 Y123.569 E3255.54068
G1 X58.656 Y123.569
G1 X59.632 Y119.928 E3255.66605
G0 F9000 X59.632 Y120.15
G0 X60.647 Y120.15
G0 X60.647 Y119.929
G1 F3000 X64.286 Y123.569 E3255.83724
G0 F9000 X64.286 Y123.35
G0 X62.797 Y123.35
G0 X62.797 Y123.569
G1 F3000 X63.773 Y119.928 E3255.96262
G0 F9000 X63.773 Y120.15
G0 X67.914 Y120.15
G0 X67.914 Y119.928
G1 F3000 X66.938 Y123.569 E3256.088
G0 F9000 X67.392 Y123.57
G1 F3000 X80.978 Y119.929 E3256.55581
G0 F9000 X80.337 Y119.928
G1 F3000 X79.361 Y123.569 E3256.68119
G0 F9000 X79.361 Y123.05
G1 F2700 E3251.68119
;MESH:NONMESH
G0 F300 X79.361 Y123.05 Z8.8
G0 F9000 X184.13 Y119.67
G0 X184.13 Y118.585
G0 X184.13 Y101.415
G0 X184.13 Y100.33
G0 X184.13 Y99.88
G0 X184.4 Y100.15
;TIME_ELAPSED:4902.558784
;LAYER:43
;TYPE:WALL-INNER
;MESH:Garmin_GFC500 BOARDS SUPPORTS.stl
G1 F2700 E3256.68119
G1 F1500 X184.4 Y96.35 E3256.80758
G1 X35.6 Y96.35 E3261.75669
G1 X35.6 Y100.15 E3261.88307
G1 X184.4 Y100.15 E3266.83218
G0 F9000 X184.8 Y100.55
;TYPE:WALL-OUTER
G1 F1500 X184.8 Y95.95 E3266.98518
G1 X35.2 Y95.95 E3271.9609
G1 X35.2 Y100.55 E3272.11389
G1 X184.8 Y100.55 E3277.08961
G0 F9000 X184.53 Y100.28
G0 X184.3 Y99.79
G0 X184.04 Y99.79
;TYPE:SKIN
G1 F1500 X35.96 Y99.79 E3282.01477
G1 X35.96 Y96.71 E3282.11721
G1 X184.04 Y96.71 E3287.04237
G1 X184.04 Y99.79 E3287.14481
G0 F9000 X183.839 Y99.003
G1 F1500 X183.252 Y99.59 E3287.17242
G0 F9000 X182.686 Y99.59
G1 F1500 X183.839 Y98.437 E3287.22666
G0 F9000 X183.839 Y97.872
G1 F1500 X182.121 Y99.59 E3287.30747
G0 F9000 X181.555 Y99.59
G1 F1500 X183.839 Y97.306 E3287.4149
G0 F9000 X183.67 Y96.909
G1 F1500 X180.989 Y99.59 E3287.541
G0 F9000 X180.423 Y99.59
G1 F1500 X183.104 Y96.909 E3287.66711
G0 F9000 X182.538 Y96.909
G1 F1500 X179.858 Y99.59 E3287.79319
G0 F9000 X179.292 Y99.59
G1 F1500 X181.973 Y96.909 E3287.9193
G0 F9000 X181.407 Y96.909
G1 F1500 X178.726 Y99.59 E3288.0454
G0 F9000 X178.161 Y99.59
G1 F1500 X180.841 Y96.909 E3288.17149
G0 F9000 X180.276 Y96.909
G1 F1500 X177.595 Y99.59 E3288.29759
G0 F9000 X177.029 Y99.59
G1 F1500 X179.71 Y96.909 E3288.4237
G0 F9000 X179.144 Y96.909
G1 F1500 X176.464 Y99.59 E3288.54978
G0 F9000 X175.898 Y99.59
G1 F1500 X178.579 Y96.909 E3288.67589
G0 F9000 X178.013 Y96.909
G1 F1500 X175.332 Y99.59 E3288.80199
G0 F9000 X174.767 Y99.59
G1 F1500 X177.447 Y96.909 E3288.92808
G0 F9000 X176.882 Y96.909
G1 F1500 X174.201 Y99.59 E3289.05418
G0 F9000 X173.635 Y99.59
G1 F1500 X176.316 Y96.909 E3289.18029
G0 F9000 X175.75 Y96.909
G1 F1500 X173.07 Y99.59 E3289.30637
G0 F9000 X172.504 Y99.59
G1 F1500 X175.184 Y96.909 E3289.43245
G0 F9000 X174.619 Y96.909
G1 F1500 X171.938 Y99.59 E3289.55856
G0 F9000 X171.372 Y99.59
G1 F1500 X174.053 Y96.909 E3289.68467
G0 F9000 X173.487 Y96.909
G1 F1500 X170.807 Y99.59 E3289.81075
G0 F9000 X170.241 Y99.59
G1 F1500 X172.922 Y96.909 E3289.93685
G0 F9000 X172.356 Y96.909
G1 F1500 X169.675 Y99.59 E3290.06296
G0 F9000 X169.11 Y99.59
G1 F1500 X171.79 Y96.909 E3290.18904
G0 F9000 X171.225 Y96.909
G1 F1500 X168.544 Y99.59 E3290.31515
G0 F9000 X167.978 Y99.59
G1 F1500 X170.659 Y96.909 E3290.44125
G0 F9000 X170.093 Y96.909
G1 F1500 X167.413 Y99.59 E3290.56734
G0 F9000 X166.847 Y99.59
G1 F1500 X169.528 Y96.909 E3290.69344
G0 F9000 X168.962 Y96.909
G1 F1500 X166.281 Y99.59 E3290.81955
G0 F9000 X165.716 Y99.59
G1 F1500 X168.396 Y96.909 E3290.94563
G0 F9000 X167.831 Y96.909
G1 F1500 X165.15 Y99.59 E3291.07174
G0 F9000 X164.584 Y99.59
G1 F1500 X167.265 Y96.909 E3291.19784
G0 F9000 X166.699 Y96.909
G1 F1500 X164.019 Y99.59 E3291.32393
G0 F9000 X163.453 Y99.59
G1 F1500 X166.134 Y96.909 E3291.45003
G0 F9000 X165.568 Y96.909
G1 F1500 X162.887 Y99.59 E3291.57614
G0 F9000 X162.322 Y99.59
G1 F1500 X165.002 Y96.909 E3291.70222
G0 F9000 X164.436 Y96.909
G1 F1500 X161.756 Y99.59 E3291.8283
G0 F9000 X161.19 Y99.59
G1 F1500 X163.871 Y96.909 E3291.95441
G0 F9000 X163.305 Y96.909
G1 F1500 X160.624 Y99.59 E3292.08052
G0 F9000 X160.059 Y99.59
G1 F1500 X162.739 Y96.909 E3292.2066
G0 F9000 X162.174 Y96.909
G1 F1500 X159.493 Y99.59 E3292.3327
G0 F9000 X158.927 Y99.59
G1 F1500 X161.608 Y96.909 E3292.45881
G0 F9000 X161.042 Y96.909
G1 F1500 X158.362 Y99.59 E3292.58489
G0 F9000 X157.796 Y99.59
G1 F1500 X160.477 Y96.909 E3292.711
G0 F9000 X159.911 Y96.909
G1 F1500 X157.23 Y99.59 E3292.8371
G0 F9000 X156.665 Y99.59
G1 F1500 X159.345 Y96.909 E3292.96319
G0 F9000 X158.78 Y96.909
G1 F1500 X156.099 Y99.59 E3293.08929
G0 F9000 X155.533 Y99.59
G1 F1500 X158.214 Y96.909 E3293.2154
G0 F9000 X157.648 Y96.909
G1 F1500 X154.968 Y99.59 E3293.34148
G0 F9000 X154.402 Y99.59
G1 F1500 X157.083 Y96.909 E3293.46759
G0 F9000 X156.517 Y96.909
G1 F1500 X153.836 Y99.59 E3293.59369
G0 F9000 X153.271 Y99.59
G1 F1500 X155.951 Y96.909 E3293.71978
G0 F9000 X155.386 Y96.909
G1 F1500 X152.705 Y99.59 E3293.84588
G0 F9000 X152.139 Y99.59
G1 F1500 X154.82 Y96.909 E3293.97199
G0 F9000 X154.254 Y96.909
G1 F1500 X151.573 Y99.59 E3294.09809
G0 F9000 X151.008 Y99.59
G1 F1500 X153.688 Y96.909 E3294.22418
G0 F9000 X153.123 Y96.909
G1 F1500 X150.442 Y99.59 E3294.35028
G0 F9000 X149.876 Y99.59
G1 F1500 X152.557 Y96.909 E3294.47639
G0 F9000 X151.991 Y96.909
G1 F1500 X149.311 Y99.59 E3294.60247
G0 F9000 X148.745 Y99.59
G1 F1500 X151.426 Y96.909 E3294.72858
G0 F9000 X150.86 Y96.909
G1 F1500 X148.179 Y99.59 E3294.85468
G0 F9000 X147.614 Y99.59
G1 F1500 X150.294 Y96.909 E3294.98077
G0 F9000 X149.729 Y96.909
G1 F1500 X147.048 Y99.59 E3295.10687
G0 F9000 X146.482 Y99.59
G1 F1500 X149.163 Y96.909 E3295.23298
G0 F9000 X148.597 Y96.909
G1 F1500 X145.917 Y99.59 E3295.35906
G0 F9000 X145.351 Y99.59
G1 F1500 X148.032 Y96.909 E3295.48517
G0 F9000 X147.466 Y96.909
G1 F1500 X144.785 Y99.59 E3295.61127
G0 F9000 X144.22 Y99.59
G1 F1500 X146.9 Y96.909 E3295.73735
G0 F9000 X146.335 Y96.909
G1 F1500 X143.654 Y99.59 E3295.86346
G0 F9000 X143.088 Y99.59
G1 F1500 X145.769 Y96.909 E3295.98957
G0 F9000 X145.203 Y96.909
G1 F1500 X142.523 Y99.59 E3296.11565
G0 F9000 X141.957 Y99.59
G1 F1500 X144.637 Y96.909 E3296.24173
G0 F9000 X144.072 Y96.909
G1 F1500 X141.391 Y99.59 E3296.36784
G0 F9000 X140.825 Y99.59
G1 F1500 X143.506 Y96.909 E3296.49394
G0 F9000 X142.94 Y96.909
G1 F1500 X140.26 Y99.59 E3296.62003
G0 F9000 X139.694 Y99.59
G1 F1500 X142.375 Y96.909 E3296.74613
G0 F9000 X141.809 Y96.909
G1 F1500 X139.128 Y99.59 E3296.87224
G0 F9000 X138.563 Y99.59
G1 F1500 X141.243 Y96.909 E3296.99832
G0 F9000 X140.678 Y96.909
G1 F1500 X137.997 Y99.59 E3297.12443
G0 F9000 X137.431 Y99.59
G1 F1500 X140.112 Y96.909 E3297.25053
G0 F9000 X139.546 Y96.909
G1 F1500 X136.866 Y99.59 E3297.37662
G0 F9000 X136.3 Y99.59
G1 F1500 X138.981 Y96.909 E3297.50272
G0 F9000 X138.415 Y96.909
G1 F1500 X135.734 Y99.59 E3297.62883
G0 F9000 X135.169 Y99.59
G1 F1500 X137.849 Y96.909 E3297.75491
G0 F9000 X137.284 Y96.909
G1 F1500 X134.603 Y99.59 E3297.88102
G0 F9000 X134.037 Y99.59
G1 F1500 X136.718 Y96.909 E3298.00712
G0 F9000 X136.152 Y96.909
G1 F1500 X133.472 Y99.59 E3298.1332
G0 F9000 X132.906 Y99.59
G1 F1500 X135.587 Y96.909 E3298.25931
G0 F9000 X135.021 Y96.909
G1 F1500 X132.34 Y99.59 E3298.38542
G0 F9000 X131.775 Y99.59
G1 F1500 X134.455 Y96.909 E3298.5115
G0 F9000 X133.889 Y96.909
G1 F1500 X131.209 Y99.59 E3298.63758
G0 F9000 X130.643 Y99.59
G1 F1500 X133.324 Y96.909 E3298.76369
G0 F9000 X132.758 Y96.909
G1 F1500 X130.077 Y99.59 E3298.88979
G0 F9000 X129.512 Y99.59
G1 F1500 X132.192 Y96.909 E3299.01588
G0 F9000 X131.627 Y96.909
G1 F1500 X128.946 Y99.59 E3299.14198
G0 F9000 X128.38 Y99.59
G1 F1500 X131.061 Y96.909 E3299.26809
G0 F9000 X130.495 Y96.909
G1 F1500 X127.815 Y99.59 E3299.39417
G0 F9000 X127.249 Y99.59
G1 F1500 X129.93 Y96.909 E3299.52028
G0 F9000 X129.364 Y96.909
G1 F1500 X126.683 Y99.59 E3299.64638
G0 F9000 X126.118 Y99.59
G1 F1500 X128.798 Y96.909 E3299.77247
G0 F9000 X128.233 Y96.909
G1 F1500 X125.552 Y99.59 E3299.89857
G0 F9000 X124.986 Y99.59
G1 F1500 X127.667 Y96.909 E3300.02468
G0 F9000 X127.101 Y96.909
G1 F1500 X124.421 Y99.59 E3300.15076
G0 F9000 X123.855 Y99.59
G1 F1500 X126.536 Y96.909 E3300.27687
G0 F9000 X125.97 Y96.909
G1 F1500 X123.289 Y99.59 E3300.40297
G0 F9000 X122.724 Y99.59
G1 F1500 X125.404 Y96.909 E3300.52905
G0 F9000 X124.838 Y96.909
G1 F1500 X122.158 Y99.59 E3300.65514
G0 F9000 X121.592 Y99.59
G1 F1500 X124.273 Y96.909 E3300.78124
G0 F9000 X123.707 Y96.909
G1 F1500 X121.026 Y99.59 E3300.90735
G0 F9000 X120.461 Y99.59
G1 F1500 X123.141 Y96.909 E3301.03343
G0 F9000 X122.576 Y96.909
G1 F1500 X119.895 Y99.59 E3301.15954
G0 F9000 X119.329 Y99.59
G1 F1500 X122.01 Y96.909 E3301.28564
G0 F9000 X121.444 Y96.909
G1 F1500 X118.764 Y99.59 E3301.41173
G0 F9000 X118.198 Y99.59
G1 F1500 X120.879 Y96.909 E3301.53783
G0 F9000 X120.313 Y96.909
G1 F1500 X117.632 Y99.59 E3301.66394
G0 F9000 X117.067 Y99.59
G1 F1500 X119.747 Y96.909 E3301.79002
G0 F9000 X119.182 Y96.909
G1 F1500 X116.501 Y99.59 E3301.91613
G0 F9000 X115.935 Y99.59
G1 F1500 X118.616 Y96.909 E3302.04223
G0 F9000 X118.05 Y96.909
G1 F1500 X115.37 Y99.59 E3302.16832
G0 F9000 X114.804 Y99.59
G1 F1500 X117.485 Y96.909 E3302.29442
G0 F9000 X116.919 Y96.909
G1 F1500 X114.238 Y99.59 E3302.42053
G0 F9000 X113.673 Y99.59
G1 F1500 X116.353 Y96.909 E3302.54661
G0 F9000 X115.788 Y96.909
G1 F1500 X113.107 Y99.59 E3302.67272
G0 F9000 X112.541 Y99.59
G1 F1500 X115.222 Y96.909 E3302.79882
G0 F9000 X114.656 Y96.909
G1 F1500 X111.976 Y99.59 E3302.9249
G0 F9000 X111.41 Y99.59
G1 F1500 X114.09 Y96.909 E3303.05099
G0 F9000 X113.525 Y96.909
G1 F1500 X110.844 Y99.59 E3303.17709
G0 F9000 X110.278 Y99.59
G1 F1500 X112.959 Y96.909 E3303.3032
G0 F9000 X112.393 Y96.909
G1 F1500 X109.713 Y99.589 E3303.42926
G0 F9000 X109.148 Y99.589
G1 F1500 X111.828 Y96.909 E3303.55532
G0 F9000 X111.262 Y96.909
G1 F1500 X108.582 Y99.589 E3303.68138
G0 F9000 X108.016 Y99.589
G1 F1500 X110.696 Y96.909 E3303.80743
G0 F9000 X110.131 Y96.909
G1 F1500 X107.451 Y99.589 E3303.93349
G0 F9000 X106.885 Y99.589
G1 F1500 X109.566 Y96.908 E3304.0596
G0 F9000 X109 Y96.908
G1 F1500 X106.319 Y99.589 E3304.18571
G0 F9000 X105.754 Y99.589
G1 F1500 X108.434 Y96.908 E3304.31179
G0 F9000 X107.869 Y96.908
G1 F1500 X105.188 Y99.589 E3304.43789
G0 F9000 X104.622 Y99.589
G1 F1500 X107.303 Y96.908 E3304.564
G0 F9000 X106.737 Y96.908
G1 F1500 X104.057 Y99.589 E3304.69008
G0 F9000 X103.491 Y99.589
G1 F1500 X106.172 Y96.908 E3304.81619
G0 F9000 X105.606 Y96.908
G1 F1500 X102.925 Y99.589 E3304.94229
G0 F9000 X102.36 Y99.589
G1 F1500 X105.04 Y96.908 E3305.06838
G0 F9000 X104.475 Y96.908
G1 F1500 X101.794 Y99.589 E3305.19448
G0 F9000 X101.228 Y99.589
G1 F1500 X103.909 Y96.908 E3305.32059
G0 F9000 X103.343 Y96.908
G1 F1500 X100.663 Y99.589 E3305.44667
G0 F9000 X100.097 Y99.589
G1 F1500 X102.777 Y96.908 E3305.57275
G0 F9000 X102.212 Y96.908
G1 F1500 X99.531 Y99.589 E3305.69886
G0 F9000 X98.965 Y99.589
G1 F1500 X101.646 Y96.908 E3305.82497
G0 F9000 X101.08 Y96.908
G1 F1500 X98.4 Y99.589 E3305.95105
G0 F9000 X97.834 Y99.589
G1 F1500 X100.515 Y96.908 E3306.07715
G0 F9000 X99.949 Y96.908
G1 F1500 X97.268 Y99.589 E3306.20326
G0 F9000 X96.703 Y99.589
G1 F1500 X99.383 Y96.908 E3306.32934
G0 F9000 X98.818 Y96.908
G1 F1500 X96.137 Y99.589 E3306.45545
G0 F9000 X95.571 Y99.589
G1 F1500 X98.252 Y96.908 E3306.58156
G0 F9000 X97.686 Y96.908
G1 F1500 X95.006 Y99.589 E3306.70764
G0 F9000 X94.44 Y99.589
G1 F1500 X97.121 Y96.908 E3306.83374
G0 F9000 X96.555 Y96.908
G1 F1500 X93.874 Y99.589 E3306.95985
G0 F9000 X93.309 Y99.589
G1 F1500 X95.989 Y96.908 E3307.08593
G0 F9000 X95.424 Y96.908
G1 F1500 X92.743 Y99.589 E3307.21204
G0 F9000 X92.177 Y99.589
G1 F1500 X94.858 Y96.908 E3307.33814
G0 F9000 X94.292 Y96.908
G1 F1500 X91.612 Y99.589 E3307.46423
G0 F9000 X91.046 Y99.589
G1 F1500 X93.727 Y96.908 E3307.59033
G0 F9000 X93.161 Y96.908
G1 F1500 X90.48 Y99.589 E3307.71644
G0 F9000 X89.914 Y99.589
G1 F1500 X92.595 Y96.908 E3307.84255
G0 F9000 X92.029 Y96.908
G1 F1500 X89.349 Y99.589 E3307.96863
G0 F9000 X88.783 Y99.589
G1 F1500 X91.464 Y96.908 E3308.09473
G0 F9000 X90.898 Y96.908
G1 F1500 X88.217 Y99.589 E3308.22084
G0 F9000 X87.652 Y99.589
G1 F1500 X90.332 Y96.908 E3308.34692
G0 F9000 X89.767 Y96.908
G1 F1500 X87.086 Y99.589 E3308.47303
G0 F9000 X86.52 Y99.589
G1 F1500 X89.201 Y96.908 E3308.59913
G0 F9000 X88.635 Y96.908
G1 F1500 X85.955 Y99.589 E3308.72522
G0 F9000 X85.389 Y99.589
G1 F1500 X88.07 Y96.908 E3308.85132
G0 F9000 X87.504 Y96.908
G1 F1500 X84.823 Y99.589 E3308.97743
G0 F9000 X84.258 Y99.589
G1 F1500 X86.938 Y96.908 E3309.10351
G0 F9000 X86.373 Y96.908
G1 F1500 X83.692 Y99.589 E3309.22962
G0 F9000 X83.126 Y99.589
G1 F1500 X85.807 Y96.908 E3309.35572
G0 F9000 X85.241 Y96.908
G1 F1500 X82.561 Y99.589 E3309.48181
G0 F9000 X81.995 Y99.589
G1 F1500 X84.676 Y96.908 E3309.60791
G0 F9000 X84.11 Y96.908
G1 F1500 X81.429 Y99.589 E3309.73402
G0 F9000 X80.864 Y99.589
G1 F1500 X83.544 Y96.908 E3309.8601
G0 F9000 X82.978 Y96.908
G1 F1500 X80.298 Y99.589 E3309.98618
G0 F9000 X79.732 Y99.589
G1 F1500 X82.413 Y96.908 E3310.11229
G0 F9000 X81.847 Y96.908
G1 F1500 X79.166 Y99.589 E3310.23839
G0 F9000 X78.601 Y99.589
G1 F1500 X81.281 Y96.908 E3310.36448
G0 F9000 X80.716 Y96.908
G1 F1500 X78.035 Y99.589 E3310.49058
G0 F9000 X77.469 Y99.589
G1 F1500 X80.15 Y96.908 E3310.61669
G0 F9000 X79.584 Y96.908
G1 F1500 X76.904 Y99.589 E3310.74277
G0 F9000 X76.338 Y99.589
G1 F1500 X79.019 Y96.908 E3310.86888
G0 F9000 X78.453 Y96.908
G1 F1500 X75.772 Y99.589 E3310.99498
G0 F9000 X75.207 Y99.589
G1 F1500 X77.887 Y96.908 E3311.12107
G0 F9000 X77.322 Y96.908
G1 F1500 X74.641 Y99.589 E3311.24717
G0 F9000 X74.075 Y99.589
G1 F1500 X76.756 Y96.908 E3311.37328
G0 F9000 X76.19 Y96.908
G1 F1500 X73.51 Y99.589 E3311.49936
G0 F9000 X72.944 Y99.589
G1 F1500 X75.625 Y96.908 E3311.62547
G0 F9000 X75.059 Y96.908
G1 F1500 X72.378 Y99.589 E3311.75157
G0 F9000 X71.813 Y99.589
G1 F1500 X74.493 Y96.908 E3311.87766
G0 F9000 X73.928 Y96.908
G1 F1500 X71.247 Y99.589 E3312.00376
G0 F9000 X70.681 Y99.589
G1 F1500 X73.362 Y96.908 E3312.12987
G0 F9000 X72.796 Y96.908
G1 F1500 X70.116 Y99.589 E3312.25595
G0 F9000 X69.55 Y99.589
G1 F1500 X72.23 Y96.908 E3312.38203
G0 F9000 X71.665 Y96.908
G1 F1500 X68.984 Y99.589 E3312.50814
G0 F9000 X68.418 Y99.589
G1 F1500 X71.099 Y96.908 E3312.63424
G0 F9000 X70.533 Y96.908
G1 F1500 X67.853 Y99.589 E3312.76033
G0 F9000 X67.287 Y99.589
G1 F1500 X69.968 Y96.908 E3312.88643
G0 F9000 X69.402 Y96.908
G1 F1500 X66.721 Y99.589 E3313.01254
G0 F9000 X66.156 Y99.589
G1 F1500 X68.836 Y96.908 E3313.13862
G0 F9000 X68.271 Y96.908
G1 F1500 X65.59 Y99.589 E3313.26473
G0 F9000 X65.024 Y99.589
G1 F1500 X67.705 Y96.908 E3313.39083
G0 F9000 X67.139 Y96.908
G1 F1500 X64.459 Y99.589 E3313.51692
G0 F9000 X63.893 Y99.589
G1 F1500 X66.574 Y96.908 E3313.64302
G0 F9000 X66.008 Y96.908
G1 F1500 X63.327 Y99.589 E3313.76913
G0 F9000 X62.762 Y99.589
G1 F1500 X65.442 Y96.908 E3313.89521
G0 F9000 X64.877 Y96.908
G1 F1500 X62.196 Y99.589 E3314.02132
G0 F9000 X61.63 Y99.589
G1 F1500 X64.311 Y96.908 E3314.14742
G0 F9000 X63.745 Y96.908
G1 F1500 X61.065 Y99.589 E3314.27351
G0 F9000 X60.499 Y99.589
G1 F1500 X63.179 Y96.908 E3314.39959
G0 F9000 X62.614 Y96.908
G1 F1500 X59.933 Y99.589 E3314.52569
G0 F9000 X59.367 Y99.589
G1 F1500 X62.048 Y96.908 E3314.6518
G0 F9000 X61.482 Y96.908
G1 F1500 X58.802 Y99.589 E3314.77788
G0 F9000 X58.236 Y99.589
G1 F1500 X60.917 Y96.908 E3314.90399
G0 F9000 X60.351 Y96.908
G1 F1500 X57.67 Y99.589 E3315.03009
G0 F9000 X57.105 Y99.589
G1 F1500 X59.785 Y96.908 E3315.15618
G0 F9000 X59.22 Y96.908
G1 F1500 X56.539 Y99.589 E3315.28228
G0 F9000 X55.973 Y99.589
G1 F1500 X58.654 Y96.908 E3315.40839
G0 F9000 X58.088 Y96.908
G1 F1500 X55.408 Y99.589 E3315.53447
G0 F9000 X54.842 Y99.589
G1 F1500 X57.523 Y96.908 E3315.66058
G0 F9000 X56.957 Y96.908
G1 F1500 X54.276 Y99.589 E3315.78668
G0 F9000 X53.711 Y99.589
G1 F1500 X56.391 Y96.908 E3315.91277
G0 F9000 X55.826 Y96.908
G1 F1500 X53.145 Y99.589 E3316.03887
G0 F9000 X52.579 Y99.589
G1 F1500 X55.26 Y96.908 E3316.16498
G0 F9000 X54.694 Y96.908
G1 F1500 X52.014 Y99.589 E3316.29106
G0 F9000 X51.448 Y99.589
G1 F1500 X54.129 Y96.908 E3316.41717
G0 F9000 X53.563 Y96.908
G1 F1500 X50.882 Y99.589 E3316.54327
G0 F9000 X50.317 Y99.589
G1 F1500 X52.997 Y96.908 E3316.66936
G0 F9000 X52.431 Y96.908
G1 F1500 X49.751 Y99.589 E3316.79544
G0 F9000 X49.185 Y99.589
G1 F1500 X51.866 Y96.908 E3316.92154
G0 F9000 X51.3 Y96.908
G1 F1500 X48.619 Y99.589 E3317.04765
G0 F9000 X48.054 Y99.589
G1 F1500 X50.734 Y96.908 E3317.17373
G0 F9000 X50.169 Y96.908
G1 F1500 X47.488 Y99.589 E3317.29984
G0 F9000 X46.922 Y99.589
G1 F1500 X49.603 Y96.908 E3317.42594
G0 F9000 X49.037 Y96.908
G1 F1500 X46.357 Y99.589 E3317.55203
G0 F9000 X45.791 Y99.589
G1 F1500 X48.472 Y96.908 E3317.67813
G0 F9000 X47.906 Y96.908
G1 F1500 X45.225 Y99.589 E3317.80424
G0 F9000 X44.66 Y99.589
G1 F1500 X47.34 Y96.908 E3317.93032
G0 F9000 X46.775 Y96.908
G1 F1500 X44.094 Y99.589 E3318.05643
G0 F9000 X43.528 Y99.589
G1 F1500 X46.209 Y96.908 E3318.18253
G0 F9000 X45.643 Y96.908
G1 F1500 X42.963 Y99.589 E3318.30862
G0 F9000 X42.397 Y99.589
G1 F1500 X45.078 Y96.908 E3318.43472
G0 F9000 X44.512 Y96.908
G1 F1500 X41.831 Y99.589 E3318.56083
G0 F9000 X41.266 Y99.589
G1 F1500 X43.946 Y96.908 E3318.68691
G0 F9000 X43.381 Y96.908
G1 F1500 X40.7 Y99.589 E3318.81302
G0 F9000 X40.134 Y99.589
G1 F1500 X42.815 Y96.908 E3318.93912
G0 F9000 X42.249 Y96.908
G1 F1500 X39.568 Y99.589 E3319.06523
G0 F9000 X39.003 Y99.589
G1 F1500 X41.683 Y96.908 E3319.19131
G0 F9000 X41.118 Y96.908
G1 F1500 X38.437 Y99.589 E3319.31742
G0 F9000 X37.871 Y99.589
G1 F1500 X40.552 Y96.908 E3319.44352
G0 F9000 X39.986 Y96.908
G1 F1500 X37.306 Y99.589 E3319.56961
G0 F9000 X36.74 Y99.589
G1 F1500 X39.421 Y96.908 E3319.69571
G0 F9000 X38.855 Y96.908
G1 F1500 X36.174 Y99.589 E3319.82182
G0 F9000 X36.16 Y99.038
G1 F1500 X38.289 Y96.908 E3319.92198
G0 F9000 X37.724 Y96.908
G1 F1500 X36.16 Y98.473 E3319.99557
G0 F9000 X36.16 Y97.907
G1 F1500 X37.158 Y96.908 E3320.04254
G0 F9000 X36.592 Y96.908
G1 F1500 X36.16 Y97.341 E3320.06288
G1 F2700 E3315.06288
G0 F9000 X35.7 Y97.341
G0 X35.772 Y99.978
G0 X184.4 Y100.33
G0 X184.4 Y101.415
G0 X184.4 Y118.585
G0 X184.4 Y123.65
;TYPE:WALL-INNER
G1 F2700 E3320.06288
G1 F1500 X184.4 Y119.85 E3320.18927
G1 X35.6 Y119.85 E3325.13838
G1 X35.6 Y123.65 E3325.26477
G1 X184.4 Y123.65 E3330.21387
G0 F9000 X184.8 Y124.05
;TYPE:WALL-OUTER
G1 F1500 X184.8 Y119.45 E3330.36687
G1 X35.2 Y119.45 E3335.34259
G1 X35.2 Y124.05 E3335.49558
G1 X184.8 Y124.05 E3340.4713
G0 F9000 X184.53 Y123.78
G0 X184.3 Y123.29
G0 X184.04 Y123.29
;TYPE:SKIN
G1 F1500 X35.96 Y123.29 E3345.39646
G1 X35.96 Y120.21 E3345.4989
G1 X184.04 Y120.21 E3350.42406
G1 X184.04 Y123.29 E3350.5265
G0 F9000 X183.839 Y122.762
G1 F1500 X183.511 Y123.09 E3350.54193
G0 F9000 X182.945 Y123.09
G1 F1500 X183.839 Y122.196 E3350.58398
G0 F9000 X183.839 Y121.63
G1 F1500 X182.379 Y123.09 E3350.65266
G0 F9000 X181.814 Y123.09
G1 F1500 X183.839 Y121.065 E3350.74791
G0 F9000 X183.839 Y120.499
G1 F1500 X181.248 Y123.09 E3350.86978
G0 F9000 X180.682 Y123.09
G1 F1500 X183.363 Y120.409 E3350.99589
G0 F9000 X182.797 Y120.409
G1 F1500 X180.117 Y123.09 E3351.12197
G0 F9000 X179.551 Y123.09
G1 F1500 X182.232 Y120.409 E3351.24807
G0 F9000 X181.666 Y120.409
G1 F1500 X178.985 Y123.09 E3351.37418
G0 F9000 X178.42 Y123.09
G1 F1500 X181.1 Y120.409 E3351.50026
G0 F9000 X180.534 Y120.409
G1 F1500 X177.854 Y123.09 E3351.62635
G0 F9000 X177.288 Y123.09
G1 F1500 X179.969 Y120.409 E3351.75245
G0 F9000 X179.403 Y120.409
G1 F1500 X176.722 Y123.09 E3351.87856
G0 F9000 X176.157 Y123.09
G1 F1500 X178.837 Y120.409 E3352.00464
G0 F9000 X178.272 Y120.409
G1 F1500 X175.591 Y123.09 E3352.13075
G0 F9000 X175.025 Y123.09
G1 F1500 X177.706 Y120.409 E3352.25685
G0 F9000 X177.14 Y120.409
G1 F1500 X174.46 Y123.09 E3352.38293
G0 F9000 X173.894 Y123.09
G1 F1500 X176.575 Y120.409 E3352.50904
G0 F9000 X176.009 Y120.409
G1 F1500 X173.328 Y123.09 E3352.63515
G0 F9000 X172.763 Y123.09
G1 F1500 X175.443 Y120.409 E3352.76123
G0 F9000 X174.878 Y120.409
G1 F1500 X172.197 Y123.09 E3352.88734
G0 F9000 X171.631 Y123.09
G1 F1500 X174.312 Y120.409 E3353.01344
G0 F9000 X173.746 Y120.409
G1 F1500 X171.066 Y123.09 E3353.13952
G0 F9000 X170.5 Y123.09
G1 F1500 X173.181 Y120.409 E3353.26563
G0 F9000 X172.615 Y120.409
G1 F1500 X169.934 Y123.09 E3353.39174
G0 F9000 X169.369 Y123.09
G1 F1500 X172.049 Y120.409 E3353.51782
G0 F9000 X171.484 Y120.409
G1 F1500 X168.803 Y123.09 E3353.64392
G0 F9000 X168.237 Y123.09
G1 F1500 X170.918 Y120.409 E3353.77003
G0 F9000 X170.352 Y120.409
G1 F1500 X167.671 Y123.09 E3353.89614
G0 F9000 X167.106 Y123.09
G1 F1500 X169.786 Y120.409 E3354.02222
G0 F9000 X169.221 Y120.409
G1 F1500 X166.54 Y123.09 E3354.14833
G0 F9000 X165.974 Y123.09
G1 F1500 X168.655 Y120.409 E3354.27443
G0 F9000 X168.089 Y120.409
G1 F1500 X165.409 Y123.09 E3354.40051
G0 F9000 X164.843 Y123.09
G1 F1500 X167.524 Y120.409 E3354.52662
G0 F9000 X166.958 Y120.409
G1 F1500 X164.277 Y123.09 E3354.65273
G0 F9000 X163.712 Y123.09
G1 F1500 X166.392 Y120.409 E3354.77881
G0 F9000 X165.827 Y120.409
G1 F1500 X163.146 Y123.09 E3354.90491
G0 F9000 X162.58 Y123.09
G1 F1500 X165.261 Y120.409 E3355.03102
G0 F9000 X164.695 Y120.409
G1 F1500 X162.015 Y123.09 E3355.1571
G0 F9000 X161.449 Y123.09
G1 F1500 X164.13 Y120.409 E3355.28321
G0 F9000 X163.564 Y120.409
G1 F1500 X160.883 Y123.09 E3355.40931
G0 F9000 X160.318 Y123.09
G1 F1500 X162.998 Y120.409 E3355.5354
G0 F9000 X162.433 Y120.409
G1 F1500 X159.752 Y123.09 E3355.6615
G0 F9000 X159.186 Y123.09
G1 F1500 X161.867 Y120.409 E3355.78761
G0 F9000 X161.301 Y120.409
G1 F1500 X158.621 Y123.09 E3355.91369
G0 F9000 X158.055 Y123.09
G1 F1500 X160.735 Y120.409 E3356.03977
G0 F9000 X160.17 Y120.409
G1 F1500 X157.489 Y123.09 E3356.16588
G0 F9000 X156.923 Y123.09
G1 F1500 X159.604 Y120.409 E3356.29199
G0 F9000 X159.038 Y120.409
G1 F1500 X156.358 Y123.09 E3356.41807
G0 F9000 X155.792 Y123.09
G1 F1500 X158.473 Y120.409 E3356.54417
G0 F9000 X157.907 Y120.409
G1 F1500 X155.226 Y123.09 E3356.67028
G0 F9000 X154.661 Y123.09
G1 F1500 X157.341 Y120.409 E3356.79636
G0 F9000 X156.776 Y120.409
G1 F1500 X154.095 Y123.09 E3356.92247
G0 F9000 X153.529 Y123.09
G1 F1500 X156.21 Y120.409 E3357.04858
G0 F9000 X155.644 Y120.409
G1 F1500 X152.964 Y123.09 E3357.17466
G0 F9000 X152.398 Y123.09
G1 F1500 X155.079 Y120.409 E3357.30076
G0 F9000 X154.513 Y120.409
G1 F1500 X151.832 Y123.09 E3357.42687
G0 F9000 X151.267 Y123.09
G1 F1500 X153.947 Y120.409 E3357.55295
G0 F9000 X153.382 Y120.409
G1 F1500 X150.701 Y123.09 E3357.67906
G0 F9000 X150.135 Y123.09
G1 F1500 X152.816 Y120.409 E3357.80516
G0 F9000 X152.25 Y120.409
G1 F1500 X149.57 Y123.09 E3357.93125
G0 F9000 X149.004 Y123.09
G1 F1500 X151.685 Y120.409 E3358.05735
G0 F9000 X151.119 Y120.409
G1 F1500 X148.438 Y123.09 E3358.18346
G0 F9000 X147.872 Y123.09
G1 F1500 X150.553 Y120.409 E3358.30957
G0 F9000 X149.987 Y120.409
G1 F1500 X147.307 Y123.09 E3358.43565
G0 F9000 X146.741 Y123.09
G1 F1500 X149.422 Y120.409 E3358.56175
G0 F9000 X148.856 Y120.409
G1 F1500 X146.175 Y123.09 E3358.68786
G0 F9000 X145.61 Y123.09
G1 F1500 X148.29 Y120.409 E3358.81394
G0 F9000 X147.725 Y120.409
G1 F1500 X145.044 Y123.09 E3358.94005
G0 F9000 X144.478 Y123.09
G1 F1500 X147.159 Y120.409 E3359.06615
G0 F9000 X146.593 Y120.409
G1 F1500 X143.913 Y123.09 E3359.19224
G0 F9000 X143.347 Y123.09
G1 F1500 X146.028 Y120.409 E3359.31834
G0 F9000 X145.462 Y120.409
G1 F1500 X142.781 Y123.09 E3359.44445
G0 F9000 X142.216 Y123.09
G1 F1500 X144.896 Y120.409 E3359.57053
G0 F9000 X144.331 Y120.409
G1 F1500 X141.65 Y123.09 E3359.69664
G0 F9000 X141.084 Y123.09
G1 F1500 X143.765 Y120.409 E3359.82274
G0 F9000 X143.199 Y120.409
G1 F1500 X140.519 Y123.09 E3359.94883
G0 F9000 X139.953 Y123.09
G1 F1500 X142.634 Y120.409 E3360.07493
G0 F9000 X142.068 Y120.409
G1 F1500 X139.387 Y123.09 E3360.20104
G0 F9000 X138.822 Y123.09
G1 F1500 X141.502 Y120.409 E3360.32712
G0 F9000 X140.936 Y120.409
G1 F1500 X138.256 Y123.09 E3360.4532
G0 F9000 X137.69 Y123.09
G1 F1500 X140.371 Y120.409 E3360.57931
G0 F9000 X139.805 Y120.409
G1 F1500 X137.124 Y123.09 E3360.70541
G0 F9000 X136.559 Y123.09
G1 F1500 X139.239 Y120.409 E3360.8315
G0 F9000 X138.674 Y120.409
G1 F1500 X135.993 Y123.09 E3360.9576
G0 F9000 X135.427 Y123.09
G1 F1500 X138.108 Y120.409 E3361.08371
G0 F9000 X137.542 Y120.409
G1 F1500 X134.862 Y123.09 E3361.20979
G0 F9000 X134.296 Y123.09
G1 F1500 X136.977 Y120.409 E3361.3359
G0 F9000 X136.411 Y120.409
G1 F1500 X133.73 Y123.09 E3361.462
G0 F9000 X133.165 Y123.09
G1 F1500 X135.845 Y120.409 E3361.58809
G0 F9000 X135.28 Y120.409
G1 F1500 X132.599 Y123.09 E3361.71419
G0 F9000 X132.033 Y123.09
G1 F1500 X134.714 Y120.409 E3361.8403
G0 F9000 X134.148 Y120.409
G1 F1500 X131.468 Y123.09 E3361.96638
G0 F9000 X130.902 Y123.09
G1 F1500 X133.583 Y120.409 E3362.09249
G0 F9000 X133.017 Y120.409
G1 F1500 X130.336 Y123.09 E3362.21859
G0 F9000 X129.771 Y123.09
G1 F1500 X132.451 Y120.409 E3362.34468
G0 F9000 X131.886 Y120.409
G1 F1500 X129.205 Y123.09 E3362.47078
G0 F9000 X128.639 Y123.09
G1 F1500 X131.32 Y120.409 E3362.59689
G0 F9000 X130.754 Y120.409
G1 F1500 X128.074 Y123.09 E3362.72297
G0 F9000 X127.508 Y123.09
G1 F1500 X130.188 Y120.409 E3362.84905
G0 F9000 X129.623 Y120.409
G1 F1500 X126.942 Y123.09 E3362.97516
G0 F9000 X126.376 Y123.09
G1 F1500 X129.057 Y120.409 E3363.10126
G0 F9000 X128.491 Y120.409
G1 F1500 X125.811 Y123.09 E3363.22735
G0 F9000 X125.245 Y123.09
G1 F1500 X127.926 Y120.409 E3363.35345
G0 F9000 X127.36 Y120.409
G1 F1500 X124.679 Y123.09 E3363.47956
G0 F9000 X124.114 Y123.09
G1 F1500 X126.794 Y120.409 E3363.60564
G0 F9000 X126.229 Y120.409
G1 F1500 X123.548 Y123.09 E3363.73175
G0 F9000 X122.982 Y123.09
G1 F1500 X125.663 Y120.409 E3363.85785
G0 F9000 X125.097 Y120.409
G1 F1500 X122.417 Y123.09 E3363.98394
G0 F9000 X121.851 Y123.09
G1 F1500 X124.532 Y120.409 E3364.11004
G0 F9000 X123.966 Y120.409
G1 F1500 X121.285 Y123.09 E3364.23615
G0 F9000 X120.72 Y123.09
G1 F1500 X123.4 Y120.409 E3364.36223
G0 F9000 X122.835 Y120.409
G1 F1500 X120.154 Y123.09 E3364.48834
G0 F9000 X119.588 Y123.09
G1 F1500 X122.269 Y120.409 E3364.61444
G0 F9000 X121.703 Y120.409
G1 F1500 X119.023 Y123.09 E3364.74053
G0 F9000 X118.457 Y123.09
G1 F1500 X121.137 Y120.409 E3364.86661
G0 F9000 X120.572 Y120.409
G1 F1500 X117.891 Y123.09 E3364.99271
G0 F9000 X117.325 Y123.09
G1 F1500 X120.006 Y120.409 E3365.11882
G0 F9000 X119.44 Y120.409
G1 F1500 X116.76 Y123.09 E3365.2449
G0 F9000 X116.194 Y123.09
G1 F1500 X118.875 Y120.409 E3365.37101
G0 F9000 X118.309 Y120.409
G1 F1500 X115.628 Y123.09 E3365.49711
G0 F9000 X115.063 Y123.09
G1 F1500 X117.743 Y120.409 E3365.6232
G0 F9000 X117.178 Y120.409
G1 F1500 X114.497 Y123.09 E3365.7493
G0 F9000 X113.931 Y123.09
G1 F1500 X116.612 Y120.409 E3365.87541
G0 F9000 X116.046 Y120.409
G1 F1500 X113.366 Y123.09 E3366.00149
G0 F9000 X112.8 Y123.09
G1 F1500 X115.481 Y120.409 E3366.1276
G0 F9000 X114.915 Y120.409
G1 F1500 X112.234 Y123.09 E3366.2537
G0 F9000 X111.669 Y123.09
G1 F1500 X114.349 Y120.409 E3366.37979
G0 F9000 X113.784 Y120.409
G1 F1500 X111.103 Y123.09 E3366.50589
G0 F9000 X110.537 Y123.09
G1 F1500 X113.218 Y120.409 E3366.632
G0 F9000 X112.652 Y120.409
G1 F1500 X109.972 Y123.089 E3366.75806
G0 F9000 X109.407 Y123.089
G1 F1500 X112.087 Y120.409 E3366.88412
G0 F9000 X111.521 Y120.409
G1 F1500 X108.841 Y123.089 E3367.01017
G0 F9000 X108.275 Y123.089
G1 F1500 X110.955 Y120.409 E3367.13623
G0 F9000 X110.389 Y120.409
G1 F1500 X107.71 Y123.089 E3367.26227
G0 F9000 X107.144 Y123.089
G1 F1500 X109.824 Y120.408 E3367.38835
G0 F9000 X109.259 Y120.408
G1 F1500 X106.578 Y123.089 E3367.51446
G0 F9000 X106.012 Y123.089
G1 F1500 X108.693 Y120.408 E3367.64056
G0 F9000 X108.127 Y120.408
G1 F1500 X105.447 Y123.089 E3367.76665
G0 F9000 X104.881 Y123.089
G1 F1500 X107.562 Y120.408 E3367.89275
G0 F9000 X106.996 Y120.408
G1 F1500 X104.315 Y123.089 E3368.01886
G0 F9000 X103.75 Y123.089
G1 F1500 X106.43 Y120.408 E3368.14494
G0 F9000 X105.865 Y120.408
G1 F1500 X103.184 Y123.089 E3368.27105
G0 F9000 X102.618 Y123.089
G1 F1500 X105.299 Y120.408 E3368.39715
G0 F9000 X104.733 Y120.408
G1 F1500 X102.053 Y123.089 E3368.52324
G0 F9000 X101.487 Y123.089
G1 F1500 X104.168 Y120.408 E3368.64934
G0 F9000 X103.602 Y120.408
G1 F1500 X100.921 Y123.089 E3368.77545
G0 F9000 X100.356 Y123.089
G1 F1500 X103.036 Y120.408 E3368.90153
G0 F9000 X102.471 Y120.408
G1 F1500 X99.79 Y123.089 E3369.02764
G0 F9000 X99.224 Y123.089
G1 F1500 X101.905 Y120.408 E3369.15374
G0 F9000 X101.339 Y120.408
G1 F1500 X98.659 Y123.089 E3369.27982
G0 F9000 X98.093 Y123.089
G1 F1500 X100.774 Y120.408 E3369.40593
G0 F9000 X100.208 Y120.408
G1 F1500 X97.527 Y123.089 E3369.53204
G0 F9000 X96.962 Y123.089
G1 F1500 X99.642 Y120.408 E3369.65812
G0 F9000 X99.076 Y120.408
G1 F1500 X96.396 Y123.089 E3369.7842
G0 F9000 X95.83 Y123.089
G1 F1500 X98.511 Y120.408 E3369.91031
G0 F9000 X97.945 Y120.408
G1 F1500 X95.264 Y123.089 E3370.03641
G0 F9000 X94.699 Y123.089
G1 F1500 X97.379 Y120.408 E3370.1625
G0 F9000 X96.814 Y120.408
G1 F1500 X94.133 Y123.089 E3370.2886
G0 F9000 X93.567 Y123.089
G1 F1500 X96.248 Y120.408 E3370.41471
G0 F9000 X95.682 Y120.408
G1 F1500 X93.002 Y123.089 E3370.54079
G0 F9000 X92.436 Y123.089
G1 F1500 X95.117 Y120.408 E3370.6669
G0 F9000 X94.551 Y120.408
G1 F1500 X91.87 Y123.089 E3370.793
G0 F9000 X91.305 Y123.089
G1 F1500 X93.985 Y120.408 E3370.91909
G0 F9000 X93.42 Y120.408
G1 F1500 X90.739 Y123.089 E3371.04519
G0 F9000 X90.173 Y123.089
G1 F1500 X92.854 Y120.408 E3371.1713
G0 F9000 X92.288 Y120.408
G1 F1500 X89.608 Y123.089 E3371.29738
G0 F9000 X89.042 Y123.089
G1 F1500 X91.723 Y120.408 E3371.42349
G0 F9000 X91.157 Y120.408
G1 F1500 X88.476 Y123.089 E3371.54959
G0 F9000 X87.911 Y123.089
G1 F1500 X90.591 Y120.408 E3371.67567
G0 F9000 X90.026 Y120.408
G1 F1500 X87.345 Y123.089 E3371.80178
G0 F9000 X86.779 Y123.089
G1 F1500 X89.46 Y120.408 E3371.92789
G0 F9000 X88.894 Y120.408
G1 F1500 X86.213 Y123.089 E3372.05399
G0 F9000 X85.648 Y123.089
G1 F1500 X88.328 Y120.408 E3372.18007
G0 F9000 X87.763 Y120.408
G1 F1500 X85.082 Y123.089 E3372.30618
G0 F9000 X84.516 Y123.089
G1 F1500 X87.197 Y120.408 E3372.43229
G0 F9000 X86.631 Y120.408
G1 F1500 X83.951 Y123.089 E3372.55837
G0 F9000 X83.385 Y123.089
G1 F1500 X86.066 Y120.408 E3372.68448
G0 F9000 X85.5 Y120.408
G1 F1500 X82.819 Y123.089 E3372.81058
G0 F9000 X82.254 Y123.089
G1 F1500 X84.934 Y120.408 E3372.93666
G0 F9000 X84.369 Y120.408
G1 F1500 X81.688 Y123.089 E3373.06277
G0 F9000 X81.122 Y123.089
G1 F1500 X83.803 Y120.408 E3373.18888
G0 F9000 X83.237 Y120.408
G1 F1500 X80.557 Y123.089 E3373.31496
G0 F9000 X79.991 Y123.089
G1 F1500 X82.672 Y120.408 E3373.44106
G0 F9000 X82.106 Y120.408
G1 F1500 X79.425 Y123.089 E3373.56717
G0 F9000 X78.86 Y123.089
G1 F1500 X81.54 Y120.408 E3373.69325
G0 F9000 X80.975 Y120.408
G1 F1500 X78.294 Y123.089 E3373.81936
G0 F9000 X77.728 Y123.089
G1 F1500 X80.409 Y120.408 E3373.94547
G0 F9000 X79.843 Y120.408
G1 F1500 X77.163 Y123.089 E3374.07155
G0 F9000 X76.597 Y123.089
G1 F1500 X79.277 Y120.408 E3374.19763
G0 F9000 X78.712 Y120.408
G1 F1500 X76.031 Y123.089 E3374.32374
G0 F9000 X75.465 Y123.089
G1 F1500 X78.146 Y120.408 E3374.44984
G0 F9000 X77.58 Y120.408
G1 F1500 X74.9 Y123.089 E3374.57592
G0 F9000 X74.334 Y123.089
G1 F1500 X77.015 Y120.408 E3374.70203
G0 F9000 X76.449 Y120.408
G1 F1500 X73.768 Y123.089 E3374.82814
G0 F9000 X73.203 Y123.089
G1 F1500 X75.883 Y120.408 E3374.95422
G0 F9000 X75.318 Y120.408
G1 F1500 X72.637 Y123.089 E3375.08033
G0 F9000 X72.071 Y123.089
G1 F1500 X74.752 Y120.408 E3375.20643
G0 F9000 X74.186 Y120.408
G1 F1500 X71.506 Y123.089 E3375.33251
G0 F9000 X70.94 Y123.089
G1 F1500 X73.621 Y120.408 E3375.45862
G0 F9000 X73.055 Y120.408
G1 F1500 X70.374 Y123.089 E3375.58473
G0 F9000 X69.809 Y123.089
G1 F1500 X72.489 Y120.408 E3375.71081
G0 F9000 X71.924 Y120.408
G1 F1500 X69.243 Y123.089 E3375.83691
G0 F9000 X68.677 Y123.089
G1 F1500 X71.358 Y120.408 E3375.96302
G0 F9000 X70.792 Y120.408
G1 F1500 X68.112 Y123.089 E3376.0891
G0 F9000 X67.546 Y123.089
G1 F1500 X70.227 Y120.408 E3376.21521
G0 F9000 X69.661 Y120.408
G1 F1500 X66.98 Y123.089 E3376.34131
G0 F9000 X66.415 Y123.089
G1 F1500 X69.095 Y120.408 E3376.4674
G0 F9000 X68.529 Y120.408
G1 F1500 X65.849 Y123.089 E3376.59348
G0 F9000 X65.283 Y123.089
G1 F1500 X67.964 Y120.408 E3376.71959
G0 F9000 X67.398 Y120.408
G1 F1500 X64.717 Y123.089 E3376.84569
G0 F9000 X64.152 Y123.089
G1 F1500 X66.832 Y120.408 E3376.97177
G0 F9000 X66.267 Y120.408
G1 F1500 X63.586 Y123.089 E3377.09788
G0 F9000 X63.02 Y123.089
G1 F1500 X65.701 Y120.408 E3377.22399
G0 F9000 X65.135 Y120.408
G1 F1500 X62.455 Y123.089 E3377.35007
G0 F9000 X61.889 Y123.089
G1 F1500 X64.57 Y120.408 E3377.47618
G0 F9000 X64.004 Y120.408
G1 F1500 X61.323 Y123.089 E3377.60228
G0 F9000 X60.758 Y123.089
G1 F1500 X63.438 Y120.408 E3377.72836
G0 F9000 X62.873 Y120.408
G1 F1500 X60.192 Y123.089 E3377.85447
G0 F9000 X59.626 Y123.089
G1 F1500 X62.307 Y120.408 E3377.98058
G0 F9000 X61.741 Y120.408
G1 F1500 X59.061 Y123.089 E3378.10666
G0 F9000 X58.495 Y123.089
G1 F1500 X61.176 Y120.408 E3378.23276
G0 F9000 X60.61 Y120.408
G1 F1500 X57.929 Y123.089 E3378.35887
G0 F9000 X57.364 Y123.089
G1 F1500 X60.044 Y120.408 E3378.48495
G0 F9000 X59.478 Y120.408
G1 F1500 X56.798 Y123.089 E3378.61104
G0 F9000 X56.232 Y123.089
G1 F1500 X58.913 Y120.408 E3378.73714
G0 F9000 X58.347 Y120.408
G1 F1500 X55.666 Y123.089 E3378.86325
G0 F9000 X55.101 Y123.089
G1 F1500 X57.781 Y120.408 E3378.98933
G0 F9000 X57.216 Y120.408
G1 F1500 X54.535 Y123.089 E3379.11544
G0 F9000 X53.969 Y123.089
G1 F1500 X56.65 Y120.408 E3379.24154
G0 F9000 X56.084 Y120.408
G1 F1500 X53.404 Y123.089 E3379.36762
G0 F9000 X52.838 Y123.089
G1 F1500 X55.519 Y120.408 E3379.49373
G0 F9000 X54.953 Y120.408
G1 F1500 X52.272 Y123.089 E3379.61984
G0 F9000 X51.707 Y123.089
G1 F1500 X54.387 Y120.408 E3379.74592
G0 F9000 X53.822 Y120.408
G1 F1500 X51.141 Y123.089 E3379.87202
G0 F9000 X50.575 Y123.089
G1 F1500 X53.256 Y120.408 E3379.99813
G0 F9000 X52.69 Y120.408
G1 F1500 X50.01 Y123.089 E3380.12421
G0 F9000 X49.444 Y123.089
G1 F1500 X52.125 Y120.408 E3380.25032
G0 F9000 X51.559 Y120.408
G1 F1500 X48.878 Y123.089 E3380.37643
G0 F9000 X48.313 Y123.089
G1 F1500 X50.993 Y120.408 E3380.50251
G0 F9000 X50.428 Y120.408
G1 F1500 X47.747 Y123.089 E3380.62861
G0 F9000 X47.181 Y123.089
G1 F1500 X49.862 Y120.408 E3380.75472
G0 F9000 X49.296 Y120.408
G1 F1500 X46.616 Y123.089 E3380.8808
G0 F9000 X46.05 Y123.089
G1 F1500 X48.73 Y120.408 E3381.00688
G0 F9000 X48.165 Y120.408
G1 F1500 X45.484 Y123.089 E3381.13299
G0 F9000 X44.918 Y123.089
G1 F1500 X47.599 Y120.408 E3381.2591
G0 F9000 X47.033 Y120.408
G1 F1500 X44.353 Y123.089 E3381.38518
G0 F9000 X43.787 Y123.089
G1 F1500 X46.468 Y120.408 E3381.51129
G0 F9000 X45.902 Y120.408
G1 F1500 X43.221 Y123.089 E3381.63739
G0 F9000 X42.656 Y123.089
G1 F1500 X45.336 Y120.408 E3381.76347
G0 F9000 X44.771 Y120.408
G1 F1500 X42.09 Y123.089 E3381.88958
G0 F9000 X41.524 Y123.089
G1 F1500 X44.205 Y120.408 E3382.01569
G0 F9000 X43.639 Y120.408
G1 F1500 X40.959 Y123.089 E3382.14177
G0 F9000 X40.393 Y123.089
G1 F1500 X43.074 Y120.408 E3382.26787
G0 F9000 X42.508 Y120.408
G1 F1500 X39.827 Y123.089 E3382.39398
G0 F9000 X39.262 Y123.089
G1 F1500 X41.942 Y120.408 E3382.52006
G0 F9000 X41.377 Y120.408
G1 F1500 X38.696 Y123.089 E3382.64617
G0 F9000 X38.13 Y123.089
G1 F1500 X40.811 Y120.408 E3382.77228
G0 F9000 X40.245 Y120.408
G1 F1500 X37.565 Y123.089 E3382.89836
G0 F9000 X36.999 Y123.089
G1 F1500 X39.68 Y120.408 E3383.02446
G0 F9000 X39.114 Y120.408
G1 F1500 X36.433 Y123.089 E3383.15057
G0 F9000 X36.16 Y122.797
G1 F1500 X38.548 Y120.408 E3383.26292
G0 F9000 X37.982 Y120.408
G1 F1500 X36.16 Y122.231 E3383.34864
G0 F9000 X36.16 Y121.666
G1 F1500 X37.417 Y120.408 E3383.40779
G0 F9000 X36.851 Y120.408
G1 F1500 X36.16 Y121.1 E3383.44032
G0 F9000 X36.16 Y120.534
G1 F1500 X36.285 Y120.408 E3383.44622
G1 F2700 E3378.44622
;MESH:NONMESH
G0 F300 X36.285 Y120.408 Z9
G0 F9000 X36.285 Y119.95
G0 X184.4 Y119.67
G0 X184.4 Y118.585
G0 X184.4 Y101.415
G0 X184.4 Y100.15
;TIME_ELAPSED:5102.990288
;LAYER:44
;TYPE:WALL-INNER
;MESH:Garmin_GFC500 BOARDS SUPPORTS.stl
G1 F2700 E3383.44622
G1 F1500 X184.4 Y96.35 E3383.57261
G1 X35.6 Y96.35 E3388.52172
G1 X35.6 Y100.15 E3388.64811
G1 X184.4 Y100.15 E3393.59721
G0 F9000 X184.8 Y100.55
;TYPE:WALL-OUTER
G1 F1500 X184.8 Y95.95 E3393.75021
G1 X35.2 Y95.95 E3398.72593
G1 X35.2 Y100.55 E3398.87892
G1 X184.8 Y100.55 E3403.85464
G0 F9000 X184.53 Y100.28
G0 X184.3 Y99.79
G0 X184.04 Y99.79
;TYPE:SKIN
G1 F1500 X35.96 Y99.79 E3408.7798
G1 X35.96 Y96.71 E3408.88224
G1 X184.04 Y96.71 E3413.8074
G1 X184.04 Y99.79 E3413.90984
G0 F9000 X184.3 Y99.79
G0 X184.3 Y97.289
G0 X183.839 Y97.289
G1 F1500 X183.46 Y96.91 E3413.92767
G0 F9000 X182.894 Y96.91
G1 F1500 X183.839 Y97.855 E3413.97212
G0 F9000 X183.839 Y98.42
G1 F1500 X182.328 Y96.91 E3414.04317
G0 F9000 X181.763 Y96.91
G1 F1500 X183.839 Y98.986 E3414.14082
G0 F9000 X183.839 Y99.552
G1 F1500 X181.197 Y96.91 E3414.26509
G0 F9000 X180.631 Y96.91
G1 F1500 X183.311 Y99.589 E3414.39113
G0 F9000 X182.745 Y99.589
G1 F1500 X180.066 Y96.91 E3414.51714
G0 F9000 X179.5 Y96.91
G1 F1500 X182.179 Y99.589 E3414.64315
G0 F9000 X181.614 Y99.589
G1 F1500 X178.934 Y96.91 E3414.76918
G0 F9000 X178.369 Y96.91
G1 F1500 X181.048 Y99.589 E3414.8952
G0 F9000 X180.482 Y99.589
G1 F1500 X177.803 Y96.91 E3415.02121
G0 F9000 X177.237 Y96.91
G1 F1500 X179.916 Y99.589 E3415.14722
G0 F9000 X179.351 Y99.589
G1 F1500 X176.672 Y96.91 E3415.27323
G0 F9000 X176.106 Y96.91
G1 F1500 X178.785 Y99.589 E3415.39924
G0 F9000 X178.219 Y99.589
G1 F1500 X175.54 Y96.91 E3415.52526
G0 F9000 X174.974 Y96.91
G1 F1500 X177.654 Y99.589 E3415.65129
G0 F9000 X177.088 Y99.589
G1 F1500 X174.409 Y96.91 E3415.7773
G0 F9000 X173.843 Y96.91
G1 F1500 X176.522 Y99.589 E3415.90332
G0 F9000 X175.957 Y99.589
G1 F1500 X173.277 Y96.91 E3416.02935
G0 F9000 X172.712 Y96.91
G1 F1500 X175.391 Y99.589 E3416.15536
G0 F9000 X174.825 Y99.589
G1 F1500 X172.146 Y96.91 E3416.28138
G0 F9000 X171.58 Y96.91
G1 F1500 X174.26 Y99.589 E3416.40741
G0 F9000 X173.694 Y99.589
G1 F1500 X171.015 Y96.91 E3416.53342
G0 F9000 X170.449 Y96.91
G1 F1500 X173.128 Y99.589 E3416.65943
G0 F9000 X172.563 Y99.589
G1 F1500 X169.883 Y96.91 E3416.78547
G0 F9000 X169.318 Y96.91
G1 F1500 X171.997 Y99.589 E3416.91148
G0 F9000 X171.431 Y99.589
G1 F1500 X168.752 Y96.91 E3417.03749
G0 F9000 X168.186 Y96.91
G1 F1500 X170.865 Y99.589 E3417.16351
G0 F9000 X170.3 Y99.589
G1 F1500 X167.621 Y96.91 E3417.28952
G0 F9000 X167.055 Y96.91
G1 F1500 X169.734 Y99.589 E3417.41553
G0 F9000 X169.168 Y99.589
G1 F1500 X166.489 Y96.91 E3417.54154
G0 F9000 X165.924 Y96.91
G1 F1500 X168.603 Y99.589 E3417.66755
G0 F9000 X168.037 Y99.589
G1 F1500 X165.358 Y96.91 E3417.79357
G0 F9000 X164.792 Y96.91
G1 F1500 X167.471 Y99.589 E3417.91958
G0 F9000 X166.906 Y99.589
G1 F1500 X164.226 Y96.91 E3418.04561
G0 F9000 X163.661 Y96.91
G1 F1500 X166.34 Y99.589 E3418.17162
G0 F9000 X165.774 Y99.589
G1 F1500 X163.095 Y96.91 E3418.29764
G0 F9000 X162.529 Y96.91
G1 F1500 X165.209 Y99.589 E3418.42367
G0 F9000 X164.643 Y99.589
G1 F1500 X161.964 Y96.91 E3418.54968
G0 F9000 X161.398 Y96.91
G1 F1500 X164.077 Y99.589 E3418.6757
G0 F9000 X163.512 Y99.589
G1 F1500 X160.832 Y96.91 E3418.80173
G0 F9000 X160.267 Y96.91
G1 F1500 X162.946 Y99.589 E3418.92774
G0 F9000 X162.38 Y99.589
G1 F1500 X159.701 Y96.91 E3419.05376
G0 F9000 X159.135 Y96.91
G1 F1500 X161.815 Y99.589 E3419.17979
G0 F9000 X161.249 Y99.589
G1 F1500 X158.57 Y96.91 E3419.3058
G0 F9000 X158.004 Y96.91
G1 F1500 X160.683 Y99.589 E3419.43181
G0 F9000 X160.117 Y99.589
G1 F1500 X157.438 Y96.91 E3419.55783
G0 F9000 X156.873 Y96.91
G1 F1500 X159.552 Y99.589 E3419.68384
G0 F9000 X158.986 Y99.589
G1 F1500 X156.307 Y96.91 E3419.80985
G0 F9000 X155.741 Y96.91
G1 F1500 X158.42 Y99.589 E3419.93586
G0 F9000 X157.855 Y99.589
G1 F1500 X155.175 Y96.91 E3420.0619
G0 F9000 X154.61 Y96.91
G1 F1500 X157.289 Y99.589 E3420.18791
G0 F9000 X156.723 Y99.589
G1 F1500 X154.044 Y96.91 E3420.31392
G0 F9000 X153.478 Y96.91
G1 F1500 X156.158 Y99.589 E3420.43996
G0 F9000 X155.592 Y99.589
G1 F1500 X152.913 Y96.91 E3420.56597
G0 F9000 X152.347 Y96.91
G1 F1500 X155.026 Y99.589 E3420.69198
G0 F9000 X154.461 Y99.589
G1 F1500 X151.781 Y96.91 E3420.81802
G0 F9000 X151.216 Y96.91
G1 F1500 X153.895 Y99.589 E3420.94403
G0 F9000 X153.329 Y99.589
G1 F1500 X150.65 Y96.91 E3421.07004
G0 F9000 X150.084 Y96.91
G1 F1500 X152.764 Y99.589 E3421.19608
G0 F9000 X152.198 Y99.589
G1 F1500 X149.519 Y96.91 E3421.32209
G0 F9000 X148.953 Y96.91
G1 F1500 X151.632 Y99.589 E3421.4481
G0 F9000 X151.066 Y99.589
G1 F1500 X148.387 Y96.91 E3421.57411
G0 F9000 X147.822 Y96.91
G1 F1500 X150.501 Y99.589 E3421.70012
G0 F9000 X149.935 Y99.589
G1 F1500 X147.256 Y96.91 E3421.82614
G0 F9000 X146.69 Y96.91
G1 F1500 X149.369 Y99.589 E3421.95215
G0 F9000 X148.804 Y99.589
G1 F1500 X146.125 Y96.91 E3422.07816
G0 F9000 X145.559 Y96.91
G1 F1500 X148.238 Y99.589 E3422.20417
G0 F9000 X147.672 Y99.589
G1 F1500 X144.993 Y96.91 E3422.33018
G0 F9000 X144.427 Y96.91
G1 F1500 X147.107 Y99.589 E3422.45622
G0 F9000 X146.541 Y99.589
G1 F1500 X143.862 Y96.91 E3422.58223
G0 F9000 X143.296 Y96.91
G1 F1500 X145.975 Y99.589 E3422.70824
G0 F9000 X145.41 Y99.589
G1 F1500 X142.73 Y96.91 E3422.83428
G0 F9000 X142.165 Y96.91
G1 F1500 X144.844 Y99.589 E3422.96029
G0 F9000 X144.278 Y99.589
G1 F1500 X141.599 Y96.91 E3423.0863
G0 F9000 X141.033 Y96.91
G1 F1500 X143.713 Y99.589 E3423.21234
G0 F9000 X143.147 Y99.589
G1 F1500 X140.468 Y96.91 E3423.33835
G0 F9000 X139.902 Y96.91
G1 F1500 X142.581 Y99.589 E3423.46436
G0 F9000 X142.016 Y99.589
G1 F1500 X139.336 Y96.91 E3423.5904
G0 F9000 X138.771 Y96.91
G1 F1500 X141.45 Y99.589 E3423.71641
G0 F9000 X140.884 Y99.589
G1 F1500 X138.205 Y96.91 E3423.84242
G0 F9000 X137.639 Y96.91
G1 F1500 X140.318 Y99.589 E3423.96843
G0 F9000 X139.753 Y99.589
G1 F1500 X137.074 Y96.91 E3424.09444
G0 F9000 X136.508 Y96.91
G1 F1500 X139.187 Y99.589 E3424.22046
G0 F9000 X138.621 Y99.589
G1 F1500 X135.942 Y96.91 E3424.34647
G0 F9000 X135.377 Y96.91
G1 F1500 X138.056 Y99.589 E3424.47248
G0 F9000 X137.49 Y99.589
G1 F1500 X134.811 Y96.91 E3424.59849
G0 F9000 X134.245 Y96.91
G1 F1500 X136.924 Y99.589 E3424.7245
G0 F9000 X136.359 Y99.589
G1 F1500 X133.679 Y96.91 E3424.85054
G0 F9000 X133.114 Y96.91
G1 F1500 X135.793 Y99.589 E3424.97655
G0 F9000 X135.227 Y99.589
G1 F1500 X132.548 Y96.91 E3425.10256
G0 F9000 X131.982 Y96.91
G1 F1500 X134.662 Y99.589 E3425.2286
G0 F9000 X134.096 Y99.589
G1 F1500 X131.417 Y96.91 E3425.35461
G0 F9000 X130.851 Y96.91
G1 F1500 X133.53 Y99.589 E3425.48062
G0 F9000 X132.965 Y99.589
G1 F1500 X130.285 Y96.91 E3425.60666
G0 F9000 X129.72 Y96.91
G1 F1500 X132.399 Y99.589 E3425.73267
G0 F9000 X131.833 Y99.589
G1 F1500 X129.154 Y96.91 E3425.85868
G0 F9000 X128.588 Y96.91
G1 F1500 X131.268 Y99.589 E3425.98472
G0 F9000 X130.702 Y99.589
G1 F1500 X128.023 Y96.91 E3426.11073
G0 F9000 X127.457 Y96.91
G1 F1500 X130.136 Y99.589 E3426.23674
G0 F9000 X129.57 Y99.589
G1 F1500 X126.891 Y96.91 E3426.36275
G0 F9000 X126.326 Y96.91
G1 F1500 X129.005 Y99.589 E3426.48877
G0 F9000 X128.439 Y99.589
G1 F1500 X125.76 Y96.91 E3426.61478
G0 F9000 X125.194 Y96.91
G1 F1500 X127.873 Y99.589 E3426.74079
G0 F9000 X127.308 Y99.589
G1 F1500 X124.628 Y96.91 E3426.86683
G0 F9000 X124.063 Y96.91
G1 F1500 X126.742 Y99.589 E3426.99284
G0 F9000 X126.176 Y99.589
G1 F1500 X123.497 Y96.91 E3427.11885
G0 F9000 X122.931 Y96.91
G1 F1500 X125.611 Y99.589 E3427.24488
G0 F9000 X125.045 Y99.589
G1 F1500 X122.366 Y96.91 E3427.3709
G0 F9000 X121.8 Y96.91
G1 F1500 X124.479 Y99.589 E3427.49691
G0 F9000 X123.914 Y99.589
G1 F1500 X121.234 Y96.91 E3427.62294
G0 F9000 X120.669 Y96.91
G1 F1500 X123.348 Y99.589 E3427.74896
G0 F9000 X122.782 Y99.589
G1 F1500 X120.103 Y96.91 E3427.87497
G0 F9000 X119.537 Y96.91
G1 F1500 X122.217 Y99.589 E3428.001
G0 F9000 X121.651 Y99.589
G1 F1500 X118.972 Y96.91 E3428.12702
G0 F9000 X118.406 Y96.91
G1 F1500 X121.085 Y99.589 E3428.25303
G0 F9000 X120.519 Y99.589
G1 F1500 X117.84 Y96.91 E3428.37904
G0 F9000 X117.275 Y96.91
G1 F1500 X119.954 Y99.589 E3428.50505
G0 F9000 X119.388 Y99.589
G1 F1500 X116.709 Y96.91 E3428.63106
G0 F9000 X116.143 Y96.91
G1 F1500 X118.822 Y99.589 E3428.75708
G0 F9000 X118.257 Y99.589
G1 F1500 X115.578 Y96.91 E3428.88309
G0 F9000 X115.012 Y96.91
G1 F1500 X117.691 Y99.589 E3429.0091
G0 F9000 X117.125 Y99.589
G1 F1500 X114.446 Y96.91 E3429.13511
G0 F9000 X113.88 Y96.91
G1 F1500 X116.56 Y99.589 E3429.26115
G0 F9000 X115.994 Y99.589
G1 F1500 X113.315 Y96.91 E3429.38716
G0 F9000 X112.749 Y96.91
G1 F1500 X115.428 Y99.589 E3429.51317
G0 F9000 X114.863 Y99.589
G1 F1500 X112.183 Y96.91 E3429.63921
G0 F9000 X111.618 Y96.91
G1 F1500 X114.297 Y99.589 E3429.76522
G0 F9000 X113.731 Y99.589
G1 F1500 X111.052 Y96.91 E3429.89123
G0 F9000 X110.486 Y96.91
G1 F1500 X113.166 Y99.589 E3430.01727
G0 F9000 X112.6 Y99.589
G1 F1500 X109.92 Y96.909 E3430.14332
G0 F9000 X109.354 Y96.909
G1 F1500 X112.034 Y99.589 E3430.26938
G0 F9000 X111.469 Y99.589
G1 F1500 X108.789 Y96.909 E3430.39544
G0 F9000 X108.223 Y96.909
G1 F1500 X110.903 Y99.589 E3430.5215
G0 F9000 X110.337 Y99.589
G1 F1500 X107.657 Y96.909 E3430.64756
G0 F9000 X107.092 Y96.909
G1 F1500 X109.771 Y99.588 E3430.77357
G0 F9000 X109.205 Y99.588
G1 F1500 X106.526 Y96.909 E3430.89958
G0 F9000 X105.96 Y96.909
G1 F1500 X108.639 Y99.588 E3431.0256
G0 F9000 X108.074 Y99.588
G1 F1500 X105.394 Y96.909 E3431.15163
G0 F9000 X104.829 Y96.909
G1 F1500 X107.508 Y99.588 E3431.27764
G0 F9000 X106.942 Y99.588
G1 F1500 X104.263 Y96.909 E3431.40366
G0 F9000 X103.697 Y96.909
G1 F1500 X106.377 Y99.588 E3431.52969
G0 F9000 X105.811 Y99.588
G1 F1500 X103.132 Y96.909 E3431.6557
G0 F9000 X102.566 Y96.909
G1 F1500 X105.245 Y99.588 E3431.78171
G0 F9000 X104.68 Y99.588
G1 F1500 X102 Y96.909 E3431.90775
G0 F9000 X101.435 Y96.909
G1 F1500 X104.114 Y99.588 E3432.03376
G0 F9000 X103.548 Y99.588
G1 F1500 X100.869 Y96.909 E3432.15977
G0 F9000 X100.303 Y96.909
G1 F1500 X102.983 Y99.588 E3432.28581
G0 F9000 X102.417 Y99.588
G1 F1500 X99.738 Y96.909 E3432.41182
G0 F9000 X99.172 Y96.909
G1 F1500 X101.851 Y99.588 E3432.53783
G0 F9000 X101.285 Y99.588
G1 F1500 X98.606 Y96.909 E3432.66385
G0 F9000 X98.041 Y96.909
G1 F1500 X100.72 Y99.588 E3432.78986
G0 F9000 X100.154 Y99.588
G1 F1500 X97.475 Y96.909 E3432.91587
G0 F9000 X96.909 Y96.909
G1 F1500 X99.588 Y99.588 E3433.04188
G0 F9000 X99.023 Y99.588
G1 F1500 X96.344 Y96.909 E3433.16789
G0 F9000 X95.778 Y96.909
G1 F1500 X98.457 Y99.588 E3433.29391
G0 F9000 X97.891 Y99.588
G1 F1500 X95.212 Y96.909 E3433.41992
G0 F9000 X94.646 Y96.909
G1 F1500 X97.326 Y99.588 E3433.54595
G0 F9000 X96.76 Y99.588
G1 F1500 X94.081 Y96.909 E3433.67196
G0 F9000 X93.515 Y96.909
G1 F1500 X96.194 Y99.588 E3433.79798
G0 F9000 X95.629 Y99.588
G1 F1500 X92.949 Y96.909 E3433.92401
G0 F9000 X92.384 Y96.909
G1 F1500 X95.063 Y99.588 E3434.05002
G0 F9000 X94.497 Y99.588
G1 F1500 X91.818 Y96.909 E3434.17604
G0 F9000 X91.252 Y96.909
G1 F1500 X93.932 Y99.588 E3434.30207
G0 F9000 X93.366 Y99.588
G1 F1500 X90.687 Y96.909 E3434.42808
G0 F9000 X90.121 Y96.909
G1 F1500 X92.8 Y99.588 E3434.5541
G0 F9000 X92.235 Y99.588
G1 F1500 X89.555 Y96.909 E3434.68013
G0 F9000 X88.99 Y96.909
G1 F1500 X91.669 Y99.588 E3434.80614
G0 F9000 X91.103 Y99.588
G1 F1500 X88.424 Y96.909 E3434.93215
G0 F9000 X87.858 Y96.909
G1 F1500 X90.537 Y99.588 E3435.05817
G0 F9000 X89.972 Y99.588
G1 F1500 X87.293 Y96.909 E3435.18418
G0 F9000 X86.727 Y96.909
G1 F1500 X89.406 Y99.588 E3435.31019
G0 F9000 X88.84 Y99.588
G1 F1500 X86.161 Y96.909 E3435.4362
G0 F9000 X85.595 Y96.909
G1 F1500 X88.275 Y99.588 E3435.56224
G0 F9000 X87.709 Y99.588
G1 F1500 X85.03 Y96.909 E3435.68825
G0 F9000 X84.464 Y96.909
G1 F1500 X87.143 Y99.588 E3435.81426
G0 F9000 X86.578 Y99.588
G1 F1500 X83.898 Y96.909 E3435.9403
G0 F9000 X83.333 Y96.909
G1 F1500 X86.012 Y99.588 E3436.06631
G0 F9000 X85.446 Y99.588
G1 F1500 X82.767 Y96.909 E3436.19232
G0 F9000 X82.201 Y96.909
G1 F1500 X84.881 Y99.588 E3436.31836
G0 F9000 X84.315 Y99.588
G1 F1500 X81.636 Y96.909 E3436.44437
G0 F9000 X81.07 Y96.909
G1 F1500 X83.749 Y99.588 E3436.57038
G0 F9000 X83.184 Y99.588
G1 F1500 X80.504 Y96.909 E3436.69642
G0 F9000 X79.939 Y96.909
G1 F1500 X82.618 Y99.588 E3436.82243
G0 F9000 X82.052 Y99.588
G1 F1500 X79.373 Y96.909 E3436.94844
G0 F9000 X78.807 Y96.909
G1 F1500 X81.486 Y99.588 E3437.07445
G0 F9000 X80.921 Y99.588
G1 F1500 X78.242 Y96.909 E3437.20046
G0 F9000 X77.676 Y96.909
G1 F1500 X80.355 Y99.588 E3437.32648
G0 F9000 X79.789 Y99.588
G1 F1500 X77.11 Y96.909 E3437.45249
G0 F9000 X76.545 Y96.909
G1 F1500 X79.224 Y99.588 E3437.5785
G0 F9000 X78.658 Y99.588
G1 F1500 X75.979 Y96.909 E3437.70451
G0 F9000 X75.413 Y96.909
G1 F1500 X78.092 Y99.588 E3437.83052
G0 F9000 X77.527 Y99.588
G1 F1500 X74.847 Y96.909 E3437.95656
G0 F9000 X74.282 Y96.909
G1 F1500 X76.961 Y99.588 E3438.08257
G0 F9000 X76.395 Y99.588
G1 F1500 X73.716 Y96.909 E3438.20858
G0 F9000 X73.15 Y96.909
G1 F1500 X75.83 Y99.588 E3438.33462
G0 F9000 X75.264 Y99.588
G1 F1500 X72.585 Y96.909 E3438.46063
G0 F9000 X72.019 Y96.909
G1 F1500 X74.698 Y99.588 E3438.58664
G0 F9000 X74.133 Y99.588
G1 F1500 X71.453 Y96.909 E3438.71268
G0 F9000 X70.888 Y96.909
G1 F1500 X73.567 Y99.588 E3438.83869
G0 F9000 X73.001 Y99.588
G1 F1500 X70.322 Y96.909 E3438.9647
G0 F9000 X69.756 Y96.909
G1 F1500 X72.436 Y99.588 E3439.09074
G0 F9000 X71.87 Y99.588
G1 F1500 X69.191 Y96.909 E3439.21675
G0 F9000 X68.625 Y96.909
G1 F1500 X71.304 Y99.588 E3439.34276
G0 F9000 X70.738 Y99.588
G1 F1500 X68.059 Y96.909 E3439.46877
G0 F9000 X67.494 Y96.909
G1 F1500 X70.173 Y99.588 E3439.59478
G0 F9000 X69.607 Y99.588
G1 F1500 X66.928 Y96.909 E3439.7208
G0 F9000 X66.362 Y96.909
G1 F1500 X69.041 Y99.588 E3439.84681
G0 F9000 X68.476 Y99.588
G1 F1500 X65.796 Y96.909 E3439.97284
G0 F9000 X65.231 Y96.909
G1 F1500 X67.91 Y99.588 E3440.09886
G0 F9000 X67.344 Y99.588
G1 F1500 X64.665 Y96.909 E3440.22487
G0 F9000 X64.099 Y96.909
G1 F1500 X66.779 Y99.588 E3440.3509
G0 F9000 X66.213 Y99.588
G1 F1500 X63.534 Y96.909 E3440.47692
G0 F9000 X62.968 Y96.909
G1 F1500 X65.647 Y99.588 E3440.60293
G0 F9000 X65.082 Y99.588
G1 F1500 X62.402 Y96.909 E3440.72896
G0 F9000 X61.837 Y96.909
G1 F1500 X64.516 Y99.588 E3440.85497
G0 F9000 X63.95 Y99.588
G1 F1500 X61.271 Y96.909 E3440.98099
G0 F9000 X60.705 Y96.909
G1 F1500 X63.385 Y99.588 E3441.10702
G0 F9000 X62.819 Y99.588
G1 F1500 X60.14 Y96.909 E3441.23303
G0 F9000 X59.574 Y96.909
G1 F1500 X62.253 Y99.588 E3441.35905
G0 F9000 X61.687 Y99.588
G1 F1500 X59.008 Y96.909 E3441.48506
G0 F9000 X58.443 Y96.909
G1 F1500 X61.122 Y99.588 E3441.61107
G0 F9000 X60.556 Y99.588
G1 F1500 X57.877 Y96.909 E3441.73708
G0 F9000 X57.311 Y96.909
G1 F1500 X59.99 Y99.588 E3441.86309
G0 F9000 X59.425 Y99.588
G1 F1500 X56.746 Y96.909 E3441.98911
G0 F9000 X56.18 Y96.909
G1 F1500 X58.859 Y99.588 E3442.11512
G0 F9000 X58.293 Y99.588
G1 F1500 X55.614 Y96.909 E3442.24113
G0 F9000 X55.048 Y96.909
G1 F1500 X57.728 Y99.588 E3442.36717
G0 F9000 X57.162 Y99.588
G1 F1500 X54.483 Y96.909 E3442.49318
G0 F9000 X53.917 Y96.909
G1 F1500 X56.596 Y99.588 E3442.61919
G0 F9000 X56.031 Y99.588
G1 F1500 X53.351 Y96.909 E3442.74522
G0 F9000 X52.786 Y96.909
G1 F1500 X55.465 Y99.588 E3442.87124
G0 F9000 X54.899 Y99.588
G1 F1500 X52.22 Y96.909 E3442.99725
G0 F9000 X51.654 Y96.909
G1 F1500 X54.334 Y99.588 E3443.12328
G0 F9000 X53.768 Y99.588
G1 F1500 X51.089 Y96.909 E3443.2493
G0 F9000 X50.523 Y96.909
G1 F1500 X53.202 Y99.588 E3443.37531
G0 F9000 X52.637 Y99.588
G1 F1500 X49.957 Y96.909 E3443.50134
G0 F9000 X49.392 Y96.909
G1 F1500 X52.071 Y99.588 E3443.62736
G0 F9000 X51.505 Y99.588
G1 F1500 X48.826 Y96.909 E3443.75337
G0 F9000 X48.26 Y96.909
G1 F1500 X50.939 Y99.588 E3443.87938
G0 F9000 X50.374 Y99.588
G1 F1500 X47.695 Y96.909 E3444.00539
G0 F9000 X47.129 Y96.909
G1 F1500 X49.808 Y99.588 E3444.1314
G0 F9000 X49.242 Y99.588
G1 F1500 X46.563 Y96.909 E3444.25741
G0 F9000 X45.998 Y96.909
G1 F1500 X48.677 Y99.588 E3444.38343
G0 F9000 X48.111 Y99.588
G1 F1500 X45.432 Y96.909 E3444.50944
G0 F9000 X44.866 Y96.909
G1 F1500 X47.545 Y99.588 E3444.63545
G0 F9000 X46.98 Y99.588
G1 F1500 X44.3 Y96.909 E3444.76149
G0 F9000 X43.735 Y96.909
G1 F1500 X46.414 Y99.588 E3444.8875
G0 F9000 X45.848 Y99.588
G1 F1500 X43.169 Y96.909 E3445.01351
G0 F9000 X42.603 Y96.909
G1 F1500 X45.283 Y99.588 E3445.13955
G0 F9000 X44.717 Y99.588
G1 F1500 X42.038 Y96.909 E3445.26556
G0 F9000 X41.472 Y96.909
G1 F1500 X44.151 Y99.588 E3445.39157
G0 F9000 X43.586 Y99.588
G1 F1500 X40.906 Y96.909 E3445.5176
G0 F9000 X40.341 Y96.909
G1 F1500 X43.02 Y99.588 E3445.64362
G0 F9000 X42.454 Y99.588
G1 F1500 X39.775 Y96.909 E3445.76963
G0 F9000 X39.209 Y96.909
G1 F1500 X41.889 Y99.588 E3445.89566
G0 F9000 X41.323 Y99.588
G1 F1500 X38.644 Y96.909 E3446.02168
G0 F9000 X38.078 Y96.909
G1 F1500 X40.757 Y99.588 E3446.14769
G0 F9000 X40.191 Y99.588
G1 F1500 X37.512 Y96.909 E3446.2737
G0 F9000 X36.947 Y96.909
G1 F1500 X39.626 Y99.588 E3446.39971
G0 F9000 X39.06 Y99.588
G1 F1500 X36.381 Y96.909 E3446.52572
G0 F9000 X36.16 Y97.254
G1 F1500 X38.494 Y99.588 E3446.63551
G0 F9000 X37.929 Y99.588
G1 F1500 X36.16 Y97.819 E3446.71872
G0 F9000 X36.16 Y98.385
G1 F1500 X37.363 Y99.588 E3446.7753
G0 F9000 X36.797 Y99.588
G1 F1500 X36.16 Y98.951 E3446.80526
G0 F9000 X36.16 Y99.516
G1 F1500 X36.232 Y99.588 E3446.80865
G1 F2700 E3441.80865
G0 F9000 X36.232 Y100.05
G0 X184.4 Y100.33
G0 X184.4 Y101.415
G0 X184.4 Y118.585
G0 X184.4 Y123.65
;TYPE:WALL-INNER
G1 F2700 E3446.80865
G1 F1500 X184.4 Y119.85 E3446.93504
G1 X35.6 Y119.85 E3451.88415
G1 X35.6 Y123.65 E3452.01054
G1 X184.4 Y123.65 E3456.95964
G0 F9000 X184.8 Y124.05
;TYPE:WALL-OUTER
G1 F1500 X184.8 Y119.45 E3457.11264
G1 X35.2 Y119.45 E3462.08836
G1 X35.2 Y124.05 E3462.24135
G1 X184.8 Y124.05 E3467.21707
G0 F9000 X184.53 Y123.78
G0 X184.3 Y123.29
G0 X184.04 Y123.29
;TYPE:SKIN
G1 F1500 X35.96 Y123.29 E3472.14223
G1 X35.96 Y120.21 E3472.24467
G1 X184.04 Y120.21 E3477.16983
G1 X184.04 Y123.29 E3477.27227
G0 F9000 X184.3 Y123.29
G0 X184.3 Y120.482
G0 X183.839 Y120.482
G1 F1500 X183.767 Y120.41 E3477.27566
G0 F9000 X183.201 Y120.41
G1 F1500 X183.839 Y121.048 E3477.30567
G0 F9000 X183.839 Y121.613
G1 F1500 X182.635 Y120.41 E3477.36228
G0 F9000 X182.07 Y120.41
G1 F1500 X183.839 Y122.179 E3477.44549
G0 F9000 X183.839 Y122.745
G1 F1500 X181.504 Y120.41 E3477.55532
G0 F9000 X180.938 Y120.41
G1 F1500 X183.617 Y123.089 E3477.68133
G0 F9000 X183.052 Y123.089
G1 F1500 X180.373 Y120.41 E3477.80734
G0 F9000 X179.807 Y120.41
G1 F1500 X182.486 Y123.089 E3477.93335
G0 F9000 X181.92 Y123.089
G1 F1500 X179.241 Y120.41 E3478.05937
G0 F9000 X178.675 Y120.41
G1 F1500 X181.355 Y123.089 E3478.1854
G0 F9000 X180.789 Y123.089
G1 F1500 X178.11 Y120.41 E3478.31141
G0 F9000 X177.544 Y120.41
G1 F1500 X180.223 Y123.089 E3478.43743
G0 F9000 X179.658 Y123.089
G1 F1500 X176.978 Y120.41 E3478.56346
G0 F9000 X176.413 Y120.41
G1 F1500 X179.092 Y123.089 E3478.68947
G0 F9000 X178.526 Y123.089
G1 F1500 X175.847 Y120.41 E3478.81549
G0 F9000 X175.281 Y120.41
G1 F1500 X177.961 Y123.089 E3478.94152
G0 F9000 X177.395 Y123.089
G1 F1500 X174.716 Y120.41 E3479.06753
G0 F9000 X174.15 Y120.41
G1 F1500 X176.829 Y123.089 E3479.19354
G0 F9000 X176.264 Y123.089
G1 F1500 X173.584 Y120.41 E3479.31958
G0 F9000 X173.019 Y120.41
G1 F1500 X175.698 Y123.089 E3479.44559
G0 F9000 X175.132 Y123.089
G1 F1500 X172.453 Y120.41 E3479.5716
G0 F9000 X171.887 Y120.41
G1 F1500 X174.566 Y123.089 E3479.69762
G0 F9000 X174.001 Y123.089
G1 F1500 X171.322 Y120.41 E3479.82363
G0 F9000 X170.756 Y120.41
G1 F1500 X173.435 Y123.089 E3479.94964
G0 F9000 X172.869 Y123.089
G1 F1500 X170.19 Y120.41 E3480.07565
G0 F9000 X169.625 Y120.41
G1 F1500 X172.304 Y123.089 E3480.20166
G0 F9000 X171.738 Y123.089
G1 F1500 X169.059 Y120.41 E3480.32768
G0 F9000 X168.493 Y120.41
G1 F1500 X171.172 Y123.089 E3480.45369
G0 F9000 X170.607 Y123.089
G1 F1500 X167.927 Y120.41 E3480.57972
G0 F9000 X167.362 Y120.41
G1 F1500 X170.041 Y123.089 E3480.70573
G0 F9000 X169.475 Y123.089
G1 F1500 X166.796 Y120.41 E3480.83175
G0 F9000 X166.23 Y120.41
G1 F1500 X168.91 Y123.089 E3480.95778
G0 F9000 X168.344 Y123.089
G1 F1500 X165.665 Y120.41 E3481.08379
G0 F9000 X165.099 Y120.41
G1 F1500 X167.778 Y123.089 E3481.20981
G0 F9000 X167.213 Y123.089
G1 F1500 X164.533 Y120.41 E3481.33584
G0 F9000 X163.968 Y120.41
G1 F1500 X166.647 Y123.089 E3481.46185
G0 F9000 X166.081 Y123.089
G1 F1500 X163.402 Y120.41 E3481.58787
G0 F9000 X162.836 Y120.41
G1 F1500 X165.516 Y123.089 E3481.7139
G0 F9000 X164.95 Y123.089
G1 F1500 X162.271 Y120.41 E3481.83991
G0 F9000 X161.705 Y120.41
G1 F1500 X164.384 Y123.089 E3481.96593
G0 F9000 X163.818 Y123.089
G1 F1500 X161.139 Y120.41 E3482.09194
G0 F9000 X160.574 Y120.41
G1 F1500 X163.253 Y123.089 E3482.21795
G0 F9000 X162.687 Y123.089
G1 F1500 X160.008 Y120.41 E3482.34396
G0 F9000 X159.442 Y120.41
G1 F1500 X162.121 Y123.089 E3482.46997
G0 F9000 X161.556 Y123.089
G1 F1500 X158.876 Y120.41 E3482.59601
G0 F9000 X158.311 Y120.41
G1 F1500 X160.99 Y123.089 E3482.72202
G0 F9000 X160.424 Y123.089
G1 F1500 X157.745 Y120.41 E3482.84803
G0 F9000 X157.179 Y120.41
G1 F1500 X159.859 Y123.089 E3482.97407
G0 F9000 X159.293 Y123.089
G1 F1500 X156.614 Y120.41 E3483.10008
G0 F9000 X156.048 Y120.41
G1 F1500 X158.727 Y123.089 E3483.22609
G0 F9000 X158.162 Y123.089
G1 F1500 X155.482 Y120.41 E3483.35213
G0 F9000 X154.917 Y120.41
G1 F1500 X157.596 Y123.089 E3483.47814
G0 F9000 X157.03 Y123.089
G1 F1500 X154.351 Y120.41 E3483.60415
G0 F9000 X153.785 Y120.41
G1 F1500 X156.465 Y123.089 E3483.73019
G0 F9000 X155.899 Y123.089
G1 F1500 X153.22 Y120.41 E3483.8562
G0 F9000 X152.654 Y120.41
G1 F1500 X155.333 Y123.089 E3483.98221
G0 F9000 X154.767 Y123.089
G1 F1500 X152.088 Y120.41 E3484.10822
G0 F9000 X151.523 Y120.41
G1 F1500 X154.202 Y123.089 E3484.23423
G0 F9000 X153.636 Y123.089
G1 F1500 X150.957 Y120.41 E3484.36025
G0 F9000 X150.391 Y120.41
G1 F1500 X153.07 Y123.089 E3484.48626
G0 F9000 X152.505 Y123.089
G1 F1500 X149.826 Y120.41 E3484.61227
G0 F9000 X149.26 Y120.41
G1 F1500 X151.939 Y123.089 E3484.73828
G0 F9000 X151.373 Y123.089
G1 F1500 X148.694 Y120.41 E3484.86429
G0 F9000 X148.128 Y120.41
G1 F1500 X150.808 Y123.089 E3484.99033
G0 F9000 X150.242 Y123.089
G1 F1500 X147.563 Y120.41 E3485.11634
G0 F9000 X146.997 Y120.41
G1 F1500 X149.676 Y123.089 E3485.24235
G0 F9000 X149.111 Y123.089
G1 F1500 X146.431 Y120.41 E3485.36839
G0 F9000 X145.866 Y120.41
G1 F1500 X148.545 Y123.089 E3485.4944
G0 F9000 X147.979 Y123.089
G1 F1500 X145.3 Y120.41 E3485.62041
G0 F9000 X144.734 Y120.41
G1 F1500 X147.414 Y123.089 E3485.74645
G0 F9000 X146.848 Y123.089
G1 F1500 X144.169 Y120.41 E3485.87246
G0 F9000 X143.603 Y120.41
G1 F1500 X146.282 Y123.089 E3485.99847
G0 F9000 X145.717 Y123.089
G1 F1500 X143.037 Y120.41 E3486.12451
G0 F9000 X142.472 Y120.41
G1 F1500 X145.151 Y123.089 E3486.25052
G0 F9000 X144.585 Y123.089
G1 F1500 X141.906 Y120.41 E3486.37653
G0 F9000 X141.34 Y120.41
G1 F1500 X144.019 Y123.089 E3486.50254
G0 F9000 X143.454 Y123.089
G1 F1500 X140.775 Y120.41 E3486.62856
G0 F9000 X140.209 Y120.41
G1 F1500 X142.888 Y123.089 E3486.75457
G0 F9000 X142.322 Y123.089
G1 F1500 X139.643 Y120.41 E3486.88058
G0 F9000 X139.078 Y120.41
G1 F1500 X141.757 Y123.089 E3487.00659
G0 F9000 X141.191 Y123.089
G1 F1500 X138.512 Y120.41 E3487.1326
G0 F9000 X137.946 Y120.41
G1 F1500 X140.625 Y123.089 E3487.25861
G0 F9000 X140.06 Y123.089
G1 F1500 X137.38 Y120.41 E3487.38465
G0 F9000 X136.815 Y120.41
G1 F1500 X139.494 Y123.089 E3487.51066
G0 F9000 X138.928 Y123.089
G1 F1500 X136.249 Y120.41 E3487.63667
G0 F9000 X135.683 Y120.41
G1 F1500 X138.363 Y123.089 E3487.76271
G0 F9000 X137.797 Y123.089
G1 F1500 X135.118 Y120.41 E3487.88872
G0 F9000 X134.552 Y120.41
G1 F1500 X137.231 Y123.089 E3488.01473
G0 F9000 X136.666 Y123.089
G1 F1500 X133.986 Y120.41 E3488.14077
G0 F9000 X133.421 Y120.41
G1 F1500 X136.1 Y123.089 E3488.26678
G0 F9000 X135.534 Y123.089
G1 F1500 X132.855 Y120.41 E3488.39279
G0 F9000 X132.289 Y120.41
G1 F1500 X134.969 Y123.089 E3488.51883
G0 F9000 X134.403 Y123.089
G1 F1500 X131.724 Y120.41 E3488.64484
G0 F9000 X131.158 Y120.41
G1 F1500 X133.837 Y123.089 E3488.77085
G0 F9000 X133.271 Y123.089
G1 F1500 X130.592 Y120.41 E3488.89686
G0 F9000 X130.027 Y120.41
G1 F1500 X132.706 Y123.089 E3489.02288
G0 F9000 X132.14 Y123.089
G1 F1500 X129.461 Y120.41 E3489.14889
G0 F9000 X128.895 Y120.41
G1 F1500 X131.574 Y123.089 E3489.2749
G0 F9000 X131.009 Y123.089
G1 F1500 X128.329 Y120.41 E3489.40094
G0 F9000 X127.764 Y120.41
G1 F1500 X130.443 Y123.089 E3489.52695
G0 F9000 X129.877 Y123.089
G1 F1500 X127.198 Y120.41 E3489.65296
G0 F9000 X126.632 Y120.41
G1 F1500 X129.312 Y123.089 E3489.77899
G0 F9000 X128.746 Y123.089
G1 F1500 X126.067 Y120.41 E3489.90501
G0 F9000 X125.501 Y120.41
G1 F1500 X128.18 Y123.089 E3490.03102
G0 F9000 X127.615 Y123.089
G1 F1500 X124.935 Y120.41 E3490.15705
G0 F9000 X124.37 Y120.41
G1 F1500 X127.049 Y123.089 E3490.28307
G0 F9000 X126.483 Y123.089
G1 F1500 X123.804 Y120.41 E3490.40908
G0 F9000 X123.238 Y120.41
G1 F1500 X125.918 Y123.089 E3490.53511
G0 F9000 X125.352 Y123.089
G1 F1500 X122.673 Y120.41 E3490.66113
G0 F9000 X122.107 Y120.41
G1 F1500 X124.786 Y123.089 E3490.78714
G0 F9000 X124.22 Y123.089
G1 F1500 X121.541 Y120.41 E3490.91315
G0 F9000 X120.976 Y120.41
G1 F1500 X123.655 Y123.089 E3491.03916
G0 F9000 X123.089 Y123.089
G1 F1500 X120.41 Y120.41 E3491.16517
G0 F9000 X119.844 Y120.41
G1 F1500 X122.523 Y123.089 E3491.29119
G0 F9000 X121.958 Y123.089
G1 F1500 X119.279 Y120.41 E3491.4172
G0 F9000 X118.713 Y120.41
G1 F1500 X121.392 Y123.089 E3491.54321
G0 F9000 X120.826 Y123.089
G1 F1500 X118.147 Y120.41 E3491.66922
G0 F9000 X117.581 Y120.41
G1 F1500 X120.261 Y123.089 E3491.79526
G0 F9000 X119.695 Y123.089
G1 F1500 X117.016 Y120.41 E3491.92127
G0 F9000 X116.45 Y120.41
G1 F1500 X119.129 Y123.089 E3492.04728
G0 F9000 X118.564 Y123.089
G1 F1500 X115.884 Y120.41 E3492.17332
G0 F9000 X115.319 Y120.41
G1 F1500 X117.998 Y123.089 E3492.29933
G0 F9000 X117.432 Y123.089
G1 F1500 X114.753 Y120.41 E3492.42534
G0 F9000 X114.187 Y120.41
G1 F1500 X116.867 Y123.089 E3492.55138
G0 F9000 X116.301 Y123.089
G1 F1500 X113.622 Y120.41 E3492.67739
G0 F9000 X113.056 Y120.41
G1 F1500 X115.735 Y123.089 E3492.8034
G0 F9000 X115.17 Y123.089
G1 F1500 X112.49 Y120.41 E3492.92943
G0 F9000 X111.925 Y120.41
G1 F1500 X114.604 Y123.089 E3493.05545
G0 F9000 X114.038 Y123.089
G1 F1500 X111.359 Y120.41 E3493.18146
G0 F9000 X110.793 Y120.41
G1 F1500 X113.472 Y123.089 E3493.30747
G0 F9000 X112.907 Y123.089
G1 F1500 X110.228 Y120.41 E3493.43348
G0 F9000 X109.661 Y120.409
G1 F1500 X112.341 Y123.089 E3493.55954
G0 F9000 X111.775 Y123.089
G1 F1500 X109.095 Y120.409 E3493.6856
G0 F9000 X108.53 Y120.409
G1 F1500 X111.21 Y123.089 E3493.81166
G0 F9000 X110.644 Y123.089
G1 F1500 X107.964 Y120.409 E3493.93772
G0 F9000 X107.398 Y120.409
G1 F1500 X110.078 Y123.089 E3494.06378
G0 F9000 X109.512 Y123.088
G1 F1500 X106.833 Y120.409 E3494.18979
G0 F9000 X106.267 Y120.409
G1 F1500 X108.946 Y123.088 E3494.3158
G0 F9000 X108.381 Y123.088
G1 F1500 X105.701 Y120.409 E3494.44184
G0 F9000 X105.136 Y120.409
G1 F1500 X107.815 Y123.088 E3494.56785
G0 F9000 X107.249 Y123.088
G1 F1500 X104.57 Y120.409 E3494.69386
G0 F9000 X104.004 Y120.409
G1 F1500 X106.684 Y123.088 E3494.8199
G0 F9000 X106.118 Y123.088
G1 F1500 X103.439 Y120.409 E3494.94591
G0 F9000 X102.873 Y120.409
G1 F1500 X105.552 Y123.088 E3495.07192
G0 F9000 X104.986 Y123.088
G1 F1500 X102.307 Y120.409 E3495.19793
G0 F9000 X101.742 Y120.409
G1 F1500 X104.421 Y123.088 E3495.32394
G0 F9000 X103.855 Y123.088
G1 F1500 X101.176 Y120.409 E3495.44996
G0 F9000 X100.61 Y120.409
G1 F1500 X103.289 Y123.088 E3495.57597
G0 F9000 X102.724 Y123.088
G1 F1500 X100.045 Y120.409 E3495.70198
G0 F9000 X99.479 Y120.409
G1 F1500 X102.158 Y123.088 E3495.82799
G0 F9000 X101.592 Y123.088
G1 F1500 X98.913 Y120.409 E3495.954
G0 F9000 X98.347 Y120.409
G1 F1500 X101.027 Y123.088 E3496.08004
G0 F9000 X100.461 Y123.088
G1 F1500 X97.782 Y120.409 E3496.20605
G0 F9000 X97.216 Y120.409
G1 F1500 X99.895 Y123.088 E3496.33206
G0 F9000 X99.33 Y123.088
G1 F1500 X96.65 Y120.409 E3496.4581
G0 F9000 X96.085 Y120.409
G1 F1500 X98.764 Y123.088 E3496.58411
G0 F9000 X98.198 Y123.088
G1 F1500 X95.519 Y120.409 E3496.71012
G0 F9000 X94.953 Y120.409
G1 F1500 X97.633 Y123.088 E3496.83616
G0 F9000 X97.067 Y123.088
G1 F1500 X94.388 Y120.409 E3496.96217
G0 F9000 X93.822 Y120.409
G1 F1500 X96.501 Y123.088 E3497.08818
G0 F9000 X95.936 Y123.088
G1 F1500 X93.256 Y120.409 E3497.21422
G0 F9000 X92.691 Y120.409
G1 F1500 X95.37 Y123.088 E3497.34023
G0 F9000 X94.804 Y123.088
G1 F1500 X92.125 Y120.409 E3497.46624
G0 F9000 X91.559 Y120.409
G1 F1500 X94.238 Y123.088 E3497.59225
G0 F9000 X93.673 Y123.088
G1 F1500 X90.994 Y120.409 E3497.71827
G0 F9000 X90.428 Y120.409
G1 F1500 X93.107 Y123.088 E3497.84428
G0 F9000 X92.541 Y123.088
G1 F1500 X89.862 Y120.409 E3497.97029
G0 F9000 X89.296 Y120.409
G1 F1500 X91.976 Y123.088 E3498.09632
G0 F9000 X91.41 Y123.088
G1 F1500 X88.731 Y120.409 E3498.22234
G0 F9000 X88.165 Y120.409
G1 F1500 X90.844 Y123.088 E3498.34835
G0 F9000 X90.279 Y123.088
G1 F1500 X87.599 Y120.409 E3498.47438
G0 F9000 X87.034 Y120.409
G1 F1500 X89.713 Y123.088 E3498.6004
G0 F9000 X89.147 Y123.088
G1 F1500 X86.468 Y120.409 E3498.72641
G0 F9000 X85.902 Y120.409
G1 F1500 X88.582 Y123.088 E3498.85244
G0 F9000 X88.016 Y123.088
G1 F1500 X85.337 Y120.409 E3498.97846
G0 F9000 X84.771 Y120.409
G1 F1500 X87.45 Y123.088 E3499.10447
G0 F9000 X86.885 Y123.088
G1 F1500 X84.205 Y120.409 E3499.2305
G0 F9000 X83.64 Y120.409
G1 F1500 X86.319 Y123.088 E3499.35651
G0 F9000 X85.753 Y123.088
G1 F1500 X83.074 Y120.409 E3499.48253
G0 F9000 X82.508 Y120.409
G1 F1500 X85.187 Y123.088 E3499.60854
G0 F9000 X84.622 Y123.088
G1 F1500 X81.943 Y120.409 E3499.73455
G0 F9000 X81.377 Y120.409
G1 F1500 X84.056 Y123.088 E3499.86056
G0 F9000 X83.49 Y123.088
G1 F1500 X80.811 Y120.409 E3499.98657
G0 F9000 X80.246 Y120.409
G1 F1500 X82.925 Y123.088 E3500.11259
G0 F9000 X82.359 Y123.088
G1 F1500 X79.68 Y120.409 E3500.2386
G0 F9000 X79.114 Y120.409
G1 F1500 X81.793 Y123.088 E3500.36461
G0 F9000 X81.228 Y123.088
G1 F1500 X78.548 Y120.409 E3500.49065
G0 F9000 X77.983 Y120.409
G1 F1500 X80.662 Y123.088 E3500.61666
G0 F9000 X80.096 Y123.088
G1 F1500 X77.417 Y120.409 E3500.74267
G0 F9000 X76.851 Y120.409
G1 F1500 X79.531 Y123.088 E3500.8687
G0 F9000 X78.965 Y123.088
G1 F1500 X76.286 Y120.409 E3500.99472
G0 F9000 X75.72 Y120.409
G1 F1500 X78.399 Y123.088 E3501.12073
G0 F9000 X77.834 Y123.088
G1 F1500 X75.154 Y120.409 E3501.24676
G0 F9000 X74.589 Y120.409
G1 F1500 X77.268 Y123.088 E3501.37278
G0 F9000 X76.702 Y123.088
G1 F1500 X74.023 Y120.409 E3501.49879
G0 F9000 X73.457 Y120.409
G1 F1500 X76.137 Y123.088 E3501.62482
G0 F9000 X75.571 Y123.088
G1 F1500 X72.892 Y120.409 E3501.75084
G0 F9000 X72.326 Y120.409
G1 F1500 X75.005 Y123.088 E3501.87685
G0 F9000 X74.439 Y123.088
G1 F1500 X71.76 Y120.409 E3502.00286
G0 F9000 X71.195 Y120.409
G1 F1500 X73.874 Y123.088 E3502.12887
G0 F9000 X73.308 Y123.088
G1 F1500 X70.629 Y120.409 E3502.25488
G0 F9000 X70.063 Y120.409
G1 F1500 X72.742 Y123.088 E3502.3809
G0 F9000 X72.177 Y123.088
G1 F1500 X69.497 Y120.409 E3502.50693
G0 F9000 X68.932 Y120.409
G1 F1500 X71.611 Y123.088 E3502.63294
G0 F9000 X71.045 Y123.088
G1 F1500 X68.366 Y120.409 E3502.75895
G0 F9000 X67.8 Y120.409
G1 F1500 X70.48 Y123.088 E3502.88499
G0 F9000 X69.914 Y123.088
G1 F1500 X67.235 Y120.409 E3503.011
G0 F9000 X66.669 Y120.409
G1 F1500 X69.348 Y123.088 E3503.13701
G0 F9000 X68.783 Y123.088
G1 F1500 X66.103 Y120.409 E3503.26305
G0 F9000 X65.538 Y120.409
G1 F1500 X68.217 Y123.088 E3503.38906
G0 F9000 X67.651 Y123.088
G1 F1500 X64.972 Y120.409 E3503.51507
G0 F9000 X64.406 Y120.409
G1 F1500 X67.086 Y123.088 E3503.64111
G0 F9000 X66.52 Y123.088
G1 F1500 X63.841 Y120.409 E3503.76712
G0 F9000 X63.275 Y120.409
G1 F1500 X65.954 Y123.088 E3503.89313
G0 F9000 X65.388 Y123.088
G1 F1500 X62.709 Y120.409 E3504.01914
G0 F9000 X62.144 Y120.409
G1 F1500 X64.823 Y123.088 E3504.14516
G0 F9000 X64.257 Y123.088
G1 F1500 X61.578 Y120.409 E3504.27117
G0 F9000 X61.012 Y120.409
G1 F1500 X63.691 Y123.088 E3504.39718
G0 F9000 X63.126 Y123.088
G1 F1500 X60.447 Y120.409 E3504.52319
G0 F9000 X59.881 Y120.409
G1 F1500 X62.56 Y123.088 E3504.6492
G0 F9000 X61.994 Y123.088
G1 F1500 X59.315 Y120.409 E3504.77522
G0 F9000 X58.749 Y120.409
G1 F1500 X61.429 Y123.088 E3504.90125
G0 F9000 X60.863 Y123.088
G1 F1500 X58.184 Y120.409 E3505.02726
G0 F9000 X57.618 Y120.409
G1 F1500 X60.297 Y123.088 E3505.15328
G0 F9000 X59.732 Y123.088
G1 F1500 X57.052 Y120.409 E3505.27931
G0 F9000 X56.487 Y120.409
G1 F1500 X59.166 Y123.088 E3505.40532
G0 F9000 X58.6 Y123.088
G1 F1500 X55.921 Y120.409 E3505.53134
G0 F9000 X55.355 Y120.409
G1 F1500 X58.035 Y123.088 E3505.65737
G0 F9000 X57.469 Y123.088
G1 F1500 X54.79 Y120.409 E3505.78338
G0 F9000 X54.224 Y120.409
G1 F1500 X56.903 Y123.088 E3505.90939
G0 F9000 X56.338 Y123.088
G1 F1500 X53.658 Y120.409 E3506.03543
G0 F9000 X53.093 Y120.409
G1 F1500 X55.772 Y123.088 E3506.16144
G0 F9000 X55.206 Y123.088
G1 F1500 X52.527 Y120.409 E3506.28745
G0 F9000 X51.961 Y120.409
G1 F1500 X54.64 Y123.088 E3506.41347
G0 F9000 X54.075 Y123.088
G1 F1500 X51.396 Y120.409 E3506.53948
G0 F9000 X50.83 Y120.409
G1 F1500 X53.509 Y123.088 E3506.66549
G0 F9000 X52.943 Y123.088
G1 F1500 X50.264 Y120.409 E3506.7915
G0 F9000 X49.699 Y120.409
G1 F1500 X52.378 Y123.088 E3506.91751
G0 F9000 X51.812 Y123.088
G1 F1500 X49.133 Y120.409 E3507.04353
G0 F9000 X48.567 Y120.409
G1 F1500 X51.246 Y123.088 E3507.16954
G0 F9000 X50.681 Y123.088
G1 F1500 X48.001 Y120.409 E3507.29557
G0 F9000 X47.436 Y120.409
G1 F1500 X50.115 Y123.088 E3507.42158
G0 F9000 X49.549 Y123.088
G1 F1500 X46.87 Y120.409 E3507.5476
G0 F9000 X46.304 Y120.409
G1 F1500 X48.984 Y123.088 E3507.67363
G0 F9000 X48.418 Y123.088
G1 F1500 X45.739 Y120.409 E3507.79964
G0 F9000 X45.173 Y120.409
G1 F1500 X47.852 Y123.088 E3507.92566
G0 F9000 X47.287 Y123.088
G1 F1500 X44.607 Y120.409 E3508.05169
G0 F9000 X44.042 Y120.409
G1 F1500 X46.721 Y123.088 E3508.1777
G0 F9000 X46.155 Y123.088
G1 F1500 X43.476 Y120.409 E3508.30372
G0 F9000 X42.91 Y120.409
G1 F1500 X45.59 Y123.088 E3508.42975
G0 F9000 X45.024 Y123.088
G1 F1500 X42.345 Y120.409 E3508.55576
G0 F9000 X41.779 Y120.409
G1 F1500 X44.458 Y123.088 E3508.68177
G0 F9000 X43.892 Y123.088
G1 F1500 X41.213 Y120.409 E3508.80779
G0 F9000 X40.648 Y120.409
G1 F1500 X43.327 Y123.088 E3508.9338
G0 F9000 X42.761 Y123.088
G1 F1500 X40.082 Y120.409 E3509.05981
G0 F9000 X39.516 Y120.409
G1 F1500 X42.195 Y123.088 E3509.18582
G0 F9000 X41.63 Y123.088
G1 F1500 X38.95 Y120.409 E3509.31186
G0 F9000 X38.385 Y120.409
G1 F1500 X41.064 Y123.088 E3509.43787
G0 F9000 X40.498 Y123.088
G1 F1500 X37.819 Y120.409 E3509.56388
G0 F9000 X37.253 Y120.409
G1 F1500 X39.933 Y123.088 E3509.68992
G0 F9000 X39.367 Y123.088
G1 F1500 X36.688 Y120.409 E3509.81593
G0 F9000 X36.16 Y120.447
G1 F1500 X38.801 Y123.088 E3509.94015
G0 F9000 X38.236 Y123.088
G1 F1500 X36.16 Y121.012 E3510.0378
G0 F9000 X36.16 Y121.578
G1 F1500 X37.67 Y123.088 E3510.10883
G0 F9000 X37.104 Y123.088
G1 F1500 X36.16 Y122.144 E3510.15323
G0 F9000 X36.16 Y122.709
G1 F1500 X36.539 Y123.088 E3510.17106
G1 F2700 E3505.17106
;MESH:NONMESH
G0 F300 X36.539 Y123.088 Z9.2
G0 F9000 X36.539 Y123.55
G0 X35.772 Y123.478
G0 X35.772 Y120.022
G0 X184.4 Y119.67
G0 X184.4 Y118.585
G0 X184.4 Y101.415
G0 X184.4 Y100.15
;TIME_ELAPSED:5303.773590
;LAYER:45
;TYPE:WALL-INNER
;MESH:Garmin_GFC500 BOARDS SUPPORTS.stl
G1 F2700 E3510.17106
G1 F1500 X184.4 Y96.35 E3510.29745
G1 X35.6 Y96.35 E3515.24655
G1 X35.6 Y100.15 E3515.37294
G1 X184.4 Y100.15 E3520.32205
G0 F9000 X184.8 Y100.55
;TYPE:WALL-OUTER
G1 F1500 X184.8 Y95.95 E3520.47505
G1 X35.2 Y95.95 E3525.45076
G1 X35.2 Y100.55 E3525.60376
G1 X184.8 Y100.55 E3530.57948
G0 F9000 X184.53 Y100.28
G0 X184.3 Y99.79
G0 X184.04 Y99.79
;TYPE:SKIN
G1 F1500 X35.96 Y99.79 E3535.50464
G1 X35.96 Y96.71 E3535.60708
G1 X184.04 Y96.71 E3540.53224
G1 X184.04 Y99.79 E3540.63468
G0 F9000 X183.839 Y99.003
G1 F1500 X183.252 Y99.59 E3540.66229
G0 F9000 X182.686 Y99.59
G1 F1500 X183.839 Y98.437 E3540.71653
G0 F9000 X183.839 Y97.872
G1 F1500 X182.121 Y99.59 E3540.79733
G0 F9000 X181.555 Y99.59
G1 F1500 X183.839 Y97.306 E3540.90477
G0 F9000 X183.67 Y96.909
G1 F1500 X180.989 Y99.59 E3541.03087
G0 F9000 X180.423 Y99.59
G1 F1500 X183.104 Y96.909 E3541.15698
G0 F9000 X182.538 Y96.909
G1 F1500 X179.858 Y99.59 E3541.28306
G0 F9000 X179.292 Y99.59
G1 F1500 X181.973 Y96.909 E3541.40917
G0 F9000 X181.407 Y96.909
G1 F1500 X178.726 Y99.59 E3541.53527
G0 F9000 X178.161 Y99.59
G1 F1500 X180.841 Y96.909 E3541.66136
G0 F9000 X180.276 Y96.909
G1 F1500 X177.595 Y99.59 E3541.78746
G0 F9000 X177.029 Y99.59
G1 F1500 X179.71 Y96.909 E3541.91357
G0 F9000 X179.144 Y96.909
G1 F1500 X176.464 Y99.59 E3542.03965
G0 F9000 X175.898 Y99.59
G1 F1500 X178.579 Y96.909 E3542.16576
G0 F9000 X178.013 Y96.909
G1 F1500 X175.332 Y99.59 E3542.29186
G0 F9000 X174.767 Y99.59
G1 F1500 X177.447 Y96.909 E3542.41795
G0 F9000 X176.882 Y96.909
G1 F1500 X174.201 Y99.59 E3542.54405
G0 F9000 X173.635 Y99.59
G1 F1500 X176.316 Y96.909 E3542.67016
G0 F9000 X175.75 Y96.909
G1 F1500 X173.07 Y99.59 E3542.79624
G0 F9000 X172.504 Y99.59
G1 F1500 X175.184 Y96.909 E3542.92232
G0 F9000 X174.619 Y96.909
G1 F1500 X171.938 Y99.59 E3543.04843
G0 F9000 X171.372 Y99.59
G1 F1500 X174.053 Y96.909 E3543.17453
G0 F9000 X173.487 Y96.909
G1 F1500 X170.807 Y99.59 E3543.30062
G0 F9000 X170.241 Y99.59
G1 F1500 X172.922 Y96.909 E3543.42672
G0 F9000 X172.356 Y96.909
G1 F1500 X169.675 Y99.59 E3543.55283
G0 F9000 X169.11 Y99.59
G1 F1500 X171.79 Y96.909 E3543.67891
G0 F9000 X171.225 Y96.909
G1 F1500 X168.544 Y99.59 E3543.80502
G0 F9000 X167.978 Y99.59
G1 F1500 X170.659 Y96.909 E3543.93112
G0 F9000 X170.093 Y96.909
G1 F1500 X167.413 Y99.59 E3544.05721
G0 F9000 X166.847 Y99.59
G1 F1500 X169.528 Y96.909 E3544.18331
G0 F9000 X168.962 Y96.909
G1 F1500 X166.281 Y99.59 E3544.30942
G0 F9000 X165.716 Y99.59
G1 F1500 X168.396 Y96.909 E3544.4355
G0 F9000 X167.831 Y96.909
G1 F1500 X165.15 Y99.59 E3544.56161
G0 F9000 X164.584 Y99.59
G1 F1500 X167.265 Y96.909 E3544.68771
G0 F9000 X166.699 Y96.909
G1 F1500 X164.019 Y99.59 E3544.8138
G0 F9000 X163.453 Y99.59
G1 F1500 X166.134 Y96.909 E3544.9399
G0 F9000 X165.568 Y96.909
G1 F1500 X162.887 Y99.59 E3545.06601
G0 F9000 X162.322 Y99.59
G1 F1500 X165.002 Y96.909 E3545.19209
G0 F9000 X164.436 Y96.909
G1 F1500 X161.756 Y99.59 E3545.31817
G0 F9000 X161.19 Y99.59
G1 F1500 X163.871 Y96.909 E3545.44428
G0 F9000 X163.305 Y96.909
G1 F1500 X160.624 Y99.59 E3545.57038
G0 F9000 X160.059 Y99.59
G1 F1500 X162.739 Y96.909 E3545.69647
G0 F9000 X162.174 Y96.909
G1 F1500 X159.493 Y99.59 E3545.82257
G0 F9000 X158.927 Y99.59
G1 F1500 X161.608 Y96.909 E3545.94868
G0 F9000 X161.042 Y96.909
G1 F1500 X158.362 Y99.59 E3546.07476
G0 F9000 X157.796 Y99.59
G1 F1500 X160.477 Y96.909 E3546.20087
G0 F9000 X159.911 Y96.909
G1 F1500 X157.23 Y99.59 E3546.32697
G0 F9000 X156.665 Y99.59
G1 F1500 X159.345 Y96.909 E3546.45306
G0 F9000 X158.78 Y96.909
G1 F1500 X156.099 Y99.59 E3546.57916
G0 F9000 X155.533 Y99.59
G1 F1500 X158.214 Y96.909 E3546.70527
G0 F9000 X157.648 Y96.909
G1 F1500 X154.968 Y99.59 E3546.83135
G0 F9000 X154.402 Y99.59
G1 F1500 X157.083 Y96.909 E3546.95746
G0 F9000 X156.517 Y96.909
G1 F1500 X153.836 Y99.59 E3547.08356
G0 F9000 X153.271 Y99.59
G1 F1500 X155.951 Y96.909 E3547.20964
G0 F9000 X155.386 Y96.909
G1 F1500 X152.705 Y99.59 E3547.33575
G0 F9000 X152.139 Y99.59
G1 F1500 X154.82 Y96.909 E3547.46186
G0 F9000 X154.254 Y96.909
G1 F1500 X151.573 Y99.59 E3547.58796
G0 F9000 X151.008 Y99.59
G1 F1500 X153.688 Y96.909 E3547.71405
G0 F9000 X153.123 Y96.909
G1 F1500 X150.442 Y99.59 E3547.84015
G0 F9000 X149.876 Y99.59
G1 F1500 X152.557 Y96.909 E3547.96626
G0 F9000 X151.991 Y96.909
G1 F1500 X149.311 Y99.59 E3548.09234
G0 F9000 X148.745 Y99.59
G1 F1500 X151.426 Y96.909 E3548.21845
G0 F9000 X150.86 Y96.909
G1 F1500 X148.179 Y99.59 E3548.34455
G0 F9000 X147.614 Y99.59
G1 F1500 X150.294 Y96.909 E3548.47063
G0 F9000 X149.729 Y96.909
G1 F1500 X147.048 Y99.59 E3548.59674
G0 F9000 X146.482 Y99.59
G1 F1500 X149.163 Y96.909 E3548.72285
G0 F9000 X148.597 Y96.909
G1 F1500 X145.917 Y99.59 E3548.84893
G0 F9000 X145.351 Y99.59
G1 F1500 X148.032 Y96.909 E3548.97504
G0 F9000 X147.466 Y96.909
G1 F1500 X144.785 Y99.59 E3549.10114
G0 F9000 X144.22 Y99.59
G1 F1500 X146.9 Y96.909 E3549.22722
G0 F9000 X146.335 Y96.909
G1 F1500 X143.654 Y99.59 E3549.35333
G0 F9000 X143.088 Y99.59
G1 F1500 X145.769 Y96.909 E3549.47944
G0 F9000 X145.203 Y96.909
G1 F1500 X142.523 Y99.59 E3549.60552
G0 F9000 X141.957 Y99.59
G1 F1500 X144.637 Y96.909 E3549.7316
G0 F9000 X144.072 Y96.909
G1 F1500 X141.391 Y99.59 E3549.85771
G0 F9000 X140.825 Y99.59
G1 F1500 X143.506 Y96.909 E3549.98381
G0 F9000 X142.94 Y96.909
G1 F1500 X140.26 Y99.59 E3550.1099
G0 F9000 X139.694 Y99.59
G1 F1500 X142.375 Y96.909 E3550.236
G0 F9000 X141.809 Y96.909
G1 F1500 X139.128 Y99.59 E3550.36211
G0 F9000 X138.563 Y99.59
G1 F1500 X141.243 Y96.909 E3550.48819
G0 F9000 X140.678 Y96.909
G1 F1500 X137.997 Y99.59 E3550.6143
G0 F9000 X137.431 Y99.59
G1 F1500 X140.112 Y96.909 E3550.7404
G0 F9000 X139.546 Y96.909
G1 F1500 X136.866 Y99.59 E3550.86648
G0 F9000 X136.3 Y99.59
G1 F1500 X138.981 Y96.909 E3550.99259
G0 F9000 X138.415 Y96.909
G1 F1500 X135.734 Y99.59 E3551.1187
G0 F9000 X135.169 Y99.59
G1 F1500 X137.849 Y96.909 E3551.24478
G0 F9000 X137.284 Y96.909
G1 F1500 X134.603 Y99.59 E3551.37088
G0 F9000 X134.037 Y99.59
G1 F1500 X136.718 Y96.909 E3551.49699
G0 F9000 X136.152 Y96.909
G1 F1500 X133.472 Y99.59 E3551.62307
G0 F9000 X132.906 Y99.59
G1 F1500 X135.587 Y96.909 E3551.74918
G0 F9000 X135.021 Y96.909
G1 F1500 X132.34 Y99.59 E3551.87529
G0 F9000 X131.775 Y99.59
G1 F1500 X134.455 Y96.909 E3552.00137
G0 F9000 X133.889 Y96.909
G1 F1500 X131.209 Y99.59 E3552.12745
G0 F9000 X130.643 Y99.59
G1 F1500 X133.324 Y96.909 E3552.25356
G0 F9000 X132.758 Y96.909
G1 F1500 X130.077 Y99.59 E3552.37966
G0 F9000 X129.512 Y99.59
G1 F1500 X132.192 Y96.909 E3552.50574
G0 F9000 X131.627 Y96.909
G1 F1500 X128.946 Y99.59 E3552.63185
G0 F9000 X128.38 Y99.59
G1 F1500 X131.061 Y96.909 E3552.75796
G0 F9000 X130.495 Y96.909
G1 F1500 X127.815 Y99.59 E3552.88404
G0 F9000 X127.249 Y99.59
G1 F1500 X129.93 Y96.909 E3553.01015
G0 F9000 X129.364 Y96.909
G1 F1500 X126.683 Y99.59 E3553.13625
G0 F9000 X126.118 Y99.59
G1 F1500 X128.798 Y96.909 E3553.26233
G0 F9000 X128.233 Y96.909
G1 F1500 X125.552 Y99.59 E3553.38844
G0 F9000 X124.986 Y99.59
G1 F1500 X127.667 Y96.909 E3553.51455
G0 F9000 X127.101 Y96.909
G1 F1500 X124.421 Y99.59 E3553.64063
G0 F9000 X123.855 Y99.59
G1 F1500 X126.536 Y96.909 E3553.76673
G0 F9000 X125.97 Y96.909
G1 F1500 X123.289 Y99.59 E3553.89284
G0 F9000 X122.724 Y99.59
G1 F1500 X125.404 Y96.909 E3554.01892
G0 F9000 X124.838 Y96.909
G1 F1500 X122.158 Y99.59 E3554.14501
G0 F9000 X121.592 Y99.59
G1 F1500 X124.273 Y96.909 E3554.27111
G0 F9000 X123.707 Y96.909
G1 F1500 X121.026 Y99.59 E3554.39722
G0 F9000 X120.461 Y99.59
G1 F1500 X123.141 Y96.909 E3554.5233
G0 F9000 X122.576 Y96.909
G1 F1500 X119.895 Y99.59 E3554.64941
G0 F9000 X119.329 Y99.59
G1 F1500 X122.01 Y96.909 E3554.77551
G0 F9000 X121.444 Y96.909
G1 F1500 X118.764 Y99.59 E3554.90159
G0 F9000 X118.198 Y99.59
G1 F1500 X120.879 Y96.909 E3555.0277
G0 F9000 X120.313 Y96.909
G1 F1500 X117.632 Y99.59 E3555.15381
G0 F9000 X117.067 Y99.59
G1 F1500 X119.747 Y96.909 E3555.27989
G0 F9000 X119.182 Y96.909
G1 F1500 X116.501 Y99.59 E3555.406
G0 F9000 X115.935 Y99.59
G1 F1500 X118.616 Y96.909 E3555.5321
G0 F9000 X118.05 Y96.909
G1 F1500 X115.37 Y99.59 E3555.65818
G0 F9000 X114.804 Y99.59
G1 F1500 X117.485 Y96.909 E3555.78429
G0 F9000 X116.919 Y96.909
G1 F1500 X114.238 Y99.59 E3555.9104
G0 F9000 X113.673 Y99.59
G1 F1500 X116.353 Y96.909 E3556.03648
G0 F9000 X115.788 Y96.909
G1 F1500 X113.107 Y99.59 E3556.16258
G0 F9000 X112.541 Y99.59
G1 F1500 X115.222 Y96.909 E3556.28869
G0 F9000 X114.656 Y96.909
G1 F1500 X111.976 Y99.59 E3556.41477
G0 F9000 X111.41 Y99.59
G1 F1500 X114.09 Y96.909 E3556.54086
G0 F9000 X113.525 Y96.909
G1 F1500 X110.844 Y99.59 E3556.66696
G0 F9000 X110.278 Y99.59
G1 F1500 X112.959 Y96.909 E3556.79307
G0 F9000 X112.393 Y96.909
G1 F1500 X109.713 Y99.589 E3556.91913
G0 F9000 X109.148 Y99.589
G1 F1500 X111.828 Y96.909 E3557.04519
G0 F9000 X111.262 Y96.909
G1 F1500 X108.582 Y99.589 E3557.17124
G0 F9000 X108.016 Y99.589
G1 F1500 X110.696 Y96.909 E3557.2973
G0 F9000 X110.131 Y96.909
G1 F1500 X107.451 Y99.589 E3557.42336
G0 F9000 X106.885 Y99.589
G1 F1500 X109.566 Y96.908 E3557.54947
G0 F9000 X109 Y96.908
G1 F1500 X106.319 Y99.589 E3557.67557
G0 F9000 X105.754 Y99.589
G1 F1500 X108.434 Y96.908 E3557.80166
G0 F9000 X107.869 Y96.908
G1 F1500 X105.188 Y99.589 E3557.92776
G0 F9000 X104.622 Y99.589
G1 F1500 X107.303 Y96.908 E3558.05387
G0 F9000 X106.737 Y96.908
G1 F1500 X104.057 Y99.589 E3558.17995
G0 F9000 X103.491 Y99.589
G1 F1500 X106.172 Y96.908 E3558.30606
G0 F9000 X105.606 Y96.908
G1 F1500 X102.925 Y99.589 E3558.43216
G0 F9000 X102.36 Y99.589
G1 F1500 X105.04 Y96.908 E3558.55825
G0 F9000 X104.475 Y96.908
G1 F1500 X101.794 Y99.589 E3558.68435
G0 F9000 X101.228 Y99.589
G1 F1500 X103.909 Y96.908 E3558.81046
G0 F9000 X103.343 Y96.908
G1 F1500 X100.663 Y99.589 E3558.93654
G0 F9000 X100.097 Y99.589
G1 F1500 X102.777 Y96.908 E3559.06262
G0 F9000 X102.212 Y96.908
G1 F1500 X99.531 Y99.589 E3559.18873
G0 F9000 X98.965 Y99.589
G1 F1500 X101.646 Y96.908 E3559.31484
G0 F9000 X101.08 Y96.908
G1 F1500 X98.4 Y99.589 E3559.44092
G0 F9000 X97.834 Y99.589
G1 F1500 X100.515 Y96.908 E3559.56702
G0 F9000 X99.949 Y96.908
G1 F1500 X97.268 Y99.589 E3559.69313
G0 F9000 X96.703 Y99.589
G1 F1500 X99.383 Y96.908 E3559.81921
G0 F9000 X98.818 Y96.908
G1 F1500 X96.137 Y99.589 E3559.94532
G0 F9000 X95.571 Y99.589
G1 F1500 X98.252 Y96.908 E3560.07142
G0 F9000 X97.686 Y96.908
G1 F1500 X95.006 Y99.589 E3560.19751
G0 F9000 X94.44 Y99.589
G1 F1500 X97.121 Y96.908 E3560.32361
G0 F9000 X96.555 Y96.908
G1 F1500 X93.874 Y99.589 E3560.44972
G0 F9000 X93.309 Y99.589
G1 F1500 X95.989 Y96.908 E3560.5758
G0 F9000 X95.424 Y96.908
G1 F1500 X92.743 Y99.589 E3560.70191
G0 F9000 X92.177 Y99.589
G1 F1500 X94.858 Y96.908 E3560.82801
G0 F9000 X94.292 Y96.908
G1 F1500 X91.612 Y99.589 E3560.9541
G0 F9000 X91.046 Y99.589
G1 F1500 X93.727 Y96.908 E3561.0802
G0 F9000 X93.161 Y96.908
G1 F1500 X90.48 Y99.589 E3561.20631
G0 F9000 X89.914 Y99.589
G1 F1500 X92.595 Y96.908 E3561.33241
G0 F9000 X92.029 Y96.908
G1 F1500 X89.349 Y99.589 E3561.4585
G0 F9000 X88.783 Y99.589
G1 F1500 X91.464 Y96.908 E3561.5846
G0 F9000 X90.898 Y96.908
G1 F1500 X88.217 Y99.589 E3561.71071
G0 F9000 X87.652 Y99.589
G1 F1500 X90.332 Y96.908 E3561.83679
G0 F9000 X89.767 Y96.908
G1 F1500 X87.086 Y99.589 E3561.9629
G0 F9000 X86.52 Y99.589
G1 F1500 X89.201 Y96.908 E3562.089
G0 F9000 X88.635 Y96.908
G1 F1500 X85.955 Y99.589 E3562.21509
G0 F9000 X85.389 Y99.589
G1 F1500 X88.07 Y96.908 E3562.34119
G0 F9000 X87.504 Y96.908
G1 F1500 X84.823 Y99.589 E3562.4673
G0 F9000 X84.258 Y99.589
G1 F1500 X86.938 Y96.908 E3562.59338
G0 F9000 X86.373 Y96.908
G1 F1500 X83.692 Y99.589 E3562.71949
G0 F9000 X83.126 Y99.589
G1 F1500 X85.807 Y96.908 E3562.84559
G0 F9000 X85.241 Y96.908
G1 F1500 X82.561 Y99.589 E3562.97167
G0 F9000 X81.995 Y99.589
G1 F1500 X84.676 Y96.908 E3563.09778
G0 F9000 X84.11 Y96.908
G1 F1500 X81.429 Y99.589 E3563.22389
G0 F9000 X80.864 Y99.589
G1 F1500 X83.544 Y96.908 E3563.34997
G0 F9000 X82.978 Y96.908
G1 F1500 X80.298 Y99.589 E3563.47605
G0 F9000 X79.732 Y99.589
G1 F1500 X82.413 Y96.908 E3563.60216
G0 F9000 X81.847 Y96.908
G1 F1500 X79.166 Y99.589 E3563.72826
G0 F9000 X78.601 Y99.589
G1 F1500 X81.281 Y96.908 E3563.85435
G0 F9000 X80.716 Y96.908
G1 F1500 X78.035 Y99.589 E3563.98045
G0 F9000 X77.469 Y99.589
G1 F1500 X80.15 Y96.908 E3564.10656
G0 F9000 X79.584 Y96.908
G1 F1500 X76.904 Y99.589 E3564.23264
G0 F9000 X76.338 Y99.589
G1 F1500 X79.019 Y96.908 E3564.35875
G0 F9000 X78.453 Y96.908
G1 F1500 X75.772 Y99.589 E3564.48485
G0 F9000 X75.207 Y99.589
G1 F1500 X77.887 Y96.908 E3564.61094
G0 F9000 X77.322 Y96.908
G1 F1500 X74.641 Y99.589 E3564.73704
G0 F9000 X74.075 Y99.589
G1 F1500 X76.756 Y96.908 E3564.86315
G0 F9000 X76.19 Y96.908
G1 F1500 X73.51 Y99.589 E3564.98923
G0 F9000 X72.944 Y99.589
G1 F1500 X75.625 Y96.908 E3565.11534
G0 F9000 X75.059 Y96.908
G1 F1500 X72.378 Y99.589 E3565.24144
G0 F9000 X71.813 Y99.589
G1 F1500 X74.493 Y96.908 E3565.36752
G0 F9000 X73.928 Y96.908
G1 F1500 X71.247 Y99.589 E3565.49363
G0 F9000 X70.681 Y99.589
G1 F1500 X73.362 Y96.908 E3565.61974
G0 F9000 X72.796 Y96.908
G1 F1500 X70.116 Y99.589 E3565.74582
G0 F9000 X69.55 Y99.589
G1 F1500 X72.23 Y96.908 E3565.8719
G0 F9000 X71.665 Y96.908
G1 F1500 X68.984 Y99.589 E3565.99801
G0 F9000 X68.418 Y99.589
G1 F1500 X71.099 Y96.908 E3566.12411
G0 F9000 X70.533 Y96.908
G1 F1500 X67.853 Y99.589 E3566.2502
G0 F9000 X67.287 Y99.589
G1 F1500 X69.968 Y96.908 E3566.3763
G0 F9000 X69.402 Y96.908
G1 F1500 X66.721 Y99.589 E3566.50241
G0 F9000 X66.156 Y99.589
G1 F1500 X68.836 Y96.908 E3566.62849
G0 F9000 X68.271 Y96.908
G1 F1500 X65.59 Y99.589 E3566.7546
G0 F9000 X65.024 Y99.589
G1 F1500 X67.705 Y96.908 E3566.8807
G0 F9000 X67.139 Y96.908
G1 F1500 X64.459 Y99.589 E3567.00678
G0 F9000 X63.893 Y99.589
G1 F1500 X66.574 Y96.908 E3567.13289
G0 F9000 X66.008 Y96.908
G1 F1500 X63.327 Y99.589 E3567.259
G0 F9000 X62.762 Y99.589
G1 F1500 X65.442 Y96.908 E3567.38508
G0 F9000 X64.877 Y96.908
G1 F1500 X62.196 Y99.589 E3567.51119
G0 F9000 X61.63 Y99.589
G1 F1500 X64.311 Y96.908 E3567.63729
G0 F9000 X63.745 Y96.908
G1 F1500 X61.065 Y99.589 E3567.76337
G0 F9000 X60.499 Y99.589
G1 F1500 X63.179 Y96.908 E3567.88946
G0 F9000 X62.614 Y96.908
G1 F1500 X59.933 Y99.589 E3568.01556
G0 F9000 X59.367 Y99.589
G1 F1500 X62.048 Y96.908 E3568.14167
G0 F9000 X61.482 Y96.908
G1 F1500 X58.802 Y99.589 E3568.26775
G0 F9000 X58.236 Y99.589
G1 F1500 X60.917 Y96.908 E3568.39386
G0 F9000 X60.351 Y96.908
G1 F1500 X57.67 Y99.589 E3568.51996
G0 F9000 X57.105 Y99.589
G1 F1500 X59.785 Y96.908 E3568.64605
G0 F9000 X59.22 Y96.908
G1 F1500 X56.539 Y99.589 E3568.77215
G0 F9000 X55.973 Y99.589
G1 F1500 X58.654 Y96.908 E3568.89826
G0 F9000 X58.088 Y96.908
G1 F1500 X55.408 Y99.589 E3569.02434
G0 F9000 X54.842 Y99.589
G1 F1500 X57.523 Y96.908 E3569.15045
G0 F9000 X56.957 Y96.908
G1 F1500 X54.276 Y99.589 E3569.27655
G0 F9000 X53.711 Y99.589
G1 F1500 X56.391 Y96.908 E3569.40263
G0 F9000 X55.826 Y96.908
G1 F1500 X53.145 Y99.589 E3569.52874
G0 F9000 X52.579 Y99.589
G1 F1500 X55.26 Y96.908 E3569.65485
G0 F9000 X54.694 Y96.908
G1 F1500 X52.014 Y99.589 E3569.78093
G0 F9000 X51.448 Y99.589
G1 F1500 X54.129 Y96.908 E3569.90704
G0 F9000 X53.563 Y96.908
G1 F1500 X50.882 Y99.589 E3570.03314
G0 F9000 X50.317 Y99.589
G1 F1500 X52.997 Y96.908 E3570.15922
G0 F9000 X52.431 Y96.908
G1 F1500 X49.751 Y99.589 E3570.28531
G0 F9000 X49.185 Y99.589
G1 F1500 X51.866 Y96.908 E3570.41141
G0 F9000 X51.3 Y96.908
G1 F1500 X48.619 Y99.589 E3570.53752
G0 F9000 X48.054 Y99.589
G1 F1500 X50.734 Y96.908 E3570.6636
G0 F9000 X50.169 Y96.908
G1 F1500 X47.488 Y99.589 E3570.78971
G0 F9000 X46.922 Y99.589
G1 F1500 X49.603 Y96.908 E3570.91581
G0 F9000 X49.037 Y96.908
G1 F1500 X46.357 Y99.589 E3571.0419
G0 F9000 X45.791 Y99.589
G1 F1500 X48.472 Y96.908 E3571.168
G0 F9000 X47.906 Y96.908
G1 F1500 X45.225 Y99.589 E3571.29411
G0 F9000 X44.66 Y99.589
G1 F1500 X47.34 Y96.908 E3571.42019
G0 F9000 X46.775 Y96.908
G1 F1500 X44.094 Y99.589 E3571.5463
G0 F9000 X43.528 Y99.589
G1 F1500 X46.209 Y96.908 E3571.6724
G0 F9000 X45.643 Y96.908
G1 F1500 X42.963 Y99.589 E3571.79848
G0 F9000 X42.397 Y99.589
G1 F1500 X45.078 Y96.908 E3571.92459
G0 F9000 X44.512 Y96.908
G1 F1500 X41.831 Y99.589 E3572.0507
G0 F9000 X41.266 Y99.589
G1 F1500 X43.946 Y96.908 E3572.17678
G0 F9000 X43.381 Y96.908
G1 F1500 X40.7 Y99.589 E3572.30289
G0 F9000 X40.134 Y99.589
G1 F1500 X42.815 Y96.908 E3572.42899
G0 F9000 X42.249 Y96.908
G1 F1500 X39.568 Y99.589 E3572.5551
G0 F9000 X39.003 Y99.589
G1 F1500 X41.683 Y96.908 E3572.68118
G0 F9000 X41.118 Y96.908
G1 F1500 X38.437 Y99.589 E3572.80729
G0 F9000 X37.871 Y99.589
G1 F1500 X40.552 Y96.908 E3572.93339
G0 F9000 X39.986 Y96.908
G1 F1500 X37.306 Y99.589 E3573.05947
G0 F9000 X36.74 Y99.589
G1 F1500 X39.421 Y96.908 E3573.18558
G0 F9000 X38.855 Y96.908
G1 F1500 X36.174 Y99.589 E3573.31169
G0 F9000 X36.16 Y99.038
G1 F1500 X38.289 Y96.908 E3573.41185
G0 F9000 X37.724 Y96.908
G1 F1500 X36.16 Y98.473 E3573.48544
G0 F9000 X36.16 Y97.907
G1 F1500 X37.158 Y96.908 E3573.53241
G0 F9000 X36.592 Y96.908
G1 F1500 X36.16 Y97.341 E3573.55275
G1 F2700 E3568.55275
G0 F9000 X35.7 Y97.341
G0 X35.772 Y99.978
G0 X184.4 Y100.33
G0 X184.4 Y101.415
G0 X184.4 Y118.585
G0 X184.4 Y123.65
;TYPE:WALL-INNER
G1 F2700 E3573.55275
G1 F1500 X184.4 Y119.85 E3573.67914
G1 X35.6 Y119.85 E3578.62825
G1 X35.6 Y123.65 E3578.75464
G1 X184.4 Y123.65 E3583.70374
G0 F9000 X184.8 Y124.05
;TYPE:WALL-OUTER
G1 F1500 X184.8 Y119.45 E3583.85674
G1 X35.2 Y119.45 E3588.83246
G1 X35.2 Y124.05 E3588.98545
G1 X184.8 Y124.05 E3593.96117
G0 F9000 X184.53 Y123.78
G0 X184.3 Y123.29
G0 X184.04 Y123.29
;TYPE:SKIN
G1 F1500 X35.96 Y123.29 E3598.88633
G1 X35.96 Y120.21 E3598.98877
G1 X184.04 Y120.21 E3603.91393
G1 X184.04 Y123.29 E3604.01637
G0 F9000 X183.839 Y122.762
G1 F1500 X183.511 Y123.09 E3604.0318
G0 F9000 X182.945 Y123.09
G1 F1500 X183.839 Y122.196 E3604.07385
G0 F9000 X183.839 Y121.63
G1 F1500 X182.379 Y123.09 E3604.14253
G0 F9000 X181.814 Y123.09
G1 F1500 X183.839 Y121.065 E3604.23778
G0 F9000 X183.839 Y120.499
G1 F1500 X181.248 Y123.09 E3604.35965
G0 F9000 X180.682 Y123.09
G1 F1500 X183.363 Y120.409 E3604.48576
G0 F9000 X182.797 Y120.409
G1 F1500 X180.117 Y123.09 E3604.61184
G0 F9000 X179.551 Y123.09
G1 F1500 X182.232 Y120.409 E3604.73794
G0 F9000 X181.666 Y120.409
G1 F1500 X178.985 Y123.09 E3604.86405
G0 F9000 X178.42 Y123.09
G1 F1500 X181.1 Y120.409 E3604.99013
G0 F9000 X180.534 Y120.409
G1 F1500 X177.854 Y123.09 E3605.11621
G0 F9000 X177.288 Y123.09
G1 F1500 X179.969 Y120.409 E3605.24232
G0 F9000 X179.403 Y120.409
G1 F1500 X176.722 Y123.09 E3605.36843
G0 F9000 X176.157 Y123.09
G1 F1500 X178.837 Y120.409 E3605.49451
G0 F9000 X178.272 Y120.409
G1 F1500 X175.591 Y123.09 E3605.62062
G0 F9000 X175.025 Y123.09
G1 F1500 X177.706 Y120.409 E3605.74672
G0 F9000 X177.14 Y120.409
G1 F1500 X174.46 Y123.09 E3605.8728
G0 F9000 X173.894 Y123.09
G1 F1500 X176.575 Y120.409 E3605.99891
G0 F9000 X176.009 Y120.409
G1 F1500 X173.328 Y123.09 E3606.12502
G0 F9000 X172.763 Y123.09
G1 F1500 X175.443 Y120.409 E3606.2511
G0 F9000 X174.878 Y120.409
G1 F1500 X172.197 Y123.09 E3606.3772
G0 F9000 X171.631 Y123.09
G1 F1500 X174.312 Y120.409 E3606.50331
G0 F9000 X173.746 Y120.409
G1 F1500 X171.066 Y123.09 E3606.62939
G0 F9000 X170.5 Y123.09
G1 F1500 X173.181 Y120.409 E3606.7555
G0 F9000 X172.615 Y120.409
G1 F1500 X169.934 Y123.09 E3606.8816
G0 F9000 X169.369 Y123.09
G1 F1500 X172.049 Y120.409 E3607.00769
G0 F9000 X171.484 Y120.409
G1 F1500 X168.803 Y123.09 E3607.13379
G0 F9000 X168.237 Y123.09
G1 F1500 X170.918 Y120.409 E3607.2599
G0 F9000 X170.352 Y120.409
G1 F1500 X167.671 Y123.09 E3607.38601
G0 F9000 X167.106 Y123.09
G1 F1500 X169.786 Y120.409 E3607.51209
G0 F9000 X169.221 Y120.409
G1 F1500 X166.54 Y123.09 E3607.63819
G0 F9000 X165.974 Y123.09
G1 F1500 X168.655 Y120.409 E3607.7643
G0 F9000 X168.089 Y120.409
G1 F1500 X165.409 Y123.09 E3607.89038
G0 F9000 X164.843 Y123.09
G1 F1500 X167.524 Y120.409 E3608.01649
G0 F9000 X166.958 Y120.409
G1 F1500 X164.277 Y123.09 E3608.14259
G0 F9000 X163.712 Y123.09
G1 F1500 X166.392 Y120.409 E3608.26868
G0 F9000 X165.827 Y120.409
G1 F1500 X163.146 Y123.09 E3608.39478
G0 F9000 X162.58 Y123.09
G1 F1500 X165.261 Y120.409 E3608.52089
G0 F9000 X164.695 Y120.409
G1 F1500 X162.015 Y123.09 E3608.64697
G0 F9000 X161.449 Y123.09
G1 F1500 X164.13 Y120.409 E3608.77308
G0 F9000 X163.564 Y120.409
G1 F1500 X160.883 Y123.09 E3608.89918
G0 F9000 X160.318 Y123.09
G1 F1500 X162.998 Y120.409 E3609.02527
G0 F9000 X162.433 Y120.409
G1 F1500 X159.752 Y123.09 E3609.15137
G0 F9000 X159.186 Y123.09
G1 F1500 X161.867 Y120.409 E3609.27748
G0 F9000 X161.301 Y120.409
G1 F1500 X158.621 Y123.09 E3609.40356
G0 F9000 X158.055 Y123.09
G1 F1500 X160.735 Y120.409 E3609.52964
G0 F9000 X160.17 Y120.409
G1 F1500 X157.489 Y123.09 E3609.65575
G0 F9000 X156.923 Y123.09
G1 F1500 X159.604 Y120.409 E3609.78186
G0 F9000 X159.038 Y120.409
G1 F1500 X156.358 Y123.09 E3609.90794
G0 F9000 X155.792 Y123.09
G1 F1500 X158.473 Y120.409 E3610.03404
G0 F9000 X157.907 Y120.409
G1 F1500 X155.226 Y123.09 E3610.16015
G0 F9000 X154.661 Y123.09
G1 F1500 X157.341 Y120.409 E3610.28623
G0 F9000 X156.776 Y120.409
G1 F1500 X154.095 Y123.09 E3610.41234
G0 F9000 X153.529 Y123.09
G1 F1500 X156.21 Y120.409 E3610.53844
G0 F9000 X155.644 Y120.409
G1 F1500 X152.964 Y123.09 E3610.66453
G0 F9000 X152.398 Y123.09
G1 F1500 X155.079 Y120.409 E3610.79063
G0 F9000 X154.513 Y120.409
G1 F1500 X151.832 Y123.09 E3610.91674
G0 F9000 X151.267 Y123.09
G1 F1500 X153.947 Y120.409 E3611.04282
G0 F9000 X153.382 Y120.409
G1 F1500 X150.701 Y123.09 E3611.16893
G0 F9000 X150.135 Y123.09
G1 F1500 X152.816 Y120.409 E3611.29503
G0 F9000 X152.25 Y120.409
G1 F1500 X149.57 Y123.09 E3611.42112
G0 F9000 X149.004 Y123.09
G1 F1500 X151.685 Y120.409 E3611.54722
G0 F9000 X151.119 Y120.409
G1 F1500 X148.438 Y123.09 E3611.67333
G0 F9000 X147.872 Y123.09
G1 F1500 X150.553 Y120.409 E3611.79943
G0 F9000 X149.987 Y120.409
G1 F1500 X147.307 Y123.09 E3611.92552
G0 F9000 X146.741 Y123.09
G1 F1500 X149.422 Y120.409 E3612.05162
G0 F9000 X148.856 Y120.409
G1 F1500 X146.175 Y123.09 E3612.17773
G0 F9000 X145.61 Y123.09
G1 F1500 X148.29 Y120.409 E3612.30381
G0 F9000 X147.725 Y120.409
G1 F1500 X145.044 Y123.09 E3612.42992
G0 F9000 X144.478 Y123.09
G1 F1500 X147.159 Y120.409 E3612.55602
G0 F9000 X146.593 Y120.409
G1 F1500 X143.913 Y123.09 E3612.68211
G0 F9000 X143.347 Y123.09
G1 F1500 X146.028 Y120.409 E3612.80821
G0 F9000 X145.462 Y120.409
G1 F1500 X142.781 Y123.09 E3612.93432
G0 F9000 X142.216 Y123.09
G1 F1500 X144.896 Y120.409 E3613.0604
G0 F9000 X144.331 Y120.409
G1 F1500 X141.65 Y123.09 E3613.18651
G0 F9000 X141.084 Y123.09
G1 F1500 X143.765 Y120.409 E3613.31261
G0 F9000 X143.199 Y120.409
G1 F1500 X140.519 Y123.09 E3613.43869
G0 F9000 X139.953 Y123.09
G1 F1500 X142.634 Y120.409 E3613.5648
G0 F9000 X142.068 Y120.409
G1 F1500 X139.387 Y123.09 E3613.69091
G0 F9000 X138.822 Y123.09
G1 F1500 X141.502 Y120.409 E3613.81699
G0 F9000 X140.936 Y120.409
G1 F1500 X138.256 Y123.09 E3613.94307
G0 F9000 X137.69 Y123.09
G1 F1500 X140.371 Y120.409 E3614.06918
G0 F9000 X139.805 Y120.409
G1 F1500 X137.124 Y123.09 E3614.19528
G0 F9000 X136.559 Y123.09
G1 F1500 X139.239 Y120.409 E3614.32137
G0 F9000 X138.674 Y120.409
G1 F1500 X135.993 Y123.09 E3614.44747
G0 F9000 X135.427 Y123.09
G1 F1500 X138.108 Y120.409 E3614.57358
G0 F9000 X137.542 Y120.409
G1 F1500 X134.862 Y123.09 E3614.69966
G0 F9000 X134.296 Y123.09
G1 F1500 X136.977 Y120.409 E3614.82577
G0 F9000 X136.411 Y120.409
G1 F1500 X133.73 Y123.09 E3614.95187
G0 F9000 X133.165 Y123.09
G1 F1500 X135.845 Y120.409 E3615.07796
G0 F9000 X135.28 Y120.409
G1 F1500 X132.599 Y123.09 E3615.20406
G0 F9000 X132.033 Y123.09
G1 F1500 X134.714 Y120.409 E3615.33017
G0 F9000 X134.148 Y120.409
G1 F1500 X131.468 Y123.09 E3615.45625
G0 F9000 X130.902 Y123.09
G1 F1500 X133.583 Y120.409 E3615.58236
G0 F9000 X133.017 Y120.409
G1 F1500 X130.336 Y123.09 E3615.70846
G0 F9000 X129.771 Y123.09
G1 F1500 X132.451 Y120.409 E3615.83454
G0 F9000 X131.886 Y120.409
G1 F1500 X129.205 Y123.09 E3615.96065
G0 F9000 X128.639 Y123.09
G1 F1500 X131.32 Y120.409 E3616.08676
G0 F9000 X130.754 Y120.409
G1 F1500 X128.074 Y123.09 E3616.21284
G0 F9000 X127.508 Y123.09
G1 F1500 X130.188 Y120.409 E3616.33892
G0 F9000 X129.623 Y120.409
G1 F1500 X126.942 Y123.09 E3616.46503
G0 F9000 X126.376 Y123.09
G1 F1500 X129.057 Y120.409 E3616.59113
G0 F9000 X128.491 Y120.409
G1 F1500 X125.811 Y123.09 E3616.71722
G0 F9000 X125.245 Y123.09
G1 F1500 X127.926 Y120.409 E3616.84332
G0 F9000 X127.36 Y120.409
G1 F1500 X124.679 Y123.09 E3616.96943
G0 F9000 X124.114 Y123.09
G1 F1500 X126.794 Y120.409 E3617.09551
G0 F9000 X126.229 Y120.409
G1 F1500 X123.548 Y123.09 E3617.22162
G0 F9000 X122.982 Y123.09
G1 F1500 X125.663 Y120.409 E3617.34772
G0 F9000 X125.097 Y120.409
G1 F1500 X122.417 Y123.09 E3617.4738
G0 F9000 X121.851 Y123.09
G1 F1500 X124.532 Y120.409 E3617.59991
G0 F9000 X123.966 Y120.409
G1 F1500 X121.285 Y123.09 E3617.72602
G0 F9000 X120.72 Y123.09
G1 F1500 X123.4 Y120.409 E3617.8521
G0 F9000 X122.835 Y120.409
G1 F1500 X120.154 Y123.09 E3617.97821
G0 F9000 X119.588 Y123.09
G1 F1500 X122.269 Y120.409 E3618.10431
G0 F9000 X121.703 Y120.409
G1 F1500 X119.023 Y123.09 E3618.23039
G0 F9000 X118.457 Y123.09
G1 F1500 X121.137 Y120.409 E3618.35648
G0 F9000 X120.572 Y120.409
G1 F1500 X117.891 Y123.09 E3618.48258
G0 F9000 X117.325 Y123.09
G1 F1500 X120.006 Y120.409 E3618.60869
G0 F9000 X119.44 Y120.409
G1 F1500 X116.76 Y123.09 E3618.73477
G0 F9000 X116.194 Y123.09
G1 F1500 X118.875 Y120.409 E3618.86088
G0 F9000 X118.309 Y120.409
G1 F1500 X115.628 Y123.09 E3618.98698
G0 F9000 X115.063 Y123.09
G1 F1500 X117.743 Y120.409 E3619.11307
G0 F9000 X117.178 Y120.409
G1 F1500 X114.497 Y123.09 E3619.23917
G0 F9000 X113.931 Y123.09
G1 F1500 X116.612 Y120.409 E3619.36528
G0 F9000 X116.046 Y120.409
G1 F1500 X113.366 Y123.09 E3619.49136
G0 F9000 X112.8 Y123.09
G1 F1500 X115.481 Y120.409 E3619.61747
G0 F9000 X114.915 Y120.409
G1 F1500 X112.234 Y123.09 E3619.74357
G0 F9000 X111.669 Y123.09
G1 F1500 X114.349 Y120.409 E3619.86965
G0 F9000 X113.784 Y120.409
G1 F1500 X111.103 Y123.09 E3619.99576
G0 F9000 X110.537 Y123.09
G1 F1500 X113.218 Y120.409 E3620.12187
G0 F9000 X112.652 Y120.409
G1 F1500 X109.972 Y123.089 E3620.24793
G0 F9000 X109.407 Y123.089
G1 F1500 X112.087 Y120.409 E3620.37398
G0 F9000 X111.521 Y120.409
G1 F1500 X108.841 Y123.089 E3620.50004
G0 F9000 X108.275 Y123.089
G1 F1500 X110.955 Y120.409 E3620.6261
G0 F9000 X110.389 Y120.409
G1 F1500 X107.71 Y123.089 E3620.75214
G0 F9000 X107.144 Y123.089
G1 F1500 X109.824 Y120.408 E3620.87822
G0 F9000 X109.259 Y120.408
G1 F1500 X106.578 Y123.089 E3621.00433
G0 F9000 X106.012 Y123.089
G1 F1500 X108.693 Y120.408 E3621.13043
G0 F9000 X108.127 Y120.408
G1 F1500 X105.447 Y123.089 E3621.25652
G0 F9000 X104.881 Y123.089
G1 F1500 X107.562 Y120.408 E3621.38262
G0 F9000 X106.996 Y120.408
G1 F1500 X104.315 Y123.089 E3621.50873
G0 F9000 X103.75 Y123.089
G1 F1500 X106.43 Y120.408 E3621.63481
G0 F9000 X105.865 Y120.408
G1 F1500 X103.184 Y123.089 E3621.76092
G0 F9000 X102.618 Y123.089
G1 F1500 X105.299 Y120.408 E3621.88702
G0 F9000 X104.733 Y120.408
G1 F1500 X102.053 Y123.089 E3622.0131
G0 F9000 X101.487 Y123.089
G1 F1500 X104.168 Y120.408 E3622.13921
G0 F9000 X103.602 Y120.408
G1 F1500 X100.921 Y123.089 E3622.26532
G0 F9000 X100.356 Y123.089
G1 F1500 X103.036 Y120.408 E3622.3914
G0 F9000 X102.471 Y120.408
G1 F1500 X99.79 Y123.089 E3622.5175
G0 F9000 X99.224 Y123.089
G1 F1500 X101.905 Y120.408 E3622.64361
G0 F9000 X101.339 Y120.408
G1 F1500 X98.659 Y123.089 E3622.76969
G0 F9000 X98.093 Y123.089
G1 F1500 X100.774 Y120.408 E3622.8958
G0 F9000 X100.208 Y120.408
G1 F1500 X97.527 Y123.089 E3623.02191
G0 F9000 X96.962 Y123.089
G1 F1500 X99.642 Y120.408 E3623.14799
G0 F9000 X99.076 Y120.408
G1 F1500 X96.396 Y123.089 E3623.27407
G0 F9000 X95.83 Y123.089
G1 F1500 X98.511 Y120.408 E3623.40018
G0 F9000 X97.945 Y120.408
G1 F1500 X95.264 Y123.089 E3623.52628
G0 F9000 X94.699 Y123.089
G1 F1500 X97.379 Y120.408 E3623.65237
G0 F9000 X96.814 Y120.408
G1 F1500 X94.133 Y123.089 E3623.77847
G0 F9000 X93.567 Y123.089
G1 F1500 X96.248 Y120.408 E3623.90458
G0 F9000 X95.682 Y120.408
G1 F1500 X93.002 Y123.089 E3624.03066
G0 F9000 X92.436 Y123.089
G1 F1500 X95.117 Y120.408 E3624.15677
G0 F9000 X94.551 Y120.408
G1 F1500 X91.87 Y123.089 E3624.28287
G0 F9000 X91.305 Y123.089
G1 F1500 X93.985 Y120.408 E3624.40895
G0 F9000 X93.42 Y120.408
G1 F1500 X90.739 Y123.089 E3624.53506
G0 F9000 X90.173 Y123.089
G1 F1500 X92.854 Y120.408 E3624.66117
G0 F9000 X92.288 Y120.408
G1 F1500 X89.608 Y123.089 E3624.78725
G0 F9000 X89.042 Y123.089
G1 F1500 X91.723 Y120.408 E3624.91335
G0 F9000 X91.157 Y120.408
G1 F1500 X88.476 Y123.089 E3625.03946
G0 F9000 X87.911 Y123.089
G1 F1500 X90.591 Y120.408 E3625.16554
G0 F9000 X90.026 Y120.408
G1 F1500 X87.345 Y123.089 E3625.29165
G0 F9000 X86.779 Y123.089
G1 F1500 X89.46 Y120.408 E3625.41776
G0 F9000 X88.894 Y120.408
G1 F1500 X86.213 Y123.089 E3625.54386
G0 F9000 X85.648 Y123.089
G1 F1500 X88.328 Y120.408 E3625.66994
G0 F9000 X87.763 Y120.408
G1 F1500 X85.082 Y123.089 E3625.79605
G0 F9000 X84.516 Y123.089
G1 F1500 X87.197 Y120.408 E3625.92216
G0 F9000 X86.631 Y120.408
G1 F1500 X83.951 Y123.089 E3626.04824
G0 F9000 X83.385 Y123.089
G1 F1500 X86.066 Y120.408 E3626.17434
G0 F9000 X85.5 Y120.408
G1 F1500 X82.819 Y123.089 E3626.30045
G0 F9000 X82.254 Y123.089
G1 F1500 X84.934 Y120.408 E3626.42653
G0 F9000 X84.369 Y120.408
G1 F1500 X81.688 Y123.089 E3626.55264
G0 F9000 X81.122 Y123.089
G1 F1500 X83.803 Y120.408 E3626.67874
G0 F9000 X83.237 Y120.408
G1 F1500 X80.557 Y123.089 E3626.80483
G0 F9000 X79.991 Y123.089
G1 F1500 X82.672 Y120.408 E3626.93093
G0 F9000 X82.106 Y120.408
G1 F1500 X79.425 Y123.089 E3627.05704
G0 F9000 X78.86 Y123.089
G1 F1500 X81.54 Y120.408 E3627.18312
G0 F9000 X80.975 Y120.408
G1 F1500 X78.294 Y123.089 E3627.30923
G0 F9000 X77.728 Y123.089
G1 F1500 X80.409 Y120.408 E3627.43533
G0 F9000 X79.843 Y120.408
G1 F1500 X77.163 Y123.089 E3627.56142
G0 F9000 X76.597 Y123.089
G1 F1500 X79.277 Y120.408 E3627.6875
G0 F9000 X78.712 Y120.408
G1 F1500 X76.031 Y123.089 E3627.81361
G0 F9000 X75.465 Y123.089
G1 F1500 X78.146 Y120.408 E3627.93971
G0 F9000 X77.58 Y120.408
G1 F1500 X74.9 Y123.089 E3628.06579
G0 F9000 X74.334 Y123.089
G1 F1500 X77.015 Y120.408 E3628.1919
G0 F9000 X76.449 Y120.408
G1 F1500 X73.768 Y123.089 E3628.31801
G0 F9000 X73.203 Y123.089
G1 F1500 X75.883 Y120.408 E3628.44409
G0 F9000 X75.318 Y120.408
G1 F1500 X72.637 Y123.089 E3628.57019
G0 F9000 X72.071 Y123.089
G1 F1500 X74.752 Y120.408 E3628.6963
G0 F9000 X74.186 Y120.408
G1 F1500 X71.506 Y123.089 E3628.82238
G0 F9000 X70.94 Y123.089
G1 F1500 X73.621 Y120.408 E3628.94849
G0 F9000 X73.055 Y120.408
G1 F1500 X70.374 Y123.089 E3629.07459
G0 F9000 X69.809 Y123.089
G1 F1500 X72.489 Y120.408 E3629.20068
G0 F9000 X71.924 Y120.408
G1 F1500 X69.243 Y123.089 E3629.32678
G0 F9000 X68.677 Y123.089
G1 F1500 X71.358 Y120.408 E3629.45289
G0 F9000 X70.792 Y120.408
G1 F1500 X68.112 Y123.089 E3629.57897
G0 F9000 X67.546 Y123.089
G1 F1500 X70.227 Y120.408 E3629.70508
G0 F9000 X69.661 Y120.408
G1 F1500 X66.98 Y123.089 E3629.83118
G0 F9000 X66.415 Y123.089
G1 F1500 X69.095 Y120.408 E3629.95727
G0 F9000 X68.529 Y120.408
G1 F1500 X65.849 Y123.089 E3630.08335
G0 F9000 X65.283 Y123.089
G1 F1500 X67.964 Y120.408 E3630.20945
G0 F9000 X67.398 Y120.408
G1 F1500 X64.717 Y123.089 E3630.33556
G0 F9000 X64.152 Y123.089
G1 F1500 X66.832 Y120.408 E3630.46164
G0 F9000 X66.267 Y120.408
G1 F1500 X63.586 Y123.089 E3630.58775
G0 F9000 X63.02 Y123.089
G1 F1500 X65.701 Y120.408 E3630.71386
G0 F9000 X65.135 Y120.408
G1 F1500 X62.455 Y123.089 E3630.83994
G0 F9000 X61.889 Y123.089
G1 F1500 X64.57 Y120.408 E3630.96604
G0 F9000 X64.004 Y120.408
G1 F1500 X61.323 Y123.089 E3631.09215
G0 F9000 X60.758 Y123.089
G1 F1500 X63.438 Y120.408 E3631.21823
G0 F9000 X62.873 Y120.408
G1 F1500 X60.192 Y123.089 E3631.34434
G0 F9000 X59.626 Y123.089
G1 F1500 X62.307 Y120.408 E3631.47044
G0 F9000 X61.741 Y120.408
G1 F1500 X59.061 Y123.089 E3631.59653
G0 F9000 X58.495 Y123.089
G1 F1500 X61.176 Y120.408 E3631.72263
G0 F9000 X60.61 Y120.408
G1 F1500 X57.929 Y123.089 E3631.84874
G0 F9000 X57.364 Y123.089
G1 F1500 X60.044 Y120.408 E3631.97482
G0 F9000 X59.478 Y120.408
G1 F1500 X56.798 Y123.089 E3632.1009
G0 F9000 X56.232 Y123.089
G1 F1500 X58.913 Y120.408 E3632.22701
G0 F9000 X58.347 Y120.408
G1 F1500 X55.666 Y123.089 E3632.35312
G0 F9000 X55.101 Y123.089
G1 F1500 X57.781 Y120.408 E3632.4792
G0 F9000 X57.216 Y120.408
G1 F1500 X54.535 Y123.089 E3632.6053
G0 F9000 X53.969 Y123.089
G1 F1500 X56.65 Y120.408 E3632.73141
G0 F9000 X56.084 Y120.408
G1 F1500 X53.404 Y123.089 E3632.85749
G0 F9000 X52.838 Y123.089
G1 F1500 X55.519 Y120.408 E3632.9836
G0 F9000 X54.953 Y120.408
G1 F1500 X52.272 Y123.089 E3633.10971
G0 F9000 X51.707 Y123.089
G1 F1500 X54.387 Y120.408 E3633.23579
G0 F9000 X53.822 Y120.408
G1 F1500 X51.141 Y123.089 E3633.36189
G0 F9000 X50.575 Y123.089
G1 F1500 X53.256 Y120.408 E3633.488
G0 F9000 X52.69 Y120.408
G1 F1500 X50.01 Y123.089 E3633.61408
G0 F9000 X49.444 Y123.089
G1 F1500 X52.125 Y120.408 E3633.74019
G0 F9000 X51.559 Y120.408
G1 F1500 X48.878 Y123.089 E3633.86629
G0 F9000 X48.313 Y123.089
G1 F1500 X50.993 Y120.408 E3633.99238
G0 F9000 X50.428 Y120.408
G1 F1500 X47.747 Y123.089 E3634.11848
G0 F9000 X47.181 Y123.089
G1 F1500 X49.862 Y120.408 E3634.24459
G0 F9000 X49.296 Y120.408
G1 F1500 X46.616 Y123.089 E3634.37067
G0 F9000 X46.05 Y123.089
G1 F1500 X48.73 Y120.408 E3634.49675
G0 F9000 X48.165 Y120.408
G1 F1500 X45.484 Y123.089 E3634.62286
G0 F9000 X44.918 Y123.089
G1 F1500 X47.599 Y120.408 E3634.74897
G0 F9000 X47.033 Y120.408
G1 F1500 X44.353 Y123.089 E3634.87505
G0 F9000 X43.787 Y123.089
G1 F1500 X46.468 Y120.408 E3635.00115
G0 F9000 X45.902 Y120.408
G1 F1500 X43.221 Y123.089 E3635.12726
G0 F9000 X42.656 Y123.089
G1 F1500 X45.336 Y120.408 E3635.25334
G0 F9000 X44.771 Y120.408
G1 F1500 X42.09 Y123.089 E3635.37945
G0 F9000 X41.524 Y123.089
G1 F1500 X44.205 Y120.408 E3635.50555
G0 F9000 X43.639 Y120.408
G1 F1500 X40.959 Y123.089 E3635.63164
G0 F9000 X40.393 Y123.089
G1 F1500 X43.074 Y120.408 E3635.75774
G0 F9000 X42.508 Y120.408
G1 F1500 X39.827 Y123.089 E3635.88385
G0 F9000 X39.262 Y123.089
G1 F1500 X41.942 Y120.408 E3636.00993
G0 F9000 X41.377 Y120.408
G1 F1500 X38.696 Y123.089 E3636.13604
G0 F9000 X38.13 Y123.089
G1 F1500 X40.811 Y120.408 E3636.26214
G0 F9000 X40.245 Y120.408
G1 F1500 X37.565 Y123.089 E3636.38823
G0 F9000 X36.999 Y123.089
G1 F1500 X39.68 Y120.408 E3636.51433
G0 F9000 X39.114 Y120.408
G1 F1500 X36.433 Y123.089 E3636.64044
G0 F9000 X36.16 Y122.797
G1 F1500 X38.548 Y120.408 E3636.75279
G0 F9000 X37.982 Y120.408
G1 F1500 X36.16 Y122.231 E3636.83851
G0 F9000 X36.16 Y121.666
G1 F1500 X37.417 Y120.408 E3636.89766
G0 F9000 X36.851 Y120.408
G1 F1500 X36.16 Y121.1 E3636.93019
G0 F9000 X36.16 Y120.534
G1 F1500 X36.285 Y120.408 E3636.93609
G1 F2700 E3631.93609
;MESH:NONMESH
G0 F300 X36.285 Y120.408 Z9.4
G0 F9000 X36.285 Y119.95
G0 X184.4 Y119.67
G0 X184.4 Y118.585
G0 X184.4 Y101.415
G0 X184.4 Y100.15
;TIME_ELAPSED:5504.205094
;LAYER:46
;TYPE:WALL-INNER
;MESH:Garmin_GFC500 BOARDS SUPPORTS.stl
G1 F2700 E3636.93609
G1 F1500 X184.4 Y96.35 E3637.06248
G1 X35.6 Y96.35 E3642.01159
G1 X35.6 Y100.15 E3642.13797
G1 X184.4 Y100.15 E3647.08708
G0 F9000 X184.8 Y100.55
;TYPE:WALL-OUTER
G1 F1500 X184.8 Y95.95 E3647.24008
G1 X35.2 Y95.95 E3652.2158
G1 X35.2 Y100.55 E3652.36879
G1 X184.8 Y100.55 E3657.34451
G0 F9000 X184.53 Y100.28
G0 X184.3 Y99.79
G0 X184.04 Y99.79
;TYPE:SKIN
G1 F1500 X35.96 Y99.79 E3662.26967
G1 X35.96 Y96.71 E3662.37211
G1 X184.04 Y96.71 E3667.29727
G1 X184.04 Y99.79 E3667.39971
G0 F9000 X184.3 Y99.79
G0 X184.3 Y97.289
G0 X183.839 Y97.289
G1 F1500 X183.46 Y96.91 E3667.41754
G0 F9000 X182.894 Y96.91
G1 F1500 X183.839 Y97.855 E3667.46199
G0 F9000 X183.839 Y98.42
G1 F1500 X182.328 Y96.91 E3667.53304
G0 F9000 X181.763 Y96.91
G1 F1500 X183.839 Y98.986 E3667.63069
G0 F9000 X183.839 Y99.552
G1 F1500 X181.197 Y96.91 E3667.75496
G0 F9000 X180.631 Y96.91
G1 F1500 X183.311 Y99.589 E3667.88099
G0 F9000 X182.745 Y99.589
G1 F1500 X180.066 Y96.91 E3668.00701
G0 F9000 X179.5 Y96.91
G1 F1500 X182.179 Y99.589 E3668.13302
G0 F9000 X181.614 Y99.589
G1 F1500 X178.934 Y96.91 E3668.25905
G0 F9000 X178.369 Y96.91
G1 F1500 X181.048 Y99.589 E3668.38507
G0 F9000 X180.482 Y99.589
G1 F1500 X177.803 Y96.91 E3668.51108
G0 F9000 X177.237 Y96.91
G1 F1500 X179.916 Y99.589 E3668.63709
G0 F9000 X179.351 Y99.589
G1 F1500 X176.672 Y96.91 E3668.7631
G0 F9000 X176.106 Y96.91
G1 F1500 X178.785 Y99.589 E3668.88911
G0 F9000 X178.219 Y99.589
G1 F1500 X175.54 Y96.91 E3669.01513
G0 F9000 X174.974 Y96.91
G1 F1500 X177.654 Y99.589 E3669.14116
G0 F9000 X177.088 Y99.589
G1 F1500 X174.409 Y96.91 E3669.26717
G0 F9000 X173.843 Y96.91
G1 F1500 X176.522 Y99.589 E3669.39318
G0 F9000 X175.957 Y99.589
G1 F1500 X173.277 Y96.91 E3669.51922
G0 F9000 X172.712 Y96.91
G1 F1500 X175.391 Y99.589 E3669.64523
G0 F9000 X174.825 Y99.589
G1 F1500 X172.146 Y96.91 E3669.77124
G0 F9000 X171.58 Y96.91
G1 F1500 X174.26 Y99.589 E3669.89728
G0 F9000 X173.694 Y99.589
G1 F1500 X171.015 Y96.91 E3670.02329
G0 F9000 X170.449 Y96.91
G1 F1500 X173.128 Y99.589 E3670.1493
G0 F9000 X172.563 Y99.589
G1 F1500 X169.883 Y96.91 E3670.27534
G0 F9000 X169.318 Y96.91
G1 F1500 X171.997 Y99.589 E3670.40135
G0 F9000 X171.431 Y99.589
G1 F1500 X168.752 Y96.91 E3670.52736
G0 F9000 X168.186 Y96.91
G1 F1500 X170.865 Y99.589 E3670.65337
G0 F9000 X170.3 Y99.589
G1 F1500 X167.621 Y96.91 E3670.77939
G0 F9000 X167.055 Y96.91
G1 F1500 X169.734 Y99.589 E3670.9054
G0 F9000 X169.168 Y99.589
G1 F1500 X166.489 Y96.91 E3671.03141
G0 F9000 X165.924 Y96.91
G1 F1500 X168.603 Y99.589 E3671.15742
G0 F9000 X168.037 Y99.589
G1 F1500 X165.358 Y96.91 E3671.28343
G0 F9000 X164.792 Y96.91
G1 F1500 X167.471 Y99.589 E3671.40945
G0 F9000 X166.906 Y99.589
G1 F1500 X164.226 Y96.91 E3671.53548
G0 F9000 X163.661 Y96.91
G1 F1500 X166.34 Y99.589 E3671.66149
G0 F9000 X165.774 Y99.589
G1 F1500 X163.095 Y96.91 E3671.78751
G0 F9000 X162.529 Y96.91
G1 F1500 X165.209 Y99.589 E3671.91354
G0 F9000 X164.643 Y99.589
G1 F1500 X161.964 Y96.91 E3672.03955
G0 F9000 X161.398 Y96.91
G1 F1500 X164.077 Y99.589 E3672.16556
G0 F9000 X163.512 Y99.589
G1 F1500 X160.832 Y96.91 E3672.2916
G0 F9000 X160.267 Y96.91
G1 F1500 X162.946 Y99.589 E3672.41761
G0 F9000 X162.38 Y99.589
G1 F1500 X159.701 Y96.91 E3672.54362
G0 F9000 X159.135 Y96.91
G1 F1500 X161.815 Y99.589 E3672.66966
G0 F9000 X161.249 Y99.589
G1 F1500 X158.57 Y96.91 E3672.79567
G0 F9000 X158.004 Y96.91
G1 F1500 X160.683 Y99.589 E3672.92168
G0 F9000 X160.117 Y99.589
G1 F1500 X157.438 Y96.91 E3673.0477
G0 F9000 X156.873 Y96.91
G1 F1500 X159.552 Y99.589 E3673.17371
G0 F9000 X158.986 Y99.589
G1 F1500 X156.307 Y96.91 E3673.29972
G0 F9000 X155.741 Y96.91
G1 F1500 X158.42 Y99.589 E3673.42573
G0 F9000 X157.855 Y99.589
G1 F1500 X155.175 Y96.91 E3673.55177
G0 F9000 X154.61 Y96.91
G1 F1500 X157.289 Y99.589 E3673.67778
G0 F9000 X156.723 Y99.589
G1 F1500 X154.044 Y96.91 E3673.80379
G0 F9000 X153.478 Y96.91
G1 F1500 X156.158 Y99.589 E3673.92983
G0 F9000 X155.592 Y99.589
G1 F1500 X152.913 Y96.91 E3674.05584
G0 F9000 X152.347 Y96.91
G1 F1500 X155.026 Y99.589 E3674.18185
G0 F9000 X154.461 Y99.589
G1 F1500 X151.781 Y96.91 E3674.30789
G0 F9000 X151.216 Y96.91
G1 F1500 X153.895 Y99.589 E3674.4339
G0 F9000 X153.329 Y99.589
G1 F1500 X150.65 Y96.91 E3674.55991
G0 F9000 X150.084 Y96.91
G1 F1500 X152.764 Y99.589 E3674.68594
G0 F9000 X152.198 Y99.589
G1 F1500 X149.519 Y96.91 E3674.81196
G0 F9000 X148.953 Y96.91
G1 F1500 X151.632 Y99.589 E3674.93797
G0 F9000 X151.066 Y99.589
G1 F1500 X148.387 Y96.91 E3675.06398
G0 F9000 X147.822 Y96.91
G1 F1500 X150.501 Y99.589 E3675.18999
G0 F9000 X149.935 Y99.589
G1 F1500 X147.256 Y96.91 E3675.316
G0 F9000 X146.69 Y96.91
G1 F1500 X149.369 Y99.589 E3675.44202
G0 F9000 X148.804 Y99.589
G1 F1500 X146.125 Y96.91 E3675.56803
G0 F9000 X145.559 Y96.91
G1 F1500 X148.238 Y99.589 E3675.69404
G0 F9000 X147.672 Y99.589
G1 F1500 X144.993 Y96.91 E3675.82005
G0 F9000 X144.427 Y96.91
G1 F1500 X147.107 Y99.589 E3675.94609
G0 F9000 X146.541 Y99.589
G1 F1500 X143.862 Y96.91 E3676.0721
G0 F9000 X143.296 Y96.91
G1 F1500 X145.975 Y99.589 E3676.19811
G0 F9000 X145.41 Y99.589
G1 F1500 X142.73 Y96.91 E3676.32415
G0 F9000 X142.165 Y96.91
G1 F1500 X144.844 Y99.589 E3676.45016
G0 F9000 X144.278 Y99.589
G1 F1500 X141.599 Y96.91 E3676.57617
G0 F9000 X141.033 Y96.91
G1 F1500 X143.713 Y99.589 E3676.70221
G0 F9000 X143.147 Y99.589
G1 F1500 X140.468 Y96.91 E3676.82822
G0 F9000 X139.902 Y96.91
G1 F1500 X142.581 Y99.589 E3676.95423
G0 F9000 X142.016 Y99.589
G1 F1500 X139.336 Y96.91 E3677.08027
G0 F9000 X138.771 Y96.91
G1 F1500 X141.45 Y99.589 E3677.20628
G0 F9000 X140.884 Y99.589
G1 F1500 X138.205 Y96.91 E3677.33229
G0 F9000 X137.639 Y96.91
G1 F1500 X140.318 Y99.589 E3677.4583
G0 F9000 X139.753 Y99.589
G1 F1500 X137.074 Y96.91 E3677.58431
G0 F9000 X136.508 Y96.91
G1 F1500 X139.187 Y99.589 E3677.71033
G0 F9000 X138.621 Y99.589
G1 F1500 X135.942 Y96.91 E3677.83634
G0 F9000 X135.377 Y96.91
G1 F1500 X138.056 Y99.589 E3677.96235
G0 F9000 X137.49 Y99.589
G1 F1500 X134.811 Y96.91 E3678.08836
G0 F9000 X134.245 Y96.91
G1 F1500 X136.924 Y99.589 E3678.21437
G0 F9000 X136.359 Y99.589
G1 F1500 X133.679 Y96.91 E3678.34041
G0 F9000 X133.114 Y96.91
G1 F1500 X135.793 Y99.589 E3678.46642
G0 F9000 X135.227 Y99.589
G1 F1500 X132.548 Y96.91 E3678.59243
G0 F9000 X131.982 Y96.91
G1 F1500 X134.662 Y99.589 E3678.71847
G0 F9000 X134.096 Y99.589
G1 F1500 X131.417 Y96.91 E3678.84448
G0 F9000 X130.851 Y96.91
G1 F1500 X133.53 Y99.589 E3678.97049
G0 F9000 X132.965 Y99.589
G1 F1500 X130.285 Y96.91 E3679.09653
G0 F9000 X129.72 Y96.91
G1 F1500 X132.399 Y99.589 E3679.22254
G0 F9000 X131.833 Y99.589
G1 F1500 X129.154 Y96.91 E3679.34855
G0 F9000 X128.588 Y96.91
G1 F1500 X131.268 Y99.589 E3679.47459
G0 F9000 X130.702 Y99.589
G1 F1500 X128.023 Y96.91 E3679.6006
G0 F9000 X127.457 Y96.91
G1 F1500 X130.136 Y99.589 E3679.72661
G0 F9000 X129.57 Y99.589
G1 F1500 X126.891 Y96.91 E3679.85262
G0 F9000 X126.326 Y96.91
G1 F1500 X129.005 Y99.589 E3679.97863
G0 F9000 X128.439 Y99.589
G1 F1500 X125.76 Y96.91 E3680.10465
G0 F9000 X125.194 Y96.91
G1 F1500 X127.873 Y99.589 E3680.23066
G0 F9000 X127.308 Y99.589
G1 F1500 X124.628 Y96.91 E3680.35669
G0 F9000 X124.063 Y96.91
G1 F1500 X126.742 Y99.589 E3680.48271
G0 F9000 X126.176 Y99.589
G1 F1500 X123.497 Y96.91 E3680.60872
G0 F9000 X122.931 Y96.91
G1 F1500 X125.611 Y99.589 E3680.73475
G0 F9000 X125.045 Y99.589
G1 F1500 X122.366 Y96.91 E3680.86077
G0 F9000 X121.8 Y96.91
G1 F1500 X124.479 Y99.589 E3680.98678
G0 F9000 X123.914 Y99.589
G1 F1500 X121.234 Y96.91 E3681.11281
G0 F9000 X120.669 Y96.91
G1 F1500 X123.348 Y99.589 E3681.23882
G0 F9000 X122.782 Y99.589
G1 F1500 X120.103 Y96.91 E3681.36484
G0 F9000 X119.537 Y96.91
G1 F1500 X122.217 Y99.589 E3681.49087
G0 F9000 X121.651 Y99.589
G1 F1500 X118.972 Y96.91 E3681.61688
G0 F9000 X118.406 Y96.91
G1 F1500 X121.085 Y99.589 E3681.7429
G0 F9000 X120.519 Y99.589
G1 F1500 X117.84 Y96.91 E3681.86891
G0 F9000 X117.275 Y96.91
G1 F1500 X119.954 Y99.589 E3681.99492
G0 F9000 X119.388 Y99.589
G1 F1500 X116.709 Y96.91 E3682.12093
G0 F9000 X116.143 Y96.91
G1 F1500 X118.822 Y99.589 E3682.24694
G0 F9000 X118.257 Y99.589
G1 F1500 X115.578 Y96.91 E3682.37296
G0 F9000 X115.012 Y96.91
G1 F1500 X117.691 Y99.589 E3682.49897
G0 F9000 X117.125 Y99.589
G1 F1500 X114.446 Y96.91 E3682.62498
G0 F9000 X113.88 Y96.91
G1 F1500 X116.56 Y99.589 E3682.75102
G0 F9000 X115.994 Y99.589
G1 F1500 X113.315 Y96.91 E3682.87703
G0 F9000 X112.749 Y96.91
G1 F1500 X115.428 Y99.589 E3683.00304
G0 F9000 X114.863 Y99.589
G1 F1500 X112.183 Y96.91 E3683.12907
G0 F9000 X111.618 Y96.91
G1 F1500 X114.297 Y99.589 E3683.25509
G0 F9000 X113.731 Y99.589
G1 F1500 X111.052 Y96.91 E3683.3811
G0 F9000 X110.486 Y96.91
G1 F1500 X113.166 Y99.589 E3683.50713
G0 F9000 X112.6 Y99.589
G1 F1500 X109.92 Y96.909 E3683.63319
G0 F9000 X109.354 Y96.909
G1 F1500 X112.034 Y99.589 E3683.75925
G0 F9000 X111.469 Y99.589
G1 F1500 X108.789 Y96.909 E3683.88531
G0 F9000 X108.223 Y96.909
G1 F1500 X110.903 Y99.589 E3684.01137
G0 F9000 X110.337 Y99.589
G1 F1500 X107.657 Y96.909 E3684.13743
G0 F9000 X107.092 Y96.909
G1 F1500 X109.771 Y99.588 E3684.26344
G0 F9000 X109.205 Y99.588
G1 F1500 X106.526 Y96.909 E3684.38945
G0 F9000 X105.96 Y96.909
G1 F1500 X108.639 Y99.588 E3684.51546
G0 F9000 X108.074 Y99.588
G1 F1500 X105.394 Y96.909 E3684.6415
G0 F9000 X104.829 Y96.909
G1 F1500 X107.508 Y99.588 E3684.76751
G0 F9000 X106.942 Y99.588
G1 F1500 X104.263 Y96.909 E3684.89352
G0 F9000 X103.697 Y96.909
G1 F1500 X106.377 Y99.588 E3685.01956
G0 F9000 X105.811 Y99.588
G1 F1500 X103.132 Y96.909 E3685.14557
G0 F9000 X102.566 Y96.909
G1 F1500 X105.245 Y99.588 E3685.27158
G0 F9000 X104.68 Y99.588
G1 F1500 X102 Y96.909 E3685.39762
G0 F9000 X101.435 Y96.909
G1 F1500 X104.114 Y99.588 E3685.52363
G0 F9000 X103.548 Y99.588
G1 F1500 X100.869 Y96.909 E3685.64964
G0 F9000 X100.303 Y96.909
G1 F1500 X102.983 Y99.588 E3685.77568
G0 F9000 X102.417 Y99.588
G1 F1500 X99.738 Y96.909 E3685.90169
G0 F9000 X99.172 Y96.909
G1 F1500 X101.851 Y99.588 E3686.0277
G0 F9000 X101.285 Y99.588
G1 F1500 X98.606 Y96.909 E3686.15371
G0 F9000 X98.041 Y96.909
G1 F1500 X100.72 Y99.588 E3686.27973
G0 F9000 X100.154 Y99.588
G1 F1500 X97.475 Y96.909 E3686.40574
G0 F9000 X96.909 Y96.909
G1 F1500 X99.588 Y99.588 E3686.53175
G0 F9000 X99.023 Y99.588
G1 F1500 X96.344 Y96.909 E3686.65776
G0 F9000 X95.778 Y96.909
G1 F1500 X98.457 Y99.588 E3686.78377
G0 F9000 X97.891 Y99.588
G1 F1500 X95.212 Y96.909 E3686.90979
G0 F9000 X94.646 Y96.909
G1 F1500 X97.326 Y99.588 E3687.03582
G0 F9000 X96.76 Y99.588
G1 F1500 X94.081 Y96.909 E3687.16183
G0 F9000 X93.515 Y96.909
G1 F1500 X96.194 Y99.588 E3687.28785
G0 F9000 X95.629 Y99.588
G1 F1500 X92.949 Y96.909 E3687.41388
G0 F9000 X92.384 Y96.909
G1 F1500 X95.063 Y99.588 E3687.53989
G0 F9000 X94.497 Y99.588
G1 F1500 X91.818 Y96.909 E3687.6659
G0 F9000 X91.252 Y96.909
G1 F1500 X93.932 Y99.588 E3687.79194
G0 F9000 X93.366 Y99.588
G1 F1500 X90.687 Y96.909 E3687.91795
G0 F9000 X90.121 Y96.909
G1 F1500 X92.8 Y99.588 E3688.04396
G0 F9000 X92.235 Y99.588
G1 F1500 X89.555 Y96.909 E3688.17
G0 F9000 X88.99 Y96.909
G1 F1500 X91.669 Y99.588 E3688.29601
G0 F9000 X91.103 Y99.588
G1 F1500 X88.424 Y96.909 E3688.42202
G0 F9000 X87.858 Y96.909
G1 F1500 X90.537 Y99.588 E3688.54804
G0 F9000 X89.972 Y99.588
G1 F1500 X87.293 Y96.909 E3688.67405
G0 F9000 X86.727 Y96.909
G1 F1500 X89.406 Y99.588 E3688.80006
G0 F9000 X88.84 Y99.588
G1 F1500 X86.161 Y96.909 E3688.92607
G0 F9000 X85.595 Y96.909
G1 F1500 X88.275 Y99.588 E3689.05211
G0 F9000 X87.709 Y99.588
G1 F1500 X85.03 Y96.909 E3689.17812
G0 F9000 X84.464 Y96.909
G1 F1500 X87.143 Y99.588 E3689.30413
G0 F9000 X86.578 Y99.588
G1 F1500 X83.898 Y96.909 E3689.43017
G0 F9000 X83.333 Y96.909
G1 F1500 X86.012 Y99.588 E3689.55618
G0 F9000 X85.446 Y99.588
G1 F1500 X82.767 Y96.909 E3689.68219
G0 F9000 X82.201 Y96.909
G1 F1500 X84.881 Y99.588 E3689.80823
G0 F9000 X84.315 Y99.588
G1 F1500 X81.636 Y96.909 E3689.93424
G0 F9000 X81.07 Y96.909
G1 F1500 X83.749 Y99.588 E3690.06025
G0 F9000 X83.184 Y99.588
G1 F1500 X80.504 Y96.909 E3690.18628
G0 F9000 X79.939 Y96.909
G1 F1500 X82.618 Y99.588 E3690.3123
G0 F9000 X82.052 Y99.588
G1 F1500 X79.373 Y96.909 E3690.43831
G0 F9000 X78.807 Y96.909
G1 F1500 X81.486 Y99.588 E3690.56432
G0 F9000 X80.921 Y99.588
G1 F1500 X78.242 Y96.909 E3690.69033
G0 F9000 X77.676 Y96.909
G1 F1500 X80.355 Y99.588 E3690.81634
G0 F9000 X79.789 Y99.588
G1 F1500 X77.11 Y96.909 E3690.94236
G0 F9000 X76.545 Y96.909
G1 F1500 X79.224 Y99.588 E3691.06837
G0 F9000 X78.658 Y99.588
G1 F1500 X75.979 Y96.909 E3691.19438
G0 F9000 X75.413 Y96.909
G1 F1500 X78.092 Y99.588 E3691.32039
G0 F9000 X77.527 Y99.588
G1 F1500 X74.847 Y96.909 E3691.44643
G0 F9000 X74.282 Y96.909
G1 F1500 X76.961 Y99.588 E3691.57244
G0 F9000 X76.395 Y99.588
G1 F1500 X73.716 Y96.909 E3691.69845
G0 F9000 X73.15 Y96.909
G1 F1500 X75.83 Y99.588 E3691.82449
G0 F9000 X75.264 Y99.588
G1 F1500 X72.585 Y96.909 E3691.9505
G0 F9000 X72.019 Y96.909
G1 F1500 X74.698 Y99.588 E3692.07651
G0 F9000 X74.133 Y99.588
G1 F1500 X71.453 Y96.909 E3692.20255
G0 F9000 X70.888 Y96.909
G1 F1500 X73.567 Y99.588 E3692.32856
G0 F9000 X73.001 Y99.588
G1 F1500 X70.322 Y96.909 E3692.45457
G0 F9000 X69.756 Y96.909
G1 F1500 X72.436 Y99.588 E3692.58061
G0 F9000 X71.87 Y99.588
G1 F1500 X69.191 Y96.909 E3692.70662
G0 F9000 X68.625 Y96.909
G1 F1500 X71.304 Y99.588 E3692.83263
G0 F9000 X70.738 Y99.588
G1 F1500 X68.059 Y96.909 E3692.95864
G0 F9000 X67.494 Y96.909
G1 F1500 X70.173 Y99.588 E3693.08465
G0 F9000 X69.607 Y99.588
G1 F1500 X66.928 Y96.909 E3693.21067
G0 F9000 X66.362 Y96.909
G1 F1500 X69.041 Y99.588 E3693.33668
G0 F9000 X68.476 Y99.588
G1 F1500 X65.796 Y96.909 E3693.46271
G0 F9000 X65.231 Y96.909
G1 F1500 X67.91 Y99.588 E3693.58872
G0 F9000 X67.344 Y99.588
G1 F1500 X64.665 Y96.909 E3693.71474
G0 F9000 X64.099 Y96.909
G1 F1500 X66.779 Y99.588 E3693.84077
G0 F9000 X66.213 Y99.588
G1 F1500 X63.534 Y96.909 E3693.96678
G0 F9000 X62.968 Y96.909
G1 F1500 X65.647 Y99.588 E3694.0928
G0 F9000 X65.082 Y99.588
G1 F1500 X62.402 Y96.909 E3694.21883
G0 F9000 X61.837 Y96.909
G1 F1500 X64.516 Y99.588 E3694.34484
G0 F9000 X63.95 Y99.588
G1 F1500 X61.271 Y96.909 E3694.47086
G0 F9000 X60.705 Y96.909
G1 F1500 X63.385 Y99.588 E3694.59689
G0 F9000 X62.819 Y99.588
G1 F1500 X60.14 Y96.909 E3694.7229
G0 F9000 X59.574 Y96.909
G1 F1500 X62.253 Y99.588 E3694.84891
G0 F9000 X61.687 Y99.588
G1 F1500 X59.008 Y96.909 E3694.97493
G0 F9000 X58.443 Y96.909
G1 F1500 X61.122 Y99.588 E3695.10094
G0 F9000 X60.556 Y99.588
G1 F1500 X57.877 Y96.909 E3695.22695
G0 F9000 X57.311 Y96.909
G1 F1500 X59.99 Y99.588 E3695.35296
G0 F9000 X59.425 Y99.588
G1 F1500 X56.746 Y96.909 E3695.47897
G0 F9000 X56.18 Y96.909
G1 F1500 X58.859 Y99.588 E3695.60499
G0 F9000 X58.293 Y99.588
G1 F1500 X55.614 Y96.909 E3695.731
G0 F9000 X55.048 Y96.909
G1 F1500 X57.728 Y99.588 E3695.85703
G0 F9000 X57.162 Y99.588
G1 F1500 X54.483 Y96.909 E3695.98305
G0 F9000 X53.917 Y96.909
G1 F1500 X56.596 Y99.588 E3696.10906
G0 F9000 X56.031 Y99.588
G1 F1500 X53.351 Y96.909 E3696.23509
G0 F9000 X52.786 Y96.909
G1 F1500 X55.465 Y99.588 E3696.36111
G0 F9000 X54.899 Y99.588
G1 F1500 X52.22 Y96.909 E3696.48712
G0 F9000 X51.654 Y96.909
G1 F1500 X54.334 Y99.588 E3696.61315
G0 F9000 X53.768 Y99.588
G1 F1500 X51.089 Y96.909 E3696.73916
G0 F9000 X50.523 Y96.909
G1 F1500 X53.202 Y99.588 E3696.86518
G0 F9000 X52.637 Y99.588
G1 F1500 X49.957 Y96.909 E3696.99121
G0 F9000 X49.392 Y96.909
G1 F1500 X52.071 Y99.588 E3697.11722
G0 F9000 X51.505 Y99.588
G1 F1500 X48.826 Y96.909 E3697.24324
G0 F9000 X48.26 Y96.909
G1 F1500 X50.939 Y99.588 E3697.36925
G0 F9000 X50.374 Y99.588
G1 F1500 X47.695 Y96.909 E3697.49526
G0 F9000 X47.129 Y96.909
G1 F1500 X49.808 Y99.588 E3697.62127
G0 F9000 X49.242 Y99.588
G1 F1500 X46.563 Y96.909 E3697.74728
G0 F9000 X45.998 Y96.909
G1 F1500 X48.677 Y99.588 E3697.8733
G0 F9000 X48.111 Y99.588
G1 F1500 X45.432 Y96.909 E3697.99931
G0 F9000 X44.866 Y96.909
G1 F1500 X47.545 Y99.588 E3698.12532
G0 F9000 X46.98 Y99.588
G1 F1500 X44.3 Y96.909 E3698.25135
G0 F9000 X43.735 Y96.909
G1 F1500 X46.414 Y99.588 E3698.37737
G0 F9000 X45.848 Y99.588
G1 F1500 X43.169 Y96.909 E3698.50338
G0 F9000 X42.603 Y96.909
G1 F1500 X45.283 Y99.588 E3698.62941
G0 F9000 X44.717 Y99.588
G1 F1500 X42.038 Y96.909 E3698.75543
G0 F9000 X41.472 Y96.909
G1 F1500 X44.151 Y99.588 E3698.88144
G0 F9000 X43.586 Y99.588
G1 F1500 X40.906 Y96.909 E3699.00747
G0 F9000 X40.341 Y96.909
G1 F1500 X43.02 Y99.588 E3699.13349
G0 F9000 X42.454 Y99.588
G1 F1500 X39.775 Y96.909 E3699.2595
G0 F9000 X39.209 Y96.909
G1 F1500 X41.889 Y99.588 E3699.38553
G0 F9000 X41.323 Y99.588
G1 F1500 X38.644 Y96.909 E3699.51154
G0 F9000 X38.078 Y96.909
G1 F1500 X40.757 Y99.588 E3699.63756
G0 F9000 X40.191 Y99.588
G1 F1500 X37.512 Y96.909 E3699.76357
G0 F9000 X36.947 Y96.909
G1 F1500 X39.626 Y99.588 E3699.88958
G0 F9000 X39.06 Y99.588
G1 F1500 X36.381 Y96.909 E3700.01559
G0 F9000 X36.16 Y97.254
G1 F1500 X38.494 Y99.588 E3700.12538
G0 F9000 X37.929 Y99.588
G1 F1500 X36.16 Y97.819 E3700.20859
G0 F9000 X36.16 Y98.385
G1 F1500 X37.363 Y99.588 E3700.26517
G0 F9000 X36.797 Y99.588
G1 F1500 X36.16 Y98.951 E3700.29513
G0 F9000 X36.16 Y99.516
G1 F1500 X36.232 Y99.588 E3700.29852
G1 F2700 E3695.29852
G0 F9000 X36.232 Y100.05
G0 X184.4 Y100.33
G0 X184.4 Y101.415
G0 X184.4 Y118.585
G0 X184.4 Y123.65
;TYPE:WALL-INNER
G1 F2700 E3700.29852
G1 F1500 X184.4 Y119.85 E3700.42491
G1 X35.6 Y119.85 E3705.37402
G1 X35.6 Y123.65 E3705.5004
G1 X184.4 Y123.65 E3710.44951
G0 F9000 X184.8 Y124.05
;TYPE:WALL-OUTER
G1 F1500 X184.8 Y119.45 E3710.60251
G1 X35.2 Y119.45 E3715.57823
G1 X35.2 Y124.05 E3715.73122
G1 X184.8 Y124.05 E3720.70694
G0 F9000 X184.53 Y123.78
G0 X184.3 Y123.29
G0 X184.04 Y123.29
;TYPE:SKIN
G1 F1500 X35.96 Y123.29 E3725.6321
G1 X35.96 Y120.21 E3725.73454
G1 X184.04 Y120.21 E3730.6597
G1 X184.04 Y123.29 E3730.76214
G0 F9000 X184.3 Y123.29
G0 X184.3 Y120.482
G0 X183.839 Y120.482
G1 F1500 X183.767 Y120.41 E3730.76553
G0 F9000 X183.201 Y120.41
G1 F1500 X183.839 Y121.048 E3730.79554
G0 F9000 X183.839 Y121.613
G1 F1500 X182.635 Y120.41 E3730.85215
G0 F9000 X182.07 Y120.41
G1 F1500 X183.839 Y122.179 E3730.93536
G0 F9000 X183.839 Y122.745
G1 F1500 X181.504 Y120.41 E3731.04519
G0 F9000 X180.938 Y120.41
G1 F1500 X183.617 Y123.089 E3731.1712
G0 F9000 X183.052 Y123.089
G1 F1500 X180.373 Y120.41 E3731.29721
G0 F9000 X179.807 Y120.41
G1 F1500 X182.486 Y123.089 E3731.42322
G0 F9000 X181.92 Y123.089
G1 F1500 X179.241 Y120.41 E3731.54924
G0 F9000 X178.675 Y120.41
G1 F1500 X181.355 Y123.089 E3731.67527
G0 F9000 X180.789 Y123.089
G1 F1500 X178.11 Y120.41 E3731.80128
G0 F9000 X177.544 Y120.41
G1 F1500 X180.223 Y123.089 E3731.92729
G0 F9000 X179.658 Y123.089
G1 F1500 X176.978 Y120.41 E3732.05333
G0 F9000 X176.413 Y120.41
G1 F1500 X179.092 Y123.089 E3732.17934
G0 F9000 X178.526 Y123.089
G1 F1500 X175.847 Y120.41 E3732.30535
G0 F9000 X175.281 Y120.41
G1 F1500 X177.961 Y123.089 E3732.43139
G0 F9000 X177.395 Y123.089
G1 F1500 X174.716 Y120.41 E3732.5574
G0 F9000 X174.15 Y120.41
G1 F1500 X176.829 Y123.089 E3732.68341
G0 F9000 X176.264 Y123.089
G1 F1500 X173.584 Y120.41 E3732.80945
G0 F9000 X173.019 Y120.41
G1 F1500 X175.698 Y123.089 E3732.93546
G0 F9000 X175.132 Y123.089
G1 F1500 X172.453 Y120.41 E3733.06147
G0 F9000 X171.887 Y120.41
G1 F1500 X174.566 Y123.089 E3733.18748
G0 F9000 X174.001 Y123.089
G1 F1500 X171.322 Y120.41 E3733.3135
G0 F9000 X170.756 Y120.41
G1 F1500 X173.435 Y123.089 E3733.43951
G0 F9000 X172.869 Y123.089
G1 F1500 X170.19 Y120.41 E3733.56552
G0 F9000 X169.625 Y120.41
G1 F1500 X172.304 Y123.089 E3733.69153
G0 F9000 X171.738 Y123.089
G1 F1500 X169.059 Y120.41 E3733.81754
G0 F9000 X168.493 Y120.41
G1 F1500 X171.172 Y123.089 E3733.94356
G0 F9000 X170.607 Y123.089
G1 F1500 X167.927 Y120.41 E3734.06959
G0 F9000 X167.362 Y120.41
G1 F1500 X170.041 Y123.089 E3734.1956
G0 F9000 X169.475 Y123.089
G1 F1500 X166.796 Y120.41 E3734.32162
G0 F9000 X166.23 Y120.41
G1 F1500 X168.91 Y123.089 E3734.44765
G0 F9000 X168.344 Y123.089
G1 F1500 X165.665 Y120.41 E3734.57366
G0 F9000 X165.099 Y120.41
G1 F1500 X167.778 Y123.089 E3734.69968
G0 F9000 X167.213 Y123.089
G1 F1500 X164.533 Y120.41 E3734.82571
G0 F9000 X163.968 Y120.41
G1 F1500 X166.647 Y123.089 E3734.95172
G0 F9000 X166.081 Y123.089
G1 F1500 X163.402 Y120.41 E3735.07773
G0 F9000 X162.836 Y120.41
G1 F1500 X165.516 Y123.089 E3735.20377
G0 F9000 X164.95 Y123.089
G1 F1500 X162.271 Y120.41 E3735.32978
G0 F9000 X161.705 Y120.41
G1 F1500 X164.384 Y123.089 E3735.45579
G0 F9000 X163.818 Y123.089
G1 F1500 X161.139 Y120.41 E3735.58181
G0 F9000 X160.574 Y120.41
G1 F1500 X163.253 Y123.089 E3735.70782
G0 F9000 X162.687 Y123.089
G1 F1500 X160.008 Y120.41 E3735.83383
G0 F9000 X159.442 Y120.41
G1 F1500 X162.121 Y123.089 E3735.95984
G0 F9000 X161.556 Y123.089
G1 F1500 X158.876 Y120.41 E3736.08588
G0 F9000 X158.311 Y120.41
G1 F1500 X160.99 Y123.089 E3736.21189
G0 F9000 X160.424 Y123.089
G1 F1500 X157.745 Y120.41 E3736.3379
G0 F9000 X157.179 Y120.41
G1 F1500 X159.859 Y123.089 E3736.46394
G0 F9000 X159.293 Y123.089
G1 F1500 X156.614 Y120.41 E3736.58995
G0 F9000 X156.048 Y120.41
G1 F1500 X158.727 Y123.089 E3736.71596
G0 F9000 X158.162 Y123.089
G1 F1500 X155.482 Y120.41 E3736.842
G0 F9000 X154.917 Y120.41
G1 F1500 X157.596 Y123.089 E3736.96801
G0 F9000 X157.03 Y123.089
G1 F1500 X154.351 Y120.41 E3737.09402
G0 F9000 X153.785 Y120.41
G1 F1500 X156.465 Y123.089 E3737.22006
G0 F9000 X155.899 Y123.089
G1 F1500 X153.22 Y120.41 E3737.34607
G0 F9000 X152.654 Y120.41
G1 F1500 X155.333 Y123.089 E3737.47208
G0 F9000 X154.767 Y123.089
G1 F1500 X152.088 Y120.41 E3737.59809
G0 F9000 X151.523 Y120.41
G1 F1500 X154.202 Y123.089 E3737.7241
G0 F9000 X153.636 Y123.089
G1 F1500 X150.957 Y120.41 E3737.85011
G0 F9000 X150.391 Y120.41
G1 F1500 X153.07 Y123.089 E3737.97613
G0 F9000 X152.505 Y123.089
G1 F1500 X149.826 Y120.41 E3738.10214
G0 F9000 X149.26 Y120.41
G1 F1500 X151.939 Y123.089 E3738.22815
G0 F9000 X151.373 Y123.089
G1 F1500 X148.694 Y120.41 E3738.35416
G0 F9000 X148.128 Y120.41
G1 F1500 X150.808 Y123.089 E3738.4802
G0 F9000 X150.242 Y123.089
G1 F1500 X147.563 Y120.41 E3738.60621
G0 F9000 X146.997 Y120.41
G1 F1500 X149.676 Y123.089 E3738.73222
G0 F9000 X149.111 Y123.089
G1 F1500 X146.431 Y120.41 E3738.85826
G0 F9000 X145.866 Y120.41
G1 F1500 X148.545 Y123.089 E3738.98427
G0 F9000 X147.979 Y123.089
G1 F1500 X145.3 Y120.41 E3739.11028
G0 F9000 X144.734 Y120.41
G1 F1500 X147.414 Y123.089 E3739.23632
G0 F9000 X146.848 Y123.089
G1 F1500 X144.169 Y120.41 E3739.36233
G0 F9000 X143.603 Y120.41
G1 F1500 X146.282 Y123.089 E3739.48834
G0 F9000 X145.717 Y123.089
G1 F1500 X143.037 Y120.41 E3739.61438
G0 F9000 X142.472 Y120.41
G1 F1500 X145.151 Y123.089 E3739.74039
G0 F9000 X144.585 Y123.089
G1 F1500 X141.906 Y120.41 E3739.8664
G0 F9000 X141.34 Y120.41
G1 F1500 X144.019 Y123.089 E3739.99241
G0 F9000 X143.454 Y123.089
G1 F1500 X140.775 Y120.41 E3740.11842
G0 F9000 X140.209 Y120.41
G1 F1500 X142.888 Y123.089 E3740.24444
G0 F9000 X142.322 Y123.089
G1 F1500 X139.643 Y120.41 E3740.37045
G0 F9000 X139.078 Y120.41
G1 F1500 X141.757 Y123.089 E3740.49646
G0 F9000 X141.191 Y123.089
G1 F1500 X138.512 Y120.41 E3740.62247
G0 F9000 X137.946 Y120.41
G1 F1500 X140.625 Y123.089 E3740.74848
G0 F9000 X140.06 Y123.089
G1 F1500 X137.38 Y120.41 E3740.87452
G0 F9000 X136.815 Y120.41
G1 F1500 X139.494 Y123.089 E3741.00053
G0 F9000 X138.928 Y123.089
G1 F1500 X136.249 Y120.41 E3741.12654
G0 F9000 X135.683 Y120.41
G1 F1500 X138.363 Y123.089 E3741.25258
G0 F9000 X137.797 Y123.089
G1 F1500 X135.118 Y120.41 E3741.37859
G0 F9000 X134.552 Y120.41
G1 F1500 X137.231 Y123.089 E3741.5046
G0 F9000 X136.666 Y123.089
G1 F1500 X133.986 Y120.41 E3741.63064
G0 F9000 X133.421 Y120.41
G1 F1500 X136.1 Y123.089 E3741.75665
G0 F9000 X135.534 Y123.089
G1 F1500 X132.855 Y120.41 E3741.88266
G0 F9000 X132.289 Y120.41
G1 F1500 X134.969 Y123.089 E3742.0087
G0 F9000 X134.403 Y123.089
G1 F1500 X131.724 Y120.41 E3742.13471
G0 F9000 X131.158 Y120.41
G1 F1500 X133.837 Y123.089 E3742.26072
G0 F9000 X133.271 Y123.089
G1 F1500 X130.592 Y120.41 E3742.38673
G0 F9000 X130.027 Y120.41
G1 F1500 X132.706 Y123.089 E3742.51275
G0 F9000 X132.14 Y123.089
G1 F1500 X129.461 Y120.41 E3742.63876
G0 F9000 X128.895 Y120.41
G1 F1500 X131.574 Y123.089 E3742.76477
G0 F9000 X131.009 Y123.089
G1 F1500 X128.329 Y120.41 E3742.8908
G0 F9000 X127.764 Y120.41
G1 F1500 X130.443 Y123.089 E3743.01682
G0 F9000 X129.877 Y123.089
G1 F1500 X127.198 Y120.41 E3743.14283
G0 F9000 X126.632 Y120.41
G1 F1500 X129.312 Y123.089 E3743.26886
G0 F9000 X128.746 Y123.089
G1 F1500 X126.067 Y120.41 E3743.39488
G0 F9000 X125.501 Y120.41
G1 F1500 X128.18 Y123.089 E3743.52089
G0 F9000 X127.615 Y123.089
G1 F1500 X124.935 Y120.41 E3743.64692
G0 F9000 X124.37 Y120.41
G1 F1500 X127.049 Y123.089 E3743.77294
G0 F9000 X126.483 Y123.089
G1 F1500 X123.804 Y120.41 E3743.89895
G0 F9000 X123.238 Y120.41
G1 F1500 X125.918 Y123.089 E3744.02498
G0 F9000 X125.352 Y123.089
G1 F1500 X122.673 Y120.41 E3744.15099
G0 F9000 X122.107 Y120.41
G1 F1500 X124.786 Y123.089 E3744.27701
G0 F9000 X124.22 Y123.089
G1 F1500 X121.541 Y120.41 E3744.40302
G0 F9000 X120.976 Y120.41
G1 F1500 X123.655 Y123.089 E3744.52903
G0 F9000 X123.089 Y123.089
G1 F1500 X120.41 Y120.41 E3744.65504
G0 F9000 X119.844 Y120.41
G1 F1500 X122.523 Y123.089 E3744.78105
G0 F9000 X121.958 Y123.089
G1 F1500 X119.279 Y120.41 E3744.90707
G0 F9000 X118.713 Y120.41
G1 F1500 X121.392 Y123.089 E3745.03308
G0 F9000 X120.826 Y123.089
G1 F1500 X118.147 Y120.41 E3745.15909
G0 F9000 X117.581 Y120.41
G1 F1500 X120.261 Y123.089 E3745.28513
G0 F9000 X119.695 Y123.089
G1 F1500 X117.016 Y120.41 E3745.41114
G0 F9000 X116.45 Y120.41
G1 F1500 X119.129 Y123.089 E3745.53715
G0 F9000 X118.564 Y123.089
G1 F1500 X115.884 Y120.41 E3745.66318
G0 F9000 X115.319 Y120.41
G1 F1500 X117.998 Y123.089 E3745.7892
G0 F9000 X117.432 Y123.089
G1 F1500 X114.753 Y120.41 E3745.91521
G0 F9000 X114.187 Y120.41
G1 F1500 X116.867 Y123.089 E3746.04124
G0 F9000 X116.301 Y123.089
G1 F1500 X113.622 Y120.41 E3746.16726
G0 F9000 X113.056 Y120.41
G1 F1500 X115.735 Y123.089 E3746.29327
G0 F9000 X115.17 Y123.089
G1 F1500 X112.49 Y120.41 E3746.4193
G0 F9000 X111.925 Y120.41
G1 F1500 X114.604 Y123.089 E3746.54532
G0 F9000 X114.038 Y123.089
G1 F1500 X111.359 Y120.41 E3746.67133
G0 F9000 X110.793 Y120.41
G1 F1500 X113.472 Y123.089 E3746.79734
G0 F9000 X112.907 Y123.089
G1 F1500 X110.228 Y120.41 E3746.92335
G0 F9000 X109.661 Y120.409
G1 F1500 X112.341 Y123.089 E3747.04941
G0 F9000 X111.775 Y123.089
G1 F1500 X109.095 Y120.409 E3747.17547
G0 F9000 X108.53 Y120.409
G1 F1500 X111.21 Y123.089 E3747.30153
G0 F9000 X110.644 Y123.089
G1 F1500 X107.964 Y120.409 E3747.42759
G0 F9000 X107.398 Y120.409
G1 F1500 X110.078 Y123.089 E3747.55365
G0 F9000 X109.512 Y123.088
G1 F1500 X106.833 Y120.409 E3747.67966
G0 F9000 X106.267 Y120.409
G1 F1500 X108.946 Y123.088 E3747.80567
G0 F9000 X108.381 Y123.088
G1 F1500 X105.701 Y120.409 E3747.93171
G0 F9000 X105.136 Y120.409
G1 F1500 X107.815 Y123.088 E3748.05772
G0 F9000 X107.249 Y123.088
G1 F1500 X104.57 Y120.409 E3748.18373
G0 F9000 X104.004 Y120.409
G1 F1500 X106.684 Y123.088 E3748.30976
G0 F9000 X106.118 Y123.088
G1 F1500 X103.439 Y120.409 E3748.43578
G0 F9000 X102.873 Y120.409
G1 F1500 X105.552 Y123.088 E3748.56179
G0 F9000 X104.986 Y123.088
G1 F1500 X102.307 Y120.409 E3748.6878
G0 F9000 X101.742 Y120.409
G1 F1500 X104.421 Y123.088 E3748.81381
G0 F9000 X103.855 Y123.088
G1 F1500 X101.176 Y120.409 E3748.93982
G0 F9000 X100.61 Y120.409
G1 F1500 X103.289 Y123.088 E3749.06584
G0 F9000 X102.724 Y123.088
G1 F1500 X100.045 Y120.409 E3749.19185
G0 F9000 X99.479 Y120.409
G1 F1500 X102.158 Y123.088 E3749.31786
G0 F9000 X101.592 Y123.088
G1 F1500 X98.913 Y120.409 E3749.44387
G0 F9000 X98.347 Y120.409
G1 F1500 X101.027 Y123.088 E3749.56991
G0 F9000 X100.461 Y123.088
G1 F1500 X97.782 Y120.409 E3749.69592
G0 F9000 X97.216 Y120.409
G1 F1500 X99.895 Y123.088 E3749.82193
G0 F9000 X99.33 Y123.088
G1 F1500 X96.65 Y120.409 E3749.94797
G0 F9000 X96.085 Y120.409
G1 F1500 X98.764 Y123.088 E3750.07398
G0 F9000 X98.198 Y123.088
G1 F1500 X95.519 Y120.409 E3750.19999
G0 F9000 X94.953 Y120.409
G1 F1500 X97.633 Y123.088 E3750.32603
G0 F9000 X97.067 Y123.088
G1 F1500 X94.388 Y120.409 E3750.45204
G0 F9000 X93.822 Y120.409
G1 F1500 X96.501 Y123.088 E3750.57805
G0 F9000 X95.936 Y123.088
G1 F1500 X93.256 Y120.409 E3750.70409
G0 F9000 X92.691 Y120.409
G1 F1500 X95.37 Y123.088 E3750.8301
G0 F9000 X94.804 Y123.088
G1 F1500 X92.125 Y120.409 E3750.95611
G0 F9000 X91.559 Y120.409
G1 F1500 X94.238 Y123.088 E3751.08212
G0 F9000 X93.673 Y123.088
G1 F1500 X90.994 Y120.409 E3751.20813
G0 F9000 X90.428 Y120.409
G1 F1500 X93.107 Y123.088 E3751.33415
G0 F9000 X92.541 Y123.088
G1 F1500 X89.862 Y120.409 E3751.46016
G0 F9000 X89.296 Y120.409
G1 F1500 X91.976 Y123.088 E3751.58619
G0 F9000 X91.41 Y123.088
G1 F1500 X88.731 Y120.409 E3751.71221
G0 F9000 X88.165 Y120.409
G1 F1500 X90.844 Y123.088 E3751.83822
G0 F9000 X90.279 Y123.088
G1 F1500 X87.599 Y120.409 E3751.96425
G0 F9000 X87.034 Y120.409
G1 F1500 X89.713 Y123.088 E3752.09026
G0 F9000 X89.147 Y123.088
G1 F1500 X86.468 Y120.409 E3752.21628
G0 F9000 X85.902 Y120.409
G1 F1500 X88.582 Y123.088 E3752.34231
G0 F9000 X88.016 Y123.088
G1 F1500 X85.337 Y120.409 E3752.46832
G0 F9000 X84.771 Y120.409
G1 F1500 X87.45 Y123.088 E3752.59434
G0 F9000 X86.885 Y123.088
G1 F1500 X84.205 Y120.409 E3752.72037
G0 F9000 X83.64 Y120.409
G1 F1500 X86.319 Y123.088 E3752.84638
G0 F9000 X85.753 Y123.088
G1 F1500 X83.074 Y120.409 E3752.9724
G0 F9000 X82.508 Y120.409
G1 F1500 X85.187 Y123.088 E3753.09841
G0 F9000 X84.622 Y123.088
G1 F1500 X81.943 Y120.409 E3753.22442
G0 F9000 X81.377 Y120.409
G1 F1500 X84.056 Y123.088 E3753.35043
G0 F9000 X83.49 Y123.088
G1 F1500 X80.811 Y120.409 E3753.47644
G0 F9000 X80.246 Y120.409
G1 F1500 X82.925 Y123.088 E3753.60245
G0 F9000 X82.359 Y123.088
G1 F1500 X79.68 Y120.409 E3753.72847
G0 F9000 X79.114 Y120.409
G1 F1500 X81.793 Y123.088 E3753.85448
G0 F9000 X81.228 Y123.088
G1 F1500 X78.548 Y120.409 E3753.98051
G0 F9000 X77.983 Y120.409
G1 F1500 X80.662 Y123.088 E3754.10653
G0 F9000 X80.096 Y123.088
G1 F1500 X77.417 Y120.409 E3754.23254
G0 F9000 X76.851 Y120.409
G1 F1500 X79.531 Y123.088 E3754.35857
G0 F9000 X78.965 Y123.088
G1 F1500 X76.286 Y120.409 E3754.48459
G0 F9000 X75.72 Y120.409
G1 F1500 X78.399 Y123.088 E3754.6106
G0 F9000 X77.834 Y123.088
G1 F1500 X75.154 Y120.409 E3754.73663
G0 F9000 X74.589 Y120.409
G1 F1500 X77.268 Y123.088 E3754.86264
G0 F9000 X76.702 Y123.088
G1 F1500 X74.023 Y120.409 E3754.98866
G0 F9000 X73.457 Y120.409
G1 F1500 X76.137 Y123.088 E3755.11469
G0 F9000 X75.571 Y123.088
G1 F1500 X72.892 Y120.409 E3755.2407
G0 F9000 X72.326 Y120.409
G1 F1500 X75.005 Y123.088 E3755.36672
G0 F9000 X74.439 Y123.088
G1 F1500 X71.76 Y120.409 E3755.49273
G0 F9000 X71.195 Y120.409
G1 F1500 X73.874 Y123.088 E3755.61874
G0 F9000 X73.308 Y123.088
G1 F1500 X70.629 Y120.409 E3755.74475
G0 F9000 X70.063 Y120.409
G1 F1500 X72.742 Y123.088 E3755.87076
G0 F9000 X72.177 Y123.088
G1 F1500 X69.497 Y120.409 E3755.9968
G0 F9000 X68.932 Y120.409
G1 F1500 X71.611 Y123.088 E3756.12281
G0 F9000 X71.045 Y123.088
G1 F1500 X68.366 Y120.409 E3756.24882
G0 F9000 X67.8 Y120.409
G1 F1500 X70.48 Y123.088 E3756.37486
G0 F9000 X69.914 Y123.088
G1 F1500 X67.235 Y120.409 E3756.50087
G0 F9000 X66.669 Y120.409
G1 F1500 X69.348 Y123.088 E3756.62688
G0 F9000 X68.783 Y123.088
G1 F1500 X66.103 Y120.409 E3756.75292
G0 F9000 X65.538 Y120.409
G1 F1500 X68.217 Y123.088 E3756.87893
G0 F9000 X67.651 Y123.088
G1 F1500 X64.972 Y120.409 E3757.00494
G0 F9000 X64.406 Y120.409
G1 F1500 X67.086 Y123.088 E3757.13098
G0 F9000 X66.52 Y123.088
G1 F1500 X63.841 Y120.409 E3757.25699
G0 F9000 X63.275 Y120.409
G1 F1500 X65.954 Y123.088 E3757.383
G0 F9000 X65.388 Y123.088
G1 F1500 X62.709 Y120.409 E3757.50901
G0 F9000 X62.144 Y120.409
G1 F1500 X64.823 Y123.088 E3757.63503
G0 F9000 X64.257 Y123.088
G1 F1500 X61.578 Y120.409 E3757.76104
G0 F9000 X61.012 Y120.409
G1 F1500 X63.691 Y123.088 E3757.88705
G0 F9000 X63.126 Y123.088
G1 F1500 X60.447 Y120.409 E3758.01306
G0 F9000 X59.881 Y120.409
G1 F1500 X62.56 Y123.088 E3758.13907
G0 F9000 X61.994 Y123.088
G1 F1500 X59.315 Y120.409 E3758.26509
G0 F9000 X58.749 Y120.409
G1 F1500 X61.429 Y123.088 E3758.39112
G0 F9000 X60.863 Y123.088
G1 F1500 X58.184 Y120.409 E3758.51713
G0 F9000 X57.618 Y120.409
G1 F1500 X60.297 Y123.088 E3758.64314
G0 F9000 X59.732 Y123.088
G1 F1500 X57.052 Y120.409 E3758.76918
G0 F9000 X56.487 Y120.409
G1 F1500 X59.166 Y123.088 E3758.89519
G0 F9000 X58.6 Y123.088
G1 F1500 X55.921 Y120.409 E3759.0212
G0 F9000 X55.355 Y120.409
G1 F1500 X58.035 Y123.088 E3759.14724
G0 F9000 X57.469 Y123.088
G1 F1500 X54.79 Y120.409 E3759.27325
G0 F9000 X54.224 Y120.409
G1 F1500 X56.903 Y123.088 E3759.39926
G0 F9000 X56.338 Y123.088
G1 F1500 X53.658 Y120.409 E3759.5253
G0 F9000 X53.093 Y120.409
G1 F1500 X55.772 Y123.088 E3759.65131
G0 F9000 X55.206 Y123.088
G1 F1500 X52.527 Y120.409 E3759.77732
G0 F9000 X51.961 Y120.409
G1 F1500 X54.64 Y123.088 E3759.90333
G0 F9000 X54.075 Y123.088
G1 F1500 X51.396 Y120.409 E3760.02935
G0 F9000 X50.83 Y120.409
G1 F1500 X53.509 Y123.088 E3760.15536
G0 F9000 X52.943 Y123.088
G1 F1500 X50.264 Y120.409 E3760.28137
G0 F9000 X49.699 Y120.409
G1 F1500 X52.378 Y123.088 E3760.40738
G0 F9000 X51.812 Y123.088
G1 F1500 X49.133 Y120.409 E3760.53339
G0 F9000 X48.567 Y120.409
G1 F1500 X51.246 Y123.088 E3760.65941
G0 F9000 X50.681 Y123.088
G1 F1500 X48.001 Y120.409 E3760.78544
G0 F9000 X47.436 Y120.409
G1 F1500 X50.115 Y123.088 E3760.91145
G0 F9000 X49.549 Y123.088
G1 F1500 X46.87 Y120.409 E3761.03747
G0 F9000 X46.304 Y120.409
G1 F1500 X48.984 Y123.088 E3761.1635
G0 F9000 X48.418 Y123.088
G1 F1500 X45.739 Y120.409 E3761.28951
G0 F9000 X45.173 Y120.409
G1 F1500 X47.852 Y123.088 E3761.41552
G0 F9000 X47.287 Y123.088
G1 F1500 X44.607 Y120.409 E3761.54156
G0 F9000 X44.042 Y120.409
G1 F1500 X46.721 Y123.088 E3761.66757
G0 F9000 X46.155 Y123.088
G1 F1500 X43.476 Y120.409 E3761.79358
G0 F9000 X42.91 Y120.409
G1 F1500 X45.59 Y123.088 E3761.91962
G0 F9000 X45.024 Y123.088
G1 F1500 X42.345 Y120.409 E3762.04563
G0 F9000 X41.779 Y120.409
G1 F1500 X44.458 Y123.088 E3762.17164
G0 F9000 X43.892 Y123.088
G1 F1500 X41.213 Y120.409 E3762.29766
G0 F9000 X40.648 Y120.409
G1 F1500 X43.327 Y123.088 E3762.42367
G0 F9000 X42.761 Y123.088
G1 F1500 X40.082 Y120.409 E3762.54968
G0 F9000 X39.516 Y120.409
G1 F1500 X42.195 Y123.088 E3762.67569
G0 F9000 X41.63 Y123.088
G1 F1500 X38.95 Y120.409 E3762.80173
G0 F9000 X38.385 Y120.409
G1 F1500 X41.064 Y123.088 E3762.92774
G0 F9000 X40.498 Y123.088
G1 F1500 X37.819 Y120.409 E3763.05375
G0 F9000 X37.253 Y120.409
G1 F1500 X39.933 Y123.088 E3763.17979
G0 F9000 X39.367 Y123.088
G1 F1500 X36.688 Y120.409 E3763.3058
G0 F9000 X36.16 Y120.447
G1 F1500 X38.801 Y123.088 E3763.43002
G0 F9000 X38.236 Y123.088
G1 F1500 X36.16 Y121.012 E3763.52767
G0 F9000 X36.16 Y121.578
G1 F1500 X37.67 Y123.088 E3763.5987
G0 F9000 X37.104 Y123.088
G1 F1500 X36.16 Y122.144 E3763.6431
G0 F9000 X36.16 Y122.709
G1 F1500 X36.539 Y123.088 E3763.66093
;TIME_ELAPSED:5702.863200
G1 F2700 E3758.66093
M140 S0
M107
G91 ;Relative positioning
G1 E-2 F2700 ;Retract a bit
G1 E-2 Z0.2 F2400 ;Retract and raise Z
G1 X5 Y5 F3000 ;Wipe out
G1 Z10 ;Raise Z more
G90 ;Absolute positioning

G1 X0 Y220.0 ;Present print
M106 S0 ;Turn-off fan
M104 S0 ;Turn-off hotend
M140 S0 ;Turn-off bed

M84 X Y E ;Disable all steppers but Z

M82 ;absolute extrusion mode
M104 S0
;End of Gcode
;SETTING_3 {"global_quality": "[general]\\nversion = 4\\nname = Heli Collective 
;SETTING_3 settings\\ndefinition = creality_ender3\\n\\n[metadata]\\ntype = qual
;SETTING_3 ity_changes\\nquality_type = standard\\nsetting_version = 22\\n\\n[va
;SETTING_3 lues]\\nadhesion_type = brim\\nlayer_height_0 = 0.2\\nmaterial_bed_te
;SETTING_3 mperature = 60\\nmaterial_bed_temperature_layer_0 = 60\\nsupport_enab
;SETTING_3 le = True\\nsupport_structure = normal\\nsupport_type = buildplate\\n
;SETTING_3 \\n", "extruder_quality": ["[general]\\nversion = 4\\nname = Heli Col
;SETTING_3 lective settings\\ndefinition = creality_ender3\\n\\n[metadata]\\ntyp
;SETTING_3 e = quality_changes\\nquality_type = standard\\nintent_category = def
;SETTING_3 ault\\nposition = 0\\nsetting_version = 22\\n\\n[values]\\nbrim_line_
;SETTING_3 count = 5\\ninfill_sparse_density = 30\\nsupport_bottom_enable = Fals
;SETTING_3 e\\nsupport_pattern = grid\\nsupport_roof_enable = False\\n\\n"]}
