;FLAVOR:Marlin
;TIME:2055
;Filament used: 1.02611m
;Layer height: 0.2
;MINX:89.003
;MINY:85.7
;MINZ:0.2
;MAXX:127.8
;MAXY:134.3
;MAXZ:18
;TARGET_MACHINE.NAME:Creality Ender-3
;Generated with Cura_SteamEngine 5.6.0
M140 S60
M105
M190 S60
M104 S200
M105
M109 S200
M82 ;absolute extrusion mode
; Ender 3 Custom Start G-code
G92 E0 ; Reset Extruder
G28 ; Home all axes
G1 Z2.0 F3000 ; Move Z Axis up little to prevent scratching of Heat Bed
G1 X0.1 Y20 Z0.3 F5000.0 ; Move to start position
G1 X0.1 Y200.0 Z0.3 F1500.0 E15 ; Draw the first line
G1 X0.4 Y200.0 Z0.3 F5000.0 ; Move to side a little
G1 X0.4 Y20 Z0.3 F1500.0 E30 ; Draw the second line
G92 E0 ; Reset Extruder
G1 Z2.0 F3000 ; Move Z Axis up little to prevent scratching of Heat Bed
G1 X5 Y20 Z0.3 F5000.0 ; Move over to prevent blob squish
G92 E0
G92 E0
G1 F2700 E-5
;LAYER_COUNT:90
;LAYER:0
M107
G0 F6000 X92.56 Y86.408 Z0.2
;TYPE:SKIRT
G1 F2700 E0
G1 F1200 X92.898 Y86.095 E0.01532
G1 X93.389 Y85.802 E0.03434
G1 X94 Y85.7 E0.05494
G1 X101.148 Y85.7 E0.29269
G1 X101.619 Y85.815 E0.30881
G1 X102.092 Y86.06 E0.32653
G1 X102.405 Y86.398 E0.34185
G1 X102.698 Y86.889 E0.36087
G1 X102.8 Y87.5 E0.38147
G1 X102.8 Y132.648 E1.8831
G1 X102.685 Y133.119 E1.89923
G1 X102.44 Y133.592 E1.91694
G1 X102.102 Y133.905 E1.93226
G1 X101.611 Y134.198 E1.95128
G1 X101 Y134.3 E1.97189
G1 X93.852 Y134.3 E2.20963
G1 X93.381 Y134.185 E2.22575
G1 X92.908 Y133.94 E2.24347
G1 X92.595 Y133.602 E2.25879
G1 X92.302 Y133.111 E2.27781
G1 X92.2 Y132.5 E2.29841
G1 X92.2 Y114.565 E2.89493
G1 X91.305 Y114.238 E2.92663
G1 X90.819 Y113.944 E2.94552
G1 X90.208 Y113.361 E2.97361
G1 X89.479 Y112.429 E3.01296
G1 X89.097 Y111.47 E3.0473
G1 X89.003 Y110.708 E3.07283
G1 X89.006 Y108.937 E3.13174
G1 X89.22 Y108.185 E3.15774
G1 X89.484 Y107.579 E3.17973
G1 X89.803 Y107.139 E3.1978
G1 X90.502 Y106.268 E3.23495
G1 X91.275 Y105.765 E3.26562
G1 X92.059 Y105.475 E3.29342
G1 X92.2 Y105.45 E3.29819
G1 X92.2 Y87.352 E3.90013
G1 X92.315 Y86.881 E3.91625
G1 X92.56 Y86.408 E3.93397
G0 F6000 X92.883 Y86.654
G1 F1200 X93.14 Y86.416 E3.94562
G1 X93.527 Y86.185 E3.96061
G1 X94 Y86.1 E3.9766
G1 X101.098 Y86.1 E4.21268
G1 X101.48 Y86.193 E4.22575
G1 X101.846 Y86.383 E4.23947
G1 X102.084 Y86.64 E4.25112
G1 X102.315 Y87.027 E4.26611
G1 X102.4 Y87.5 E4.28209
G1 X102.4 Y132.598 E5.78206
G1 X102.307 Y132.98 E5.79514
G1 X102.117 Y133.346 E5.80885
G1 X101.86 Y133.584 E5.8205
G1 X101.473 Y133.815 E5.83549
G1 X101 Y133.9 E5.85148
G1 X93.902 Y133.9 E6.08756
G1 X93.52 Y133.807 E6.10063
G1 X93.154 Y133.617 E6.11435
G1 X92.916 Y133.36 E6.126
G1 X92.685 Y132.973 E6.14099
G1 X92.6 Y132.5 E6.15697
G1 X92.6 Y114.152 E6.76723
G1 X92.235 Y114.152 E6.77937
G1 X91.477 Y113.875 E6.80621
G1 X91.063 Y113.624 E6.82231
G1 X90.523 Y113.115 E6.847
G1 X89.831 Y112.23 E6.88436
G1 X89.488 Y111.369 E6.91519
G1 X89.403 Y110.709 E6.93732
G1 X89.406 Y108.993 E6.99439
G1 X89.587 Y108.345 E7.01677
G1 X89.835 Y107.776 E7.03742
G1 X90.115 Y107.389 E7.0533
G1 X90.774 Y106.568 E7.08832
G1 X91.455 Y106.125 E7.11534
G1 X92.198 Y105.85 E7.14169
G1 X92.6 Y105.844 E7.15506
G1 X92.6 Y87.402 E7.76845
G1 X92.693 Y87.02 E7.78152
G1 X92.883 Y86.654 E7.79524
G0 F6000 X93.207 Y86.899
G1 F1200 X93.345 Y86.76 E7.80175
G1 X93.672 Y86.565 E7.81442
G1 X94 Y86.5 E7.82554
G1 X101.049 Y86.5 E8.05999
G1 X101.338 Y86.57 E8.06988
G1 X101.601 Y86.707 E8.07974
G1 X101.74 Y86.845 E8.08626
G1 X101.935 Y87.172 E8.09892
G1 X102 Y87.5 E8.11004
G1 X102 Y132.549 E9.60838
G1 X101.93 Y132.838 E9.61827
G1 X101.793 Y133.101 E9.62813
G1 X101.655 Y133.24 E9.63464
G1 X101.328 Y133.435 E9.64731
G1 X101 Y133.5 E9.65843
G1 X93.951 Y133.5 E9.89288
G1 X93.662 Y133.43 E9.90277
G1 X93.399 Y133.293 E9.91263
G1 X93.26 Y133.155 E9.91915
G1 X93.065 Y132.828 E9.93181
G1 X93 Y132.5 E9.94293
G1 X93 Y113.752 E10.56649
G1 X92.306 Y113.752 E10.58958
G1 X91.652 Y113.513 E10.61273
G1 X91.305 Y113.302 E10.62624
G1 X90.838 Y112.869 E10.64742
G1 X90.183 Y112.031 E10.6828
G1 X89.878 Y111.265 E10.71022
G1 X89.803 Y110.71 E10.72885
G1 X89.806 Y109.048 E10.78413
G1 X89.954 Y108.505 E10.80285
G1 X90.186 Y107.973 E10.82215
G1 X90.427 Y107.639 E10.83585
G1 X91.046 Y106.868 E10.86874
G1 X91.635 Y106.485 E10.8921
G1 X92.272 Y106.249 E10.9147
G1 X93 Y106.239 E10.93891
G1 X93 Y87.451 E11.5638
G1 X93.07 Y87.162 E11.57369
G1 X93.207 Y86.899 E11.58356
G0 F6000 X93.839 Y87.381
G1 F1200 X94 Y87.3 E11.58955
G1 X101 Y87.3 E11.82237
G1 X101.119 Y87.339 E11.82654
G1 X101.2 Y87.5 E11.83253
G1 X101.2 Y132.5 E13.32924
G1 X101.161 Y132.619 E13.3334
G1 X101 Y132.7 E13.3394
G1 X94 Y132.7 E13.57222
G1 X93.881 Y132.661 E13.57638
G1 X93.8 Y132.5 E13.58238
G1 X93.8 Y87.5 E15.07908
G1 X93.839 Y87.381 E15.08325
G0 F6000 X93.55 Y87.104
G1 F1200 X93.82 Y86.943 E15.0937
G1 X94 Y86.9 E15.09986
G1 X101 Y86.9 E15.33268
G1 X101.244 Y86.959 E15.34103
G1 X101.396 Y87.05 E15.34692
G1 X101.557 Y87.32 E15.35738
G1 X101.6 Y87.5 E15.36353
G1 X101.6 Y132.5 E16.86024
G1 X101.541 Y132.744 E16.86859
G1 X101.45 Y132.896 E16.87448
G1 X101.18 Y133.057 E16.88494
G1 X101 Y133.1 E16.89109
G1 X94 Y133.1 E17.12391
G1 X93.756 Y133.041 E17.13226
G1 X93.604 Y132.95 E17.13815
G1 X93.443 Y132.68 E17.14861
G1 X93.4 Y132.5 E17.15477
G1 X93.4 Y113.19 E17.79702
G1 X93.206 Y113.3 E17.80444
G1 X93.009 Y113.352 E17.81121
G1 X92.377 Y113.352 E17.83223
G1 X91.827 Y113.151 E17.85171
G1 X91.546 Y112.98 E17.86265
G1 X91.153 Y112.623 E17.88031
G1 X90.535 Y111.832 E17.9137
G1 X90.268 Y111.161 E17.93772
G1 X90.203 Y110.711 E17.95284
G1 X90.206 Y109.102 E18.00635
G1 X90.34 Y108.61 E18.02331
G1 X90.535 Y108.173 E18.03923
G1 X90.739 Y107.889 E18.05086
G1 X91.318 Y107.168 E18.08162
G1 X91.815 Y106.845 E18.10133
G1 X92.346 Y106.648 E18.12017
G1 X92.99 Y106.637 E18.14159
G1 X93.235 Y106.692 E18.14994
G1 X93.4 Y106.796 E18.15643
G1 X93.4 Y87.5 E18.79822
G1 X93.459 Y87.256 E18.80657
G1 X93.55 Y87.104 E18.81246
G1 F2700 E13.81246
G0 F6000 X93.335 Y87.104
G0 X92.997 Y107.037
G1 F2700 E18.81246
G1 F1200 X93.116 Y107.074 E18.8166
G1 X93.165 Y107.17 E18.82019
G1 X93.341 Y107.235 E18.82643
G1 X93.4 Y107.377 E18.83154
G1 X93.4 Y112.634 E19.00639
G1 X93.361 Y112.753 E19.01056
G1 X93.009 Y112.952 E19.024
G1 X92.447 Y112.952 E19.0427
G1 X92.026 Y112.804 E19.05754
G1 X91.811 Y112.681 E19.06578
G1 X91.468 Y112.377 E19.08102
G1 X90.887 Y111.633 E19.11242
G1 X90.656 Y111.054 E19.13315
G1 X90.603 Y110.712 E19.14466
G1 X90.606 Y109.155 E19.19645
G1 X90.705 Y108.773 E19.20957
G1 X90.882 Y108.376 E19.22403
G1 X91.064 Y108.123 E19.2344
G1 X91.588 Y107.47 E19.26224
G1 X91.998 Y107.204 E19.2785
G1 X92.421 Y107.047 E19.29351
G1 X92.997 Y107.037 E19.31267
G1 F2700 E14.31267
G0 F6000 X93.347 Y86.847
G0 X100.822 Y86.847
G0 X117.2 Y87.352
G1 F2700 E19.31267
G1 F1200 X117.315 Y86.881 E19.32879
G1 X117.56 Y86.408 E19.34651
G1 X117.898 Y86.095 E19.36183
G1 X118.389 Y85.802 E19.38085
G1 X119 Y85.7 E19.40145
G1 X126.148 Y85.7 E19.6392
G1 X126.619 Y85.815 E19.65532
G1 X127.092 Y86.06 E19.67304
G1 X127.405 Y86.398 E19.68836
G1 X127.698 Y86.889 E19.70738
G1 X127.8 Y87.5 E19.72798
G1 X127.8 Y132.648 E21.22961
G1 X127.685 Y133.119 E21.24574
G1 X127.44 Y133.592 E21.26345
G1 X127.102 Y133.905 E21.27877
G1 X126.611 Y134.198 E21.29779
G1 X126 Y134.3 E21.3184
G1 X118.852 Y134.3 E21.55614
G1 X118.381 Y134.185 E21.57226
G1 X117.908 Y133.94 E21.58998
G1 X117.595 Y133.602 E21.6053
G1 X117.302 Y133.111 E21.62432
G1 X117.2 Y132.5 E21.64492
G1 X117.2 Y87.352 E23.14655
G0 F6000 X117.883 Y86.654
G1 F1200 X118.14 Y86.416 E23.1582
G1 X118.527 Y86.185 E23.17319
G1 X119 Y86.1 E23.18918
G1 X126.098 Y86.1 E23.42526
G1 X126.48 Y86.193 E23.43833
G1 X126.846 Y86.383 E23.45205
G1 X127.084 Y86.64 E23.4637
G1 X127.315 Y87.027 E23.47869
G1 X127.4 Y87.5 E23.49467
G1 X127.4 Y132.598 E24.99464
G1 X127.307 Y132.98 E25.00772
G1 X127.117 Y133.346 E25.02143
G1 X126.86 Y133.584 E25.03308
G1 X126.473 Y133.815 E25.04807
G1 X126 Y133.9 E25.06406
G1 X118.902 Y133.9 E25.30014
G1 X118.52 Y133.807 E25.31321
G1 X118.154 Y133.617 E25.32693
G1 X117.916 Y133.36 E25.33858
G1 X117.685 Y132.973 E25.35357
G1 X117.6 Y132.5 E25.36955
G1 X117.6 Y87.402 E26.86952
G1 X117.693 Y87.02 E26.8826
G1 X117.883 Y86.654 E26.89631
G0 F6000 X118.207 Y86.899
G1 F1200 X118.345 Y86.76 E26.90283
G1 X118.672 Y86.565 E26.91549
G1 X119 Y86.5 E26.92661
G1 X126.049 Y86.5 E27.16106
G1 X126.338 Y86.57 E27.17095
G1 X126.601 Y86.707 E27.18082
G1 X126.74 Y86.845 E27.18733
G1 X126.935 Y87.172 E27.19999
G1 X127 Y87.5 E27.21111
G1 X127 Y132.549 E28.70945
G1 X126.93 Y132.838 E28.71934
G1 X126.793 Y133.101 E28.7292
G1 X126.655 Y133.24 E28.73572
G1 X126.328 Y133.435 E28.74838
G1 X126 Y133.5 E28.7595
G1 X118.951 Y133.5 E28.99395
G1 X118.662 Y133.43 E29.00384
G1 X118.399 Y133.293 E29.01371
G1 X118.26 Y133.155 E29.02022
G1 X118.065 Y132.828 E29.03288
G1 X118 Y132.5 E29.04401
G1 X118 Y87.451 E30.54234
G1 X118.07 Y87.162 E30.55223
G1 X118.207 Y86.899 E30.56209
G0 F6000 X118.839 Y87.381
G1 F1200 X119 Y87.3 E30.56809
G1 X126 Y87.3 E30.80091
G1 X126.119 Y87.339 E30.80508
G1 X126.2 Y87.5 E30.81107
G1 X126.2 Y132.5 E32.30778
G1 X126.161 Y132.619 E32.31194
G1 X126 Y132.7 E32.31794
G1 X119 Y132.7 E32.55076
G1 X118.881 Y132.661 E32.55492
G1 X118.8 Y132.5 E32.56092
G1 X118.8 Y87.5 E34.05762
G1 X118.839 Y87.381 E34.06179
G0 F6000 X118.55 Y87.104
G1 F1200 X118.82 Y86.943 E34.07224
G1 X119 Y86.9 E34.0784
G1 X126 Y86.9 E34.31122
G1 X126.244 Y86.959 E34.31957
G1 X126.396 Y87.05 E34.32546
G1 X126.557 Y87.32 E34.33592
G1 X126.6 Y87.5 E34.34207
G1 X126.6 Y132.5 E35.83878
G1 X126.541 Y132.744 E35.84713
G1 X126.45 Y132.896 E35.85302
G1 X126.18 Y133.057 E35.86347
G1 X126 Y133.1 E35.86963
G1 X119 Y133.1 E36.10245
G1 X118.756 Y133.041 E36.1108
G1 X118.604 Y132.95 E36.11669
G1 X118.443 Y132.68 E36.12715
G1 X118.4 Y132.5 E36.1333
G1 X118.4 Y87.5 E37.63001
G1 X118.459 Y87.256 E37.63836
G1 X118.55 Y87.104 E37.64425
G1 F2700 E32.64425
G0 F6000 X118.335 Y87.104
G0 X101.653 Y86.847
G0 X93.347 Y86.847
G0 X91.857 Y107.772
G1 F2700 E37.64425
G1 F1200 X92.198 Y107.552 E37.65775
G1 X92.494 Y107.445 E37.66822
G1 X92.83 Y107.44 E37.67939
G1 X92.839 Y107.468 E37.68037
G1 X92.973 Y107.547 E37.68555
G1 X93 Y107.551 E37.68645
G1 X93 Y112.471 E37.85009
G1 X92.974 Y112.476 E37.85097
G1 X92.865 Y112.537 E37.85513
G1 X92.859 Y112.552 E37.85567
G1 X92.514 Y112.552 E37.86714
G1 X92.209 Y112.448 E37.87786
G1 X92.027 Y112.344 E37.88483
G1 X91.771 Y112.115 E37.89625
G1 X91.234 Y111.428 E37.92526
G1 X91.049 Y110.975 E37.94153
G1 X91.001 Y110.662 E37.95206
G1 X91 Y109.235 E37.99953
G1 X91.091 Y108.884 E38.01159
G1 X91.218 Y108.594 E38.02212
G1 X91.383 Y108.364 E38.03153
G1 X91.857 Y107.772 E38.05675
G0 F6000 X92.128 Y108.073
G1 F1200 X92.374 Y107.914 E38.0665
G1 X92.568 Y107.844 E38.07336
G1 X92.6 Y107.844 E38.07442
G1 X92.6 Y112.152 E38.2177
G1 X92.581 Y112.152 E38.21834
G1 X92.373 Y112.081 E38.22565
G1 X92.263 Y112.018 E38.22986
G1 X92.065 Y111.841 E38.2387
G1 X91.584 Y111.226 E38.26466
G1 X91.436 Y110.864 E38.27767
G1 X91.401 Y110.634 E38.28541
G1 X91.4 Y109.284 E38.33031
G1 X91.468 Y109.022 E38.33931
G1 X91.57 Y108.79 E38.34774
G1 X91.708 Y108.597 E38.35563
G1 X92.128 Y108.073 E38.37797
G0 F6000 X92.2 Y108.624
G1 F1200 X92.2 Y111.364 E38.4691
G1 X91.932 Y111.022 E38.48355
G1 X91.826 Y110.761 E38.49292
G1 X91.801 Y110.6 E38.49834
G1 X91.8 Y109.335 E38.54042
G1 X91.848 Y109.15 E38.54677
G1 X91.918 Y108.991 E38.55255
G1 X92.02 Y108.848 E38.55839
G1 X92.2 Y108.624 E38.56795
G1 F2700 E33.56795
;MESH:Garmin_GFC500 Wheel Support - Wheel Spacer.stl
G0 F6000 X96.776 Y94.405
G0 X97.727 Y94.341
;TYPE:WALL-INNER
G1 F2700 E38.56795
G1 F1200 X97.272 Y94.341 E38.58309
G1 X96.843 Y94.235 E38.59778
G1 X96.448 Y94.029 E38.6126
G1 X96.109 Y93.726 E38.62772
G1 X95.857 Y93.361 E38.64247
G1 X95.7 Y92.945 E38.65726
G1 X95.651 Y92.5 E38.67215
G1 X95.699 Y92.058 E38.68694
G1 X95.857 Y91.639 E38.70184
G1 X96.109 Y91.274 E38.71659
G1 X96.449 Y90.97 E38.73176
G1 X96.847 Y90.764 E38.74666
G1 X97.244 Y90.667 E38.76026
G1 X97.723 Y90.658 E38.77619
G1 X98.155 Y90.765 E38.79099
G1 X98.554 Y90.973 E38.80596
G1 X98.891 Y91.274 E38.82099
G1 X99.142 Y91.637 E38.83567
G1 X99.302 Y92.061 E38.85074
G1 X99.35 Y92.5 E38.86543
G1 X99.302 Y92.937 E38.88005
G1 X99.142 Y93.362 E38.89515
G1 X98.891 Y93.726 E38.90986
G1 X98.555 Y94.026 E38.92484
G1 X98.158 Y94.235 E38.93976
G1 X97.727 Y94.341 E38.95452
G1 F2700 E33.95452
G0 F6000 X97.752 Y94.438
G0 X97.749 Y125.478
G0 X97.756 Y129.333
G1 F2700 E38.95452
G1 F1200 X97.278 Y129.342 E38.97043
G1 X96.846 Y129.236 E38.98522
G1 X96.449 Y129.03 E39.0001
G1 X96.109 Y128.726 E39.01527
G1 X95.857 Y128.361 E39.03002
G1 X95.7 Y127.945 E39.04481
G1 X95.651 Y127.5 E39.0597
G1 X95.699 Y127.058 E39.07448
G1 X95.857 Y126.638 E39.08941
G1 X96.109 Y126.274 E39.10413
G1 X96.448 Y125.971 E39.11926
G1 X96.843 Y125.765 E39.13407
G1 X97.272 Y125.659 E39.14877
G1 X97.727 Y125.659 E39.16391
G1 X98.157 Y125.765 E39.17864
G1 X98.555 Y125.974 E39.19359
G1 X98.891 Y126.274 E39.20857
G1 X99.142 Y126.637 E39.22325
G1 X99.302 Y127.061 E39.23832
G1 X99.35 Y127.5 E39.25301
G1 X99.302 Y127.937 E39.26763
G1 X99.142 Y128.362 E39.28273
G1 X98.891 Y128.726 E39.29744
G1 X98.554 Y129.027 E39.31247
G1 X98.154 Y129.236 E39.32748
G1 X97.756 Y129.333 E39.34111
G1 F2700 E34.34111
G0 F6000 X98.273 Y129.288
G0 X98.657 Y129.178
G0 X100.2 Y129.178
G0 X100.4 Y131.9
G1 F2700 E39.34111
G1 F1200 X100.4 Y88.1 E40.7979
G1 X94.601 Y88.101 E40.99077
G1 X94.601 Y131.899 E42.4475
G1 X100.4 Y131.9 E42.64038
G0 F6000 X100.8 Y132.3
;TYPE:WALL-OUTER
G1 F1200 X100.8 Y87.7 E44.12378
G1 X94.201 Y87.701 E44.34326
G1 X94.201 Y132.299 E45.8266
G1 X100.8 Y132.3 E46.04608
G1 F2700 E41.04608
G0 F6000 X100.53 Y132.03
G0 X100.2 Y129.288
G0 X99.216 Y128.606
G0 X97.687 Y128.939
G1 F2700 E46.04608
G1 F1200 X97.299 Y128.936 E46.05899
G1 X97.008 Y128.864 E46.06896
G1 X96.657 Y128.68 E46.08214
G1 X96.4 Y128.443 E46.09377
G1 X96.206 Y128.153 E46.10537
G1 X96.089 Y127.834 E46.11667
G1 X96.051 Y127.5 E46.12785
G1 X96.099 Y127.13 E46.14026
G1 X96.229 Y126.803 E46.15197
G1 X96.431 Y126.522 E46.16348
G1 X96.698 Y126.292 E46.1752
G1 X97.008 Y126.136 E46.18674
G1 X97.299 Y126.064 E46.19671
G1 X97.7 Y126.064 E46.21005
G1 X97.992 Y126.136 E46.22005
G1 X98.343 Y126.32 E46.23323
G1 X98.6 Y126.557 E46.24486
G1 X98.794 Y126.847 E46.25646
G1 X98.912 Y127.177 E46.26812
G1 X98.95 Y127.5 E46.27894
G1 X98.911 Y127.834 E46.29012
G1 X98.771 Y128.197 E46.30306
G1 X98.569 Y128.478 E46.31457
G1 X98.302 Y128.708 E46.32629
G1 X97.992 Y128.864 E46.33784
G1 X97.687 Y128.939 E46.34828
G1 F2700 E41.34828
G0 F6000 X98.273 Y129.288
G0 X98.999 Y128.286
G0 X99.143 Y127.904
G0 X99.193 Y127.5
G0 X99.143 Y127.096
G0 X98.999 Y126.714
G0 X98.811 Y126.442
G0 X97.749 Y125.478
G0 X97.749 Y94.522
G0 X97.7 Y93.936
G1 F2700 E46.34828
G1 F1200 X97.299 Y93.936 E46.36162
G1 X97.008 Y93.864 E46.37159
G1 X96.657 Y93.68 E46.38477
G1 X96.4 Y93.443 E46.3964
G1 X96.206 Y93.153 E46.408
G1 X96.089 Y92.834 E46.41931
G1 X96.051 Y92.5 E46.43049
G1 X96.099 Y92.13 E46.4429
G1 X96.229 Y91.803 E46.4546
G1 X96.431 Y91.522 E46.46611
G1 X96.698 Y91.292 E46.47783
G1 X97.008 Y91.136 E46.48937
G1 X97.313 Y91.061 E46.49982
G1 X97.701 Y91.064 E46.51273
G1 X97.992 Y91.136 E46.5227
G1 X98.343 Y91.32 E46.53588
G1 X98.6 Y91.557 E46.54751
G1 X98.794 Y91.847 E46.55911
G1 X98.912 Y92.177 E46.57077
G1 X98.95 Y92.5 E46.58158
G1 X98.911 Y92.834 E46.59277
G1 X98.771 Y93.197 E46.60571
G1 X98.569 Y93.478 E46.61722
G1 X98.302 Y93.708 E46.62894
G1 X97.992 Y93.864 E46.64048
G1 X97.7 Y93.936 E46.65048
G1 F2700 E41.65048
G0 F6000 X97.819 Y94.421
G0 X100.2 Y94.522
G0 X100.04 Y131.539
;TYPE:SKIN
G1 F2700 E46.65048
G1 F1200 X94.961 Y131.539 E46.81941
G1 F1212.1 X94.958 Y128.125 E46.93183
G1 F1266.5 X94.943 Y127.5 E46.95153
G1 F1269.8 X94.957 Y126.976 E46.96801
G1 F1224.5 X94.958 Y93.125 E48.07138
G1 F1266.5 X94.943 Y92.5 E48.09108
G1 F1256.5 X94.962 Y91.39 E48.12634
G1 F1200 X94.961 Y88.461 E48.22376
G1 X100.04 Y88.46 E48.39269
G1 F1212.1 X100.044 Y91.979 E48.50856
G1 F1266.5 X100.058 Y92.5 E48.52498
G1 F1269.8 X100.044 Y93.018 E48.54127
G1 F1224.5 X100.044 Y126.979 E49.64823
G1 F1266.5 X100.058 Y127.5 E49.66465
G1 F1269.8 X100.044 Y128.018 E49.68094
G1 F1212.1 X100.04 Y131.539 E49.79688
G1 F2700 E44.79688
G0 F6000 X100.038 Y131.799
G0 X100.2 Y129.288
G0 X99.216 Y128.606
G0 X97.775 Y129.699
G1 F2700 E49.79688
G1 F1200 X98.267 Y129.58 E49.81371
G1 X98.735 Y129.343 E49.83116
G1 X99.175 Y128.948 E49.85083
G1 X99.474 Y128.504 E49.86863
G1 F1212.1 X99.654 Y128.01 E49.88594
G1 F1266.5 X99.692 Y127.48 E49.90269
G1 X99.652 Y127 E49.91787
G1 F1212.1 X99.476 Y126.497 E49.93542
G1 F1200 X99.175 Y126.051 E49.95331
G1 X98.779 Y125.689 E49.97116
G1 X98.263 Y125.42 E49.99051
G1 X97.796 Y125.304 E50.00652
G1 X97.204 Y125.304 E50.02621
G1 X96.734 Y125.42 E50.04231
G1 X96.264 Y125.659 E50.05984
G1 X95.855 Y126.016 E50.0779
G1 X95.547 Y126.454 E50.09571
G1 F1233.9 X95.349 Y126.969 E50.11356
G1 F1290.3 X95.309 Y127.481 E50.12944
G1 F1263.2 X95.349 Y128.027 E50.14674
G1 F1209.1 X95.527 Y128.507 E50.16364
G1 F1200 X95.824 Y128.947 E50.1813
G1 X96.223 Y129.313 E50.1993
G1 X96.689 Y129.563 E50.21689
G1 X97.204 Y129.696 E50.23458
G1 X97.775 Y129.699 E50.25358
G1 F2700 E45.25358
G0 F6000 X98.273 Y129.288
G0 X98.999 Y128.286
G0 X99.143 Y127.904
G0 X99.193 Y127.5
G0 X99.143 Y127.096
G0 X98.999 Y126.714
G0 X98.811 Y126.442
G0 X97.749 Y125.478
G0 X97.749 Y94.521
G0 X97.796 Y94.696
G1 F2700 E50.25358
G1 F1200 X98.263 Y94.58 E50.26958
G1 X98.779 Y94.311 E50.28894
G1 X99.175 Y93.948 E50.3068
G1 X99.474 Y93.504 E50.32461
G1 F1212.1 X99.654 Y93.01 E50.34192
G1 F1266.5 X99.692 Y92.48 E50.35866
G1 X99.652 Y92 E50.37384
G1 F1212.1 X99.476 Y91.497 E50.39139
G1 F1200 X99.175 Y91.051 E50.40929
G1 X98.736 Y90.659 E50.42886
G1 X98.311 Y90.437 E50.44481
G1 X97.796 Y90.304 E50.4625
G1 X97.225 Y90.301 E50.48149
G1 X96.732 Y90.42 E50.49836
G1 X96.266 Y90.657 E50.51575
G1 X95.824 Y91.053 E50.53549
G1 X95.549 Y91.451 E50.55158
G1 F1233.9 X95.348 Y91.975 E50.56973
G1 F1290.3 X95.309 Y92.481 E50.58543
G1 F1263.2 X95.349 Y93.027 E50.60273
G1 F1209.1 X95.527 Y93.507 E50.61963
G1 F1200 X95.824 Y93.947 E50.63728
G1 X96.223 Y94.313 E50.65529
G1 X96.689 Y94.563 E50.67288
G1 X97.204 Y94.696 E50.69057
G1 X97.796 Y94.696 E50.71026
G1 F2700 E45.71026
G0 F6000 X97.739 Y94.441
G0 X98.767 Y93.622
G0 X98.999 Y93.286
G0 X99.143 Y92.904
G0 X99.026 Y91.152
G0 X100.2 Y91.152
G0 X99.839 Y89.091
G1 F2700 E50.71026
G1 F1200 X99.408 Y88.66 E50.73053
G0 F6000 X98.842 Y88.66
G1 F1200 X99.84 Y89.658 E50.77748
G0 F6000 X99.841 Y90.224
G1 F1200 X98.277 Y88.66 E50.85104
G0 F6000 X97.711 Y88.66
G1 F1200 X99.842 Y90.791 E50.95128
G0 F6000 X99.842 Y91.357
G1 F1200 X97.145 Y88.66 E51.07814
G0 F6000 X96.58 Y88.66
G1 F1200 X98.09 Y90.17 E51.14916
G0 F6000 X97.454 Y90.1
G1 F1200 X96.014 Y88.66 E51.2169
G0 F6000 X95.448 Y88.66
G1 F1200 X96.949 Y90.161 E51.2875
G0 F6000 X96.52 Y90.297
G1 F1200 X95.16 Y88.937 E51.35147
G0 F6000 X95.16 Y89.503
G1 F1200 X96.148 Y90.491 E51.39794
G0 F6000 X95.846 Y90.755
G1 F1200 X95.161 Y90.069 E51.43018
G0 F6000 X95.161 Y90.635
G1 F1200 X95.579 Y91.054 E51.44987
G0 F6000 X95.351 Y91.391
G1 F1200 X95.161 Y91.201 E51.45881
G0 F6000 X94.701 Y91.201
G0 X94.701 Y93.461
G0 X95.158 Y93.461
G1 F1200 X95.433 Y93.736 E51.47174
G0 F6000 X95.161 Y94.029
G1 F1200 X99.84 Y98.709 E51.69185
G0 F6000 X99.84 Y99.274
G1 F1200 X95.161 Y94.595 E51.91194
G0 F6000 X95.161 Y95.161
G1 F1200 X99.84 Y99.84 E52.13202
G0 F6000 X99.84 Y100.406
G1 F1200 X95.161 Y95.726 E52.35213
G0 F6000 X95.161 Y96.292
G1 F1200 X99.84 Y100.972 E52.57224
G0 F6000 X99.841 Y101.538
G1 F1200 X95.161 Y96.858 E52.79237
G0 F6000 X95.161 Y97.423
G1 F1200 X99.841 Y102.104 E53.01253
G0 F6000 X99.841 Y102.669
G1 F1200 X95.161 Y97.989 E53.23266
G0 F6000 X95.161 Y98.555
G1 F1200 X99.841 Y103.235 E53.4528
G0 F6000 X99.841 Y103.801
G1 F1200 X95.161 Y99.12 E53.67295
G0 F6000 X95.161 Y99.686
G1 F1200 X99.841 Y104.366 E53.89309
G0 F6000 X99.842 Y104.933
G1 F1200 X95.161 Y100.252 E54.11327
G0 F6000 X95.161 Y100.817
G1 F1200 X99.842 Y105.498 E54.33345
G0 F6000 X99.842 Y106.064
G1 F1200 X95.161 Y101.383 E54.55363
G0 F6000 X95.161 Y101.949
G1 F1200 X99.842 Y106.63 E54.77381
G0 F6000 X99.842 Y107.195
G1 F1200 X95.161 Y102.514 E54.99398
G0 F6000 X95.161 Y103.08
G1 F1200 X99.842 Y107.761 E55.21416
G0 F6000 X99.842 Y108.327
G1 F1200 X95.161 Y103.646 E55.43434
G0 F6000 X95.161 Y104.211
G1 F1200 X99.842 Y108.893 E55.65455
G0 F6000 X99.842 Y109.459
G1 F1200 X95.161 Y104.777 E55.87475
G0 F6000 X95.161 Y105.343
G1 F1200 X99.842 Y110.025 E56.09495
G0 F6000 X99.842 Y110.59
G1 F1200 X95.161 Y105.909 E56.31513
G0 F6000 X95.161 Y106.474
G1 F1200 X99.842 Y111.156 E56.53534
G0 F6000 X99.842 Y111.722
G1 F1200 X95.161 Y107.04 E56.75554
G0 F6000 X95.161 Y107.606
G1 F1200 X99.843 Y112.288 E56.97577
G0 F6000 X99.843 Y112.854
G1 F1200 X95.161 Y108.171 E57.19602
G0 F6000 X95.161 Y108.737
G1 F1200 X99.843 Y113.419 E57.41625
G0 F6000 X99.843 Y113.985
G1 F1200 X95.161 Y109.303 E57.63647
G0 F6000 X95.161 Y109.868
G1 F1200 X99.843 Y114.551 E57.85672
G0 F6000 X99.843 Y115.116
G1 F1200 X95.161 Y110.435 E58.07693
G0 F6000 X95.161 Y111
G1 F1200 X99.843 Y115.682 E58.29715
G0 F6000 X99.844 Y116.249
G1 F1200 X95.161 Y111.566 E58.51743
G0 F6000 X95.161 Y112.132
G1 F1200 X99.844 Y116.814 E58.73768
G0 F6000 X99.844 Y117.38
G1 F1200 X95.161 Y112.697 E58.95795
G0 F6000 X95.161 Y113.263
G1 F1200 X99.844 Y117.946 E59.17823
G0 F6000 X99.844 Y118.511
G1 F1200 X95.161 Y113.829 E59.39848
G0 F6000 X95.161 Y114.395
G1 F1200 X99.844 Y119.077 E59.61873
G0 F6000 X99.844 Y119.643
G1 F1200 X95.161 Y114.96 E59.839
G0 F6000 X95.161 Y115.526
G1 F1200 X99.844 Y120.209 E60.05927
G0 F6000 X99.844 Y120.775
G1 F1200 X95.161 Y116.092 E60.27955
G0 F6000 X95.161 Y116.657
G1 F1200 X99.844 Y121.34 E60.49982
G0 F6000 X99.844 Y121.906
G1 F1200 X95.161 Y117.223 E60.7201
G0 F6000 X95.161 Y117.789
G1 F1200 X99.844 Y122.472 E60.94037
G0 F6000 X99.844 Y123.037
G1 F1200 X95.161 Y118.354 E61.16064
G0 F6000 X95.161 Y118.92
G1 F1200 X99.845 Y123.604 E61.38097
G0 F6000 X99.845 Y124.17
G1 F1200 X95.161 Y119.486 E61.60129
G0 F6000 X95.161 Y120.051
G1 F1200 X99.845 Y124.735 E61.82161
G0 F6000 X99.845 Y125.301
G1 F1200 X95.161 Y120.617 E62.04193
G0 F6000 X95.161 Y121.183
G1 F1200 X99.845 Y125.867 E62.26225
G0 F6000 X99.318 Y125.905
G1 F1200 X99.845 Y126.432 E62.28704
G0 F6000 X99.301 Y125.888
G1 F1200 X95.161 Y121.748 E62.48177
G0 F6000 X95.161 Y122.314
G1 F1200 X97.993 Y125.146 E62.61498
G0 F6000 X97.379 Y125.098
G1 F1200 X95.161 Y122.88 E62.71931
G0 F6000 X95.161 Y123.445
G1 F1200 X96.89 Y125.174 E62.80063
G0 F6000 X96.473 Y125.323
G1 F1200 X95.161 Y124.011 E62.86235
G0 F6000 X95.161 Y124.577
G1 F1200 X96.106 Y125.522 E62.9068
G0 F6000 X95.808 Y125.789
G1 F1200 X95.161 Y125.143 E62.93721
G0 F6000 X95.161 Y125.708
G1 F1200 X95.549 Y126.096 E62.95546
G0 F6000 X95.332 Y126.444
G1 F1200 X95.162 Y126.275 E62.96343
G0 F6000 X94.701 Y126.275
G0 X94.701 Y128.535
G0 X95.16 Y128.535
G1 F1200 X95.599 Y128.974 E62.98408
G0 F6000 X95.161 Y129.102
G1 F1200 X97.396 Y131.338 E63.08923
G0 F6000 X96.831 Y131.338
G1 F1200 X95.161 Y129.667 E63.1678
G0 F6000 X95.161 Y130.233
G1 F1200 X96.265 Y131.338 E63.21976
G0 F6000 X95.699 Y131.338
G1 F1200 X95.161 Y130.799 E63.24509
G1 F2700 E58.24509
G0 F6000 X94.701 Y130.799
G0 X94.801 Y129.099
G0 X95.695 Y128.479
G0 X96.067 Y129.442
G1 F2700 E63.24509
G1 F1200 X97.962 Y131.338 E63.33424
G0 F6000 X98.528 Y131.338
G1 F1200 X97.054 Y129.864 E63.40358
G0 F6000 X97.652 Y129.896
G1 F1200 X99.093 Y131.338 E63.47138
G0 F6000 X99.659 Y131.338
G1 F1200 X98.137 Y129.816 E63.54297
G0 F6000 X98.55 Y129.663
G1 F1200 X99.839 Y130.952 E63.6036
G0 F6000 X99.839 Y130.386
G1 F1200 X98.912 Y129.459 E63.64721
G0 F6000 X99.21 Y129.191
G1 F1200 X99.839 Y129.821 E63.67681
G0 F6000 X99.839 Y129.255
G1 F1200 X99.463 Y128.879 E63.6945
G0 F6000 X99.677 Y128.527
G1 F1200 X99.839 Y128.689 E63.70212
G1 F2700 E58.70212
G0 F6000 X100.3 Y128.689
G0 X100.3 Y98.143
G0 X99.84 Y98.143
G1 F2700 E63.70212
G1 F1200 X96.264 Y94.567 E63.87032
G0 F6000 X97.151 Y94.888
G1 F1200 X99.84 Y97.577 E63.99681
G0 F6000 X99.839 Y97.011
G1 F1200 X97.729 Y94.901 E64.09606
G0 F6000 X98.196 Y94.802
G1 F1200 X99.839 Y96.445 E64.17334
G0 F6000 X99.839 Y95.88
G1 F1200 X98.596 Y94.637 E64.2318
G0 F6000 X98.951 Y94.425
G1 F1200 X99.839 Y95.314 E64.2736
G0 F6000 X99.839 Y94.748
G1 F1200 X99.248 Y94.157 E64.30139
G0 F6000 X99.493 Y93.836
G1 F1200 X99.839 Y94.183 E64.31769
G0 F6000 X99.839 Y93.617
G1 F1200 X99.695 Y93.473 E64.32447
G1 F2700 E59.32447
G0 F6000 X99.269 Y93.312
G0 X99.026 Y93.848
G0 X119.42 Y93.848
G0 X119.6 Y131.9
;TYPE:WALL-INNER
G1 F2700 E64.32447
G1 F1200 X125.4 Y131.9 E64.51738
G1 X125.4 Y88.1 E65.97417
G1 X119.6 Y88.1 E66.16708
G1 X119.6 Y131.9 E67.62387
G0 F6000 X119.2 Y132.3
;TYPE:WALL-OUTER
G1 F1200 X125.8 Y132.3 E67.84339
G1 X125.8 Y87.7 E69.32679
G1 X119.2 Y87.7 E69.54631
G1 X119.2 Y132.3 E71.02971
G0 F6000 X119.47 Y132.03
G0 X119.7 Y131.54
G0 X119.96 Y131.54
;TYPE:SKIN
G1 F1200 X119.96 Y88.46 E72.46256
G1 X125.04 Y88.46 E72.63152
G1 X125.04 Y131.54 E74.06436
G1 X119.96 Y131.54 E74.23333
G0 F6000 X120.591 Y131.339
G1 F1200 X120.159 Y130.907 E74.25365
G0 F6000 X120.159 Y130.341
G1 F1200 X121.157 Y131.339 E74.30059
G0 F6000 X121.722 Y131.339
G1 F1200 X120.159 Y129.776 E74.37411
G0 F6000 X120.159 Y129.21
G1 F1200 X122.288 Y131.339 E74.47425
G0 F6000 X122.854 Y131.339
G1 F1200 X120.159 Y128.644 E74.60101
G0 F6000 X120.159 Y128.078
G1 F1200 X123.419 Y131.339 E74.75438
G0 F6000 X123.985 Y131.339
G1 F1200 X120.159 Y127.513 E74.93434
G0 F6000 X120.159 Y126.947
G1 F1200 X124.551 Y131.339 E75.14093
G0 F6000 X124.839 Y131.062
G1 F1200 X120.159 Y126.381 E75.36108
G0 F6000 X120.159 Y125.816
G1 F1200 X124.839 Y130.496 E75.58122
G0 F6000 X124.839 Y129.93
G1 F1200 X120.159 Y125.25 E75.80135
G0 F6000 X120.159 Y124.684
G1 F1200 X124.839 Y129.365 E76.02151
G0 F6000 X124.839 Y128.799
G1 F1200 X120.159 Y124.119 E76.24164
G0 F6000 X120.159 Y123.553
G1 F1200 X124.839 Y128.233 E76.46177
G0 F6000 X124.839 Y127.668
G1 F1200 X120.159 Y122.987 E76.68193
G0 F6000 X120.159 Y122.422
G1 F1200 X124.839 Y127.102 E76.90206
G0 F6000 X124.839 Y126.536
G1 F1200 X120.159 Y121.856 E77.12219
G0 F6000 X120.159 Y121.29
G1 F1200 X124.839 Y125.971 E77.34235
G0 F6000 X124.839 Y125.405
G1 F1200 X120.159 Y120.725 E77.56248
G0 F6000 X120.159 Y120.159
G1 F1200 X124.839 Y124.839 E77.78262
G0 F6000 X124.839 Y124.274
G1 F1200 X120.159 Y119.593 E78.00277
G0 F6000 X120.159 Y119.027
G1 F1200 X124.839 Y123.708 E78.22293
G0 F6000 X124.839 Y123.142
G1 F1200 X120.159 Y118.462 E78.44306
G0 F6000 X120.159 Y117.896
G1 F1200 X124.839 Y122.576 E78.66319
G0 F6000 X124.839 Y122.011
G1 F1200 X120.159 Y117.33 E78.88335
G0 F6000 X120.159 Y116.765
G1 F1200 X124.839 Y121.445 E79.10348
G0 F6000 X124.839 Y120.879
G1 F1200 X120.159 Y116.199 E79.32362
G0 F6000 X120.159 Y115.633
G1 F1200 X124.839 Y120.314 E79.54377
G0 F6000 X124.839 Y119.748
G1 F1200 X120.159 Y115.068 E79.76391
G0 F6000 X120.159 Y114.502
G1 F1200 X124.839 Y119.182 E79.98404
G0 F6000 X124.839 Y118.617
G1 F1200 X120.159 Y113.936 E80.20419
G0 F6000 X120.159 Y113.371
G1 F1200 X124.839 Y118.051 E80.42433
G0 F6000 X124.839 Y117.485
G1 F1200 X120.159 Y112.805 E80.64446
G0 F6000 X120.159 Y112.239
G1 F1200 X124.839 Y116.92 E80.86462
G0 F6000 X124.839 Y116.354
G1 F1200 X120.159 Y111.674 E81.08475
G0 F6000 X120.159 Y111.108
G1 F1200 X124.839 Y115.788 E81.30488
G0 F6000 X124.839 Y115.223
G1 F1200 X120.159 Y110.542 E81.52504
G0 F6000 X120.159 Y109.977
G1 F1200 X124.839 Y114.657 E81.74517
G0 F6000 X124.839 Y114.091
G1 F1200 X120.159 Y109.411 E81.9653
G0 F6000 X120.159 Y108.845
G1 F1200 X124.839 Y113.525 E82.18544
G0 F6000 X124.839 Y112.96
G1 F1200 X120.159 Y108.279 E82.40559
G0 F6000 X120.159 Y107.714
G1 F1200 X124.839 Y112.394 E82.62573
G0 F6000 X124.839 Y111.828
G1 F1200 X120.159 Y107.148 E82.84586
G0 F6000 X120.159 Y106.582
G1 F1200 X124.839 Y111.263 E83.06602
G0 F6000 X124.839 Y110.697
G1 F1200 X120.159 Y106.017 E83.28615
G0 F6000 X120.159 Y105.451
G1 F1200 X124.839 Y110.131 E83.50628
G0 F6000 X124.839 Y109.566
G1 F1200 X120.159 Y104.885 E83.72644
G0 F6000 X120.159 Y104.32
G1 F1200 X124.839 Y109 E83.94657
G0 F6000 X124.839 Y108.434
G1 F1200 X120.159 Y103.754 E84.1667
G0 F6000 X120.159 Y103.188
G1 F1200 X124.839 Y107.869 E84.38686
G0 F6000 X124.839 Y107.303
G1 F1200 X120.159 Y102.623 E84.60699
G0 F6000 X120.159 Y102.057
G1 F1200 X124.839 Y106.737 E84.82713
G0 F6000 X124.839 Y106.172
G1 F1200 X120.159 Y101.491 E85.04728
G0 F6000 X120.159 Y100.926
G1 F1200 X124.839 Y105.606 E85.26741
G0 F6000 X124.839 Y105.04
G1 F1200 X120.159 Y100.36 E85.48755
G0 F6000 X120.159 Y99.794
G1 F1200 X124.839 Y104.475 E85.7077
G0 F6000 X124.839 Y103.909
G1 F1200 X120.159 Y99.229 E85.92784
G0 F6000 X120.159 Y98.663
G1 F1200 X124.839 Y103.343 E86.14797
G0 F6000 X124.839 Y102.777
G1 F1200 X120.159 Y98.097 E86.3681
G0 F6000 X120.159 Y97.531
G1 F1200 X124.839 Y102.212 E86.58826
G0 F6000 X124.839 Y101.646
G1 F1200 X120.159 Y96.966 E86.80839
G0 F6000 X120.159 Y96.4
G1 F1200 X124.839 Y101.08 E87.02852
G0 F6000 X124.839 Y100.515
G1 F1200 X120.159 Y95.834 E87.24868
G0 F6000 X120.159 Y95.269
G1 F1200 X124.839 Y99.949 E87.46881
G0 F6000 X124.839 Y99.383
G1 F1200 X120.159 Y94.703 E87.68895
G0 F6000 X120.159 Y94.137
G1 F1200 X124.839 Y98.818 E87.9091
G0 F6000 X124.839 Y98.252
G1 F1200 X120.159 Y93.572 E88.12924
G0 F6000 X120.159 Y93.006
G1 F1200 X124.839 Y97.686 E88.34937
G0 F6000 X124.839 Y97.121
G1 F1200 X120.159 Y92.44 E88.56952
G0 F6000 X120.159 Y91.875
G1 F1200 X124.839 Y96.555 E88.78966
G0 F6000 X124.839 Y95.989
G1 F1200 X120.159 Y91.309 E89.00979
G0 F6000 X120.159 Y90.743
G1 F1200 X124.839 Y95.424 E89.22995
G0 F6000 X124.839 Y94.858
G1 F1200 X120.159 Y90.178 E89.45008
G0 F6000 X120.159 Y89.612
G1 F1200 X124.839 Y94.292 E89.67021
G0 F6000 X124.839 Y93.727
G1 F1200 X120.159 Y89.046 E89.89037
G0 F6000 X120.338 Y88.66
G1 F1200 X124.839 Y93.161 E90.10208
G0 F6000 X124.839 Y92.595
G1 F1200 X120.904 Y88.66 E90.28717
G0 F6000 X121.47 Y88.66
G1 F1200 X124.839 Y92.029 E90.44564
G0 F6000 X124.839 Y91.464
G1 F1200 X122.036 Y88.66 E90.57751
G0 F6000 X122.601 Y88.66
G1 F1200 X124.839 Y90.898 E90.68278
G0 F6000 X124.839 Y90.332
G1 F1200 X123.167 Y88.66 E90.76142
G0 F6000 X123.733 Y88.66
G1 F1200 X124.839 Y89.767 E90.81347
G0 F6000 X124.839 Y89.201
G1 F1200 X124.298 Y88.66 E90.83892
G1 F2700 E85.83892
;MESH:NONMESH
G0 F300 X124.298 Y88.66 Z0.4
G0 F6000 X124.298 Y88.2
G0 X119.772 Y88.272
G0 X119.42 Y107.773
G0 X118.335 Y107.773
G0 X101.653 Y86.847
G0 X93.347 Y86.847
G0 X91.857 Y107.773
;TIME_ELAPSED:170.777237
;LAYER:1
M106 S85
;TYPE:SUPPORT
G1 F2700 E90.83892
G1 F1350 X92.2 Y107.551 E90.85251
G1 X92.493 Y107.447 E90.86285
G1 X92.844 Y107.44 E90.87452
G1 X92.878 Y107.508 E90.87705
G1 X93 Y107.551 E90.88135
G1 X93 Y112.47 E91.04496
G1 X92.873 Y112.552 E91.04999
G1 X92.514 Y112.552 E91.06193
G1 X92.107 Y112.413 E91.07623
G1 X91.775 Y112.117 E91.09103
G1 X91.234 Y111.426 E91.12022
G1 X91.048 Y110.97 E91.1366
G1 X91.001 Y110.664 E91.14689
G1 X91 Y109.236 E91.19439
G1 X91.091 Y108.884 E91.20648
G1 X91.22 Y108.591 E91.21713
G1 X91.375 Y108.374 E91.226
G1 X91.857 Y107.773 E91.25162
G1 X92 Y107.775
G1 X92 Y112.21 E91.39913
G0 F7500 X91.783 Y112
G1 F1350 X92.92 Y112 E91.43695
G1 F2700 E86.43695
G0 F7500 X92.92 Y113.417
G0 X92.371 Y113.416
G0 X91.851 Y113.239
G0 X91.519 Y113.048
G0 X91.139 Y112.709
G0 X90.479 Y111.866
G0 X90.209 Y111.203
G0 X90.137 Y110.73
G0 X90.136 Y109.124
G0 X90.27 Y108.604
G0 X90.465 Y108.161
G0 X91.272 Y107.122
G0 X91.811 Y106.773
G0 X92.237 Y106.62
G0 X92.897 Y106.574
G0 X92.92 Y108
G1 F2700 E91.43695
G1 F1350 X91.778 Y108 E91.47493
G1 F2700 E86.47493
;MESH:Garmin_GFC500 Wheel Support - Wheel Spacer.stl
G0 F7500 X96.776 Y94.405
G0 X97.727 Y94.341
;TYPE:WALL-INNER
G1 F2700 E91.47493
G1 F1350 X97.272 Y94.341 E91.49006
G1 X96.843 Y94.235 E91.50476
G1 X96.448 Y94.029 E91.51958
G1 X96.109 Y93.726 E91.5347
G1 X95.857 Y93.361 E91.54945
G1 X95.7 Y92.945 E91.56424
G1 X95.651 Y92.5 E91.57913
G1 X95.699 Y92.058 E91.59392
G1 X95.857 Y91.639 E91.60881
G1 X96.109 Y91.274 E91.62357
G1 X96.449 Y90.97 E91.63874
G1 X96.847 Y90.764 E91.65364
G1 X97.244 Y90.667 E91.66723
G1 X97.723 Y90.658 E91.68317
G1 X98.155 Y90.765 E91.69797
G1 X98.554 Y90.973 E91.71294
G1 X98.891 Y91.274 E91.72797
G1 X99.142 Y91.637 E91.74264
G1 X99.302 Y92.061 E91.75772
G1 X99.35 Y92.5 E91.7724
G1 X99.302 Y92.937 E91.78703
G1 X99.142 Y93.362 E91.80213
G1 X98.891 Y93.726 E91.81684
G1 X98.555 Y94.026 E91.83182
G1 X98.158 Y94.235 E91.84674
G1 X97.727 Y94.341 E91.8615
G1 F2700 E86.8615
G0 F7500 X97.752 Y94.438
G0 X97.749 Y125.478
G0 X97.756 Y129.333
G1 F2700 E91.8615
G1 F1350 X97.278 Y129.342 E91.8774
G1 X96.846 Y129.236 E91.8922
G1 X96.449 Y129.03 E91.90708
G1 X96.109 Y128.726 E91.92224
G1 X95.857 Y128.361 E91.937
G1 X95.7 Y127.945 E91.95179
G1 X95.651 Y127.5 E91.96668
G1 X95.699 Y127.058 E91.98146
G1 X95.857 Y126.639 E91.99636
G1 X96.109 Y126.274 E92.01111
G1 X96.448 Y125.971 E92.02623
G1 X96.843 Y125.765 E92.04105
G1 X97.272 Y125.659 E92.05575
G1 X97.727 Y125.659 E92.07088
G1 X98.157 Y125.765 E92.08561
G1 X98.555 Y125.974 E92.10056
G1 X98.891 Y126.274 E92.11554
G1 X99.142 Y126.637 E92.13022
G1 X99.302 Y127.061 E92.1453
G1 X99.35 Y127.5 E92.15998
G1 X99.302 Y127.937 E92.17461
G1 X99.142 Y128.362 E92.18971
G1 X98.891 Y128.726 E92.20442
G1 X98.554 Y129.027 E92.21944
G1 X98.154 Y129.236 E92.23445
G1 X97.756 Y129.333 E92.24808
G1 F2700 E87.24808
G0 F7500 X98.273 Y129.288
G0 X98.657 Y129.178
G0 X100.2 Y129.178
G0 X100.4 Y131.9
G1 F2700 E92.24808
G1 F1350 X100.4 Y88.1 E93.70487
G1 X94.601 Y88.101 E93.89775
G1 X94.601 Y131.899 E95.35448
G1 X100.4 Y131.9 E95.54735
G0 F7500 X100.8 Y132.3
;TYPE:WALL-OUTER
G1 F1350 X100.8 Y87.7 E97.03075
G1 X94.201 Y87.701 E97.25024
G1 X94.201 Y132.299 E98.73357
G1 X100.8 Y132.3 E98.95306
G1 F2700 E93.95306
G0 F7500 X100.53 Y132.03
G0 X100.2 Y129.288
G0 X99.216 Y128.606
G0 X97.687 Y128.939
G1 F2700 E98.95306
G1 F1350 X97.299 Y128.936 E98.96596
G1 X97.008 Y128.864 E98.97593
G1 X96.657 Y128.68 E98.98911
G1 X96.4 Y128.443 E99.00074
G1 X96.206 Y128.153 E99.01235
G1 X96.089 Y127.834 E99.02365
G1 X96.051 Y127.5 E99.03483
G1 X96.099 Y127.13 E99.04724
G1 X96.229 Y126.803 E99.05894
G1 X96.431 Y126.522 E99.07045
G1 X96.698 Y126.292 E99.08217
G1 X97.008 Y126.136 E99.09372
G1 X97.299 Y126.064 E99.10369
G1 X97.7 Y126.064 E99.11702
G1 X97.992 Y126.136 E99.12703
G1 X98.343 Y126.32 E99.14021
G1 X98.6 Y126.557 E99.15183
G1 X98.794 Y126.847 E99.16344
G1 X98.912 Y127.177 E99.1751
G1 X98.95 Y127.5 E99.18591
G1 X98.911 Y127.834 E99.1971
G1 X98.771 Y128.197 E99.21004
G1 X98.569 Y128.478 E99.22155
G1 X98.302 Y128.708 E99.23327
G1 X97.992 Y128.864 E99.24481
G1 X97.687 Y128.939 E99.25526
G1 F2700 E94.25526
G0 F7500 X98.273 Y129.288
G0 X98.999 Y128.286
G0 X99.143 Y127.904
G0 X99.193 Y127.5
G0 X99.143 Y127.096
G0 X98.999 Y126.714
G0 X98.811 Y126.442
G0 X97.749 Y125.478
G0 X97.749 Y94.522
G0 X97.7 Y93.936
G1 F2700 E99.25526
G1 F1350 X97.299 Y93.936 E99.2686
G1 X97.008 Y93.864 E99.27857
G1 X96.657 Y93.68 E99.29175
G1 X96.4 Y93.443 E99.30337
G1 X96.206 Y93.153 E99.31498
G1 X96.089 Y92.834 E99.32628
G1 X96.051 Y92.5 E99.33746
G1 X96.099 Y92.13 E99.34987
G1 X96.229 Y91.803 E99.36157
G1 X96.431 Y91.522 E99.37308
G1 X96.698 Y91.292 E99.38481
G1 X97.008 Y91.136 E99.39635
G1 X97.313 Y91.061 E99.4068
G1 X97.701 Y91.064 E99.4197
G1 X97.992 Y91.136 E99.42967
G1 X98.343 Y91.32 E99.44285
G1 X98.6 Y91.557 E99.45448
G1 X98.794 Y91.847 E99.46608
G1 X98.912 Y92.177 E99.47774
G1 X98.95 Y92.5 E99.48856
G1 X98.911 Y92.834 E99.49974
G1 X98.771 Y93.197 E99.51268
G1 X98.569 Y93.478 E99.52419
G1 X98.302 Y93.708 E99.53591
G1 X97.992 Y93.864 E99.54746
G1 X97.7 Y93.936 E99.55746
G1 F2700 E94.55746
G0 F7500 X97.819 Y94.421
G0 X100.2 Y94.522
G0 X100.04 Y131.539
;TYPE:SKIN
G1 F2700 E99.55746
G1 F1350 X94.961 Y131.539 E99.72639
G1 F1363.6 X94.958 Y128.125 E99.8388
G1 F1424.8 X94.943 Y127.5 E99.8585
G1 F1413.6 X94.962 Y126.39 E99.89377
G1 F1356.8 X94.96 Y109.757 E100.44422
G1 F1370.6 X94.958 Y93.124 E100.98913
G1 F1424.8 X94.943 Y92.5 E101.0088
G1 F1413.6 X94.962 Y91.39 E101.04407
G1 F1350 X94.961 Y88.461 E101.14149
G1 X100.04 Y88.46 E101.31041
G1 F1363.6 X100.044 Y91.979 E101.42629
G1 F1424.8 X100.058 Y92.5 E101.44271
G1 F1428.6 X100.044 Y93.018 E101.459
G1 F1377.6 X100.044 Y126.979 E102.56595
G1 F1424.8 X100.058 Y127.5 E102.58238
G1 F1428.6 X100.044 Y128.018 E102.59867
G1 F1363.6 X100.04 Y131.539 E102.7146
G1 F2700 E97.7146
G0 F7500 X100.038 Y131.799
G0 X100.2 Y129.288
G0 X99.216 Y128.606
G0 X97.775 Y129.699
G1 F2700 E102.7146
G1 F1350 X98.267 Y129.58 E102.73144
G1 X98.735 Y129.343 E102.74889
G1 X99.175 Y128.948 E102.76855
G1 X99.474 Y128.504 E102.78636
G1 F1363.6 X99.654 Y128.01 E102.80367
G1 F1424.8 X99.692 Y127.48 E102.82042
G1 X99.652 Y127 E102.8356
G1 F1363.6 X99.476 Y126.497 E102.85314
G1 F1350 X99.175 Y126.051 E102.87104
G1 X98.779 Y125.689 E102.88888
G1 X98.263 Y125.42 E102.90824
G1 X97.796 Y125.304 E102.92424
G1 X97.204 Y125.304 E102.94393
G1 X96.734 Y125.42 E102.96003
G1 X96.223 Y125.687 E102.97921
G1 X95.824 Y126.053 E102.99722
G1 X95.549 Y126.451 E103.01331
G1 F1388.2 X95.348 Y126.975 E103.03146
G1 F1451.6 X95.309 Y127.481 E103.04716
G1 F1421.1 X95.349 Y128.027 E103.06446
G1 F1360.2 X95.527 Y128.507 E103.08136
G1 F1350 X95.824 Y128.947 E103.09901
G1 X96.223 Y129.313 E103.11702
G1 X96.689 Y129.563 E103.13461
G1 X97.204 Y129.696 E103.1523
G1 X97.775 Y129.699 E103.17129
G1 F2700 E98.17129
G0 F7500 X98.273 Y129.288
G0 X98.999 Y128.286
G0 X99.143 Y127.904
G0 X99.193 Y127.5
G0 X99.143 Y127.096
G0 X98.999 Y126.714
G0 X98.811 Y126.442
G0 X97.749 Y125.478
G0 X97.749 Y94.521
G0 X97.796 Y94.696
G1 F2700 E103.17129
G1 F1350 X98.263 Y94.58 E103.1873
G1 X98.779 Y94.311 E103.20665
G1 X99.175 Y93.948 E103.22452
G1 X99.474 Y93.504 E103.24232
G1 F1363.6 X99.654 Y93.01 E103.25964
G1 F1424.8 X99.692 Y92.48 E103.27638
G1 X99.652 Y92 E103.29156
G1 F1363.6 X99.476 Y91.497 E103.30911
G1 F1350 X99.175 Y91.051 E103.327
G1 X98.736 Y90.659 E103.34658
G1 X98.311 Y90.437 E103.36253
G1 X97.796 Y90.304 E103.38022
G1 X97.225 Y90.301 E103.39921
G1 X96.732 Y90.42 E103.41608
G1 X96.266 Y90.657 E103.43347
G1 X95.824 Y91.053 E103.4532
G1 X95.549 Y91.451 E103.46929
G1 F1388.2 X95.348 Y91.975 E103.48745
G1 F1451.6 X95.309 Y92.481 E103.50315
G1 F1421.1 X95.349 Y93.027 E103.52044
G1 F1360.2 X95.527 Y93.507 E103.53734
G1 F1350 X95.824 Y93.947 E103.555
G1 X96.223 Y94.313 E103.57301
G1 X96.689 Y94.563 E103.5906
G1 X97.204 Y94.696 E103.60829
G1 X97.796 Y94.696 E103.62798
G1 F2700 E98.62798
G0 F7500 X97.739 Y94.441
G0 X96.539 Y93.893
G0 X96.233 Y93.622
G0 X96.001 Y93.286
G0 X95.857 Y92.904
G0 X95.807 Y92.5
G0 X95.857 Y92.096
G0 X96.001 Y91.714
G0 X96.349 Y91.273
G0 X96.198 Y90.926
G0 X94.801 Y90.926
G0 X95.161 Y89.252
G1 F2700 E103.62798
G1 F1350 X95.753 Y88.659 E103.65585
G0 F7500 X96.319 Y88.659
G1 F1350 X95.161 Y89.817 E103.71032
G0 F7500 X95.161 Y90.383
G1 F1350 X96.884 Y88.659 E103.79138
G0 F7500 X97.45 Y88.659
G1 F1350 X95.31 Y90.8 E103.89207
G1 X95.309 Y90.8
G1 X95.161 Y90.948 E103.89903
G0 F7500 X95.48 Y91.195
G1 F1350 X95.159 Y91.516 E103.91413
G1 F2700 E98.91413
G0 F7500 X94.701 Y91.516
G0 X94.801 Y90.865
G0 X95.727 Y91.509
G0 X96.221 Y90.454
G1 F2700 E103.91413
G1 F1350 X98.016 Y88.659 E103.99856
G0 F7500 X98.581 Y88.659
G1 F1350 X97.121 Y90.12 E104.06726
G0 F7500 X97.707 Y90.1
G1 F1350 X99.147 Y88.659 E104.13501
G0 F7500 X99.713 Y88.659
G1 F1350 X98.181 Y90.192 E104.2071
G0 F7500 X98.585 Y90.353
G1 F1350 X99.839 Y89.098 E104.2661
G0 F7500 X99.84 Y89.663
G1 F1350 X98.939 Y90.564 E104.30848
G0 F7500 X99.236 Y90.833
G1 F1350 X99.842 Y90.228 E104.33697
G0 F7500 X99.843 Y90.792
G1 F1350 X99.485 Y91.15 E104.3538
G0 F7500 X99.844 Y91.356
G1 F1350 X99.692 Y91.509 E104.36098
G1 F2700 E99.36098
G0 F7500 X99.24 Y91.611
G0 X99.368 Y93.274
G0 X100.2 Y93.274
G0 X99.839 Y93.625
G1 F2700 E104.36098
G1 F1350 X99.397 Y94.067 E104.38177
G1 X99.396 Y94.067
G1 X95.161 Y98.302 E104.58097
G0 F7500 X95.161 Y97.737
G1 F1350 X98.063 Y94.835 E104.71747
G0 F7500 X97.431 Y94.901
G1 F1350 X95.161 Y97.171 E104.82424
G0 F7500 X95.161 Y96.605
G1 F1350 X96.931 Y94.835 E104.9075
G0 F7500 X96.508 Y94.693
G1 F1350 X95.161 Y96.039 E104.97084
G0 F7500 X95.161 Y95.474
G1 F1350 X96.136 Y94.499 E105.0167
G0 F7500 X95.835 Y94.234
G1 F1350 X95.161 Y94.908 E105.0484
G0 F7500 X95.161 Y94.342
G1 F1350 X95.3 Y94.204 E105.05491
G1 X95.301 Y94.203
G1 X95.57 Y93.934 E105.06757
G0 F7500 X95.344 Y93.594
G1 F1350 X95.161 Y93.777 E105.07617
G0 F7500 X94.701 Y93.777
G0 X94.773 Y88.273
G0 X100.228 Y88.272
G0 X100.3 Y94.241
G0 X99.788 Y94.241
G1 F1350 X95.161 Y98.868 E105.29381
G0 F7500 X95.161 Y99.434
G1 F1350 X99.839 Y94.756 E105.51385
G0 F7500 X99.839 Y95.322
G1 F1350 X95.161 Y99.999 E105.73387
G0 F7500 X95.161 Y100.565
G1 F1350 X99.839 Y95.887 E105.95391
G0 F7500 X99.839 Y96.453
G1 F1350 X95.161 Y101.131 E106.17395
G0 F7500 X95.161 Y101.696
G1 F1350 X99.839 Y97.019 E106.39396
G0 F7500 X99.839 Y97.584
G1 F1350 X95.161 Y102.262 E106.614
G0 F7500 X95.161 Y102.828
G1 F1350 X99.839 Y98.15 E106.83404
G0 F7500 X99.839 Y98.716
G1 F1350 X95.161 Y103.393 E107.05405
G0 F7500 X95.161 Y103.959
G1 F1350 X99.839 Y99.282 E107.27407
G0 F7500 X99.839 Y99.847
G1 F1350 X95.161 Y104.525 E107.49411
G0 F7500 X95.161 Y105.09
G1 F1350 X99.839 Y100.413 E107.71412
G0 F7500 X99.839 Y100.979
G1 F1350 X95.161 Y105.656 E107.93414
G0 F7500 X95.161 Y106.222
G1 F1350 X99.839 Y101.544 E108.15418
G0 F7500 X99.839 Y102.11
G1 F1350 X95.161 Y106.787 E108.37419
G0 F7500 X95.161 Y107.353
G1 F1350 X99.839 Y102.676 E108.59421
G0 F7500 X99.839 Y103.241
G1 F1350 X95.161 Y107.919 E108.81425
G0 F7500 X95.161 Y108.485
G1 F1350 X99.839 Y103.807 E109.03429
G0 F7500 X99.839 Y104.373
G1 F1350 X95.161 Y109.05 E109.2543
G0 F7500 X95.161 Y109.616
G1 F1350 X99.839 Y104.938 E109.47434
G0 F7500 X99.839 Y105.504
G1 F1350 X95.162 Y110.181 E109.69433
G0 F7500 X95.162 Y110.747
G1 F1350 X99.839 Y106.07 E109.91432
G0 F7500 X99.839 Y106.635
G1 F1350 X95.162 Y111.312 E110.13431
G0 F7500 X95.162 Y111.878
G1 F1350 X99.839 Y107.201 E110.35431
G0 F7500 X99.839 Y107.767
G1 F1350 X95.162 Y112.444 E110.5743
G0 F7500 X95.162 Y113.009
G1 F1350 X99.839 Y108.333 E110.79427
G0 F7500 X99.839 Y108.898
G1 F1350 X95.162 Y113.575 E111.01426
G0 F7500 X95.162 Y114.141
G1 F1350 X99.839 Y109.464 E111.23425
G0 F7500 X99.839 Y110.029
G1 F1350 X95.162 Y114.706 E111.45424
G0 F7500 X95.162 Y115.272
G1 F1350 X99.839 Y110.595 E111.67423
G0 F7500 X99.839 Y111.16
G1 F1350 X95.162 Y115.838 E111.89425
G0 F7500 X95.162 Y116.403
G1 F1350 X99.839 Y111.726 E112.11424
G0 F7500 X99.839 Y112.292
G1 F1350 X95.162 Y116.969 E112.33423
G0 F7500 X95.162 Y117.535
G1 F1350 X99.839 Y112.857 E112.55425
G0 F7500 X99.839 Y113.423
G1 F1350 X95.162 Y118.1 E112.77424
G0 F7500 X95.162 Y118.666
G1 F1350 X99.839 Y113.989 E112.99423
G0 F7500 X99.839 Y114.554
G1 F1350 X95.162 Y119.232 E113.21425
G0 F7500 X95.162 Y119.798
G1 F1350 X99.839 Y115.12 E113.43426
G0 F7500 X99.839 Y115.686
G1 F1350 X95.162 Y120.363 E113.65425
G0 F7500 X95.162 Y120.929
G1 F1350 X99.839 Y116.251 E113.87427
G0 F7500 X99.839 Y116.817
G1 F1350 X95.162 Y121.495 E114.09428
G0 F7500 X95.162 Y122.06
G1 F1350 X99.839 Y117.383 E114.31428
G0 F7500 X99.839 Y117.948
G1 F1350 X95.162 Y122.626 E114.53429
G0 F7500 X95.162 Y123.192
G1 F1350 X99.839 Y118.514 E114.75431
G0 F7500 X99.839 Y119.08
G1 F1350 X95.162 Y123.757 E114.9743
G0 F7500 X95.162 Y124.323
G1 F1350 X99.839 Y119.646 E115.19429
G0 F7500 X99.839 Y120.211
G1 F1350 X95.162 Y124.889 E115.4143
G0 F7500 X95.162 Y125.454
G1 F1350 X99.839 Y120.777 E115.6343
G0 F7500 X99.839 Y121.343
G1 F1350 X95.361 Y125.821 E115.84493
G1 X95.162 Y126.02 E115.85429
G0 F7500 X95.345 Y126.403
G1 F1350 X95.158 Y126.589 E115.86306
G0 F7500 X94.701 Y126.589
G0 X94.701 Y128.229
G0 X95.216 Y128.229
G1 F1350 X95.157 Y128.288 E115.86584
G0 F7500 X95.368 Y128.642
G1 F1350 X95.161 Y128.849 E115.87557
G0 F7500 X95.431 Y129.145
G1 F1350 X95.6 Y128.976 E115.88352
G0 F7500 X95.43 Y129.146
G1 F1350 X95.161 Y129.415 E115.89617
G0 F7500 X95.161 Y129.981
G1 F1350 X95.874 Y129.268 E115.92971
G0 F7500 X96.184 Y129.524
G1 F1350 X95.161 Y130.546 E115.97781
G0 F7500 X95.161 Y131.112
G1 F1350 X96.556 Y129.718 E116.0434
G0 F7500 X96.991 Y129.848
G1 F1350 X95.501 Y131.338 E116.11349
G0 F7500 X96.066 Y131.338
G1 F1350 X97.508 Y129.896 E116.18131
G0 F7500 X98.161 Y129.809
G1 F1350 X96.632 Y131.338 E116.25323
G0 F7500 X97.198 Y131.338
G1 F1350 X99.446 Y129.09 E116.35897
G1 X99.447 Y129.089
G1 X99.839 Y128.696 E116.37743
G0 F7500 X99.838 Y129.264
G1 F1350 X97.763 Y131.338 E116.47501
G0 F7500 X98.329 Y131.338
G1 F1350 X99.839 Y129.828 E116.54604
G0 F7500 X99.839 Y130.394
G1 F1350 X98.895 Y131.338 E116.59044
G0 F7500 X99.46 Y131.338
G1 F1350 X99.839 Y130.959 E116.60827
G1 F2700 E111.60827
G0 F7500 X99.837 Y131.799
G0 X99.238 Y131.719
G0 X99.026 Y128.848
G0 X99.712 Y126.561
G1 F2700 E116.60827
G1 F1350 X99.84 Y126.433 E116.61429
G0 F7500 X99.516 Y126.191
G1 F1350 X99.84 Y125.867 E116.62953
G0 F7500 X99.839 Y125.302
G1 F1350 X99.274 Y125.867 E116.6561
G0 F7500 X98.977 Y125.599
G1 F1350 X99.839 Y124.737 E116.69665
G0 F7500 X99.839 Y124.171
G1 F1350 X98.632 Y125.379 E116.75345
G0 F7500 X98.237 Y125.208
G1 F1350 X99.839 Y123.605 E116.82882
G0 F7500 X99.839 Y123.04
G1 F1350 X97.781 Y125.098 E116.92562
G0 F7500 X97.215 Y125.098
G1 F1350 X99.839 Y122.474 E117.04905
G0 F7500 X99.839 Y121.908
G1 F1350 X96.372 Y125.375 E117.21213
G1 F2700 E112.21213
G0 F7500 X96.586 Y125.785
G0 X97.704 Y125.82
G0 X98.1 Y125.917
G0 X98.461 Y126.107
G0 X98.709 Y126.327
G0 X99.53 Y127.5
G0 X119.42 Y127.5
G0 X119.6 Y131.9
;TYPE:WALL-INNER
G1 F2700 E117.21213
G1 F1350 X125.4 Y131.9 E117.40504
G1 X125.4 Y88.1 E118.86183
G1 X119.6 Y88.1 E119.05474
G1 X119.6 Y131.9 E120.51153
G0 F7500 X119.2 Y132.3
;TYPE:WALL-OUTER
G1 F1350 X125.8 Y132.3 E120.73105
G1 X125.8 Y87.7 E122.21445
G1 X119.2 Y87.7 E122.43397
G1 X119.2 Y132.3 E123.91737
G0 F7500 X119.47 Y132.03
G0 X119.7 Y131.54
G0 X119.96 Y131.54
;TYPE:SKIN
G1 F1350 X119.96 Y88.46 E125.35022
G1 X125.04 Y88.46 E125.51918
G1 X125.04 Y131.54 E126.95202
G1 X119.96 Y131.54 E127.12099
G0 F7500 X119.7 Y131.54
G0 X124.35 Y131.8
G0 X124.35 Y131.339
G1 F1350 X124.839 Y130.85 E127.14399
G0 F7500 X124.839 Y130.284
G1 F1350 X123.784 Y131.339 E127.19361
G0 F7500 X123.219 Y131.339
G1 F1350 X124.839 Y129.718 E127.26983
G0 F7500 X124.839 Y129.153
G1 F1350 X122.653 Y131.339 E127.37266
G0 F7500 X122.087 Y131.339
G1 F1350 X124.839 Y128.587 E127.5021
G0 F7500 X124.839 Y128.021
G1 F1350 X121.521 Y131.339 E127.65817
G0 F7500 X120.956 Y131.339
G1 F1350 X124.839 Y127.455 E127.84084
G0 F7500 X124.839 Y126.89
G1 F1350 X120.39 Y131.339 E128.05011
G0 F7500 X120.16 Y131.004
G1 F1350 X124.839 Y126.324 E128.27022
G0 F7500 X124.839 Y125.758
G1 F1350 X120.16 Y130.438 E128.49033
G0 F7500 X120.16 Y129.872
G1 F1350 X124.839 Y125.193 E128.71041
G0 F7500 X124.839 Y124.627
G1 F1350 X120.16 Y129.307 E128.93052
G0 F7500 X120.16 Y128.741
G1 F1350 X124.839 Y124.061 E129.15063
G0 F7500 X124.839 Y123.496
G1 F1350 X120.16 Y128.175 E129.37072
G0 F7500 X120.16 Y127.61
G1 F1350 X124.839 Y122.93 E129.59083
G0 F7500 X124.839 Y122.364
G1 F1350 X120.16 Y127.044 E129.81093
G0 F7500 X120.16 Y126.478
G1 F1350 X124.839 Y121.799 E130.03102
G0 F7500 X124.839 Y121.233
G1 F1350 X120.16 Y125.913 E130.25113
G0 F7500 X120.16 Y125.347
G1 F1350 X124.839 Y120.667 E130.47124
G0 F7500 X124.839 Y120.102
G1 F1350 X120.16 Y124.781 E130.69132
G0 F7500 X120.16 Y124.216
G1 F1350 X124.839 Y119.536 E130.91143
G0 F7500 X124.839 Y118.97
G1 F1350 X120.16 Y123.65 E131.13154
G0 F7500 X120.16 Y123.084
G1 F1350 X124.839 Y118.405 E131.35163
G0 F7500 X124.839 Y117.839
G1 F1350 X120.16 Y122.518 E131.57172
G0 F7500 X120.16 Y121.953
G1 F1350 X124.839 Y117.273 E131.79182
G0 F7500 X124.839 Y116.707
G1 F1350 X120.16 Y121.387 E132.01193
G0 F7500 X120.16 Y120.821
G1 F1350 X124.839 Y116.142 E132.23202
G0 F7500 X124.839 Y115.576
G1 F1350 X120.16 Y120.256 E132.45213
G0 F7500 X120.16 Y119.69
G1 F1350 X124.839 Y115.01 E132.67224
G0 F7500 X124.839 Y114.445
G1 F1350 X120.16 Y119.124 E132.89232
G0 F7500 X120.16 Y118.559
G1 F1350 X124.839 Y113.879 E133.11243
G0 F7500 X124.839 Y113.313
G1 F1350 X120.16 Y117.993 E133.33254
G0 F7500 X120.16 Y117.427
G1 F1350 X124.839 Y112.748 E133.55263
G0 F7500 X124.839 Y112.182
G1 F1350 X120.16 Y116.862 E133.77274
G0 F7500 X120.16 Y116.296
G1 F1350 X124.839 Y111.616 E133.99285
G0 F7500 X124.839 Y111.051
G1 F1350 X120.16 Y115.73 E134.21293
G0 F7500 X120.16 Y115.165
G1 F1350 X124.839 Y110.485 E134.43304
G0 F7500 X124.839 Y109.919
G1 F1350 X120.16 Y114.599 E134.65315
G0 F7500 X120.16 Y114.033
G1 F1350 X124.839 Y109.354 E134.87324
G0 F7500 X124.839 Y108.788
G1 F1350 X120.16 Y113.468 E135.09335
G0 F7500 X120.16 Y112.902
G1 F1350 X124.839 Y108.222 E135.31346
G0 F7500 X124.839 Y107.657
G1 F1350 X120.16 Y112.336 E135.53354
G0 F7500 X120.16 Y111.77
G1 F1350 X124.839 Y107.091 E135.75363
G0 F7500 X124.839 Y106.525
G1 F1350 X120.16 Y111.205 E135.97374
G0 F7500 X120.16 Y110.639
G1 F1350 X124.839 Y105.959 E136.19385
G0 F7500 X124.839 Y105.394
G1 F1350 X120.16 Y110.073 E136.41393
G0 F7500 X120.16 Y109.508
G1 F1350 X124.839 Y104.828 E136.63404
G0 F7500 X124.839 Y104.262
G1 F1350 X120.16 Y108.942 E136.85415
G0 F7500 X120.16 Y108.376
G1 F1350 X124.839 Y103.697 E137.07424
G0 F7500 X124.839 Y103.131
G1 F1350 X120.16 Y107.811 E137.29435
G0 F7500 X120.16 Y107.245
G1 F1350 X124.839 Y102.565 E137.51446
G0 F7500 X124.839 Y102
G1 F1350 X120.16 Y106.679 E137.73454
G0 F7500 X120.16 Y106.114
G1 F1350 X124.839 Y101.434 E137.95465
G0 F7500 X124.839 Y100.868
G1 F1350 X120.16 Y105.548 E138.17476
G0 F7500 X120.16 Y104.982
G1 F1350 X124.839 Y100.303 E138.39485
G0 F7500 X124.839 Y99.737
G1 F1350 X120.16 Y104.417 E138.61496
G0 F7500 X120.16 Y103.851
G1 F1350 X124.839 Y99.171 E138.83506
G0 F7500 X124.839 Y98.606
G1 F1350 X120.16 Y103.285 E139.05515
G0 F7500 X120.16 Y102.719
G1 F1350 X124.839 Y98.04 E139.27524
G0 F7500 X124.839 Y97.474
G1 F1350 X120.16 Y102.154 E139.49535
G0 F7500 X120.16 Y101.588
G1 F1350 X124.839 Y96.908 E139.71545
G0 F7500 X124.839 Y96.343
G1 F1350 X120.16 Y101.022 E139.93554
G0 F7500 X120.16 Y100.457
G1 F1350 X124.839 Y95.777 E140.15565
G0 F7500 X124.839 Y95.211
G1 F1350 X120.16 Y99.891 E140.37576
G0 F7500 X120.16 Y99.325
G1 F1350 X124.839 Y94.646 E140.59585
G0 F7500 X124.839 Y94.08
G1 F1350 X120.16 Y98.76 E140.81595
G0 F7500 X120.16 Y98.194
G1 F1350 X124.839 Y93.514 E141.03606
G0 F7500 X124.839 Y92.949
G1 F1350 X120.16 Y97.628 E141.25615
G0 F7500 X120.16 Y97.063
G1 F1350 X124.839 Y92.383 E141.47626
G0 F7500 X124.839 Y91.817
G1 F1350 X120.16 Y96.497 E141.69637
G0 F7500 X120.16 Y95.931
G1 F1350 X124.839 Y91.252 E141.91645
G0 F7500 X124.839 Y90.686
G1 F1350 X120.16 Y95.366 E142.13656
G0 F7500 X120.16 Y94.8
G1 F1350 X124.839 Y90.12 E142.35667
G0 F7500 X124.839 Y89.555
G1 F1350 X120.16 Y94.234 E142.57676
G0 F7500 X120.16 Y93.669
G1 F1350 X124.839 Y88.989 E142.79687
G0 F7500 X124.603 Y88.659
G1 F1350 X120.16 Y93.103 E143.00588
G0 F7500 X120.16 Y92.537
G1 F1350 X124.037 Y88.659 E143.18826
G0 F7500 X123.472 Y88.659
G1 F1350 X120.16 Y91.971 E143.34405
G0 F7500 X120.16 Y91.406
G1 F1350 X122.906 Y88.659 E143.47324
G0 F7500 X122.34 Y88.659
G1 F1350 X120.16 Y90.84 E143.5758
G0 F7500 X120.16 Y90.274
G1 F1350 X121.775 Y88.659 E143.65176
G0 F7500 X121.209 Y88.659
G1 F1350 X120.16 Y89.709 E143.70113
G0 F7500 X120.16 Y89.143
G1 F1350 X120.643 Y88.659 E143.72387
G1 F2700 E138.72387
;MESH:NONMESH
G0 F300 X120.643 Y88.659 Z0.6
G0 F7500 X120.643 Y88.2
G0 X119.772 Y88.272
G0 X119.42 Y107.773
G0 X118.335 Y107.773
G0 X101.653 Y86.847
G0 X93.347 Y86.847
G0 X91.387 Y107.047
G0 X91.857 Y107.773
;TIME_ELAPSED:269.801035
;LAYER:2
M106 S170
;TYPE:SUPPORT
G1 F2700 E143.72387
G1 F1500 X92.2 Y107.551 E143.73746
G1 X92.493 Y107.447 E143.7478
G1 X92.844 Y107.44 E143.75948
G1 X92.878 Y107.508 E143.76201
G1 X93 Y107.551 E143.76631
G1 X93 Y112.47 E143.92992
G1 X92.873 Y112.552 E143.93494
G1 X92.514 Y112.552 E143.94688
G1 X92.107 Y112.413 E143.96119
G1 X91.775 Y112.117 E143.97598
G1 X91.234 Y111.426 E144.00517
G1 X91.048 Y110.97 E144.02155
G1 X91.001 Y110.664 E144.03185
G1 X91 Y109.236 E144.07934
G1 X91.091 Y108.884 E144.09144
G1 X91.22 Y108.591 E144.10208
G1 X91.375 Y108.374 E144.11095
G1 X91.857 Y107.773 E144.13658
G1 X92 Y107.775
G1 X92 Y112.21 E144.28409
G0 F9000 X91.783 Y112
G1 F1500 X92.92 Y112 E144.3219
G1 F2700 E139.3219
G0 F9000 X92.92 Y113.417
G0 X92.371 Y113.416
G0 X91.851 Y113.239
G0 X91.519 Y113.048
G0 X91.139 Y112.709
G0 X90.479 Y111.866
G0 X90.209 Y111.203
G0 X90.137 Y110.73
G0 X90.136 Y109.124
G0 X90.27 Y108.604
G0 X90.465 Y108.161
G0 X91.272 Y107.122
G0 X91.811 Y106.773
G0 X92.237 Y106.62
G0 X92.897 Y106.574
G0 X92.92 Y108
G1 F2700 E144.3219
G1 F1500 X91.778 Y108 E144.35989
G1 F2700 E139.35989
;MESH:Garmin_GFC500 Wheel Support - Wheel Spacer.stl
G0 F9000 X96.776 Y94.405
G0 X97.727 Y94.341
;TYPE:WALL-INNER
G1 F2700 E144.35989
G1 F1500 X97.272 Y94.341 E144.37502
G1 X96.843 Y94.235 E144.38972
G1 X96.448 Y94.029 E144.40453
G1 X96.109 Y93.726 E144.41966
G1 X95.857 Y93.361 E144.43441
G1 X95.7 Y92.945 E144.4492
G1 X95.651 Y92.5 E144.46409
G1 X95.699 Y92.058 E144.47888
G1 X95.857 Y91.638 E144.4938
G1 X96.109 Y91.274 E144.50853
G1 X96.449 Y90.97 E144.5237
G1 X96.847 Y90.764 E144.5386
G1 X97.244 Y90.667 E144.55219
G1 X97.723 Y90.658 E144.56813
G1 X98.155 Y90.765 E144.58293
G1 X98.554 Y90.973 E144.5979
G1 X98.891 Y91.274 E144.61292
G1 X99.142 Y91.637 E144.6276
G1 X99.302 Y92.061 E144.64268
G1 X99.35 Y92.5 E144.65736
G1 X99.302 Y92.937 E144.67199
G1 X99.142 Y93.362 E144.68709
G1 X98.891 Y93.726 E144.7018
G1 X98.555 Y94.026 E144.71678
G1 X98.158 Y94.235 E144.7317
G1 X97.727 Y94.341 E144.74646
G1 F2700 E139.74646
G0 F9000 X97.752 Y94.438
G0 X97.749 Y125.478
G0 X97.756 Y129.333
G1 F2700 E144.74646
G1 F1500 X97.278 Y129.342 E144.76236
G1 X96.846 Y129.236 E144.77716
G1 X96.449 Y129.03 E144.79203
G1 X96.109 Y128.726 E144.8072
G1 X95.857 Y128.361 E144.82196
G1 X95.7 Y127.945 E144.83675
G1 X95.651 Y127.5 E144.85164
G1 X95.699 Y127.058 E144.86642
G1 X95.857 Y126.639 E144.88132
G1 X96.109 Y126.274 E144.89607
G1 X96.448 Y125.971 E144.91119
G1 X96.843 Y125.765 E144.92601
G1 X97.272 Y125.659 E144.94071
G1 X97.727 Y125.659 E144.95584
G1 X98.157 Y125.765 E144.97057
G1 X98.555 Y125.974 E144.98552
G1 X98.891 Y126.274 E145.0005
G1 X99.142 Y126.637 E145.01518
G1 X99.302 Y127.061 E145.03025
G1 X99.35 Y127.5 E145.04494
G1 X99.302 Y127.937 E145.05957
G1 X99.142 Y128.362 E145.07467
G1 X98.891 Y128.726 E145.08938
G1 X98.554 Y129.027 E145.1044
G1 X98.154 Y129.236 E145.11941
G1 X97.756 Y129.333 E145.13304
G1 F2700 E140.13304
G0 F9000 X98.273 Y129.288
G0 X98.657 Y129.178
G0 X100.2 Y129.178
G0 X100.4 Y131.9
G1 F2700 E145.13304
G1 F1500 X100.4 Y88.1 E146.58983
G1 X94.601 Y88.101 E146.78271
G1 X94.601 Y131.899 E148.23944
G1 X100.4 Y131.9 E148.43231
G0 F9000 X100.8 Y132.3
;TYPE:WALL-OUTER
G1 F1500 X100.8 Y87.7 E149.91571
G1 X94.201 Y87.701 E150.1352
G1 X94.201 Y132.299 E151.61853
G1 X100.8 Y132.3 E151.83802
G1 F2700 E146.83802
G0 F9000 X100.53 Y132.03
G0 X100.2 Y129.288
G0 X99.216 Y128.606
G0 X97.687 Y128.939
G1 F2700 E151.83802
G1 F1500 X97.299 Y128.936 E151.85092
G1 X97.008 Y128.864 E151.86089
G1 X96.657 Y128.68 E151.87407
G1 X96.4 Y128.443 E151.8857
G1 X96.206 Y128.153 E151.89731
G1 X96.089 Y127.834 E151.90861
G1 X96.051 Y127.5 E151.91979
G1 X96.099 Y127.13 E151.9322
G1 X96.229 Y126.803 E151.9439
G1 X96.431 Y126.522 E151.95541
G1 X96.698 Y126.292 E151.96713
G1 X97.008 Y126.136 E151.97867
G1 X97.299 Y126.064 E151.98865
G1 X97.7 Y126.064 E152.00198
G1 X97.992 Y126.136 E152.01199
G1 X98.343 Y126.32 E152.02517
G1 X98.6 Y126.557 E152.03679
G1 X98.794 Y126.847 E152.0484
G1 X98.912 Y127.177 E152.06006
G1 X98.95 Y127.5 E152.07087
G1 X98.911 Y127.834 E152.08206
G1 X98.771 Y128.197 E152.095
G1 X98.569 Y128.478 E152.10651
G1 X98.302 Y128.708 E152.11823
G1 X97.992 Y128.864 E152.12977
G1 X97.687 Y128.939 E152.14022
G1 F2700 E147.14022
G0 F9000 X98.273 Y129.288
G0 X98.999 Y128.286
G0 X99.143 Y127.904
G0 X99.193 Y127.5
G0 X99.143 Y127.096
G0 X98.999 Y126.714
G0 X98.811 Y126.442
G0 X97.749 Y125.478
G0 X97.749 Y94.522
G0 X97.7 Y93.936
G1 F2700 E152.14022
G1 F1500 X97.299 Y93.936 E152.15356
G1 X97.008 Y93.864 E152.16353
G1 X96.657 Y93.68 E152.17671
G1 X96.4 Y93.443 E152.18833
G1 X96.206 Y93.153 E152.19994
G1 X96.089 Y92.834 E152.21124
G1 X96.051 Y92.5 E152.22242
G1 X96.099 Y92.13 E152.23483
G1 X96.229 Y91.803 E152.24653
G1 X96.431 Y91.522 E152.25804
G1 X96.698 Y91.292 E152.26977
G1 X97.008 Y91.136 E152.28131
G1 X97.313 Y91.061 E152.29175
G1 X97.701 Y91.064 E152.30466
G1 X97.992 Y91.136 E152.31463
G1 X98.343 Y91.32 E152.32781
G1 X98.6 Y91.557 E152.33944
G1 X98.794 Y91.847 E152.35104
G1 X98.912 Y92.177 E152.3627
G1 X98.95 Y92.5 E152.37352
G1 X98.911 Y92.834 E152.3847
G1 X98.771 Y93.197 E152.39764
G1 X98.569 Y93.478 E152.40915
G1 X98.302 Y93.708 E152.42087
G1 X97.992 Y93.864 E152.43242
G1 X97.7 Y93.936 E152.44242
G1 F2700 E147.44242
G0 F9000 X97.819 Y94.421
G0 X100.2 Y94.522
G0 X100.04 Y131.539
;TYPE:SKIN
G1 F2700 E152.44242
G1 F1500 X94.961 Y131.539 E152.61135
G1 F1515.2 X94.958 Y128.125 E152.72376
G1 F1583.1 X94.943 Y127.5 E152.74346
G1 F1570.7 X94.962 Y126.39 E152.77873
G1 F1507.5 X94.96 Y109.757 E153.32918
G1 F1522.8 X94.958 Y93.124 E153.87409
G1 F1583.1 X94.943 Y92.5 E153.89376
G1 F1570.7 X94.962 Y91.39 E153.92903
G1 F1500 X94.961 Y88.461 E154.02645
G1 X100.04 Y88.46 E154.19537
G1 F1515.2 X100.044 Y91.979 E154.31125
G1 F1583.1 X100.058 Y92.5 E154.32767
G1 F1587.3 X100.044 Y93.018 E154.34396
G1 F1530.6 X100.044 Y126.979 E155.45091
G1 F1583.1 X100.058 Y127.5 E155.46734
G1 F1587.3 X100.044 Y128.018 E155.48363
G1 F1515.2 X100.04 Y131.539 E155.59956
G1 F2700 E150.59956
G0 F9000 X100.038 Y131.799
G0 X100.2 Y129.288
G0 X99.216 Y128.606
G0 X97.775 Y129.699
G1 F2700 E155.59956
G1 F1500 X98.267 Y129.58 E155.6164
G1 X98.735 Y129.343 E155.63385
G1 X99.175 Y128.948 E155.65351
G1 X99.474 Y128.504 E155.67132
G1 F1515.2 X99.654 Y128.01 E155.68863
G1 F1583.1 X99.692 Y127.48 E155.70538
G1 X99.652 Y127 E155.72055
G1 F1515.2 X99.476 Y126.497 E155.7381
G1 F1500 X99.175 Y126.051 E155.756
G1 X98.779 Y125.689 E155.77384
G1 X98.263 Y125.42 E155.7932
G1 X97.796 Y125.304 E155.8092
G1 X97.204 Y125.304 E155.82889
G1 X96.734 Y125.42 E155.84499
G1 X96.223 Y125.687 E155.86417
G1 X95.824 Y126.053 E155.88218
G1 X95.549 Y126.451 E155.89827
G1 F1542.4 X95.348 Y126.975 E155.91642
G1 F1612.9 X95.309 Y127.481 E155.93212
G1 F1578.9 X95.349 Y128.027 E155.94942
G1 F1511.3 X95.527 Y128.507 E155.96632
G1 F1500 X95.824 Y128.947 E155.98397
G1 X96.223 Y129.313 E156.00198
G1 X96.689 Y129.563 E156.01957
G1 X97.204 Y129.696 E156.03726
G1 X97.775 Y129.699 E156.05625
G1 F2700 E151.05625
G0 F9000 X98.273 Y129.288
G0 X98.999 Y128.286
G0 X99.143 Y127.904
G0 X99.193 Y127.5
G0 X99.143 Y127.096
G0 X98.999 Y126.714
G0 X98.811 Y126.442
G0 X97.749 Y125.478
G0 X97.749 Y94.521
G0 X97.796 Y94.696
G1 F2700 E156.05625
G1 F1500 X98.263 Y94.58 E156.07226
G1 X98.779 Y94.311 E156.09161
G1 X99.175 Y93.948 E156.10948
G1 X99.474 Y93.504 E156.12728
G1 F1515.2 X99.654 Y93.01 E156.1446
G1 F1583.1 X99.692 Y92.48 E156.16134
G1 X99.652 Y92 E156.17652
G1 F1515.2 X99.476 Y91.497 E156.19407
G1 F1500 X99.175 Y91.051 E156.21196
G1 X98.736 Y90.659 E156.23154
G1 X98.311 Y90.437 E156.24749
G1 X97.796 Y90.304 E156.26518
G1 X97.225 Y90.301 E156.28417
G1 X96.732 Y90.42 E156.30104
G1 X96.266 Y90.657 E156.31843
G1 X95.824 Y91.053 E156.33816
G1 X95.549 Y91.451 E156.35425
G1 F1542.4 X95.348 Y91.975 E156.37241
G1 F1612.9 X95.309 Y92.481 E156.38811
G1 F1578.9 X95.349 Y93.027 E156.4054
G1 F1511.3 X95.527 Y93.507 E156.4223
G1 F1500 X95.824 Y93.947 E156.43996
G1 X96.223 Y94.313 E156.45797
G1 X96.689 Y94.563 E156.47556
G1 X97.204 Y94.696 E156.49325
G1 X97.796 Y94.696 E156.51294
G1 F2700 E151.51294
G0 F9000 X97.739 Y94.441
G0 X98.767 Y93.622
G0 X98.999 Y93.286
G0 X99.143 Y92.904
G0 X99.193 Y92.5
G0 X99.143 Y92.096
G0 X98.224 Y90.595
G0 X98.224 Y88.3
G0 X99.408 Y88.66
G1 F2700 E156.51294
G1 F1500 X99.84 Y89.092 E156.53326
G0 F9000 X99.841 Y89.659
G1 F1500 X98.842 Y88.66 E156.58025
G0 F9000 X98.277 Y88.66
G1 F1500 X99.842 Y90.226 E156.65388
G0 F9000 X99.806 Y90.755
G1 F1500 X97.711 Y88.66 E156.75243
G0 F9000 X97.145 Y88.66
G1 F1500 X99.415 Y90.93 E156.8592
G1 X99.416 Y90.931
G1 X99.845 Y91.36 E156.87938
G0 F9000 X99.237 Y91.604
G0 X99.269 Y93.312
G0 X99.695 Y93.473
G1 F1500 X99.839 Y93.616 E156.88613
G0 F9000 X99.493 Y93.836
G1 F1500 X99.839 Y94.182 E156.9024
G0 F9000 X99.839 Y94.748
G1 F1500 X99.248 Y94.157 E156.9302
G0 F9000 X98.951 Y94.425
G1 F1500 X99.839 Y95.314 E156.97199
G0 F9000 X99.839 Y95.88
G1 F1500 X98.597 Y94.637 E157.03044
G0 F9000 X98.196 Y94.802
G1 F1500 X99.839 Y96.445 E157.10772
G0 F9000 X99.839 Y97.011
G1 F1500 X97.729 Y94.901 E157.20697
G0 F9000 X97.153 Y94.89
G1 F1500 X99.839 Y97.577 E157.33333
G0 F9000 X99.839 Y98.142
G1 F1500 X96.264 Y94.567 E157.50149
G0 F9000 X96.479 Y94.159
G0 X95.707 Y93.496
G0 X94.801 Y93.496
G0 X95.325 Y94.193
G1 F1500 X99.839 Y98.708 E157.71384
G0 F9000 X99.839 Y99.274
G1 F1500 X95.161 Y94.595 E157.9339
G0 F9000 X95.324 Y94.192
G1 F1500 X95.161 Y94.029 E157.94157
G0 F9000 X95.434 Y93.737
G1 F1500 X95.158 Y93.461 E157.95455
G0 F9000 X94.701 Y93.461
G0 X94.701 Y95.161
G0 X95.161 Y95.161
G1 F1500 X99.839 Y99.839 E158.17459
G0 F9000 X99.839 Y100.405
G1 F1500 X95.161 Y95.726 E158.39465
G0 F9000 X95.161 Y96.292
G1 F1500 X99.839 Y100.971 E158.61471
G0 F9000 X99.839 Y101.536
G1 F1500 X95.161 Y96.858 E158.83475
G0 F9000 X95.161 Y97.423
G1 F1500 X99.839 Y102.102 E159.05481
G0 F9000 X99.839 Y102.668
G1 F1500 X95.161 Y97.989 E159.27488
G0 F9000 X95.161 Y98.555
G1 F1500 X99.839 Y103.234 E159.49494
G0 F9000 X99.839 Y103.799
G1 F1500 X95.161 Y99.12 E159.715
G0 F9000 X95.161 Y99.686
G1 F1500 X99.839 Y104.365 E159.93506
G0 F9000 X99.839 Y104.931
G1 F1500 X95.161 Y100.252 E160.15512
G0 F9000 X95.161 Y100.817
G1 F1500 X99.839 Y105.496 E160.37519
G0 F9000 X99.839 Y106.062
G1 F1500 X95.161 Y101.383 E160.59525
G0 F9000 X95.161 Y101.949
G1 F1500 X99.839 Y106.628 E160.81531
G0 F9000 X99.839 Y107.193
G1 F1500 X95.161 Y102.514 E161.03537
G0 F9000 X95.161 Y103.08
G1 F1500 X99.839 Y107.759 E161.25544
G0 F9000 X99.839 Y108.325
G1 F1500 X95.161 Y103.646 E161.4755
G0 F9000 X95.161 Y104.211
G1 F1500 X99.839 Y108.89 E161.69556
G0 F9000 X99.839 Y109.456
G1 F1500 X95.161 Y104.777 E161.91562
G0 F9000 X95.161 Y105.343
G1 F1500 X99.84 Y110.022 E162.13571
G0 F9000 X99.84 Y110.588
G1 F1500 X95.161 Y105.909 E162.35579
G0 F9000 X95.161 Y106.474
G1 F1500 X99.84 Y111.154 E162.5759
G0 F9000 X99.84 Y111.72
G1 F1500 X95.161 Y107.04 E162.79601
G0 F9000 X95.161 Y107.606
G1 F1500 X99.84 Y112.285 E163.0161
G0 F9000 X99.84 Y112.851
G1 F1500 X95.161 Y108.171 E163.23621
G0 F9000 X95.161 Y108.737
G1 F1500 X99.84 Y113.417 E163.45632
G0 F9000 X99.84 Y113.982
G1 F1500 X95.161 Y109.303 E163.6764
G0 F9000 X95.161 Y109.868
G1 F1500 X99.84 Y114.548 E163.89651
G0 F9000 X99.84 Y115.114
G1 F1500 X95.161 Y110.435 E164.1166
G0 F9000 X95.161 Y111
G1 F1500 X99.84 Y115.679 E164.33668
G0 F9000 X99.84 Y116.245
G1 F1500 X95.161 Y111.566 E164.55677
G0 F9000 X95.161 Y112.132
G1 F1500 X99.84 Y116.811 E164.77686
G0 F9000 X99.84 Y117.376
G1 F1500 X95.161 Y112.697 E164.99694
G0 F9000 X95.161 Y113.263
G1 F1500 X99.84 Y117.942 E165.21703
G0 F9000 X99.84 Y118.508
G1 F1500 X95.161 Y113.829 E165.43711
G0 F9000 X95.161 Y114.395
G1 F1500 X99.84 Y119.073 E165.65718
G0 F9000 X99.84 Y119.639
G1 F1500 X95.161 Y114.96 E165.87726
G0 F9000 X95.161 Y115.526
G1 F1500 X99.84 Y120.205 E166.09735
G0 F9000 X99.84 Y120.771
G1 F1500 X95.161 Y116.092 E166.31743
G0 F9000 X95.161 Y116.657
G1 F1500 X99.84 Y121.336 E166.53752
G0 F9000 X99.84 Y121.902
G1 F1500 X95.161 Y117.223 E166.75761
G0 F9000 X95.161 Y117.789
G1 F1500 X99.84 Y122.468 E166.97769
G0 F9000 X99.84 Y123.033
G1 F1500 X95.161 Y118.354 E167.19778
G0 F9000 X95.161 Y118.92
G1 F1500 X99.84 Y123.599 E167.41786
G0 F9000 X99.84 Y124.165
G1 F1500 X95.161 Y119.486 E167.63795
G0 F9000 X95.161 Y120.051
G1 F1500 X99.84 Y124.73 E167.85803
G0 F9000 X99.84 Y125.296
G1 F1500 X95.161 Y120.617 E168.07812
G0 F9000 X95.161 Y121.183
G1 F1500 X99.752 Y125.774 E168.29407
G1 X99.753 Y125.775
G1 X99.84 Y125.862 E168.29816
G0 F9000 X99.32 Y125.907
G1 F1500 X95.161 Y121.748 E168.49379
G0 F9000 X95.161 Y122.314
G1 F1500 X97.993 Y125.146 E168.62699
G0 F9000 X97.379 Y125.097
G1 F1500 X95.161 Y122.88 E168.7313
G0 F9000 X95.161 Y123.445
G1 F1500 X96.889 Y125.174 E168.8126
G0 F9000 X96.473 Y125.323
G1 F1500 X95.161 Y124.011 E168.87431
G0 F9000 X95.161 Y124.577
G1 F1500 X96.105 Y125.521 E168.91872
G0 F9000 X95.807 Y125.788
G1 F1500 X95.161 Y125.143 E168.94908
G0 F9000 X95.206 Y125.753
G1 F1500 X95.549 Y126.096 E168.96521
G0 F9000 X95.331 Y126.444
G1 F1500 X95.161 Y126.274 E168.97321
G0 F9000 X94.701 Y126.274
G0 X94.701 Y128.535
G0 X95.16 Y128.535
G1 F1500 X95.602 Y128.977 E168.994
G0 F9000 X95.273 Y129.214
G1 F1500 X97.396 Y131.338 E169.09388
G0 F9000 X96.831 Y131.338
G1 F1500 X95.161 Y129.668 E169.17243
G0 F9000 X95.272 Y129.213
G1 F1500 X95.161 Y129.102 E169.17766
G0 F9000 X96.054 Y129.43
G1 F1500 X97.962 Y131.338 E169.2674
G0 F9000 X98.528 Y131.338
G1 F1500 X97.054 Y129.864 E169.33673
G0 F9000 X97.652 Y129.896
G1 F1500 X99.093 Y131.338 E169.40454
G0 F9000 X99.659 Y131.338
G1 F1500 X98.137 Y129.816 E169.47613
G0 F9000 X98.55 Y129.663
G1 F1500 X99.839 Y130.952 E169.53676
G0 F9000 X99.839 Y130.386
G1 F1500 X98.913 Y129.46 E169.58032
G0 F9000 X99.211 Y129.192
G1 F1500 X99.839 Y129.821 E169.60988
G0 F9000 X99.839 Y129.255
G1 F1500 X99.463 Y128.879 E169.62756
G0 F9000 X99.677 Y128.527
G1 F1500 X99.839 Y128.689 E169.63518
G0 F9000 X100.3 Y128.689
G0 X100.3 Y126.428
G0 X99.841 Y126.428
G1 F1500 X99.32 Y125.907 E169.65969
G1 F2700 E164.65969
G0 F9000 X98.798 Y126.055
G0 X97.704 Y125.82
G0 X97.296 Y125.82
G0 X96.9 Y125.917
G0 X96.539 Y126.107
G0 X96.233 Y126.378
G0 X96.001 Y126.714
G0 X95.857 Y127.096
G0 X95.974 Y128.848
G0 X94.801 Y128.848
G0 X95.161 Y130.234
G1 F2700 E169.65969
G1 F1500 X96.265 Y131.338 E169.71162
G0 F9000 X95.699 Y131.338
G1 F1500 X95.161 Y130.799 E169.73695
G1 F2700 E164.73695
G0 F9000 X94.701 Y130.799
G0 X94.801 Y91.591
G0 X95.554 Y91.876
G0 X95.351 Y91.391
G1 F2700 E169.73695
G1 F1500 X95.161 Y91.201 E169.74589
G0 F9000 X95.34 Y90.815
G1 F1500 X95.578 Y91.053 E169.75708
G0 F9000 X95.339 Y90.814
G1 F1500 X95.161 Y90.635 E169.76548
G0 F9000 X95.161 Y90.069
G1 F1500 X95.846 Y90.755 E169.79772
G0 F9000 X96.148 Y90.491
G1 F1500 X95.16 Y89.503 E169.84419
G0 F9000 X95.16 Y88.937
G1 F1500 X96.52 Y90.297 E169.90816
G0 F9000 X96.949 Y90.161
G1 F1500 X95.448 Y88.66 E169.97877
G0 F9000 X96.014 Y88.66
G1 F1500 X97.454 Y90.1 E170.0465
G0 F9000 X98.089 Y90.17
G1 F1500 X96.58 Y88.66 E170.1175
G1 F2700 E165.1175
G0 F9000 X96.58 Y88.2
G0 X100.228 Y88.272
G0 X100.58 Y131.9
G0 X101.665 Y131.9
G0 X118.335 Y131.9
G0 X119.6 Y131.9
;TYPE:WALL-INNER
G1 F2700 E170.1175
G1 F1500 X125.4 Y131.9 E170.31041
G1 X125.4 Y88.1 E171.7672
G1 X119.6 Y88.1 E171.96011
G1 X119.6 Y131.9 E173.41691
G0 F9000 X119.2 Y132.3
;TYPE:WALL-OUTER
G1 F1500 X125.8 Y132.3 E173.63642
G1 X125.8 Y87.7 E175.11982
G1 X119.2 Y87.7 E175.33934
G1 X119.2 Y132.3 E176.82274
G0 F9000 X119.47 Y132.03
G0 X119.7 Y131.54
G0 X119.96 Y131.54
;TYPE:SKIN
G1 F1500 X119.96 Y88.46 E178.25559
G1 X125.04 Y88.46 E178.42455
G1 X125.04 Y131.54 E179.8574
G1 X119.96 Y131.54 E180.02636
G0 F9000 X120.591 Y131.339
G1 F1500 X120.159 Y130.907 E180.04668
G0 F9000 X120.159 Y130.341
G1 F1500 X121.157 Y131.339 E180.09362
G0 F9000 X121.722 Y131.339
G1 F1500 X120.159 Y129.776 E180.16714
G0 F9000 X120.159 Y129.21
G1 F1500 X122.288 Y131.339 E180.26728
G0 F9000 X122.854 Y131.339
G1 F1500 X120.159 Y128.644 E180.39405
G0 F9000 X120.159 Y128.078
G1 F1500 X123.419 Y131.339 E180.54741
G0 F9000 X123.985 Y131.339
G1 F1500 X120.159 Y127.513 E180.72737
G0 F9000 X120.159 Y126.947
G1 F1500 X124.551 Y131.339 E180.93396
G0 F9000 X124.839 Y131.062
G1 F1500 X120.159 Y126.381 E181.15412
G0 F9000 X120.159 Y125.816
G1 F1500 X124.839 Y130.496 E181.37425
G0 F9000 X124.839 Y129.93
G1 F1500 X120.159 Y125.25 E181.59438
G0 F9000 X120.159 Y124.684
G1 F1500 X124.839 Y129.365 E181.81454
G0 F9000 X124.839 Y128.799
G1 F1500 X120.159 Y124.119 E182.03467
G0 F9000 X120.159 Y123.553
G1 F1500 X124.839 Y128.233 E182.25481
G0 F9000 X124.839 Y127.668
G1 F1500 X120.159 Y122.987 E182.47496
G0 F9000 X120.159 Y122.422
G1 F1500 X124.839 Y127.102 E182.69509
G0 F9000 X124.839 Y126.536
G1 F1500 X120.159 Y121.856 E182.91523
G0 F9000 X120.159 Y121.29
G1 F1500 X124.839 Y125.971 E183.13538
G0 F9000 X124.839 Y125.405
G1 F1500 X120.159 Y120.725 E183.35552
G0 F9000 X120.159 Y120.159
G1 F1500 X124.839 Y124.839 E183.57565
G0 F9000 X124.839 Y124.274
G1 F1500 X120.159 Y119.593 E183.79581
G0 F9000 X120.159 Y119.027
G1 F1500 X124.839 Y123.708 E184.01596
G0 F9000 X124.839 Y123.142
G1 F1500 X120.159 Y118.462 E184.23609
G0 F9000 X120.159 Y117.896
G1 F1500 X124.839 Y122.576 E184.45623
G0 F9000 X124.839 Y122.011
G1 F1500 X120.159 Y117.33 E184.67638
G0 F9000 X120.159 Y116.765
G1 F1500 X124.839 Y121.445 E184.89652
G0 F9000 X124.839 Y120.879
G1 F1500 X120.159 Y116.199 E185.11665
G0 F9000 X120.159 Y115.633
G1 F1500 X124.839 Y120.314 E185.33681
G0 F9000 X124.839 Y119.748
G1 F1500 X120.159 Y115.068 E185.55694
G0 F9000 X120.159 Y114.502
G1 F1500 X124.839 Y119.182 E185.77707
G0 F9000 X124.839 Y118.617
G1 F1500 X120.159 Y113.936 E185.99723
G0 F9000 X120.159 Y113.371
G1 F1500 X124.839 Y118.051 E186.21736
G0 F9000 X124.839 Y117.485
G1 F1500 X120.159 Y112.805 E186.43749
G0 F9000 X120.159 Y112.239
G1 F1500 X124.839 Y116.92 E186.65765
G0 F9000 X124.839 Y116.354
G1 F1500 X120.159 Y111.674 E186.87778
G0 F9000 X120.159 Y111.108
G1 F1500 X124.839 Y115.788 E187.09792
G0 F9000 X124.839 Y115.223
G1 F1500 X120.159 Y110.542 E187.31807
G0 F9000 X120.159 Y109.977
G1 F1500 X124.839 Y114.657 E187.53821
G0 F9000 X124.839 Y114.091
G1 F1500 X120.159 Y109.411 E187.75834
G0 F9000 X120.159 Y108.845
G1 F1500 X124.839 Y113.525 E187.97847
G0 F9000 X124.839 Y112.96
G1 F1500 X120.159 Y108.279 E188.19863
G0 F9000 X120.159 Y107.714
G1 F1500 X124.839 Y112.394 E188.41876
G0 F9000 X124.839 Y111.828
G1 F1500 X120.159 Y107.148 E188.63889
G0 F9000 X120.159 Y106.582
G1 F1500 X124.839 Y111.263 E188.85905
G0 F9000 X124.839 Y110.697
G1 F1500 X120.159 Y106.017 E189.07918
G0 F9000 X120.159 Y105.451
G1 F1500 X124.839 Y110.131 E189.29932
G0 F9000 X124.839 Y109.566
G1 F1500 X120.159 Y104.885 E189.51947
G0 F9000 X120.159 Y104.32
G1 F1500 X124.839 Y109 E189.7396
G0 F9000 X124.839 Y108.434
G1 F1500 X120.159 Y103.754 E189.95974
G0 F9000 X120.159 Y103.188
G1 F1500 X124.839 Y107.869 E190.17989
G0 F9000 X124.839 Y107.303
G1 F1500 X120.159 Y102.623 E190.40003
G0 F9000 X120.159 Y102.057
G1 F1500 X124.839 Y106.737 E190.62016
G0 F9000 X124.839 Y106.172
G1 F1500 X120.159 Y101.491 E190.84032
G0 F9000 X120.159 Y100.926
G1 F1500 X124.839 Y105.606 E191.06045
G0 F9000 X124.839 Y105.04
G1 F1500 X120.159 Y100.36 E191.28058
G0 F9000 X120.159 Y99.794
G1 F1500 X124.839 Y104.475 E191.50074
G0 F9000 X124.839 Y103.909
G1 F1500 X120.159 Y99.229 E191.72087
G0 F9000 X120.159 Y98.663
G1 F1500 X124.839 Y103.343 E191.941
G0 F9000 X124.839 Y102.777
G1 F1500 X120.159 Y98.097 E192.16114
G0 F9000 X120.159 Y97.531
G1 F1500 X124.839 Y102.212 E192.38129
G0 F9000 X124.839 Y101.646
G1 F1500 X120.159 Y96.966 E192.60143
G0 F9000 X120.159 Y96.4
G1 F1500 X124.839 Y101.08 E192.82156
G0 F9000 X124.839 Y100.515
G1 F1500 X120.159 Y95.834 E193.04171
G0 F9000 X120.159 Y95.269
G1 F1500 X124.839 Y99.949 E193.26185
G0 F9000 X124.839 Y99.383
G1 F1500 X120.159 Y94.703 E193.48198
G0 F9000 X120.159 Y94.137
G1 F1500 X124.839 Y98.818 E193.70214
G0 F9000 X124.839 Y98.252
G1 F1500 X120.159 Y93.572 E193.92227
G0 F9000 X120.159 Y93.006
G1 F1500 X124.839 Y97.686 E194.1424
G0 F9000 X124.839 Y97.121
G1 F1500 X120.159 Y92.44 E194.36256
G0 F9000 X120.159 Y91.875
G1 F1500 X124.839 Y96.555 E194.58269
G0 F9000 X124.839 Y95.989
G1 F1500 X120.159 Y91.309 E194.80282
G0 F9000 X120.159 Y90.743
G1 F1500 X124.839 Y95.424 E195.02298
G0 F9000 X124.839 Y94.858
G1 F1500 X120.159 Y90.178 E195.24311
G0 F9000 X120.159 Y89.612
G1 F1500 X124.839 Y94.292 E195.46325
G0 F9000 X124.839 Y93.727
G1 F1500 X120.159 Y89.046 E195.6834
G0 F9000 X120.338 Y88.66
G1 F1500 X124.839 Y93.161 E195.89512
G0 F9000 X124.839 Y92.595
G1 F1500 X120.904 Y88.66 E196.08021
G0 F9000 X121.47 Y88.66
G1 F1500 X124.839 Y92.029 E196.23867
G0 F9000 X124.839 Y91.464
G1 F1500 X122.036 Y88.66 E196.37054
G0 F9000 X122.601 Y88.66
G1 F1500 X124.839 Y90.898 E196.47581
G0 F9000 X124.839 Y90.332
G1 F1500 X123.167 Y88.66 E196.55446
G0 F9000 X123.733 Y88.66
G1 F1500 X124.839 Y89.767 E196.6065
G0 F9000 X124.839 Y89.201
G1 F1500 X124.298 Y88.66 E196.63195
G1 F2700 E191.63195
;MESH:NONMESH
G0 F300 X124.298 Y88.66 Z0.8
G0 F9000 X124.298 Y88.2
G0 X119.772 Y88.272
G0 X119.42 Y107.773
G0 X118.335 Y107.773
G0 X101.653 Y86.847
G0 X93.347 Y86.847
G0 X91.387 Y107.047
G0 X91.857 Y107.773
;TIME_ELAPSED:363.249045
;LAYER:3
M106 S255
;TYPE:SUPPORT
G1 F2700 E196.63195
G1 F1500 X92.2 Y107.551 E196.64554
G1 X92.493 Y107.447 E196.65588
G1 X92.844 Y107.44 E196.66756
G1 X92.878 Y107.508 E196.67009
G1 X93 Y107.551 E196.67439
G1 X93 Y112.47 E196.83799
G1 X92.873 Y112.552 E196.84302
G1 X92.514 Y112.552 E196.85496
G1 X92.107 Y112.413 E196.86927
G1 X91.775 Y112.117 E196.88406
G1 X91.234 Y111.426 E196.91325
G1 X91.048 Y110.97 E196.92963
G1 X91.001 Y110.664 E196.93993
G1 X91 Y109.236 E196.98742
G1 X91.091 Y108.884 E196.99951
G1 X91.22 Y108.591 E197.01016
G1 X91.375 Y108.374 E197.01903
G1 X91.857 Y107.773 E197.04466
G1 X92 Y107.775
G1 X92 Y112.21 E197.19216
G0 F9000 X91.783 Y112
G1 F1500 X92.92 Y112 E197.22998
G1 F2700 E192.22998
G0 F9000 X92.92 Y113.417
G0 X92.371 Y113.416
G0 X91.851 Y113.239
G0 X91.519 Y113.048
G0 X91.139 Y112.709
G0 X90.479 Y111.866
G0 X90.209 Y111.203
G0 X90.137 Y110.73
G0 X90.136 Y109.124
G0 X90.27 Y108.604
G0 X90.465 Y108.161
G0 X91.272 Y107.122
G0 X91.811 Y106.773
G0 X92.237 Y106.62
G0 X92.897 Y106.574
G0 X92.92 Y108
G1 F2700 E197.22998
G1 F1500 X91.778 Y108 E197.26796
G1 F2700 E192.26796
;MESH:Garmin_GFC500 Wheel Support - Wheel Spacer.stl
G0 F9000 X96.776 Y94.405
G0 X97.727 Y94.341
;TYPE:WALL-INNER
G1 F2700 E197.26796
G1 F1500 X97.272 Y94.341 E197.2831
G1 X96.843 Y94.235 E197.2978
G1 X96.448 Y94.029 E197.31261
G1 X96.109 Y93.726 E197.32774
G1 X95.857 Y93.361 E197.34249
G1 X95.7 Y92.945 E197.35728
G1 X95.651 Y92.5 E197.37217
G1 X95.699 Y92.058 E197.38695
G1 X95.857 Y91.639 E197.40185
G1 X96.109 Y91.274 E197.4166
G1 X96.449 Y90.97 E197.43177
G1 X96.847 Y90.764 E197.44668
G1 X97.244 Y90.667 E197.46027
G1 X97.723 Y90.658 E197.4762
G1 X98.155 Y90.765 E197.491
G1 X98.554 Y90.973 E197.50597
G1 X98.891 Y91.274 E197.521
G1 X99.142 Y91.637 E197.53568
G1 X99.302 Y92.061 E197.55075
G1 X99.35 Y92.5 E197.56544
G1 X99.302 Y92.937 E197.58006
G1 X99.142 Y93.362 E197.59517
G1 X98.891 Y93.726 E197.60987
G1 X98.555 Y94.026 E197.62485
G1 X98.158 Y94.235 E197.63978
G1 X97.727 Y94.341 E197.65454
G1 F2700 E192.65454
G0 F9000 X97.752 Y94.438
G0 X97.749 Y125.478
G0 X97.756 Y129.333
G1 F2700 E197.65454
G1 F1500 X97.278 Y129.342 E197.67044
G1 X96.846 Y129.236 E197.68523
G1 X96.449 Y129.03 E197.70011
G1 X96.109 Y128.726 E197.71528
G1 X95.857 Y128.361 E197.73003
G1 X95.7 Y127.945 E197.74482
G1 X95.651 Y127.5 E197.75971
G1 X95.699 Y127.058 E197.7745
G1 X95.857 Y126.639 E197.78939
G1 X96.109 Y126.274 E197.80414
G1 X96.448 Y125.971 E197.81927
G1 X96.843 Y125.765 E197.83408
G1 X97.272 Y125.659 E197.84878
G1 X97.727 Y125.659 E197.86391
G1 X98.157 Y125.765 E197.87864
G1 X98.555 Y125.974 E197.8936
G1 X98.891 Y126.274 E197.90858
G1 X99.142 Y126.637 E197.92326
G1 X99.302 Y127.061 E197.93833
G1 X99.35 Y127.5 E197.95302
G1 X99.302 Y127.937 E197.96764
G1 X99.142 Y128.362 E197.98274
G1 X98.891 Y128.726 E197.99745
G1 X98.554 Y129.027 E198.01248
G1 X98.154 Y129.236 E198.02749
G1 X97.756 Y129.333 E198.04111
G1 F2700 E193.04111
G0 F9000 X98.273 Y129.288
G0 X98.657 Y129.178
G0 X100.2 Y129.178
G0 X100.4 Y131.9
G1 F2700 E198.04111
G1 F1500 X100.4 Y88.1 E199.49791
G1 X94.601 Y88.101 E199.69078
G1 X94.601 Y131.899 E201.14751
G1 X100.4 Y131.9 E201.34039
G0 F9000 X100.8 Y132.3
;TYPE:WALL-OUTER
G1 F1500 X100.8 Y87.7 E202.82379
G1 X94.201 Y87.701 E203.04327
G1 X94.201 Y132.299 E204.52661
G1 X100.8 Y132.3 E204.74609
G1 F2700 E199.74609
G0 F9000 X100.53 Y132.03
G0 X100.2 Y129.288
G0 X99.216 Y128.606
G0 X97.687 Y128.939
G1 F2700 E204.74609
G1 F1500 X97.299 Y128.936 E204.759
G1 X97.008 Y128.864 E204.76897
G1 X96.657 Y128.68 E204.78215
G1 X96.4 Y128.443 E204.79378
G1 X96.206 Y128.153 E204.80538
G1 X96.089 Y127.834 E204.81668
G1 X96.051 Y127.5 E204.82786
G1 X96.099 Y127.13 E204.84027
G1 X96.229 Y126.803 E204.85198
G1 X96.431 Y126.522 E204.86349
G1 X96.698 Y126.292 E204.87521
G1 X97.008 Y126.136 E204.88675
G1 X97.299 Y126.064 E204.89672
G1 X97.7 Y126.064 E204.91006
G1 X97.992 Y126.136 E204.92006
G1 X98.343 Y126.32 E204.93324
G1 X98.6 Y126.557 E204.94487
G1 X98.794 Y126.847 E204.95647
G1 X98.912 Y127.177 E204.96813
G1 X98.95 Y127.5 E204.97895
G1 X98.911 Y127.834 E204.99013
G1 X98.771 Y128.197 E205.00307
G1 X98.569 Y128.478 E205.01458
G1 X98.302 Y128.708 E205.0263
G1 X97.992 Y128.864 E205.03785
G1 X97.687 Y128.939 E205.04829
G1 F2700 E200.04829
G0 F9000 X98.273 Y129.288
G0 X98.999 Y128.286
G0 X99.143 Y127.904
G0 X99.193 Y127.5
G0 X99.143 Y127.096
G0 X98.999 Y126.714
G0 X98.811 Y126.442
G0 X97.749 Y125.478
G0 X97.749 Y94.522
G0 X97.7 Y93.936
G1 F2700 E205.04829
G1 F1500 X97.299 Y93.936 E205.06163
G1 X97.008 Y93.864 E205.0716
G1 X96.657 Y93.68 E205.08478
G1 X96.4 Y93.443 E205.09641
G1 X96.206 Y93.153 E205.10801
G1 X96.089 Y92.834 E205.11931
G1 X96.051 Y92.5 E205.1305
G1 X96.099 Y92.13 E205.1429
G1 X96.229 Y91.803 E205.15461
G1 X96.431 Y91.522 E205.16612
G1 X96.698 Y91.292 E205.17784
G1 X97.008 Y91.136 E205.18938
G1 X97.313 Y91.061 E205.19983
G1 X97.701 Y91.064 E205.21273
G1 X97.992 Y91.136 E205.2227
G1 X98.343 Y91.32 E205.23589
G1 X98.6 Y91.557 E205.24751
G1 X98.794 Y91.847 E205.25912
G1 X98.912 Y92.177 E205.27077
G1 X98.95 Y92.5 E205.28159
G1 X98.911 Y92.834 E205.29278
G1 X98.771 Y93.197 E205.30572
G1 X98.569 Y93.478 E205.31723
G1 X98.302 Y93.708 E205.32895
G1 X97.992 Y93.864 E205.34049
G1 X97.7 Y93.936 E205.35049
G1 F2700 E200.35049
G0 F9000 X97.819 Y94.421
G0 X100.2 Y94.522
G0 X100.04 Y131.539
;TYPE:SKIN
G1 F2700 E205.35049
G1 F1500 X94.961 Y131.539 E205.51942
G1 F1515.2 X94.958 Y128.125 E205.63184
G1 F1583.1 X94.943 Y127.5 E205.65154
G1 F1570.7 X94.962 Y126.39 E205.6868
G1 F1507.5 X94.96 Y109.757 E206.23725
G1 F1522.8 X94.958 Y93.124 E206.78217
G1 F1583.1 X94.943 Y92.5 E206.80184
G1 F1570.7 X94.962 Y91.39 E206.8371
G1 F1500 X94.961 Y88.461 E206.93452
G1 X100.04 Y88.46 E207.10345
G1 F1515.2 X100.044 Y91.979 E207.21932
G1 F1583.1 X100.058 Y92.5 E207.23574
G1 F1587.3 X100.044 Y93.018 E207.25203
G1 F1530.6 X100.044 Y126.979 E208.35899
G1 F1583.1 X100.058 Y127.5 E208.37541
G1 F1587.3 X100.044 Y128.018 E208.3917
G1 F1515.2 X100.04 Y131.539 E208.50764
G1 F2700 E203.50764
G0 F9000 X100.038 Y131.799
G0 X100.2 Y129.288
G0 X99.216 Y128.606
G0 X97.775 Y129.699
G1 F2700 E208.50764
G1 F1500 X98.267 Y129.58 E208.52447
G1 X98.735 Y129.343 E208.54192
G1 X99.175 Y128.948 E208.56159
G1 X99.474 Y128.504 E208.57939
G1 F1515.2 X99.654 Y128.01 E208.5967
G1 F1583.1 X99.692 Y127.48 E208.61345
G1 X99.652 Y127 E208.62863
G1 F1515.2 X99.476 Y126.497 E208.64618
G1 F1500 X99.175 Y126.051 E208.66407
G1 X98.779 Y125.689 E208.68192
G1 X98.263 Y125.42 E208.70127
G1 X97.796 Y125.304 E208.71728
G1 X97.204 Y125.304 E208.73697
G1 X96.734 Y125.42 E208.75307
G1 X96.223 Y125.687 E208.77224
G1 X95.824 Y126.053 E208.79025
G1 X95.549 Y126.451 E208.80634
G1 F1542.4 X95.348 Y126.975 E208.8245
G1 F1612.9 X95.309 Y127.481 E208.84019
G1 F1578.9 X95.349 Y128.027 E208.85749
G1 F1511.3 X95.527 Y128.507 E208.87439
G1 F1500 X95.824 Y128.947 E208.89205
G1 X96.223 Y129.313 E208.91006
G1 X96.689 Y129.563 E208.92764
G1 X97.204 Y129.696 E208.94534
G1 X97.775 Y129.699 E208.96433
G1 F2700 E203.96433
G0 F9000 X98.273 Y129.288
G0 X98.999 Y128.286
G0 X99.143 Y127.904
G0 X99.193 Y127.5
G0 X99.143 Y127.096
G0 X98.999 Y126.714
G0 X98.811 Y126.442
G0 X97.749 Y125.478
G0 X97.749 Y94.521
G0 X97.796 Y94.696
G1 F2700 E208.96433
G1 F1500 X98.263 Y94.58 E208.98033
G1 X98.779 Y94.311 E208.99969
G1 X99.175 Y93.948 E209.01755
G1 X99.474 Y93.504 E209.03536
G1 F1515.2 X99.654 Y93.01 E209.05267
G1 F1583.1 X99.692 Y92.48 E209.06942
G1 X99.652 Y92 E209.08459
G1 F1515.2 X99.476 Y91.497 E209.10214
G1 F1500 X99.175 Y91.051 E209.12004
G1 X98.736 Y90.659 E209.13961
G1 X98.311 Y90.437 E209.15556
G1 X97.796 Y90.304 E209.17325
G1 X97.225 Y90.301 E209.19224
G1 X96.732 Y90.42 E209.20911
G1 X96.266 Y90.657 E209.2265
G1 X95.824 Y91.053 E209.24624
G1 X95.549 Y91.451 E209.26233
G1 F1542.4 X95.348 Y91.975 E209.28048
G1 F1612.9 X95.309 Y92.481 E209.29618
G1 F1578.9 X95.349 Y93.027 E209.31348
G1 F1511.3 X95.527 Y93.507 E209.33038
G1 F1500 X95.824 Y93.947 E209.34803
G1 X96.223 Y94.313 E209.36604
G1 X96.689 Y94.563 E209.38363
G1 X97.204 Y94.696 E209.40132
G1 X97.796 Y94.696 E209.42101
G1 F2700 E204.42101
G0 F9000 X97.739 Y94.441
G0 X96.539 Y93.893
G0 X96.233 Y93.622
G0 X96.001 Y93.286
G0 X95.857 Y92.904
G0 X95.807 Y92.5
G0 X95.857 Y92.096
G0 X96.001 Y91.714
G0 X96.349 Y91.273
G0 X96.198 Y90.926
G0 X94.801 Y90.926
G0 X95.161 Y89.252
G1 F2700 E209.42101
G1 F1500 X95.753 Y88.659 E209.44888
G0 F9000 X96.319 Y88.659
G1 F1500 X95.161 Y89.817 E209.50335
G0 F9000 X95.161 Y90.383
G1 F1500 X96.884 Y88.659 E209.58442
G0 F9000 X97.45 Y88.659
G1 F1500 X95.31 Y90.8 E209.6851
G1 X95.309 Y90.8
G1 X95.161 Y90.948 E209.69206
G0 F9000 X95.48 Y91.195
G1 F1500 X95.159 Y91.516 E209.70716
G1 F2700 E204.70716
G0 F9000 X94.701 Y91.516
G0 X94.801 Y90.865
G0 X95.727 Y91.509
G0 X96.221 Y90.454
G1 F2700 E209.70716
G1 F1500 X98.016 Y88.659 E209.79159
G0 F9000 X98.581 Y88.659
G1 F1500 X97.121 Y90.12 E209.86029
G0 F9000 X97.707 Y90.1
G1 F1500 X99.147 Y88.659 E209.92805
G0 F9000 X99.713 Y88.659
G1 F1500 X98.181 Y90.192 E210.00013
G0 F9000 X98.585 Y90.353
G1 F1500 X99.839 Y89.098 E210.05914
G0 F9000 X99.84 Y89.663
G1 F1500 X98.939 Y90.564 E210.10152
G0 F9000 X99.236 Y90.833
G1 F1500 X99.842 Y90.228 E210.13
G0 F9000 X99.843 Y90.792
G1 F1500 X99.485 Y91.15 E210.14684
G0 F9000 X99.844 Y91.356
G1 F1500 X99.692 Y91.509 E210.15401
G1 F2700 E205.15401
G0 F9000 X99.24 Y91.611
G0 X99.368 Y93.274
G0 X100.2 Y93.274
G0 X99.839 Y93.625
G1 F2700 E210.15401
G1 F1500 X99.397 Y94.067 E210.1748
G1 X99.396 Y94.067
G1 X95.161 Y98.302 E210.374
G0 F9000 X95.161 Y97.737
G1 F1500 X98.063 Y94.835 E210.5105
G0 F9000 X97.431 Y94.901
G1 F1500 X95.161 Y97.171 E210.61728
G0 F9000 X95.161 Y96.605
G1 F1500 X96.931 Y94.835 E210.70053
G0 F9000 X96.508 Y94.693
G1 F1500 X95.161 Y96.039 E210.76387
G0 F9000 X95.161 Y95.474
G1 F1500 X96.136 Y94.499 E210.80973
G0 F9000 X95.835 Y94.234
G1 F1500 X95.161 Y94.908 E210.84143
G0 F9000 X95.161 Y94.342
G1 F1500 X95.3 Y94.204 E210.84795
G1 X95.301 Y94.203
G1 X95.57 Y93.934 E210.8606
G0 F9000 X95.344 Y93.594
G1 F1500 X95.161 Y93.777 E210.86921
G0 F9000 X94.701 Y93.777
G0 X94.773 Y88.273
G0 X100.228 Y88.272
G0 X100.3 Y94.241
G0 X99.788 Y94.241
G1 F1500 X95.161 Y98.868 E211.08685
G0 F9000 X95.161 Y99.434
G1 F1500 X99.839 Y94.756 E211.30689
G0 F9000 X99.839 Y95.322
G1 F1500 X95.161 Y99.999 E211.5269
G0 F9000 X95.161 Y100.565
G1 F1500 X99.839 Y95.887 E211.74694
G0 F9000 X99.839 Y96.453
G1 F1500 X95.161 Y101.131 E211.96698
G0 F9000 X95.161 Y101.696
G1 F1500 X99.839 Y97.019 E212.187
G0 F9000 X99.839 Y97.584
G1 F1500 X95.161 Y102.262 E212.40703
G0 F9000 X95.161 Y102.828
G1 F1500 X99.839 Y98.15 E212.62707
G0 F9000 X99.839 Y98.716
G1 F1500 X95.161 Y103.393 E212.84709
G0 F9000 X95.161 Y103.959
G1 F1500 X99.839 Y99.282 E213.0671
G0 F9000 X99.839 Y99.847
G1 F1500 X95.161 Y104.525 E213.28714
G0 F9000 X95.161 Y105.09
G1 F1500 X99.839 Y100.413 E213.50716
G0 F9000 X99.839 Y100.979
G1 F1500 X95.161 Y105.656 E213.72717
G0 F9000 X95.161 Y106.222
G1 F1500 X99.839 Y101.544 E213.94721
G0 F9000 X99.839 Y102.11
G1 F1500 X95.161 Y106.787 E214.16723
G0 F9000 X95.161 Y107.353
G1 F1500 X99.839 Y102.676 E214.38724
G0 F9000 X99.839 Y103.241
G1 F1500 X95.161 Y107.919 E214.60728
G0 F9000 X95.161 Y108.485
G1 F1500 X99.839 Y103.807 E214.82732
G0 F9000 X99.839 Y104.373
G1 F1500 X95.161 Y109.05 E215.04733
G0 F9000 X95.161 Y109.616
G1 F1500 X99.839 Y104.938 E215.26737
G0 F9000 X99.839 Y105.504
G1 F1500 X95.162 Y110.181 E215.48737
G0 F9000 X95.162 Y110.747
G1 F1500 X99.839 Y106.07 E215.70736
G0 F9000 X99.839 Y106.635
G1 F1500 X95.162 Y111.312 E215.92735
G0 F9000 X95.162 Y111.878
G1 F1500 X99.839 Y107.201 E216.14734
G0 F9000 X99.839 Y107.767
G1 F1500 X95.162 Y112.444 E216.36733
G0 F9000 X95.162 Y113.009
G1 F1500 X99.839 Y108.333 E216.5873
G0 F9000 X99.839 Y108.898
G1 F1500 X95.162 Y113.575 E216.80729
G0 F9000 X95.162 Y114.141
G1 F1500 X99.839 Y109.464 E217.02728
G0 F9000 X99.839 Y110.029
G1 F1500 X95.162 Y114.706 E217.24728
G0 F9000 X95.162 Y115.272
G1 F1500 X99.839 Y110.595 E217.46727
G0 F9000 X99.839 Y111.16
G1 F1500 X95.162 Y115.838 E217.68728
G0 F9000 X95.162 Y116.403
G1 F1500 X99.839 Y111.726 E217.90727
G0 F9000 X99.839 Y112.292
G1 F1500 X95.162 Y116.969 E218.12727
G0 F9000 X95.162 Y117.535
G1 F1500 X99.839 Y112.857 E218.34728
G0 F9000 X99.839 Y113.423
G1 F1500 X95.162 Y118.1 E218.56727
G0 F9000 X95.162 Y118.666
G1 F1500 X99.839 Y113.989 E218.78726
G0 F9000 X99.839 Y114.554
G1 F1500 X95.162 Y119.232 E219.00728
G0 F9000 X95.162 Y119.798
G1 F1500 X99.839 Y115.12 E219.2273
G0 F9000 X99.839 Y115.686
G1 F1500 X95.162 Y120.363 E219.44729
G0 F9000 X95.162 Y120.929
G1 F1500 X99.839 Y116.251 E219.6673
G0 F9000 X99.839 Y116.817
G1 F1500 X95.162 Y121.495 E219.88732
G0 F9000 X95.162 Y122.06
G1 F1500 X99.839 Y117.383 E220.10731
G0 F9000 X99.839 Y117.948
G1 F1500 X95.162 Y122.626 E220.32732
G0 F9000 X95.162 Y123.192
G1 F1500 X99.839 Y118.514 E220.54734
G0 F9000 X99.839 Y119.08
G1 F1500 X95.162 Y123.757 E220.76733
G0 F9000 X95.162 Y124.323
G1 F1500 X99.839 Y119.646 E220.98732
G0 F9000 X99.839 Y120.211
G1 F1500 X95.162 Y124.889 E221.20734
G0 F9000 X95.162 Y125.454
G1 F1500 X99.839 Y120.777 E221.42733
G0 F9000 X99.839 Y121.343
G1 F1500 X95.361 Y125.821 E221.63796
G1 X95.162 Y126.02 E221.64732
G0 F9000 X95.345 Y126.403
G1 F1500 X95.158 Y126.589 E221.65609
G0 F9000 X94.701 Y126.589
G0 X94.701 Y128.229
G0 X95.216 Y128.229
G1 F1500 X95.157 Y128.288 E221.65887
G0 F9000 X95.368 Y128.642
G1 F1500 X95.161 Y128.849 E221.66861
G0 F9000 X95.431 Y129.145
G1 F1500 X95.6 Y128.976 E221.67656
G0 F9000 X95.43 Y129.146
G1 F1500 X95.161 Y129.415 E221.68921
G0 F9000 X95.161 Y129.981
G1 F1500 X95.874 Y129.268 E221.72275
G0 F9000 X96.184 Y129.524
G1 F1500 X95.161 Y130.546 E221.77084
G0 F9000 X95.161 Y131.112
G1 F1500 X96.556 Y129.718 E221.83643
G0 F9000 X96.991 Y129.848
G1 F1500 X95.501 Y131.338 E221.90652
G0 F9000 X96.066 Y131.338
G1 F1500 X97.508 Y129.896 E221.97435
G0 F9000 X98.161 Y129.809
G1 F1500 X96.632 Y131.338 E222.04627
G0 F9000 X97.198 Y131.338
G1 F1500 X99.446 Y129.09 E222.152
G1 X99.447 Y129.089
G1 X99.839 Y128.696 E222.17047
G0 F9000 X99.838 Y129.264
G1 F1500 X97.763 Y131.338 E222.26805
G0 F9000 X98.329 Y131.338
G1 F1500 X99.839 Y129.828 E222.33907
G0 F9000 X99.839 Y130.394
G1 F1500 X98.895 Y131.338 E222.38347
G0 F9000 X99.46 Y131.338
G1 F1500 X99.839 Y130.959 E222.4013
G1 F2700 E217.4013
G0 F9000 X99.837 Y131.799
G0 X99.238 Y131.719
G0 X99.026 Y128.848
G0 X99.712 Y126.561
G1 F2700 E222.4013
G1 F1500 X99.84 Y126.433 E222.40732
G0 F9000 X99.516 Y126.191
G1 F1500 X99.84 Y125.867 E222.42256
G0 F9000 X99.839 Y125.302
G1 F1500 X99.274 Y125.867 E222.44914
G0 F9000 X98.977 Y125.599
G1 F1500 X99.839 Y124.737 E222.48968
G0 F9000 X99.839 Y124.171
G1 F1500 X98.632 Y125.379 E222.54648
G0 F9000 X98.237 Y125.208
G1 F1500 X99.839 Y123.605 E222.62186
G0 F9000 X99.839 Y123.04
G1 F1500 X97.781 Y125.098 E222.71866
G0 F9000 X97.215 Y125.098
G1 F1500 X99.839 Y122.474 E222.84208
G0 F9000 X99.839 Y121.908
G1 F1500 X96.372 Y125.375 E223.00516
G1 F2700 E218.00516
G0 F9000 X96.586 Y125.785
G0 X97.704 Y125.82
G0 X98.1 Y125.917
G0 X98.461 Y126.107
G0 X98.709 Y126.327
G0 X99.53 Y127.5
G0 X119.42 Y127.5
G0 X119.6 Y131.9
;TYPE:WALL-INNER
G1 F2700 E223.00516
G1 F1500 X125.4 Y131.9 E223.19807
G1 X125.4 Y88.1 E224.65486
G1 X119.6 Y88.1 E224.84777
G1 X119.6 Y131.9 E226.30457
G0 F9000 X119.2 Y132.3
;TYPE:WALL-OUTER
G1 F1500 X125.8 Y132.3 E226.52408
G1 X125.8 Y87.7 E228.00749
G1 X119.2 Y87.7 E228.227
G1 X119.2 Y132.3 E229.7104
G0 F9000 X119.47 Y132.03
G0 X119.7 Y131.54
G0 X119.96 Y131.54
;TYPE:SKIN
G1 F1500 X119.96 Y88.46 E231.14325
G1 X125.04 Y88.46 E231.31221
G1 X125.04 Y131.54 E232.74506
G1 X119.96 Y131.54 E232.91402
G0 F9000 X119.7 Y131.54
G0 X124.35 Y131.8
G0 X124.35 Y131.339
G1 F1500 X124.839 Y130.85 E232.93702
G0 F9000 X124.839 Y130.284
G1 F1500 X123.784 Y131.339 E232.98665
G0 F9000 X123.219 Y131.339
G1 F1500 X124.839 Y129.718 E233.06287
G0 F9000 X124.839 Y129.153
G1 F1500 X122.653 Y131.339 E233.16569
G0 F9000 X122.087 Y131.339
G1 F1500 X124.839 Y128.587 E233.29514
G0 F9000 X124.839 Y128.021
G1 F1500 X121.521 Y131.339 E233.45121
G0 F9000 X120.956 Y131.339
G1 F1500 X124.839 Y127.455 E233.63387
G0 F9000 X124.839 Y126.89
G1 F1500 X120.39 Y131.339 E233.84314
G0 F9000 X120.16 Y131.004
G1 F1500 X124.839 Y126.324 E234.06325
G0 F9000 X124.839 Y125.758
G1 F1500 X120.16 Y130.438 E234.28336
G0 F9000 X120.16 Y129.872
G1 F1500 X124.839 Y125.193 E234.50345
G0 F9000 X124.839 Y124.627
G1 F1500 X120.16 Y129.307 E234.72355
G0 F9000 X120.16 Y128.741
G1 F1500 X124.839 Y124.061 E234.94366
G0 F9000 X124.839 Y123.496
G1 F1500 X120.16 Y128.175 E235.16375
G0 F9000 X120.16 Y127.61
G1 F1500 X124.839 Y122.93 E235.38386
G0 F9000 X124.839 Y122.364
G1 F1500 X120.16 Y127.044 E235.60397
G0 F9000 X120.16 Y126.478
G1 F1500 X124.839 Y121.799 E235.82405
G0 F9000 X124.839 Y121.233
G1 F1500 X120.16 Y125.913 E236.04416
G0 F9000 X120.16 Y125.347
G1 F1500 X124.839 Y120.667 E236.26427
G0 F9000 X124.839 Y120.102
G1 F1500 X120.16 Y124.781 E236.48436
G0 F9000 X120.16 Y124.216
G1 F1500 X124.839 Y119.536 E236.70447
G0 F9000 X124.839 Y118.97
G1 F1500 X120.16 Y123.65 E236.92458
G0 F9000 X120.16 Y123.084
G1 F1500 X124.839 Y118.405 E237.14466
G0 F9000 X124.839 Y117.839
G1 F1500 X120.16 Y122.518 E237.36475
G0 F9000 X120.16 Y121.953
G1 F1500 X124.839 Y117.273 E237.58486
G0 F9000 X124.839 Y116.707
G1 F1500 X120.16 Y121.387 E237.80497
G0 F9000 X120.16 Y120.821
G1 F1500 X124.839 Y116.142 E238.02505
G0 F9000 X124.839 Y115.576
G1 F1500 X120.16 Y120.256 E238.24516
G0 F9000 X120.16 Y119.69
G1 F1500 X124.839 Y115.01 E238.46527
G0 F9000 X124.839 Y114.445
G1 F1500 X120.16 Y119.124 E238.68536
G0 F9000 X120.16 Y118.559
G1 F1500 X124.839 Y113.879 E238.90547
G0 F9000 X124.839 Y113.313
G1 F1500 X120.16 Y117.993 E239.12558
G0 F9000 X120.16 Y117.427
G1 F1500 X124.839 Y112.748 E239.34566
G0 F9000 X124.839 Y112.182
G1 F1500 X120.16 Y116.862 E239.56577
G0 F9000 X120.16 Y116.296
G1 F1500 X124.839 Y111.616 E239.78588
G0 F9000 X124.839 Y111.051
G1 F1500 X120.16 Y115.73 E240.00597
G0 F9000 X120.16 Y115.165
G1 F1500 X124.839 Y110.485 E240.22608
G0 F9000 X124.839 Y109.919
G1 F1500 X120.16 Y114.599 E240.44619
G0 F9000 X120.16 Y114.033
G1 F1500 X124.839 Y109.354 E240.66627
G0 F9000 X124.839 Y108.788
G1 F1500 X120.16 Y113.468 E240.88638
G0 F9000 X120.16 Y112.902
G1 F1500 X124.839 Y108.222 E241.10649
G0 F9000 X124.839 Y107.657
G1 F1500 X120.16 Y112.336 E241.32658
G0 F9000 X120.16 Y111.77
G1 F1500 X124.839 Y107.091 E241.54666
G0 F9000 X124.839 Y106.525
G1 F1500 X120.16 Y111.205 E241.76677
G0 F9000 X120.16 Y110.639
G1 F1500 X124.839 Y105.959 E241.98688
G0 F9000 X124.839 Y105.394
G1 F1500 X120.16 Y110.073 E242.20697
G0 F9000 X120.16 Y109.508
G1 F1500 X124.839 Y104.828 E242.42708
G0 F9000 X124.839 Y104.262
G1 F1500 X120.16 Y108.942 E242.64719
G0 F9000 X120.16 Y108.376
G1 F1500 X124.839 Y103.697 E242.86727
G0 F9000 X124.839 Y103.131
G1 F1500 X120.16 Y107.811 E243.08738
G0 F9000 X120.16 Y107.245
G1 F1500 X124.839 Y102.565 E243.30749
G0 F9000 X124.839 Y102
G1 F1500 X120.16 Y106.679 E243.52758
G0 F9000 X120.16 Y106.114
G1 F1500 X124.839 Y101.434 E243.74768
G0 F9000 X124.839 Y100.868
G1 F1500 X120.16 Y105.548 E243.96779
G0 F9000 X120.16 Y104.982
G1 F1500 X124.839 Y100.303 E244.18788
G0 F9000 X124.839 Y99.737
G1 F1500 X120.16 Y104.417 E244.40799
G0 F9000 X120.16 Y103.851
G1 F1500 X124.839 Y99.171 E244.6281
G0 F9000 X124.839 Y98.606
G1 F1500 X120.16 Y103.285 E244.84818
G0 F9000 X120.16 Y102.719
G1 F1500 X124.839 Y98.04 E245.06827
G0 F9000 X124.839 Y97.474
G1 F1500 X120.16 Y102.154 E245.28838
G0 F9000 X120.16 Y101.588
G1 F1500 X124.839 Y96.908 E245.50849
G0 F9000 X124.839 Y96.343
G1 F1500 X120.16 Y101.022 E245.72857
G0 F9000 X120.16 Y100.457
G1 F1500 X124.839 Y95.777 E245.94868
G0 F9000 X124.839 Y95.211
G1 F1500 X120.16 Y99.891 E246.16879
G0 F9000 X120.16 Y99.325
G1 F1500 X124.839 Y94.646 E246.38888
G0 F9000 X124.839 Y94.08
G1 F1500 X120.16 Y98.76 E246.60899
G0 F9000 X120.16 Y98.194
G1 F1500 X124.839 Y93.514 E246.8291
G0 F9000 X124.839 Y92.949
G1 F1500 X120.16 Y97.628 E247.04918
G0 F9000 X120.16 Y97.063
G1 F1500 X124.839 Y92.383 E247.26929
G0 F9000 X124.839 Y91.817
G1 F1500 X120.16 Y96.497 E247.4894
G0 F9000 X120.16 Y95.931
G1 F1500 X124.839 Y91.252 E247.70949
G0 F9000 X124.839 Y90.686
G1 F1500 X120.16 Y95.366 E247.9296
G0 F9000 X120.16 Y94.8
G1 F1500 X124.839 Y90.12 E248.14971
G0 F9000 X124.839 Y89.555
G1 F1500 X120.16 Y94.234 E248.36979
G0 F9000 X120.16 Y93.669
G1 F1500 X124.839 Y88.989 E248.5899
G0 F9000 X124.603 Y88.659
G1 F1500 X120.16 Y93.103 E248.79891
G0 F9000 X120.16 Y92.537
G1 F1500 X124.037 Y88.659 E248.9813
G0 F9000 X123.472 Y88.659
G1 F1500 X120.16 Y91.971 E249.13708
G0 F9000 X120.16 Y91.406
G1 F1500 X122.906 Y88.659 E249.26627
G0 F9000 X122.34 Y88.659
G1 F1500 X120.16 Y90.84 E249.36883
G0 F9000 X120.16 Y90.274
G1 F1500 X121.775 Y88.659 E249.4448
G0 F9000 X121.209 Y88.659
G1 F1500 X120.16 Y89.709 E249.49416
G0 F9000 X120.16 Y89.143
G1 F1500 X120.643 Y88.659 E249.51691
G1 F2700 E244.51691
;MESH:NONMESH
G0 F300 X120.643 Y88.659 Z1
G0 F9000 X120.643 Y88.2
G0 X119.772 Y88.272
G0 X119.42 Y107.773
G0 X118.335 Y107.773
G0 X101.653 Y86.847
G0 X93.347 Y86.847
G0 X91.387 Y107.047
G0 X91.857 Y107.773
;TIME_ELAPSED:456.247069
;LAYER:4
;TYPE:SUPPORT
G1 F2700 E249.51691
G1 F1500 X92.2 Y107.551 E249.53049
G1 X92.493 Y107.447 E249.54084
G1 X92.844 Y107.44 E249.55251
G1 X92.878 Y107.508 E249.55504
G1 X93 Y107.551 E249.55934
G1 X93 Y112.47 E249.72295
G1 X92.873 Y112.552 E249.72798
G1 X92.514 Y112.552 E249.73992
G1 X92.107 Y112.413 E249.75422
G1 X91.775 Y112.117 E249.76902
G1 X91.234 Y111.426 E249.79821
G1 X91.048 Y110.97 E249.81459
G1 X91.001 Y110.664 E249.82488
G1 X91 Y109.236 E249.87238
G1 X91.091 Y108.884 E249.88447
G1 X91.22 Y108.591 E249.89512
G1 X91.375 Y108.374 E249.90399
G1 X91.857 Y107.773 E249.92961
G1 X92 Y107.775
G1 X92 Y112.21 E250.07712
G0 F9000 X91.783 Y112
G1 F1500 X92.92 Y112 E250.11494
G1 F2700 E245.11494
G0 F9000 X92.92 Y113.417
G0 X92.371 Y113.416
G0 X91.851 Y113.239
G0 X91.519 Y113.048
G0 X91.139 Y112.709
G0 X90.479 Y111.866
G0 X90.209 Y111.203
G0 X90.137 Y110.73
G0 X90.136 Y109.124
G0 X90.27 Y108.604
G0 X90.465 Y108.161
G0 X91.272 Y107.122
G0 X91.811 Y106.773
G0 X92.237 Y106.62
G0 X92.897 Y106.574
G0 X92.92 Y108
G1 F2700 E250.11494
G1 F1500 X91.778 Y108 E250.15292
G1 F2700 E245.15292
;MESH:Garmin_GFC500 Wheel Support - Wheel Spacer.stl
G0 F9000 X96.776 Y94.405
G0 X97.727 Y94.341
;TYPE:WALL-INNER
G1 F2700 E250.15292
G1 F1500 X97.272 Y94.341 E250.16805
G1 X96.843 Y94.235 E250.18275
G1 X96.448 Y94.029 E250.19757
G1 X96.109 Y93.726 E250.21269
G1 X95.857 Y93.361 E250.22744
G1 X95.7 Y92.945 E250.24223
G1 X95.651 Y92.5 E250.25712
G1 X95.699 Y92.058 E250.27191
G1 X95.857 Y91.639 E250.2868
G1 X96.109 Y91.274 E250.30156
G1 X96.449 Y90.97 E250.31673
G1 X96.847 Y90.764 E250.33163
G1 X97.244 Y90.667 E250.34522
G1 X97.723 Y90.658 E250.36116
G1 X98.155 Y90.765 E250.37596
G1 X98.554 Y90.973 E250.39093
G1 X98.891 Y91.274 E250.40595
G1 X99.142 Y91.637 E250.42063
G1 X99.302 Y92.061 E250.43571
G1 X99.35 Y92.5 E250.45039
G1 X99.302 Y92.937 E250.46502
G1 X99.142 Y93.362 E250.48012
G1 X98.891 Y93.726 E250.49483
G1 X98.555 Y94.026 E250.50981
G1 X98.158 Y94.235 E250.52473
G1 X97.727 Y94.341 E250.53949
G1 F2700 E245.53949
G0 F9000 X97.752 Y94.438
G0 X97.749 Y125.478
G0 X97.756 Y129.333
G1 F2700 E250.53949
G1 F1500 X97.278 Y129.342 E250.55539
G1 X96.846 Y129.236 E250.57019
G1 X96.449 Y129.03 E250.58506
G1 X96.109 Y128.726 E250.60023
G1 X95.857 Y128.361 E250.61499
G1 X95.7 Y127.945 E250.62978
G1 X95.651 Y127.5 E250.64467
G1 X95.699 Y127.058 E250.65945
G1 X95.857 Y126.639 E250.67435
G1 X96.109 Y126.274 E250.6891
G1 X96.448 Y125.971 E250.70422
G1 X96.843 Y125.765 E250.71904
G1 X97.272 Y125.659 E250.73374
G1 X97.727 Y125.659 E250.74887
G1 X98.157 Y125.765 E250.7636
G1 X98.555 Y125.974 E250.77855
G1 X98.891 Y126.274 E250.79353
G1 X99.142 Y126.637 E250.80821
G1 X99.302 Y127.061 E250.82329
G1 X99.35 Y127.5 E250.83797
G1 X99.302 Y127.937 E250.8526
G1 X99.142 Y128.362 E250.8677
G1 X98.891 Y128.726 E250.88241
G1 X98.554 Y129.027 E250.89743
G1 X98.154 Y129.236 E250.91244
G1 X97.756 Y129.333 E250.92607
G1 F2700 E245.92607
G0 F9000 X98.273 Y129.288
G0 X98.999 Y128.286
G0 X99.143 Y127.904
G0 X99.193 Y127.5
G0 X99.143 Y127.096
G0 X98.999 Y126.714
G0 X98.767 Y126.378
G0 X97.25 Y125.478
G0 X94.761 Y123.548
G0 X94.773 Y121.383
G0 X96.22 Y121.362
G0 X100.4 Y131.9
G1 F2700 E250.92607
G1 F1500 X100.4 Y88.1 E252.38286
G1 X94.601 Y88.101 E252.57574
G1 X94.601 Y131.899 E254.03247
G1 X100.4 Y131.9 E254.22534
G0 F9000 X100.8 Y132.3
;TYPE:WALL-OUTER
G1 F1500 X100.8 Y87.7 E255.70874
G1 X94.201 Y87.701 E255.92823
G1 X94.201 Y132.299 E257.41156
G1 X100.8 Y132.3 E257.63105
G1 F2700 E252.63105
G0 F9000 X100.53 Y132.03
G0 X100.2 Y129.288
G0 X99.216 Y128.606
G0 X97.687 Y128.939
G1 F2700 E257.63105
G1 F1500 X97.299 Y128.936 E257.64395
G1 X97.008 Y128.864 E257.65392
G1 X96.657 Y128.68 E257.6671
G1 X96.4 Y128.443 E257.67873
G1 X96.206 Y128.153 E257.69034
G1 X96.089 Y127.834 E257.70164
G1 X96.051 Y127.5 E257.71282
G1 X96.099 Y127.13 E257.72523
G1 X96.229 Y126.803 E257.73693
G1 X96.431 Y126.522 E257.74844
G1 X96.698 Y126.292 E257.76016
G1 X97.008 Y126.136 E257.77171
G1 X97.299 Y126.064 E257.78168
G1 X97.7 Y126.064 E257.79501
G1 X97.992 Y126.136 E257.80502
G1 X98.343 Y126.32 E257.8182
G1 X98.6 Y126.557 E257.82982
G1 X98.794 Y126.847 E257.84143
G1 X98.912 Y127.177 E257.85309
G1 X98.95 Y127.5 E257.8639
G1 X98.911 Y127.834 E257.87509
G1 X98.771 Y128.197 E257.88803
G1 X98.569 Y128.478 E257.89954
G1 X98.302 Y128.708 E257.91126
G1 X97.992 Y128.864 E257.9228
G1 X97.687 Y128.939 E257.93325
G1 F2700 E252.93325
G0 F9000 X98.273 Y129.288
G0 X98.999 Y128.286
G0 X99.143 Y127.904
G0 X99.193 Y127.5
G0 X99.143 Y127.096
G0 X98.999 Y126.714
G0 X98.811 Y126.442
G0 X97.749 Y125.478
G0 X97.749 Y94.522
G0 X97.7 Y93.936
G1 F2700 E257.93325
G1 F1500 X97.299 Y93.936 E257.94659
G1 X97.008 Y93.864 E257.95656
G1 X96.657 Y93.68 E257.96974
G1 X96.4 Y93.443 E257.98136
G1 X96.206 Y93.153 E257.99297
G1 X96.089 Y92.834 E258.00427
G1 X96.051 Y92.5 E258.01545
G1 X96.099 Y92.13 E258.02786
G1 X96.229 Y91.803 E258.03956
G1 X96.431 Y91.522 E258.05107
G1 X96.698 Y91.292 E258.0628
G1 X97.008 Y91.136 E258.07434
G1 X97.313 Y91.061 E258.08478
G1 X97.701 Y91.064 E258.09769
G1 X97.992 Y91.136 E258.10766
G1 X98.343 Y91.32 E258.12084
G1 X98.6 Y91.557 E258.13247
G1 X98.794 Y91.847 E258.14407
G1 X98.912 Y92.177 E258.15573
G1 X98.95 Y92.5 E258.16655
G1 X98.911 Y92.834 E258.17773
G1 X98.771 Y93.197 E258.19067
G1 X98.569 Y93.478 E258.20218
G1 X98.302 Y93.708 E258.2139
G1 X97.992 Y93.864 E258.22545
G1 X97.7 Y93.936 E258.23545
G1 F2700 E253.23545
G0 F9000 X97.819 Y94.421
G0 X96.814 Y94.414
G0 X94.761 Y94.712
G0 X94.773 Y98.616
G0 X95.76 Y98.688
G0 X95.76 Y98.586
;TYPE:FILL
G1 F2700 E258.23545
G1 F3000 X94.68 Y102.616 E258.37422
G0 F9000 X94.68 Y102.412
G1 F3000 X96.318 Y101.973 E258.43062
G0 F9000 X96.319 Y100.976
G1 F3000 X94.68 Y99.337 E258.50771
G0 F9000 X94.9 Y99.337
G0 X94.9 Y104.994
G0 X94.68 Y104.994
G1 F3000 X96.319 Y106.633 E258.58481
G0 F9000 X96.319 Y106.114
G1 F3000 X94.681 Y106.553 E258.64121
G0 F9000 X94.9 Y106.553
G0 X96.22 Y110.255
G0 X96.319 Y110.255
G1 F3000 X94.681 Y110.694 E258.69761
G1 X94.68 Y110.651
G1 X96.319 Y112.29 E258.77471
G0 F9000 X96.319 Y111.957
G1 F3000 X94.681 Y118.071 E258.98523
G0 F9000 X94.68 Y118.976
G1 F3000 X96.318 Y118.537 E259.04163
G0 F9000 X96.319 Y117.947
G1 F3000 X94.68 Y116.308 E259.11873
G0 F9000 X94.9 Y116.308
G0 X94.9 Y114.835
G0 X94.68 Y114.835
G1 F3000 X96.319 Y114.396 E259.17516
G1 F2700 E254.17516
G0 F9000 X96.22 Y114.396
G0 X94.773 Y98.616
G0 X97.25 Y94.522
G0 X97.796 Y94.696
;TYPE:SKIN
G1 F2700 E259.17516
G1 F1500 X98.263 Y94.58 E259.19117
G1 X98.779 Y94.311 E259.21052
G1 X99.175 Y93.948 E259.22839
G1 X99.474 Y93.504 E259.24619
G1 F1515.2 X99.654 Y93.01 E259.2635
G1 F1583.1 X99.692 Y92.48 E259.28025
G1 X99.652 Y92 E259.29543
G1 F1515.2 X99.476 Y91.497 E259.31298
G1 F1500 X99.175 Y91.051 E259.33087
G1 X98.736 Y90.659 E259.35045
G1 X98.311 Y90.437 E259.36639
G1 X97.796 Y90.304 E259.38409
G1 X97.225 Y90.301 E259.40308
G1 X96.732 Y90.42 E259.41995
G1 X96.266 Y90.657 E259.43733
G1 X95.824 Y91.053 E259.45707
G1 X95.549 Y91.451 E259.47316
G1 F1542.4 X95.348 Y91.975 E259.49132
G1 F1612.9 X95.309 Y92.481 E259.50701
G1 F1578.9 X95.349 Y93.027 E259.52431
G1 F1511.3 X95.527 Y93.507 E259.54121
G1 F1500 X95.824 Y93.947 E259.55887
G1 X96.223 Y94.313 E259.57688
G1 X96.689 Y94.563 E259.59446
G1 X97.226 Y94.7 E259.6129
G1 X97.796 Y94.696 E259.63186
G1 F2700 E254.63186
G0 F9000 X97.739 Y94.441
G0 X97.25 Y94.522
G0 X94.773 Y98.616
G0 X96.22 Y121.362
G0 X100.04 Y131.539
G1 F2700 E259.63186
G1 F1500 X94.961 Y131.539 E259.80078
G1 F1515.2 X94.958 Y128.125 E259.9132
G1 F1583.1 X94.943 Y127.5 E259.9329
G1 F1570.7 X94.962 Y126.39 E259.96816
G1 F1500 X94.961 Y121.452 E260.1324
G1 X96.213 Y121.452 E260.17404
G1 X96.295 Y121.401 E260.17726
G1 X96.358 Y121.287 E260.18159
G1 X96.36 Y98.679 E260.93353
G1 X96.213 Y98.548 E260.94008
G1 X94.961 Y98.548 E260.98172
G1 F1515.2 X94.958 Y93.125 E261.16029
G1 F1583.1 X94.943 Y92.5 E261.17999
G1 F1570.7 X94.962 Y91.39 E261.21525
G1 F1500 X94.961 Y88.461 E261.31267
G1 X100.04 Y88.46 E261.4816
G1 F1515.2 X100.044 Y91.979 E261.59747
G1 F1583.1 X100.058 Y92.5 E261.6139
G1 F1587.3 X100.044 Y93.018 E261.63019
G1 F1530.6 X100.044 Y126.979 E262.73714
G1 F1583.1 X100.058 Y127.5 E262.75357
G1 F1587.3 X100.044 Y128.018 E262.76985
G1 F1515.2 X100.04 Y131.539 E262.88579
G1 F2700 E257.88579
G0 F9000 X96.22 Y121.362
G0 X94.773 Y121.383
G0 X94.761 Y123.548
G0 X97.25 Y125.478
G0 X97.775 Y129.699
G1 F2700 E262.88579
G1 F1500 X98.267 Y129.58 E262.90263
G1 X98.735 Y129.343 E262.92008
G1 X99.175 Y128.948 E262.93974
G1 X99.474 Y128.504 E262.95755
G1 F1515.2 X99.654 Y128.01 E262.97486
G1 F1583.1 X99.692 Y127.48 E262.9916
G1 X99.652 Y127 E263.00678
G1 F1515.2 X99.476 Y126.497 E263.02433
G1 F1500 X99.175 Y126.051 E263.04223
G1 X98.779 Y125.689 E263.06007
G1 X98.263 Y125.42 E263.07942
G1 X97.796 Y125.304 E263.09543
G1 X97.226 Y125.3 E263.11439
G1 X96.734 Y125.42 E263.13123
G1 X96.223 Y125.687 E263.15041
G1 X95.824 Y126.053 E263.16842
G1 X95.549 Y126.451 E263.18451
G1 F1542.4 X95.348 Y126.975 E263.20266
G1 F1612.9 X95.309 Y127.481 E263.21836
G1 F1578.9 X95.349 Y128.027 E263.23566
G1 F1511.3 X95.527 Y128.507 E263.25256
G1 F1500 X95.824 Y128.947 E263.27021
G1 X96.223 Y129.313 E263.28822
G1 X96.689 Y129.563 E263.30581
G1 X97.204 Y129.696 E263.3235
G1 X97.775 Y129.699 E263.34249
G1 F2700 E258.34249
G0 F9000 X98.273 Y129.288
G0 X98.999 Y128.286
G0 X99.143 Y127.904
G0 X99.193 Y127.5
G0 X99.143 Y127.096
G0 X98.999 Y126.714
G0 X98.767 Y126.378
G0 X98.461 Y126.107
G0 X96.776 Y125.595
G0 X94.761 Y123.548
G0 X94.773 Y121.383
G0 X95.706 Y121.312
G0 X95.699 Y131.338
G1 F2700 E263.34249
G1 F1500 X95.161 Y130.799 E263.36782
G0 F9000 X95.161 Y130.233
G1 F1500 X96.265 Y131.338 E263.41977
G0 F9000 X96.831 Y131.338
G1 F1500 X95.161 Y129.667 E263.49835
G0 F9000 X95.161 Y129.102
G1 F1500 X97.396 Y131.338 E263.6035
G0 F9000 X97.962 Y131.338
G1 F1500 X96.067 Y129.442 E263.69266
G0 F9000 X95.599 Y128.974
G1 F1500 X95.16 Y128.535 E263.71331
G1 F2700 E258.71331
G0 F9000 X94.856 Y121.312
G0 X94.799 Y126.642
G0 X95.566 Y126.898
G0 X95.331 Y126.444
G1 F2700 E263.71331
G1 F1500 X95.161 Y126.273 E263.72133
G0 F9000 X95.549 Y126.096
G1 F1500 X95.161 Y125.708 E263.73958
G0 F9000 X95.161 Y125.142
G1 F1500 X95.807 Y125.788 E263.76996
G0 F9000 X96.105 Y125.521
G1 F1500 X95.161 Y124.576 E263.81439
G0 F9000 X95.161 Y124.01
G1 F1500 X96.472 Y125.322 E263.87608
G0 F9000 X96.89 Y125.174
G1 F1500 X95.161 Y123.445 E263.95741
G0 F9000 X95.161 Y122.879
G1 F1500 X97.381 Y125.099 E264.06183
G0 F9000 X97.993 Y125.146
G1 F1500 X95.161 Y122.313 E264.19506
G0 F9000 X95.161 Y121.748
G1 F1500 X99.301 Y125.888 E264.38979
G1 X99.318 Y125.905
G1 X99.845 Y126.432 E264.41458
G0 F9000 X99.845 Y125.867
G1 F1500 X95.629 Y121.651 E264.61289
G0 F9000 X96.195 Y121.651
G1 F1500 X99.845 Y125.301 E264.78457
G0 F9000 X99.845 Y124.735
G1 F1500 X96.51 Y121.4 E264.94144
G0 F9000 X96.555 Y120.879
G1 F1500 X99.845 Y124.17 E265.09622
G0 F9000 X99.845 Y123.604
G1 F1500 X96.555 Y120.314 E265.25097
G0 F9000 X96.555 Y119.748
G1 F1500 X99.844 Y123.037 E265.40567
G0 F9000 X99.844 Y122.472
G1 F1500 X96.555 Y119.182 E265.5604
G0 F9000 X96.555 Y118.617
G1 F1500 X99.844 Y121.906 E265.71511
G0 F9000 X99.844 Y121.34
G1 F1500 X96.555 Y118.051 E265.86981
G0 F9000 X96.556 Y117.486
G1 F1500 X99.844 Y120.775 E266.02449
G0 F9000 X99.844 Y120.209
G1 F1500 X96.556 Y116.92 E266.17917
G0 F9000 X96.556 Y116.355
G1 F1500 X99.844 Y119.643 E266.33383
G0 F9000 X99.844 Y119.077
G1 F1500 X96.556 Y115.789 E266.48849
G0 F9000 X96.556 Y115.223
G1 F1500 X99.844 Y118.511 E266.64314
G0 F9000 X99.844 Y117.946
G1 F1500 X96.556 Y114.658 E266.7978
G0 F9000 X96.556 Y114.092
G1 F1500 X99.844 Y117.38 E266.95246
G0 F9000 X99.844 Y116.814
G1 F1500 X96.556 Y113.527 E267.10709
G0 F9000 X96.556 Y112.961
G1 F1500 X99.844 Y116.249 E267.26175
G0 F9000 X99.843 Y115.682
G1 F1500 X96.556 Y112.396 E267.41634
G0 F9000 X96.556 Y111.83
G1 F1500 X99.843 Y115.116 E267.57092
G0 F9000 X99.843 Y114.551
G1 F1500 X96.556 Y111.264 E267.72553
G0 F9000 X96.556 Y110.698
G1 F1500 X99.843 Y113.985 E267.88014
G0 F9000 X99.843 Y113.419
G1 F1500 X96.556 Y110.133 E268.03473
G0 F9000 X96.557 Y109.568
G1 F1500 X99.843 Y112.854 E268.1893
G0 F9000 X99.843 Y112.288
G1 F1500 X96.557 Y109.002 E268.34386
G0 F9000 X96.557 Y108.436
G1 F1500 X99.842 Y111.722 E268.4984
G0 F9000 X99.842 Y111.156
G1 F1500 X96.557 Y107.871 E268.65291
G0 F9000 X96.557 Y107.305
G1 F1500 X99.842 Y110.59 E268.80743
G0 F9000 X99.842 Y110.025
G1 F1500 X96.557 Y106.739 E268.96197
G0 F9000 X96.558 Y106.174
G1 F1500 X99.842 Y109.459 E269.11646
G0 F9000 X99.842 Y108.893
G1 F1500 X96.558 Y105.609 E269.27093
G0 F9000 X96.558 Y105.043
G1 F1500 X99.842 Y108.327 E269.4254
G0 F9000 X99.842 Y107.761
G1 F1500 X96.558 Y104.477 E269.57987
G0 F9000 X96.558 Y103.912
G1 F1500 X99.842 Y107.195 E269.73432
G0 F9000 X99.842 Y106.63
G1 F1500 X96.558 Y103.346 E269.88879
G0 F9000 X96.558 Y102.78
G1 F1500 X99.842 Y106.064 E270.04326
G0 F9000 X99.842 Y105.498
G1 F1500 X96.558 Y102.215 E270.1977
G0 F9000 X96.558 Y101.65
G1 F1500 X99.842 Y104.933 E270.35215
G0 F9000 X99.841 Y104.366
G1 F1500 X96.558 Y101.084 E270.50655
G0 F9000 X96.558 Y100.518
G1 F1500 X99.841 Y103.801 E270.66097
G0 F9000 X99.841 Y103.235
G1 F1500 X96.558 Y99.953 E270.81537
G0 F9000 X96.558 Y99.387
G1 F1500 X99.841 Y102.669 E270.96977
G0 F9000 X99.841 Y102.104
G1 F1500 X96.558 Y98.821 E271.12419
G0 F9000 X96.084 Y98.347
G1 F1500 X95.161 Y97.423 E271.16763
G0 F9000 X95.161 Y96.858
G1 F1500 X99.841 Y101.538 E271.38776
G0 F9000 X99.84 Y100.972
G1 F1500 X95.161 Y96.292 E271.60787
G0 F9000 X95.161 Y95.726
G1 F1500 X99.84 Y100.406 E271.82798
G0 F9000 X99.84 Y99.84
G1 F1500 X95.161 Y95.161 E272.04806
G0 F9000 X95.161 Y94.595
G1 F1500 X99.84 Y99.274 E272.26815
G0 F9000 X99.84 Y98.709
G1 F1500 X95.161 Y94.029 E272.48826
G0 F9000 X95.433 Y93.736
G1 F1500 X95.158 Y93.461 E272.50119
G1 F2700 E267.50119
G0 F9000 X94.85 Y98.688
G0 X94.799 Y94.137
G0 X95.74 Y93.509
G0 X96.264 Y94.567
G1 F2700 E272.50119
G1 F1500 X99.84 Y98.143 E272.6694
G0 F9000 X99.84 Y97.577
G1 F1500 X97.152 Y94.889 E272.79583
G0 F9000 X97.729 Y94.901
G1 F1500 X99.839 Y97.011 E272.89508
G0 F9000 X99.839 Y96.445
G1 F1500 X98.196 Y94.802 E272.97236
G0 F9000 X98.596 Y94.637
G1 F1500 X99.839 Y95.88 E273.03083
G0 F9000 X99.839 Y95.314
G1 F1500 X98.951 Y94.425 E273.07262
G0 F9000 X99.248 Y94.157
G1 F1500 X99.839 Y94.748 E273.10042
G0 F9000 X99.839 Y94.183
G1 F1500 X99.493 Y93.836 E273.11672
G0 F9000 X99.839 Y93.617
G1 F1500 X99.695 Y93.473 E273.12349
G0 F9000 X99.269 Y93.312
G0 X99.237 Y91.604
G0 X99.842 Y91.357
G1 F1500 X97.145 Y88.66 E273.25035
G0 F9000 X96.58 Y88.66
G1 F1500 X98.09 Y90.17 E273.32138
G0 F9000 X97.454 Y90.1
G1 F1500 X96.014 Y88.66 E273.38911
G0 F9000 X95.448 Y88.66
G1 F1500 X96.949 Y90.161 E273.45971
G0 F9000 X96.52 Y90.297
G1 F1500 X95.16 Y88.937 E273.52368
G0 F9000 X95.16 Y89.503
G1 F1500 X96.148 Y90.491 E273.57016
G0 F9000 X95.846 Y90.755
G1 F1500 X95.161 Y90.069 E273.6024
G0 F9000 X95.161 Y90.635
G1 F1500 X95.579 Y91.054 E273.62208
G0 F9000 X95.351 Y91.391
G1 F1500 X95.161 Y91.201 E273.63102
G0 F9000 X94.85 Y98.638
G0 X96.27 Y98.638
G0 X97.711 Y88.66
G1 F1500 X99.842 Y90.791 E273.73126
G0 F9000 X99.841 Y90.224
G1 F1500 X98.277 Y88.66 E273.80482
G0 F9000 X98.842 Y88.66
G1 F1500 X99.84 Y89.658 E273.85177
G0 F9000 X99.839 Y89.091
G1 F1500 X99.408 Y88.66 E273.87204
G0 F9000 X96.27 Y98.638
G0 X94.85 Y98.638
G0 X95.161 Y97.989
G1 F1500 X95.518 Y98.347 E273.88885
G1 F2700 E268.88885
G0 F9000 X95.518 Y98.688
G0 X94.773 Y121.383
G0 X97.25 Y125.478
G0 X99.677 Y128.527
G1 F2700 E273.88885
G1 F1500 X99.839 Y128.689 E273.89647
G0 F9000 X99.463 Y128.879
G1 F1500 X99.839 Y129.255 E273.91416
G0 F9000 X99.839 Y129.821
G1 F1500 X99.21 Y129.191 E273.94377
G0 F9000 X98.912 Y129.459
G1 F1500 X99.839 Y130.386 E273.98737
G0 F9000 X99.839 Y130.952
G1 F1500 X98.55 Y129.663 E274.048
G0 F9000 X98.137 Y129.816
G1 F1500 X99.659 Y131.338 E274.11959
G0 F9000 X99.093 Y131.338
G1 F1500 X97.652 Y129.896 E274.1874
G0 F9000 X97.054 Y129.864
G1 F1500 X98.528 Y131.338 E274.25673
G1 F2700 E269.25673
G0 F9000 X96.22 Y121.362
G0 X94.773 Y121.383
G0 X94.773 Y131.727
G0 X100.228 Y131.728
G0 X100.58 Y131.63
G0 X101.665 Y131.63
G0 X118.335 Y131.63
G0 X119.42 Y131.63
G0 X119.87 Y131.63
G0 X119.6 Y131.9
;TYPE:WALL-INNER
G1 F2700 E274.25673
G1 F1500 X125.4 Y131.9 E274.44964
G1 X125.4 Y88.1 E275.90643
G1 X119.6 Y88.1 E276.09934
G1 X119.6 Y131.9 E277.55614
G0 F9000 X119.2 Y132.3
;TYPE:WALL-OUTER
G1 F1500 X125.8 Y132.3 E277.77565
G1 X125.8 Y87.7 E279.25905
G1 X119.2 Y87.7 E279.47857
G1 X119.2 Y132.3 E280.96197
G0 F9000 X119.985 Y131.819
;TYPE:FILL
G1 F3000 X125.319 Y111.91 E281.6475
G0 F9000 X125.1 Y111.91
G0 X125.1 Y113.006
G0 X125.319 Y113.006
G1 F3000 X119.679 Y107.365 E281.91282
G0 F9000 X119.679 Y108.137
G1 F3000 X125.319 Y106.626 E282.10702
G0 F9000 X125.319 Y107.349
G1 F3000 X119.679 Y101.708 E282.37233
G0 F9000 X119.679 Y102.048
G1 F3000 X123.396 Y88.178 E282.84993
G0 F9000 X123.121 Y88.18
G1 F3000 X125.319 Y90.378 E282.95331
G0 F9000 X125.318 Y90.061
G1 F3000 X119.679 Y91.572 E283.14748
G0 F9000 X119.9 Y91.572
G0 X119.9 Y90.395
G0 X119.679 Y90.395
G1 F3000 X125.319 Y96.035 E283.41277
G0 F9000 X125.319 Y96.455
G1 F3000 X119.679 Y117.503 E284.13753
G0 F9000 X119.9 Y117.503
G0 X119.9 Y116.419
G0 X119.679 Y116.419
G1 F3000 X125.319 Y114.908 E284.33173
G0 F9000 X125.1 Y114.908
G0 X125.1 Y118.663
G0 X125.319 Y118.663
G1 F3000 X119.679 Y113.022 E284.59704
G0 F9000 X119.679 Y112.278
G1 F3000 X125.318 Y110.767 E284.79121
G0 F9000 X125.1 Y110.767
G0 X125.1 Y102.485
G0 X125.319 Y102.485
G1 F3000 X119.68 Y103.996 E284.98538
G0 F9000 X119.9 Y103.996
G0 X119.9 Y99.854
G0 X119.68 Y99.854
G1 F3000 X125.319 Y98.343 E285.17955
G0 F9000 X125.1 Y98.343
G0 X125.1 Y101.692
G0 X125.319 Y101.692
G1 F3000 X119.679 Y96.051 E285.44487
G0 F9000 X119.679 Y95.714
G1 F3000 X125.319 Y94.202 E285.63908
G0 F9000 X125.1 Y94.202
G0 X125.1 Y119.049
G0 X125.319 Y119.049
G1 F3000 X119.679 Y120.56 E285.83328
G0 F9000 X119.9 Y120.56
G0 X119.9 Y118.679
G0 X119.679 Y118.679
G1 F3000 X125.319 Y124.319 E286.09857
G0 F9000 X125.1 Y124.319
G0 X125.1 Y123.19
G0 X125.319 Y123.19
G1 F3000 X119.68 Y124.701 E286.29274
G0 F9000 X119.679 Y124.336
G1 F3000 X125.319 Y129.976 E286.55803
G0 F9000 X125.1 Y129.976
G0 X125.1 Y131.472
G0 X125.318 Y131.472
G1 F3000 X124.024 Y131.819 E286.60259
G1 X124.126 Y131.819
G1 X125.319 Y127.364 E286.75598
G1 X125.319 Y127.331
G1 X119.679 Y128.842 E286.95018
G0 F9000 X119.9 Y128.842
G0 X119.9 Y129.993
G0 X119.679 Y129.993
G1 F3000 X121.505 Y131.819 E287.03607
G0 F9000 X121.505 Y131.3
G1 F2700 E282.03607
;MESH:NONMESH
G0 F300 X121.505 Y131.3 Z1.2
G0 F9000 X119.42 Y107.773
G0 X118.335 Y107.773
G0 X101.653 Y86.847
G0 X93.347 Y86.847
G0 X91.387 Y107.047
G0 X91.857 Y107.773
;TIME_ELAPSED:529.209164
;LAYER:5
;TYPE:SUPPORT
G1 F2700 E287.03607
G1 F1500 X92.2 Y107.551 E287.04966
G1 X92.493 Y107.447 E287.06
G1 X92.844 Y107.44 E287.07168
G1 X92.878 Y107.508 E287.07421
G1 X93 Y107.551 E287.07851
G1 X93 Y112.47 E287.24212
G1 X92.873 Y112.552 E287.24714
G1 X92.514 Y112.552 E287.25909
G1 X92.107 Y112.413 E287.27339
G1 X91.775 Y112.117 E287.28818
G1 X91.234 Y111.426 E287.31737
G1 X91.048 Y110.97 E287.33375
G1 X91.001 Y110.664 E287.34405
G1 X91 Y109.236 E287.39154
G1 X91.091 Y108.884 E287.40364
G1 X91.22 Y108.591 E287.41428
G1 X91.375 Y108.374 E287.42315
G1 X91.857 Y107.773 E287.44878
G1 X92 Y107.775
G1 X92 Y112.21 E287.59629
G0 F9000 X91.783 Y112
G1 F1500 X92.92 Y112 E287.6341
G1 F2700 E282.6341
G0 F9000 X92.92 Y113.417
G0 X92.371 Y113.416
G0 X91.851 Y113.239
G0 X91.519 Y113.048
G0 X91.139 Y112.709
G0 X90.479 Y111.866
G0 X90.209 Y111.203
G0 X90.137 Y110.73
G0 X90.136 Y109.124
G0 X90.27 Y108.604
G0 X90.465 Y108.161
G0 X91.272 Y107.122
G0 X91.811 Y106.773
G0 X92.237 Y106.62
G0 X92.897 Y106.574
G0 X92.92 Y108
G1 F2700 E287.6341
G1 F1500 X91.778 Y108 E287.67209
G1 F2700 E282.67209
;MESH:Garmin_GFC500 Wheel Support - Wheel Spacer.stl
G0 F9000 X94.42 Y108
G0 X96.13 Y121.572
G0 X96.4 Y121.841
;TYPE:WALL-INNER
G1 F2700 E287.67209
G1 F1500 X96.4 Y98.158 E288.45979
G1 X94.6 Y98.158 E288.51965
G1 X94.6 Y121.841 E289.30735
G1 X96.4 Y121.841 E289.36722
G0 F9000 X96.8 Y122.241
;TYPE:WALL-OUTER
G1 F1500 X96.8 Y97.758 E290.18153
G1 X94.2 Y97.758 E290.26801
G1 X94.2 Y122.241 E291.08231
G1 X96.8 Y122.241 E291.16879
G0 F9000 X96.53 Y121.972
G0 X96.1 Y118.683
G0 X96.318 Y118.683
;TYPE:FILL
G1 F3000 X94.679 Y119.123 E291.22523
G0 F9000 X94.9 Y119.123
G0 X94.9 Y117.532
G0 X94.679 Y117.532
G1 F3000 X96.319 Y111.411 E291.436
G0 F9000 X96.319 Y112.091
G1 F3000 X94.679 Y110.45 E291.51316
G0 F9000 X94.679 Y110.84
G1 F3000 X96.319 Y110.401 E291.56963
G0 F9000 X96.1 Y110.401
G0 X96.1 Y106.434
G0 X96.319 Y106.434
G1 F3000 X94.679 Y104.793 E291.6468
G0 F9000 X94.9 Y104.793
G0 X94.9 Y106.699
G0 X94.679 Y106.699
G1 F3000 X96.319 Y106.26 E291.70326
G0 F9000 X96.1 Y106.26
G0 X94.9 Y102.558
G0 X94.679 Y102.558
G1 F3000 X96.319 Y102.119 E291.75973
G0 F9000 X96.1 Y102.119
G0 X96.1 Y100.777
G0 X96.319 Y100.777
G1 F3000 X94.679 Y99.137 E291.83687
G0 F9000 X94.679 Y98.417
G1 F3000 X95.35 Y98.237 E291.85998
G0 F9000 X95.708 Y98.236
G1 F3000 X94.679 Y102.077 E291.99223
G0 F9000 X94.9 Y102.077
G0 X96.1 Y114.542
G0 X96.318 Y114.542
G1 F3000 X94.679 Y114.982 E292.04868
G0 F9000 X94.9 Y114.982
G0 X94.9 Y116.107
G0 X94.679 Y116.107
G1 F3000 X96.319 Y117.748 E292.12584
G0 F9000 X95.8 Y117.748
G1 F2700 E287.12584
G0 F9000 X96.586 Y122.028
G0 X97.665 Y122.028
G0 X118.335 Y122.028
G0 X119.42 Y122.028
G0 X119.87 Y131.63
G0 X119.6 Y131.9
;TYPE:WALL-INNER
G1 F2700 E292.12584
G1 F1500 X125.4 Y131.9 E292.31875
G1 X125.4 Y88.1 E293.77554
G1 X119.6 Y88.1 E293.96845
G1 X119.6 Y131.9 E295.42525
G0 F9000 X119.2 Y132.3
;TYPE:WALL-OUTER
G1 F1500 X125.8 Y132.3 E295.64476
G1 X125.8 Y87.7 E297.12817
G1 X119.2 Y87.7 E297.34768
G1 X119.2 Y132.3 E298.83109
G0 F9000 X119.839 Y131.819
;TYPE:FILL
G1 F3000 X125.319 Y111.365 E299.53538
G0 F9000 X125.319 Y110.913
G1 F3000 X119.679 Y112.424 E299.72958
G0 F9000 X119.679 Y112.823
G1 F3000 X125.319 Y118.463 E299.99487
G0 F9000 X125.319 Y119.195
G1 F3000 X119.68 Y120.706 E300.18904
G0 F9000 X119.9 Y120.706
G0 X119.9 Y118.479
G0 X119.679 Y118.479
G1 F3000 X125.319 Y124.12 E300.45435
G0 F9000 X125.319 Y123.336
G1 F3000 X119.679 Y124.847 E300.64856
G0 F9000 X119.679 Y124.136
G1 F3000 X125.319 Y129.777 E300.91387
G0 F9000 X125.1 Y129.777
G0 X125.1 Y131.618
G0 X125.318 Y131.618
G1 F3000 X124.57 Y131.819 E300.93963
G0 F9000 X123.979 Y131.82
G1 F3000 X125.319 Y126.82 E301.1118
G0 F9000 X125.318 Y127.477
G1 F3000 X119.679 Y128.988 E301.30597
G0 F9000 X119.679 Y129.793
G1 F3000 X121.705 Y131.819 E301.40127
G0 F9000 X121.705 Y131.6
G0 X119.9 Y116.958
G0 X119.679 Y116.958
G1 F3000 X125.319 Y95.911 E302.12599
G1 X125.319 Y95.836
G1 X119.679 Y90.195 E302.3913
G0 F9000 X119.9 Y90.195
G0 X119.9 Y91.718
G0 X119.679 Y91.718
G1 F3000 X125.319 Y90.207 E302.5855
G1 X125.319 Y90.179
G1 X123.32 Y88.18 E302.67953
G1 X123.25 Y88.179
G1 X119.679 Y101.504 E303.13836
G1 X119.679 Y101.509
G1 X125.319 Y107.15 E303.40367
G0 F9000 X125.318 Y106.772
G1 F3000 X119.679 Y108.283 E303.59784
G0 F9000 X119.9 Y108.283
G0 X119.9 Y107.166
G0 X119.679 Y107.166
G1 F3000 X125.319 Y112.806 E303.86313
G0 F9000 X125.1 Y112.806
G0 X125.1 Y115.054
G0 X125.319 Y115.054
G1 F3000 X119.68 Y116.565 E304.0573
G0 F9000 X119.9 Y116.565
G0 X119.9 Y104.142
G0 X119.679 Y104.142
G1 F3000 X125.319 Y102.631 E304.25151
G0 F9000 X125.1 Y102.631
G0 X125.1 Y101.493
G0 X125.319 Y101.493
G1 F3000 X119.679 Y95.852 E304.51682
G1 X119.68 Y95.859
G1 X125.319 Y94.348 E304.71099
G0 F9000 X125.1 Y94.348
G0 X125.1 Y98.489
G0 X125.319 Y98.489
G1 F3000 X119.68 Y100 E304.90516
G0 F9000 X120.2 Y100
G1 F2700 E299.90516
;MESH:NONMESH
G0 F300 X120.2 Y100 Z1.4
G0 F9000 X119.42 Y107.773
G0 X118.335 Y107.773
G0 X97.653 Y96.905
G0 X93.347 Y96.905
G0 X91.387 Y107.047
G0 X91.857 Y107.773
;TIME_ELAPSED:558.082322
;LAYER:6
;TYPE:SUPPORT
G1 F2700 E304.90516
G1 F1500 X92.2 Y107.551 E304.91875
G1 X92.493 Y107.447 E304.92909
G1 X92.844 Y107.44 E304.94076
G1 X92.878 Y107.508 E304.94329
G1 X93 Y107.551 E304.9476
G1 X93 Y112.47 E305.1112
G1 X92.873 Y112.552 E305.11623
G1 X92.514 Y112.552 E305.12817
G1 X92.107 Y112.413 E305.14248
G1 X91.775 Y112.117 E305.15727
G1 X91.234 Y111.426 E305.18646
G1 X91.048 Y110.97 E305.20284
G1 X91.001 Y110.664 E305.21313
G1 X91 Y109.236 E305.26063
G1 X91.091 Y108.884 E305.27272
G1 X91.22 Y108.591 E305.28337
G1 X91.375 Y108.374 E305.29224
G1 X91.857 Y107.773 E305.31786
G1 X92 Y107.775
G1 X92 Y112.21 E305.46537
G0 F9000 X91.783 Y112
G1 F1500 X92.92 Y112 E305.50319
G1 F2700 E300.50319
G0 F9000 X92.92 Y113.417
G0 X92.371 Y113.416
G0 X91.851 Y113.239
G0 X91.519 Y113.048
G0 X91.139 Y112.709
G0 X90.479 Y111.866
G0 X90.209 Y111.203
G0 X90.137 Y110.73
G0 X90.136 Y109.124
G0 X90.27 Y108.604
G0 X90.465 Y108.161
G0 X91.272 Y107.122
G0 X91.811 Y106.773
G0 X92.237 Y106.62
G0 X92.897 Y106.574
G0 X92.92 Y108
G1 F2700 E305.50319
G1 F1500 X91.778 Y108 E305.54117
G1 F2700 E300.54117
;MESH:Garmin_GFC500 Wheel Support - Wheel Spacer.stl
G0 F9000 X94.42 Y108
G0 X96.13 Y121.455
G0 X96.4 Y121.724
;TYPE:WALL-INNER
G1 F2700 E305.54117
G1 F1500 X96.4 Y98.275 E306.32109
G1 X94.6 Y98.275 E306.38096
G1 X94.6 Y121.724 E307.16087
G1 X96.4 Y121.724 E307.22074
G0 F9000 X96.8 Y122.124
;TYPE:WALL-OUTER
G1 F1500 X96.8 Y97.875 E308.02727
G1 X94.2 Y97.875 E308.11374
G1 X94.2 Y122.124 E308.92027
G1 X96.8 Y122.124 E309.00675
G0 F9000 X96.53 Y121.855
G0 X94.87 Y121.454
G0 X94.757 Y121.642
;TYPE:FILL
G1 F3000 X94.68 Y121.565 E309.01037
G0 F9000 X94.87 Y121.454
G0 X94.9 Y119.268
G0 X94.68 Y119.268
G1 F3000 X96.319 Y118.829 E309.0668
G0 F9000 X96.1 Y118.829
G0 X96.1 Y117.549
G0 X96.32 Y117.549
G1 F3000 X94.68 Y115.908 E309.14397
G0 F9000 X94.68 Y115.127
G1 F3000 X96.318 Y114.688 E309.20037
G0 F9000 X96.1 Y114.688
G0 X96.1 Y111.892
G0 X96.32 Y111.892
G1 F3000 X94.68 Y110.252 E309.27751
G0 F9000 X94.679 Y110.986
G1 F3000 X96.318 Y110.547 E309.33394
G0 F9000 X96.319 Y110.867
G1 F3000 X94.679 Y116.987 E309.54468
G0 F9000 X94.9 Y116.987
G0 X94.9 Y106.845
G0 X94.679 Y106.845
G1 F3000 X96.319 Y106.406 E309.60115
G1 X96.32 Y106.235
G1 X94.68 Y104.595 E309.67829
G0 F9000 X94.9 Y104.595
G0 X94.9 Y102.704
G0 X94.68 Y102.704
G1 F3000 X96.319 Y102.265 E309.73472
G0 F9000 X96.1 Y102.265
G0 X96.1 Y100.578
G0 X96.32 Y100.578
G1 F3000 X94.68 Y98.938 E309.81186
G0 F9000 X94.679 Y98.563
G1 F3000 X95.458 Y98.354 E309.83869
G1 X95.531 Y98.353
G1 X94.68 Y101.53 E309.94808
G0 F9000 X95.2 Y101.53
G1 F2700 E304.94808
G0 F9000 X96.586 Y121.911
G0 X97.665 Y121.911
G0 X118.335 Y121.911
G0 X119.42 Y121.911
G0 X119.87 Y131.63
G0 X119.6 Y131.9
;TYPE:WALL-INNER
G1 F2700 E309.94808
G1 F1500 X125.4 Y131.9 E310.14099
G1 X125.4 Y88.1 E311.59778
G1 X119.6 Y88.1 E311.79069
G1 X119.6 Y131.9 E313.24749
G0 F9000 X119.2 Y132.3
;TYPE:WALL-OUTER
G1 F1500 X125.8 Y132.3 E313.467
G1 X125.8 Y87.7 E314.9504
G1 X119.2 Y87.7 E315.16992
G1 X119.2 Y132.3 E316.65332
G0 F9000 X119.693 Y131.819
;TYPE:FILL
G1 F3000 X125.319 Y110.821 E317.37635
G0 F9000 X125.319 Y111.059
G1 F3000 X119.68 Y112.57 E317.57052
G1 X119.679 Y112.623
G1 X125.319 Y118.264 E317.83584
G0 F9000 X125.1 Y118.264
G0 X125.1 Y119.341
G0 X125.318 Y119.341
G1 F3000 X119.679 Y120.852 E318.03001
G0 F9000 X119.9 Y120.852
G0 X119.9 Y118.28
G0 X119.679 Y118.28
G1 F3000 X125.319 Y123.921 E318.29532
G0 F9000 X125.318 Y123.482
G1 F3000 X119.679 Y124.993 E318.48949
G0 F9000 X119.9 Y124.993
G0 X119.9 Y123.937
G0 X119.679 Y123.937
G1 F3000 X125.319 Y129.578 E318.7548
G0 F9000 X125.1 Y129.578
G0 X125.1 Y127.623
G0 X125.319 Y127.623
G1 F3000 X119.679 Y129.134 E318.949
G0 F9000 X119.679 Y129.594
G1 F3000 X121.904 Y131.819 E319.05366
G0 F9000 X121.904 Y131.6
G0 X123.833 Y131.6
G0 X123.833 Y131.82
G1 F3000 X125.319 Y126.275 E319.24459
G0 F9000 X125.1 Y126.275
G0 X125.13 Y131.63
G0 X125.319 Y131.764
G1 F3000 X125.114 Y131.819 E319.25165
G0 F9000 X125.114 Y131.6
G0 X119.9 Y116.711
G0 X119.68 Y116.711
G1 F3000 X125.319 Y115.2 E319.44582
G0 F9000 X125.1 Y115.2
G0 X125.1 Y112.607
G0 X125.319 Y112.607
G1 F3000 X119.679 Y106.966 E319.71114
G0 F9000 X119.9 Y106.966
G0 X119.9 Y108.429
G0 X119.679 Y108.429
G1 F3000 X125.319 Y106.918 E319.90534
G1 X125.319 Y106.95
G1 X119.679 Y101.31 E320.17063
G0 F9000 X119.679 Y100.959
G1 F3000 X123.104 Y88.179 E320.61069
G0 F9000 X123.52 Y88.18
G1 F3000 X125.319 Y89.98 E320.69533
G0 F9000 X125.319 Y90.353
G1 F3000 X119.68 Y91.864 E320.88951
G0 F9000 X119.9 Y91.864
G0 X119.9 Y89.996
G0 X119.679 Y89.996
G1 F3000 X125.319 Y95.636 E321.15479
G0 F9000 X125.319 Y95.366
G1 F3000 X119.679 Y116.414 E321.87955
G0 F9000 X119.9 Y116.414
G0 X119.9 Y104.288
G0 X119.679 Y104.288
G1 F3000 X125.318 Y102.777 E322.07372
G0 F9000 X125.1 Y102.777
G0 X125.1 Y101.293
G0 X125.319 Y101.293
G1 F3000 X119.679 Y95.653 E322.33901
G0 F9000 X119.68 Y96.005
G1 F3000 X125.319 Y94.494 E322.53318
G0 F9000 X125.1 Y94.494
G0 X125.1 Y98.635
G0 X125.319 Y98.635
G1 F3000 X119.679 Y100.146 E322.72738
G0 F9000 X120.2 Y100.146
G1 F2700 E317.72738
;MESH:NONMESH
G0 F300 X120.2 Y100.146 Z1.6
G0 F9000 X119.42 Y107.773
G0 X118.335 Y107.773
G0 X97.653 Y97.022
G0 X93.347 Y97.022
G0 X91.387 Y107.047
G0 X91.857 Y107.773
;TIME_ELAPSED:587.392001
;LAYER:7
;TYPE:SUPPORT
G1 F2700 E322.72738
G1 F1500 X92.2 Y107.551 E322.74097
G1 X92.493 Y107.447 E322.75131
G1 X92.844 Y107.44 E322.76299
G1 X92.878 Y107.508 E322.76552
G1 X93 Y107.551 E322.76982
G1 X93 Y112.47 E322.93343
G1 X92.873 Y112.552 E322.93845
G1 X92.514 Y112.552 E322.95039
G1 X92.107 Y112.413 E322.9647
G1 X91.775 Y112.117 E322.97949
G1 X91.234 Y111.426 E323.00868
G1 X91.048 Y110.97 E323.02506
G1 X91.001 Y110.664 E323.03536
G1 X91 Y109.236 E323.08285
G1 X91.091 Y108.884 E323.09495
G1 X91.22 Y108.591 E323.10559
G1 X91.375 Y108.374 E323.11446
G1 X91.857 Y107.773 E323.14009
G1 X92 Y107.775
G1 X92 Y112.21 E323.2876
G0 F9000 X91.783 Y112
G1 F1500 X92.92 Y112 E323.32541
G1 F2700 E318.32541
G0 F9000 X92.92 Y113.417
G0 X92.371 Y113.416
G0 X91.851 Y113.239
G0 X91.519 Y113.048
G0 X91.139 Y112.709
G0 X90.479 Y111.866
G0 X90.209 Y111.203
G0 X90.137 Y110.73
G0 X90.136 Y109.124
G0 X90.27 Y108.604
G0 X90.465 Y108.161
G0 X91.272 Y107.122
G0 X91.811 Y106.773
G0 X92.237 Y106.62
G0 X92.897 Y106.574
G0 X92.92 Y108
G1 F2700 E323.32541
G1 F1500 X91.778 Y108 E323.3634
G1 F2700 E318.3634
;MESH:Garmin_GFC500 Wheel Support - Wheel Spacer.stl
G0 F9000 X94.42 Y108
G0 X96.13 Y121.339
G0 X96.4 Y121.608
;TYPE:WALL-INNER
G1 F2700 E323.3634
G1 F1500 X96.4 Y98.391 E324.1356
G1 X94.6 Y98.391 E324.19546
G1 X94.6 Y121.608 E324.96767
G1 X96.4 Y121.608 E325.02753
G0 F9000 X96.8 Y122.008
;TYPE:WALL-OUTER
G1 F1500 X96.8 Y97.991 E325.82634
G1 X94.2 Y97.991 E325.91282
G1 X94.2 Y122.008 E326.71163
G1 X96.8 Y122.008 E326.7981
G0 F9000 X96.53 Y121.739
G0 X94.843 Y121.309
G0 X94.842 Y121.526
;TYPE:FILL
G1 F3000 X94.68 Y121.364 E326.80572
G0 F9000 X94.9 Y121.364
G0 X94.9 Y119.415
G0 X94.68 Y119.415
G1 F3000 X96.319 Y118.976 E326.86216
G0 F9000 X96.1 Y118.976
G0 X96.1 Y117.348
G0 X96.32 Y117.348
G1 F3000 X94.68 Y115.708 E326.9393
G0 F9000 X94.68 Y115.274
G1 F3000 X96.318 Y114.835 E326.9957
G0 F9000 X96.1 Y114.835
G0 X94.9 Y116.438
G0 X94.679 Y116.438
G1 F3000 X96.319 Y110.318 E327.20644
G0 F9000 X96.318 Y110.694
G1 F3000 X94.679 Y111.133 E327.26287
G0 F9000 X94.9 Y111.133
G0 X94.9 Y110.051
G0 X94.68 Y110.051
G1 F3000 X96.32 Y111.691 E327.34001
G0 F9000 X96.1 Y111.691
G0 X94.9 Y106.992
G0 X94.679 Y106.992
G1 F3000 X96.319 Y106.553 E327.39648
G0 F9000 X96.32 Y106.034
G1 F3000 X94.68 Y104.394 E327.47362
G0 F9000 X94.9 Y104.394
G0 X94.9 Y102.851
G0 X94.68 Y102.851
G1 F3000 X96.319 Y102.412 E327.53005
G0 F9000 X96.1 Y102.412
G0 X96.1 Y100.378
G0 X96.32 Y100.378
G1 F3000 X94.68 Y98.737 E327.60722
G1 X94.679 Y98.71
G1 X95.574 Y98.47 E327.63804
G0 F9000 X95.353 Y98.47
G1 F3000 X94.68 Y100.981 E327.7245
G0 F9000 X95.2 Y100.981
G1 F2700 E322.7245
G0 F9000 X96.586 Y121.795
G0 X97.665 Y121.795
G0 X118.335 Y121.795
G0 X119.42 Y121.795
G0 X119.87 Y131.63
G0 X119.6 Y131.9
;TYPE:WALL-INNER
G1 F2700 E327.7245
G1 F1500 X125.4 Y131.9 E327.91741
G1 X125.4 Y88.1 E329.3742
G1 X119.6 Y88.1 E329.56711
G1 X119.6 Y131.9 E331.02391
G0 F9000 X119.2 Y132.3
;TYPE:WALL-OUTER
G1 F1500 X125.8 Y132.3 E331.24342
G1 X125.8 Y87.7 E332.72683
G1 X119.2 Y87.7 E332.94634
G1 X119.2 Y132.3 E334.42974
G0 F9000 X119.47 Y132.03
G0 X119.9 Y131.32
G0 X119.679 Y131.32
;TYPE:FILL
G1 F3000 X120.607 Y127.859 E334.54892
G0 F9000 X120.508 Y127.869
G0 X120.645 Y128.18
G0 X121.098 Y128.958
G0 X121.165 Y128.883
G1 F3000 X119.679 Y129.281 E334.60009
G1 X119.679 Y129.393
G1 X122.105 Y131.819 E334.7142
G0 F9000 X122.105 Y131.6
G0 X123.686 Y131.6
G0 X123.686 Y131.82
G1 F3000 X125.319 Y125.727 E334.92401
G0 F9000 X125.1 Y125.727
G0 X125.1 Y123.72
G0 X125.319 Y123.72
G1 F3000 X119.679 Y118.079 E335.18932
G0 F9000 X119.9 Y118.079
G0 X119.9 Y116.858
G0 X119.68 Y116.858
G1 F3000 X125.319 Y115.347 E335.38349
G0 F9000 X125.1 Y115.347
G0 X125.1 Y118.063
G0 X125.319 Y118.063
G1 F3000 X119.679 Y112.422 E335.6488
G0 F9000 X119.679 Y112.717
G1 F3000 X125.319 Y111.206 E335.843
G0 F9000 X125.319 Y110.272
G1 F3000 X121.045 Y126.223 E336.39225
G0 F9000 X121.694 Y125.751
G1 F3000 X119.679 Y123.736 E336.48703
G0 F9000 X119.9 Y123.736
G0 X119.9 Y125.14
G0 X119.679 Y125.14
G1 F3000 X125.318 Y123.629 E336.6812
G0 F9000 X125.1 Y123.629
G0 X125.1 Y127.77
G0 X125.318 Y127.77
G1 F3000 X124.354 Y128.029 E336.7144
G0 F9000 X124.249 Y128.306
G1 F3000 X125.319 Y129.377 E336.76475
G0 F9000 X125.1 Y129.377
G0 X125.1 Y119.488
G0 X125.319 Y119.488
G1 F3000 X119.679 Y120.999 E336.95896
G0 F9000 X119.9 Y120.999
G0 X119.9 Y115.865
G0 X119.679 Y115.865
G1 F3000 X125.319 Y94.817 E337.68371
G1 X125.319 Y94.641
G1 X119.68 Y96.152 E337.87788
G0 F9000 X119.679 Y95.452
G1 F3000 X125.319 Y101.092 E338.14317
G0 F9000 X125.1 Y101.092
G0 X125.1 Y102.924
G0 X125.318 Y102.924
G1 F3000 X119.679 Y104.435 E338.33734
G0 F9000 X119.9 Y104.435
G0 X119.9 Y106.766
G0 X119.679 Y106.766
G1 F3000 X125.319 Y112.406 E338.60263
G0 F9000 X125.1 Y112.406
G0 X125.1 Y107.065
G0 X125.319 Y107.065
G1 F3000 X119.679 Y108.576 E338.79683
G0 F9000 X119.9 Y108.576
G0 X125.1 Y106.749
G0 X125.319 Y106.749
G1 F3000 X119.679 Y101.109 E339.06212
G0 F9000 X119.679 Y100.41
G1 F3000 X121.378 Y94.072 E339.28037
G0 F9000 X121.312 Y94.146
G0 X122.262 Y94.46
G0 X122.738 Y94.46
G0 X123.112 Y94.369
G0 X123.864 Y93.991
G0 X123.798 Y93.915
G1 F3000 X125.319 Y95.436 E339.35191
G0 F9000 X125.1 Y95.436
G0 X125.1 Y98.782
G0 X125.319 Y98.782
G1 F3000 X119.679 Y100.293 E339.54611
G0 F9000 X119.9 Y100.293
G0 X119.9 Y92.011
G0 X119.68 Y92.011
G1 F3000 X120.736 Y91.728 E339.58248
G0 F9000 X121.077 Y91.193
G1 F3000 X119.679 Y89.795 E339.64823
G0 F9000 X119.9 Y89.795
G0 X122.314 Y90.479
G0 X122.314 Y90.578
G1 F3000 X122.957 Y88.179 E339.73084
G0 F9000 X123.721 Y88.18
G1 F3000 X125.319 Y89.779 E339.80603
G0 F9000 X125.319 Y90.5
G1 F3000 X123.643 Y90.949 E339.86374
G0 F9000 X123.71 Y90.874
G0 X124.25 Y91.583
G0 X124.418 Y92.028
G0 X124.475 Y92.5
G0 X124.418 Y92.972
G0 X124.25 Y93.417
G0 X123.978 Y93.809
G0 X123.621 Y94.123
G0 X123.199 Y94.348
G0 X122.233 Y94.515
G0 X122.266 Y94.381
;TYPE:SKIN
G1 F1500 X121.836 Y94.276 E339.87846
G1 X121.424 Y94.056 E339.89399
G1 X121.08 Y93.753 E339.90924
G1 X120.821 Y93.38 E339.92435
G1 X120.661 Y92.957 E339.93939
G1 X120.606 Y92.5 E339.9547
G1 X120.661 Y92.043 E339.97001
G1 X120.821 Y91.62 E339.98505
G1 X121.08 Y91.247 E340.00015
G1 X121.424 Y90.944 E340.0154
G1 X121.836 Y90.724 E340.03093
G1 X122.266 Y90.619 E340.04566
G1 X122.734 Y90.62 E340.06122
G1 X123.164 Y90.724 E340.07594
G1 X123.576 Y90.944 E340.09147
G1 X123.92 Y91.247 E340.10672
G1 X124.179 Y91.62 E340.12182
G1 X124.339 Y92.043 E340.13686
G1 X124.393 Y92.501 E340.1522
G1 X124.339 Y92.957 E340.16747
G1 X124.179 Y93.38 E340.18252
G1 X123.92 Y93.753 E340.19762
G1 X123.576 Y94.056 E340.21287
G1 X123.164 Y94.276 E340.2284
G1 X122.734 Y94.381 E340.24312
G1 X122.266 Y94.381 E340.25869
G0 F9000 X122.233 Y94.515
G0 X123.199 Y94.348
G0 X123.621 Y94.123
G0 X123.823 Y93.945
G0 X124.356 Y93.307
G0 X124.037 Y93.186
G1 F1500 X123.185 Y94.038 E340.29876
G0 F9000 X122.476 Y94.18
G1 F1500 X124.186 Y92.471 E340.37917
G0 F9000 X124.103 Y91.988
G1 F1500 X121.985 Y94.106 E340.4788
G0 F9000 X121.602 Y93.923
G1 F1500 X123.922 Y91.603 E340.58792
G0 F9000 X123.667 Y91.293
G1 F1500 X121.289 Y93.671 E340.69978
G0 F9000 X121.043 Y93.35
G1 F1500 X123.346 Y91.048 E340.80808
G0 F9000 X122.949 Y90.879
G1 F1500 X120.874 Y92.954 E340.90568
G0 F9000 X120.813 Y92.449
G1 F1500 X122.444 Y90.818 E340.9824
G0 F9000 X121.646 Y91.051
G1 F1500 X121.031 Y91.666 E341.01133
G1 F2700 E336.01133
G0 F9000 X120.753 Y91.473
G0 X120.582 Y92.028
G0 X120.525 Y92.5
G0 X120.525 Y127.5
G0 X120.582 Y127.972
G0 X120.75 Y128.417
G0 X121.022 Y128.809
G0 X121.343 Y129.092
G0 X122.233 Y129.515
G0 X122.266 Y129.381
G1 F2700 E341.01133
G1 F1500 X121.836 Y129.276 E341.02605
G1 X121.424 Y129.056 E341.04158
G1 X121.08 Y128.753 E341.05683
G1 X120.821 Y128.38 E341.07193
G1 X120.661 Y127.957 E341.08697
G1 X120.606 Y127.5 E341.10228
G1 X120.661 Y127.043 E341.11759
G1 X120.821 Y126.62 E341.13264
G1 X121.08 Y126.247 E341.14774
G1 X121.424 Y125.944 E341.16299
G1 X121.836 Y125.724 E341.17852
G1 X122.266 Y125.619 E341.19324
G1 X122.734 Y125.62 E341.20881
G1 X123.164 Y125.724 E341.22352
G1 X123.576 Y125.944 E341.23906
G1 X123.92 Y126.247 E341.2543
G1 X124.179 Y126.62 E341.26941
G1 X124.339 Y127.043 E341.28445
G1 X124.393 Y127.501 E341.29979
G1 X124.339 Y127.957 E341.31506
G1 X124.179 Y128.38 E341.3301
G1 X123.92 Y128.753 E341.34521
G1 X123.576 Y129.056 E341.36045
G1 X123.164 Y129.276 E341.37599
G1 X122.734 Y129.381 E341.39071
G1 X122.266 Y129.381 E341.40628
G0 F9000 X122.233 Y129.515
G0 X123.199 Y129.348
G0 X123.541 Y129.166
G0 X124.258 Y128.511
G0 X123.977 Y128.317
G1 F1500 X123.343 Y128.952 E341.43612
G0 F9000 X122.549 Y129.18
G1 F1500 X124.184 Y127.545 E341.51303
G0 F9000 X124.124 Y127.04
G1 F1500 X122.044 Y129.119 E341.61084
G0 F9000 X121.649 Y128.948
G1 F1500 X123.952 Y126.645 E341.71917
G0 F9000 X123.706 Y126.326
G1 F1500 X121.328 Y128.704 E341.83102
G0 F9000 X121.074 Y128.392
G1 F1500 X123.394 Y126.072 E341.94014
G0 F9000 X123.009 Y125.892
G1 F1500 X120.894 Y128.006 E342.0396
G0 F9000 X120.812 Y127.523
G1 F1500 X122.517 Y125.818 E342.1198
G0 F9000 X121.801 Y125.968
G1 F1500 X120.964 Y126.806 E342.1592
G0 F9000 X120.366 Y126.58
G1 F2700 E337.1592
;MESH:NONMESH
G0 F300 X120.366 Y126.58 Z1.8
G0 F9000 X119.42 Y107.773
G0 X118.335 Y107.773
G0 X97.653 Y97.138
G0 X93.347 Y97.138
G0 X91.387 Y107.047
G0 X91.857 Y107.773
;TIME_ELAPSED:623.227121
;LAYER:8
;TYPE:SUPPORT
G1 F2700 E342.1592
G1 F1500 X92.2 Y107.551 E342.17279
G1 X92.493 Y107.447 E342.18313
G1 X92.844 Y107.44 E342.1948
G1 X92.878 Y107.508 E342.19733
G1 X93 Y107.551 E342.20163
G1 X93 Y112.47 E342.36524
G1 X92.873 Y112.552 E342.37027
G1 X92.514 Y112.552 E342.38221
G1 X92.107 Y112.413 E342.39651
G1 X91.775 Y112.117 E342.41131
G1 X91.234 Y111.426 E342.4405
G1 X91.048 Y110.97 E342.45688
G1 X91.001 Y110.664 E342.46717
G1 X91 Y109.236 E342.51467
G1 X91.091 Y108.884 E342.52676
G1 X91.22 Y108.591 E342.53741
G1 X91.375 Y108.374 E342.54628
G1 X91.857 Y107.773 E342.5719
G1 X92 Y107.775
G1 X92 Y112.21 E342.71941
G0 F9000 X91.783 Y112
G1 F1500 X92.92 Y112 E342.75723
G1 F2700 E337.75723
G0 F9000 X92.92 Y113.417
G0 X92.371 Y113.416
G0 X91.851 Y113.239
G0 X91.519 Y113.048
G0 X91.139 Y112.709
G0 X90.479 Y111.866
G0 X90.209 Y111.203
G0 X90.137 Y110.73
G0 X90.136 Y109.124
G0 X90.27 Y108.604
G0 X90.465 Y108.161
G0 X91.272 Y107.122
G0 X91.811 Y106.773
G0 X92.237 Y106.62
G0 X92.897 Y106.574
G0 X92.92 Y108
G1 F2700 E342.75723
G1 F1500 X91.778 Y108 E342.79521
G1 F2700 E337.79521
;MESH:Garmin_GFC500 Wheel Support - Wheel Spacer.stl
G0 F9000 X94.42 Y108
G0 X96.13 Y121.222
G0 X96.4 Y121.491
;TYPE:WALL-INNER
G1 F2700 E342.79521
G1 F1500 X96.4 Y98.508 E343.55963
G1 X94.6 Y98.508 E343.6195
G1 X94.6 Y121.491 E344.38391
G1 X96.4 Y121.491 E344.44378
G0 F9000 X96.8 Y121.891
;TYPE:WALL-OUTER
G1 F1500 X96.8 Y98.108 E345.23481
G1 X94.2 Y98.108 E345.32128
G1 X94.2 Y121.891 E346.11231
G1 X96.8 Y121.891 E346.19879
G0 F9000 X96.53 Y121.622
G0 X94.925 Y121.192
G0 X94.924 Y121.41
;TYPE:FILL
G1 F3000 X94.68 Y121.165 E346.21029
G0 F9000 X94.9 Y121.165
G0 X94.9 Y119.561
G0 X94.68 Y119.561
G1 F3000 X96.319 Y119.122 E346.26672
G0 F9000 X96.1 Y119.122
G0 X96.1 Y117.148
G0 X96.319 Y117.148
G1 F3000 X94.68 Y115.508 E346.34384
G1 X94.68 Y115.42
G1 X96.318 Y114.981 E346.40024
G0 F9000 X96.1 Y114.981
G0 X94.9 Y115.892
G0 X94.679 Y115.892
G1 F3000 X96.319 Y109.773 E346.61094
G0 F9000 X96.1 Y109.773
G0 X96.1 Y110.84
G0 X96.318 Y110.84
G1 F3000 X94.68 Y111.279 E346.66735
G0 F9000 X94.9 Y111.279
G0 X94.9 Y109.851
G0 X94.68 Y109.851
G1 F3000 X96.319 Y111.491 E346.74446
G0 F9000 X96.1 Y111.491
G0 X94.9 Y107.138
G0 X94.679 Y107.138
G1 F3000 X96.318 Y106.699 E346.8009
G0 F9000 X96.319 Y105.834
G1 F3000 X94.68 Y104.195 E346.87799
G0 F9000 X94.9 Y104.195
G0 X94.9 Y102.997
G0 X94.679 Y102.997
G1 F3000 X96.319 Y102.558 E346.93446
G0 F9000 X96.1 Y102.558
G0 X96.1 Y100.177
G0 X96.319 Y100.177
G1 F3000 X94.729 Y98.587 E347.00925
G0 F9000 X94.68 Y98.856
G1 F3000 X95.683 Y98.587 E347.04379
G0 F9000 X95.175 Y98.586
G1 F3000 X94.68 Y100.437 E347.10751
G0 F9000 X95.2 Y100.437
G1 F2700 E342.10751
G0 F9000 X96.586 Y121.678
G0 X97.665 Y121.678
G0 X118.335 Y121.678
G0 X119.42 Y121.678
G0 X119.87 Y131.63
G0 X119.6 Y131.9
;TYPE:WALL-INNER
G1 F2700 E347.10751
G1 F1500 X125.4 Y131.9 E347.30042
G1 X125.4 Y88.1 E348.75722
G1 X119.6 Y88.1 E348.95013
G1 X119.6 Y131.9 E350.40692
G0 F9000 X119.2 Y132.3
;TYPE:WALL-OUTER
G1 F1500 X125.8 Y132.3 E350.62644
G1 X125.8 Y87.7 E352.10984
G1 X119.2 Y87.7 E352.32936
G1 X119.2 Y132.3 E353.81276
G0 F9000 X119.47 Y132.03
G0 X119.9 Y130.775
G0 X119.679 Y130.775
;TYPE:FILL
G1 F3000 X120.57 Y127.451 E353.92722
G0 F9000 X120.806 Y126.568
G1 F3000 X125.319 Y109.727 E354.50711
G0 F9000 X125.1 Y109.727
G0 X125.1 Y111.352
G0 X125.319 Y111.352
G1 F3000 X119.68 Y112.863 E354.70128
G0 F9000 X119.679 Y112.223
G1 F3000 X125.319 Y117.864 E354.9666
G0 F9000 X125.1 Y117.864
G0 X125.1 Y119.634
G0 X125.318 Y119.634
G1 F3000 X119.679 Y121.145 E355.16077
G0 F9000 X119.9 Y121.145
G0 X119.9 Y123.537
G0 X119.679 Y123.537
G1 F3000 X121.826 Y125.684 E355.26176
G0 F9000 X121.804 Y125.589
G0 X119.9 Y125.286
G0 X119.679 Y125.286
G1 F3000 X125.318 Y123.775 E355.45593
G0 F9000 X125.319 Y123.52
G1 F3000 X119.679 Y117.88 E355.72121
G0 F9000 X119.679 Y117.004
G1 F3000 X125.319 Y115.493 E355.91542
G0 F9000 X125.1 Y115.493
G0 X125.1 Y112.207
G0 X125.319 Y112.207
G1 F3000 X119.679 Y106.566 E356.18073
G0 F9000 X119.9 Y106.566
G0 X119.9 Y104.581
G0 X119.679 Y104.581
G1 F3000 X125.319 Y103.069 E356.37494
G0 F9000 X125.1 Y103.069
G0 X125.1 Y100.893
G0 X125.319 Y100.893
G1 F3000 X119.679 Y95.252 E356.64025
G0 F9000 X119.9 Y95.252
G0 X119.9 Y96.298
G0 X119.679 Y96.298
G1 F3000 X125.319 Y94.787 E356.83445
G0 F9000 X125.319 Y95.236
G1 F3000 X123.904 Y93.821 E356.90101
G0 F9000 X123.97 Y93.897
G0 X125.1 Y94.273
G0 X125.319 Y94.273
G1 F3000 X119.679 Y115.32 E357.62574
G0 F9000 X119.9 Y115.32
G0 X119.9 Y108.722
G0 X119.68 Y108.722
G1 F3000 X125.319 Y107.211 E357.81991
G0 F9000 X125.319 Y106.55
G1 F3000 X119.679 Y100.909 E358.08522
G0 F9000 X119.679 Y100.44
G1 F3000 X125.318 Y98.929 E358.27939
G0 F9000 X125.1 Y98.929
G0 X119.9 Y99.866
G0 X119.679 Y99.866
G1 F3000 X121.26 Y93.968 E358.48248
G0 F9000 X121.194 Y94.042
G0 X120.75 Y93.417
G0 X120.582 Y92.972
G0 X120.55 Y92.705
G0 X120.583 Y91.856
G0 X120.674 Y91.891
G1 F3000 X119.68 Y92.157 E358.51671
G0 F9000 X119.9 Y92.157
G0 X121.118 Y91.025
G0 X121.183 Y91.1
G1 F3000 X119.679 Y89.596 E358.58745
G0 F9000 X119.9 Y89.596
G0 X122.139 Y90.507
G0 X122.161 Y90.603
G1 F3000 X122.811 Y88.178 E358.67095
G0 F9000 X122.811 Y88.4
G0 X123.92 Y88.4
G0 X123.92 Y88.18
G1 F3000 X125.319 Y89.579 E358.73676
G0 F9000 X125.1 Y89.579
G0 X125.1 Y90.646
G0 X125.319 Y90.646
G1 F3000 X123.77 Y91.061 E358.79009
G1 F2700 E353.79009
G0 F9000 X123.837 Y90.986
G0 X124.25 Y91.583
G0 X124.418 Y92.028
G0 X125.1 Y125.182
G0 X125.319 Y125.182
G1 F2700 E358.79009
G1 F3000 X123.54 Y131.82 E359.01867
G0 F9000 X123.54 Y131.6
G0 X122.304 Y131.6
G0 X122.304 Y131.819
G1 F3000 X119.679 Y129.194 E359.14214
G0 F9000 X119.679 Y129.427
G1 F3000 X121.292 Y128.995 E359.19768
G0 F9000 X121.225 Y129.07
G0 X121.801 Y129.348
G0 X122.262 Y129.46
G0 X122.738 Y129.46
G0 X123.199 Y129.348
G0 X123.621 Y129.123
G0 X123.823 Y128.945
G0 X124.386 Y128.227
G0 X124.293 Y128.191
G1 F3000 X125.319 Y127.916 E359.23301
G0 F9000 X125.1 Y127.916
G0 X124.397 Y128.198
G0 X124.304 Y128.162
G1 F3000 X125.319 Y129.177 E359.28075
G0 F9000 X125.1 Y129.177
G0 X122.233 Y129.515
G0 X122.266 Y129.381
;TYPE:SKIN
G1 F1500 X121.836 Y129.276 E359.29547
G1 X121.424 Y129.056 E359.31101
G1 X121.08 Y128.753 E359.32625
G1 X120.821 Y128.38 E359.34136
G1 X120.661 Y127.957 E359.3564
G1 X120.606 Y127.5 E359.37171
G1 X120.661 Y127.043 E359.38702
G1 X120.821 Y126.62 E359.40206
G1 X121.08 Y126.247 E359.41716
G1 X121.424 Y125.944 E359.43241
G1 X121.836 Y125.724 E359.44794
G1 X122.266 Y125.619 E359.46267
G1 X122.734 Y125.62 E359.47823
G1 X123.164 Y125.724 E359.49295
G1 X123.576 Y125.944 E359.50848
G1 X123.92 Y126.247 E359.52373
G1 X124.179 Y126.62 E359.53883
G1 X124.339 Y127.043 E359.55387
G1 X124.393 Y127.501 E359.56921
G1 X124.339 Y127.957 E359.58448
G1 X124.179 Y128.38 E359.59953
G1 X123.92 Y128.753 E359.61463
G1 X123.576 Y129.056 E359.62988
G1 X123.164 Y129.276 E359.64541
G1 X122.734 Y129.381 E359.66013
G1 X122.266 Y129.381 E359.6757
G0 F9000 X122.233 Y129.515
G0 X121.541 Y129.197
G0 X120.873 Y128.701
G0 X121.154 Y128.508
G1 F1500 X121.514 Y128.868 E359.69263
G0 F9000 X122.392 Y129.18
G1 F1500 X120.821 Y127.609 E359.76653
G0 F9000 X120.859 Y127.081
G1 F1500 X122.908 Y129.131 E359.86293
G0 F9000 X123.311 Y128.968
G1 F1500 X121.022 Y126.679 E359.9706
G0 F9000 X121.262 Y126.353
G1 F1500 X123.64 Y128.731 E360.08245
G0 F9000 X123.902 Y128.427
G1 F1500 X121.567 Y126.093 E360.19226
G0 F9000 X121.944 Y125.903
G1 F1500 X124.089 Y128.049 E360.29318
G0 F9000 X124.182 Y127.576
G1 F1500 X122.424 Y125.819 E360.37584
G0 F9000 X123.081 Y125.91
G1 F1500 X124.071 Y126.9 E360.42241
G1 F2700 E355.42241
G0 F9000 X124.389 Y126.78
G0 X122.233 Y94.515
G0 X122.266 Y94.381
G1 F2700 E360.42241
G1 F1500 X121.836 Y94.276 E360.43713
G1 X121.424 Y94.056 E360.45267
G1 X121.08 Y93.753 E360.46791
G1 X120.821 Y93.38 E360.48302
G1 X120.661 Y92.957 E360.49806
G1 X120.606 Y92.5 E360.51337
G1 X120.661 Y92.043 E360.52868
G1 X120.821 Y91.62 E360.54372
G1 X121.08 Y91.247 E360.55882
G1 X121.424 Y90.944 E360.57407
G1 X121.836 Y90.724 E360.58961
G1 X122.266 Y90.619 E360.60433
G1 X122.734 Y90.62 E360.61989
G1 X123.164 Y90.724 E360.63461
G1 X123.576 Y90.944 E360.65014
G1 X123.92 Y91.247 E360.66539
G1 X124.179 Y91.62 E360.68049
G1 X124.339 Y92.043 E360.69553
G1 X124.393 Y92.501 E360.71087
G1 X124.339 Y92.957 E360.72615
G1 X124.179 Y93.38 E360.74119
G1 X123.92 Y93.753 E360.75629
G1 X123.576 Y94.056 E360.77154
G1 X123.164 Y94.276 E360.78707
G1 X122.734 Y94.381 E360.80179
G1 X122.266 Y94.381 E360.81736
G0 F9000 X122.233 Y94.515
G0 X121.379 Y94.123
G0 X120.677 Y93.395
G0 X120.995 Y93.276
G1 F1500 X121.689 Y93.97 E360.85
G0 F9000 X122.465 Y94.18
G1 F1500 X120.809 Y92.525 E360.92787
G0 F9000 X120.878 Y92.028
G1 F1500 X122.967 Y94.117 E361.02613
G0 F9000 X123.359 Y93.944
G1 F1500 X121.052 Y91.636 E361.13467
G0 F9000 X121.3 Y91.319
G1 F1500 X123.679 Y93.698 E361.24657
G0 F9000 X123.931 Y93.384
G1 F1500 X121.615 Y91.068 E361.35551
G0 F9000 X122.002 Y90.89
G1 F1500 X124.109 Y92.996 E361.45459
G0 F9000 X124.189 Y92.511
G1 F1500 X122.497 Y90.819 E361.53418
G0 F9000 X123.231 Y90.987
G1 F1500 X124.026 Y91.782 E361.57157
G0 F9000 X124.626 Y91.556
G1 F2700 E356.57157
;MESH:NONMESH
G0 F300 X124.626 Y91.556 Z2
G0 F9000 X124.439 Y92.83
G0 X119.42 Y107.773
G0 X118.335 Y107.773
G0 X97.653 Y97.255
G0 X93.347 Y97.255
G0 X91.387 Y107.047
G0 X91.857 Y107.773
;TIME_ELAPSED:659.409396
;LAYER:9
;TYPE:SUPPORT
G1 F2700 E361.57157
G1 F1500 X92.2 Y107.551 E361.58516
G1 X92.493 Y107.447 E361.5955
G1 X92.844 Y107.44 E361.60718
G1 X92.878 Y107.508 E361.60971
G1 X93 Y107.551 E361.61401
G1 X93 Y112.47 E361.77762
G1 X92.873 Y112.552 E361.78265
G1 X92.514 Y112.552 E361.79459
G1 X92.107 Y112.413 E361.80889
G1 X91.775 Y112.117 E361.82368
G1 X91.234 Y111.426 E361.85287
G1 X91.048 Y110.97 E361.86925
G1 X91.001 Y110.664 E361.87955
G1 X91 Y109.236 E361.92705
G1 X91.091 Y108.884 E361.93914
G1 X91.22 Y108.591 E361.94979
G1 X91.375 Y108.374 E361.95866
G1 X91.857 Y107.773 E361.98428
G1 X92 Y107.775
G1 X92 Y112.21 E362.13179
G0 F9000 X91.783 Y112
G1 F1500 X92.92 Y112 E362.1696
G1 F2700 E357.1696
G0 F9000 X92.92 Y113.417
G0 X92.371 Y113.416
G0 X91.851 Y113.239
G0 X91.519 Y113.048
G0 X91.139 Y112.709
G0 X90.479 Y111.866
G0 X90.209 Y111.203
G0 X90.137 Y110.73
G0 X90.136 Y109.124
G0 X90.27 Y108.604
G0 X90.465 Y108.161
G0 X91.272 Y107.122
G0 X91.811 Y106.773
G0 X92.237 Y106.62
G0 X92.897 Y106.574
G0 X92.92 Y108
G1 F2700 E362.1696
G1 F1500 X91.778 Y108 E362.20759
G1 F2700 E357.20759
;MESH:Garmin_GFC500 Wheel Support - Wheel Spacer.stl
G0 F9000 X94.42 Y108
G0 X96.13 Y121.105
G0 X96.4 Y121.374
;TYPE:WALL-INNER
G1 F2700 E362.20759
G1 F1500 X96.4 Y98.625 E362.96422
G1 X94.6 Y98.625 E363.02409
G1 X94.6 Y121.374 E363.78073
G1 X96.4 Y121.374 E363.84059
G0 F9000 X96.8 Y121.774
;TYPE:WALL-OUTER
G1 F1500 X96.8 Y98.225 E364.62384
G1 X94.2 Y98.225 E364.71031
G1 X94.2 Y121.774 E365.49356
G1 X96.8 Y121.774 E365.58003
G0 F9000 X96.53 Y121.505
G0 X95.009 Y121.075
G0 X95.008 Y121.292
;TYPE:FILL
G1 F3000 X94.679 Y120.964 E365.59548
G0 F9000 X94.9 Y120.964
G0 X94.9 Y119.708
G0 X94.68 Y119.708
G1 F3000 X96.318 Y119.27 E365.65188
G0 F9000 X96.1 Y119.27
G0 X96.1 Y116.947
G0 X96.319 Y116.947
G1 F3000 X94.679 Y115.307 E365.72902
G1 X94.68 Y115.343
G1 X96.319 Y109.225 E365.93968
G0 F9000 X96.1 Y109.225
G0 X94.9 Y109.65
G0 X94.679 Y109.65
G1 F3000 X96.319 Y111.29 E366.01682
G0 F9000 X96.318 Y110.987
G1 F3000 X94.679 Y111.426 E366.07326
G0 F9000 X94.9 Y111.426
G0 X96.1 Y115.128
G0 X96.318 Y115.128
G1 F3000 X94.679 Y115.568 E366.1297
G0 F9000 X94.9 Y115.568
G0 X94.9 Y107.285
G0 X94.679 Y107.285
G1 F3000 X96.318 Y106.846 E366.18613
G0 F9000 X96.1 Y106.846
G0 X96.1 Y105.633
G0 X96.319 Y105.633
G1 F3000 X94.679 Y103.993 E366.26327
G0 F9000 X94.679 Y103.144
G1 F3000 X96.319 Y102.705 E366.31974
G0 F9000 X96.1 Y102.705
G0 X96.1 Y99.977
G0 X96.319 Y99.977
G1 F3000 X95.047 Y98.704 E366.3796
G1 X94.997 Y98.703
G1 X94.679 Y99.889 E366.42044
G0 F9000 X94.68 Y99.003
G1 F3000 X95.795 Y98.704 E366.45883
G0 F9000 X95.795 Y99.225
G1 F2700 E361.45883
G0 F9000 X96.586 Y121.561
G0 X97.665 Y121.561
G0 X118.335 Y121.561
G0 X119.42 Y121.561
G0 X119.87 Y131.63
G0 X119.6 Y131.9
;TYPE:WALL-INNER
G1 F2700 E366.45883
G1 F1500 X125.4 Y131.9 E366.65174
G1 X125.4 Y88.1 E368.10853
G1 X119.6 Y88.1 E368.30144
G1 X119.6 Y131.9 E369.75824
G0 F9000 X119.2 Y132.3
;TYPE:WALL-OUTER
G1 F1500 X125.8 Y132.3 E369.97775
G1 X125.8 Y87.7 E371.46116
G1 X119.2 Y87.7 E371.68067
G1 X119.2 Y132.3 E373.16407
G0 F9000 X119.47 Y132.03
G0 X119.9 Y130.226
G0 X119.679 Y130.226
;TYPE:FILL
G1 F3000 X125.319 Y109.179 E373.8888
G0 F9000 X125.1 Y109.179
G0 X125.1 Y107.358
G0 X125.319 Y107.358
G1 F3000 X119.679 Y108.869 E374.083
G0 F9000 X119.9 Y108.869
G0 X119.9 Y106.365
G0 X119.679 Y106.365
G1 F3000 X125.319 Y112.006 E374.34831
G0 F9000 X125.319 Y111.499
G1 F3000 X119.68 Y113.01 E374.54248
G0 F9000 X119.679 Y112.022
G1 F3000 X125.319 Y117.663 E374.8078
G0 F9000 X125.1 Y117.663
G0 X125.1 Y115.64
G0 X125.319 Y115.64
G1 F3000 X119.68 Y117.151 E375.00197
G0 F9000 X119.679 Y117.679
G1 F3000 X125.319 Y123.32 E375.26728
G0 F9000 X125.318 Y123.922
G1 F3000 X119.679 Y125.433 E375.46145
G0 F9000 X119.9 Y125.433
G0 X119.9 Y123.336
G0 X119.679 Y123.336
G1 F3000 X121.987 Y125.645 E375.57003
G0 F9000 X121.965 Y125.549
G0 X122.738 Y125.54
G0 X123.199 Y125.652
G0 X123.621 Y125.877
G0 X123.978 Y126.191
G0 X124.25 Y126.583
G0 X124.418 Y127.028
G0 X124.452 Y128.052
G0 X124.358 Y128.016
G1 F3000 X125.319 Y128.976 E375.61521
G0 F9000 X125.319 Y128.063
G1 F3000 X124.231 Y128.355 E375.65268
G0 F9000 X124.324 Y128.391
G0 X123.978 Y128.809
G0 X123.621 Y129.123
G0 X123.199 Y129.348
G0 X122.738 Y129.46
G0 X122.353 Y129.46
G0 X121.381 Y129.193
G0 X121.429 Y129.105
G1 F3000 X119.679 Y129.574 E375.71294
G0 F9000 X119.679 Y128.993
G1 F3000 X122.505 Y131.819 E375.84587
G0 F9000 X123.393 Y131.82
G1 F3000 X125.319 Y124.633 E376.09334
G0 F9000 X125.1 Y124.633
G0 X125.1 Y119.781
G0 X125.318 Y119.781
G1 F3000 X119.679 Y121.292 E376.28751
G0 F9000 X119.9 Y121.292
G0 X119.9 Y114.772
G0 X119.679 Y114.772
G1 F3000 X125.319 Y93.724 E377.01227
G0 F9000 X125.1 Y93.724
G0 X125.1 Y94.934
G0 X125.319 Y94.934
G1 F3000 X119.68 Y96.445 E377.20644
G0 F9000 X119.9 Y96.445
G0 X119.9 Y95.052
G0 X119.679 Y95.052
G1 F3000 X125.319 Y100.692 E377.47173
G0 F9000 X125.1 Y100.692
G0 X125.1 Y99.076
G0 X125.318 Y99.076
G1 F3000 X119.679 Y100.587 E377.6659
G1 X119.679 Y100.708
G1 X125.319 Y106.349 E377.93121
G0 F9000 X125.1 Y106.349
G0 X125.1 Y103.217
G0 X125.318 Y103.217
G1 F3000 X119.679 Y104.728 E378.12538
G0 F9000 X119.9 Y104.728
G0 X119.9 Y99.317
G0 X119.679 Y99.317
G1 F3000 X121.141 Y93.862 E378.31322
G0 F9000 X121.074 Y93.937
G0 X120.75 Y93.417
G0 X120.614 Y93.057
G0 X120.52 Y92.042
G0 X120.617 Y92.053
G1 F3000 X119.68 Y92.304 E378.34548
G0 F9000 X119.9 Y92.304
G0 X121.225 Y90.931
G0 X121.289 Y91.005
G1 F3000 X119.679 Y89.395 E378.42121
G0 F9000 X119.9 Y89.395
G0 X121.982 Y90.545
G0 X122.004 Y90.642
G1 F3000 X122.664 Y88.178 E378.50605
G0 F9000 X122.664 Y88.4
G0 X124.121 Y88.4
G0 X124.121 Y88.18
G1 F3000 X125.319 Y89.379 E378.56242
G0 F9000 X125.1 Y89.379
G0 X125.1 Y90.793
G0 X125.319 Y90.793
G1 F3000 X123.899 Y91.174 E378.61132
G0 F9000 X123.966 Y91.099
G0 X124.25 Y91.583
G0 X124.418 Y92.028
G0 X124.475 Y92.5
G0 X124.429 Y92.882
G0 X124.079 Y93.77
G0 X123.996 Y93.712
G1 F3000 X125.319 Y95.035 E378.67355
G0 F9000 X125.1 Y95.035
G0 X122.233 Y94.515
G0 X122.266 Y94.381
;TYPE:SKIN
G1 F1500 X121.836 Y94.276 E378.68828
G1 X121.424 Y94.056 E378.70381
G1 X121.08 Y93.753 E378.71906
G1 X120.821 Y93.38 E378.73416
G1 X120.661 Y92.957 E378.7492
G1 X120.606 Y92.5 E378.76451
G1 X120.661 Y92.043 E378.77982
G1 X120.821 Y91.62 E378.79486
G1 X121.08 Y91.247 E378.80997
G1 X121.424 Y90.944 E378.82521
G1 X121.836 Y90.724 E378.84075
G1 X122.266 Y90.619 E378.85547
G1 X122.734 Y90.62 E378.87104
G1 X123.164 Y90.724 E378.88575
G1 X123.576 Y90.944 E378.90129
G1 X123.92 Y91.247 E378.91653
G1 X124.179 Y91.62 E378.93164
G1 X124.339 Y92.043 E378.94668
G1 X124.393 Y92.501 E378.96202
G1 X124.339 Y92.957 E378.97729
G1 X124.179 Y93.38 E378.99233
G1 X123.92 Y93.753 E379.00743
G1 X123.576 Y94.056 E379.02268
G1 X123.164 Y94.276 E379.03822
G1 X122.734 Y94.381 E379.05294
G1 X122.266 Y94.381 E379.0685
G0 F9000 X122.233 Y94.515
G0 X123.199 Y94.348
G0 X123.621 Y94.123
G0 X123.823 Y93.945
G0 X124.356 Y93.307
G0 X124.037 Y93.186
G1 F1500 X123.185 Y94.038 E379.10858
G0 F9000 X122.476 Y94.18
G1 F1500 X124.186 Y92.471 E379.18899
G0 F9000 X124.103 Y91.988
G1 F1500 X121.985 Y94.106 E379.28861
G0 F9000 X121.602 Y93.923
G1 F1500 X123.922 Y91.603 E379.39774
G0 F9000 X123.667 Y91.293
G1 F1500 X121.289 Y93.671 E379.50959
G0 F9000 X121.043 Y93.35
G1 F1500 X123.346 Y91.048 E379.6179
G0 F9000 X122.949 Y90.879
G1 F1500 X120.874 Y92.954 E379.7155
G0 F9000 X120.813 Y92.449
G1 F1500 X122.444 Y90.818 E379.79221
G0 F9000 X121.646 Y91.051
G1 F1500 X121.031 Y91.666 E379.82114
G1 F2700 E374.82114
G0 F9000 X120.753 Y91.473
G0 X120.582 Y92.028
G0 X120.525 Y92.5
G0 X120.525 Y127.5
G0 X120.582 Y127.972
G0 X120.75 Y128.417
G0 X121.022 Y128.809
G0 X121.343 Y129.092
G0 X122.233 Y129.515
G0 X122.266 Y129.381
G1 F2700 E379.82114
G1 F1500 X121.836 Y129.276 E379.83586
G1 X121.424 Y129.056 E379.8514
G1 X121.08 Y128.753 E379.86665
G1 X120.821 Y128.38 E379.88175
G1 X120.661 Y127.957 E379.89679
G1 X120.606 Y127.5 E379.9121
G1 X120.661 Y127.043 E379.92741
G1 X120.821 Y126.62 E379.94245
G1 X121.08 Y126.247 E379.95756
G1 X121.424 Y125.944 E379.9728
G1 X121.836 Y125.724 E379.98834
G1 X122.266 Y125.619 E380.00306
G1 X122.734 Y125.62 E380.01862
G1 X123.164 Y125.724 E380.03334
G1 X123.576 Y125.944 E380.04887
G1 X123.92 Y126.247 E380.06412
G1 X124.179 Y126.62 E380.07922
G1 X124.339 Y127.043 E380.09427
G1 X124.393 Y127.501 E380.1096
G1 X124.339 Y127.957 E380.12488
G1 X124.179 Y128.38 E380.13992
G1 X123.92 Y128.753 E380.15502
G1 X123.576 Y129.056 E380.17027
G1 X123.164 Y129.276 E380.1858
G1 X122.734 Y129.381 E380.20053
G1 X122.266 Y129.381 E380.21609
G0 F9000 X122.233 Y129.515
G0 X123.199 Y129.348
G0 X123.541 Y129.166
G0 X124.258 Y128.511
G0 X123.977 Y128.317
G1 F1500 X123.343 Y128.952 E380.24594
G0 F9000 X122.549 Y129.18
G1 F1500 X124.184 Y127.545 E380.32284
G0 F9000 X124.124 Y127.04
G1 F1500 X122.044 Y129.119 E380.42066
G0 F9000 X121.649 Y128.948
G1 F1500 X123.952 Y126.645 E380.52898
G0 F9000 X123.706 Y126.326
G1 F1500 X121.328 Y128.704 E380.64083
G0 F9000 X121.074 Y128.392
G1 F1500 X123.394 Y126.072 E380.74996
G0 F9000 X123.009 Y125.892
G1 F1500 X120.894 Y128.006 E380.84942
G0 F9000 X120.812 Y127.523
G1 F1500 X122.517 Y125.818 E380.92962
G0 F9000 X121.801 Y125.968
G1 F1500 X120.964 Y126.806 E380.96901
G0 F9000 X120.366 Y126.58
G1 F2700 E375.96901
;MESH:NONMESH
G0 F300 X120.366 Y126.58 Z2.2
G0 F9000 X119.42 Y107.773
G0 X118.335 Y107.773
G0 X97.653 Y97.372
G0 X93.347 Y97.372
G0 X91.387 Y107.047
G0 X91.857 Y107.773
;TIME_ELAPSED:695.164645
;LAYER:10
;TYPE:SUPPORT
G1 F2700 E380.96901
G1 F1500 X92.2 Y107.551 E380.9826
G1 X92.493 Y107.447 E380.99294
G1 X92.844 Y107.44 E381.00462
G1 X92.878 Y107.508 E381.00715
G1 X93 Y107.551 E381.01145
G1 X93 Y112.47 E381.17506
G1 X92.873 Y112.552 E381.18008
G1 X92.514 Y112.552 E381.19202
G1 X92.107 Y112.413 E381.20633
G1 X91.775 Y112.117 E381.22112
G1 X91.234 Y111.426 E381.25031
G1 X91.048 Y110.97 E381.26669
G1 X91.001 Y110.664 E381.27699
G1 X91 Y109.236 E381.32448
G1 X91.091 Y108.884 E381.33658
G1 X91.22 Y108.591 E381.34722
G1 X91.375 Y108.374 E381.35609
G1 X91.857 Y107.773 E381.38172
G1 X92 Y107.775
G1 X92 Y112.21 E381.52923
G0 F9000 X91.783 Y112
G1 F1500 X92.92 Y112 E381.56704
G1 F2700 E376.56704
G0 F9000 X92.92 Y113.417
G0 X92.371 Y113.416
G0 X91.851 Y113.239
G0 X91.519 Y113.048
G0 X91.139 Y112.709
G0 X90.479 Y111.866
G0 X90.209 Y111.203
G0 X90.137 Y110.73
G0 X90.136 Y109.124
G0 X90.27 Y108.604
G0 X90.465 Y108.161
G0 X91.272 Y107.122
G0 X91.811 Y106.773
G0 X92.237 Y106.62
G0 X92.897 Y106.574
G0 X92.92 Y108
G1 F2700 E381.56704
G1 F1500 X91.778 Y108 E381.60503
G1 F2700 E376.60503
;MESH:Garmin_GFC500 Wheel Support - Wheel Spacer.stl
G0 F9000 X94.42 Y108
G0 X96.13 Y120.989
G0 X96.4 Y121.258
;TYPE:WALL-INNER
G1 F2700 E381.60503
G1 F1500 X96.4 Y98.741 E382.35394
G1 X94.6 Y98.741 E382.41381
G1 X94.6 Y121.258 E383.16273
G1 X96.4 Y121.258 E383.2226
G0 F9000 X96.8 Y121.658
;TYPE:WALL-OUTER
G1 F1500 X96.8 Y98.341 E383.99813
G1 X94.2 Y98.341 E384.0846
G1 X94.2 Y121.658 E384.86013
G1 X96.8 Y121.658 E384.94661
G0 F9000 X96.53 Y121.389
G0 X95.092 Y120.959
G0 X95.091 Y121.176
;TYPE:FILL
G1 F3000 X94.679 Y120.764 E384.96598
G0 F9000 X94.679 Y119.854
G1 F3000 X96.319 Y119.415 E385.02245
G0 F9000 X96.1 Y119.415
G0 X96.1 Y116.748
G0 X96.319 Y116.748
G1 F3000 X94.679 Y115.107 E385.09962
G0 F9000 X94.68 Y114.798
G1 F3000 X96.319 Y108.68 E385.31028
G0 F9000 X96.1 Y108.68
G0 X96.1 Y106.992
G0 X96.318 Y106.992
G1 F3000 X94.679 Y107.431 E385.36671
G0 F9000 X94.9 Y107.431
G0 X94.9 Y109.45
G0 X94.679 Y109.45
G1 F3000 X96.319 Y111.091 E385.44388
G1 X96.318 Y111.133
G1 X94.68 Y111.572 E385.50028
G0 F9000 X94.9 Y111.572
G0 X96.1 Y115.274
G0 X96.319 Y115.274
G1 F3000 X94.68 Y115.713 E385.55671
G0 F9000 X94.9 Y115.713
G0 X96.1 Y105.434
G0 X96.319 Y105.434
G1 F3000 X94.679 Y103.794 E385.63385
G0 F9000 X94.679 Y103.29
G1 F3000 X96.318 Y102.851 E385.69029
G0 F9000 X96.1 Y102.851
G0 X96.1 Y99.777
G0 X96.319 Y99.777
G1 F3000 X95.362 Y98.82 E385.7353
G0 F9000 X94.82 Y98.819
G1 F3000 X94.679 Y99.345 E385.75342
G1 X94.679 Y99.149
G1 X95.907 Y98.82 E385.7957
G0 F9000 X95.8 Y99.341
G1 F2700 E380.7957
G0 F9000 X96.586 Y121.445
G0 X97.665 Y121.445
G0 X118.335 Y121.445
G0 X119.42 Y121.445
G0 X119.87 Y131.63
G0 X119.6 Y131.9
;TYPE:WALL-INNER
G1 F2700 E385.7957
G1 F1500 X125.4 Y131.9 E385.98861
G1 X125.4 Y88.1 E387.4454
G1 X119.6 Y88.1 E387.63831
G1 X119.6 Y131.9 E389.09511
G0 F9000 X119.2 Y132.3
;TYPE:WALL-OUTER
G1 F1500 X125.8 Y132.3 E389.31462
G1 X125.8 Y87.7 E390.79802
G1 X119.2 Y87.7 E391.01754
G1 X119.2 Y132.3 E392.50094
G0 F9000 X119.47 Y132.03
G0 X119.9 Y129.72
G0 X119.68 Y129.72
;TYPE:FILL
G1 F3000 X121.612 Y129.202 E392.56747
G0 F9000 X121.564 Y129.29
G0 X119.9 Y128.793
G0 X119.679 Y128.793
G1 F3000 X122.704 Y131.819 E392.70978
G0 F9000 X123.248 Y131.819
G1 F3000 X124.133 Y128.515 E392.82355
G1 X124.124 Y128.529
G1 X125.319 Y128.209 E392.86469
G0 F9000 X125.319 Y128.777
G1 F3000 X124.392 Y127.85 E392.9083
G0 F9000 X124.426 Y127.423
G1 F3000 X125.319 Y124.089 E393.02309
G1 X125.319 Y124.068
G1 X119.679 Y125.579 E393.2173
G0 F9000 X119.9 Y125.579
G0 X119.9 Y123.136
G0 X119.679 Y123.136
G1 F3000 X122.148 Y125.606 E393.33345
G0 F9000 X122.126 Y125.51
G0 X125.1 Y123.12
G0 X125.319 Y123.12
G1 F3000 X119.679 Y117.48 E393.59874
G1 X119.679 Y117.297
G1 X125.318 Y115.786 E393.79291
G0 F9000 X125.1 Y115.786
G0 X125.1 Y117.463
G0 X125.319 Y117.463
G1 F3000 X119.679 Y111.823 E394.0582
G0 F9000 X119.9 Y111.823
G0 X119.9 Y113.156
G0 X119.679 Y113.156
G1 F3000 X125.319 Y111.645 E394.2524
G1 X125.319 Y111.807
G1 X119.679 Y106.166 E394.51772
G0 F9000 X119.9 Y106.166
G0 X119.9 Y104.874
G0 X119.679 Y104.874
G1 F3000 X125.319 Y103.362 E394.71193
G0 F9000 X125.1 Y103.362
G0 X125.1 Y106.15
G0 X125.319 Y106.15
G1 F3000 X119.679 Y100.509 E394.97724
G0 F9000 X119.679 Y100.733
G1 F3000 X125.319 Y99.221 E395.17145
G0 F9000 X125.1 Y99.221
G0 X125.1 Y100.493
G0 X125.319 Y100.493
G1 F3000 X119.679 Y94.852 E395.43676
G0 F9000 X119.9 Y94.852
G0 X119.9 Y96.591
G0 X119.679 Y96.591
G1 F3000 X125.318 Y95.08 E395.63093
G0 F9000 X125.319 Y94.836
G1 F3000 X124.078 Y93.594 E395.68933
G0 F9000 X124.161 Y93.651
G0 X125.1 Y93.18
G0 X125.319 Y93.18
G1 F3000 X119.679 Y114.227 E396.41405
G0 F9000 X119.9 Y114.227
G0 X119.9 Y109.015
G0 X119.68 Y109.015
G1 F3000 X125.319 Y107.504 E396.60822
G0 F9000 X125.1 Y107.504
G0 X125.1 Y108.634
G0 X125.319 Y108.634
G1 F3000 X119.679 Y129.682 E397.33298
G0 F9000 X119.9 Y129.682
G0 X119.9 Y121.438
G0 X119.679 Y121.438
G1 F3000 X125.318 Y119.927 E397.52715
G0 F9000 X125.1 Y119.927
G0 X119.9 Y98.772
G0 X119.679 Y98.772
G1 F3000 X121.026 Y93.748 E397.70015
G0 F9000 X120.944 Y93.803
G0 X120.618 Y93.055
G0 X120.502 Y92.193
G0 X120.599 Y92.204
G1 F3000 X119.68 Y92.45 E397.73179
G0 F9000 X119.9 Y92.45
G0 X121.331 Y90.838
G0 X121.395 Y90.912
G1 F3000 X119.679 Y89.195 E397.81253
G0 F9000 X119.68 Y88.309
G1 F3000 X120.167 Y88.179 E397.8293
G0 F9000 X120.167 Y88.4
G0 X122.518 Y88.4
G0 X122.518 Y88.178
G1 F3000 X121.848 Y90.68 E397.91545
G0 F9000 X121.826 Y90.583
G0 X122.738 Y90.54
G0 X123.199 Y90.652
G0 X124.084 Y91.237
G0 X124 Y91.293
G1 F3000 X125.319 Y90.939 E397.96087
G0 F9000 X125.1 Y90.939
G0 X125.1 Y89.179
G0 X125.319 Y89.179
G1 F3000 X124.32 Y88.18 E398.00786
G0 F9000 X124.32 Y88.4
G0 X124.475 Y92.5
G0 X124.418 Y92.972
G0 X124.25 Y93.417
G0 X123.978 Y93.809
G0 X123.621 Y94.123
G0 X123.199 Y94.348
G0 X122.233 Y94.515
G0 X122.266 Y94.381
;TYPE:SKIN
G1 F1500 X121.836 Y94.276 E398.02258
G1 X121.424 Y94.056 E398.03811
G1 X121.08 Y93.753 E398.05336
G1 X120.821 Y93.38 E398.06847
G1 X120.661 Y92.957 E398.08351
G1 X120.606 Y92.5 E398.09882
G1 X120.661 Y92.043 E398.11413
G1 X120.821 Y91.62 E398.12917
G1 X121.08 Y91.247 E398.14427
G1 X121.424 Y90.944 E398.15952
G1 X121.836 Y90.724 E398.17505
G1 X122.266 Y90.619 E398.18978
G1 X122.734 Y90.62 E398.20534
G1 X123.164 Y90.724 E398.22006
G1 X123.576 Y90.944 E398.23559
G1 X123.92 Y91.247 E398.25084
G1 X124.179 Y91.62 E398.26594
G1 X124.339 Y92.043 E398.28098
G1 X124.393 Y92.501 E398.29632
G1 X124.339 Y92.957 E398.31159
G1 X124.179 Y93.38 E398.32664
G1 X123.92 Y93.753 E398.34174
G1 X123.576 Y94.056 E398.35699
G1 X123.164 Y94.276 E398.37252
G1 X122.734 Y94.381 E398.38724
G1 X122.266 Y94.381 E398.40281
G0 F9000 X122.233 Y94.515
G0 X121.379 Y94.123
G0 X120.677 Y93.395
G0 X120.995 Y93.276
G1 F1500 X121.689 Y93.97 E398.43545
G0 F9000 X122.465 Y94.18
G1 F1500 X120.809 Y92.525 E398.51332
G0 F9000 X120.878 Y92.028
G1 F1500 X122.967 Y94.117 E398.61158
G0 F9000 X123.359 Y93.944
G1 F1500 X121.052 Y91.636 E398.72012
G0 F9000 X121.3 Y91.319
G1 F1500 X123.679 Y93.698 E398.83202
G0 F9000 X123.931 Y93.384
G1 F1500 X121.615 Y91.068 E398.94096
G0 F9000 X122.002 Y90.89
G1 F1500 X124.109 Y92.996 E399.04004
G0 F9000 X124.189 Y92.511
G1 F1500 X122.497 Y90.819 E399.11963
G0 F9000 X123.231 Y90.987
G1 F1500 X124.026 Y91.782 E399.15702
G1 F2700 E394.15702
G0 F9000 X124.345 Y91.662
G0 X124.475 Y92.5
G0 X120.525 Y127.5
G0 X120.582 Y127.972
G0 X120.75 Y128.417
G0 X121.022 Y128.809
G0 X121.343 Y129.092
G0 X122.233 Y129.515
G0 X122.266 Y129.381
G1 F2700 E399.15702
G1 F1500 X121.836 Y129.276 E399.17174
G1 X121.424 Y129.056 E399.18728
G1 X121.08 Y128.753 E399.20253
G1 X120.821 Y128.38 E399.21763
G1 X120.661 Y127.957 E399.23267
G1 X120.606 Y127.5 E399.24798
G1 X120.661 Y127.043 E399.26329
G1 X120.821 Y126.62 E399.27833
G1 X121.08 Y126.247 E399.29343
G1 X121.424 Y125.944 E399.30868
G1 X121.836 Y125.724 E399.32422
G1 X122.266 Y125.619 E399.33894
G1 X122.734 Y125.62 E399.3545
G1 X123.164 Y125.724 E399.36922
G1 X123.576 Y125.944 E399.38475
G1 X123.92 Y126.247 E399.4
G1 X124.179 Y126.62 E399.4151
G1 X124.339 Y127.043 E399.43015
G1 X124.393 Y127.501 E399.44548
G1 X124.339 Y127.957 E399.46076
G1 X124.179 Y128.38 E399.4758
G1 X123.92 Y128.753 E399.4909
G1 X123.576 Y129.056 E399.50615
G1 X123.164 Y129.276 E399.52168
G1 X122.734 Y129.381 E399.53641
G1 X122.266 Y129.381 E399.55197
G0 F9000 X122.233 Y129.515
G0 X121.541 Y129.197
G0 X120.873 Y128.701
G0 X121.154 Y128.508
G1 F1500 X121.514 Y128.868 E399.5689
G0 F9000 X122.392 Y129.18
G1 F1500 X120.821 Y127.609 E399.6428
G0 F9000 X120.859 Y127.081
G1 F1500 X122.908 Y129.131 E399.7392
G0 F9000 X123.311 Y128.968
G1 F1500 X121.022 Y126.679 E399.84687
G0 F9000 X121.262 Y126.353
G1 F1500 X123.64 Y128.731 E399.95872
G0 F9000 X123.902 Y128.427
G1 F1500 X121.567 Y126.093 E400.06853
G0 F9000 X121.944 Y125.903
G1 F1500 X124.089 Y128.049 E400.16945
G0 F9000 X124.182 Y127.576
G1 F1500 X122.424 Y125.819 E400.25212
G0 F9000 X123.081 Y125.91
G1 F1500 X124.071 Y126.9 E400.29868
G0 F9000 X124.671 Y126.675
G1 F2700 E395.29868
;MESH:NONMESH
G0 F300 X124.671 Y126.675 Z2.4
G0 F9000 X119.42 Y107.773
G0 X118.335 Y107.773
G0 X97.653 Y97.488
G0 X93.347 Y97.488
G0 X91.387 Y107.047
G0 X91.857 Y107.773
;TIME_ELAPSED:730.978976
;LAYER:11
;TYPE:SUPPORT
G1 F2700 E400.29868
G1 F1500 X92.2 Y107.551 E400.31227
G1 X92.493 Y107.447 E400.32261
G1 X92.844 Y107.44 E400.33429
G1 X92.878 Y107.508 E400.33682
G1 X93 Y107.551 E400.34112
G1 X93 Y112.47 E400.50473
G1 X92.873 Y112.552 E400.50975
G1 X92.514 Y112.552 E400.5217
G1 X92.107 Y112.413 E400.536
G1 X91.775 Y112.117 E400.55079
G1 X91.234 Y111.426 E400.57998
G1 X91.048 Y110.97 E400.59636
G1 X91.001 Y110.664 E400.60666
G1 X91 Y109.236 E400.65415
G1 X91.091 Y108.884 E400.66625
G1 X91.22 Y108.591 E400.6769
G1 X91.375 Y108.374 E400.68576
G1 X91.857 Y107.773 E400.71139
G1 X92 Y107.775
G1 X92 Y112.21 E400.8589
G0 F9000 X91.783 Y112
G1 F1500 X92.92 Y112 E400.89671
G1 F2700 E395.89671
G0 F9000 X92.92 Y113.417
G0 X92.371 Y113.416
G0 X91.851 Y113.239
G0 X91.519 Y113.048
G0 X91.139 Y112.709
G0 X90.479 Y111.866
G0 X90.209 Y111.203
G0 X90.137 Y110.73
G0 X90.136 Y109.124
G0 X90.27 Y108.604
G0 X90.465 Y108.161
G0 X91.272 Y107.122
G0 X91.811 Y106.773
G0 X92.237 Y106.62
G0 X92.897 Y106.574
G0 X92.92 Y108
G1 F2700 E400.89671
G1 F1500 X91.778 Y108 E400.9347
G1 F2700 E395.9347
;MESH:Garmin_GFC500 Wheel Support - Wheel Spacer.stl
G0 F9000 X94.42 Y108
G0 X96.13 Y120.872
G0 X96.4 Y121.141
;TYPE:WALL-INNER
G1 F2700 E400.9347
G1 F1500 X96.4 Y98.858 E401.67583
G1 X94.6 Y98.858 E401.7357
G1 X94.6 Y121.141 E402.47684
G1 X96.4 Y121.141 E402.5367
G0 F9000 X96.8 Y121.541
;TYPE:WALL-OUTER
G1 F1500 X96.8 Y98.458 E403.30445
G1 X94.2 Y98.458 E403.39092
G1 X94.2 Y121.541 E404.15867
G1 X96.8 Y121.541 E404.24514
G0 F9000 X96.53 Y121.272
G0 X95.176 Y120.842
G0 X95.175 Y121.06
;TYPE:FILL
G1 F3000 X94.679 Y120.563 E404.2685
G0 F9000 X94.678 Y120.002
G1 F3000 X96.319 Y119.562 E404.32501
G0 F9000 X96.1 Y119.562
G0 X96.1 Y116.547
G0 X96.319 Y116.547
G1 F3000 X94.679 Y114.906 E404.40217
G0 F9000 X94.679 Y114.251
G1 F3000 X96.319 Y108.13 E404.61294
G0 F9000 X96.318 Y107.139
G1 F3000 X94.679 Y107.578 E404.66937
G0 F9000 X94.9 Y107.578
G0 X94.9 Y109.25
G0 X94.679 Y109.25
G1 F3000 X96.319 Y110.89 E404.74651
G0 F9000 X96.318 Y111.28
G1 F3000 X94.679 Y111.719 E404.80295
G0 F9000 X94.9 Y111.719
G0 X96.1 Y115.421
G0 X96.319 Y115.421
G1 F3000 X94.679 Y115.861 E404.85942
G0 F9000 X94.9 Y115.861
G0 X96.1 Y105.233
G0 X96.319 Y105.233
G1 F3000 X94.679 Y103.593 E404.93656
G1 X94.679 Y103.437
G1 X96.318 Y102.998 E404.993
G0 F9000 X96.1 Y102.998
G0 X96.1 Y99.576
G0 X96.319 Y99.576
G1 F3000 X95.68 Y98.937 E405.02305
G0 F9000 X96.018 Y98.937
G1 F3000 X94.679 Y99.296 E405.06916
G0 F9000 X95.2 Y99.458
G1 F2700 E400.06916
G0 F9000 X96.586 Y98.672
G0 X97.665 Y98.672
G0 X118.335 Y98.672
G0 X119.42 Y98.672
G0 X122.201 Y94.631
G0 X122.272 Y94.341
;TYPE:WALL-INNER
G1 F2700 E405.06916
G1 F1500 X121.843 Y94.235 E405.08386
G1 X121.448 Y94.029 E405.09868
G1 X121.109 Y93.726 E405.1138
G1 X120.857 Y93.361 E405.12855
G1 X120.7 Y92.945 E405.14334
G1 X120.651 Y92.5 E405.15823
G1 X120.699 Y92.058 E405.17302
G1 X120.857 Y91.639 E405.18791
G1 X121.109 Y91.274 E405.20267
G1 X121.449 Y90.97 E405.21783
G1 X121.847 Y90.764 E405.23274
G1 X122.244 Y90.667 E405.24633
G1 X122.723 Y90.658 E405.26227
G1 X123.155 Y90.765 E405.27707
G1 X123.554 Y90.973 E405.29204
G1 X123.891 Y91.274 E405.30706
G1 X124.142 Y91.637 E405.32174
G1 X124.302 Y92.061 E405.33682
G1 X124.35 Y92.5 E405.3515
G1 X124.302 Y92.937 E405.36613
G1 X124.142 Y93.362 E405.38123
G1 X123.891 Y93.726 E405.39594
G1 X123.555 Y94.026 E405.41092
G1 X123.158 Y94.235 E405.42584
G1 X122.727 Y94.341 E405.4406
G1 X122.272 Y94.341 E405.45574
G1 F2700 E400.45574
G0 F9000 X122.201 Y94.631
G0 X120.404 Y127.5
G0 X120.465 Y128.001
G0 X120.644 Y128.473
G0 X120.932 Y128.889
G0 X121.273 Y129.191
G0 X122.207 Y129.632
G0 X122.278 Y129.342
G1 F2700 E405.45574
G1 F1500 X121.846 Y129.236 E405.47053
G1 X121.449 Y129.03 E405.48541
G1 X121.109 Y128.726 E405.50058
G1 X120.857 Y128.361 E405.51533
G1 X120.7 Y127.945 E405.53012
G1 X120.651 Y127.5 E405.54501
G1 X120.699 Y127.058 E405.55979
G1 X120.857 Y126.639 E405.57469
G1 X121.109 Y126.274 E405.58944
G1 X121.448 Y125.971 E405.60456
G1 X121.843 Y125.765 E405.61938
G1 X122.272 Y125.659 E405.63408
G1 X122.727 Y125.659 E405.64921
G1 X123.157 Y125.765 E405.66394
G1 X123.555 Y125.974 E405.67889
G1 X123.891 Y126.274 E405.69387
G1 X124.142 Y126.637 E405.70855
G1 X124.302 Y127.061 E405.72363
G1 X124.35 Y127.5 E405.73831
G1 X124.302 Y127.937 E405.75294
G1 X124.142 Y128.362 E405.76804
G1 X123.891 Y128.726 E405.78275
G1 X123.554 Y129.027 E405.79778
G1 X123.154 Y129.236 E405.81279
G1 X122.756 Y129.333 E405.82641
G1 X122.278 Y129.342 E405.84231
G0 F9000 X122.207 Y129.632
G0 X119.87 Y131.63
G0 X119.601 Y131.899
G1 F1500 X125.4 Y131.9 E406.03519
G1 X125.4 Y88.1 E407.49198
G1 X119.601 Y88.101 E407.68486
G1 X119.601 Y131.899 E409.14158
G0 F9000 X119.201 Y132.299
;TYPE:WALL-OUTER
G1 F1500 X125.8 Y132.3 E409.36107
G1 X125.8 Y87.7 E410.84447
G1 X119.201 Y87.701 E411.06395
G1 X119.201 Y132.299 E412.54729
G1 F2700 E407.54729
G0 F9000 X119.47 Y132.03
G0 X122.133 Y129.614
G0 X122.299 Y128.936
G1 F2700 E412.54729
G1 F1500 X122.008 Y128.864 E412.55726
G1 X121.657 Y128.68 E412.57044
G1 X121.4 Y128.443 E412.58207
G1 X121.206 Y128.153 E412.59367
G1 X121.089 Y127.834 E412.60497
G1 X121.051 Y127.5 E412.61616
G1 X121.099 Y127.13 E412.62856
G1 X121.229 Y126.803 E412.64027
G1 X121.431 Y126.522 E412.65178
G1 X121.698 Y126.292 E412.6635
G1 X122.008 Y126.136 E412.67504
G1 X122.299 Y126.064 E412.68501
G1 X122.7 Y126.064 E412.69835
G1 X122.992 Y126.136 E412.70835
G1 X123.343 Y126.32 E412.72153
G1 X123.6 Y126.557 E412.73316
G1 X123.794 Y126.847 E412.74477
G1 X123.912 Y127.177 E412.75642
G1 X123.95 Y127.5 E412.76724
G1 X123.911 Y127.834 E412.77842
G1 X123.771 Y128.197 E412.79136
G1 X123.569 Y128.478 E412.80288
G1 X123.302 Y128.708 E412.8146
G1 X122.992 Y128.864 E412.82614
G1 X122.687 Y128.939 E412.83659
G1 X122.299 Y128.936 E412.84949
G1 F2700 E407.84949
G0 F9000 X122.133 Y129.614
G0 X121.311 Y129.224
G0 X120.932 Y128.889
G0 X120.644 Y128.473
G0 X120.465 Y128.001
G0 X120.43 Y127.717
G0 X122.133 Y94.614
G0 X122.299 Y93.936
G1 F2700 E412.84949
G1 F1500 X122.008 Y93.864 E412.85946
G1 X121.657 Y93.68 E412.87264
G1 X121.4 Y93.443 E412.88427
G1 X121.206 Y93.153 E412.89587
G1 X121.089 Y92.834 E412.90718
G1 X121.051 Y92.5 E412.91836
G1 X121.099 Y92.13 E412.93077
G1 X121.229 Y91.803 E412.94247
G1 X121.431 Y91.522 E412.95398
G1 X121.698 Y91.292 E412.9657
G1 X122.008 Y91.136 E412.97724
G1 X122.313 Y91.061 E412.98769
G1 X122.701 Y91.064 E413.0006
G1 X122.992 Y91.136 E413.01057
G1 X123.343 Y91.32 E413.02375
G1 X123.6 Y91.557 E413.03537
G1 X123.794 Y91.847 E413.04698
G1 X123.912 Y92.177 E413.05864
G1 X123.95 Y92.5 E413.06945
G1 X123.911 Y92.834 E413.08064
G1 X123.771 Y93.197 E413.09358
G1 X123.569 Y93.478 E413.10509
G1 X123.302 Y93.708 E413.11681
G1 X122.992 Y93.864 E413.12835
G1 X122.652 Y93.941 E413.13995
G1 X122.299 Y93.936 E413.15169
G0 F9000 X122.133 Y94.614
G0 X121.393 Y94.263
G0 X120.739 Y93.717
G0 X120.92 Y93.593
;TYPE:FILL
G1 F3000 X119.68 Y98.221 E413.31105
G0 F9000 X119.9 Y98.221
G0 X119.9 Y96.738
G0 X119.68 Y96.738
G1 F3000 X125.318 Y95.227 E413.50518
G0 F9000 X125.319 Y94.635
G1 F3000 X124.159 Y93.475 E413.55975
G0 F9000 X124.341 Y93.601
G0 X125.1 Y92.631
G0 X125.319 Y92.631
G1 F3000 X119.68 Y113.675 E414.28437
G0 F9000 X119.681 Y113.302
G1 F3000 X125.319 Y111.792 E414.4785
G1 X125.319 Y111.606
G1 X119.679 Y105.966 E414.74378
G0 F9000 X119.681 Y105.02
G1 F3000 X125.319 Y103.509 E414.93792
G0 F9000 X125.1 Y103.509
G0 X125.1 Y105.949
G0 X125.319 Y105.949
G1 F3000 X119.679 Y100.309 E415.20321
G0 F9000 X119.681 Y100.879
G1 F3000 X125.318 Y99.369 E415.39731
G0 F9000 X125.319 Y100.292
G1 F3000 X119.679 Y94.652 E415.6626
G0 F9000 X119.9 Y94.652
G0 X119.9 Y92.597
G0 X119.681 Y92.597
G1 F3000 X120.585 Y92.355 E415.69372
G0 F9000 X120.365 Y92.329
G0 X120.644 Y91.527
G0 X120.807 Y91.291
G0 X121.423 Y90.648
G0 X121.523 Y90.839
G1 F3000 X119.679 Y88.995 E415.78046
G0 F9000 X119.681 Y88.456
G1 F3000 X120.709 Y88.18 E415.81586
G0 F9000 X120.709 Y88.4
G0 X122.371 Y88.4
G0 X122.371 Y88.179
G1 F3000 X121.68 Y90.758 E415.90466
G0 F9000 X121.58 Y90.565
G0 X122.248 Y90.42
G0 X122.752 Y90.42
G0 X123.243 Y90.54
G0 X123.604 Y90.731
G0 X124.267 Y91.292
G0 X124.085 Y91.417
G1 F3000 X125.319 Y91.086 E415.94716
G0 F9000 X125.1 Y91.086
G0 X125.1 Y88.978
G0 X125.319 Y88.978
G1 F3000 X124.522 Y88.181 E415.98465
G0 F9000 X124.522 Y88.4
G0 X125.1 Y107.651
G0 X125.319 Y107.651
G1 F3000 X119.681 Y109.161 E416.17878
G0 F9000 X119.9 Y109.161
G0 X119.9 Y111.623
G0 X119.68 Y111.623
G1 F3000 X125.319 Y117.263 E416.44404
G0 F9000 X125.1 Y117.263
G0 X125.1 Y115.933
G0 X125.318 Y115.933
G1 F3000 X119.68 Y117.444 E416.63818
G1 X119.68 Y117.28
G1 X125.319 Y122.919 E416.90342
G0 F9000 X125.319 Y123.54
G1 F3000 X124.379 Y127.046 E417.02415
G0 F9000 X124.411 Y127.668
G1 F3000 X125.319 Y128.576 E417.06686
G0 F9000 X125.319 Y128.356
G1 F3000 X123.996 Y128.71 E417.11241
G1 X123.904 Y128.82
G1 X123.101 Y131.819 E417.21567
G1 X122.905 Y131.818
G1 X119.68 Y128.594 E417.36734
G0 F9000 X119.681 Y129.128
G1 F3000 X125.319 Y108.085 E418.09192
G0 F9000 X125.1 Y108.085
G0 X125.1 Y120.074
G0 X125.318 Y120.074
G1 F3000 X119.68 Y121.585 E418.28606
G0 F9000 X119.9 Y121.585
G0 X119.9 Y122.937
G0 X119.68 Y122.937
G1 F3000 X122.32 Y125.577 E418.41024
G0 F9000 X122.32 Y125.359
G0 X119.9 Y125.726
G0 X119.68 Y125.726
G1 F3000 X125.319 Y124.215 E418.60441
G0 F9000 X125.1 Y124.215
G0 X124.535 Y128.001
G0 X124.356 Y128.473
G0 X124.068 Y128.889
G0 X123.689 Y129.224
G0 X123.243 Y129.46
G0 X122.752 Y129.58
G0 X121.692 Y129.493
G0 X121.794 Y129.301
G1 F3000 X119.681 Y129.867 E418.67716
G0 F9000 X120.2 Y129.867
G1 F2700 E413.67716
;MESH:NONMESH
G0 F300 X120.2 Y129.867 Z2.6
G0 F9000 X119.42 Y107.773
G0 X118.335 Y107.773
G0 X97.653 Y97.605
G0 X93.347 Y97.605
G0 X91.387 Y107.047
G0 X91.857 Y107.773
;TIME_ELAPSED:764.751005
;LAYER:12
;TYPE:SUPPORT
G1 F2700 E418.67716
G1 F1500 X92.2 Y107.551 E418.69075
G1 X92.493 Y107.447 E418.70109
G1 X92.844 Y107.44 E418.71277
G1 X92.878 Y107.508 E418.7153
G1 X93 Y107.551 E418.7196
G1 X93 Y112.47 E418.88321
G1 X92.873 Y112.552 E418.88823
G1 X92.514 Y112.552 E418.90018
G1 X92.107 Y112.413 E418.91448
G1 X91.775 Y112.117 E418.92927
G1 X91.234 Y111.426 E418.95846
G1 X91.048 Y110.97 E418.97484
G1 X91.001 Y110.664 E418.98514
G1 X91 Y109.236 E419.03263
G1 X91.091 Y108.884 E419.04473
G1 X91.22 Y108.591 E419.05537
G1 X91.375 Y108.374 E419.06424
G1 X91.857 Y107.773 E419.08987
G1 X92 Y107.775
G1 X92 Y112.21 E419.23738
G0 F9000 X91.783 Y112
G1 F1500 X92.92 Y112 E419.27519
G1 F2700 E414.27519
G0 F9000 X92.92 Y113.417
G0 X92.371 Y113.416
G0 X91.851 Y113.239
G0 X91.519 Y113.048
G0 X91.139 Y112.709
G0 X90.479 Y111.866
G0 X90.209 Y111.203
G0 X90.137 Y110.73
G0 X90.136 Y109.124
G0 X90.27 Y108.604
G0 X90.465 Y108.161
G0 X91.272 Y107.122
G0 X91.811 Y106.773
G0 X92.237 Y106.62
G0 X92.897 Y106.574
G0 X92.92 Y108
G1 F2700 E419.27519
G1 F1500 X91.778 Y108 E419.31318
G1 F2700 E414.31318
;MESH:Garmin_GFC500 Wheel Support - Wheel Spacer.stl
G0 F9000 X94.42 Y108
G0 X96.13 Y120.755
G0 X96.4 Y121.024
;TYPE:WALL-INNER
G1 F2700 E419.31318
G1 F1500 X96.4 Y98.975 E420.04653
G1 X94.6 Y98.975 E420.1064
G1 X94.6 Y121.024 E420.83975
G1 X96.4 Y121.024 E420.89962
G0 F9000 X96.8 Y121.424
;TYPE:WALL-OUTER
G1 F1500 X96.8 Y98.575 E421.65958
G1 X94.2 Y98.575 E421.74606
G1 X94.2 Y121.424 E422.50602
G1 X96.8 Y121.424 E422.59249
G0 F9000 X96.53 Y121.155
G0 X95.258 Y120.725
G0 X95.257 Y120.942
;TYPE:FILL
G1 F3000 X94.68 Y120.365 E422.61963
G0 F9000 X94.679 Y120.148
G1 F3000 X96.318 Y119.708 E422.67608
G0 F9000 X96.1 Y119.708
G0 X96.1 Y116.348
G0 X96.319 Y116.348
G1 F3000 X94.68 Y114.708 E422.75319
G0 F9000 X94.9 Y114.708
G0 X94.9 Y113.705
G0 X94.68 Y113.705
G1 F3000 X96.319 Y107.586 E422.96389
G0 F9000 X96.318 Y107.285
G1 F3000 X94.68 Y107.724 E423.02029
G0 F9000 X94.9 Y107.724
G0 X94.9 Y109.051
G0 X94.68 Y109.051
G1 F3000 X96.319 Y110.691 E423.09741
G0 F9000 X96.319 Y111.426
G1 F3000 X94.68 Y111.865 E423.15384
G0 F9000 X94.9 Y111.865
G0 X96.1 Y115.567
G0 X96.319 Y115.567
G1 F3000 X94.679 Y116.006 E423.21031
G0 F9000 X94.9 Y116.006
G0 X96.1 Y105.034
G0 X96.319 Y105.034
G1 F3000 X94.68 Y103.394 E423.28743
G1 X94.679 Y103.583
G1 X96.318 Y103.144 E423.34386
G0 F9000 X96.1 Y103.144
G0 X96.1 Y99.377
G0 X96.319 Y99.377
G1 F3000 X95.996 Y99.054 E423.35905
G1 X96.126 Y99.054
G1 X94.679 Y99.442 E423.40888
G0 F9000 X95.2 Y99.575
G1 F2700 E418.40888
G0 F9000 X96.586 Y98.789
G0 X97.665 Y98.789
G0 X118.335 Y98.789
G0 X119.42 Y98.789
G0 X122.201 Y94.631
G0 X122.272 Y94.341
;TYPE:WALL-INNER
G1 F2700 E423.40888
G1 F1500 X121.843 Y94.235 E423.42358
G1 X121.448 Y94.029 E423.4384
G1 X121.109 Y93.726 E423.45352
G1 X120.857 Y93.361 E423.46827
G1 X120.7 Y92.945 E423.48306
G1 X120.651 Y92.5 E423.49795
G1 X120.699 Y92.058 E423.51274
G1 X120.857 Y91.639 E423.52763
G1 X121.109 Y91.274 E423.54238
G1 X121.449 Y90.97 E423.55755
G1 X121.847 Y90.764 E423.57246
G1 X122.244 Y90.667 E423.58605
G1 X122.723 Y90.658 E423.60199
G1 X123.155 Y90.765 E423.61679
G1 X123.554 Y90.973 E423.63175
G1 X123.891 Y91.274 E423.64678
G1 X124.142 Y91.637 E423.66146
G1 X124.302 Y92.061 E423.67653
G1 X124.35 Y92.5 E423.69122
G1 X124.302 Y92.937 E423.70584
G1 X124.142 Y93.362 E423.72095
G1 X123.891 Y93.726 E423.73565
G1 X123.555 Y94.026 E423.75064
G1 X123.158 Y94.235 E423.76556
G1 X122.727 Y94.341 E423.78032
G1 X122.272 Y94.341 E423.79545
G1 F2700 E418.79545
G0 F9000 X122.201 Y94.631
G0 X120.404 Y127.5
G0 X120.465 Y128.001
G0 X120.644 Y128.473
G0 X120.932 Y128.889
G0 X121.273 Y129.191
G0 X122.207 Y129.632
G0 X122.278 Y129.342
G1 F2700 E423.79545
G1 F1500 X121.846 Y129.236 E423.81025
G1 X121.449 Y129.03 E423.82513
G1 X121.109 Y128.726 E423.84029
G1 X120.857 Y128.361 E423.85505
G1 X120.7 Y127.945 E423.86984
G1 X120.651 Y127.5 E423.88473
G1 X120.699 Y127.058 E423.89951
G1 X120.857 Y126.639 E423.91441
G1 X121.109 Y126.274 E423.92916
G1 X121.448 Y125.971 E423.94428
G1 X121.843 Y125.765 E423.9591
G1 X122.272 Y125.659 E423.9738
G1 X122.727 Y125.659 E423.98893
G1 X123.157 Y125.765 E424.00366
G1 X123.555 Y125.974 E424.01861
G1 X123.891 Y126.274 E424.03359
G1 X124.142 Y126.637 E424.04827
G1 X124.302 Y127.061 E424.06335
G1 X124.35 Y127.5 E424.07803
G1 X124.302 Y127.937 E424.09266
G1 X124.142 Y128.362 E424.10776
G1 X123.891 Y128.726 E424.12247
G1 X123.554 Y129.027 E424.13749
G1 X123.154 Y129.236 E424.1525
G1 X122.756 Y129.333 E424.16613
G1 X122.278 Y129.342 E424.18203
G0 F9000 X122.207 Y129.632
G0 X119.87 Y131.63
G0 X119.601 Y131.899
G1 F1500 X125.4 Y131.9 E424.37491
G1 X125.4 Y88.1 E425.8317
G1 X119.601 Y88.101 E426.02458
G1 X119.601 Y131.899 E427.4813
G0 F9000 X119.201 Y132.299
;TYPE:WALL-OUTER
G1 F1500 X125.8 Y132.3 E427.70079
G1 X125.8 Y87.7 E429.18419
G1 X119.201 Y87.701 E429.40367
G1 X119.201 Y132.299 E430.88701
G1 F2700 E425.88701
G0 F9000 X119.47 Y132.03
G0 X122.133 Y129.614
G0 X122.299 Y128.936
G1 F2700 E430.88701
G1 F1500 X122.008 Y128.864 E430.89698
G1 X121.657 Y128.68 E430.91016
G1 X121.431 Y128.478 E430.92024
G1 X121.229 Y128.197 E430.93175
G1 X121.089 Y127.834 E430.94469
G1 X121.051 Y127.5 E430.95587
G1 X121.099 Y127.13 E430.96828
G1 X121.229 Y126.803 E430.97999
G1 X121.431 Y126.522 E430.9915
G1 X121.698 Y126.292 E431.00322
G1 X122.008 Y126.136 E431.01476
G1 X122.299 Y126.064 E431.02473
G1 X122.7 Y126.064 E431.03807
G1 X122.992 Y126.136 E431.04807
G1 X123.343 Y126.32 E431.06125
G1 X123.6 Y126.557 E431.07288
G1 X123.794 Y126.847 E431.08448
G1 X123.912 Y127.177 E431.09614
G1 X123.95 Y127.5 E431.10696
G1 X123.911 Y127.834 E431.11814
G1 X123.771 Y128.197 E431.13108
G1 X123.569 Y128.478 E431.14259
G1 X123.302 Y128.708 E431.15431
G1 X122.992 Y128.864 E431.16586
G1 X122.687 Y128.939 E431.1763
G1 X122.299 Y128.936 E431.18921
G1 F2700 E426.18921
G0 F9000 X122.133 Y129.614
G0 X121.311 Y129.224
G0 X120.932 Y128.889
G0 X120.644 Y128.473
G0 X120.465 Y128.001
G0 X120.43 Y127.717
G0 X122.133 Y94.614
G0 X122.299 Y93.936
G1 F2700 E431.18921
G1 F1500 X122.008 Y93.864 E431.19918
G1 X121.657 Y93.68 E431.21236
G1 X121.4 Y93.443 E431.22399
G1 X121.206 Y93.153 E431.23559
G1 X121.089 Y92.834 E431.24689
G1 X121.051 Y92.5 E431.25807
G1 X121.099 Y92.13 E431.27048
G1 X121.229 Y91.803 E431.28219
G1 X121.431 Y91.522 E431.2937
G1 X121.698 Y91.292 E431.30542
G1 X122.008 Y91.136 E431.31696
G1 X122.313 Y91.061 E431.32741
G1 X122.701 Y91.064 E431.34031
G1 X122.992 Y91.136 E431.35028
G1 X123.343 Y91.32 E431.36346
G1 X123.6 Y91.557 E431.37509
G1 X123.794 Y91.847 E431.3867
G1 X123.912 Y92.177 E431.39835
G1 X123.95 Y92.5 E431.40917
G1 X123.911 Y92.834 E431.42035
G1 X123.771 Y93.197 E431.4333
G1 X123.569 Y93.478 E431.44481
G1 X123.302 Y93.708 E431.45653
G1 X122.992 Y93.864 E431.46807
G1 X122.7 Y93.936 E431.47807
G1 X122.299 Y93.936 E431.49141
G0 F9000 X122.133 Y94.614
G0 X121.393 Y94.263
G0 X120.634 Y93.565
G0 X120.815 Y93.442
;TYPE:FILL
G1 F3000 X119.68 Y97.675 E431.63717
G0 F9000 X119.681 Y96.884
G1 F3000 X125.318 Y95.373 E431.83128
G0 F9000 X125.319 Y94.436
G1 F3000 X124.231 Y93.347 E431.88248
G0 F9000 X124.438 Y93.426
G0 X125.1 Y92.086
G0 X125.319 Y92.086
G1 F3000 X119.68 Y113.13 E432.6071
G0 F9000 X119.68 Y113.449
G1 F3000 X125.318 Y111.938 E432.80124
G0 F9000 X125.319 Y111.406
G1 F3000 X119.679 Y105.766 E433.06652
G0 F9000 X119.681 Y105.166
G1 F3000 X125.319 Y103.655 E433.26066
G0 F9000 X125.1 Y103.655
G0 X125.1 Y105.749
G0 X125.319 Y105.749
G1 F3000 X119.679 Y100.11 E433.52593
G0 F9000 X119.681 Y101.025
G1 F3000 X125.319 Y99.514 E433.72007
G0 F9000 X125.319 Y100.093
G1 F3000 X119.679 Y94.453 E433.98535
G0 F9000 X119.9 Y94.453
G0 X119.9 Y92.743
G0 X119.681 Y92.743
G1 F3000 X120.571 Y92.504 E434.016
G0 F9000 X120.347 Y92.529
G0 X120.644 Y91.527
G0 X120.807 Y91.291
G0 X121.41 Y90.655
G0 X121.51 Y90.846
G1 F3000 X122.225 Y88.179 E434.10784
G0 F9000 X121.255 Y88.18
G1 F3000 X119.681 Y88.602 E434.16204
G1 X119.679 Y88.796
G1 X121.654 Y90.77 E434.25492
G0 F9000 X121.554 Y90.579
G0 X122.248 Y90.42
G0 X122.752 Y90.42
G0 X123.243 Y90.54
G0 X123.604 Y90.731
G0 X124.352 Y91.415
G0 X124.17 Y91.54
G1 F3000 X125.318 Y91.232 E434.29445
G0 F9000 X125.1 Y91.232
G0 X125.1 Y88.779
G0 X125.319 Y88.779
G1 F3000 X124.721 Y88.181 E434.32258
G0 F9000 X124.721 Y88.4
G0 X125.1 Y107.541
G0 X125.319 Y107.541
G1 F3000 X119.681 Y128.584 E435.04716
G1 X119.68 Y128.395
G1 X123.104 Y131.818 E435.20819
G1 X122.955 Y131.819
G1 X123.712 Y128.992 E435.30553
G1 X123.808 Y128.907
G1 X125.319 Y128.502 E435.35756
G1 X125.319 Y128.377
G1 X124.428 Y127.486 E435.39947
G0 F9000 X124.295 Y126.817
G1 F3000 X125.319 Y122.996 E435.53104
G0 F9000 X125.319 Y122.72
G1 F3000 X119.68 Y117.081 E435.79628
G0 F9000 X119.68 Y117.59
G1 F3000 X125.318 Y116.079 E435.99042
G0 F9000 X125.319 Y117.063
G1 F3000 X119.68 Y111.424 E436.25566
G0 F9000 X119.9 Y111.424
G0 X119.9 Y109.307
G0 X119.68 Y109.307
G1 F3000 X125.319 Y107.797 E436.44982
G0 F9000 X125.1 Y107.797
G0 X125.1 Y120.22
G0 X125.319 Y120.22
G1 F3000 X119.681 Y121.731 E436.64396
G0 F9000 X119.9 Y121.731
G0 X119.9 Y122.738
G0 X119.68 Y122.738
G1 F3000 X122.52 Y125.577 E436.77752
G0 F9000 X122.52 Y125.359
G0 X119.9 Y125.872
G0 X119.681 Y125.872
G1 F3000 X125.319 Y124.361 E436.97166
G0 F9000 X125.1 Y124.361
G0 X124.535 Y128.001
G0 X124.356 Y128.473
G0 X124.068 Y128.889
G0 X123.689 Y129.224
G0 X123.243 Y129.46
G0 X122.964 Y129.528
G0 X122.018 Y129.586
G0 X122.07 Y129.373
G1 F3000 X119.68 Y130.013 E437.05395
G0 F9000 X120.2 Y130.013
G1 F2700 E432.05395
;MESH:NONMESH
G0 F300 X120.2 Y130.013 Z2.8
G0 F9000 X119.42 Y107.773
G0 X118.335 Y107.773
G0 X97.653 Y97.722
G0 X93.347 Y97.722
G0 X91.387 Y107.047
G0 X91.857 Y107.773
;TIME_ELAPSED:798.294345
;LAYER:13
;TYPE:SUPPORT
G1 F2700 E437.05395
G1 F1500 X92.2 Y107.551 E437.06754
G1 X92.493 Y107.447 E437.07788
G1 X92.844 Y107.44 E437.08956
G1 X92.878 Y107.508 E437.09209
G1 X93 Y107.551 E437.09639
G1 X93 Y112.47 E437.25999
G1 X92.873 Y112.552 E437.26502
G1 X92.514 Y112.552 E437.27696
G1 X92.107 Y112.413 E437.29127
G1 X91.775 Y112.117 E437.30606
G1 X91.234 Y111.426 E437.33525
G1 X91.048 Y110.97 E437.35163
G1 X91.001 Y110.664 E437.36193
G1 X91 Y109.236 E437.40942
G1 X91.091 Y108.884 E437.42152
G1 X91.22 Y108.591 E437.43216
G1 X91.375 Y108.374 E437.44103
G1 X91.857 Y107.773 E437.46666
G1 X92 Y107.775
G1 X92 Y112.21 E437.61417
G0 F9000 X91.783 Y112
G1 F1500 X92.92 Y112 E437.65198
G1 F2700 E432.65198
G0 F9000 X92.92 Y113.417
G0 X92.371 Y113.416
G0 X91.851 Y113.239
G0 X91.519 Y113.048
G0 X91.139 Y112.709
G0 X90.479 Y111.866
G0 X90.209 Y111.203
G0 X90.137 Y110.73
G0 X90.136 Y109.124
G0 X90.27 Y108.604
G0 X90.465 Y108.161
G0 X91.272 Y107.122
G0 X91.811 Y106.773
G0 X92.237 Y106.62
G0 X92.897 Y106.574
G0 X92.92 Y108
G1 F2700 E437.65198
G1 F1500 X91.778 Y108 E437.68996
G1 F2700 E432.68996
;MESH:Garmin_GFC500 Wheel Support - Wheel Spacer.stl
G0 F9000 X94.42 Y108
G0 X96.13 Y120.639
G0 X96.4 Y120.908
;TYPE:WALL-INNER
G1 F2700 E437.68996
G1 F1500 X96.4 Y99.091 E438.4156
G1 X94.6 Y99.091 E438.47547
G1 X94.6 Y120.908 E439.20111
G1 X96.4 Y120.908 E439.26097
G0 F9000 X96.8 Y121.308
;TYPE:WALL-OUTER
G1 F1500 X96.8 Y98.691 E440.01322
G1 X94.2 Y98.691 E440.09969
G1 X94.2 Y121.308 E440.85194
G1 X96.8 Y121.308 E440.93842
G0 F9000 X96.53 Y121.039
G0 X96.1 Y119.854
G0 X96.318 Y119.854
;TYPE:FILL
G1 F3000 X94.679 Y120.294 E440.99486
G1 X94.68 Y120.165
G1 X95.341 Y120.826 E441.02595
G0 F9000 X95.342 Y120.609
G0 X94.9 Y116.152
G0 X94.679 Y116.152
G1 F3000 X96.318 Y115.713 E441.08239
G0 F9000 X96.32 Y116.149
G1 F3000 X94.68 Y114.508 E441.15955
G0 F9000 X94.9 Y114.508
G0 X94.9 Y113.16
G0 X94.679 Y113.16
G1 F3000 X96.319 Y107.041 E441.37025
G0 F9000 X96.319 Y107.431
G1 F3000 X94.68 Y107.87 E441.42669
G0 F9000 X94.68 Y108.852
G1 F3000 X96.32 Y110.492 E441.50383
G0 F9000 X96.1 Y110.492
G0 X96.1 Y111.572
G0 X96.319 Y111.572
G1 F3000 X94.679 Y112.011 E441.56029
G0 F9000 X94.9 Y112.011
G0 X96.1 Y104.835
G0 X96.32 Y104.835
G1 F3000 X94.68 Y103.195 E441.63743
G0 F9000 X94.679 Y103.729
G1 F3000 X96.318 Y103.29 E441.69387
G0 F9000 X96.1 Y103.29
G0 X94.9 Y99.588
G0 X94.679 Y99.588
G1 F3000 X96.238 Y99.17 E441.74755
G0 F9000 X95.8 Y99.573
G1 F2700 E436.74755
G0 F9000 X96.586 Y98.905
G0 X97.665 Y98.905
G0 X118.335 Y98.905
G0 X119.42 Y98.905
G0 X122.201 Y94.631
G0 X122.272 Y94.341
;TYPE:WALL-INNER
G1 F2700 E441.74755
G1 F1500 X121.843 Y94.235 E441.76225
G1 X121.448 Y94.029 E441.77707
G1 X121.109 Y93.726 E441.79219
G1 X120.857 Y93.361 E441.80694
G1 X120.7 Y92.945 E441.82173
G1 X120.651 Y92.5 E441.83662
G1 X120.699 Y92.058 E441.85141
G1 X120.857 Y91.638 E441.86633
G1 X121.109 Y91.274 E441.88106
G1 X121.449 Y90.97 E441.89623
G1 X121.847 Y90.764 E441.91113
G1 X122.244 Y90.667 E441.92473
G1 X122.723 Y90.658 E441.94066
G1 X123.155 Y90.765 E441.95546
G1 X123.554 Y90.973 E441.97043
G1 X123.891 Y91.274 E441.98546
G1 X124.142 Y91.637 E442.00014
G1 X124.302 Y92.061 E442.01521
G1 X124.35 Y92.5 E442.0299
G1 X124.302 Y92.937 E442.04452
G1 X124.142 Y93.362 E442.05962
G1 X123.891 Y93.726 E442.07433
G1 X123.555 Y94.026 E442.08931
G1 X123.158 Y94.235 E442.10423
G1 X122.727 Y94.341 E442.119
G1 X122.272 Y94.341 E442.13413
G1 F2700 E437.13413
G0 F9000 X122.201 Y94.631
G0 X120.404 Y127.5
G0 X120.465 Y128.001
G0 X120.644 Y128.473
G0 X120.932 Y128.889
G0 X121.273 Y129.191
G0 X122.207 Y129.632
G0 X122.278 Y129.342
G1 F2700 E442.13413
G1 F1500 X121.846 Y129.236 E442.14892
G1 X121.449 Y129.03 E442.1638
G1 X121.109 Y128.726 E442.17897
G1 X120.857 Y128.361 E442.19372
G1 X120.7 Y127.945 E442.20851
G1 X120.651 Y127.5 E442.2234
G1 X120.699 Y127.058 E442.23819
G1 X120.857 Y126.639 E442.25308
G1 X121.109 Y126.274 E442.26784
G1 X121.448 Y125.971 E442.28296
G1 X121.843 Y125.765 E442.29777
G1 X122.272 Y125.659 E442.31247
G1 X122.727 Y125.659 E442.32761
G1 X123.157 Y125.765 E442.34234
G1 X123.555 Y125.974 E442.35729
G1 X123.891 Y126.274 E442.37227
G1 X124.142 Y126.637 E442.38695
G1 X124.302 Y127.061 E442.40202
G1 X124.35 Y127.5 E442.41671
G1 X124.302 Y127.937 E442.43133
G1 X124.142 Y128.362 E442.44644
G1 X123.891 Y128.726 E442.46114
G1 X123.554 Y129.027 E442.47617
G1 X123.154 Y129.236 E442.49118
G1 X122.756 Y129.333 E442.50481
G1 X122.278 Y129.342 E442.52071
G0 F9000 X122.207 Y129.632
G0 X119.87 Y131.63
G0 X119.601 Y131.899
G1 F1500 X125.4 Y131.9 E442.71358
G1 X125.4 Y88.1 E444.17038
G1 X119.601 Y88.101 E444.36325
G1 X119.601 Y131.899 E445.81998
G0 F9000 X119.201 Y132.299
;TYPE:WALL-OUTER
G1 F1500 X125.8 Y132.3 E446.03946
G1 X125.8 Y87.7 E447.52286
G1 X119.201 Y87.701 E447.74235
G1 X119.201 Y132.299 E449.22568
G1 F2700 E444.22568
G0 F9000 X119.47 Y132.03
G0 X122.133 Y129.614
G0 X122.299 Y128.936
G1 F2700 E449.22568
G1 F1500 X122.008 Y128.864 E449.23565
G1 X121.657 Y128.68 E449.24884
G1 X121.4 Y128.443 E449.26046
G1 X121.206 Y128.153 E449.27207
G1 X121.089 Y127.834 E449.28337
G1 X121.051 Y127.5 E449.29455
G1 X121.099 Y127.13 E449.30696
G1 X121.229 Y126.803 E449.31866
G1 X121.431 Y126.522 E449.33017
G1 X121.698 Y126.292 E449.34189
G1 X122.008 Y126.136 E449.35344
G1 X122.299 Y126.064 E449.36341
G1 X122.7 Y126.064 E449.37674
G1 X122.992 Y126.136 E449.38675
G1 X123.343 Y126.32 E449.39993
G1 X123.6 Y126.557 E449.41156
G1 X123.794 Y126.847 E449.42316
G1 X123.912 Y127.177 E449.43482
G1 X123.95 Y127.5 E449.44563
G1 X123.911 Y127.834 E449.45682
G1 X123.771 Y128.197 E449.46976
G1 X123.569 Y128.478 E449.48127
G1 X123.302 Y128.708 E449.49299
G1 X122.992 Y128.864 E449.50453
G1 X122.687 Y128.939 E449.51498
G1 X122.299 Y128.936 E449.52789
G1 F2700 E444.52789
G0 F9000 X122.133 Y129.614
G0 X121.311 Y129.224
G0 X120.932 Y128.889
G0 X120.644 Y128.473
G0 X120.465 Y128.001
G0 X120.43 Y127.717
G0 X122.133 Y94.614
G0 X122.299 Y93.936
G1 F2700 E449.52789
G1 F1500 X122.008 Y93.864 E449.53786
G1 X121.657 Y93.68 E449.55104
G1 X121.4 Y93.443 E449.56266
G1 X121.206 Y93.153 E449.57427
G1 X121.089 Y92.834 E449.58557
G1 X121.051 Y92.5 E449.59675
G1 X121.099 Y92.13 E449.60916
G1 X121.229 Y91.803 E449.62086
G1 X121.431 Y91.522 E449.63237
G1 X121.698 Y91.292 E449.6441
G1 X122.008 Y91.136 E449.65564
G1 X122.313 Y91.061 E449.66608
G1 X122.701 Y91.064 E449.67899
G1 X122.992 Y91.136 E449.68896
G1 X123.343 Y91.32 E449.70214
G1 X123.6 Y91.557 E449.71377
G1 X123.794 Y91.847 E449.72537
G1 X123.912 Y92.177 E449.73703
G1 X123.95 Y92.5 E449.74785
G1 X123.911 Y92.834 E449.75903
G1 X123.771 Y93.197 E449.77197
G1 X123.569 Y93.478 E449.78348
G1 X123.302 Y93.708 E449.7952
G1 X122.992 Y93.864 E449.80675
G1 X122.7 Y93.936 E449.81675
G1 X122.299 Y93.936 E449.83009
G0 F9000 X122.133 Y94.614
G0 X121.311 Y94.224
G0 X121.096 Y94.034
G0 X120.519 Y93.314
G0 X120.723 Y93.237
;TYPE:FILL
G1 F3000 X119.68 Y97.131 E449.96417
G1 X119.681 Y97.03
G1 X125.319 Y95.519 E450.1583
G0 F9000 X125.1 Y95.519
G0 X125.1 Y94.236
G0 X125.319 Y94.236
G1 F3000 X124.286 Y93.203 E450.20689
G0 F9000 X124.493 Y93.282
G0 X124.586 Y92.578
G0 X124.445 Y91.59
G0 X124.238 Y91.668
G1 F3000 X125.319 Y91.378 E450.24412
G1 X125.319 Y91.541
G1 X119.68 Y112.584 E450.96871
G0 F9000 X119.9 Y112.584
G0 X119.9 Y113.595
G0 X119.68 Y113.595
G1 F3000 X125.318 Y112.084 E451.16285
G0 F9000 X125.319 Y111.207
G1 F3000 X119.679 Y105.567 E451.42813
G0 F9000 X119.68 Y105.312
G1 F3000 X125.319 Y103.802 E451.6223
G0 F9000 X125.1 Y103.802
G0 X125.1 Y105.55
G0 X125.319 Y105.55
G1 F3000 X119.679 Y99.91 E451.88758
G0 F9000 X119.9 Y99.91
G0 X119.9 Y101.171
G0 X119.681 Y101.171
G1 F3000 X125.319 Y99.66 E452.08172
G0 F9000 X125.319 Y99.893
G1 F3000 X119.679 Y94.253 E452.34701
G0 F9000 X119.9 Y94.253
G0 X119.9 Y92.889
G0 X119.681 Y92.889
G1 F3000 X120.585 Y92.647 E452.37814
G0 F9000 X120.364 Y92.672
G0 X120.465 Y91.999
G0 X120.61 Y91.617
G0 X121.19 Y90.801
G0 X121.332 Y90.964
G1 F3000 X122.079 Y88.179 E452.47404
G0 F9000 X121.8 Y88.18
G1 F3000 X119.681 Y88.748 E452.54701
G1 X119.679 Y88.596
G1 X121.785 Y90.702 E452.64607
G0 F9000 X121.685 Y90.51
G0 X124.921 Y88.4
G0 X124.921 Y88.181
G1 F3000 X125.319 Y88.579 E452.66479
G0 F9000 X125.1 Y88.579
G0 X125.1 Y106.995
G0 X125.319 Y106.995
G1 F3000 X119.68 Y128.039 E453.38941
G1 X119.68 Y128.195
G1 X123.303 Y131.818 E453.55982
G0 F9000 X122.809 Y131.819
G1 F3000 X123.529 Y129.13 E453.65241
G1 X123.54 Y129.125
G1 X125.318 Y128.648 E453.71364
G0 F9000 X125.319 Y128.177
G1 F3000 X124.404 Y127.262 E453.75667
G0 F9000 X124.209 Y126.594
G1 F3000 X125.319 Y122.45 E453.89936
G1 X125.319 Y122.521
G1 X119.68 Y116.881 E454.16463
G0 F9000 X119.681 Y117.735
G1 F3000 X125.319 Y116.225 E454.35876
G0 F9000 X125.319 Y116.864
G1 F3000 X119.68 Y111.225 E454.624
G0 F9000 X119.9 Y111.225
G0 X119.9 Y109.453
G0 X119.68 Y109.453
G1 F3000 X125.318 Y107.943 E454.81813
G0 F9000 X125.1 Y107.943
G0 X125.1 Y120.366
G0 X125.319 Y120.366
G1 F3000 X119.681 Y121.877 E455.01227
G0 F9000 X119.68 Y122.538
G1 F3000 X122.719 Y125.577 E455.15521
G0 F9000 X122.719 Y125.359
G0 X125.1 Y124.507
G0 X125.319 Y124.507
G1 F3000 X119.68 Y126.018 E455.34938
G0 F9000 X119.9 Y126.018
G0 X119.9 Y130.159
G0 X119.68 Y130.159
G1 F3000 X122.439 Y129.42 E455.44438
G0 F9000 X122.439 Y129.941
G1 F2700 E450.44438
;MESH:NONMESH
G0 F300 X122.439 Y129.941 Z3
G0 F9000 X121.233 Y128.622
G0 X121.001 Y128.286
G0 X120.871 Y127.942
G0 X119.42 Y107.773
G0 X118.335 Y107.773
G0 X97.653 Y97.838
G0 X93.347 Y97.838
G0 X91.387 Y107.047
G0 X91.857 Y107.773
;TIME_ELAPSED:831.507074
;LAYER:14
;TYPE:SUPPORT
G1 F2700 E455.44438
G1 F1500 X92.2 Y107.551 E455.45797
G1 X92.493 Y107.447 E455.46831
G1 X92.844 Y107.44 E455.47999
G1 X92.878 Y107.508 E455.48252
G1 X93 Y107.551 E455.48682
G1 X93 Y112.469 E455.65039
G1 X92.872 Y112.552 E455.65547
G1 X92.514 Y112.552 E455.66737
G1 X92.107 Y112.413 E455.68168
G1 X91.775 Y112.117 E455.69647
G1 X91.234 Y111.426 E455.72566
G1 X91.048 Y110.97 E455.74204
G1 X91.001 Y110.664 E455.75234
G1 X91 Y109.236 E455.79983
G1 X91.091 Y108.884 E455.81193
G1 X91.22 Y108.591 E455.82257
G1 X91.375 Y108.374 E455.83144
G1 X91.857 Y107.773 E455.85707
G1 X92 Y107.775
G1 X92 Y112.21 E456.00458
G0 F9000 X91.783 Y112
G1 F1500 X92.92 Y112 E456.04239
G1 F2700 E451.04239
G0 F9000 X92.92 Y113.417
G0 X92.371 Y113.416
G0 X91.851 Y113.239
G0 X91.519 Y113.048
G0 X91.139 Y112.709
G0 X90.479 Y111.866
G0 X90.209 Y111.203
G0 X90.137 Y110.73
G0 X90.136 Y109.124
G0 X90.27 Y108.604
G0 X90.465 Y108.161
G0 X91.272 Y107.122
G0 X91.811 Y106.773
G0 X92.237 Y106.62
G0 X92.897 Y106.574
G0 X92.92 Y108
G1 F2700 E456.04239
G1 F1500 X91.778 Y108 E456.08038
G1 F2700 E451.08038
;MESH:Garmin_GFC500 Wheel Support - Wheel Spacer.stl
G0 F9000 X94.42 Y108
G0 X96.13 Y120.522
G0 X96.4 Y120.791
;TYPE:WALL-INNER
G1 F2700 E456.08038
G1 F1500 X96.4 Y99.208 E456.79823
G1 X94.6 Y99.208 E456.8581
G1 X94.6 Y120.791 E457.57595
G1 X96.4 Y120.791 E457.63582
G0 F9000 X96.8 Y121.191
;TYPE:WALL-OUTER
G1 F1500 X96.8 Y98.808 E458.38028
G1 X94.2 Y98.808 E458.46676
G1 X94.2 Y121.191 E459.21122
G1 X96.8 Y121.191 E459.29769
G0 F9000 X96.53 Y120.922
G0 X96.1 Y120.001
G0 X96.318 Y120.001
;TYPE:FILL
G1 F3000 X94.679 Y120.441 E459.35414
G0 F9000 X94.68 Y119.964
G1 F3000 X95.425 Y120.71 E459.3892
G0 F9000 X95.426 Y120.492
G0 X94.9 Y116.299
G0 X94.679 Y116.299
G1 F3000 X96.318 Y115.86 E459.44564
G1 X96.319 Y115.947
G1 X94.68 Y114.308 E459.52273
G0 F9000 X94.9 Y114.308
G0 X94.9 Y112.612
G0 X94.679 Y112.612
G1 F3000 X96.319 Y106.493 E459.73343
G0 F9000 X96.1 Y106.493
G0 X96.1 Y107.578
G0 X96.319 Y107.578
G1 F3000 X94.68 Y108.017 E459.78987
G0 F9000 X94.68 Y108.651
G1 F3000 X96.319 Y110.29 E459.86696
G0 F9000 X96.1 Y110.29
G0 X96.1 Y111.719
G0 X96.319 Y111.719
G1 F3000 X94.679 Y112.158 E459.92343
G0 F9000 X94.9 Y112.158
G0 X96.1 Y104.634
G0 X96.319 Y104.634
G1 F3000 X94.68 Y102.994 E460.00055
G0 F9000 X94.68 Y103.876
G1 F3000 X96.318 Y103.437 E460.05695
G0 F9000 X96.1 Y103.437
G0 X94.9 Y99.735
G0 X94.679 Y99.735
G1 F3000 X96.318 Y99.296 E460.11339
G0 F9000 X95.8 Y99.69
G1 F2700 E455.11339
G0 F9000 X96.586 Y99.022
G0 X97.665 Y99.022
G0 X118.335 Y99.022
G0 X119.42 Y99.022
G0 X122.201 Y94.631
G0 X122.272 Y94.341
;TYPE:WALL-INNER
G1 F2700 E460.11339
G1 F1500 X121.843 Y94.235 E460.12808
G1 X121.448 Y94.029 E460.1429
G1 X121.109 Y93.726 E460.15802
G1 X120.857 Y93.361 E460.17277
G1 X120.7 Y92.945 E460.18756
G1 X120.651 Y92.5 E460.20245
G1 X120.699 Y92.058 E460.21724
G1 X120.857 Y91.639 E460.23213
G1 X121.109 Y91.274 E460.24689
G1 X121.449 Y90.97 E460.26206
G1 X121.847 Y90.764 E460.27696
G1 X122.244 Y90.667 E460.29056
G1 X122.723 Y90.658 E460.30649
G1 X123.155 Y90.765 E460.32129
G1 X123.554 Y90.973 E460.33626
G1 X123.891 Y91.274 E460.35129
G1 X124.142 Y91.637 E460.36597
G1 X124.302 Y92.061 E460.38104
G1 X124.35 Y92.5 E460.39573
G1 X124.302 Y92.937 E460.41035
G1 X124.142 Y93.362 E460.42545
G1 X123.891 Y93.726 E460.44016
G1 X123.555 Y94.026 E460.45514
G1 X123.158 Y94.235 E460.47006
G1 X122.727 Y94.341 E460.48482
G1 X122.272 Y94.341 E460.49996
G1 F2700 E455.49996
G0 F9000 X122.201 Y94.631
G0 X120.404 Y127.5
G0 X120.465 Y128.001
G0 X120.644 Y128.473
G0 X120.932 Y128.889
G0 X121.273 Y129.191
G0 X122.207 Y129.632
G0 X122.278 Y129.342
G1 F2700 E460.49996
G1 F1500 X121.846 Y129.236 E460.51475
G1 X121.449 Y129.03 E460.52963
G1 X121.109 Y128.726 E460.5448
G1 X120.857 Y128.361 E460.55955
G1 X120.7 Y127.945 E460.57434
G1 X120.651 Y127.5 E460.58923
G1 X120.699 Y127.058 E460.60402
G1 X120.857 Y126.639 E460.61891
G1 X121.109 Y126.274 E460.63366
G1 X121.448 Y125.971 E460.64879
G1 X121.843 Y125.765 E460.6636
G1 X122.272 Y125.659 E460.6783
G1 X122.727 Y125.659 E460.69343
G1 X123.157 Y125.765 E460.70816
G1 X123.555 Y125.974 E460.72312
G1 X123.891 Y126.274 E460.7381
G1 X124.142 Y126.637 E460.75278
G1 X124.302 Y127.061 E460.76785
G1 X124.35 Y127.5 E460.78254
G1 X124.302 Y127.937 E460.79716
G1 X124.142 Y128.362 E460.81226
G1 X123.891 Y128.726 E460.82697
G1 X123.554 Y129.027 E460.842
G1 X123.154 Y129.236 E460.85701
G1 X122.756 Y129.333 E460.87063
G1 X122.278 Y129.342 E460.88653
G0 F9000 X122.207 Y129.632
G0 X119.87 Y131.63
G0 X119.601 Y131.899
G1 F1500 X125.4 Y131.9 E461.07941
G1 X125.4 Y88.1 E462.5362
G1 X119.601 Y88.101 E462.72908
G1 X119.601 Y131.899 E464.18581
G0 F9000 X119.201 Y132.299
;TYPE:WALL-OUTER
G1 F1500 X125.8 Y132.3 E464.40529
G1 X125.8 Y87.7 E465.88869
G1 X119.201 Y87.701 E466.10818
G1 X119.201 Y132.299 E467.59151
G1 F2700 E462.59151
G0 F9000 X119.47 Y132.03
G0 X122.133 Y129.614
G0 X122.299 Y128.936
G1 F2700 E467.59151
G1 F1500 X122.008 Y128.864 E467.60148
G1 X121.657 Y128.68 E467.61466
G1 X121.4 Y128.443 E467.62629
G1 X121.206 Y128.153 E467.6379
G1 X121.089 Y127.834 E467.6492
G1 X121.051 Y127.5 E467.66038
G1 X121.099 Y127.13 E467.67279
G1 X121.229 Y126.803 E467.68449
G1 X121.431 Y126.522 E467.696
G1 X121.698 Y126.292 E467.70772
G1 X122.008 Y126.136 E467.71926
G1 X122.299 Y126.064 E467.72924
G1 X122.7 Y126.064 E467.74257
G1 X122.992 Y126.136 E467.75258
G1 X123.343 Y126.32 E467.76576
G1 X123.6 Y126.557 E467.77738
G1 X123.794 Y126.847 E467.78899
G1 X123.912 Y127.177 E467.80065
G1 X123.95 Y127.5 E467.81146
G1 X123.911 Y127.834 E467.82265
G1 X123.771 Y128.197 E467.83559
G1 X123.569 Y128.478 E467.8471
G1 X123.302 Y128.708 E467.85882
G1 X122.992 Y128.864 E467.87036
G1 X122.687 Y128.939 E467.88081
G1 X122.299 Y128.936 E467.89371
G1 F2700 E462.89371
G0 F9000 X122.133 Y129.614
G0 X121.311 Y129.224
G0 X120.932 Y128.889
G0 X120.644 Y128.473
G0 X120.465 Y128.001
G0 X120.43 Y127.717
G0 X122.133 Y94.614
G0 X122.299 Y93.936
G1 F2700 E467.89371
G1 F1500 X122.008 Y93.864 E467.90368
G1 X121.657 Y93.68 E467.91686
G1 X121.4 Y93.443 E467.92849
G1 X121.206 Y93.153 E467.9401
G1 X121.089 Y92.834 E467.9514
G1 X121.051 Y92.5 E467.96258
G1 X121.099 Y92.13 E467.97499
G1 X121.229 Y91.803 E467.98669
G1 X121.431 Y91.522 E467.9982
G1 X121.698 Y91.292 E468.00992
G1 X122.008 Y91.136 E468.02147
G1 X122.313 Y91.061 E468.03191
G1 X122.701 Y91.064 E468.04482
G1 X122.992 Y91.136 E468.05479
G1 X123.343 Y91.32 E468.06797
G1 X123.6 Y91.557 E468.0796
G1 X123.794 Y91.847 E468.0912
G1 X123.912 Y92.177 E468.10286
G1 X123.95 Y92.5 E468.11368
G1 X123.911 Y92.834 E468.12486
G1 X123.771 Y93.197 E468.1378
G1 X123.569 Y93.478 E468.14931
G1 X123.302 Y93.708 E468.16103
G1 X122.992 Y93.864 E468.17257
G1 X122.7 Y93.936 E468.18258
G1 X122.299 Y93.936 E468.19591
G0 F9000 X122.133 Y94.614
G0 X121.311 Y94.224
G0 X121.004 Y93.952
G0 X120.432 Y93.086
G0 X120.637 Y93.009
;TYPE:FILL
G1 F3000 X119.68 Y96.582 E468.31894
G0 F9000 X119.681 Y97.177
G1 F3000 X125.319 Y95.666 E468.51308
G0 F9000 X125.1 Y95.666
G0 X125.1 Y94.036
G0 X125.319 Y94.036
G1 F3000 X124.341 Y93.057 E468.55911
G0 F9000 X124.548 Y93.136
G0 X124.587 Y92.621
G0 X124.495 Y91.724
G0 X124.289 Y91.801
G1 F3000 X125.318 Y91.525 E468.59454
G0 F9000 X125.319 Y90.992
G1 F3000 X119.68 Y112.037 E469.31919
G0 F9000 X119.9 Y112.037
G0 X119.9 Y111.024
G0 X119.68 Y111.024
G1 F3000 X125.319 Y116.663 E469.58443
G0 F9000 X125.319 Y116.372
G1 F3000 X119.681 Y117.882 E469.77856
G0 F9000 X119.9 Y117.882
G0 X119.9 Y116.681
G0 X119.68 Y116.681
G1 F3000 X125.319 Y122.32 E470.0438
G0 F9000 X125.319 Y121.901
G1 F3000 X124.103 Y126.441 E470.20013
G0 F9000 X124.377 Y127.034
G1 F3000 X125.319 Y127.977 E470.24446
G0 F9000 X125.318 Y128.795
G1 F3000 X119.68 Y130.306 E470.4386
G0 F9000 X119.9 Y130.306
G0 X119.9 Y127.994
G0 X119.68 Y127.994
G1 F3000 X123.504 Y131.818 E470.61847
G0 F9000 X122.662 Y131.819
G1 F3000 X123.358 Y129.219 E470.70799
G0 F9000 X123.46 Y129.414
G0 X124.068 Y128.889
G0 X124.356 Y128.473
G0 X124.535 Y128.001
G0 X124.596 Y127.5
G0 X124.535 Y126.999
G0 X124.356 Y126.527
G0 X124.068 Y126.111
G0 X123.761 Y125.839
G0 X123.033 Y125.427
G0 X122.981 Y125.638
G1 F3000 X119.68 Y122.337 E470.86326
G0 F9000 X119.681 Y122.024
G1 F3000 X125.319 Y120.513 E471.0574
G0 F9000 X125.1 Y120.513
G0 X125.1 Y124.654
G0 X125.319 Y124.654
G1 F3000 X119.681 Y126.165 E471.25153
G0 F9000 X119.9 Y126.165
G0 X119.9 Y127.49
G0 X119.68 Y127.49
G1 F3000 X125.319 Y106.447 E471.97612
G0 F9000 X125.1 Y106.447
G0 X125.1 Y105.349
G0 X125.319 Y105.349
G1 F3000 X119.679 Y99.709 E472.24141
G0 F9000 X119.9 Y99.709
G0 X119.9 Y101.318
G0 X119.681 Y101.318
G1 F3000 X125.319 Y99.807 E472.43555
G1 X125.319 Y99.692
G1 X119.679 Y94.052 E472.70084
G0 F9000 X119.9 Y94.052
G0 X119.9 Y93.036
G0 X119.681 Y93.036
G1 F3000 X120.601 Y92.789 E472.73252
G0 F9000 X120.381 Y92.814
G0 X120.465 Y91.999
G0 X120.567 Y91.732
G0 X120.994 Y90.974
G0 X121.139 Y91.139
G1 F3000 X121.932 Y88.18 E472.83441
G0 F9000 X122.349 Y88.18
G1 F3000 X119.681 Y88.895 E472.92628
G0 F9000 X119.679 Y88.396
G1 F3000 X121.941 Y90.658 E473.03267
G0 F9000 X121.89 Y90.445
G0 X125.121 Y88.4
G0 X125.121 Y88.181
G1 F3000 X125.319 Y88.379 E473.04199
G0 F9000 X125.1 Y88.379
G0 X125.1 Y103.948
G0 X125.319 Y103.948
G1 F3000 X119.681 Y105.459 E473.23613
G1 X119.679 Y105.366
G1 X125.319 Y111.006 E473.50141
G0 F9000 X125.1 Y111.006
G0 X125.1 Y112.231
G0 X125.318 Y112.231
G1 F3000 X119.68 Y113.742 E473.69555
G0 F9000 X119.9 Y113.742
G0 X119.9 Y109.6
G0 X119.68 Y109.6
G1 F3000 X125.318 Y108.09 E473.88968
G0 F9000 X124.8 Y108.09
G1 F2700 E468.88968
;MESH:NONMESH
G0 F300 X124.8 Y108.09 Z3.2
G0 F9000 X119.42 Y107.773
G0 X118.335 Y107.773
G0 X97.653 Y97.955
G0 X93.347 Y97.955
G0 X91.387 Y107.047
G0 X91.857 Y107.773
;TIME_ELAPSED:864.775397
;LAYER:15
;TYPE:SUPPORT
G1 F2700 E473.88968
G1 F1500 X92.2 Y107.551 E473.90327
G1 X92.493 Y107.447 E473.91361
G1 X92.844 Y107.44 E473.92529
G1 X92.878 Y107.508 E473.92782
G1 X93 Y107.551 E473.93212
G1 X93 Y112.469 E474.09569
G1 X92.872 Y112.552 E474.10077
G1 X92.514 Y112.552 E474.11268
G1 X92.107 Y112.413 E474.12698
G1 X91.775 Y112.117 E474.14177
G1 X91.234 Y111.426 E474.17096
G1 X91.048 Y110.97 E474.18734
G1 X91.001 Y110.664 E474.19764
G1 X91 Y109.236 E474.24513
G1 X91.091 Y108.884 E474.25723
G1 X91.219 Y108.593 E474.2678
G1 X91.392 Y108.353 E474.27764
G1 X91.857 Y107.773 E474.30237
G1 X92 Y107.775
G1 X92 Y112.21 E474.44987
G0 F9000 X91.783 Y112
G1 F1500 X92.92 Y112 E474.48769
G1 F2700 E469.48769
G0 F9000 X92.92 Y113.417
G0 X92.371 Y113.416
G0 X91.851 Y113.239
G0 X91.519 Y113.048
G0 X91.139 Y112.709
G0 X90.479 Y111.866
G0 X90.209 Y111.203
G0 X90.137 Y110.73
G0 X90.136 Y109.124
G0 X90.27 Y108.604
G0 X90.465 Y108.161
G0 X91.272 Y107.122
G0 X91.811 Y106.773
G0 X92.237 Y106.62
G0 X92.897 Y106.574
G0 X92.92 Y108
G1 F2700 E474.48769
G1 F1500 X91.778 Y108 E474.52567
G1 F2700 E469.52567
;MESH:Garmin_GFC500 Wheel Support - Wheel Spacer.stl
G0 F9000 X94.42 Y108
G0 X96.13 Y120.405
G0 X96.4 Y120.674
;TYPE:WALL-INNER
G1 F2700 E474.52567
G1 F1500 X96.4 Y99.325 E475.23574
G1 X94.6 Y99.325 E475.29561
G1 X94.6 Y120.674 E476.00568
G1 X96.4 Y120.674 E476.06555
G0 F9000 X96.8 Y121.074
;TYPE:WALL-OUTER
G1 F1500 X96.8 Y98.925 E476.80223
G1 X94.2 Y98.925 E476.88871
G1 X94.2 Y121.074 E477.62539
G1 X96.8 Y121.074 E477.71186
G0 F9000 X96.53 Y120.805
G0 X96.1 Y120.147
G0 X96.318 Y120.147
;TYPE:FILL
G1 F3000 X94.679 Y120.587 E477.76831
G0 F9000 X94.679 Y119.764
G1 F3000 X95.507 Y120.592 E477.80725
G0 F9000 X95.508 Y120.375
G0 X94.9 Y116.445
G0 X94.679 Y116.445
G1 F3000 X96.318 Y116.006 E477.86369
G0 F9000 X96.319 Y115.748
G1 F3000 X94.679 Y114.107 E477.94085
G0 F9000 X94.9 Y114.107
G0 X94.9 Y112.304
G0 X94.679 Y112.304
G1 F3000 X96.318 Y111.865 E477.99729
G0 F9000 X96.1 Y111.865
G0 X94.9 Y112.068
G0 X94.679 Y112.068
G1 F3000 X96.319 Y105.95 E478.20796
G0 F9000 X96.1 Y105.95
G0 X96.1 Y104.434
G0 X96.319 Y104.434
G1 F3000 X94.679 Y102.794 E478.2851
G0 F9000 X94.9 Y102.794
G0 X94.9 Y104.022
G0 X94.679 Y104.022
G1 F3000 X96.319 Y103.583 E478.34156
G0 F9000 X96.1 Y103.583
G0 X94.9 Y99.881
G0 X94.679 Y99.881
G1 F3000 X96.319 Y99.442 E478.39803
G0 F9000 X96.13 Y99.595
G0 X96.1 Y107.724
G0 X96.319 Y107.724
G1 F3000 X94.678 Y108.163 E478.45453
G0 F9000 X94.679 Y108.451
G1 F3000 X96.319 Y110.091 E478.53167
G0 F9000 X95.8 Y110.091
G1 F2700 E473.53167
G0 F9000 X96.586 Y99.139
G0 X97.665 Y99.139
G0 X118.335 Y99.139
G0 X119.42 Y99.139
G0 X122.201 Y94.631
G0 X122.272 Y94.341
;TYPE:WALL-INNER
G1 F2700 E478.53167
G1 F1500 X121.843 Y94.235 E478.54637
G1 X121.448 Y94.029 E478.56119
G1 X121.109 Y93.726 E478.57631
G1 X120.857 Y93.361 E478.59106
G1 X120.7 Y92.945 E478.60585
G1 X120.651 Y92.5 E478.62074
G1 X120.699 Y92.058 E478.63553
G1 X120.857 Y91.639 E478.65042
G1 X121.109 Y91.274 E478.66517
G1 X121.449 Y90.97 E478.68034
G1 X121.847 Y90.764 E478.69525
G1 X122.244 Y90.667 E478.70884
G1 X122.723 Y90.658 E478.72477
G1 X123.155 Y90.765 E478.73958
G1 X123.554 Y90.973 E478.75454
G1 X123.891 Y91.274 E478.76957
G1 X124.142 Y91.637 E478.78425
G1 X124.302 Y92.061 E478.79932
G1 X124.35 Y92.5 E478.81401
G1 X124.302 Y92.937 E478.82863
G1 X124.142 Y93.362 E478.84374
G1 X123.891 Y93.726 E478.85844
G1 X123.555 Y94.026 E478.87343
G1 X123.158 Y94.235 E478.88835
G1 X122.727 Y94.341 E478.90311
G1 X122.272 Y94.341 E478.91824
G1 F2700 E473.91824
G0 F9000 X122.201 Y94.631
G0 X120.404 Y127.5
G0 X120.465 Y128.001
G0 X120.644 Y128.473
G0 X120.932 Y128.889
G0 X121.273 Y129.191
G0 X122.207 Y129.632
G0 X122.278 Y129.342
G1 F2700 E478.91824
G1 F1500 X121.846 Y129.236 E478.93304
G1 X121.449 Y129.03 E478.94791
G1 X121.109 Y128.726 E478.96308
G1 X120.857 Y128.361 E478.97784
G1 X120.7 Y127.945 E478.99262
G1 X120.651 Y127.5 E479.00751
G1 X120.699 Y127.058 E479.0223
G1 X120.857 Y126.639 E479.0372
G1 X121.109 Y126.274 E479.05195
G1 X121.448 Y125.971 E479.06707
G1 X121.843 Y125.765 E479.08189
G1 X122.272 Y125.659 E479.09659
G1 X122.727 Y125.659 E479.11172
G1 X123.157 Y125.765 E479.12645
G1 X123.555 Y125.974 E479.1414
G1 X123.891 Y126.274 E479.15638
G1 X124.142 Y126.637 E479.17106
G1 X124.302 Y127.061 E479.18613
G1 X124.35 Y127.5 E479.20082
G1 X124.302 Y127.937 E479.21544
G1 X124.142 Y128.362 E479.23055
G1 X123.891 Y128.726 E479.24525
G1 X123.554 Y129.027 E479.26028
G1 X123.154 Y129.236 E479.27529
G1 X122.756 Y129.333 E479.28892
G1 X122.278 Y129.342 E479.30482
G0 F9000 X122.207 Y129.632
G0 X119.87 Y131.63
G0 X119.601 Y131.899
G1 F1500 X125.4 Y131.9 E479.4977
G1 X125.4 Y88.1 E480.95449
G1 X119.601 Y88.101 E481.14736
G1 X119.601 Y131.899 E482.60409
G0 F9000 X119.201 Y132.299
;TYPE:WALL-OUTER
G1 F1500 X125.8 Y132.3 E482.82358
G1 X125.8 Y87.7 E484.30698
G1 X119.201 Y87.701 E484.52646
G1 X119.201 Y132.299 E486.0098
G1 F2700 E481.0098
G0 F9000 X119.47 Y132.03
G0 X122.133 Y129.614
G0 X122.299 Y128.936
G1 F2700 E486.0098
G1 F1500 X122.008 Y128.864 E486.01977
G1 X121.657 Y128.68 E486.03295
G1 X121.4 Y128.443 E486.04458
G1 X121.206 Y128.153 E486.05618
G1 X121.089 Y127.834 E486.06748
G1 X121.051 Y127.5 E486.07866
G1 X121.099 Y127.13 E486.09107
G1 X121.229 Y126.803 E486.10278
G1 X121.431 Y126.522 E486.11429
G1 X121.657 Y126.32 E486.12437
G1 X122.008 Y126.136 E486.13755
G1 X122.299 Y126.064 E486.14752
G1 X122.7 Y126.064 E486.16086
G1 X122.992 Y126.136 E486.17086
G1 X123.343 Y126.32 E486.18404
G1 X123.6 Y126.557 E486.19567
G1 X123.794 Y126.847 E486.20727
G1 X123.912 Y127.177 E486.21893
G1 X123.95 Y127.5 E486.22975
G1 X123.911 Y127.834 E486.24093
G1 X123.771 Y128.197 E486.25387
G1 X123.569 Y128.478 E486.26538
G1 X123.302 Y128.708 E486.2771
G1 X122.992 Y128.864 E486.28865
G1 X122.687 Y128.939 E486.29909
G1 X122.299 Y128.936 E486.312
G1 F2700 E481.312
G0 F9000 X122.133 Y129.614
G0 X121.311 Y129.224
G0 X120.932 Y128.889
G0 X120.644 Y128.473
G0 X120.465 Y128.001
G0 X120.43 Y127.717
G0 X122.133 Y94.614
G0 X122.299 Y93.936
G1 F2700 E486.312
G1 F1500 X122.008 Y93.864 E486.32197
G1 X121.657 Y93.68 E486.33515
G1 X121.4 Y93.443 E486.34678
G1 X121.206 Y93.153 E486.35838
G1 X121.089 Y92.834 E486.36968
G1 X121.051 Y92.5 E486.38086
G1 X121.099 Y92.13 E486.39327
G1 X121.229 Y91.803 E486.40498
G1 X121.431 Y91.522 E486.41649
G1 X121.698 Y91.292 E486.42821
G1 X122.008 Y91.136 E486.43975
G1 X122.313 Y91.061 E486.4502
G1 X122.701 Y91.064 E486.4631
G1 X122.992 Y91.136 E486.47307
G1 X123.343 Y91.32 E486.48625
G1 X123.6 Y91.557 E486.49788
G1 X123.794 Y91.847 E486.50949
G1 X123.912 Y92.177 E486.52114
G1 X123.95 Y92.5 E486.53196
G1 X123.911 Y92.834 E486.54314
G1 X123.771 Y93.197 E486.55608
G1 X123.569 Y93.478 E486.56759
G1 X123.302 Y93.708 E486.57932
G1 X122.992 Y93.864 E486.59086
G1 X122.7 Y93.936 E486.60086
G1 X122.299 Y93.936 E486.6142
G0 F9000 X122.133 Y94.614
G0 X121.311 Y94.224
G0 X120.932 Y93.889
G0 X120.398 Y92.956
G0 X120.616 Y92.931
;TYPE:FILL
G1 F3000 X119.681 Y93.182 E486.6464
G0 F9000 X119.679 Y93.853
G1 F3000 X125.319 Y99.493 E486.91169
G0 F9000 X125.319 Y99.953
G1 F3000 X119.681 Y101.464 E487.10582
G0 F9000 X119.9 Y101.464
G0 X119.9 Y99.51
G0 X119.679 Y99.51
G1 F3000 X125.319 Y105.15 E487.37111
G0 F9000 X125.319 Y105.902
G1 F3000 X119.68 Y126.946 E488.09573
G0 F9000 X119.68 Y126.311
G1 F3000 X121.612 Y125.793 E488.16226
G0 F9000 X122.415 Y125.578
G1 F3000 X125.318 Y124.8 E488.26222
G0 F9000 X125.1 Y124.8
G0 X124.179 Y126.165
G0 X123.998 Y126.289
G1 F3000 X125.319 Y121.357 E488.43204
G0 F9000 X125.319 Y120.659
G1 F3000 X119.68 Y122.17 E488.62621
G1 X119.68 Y122.138
G1 X123.279 Y125.737 E488.7955
G0 F9000 X123.381 Y125.545
G0 X123.937 Y126.003
G0 X124.463 Y126.638
G0 X124.257 Y126.715
G1 F3000 X125.319 Y127.777 E488.84545
G0 F9000 X125.1 Y127.777
G0 X125.1 Y128.941
G0 X125.318 Y128.941
G1 F3000 X119.68 Y130.452 E489.03959
G0 F9000 X119.9 Y130.452
G0 X119.9 Y127.795
G0 X119.68 Y127.795
G1 F3000 X123.704 Y131.818 E489.22884
G0 F9000 X123.704 Y131.6
G0 X122.516 Y131.6
G0 X122.516 Y131.819
G1 F3000 X123.189 Y129.307 E489.31534
G0 F9000 X123.291 Y129.503
G0 X124.068 Y128.889
G0 X124.356 Y128.473
G0 X124.501 Y128.091
G0 X125.1 Y122.12
G0 X125.319 Y122.12
G1 F3000 X119.68 Y116.481 E489.58058
G0 F9000 X119.9 Y116.481
G0 X119.9 Y118.028
G0 X119.681 Y118.028
G1 F3000 X125.319 Y116.518 E489.77471
G1 X125.319 Y116.464
G1 X119.68 Y110.824 E490.03998
G0 F9000 X119.68 Y111.491
G1 F3000 X125.319 Y90.448 E490.76456
G0 F9000 X125.1 Y90.448
G0 X125.1 Y91.671
G0 X125.319 Y91.671
G1 F3000 X124.338 Y91.934 E490.79834
G0 F9000 X124.385 Y92.902
G1 F3000 X125.319 Y93.836 E490.84228
G0 F9000 X125.1 Y93.836
G0 X125.1 Y95.812
G0 X125.319 Y95.812
G1 F3000 X119.681 Y97.323 E491.03641
G0 F9000 X119.9 Y97.323
G0 X119.9 Y96.038
G0 X119.68 Y96.038
G1 F3000 X120.587 Y92.653 E491.15297
G0 F9000 X120.365 Y92.678
G0 X120.446 Y92.128
G0 X120.742 Y91.279
G0 X120.922 Y91.404
G1 F3000 X121.786 Y88.179 E491.26402
G0 F9000 X121.786 Y88.4
G0 X122.895 Y88.4
G0 X122.895 Y88.18
G1 F3000 X119.681 Y89.041 E491.37469
G0 F9000 X119.679 Y88.196
G1 F3000 X122.102 Y90.619 E491.48866
G0 F9000 X122.051 Y90.405
G0 X122.752 Y90.42
G0 X123.243 Y90.54
G0 X123.689 Y90.776
G0 X124.068 Y91.111
G0 X124.356 Y91.527
G0 X124.535 Y91.999
G0 X125.1 Y104.095
G0 X125.318 Y104.095
G1 F3000 X119.68 Y105.605 E491.68279
G0 F9000 X119.679 Y105.167
G1 F3000 X125.319 Y110.807 E491.94807
G0 F9000 X125.1 Y110.807
G0 X125.1 Y112.377
G0 X125.319 Y112.377
G1 F3000 X119.681 Y113.887 E492.1422
G0 F9000 X119.9 Y113.887
G0 X119.9 Y109.746
G0 X119.681 Y109.746
G1 F3000 X125.318 Y108.236 E492.3363
G0 F9000 X124.8 Y108.236
G1 F2700 E487.3363
;MESH:NONMESH
G0 F300 X124.8 Y108.236 Z3.4
G0 F9000 X119.42 Y107.773
G0 X118.335 Y107.773
G0 X97.653 Y98.072
G0 X93.347 Y98.072
G0 X91.386 Y107.048
G0 X91.856 Y107.773
;TIME_ELAPSED:898.364099
;LAYER:16
;TYPE:SUPPORT
G1 F2700 E492.3363
G1 F1500 X92.2 Y107.551 E492.34992
G1 X92.493 Y107.447 E492.36026
G1 X92.844 Y107.44 E492.37194
G1 X92.878 Y107.508 E492.37446
G1 X93 Y107.551 E492.37877
G1 X93 Y112.469 E492.54234
G1 X92.872 Y112.552 E492.54741
G1 X92.514 Y112.552 E492.55932
G1 X92.107 Y112.413 E492.57363
G1 X91.775 Y112.117 E492.58842
G1 X91.234 Y111.426 E492.61761
G1 X91.048 Y110.97 E492.63399
G1 X91.001 Y110.664 E492.64428
G1 X91 Y109.236 E492.69178
G1 X91.091 Y108.884 E492.70387
G1 X91.22 Y108.591 E492.71452
G1 X91.377 Y108.373 E492.72346
G1 X91.528 Y108.195 E492.73122
G1 X91.856 Y107.773 E492.749
G1 X92 Y107.775
G1 X92 Y112.21 E492.89651
G0 F9000 X91.783 Y112
G1 F1500 X92.92 Y112 E492.93432
G1 F2700 E487.93432
G0 F9000 X92.92 Y113.417
G0 X92.371 Y113.416
G0 X91.851 Y113.239
G0 X91.519 Y113.048
G0 X91.139 Y112.709
G0 X90.479 Y111.866
G0 X90.209 Y111.203
G0 X90.137 Y110.73
G0 X90.136 Y109.124
G0 X90.27 Y108.604
G0 X90.465 Y108.161
G0 X91.272 Y107.122
G0 X91.811 Y106.773
G0 X92.237 Y106.62
G0 X92.897 Y106.574
G0 X92.92 Y108
G1 F2700 E492.93432
G1 F1500 X91.781 Y108 E492.97221
G1 F2700 E487.97221
;MESH:Garmin_GFC500 Wheel Support - Wheel Spacer.stl
G0 F9000 X94.42 Y108
G0 X96.13 Y120.289
G0 X96.4 Y120.558
;TYPE:WALL-INNER
G1 F2700 E492.97221
G1 F1500 X96.4 Y99.441 E493.67456
G1 X94.6 Y99.441 E493.73443
G1 X94.6 Y120.558 E494.43678
G1 X96.4 Y120.558 E494.49665
G0 F9000 X96.8 Y120.958
;TYPE:WALL-OUTER
G1 F1500 X96.8 Y99.041 E495.22561
G1 X94.2 Y99.041 E495.31209
G1 X94.2 Y120.958 E496.04105
G1 X96.8 Y120.958 E496.12753
G0 F9000 X96.318 Y120.294
;TYPE:FILL
G1 F3000 X95.635 Y120.477 E496.15105
G1 X95.592 Y120.476
G1 X94.679 Y119.563 E496.19399
G0 F9000 X94.9 Y119.563
G0 X94.9 Y116.592
G0 X94.679 Y116.592
G1 F3000 X96.318 Y116.153 E496.25043
G0 F9000 X96.319 Y115.547
G1 F3000 X94.679 Y113.907 E496.32757
G0 F9000 X94.9 Y113.907
G0 X94.9 Y112.451
G0 X94.679 Y112.451
G1 F3000 X96.318 Y112.012 E496.384
G0 F9000 X96.1 Y112.012
G0 X94.9 Y111.519
G0 X94.679 Y111.519
G1 F3000 X96.319 Y105.401 E496.59467
G0 F9000 X96.1 Y105.401
G0 X96.1 Y104.233
G0 X96.319 Y104.233
G1 F3000 X94.679 Y102.593 E496.67181
G0 F9000 X94.9 Y102.593
G0 X94.9 Y104.169
G0 X94.679 Y104.169
G1 F3000 X96.319 Y103.73 E496.72828
G0 F9000 X96.1 Y103.73
G0 X94.9 Y100.028
G0 X94.679 Y100.028
G1 F3000 X96.319 Y99.589 E496.78475
G0 F9000 X96.13 Y99.711
G0 X96.1 Y107.871
G0 X96.319 Y107.871
G1 F3000 X94.679 Y108.31 E496.84121
G1 X94.679 Y108.25
G1 X96.319 Y109.89 E496.91835
G0 F9000 X95.8 Y109.89
G1 F2700 E491.91835
G0 F9000 X96.586 Y99.255
G0 X97.665 Y99.255
G0 X118.335 Y99.255
G0 X119.42 Y99.255
G0 X122.201 Y94.631
G0 X122.272 Y94.341
;TYPE:WALL-INNER
G1 F2700 E496.91835
G1 F1500 X121.843 Y94.235 E496.93305
G1 X121.448 Y94.029 E496.94787
G1 X121.109 Y93.726 E496.96299
G1 X120.857 Y93.361 E496.97774
G1 X120.7 Y92.945 E496.99253
G1 X120.651 Y92.5 E497.00742
G1 X120.699 Y92.058 E497.02221
G1 X120.857 Y91.639 E497.0371
G1 X121.109 Y91.274 E497.05185
G1 X121.449 Y90.97 E497.06702
G1 X121.847 Y90.764 E497.08193
G1 X122.244 Y90.667 E497.09552
G1 X122.723 Y90.658 E497.11146
G1 X123.155 Y90.765 E497.12626
G1 X123.554 Y90.973 E497.14123
G1 X123.891 Y91.274 E497.15625
G1 X124.142 Y91.637 E497.17093
G1 X124.302 Y92.061 E497.18601
G1 X124.35 Y92.5 E497.20069
G1 X124.302 Y92.937 E497.21532
G1 X124.142 Y93.362 E497.23042
G1 X123.891 Y93.726 E497.24513
G1 X123.555 Y94.026 E497.26011
G1 X123.158 Y94.235 E497.27503
G1 X122.727 Y94.341 E497.28979
G1 X122.272 Y94.341 E497.30493
G1 F2700 E492.30493
G0 F9000 X122.201 Y94.631
G0 X120.404 Y127.5
G0 X120.465 Y128.001
G0 X120.644 Y128.473
G0 X120.932 Y128.889
G0 X121.273 Y129.191
G0 X122.207 Y129.632
G0 X122.278 Y129.342
G1 F2700 E497.30493
G1 F1500 X121.846 Y129.236 E497.31972
G1 X121.449 Y129.03 E497.3346
G1 X121.109 Y128.726 E497.34977
G1 X120.857 Y128.361 E497.36452
G1 X120.7 Y127.945 E497.37931
G1 X120.651 Y127.5 E497.3942
G1 X120.699 Y127.058 E497.40898
G1 X120.857 Y126.639 E497.42388
G1 X121.109 Y126.274 E497.43863
G1 X121.448 Y125.971 E497.45375
G1 X121.843 Y125.765 E497.46857
G1 X122.272 Y125.659 E497.48327
G1 X122.727 Y125.659 E497.4984
G1 X123.157 Y125.765 E497.51313
G1 X123.555 Y125.974 E497.52808
G1 X123.891 Y126.274 E497.54306
G1 X124.142 Y126.637 E497.55774
G1 X124.302 Y127.061 E497.57282
G1 X124.35 Y127.5 E497.5875
G1 X124.302 Y127.937 E497.60213
G1 X124.142 Y128.362 E497.61723
G1 X123.891 Y128.726 E497.63194
G1 X123.554 Y129.027 E497.64697
G1 X123.154 Y129.236 E497.66198
G1 X122.756 Y129.333 E497.6756
G1 X122.278 Y129.342 E497.6915
G0 F9000 X122.207 Y129.632
G0 X119.87 Y131.63
G0 X119.601 Y131.899
G1 F1500 X125.4 Y131.9 E497.88438
G1 X125.4 Y88.1 E499.34117
G1 X119.601 Y88.101 E499.53405
G1 X119.601 Y131.899 E500.99077
G0 F9000 X119.201 Y132.299
;TYPE:WALL-OUTER
G1 F1500 X125.8 Y132.3 E501.21026
G1 X125.8 Y87.7 E502.69366
G1 X119.201 Y87.701 E502.91314
G1 X119.201 Y132.299 E504.39648
G1 F2700 E499.39648
G0 F9000 X119.47 Y132.03
G0 X122.133 Y129.614
G0 X122.299 Y128.936
G1 F2700 E504.39648
G1 F1500 X122.008 Y128.864 E504.40645
G1 X121.657 Y128.68 E504.41963
G1 X121.4 Y128.443 E504.43126
G1 X121.206 Y128.153 E504.44286
G1 X121.089 Y127.834 E504.45416
G1 X121.051 Y127.5 E504.46535
G1 X121.099 Y127.13 E504.47775
G1 X121.229 Y126.803 E504.48946
G1 X121.431 Y126.522 E504.50097
G1 X121.698 Y126.292 E504.51269
G1 X122.008 Y126.136 E504.52423
G1 X122.299 Y126.064 E504.5342
G1 X122.7 Y126.064 E504.54754
G1 X122.992 Y126.136 E504.55754
G1 X123.343 Y126.32 E504.57072
G1 X123.6 Y126.557 E504.58235
G1 X123.794 Y126.847 E504.59396
G1 X123.912 Y127.177 E504.60561
G1 X123.95 Y127.5 E504.61643
G1 X123.911 Y127.834 E504.62761
G1 X123.771 Y128.197 E504.64055
G1 X123.569 Y128.478 E504.65207
G1 X123.302 Y128.708 E504.66379
G1 X122.992 Y128.864 E504.67533
G1 X122.687 Y128.939 E504.68578
G1 X122.299 Y128.936 E504.69868
G1 F2700 E499.69868
G0 F9000 X122.133 Y129.614
G0 X121.311 Y129.224
G0 X120.932 Y128.889
G0 X120.644 Y128.473
G0 X120.465 Y128.001
G0 X120.43 Y127.717
G0 X122.133 Y94.614
G0 X122.299 Y93.936
G1 F2700 E504.69868
G1 F1500 X122.008 Y93.864 E504.70865
G1 X121.657 Y93.68 E504.72183
G1 X121.4 Y93.443 E504.73346
G1 X121.206 Y93.153 E504.74506
G1 X121.089 Y92.834 E504.75637
G1 X121.051 Y92.5 E504.76755
G1 X121.099 Y92.13 E504.77996
G1 X121.229 Y91.803 E504.79166
G1 X121.431 Y91.522 E504.80317
G1 X121.698 Y91.292 E504.81489
G1 X122.008 Y91.136 E504.82643
G1 X122.313 Y91.061 E504.83688
G1 X122.701 Y91.064 E504.84979
G1 X122.992 Y91.136 E504.85976
G1 X123.343 Y91.32 E504.87294
G1 X123.6 Y91.557 E504.88456
G1 X123.794 Y91.847 E504.89617
G1 X123.912 Y92.177 E504.90783
G1 X123.95 Y92.5 E504.91864
G1 X123.911 Y92.834 E504.92983
G1 X123.771 Y93.197 E504.94277
G1 X123.569 Y93.478 E504.95428
G1 X123.302 Y93.708 E504.966
G1 X122.992 Y93.864 E504.97754
G1 X122.7 Y93.936 E504.98754
G1 X122.299 Y93.936 E505.00088
G0 F9000 X122.133 Y94.614
G0 X121.311 Y94.224
G0 X121.004 Y93.952
G0 X120.454 Y93.144
G0 X120.659 Y93.067
;TYPE:FILL
G1 F3000 X119.681 Y93.329 E505.03456
G0 F9000 X119.679 Y93.652
G1 F3000 X125.319 Y99.292 E505.29985
G0 F9000 X125.319 Y100.1
G1 F3000 X119.681 Y101.611 E505.49398
G0 F9000 X119.9 Y101.611
G0 X119.9 Y99.309
G0 X119.679 Y99.309
G1 F3000 X125.319 Y104.949 E505.75927
G0 F9000 X125.319 Y105.353
G1 F3000 X119.68 Y126.397 E506.48389
G1 X119.68 Y126.458
G1 X121.252 Y126.037 E506.53802
G0 F9000 X121.108 Y125.873
G0 X121.757 Y125.54
G0 X122.036 Y125.472
G0 X122.904 Y125.395
G0 X122.852 Y125.608
G1 F3000 X125.318 Y124.947 E506.62293
G0 F9000 X125.1 Y124.947
G0 X124.031 Y125.996
G0 X123.885 Y126.16
G1 F3000 X125.319 Y120.808 E506.80722
G1 X125.319 Y120.806
G1 X119.681 Y122.317 E507.00136
G0 F9000 X119.68 Y121.937
G1 F3000 X125.319 Y127.576 E507.2666
G0 F9000 X125.1 Y127.576
G0 X125.1 Y129.088
G0 X125.318 Y129.088
G1 F3000 X119.68 Y130.599 E507.46074
G0 F9000 X119.9 Y130.599
G0 X122.369 Y131.6
G0 X122.369 Y131.819
G1 F3000 X123.031 Y129.346 E507.54589
G0 F9000 X123.083 Y129.562
G0 X123.904 Y131.6
G0 X123.904 Y131.818
G1 F3000 X119.68 Y127.594 E507.74457
G0 F9000 X119.9 Y127.594
G0 X120.829 Y126.259
G0 X125.1 Y121.92
G0 X125.319 Y121.92
G1 F3000 X119.68 Y116.28 E508.00984
G0 F9000 X119.9 Y116.28
G0 X119.9 Y118.175
G0 X119.681 Y118.175
G1 F3000 X125.319 Y116.665 E508.20397
G0 F9000 X125.319 Y116.263
G1 F3000 X119.68 Y110.624 E508.46921
G0 F9000 X119.68 Y110.942
G1 F3000 X125.319 Y89.899 E509.19379
G0 F9000 X125.1 Y89.899
G0 X125.1 Y91.818
G0 X125.319 Y91.818
G1 F3000 X124.382 Y92.069 E509.22606
G0 F9000 X124.404 Y92.72
G1 F3000 X125.319 Y93.635 E509.2691
G0 F9000 X125.1 Y93.635
G0 X125.1 Y95.959
G0 X125.319 Y95.959
G1 F3000 X119.681 Y97.47 E509.46323
G0 F9000 X119.9 Y97.47
G0 X119.9 Y95.489
G0 X119.68 Y95.489
G1 F3000 X121.639 Y88.179 E509.71495
G0 F9000 X121.639 Y88.4
G0 X119.865 Y88.4
G0 X119.865 Y88.181
G1 F3000 X122.263 Y90.579 E509.82774
G0 F9000 X122.212 Y90.366
G0 X123.444 Y88.4
G0 X123.444 Y88.179
G1 F3000 X119.681 Y89.188 E509.95732
G0 F9000 X119.9 Y89.188
G0 X119.9 Y104.966
G0 X119.679 Y104.966
G1 F3000 X125.319 Y110.606 E510.22261
G0 F9000 X125.1 Y110.606
G0 X125.1 Y112.524
G0 X125.319 Y112.524
G1 F3000 X119.681 Y114.034 E510.41674
G0 F9000 X119.9 Y114.034
G0 X119.9 Y109.893
G0 X119.68 Y109.893
G1 F3000 X125.318 Y108.383 E510.61087
G0 F9000 X125.1 Y108.383
G0 X125.1 Y104.242
G0 X125.318 Y104.242
G1 F3000 X119.68 Y105.752 E510.805
G0 F9000 X120.2 Y105.752
G1 F2700 E505.805
;MESH:NONMESH
G0 F300 X120.2 Y105.752 Z3.6
G0 F9000 X119.42 Y107.788
G0 X118.335 Y107.788
G0 X97.653 Y98.188
G0 X93.347 Y98.188
G0 X91.364 Y107.062
G0 X91.835 Y107.788
;TIME_ELAPSED:931.666759
;LAYER:17
;TYPE:SUPPORT
G1 F2700 E510.805
G1 F1500 X92.201 Y107.551 E510.8195
G1 X92.493 Y107.447 E510.82981
G1 X92.844 Y107.44 E510.84149
G1 X92.878 Y107.508 E510.84401
G1 X93 Y107.551 E510.84832
G1 X93 Y112.469 E511.01189
G1 X92.872 Y112.552 E511.01696
G1 X92.514 Y112.552 E511.02887
G1 X92.107 Y112.413 E511.04318
G1 X91.775 Y112.117 E511.05797
G1 X91.234 Y111.426 E511.08716
G1 X91.048 Y110.97 E511.10354
G1 X91.001 Y110.664 E511.11383
G1 X91 Y109.236 E511.16133
G1 X91.091 Y108.884 E511.17342
G1 X91.22 Y108.591 E511.18407
G1 X91.367 Y108.385 E511.19249
G1 X91.555 Y108.165 E511.20211
G1 X91.826 Y107.814 E511.21686
G1 X91.835 Y107.788 E511.21778
G1 X92 Y107.776
G1 X92 Y112.21 E511.36525
G0 F9000 X91.783 Y112
G1 F1500 X92.92 Y112 E511.40307
G1 F2700 E506.40307
G0 F9000 X92.92 Y113.417
G0 X92.371 Y113.416
G0 X91.851 Y113.239
G0 X91.519 Y113.048
G0 X91.139 Y112.709
G0 X90.479 Y111.866
G0 X90.209 Y111.203
G0 X90.137 Y110.73
G0 X90.136 Y109.124
G0 X90.27 Y108.604
G0 X90.465 Y108.161
G0 X91.273 Y107.121
G0 X91.811 Y106.773
G0 X92.237 Y106.62
G0 X92.897 Y106.574
G0 X92.92 Y108
G1 F2700 E511.40307
G1 F1500 X91.782 Y108 E511.44092
G1 F2700 E506.44092
;MESH:Garmin_GFC500 Wheel Support - Wheel Spacer.stl
G0 F9000 X94.42 Y108
G0 X96.13 Y120.172
G0 X96.4 Y120.441
;TYPE:WALL-INNER
G1 F2700 E511.44092
G1 F1500 X96.4 Y99.558 E512.13549
G1 X94.6 Y99.558 E512.19536
G1 X94.6 Y120.441 E512.88993
G1 X96.4 Y120.441 E512.9498
G0 F9000 X96.8 Y120.841
;TYPE:WALL-OUTER
G1 F1500 X96.8 Y99.158 E513.67098
G1 X94.2 Y99.158 E513.75745
G1 X94.2 Y120.841 E514.47863
G1 X96.8 Y120.841 E514.56511
G0 F9000 X96.53 Y120.572
G0 X95.676 Y120.142
G0 X95.675 Y120.36
;TYPE:FILL
G1 F3000 X94.679 Y119.364 E514.61196
G0 F9000 X94.9 Y119.364
G0 X94.9 Y116.738
G0 X94.68 Y116.738
G1 F3000 X96.319 Y116.299 E514.66839
G0 F9000 X96.319 Y115.348
G1 F3000 X94.679 Y113.707 E514.74556
G0 F9000 X94.9 Y113.707
G0 X94.9 Y112.597
G0 X94.679 Y112.597
G1 F3000 X96.318 Y112.158 E514.80199
G0 F9000 X96.1 Y112.158
G0 X94.9 Y110.973
G0 X94.68 Y110.973
G1 F3000 X96.319 Y104.854 E515.01269
G0 F9000 X96.319 Y104.034
G1 F3000 X94.679 Y102.394 E515.08983
G0 F9000 X94.9 Y102.394
G0 X94.9 Y104.315
G0 X94.679 Y104.315
G1 F3000 X96.319 Y103.876 E515.14629
G0 F9000 X96.1 Y103.876
G0 X94.9 Y100.174
G0 X94.679 Y100.174
G1 F3000 X96.318 Y99.735 E515.20273
G0 F9000 X96.13 Y99.828
G0 X96.1 Y108.017
G0 X96.318 Y108.017
G1 F3000 X94.679 Y108.456 E515.25916
G0 F9000 X94.679 Y108.05
G1 F3000 X96.319 Y109.691 E515.33633
G0 F9000 X95.8 Y109.691
G1 F2700 E510.33633
G0 F9000 X96.586 Y99.372
G0 X97.665 Y99.372
G0 X118.335 Y99.372
G0 X119.42 Y99.372
G0 X122.201 Y94.631
G0 X122.272 Y94.341
;TYPE:WALL-INNER
G1 F2700 E515.33633
G1 F1500 X121.843 Y94.235 E515.35103
G1 X121.448 Y94.029 E515.36584
G1 X121.109 Y93.726 E515.38096
G1 X120.857 Y93.361 E515.39572
G1 X120.7 Y92.945 E515.41051
G1 X120.651 Y92.5 E515.4254
G1 X120.699 Y92.058 E515.44018
G1 X120.857 Y91.639 E515.45508
G1 X121.109 Y91.274 E515.46983
G1 X121.449 Y90.97 E515.485
G1 X121.847 Y90.764 E515.4999
G1 X122.244 Y90.667 E515.5135
G1 X122.723 Y90.658 E515.52943
G1 X123.155 Y90.765 E515.54423
G1 X123.554 Y90.973 E515.5592
G1 X123.891 Y91.274 E515.57423
G1 X124.142 Y91.637 E515.58891
G1 X124.302 Y92.061 E515.60398
G1 X124.35 Y92.5 E515.61867
G1 X124.302 Y92.937 E515.63329
G1 X124.142 Y93.362 E515.64839
G1 X123.891 Y93.726 E515.6631
G1 X123.555 Y94.026 E515.67808
G1 X123.158 Y94.235 E515.693
G1 X122.727 Y94.341 E515.70777
G1 X122.272 Y94.341 E515.7229
G1 F2700 E510.7229
G0 F9000 X122.201 Y94.631
G0 X120.404 Y127.5
G0 X120.465 Y128.001
G0 X120.644 Y128.473
G0 X120.932 Y128.889
G0 X121.273 Y129.191
G0 X122.207 Y129.632
G0 X122.278 Y129.342
G1 F2700 E515.7229
G1 F1500 X121.846 Y129.236 E515.73769
G1 X121.449 Y129.03 E515.75257
G1 X121.109 Y128.726 E515.76774
G1 X120.857 Y128.361 E515.78249
G1 X120.7 Y127.945 E515.79728
G1 X120.651 Y127.5 E515.81217
G1 X120.699 Y127.058 E515.82696
G1 X120.857 Y126.639 E515.84185
G1 X121.109 Y126.274 E515.85661
G1 X121.448 Y125.971 E515.87173
G1 X121.843 Y125.765 E515.88654
G1 X122.272 Y125.659 E515.90124
G1 X122.727 Y125.659 E515.91638
G1 X123.157 Y125.765 E515.93111
G1 X123.555 Y125.974 E515.94606
G1 X123.891 Y126.274 E515.96104
G1 X124.142 Y126.637 E515.97572
G1 X124.302 Y127.061 E515.99079
G1 X124.35 Y127.5 E516.00548
G1 X124.302 Y127.937 E516.0201
G1 X124.142 Y128.362 E516.03521
G1 X123.891 Y128.726 E516.04991
G1 X123.554 Y129.027 E516.06494
G1 X123.154 Y129.236 E516.07995
G1 X122.756 Y129.333 E516.09358
G1 X122.278 Y129.342 E516.10948
G0 F9000 X122.207 Y129.632
G0 X119.87 Y131.63
G0 X119.601 Y131.899
G1 F1500 X125.4 Y131.9 E516.30235
G1 X125.4 Y88.1 E517.75915
G1 X119.601 Y88.101 E517.95202
G1 X119.601 Y131.899 E519.40875
G0 F9000 X119.201 Y132.299
;TYPE:WALL-OUTER
G1 F1500 X125.8 Y132.3 E519.62823
G1 X125.8 Y87.7 E521.11163
G1 X119.201 Y87.701 E521.33112
G1 X119.201 Y132.299 E522.81445
G1 F2700 E517.81445
G0 F9000 X119.47 Y132.03
G0 X122.133 Y129.614
G0 X122.299 Y128.936
G1 F2700 E522.81445
G1 F1500 X122.008 Y128.864 E522.82442
G1 X121.657 Y128.68 E522.83761
G1 X121.4 Y128.443 E522.84923
G1 X121.206 Y128.153 E522.86084
G1 X121.089 Y127.834 E522.87214
G1 X121.051 Y127.5 E522.88332
G1 X121.099 Y127.13 E522.89573
G1 X121.229 Y126.803 E522.90743
G1 X121.431 Y126.522 E522.91894
G1 X121.698 Y126.292 E522.93066
G1 X122.008 Y126.136 E522.94221
G1 X122.299 Y126.064 E522.95218
G1 X122.7 Y126.064 E522.96551
G1 X122.992 Y126.136 E522.97552
G1 X123.343 Y126.32 E522.9887
G1 X123.6 Y126.557 E523.00033
G1 X123.794 Y126.847 E523.01193
G1 X123.912 Y127.177 E523.02359
G1 X123.95 Y127.5 E523.0344
G1 X123.911 Y127.834 E523.04559
G1 X123.771 Y128.197 E523.05853
G1 X123.569 Y128.478 E523.07004
G1 X123.302 Y128.708 E523.08176
G1 X122.992 Y128.864 E523.0933
G1 X122.687 Y128.939 E523.10375
G1 X122.299 Y128.936 E523.11666
G1 F2700 E518.11666
G0 F9000 X122.133 Y129.614
G0 X121.311 Y129.224
G0 X120.932 Y128.889
G0 X120.644 Y128.473
G0 X120.465 Y128.001
G0 X120.43 Y127.717
G0 X122.133 Y94.614
G0 X122.299 Y93.936
G1 F2700 E523.11666
G1 F1500 X122.008 Y93.864 E523.12663
G1 X121.657 Y93.68 E523.13981
G1 X121.4 Y93.443 E523.15143
G1 X121.206 Y93.153 E523.16304
G1 X121.089 Y92.834 E523.17434
G1 X121.051 Y92.5 E523.18552
G1 X121.099 Y92.13 E523.19793
G1 X121.229 Y91.803 E523.20963
G1 X121.431 Y91.522 E523.22114
G1 X121.698 Y91.292 E523.23287
G1 X122.008 Y91.136 E523.24441
G1 X122.313 Y91.061 E523.25485
G1 X122.701 Y91.064 E523.26776
G1 X122.992 Y91.136 E523.27773
G1 X123.343 Y91.32 E523.29091
G1 X123.6 Y91.557 E523.30254
G1 X123.794 Y91.847 E523.31414
G1 X123.912 Y92.177 E523.3258
G1 X123.95 Y92.5 E523.33662
G1 X123.911 Y92.834 E523.3478
G1 X123.771 Y93.197 E523.36074
G1 X123.569 Y93.478 E523.37225
G1 X123.302 Y93.708 E523.38397
G1 X122.992 Y93.864 E523.39552
G1 X122.7 Y93.936 E523.40552
G1 X122.299 Y93.936 E523.41886
G0 F9000 X122.133 Y94.614
G0 X121.311 Y94.224
G0 X121.004 Y93.952
G0 X120.504 Y93.276
G0 X120.709 Y93.199
;TYPE:FILL
G1 F3000 X119.681 Y93.475 E523.45426
G1 X119.679 Y93.453
G1 X125.319 Y99.093 E523.71955
G0 F9000 X125.1 Y99.093
G0 X125.1 Y100.246
G0 X125.318 Y100.246
G1 F3000 X119.68 Y101.757 E523.91369
G0 F9000 X119.9 Y101.757
G0 X119.9 Y99.11
G0 X119.679 Y99.11
G1 F3000 X125.319 Y104.75 E524.17897
G1 X125.319 Y104.809
G1 X119.68 Y125.853 E524.90359
G0 F9000 X119.68 Y126.604
G1 F3000 X121.033 Y126.241 E524.95019
G0 F9000 X120.854 Y126.117
G0 X119.9 Y127.395
G0 X119.68 Y127.395
G1 F3000 X121.019 Y128.734 E525.01317
G0 F9000 X121.191 Y128.905
G1 F3000 X124.104 Y131.818 E525.15019
G0 F9000 X124.104 Y131.6
G0 X122.223 Y131.6
G0 X122.223 Y131.819
G1 F3000 X122.875 Y129.384 E525.23403
G0 F9000 X122.927 Y129.6
G0 X125.1 Y129.234
G0 X125.319 Y129.234
G1 F3000 X119.68 Y130.745 E525.4282
G0 F9000 X119.9 Y130.745
G0 X120.465 Y126.999
G0 X120.644 Y126.527
G0 X120.932 Y126.111
G0 X121.311 Y125.776
G0 X121.757 Y125.54
G0 X122.155 Y125.443
G0 X123.188 Y125.465
G0 X123.136 Y125.678
G1 F3000 X125.318 Y125.093 E525.50333
G0 F9000 X125.1 Y125.093
G0 X123.912 Y125.892
G0 X123.767 Y126.055
G1 F3000 X125.319 Y120.263 E525.70277
G0 F9000 X125.318 Y120.952
G1 F3000 X119.68 Y122.463 E525.89691
G0 F9000 X119.68 Y121.738
G1 F3000 X125.319 Y127.377 E526.16215
G0 F9000 X125.1 Y127.377
G0 X125.1 Y121.72
G0 X125.319 Y121.72
G1 F3000 X119.68 Y116.081 E526.42739
G0 F9000 X119.9 Y116.081
G0 X119.9 Y114.18
G0 X119.681 Y114.18
G1 F3000 X125.319 Y112.67 E526.62152
G0 F9000 X125.1 Y112.67
G0 X125.1 Y110.406
G0 X125.319 Y110.406
G1 F3000 X119.679 Y104.767 E526.88679
G0 F9000 X119.9 Y104.767
G0 X119.9 Y105.898
G0 X119.681 Y105.898
G1 F3000 X125.318 Y104.388 E527.08089
G0 F9000 X125.1 Y104.388
G0 X125.1 Y108.528
G0 X125.319 Y108.528
G1 F3000 X119.681 Y110.039 E527.27502
G0 F9000 X119.68 Y110.398
G1 F3000 X124.29 Y93.194 E527.86742
G0 F9000 X124.397 Y92.794
G1 F3000 X125.319 Y89.354 E527.98587
G0 F9000 X125.1 Y89.354
G0 X123.989 Y88.4
G0 X123.989 Y88.179
G1 F3000 X119.681 Y89.334 E528.13422
G0 F9000 X119.9 Y89.334
G0 X120.064 Y88.4
G0 X120.064 Y88.181
G1 F3000 X122.462 Y90.578 E528.24699
G0 F9000 X122.462 Y90.359
G0 X123.243 Y90.54
G0 X123.689 Y90.776
G0 X124.068 Y91.111
G0 X124.231 Y91.347
G0 X124.619 Y92.186
G0 X124.397 Y92.211
G1 F3000 X125.319 Y91.964 E528.27874
G0 F9000 X125.1 Y91.964
G0 X124.648 Y92.567
G0 X124.423 Y92.54
G1 F3000 X125.319 Y93.436 E528.32088
G0 F9000 X125.1 Y93.436
G0 X125.1 Y96.105
G0 X125.319 Y96.105
G1 F3000 X119.681 Y97.616 E528.51502
G0 F9000 X119.9 Y97.616
G0 X119.9 Y94.944
G0 X119.68 Y94.944
G1 F3000 X121.493 Y88.179 E528.74796
G0 F9000 X121.493 Y88.4
G0 X120.465 Y91.999
G0 X119.9 Y110.424
G0 X119.68 Y110.424
G1 F3000 X125.319 Y116.063 E529.0132
G0 F9000 X125.319 Y116.811
G1 F3000 X119.681 Y118.321 E529.20733
G0 F9000 X120.2 Y118.321
G1 F2700 E524.20733
;MESH:NONMESH
G0 F300 X120.2 Y118.321 Z3.8
G0 F9000 X119.42 Y107.774
G0 X118.335 Y107.774
G0 X97.653 Y98.305
G0 X93.347 Y98.305
G0 X91.387 Y107.047
G0 X91.858 Y107.774
;TIME_ELAPSED:965.538093
;LAYER:18
;TYPE:SUPPORT
G1 F2700 E529.20733
G1 F1500 X92.204 Y107.551 E529.22103
G1 X92.493 Y107.447 E529.23124
G1 X92.844 Y107.44 E529.24292
G1 X92.878 Y107.508 E529.24545
G1 X93 Y107.551 E529.24975
G1 X93 Y112.469 E529.41332
G1 X92.872 Y112.552 E529.4184
G1 X92.514 Y112.552 E529.4303
G1 X92.107 Y112.413 E529.44461
G1 X91.775 Y112.117 E529.4594
G1 X91.234 Y111.426 E529.48859
G1 X91.048 Y110.97 E529.50497
G1 X91.001 Y110.664 E529.51527
G1 X91 Y109.236 E529.56276
G1 X91.091 Y108.884 E529.57486
G1 X91.22 Y108.591 E529.5855
G1 X91.367 Y108.385 E529.59392
G1 X91.553 Y108.169 E529.6034
G1 X91.858 Y107.774 E529.62
G1 X92 Y107.777
G1 X92 Y112.21 E529.76744
G0 F9000 X91.783 Y112
G1 F1500 X92.92 Y112 E529.80526
G1 F2700 E524.80526
G0 F9000 X92.92 Y113.417
G0 X92.371 Y113.416
G0 X91.851 Y113.239
G0 X91.519 Y113.048
G0 X91.139 Y112.709
G0 X90.479 Y111.866
G0 X90.209 Y111.203
G0 X90.137 Y110.73
G0 X90.136 Y109.124
G0 X90.27 Y108.604
G0 X90.465 Y108.161
G0 X91.273 Y107.121
G0 X91.811 Y106.773
G0 X92.237 Y106.62
G0 X92.897 Y106.574
G0 X92.92 Y108
G1 F2700 E529.80526
G1 F1500 X91.785 Y108 E529.84301
G1 F2700 E524.84301
;MESH:Garmin_GFC500 Wheel Support - Wheel Spacer.stl
G0 F9000 X94.42 Y108
G0 X96.13 Y120.055
G0 X96.4 Y120.324
;TYPE:WALL-INNER
G1 F2700 E529.84301
G1 F1500 X96.4 Y99.675 E530.5298
G1 X94.6 Y99.675 E530.58967
G1 X94.6 Y120.324 E531.27645
G1 X96.4 Y120.324 E531.33632
G0 F9000 X96.8 Y120.724
;TYPE:WALL-OUTER
G1 F1500 X96.8 Y99.275 E532.04972
G1 X94.2 Y99.275 E532.1362
G1 X94.2 Y120.724 E532.84959
G1 X96.8 Y120.724 E532.93607
G0 F9000 X96.19 Y120.244
;TYPE:FILL
G1 F3000 X96.319 Y119.761 E532.9527
G0 F9000 X95.758 Y120.242
G1 F3000 X94.68 Y119.164 E533.0034
G0 F9000 X94.9 Y119.164
G0 X94.9 Y116.885
G0 X94.679 Y116.885
G1 F3000 X96.318 Y116.446 E533.05984
G0 F9000 X96.1 Y116.446
G0 X96.1 Y115.147
G0 X96.319 Y115.147
G1 F3000 X94.68 Y113.507 E533.13695
G0 F9000 X94.679 Y112.744
G1 F3000 X96.318 Y112.305 E533.19339
G0 F9000 X96.1 Y112.305
G0 X94.9 Y110.424
G0 X94.68 Y110.424
G1 F3000 X96.319 Y104.306 E533.40405
G0 F9000 X96.319 Y104.023
G1 F3000 X94.68 Y104.462 E533.46048
G0 F9000 X94.9 Y104.462
G0 X96.1 Y103.833
G0 X96.319 Y103.833
G1 F3000 X94.68 Y102.193 E533.5376
G0 F9000 X94.9 Y102.193
G0 X94.9 Y100.321
G0 X94.68 Y100.321
G1 F3000 X96.319 Y99.882 E533.59404
G0 F9000 X96.1 Y99.882
G0 X94.9 Y107.85
G0 X94.68 Y107.85
G1 F3000 X96.319 Y109.49 E533.67115
G0 F9000 X96.1 Y109.49
G0 X96.1 Y108.164
G0 X96.319 Y108.164
G1 F3000 X94.679 Y108.603 E533.72762
G0 F9000 X95.2 Y108.603
G1 F2700 E528.72762
G0 F9000 X96.586 Y99.489
G0 X97.665 Y99.489
G0 X118.335 Y99.489
G0 X119.42 Y99.489
G0 X122.201 Y94.631
G0 X122.272 Y94.341
;TYPE:WALL-INNER
G1 F2700 E533.72762
G1 F1500 X121.843 Y94.235 E533.74232
G1 X121.448 Y94.029 E533.75714
G1 X121.109 Y93.726 E533.77226
G1 X120.857 Y93.361 E533.78701
G1 X120.7 Y92.945 E533.8018
G1 X120.651 Y92.5 E533.81669
G1 X120.699 Y92.058 E533.83148
G1 X120.857 Y91.639 E533.84637
G1 X121.109 Y91.274 E533.86112
G1 X121.449 Y90.97 E533.87629
G1 X121.847 Y90.764 E533.8912
G1 X122.244 Y90.667 E533.90479
G1 X122.723 Y90.658 E533.92073
G1 X123.155 Y90.765 E533.93553
G1 X123.554 Y90.973 E533.95049
G1 X123.891 Y91.274 E533.96552
G1 X124.142 Y91.637 E533.9802
G1 X124.302 Y92.061 E533.99527
G1 X124.35 Y92.5 E534.00996
G1 X124.302 Y92.937 E534.02458
G1 X124.142 Y93.362 E534.03969
G1 X123.891 Y93.726 E534.05439
G1 X123.555 Y94.026 E534.06938
G1 X123.157 Y94.235 E534.08433
G1 X122.727 Y94.341 E534.09906
G1 X122.272 Y94.341 E534.11419
G1 F2700 E529.11419
G0 F9000 X122.201 Y94.631
G0 X120.404 Y127.5
G0 X120.465 Y128.001
G0 X120.644 Y128.473
G0 X120.932 Y128.889
G0 X121.273 Y129.191
G0 X122.207 Y129.632
G0 X122.278 Y129.342
G1 F2700 E534.11419
G1 F1500 X121.846 Y129.236 E534.12899
G1 X121.449 Y129.03 E534.14386
G1 X121.109 Y128.726 E534.15903
G1 X120.857 Y128.361 E534.17378
G1 X120.7 Y127.945 E534.18857
G1 X120.651 Y127.5 E534.20346
G1 X120.699 Y127.058 E534.21825
G1 X120.857 Y126.639 E534.23314
G1 X121.109 Y126.274 E534.2479
G1 X121.448 Y125.971 E534.26302
G1 X121.843 Y125.765 E534.27784
G1 X122.272 Y125.659 E534.29253
G1 X122.727 Y125.659 E534.30767
G1 X123.157 Y125.765 E534.3224
G1 X123.555 Y125.974 E534.33735
G1 X123.891 Y126.274 E534.35233
G1 X124.142 Y126.637 E534.36701
G1 X124.302 Y127.061 E534.38208
G1 X124.35 Y127.5 E534.39677
G1 X124.302 Y127.937 E534.41139
G1 X124.142 Y128.362 E534.4265
G1 X123.891 Y128.726 E534.4412
G1 X123.554 Y129.027 E534.45623
G1 X123.154 Y129.236 E534.47124
G1 X122.756 Y129.333 E534.48487
G1 X122.278 Y129.342 E534.50077
G0 F9000 X122.207 Y129.632
G0 X119.87 Y131.63
G0 X119.601 Y131.899
G1 F1500 X125.4 Y131.9 E534.69364
G1 X125.4 Y88.1 E536.15044
G1 X119.601 Y88.101 E536.34331
G1 X119.601 Y131.899 E537.80004
G0 F9000 X119.201 Y132.299
;TYPE:WALL-OUTER
G1 F1500 X125.8 Y132.3 E538.01952
G1 X125.8 Y87.7 E539.50293
G1 X119.201 Y87.701 E539.72241
G1 X119.201 Y132.299 E541.20574
G1 F2700 E536.20574
G0 F9000 X119.47 Y132.03
G0 X122.133 Y129.614
G0 X122.299 Y128.936
G1 F2700 E541.20574
G1 F1500 X122.008 Y128.864 E541.21572
G1 X121.657 Y128.68 E541.2289
G1 X121.4 Y128.443 E541.24052
G1 X121.206 Y128.153 E541.25213
G1 X121.089 Y127.834 E541.26343
G1 X121.051 Y127.5 E541.27461
G1 X121.099 Y127.13 E541.28702
G1 X121.229 Y126.803 E541.29872
G1 X121.431 Y126.522 E541.31023
G1 X121.698 Y126.292 E541.32195
G1 X122.008 Y126.136 E541.3335
G1 X122.299 Y126.064 E541.34347
G1 X122.7 Y126.064 E541.35681
G1 X122.992 Y126.136 E541.36681
G1 X123.343 Y126.32 E541.37999
G1 X123.6 Y126.557 E541.39162
G1 X123.794 Y126.847 E541.40322
G1 X123.912 Y127.177 E541.41488
G1 X123.95 Y127.5 E541.4257
G1 X123.911 Y127.834 E541.43688
G1 X123.771 Y128.197 E541.44982
G1 X123.569 Y128.478 E541.46133
G1 X123.302 Y128.708 E541.47305
G1 X122.992 Y128.864 E541.48459
G1 X122.687 Y128.939 E541.49504
G1 X122.299 Y128.936 E541.50795
G1 F2700 E536.50795
G0 F9000 X122.133 Y129.614
G0 X121.311 Y129.224
G0 X120.932 Y128.889
G0 X120.644 Y128.473
G0 X120.465 Y128.001
G0 X120.43 Y127.717
G0 X122.133 Y94.614
G0 X122.299 Y93.936
G1 F2700 E541.50795
G1 F1500 X122.008 Y93.864 E541.51792
G1 X121.657 Y93.68 E541.5311
G1 X121.4 Y93.443 E541.54272
G1 X121.206 Y93.153 E541.55433
G1 X121.089 Y92.834 E541.56563
G1 X121.051 Y92.5 E541.57681
G1 X121.099 Y92.13 E541.58922
G1 X121.229 Y91.803 E541.60092
G1 X121.431 Y91.522 E541.61244
G1 X121.698 Y91.292 E541.62416
G1 X122.008 Y91.136 E541.6357
G1 X122.313 Y91.061 E541.64615
G1 X122.701 Y91.064 E541.65905
G1 X122.992 Y91.136 E541.66902
G1 X123.343 Y91.32 E541.6822
G1 X123.6 Y91.557 E541.69383
G1 X123.794 Y91.847 E541.70543
G1 X123.912 Y92.177 E541.71709
G1 X123.95 Y92.5 E541.72791
G1 X123.911 Y92.834 E541.73909
G1 X123.771 Y93.197 E541.75203
G1 X123.569 Y93.478 E541.76354
G1 X123.302 Y93.708 E541.77526
G1 X122.992 Y93.864 E541.78681
G1 X122.7 Y93.936 E541.79681
G1 X122.299 Y93.936 E541.81015
G0 F9000 X122.133 Y94.614
G0 X121.311 Y94.224
G0 X121.096 Y94.034
G0 X120.555 Y93.409
G0 X120.761 Y93.332
;TYPE:FILL
G1 F3000 X119.681 Y93.622 E541.84734
G0 F9000 X119.679 Y93.252
G1 F3000 X125.319 Y98.892 E542.11263
G0 F9000 X125.1 Y98.892
G0 X125.1 Y100.393
G0 X125.318 Y100.393
G1 F3000 X119.68 Y101.904 E542.30677
G0 F9000 X119.9 Y101.904
G0 X119.9 Y104.566
G0 X119.679 Y104.566
G1 F3000 X125.319 Y110.206 E542.57206
G0 F9000 X125.1 Y110.206
G0 X125.1 Y108.675
G0 X125.319 Y108.675
G1 F3000 X119.681 Y110.186 E542.76619
G1 X119.68 Y110.223
G1 X125.319 Y115.862 E543.03143
G0 F9000 X125.1 Y115.862
G0 X125.1 Y116.958
G0 X125.319 Y116.958
G1 F3000 X119.681 Y118.468 E543.22556
G0 F9000 X119.9 Y118.468
G0 X119.9 Y115.88
G0 X119.68 Y115.88
G1 F3000 X125.319 Y121.519 E543.49081
G0 F9000 X125.318 Y121.099
G1 F3000 X119.68 Y122.61 E543.68494
G0 F9000 X119.9 Y122.61
G0 X119.9 Y121.537
G0 X119.68 Y121.537
G1 F3000 X125.319 Y127.176 E543.95019
G0 F9000 X125.1 Y127.176
G0 X125.1 Y125.24
G0 X125.318 Y125.24
G1 F3000 X123.341 Y125.77 E544.01826
G0 F9000 X123.649 Y125.948
G1 F3000 X125.319 Y119.715 E544.23288
G0 F9000 X125.1 Y119.715
G0 X125.1 Y112.817
G0 X125.319 Y112.817
G1 F3000 X119.681 Y114.327 E544.42701
G0 F9000 X119.9 Y114.327
G0 X119.9 Y109.849
G0 X119.68 Y109.849
G1 F3000 X124.01 Y93.691 E544.98339
G0 F9000 X124.192 Y93.817
G0 X125.1 Y93.235
G0 X125.319 Y93.235
G1 F3000 X124.409 Y92.325 E545.0262
G1 X124.414 Y92.354
G1 X125.319 Y92.111 E545.05736
G0 F9000 X124.4 Y92.234
G1 F3000 X125.319 Y88.806 E545.17541
G0 F9000 X125.1 Y88.806
G0 X124.539 Y88.4
G0 X124.539 Y88.179
G1 F3000 X119.681 Y89.481 E545.34269
G0 F9000 X119.9 Y89.481
G0 X120.265 Y88.4
G0 X120.265 Y88.181
G1 F3000 X122.663 Y90.578 E545.45546
G0 F9000 X122.663 Y90.359
G0 X121.346 Y88.4
G0 X121.346 Y88.179
G1 F3000 X119.68 Y94.396 E545.66953
G0 F9000 X119.9 Y94.396
G0 X119.9 Y97.763
G0 X119.681 Y97.763
G1 F3000 X125.319 Y96.252 E545.86367
G0 F9000 X125.1 Y96.252
G0 X119.9 Y98.909
G0 X119.679 Y98.909
G1 F3000 X125.319 Y104.549 E546.12896
G1 X125.318 Y104.535
G1 X119.68 Y106.045 E546.32309
G0 F9000 X119.9 Y106.045
G0 X125.1 Y104.26
G0 X125.319 Y104.26
G1 F3000 X119.68 Y125.304 E547.04771
G0 F9000 X119.9 Y125.304
G0 X119.9 Y126.751
G0 X119.68 Y126.751
G1 F3000 X120.908 Y126.422 E547.08999
G0 F9000 X120.729 Y126.298
G0 X119.9 Y127.194
G0 X119.68 Y127.194
G1 F3000 X120.725 Y128.238 E547.13912
G0 F9000 X120.519 Y128.315
G0 X120.891 Y128.832
G0 X121.677 Y129.486
G0 X121.779 Y129.293
G1 F3000 X124.305 Y131.818 E547.25791
G0 F9000 X124.305 Y131.6
G0 X122.076 Y131.6
G0 X122.076 Y131.819
G1 F3000 X122.719 Y129.419 E547.34055
G0 F9000 X122.719 Y129.641
G0 X125.1 Y129.381
G0 X125.319 Y129.381
G1 F3000 X119.68 Y130.892 E547.53472
G0 F9000 X120.2 Y130.892
G1 F2700 E542.53472
;MESH:NONMESH
G0 F300 X120.2 Y130.892 Z4
G0 F9000 X119.42 Y107.774
G0 X118.335 Y107.774
G0 X97.653 Y98.422
G0 X93.347 Y98.422
G0 X91.387 Y107.047
G0 X91.858 Y107.774
;TIME_ELAPSED:999.346519
;LAYER:19
;TYPE:SUPPORT
G1 F2700 E547.53472
G1 F1500 X92.204 Y107.551 E547.54841
G1 X92.493 Y107.447 E547.55863
G1 X92.844 Y107.44 E547.57031
G1 X92.878 Y107.508 E547.57283
G1 X93 Y107.551 E547.57714
G1 X93 Y112.466 E547.74061
G1 X92.87 Y112.552 E547.74579
G1 X92.514 Y112.552 E547.75764
G1 X92.107 Y112.413 E547.77194
G1 X91.775 Y112.117 E547.78673
G1 X91.234 Y111.426 E547.81592
G1 X91.048 Y110.97 E547.8323
G1 X91.001 Y110.664 E547.8426
G1 X91 Y109.236 E547.89009
G1 X91.091 Y108.884 E547.90219
G1 X91.219 Y108.594 E547.91273
G1 X91.379 Y108.37 E547.92189
G1 X91.612 Y108.099 E547.93377
G1 X91.858 Y107.774 E547.94733
G1 X92 Y107.777
G1 X92 Y112.21 E548.09477
G0 F9000 X91.783 Y112
G1 F1500 X92.92 Y112 E548.13259
G1 F2700 E543.13259
G0 F9000 X92.92 Y113.417
G0 X92.371 Y113.416
G0 X91.851 Y113.239
G0 X91.519 Y113.048
G0 X91.139 Y112.709
G0 X90.479 Y111.866
G0 X90.209 Y111.203
G0 X90.137 Y110.73
G0 X90.136 Y109.124
G0 X90.27 Y108.604
G0 X90.533 Y108.064
G0 X91.265 Y107.126
G0 X91.811 Y106.773
G0 X92.237 Y106.62
G0 X92.897 Y106.574
G0 X92.92 Y108
G1 F2700 E548.13259
G1 F1500 X91.788 Y108 E548.17024
G1 F2700 E543.17024
;MESH:Garmin_GFC500 Wheel Support - Wheel Spacer.stl
G0 F9000 X94.42 Y108
G0 X96.13 Y119.939
G0 X96.4 Y120.208
;TYPE:WALL-INNER
G1 F2700 E548.17024
G1 F1500 X96.4 Y99.791 E548.84931
G1 X94.6 Y99.791 E548.90918
G1 X94.6 Y120.208 E549.58825
G1 X96.4 Y120.208 E549.64812
G0 F9000 X96.8 Y120.608
;TYPE:WALL-OUTER
G1 F1500 X96.8 Y99.391 E550.3538
G1 X94.2 Y99.391 E550.44028
G1 X94.2 Y120.608 E551.14596
G1 X96.8 Y120.608 E551.23243
G0 F9000 X96.075 Y120.128
;TYPE:FILL
G1 F3000 X96.319 Y119.216 E551.26383
G0 F9000 X96.1 Y119.216
G0 X95.842 Y119.909
G0 X95.841 Y120.126
G1 F3000 X94.68 Y118.965 E551.31844
G0 F9000 X94.9 Y118.965
G0 X94.9 Y117.031
G0 X94.68 Y117.031
G1 F3000 X96.319 Y116.592 E551.37488
G0 F9000 X96.1 Y116.592
G0 X96.1 Y114.947
G0 X96.319 Y114.947
G1 F3000 X94.68 Y113.308 E551.45197
G0 F9000 X94.679 Y112.89
G1 F3000 X96.318 Y112.451 E551.50841
G0 F9000 X96.1 Y112.451
G0 X94.9 Y109.88
G0 X94.68 Y109.88
G1 F3000 X96.319 Y103.761 E551.7191
G1 X96.319 Y103.634
G1 X94.68 Y101.994 E551.79622
G0 F9000 X94.9 Y101.994
G0 X94.9 Y100.467
G0 X94.68 Y100.467
G1 F3000 X96.319 Y100.028 E551.85265
G0 F9000 X96.1 Y100.028
G0 X96.1 Y104.169
G0 X96.318 Y104.169
G1 F3000 X94.679 Y104.608 E551.90909
G0 F9000 X94.9 Y104.608
G0 X94.9 Y107.651
G0 X94.68 Y107.651
G1 F3000 X96.319 Y109.291 E551.9862
G0 F9000 X96.318 Y108.31
G1 F3000 X94.679 Y108.749 E552.04264
G0 F9000 X95.2 Y108.749
G1 F2700 E547.04264
G0 F9000 X96.586 Y99.605
G0 X97.665 Y99.605
G0 X118.335 Y99.605
G0 X119.42 Y99.605
G0 X122.201 Y94.631
G0 X122.272 Y94.341
;TYPE:WALL-INNER
G1 F2700 E552.04264
G1 F1500 X121.843 Y94.235 E552.05734
G1 X121.448 Y94.029 E552.07215
G1 X121.109 Y93.726 E552.08728
G1 X120.857 Y93.361 E552.10203
G1 X120.7 Y92.945 E552.11682
G1 X120.651 Y92.5 E552.13171
G1 X120.699 Y92.058 E552.14649
G1 X120.857 Y91.639 E552.16139
G1 X121.109 Y91.274 E552.17614
G1 X121.449 Y90.97 E552.19131
G1 X121.847 Y90.764 E552.20622
G1 X122.244 Y90.667 E552.21981
G1 X122.723 Y90.658 E552.23574
G1 X123.155 Y90.765 E552.25055
G1 X123.554 Y90.973 E552.26551
G1 X123.891 Y91.274 E552.28054
G1 X124.142 Y91.637 E552.29522
G1 X124.302 Y92.061 E552.31029
G1 X124.35 Y92.5 E552.32498
G1 X124.302 Y92.937 E552.3396
G1 X124.142 Y93.362 E552.35471
G1 X123.891 Y93.726 E552.36941
G1 X123.555 Y94.026 E552.38439
G1 X123.158 Y94.235 E552.39932
G1 X122.727 Y94.341 E552.41408
G1 X122.272 Y94.341 E552.42921
G1 F2700 E547.42921
G0 F9000 X122.201 Y94.631
G0 X120.404 Y127.5
G0 X120.465 Y128.001
G0 X120.644 Y128.473
G0 X120.932 Y128.889
G0 X121.273 Y129.191
G0 X122.207 Y129.632
G0 X122.278 Y129.342
G1 F2700 E552.42921
G1 F1500 X121.846 Y129.236 E552.44401
G1 X121.449 Y129.03 E552.45888
G1 X121.109 Y128.726 E552.47405
G1 X120.857 Y128.361 E552.4888
G1 X120.7 Y127.945 E552.50359
G1 X120.651 Y127.5 E552.51848
G1 X120.699 Y127.058 E552.53327
G1 X120.857 Y126.639 E552.54816
G1 X121.109 Y126.274 E552.56292
G1 X121.448 Y125.971 E552.57804
G1 X121.843 Y125.765 E552.59286
G1 X122.272 Y125.659 E552.60755
G1 X122.727 Y125.659 E552.62269
G1 X123.157 Y125.765 E552.63742
G1 X123.555 Y125.974 E552.65237
G1 X123.891 Y126.274 E552.66735
G1 X124.142 Y126.637 E552.68203
G1 X124.302 Y127.061 E552.6971
G1 X124.35 Y127.5 E552.71179
G1 X124.302 Y127.937 E552.72641
G1 X124.142 Y128.362 E552.74152
G1 X123.891 Y128.726 E552.75622
G1 X123.554 Y129.027 E552.77125
G1 X123.154 Y129.236 E552.78626
G1 X122.756 Y129.333 E552.79989
G1 X122.278 Y129.342 E552.81579
G0 F9000 X122.207 Y129.632
G0 X119.87 Y131.63
G0 X119.601 Y131.899
G1 F1500 X125.4 Y131.9 E553.00866
G1 X125.4 Y88.1 E554.46546
G1 X119.601 Y88.101 E554.65833
G1 X119.601 Y131.899 E556.11506
G0 F9000 X119.201 Y132.299
;TYPE:WALL-OUTER
G1 F1500 X125.8 Y132.3 E556.33454
G1 X125.8 Y87.7 E557.81795
G1 X119.201 Y87.701 E558.03743
G1 X119.201 Y132.299 E559.52077
G1 F2700 E554.52077
G0 F9000 X119.47 Y132.03
G0 X122.133 Y129.614
G0 X122.299 Y128.936
G1 F2700 E559.52077
G1 F1500 X122.008 Y128.864 E559.53074
G1 X121.657 Y128.68 E559.54392
G1 X121.4 Y128.443 E559.55554
G1 X121.206 Y128.153 E559.56715
G1 X121.089 Y127.834 E559.57845
G1 X121.051 Y127.5 E559.58963
G1 X121.099 Y127.13 E559.60204
G1 X121.229 Y126.803 E559.61374
G1 X121.431 Y126.522 E559.62525
G1 X121.657 Y126.32 E559.63534
G1 X122.008 Y126.136 E559.64852
G1 X122.299 Y126.064 E559.65849
G1 X122.7 Y126.064 E559.67183
G1 X122.992 Y126.136 E559.68183
G1 X123.343 Y126.32 E559.69501
G1 X123.6 Y126.557 E559.70664
G1 X123.794 Y126.847 E559.71824
G1 X123.912 Y127.177 E559.7299
G1 X123.95 Y127.5 E559.74072
G1 X123.911 Y127.834 E559.7519
G1 X123.771 Y128.197 E559.76484
G1 X123.569 Y128.478 E559.77635
G1 X123.302 Y128.708 E559.78807
G1 X122.992 Y128.864 E559.79961
G1 X122.687 Y128.939 E559.81006
G1 X122.299 Y128.936 E559.82297
G1 F2700 E554.82297
G0 F9000 X122.133 Y129.614
G0 X121.311 Y129.224
G0 X120.932 Y128.889
G0 X120.644 Y128.473
G0 X120.465 Y128.001
G0 X120.43 Y127.717
G0 X122.133 Y94.614
G0 X122.299 Y93.936
G1 F2700 E559.82297
G1 F1500 X122.008 Y93.864 E559.83294
G1 X121.657 Y93.68 E559.84612
G1 X121.4 Y93.443 E559.85775
G1 X121.206 Y93.153 E559.86935
G1 X121.089 Y92.834 E559.88065
G1 X121.051 Y92.5 E559.89183
G1 X121.099 Y92.13 E559.90424
G1 X121.229 Y91.803 E559.91594
G1 X121.431 Y91.522 E559.92746
G1 X121.698 Y91.292 E559.93918
G1 X122.008 Y91.136 E559.95072
G1 X122.313 Y91.061 E559.96117
G1 X122.701 Y91.064 E559.97407
G1 X122.992 Y91.136 E559.98404
G1 X123.343 Y91.32 E559.99722
G1 X123.6 Y91.557 E560.00885
G1 X123.794 Y91.847 E560.02045
G1 X123.912 Y92.177 E560.03211
G1 X123.95 Y92.5 E560.04293
G1 X123.911 Y92.834 E560.05411
G1 X123.771 Y93.197 E560.06705
G1 X123.569 Y93.478 E560.07856
G1 X123.302 Y93.708 E560.09028
G1 X122.992 Y93.864 E560.10183
G1 X122.7 Y93.936 E560.11183
G1 X122.299 Y93.936 E560.12517
G0 F9000 X122.133 Y94.614
G0 X122.752 Y94.58
G0 X123.15 Y94.483
G0 X123.951 Y94.074
G0 X123.806 Y93.908
;TYPE:FILL
G1 F3000 X119.68 Y109.305 E560.65534
G0 F9000 X119.68 Y110.024
G1 F3000 X125.319 Y115.663 E560.92058
G0 F9000 X125.1 Y115.663
G0 X125.1 Y117.104
G0 X125.318 Y117.104
G1 F3000 X119.68 Y118.615 E561.11472
G0 F9000 X119.9 Y118.615
G0 X119.9 Y121.338
G0 X119.68 Y121.338
G1 F3000 X125.319 Y126.977 E561.37996
G0 F9000 X125.1 Y126.977
G0 X125.1 Y125.386
G0 X125.319 Y125.386
G1 F3000 X123.525 Y125.866 E561.44173
G1 X123.525 Y125.865
G1 X125.319 Y119.17 E561.67226
G0 F9000 X125.1 Y119.17
G0 X125.1 Y121.245
G0 X125.318 Y121.245
G1 F3000 X119.68 Y122.756 E561.8664
G0 F9000 X119.9 Y122.756
G0 X119.9 Y124.758
G0 X119.681 Y124.758
G1 F3000 X125.319 Y103.716 E562.59095
G0 F9000 X125.319 Y104.349
G1 F3000 X119.679 Y98.709 E562.85624
G0 F9000 X119.68 Y97.909
G1 F3000 X125.318 Y96.398 E563.05037
G0 F9000 X125.1 Y96.398
G0 X125.1 Y98.693
G0 X125.319 Y98.693
G1 F3000 X119.679 Y93.053 E563.31566
G0 F9000 X119.681 Y93.768
G1 F3000 X120.829 Y93.46 E563.3552
G0 F9000 X120.647 Y93.584
G0 X119.9 Y93.851
G0 X119.68 Y93.851
G1 F3000 X121.2 Y88.179 E563.5505
G0 F9000 X120.464 Y88.181
G1 F3000 X122.904 Y90.62 E563.66525
G0 F9000 X122.956 Y90.408
G0 X123.689 Y90.776
G0 X123.996 Y91.048
G0 X124.543 Y91.849
G0 X124.337 Y91.926
G1 F3000 X125.319 Y88.261 E563.79145
G0 F9000 X125.084 Y88.179
G1 F3000 X119.681 Y89.627 E563.97749
G0 F9000 X119.9 Y89.627
G0 X123.243 Y90.54
G0 X123.689 Y90.776
G0 X124.068 Y91.111
G0 X124.231 Y91.347
G0 X124.606 Y92.077
G0 X124.385 Y92.102
G1 F3000 X125.319 Y93.036 E564.02143
G0 F9000 X125.319 Y92.257
G1 F3000 X124.429 Y92.495 E564.05207
G0 F9000 X124.653 Y92.47
G0 X125.1 Y100.539
G0 X125.318 Y100.539
G1 F3000 X119.681 Y102.05 E564.24617
G0 F9000 X119.9 Y102.05
G0 X119.9 Y104.366
G0 X119.679 Y104.366
G1 F3000 X125.319 Y110.006 E564.51146
G0 F9000 X125.1 Y110.006
G0 X125.1 Y108.821
G0 X125.319 Y108.821
G1 F3000 X119.681 Y110.332 E564.7056
G0 F9000 X119.9 Y110.332
G0 X119.9 Y106.191
G0 X119.681 Y106.191
G1 F3000 X125.319 Y104.68 E564.89974
G0 F9000 X125.1 Y104.68
G0 X125.1 Y112.963
G0 X125.319 Y112.963
G1 F3000 X119.681 Y114.473 E565.09387
G0 F9000 X119.9 Y114.473
G0 X119.9 Y115.681
G0 X119.68 Y115.681
G1 F3000 X125.319 Y121.32 E565.35911
G0 F9000 X125.1 Y121.32
G0 X120.581 Y126.524
G0 X120.784 Y126.601
G1 F3000 X119.68 Y126.897 E565.39713
G1 X119.68 Y126.994
G1 X120.618 Y127.932 E565.44125
G0 F9000 X120.398 Y127.957
G0 X120.644 Y128.473
G0 X120.932 Y128.889
G0 X121.239 Y129.161
G0 X122.003 Y129.582
G0 X122.055 Y129.369
G1 F3000 X124.504 Y131.818 E565.55644
G0 F9000 X124.504 Y131.6
G0 X125.1 Y129.527
G0 X125.319 Y129.527
G1 F3000 X119.681 Y131.038 E565.75058
G0 F9000 X119.9 Y131.038
G0 X121.93 Y131.6
G0 X121.93 Y131.819
G1 F3000 X122.573 Y129.42 E565.83319
G0 F9000 X122.573 Y129.941
G1 F2700 E560.83319
;MESH:NONMESH
G0 F300 X122.573 Y129.941 Z4.2
G0 F9000 X121.233 Y128.622
G0 X121.001 Y128.286
G0 X120.871 Y127.942
G0 X119.42 Y107.766
G0 X118.335 Y107.766
G0 X97.653 Y98.538
G0 X93.347 Y98.538
G0 X91.811 Y106.773
G0 X91.918 Y107.766
;TIME_ELAPSED:1033.260367
;LAYER:20
;TYPE:SUPPORT
G1 F2700 E565.83319
G1 F1500 X92.292 Y107.528 E565.84793
G1 X92.827 Y107.441 E565.86596
G1 X92.882 Y107.513 E565.86897
G1 X93 Y107.552 E565.87311
G1 X93 Y112.462 E566.03641
G1 X92.701 Y112.549 E566.04677
G1 X92.336 Y112.49 E566.05907
G1 X91.936 Y112.25 E566.07458
G1 X91.66 Y111.931 E566.08861
G1 X91.412 Y111.669 E566.10061
G1 X91.193 Y111.327 E566.11412
G1 X91.049 Y110.97 E566.12692
G1 X91.001 Y110.664 E566.13722
G1 X91 Y109.234 E566.18479
G1 X91.097 Y108.875 E566.19715
G1 X91.288 Y108.47 E566.21205
G1 X91.598 Y108.146 E566.22696
G1 X91.918 Y107.766 E566.24349
G1 X92 Y107.808
G1 X92 Y112.195 E566.3894
G0 F9000 X91.825 Y112
G1 F1500 X92.92 Y112 E566.42582
G1 F2700 E561.42582
G0 F9000 X92.92 Y113.417
G0 X92.371 Y113.416
G0 X91.851 Y113.239
G0 X91.519 Y113.048
G0 X91.139 Y112.709
G0 X90.424 Y111.732
G0 X90.209 Y111.204
G0 X90.137 Y110.73
G0 X90.136 Y109.124
G0 X90.27 Y108.604
G0 X90.533 Y108.064
G0 X91.263 Y107.127
G0 X91.811 Y106.773
G0 X92.237 Y106.62
G0 X92.897 Y106.574
G0 X92.92 Y108
G1 F2700 E566.42582
G1 F1500 X91.826 Y108 E566.4622
G1 F2700 E561.4622
;MESH:Garmin_GFC500 Wheel Support - Wheel Spacer.stl
G0 F9000 X94.42 Y108
G0 X96.13 Y119.822
G0 X96.4 Y120.091
;TYPE:WALL-INNER
G1 F2700 E566.4622
G1 F1500 X96.4 Y99.908 E567.13349
G1 X94.6 Y99.908 E567.19336
G1 X94.6 Y120.091 E567.86465
G1 X96.4 Y120.091 E567.92452
G0 F9000 X96.8 Y120.491
;TYPE:WALL-OUTER
G1 F1500 X96.8 Y99.508 E568.62242
G1 X94.2 Y99.508 E568.70889
G1 X94.2 Y120.491 E569.40679
G1 X96.8 Y120.491 E569.49327
G0 F9000 X95.96 Y120.01
;TYPE:FILL
G1 F3000 X96.319 Y118.67 E569.53941
G0 F9000 X96.1 Y118.67
G0 X95.925 Y119.792
G0 X95.924 Y120.01
G1 F3000 X94.68 Y118.765 E569.59794
G0 F9000 X94.9 Y118.765
G0 X94.9 Y117.177
G0 X94.679 Y117.177
G1 F3000 X96.319 Y116.738 E569.65441
G0 F9000 X96.1 Y116.738
G0 X96.1 Y114.748
G0 X96.319 Y114.748
G1 F3000 X94.68 Y113.108 E569.73153
G1 X94.68 Y113.036
G1 X96.319 Y112.597 E569.78796
G0 F9000 X96.1 Y112.597
G0 X96.1 Y109.091
G0 X96.319 Y109.091
G1 F3000 X94.68 Y107.451 E569.86508
G0 F9000 X94.9 Y107.451
G0 X94.9 Y108.895
G0 X94.68 Y108.895
G1 F3000 X96.318 Y108.456 E569.92148
G0 F9000 X96.1 Y108.456
G0 X94.9 Y109.337
G0 X94.679 Y109.337
G1 F3000 X96.319 Y103.217 E570.13222
G0 F9000 X96.319 Y103.434
G1 F3000 X94.68 Y101.795 E570.20931
G0 F9000 X94.9 Y101.795
G0 X94.9 Y100.613
G0 X94.679 Y100.613
G1 F3000 X96.318 Y100.174 E570.26575
G0 F9000 X96.1 Y100.174
G0 X96.1 Y104.315
G0 X96.318 Y104.315
G1 F3000 X94.679 Y104.754 E570.32218
G0 F9000 X95.2 Y104.754
G1 F2700 E565.32218
G0 F9000 X96.586 Y99.722
G0 X97.665 Y99.722
G0 X118.335 Y99.722
G0 X119.42 Y99.722
G0 X122.201 Y94.631
G0 X122.272 Y94.341
;TYPE:WALL-INNER
G1 F2700 E570.32218
G1 F1500 X121.843 Y94.235 E570.33688
G1 X121.448 Y94.029 E570.3517
G1 X121.109 Y93.726 E570.36682
G1 X120.857 Y93.361 E570.38157
G1 X120.7 Y92.945 E570.39636
G1 X120.651 Y92.5 E570.41125
G1 X120.699 Y92.058 E570.42604
G1 X120.857 Y91.639 E570.44093
G1 X121.109 Y91.274 E570.45568
G1 X121.449 Y90.97 E570.47085
G1 X121.847 Y90.764 E570.48576
G1 X122.244 Y90.667 E570.49935
G1 X122.723 Y90.658 E570.51529
G1 X123.155 Y90.765 E570.53009
G1 X123.554 Y90.973 E570.54505
G1 X123.891 Y91.274 E570.56008
G1 X124.142 Y91.637 E570.57476
G1 X124.302 Y92.061 E570.58983
G1 X124.35 Y92.5 E570.60452
G1 X124.302 Y92.937 E570.61914
G1 X124.142 Y93.362 E570.63425
G1 X123.891 Y93.726 E570.64895
G1 X123.555 Y94.026 E570.66394
G1 X123.158 Y94.235 E570.67886
G1 X122.727 Y94.341 E570.69362
G1 X122.272 Y94.341 E570.70875
G1 F2700 E565.70875
G0 F9000 X122.201 Y94.631
G0 X120.404 Y127.5
G0 X120.465 Y128.001
G0 X120.644 Y128.473
G0 X120.932 Y128.889
G0 X121.273 Y129.191
G0 X122.207 Y129.632
G0 X122.278 Y129.342
G1 F2700 E570.70875
G1 F1500 X121.846 Y129.236 E570.72355
G1 X121.449 Y129.03 E570.73842
G1 X121.109 Y128.726 E570.75359
G1 X120.857 Y128.361 E570.76835
G1 X120.7 Y127.945 E570.78313
G1 X120.651 Y127.5 E570.79803
G1 X120.699 Y127.058 E570.81281
G1 X120.857 Y126.639 E570.82771
G1 X121.109 Y126.274 E570.84246
G1 X121.448 Y125.971 E570.85758
G1 X121.843 Y125.765 E570.8724
G1 X122.272 Y125.659 E570.8871
G1 X122.727 Y125.659 E570.90223
G1 X123.157 Y125.765 E570.91696
G1 X123.555 Y125.974 E570.93191
G1 X123.891 Y126.274 E570.94689
G1 X124.142 Y126.637 E570.96157
G1 X124.302 Y127.061 E570.97664
G1 X124.35 Y127.5 E570.99133
G1 X124.302 Y127.937 E571.00595
G1 X124.142 Y128.362 E571.02106
G1 X123.891 Y128.726 E571.03576
G1 X123.554 Y129.027 E571.05079
G1 X123.154 Y129.236 E571.0658
G1 X122.756 Y129.333 E571.07943
G1 X122.278 Y129.342 E571.09533
G0 F9000 X122.207 Y129.632
G0 X119.87 Y131.63
G0 X119.601 Y131.899
G1 F1500 X125.4 Y131.9 E571.28821
G1 X125.4 Y88.1 E572.745
G1 X119.601 Y88.101 E572.93788
G1 X119.601 Y131.899 E574.3946
G0 F9000 X119.201 Y132.299
;TYPE:WALL-OUTER
G1 F1500 X125.8 Y132.3 E574.61409
G1 X125.8 Y87.7 E576.09749
G1 X119.201 Y87.701 E576.31697
G1 X119.201 Y132.299 E577.80031
G1 F2700 E572.80031
G0 F9000 X119.47 Y132.03
G0 X122.133 Y129.614
G0 X122.299 Y128.936
G1 F2700 E577.80031
G1 F1500 X122.008 Y128.864 E577.81028
G1 X121.657 Y128.68 E577.82346
G1 X121.4 Y128.443 E577.83509
G1 X121.206 Y128.153 E577.84669
G1 X121.089 Y127.834 E577.85799
G1 X121.051 Y127.5 E577.86917
G1 X121.099 Y127.13 E577.88158
G1 X121.229 Y126.803 E577.89329
G1 X121.431 Y126.522 E577.9048
G1 X121.698 Y126.292 E577.91652
G1 X122.008 Y126.136 E577.92806
G1 X122.299 Y126.064 E577.93803
G1 X122.7 Y126.064 E577.95137
G1 X122.992 Y126.136 E577.96137
G1 X123.343 Y126.32 E577.97455
G1 X123.6 Y126.557 E577.98618
G1 X123.794 Y126.847 E577.99778
G1 X123.912 Y127.177 E578.00944
G1 X123.95 Y127.5 E578.02026
G1 X123.911 Y127.834 E578.03144
G1 X123.771 Y128.197 E578.04438
G1 X123.569 Y128.478 E578.05589
G1 X123.302 Y128.708 E578.06761
G1 X122.992 Y128.864 E578.07916
G1 X122.687 Y128.939 E578.0896
G1 X122.299 Y128.936 E578.10251
G1 F2700 E573.10251
G0 F9000 X122.133 Y129.614
G0 X121.311 Y129.224
G0 X120.932 Y128.889
G0 X120.644 Y128.473
G0 X120.465 Y128.001
G0 X120.43 Y127.717
G0 X122.133 Y94.614
G0 X122.299 Y93.936
G1 F2700 E578.10251
G1 F1500 X122.008 Y93.864 E578.11248
G1 X121.657 Y93.68 E578.12566
G1 X121.4 Y93.443 E578.13729
G1 X121.206 Y93.153 E578.14889
G1 X121.089 Y92.834 E578.16019
G1 X121.051 Y92.5 E578.17137
G1 X121.099 Y92.13 E578.18378
G1 X121.229 Y91.803 E578.19549
G1 X121.431 Y91.522 E578.207
G1 X121.698 Y91.292 E578.21872
G1 X122.008 Y91.136 E578.23026
G1 X122.313 Y91.061 E578.24071
G1 X122.701 Y91.064 E578.25361
G1 X122.992 Y91.136 E578.26358
G1 X123.343 Y91.32 E578.27677
G1 X123.6 Y91.557 E578.28839
G1 X123.794 Y91.847 E578.3
G1 X123.912 Y92.177 E578.31165
G1 X123.95 Y92.5 E578.32247
G1 X123.911 Y92.834 E578.33366
G1 X123.771 Y93.197 E578.3466
G1 X123.569 Y93.478 E578.35811
G1 X123.302 Y93.708 E578.36983
G1 X122.992 Y93.864 E578.38137
G1 X122.7 Y93.936 E578.39137
G1 X122.299 Y93.936 E578.40471
G0 F9000 X122.133 Y94.614
G0 X122.752 Y94.58
G0 X123.759 Y94.244
G0 X123.614 Y94.079
;TYPE:FILL
G1 F3000 X119.68 Y108.76 E578.91023
G0 F9000 X119.9 Y108.76
G0 X119.9 Y109.824
G0 X119.679 Y109.824
G1 F3000 X125.319 Y115.464 E579.17552
G0 F9000 X125.1 Y115.464
G0 X125.1 Y117.25
G0 X125.318 Y117.25
G1 F3000 X119.68 Y118.761 E579.36966
G0 F9000 X119.9 Y118.761
G0 X119.9 Y121.138
G0 X119.68 Y121.138
G1 F3000 X125.319 Y126.777 E579.6349
G0 F9000 X125.1 Y126.777
G0 X125.1 Y125.532
G0 X125.319 Y125.532
G1 F3000 X123.674 Y125.973 E579.69154
G0 F9000 X123.397 Y125.799
G1 F3000 X125.319 Y118.626 E579.93853
G0 F9000 X125.1 Y118.626
G0 X125.1 Y121.121
G0 X125.319 Y121.121
G1 F3000 X119.68 Y115.481 E580.2038
G0 F9000 X119.68 Y114.619
G1 F3000 X125.318 Y113.109 E580.39793
G0 F9000 X125.1 Y113.109
G0 X125.1 Y109.807
G0 X125.319 Y109.807
G1 F3000 X119.679 Y104.167 E580.66322
G0 F9000 X119.9 Y104.167
G0 X119.9 Y102.196
G0 X119.681 Y102.196
G1 F3000 X125.319 Y100.685 E580.85735
G0 F9000 X125.1 Y100.685
G0 X125.1 Y98.493
G0 X125.319 Y98.493
G1 F3000 X119.679 Y92.853 E581.12264
G0 F9000 X119.68 Y93.306
G1 F3000 X121.054 Y88.179 E581.29918
G0 F9000 X120.664 Y88.181
G1 F3000 X123.168 Y90.685 E581.41696
G0 F9000 X123.22 Y90.473
G0 X123.689 Y90.776
G0 X123.904 Y90.966
G0 X124.457 Y91.622
G0 X124.252 Y91.699
G1 F3000 X125.195 Y88.179 E581.53817
G1 X125.319 Y88.262
G1 X119.681 Y89.773 E581.73231
G0 F9000 X119.9 Y89.773
G0 X120.465 Y93.001
G0 X120.732 Y93.707
G0 X120.914 Y93.583
G1 F3000 X119.681 Y93.914 E581.77477
G0 F9000 X119.9 Y93.914
G0 X119.9 Y98.055
G0 X119.681 Y98.055
G1 F3000 X125.318 Y96.544 E581.96887
G0 F9000 X125.1 Y96.544
G0 X125.1 Y92.836
G0 X125.319 Y92.836
G1 F3000 X124.291 Y91.808 E582.01723
G0 F9000 X124.413 Y92.646
G1 F3000 X125.318 Y92.403 E582.0484
G0 F9000 X125.1 Y92.403
G0 X124.171 Y93.74
G0 X119.9 Y98.51
G0 X119.679 Y98.51
G1 F3000 X125.319 Y104.15 E582.31368
G0 F9000 X125.319 Y104.826
G1 F3000 X119.681 Y106.337 E582.50782
G0 F9000 X119.9 Y106.337
G0 X119.9 Y110.478
G0 X119.681 Y110.478
G1 F3000 X125.319 Y108.968 E582.70195
G0 F9000 X125.1 Y108.968
G0 X125.1 Y103.171
G0 X125.319 Y103.171
G1 F3000 X119.681 Y124.214 E583.42653
G0 F9000 X119.9 Y124.214
G0 X119.9 Y122.902
G0 X119.68 Y122.902
G1 F3000 X125.319 Y121.391 E583.6207
G0 F9000 X125.1 Y121.391
G0 X121.349 Y125.639
G0 X120.519 Y126.687
G0 X120.722 Y126.764
G1 F3000 X119.681 Y127.043 E583.65655
G0 F9000 X119.68 Y126.795
G1 F3000 X120.594 Y127.709 E583.69954
G0 F9000 X120.371 Y127.734
G0 X120.644 Y128.473
G0 X120.932 Y128.889
G0 X121.311 Y129.224
G0 X122.305 Y129.641
G0 X122.305 Y129.42
G1 F3000 X124.703 Y131.818 E583.81233
G0 F9000 X124.703 Y131.6
G0 X125.1 Y129.673
G0 X125.319 Y129.673
G1 F3000 X119.681 Y131.184 E584.00647
G0 F9000 X119.9 Y131.184
G0 X121.784 Y131.6
G0 X121.784 Y131.819
G1 F3000 X122.427 Y129.42 E584.08908
G0 F9000 X122.427 Y129.941
G1 F2700 E579.08908
;MESH:NONMESH
G0 F300 X122.427 Y129.941 Z4.4
G0 F9000 X121.233 Y128.622
G0 X121.001 Y128.286
G0 X120.884 Y127.976
G0 X119.42 Y112.556
G0 X118.335 Y112.556
G0 X97.653 Y121.345
G0 X93.347 Y121.344
G0 X92.702 Y113.417
G0 X92.702 Y112.556
;TIME_ELAPSED:1067.260166
;LAYER:21
;TYPE:SUPPORT
G1 F2700 E584.08908
G1 F1511.3 X92.27 Y112.465 E584.10365
G1 F1492.5 X91.905 Y112.22 E584.11835
G1 F1507.5 X91.653 Y111.924 E584.13121
G1 F1492.5 X91.413 Y111.668 E584.14294
G1 X91.192 Y111.328 E584.1565
G1 F1485.1 X91.053 Y110.969 E584.16943
G1 F1500 X91.006 Y110.73 E584.17753
G1 F1515.2 X91.001 Y109.234 E584.22679
G1 F1522.8 X91.124 Y108.773 E584.24242
G1 F1534.5 X91.339 Y108.426 E584.25569
G1 F1507.5 X91.94 Y107.756 E584.28548
G1 F1467 X92.266 Y107.548 E584.29863
G1 F1519 X92.787 Y107.428 E584.31619
G0 F9000 X93 Y107.772
G1 F1500 X93 Y112.234 E584.4646
G1 X92.365 Y112.05 E584.48659
G1 X92.145 Y111.886 E584.49571
G1 X91.946 Y111.649 E584.506
G1 X91.688 Y111.373 E584.51857
G1 X91.558 Y111.158 E584.52693
G1 X91.4 Y110.771 E584.54083
G1 X91.401 Y109.281 E584.59039
G1 X91.506 Y108.893 E584.60376
G1 X91.654 Y108.671 E584.61263
G1 X91.862 Y108.449 E584.62275
G1 X92.179 Y108.086 E584.63878
G1 X92.373 Y107.952 E584.64662
G1 X93 Y107.772 E584.66832
G0 F9000 X92.919 Y108
G1 F1500 X92.496 Y108 E584.68239
G0 F9000 X92 Y108.413
G1 F1500 X92 Y111.59 E584.78805
G0 F9000 X92.471 Y112
G1 F1500 X92.918 Y112 E584.80292
G1 F2700 E579.80292
;MESH:Garmin_GFC500 Wheel Support - Wheel Spacer.stl
G0 F9000 X94.42 Y112
G0 X96.13 Y119.705
G0 X96.4 Y119.974
;TYPE:WALL-INNER
G1 F2700 E584.80292
G1 F1500 X96.4 Y100.025 E585.46643
G1 X94.6 Y100.025 E585.5263
G1 X94.6 Y119.974 E586.1898
G1 X96.4 Y119.974 E586.24967
G0 F9000 X96.8 Y120.374
;TYPE:WALL-OUTER
G1 F1500 X96.8 Y99.625 E586.93978
G1 X94.2 Y99.625 E587.02626
G1 X94.2 Y120.374 E587.71638
G1 X96.8 Y120.374 E587.80285
G0 F9000 X96.008 Y119.892
;TYPE:FILL
G1 F3000 X94.679 Y118.564 E587.86534
G0 F9000 X94.9 Y118.564
G0 X94.9 Y117.324
G0 X94.68 Y117.324
G1 F3000 X96.319 Y116.885 E587.92178
G0 F9000 X96.1 Y116.885
G0 X96.1 Y118.124
G0 X96.319 Y118.124
G1 F3000 X95.845 Y119.893 E587.98269
G0 F9000 X95.846 Y119.675
G0 X96.1 Y114.547
G0 X96.319 Y114.547
G1 F3000 X94.679 Y112.907 E588.05983
G0 F9000 X94.68 Y113.183
G1 F3000 X96.319 Y112.744 E588.11626
G0 F9000 X96.1 Y112.744
G0 X96.1 Y108.89
G0 X96.319 Y108.89
G1 F3000 X94.679 Y107.25 E588.1934
G0 F9000 X94.9 Y107.25
G0 X94.9 Y108.788
G0 X94.679 Y108.788
G1 F3000 X96.319 Y102.666 E588.4042
G0 F9000 X96.319 Y103.234
G1 F3000 X94.679 Y101.593 E588.48137
G0 F9000 X94.679 Y100.76
G1 F3000 X96.319 Y100.321 E588.53783
G0 F9000 X96.1 Y100.321
G0 X96.1 Y104.462
G0 X96.318 Y104.462
G1 F3000 X94.679 Y104.901 E588.59427
G0 F9000 X94.9 Y104.901
G0 X96.1 Y108.603
G0 X96.318 Y108.603
G1 F3000 X94.679 Y109.042 E588.6507
G0 F9000 X95.2 Y109.042
G1 F2700 E583.6507
G0 F9000 X96.586 Y99.839
G0 X97.665 Y99.839
G0 X118.335 Y99.839
G0 X119.42 Y99.839
G0 X122.201 Y94.631
G0 X122.272 Y94.341
;TYPE:WALL-INNER
G1 F2700 E588.6507
G1 F1500 X121.843 Y94.235 E588.6654
G1 X121.448 Y94.029 E588.68022
G1 X121.109 Y93.726 E588.69534
G1 X120.857 Y93.361 E588.71009
G1 X120.7 Y92.945 E588.72488
G1 X120.651 Y92.5 E588.73977
G1 X120.699 Y92.058 E588.75456
G1 X120.857 Y91.639 E588.76945
G1 X121.109 Y91.274 E588.78421
G1 X121.449 Y90.97 E588.79938
G1 X121.847 Y90.764 E588.81428
G1 X122.244 Y90.667 E588.82787
G1 X122.723 Y90.658 E588.84381
G1 X123.155 Y90.765 E588.85861
G1 X123.554 Y90.973 E588.87358
G1 X123.891 Y91.274 E588.8886
G1 X124.142 Y91.637 E588.90328
G1 X124.302 Y92.061 E588.91836
G1 X124.35 Y92.5 E588.93304
G1 X124.302 Y92.937 E588.94767
G1 X124.142 Y93.362 E588.96277
G1 X123.891 Y93.726 E588.97748
G1 X123.555 Y94.026 E588.99246
G1 X123.158 Y94.235 E589.00738
G1 X122.727 Y94.341 E589.02214
G1 X122.272 Y94.341 E589.03728
G1 F2700 E584.03728
G0 F9000 X122.201 Y94.631
G0 X120.404 Y127.5
G0 X120.465 Y128.001
G0 X120.644 Y128.473
G0 X120.932 Y128.889
G0 X121.273 Y129.191
G0 X122.207 Y129.632
G0 X122.278 Y129.342
G1 F2700 E589.03728
G1 F1500 X121.846 Y129.236 E589.05207
G1 X121.449 Y129.03 E589.06695
G1 X121.109 Y128.726 E589.08212
G1 X120.857 Y128.361 E589.09687
G1 X120.7 Y127.945 E589.11166
G1 X120.651 Y127.5 E589.12655
G1 X120.699 Y127.058 E589.14134
G1 X120.857 Y126.639 E589.15623
G1 X121.109 Y126.274 E589.17098
G1 X121.448 Y125.971 E589.1861
G1 X121.843 Y125.765 E589.20092
G1 X122.272 Y125.659 E589.21562
G1 X122.727 Y125.659 E589.23075
G1 X123.157 Y125.765 E589.24548
G1 X123.555 Y125.974 E589.26043
G1 X123.891 Y126.274 E589.27542
G1 X124.142 Y126.637 E589.29009
G1 X124.302 Y127.061 E589.30517
G1 X124.35 Y127.5 E589.31986
G1 X124.302 Y127.937 E589.33448
G1 X124.142 Y128.362 E589.34958
G1 X123.891 Y128.726 E589.36429
G1 X123.554 Y129.027 E589.37932
G1 X123.154 Y129.236 E589.39433
G1 X122.756 Y129.333 E589.40795
G1 X122.278 Y129.342 E589.42385
G0 F9000 X122.207 Y129.632
G0 X119.87 Y131.63
G0 X119.601 Y131.899
G1 F1500 X125.4 Y131.9 E589.61673
G1 X125.4 Y88.1 E591.07352
G1 X119.601 Y88.101 E591.2664
G1 X119.601 Y131.899 E592.72313
G0 F9000 X119.201 Y132.299
;TYPE:WALL-OUTER
G1 F1500 X125.8 Y132.3 E592.94261
G1 X125.8 Y87.7 E594.42601
G1 X119.201 Y87.701 E594.64549
G1 X119.201 Y132.299 E596.12883
G1 F2700 E591.12883
G0 F9000 X119.47 Y132.03
G0 X122.133 Y129.614
G0 X122.299 Y128.936
G1 F2700 E596.12883
G1 F1500 X122.008 Y128.864 E596.1388
G1 X121.657 Y128.68 E596.15198
G1 X121.4 Y128.443 E596.16361
G1 X121.206 Y128.153 E596.17521
G1 X121.089 Y127.834 E596.18652
G1 X121.051 Y127.5 E596.1977
G1 X121.099 Y127.13 E596.21011
G1 X121.229 Y126.803 E596.22181
G1 X121.431 Y126.522 E596.23332
G1 X121.698 Y126.292 E596.24504
G1 X122.008 Y126.136 E596.25658
G1 X122.299 Y126.064 E596.26655
G1 X122.7 Y126.064 E596.27989
G1 X122.992 Y126.136 E596.28989
G1 X123.343 Y126.32 E596.30307
G1 X123.6 Y126.557 E596.3147
G1 X123.794 Y126.847 E596.32631
G1 X123.912 Y127.177 E596.33796
G1 X123.95 Y127.5 E596.34878
G1 X123.911 Y127.834 E596.35997
G1 X123.771 Y128.197 E596.37291
G1 X123.569 Y128.478 E596.38442
G1 X123.302 Y128.708 E596.39614
G1 X122.992 Y128.864 E596.40768
G1 X122.687 Y128.939 E596.41813
G1 X122.299 Y128.936 E596.43103
G1 F2700 E591.43103
G0 F9000 X122.133 Y129.614
G0 X121.311 Y129.224
G0 X120.932 Y128.889
G0 X120.644 Y128.473
G0 X120.465 Y128.001
G0 X120.43 Y127.717
G0 X122.133 Y94.614
G0 X122.299 Y93.936
G1 F2700 E596.43103
G1 F1500 X122.008 Y93.864 E596.441
G1 X121.657 Y93.68 E596.45418
G1 X121.4 Y93.443 E596.46581
G1 X121.206 Y93.153 E596.47742
G1 X121.089 Y92.834 E596.48872
G1 X121.051 Y92.5 E596.4999
G1 X121.099 Y92.13 E596.51231
G1 X121.229 Y91.803 E596.52401
G1 X121.431 Y91.522 E596.53552
G1 X121.698 Y91.292 E596.54724
G1 X122.008 Y91.136 E596.55878
G1 X122.313 Y91.061 E596.56923
G1 X122.701 Y91.064 E596.58214
G1 X122.992 Y91.136 E596.59211
G1 X123.343 Y91.32 E596.60529
G1 X123.6 Y91.557 E596.61692
G1 X123.794 Y91.847 E596.62852
G1 X123.912 Y92.177 E596.64018
G1 X123.95 Y92.5 E596.65099
G1 X123.911 Y92.834 E596.66218
G1 X123.771 Y93.197 E596.67512
G1 X123.569 Y93.478 E596.68663
G1 X123.302 Y93.708 E596.69835
G1 X122.992 Y93.864 E596.70989
G1 X122.7 Y93.936 E596.71989
G1 X122.299 Y93.936 E596.73323
G0 F9000 X122.133 Y94.614
G0 X122.634 Y94.586
G0 X123.543 Y94.37
G0 X123.441 Y94.175
;TYPE:FILL
G1 F3000 X119.68 Y108.211 E597.21654
G0 F9000 X119.9 Y108.211
G0 X119.9 Y109.623
G0 X119.679 Y109.623
G1 F3000 X125.319 Y115.263 E597.48183
G0 F9000 X125.1 Y115.263
G0 X125.1 Y113.256
G0 X125.318 Y113.256
G1 F3000 X119.68 Y114.766 E597.67596
G0 F9000 X119.68 Y115.281
G1 F3000 X125.319 Y120.92 E597.9412
G0 F9000 X125.319 Y121.538
G1 F3000 X119.68 Y123.049 E598.13537
G0 F9000 X119.681 Y123.665
G1 F3000 X125.319 Y102.622 E598.85995
G0 F9000 X125.1 Y102.622
G0 X125.1 Y103.949
G0 X125.319 Y103.949
G1 F3000 X119.679 Y98.309 E599.12524
G1 X119.681 Y98.202
G1 X125.318 Y96.691 E599.31934
G0 F9000 X125.1 Y96.691
G0 X125.1 Y98.292
G0 X125.319 Y98.292
G1 F3000 X119.679 Y92.652 E599.58463
G1 X119.68 Y92.758
G1 X120.907 Y88.179 E599.7423
G1 X120.865 Y88.181
G1 X123.579 Y90.895 E599.86996
G0 F9000 X124.05 Y91.366
G1 F3000 X125.319 Y92.635 E599.92965
G1 X125.319 Y92.55
G1 X124.398 Y92.797 E599.96137
G0 F9000 X124.617 Y92.823
G0 X124.55 Y92.155
G0 X124.335 Y91.39
G0 X124.154 Y91.514
G1 F3000 X125.048 Y88.179 E600.0762
G0 F9000 X125.319 Y88.409
G1 F3000 X119.681 Y89.92 E600.27034
G0 F9000 X119.9 Y89.92
G0 X120.465 Y93.001
G0 X120.818 Y93.831
G0 X121 Y93.707
G1 F3000 X119.68 Y94.061 E600.3158
G0 F9000 X119.9 Y94.061
G0 X119.9 Y102.343
G0 X119.681 Y102.343
G1 F3000 X125.319 Y100.832 E600.50994
G0 F9000 X125.1 Y100.832
G0 X125.1 Y104.973
G0 X125.319 Y104.973
G1 F3000 X119.681 Y106.484 E600.70407
G0 F9000 X119.9 Y106.484
G0 X119.9 Y103.966
G0 X119.679 Y103.966
G1 F3000 X125.319 Y109.606 E600.96936
G0 F9000 X125.319 Y109.115
G1 F3000 X119.681 Y110.625 E601.16349
G0 F9000 X119.9 Y110.625
G0 X119.9 Y118.908
G0 X119.68 Y118.908
G1 F3000 X125.318 Y117.397 E601.35763
G0 F9000 X125.319 Y118.077
G1 F3000 X123.268 Y125.731 E601.62118
G0 F9000 X123.799 Y126.086
G1 F3000 X125.319 Y125.679 E601.67352
G0 F9000 X125.319 Y126.577
G1 F3000 X119.68 Y120.937 E601.93879
G0 F9000 X119.9 Y120.937
G0 X119.9 Y126.594
G0 X119.68 Y126.594
G1 F3000 X120.572 Y127.486 E601.98074
G0 F9000 X120.66 Y126.927
G1 F3000 X119.681 Y127.19 E602.01446
G0 F9000 X119.9 Y127.19
G0 X120.932 Y128.889
G0 X121.311 Y129.224
G0 X122.28 Y129.641
G0 X122.28 Y129.419
G1 F3000 X121.637 Y131.819 E602.0971
G0 F9000 X121.637 Y131.6
G0 X119.9 Y131.331
G0 X119.681 Y131.331
G1 F3000 X125.319 Y129.82 E602.29124
G0 F9000 X125.1 Y129.82
G0 X124.904 Y131.6
G0 X124.904 Y131.818
G1 F3000 X122.506 Y129.42 E602.40403
G0 F9000 X122.506 Y129.941
G1 F2700 E597.40403
;MESH:NONMESH
G0 F300 X122.506 Y129.941 Z4.6
G0 F9000 X121.233 Y128.622
G0 X121.001 Y128.286
G0 X120.871 Y127.942
G0 X119.42 Y108.216
G0 X118.335 Y108.216
G0 X97.653 Y98.772
G0 X93.347 Y98.772
G0 X92.061 Y106.689
G0 X92.325 Y108.216
;TIME_ELAPSED:1100.017085
;LAYER:22
;TYPE:SUPPORT
G1 F2700 E602.40403
G1 F1500 X93 Y107.87 E602.42926
G1 X93 Y112.155 E602.57178
G1 X92.611 Y111.939 E602.58658
G1 X92.284 Y111.739 E602.59933
G1 X92.116 Y111.539 E602.60801
G1 X91.785 Y111.188 E602.62406
G1 X91.6 Y110.731 E602.64046
G1 X91.602 Y109.303 E602.68795
G1 X91.675 Y109.033 E602.69726
G1 X91.788 Y108.827 E602.70507
G1 X92.022 Y108.571 E602.71661
G1 X92.325 Y108.216 E602.73213
G0 F9000 X92 Y108.714
G1 F1500 X92 Y111.299 E602.81811
G1 F2700 E597.81811
;MESH:Garmin_GFC500 Wheel Support - Wheel Spacer.stl
G0 F9000 X94.42 Y111.299
G0 X96.13 Y119.589
G0 X96.4 Y119.858
;TYPE:WALL-INNER
G1 F2700 E602.81811
G1 F1500 X96.4 Y100.141 E603.4739
G1 X94.6 Y100.141 E603.53377
G1 X94.6 Y119.858 E604.18956
G1 X96.4 Y119.858 E604.24943
G0 F9000 X96.8 Y120.258
;TYPE:WALL-OUTER
G1 F1500 X96.8 Y99.741 E604.93182
G1 X94.2 Y99.741 E605.0183
G1 X94.2 Y120.258 E605.7007
G1 X96.8 Y120.258 E605.78717
G0 F9000 X96.091 Y119.776
;TYPE:FILL
G1 F3000 X94.679 Y118.364 E605.85359
G0 F9000 X94.679 Y117.47
G1 F3000 X96.318 Y117.031 E605.91003
G0 F9000 X96.319 Y117.579
G1 F3000 X95.73 Y119.778 E605.98574
G0 F9000 X95.731 Y119.559
G0 X96.1 Y114.348
G0 X96.319 Y114.348
G1 F3000 X94.679 Y112.707 E606.06291
G0 F9000 X94.68 Y113.329
G1 F3000 X96.319 Y112.89 E606.11934
G0 F9000 X96.1 Y112.89
G0 X94.9 Y109.188
G0 X94.68 Y109.188
G1 F3000 X96.318 Y108.749 E606.17574
G1 X96.319 Y108.691
G1 X94.679 Y107.051 E606.25289
G0 F9000 X94.9 Y107.051
G0 X94.9 Y108.244
G0 X94.679 Y108.244
G1 F3000 X96.319 Y102.122 E606.46368
G0 F9000 X96.319 Y103.034
G1 F3000 X94.679 Y101.394 E606.54082
G0 F9000 X94.679 Y100.906
G1 F3000 X96.318 Y100.467 E606.59726
G0 F9000 X96.1 Y100.467
G0 X96.1 Y104.608
G0 X96.318 Y104.608
G1 F3000 X94.679 Y105.047 E606.65369
G0 F9000 X95.2 Y105.047
G1 F2700 E601.65369
G0 F9000 X96.586 Y99.955
G0 X97.665 Y99.955
G0 X118.335 Y99.955
G0 X119.42 Y99.955
G0 X122.201 Y94.631
G0 X122.272 Y94.341
;TYPE:WALL-INNER
G1 F2700 E606.65369
G1 F1500 X121.843 Y94.235 E606.66839
G1 X121.448 Y94.029 E606.68321
G1 X121.109 Y93.726 E606.69833
G1 X120.857 Y93.361 E606.71308
G1 X120.7 Y92.945 E606.72787
G1 X120.651 Y92.5 E606.74276
G1 X120.699 Y92.058 E606.75755
G1 X120.857 Y91.639 E606.77244
G1 X121.109 Y91.274 E606.7872
G1 X121.449 Y90.97 E606.80237
G1 X121.847 Y90.764 E606.81727
G1 X122.244 Y90.667 E606.83086
G1 X122.723 Y90.658 E606.8468
G1 X123.155 Y90.765 E606.8616
G1 X123.554 Y90.973 E606.87657
G1 X123.891 Y91.274 E606.8916
G1 X124.142 Y91.637 E606.90627
G1 X124.302 Y92.061 E606.92135
G1 X124.35 Y92.5 E606.93603
G1 X124.302 Y92.937 E606.95066
G1 X124.142 Y93.362 E606.96576
G1 X123.891 Y93.726 E606.98047
G1 X123.555 Y94.026 E606.99545
G1 X123.158 Y94.235 E607.01037
G1 X122.727 Y94.341 E607.02513
G1 X122.272 Y94.341 E607.04027
G1 F2700 E602.04027
G0 F9000 X122.201 Y94.631
G0 X120.404 Y127.5
G0 X120.465 Y128.001
G0 X120.644 Y128.473
G0 X120.932 Y128.889
G0 X121.273 Y129.191
G0 X122.207 Y129.632
G0 X122.278 Y129.342
G1 F2700 E607.04027
G1 F1500 X121.846 Y129.236 E607.05506
G1 X121.449 Y129.03 E607.06994
G1 X121.109 Y128.726 E607.08511
G1 X120.857 Y128.361 E607.09986
G1 X120.7 Y127.945 E607.11465
G1 X120.651 Y127.5 E607.12954
G1 X120.699 Y127.058 E607.14433
G1 X120.857 Y126.639 E607.15922
G1 X121.109 Y126.274 E607.17397
G1 X121.448 Y125.971 E607.18909
G1 X121.843 Y125.765 E607.20391
G1 X122.272 Y125.659 E607.21861
G1 X122.727 Y125.659 E607.23374
G1 X123.157 Y125.765 E607.24847
G1 X123.555 Y125.974 E607.26342
G1 X123.891 Y126.274 E607.27841
G1 X124.142 Y126.637 E607.29308
G1 X124.302 Y127.061 E607.30816
G1 X124.35 Y127.5 E607.32285
G1 X124.302 Y127.937 E607.33747
G1 X124.142 Y128.362 E607.35257
G1 X123.891 Y128.726 E607.36728
G1 X123.554 Y129.027 E607.38231
G1 X123.154 Y129.236 E607.39732
G1 X122.756 Y129.333 E607.41094
G1 X122.278 Y129.342 E607.42684
G0 F9000 X122.207 Y129.632
G0 X119.87 Y131.63
G0 X119.601 Y131.899
G1 F1500 X125.4 Y131.9 E607.61972
G1 X125.4 Y88.1 E609.07651
G1 X119.601 Y88.101 E609.26939
G1 X119.601 Y131.899 E610.72612
G0 F9000 X119.201 Y132.299
;TYPE:WALL-OUTER
G1 F1500 X125.8 Y132.3 E610.9456
G1 X125.8 Y87.7 E612.429
G1 X119.201 Y87.701 E612.64848
G1 X119.201 Y132.299 E614.13182
G1 F2700 E609.13182
G0 F9000 X119.47 Y132.03
G0 X122.133 Y129.614
G0 X122.299 Y128.936
G1 F2700 E614.13182
G1 F1500 X122.008 Y128.864 E614.14179
G1 X121.657 Y128.68 E614.15497
G1 X121.4 Y128.443 E614.1666
G1 X121.206 Y128.153 E614.1782
G1 X121.089 Y127.834 E614.18951
G1 X121.051 Y127.5 E614.20069
G1 X121.099 Y127.13 E614.2131
G1 X121.229 Y126.803 E614.2248
G1 X121.431 Y126.522 E614.23631
G1 X121.698 Y126.292 E614.24803
G1 X122.008 Y126.136 E614.25957
G1 X122.299 Y126.064 E614.26954
G1 X122.7 Y126.064 E614.28288
G1 X122.992 Y126.136 E614.29288
G1 X123.343 Y126.32 E614.30607
G1 X123.6 Y126.557 E614.31769
G1 X123.794 Y126.847 E614.3293
G1 X123.912 Y127.177 E614.34095
G1 X123.95 Y127.5 E614.35177
G1 X123.911 Y127.834 E614.36296
G1 X123.771 Y128.197 E614.3759
G1 X123.569 Y128.478 E614.38741
G1 X123.302 Y128.708 E614.39913
G1 X122.992 Y128.864 E614.41067
G1 X122.687 Y128.939 E614.42112
G1 X122.299 Y128.936 E614.43402
G1 F2700 E609.43402
G0 F9000 X122.133 Y129.614
G0 X121.311 Y129.224
G0 X120.932 Y128.889
G0 X120.644 Y128.473
G0 X120.465 Y128.001
G0 X120.43 Y127.717
G0 X122.133 Y94.614
G0 X122.299 Y93.936
G1 F2700 E614.43402
G1 F1500 X122.008 Y93.864 E614.44399
G1 X121.657 Y93.68 E614.45717
G1 X121.4 Y93.443 E614.4688
G1 X121.206 Y93.153 E614.48041
G1 X121.089 Y92.834 E614.49171
G1 X121.051 Y92.5 E614.50289
G1 X121.099 Y92.13 E614.5153
G1 X121.229 Y91.803 E614.527
G1 X121.431 Y91.522 E614.53851
G1 X121.698 Y91.292 E614.55023
G1 X122.008 Y91.136 E614.56177
G1 X122.313 Y91.061 E614.57222
G1 X122.701 Y91.064 E614.58513
G1 X122.992 Y91.136 E614.5951
G1 X123.343 Y91.32 E614.60828
G1 X123.6 Y91.557 E614.61991
G1 X123.794 Y91.847 E614.63151
G1 X123.912 Y92.177 E614.64317
G1 X123.95 Y92.5 E614.65398
G1 X123.911 Y92.834 E614.66517
G1 X123.771 Y93.197 E614.67811
G1 X123.569 Y93.478 E614.68962
G1 X123.302 Y93.708 E614.70134
G1 X122.992 Y93.864 E614.71288
G1 X122.7 Y93.936 E614.72289
G1 X122.299 Y93.936 E614.73622
G0 F9000 X122.133 Y94.614
G0 X123.373 Y94.46
G0 X123.271 Y94.265
;TYPE:FILL
G1 F3000 X119.68 Y107.667 E615.1977
G0 F9000 X119.9 Y107.667
G0 X119.9 Y106.63
G0 X119.681 Y106.63
G1 F3000 X125.319 Y105.119 E615.39184
G0 F9000 X125.1 Y105.119
G0 X125.1 Y103.75
G0 X125.319 Y103.75
G1 F3000 X119.679 Y98.11 E615.65713
G0 F9000 X119.681 Y98.348
G1 F3000 X125.319 Y96.837 E615.85126
G0 F9000 X125.1 Y96.837
G0 X125.1 Y98.093
G0 X125.319 Y98.093
G1 F3000 X119.679 Y92.453 E616.11655
G0 F9000 X119.68 Y92.213
G1 F3000 X120.761 Y88.179 E616.25546
G0 F9000 X121.064 Y88.181
G1 F3000 X125.319 Y92.436 E616.4556
G0 F9000 X125.318 Y92.696
G1 F3000 X124.381 Y92.947 E616.48786
G0 F9000 X124.599 Y92.973
G0 X124.541 Y92.096
G0 X124.23 Y91.239
G0 X124.049 Y91.363
G1 F3000 X124.902 Y88.179 E616.5975
G0 F9000 X125.318 Y88.555
G1 F3000 X119.681 Y90.065 E616.7916
G0 F9000 X119.9 Y90.065
G0 X120.465 Y93.001
G0 X120.567 Y93.268
G0 X120.955 Y93.991
G0 X121.101 Y93.826
G1 F3000 X119.681 Y94.207 E616.8405
G0 F9000 X119.9 Y94.207
G0 X119.9 Y102.489
G0 X119.681 Y102.489
G1 F3000 X125.319 Y100.978 E617.03463
G0 F9000 X125.1 Y100.978
G0 X125.1 Y102.078
G0 X125.319 Y102.078
G1 F3000 X119.68 Y123.12 E617.75919
G1 X119.681 Y123.194
G1 X125.319 Y121.684 E617.95332
G0 F9000 X125.319 Y120.72
G1 F3000 X119.68 Y115.081 E618.21856
G1 X119.68 Y114.912
G1 X125.318 Y113.402 E618.41269
G0 F9000 X125.1 Y113.402
G0 X125.1 Y115.063
G0 X125.319 Y115.063
G1 F3000 X119.679 Y109.424 E618.67795
G0 F9000 X119.9 Y109.424
G0 X119.9 Y110.771
G0 X119.68 Y110.771
G1 F3000 X125.318 Y109.261 E618.87208
G1 X125.319 Y109.407
G1 X119.679 Y103.767 E619.13737
G0 F9000 X119.9 Y103.767
G0 X125.1 Y117.532
G0 X125.319 Y117.532
G1 F3000 X123.136 Y125.678 E619.41787
G0 F9000 X123.925 Y126.198
G1 F3000 X125.319 Y125.825 E619.46586
G0 F9000 X125.319 Y126.377
G1 F3000 X119.68 Y120.738 E619.73111
G0 F9000 X119.9 Y120.738
G0 X119.9 Y119.053
G0 X119.681 Y119.053
G1 F3000 X125.319 Y117.543 E619.92524
G0 F9000 X125.1 Y117.543
G0 X119.9 Y126.395
G0 X119.68 Y126.395
G1 F3000 X120.591 Y127.306 E619.96809
G0 F9000 X120.613 Y127.086
G1 F3000 X119.681 Y127.336 E620.00018
G0 F9000 X119.9 Y127.336
G0 X120.932 Y128.889
G0 X121.239 Y129.161
G0 X122.09 Y129.603
G0 X122.142 Y129.389
G1 F3000 X121.491 Y131.818 E620.08382
G0 F9000 X121.491 Y131.6
G0 X119.9 Y131.477
G0 X119.68 Y131.477
G1 F3000 X125.318 Y129.966 E620.27796
G0 F9000 X125.1 Y129.966
G0 X125.104 Y131.6
G0 X125.104 Y131.818
G1 F3000 X122.705 Y129.42 E620.39078
G0 F9000 X122.705 Y129.941
G1 F2700 E615.39078
;MESH:NONMESH
G0 F300 X122.705 Y129.941 Z4.8
G0 F9000 X121.233 Y128.622
G0 X121.001 Y128.286
G0 X120.884 Y127.976
G0 X119.42 Y112.204
G0 X118.335 Y112.204
G0 X97.653 Y121.112
G0 X93.347 Y121.111
G0 X92.809 Y113.08
G0 X93.071 Y112.204
;TIME_ELAPSED:1131.673457
;LAYER:23
;TYPE:SUPPORT
G1 F2700 E620.39078
G1 F1754.4 X93.049 Y112.24 E620.39198
G1 X92.987 Y112.204 E620.39402
G1 X93.049 Y112.168 E620.39605
G0 F9000 X92.837 Y111.882
G1 F1500 X92.443 Y111.625 E620.4117
G1 X92.209 Y111.339 E620.42399
G1 X91.955 Y111.074 E620.4362
G1 X91.805 Y110.706 E620.44942
G1 X91.802 Y109.388 E620.49325
G1 X91.864 Y109.1 E620.50305
G1 X91.945 Y108.951 E620.50869
G1 X92.147 Y108.731 E620.51863
G1 X92.454 Y108.371 E620.53436
G1 X92.842 Y108.112 E620.54988
G1 X93 Y108.196 E620.55583
G1 X93 Y111.811 E620.67607
G1 X92.837 Y111.882 E620.68198
G0 F9000 X92 Y110.972
G1 F1500 X92 Y109.008 E620.7473
G1 F2700 E615.7473
;MESH:Garmin_GFC500 Wheel Support - Wheel Spacer.stl
G0 F9000 X94.42 Y109.008
G0 X96.13 Y119.472
G0 X96.4 Y119.741
;TYPE:WALL-INNER
G1 F2700 E620.7473
G1 F1500 X96.4 Y100.258 E621.39531
G1 X94.6 Y100.258 E621.45518
G1 X94.6 Y119.741 E622.10319
G1 X96.4 Y119.741 E622.16305
G0 F9000 X96.8 Y120.141
;TYPE:WALL-OUTER
G1 F1500 X96.8 Y99.858 E622.83767
G1 X94.2 Y99.858 E622.92415
G1 X94.2 Y120.141 E623.59876
G1 X96.8 Y120.141 E623.68524
G0 F9000 X96.175 Y119.66
;TYPE:FILL
G1 F3000 X94.679 Y118.163 E623.75563
G0 F9000 X94.679 Y117.617
G1 F3000 X96.319 Y117.178 E623.81209
G1 X96.319 Y117.029
G1 X95.614 Y119.661 E623.90272
G0 F9000 X95.615 Y119.442
G0 X96.1 Y114.147
G0 X96.319 Y114.147
G1 F3000 X94.679 Y112.507 E623.97986
G0 F9000 X94.68 Y113.476
G1 F3000 X96.319 Y113.037 E624.0363
G0 F9000 X96.1 Y113.037
G0 X94.9 Y109.335
G0 X94.68 Y109.335
G1 F3000 X96.318 Y108.896 E624.0927
G0 F9000 X96.319 Y108.49
G1 F3000 X94.679 Y106.85 E624.16984
G0 F9000 X94.679 Y107.693
G1 F3000 X96.319 Y101.574 E624.38054
G0 F9000 X96.318 Y100.614
G1 F3000 X94.679 Y101.053 E624.43698
G1 X94.679 Y101.193
G1 X96.319 Y102.833 E624.51412
G0 F9000 X96.1 Y102.833
G0 X96.1 Y104.755
G0 X96.318 Y104.755
G1 F3000 X94.68 Y105.194 E624.57052
G0 F9000 X95.2 Y105.194
G1 F2700 E619.57052
G0 F9000 X96.586 Y100.072
G0 X97.665 Y100.072
G0 X118.335 Y100.072
G0 X119.42 Y100.072
G0 X122.201 Y94.631
G0 X122.272 Y94.341
;TYPE:WALL-INNER
G1 F2700 E624.57052
G1 F1500 X121.843 Y94.235 E624.58522
G1 X121.448 Y94.029 E624.60004
G1 X121.109 Y93.726 E624.61516
G1 X120.857 Y93.361 E624.62991
G1 X120.7 Y92.945 E624.6447
G1 X120.651 Y92.5 E624.65959
G1 X120.699 Y92.058 E624.67438
G1 X120.857 Y91.638 E624.6893
G1 X121.109 Y91.274 E624.70403
G1 X121.449 Y90.97 E624.7192
G1 X121.847 Y90.764 E624.7341
G1 X122.244 Y90.667 E624.74769
G1 X122.723 Y90.658 E624.76363
G1 X123.155 Y90.765 E624.77843
G1 X123.554 Y90.973 E624.7934
G1 X123.891 Y91.274 E624.80843
G1 X124.142 Y91.637 E624.8231
G1 X124.302 Y92.061 E624.83818
G1 X124.35 Y92.5 E624.85287
G1 X124.302 Y92.937 E624.86749
G1 X124.142 Y93.362 E624.88259
G1 X123.891 Y93.726 E624.8973
G1 X123.555 Y94.026 E624.91228
G1 X123.158 Y94.235 E624.9272
G1 X122.727 Y94.341 E624.94196
G1 X122.272 Y94.341 E624.9571
G1 F2700 E619.9571
G0 F9000 X122.201 Y94.631
G0 X120.404 Y127.5
G0 X120.465 Y128.001
G0 X120.644 Y128.473
G0 X120.932 Y128.889
G0 X121.273 Y129.191
G0 X122.207 Y129.632
G0 X122.278 Y129.342
G1 F2700 E624.9571
G1 F1500 X121.846 Y129.236 E624.97189
G1 X121.449 Y129.03 E624.98677
G1 X121.109 Y128.726 E625.00194
G1 X120.857 Y128.361 E625.01669
G1 X120.7 Y127.945 E625.03148
G1 X120.651 Y127.5 E625.04637
G1 X120.699 Y127.058 E625.06116
G1 X120.857 Y126.639 E625.07605
G1 X121.109 Y126.274 E625.0908
G1 X121.448 Y125.971 E625.10592
G1 X121.843 Y125.765 E625.12074
G1 X122.272 Y125.659 E625.13544
G1 X122.727 Y125.659 E625.15057
G1 X123.157 Y125.765 E625.1653
G1 X123.555 Y125.974 E625.18025
G1 X123.891 Y126.274 E625.19524
G1 X124.142 Y126.637 E625.20991
G1 X124.302 Y127.061 E625.22499
G1 X124.35 Y127.5 E625.23968
G1 X124.302 Y127.937 E625.2543
G1 X124.142 Y128.362 E625.2694
G1 X123.891 Y128.726 E625.28411
G1 X123.554 Y129.027 E625.29914
G1 X123.154 Y129.236 E625.31415
G1 X122.756 Y129.333 E625.32777
G1 X122.278 Y129.342 E625.34367
G0 F9000 X122.207 Y129.632
G0 X119.87 Y131.63
G0 X119.601 Y131.899
G1 F1500 X125.4 Y131.9 E625.53655
G1 X125.4 Y88.1 E626.99334
G1 X119.601 Y88.101 E627.18622
G1 X119.601 Y131.899 E628.64295
G0 F9000 X119.201 Y132.299
;TYPE:WALL-OUTER
G1 F1500 X125.8 Y132.3 E628.86243
G1 X125.8 Y87.7 E630.34583
G1 X119.201 Y87.701 E630.56532
G1 X119.201 Y132.299 E632.04865
G1 F2700 E627.04865
G0 F9000 X119.47 Y132.03
G0 X122.133 Y129.614
G0 X122.299 Y128.936
G1 F2700 E632.04865
G1 F1500 X122.008 Y128.864 E632.05862
G1 X121.657 Y128.68 E632.0718
G1 X121.4 Y128.443 E632.08343
G1 X121.206 Y128.153 E632.09503
G1 X121.089 Y127.834 E632.10634
G1 X121.051 Y127.5 E632.11752
G1 X121.099 Y127.13 E632.12993
G1 X121.229 Y126.803 E632.14163
G1 X121.431 Y126.522 E632.15314
G1 X121.698 Y126.292 E632.16486
G1 X122.008 Y126.136 E632.1764
G1 X122.299 Y126.064 E632.18637
G1 X122.7 Y126.064 E632.19971
G1 X122.992 Y126.136 E632.20971
G1 X123.343 Y126.32 E632.2229
G1 X123.6 Y126.557 E632.23452
G1 X123.794 Y126.847 E632.24613
G1 X123.912 Y127.177 E632.25778
G1 X123.95 Y127.5 E632.2686
G1 X123.911 Y127.834 E632.27979
G1 X123.771 Y128.197 E632.29273
G1 X123.569 Y128.478 E632.30424
G1 X123.302 Y128.708 E632.31596
G1 X122.992 Y128.864 E632.3275
G1 X122.687 Y128.939 E632.33795
G1 X122.299 Y128.936 E632.35085
G1 F2700 E627.35085
G0 F9000 X122.133 Y129.614
G0 X121.311 Y129.224
G0 X120.932 Y128.889
G0 X120.644 Y128.473
G0 X120.465 Y128.001
G0 X120.43 Y127.717
G0 X122.133 Y94.614
G0 X122.299 Y93.936
G1 F2700 E632.35085
G1 F1500 X122.008 Y93.864 E632.36082
G1 X121.657 Y93.68 E632.374
G1 X121.4 Y93.443 E632.38563
G1 X121.206 Y93.153 E632.39724
G1 X121.089 Y92.834 E632.40854
G1 X121.051 Y92.5 E632.41972
G1 X121.099 Y92.13 E632.43213
G1 X121.229 Y91.803 E632.44383
G1 X121.431 Y91.522 E632.45534
G1 X121.698 Y91.292 E632.46706
G1 X122.008 Y91.136 E632.4786
G1 X122.313 Y91.061 E632.48905
G1 X122.701 Y91.064 E632.50196
G1 X122.992 Y91.136 E632.51193
G1 X123.343 Y91.32 E632.52511
G1 X123.6 Y91.557 E632.53674
G1 X123.794 Y91.847 E632.54834
G1 X123.912 Y92.177 E632.56
G1 X123.95 Y92.5 E632.57081
G1 X123.911 Y92.834 E632.582
G1 X123.771 Y93.197 E632.59494
G1 X123.569 Y93.478 E632.60645
G1 X123.302 Y93.708 E632.61817
G1 X122.992 Y93.864 E632.62971
G1 X122.7 Y93.936 E632.63972
G1 X122.299 Y93.936 E632.65305
G0 F9000 X121.656 Y94.229
;TYPE:FILL
G1 F3000 X125.319 Y97.892 E632.82535
G0 F9000 X125.319 Y96.984
G1 F3000 X119.681 Y98.495 E633.01949
G0 F9000 X119.679 Y97.909
G1 F3000 X125.319 Y103.549 E633.28478
G0 F9000 X125.1 Y103.549
G0 X125.1 Y105.266
G0 X125.319 Y105.266
G1 F3000 X119.681 Y106.777 E633.47891
G0 F9000 X119.68 Y107.118
G1 F3000 X123.107 Y94.327 E633.91935
G0 F9000 X123.159 Y94.543
G0 X123.689 Y94.224
G0 X123.996 Y93.952
G0 X124.528 Y93.189
G0 X124.322 Y93.11
G1 F3000 X125.318 Y92.843 E633.95365
G0 F9000 X125.319 Y92.235
G1 F3000 X121.265 Y88.181 E634.14433
G0 F9000 X120.614 Y88.179
G1 F3000 X119.68 Y91.664 E634.26434
G0 F9000 X119.679 Y92.252
G1 F3000 X120.759 Y93.332 E634.31514
G0 F9000 X121.228 Y93.939
G1 F3000 X119.681 Y94.354 E634.36841
G0 F9000 X119.9 Y94.354
G0 X119.9 Y90.213
G0 X119.68 Y90.213
G1 F3000 X125.319 Y88.702 E634.56258
G0 F9000 X124.755 Y88.179
G1 F3000 X123.942 Y91.211 E634.66699
G0 F9000 X124.088 Y91.047
G0 X124.356 Y91.527
G0 X124.535 Y91.999
G0 X125.1 Y101.125
G0 X125.319 Y101.125
G1 F3000 X119.681 Y102.636 E634.86112
G0 F9000 X119.679 Y103.566
G1 F3000 X125.319 Y109.206 E635.12641
G0 F9000 X125.319 Y109.408
G1 F3000 X119.68 Y110.918 E635.32057
G0 F9000 X119.9 Y110.918
G0 X119.9 Y109.223
G0 X119.679 Y109.223
G1 F3000 X125.319 Y114.863 E635.58586
G0 F9000 X125.1 Y114.863
G0 X125.1 Y113.549
G0 X125.318 Y113.549
G1 F3000 X119.68 Y115.059 E635.77999
G1 X119.68 Y114.88
G1 X125.319 Y120.519 E636.04523
G0 F9000 X125.1 Y120.519
G0 X125.1 Y121.831
G0 X125.319 Y121.831
G1 F3000 X119.681 Y123.341 E636.23936
G0 F9000 X119.68 Y122.572
G1 F3000 X125.319 Y101.529 E636.96395
G0 F9000 X125.1 Y101.529
G0 X125.1 Y116.984
G0 X125.319 Y116.984
G1 F3000 X122.998 Y125.644 E637.26215
G0 F9000 X123.05 Y125.431
G0 X123.568 Y125.71
G0 X124.201 Y126.196
G0 X124.018 Y126.321
G1 F3000 X125.319 Y125.972 E637.30695
G0 F9000 X125.319 Y126.176
G1 F3000 X119.68 Y120.537 E637.57219
G0 F9000 X119.9 Y120.537
G0 X119.9 Y119.201
G0 X119.68 Y119.201
G1 F3000 X125.319 Y117.69 E637.76636
G0 F9000 X125.1 Y117.69
G0 X119.9 Y126.194
G0 X119.68 Y126.194
G1 F3000 X120.61 Y127.124 E637.81011
G1 X120.597 Y127.237
G1 X119.681 Y127.483 E637.84165
G0 F9000 X119.9 Y127.483
G0 X120.932 Y128.889
G0 X121.239 Y129.161
G0 X121.952 Y129.57
G0 X122.004 Y129.355
G1 F3000 X121.344 Y131.818 E637.92646
G0 F9000 X121.344 Y131.6
G0 X119.9 Y131.624
G0 X119.68 Y131.624
G1 F3000 X125.319 Y130.113 E638.12063
G0 F9000 X125.1 Y130.113
G0 X125.13 Y131.63
G0 X125.304 Y131.818
G1 F3000 X122.871 Y129.385 E638.23507
G0 F9000 X122.994 Y129.892
G1 F2700 E633.23507
;MESH:NONMESH
G0 F300 X122.994 Y129.892 Z5
G0 F9000 X123.999 Y128.286
G0 X124.143 Y127.904
G0 X124.193 Y127.5
G0 X119.42 Y108.321
G0 X118.335 Y108.321
G0 X97.653 Y99.005
G0 X93.347 Y99.005
G0 X92.286 Y107.263
G0 X92.82 Y108.321
;TIME_ELAPSED:1163.321723
;LAYER:24
;TYPE:SUPPORT
G1 F2700 E638.23507
G1 F1500 X93 Y108.4 E638.24161
G1 X93 Y111.599 E638.34801
G1 X92.829 Y111.68 E638.3543
G1 X92.564 Y111.458 E638.3658
G1 X92.107 Y110.919 E638.38931
G1 X92 Y110.658 E638.39869
G1 X92.002 Y109.385 E638.44103
G1 X92.068 Y109.103 E638.45066
G1 X92.286 Y108.873 E638.4612
G1 X92.572 Y108.539 E638.47583
G1 X92.82 Y108.321 E638.48681
G1 F2700 E633.48681
;MESH:Garmin_GFC500 Wheel Support - Wheel Spacer.stl
G0 F9000 X94.42 Y108.321
G0 X96.13 Y119.356
G0 X96.4 Y119.625
;TYPE:WALL-INNER
G1 F2700 E638.48681
G1 F1500 X96.4 Y100.374 E639.1271
G1 X94.6 Y100.374 E639.18697
G1 X94.6 Y119.625 E639.82726
G1 X96.4 Y119.625 E639.88713
G0 F9000 X96.8 Y120.025
;TYPE:WALL-OUTER
G1 F1500 X96.8 Y99.974 E640.55402
G1 X94.2 Y99.974 E640.6405
G1 X94.2 Y120.025 E641.3074
G1 X96.8 Y120.025 E641.39388
G0 F9000 X96.259 Y119.544
;TYPE:FILL
G1 F3000 X94.679 Y117.964 E641.46819
G0 F9000 X94.679 Y117.763
G1 F3000 X96.318 Y117.324 E641.52463
G0 F9000 X96.319 Y116.485
G1 F3000 X95.499 Y119.544 E641.62996
G0 F9000 X95.5 Y119.326
G0 X96.1 Y113.948
G0 X96.319 Y113.948
G1 F3000 X94.679 Y112.307 E641.70713
G0 F9000 X94.9 Y112.307
G0 X94.9 Y113.622
G0 X94.679 Y113.622
G1 F3000 X96.319 Y113.183 E641.7636
G0 F9000 X96.1 Y113.183
G0 X94.9 Y109.481
G0 X94.68 Y109.481
G1 F3000 X96.319 Y109.042 E641.82003
G0 F9000 X96.319 Y108.291
G1 F3000 X94.679 Y106.65 E641.89719
G0 F9000 X94.679 Y107.148
G1 F3000 X96.319 Y101.029 E642.1079
G0 F9000 X96.318 Y100.76
G1 F3000 X94.68 Y101.199 E642.1643
G0 F9000 X94.679 Y100.993
G1 F3000 X96.319 Y102.634 E642.24146
G0 F9000 X96.1 Y102.634
G0 X96.1 Y104.901
G0 X96.318 Y104.901
G1 F3000 X94.68 Y105.34 E642.29787
G0 F9000 X95.2 Y105.34
G1 F2700 E637.29787
G0 F9000 X96.586 Y100.188
G0 X97.665 Y100.188
G0 X118.335 Y100.188
G0 X119.42 Y100.188
G0 X122.201 Y94.631
G0 X122.272 Y94.341
;TYPE:WALL-INNER
G1 F2700 E642.29787
G1 F1500 X121.843 Y94.235 E642.31256
G1 X121.448 Y94.029 E642.32738
G1 X121.109 Y93.726 E642.3425
G1 X120.857 Y93.361 E642.35726
G1 X120.7 Y92.945 E642.37204
G1 X120.651 Y92.5 E642.38693
G1 X120.699 Y92.058 E642.40172
G1 X120.857 Y91.639 E642.41662
G1 X121.109 Y91.274 E642.43137
G1 X121.449 Y90.97 E642.44654
G1 X121.847 Y90.764 E642.46144
G1 X122.244 Y90.667 E642.47504
G1 X122.723 Y90.658 E642.49097
G1 X123.155 Y90.765 E642.50577
G1 X123.554 Y90.973 E642.52074
G1 X123.891 Y91.274 E642.53577
G1 X124.142 Y91.637 E642.55045
G1 X124.302 Y92.061 E642.56552
G1 X124.35 Y92.5 E642.58021
G1 X124.302 Y92.937 E642.59483
G1 X124.142 Y93.362 E642.60993
G1 X123.891 Y93.726 E642.62464
G1 X123.555 Y94.026 E642.63962
G1 X123.157 Y94.235 E642.65457
G1 X122.727 Y94.341 E642.6693
G1 X122.272 Y94.341 E642.68444
G1 F2700 E637.68444
G0 F9000 X122.201 Y94.631
G0 X120.404 Y127.5
G0 X120.465 Y128.001
G0 X120.644 Y128.473
G0 X120.932 Y128.889
G0 X121.273 Y129.191
G0 X122.207 Y129.632
G0 X122.278 Y129.342
G1 F2700 E642.68444
G1 F1500 X121.846 Y129.236 E642.69923
G1 X121.449 Y129.03 E642.71411
G1 X121.109 Y128.726 E642.72928
G1 X120.857 Y128.361 E642.74403
G1 X120.7 Y127.945 E642.75882
G1 X120.651 Y127.5 E642.77371
G1 X120.699 Y127.058 E642.7885
G1 X120.857 Y126.639 E642.80339
G1 X121.109 Y126.274 E642.81814
G1 X121.448 Y125.971 E642.83326
G1 X121.843 Y125.765 E642.84808
G1 X122.272 Y125.659 E642.86278
G1 X122.727 Y125.659 E642.87791
G1 X123.157 Y125.765 E642.89264
G1 X123.555 Y125.974 E642.90759
G1 X123.891 Y126.274 E642.92258
G1 X124.142 Y126.637 E642.93725
G1 X124.302 Y127.061 E642.95233
G1 X124.35 Y127.5 E642.96702
G1 X124.302 Y127.937 E642.98164
G1 X124.142 Y128.362 E642.99674
G1 X123.891 Y128.726 E643.01145
G1 X123.554 Y129.027 E643.02648
G1 X123.154 Y129.236 E643.04149
G1 X122.756 Y129.333 E643.05511
G1 X122.278 Y129.342 E643.07101
G0 F9000 X122.207 Y129.632
G0 X119.87 Y131.63
G0 X119.601 Y131.899
G1 F1500 X125.4 Y131.9 E643.26389
G1 X125.4 Y88.1 E644.72068
G1 X119.601 Y88.101 E644.91356
G1 X119.601 Y131.899 E646.37029
G0 F9000 X119.201 Y132.299
;TYPE:WALL-OUTER
G1 F1500 X125.8 Y132.3 E646.58977
G1 X125.8 Y87.7 E648.07317
G1 X119.201 Y87.701 E648.29265
G1 X119.201 Y132.299 E649.77599
G1 F2700 E644.77599
G0 F9000 X119.47 Y132.03
G0 X122.133 Y129.614
G0 X122.299 Y128.936
G1 F2700 E649.77599
G1 F1500 X122.008 Y128.864 E649.78596
G1 X121.657 Y128.68 E649.79914
G1 X121.4 Y128.443 E649.81077
G1 X121.206 Y128.153 E649.82237
G1 X121.089 Y127.834 E649.83368
G1 X121.051 Y127.5 E649.84486
G1 X121.099 Y127.13 E649.85727
G1 X121.229 Y126.803 E649.86897
G1 X121.431 Y126.522 E649.88048
G1 X121.698 Y126.292 E649.8922
G1 X122.008 Y126.136 E649.90374
G1 X122.299 Y126.064 E649.91371
G1 X122.7 Y126.064 E649.92705
G1 X122.992 Y126.136 E649.93705
G1 X123.343 Y126.32 E649.95023
G1 X123.6 Y126.557 E649.96186
G1 X123.794 Y126.847 E649.97347
G1 X123.912 Y127.177 E649.98512
G1 X123.95 Y127.5 E649.99594
G1 X123.911 Y127.834 E650.00713
G1 X123.771 Y128.197 E650.02007
G1 X123.569 Y128.478 E650.03158
G1 X123.302 Y128.708 E650.0433
G1 X122.992 Y128.864 E650.05484
G1 X122.687 Y128.939 E650.06529
G1 X122.299 Y128.936 E650.07819
G1 F2700 E645.07819
G0 F9000 X122.133 Y129.614
G0 X121.311 Y129.224
G0 X120.932 Y128.889
G0 X120.644 Y128.473
G0 X120.465 Y128.001
G0 X120.43 Y127.717
G0 X122.133 Y94.614
G0 X122.299 Y93.936
G1 F2700 E650.07819
G1 F1500 X122.008 Y93.864 E650.08816
G1 X121.657 Y93.68 E650.10134
G1 X121.4 Y93.443 E650.11297
G1 X121.206 Y93.153 E650.12458
G1 X121.089 Y92.834 E650.13588
G1 X121.051 Y92.5 E650.14706
G1 X121.099 Y92.13 E650.15947
G1 X121.229 Y91.803 E650.17117
G1 X121.431 Y91.522 E650.18268
G1 X121.698 Y91.292 E650.1944
G1 X122.008 Y91.136 E650.20594
G1 X122.313 Y91.061 E650.21639
G1 X122.701 Y91.064 E650.2293
G1 X122.992 Y91.136 E650.23927
G1 X123.343 Y91.32 E650.25245
G1 X123.6 Y91.557 E650.26408
G1 X123.794 Y91.847 E650.27568
G1 X123.912 Y92.177 E650.28734
G1 X123.95 Y92.5 E650.29815
G1 X123.911 Y92.834 E650.30934
G1 X123.771 Y93.197 E650.32228
G1 X123.569 Y93.478 E650.33379
G1 X123.302 Y93.708 E650.34551
G1 X122.992 Y93.864 E650.35705
G1 X122.7 Y93.936 E650.36705
G1 X122.299 Y93.936 E650.38039
G0 F9000 X121.977 Y94.35
;TYPE:FILL
G1 F3000 X125.319 Y97.693 E650.53761
G0 F9000 X125.319 Y97.13
G1 F3000 X119.681 Y98.641 E650.73175
G0 F9000 X119.679 Y97.71
G1 F3000 X125.319 Y103.35 E650.99704
G0 F9000 X125.1 Y103.35
G0 X125.1 Y105.412
G0 X125.319 Y105.412
G1 F3000 X119.68 Y106.923 E651.19121
G0 F9000 X119.68 Y106.574
G1 F3000 X122.951 Y94.365 E651.6116
G0 F9000 X123.003 Y94.582
G0 X122.248 Y94.58
G0 X121.969 Y94.512
G0 X121.208 Y94.215
G0 X121.353 Y94.052
G1 F3000 X119.681 Y94.5 E651.66918
G0 F9000 X119.9 Y94.5
G0 X120.433 Y93.088
G0 X120.638 Y93.011
G1 F3000 X119.679 Y92.053 E651.71426
G0 F9000 X119.68 Y91.119
G1 F3000 X120.468 Y88.18 E651.81547
G0 F9000 X121.464 Y88.181
G1 F3000 X125.319 Y92.036 E651.99679
G0 F9000 X125.319 Y92.989
G1 F3000 X124.26 Y93.273 E652.03326
G0 F9000 X124.466 Y93.352
G0 X124.596 Y92.5
G0 X124.535 Y91.999
G0 X124.433 Y91.732
G0 X123.97 Y90.943
G0 X123.825 Y91.106
G1 F3000 X124.609 Y88.178 E652.13408
G0 F9000 X125.318 Y88.848
G1 F3000 X119.681 Y90.359 E652.32818
G0 F9000 X119.9 Y90.359
G0 X120.465 Y93.001
G0 X120.567 Y93.268
G0 X125.1 Y100.984
G0 X125.319 Y100.984
G1 F3000 X119.68 Y122.027 E653.05277
G0 F9000 X119.9 Y122.027
G0 X119.9 Y123.488
G0 X119.681 Y123.488
G1 F3000 X125.319 Y121.977 E653.24691
G0 F9000 X125.1 Y121.977
G0 X125.1 Y120.32
G0 X125.319 Y120.32
G1 F3000 X119.68 Y114.681 E653.51215
G0 F9000 X119.681 Y115.205
G1 F3000 X125.319 Y113.694 E653.70629
G0 F9000 X125.319 Y114.663
G1 F3000 X119.679 Y109.023 E653.97158
G0 F9000 X119.9 Y109.023
G0 X119.9 Y111.064
G0 X119.68 Y111.064
G1 F3000 X125.318 Y109.554 E654.16571
G0 F9000 X125.319 Y109.006
G1 F3000 X119.679 Y103.366 E654.43099
G0 F9000 X119.681 Y102.782
G1 F3000 X125.319 Y101.271 E654.62513
G0 F9000 X125.1 Y101.271
G0 X125.1 Y116.438
G0 X125.319 Y116.438
G1 F3000 X122.861 Y125.611 E654.94099
G0 F9000 X122.913 Y125.397
G0 X123.611 Y125.738
G0 X124.286 Y126.319
G0 X124.103 Y126.444
G1 F3000 X125.318 Y126.118 E654.98283
G1 X125.319 Y125.977
G1 X119.68 Y120.338 E655.24807
G0 F9000 X119.681 Y119.346
G1 F3000 X125.319 Y117.836 E655.4422
G0 F9000 X125.1 Y117.836
G0 X119.9 Y125.995
G0 X119.68 Y125.995
G1 F3000 X120.648 Y126.963 E655.48773
G0 F9000 X120.581 Y127.387
G1 F3000 X119.68 Y127.629 E655.51876
G0 F9000 X119.9 Y127.629
G0 X120.932 Y128.889
G0 X121.147 Y129.079
G0 X121.815 Y129.536
G0 X121.867 Y129.322
G1 F3000 X121.198 Y131.819 E655.60474
G0 F9000 X121.198 Y131.6
G0 X119.846 Y131.6
G0 X119.846 Y131.818
G1 F3000 X119.68 Y131.651 E655.61258
G1 X119.68 Y131.77
G1 X125.318 Y130.259 E655.80671
G0 F9000 X125.1 Y130.259
G0 X125.1 Y131.634
G0 X125.319 Y131.634
G1 F3000 X123.032 Y129.346 E655.91431
G0 F9000 X123.155 Y129.853
G1 F2700 E650.91431
;MESH:NONMESH
G0 F300 X123.155 Y129.853 Z5.2
G0 F9000 X123.999 Y128.286
G0 X124.143 Y127.904
G0 X124.193 Y127.5
G0 X119.42 Y108.576
G0 X118.335 Y108.576
G0 X97.653 Y99.121
G0 X93.347 Y99.121
G0 X93.355 Y107.427
G0 X92.804 Y108.576
;TIME_ELAPSED:1194.843856
;LAYER:25
;TYPE:SUPPORT
G1 F2700 E655.91431
G1 F1500 X93 Y108.648 E655.92126
G1 X93 Y111.372 E656.01186
G1 X92.801 Y111.443 E656.01888
G1 X92.417 Y110.969 E656.03917
G1 X92.287 Y110.831 E656.04548
G1 X92.2 Y110.621 E656.05304
G1 X92.2 Y109.412 E656.09325
G1 X92.25 Y109.202 E656.10043
G1 X92.443 Y109.002 E656.10967
G1 X92.804 Y108.576 E656.12825
G1 F2700 E651.12825
;MESH:Garmin_GFC500 Wheel Support - Wheel Spacer.stl
G0 F9000 X94.42 Y108.576
G0 X94.737 Y111.309
G0 X96.13 Y119.239
G0 X96.4 Y119.508
;TYPE:WALL-INNER
G1 F2700 E656.12825
G1 F1500 X96.4 Y100.491 E656.76075
G1 X94.6 Y100.491 E656.82062
G1 X94.6 Y119.508 E657.45313
G1 X96.4 Y119.508 E657.513
G0 F9000 X96.8 Y119.908
;TYPE:WALL-OUTER
G1 F1500 X96.8 Y100.091 E658.17212
G1 X94.2 Y100.091 E658.25859
G1 X94.2 Y119.908 E658.91771
G1 X96.8 Y119.908 E659.00418
G0 F9000 X96.32 Y119.406
;TYPE:FILL
G1 F3000 X94.68 Y117.765 E659.08135
G1 X94.679 Y117.909
G1 X96.318 Y117.47 E659.13778
G0 F9000 X96.1 Y117.47
G0 X96.1 Y115.938
G0 X96.319 Y115.938
G1 F3000 X95.384 Y119.427 E659.25792
G0 F9000 X95.385 Y119.209
G0 X94.9 Y113.768
G0 X94.679 Y113.768
G1 F3000 X96.318 Y113.329 E659.31436
G0 F9000 X96.32 Y113.749
G1 F3000 X94.68 Y112.108 E659.39152
G0 F9000 X94.9 Y112.108
G0 X96.228 Y111.613
G0 X96.228 Y108.387
G0 X96.1 Y108.091
G0 X96.319 Y108.091
G1 F3000 X94.679 Y106.451 E659.46866
G1 X94.679 Y106.605
G1 X96.296 Y100.569 E659.6765
G0 F9000 X96.319 Y100.905
G1 F3000 X94.68 Y101.345 E659.73294
G0 F9000 X94.679 Y100.794
G1 F3000 X96.319 Y102.435 E659.81011
G0 F9000 X96.1 Y102.435
G0 X96.1 Y105.047
G0 X96.319 Y105.047
G1 F3000 X94.68 Y105.486 E659.86654
G0 F9000 X94.9 Y105.486
G0 X95.5 Y108.315
G0 X95.5 Y108.995
;TYPE:SKIN
G1 F882.4 X95.5 Y111.005 E659.98019
G0 F9000 X96.04 Y111.545
G1 F1500 X96.04 Y108.455 E660.08297
G1 X94.96 Y108.455 E660.11889
G1 X94.96 Y111.545 E660.22166
G1 X96.04 Y111.545 E660.25758
G0 F9000 X95.8 Y111.985
G1 F2700 E655.25758
G0 F9000 X96.586 Y119.695
G0 X97.665 Y119.695
G0 X118.335 Y119.695
G0 X119.42 Y119.695
G0 X119.87 Y131.63
G0 X119.601 Y131.899
;TYPE:WALL-INNER
G1 F2700 E660.25758
G1 F1500 X125.4 Y131.9 E660.45046
G1 X125.4 Y88.1 E661.90725
G1 X119.601 Y88.101 E662.10013
G1 X119.601 Y131.899 E663.55685
G0 F9000 X119.87 Y131.63
G0 X122.207 Y129.632
G0 X122.278 Y129.342
G1 F1500 X121.846 Y129.236 E663.57165
G1 X121.449 Y129.03 E663.58652
G1 X121.109 Y128.726 E663.60169
G1 X120.857 Y128.361 E663.61645
G1 X120.7 Y127.945 E663.63123
G1 X120.651 Y127.5 E663.64612
G1 X120.699 Y127.058 E663.66091
G1 X120.857 Y126.639 E663.67581
G1 X121.109 Y126.274 E663.69056
G1 X121.448 Y125.971 E663.70568
G1 X121.843 Y125.765 E663.7205
G1 X122.272 Y125.659 E663.7352
G1 X122.727 Y125.659 E663.75033
G1 X123.157 Y125.765 E663.76506
G1 X123.555 Y125.974 E663.78001
G1 X123.891 Y126.274 E663.79499
G1 X124.142 Y126.637 E663.80967
G1 X124.302 Y127.061 E663.82474
G1 X124.35 Y127.5 E663.83943
G1 X124.302 Y127.937 E663.85405
G1 X124.142 Y128.362 E663.86916
G1 X123.891 Y128.726 E663.88386
G1 X123.554 Y129.027 E663.89889
G1 X123.154 Y129.236 E663.9139
G1 X122.756 Y129.333 E663.92753
G1 X122.278 Y129.342 E663.94343
G1 F2700 E658.94343
G0 F9000 X122.207 Y129.632
G0 X121.311 Y129.224
G0 X120.932 Y128.889
G0 X120.644 Y128.473
G0 X120.465 Y128.001
G0 X120.43 Y127.717
G0 X122.201 Y94.631
G0 X122.272 Y94.341
G1 F2700 E663.94343
G1 F1500 X121.843 Y94.235 E663.95813
G1 X121.448 Y94.029 E663.97294
G1 X121.109 Y93.726 E663.98807
G1 X120.857 Y93.361 E664.00282
G1 X120.7 Y92.945 E664.01761
G1 X120.651 Y92.5 E664.0325
G1 X120.699 Y92.058 E664.04729
G1 X120.857 Y91.639 E664.06218
G1 X121.109 Y91.274 E664.07693
G1 X121.449 Y90.97 E664.0921
G1 X121.847 Y90.764 E664.10701
G1 X122.244 Y90.667 E664.1206
G1 X122.723 Y90.658 E664.13653
G1 X123.155 Y90.765 E664.15134
G1 X123.554 Y90.973 E664.1663
G1 X123.891 Y91.274 E664.18133
G1 X124.142 Y91.637 E664.19601
G1 X124.302 Y92.061 E664.21108
G1 X124.35 Y92.5 E664.22577
G1 X124.302 Y92.937 E664.24039
G1 X124.142 Y93.362 E664.2555
G1 X123.891 Y93.726 E664.2702
G1 X123.555 Y94.026 E664.28519
G1 X123.158 Y94.235 E664.30011
G1 X122.727 Y94.341 E664.31487
G1 X122.272 Y94.341 E664.33
G0 F9000 X122.299 Y93.936
;TYPE:WALL-OUTER
G1 F1500 X122.008 Y93.864 E664.33997
G1 X121.657 Y93.68 E664.35315
G1 X121.4 Y93.443 E664.36478
G1 X121.206 Y93.153 E664.37639
G1 X121.089 Y92.834 E664.38769
G1 X121.051 Y92.5 E664.39887
G1 X121.099 Y92.13 E664.41128
G1 X121.229 Y91.803 E664.42298
G1 X121.431 Y91.522 E664.43449
G1 X121.698 Y91.292 E664.44621
G1 X122.008 Y91.136 E664.45776
G1 X122.313 Y91.061 E664.4682
G1 X122.701 Y91.064 E664.48111
G1 X122.992 Y91.136 E664.49108
G1 X123.343 Y91.32 E664.50426
G1 X123.6 Y91.557 E664.51589
G1 X123.794 Y91.847 E664.52749
G1 X123.912 Y92.177 E664.53915
G1 X123.95 Y92.5 E664.54997
G1 X123.911 Y92.834 E664.56115
G1 X123.771 Y93.197 E664.57409
G1 X123.569 Y93.478 E664.5856
G1 X123.302 Y93.708 E664.59732
G1 X122.992 Y93.864 E664.60886
G1 X122.7 Y93.936 E664.61887
G1 X122.299 Y93.936 E664.6322
G1 F2700 E659.6322
G0 F9000 X122.133 Y94.614
G0 X120.404 Y127.5
G0 X120.465 Y128.001
G0 X120.644 Y128.473
G0 X120.932 Y128.889
G0 X121.239 Y129.161
G0 X122.133 Y129.614
G0 X122.299 Y128.936
G1 F2700 E664.6322
G1 F1500 X122.008 Y128.864 E664.64217
G1 X121.657 Y128.68 E664.65536
G1 X121.4 Y128.443 E664.66698
G1 X121.206 Y128.153 E664.67859
G1 X121.089 Y127.834 E664.68989
G1 X121.051 Y127.5 E664.70107
G1 X121.099 Y127.13 E664.71348
G1 X121.229 Y126.803 E664.72518
G1 X121.431 Y126.522 E664.73669
G1 X121.698 Y126.292 E664.74841
G1 X122.008 Y126.136 E664.75996
G1 X122.299 Y126.064 E664.76993
G1 X122.7 Y126.064 E664.78327
G1 X122.992 Y126.136 E664.79327
G1 X123.343 Y126.32 E664.80645
G1 X123.6 Y126.557 E664.81808
G1 X123.794 Y126.847 E664.82968
G1 X123.912 Y127.177 E664.84134
G1 X123.95 Y127.5 E664.85215
G1 X123.911 Y127.834 E664.86334
G1 X123.771 Y128.197 E664.87628
G1 X123.569 Y128.478 E664.88779
G1 X123.302 Y128.708 E664.89951
G1 X122.992 Y128.864 E664.91105
G1 X122.687 Y128.939 E664.9215
G1 X122.299 Y128.936 E664.93441
G1 F2700 E659.93441
G0 F9000 X122.133 Y129.614
G0 X119.47 Y132.03
G0 X119.201 Y132.299
G1 F2700 E664.93441
G1 F1500 X125.8 Y132.3 E665.15389
G1 X125.8 Y87.7 E666.63729
G1 X119.201 Y87.701 E666.85677
G1 X119.201 Y132.299 E668.34011
G0 F9000 X120.042 Y131.819
;TYPE:FILL
G1 F3000 X125.319 Y130.405 E668.52182
G0 F9000 X125.319 Y131.348
G1 F3000 X125.193 Y131.82 E668.53806
G0 F9000 X125.319 Y131.434
G1 F3000 X123.192 Y129.307 E668.63811
G0 F9000 X123.293 Y129.502
G0 X122.353 Y129.572
G0 X121.633 Y129.462
G0 X121.735 Y129.27
G1 F3000 X121.052 Y131.819 E668.72588
G0 F9000 X121.052 Y131.6
G0 X120.046 Y131.6
G0 X120.046 Y131.818
G1 F3000 X119.68 Y131.452 E668.7431
G0 F9000 X119.9 Y131.452
G0 X119.9 Y127.775
G0 X119.68 Y127.775
G1 F3000 X120.574 Y127.535 E668.77389
G0 F9000 X120.703 Y126.818
G1 F3000 X119.68 Y125.795 E668.822
G0 F9000 X119.9 Y125.795
G0 X119.9 Y123.634
G0 X119.68 Y123.634
G1 F3000 X125.318 Y122.123 E669.01614
G0 F9000 X125.1 Y122.123
G0 X125.1 Y120.121
G0 X125.319 Y120.121
G1 F3000 X119.68 Y114.482 E669.28138
G0 F9000 X119.681 Y115.351
G1 F3000 X125.319 Y113.84 E669.47552
G0 F9000 X125.319 Y114.464
G1 F3000 X119.679 Y108.824 E669.74081
G0 F9000 X119.9 Y108.824
G0 X119.9 Y107.069
G0 X119.68 Y107.069
G1 F3000 X125.318 Y105.558 E669.93495
G0 F9000 X125.1 Y105.558
G0 X125.1 Y103.15
G0 X125.319 Y103.15
G1 F3000 X119.679 Y97.51 E670.20024
G0 F9000 X119.9 Y97.51
G0 X119.9 Y98.787
G0 X119.681 Y98.787
G1 F3000 X125.319 Y97.276 E670.39438
G0 F9000 X125.319 Y97.493
G1 F3000 X122.242 Y94.416 E670.53911
G0 F9000 X122.795 Y94.404
G1 F3000 X119.68 Y106.029 E670.9394
G0 F9000 X119.9 Y106.029
G0 X119.9 Y103.167
G0 X119.679 Y103.167
G1 F3000 X125.319 Y108.807 E671.20469
G0 F9000 X125.319 Y109.699
G1 F3000 X119.681 Y111.21 E671.39882
G0 F9000 X119.9 Y111.21
G0 X125.1 Y115.894
G0 X125.319 Y115.894
G1 F3000 X122.724 Y125.579 E671.73231
G0 F9000 X122.724 Y125.359
G0 X123.243 Y125.54
G0 X123.604 Y125.731
G0 X124.371 Y126.442
G0 X124.188 Y126.567
G1 F3000 X125.318 Y126.264 E671.77122
G0 F9000 X125.319 Y125.778
G1 F3000 X119.68 Y120.138 E672.03649
G0 F9000 X119.681 Y119.492
G1 F3000 X125.319 Y117.982 E672.23062
G0 F9000 X125.1 Y117.982
G0 X119.9 Y121.483
G0 X119.68 Y121.483
G1 F3000 X125.319 Y100.439 E672.95524
G0 F9000 X125.318 Y101.417
G1 F3000 X119.68 Y102.928 E673.14937
G0 F9000 X119.9 Y102.928
G0 X119.9 Y94.646
G0 X119.681 Y94.646
G1 F3000 X121.516 Y94.154 E673.21256
G0 F9000 X121.414 Y94.347
G0 X120.932 Y93.889
G0 X120.699 Y93.552
G0 X120.379 Y92.798
G0 X120.599 Y92.773
G1 F3000 X119.679 Y91.853 E673.25584
G0 F9000 X119.9 Y91.853
G0 X119.9 Y90.574
G0 X119.68 Y90.574
G1 F3000 X120.322 Y88.179 E673.33831
G0 F9000 X120.322 Y88.4
G0 X121.664 Y88.4
G0 X121.664 Y88.181
G1 F3000 X125.319 Y91.836 E673.51023
G0 F9000 X125.1 Y91.836
G0 X125.1 Y93.135
G0 X125.319 Y93.135
G1 F3000 X124.184 Y93.439 E673.54931
G0 F9000 X124.366 Y93.565
G0 X124.535 Y93.001
G0 X124.596 Y92.5
G0 X124.535 Y91.999
G0 X124.39 Y91.617
G0 X123.852 Y90.838
G0 X123.707 Y91.001
G1 F3000 X124.463 Y88.179 E673.64648
G0 F9000 X124.463 Y88.4
G0 X125.1 Y88.994
G0 X125.319 Y88.994
G1 F3000 X119.681 Y90.505 E673.84062
G0 F9000 X120.2 Y90.505
G1 F2700 E668.84062
;MESH:NONMESH
G0 F300 X120.2 Y90.505 Z5.4
G0 F9000 X119.42 Y108.922
G0 X118.335 Y108.922
G0 X97.653 Y99.238
G0 X93.347 Y99.238
G0 X93.354 Y107.63
G0 X92.811 Y108.922
;TIME_ELAPSED:1227.534073
;LAYER:26
;TYPE:SUPPORT
G1 F2700 E673.84062
G1 F1200 X92.95 Y108.966 E673.84668
G1 X92.95 Y111.026 E673.93232
G1 X92.808 Y111.07 E673.9385
G1 X92.667 Y110.861 E673.94898
G1 X92.512 Y110.718 E673.95775
G1 X92.45 Y110.568 E673.9645
G1 X92.45 Y109.351 E674.0151
G1 X92.669 Y109.12 E674.02833
G1 X92.811 Y108.922 E674.03846
G1 F2700 E669.03846
;MESH:Garmin_GFC500 Wheel Support - Wheel Spacer.stl
G0 F9000 X94.42 Y108.922
G0 X94.737 Y111.806
G0 X96.13 Y119.122
G0 X96.4 Y119.391
;TYPE:WALL-INNER
G1 F2700 E674.03846
G1 F1500 X96.4 Y100.608 E674.66319
G1 X94.6 Y100.608 E674.72305
G1 X94.6 Y119.391 E675.34778
G1 X96.4 Y119.391 E675.40765
G0 F9000 X96.8 Y119.791
;TYPE:WALL-OUTER
G1 F1500 X96.8 Y100.208 E676.05898
G1 X94.2 Y100.208 E676.14546
G1 X94.2 Y119.791 E676.79679
G1 X96.8 Y119.791 E676.88327
G0 F9000 X96.319 Y119.204
;TYPE:FILL
G1 F3000 X94.68 Y117.564 E676.96038
G0 F9000 X94.679 Y118.056
G1 F3000 X96.319 Y117.617 E677.01685
G0 F9000 X96.1 Y117.617
G0 X95.27 Y119.092
G0 X95.269 Y119.31
G1 F3000 X96.319 Y115.391 E677.15179
G0 F9000 X96.1 Y115.391
G0 X96.1 Y113.547
G0 X96.319 Y113.547
G1 F3000 X94.869 Y112.097 E677.22
G0 F9000 X94.869 Y112.198
G0 X94.9 Y113.915
G0 X94.679 Y113.915
G1 F3000 X96.318 Y113.476 E677.27643
G0 F9000 X96.1 Y113.476
G0 X96.228 Y112.126
G0 X96.228 Y107.874
G0 X96.319 Y107.891
G1 F3000 X94.68 Y106.251 E677.35355
G1 X94.679 Y106.057
G1 X96.118 Y100.687 E677.53846
G0 F9000 X96.319 Y101.052
G1 F3000 X94.679 Y101.492 E677.59493
G0 F9000 X94.773 Y100.687
G1 F3000 X96.319 Y102.234 E677.66768
G0 F9000 X96.1 Y102.234
G0 X96.1 Y105.194
G0 X96.319 Y105.194
G1 F3000 X94.68 Y105.633 E677.72411
G0 F9000 X94.9 Y105.633
G0 X95.5 Y107.802
G0 X95.5 Y108.482
;TYPE:SKIN
G1 F882.4 X95.5 Y111.518 E677.89577
G0 F9000 X96.04 Y112.058
G1 F1500 X96.04 Y107.942 E678.03267
G1 X94.96 Y107.942 E678.06859
G1 X94.96 Y112.058 E678.20549
G1 X96.04 Y112.058 E678.24141
G0 F9000 X95.8 Y112.498
G1 F2700 E673.24141
G0 F9000 X96.586 Y119.578
G0 X97.665 Y119.578
G0 X118.335 Y119.578
G0 X119.42 Y119.578
G0 X119.87 Y131.63
G0 X119.601 Y131.899
;TYPE:WALL-INNER
G1 F2700 E678.24141
G1 F1500 X125.4 Y131.9 E678.43429
G1 X125.4 Y88.1 E679.89108
G1 X119.601 Y88.101 E680.08396
G1 X119.601 Y131.899 E681.54069
G0 F9000 X119.87 Y131.63
G0 X122.207 Y129.632
G0 X122.278 Y129.342
G1 F1500 X121.846 Y129.236 E681.55548
G1 X121.449 Y129.03 E681.57036
G1 X121.109 Y128.726 E681.58553
G1 X120.857 Y128.361 E681.60028
G1 X120.7 Y127.945 E681.61507
G1 X120.651 Y127.5 E681.62996
G1 X120.699 Y127.058 E681.64474
G1 X120.857 Y126.639 E681.65964
G1 X121.109 Y126.274 E681.67439
G1 X121.448 Y125.971 E681.68951
G1 X121.843 Y125.765 E681.70433
G1 X122.272 Y125.659 E681.71903
G1 X122.727 Y125.659 E681.73416
G1 X123.157 Y125.765 E681.74889
G1 X123.555 Y125.974 E681.76384
G1 X123.891 Y126.274 E681.77882
G1 X124.142 Y126.637 E681.7935
G1 X124.302 Y127.061 E681.80858
G1 X124.35 Y127.5 E681.82326
G1 X124.302 Y127.937 E681.83789
G1 X124.142 Y128.362 E681.85299
G1 X123.891 Y128.726 E681.8677
G1 X123.554 Y129.027 E681.88273
G1 X123.154 Y129.236 E681.89774
G1 X122.756 Y129.333 E681.91136
G1 X122.278 Y129.342 E681.92726
G1 F2700 E676.92726
G0 F9000 X122.207 Y129.632
G0 X121.311 Y129.224
G0 X120.932 Y128.889
G0 X120.644 Y128.473
G0 X120.465 Y128.001
G0 X120.43 Y127.717
G0 X122.201 Y94.631
G0 X122.272 Y94.341
G1 F2700 E681.92726
G1 F1500 X121.843 Y94.235 E681.94196
G1 X121.448 Y94.029 E681.95678
G1 X121.109 Y93.726 E681.9719
G1 X120.857 Y93.361 E681.98665
G1 X120.7 Y92.945 E682.00144
G1 X120.651 Y92.5 E682.01633
G1 X120.699 Y92.058 E682.03112
G1 X120.857 Y91.639 E682.04601
G1 X121.109 Y91.274 E682.06076
G1 X121.449 Y90.97 E682.07593
G1 X121.847 Y90.764 E682.09084
G1 X122.244 Y90.667 E682.10443
G1 X122.723 Y90.658 E682.12037
G1 X123.155 Y90.765 E682.13517
G1 X123.554 Y90.973 E682.15014
G1 X123.891 Y91.274 E682.16516
G1 X124.142 Y91.637 E682.17984
G1 X124.302 Y92.061 E682.19492
G1 X124.35 Y92.5 E682.2096
G1 X124.302 Y92.937 E682.22423
G1 X124.142 Y93.362 E682.23933
G1 X123.891 Y93.726 E682.25404
G1 X123.555 Y94.026 E682.26902
G1 X123.158 Y94.235 E682.28394
G1 X122.727 Y94.341 E682.2987
G1 X122.272 Y94.341 E682.31384
G0 F9000 X122.299 Y93.936
;TYPE:WALL-OUTER
G1 F1500 X122.008 Y93.864 E682.32381
G1 X121.657 Y93.68 E682.33699
G1 X121.4 Y93.443 E682.34861
G1 X121.229 Y93.197 E682.35858
G1 X121.089 Y92.834 E682.37152
G1 X121.051 Y92.5 E682.3827
G1 X121.099 Y92.13 E682.39511
G1 X121.229 Y91.803 E682.40681
G1 X121.431 Y91.522 E682.41832
G1 X121.698 Y91.292 E682.43004
G1 X122.008 Y91.136 E682.44159
G1 X122.313 Y91.061 E682.45203
G1 X122.701 Y91.064 E682.46494
G1 X122.992 Y91.136 E682.47491
G1 X123.343 Y91.32 E682.48809
G1 X123.6 Y91.557 E682.49972
G1 X123.794 Y91.847 E682.51132
G1 X123.912 Y92.177 E682.52298
G1 X123.95 Y92.5 E682.5338
G1 X123.911 Y92.834 E682.54498
G1 X123.771 Y93.197 E682.55792
G1 X123.569 Y93.478 E682.56943
G1 X123.302 Y93.708 E682.58115
G1 X122.992 Y93.864 E682.5927
G1 X122.7 Y93.936 E682.6027
G1 X122.299 Y93.936 E682.61604
G1 F2700 E677.61604
G0 F9000 X122.133 Y94.614
G0 X120.404 Y127.5
G0 X120.465 Y128.001
G0 X120.644 Y128.473
G0 X120.932 Y128.889
G0 X121.239 Y129.161
G0 X122.133 Y129.614
G0 X122.299 Y128.936
G1 F2700 E682.61604
G1 F1500 X122.008 Y128.864 E682.62601
G1 X121.657 Y128.68 E682.63919
G1 X121.4 Y128.443 E682.65081
G1 X121.206 Y128.153 E682.66242
G1 X121.089 Y127.834 E682.67372
G1 X121.051 Y127.5 E682.6849
G1 X121.099 Y127.13 E682.69731
G1 X121.229 Y126.803 E682.70901
G1 X121.431 Y126.522 E682.72052
G1 X121.698 Y126.292 E682.73225
G1 X122.008 Y126.136 E682.74379
G1 X122.299 Y126.064 E682.75376
G1 X122.7 Y126.064 E682.7671
G1 X122.992 Y126.136 E682.7771
G1 X123.343 Y126.32 E682.79028
G1 X123.6 Y126.557 E682.80191
G1 X123.794 Y126.847 E682.81351
G1 X123.912 Y127.177 E682.82517
G1 X123.95 Y127.5 E682.83599
G1 X123.911 Y127.834 E682.84717
G1 X123.771 Y128.197 E682.86011
G1 X123.569 Y128.478 E682.87162
G1 X123.302 Y128.708 E682.88334
G1 X122.992 Y128.864 E682.89488
G1 X122.687 Y128.939 E682.90533
G1 X122.299 Y128.936 E682.91824
G1 F2700 E677.91824
G0 F9000 X122.133 Y129.614
G0 X119.47 Y132.03
G0 X119.201 Y132.299
G1 F2700 E682.91824
G1 F1500 X125.8 Y132.3 E683.13772
G1 X125.8 Y87.7 E684.62112
G1 X119.201 Y87.701 E684.84061
G1 X119.201 Y132.299 E686.32394
G0 F9000 X119.47 Y132.03
G0 X120.247 Y131.6
G0 X120.247 Y131.818
;TYPE:FILL
G1 F3000 X119.68 Y131.251 E686.35061
G0 F9000 X119.9 Y131.251
G0 X120.591 Y131.6
G0 X120.591 Y131.819
G1 F3000 X125.318 Y130.552 E686.51338
G0 F9000 X125.319 Y130.8
G1 F3000 X125.046 Y131.82 E686.5485
G0 F9000 X125.319 Y131.234
G1 F3000 X123.324 Y129.238 E686.64236
G0 F9000 X123.425 Y129.432
G0 X122.752 Y129.58
G0 X122.343 Y129.58
G0 X121.504 Y129.394
G0 X121.606 Y129.202
G1 F3000 X120.905 Y131.819 E686.73247
G0 F9000 X120.905 Y131.6
G0 X119.9 Y127.922
G0 X119.68 Y127.922
G1 F3000 X120.589 Y127.678 E686.76378
G0 F9000 X120.368 Y127.703
G0 X120.554 Y126.595
G0 X120.758 Y126.673
G1 F3000 X119.68 Y125.594 E686.81451
G0 F9000 X119.9 Y125.594
G0 X119.9 Y123.781
G0 X119.68 Y123.781
G1 F3000 X125.319 Y122.27 E687.00868
G0 F9000 X125.1 Y122.27
G0 X125.1 Y119.92
G0 X125.319 Y119.92
G1 F3000 X119.68 Y114.281 E687.27392
G0 F9000 X119.9 Y114.281
G0 X119.9 Y115.498
G0 X119.681 Y115.498
G1 F3000 X125.319 Y113.987 E687.46806
G0 F9000 X125.319 Y114.263
G1 F3000 X119.679 Y108.623 E687.73334
G0 F9000 X119.9 Y108.623
G0 X119.9 Y107.216
G0 X119.68 Y107.216
G1 F3000 X125.318 Y105.705 E687.92748
G0 F9000 X125.1 Y105.705
G0 X125.1 Y102.949
G0 X125.319 Y102.949
G1 F3000 X119.679 Y97.309 E688.19277
G0 F9000 X119.9 Y97.309
G0 X119.9 Y98.934
G0 X119.681 Y98.934
G1 F3000 X125.319 Y97.423 E688.38691
G1 X125.319 Y97.292
G1 X122.448 Y94.421 E688.52195
G1 X122.644 Y94.419
G1 X119.68 Y105.48 E688.90282
G0 F9000 X119.9 Y105.48
G0 X119.9 Y103.075
G0 X119.68 Y103.075
G1 F3000 X125.319 Y101.564 E689.09699
G0 F9000 X125.1 Y101.564
G0 X125.1 Y99.89
G0 X125.319 Y99.89
G1 F3000 X119.68 Y120.934 E689.82161
G0 F9000 X119.68 Y119.938
G1 F3000 X125.319 Y125.577 E690.08685
G0 F9000 X125.318 Y126.411
G1 F3000 X124.249 Y126.697 E690.12366
G0 F9000 X124.456 Y126.619
G0 X124.068 Y126.111
G0 X123.689 Y125.776
G0 X123.436 Y125.642
G0 X122.577 Y125.359
G0 X122.577 Y125.579
G1 F3000 X125.319 Y115.345 E690.47605
G0 F9000 X125.1 Y115.345
G0 X125.1 Y118.129
G0 X125.319 Y118.129
G1 F3000 X119.681 Y119.639 E690.67018
G0 F9000 X119.9 Y119.639
G0 X119.9 Y111.357
G0 X119.681 Y111.357
G1 F3000 X125.319 Y109.846 E690.86432
G0 F9000 X125.1 Y109.846
G0 X125.1 Y108.606
G0 X125.319 Y108.606
G1 F3000 X119.679 Y102.966 E691.12961
G0 F9000 X119.9 Y102.966
G0 X119.9 Y94.793
G0 X119.681 Y94.793
G1 F3000 X121.702 Y94.251 E691.1992
G0 F9000 X121.6 Y94.445
G0 X120.932 Y93.889
G0 X120.699 Y93.552
G0 X120.352 Y92.573
G0 X120.575 Y92.548
G1 F3000 X119.679 Y91.653 E691.24132
G0 F9000 X119.9 Y91.653
G0 X119.9 Y90.652
G0 X119.681 Y90.652
G1 F3000 X125.319 Y89.141 E691.43546
G0 F9000 X125.1 Y89.141
G0 X124.316 Y88.4
G0 X124.316 Y88.179
G1 F3000 X123.587 Y90.899 E691.52912
G0 F9000 X123.688 Y90.707
G0 X125.1 Y91.636
G0 X125.319 Y91.636
G1 F3000 X121.864 Y88.181 E691.69163
G0 F9000 X121.864 Y88.4
G0 X120.175 Y88.4
G0 X120.175 Y88.179
G1 F3000 X119.68 Y90.026 E691.75523
G0 F9000 X119.9 Y90.026
G0 X122.752 Y90.42
G0 X123.243 Y90.54
G0 X123.689 Y90.776
G0 X124.068 Y91.111
G0 X124.356 Y91.527
G0 X124.535 Y91.999
G0 X124.596 Y92.5
G0 X124.546 Y92.906
G0 X124.241 Y93.745
G0 X124.059 Y93.619
G1 F3000 X125.319 Y93.282 E691.79861
G0 F9000 X124.812 Y93.287
G1 F2700 E686.79861
;MESH:NONMESH
G0 F300 X124.812 Y93.287 Z5.6
G0 F9000 X119.42 Y108.944
G0 X118.335 Y108.944
G0 X97.653 Y99.355
G0 X93.347 Y99.355
G0 X93.353 Y107.874
G0 X92.82 Y108.944
;TIME_ELAPSED:1260.564598
;LAYER:27
;TYPE:SUPPORT
G1 F2700 E691.79861
G1 F1200 X92.95 Y108.992 E691.80437
G1 X92.95 Y111.011 E691.88831
G1 X92.837 Y111.052 E691.89331
G1 X92.516 Y110.728 E691.91227
G1 X92.45 Y110.567 E691.91951
G1 X92.45 Y109.374 E691.96911
G1 X92.82 Y108.944 E691.99269
G1 F2700 E686.99269
;MESH:Garmin_GFC500 Wheel Support - Wheel Spacer.stl
G0 F9000 X94.42 Y108.944
G0 X94.772 Y112.507
G0 X96.13 Y119.006
G0 X96.4 Y119.275
;TYPE:WALL-INNER
G1 F2700 E691.99269
G1 F1500 X96.4 Y100.724 E692.6097
G1 X94.6 Y100.724 E692.66957
G1 X94.6 Y119.275 E693.28658
G1 X96.4 Y119.275 E693.34645
G0 F9000 X96.8 Y119.675
;TYPE:WALL-OUTER
G1 F1500 X96.8 Y100.324 E693.99006
G1 X94.2 Y100.324 E694.07654
G1 X94.2 Y119.675 E694.72016
G1 X96.8 Y119.675 E694.80663
G0 F9000 X96.319 Y119.005
;TYPE:FILL
G1 F3000 X94.68 Y117.365 E694.88375
G0 F9000 X94.679 Y118.202
G1 F3000 X96.319 Y117.763 E694.94022
G0 F9000 X96.1 Y117.763
G0 X95.155 Y118.976
G0 X95.154 Y119.195
G1 F3000 X96.319 Y114.847 E695.08993
G0 F9000 X96.1 Y114.847
G0 X96.1 Y113.622
G0 X96.318 Y113.622
G1 F3000 X94.68 Y114.061 E695.14634
G0 F9000 X94.9 Y114.061
G0 X95.45 Y112.579
G0 X95.45 Y112.478
G1 F3000 X96.319 Y113.348 E695.18723
G0 F9000 X96.1 Y113.348
G0 X96.228 Y112.507
G0 X96.228 Y107.493
G0 X96.148 Y107.519
G1 F3000 X94.68 Y106.051 E695.25628
G0 F9000 X94.679 Y105.779
G1 F3000 X96.319 Y105.34 E695.31275
G0 F9000 X96.1 Y105.34
G0 X94.9 Y105.511
G0 X94.679 Y105.511
G1 F3000 X95.941 Y100.802 E695.4749
G0 F9000 X96.318 Y101.199
G1 F3000 X94.68 Y101.638 E695.5313
G0 F9000 X95.088 Y100.803
G1 F3000 X96.319 Y102.034 E695.58921
G0 F9000 X96.1 Y102.034
G0 X95.5 Y107.421
G0 X95.5 Y108.101
;TYPE:SKIN
G1 F882.4 X95.5 Y111.899 E695.80395
G0 F9000 X96.04 Y112.439
G1 F1500 X96.04 Y107.561 E695.9662
G1 X94.96 Y107.561 E696.00212
G1 X94.96 Y112.439 E696.16436
G1 X96.04 Y112.439 E696.20028
G0 F9000 X95.8 Y112.879
G1 F2700 E691.20028
G0 F9000 X96.586 Y119.462
G0 X97.665 Y119.462
G0 X118.335 Y119.462
G0 X119.42 Y119.462
G0 X119.87 Y131.63
G0 X119.601 Y131.899
;TYPE:WALL-INNER
G1 F2700 E696.20028
G1 F1500 X125.4 Y131.9 E696.39316
G1 X125.4 Y88.1 E697.84995
G1 X119.601 Y88.101 E698.04283
G1 X119.601 Y131.899 E699.49955
G0 F9000 X119.87 Y131.63
G0 X122.207 Y129.632
G0 X122.278 Y129.342
G1 F1500 X121.846 Y129.236 E699.51435
G1 X121.449 Y129.03 E699.52922
G1 X121.109 Y128.726 E699.54439
G1 X120.857 Y128.361 E699.55915
G1 X120.7 Y127.945 E699.57393
G1 X120.651 Y127.5 E699.58882
G1 X120.699 Y127.058 E699.60361
G1 X120.857 Y126.639 E699.61851
G1 X121.109 Y126.274 E699.63326
G1 X121.448 Y125.971 E699.64838
G1 X121.843 Y125.765 E699.6632
G1 X122.272 Y125.659 E699.6779
G1 X122.727 Y125.659 E699.69303
G1 X123.157 Y125.765 E699.70776
G1 X123.555 Y125.974 E699.72271
G1 X123.891 Y126.274 E699.73769
G1 X124.142 Y126.637 E699.75237
G1 X124.302 Y127.061 E699.76744
G1 X124.35 Y127.5 E699.78213
G1 X124.302 Y127.937 E699.79675
G1 X124.142 Y128.362 E699.81186
G1 X123.891 Y128.726 E699.82656
G1 X123.554 Y129.027 E699.84159
G1 X123.154 Y129.236 E699.8566
G1 X122.756 Y129.333 E699.87023
G1 X122.278 Y129.342 E699.88613
G1 F2700 E694.88613
G0 F9000 X122.207 Y129.632
G0 X121.311 Y129.224
G0 X120.932 Y128.889
G0 X120.644 Y128.473
G0 X120.465 Y128.001
G0 X120.43 Y127.717
G0 X122.201 Y94.631
G0 X122.272 Y94.341
G1 F2700 E699.88613
G1 F1500 X121.843 Y94.235 E699.90083
G1 X121.448 Y94.029 E699.91564
G1 X121.109 Y93.726 E699.93077
G1 X120.857 Y93.361 E699.94552
G1 X120.7 Y92.945 E699.96031
G1 X120.651 Y92.5 E699.9752
G1 X120.699 Y92.058 E699.98999
G1 X120.857 Y91.639 E700.00488
G1 X121.109 Y91.274 E700.01963
G1 X121.449 Y90.97 E700.0348
G1 X121.847 Y90.764 E700.04971
G1 X122.244 Y90.667 E700.0633
G1 X122.723 Y90.658 E700.07923
G1 X123.155 Y90.765 E700.09404
G1 X123.554 Y90.973 E700.109
G1 X123.891 Y91.274 E700.12403
G1 X124.142 Y91.637 E700.13871
G1 X124.302 Y92.061 E700.15378
G1 X124.35 Y92.5 E700.16847
G1 X124.302 Y92.937 E700.18309
G1 X124.142 Y93.362 E700.1982
G1 X123.891 Y93.726 E700.2129
G1 X123.555 Y94.026 E700.22788
G1 X123.158 Y94.235 E700.24281
G1 X122.727 Y94.341 E700.25757
G1 X122.272 Y94.341 E700.2727
G0 F9000 X122.299 Y93.936
;TYPE:WALL-OUTER
G1 F1500 X122.008 Y93.864 E700.28267
G1 X121.657 Y93.68 E700.29585
G1 X121.4 Y93.443 E700.30748
G1 X121.206 Y93.153 E700.31909
G1 X121.089 Y92.834 E700.33039
G1 X121.051 Y92.5 E700.34157
G1 X121.099 Y92.13 E700.35398
G1 X121.229 Y91.803 E700.36568
G1 X121.431 Y91.522 E700.37719
G1 X121.698 Y91.292 E700.38891
G1 X122.008 Y91.136 E700.40046
G1 X122.313 Y91.061 E700.4109
G1 X122.701 Y91.064 E700.42381
G1 X122.992 Y91.136 E700.43378
G1 X123.343 Y91.32 E700.44696
G1 X123.6 Y91.557 E700.45859
G1 X123.794 Y91.847 E700.47019
G1 X123.912 Y92.177 E700.48185
G1 X123.95 Y92.5 E700.49267
G1 X123.911 Y92.834 E700.50385
G1 X123.771 Y93.197 E700.51679
G1 X123.569 Y93.478 E700.5283
G1 X123.302 Y93.708 E700.54002
G1 X122.992 Y93.864 E700.55156
G1 X122.7 Y93.936 E700.56157
G1 X122.299 Y93.936 E700.5749
G1 F2700 E695.5749
G0 F9000 X122.133 Y94.614
G0 X120.404 Y127.5
G0 X120.465 Y128.001
G0 X120.644 Y128.473
G0 X120.932 Y128.889
G0 X121.239 Y129.161
G0 X122.133 Y129.614
G0 X122.299 Y128.936
G1 F2700 E700.5749
G1 F1500 X122.008 Y128.864 E700.58487
G1 X121.657 Y128.68 E700.59806
G1 X121.4 Y128.443 E700.60968
G1 X121.206 Y128.153 E700.62129
G1 X121.089 Y127.834 E700.63259
G1 X121.051 Y127.5 E700.64377
G1 X121.099 Y127.13 E700.65618
G1 X121.229 Y126.803 E700.66788
G1 X121.431 Y126.522 E700.67939
G1 X121.698 Y126.292 E700.69111
G1 X122.008 Y126.136 E700.70266
G1 X122.299 Y126.064 E700.71263
G1 X122.7 Y126.064 E700.72596
G1 X122.992 Y126.136 E700.73597
G1 X123.343 Y126.32 E700.74915
G1 X123.6 Y126.557 E700.76078
G1 X123.794 Y126.847 E700.77238
G1 X123.912 Y127.177 E700.78404
G1 X123.95 Y127.5 E700.79485
G1 X123.911 Y127.834 E700.80604
G1 X123.771 Y128.197 E700.81898
G1 X123.569 Y128.478 E700.83049
G1 X123.302 Y128.708 E700.84221
G1 X122.992 Y128.864 E700.85375
G1 X122.687 Y128.939 E700.8642
G1 X122.299 Y128.936 E700.8771
G1 F2700 E695.8771
G0 F9000 X122.133 Y129.614
G0 X119.47 Y132.03
G0 X119.201 Y132.299
G1 F2700 E700.8771
G1 F1500 X125.8 Y132.3 E701.09659
G1 X125.8 Y87.7 E702.57999
G1 X119.201 Y87.701 E702.79947
G1 X119.201 Y132.299 E704.28281
G0 F9000 X119.47 Y132.03
G0 X120.446 Y131.6
G0 X120.446 Y131.818
;TYPE:FILL
G1 F3000 X119.68 Y131.052 E704.31884
G0 F9000 X119.9 Y131.052
G0 X120.759 Y131.6
G0 X120.759 Y131.819
G1 F3000 X121.478 Y129.135 E704.41126
G0 F9000 X121.376 Y129.327
G0 X120.932 Y128.889
G0 X120.769 Y128.653
G0 X120.385 Y127.845
G0 X120.604 Y127.82
G1 F3000 X119.68 Y128.068 E704.44308
G0 F9000 X119.9 Y128.068
G0 X120.647 Y126.417
G0 X120.827 Y126.542
G1 F3000 X119.68 Y125.395 E704.49703
G0 F9000 X119.9 Y125.395
G0 X119.9 Y123.927
G0 X119.68 Y123.927
G1 F3000 X125.318 Y122.416 E704.69117
G0 F9000 X125.1 Y122.416
G0 X125.1 Y119.72
G0 X125.319 Y119.72
G1 F3000 X119.68 Y114.081 E704.95641
G0 F9000 X119.9 Y114.081
G0 X119.9 Y115.644
G0 X119.681 Y115.644
G1 F3000 X125.319 Y114.134 E705.15054
G1 X125.319 Y114.064
G1 X119.679 Y108.424 E705.41583
G0 F9000 X119.9 Y108.424
G0 X119.9 Y107.362
G0 X119.681 Y107.362
G1 F3000 X125.319 Y105.851 E705.60996
G0 F9000 X125.1 Y105.851
G0 X125.1 Y108.407
G0 X125.319 Y108.407
G1 F3000 X119.679 Y102.767 E705.87525
G0 F9000 X119.681 Y103.221
G1 F3000 X125.318 Y101.71 E706.06936
G0 F9000 X125.1 Y101.71
G0 X125.1 Y102.75
G0 X125.319 Y102.75
G1 F3000 X119.679 Y97.11 E706.33465
G0 F9000 X119.9 Y97.11
G0 X119.9 Y99.08
G0 X119.68 Y99.08
G1 F3000 X125.319 Y97.569 E706.52882
G0 F9000 X125.319 Y97.093
G1 F3000 X122.647 Y94.421 E706.6545
G1 X122.498 Y94.42
G1 X119.68 Y104.935 E707.01657
G0 F9000 X119.9 Y104.935
G0 X119.9 Y111.503
G0 X119.681 Y111.503
G1 F3000 X125.319 Y109.992 E707.21071
G0 F9000 X125.1 Y109.992
G0 X125.1 Y114.8
G0 X125.319 Y114.8
G1 F3000 X122.431 Y125.578 E707.58183
G0 F9000 X122.431 Y125.359
G0 X123.243 Y125.54
G0 X123.689 Y125.776
G0 X123.996 Y126.048
G0 X124.506 Y126.752
G0 X124.299 Y126.83
G1 F3000 X125.319 Y126.557 E707.61695
G0 F9000 X125.1 Y126.557
G0 X125.1 Y125.377
G0 X125.319 Y125.377
G1 F3000 X119.68 Y119.738 E707.8822
G1 X119.68 Y119.785
G1 X125.319 Y118.275 E708.07636
G0 F9000 X125.1 Y118.275
G0 X119.9 Y120.389
G0 X119.68 Y120.389
G1 F3000 X125.319 Y99.346 E708.80094
G0 F9000 X125.1 Y99.346
G0 X124.072 Y93.967
G0 X123.926 Y93.801
G1 F3000 X125.319 Y93.428 E708.84891
G0 F9000 X125.1 Y93.428
G0 X125.1 Y91.436
G0 X125.319 Y91.436
G1 F3000 X122.064 Y88.181 E709.00201
G0 F9000 X122.064 Y88.4
G0 X120.029 Y88.4
G0 X120.029 Y88.179
G1 F3000 X119.68 Y89.481 E709.04685
G0 F9000 X119.9 Y89.481
G0 X119.9 Y90.798
G0 X119.681 Y90.798
G1 F3000 X125.319 Y89.287 E709.24099
G0 F9000 X125.1 Y89.287
G0 X124.17 Y88.4
G0 X124.17 Y88.179
G1 F3000 X123.459 Y90.831 E709.33231
G0 F9000 X123.56 Y90.64
G0 X122.752 Y90.42
G0 X122.248 Y90.42
G0 X121.757 Y90.54
G0 X121.311 Y90.776
G0 X120.932 Y91.111
G0 X120.699 Y91.448
G0 X120.364 Y92.332
G0 X120.585 Y92.358
G1 F3000 X119.679 Y91.453 E709.3749
G0 F9000 X119.9 Y91.453
G0 X119.9 Y94.939
G0 X119.681 Y94.939
G1 F3000 X121.926 Y94.337 E709.4522
G1 F2700 E704.4522
G0 F9000 X121.874 Y94.55
G0 X124.596 Y127.5
G0 X124.535 Y128.001
G0 X124.356 Y128.473
G0 X124.193 Y128.709
G0 X123.556 Y129.363
G0 X123.455 Y129.17
G1 F2700 E709.4522
G1 F3000 X125.319 Y131.034 E709.53988
G0 F9000 X125.319 Y130.698
G1 F3000 X121.135 Y131.819 E709.68395
G0 F9000 X121.135 Y131.6
G0 X124.9 Y131.6
G0 X124.9 Y131.82
G1 F3000 X125.319 Y130.255 E709.73784
G0 F9000 X124.8 Y130.255
G1 F2700 E704.73784
;MESH:NONMESH
G0 F300 X124.8 Y130.255 Z5.8
G0 F9000 X124.268 Y127.696
G0 X119.42 Y108.944
G0 X118.335 Y108.944
G0 X97.653 Y99.471
G0 X93.347 Y99.471
G0 X93.352 Y108.151
G0 X92.82 Y108.944
;TIME_ELAPSED:1294.490507
;LAYER:28
;TYPE:SUPPORT
G1 F2700 E709.73784
G1 F1200 X92.95 Y108.992 E709.7436
G1 X92.95 Y111.011 E709.82754
G1 X92.837 Y111.052 E709.83254
G1 X92.516 Y110.728 E709.8515
G1 X92.45 Y110.567 E709.85873
G1 X92.45 Y109.374 E709.90833
G1 X92.82 Y108.944 E709.93191
G1 F2700 E704.93191
;MESH:Garmin_GFC500 Wheel Support - Wheel Spacer.stl
G0 F9000 X94.42 Y108.944
G0 X94.772 Y112.752
G0 X96.13 Y118.889
G0 X96.4 Y119.158
;TYPE:WALL-INNER
G1 F2700 E709.93191
G1 F1500 X96.4 Y100.841 E710.54114
G1 X94.6 Y100.841 E710.60101
G1 X94.6 Y119.158 E711.21023
G1 X96.4 Y119.158 E711.2701
G0 F9000 X96.8 Y119.558
;TYPE:WALL-OUTER
G1 F1500 X96.8 Y100.441 E711.90594
G1 X94.2 Y100.441 E711.99241
G1 X94.2 Y119.558 E712.62825
G1 X96.8 Y119.558 E712.71472
G0 F9000 X96.319 Y118.804
;TYPE:FILL
G1 F3000 X94.679 Y117.164 E712.79186
G0 F9000 X94.9 Y117.164
G0 X94.9 Y118.349
G0 X94.68 Y118.349
G1 F3000 X96.318 Y117.91 E712.84827
G0 F9000 X96.1 Y117.91
G0 X95.039 Y118.859
G0 X95.038 Y119.078
G1 F3000 X96.319 Y114.296 E713.01292
G0 F9000 X96.318 Y113.769
G1 F3000 X94.679 Y114.208 E713.06936
G0 F9000 X94.9 Y114.208
G0 X95.895 Y112.824
G0 X95.895 Y112.723
G1 F3000 X96.319 Y113.147 E713.0893
G0 F9000 X96.1 Y113.147
G0 X96.228 Y112.752
G0 X96.228 Y107.248
G0 X96.104 Y107.275
G1 F3000 X94.679 Y105.85 E713.15633
G1 X94.679 Y105.926
G1 X96.319 Y105.487 E713.2128
G0 F9000 X96.1 Y105.487
G0 X94.9 Y104.963
G0 X94.679 Y104.963
G1 F3000 X95.763 Y100.92 E713.35202
G0 F9000 X95.406 Y100.92
G1 F3000 X96.319 Y101.833 E713.39496
G0 F9000 X96.318 Y101.346
G1 F3000 X94.68 Y101.785 E713.45137
G0 F9000 X94.9 Y101.785
G0 X96.228 Y107.248
G0 X96.228 Y112.752
G0 X96.04 Y112.684
;TYPE:SKIN
G1 F1500 X94.96 Y112.684 E713.48729
G1 X94.96 Y107.316 E713.66583
G1 X96.04 Y107.316 E713.70175
G1 X96.04 Y112.684 E713.88029
G0 F9000 X95.512 Y112.483
G1 F1500 X95.159 Y112.13 E713.89689
G0 F9000 X95.159 Y111.564
G1 F1500 X95.839 Y112.244 E713.92888
G0 F9000 X95.839 Y111.679
G1 F1500 X95.159 Y110.998 E713.96089
G0 F9000 X95.63 Y110.904
G1 F1500 X95.159 Y110.433 E713.98304
G0 F9000 X95.159 Y109.867
G1 F1500 X95.839 Y110.547 E714.01503
G0 F9000 X95.63 Y110.904
G1 F1500 X95.839 Y111.113 E714.02486
G0 F9000 X96.3 Y111.113
G0 X96.3 Y109.981
G0 X95.839 Y109.981
G1 F1500 X95.159 Y109.301 E714.05684
G0 F9000 X95.517 Y109.093
G1 F1500 X95.159 Y108.736 E714.07366
G0 F9000 X95.518 Y109.094
G1 F1500 X95.839 Y109.416 E714.08878
G0 F9000 X95.839 Y108.85
G1 F1500 X95.159 Y108.17 E714.12077
G0 F9000 X95.159 Y107.604
G1 F1500 X95.839 Y108.284 E714.15275
G0 F9000 X95.839 Y107.719
G1 F1500 X95.636 Y107.515 E714.16232
G0 F9000 X95.636 Y106.876
G1 F2700 E709.16232
G0 F9000 X96.586 Y100.655
G0 X97.665 Y100.655
G0 X118.335 Y100.655
G0 X119.42 Y100.655
G0 X122.201 Y94.631
G0 X122.272 Y94.341
;TYPE:WALL-INNER
G1 F2700 E714.16232
G1 F1500 X121.843 Y94.235 E714.17702
G1 X121.448 Y94.029 E714.19184
G1 X121.109 Y93.726 E714.20696
G1 X120.857 Y93.361 E714.22171
G1 X120.7 Y92.945 E714.2365
G1 X120.651 Y92.5 E714.25139
G1 X120.699 Y92.058 E714.26618
G1 X120.857 Y91.639 E714.28107
G1 X121.109 Y91.274 E714.29582
G1 X121.449 Y90.97 E714.31099
G1 X121.847 Y90.764 E714.3259
G1 X122.244 Y90.667 E714.33949
G1 X122.723 Y90.658 E714.35543
G1 X123.155 Y90.765 E714.37023
G1 X123.554 Y90.973 E714.38519
G1 X123.891 Y91.274 E714.40022
G1 X124.142 Y91.637 E714.4149
G1 X124.302 Y92.061 E714.42998
G1 X124.35 Y92.5 E714.44466
G1 X124.302 Y92.937 E714.45929
G1 X124.142 Y93.362 E714.47439
G1 X123.891 Y93.726 E714.4891
G1 X123.555 Y94.026 E714.50408
G1 X123.158 Y94.235 E714.519
G1 X122.727 Y94.341 E714.53376
G1 X122.272 Y94.341 E714.5489
G1 F2700 E709.5489
G0 F9000 X122.201 Y94.631
G0 X120.404 Y127.5
G0 X120.465 Y128.001
G0 X120.644 Y128.473
G0 X120.932 Y128.889
G0 X121.273 Y129.191
G0 X122.207 Y129.632
G0 X122.278 Y129.342
G1 F2700 E714.5489
G1 F1500 X121.846 Y129.236 E714.56369
G1 X121.449 Y129.03 E714.57857
G1 X121.109 Y128.726 E714.59374
G1 X120.857 Y128.361 E714.60849
G1 X120.7 Y127.945 E714.62328
G1 X120.651 Y127.5 E714.63817
G1 X120.699 Y127.058 E714.65295
G1 X120.857 Y126.639 E714.66785
G1 X121.109 Y126.274 E714.6826
G1 X121.448 Y125.971 E714.69772
G1 X121.843 Y125.765 E714.71254
G1 X122.272 Y125.659 E714.72724
G1 X122.727 Y125.659 E714.74237
G1 X123.157 Y125.765 E714.7571
G1 X123.555 Y125.974 E714.77205
G1 X123.891 Y126.274 E714.78703
G1 X124.142 Y126.637 E714.80171
G1 X124.302 Y127.061 E714.81679
G1 X124.35 Y127.5 E714.83147
G1 X124.302 Y127.937 E714.8461
G1 X124.142 Y128.362 E714.8612
G1 X123.891 Y128.726 E714.87591
G1 X123.554 Y129.027 E714.89093
G1 X123.154 Y129.236 E714.90595
G1 X122.756 Y129.333 E714.91957
G1 X122.278 Y129.342 E714.93547
G0 F9000 X122.207 Y129.632
G0 X119.87 Y131.63
G0 X119.601 Y131.899
G1 F1500 X125.4 Y131.9 E715.12835
G1 X125.4 Y88.1 E716.58514
G1 X119.601 Y88.101 E716.77802
G1 X119.601 Y131.899 E718.23474
G0 F9000 X119.201 Y132.299
;TYPE:WALL-OUTER
G1 F1500 X125.8 Y132.3 E718.45423
G1 X125.8 Y87.7 E719.93763
G1 X119.201 Y87.701 E720.15711
G1 X119.201 Y132.299 E721.64045
G1 F2700 E716.64045
G0 F9000 X119.47 Y132.03
G0 X122.133 Y129.614
G0 X122.299 Y128.936
G1 F2700 E721.64045
G1 F1500 X122.008 Y128.864 E721.65042
G1 X121.657 Y128.68 E721.6636
G1 X121.4 Y128.443 E721.67523
G1 X121.206 Y128.153 E721.68683
G1 X121.089 Y127.834 E721.69813
G1 X121.051 Y127.5 E721.70931
G1 X121.099 Y127.13 E721.72172
G1 X121.229 Y126.803 E721.73343
G1 X121.431 Y126.522 E721.74494
G1 X121.698 Y126.292 E721.75666
G1 X122.008 Y126.136 E721.7682
G1 X122.299 Y126.064 E721.77817
G1 X122.7 Y126.064 E721.79151
G1 X122.992 Y126.136 E721.80151
G1 X123.343 Y126.32 E721.81469
G1 X123.6 Y126.557 E721.82632
G1 X123.794 Y126.847 E721.83793
G1 X123.912 Y127.177 E721.84958
G1 X123.95 Y127.5 E721.8604
G1 X123.911 Y127.834 E721.87158
G1 X123.771 Y128.197 E721.88452
G1 X123.569 Y128.478 E721.89603
G1 X123.302 Y128.708 E721.90776
G1 X122.992 Y128.864 E721.9193
G1 X122.687 Y128.939 E721.92974
G1 X122.299 Y128.936 E721.94265
G1 F2700 E716.94265
G0 F9000 X122.133 Y129.614
G0 X121.311 Y129.224
G0 X120.932 Y128.889
G0 X120.644 Y128.473
G0 X120.465 Y128.001
G0 X120.43 Y127.717
G0 X122.133 Y94.614
G0 X122.299 Y93.936
G1 F2700 E721.94265
G1 F1500 X122.008 Y93.864 E721.95262
G1 X121.657 Y93.68 E721.9658
G1 X121.4 Y93.443 E721.97743
G1 X121.206 Y93.153 E721.98903
G1 X121.089 Y92.834 E722.00034
G1 X121.051 Y92.5 E722.01152
G1 X121.099 Y92.13 E722.02393
G1 X121.229 Y91.803 E722.03563
G1 X121.431 Y91.522 E722.04714
G1 X121.698 Y91.292 E722.05886
G1 X122.008 Y91.136 E722.0704
G1 X122.313 Y91.061 E722.08085
G1 X122.701 Y91.064 E722.09375
G1 X122.992 Y91.136 E722.10373
G1 X123.343 Y91.32 E722.11691
G1 X123.6 Y91.557 E722.12853
G1 X123.794 Y91.847 E722.14014
G1 X123.912 Y92.177 E722.1518
G1 X123.95 Y92.5 E722.16261
G1 X123.911 Y92.834 E722.1738
G1 X123.771 Y93.197 E722.18674
G1 X123.569 Y93.478 E722.19825
G1 X123.302 Y93.708 E722.20997
G1 X122.992 Y93.864 E722.22151
G1 X122.7 Y93.936 E722.23151
G1 X122.299 Y93.936 E722.24485
G0 F9000 X122.211 Y94.408
;TYPE:FILL
G1 F3000 X119.681 Y95.086 E722.33197
G0 F9000 X119.9 Y95.086
G0 X119.9 Y96.909
G0 X119.679 Y96.909
G1 F3000 X125.319 Y102.549 E722.59726
G0 F9000 X125.318 Y101.857
G1 F3000 X119.68 Y103.368 E722.7914
G0 F9000 X119.679 Y102.566
G1 F3000 X125.319 Y108.206 E723.05668
G0 F9000 X125.1 Y108.206
G0 X125.1 Y110.139
G0 X125.319 Y110.139
G1 F3000 X119.681 Y111.65 E723.25082
G0 F9000 X119.9 Y111.65
G0 X119.9 Y113.88
G0 X119.68 Y113.88
G1 F3000 X125.319 Y119.52 E723.51609
G0 F9000 X125.1 Y119.52
G0 X125.1 Y118.422
G0 X125.319 Y118.422
G1 F3000 X119.68 Y119.932 E723.71025
G1 X119.68 Y119.841
G1 X125.319 Y98.797 E724.43487
G0 F9000 X125.1 Y98.797
G0 X125.1 Y97.716
G0 X125.319 Y97.716
G1 F3000 X119.68 Y99.227 E724.62904
G0 F9000 X119.9 Y99.227
G0 X119.9 Y104.387
G0 X119.68 Y104.387
G1 F3000 X122.351 Y94.42 E724.97224
G0 F9000 X122.825 Y94.398
G1 F3000 X125.319 Y96.892 E725.08955
G0 F9000 X125.1 Y96.892
G0 X123.835 Y94.177
G0 X123.69 Y94.011
G1 F3000 X125.319 Y93.575 E725.14564
G0 F9000 X125.1 Y93.575
G0 X125.1 Y91.235
G0 X125.319 Y91.235
G1 F3000 X122.265 Y88.181 E725.28929
G0 F9000 X122.265 Y88.4
G0 X124.023 Y88.4
G0 X124.023 Y88.179
G1 F3000 X123.33 Y90.764 E725.3783
G0 F9000 X123.432 Y90.572
G0 X125.1 Y89.434
G0 X125.319 Y89.434
G1 F3000 X119.681 Y90.945 E725.57244
G0 F9000 X119.679 Y91.252
G1 F3000 X120.604 Y92.177 E725.61595
G0 F9000 X120.386 Y92.151
G0 X119.9 Y88.932
G0 X119.68 Y88.932
G1 F3000 X119.882 Y88.179 E725.64188
G0 F9000 X119.882 Y88.4
G0 X120.465 Y93.001
G0 X125.1 Y105.998
G0 X125.319 Y105.998
G1 F3000 X119.681 Y107.509 E725.83602
G0 F9000 X119.679 Y108.223
G1 F3000 X125.319 Y113.863 E726.10131
G0 F9000 X125.319 Y114.252
G1 F3000 X122.284 Y125.578 E726.4913
G0 F9000 X122.284 Y125.359
G0 X121.757 Y125.54
G0 X121.396 Y125.731
G0 X120.729 Y126.298
G0 X120.909 Y126.423
G1 F3000 X119.68 Y125.194 E726.54911
G0 F9000 X119.9 Y125.194
G0 X119.9 Y124.074
G0 X119.68 Y124.074
G1 F3000 X125.318 Y122.563 E726.74325
G0 F9000 X125.1 Y122.563
G0 X125.1 Y125.176
G0 X125.319 Y125.176
G1 F3000 X119.68 Y119.537 E727.00849
G0 F9000 X119.9 Y119.537
G0 X119.9 Y115.791
G0 X119.681 Y115.791
G1 F3000 X125.319 Y114.281 E727.20262
G0 F9000 X125.1 Y114.281
G0 X125.1 Y126.704
G0 X125.318 Y126.704
G1 F3000 X124.348 Y126.964 E727.23602
G0 F9000 X124.557 Y126.886
G0 X124.596 Y127.5
G0 X124.535 Y128.001
G0 X124.356 Y128.473
G0 X123.687 Y129.294
G0 X123.587 Y129.101
G1 F3000 X125.319 Y130.833 E727.31749
G1 X125.319 Y130.845
G1 X121.684 Y131.819 E727.44265
G0 F9000 X121.684 Y131.6
G0 X120.647 Y131.6
G0 X120.647 Y131.818
G1 F3000 X119.68 Y130.851 E727.48814
G0 F9000 X119.9 Y130.851
G0 X120.612 Y131.6
G0 X120.612 Y131.819
G1 F3000 X121.353 Y129.052 E727.58341
G0 F9000 X121.208 Y129.215
G0 X120.888 Y128.794
G0 X120.415 Y128.04
G0 X120.62 Y127.963
G1 F3000 X119.68 Y128.215 E727.61578
G0 F9000 X119.9 Y128.215
G0 X121.311 Y129.224
G0 X121.757 Y129.46
G0 X122.155 Y129.557
G0 X125.1 Y129.706
G0 X125.319 Y129.706
G1 F3000 X124.753 Y131.82 E727.68857
G0 F9000 X124.753 Y131.3
G1 F2700 E722.68857
;MESH:NONMESH
G0 F300 X124.753 Y131.3 Z6
G0 F9000 X124.143 Y127.096
G0 X119.42 Y108.495
G0 X118.335 Y108.495
G0 X97.665 Y108.495
G0 X96.4 Y108.495
;TIME_ELAPSED:1328.190292
;LAYER:29
;TYPE:WALL-INNER
;MESH:Garmin_GFC500 Wheel Support - Wheel Spacer.stl
G1 F2700 E727.68857
G1 F1500 X96.4 Y100.958 E727.93925
G1 X94.6 Y100.958 E727.99912
G1 X94.6 Y108.495 E728.2498
G1 X96.4 Y108.495 E728.30967
G0 F9000 X96.8 Y108.895
;TYPE:WALL-OUTER
G1 F1500 X96.8 Y100.558 E728.58696
G1 X94.2 Y100.558 E728.67343
G1 X94.2 Y108.895 E728.95072
G1 X96.8 Y108.895 E729.0372
G0 F9000 X96.53 Y108.625
G0 X96.228 Y107.022
G0 X96.077 Y107.048
;TYPE:FILL
G1 F3000 X94.68 Y105.651 E729.10291
G0 F9000 X94.679 Y106.072
G1 F3000 X96.318 Y105.633 E729.15935
G0 F9000 X96.1 Y105.633
G0 X94.9 Y104.417
G0 X94.679 Y104.417
G1 F3000 X95.585 Y101.037 E729.27573
G1 X95.723 Y101.037
G1 X96.319 Y101.634 E729.30379
G1 X96.319 Y101.492
G1 X94.679 Y101.931 E729.36026
G0 F9000 X94.9 Y101.931
G0 X96.228 Y107.022
G0 X96.3 Y108.135
G0 X96.04 Y108.135
;TYPE:SKIN
G1 F1500 X94.961 Y108.135 E729.39615
G1 X94.961 Y107.091 E729.43087
G1 X96.04 Y107.091 E729.46676
G1 X96.04 Y108.135 E729.50148
G0 F9000 X95.8 Y106.65
G1 F2700 E724.50148
G0 F9000 X96.228 Y107.022
G0 X96.228 Y108.193
G0 X96.13 Y108.675
G0 X96.13 Y111.325
G0 X96.218 Y111.642
G0 X96.13 Y118.772
G0 X96.4 Y119.041
;TYPE:WALL-INNER
G1 F2700 E729.50148
G1 F1500 X96.4 Y111.505 E729.75213
G1 X94.6 Y111.505 E729.812
G1 X94.6 Y119.041 E730.06265
G1 X96.4 Y119.041 E730.12251
G0 F9000 X96.8 Y119.441
;TYPE:WALL-OUTER
G1 F1500 X96.8 Y111.105 E730.39977
G1 X94.2 Y111.105 E730.48625
G1 X94.2 Y119.441 E730.7635
G1 X96.8 Y119.441 E730.84998
G0 F9000 X96.319 Y118.605
;TYPE:FILL
G1 F3000 X94.679 Y116.964 E730.92714
G0 F9000 X94.9 Y116.964
G0 X94.9 Y118.495
G0 X94.68 Y118.495
G1 F3000 X96.318 Y118.056 E730.98355
G0 F9000 X96.1 Y118.056
G0 X94.925 Y118.742
G0 X94.924 Y118.96
G1 F3000 X96.319 Y113.753 E731.16284
G1 X96.318 Y113.915
G1 X94.68 Y114.354 E731.21924
G0 F9000 X94.9 Y114.354
G0 X96.04 Y113.05
G0 X96.04 Y112.91
;TYPE:SKIN
G1 F1500 X94.961 Y112.91 E731.25513
G1 X94.961 Y111.866 E731.28985
G1 X96.04 Y111.866 E731.32574
G1 X96.04 Y112.91 E731.36046
G0 F9000 X95.8 Y113.35
G1 F2700 E726.36046
G0 F9000 X96.586 Y119.228
G0 X97.665 Y119.228
G0 X118.335 Y119.228
G0 X119.42 Y119.228
G0 X119.87 Y131.63
G0 X119.601 Y131.899
;TYPE:WALL-INNER
G1 F2700 E731.36046
G1 F1500 X125.4 Y131.9 E731.55334
G1 X125.4 Y88.1 E733.01013
G1 X119.601 Y88.101 E733.20301
G1 X119.601 Y131.899 E734.65974
G0 F9000 X119.87 Y131.63
G0 X122.207 Y129.632
G0 X122.278 Y129.342
G1 F1500 X121.846 Y129.236 E734.67453
G1 X121.449 Y129.03 E734.68941
G1 X121.109 Y128.726 E734.70458
G1 X120.857 Y128.361 E734.71933
G1 X120.7 Y127.945 E734.73412
G1 X120.651 Y127.5 E734.74901
G1 X120.699 Y127.058 E734.7638
G1 X120.857 Y126.639 E734.77869
G1 X121.109 Y126.274 E734.79344
G1 X121.448 Y125.971 E734.80856
G1 X121.843 Y125.765 E734.82338
G1 X122.272 Y125.659 E734.83808
G1 X122.727 Y125.659 E734.85321
G1 X123.157 Y125.765 E734.86794
G1 X123.555 Y125.974 E734.88289
G1 X123.891 Y126.274 E734.89788
G1 X124.142 Y126.637 E734.91255
G1 X124.302 Y127.061 E734.92763
G1 X124.35 Y127.5 E734.94232
G1 X124.302 Y127.937 E734.95694
G1 X124.142 Y128.362 E734.97204
G1 X123.891 Y128.726 E734.98675
G1 X123.554 Y129.027 E735.00178
G1 X123.154 Y129.236 E735.01679
G1 X122.756 Y129.333 E735.03041
G1 X122.278 Y129.342 E735.04631
G1 F2700 E730.04631
G0 F9000 X122.207 Y129.632
G0 X121.311 Y129.224
G0 X120.932 Y128.889
G0 X120.644 Y128.473
G0 X120.465 Y128.001
G0 X120.43 Y127.717
G0 X122.201 Y94.631
G0 X122.272 Y94.341
G1 F2700 E735.04631
G1 F1500 X121.843 Y94.235 E735.06101
G1 X121.448 Y94.029 E735.07583
G1 X121.109 Y93.726 E735.09095
G1 X120.857 Y93.361 E735.1057
G1 X120.7 Y92.945 E735.12049
G1 X120.651 Y92.5 E735.13538
G1 X120.699 Y92.058 E735.15017
G1 X120.857 Y91.639 E735.16506
G1 X121.109 Y91.274 E735.17982
G1 X121.449 Y90.97 E735.19499
G1 X121.847 Y90.764 E735.20989
G1 X122.244 Y90.667 E735.22348
G1 X122.723 Y90.658 E735.23942
G1 X123.155 Y90.765 E735.25422
G1 X123.554 Y90.973 E735.26919
G1 X123.891 Y91.274 E735.28421
G1 X124.142 Y91.637 E735.29889
G1 X124.302 Y92.061 E735.31397
G1 X124.35 Y92.5 E735.32865
G1 X124.302 Y92.937 E735.34328
G1 X124.142 Y93.362 E735.35838
G1 X123.891 Y93.726 E735.37309
G1 X123.555 Y94.026 E735.38807
G1 X123.158 Y94.235 E735.40299
G1 X122.727 Y94.341 E735.41775
G1 X122.272 Y94.341 E735.43289
G0 F9000 X122.299 Y93.936
;TYPE:WALL-OUTER
G1 F1500 X122.008 Y93.864 E735.44286
G1 X121.657 Y93.68 E735.45604
G1 X121.4 Y93.443 E735.46767
G1 X121.206 Y93.153 E735.47927
G1 X121.089 Y92.834 E735.49057
G1 X121.051 Y92.5 E735.50175
G1 X121.099 Y92.13 E735.51416
G1 X121.229 Y91.803 E735.52587
G1 X121.431 Y91.522 E735.53738
G1 X121.698 Y91.292 E735.5491
G1 X122.008 Y91.136 E735.56064
G1 X122.313 Y91.061 E735.57109
G1 X122.701 Y91.064 E735.58399
G1 X122.992 Y91.136 E735.59396
G1 X123.343 Y91.32 E735.60714
G1 X123.6 Y91.557 E735.61877
G1 X123.794 Y91.847 E735.63038
G1 X123.912 Y92.177 E735.64203
G1 X123.95 Y92.5 E735.65285
G1 X123.911 Y92.834 E735.66403
G1 X123.771 Y93.197 E735.67697
G1 X123.569 Y93.478 E735.68848
G1 X123.302 Y93.708 E735.7002
G1 X122.992 Y93.864 E735.71175
G1 X122.7 Y93.936 E735.72175
G1 X122.299 Y93.936 E735.73509
G1 F2700 E730.73509
G0 F9000 X122.133 Y94.614
G0 X120.404 Y127.5
G0 X120.465 Y128.001
G0 X120.644 Y128.473
G0 X120.932 Y128.889
G0 X121.239 Y129.161
G0 X122.133 Y129.614
G0 X122.299 Y128.936
G1 F2700 E735.73509
G1 F1500 X122.008 Y128.864 E735.74506
G1 X121.657 Y128.68 E735.75824
G1 X121.4 Y128.443 E735.76987
G1 X121.206 Y128.153 E735.78147
G1 X121.089 Y127.834 E735.79277
G1 X121.051 Y127.5 E735.80395
G1 X121.099 Y127.13 E735.81636
G1 X121.229 Y126.803 E735.82807
G1 X121.431 Y126.522 E735.83958
G1 X121.698 Y126.292 E735.8513
G1 X122.008 Y126.136 E735.86284
G1 X122.299 Y126.064 E735.87281
G1 X122.7 Y126.064 E735.88615
G1 X122.992 Y126.136 E735.89615
G1 X123.343 Y126.32 E735.90933
G1 X123.6 Y126.557 E735.92096
G1 X123.794 Y126.847 E735.93256
G1 X123.912 Y127.177 E735.94422
G1 X123.95 Y127.5 E735.95504
G1 X123.911 Y127.834 E735.96622
G1 X123.771 Y128.197 E735.97916
G1 X123.569 Y128.478 E735.99067
G1 X123.302 Y128.708 E736.00239
G1 X122.992 Y128.864 E736.01394
G1 X122.687 Y128.939 E736.02438
G1 X122.299 Y128.936 E736.03729
G1 F2700 E731.03729
G0 F9000 X122.133 Y129.614
G0 X119.47 Y132.03
G0 X119.201 Y132.299
G1 F2700 E736.03729
G1 F1500 X125.8 Y132.3 E736.25677
G1 X125.8 Y87.7 E737.74017
G1 X119.201 Y87.701 E737.95966
G1 X119.201 Y132.299 E739.44299
G0 F9000 X119.47 Y132.03
G0 X120.466 Y131.6
G0 X120.466 Y131.818
;TYPE:FILL
G1 F3000 X121.236 Y128.946 E739.54189
G0 F9000 X121.09 Y129.11
G0 X120.465 Y128.172
G0 X120.67 Y128.095
G1 F3000 X119.681 Y128.36 E739.57594
G0 F9000 X119.9 Y128.36
G0 X119.9 Y130.652
G0 X119.68 Y130.652
G1 F3000 X120.846 Y131.818 E739.63079
G0 F9000 X120.846 Y131.6
G0 X122.229 Y131.6
G0 X122.229 Y131.819
G1 F3000 X125.319 Y130.991 E739.73719
G0 F9000 X125.319 Y130.634
G1 F3000 X123.694 Y129.009 E739.81362
G0 F9000 X123.838 Y129.174
G0 X125.1 Y129.162
G0 X125.319 Y129.162
G1 F3000 X124.607 Y131.82 E739.90515
G0 F9000 X124.607 Y131.6
G0 X124.606 Y127.075
G0 X124.386 Y127.1
G1 F3000 X125.319 Y126.85 E739.93727
G0 F9000 X125.1 Y126.85
G0 X125.1 Y124.977
G0 X125.319 Y124.977
G1 F3000 X119.68 Y119.338 E740.20251
G1 X119.68 Y119.296
G1 X125.319 Y98.252 E740.92713
G0 F9000 X125.318 Y97.862
G1 F3000 X119.681 Y99.373 E741.12124
G0 F9000 X119.9 Y99.373
G0 X119.9 Y96.71
G0 X119.679 Y96.71
G1 F3000 X125.319 Y102.35 E741.38653
G0 F9000 X125.319 Y102.003
G1 F3000 X119.681 Y103.514 E741.58067
G0 F9000 X119.68 Y103.841
G1 F3000 X122.208 Y94.406 E741.90555
G0 F9000 X122.71 Y94.42
G1 F3000 X119.68 Y95.232 E742.00988
G0 F9000 X119.9 Y95.232
G0 X120.428 Y91.927
G0 X120.632 Y92.005
G1 F3000 X119.679 Y91.053 E742.05468
G1 X119.681 Y91.091
G1 X125.319 Y89.58 E742.24882
G0 F9000 X125.1 Y89.58
G0 X125.1 Y91.036
G0 X125.319 Y91.036
G1 F3000 X122.464 Y88.181 E742.38311
G0 F9000 X122.464 Y88.4
G0 X123.877 Y88.4
G0 X123.877 Y88.179
G1 F3000 X123.203 Y90.696 E742.46978
G0 F9000 X123.304 Y90.505
G0 X124.068 Y91.111
G0 X124.356 Y91.527
G0 X124.535 Y91.999
G0 X124.596 Y92.5
G0 X124.535 Y93.001
G0 X124.356 Y93.473
G0 X124.123 Y93.81
G0 X123.355 Y94.469
G0 X123.253 Y94.274
G1 F3000 X125.319 Y93.721 E742.54091
G0 F9000 X125.1 Y93.721
G0 X123.037 Y94.573
G0 X122.986 Y94.359
G1 F3000 X125.319 Y96.693 E742.65067
G0 F9000 X125.1 Y96.693
G0 X119.9 Y102.367
G0 X119.679 Y102.367
G1 F3000 X125.319 Y108.007 E742.91596
G0 F9000 X125.1 Y108.007
G0 X125.1 Y106.144
G0 X125.319 Y106.144
G1 F3000 X119.681 Y107.655 E743.1101
G0 F9000 X119.679 Y108.023
G1 F3000 X125.319 Y113.663 E743.37539
G1 X125.319 Y113.707
G1 X122.129 Y125.611 E743.78528
G0 F9000 X122.078 Y125.399
G0 X121.457 Y125.704
G0 X120.81 Y126.181
G0 X120.991 Y126.306
G1 F3000 X119.68 Y124.995 E743.84695
G0 F9000 X119.68 Y124.22
G1 F3000 X125.318 Y122.709 E744.04109
G0 F9000 X125.1 Y122.709
G0 X125.1 Y119.32
G0 X125.319 Y119.32
G1 F3000 X119.68 Y113.681 E744.30633
G0 F9000 X119.9 Y113.681
G0 X119.9 Y111.796
G0 X119.681 Y111.796
G1 F3000 X125.319 Y110.285 E744.50047
G0 F9000 X125.1 Y110.285
G0 X125.1 Y114.427
G0 X125.319 Y114.427
G1 F3000 X119.68 Y115.937 E744.69463
G0 F9000 X119.9 Y115.937
G0 X119.9 Y120.078
G0 X119.68 Y120.078
G1 F3000 X125.318 Y118.568 E744.88876
G1 F2700 E739.88876
G0 F9000 X125.1 Y118.568
G0 X120.404 Y92.5
G0 X119.9 Y88.388
G0 X119.68 Y88.388
G1 F2700 E744.88876
G1 F3000 X119.736 Y88.179 E744.89596
G0 F9000 X120.2 Y88.582
G1 F2700 E739.89596
;MESH:NONMESH
G0 F300 X120.2 Y88.582 Z6.2
G0 F9000 X119.42 Y107.982
G0 X118.335 Y107.982
G0 X97.665 Y107.982
G0 X96.4 Y107.982
;TIME_ELAPSED:1360.459595
;LAYER:30
;TYPE:WALL-INNER
;MESH:Garmin_GFC500 Wheel Support - Wheel Spacer.stl
G1 F2700 E744.89596
G1 F1500 X96.4 Y101.074 E745.12572
G1 X94.6 Y101.074 E745.18558
G1 X94.6 Y107.982 E745.41535
G1 X96.4 Y107.982 E745.47521
G0 F9000 X96.8 Y108.382
;TYPE:WALL-OUTER
G1 F1500 X96.8 Y100.674 E745.73158
G1 X94.2 Y100.674 E745.81806
G1 X94.2 Y108.382 E746.07443
G1 X96.8 Y108.382 E746.1609
G0 F9000 X96.53 Y108.112
G0 X96.228 Y106.82
G0 X96.076 Y106.847
;TYPE:FILL
G1 F3000 X94.679 Y105.45 E746.22662
G0 F9000 X94.679 Y106.219
G1 F3000 X96.318 Y105.78 E746.28305
G0 F9000 X96.1 Y105.78
G0 X94.9 Y103.869
G0 X94.679 Y103.869
G1 F3000 X95.407 Y101.153 E746.37657
G0 F9000 X96.039 Y101.153
G1 F3000 X96.319 Y101.433 E746.38974
G0 F9000 X96.319 Y101.639
G1 F3000 X94.679 Y102.078 E746.44621
G0 F9000 X94.9 Y102.078
G0 X95.957 Y106.748
G0 X95.957 Y107.539
;TYPE:SKIN
G1 F1058.2 X95.043 Y107.539 E746.4893
G1 X95.043 Y106.971 E746.51608
G1 X95.957 Y106.971 E746.55917
G1 X95.957 Y107.539 E746.58595
G0 F9000 X95.8 Y106.448
G1 F2700 E741.58595
G0 F9000 X96.228 Y106.82
G0 X96.228 Y107.711
G0 X96.13 Y108.162
G0 X96.13 Y109.247
G0 X96.13 Y110.753
G0 X96.13 Y111.838
G0 X96.218 Y112.155
G0 X96.13 Y118.656
G0 X96.4 Y118.925
;TYPE:WALL-INNER
G1 F2700 E746.58595
G1 F1500 X96.4 Y112.018 E746.81568
G1 X94.6 Y112.018 E746.87555
G1 X94.6 Y118.925 E747.10528
G1 X96.4 Y118.925 E747.16514
G0 F9000 X96.8 Y119.325
;TYPE:WALL-OUTER
G1 F1500 X96.8 Y111.618 E747.42148
G1 X94.2 Y111.618 E747.50796
G1 X94.2 Y119.325 E747.76429
G1 X96.8 Y119.325 E747.85077
G0 F9000 X96.53 Y119.056
G0 X96.1 Y118.404
G0 X96.319 Y118.404
;TYPE:FILL
G1 F3000 X94.679 Y116.763 E747.92793
G0 F9000 X94.9 Y116.763
G0 X94.9 Y118.642
G0 X94.68 Y118.642
G1 F3000 X96.318 Y118.203 E747.98434
G0 F9000 X96.1 Y118.203
G0 X94.809 Y118.626
G0 X94.808 Y118.844
G1 F3000 X96.319 Y113.205 E748.17851
G0 F9000 X96.319 Y114.062
G1 F3000 X94.679 Y114.501 E748.23497
G0 F9000 X94.9 Y114.501
G0 X95.957 Y113.252
G0 X95.957 Y113.029
;TYPE:SKIN
G1 F1058.2 X95.043 Y113.029 E748.27807
G1 X95.043 Y112.461 E748.30484
G1 X95.957 Y112.461 E748.34794
G1 X95.957 Y113.029 E748.37471
G0 F9000 X95.8 Y113.552
G1 F2700 E743.37471
G0 F9000 X96.586 Y119.112
G0 X97.665 Y119.112
G0 X118.335 Y119.112
G0 X119.42 Y119.112
G0 X119.87 Y131.63
G0 X119.601 Y131.899
;TYPE:WALL-INNER
G1 F2700 E748.37471
G1 F1500 X125.4 Y131.9 E748.56759
G1 X125.4 Y88.1 E750.02438
G1 X119.601 Y88.101 E750.21726
G1 X119.601 Y131.899 E751.67399
G0 F9000 X119.87 Y131.63
G0 X122.207 Y129.632
G0 X122.278 Y129.342
G1 F1500 X121.846 Y129.236 E751.68878
G1 X121.449 Y129.03 E751.70366
G1 X121.109 Y128.726 E751.71883
G1 X120.857 Y128.361 E751.73358
G1 X120.7 Y127.945 E751.74837
G1 X120.651 Y127.5 E751.76326
G1 X120.699 Y127.058 E751.77805
G1 X120.857 Y126.639 E751.79294
G1 X121.109 Y126.274 E751.80769
G1 X121.448 Y125.971 E751.82281
G1 X121.843 Y125.765 E751.83763
G1 X122.272 Y125.659 E751.85233
G1 X122.727 Y125.659 E751.86746
G1 X123.157 Y125.765 E751.88219
G1 X123.555 Y125.974 E751.89714
G1 X123.891 Y126.274 E751.91213
G1 X124.142 Y126.637 E751.9268
G1 X124.302 Y127.061 E751.94188
G1 X124.35 Y127.5 E751.95657
G1 X124.302 Y127.937 E751.97119
G1 X124.142 Y128.362 E751.98629
G1 X123.891 Y128.726 E752.001
G1 X123.554 Y129.027 E752.01603
G1 X123.154 Y129.236 E752.03104
G1 X122.756 Y129.333 E752.04466
G1 X122.278 Y129.342 E752.06056
G1 F2700 E747.06056
G0 F9000 X122.207 Y129.632
G0 X121.311 Y129.224
G0 X120.932 Y128.889
G0 X120.644 Y128.473
G0 X120.465 Y128.001
G0 X120.43 Y127.717
G0 X122.201 Y94.631
G0 X122.272 Y94.341
G1 F2700 E752.06056
G1 F1500 X121.843 Y94.235 E752.07526
G1 X121.448 Y94.029 E752.09008
G1 X121.109 Y93.726 E752.1052
G1 X120.857 Y93.361 E752.11995
G1 X120.7 Y92.945 E752.13474
G1 X120.651 Y92.5 E752.14963
G1 X120.699 Y92.058 E752.16442
G1 X120.857 Y91.639 E752.17931
G1 X121.109 Y91.274 E752.19407
G1 X121.449 Y90.97 E752.20924
G1 X121.847 Y90.764 E752.22414
G1 X122.244 Y90.667 E752.23773
G1 X122.723 Y90.658 E752.25367
G1 X123.155 Y90.765 E752.26847
G1 X123.554 Y90.973 E752.28344
G1 X123.891 Y91.274 E752.29847
G1 X124.142 Y91.637 E752.31314
G1 X124.302 Y92.061 E752.32822
G1 X124.35 Y92.5 E752.3429
G1 X124.302 Y92.937 E752.35753
G1 X124.142 Y93.362 E752.37263
G1 X123.891 Y93.726 E752.38734
G1 X123.555 Y94.026 E752.40232
G1 X123.158 Y94.235 E752.41724
G1 X122.727 Y94.341 E752.432
G1 X122.272 Y94.341 E752.44714
G0 F9000 X122.299 Y93.936
;TYPE:WALL-OUTER
G1 F1500 X122.008 Y93.864 E752.45711
G1 X121.657 Y93.68 E752.47029
G1 X121.4 Y93.443 E752.48192
G1 X121.206 Y93.153 E752.49352
G1 X121.089 Y92.834 E752.50482
G1 X121.051 Y92.5 E752.516
G1 X121.099 Y92.13 E752.52841
G1 X121.229 Y91.803 E752.54012
G1 X121.431 Y91.522 E752.55163
G1 X121.698 Y91.292 E752.56335
G1 X122.008 Y91.136 E752.57489
G1 X122.313 Y91.061 E752.58534
G1 X122.701 Y91.064 E752.59824
G1 X122.992 Y91.136 E752.60821
G1 X123.343 Y91.32 E752.62139
G1 X123.6 Y91.557 E752.63302
G1 X123.794 Y91.847 E752.64463
G1 X123.912 Y92.177 E752.65628
G1 X123.95 Y92.5 E752.6671
G1 X123.911 Y92.834 E752.67828
G1 X123.771 Y93.197 E752.69122
G1 X123.569 Y93.478 E752.70273
G1 X123.302 Y93.708 E752.71446
G1 X122.992 Y93.864 E752.726
G1 X122.7 Y93.936 E752.736
G1 X122.299 Y93.936 E752.74934
G1 F2700 E747.74934
G0 F9000 X122.133 Y94.614
G0 X120.404 Y127.5
G0 X120.465 Y128.001
G0 X120.644 Y128.473
G0 X120.932 Y128.889
G0 X121.239 Y129.161
G0 X122.133 Y129.614
G0 X122.299 Y128.936
G1 F2700 E752.74934
G1 F1500 X122.008 Y128.864 E752.75931
G1 X121.657 Y128.68 E752.77249
G1 X121.4 Y128.443 E752.78412
G1 X121.206 Y128.153 E752.79572
G1 X121.089 Y127.834 E752.80702
G1 X121.051 Y127.5 E752.8182
G1 X121.099 Y127.13 E752.83061
G1 X121.229 Y126.803 E752.84232
G1 X121.431 Y126.522 E752.85383
G1 X121.698 Y126.292 E752.86555
G1 X122.008 Y126.136 E752.87709
G1 X122.299 Y126.064 E752.88706
G1 X122.7 Y126.064 E752.9004
G1 X122.992 Y126.136 E752.9104
G1 X123.343 Y126.32 E752.92358
G1 X123.6 Y126.557 E752.93521
G1 X123.794 Y126.847 E752.94682
G1 X123.912 Y127.177 E752.95847
G1 X123.95 Y127.5 E752.96929
G1 X123.911 Y127.834 E752.98047
G1 X123.771 Y128.197 E752.99341
G1 X123.569 Y128.478 E753.00492
G1 X123.302 Y128.708 E753.01664
G1 X122.992 Y128.864 E753.02819
G1 X122.687 Y128.939 E753.03863
G1 X122.299 Y128.936 E753.05154
G1 F2700 E748.05154
G0 F9000 X122.133 Y129.614
G0 X119.47 Y132.03
G0 X119.201 Y132.299
G1 F2700 E753.05154
G1 F1500 X125.8 Y132.3 E753.27102
G1 X125.8 Y87.7 E754.75442
G1 X119.201 Y87.701 E754.97391
G1 X119.201 Y132.299 E756.45724
G0 F9000 X119.47 Y132.03
G0 X120.319 Y131.6
G0 X120.319 Y131.818
;TYPE:FILL
G1 F3000 X121.117 Y128.84 E756.55979
G0 F9000 X120.721 Y128.229
G1 F3000 X119.68 Y128.508 E756.59563
G0 F9000 X119.9 Y128.508
G0 X119.9 Y130.451
G0 X119.68 Y130.451
G1 F3000 X121.047 Y131.818 E756.65993
G0 F9000 X121.047 Y131.6
G0 X122.777 Y131.6
G0 X122.777 Y131.819
G1 F3000 X125.319 Y131.138 E756.74746
G0 F9000 X125.319 Y130.433
G1 F3000 X123.8 Y128.914 E756.81891
G0 F9000 X123.945 Y129.079
G0 X125.1 Y128.613
G0 X125.319 Y128.613
G1 F3000 X124.46 Y131.82 E756.92934
G0 F9000 X124.46 Y131.6
G0 X124.623 Y127.218
G0 X124.401 Y127.243
G1 F3000 X125.319 Y126.997 E756.96095
G0 F9000 X125.1 Y126.997
G0 X125.1 Y124.776
G0 X125.319 Y124.776
G1 F3000 X119.68 Y119.137 E757.22619
G0 F9000 X119.68 Y118.747
G1 F3000 X125.319 Y97.704 E757.95077
G0 F9000 X125.318 Y98.009
G1 F3000 X119.68 Y99.52 E758.14491
G0 F9000 X119.9 Y99.52
G0 X119.9 Y102.166
G0 X119.679 Y102.166
G1 F3000 X125.319 Y107.806 E758.4102
G0 F9000 X125.1 Y107.806
G0 X125.1 Y106.291
G0 X125.319 Y106.291
G1 F3000 X119.681 Y107.802 E758.60434
G1 X119.679 Y107.823
G1 X125.319 Y113.463 E758.86963
G0 F9000 X125.319 Y113.158
G1 F3000 X121.972 Y125.65 E759.29977
G0 F9000 X121.921 Y125.437
G0 X120.934 Y126.028
G0 X121.078 Y126.192
G1 F3000 X119.68 Y124.794 E759.36553
G0 F9000 X119.68 Y124.367
G1 F3000 X125.318 Y122.856 E759.55966
G0 F9000 X125.1 Y122.856
G0 X125.1 Y119.119
G0 X125.319 Y119.119
G1 F3000 X119.68 Y113.48 E759.8249
G0 F9000 X119.9 Y113.48
G0 X119.9 Y111.943
G0 X119.681 Y111.943
G1 F3000 X125.319 Y110.432 E760.01904
G0 F9000 X125.1 Y110.432
G0 X125.1 Y114.574
G0 X125.319 Y114.574
G1 F3000 X119.68 Y116.084 E760.2132
G0 F9000 X119.9 Y116.084
G0 X119.9 Y120.225
G0 X119.68 Y120.225
G1 F3000 X125.318 Y118.715 E760.40733
G0 F9000 X125.1 Y118.715
G0 X119.9 Y103.661
G0 X119.681 Y103.661
G1 F3000 X125.318 Y102.15 E760.60144
G1 X125.319 Y102.149
G1 X119.679 Y96.509 E760.86673
G0 F9000 X119.9 Y96.509
G0 X119.9 Y95.379
G0 X119.68 Y95.379
G1 F3000 X125.319 Y93.868 E761.0609
G0 F9000 X125.1 Y93.868
G0 X123.198 Y94.534
G0 X123.147 Y94.32
G1 F3000 X125.319 Y96.492 E761.16306
G0 F9000 X125.1 Y96.492
G0 X122.018 Y94.586
G0 X122.07 Y94.372
G1 F3000 X119.68 Y103.293 E761.47024
G0 F9000 X119.9 Y103.293
G0 X120.309 Y94.55
G0 X120.483 Y91.782
G0 X120.687 Y91.86
G1 F3000 X119.679 Y90.852 E761.51765
G0 F9000 X119.681 Y91.238
G1 F3000 X125.319 Y89.727 E761.71179
G0 F9000 X125.1 Y89.727
G0 X125.1 Y90.835
G0 X125.319 Y90.835
G1 F3000 X122.665 Y88.181 E761.83663
G0 F9000 X122.665 Y88.4
G0 X123.73 Y88.4
G0 X123.73 Y88.179
G1 F3000 X123.065 Y90.659 E761.92203
G0 F9000 X123.189 Y90.156
G1 F2700 E756.92203
;MESH:NONMESH
G0 F300 X123.189 Y90.156 Z6.4
G0 F9000 X123.999 Y91.714
G0 X124.143 Y92.096
G0 X124.193 Y92.5
G0 X119.42 Y106.748
G0 X118.335 Y106.748
G0 X97.665 Y106.748
G0 X96.58 Y106.748
G0 X96.13 Y106.748
G0 X96.4 Y107.601
;TIME_ELAPSED:1391.855854
;LAYER:31
;TYPE:WALL-INNER
;MESH:Garmin_GFC500 Wheel Support - Wheel Spacer.stl
G1 F2700 E761.92203
G1 F1500 X96.4 Y101.191 E762.13522
G1 X94.6 Y101.191 E762.19509
G1 X94.6 Y107.601 E762.40829
G1 X96.4 Y107.601 E762.46816
G0 F9000 X96.8 Y108.001
;TYPE:WALL-OUTER
G1 F1500 X96.8 Y100.791 E762.70796
G1 X94.2 Y100.791 E762.79444
G1 X94.2 Y108.001 E763.03425
G1 X96.8 Y108.001 E763.12072
G0 F9000 X96.53 Y107.731
G0 X96.258 Y106.787
G0 X96.137 Y106.708
;TYPE:FILL
G1 F3000 X94.68 Y105.251 E763.18926
G0 F9000 X94.9 Y105.251
G0 X94.9 Y106.365
G0 X94.679 Y106.365
G1 F3000 X96.318 Y105.926 E763.24569
G0 F9000 X96.1 Y105.926
G0 X94.9 Y103.324
G0 X94.679 Y103.324
G1 F3000 X95.23 Y101.27 E763.31642
G0 F9000 X95.23 Y101.491
G0 X94.9 Y102.224
G0 X94.679 Y102.224
G1 F3000 X96.318 Y101.785 E763.37286
G0 F9000 X96.1 Y101.785
G0 X96.018 Y106.61
G0 X96.018 Y107.219
;TYPE:SKIN
G1 F1348.3 X94.983 Y107.219 E763.41115
G1 X94.983 Y106.773 E763.42766
G1 X96.018 Y106.773 E763.46595
G1 X96.018 Y107.219 E763.48246
G0 F9000 X95.8 Y106.31
G1 F2700 E758.48246
G0 F9000 X96.228 Y106.682
G0 X96.228 Y107.287
G0 X96.13 Y107.781
G0 X96.13 Y108.866
G0 X96.13 Y111.134
G0 X96.13 Y112.219
G0 X96.218 Y112.536
G0 X96.13 Y118.539
G0 X96.4 Y118.808
;TYPE:WALL-INNER
G1 F2700 E763.48246
G1 F1500 X96.4 Y112.399 E763.69562
G1 X94.6 Y112.399 E763.75549
G1 X94.6 Y118.808 E763.96865
G1 X96.4 Y118.808 E764.02852
G0 F9000 X96.8 Y119.208
;TYPE:WALL-OUTER
G1 F1500 X96.8 Y111.999 E764.26829
G1 X94.2 Y111.999 E764.35477
G1 X94.2 Y119.208 E764.59454
G1 X96.8 Y119.208 E764.68102
G0 F9000 X96.318 Y118.349
;TYPE:FILL
G1 F3000 X94.906 Y118.727 E764.72964
G0 F9000 X94.693 Y118.728
G1 F3000 X96.15 Y113.288 E764.91695
G0 F9000 X96.319 Y114.208
G1 F3000 X94.68 Y114.647 E764.97338
G0 F9000 X94.9 Y114.647
G0 X94.9 Y116.564
G0 X94.679 Y116.564
G1 F3000 X96.319 Y118.204 E765.05052
G0 F9000 X96.1 Y118.204
G0 X96.018 Y113.39
G0 X96.018 Y113.228
;TYPE:SKIN
G1 F1348.3 X94.983 Y113.228 E765.08882
G1 X94.983 Y112.782 E765.10532
G1 X96.018 Y112.782 E765.14362
G1 X96.018 Y113.228 E765.16012
G0 F9000 X95.8 Y113.69
G1 F2700 E760.16012
G0 F9000 X96.586 Y118.995
G0 X97.665 Y118.995
G0 X118.335 Y118.995
G0 X119.42 Y118.995
G0 X119.87 Y131.63
G0 X119.601 Y131.899
;TYPE:WALL-INNER
G1 F2700 E765.16012
G1 F1500 X125.4 Y131.9 E765.353
G1 X125.4 Y88.1 E766.80979
G1 X119.601 Y88.101 E767.00267
G1 X119.601 Y131.899 E768.4594
G0 F9000 X119.87 Y131.63
G0 X122.207 Y129.632
G0 X122.278 Y129.342
G1 F1500 X121.846 Y129.236 E768.47419
G1 X121.449 Y129.03 E768.48907
G1 X121.109 Y128.726 E768.50424
G1 X120.857 Y128.361 E768.51899
G1 X120.7 Y127.945 E768.53378
G1 X120.651 Y127.5 E768.54867
G1 X120.699 Y127.058 E768.56345
G1 X120.857 Y126.639 E768.57835
G1 X121.109 Y126.274 E768.5931
G1 X121.448 Y125.971 E768.60822
G1 X121.843 Y125.765 E768.62304
G1 X122.272 Y125.659 E768.63774
G1 X122.727 Y125.659 E768.65287
G1 X123.157 Y125.765 E768.6676
G1 X123.555 Y125.974 E768.68255
G1 X123.891 Y126.274 E768.69753
G1 X124.142 Y126.637 E768.71221
G1 X124.302 Y127.061 E768.72729
G1 X124.35 Y127.5 E768.74197
G1 X124.302 Y127.937 E768.7566
G1 X124.142 Y128.362 E768.7717
G1 X123.891 Y128.726 E768.78641
G1 X123.554 Y129.027 E768.80144
G1 X123.154 Y129.236 E768.81645
G1 X122.756 Y129.333 E768.83007
G1 X122.278 Y129.342 E768.84597
G1 F2700 E763.84597
G0 F9000 X122.207 Y129.632
G0 X121.311 Y129.224
G0 X120.932 Y128.889
G0 X120.644 Y128.473
G0 X120.465 Y128.001
G0 X120.43 Y127.717
G0 X122.201 Y94.631
G0 X122.272 Y94.341
G1 F2700 E768.84597
G1 F1500 X121.843 Y94.235 E768.86067
G1 X121.448 Y94.029 E768.87549
G1 X121.109 Y93.726 E768.89061
G1 X120.857 Y93.361 E768.90536
G1 X120.7 Y92.945 E768.92015
G1 X120.651 Y92.5 E768.93504
G1 X120.699 Y92.058 E768.94983
G1 X120.857 Y91.638 E768.96475
G1 X121.109 Y91.274 E768.97948
G1 X121.449 Y90.97 E768.99465
G1 X121.847 Y90.764 E769.00955
G1 X122.244 Y90.667 E769.02315
G1 X122.723 Y90.658 E769.03908
G1 X123.155 Y90.765 E769.05388
G1 X123.554 Y90.973 E769.06885
G1 X123.891 Y91.274 E769.08388
G1 X124.142 Y91.637 E769.09856
G1 X124.302 Y92.061 E769.11363
G1 X124.35 Y92.5 E769.12832
G1 X124.302 Y92.937 E769.14294
G1 X124.142 Y93.362 E769.15804
G1 X123.891 Y93.726 E769.17275
G1 X123.555 Y94.026 E769.18773
G1 X123.158 Y94.235 E769.20265
G1 X122.727 Y94.341 E769.21742
G1 X122.272 Y94.341 E769.23255
G0 F9000 X122.299 Y93.936
;TYPE:WALL-OUTER
G1 F1500 X122.008 Y93.864 E769.24252
G1 X121.657 Y93.68 E769.2557
G1 X121.4 Y93.443 E769.26733
G1 X121.206 Y93.153 E769.27893
G1 X121.089 Y92.834 E769.29023
G1 X121.051 Y92.5 E769.30141
G1 X121.099 Y92.13 E769.31382
G1 X121.229 Y91.803 E769.32553
G1 X121.431 Y91.522 E769.33704
G1 X121.698 Y91.292 E769.34876
G1 X122.008 Y91.136 E769.3603
G1 X122.313 Y91.061 E769.37075
G1 X122.701 Y91.064 E769.38365
G1 X122.992 Y91.136 E769.39362
G1 X123.343 Y91.32 E769.40681
G1 X123.6 Y91.557 E769.41843
G1 X123.794 Y91.847 E769.43004
G1 X123.912 Y92.177 E769.44169
G1 X123.95 Y92.5 E769.45251
G1 X123.911 Y92.834 E769.4637
G1 X123.771 Y93.197 E769.47664
G1 X123.569 Y93.478 E769.48815
G1 X123.302 Y93.708 E769.49987
G1 X122.992 Y93.864 E769.51141
G1 X122.7 Y93.936 E769.52141
G1 X122.299 Y93.936 E769.53475
G1 F2700 E764.53475
G0 F9000 X122.133 Y94.614
G0 X120.404 Y127.5
G0 X120.465 Y128.001
G0 X120.644 Y128.473
G0 X120.932 Y128.889
G0 X121.239 Y129.161
G0 X122.133 Y129.614
G0 X122.299 Y128.936
G1 F2700 E769.53475
G1 F1500 X122.008 Y128.864 E769.54472
G1 X121.657 Y128.68 E769.5579
G1 X121.4 Y128.443 E769.56953
G1 X121.206 Y128.153 E769.58113
G1 X121.089 Y127.834 E769.59244
G1 X121.051 Y127.5 E769.60362
G1 X121.099 Y127.13 E769.61603
G1 X121.229 Y126.803 E769.62773
G1 X121.431 Y126.522 E769.63924
G1 X121.698 Y126.292 E769.65096
G1 X122.008 Y126.136 E769.6625
G1 X122.299 Y126.064 E769.67247
G1 X122.7 Y126.064 E769.68581
G1 X122.992 Y126.136 E769.69581
G1 X123.343 Y126.32 E769.70899
G1 X123.6 Y126.557 E769.72062
G1 X123.794 Y126.847 E769.73223
G1 X123.912 Y127.177 E769.74388
G1 X123.95 Y127.5 E769.7547
G1 X123.911 Y127.834 E769.76589
G1 X123.771 Y128.197 E769.77883
G1 X123.569 Y128.478 E769.79034
G1 X123.302 Y128.708 E769.80206
G1 X122.992 Y128.864 E769.8136
G1 X122.687 Y128.939 E769.82405
G1 X122.299 Y128.936 E769.83695
G1 F2700 E764.83695
G0 F9000 X122.133 Y129.614
G0 X119.47 Y132.03
G0 X119.201 Y132.299
G1 F2700 E769.83695
G1 F1500 X125.8 Y132.3 E770.05643
G1 X125.8 Y87.7 E771.53984
G1 X119.201 Y87.701 E771.75932
G1 X119.201 Y132.299 E773.24266
G0 F9000 X119.47 Y132.03
G0 X120.173 Y131.6
G0 X120.173 Y131.818
;TYPE:FILL
G1 F3000 X121.005 Y128.715 E773.34951
G0 F9000 X120.771 Y128.361
G1 F3000 X119.681 Y128.654 E773.38705
G0 F9000 X119.9 Y128.654
G0 X119.9 Y130.251
G0 X119.68 Y130.251
G1 F3000 X121.246 Y131.818 E773.46073
G0 F9000 X121.246 Y131.6
G0 X123.322 Y131.6
G0 X123.322 Y131.819
G1 F3000 X125.319 Y131.284 E773.52949
G0 F9000 X125.1 Y131.284
G0 X125.1 Y130.234
G0 X125.319 Y130.234
G1 F3000 X123.905 Y128.82 E773.596
G0 F9000 X124.051 Y128.986
G0 X124.356 Y128.473
G0 X124.458 Y128.206
G0 X124.64 Y127.36
G0 X124.417 Y127.385
G1 F3000 X125.319 Y127.143 E773.62707
G0 F9000 X125.319 Y128.068
G1 F3000 X124.314 Y131.819 E773.75623
G0 F9000 X124.314 Y131.6
G0 X120.932 Y128.889
G0 X120.644 Y128.473
G0 X120.465 Y128.001
G0 X120.404 Y127.5
G0 X120.465 Y126.999
G0 X120.567 Y126.732
G0 X121.039 Y125.934
G0 X121.183 Y126.098
G1 F3000 X119.68 Y124.595 E773.82692
G1 X119.681 Y124.512
G1 X125.319 Y123.002 E774.02105
G0 F9000 X125.1 Y123.002
G0 X125.1 Y124.577
G0 X125.319 Y124.577
G1 F3000 X119.68 Y118.938 E774.28629
G0 F9000 X119.68 Y118.203
G1 F3000 X125.319 Y97.159 E775.01091
G0 F9000 X125.319 Y96.293
G1 F3000 X123.286 Y94.259 E775.10656
G0 F9000 X123.387 Y94.452
G0 X122.872 Y94.556
G0 X121.881 Y94.552
G0 X121.933 Y94.339
G1 F3000 X119.68 Y102.748 E775.39611
G0 F9000 X119.679 Y101.966
G1 F3000 X125.319 Y107.606 E775.6614
G0 F9000 X125.1 Y107.606
G0 X125.1 Y106.437
G0 X125.319 Y106.437
G1 F3000 X119.681 Y107.948 E775.85554
G0 F9000 X119.679 Y107.623
G1 F3000 X125.319 Y113.263 E776.12083
G0 F9000 X125.319 Y112.614
G1 F3000 X121.816 Y125.689 E776.57104
G0 F9000 X121.765 Y125.475
G0 X119.9 Y120.371
G0 X119.68 Y120.371
G1 F3000 X125.318 Y118.861 E776.76517
G1 X125.319 Y118.92
G1 X119.68 Y113.281 E777.03041
G0 F9000 X119.9 Y113.281
G0 X119.9 Y112.089
G0 X119.68 Y112.089
G1 F3000 X125.319 Y110.578 E777.22458
G0 F9000 X125.1 Y110.578
G0 X125.1 Y114.72
G0 X125.318 Y114.72
G1 F3000 X119.68 Y116.23 E777.41871
G0 F9000 X119.9 Y116.23
G0 X119.9 Y103.807
G0 X119.681 Y103.807
G1 F3000 X125.319 Y102.296 E777.61285
G0 F9000 X125.319 Y101.949
G1 F3000 X119.679 Y96.31 E777.87811
G0 F9000 X119.681 Y95.525
G1 F3000 X125.318 Y94.014 E778.07222
G0 F9000 X125.1 Y94.014
G0 X125.1 Y90.636
G0 X125.319 Y90.636
G1 F3000 X122.864 Y88.181 E778.18769
G0 F9000 X123.584 Y88.179
G1 F3000 X122.928 Y90.626 E778.27196
G0 F9000 X122.687 Y90.578
G1 F3000 X125.319 Y89.873 E778.36258
G0 F9000 X125.1 Y89.873
G0 X121.757 Y90.54
G0 X121.226 Y90.769
G0 X121.368 Y90.931
G1 F3000 X119.68 Y91.384 E778.42071
G0 F9000 X119.679 Y90.653
G1 F3000 X120.742 Y91.715 E778.47069
G0 F9000 X120.538 Y91.637
G0 X120.404 Y92.5
G0 X120.465 Y93.001
G0 X120.644 Y93.473
G0 X120.807 Y93.709
G0 X125.1 Y98.155
G0 X125.319 Y98.155
G1 F3000 X119.681 Y99.666 E778.66483
G0 F9000 X120.2 Y99.666
G1 F2700 E773.66483
;MESH:NONMESH
G0 F300 X120.2 Y99.666 Z6.6
G0 F9000 X119.42 Y106.61
G0 X118.335 Y106.61
G0 X97.665 Y106.61
G0 X96.58 Y106.61
G0 X96.13 Y106.61
G0 X96.4 Y107.356
;TIME_ELAPSED:1422.647624
;LAYER:32
;TYPE:WALL-INNER
;MESH:Garmin_GFC500 Wheel Support - Wheel Spacer.stl
G1 F2700 E778.66483
G1 F1500 X96.4 Y101.308 E778.86598
G1 X94.6 Y101.308 E778.92585
G1 X94.6 Y107.356 E779.12701
G1 X96.4 Y107.356 E779.18688
G0 F9000 X96.8 Y107.756
;TYPE:WALL-OUTER
G1 F1500 X96.8 Y100.908 E779.41464
G1 X94.2 Y100.908 E779.50112
G1 X94.2 Y107.756 E779.72889
G1 X96.8 Y107.756 E779.81536
G0 F9000 X96.53 Y107.486
G0 X96.1 Y106.691
G0 X96.319 Y106.691
;TYPE:FILL
G1 F3000 X94.68 Y105.052 E779.89246
G0 F9000 X94.9 Y105.052
G0 X94.9 Y106.511
G0 X94.679 Y106.511
G1 F3000 X96.318 Y106.072 E779.94889
G0 F9000 X96.1 Y106.072
G0 X94.9 Y102.779
G0 X94.679 Y102.779
G1 F3000 X95.052 Y101.387 E779.99682
G0 F9000 X95.052 Y101.608
G0 X94.9 Y102.37
G0 X94.679 Y102.37
G1 F3000 X96.318 Y101.931 E780.05326
G0 F9000 X95.8 Y101.931
G1 F2700 E775.05326
G0 F9000 X96.13 Y107.536
G0 X96.13 Y108.621
G0 X96.13 Y111.379
G0 X96.13 Y112.464
G0 X96.13 Y118.422
G0 X96.4 Y118.691
;TYPE:WALL-INNER
G1 F2700 E780.05326
G1 F1500 X96.4 Y112.644 E780.25438
G1 X94.6 Y112.644 E780.31425
G1 X94.6 Y118.691 E780.51537
G1 X96.4 Y118.691 E780.57524
G0 F9000 X96.8 Y119.091
;TYPE:WALL-OUTER
G1 F1500 X96.8 Y112.244 E780.80297
G1 X94.2 Y112.244 E780.88945
G1 X94.2 Y119.091 E781.11718
G1 X96.8 Y119.091 E781.20366
G0 F9000 X96.318 Y118.495
;TYPE:FILL
G1 F3000 X95.89 Y118.61 E781.2184
G0 F9000 X96.319 Y118.005
G1 F3000 X94.679 Y116.365 E781.29554
G0 F9000 X94.9 Y116.365
G0 X94.9 Y114.793
G0 X94.679 Y114.793
G1 F3000 X96.319 Y114.354 E781.35201
G0 F9000 X96.1 Y114.354
G0 X96.156 Y112.944
G0 X96.156 Y112.723
G1 F3000 X94.679 Y118.235 E781.5418
G0 F9000 X95.2 Y118.092
G1 F2700 E776.5418
G0 F9000 X96.586 Y118.878
G0 X97.665 Y118.878
G0 X118.335 Y118.878
G0 X119.42 Y118.878
G0 X119.87 Y131.63
G0 X119.601 Y131.899
;TYPE:WALL-INNER
G1 F2700 E781.5418
G1 F1500 X125.4 Y131.9 E781.73468
G1 X125.4 Y88.1 E783.19147
G1 X119.601 Y88.101 E783.38435
G1 X119.601 Y131.899 E784.84108
G0 F9000 X119.87 Y131.63
G0 X122.207 Y129.632
G0 X122.278 Y129.342
G1 F1500 X121.846 Y129.236 E784.85587
G1 X121.449 Y129.03 E784.87075
G1 X121.109 Y128.726 E784.88592
G1 X120.857 Y128.361 E784.90067
G1 X120.7 Y127.945 E784.91546
G1 X120.651 Y127.5 E784.93035
G1 X120.699 Y127.058 E784.94514
G1 X120.857 Y126.639 E784.96003
G1 X121.109 Y126.274 E784.97478
G1 X121.448 Y125.971 E784.9899
G1 X121.843 Y125.765 E785.00472
G1 X122.272 Y125.659 E785.01942
G1 X122.727 Y125.659 E785.03455
G1 X123.157 Y125.765 E785.04928
G1 X123.555 Y125.974 E785.06423
G1 X123.891 Y126.274 E785.07922
G1 X124.142 Y126.637 E785.09389
G1 X124.302 Y127.061 E785.10897
G1 X124.35 Y127.5 E785.12366
G1 X124.302 Y127.937 E785.13828
G1 X124.142 Y128.362 E785.15338
G1 X123.891 Y128.726 E785.16809
G1 X123.554 Y129.027 E785.18312
G1 X123.154 Y129.236 E785.19813
G1 X122.756 Y129.333 E785.21175
G1 X122.278 Y129.342 E785.22765
G1 F2700 E780.22765
G0 F9000 X122.207 Y129.632
G0 X121.311 Y129.224
G0 X120.932 Y128.889
G0 X120.644 Y128.473
G0 X120.465 Y128.001
G0 X120.43 Y127.717
G0 X122.201 Y94.631
G0 X122.272 Y94.341
G1 F2700 E785.22765
G1 F1500 X121.843 Y94.235 E785.24235
G1 X121.448 Y94.029 E785.25717
G1 X121.109 Y93.726 E785.27229
G1 X120.857 Y93.361 E785.28704
G1 X120.7 Y92.945 E785.30183
G1 X120.651 Y92.5 E785.31672
G1 X120.699 Y92.058 E785.33151
G1 X120.857 Y91.639 E785.3464
G1 X121.109 Y91.274 E785.36116
G1 X121.449 Y90.97 E785.37632
G1 X121.847 Y90.764 E785.39123
G1 X122.244 Y90.667 E785.40482
G1 X122.723 Y90.658 E785.42076
G1 X123.155 Y90.765 E785.43556
G1 X123.554 Y90.973 E785.45053
G1 X123.891 Y91.274 E785.46555
G1 X124.142 Y91.637 E785.48023
G1 X124.302 Y92.061 E785.49531
G1 X124.35 Y92.5 E785.50999
G1 X124.302 Y92.937 E785.52462
G1 X124.142 Y93.362 E785.53972
G1 X123.891 Y93.726 E785.55443
G1 X123.555 Y94.026 E785.56941
G1 X123.158 Y94.235 E785.58433
G1 X122.727 Y94.341 E785.59909
G1 X122.272 Y94.341 E785.61423
G0 F9000 X122.299 Y93.936
;TYPE:WALL-OUTER
G1 F1500 X122.008 Y93.864 E785.6242
G1 X121.657 Y93.68 E785.63738
G1 X121.4 Y93.443 E785.64901
G1 X121.206 Y93.153 E785.66061
G1 X121.089 Y92.834 E785.67191
G1 X121.051 Y92.5 E785.68309
G1 X121.099 Y92.13 E785.6955
G1 X121.229 Y91.803 E785.7072
G1 X121.431 Y91.522 E785.71872
G1 X121.698 Y91.292 E785.73044
G1 X122.008 Y91.136 E785.74198
G1 X122.313 Y91.061 E785.75243
G1 X122.701 Y91.064 E785.76533
G1 X122.992 Y91.136 E785.7753
G1 X123.343 Y91.32 E785.78848
G1 X123.6 Y91.557 E785.80011
G1 X123.794 Y91.847 E785.81171
G1 X123.912 Y92.177 E785.82337
G1 X123.95 Y92.5 E785.83419
G1 X123.911 Y92.834 E785.84537
G1 X123.771 Y93.197 E785.85831
G1 X123.569 Y93.478 E785.86982
G1 X123.302 Y93.708 E785.88154
G1 X122.992 Y93.864 E785.89309
G1 X122.7 Y93.936 E785.90309
G1 X122.299 Y93.936 E785.91643
G1 F2700 E780.91643
G0 F9000 X122.133 Y94.614
G0 X120.404 Y127.5
G0 X120.465 Y128.001
G0 X120.644 Y128.473
G0 X120.932 Y128.889
G0 X121.239 Y129.161
G0 X122.133 Y129.614
G0 X122.299 Y128.936
G1 F2700 E785.91643
G1 F1500 X122.008 Y128.864 E785.9264
G1 X121.657 Y128.68 E785.93958
G1 X121.4 Y128.443 E785.95121
G1 X121.206 Y128.153 E785.96281
G1 X121.089 Y127.834 E785.97411
G1 X121.051 Y127.5 E785.98529
G1 X121.099 Y127.13 E785.9977
G1 X121.229 Y126.803 E786.00941
G1 X121.431 Y126.522 E786.02092
G1 X121.698 Y126.292 E786.03264
G1 X122.008 Y126.136 E786.04418
G1 X122.299 Y126.064 E786.05415
G1 X122.7 Y126.064 E786.06749
G1 X122.992 Y126.136 E786.07749
G1 X123.343 Y126.32 E786.09067
G1 X123.6 Y126.557 E786.1023
G1 X123.794 Y126.847 E786.1139
G1 X123.912 Y127.177 E786.12556
G1 X123.95 Y127.5 E786.13638
G1 X123.911 Y127.834 E786.14756
G1 X123.771 Y128.197 E786.1605
G1 X123.569 Y128.478 E786.17201
G1 X123.302 Y128.708 E786.18373
G1 X122.992 Y128.864 E786.19528
G1 X122.687 Y128.939 E786.20572
G1 X122.299 Y128.936 E786.21863
G1 F2700 E781.21863
G0 F9000 X122.133 Y129.614
G0 X119.47 Y132.03
G0 X119.201 Y132.299
G1 F2700 E786.21863
G1 F1500 X125.8 Y132.3 E786.43811
G1 X125.8 Y87.7 E787.92151
G1 X119.201 Y87.701 E788.141
G1 X119.201 Y132.299 E789.62433
G0 F9000 X120.027 Y131.819
;TYPE:FILL
G1 F3000 X120.899 Y128.563 E789.73644
G1 X120.847 Y128.487
G1 X119.68 Y128.8 E789.77663
G0 F9000 X119.9 Y128.8
G0 X119.9 Y130.052
G0 X119.68 Y130.052
G1 F3000 X121.446 Y131.818 E789.8597
G0 F9000 X121.446 Y131.6
G0 X123.867 Y131.6
G0 X123.867 Y131.819
G1 F3000 X125.318 Y131.43 E789.90966
G0 F9000 X125.1 Y131.43
G0 X124.168 Y131.6
G0 X124.168 Y131.819
G1 F3000 X125.319 Y127.524 E790.05756
G0 F9000 X125.319 Y127.289
G1 F3000 X124.426 Y127.528 E790.0883
G0 F9000 X124.649 Y127.554
G0 X124.565 Y127.814
G0 X124.178 Y128.837
G0 X123.996 Y128.711
G1 F3000 X125.319 Y130.034 E790.15053
G0 F9000 X125.1 Y130.034
G0 X124.535 Y126.999
G0 X124.356 Y126.527
G0 X124.068 Y126.111
G0 X123.689 Y125.776
G0 X123.243 Y125.54
G0 X122.752 Y125.42
G0 X122.466 Y125.42
G0 X121.546 Y125.583
G0 X121.646 Y125.776
G1 F3000 X125.319 Y112.068 E790.62255
G0 F9000 X125.319 Y113.064
G1 F3000 X119.679 Y107.424 E790.88783
G0 F9000 X119.68 Y108.094
G1 F3000 X125.319 Y106.583 E791.082
G0 F9000 X125.319 Y107.407
G1 F3000 X119.679 Y101.767 E791.34729
G0 F9000 X119.68 Y102.204
G1 F3000 X121.797 Y94.303 E791.61935
G0 F9000 X121.695 Y94.495
G0 X122.248 Y94.58
G0 X122.657 Y94.58
G0 X123.517 Y94.384
G0 X123.416 Y94.19
G1 F3000 X125.319 Y96.093 E791.70886
G0 F9000 X125.319 Y96.614
G1 F3000 X119.68 Y117.657 E792.43345
G0 F9000 X119.9 Y117.657
G0 X119.9 Y118.738
G0 X119.68 Y118.738
G1 F3000 X125.319 Y124.377 E792.69869
G0 F9000 X125.1 Y124.377
G0 X125.1 Y123.148
G0 X125.319 Y123.148
G1 F3000 X119.681 Y124.658 E792.89282
G0 F9000 X119.68 Y124.395
G1 F3000 X121.289 Y126.004 E792.9685
G0 F9000 X121.146 Y125.84
G0 X119.9 Y120.517
G0 X119.681 Y120.517
G1 F3000 X125.319 Y119.007 E793.16263
G0 F9000 X125.319 Y118.721
G1 F3000 X119.68 Y113.081 E793.4279
G0 F9000 X119.68 Y112.235
G1 F3000 X125.318 Y110.724 E793.62203
G0 F9000 X125.1 Y110.724
G0 X125.1 Y114.866
G0 X125.318 Y114.866
G1 F3000 X119.68 Y116.376 E793.81616
G0 F9000 X119.9 Y116.376
G0 X119.9 Y103.953
G0 X119.681 Y103.953
G1 F3000 X125.319 Y102.442 E794.0103
G0 F9000 X125.319 Y101.75
G1 F3000 X119.679 Y96.11 E794.27559
G0 F9000 X119.681 Y95.671
G1 F3000 X125.319 Y94.16 E794.46973
G0 F9000 X125.1 Y94.16
G0 X125.1 Y90.436
G0 X125.319 Y90.436
G1 F3000 X123.064 Y88.181 E794.5758
G0 F9000 X123.438 Y88.179
G1 F3000 X122.791 Y90.592 E794.65889
G0 F9000 X122.993 Y90.642
G1 F3000 X125.318 Y90.019 E794.73895
G0 F9000 X125.1 Y90.019
G0 X122.248 Y90.42
G0 X121.85 Y90.517
G0 X120.994 Y90.975
G0 X121.138 Y91.139
G1 F3000 X119.681 Y91.529 E794.78911
G0 F9000 X119.9 Y91.529
G0 X119.9 Y90.453
G0 X119.679 Y90.453
G1 F3000 X120.802 Y91.576 E794.84194
G0 F9000 X120.623 Y91.452
G0 X120.465 Y91.999
G0 X120.404 Y92.5
G0 X120.465 Y93.001
G0 X120.644 Y93.473
G0 X120.807 Y93.709
G0 X125.1 Y98.301
G0 X125.319 Y98.301
G1 F3000 X119.681 Y99.812 E795.03607
G0 F9000 X120.2 Y99.812
G1 F2700 E790.03607
;MESH:NONMESH
G0 F300 X120.2 Y99.812 Z6.8
G0 F9000 X119.42 Y107.13
G0 X118.335 Y107.13
G0 X97.665 Y107.13
G0 X96.58 Y107.13
G0 X96.1 Y107.13
G0 X96.4 Y107.13
;TIME_ELAPSED:1452.241228
;LAYER:33
;TYPE:WALL-INNER
;MESH:Garmin_GFC500 Wheel Support - Wheel Spacer.stl
G1 F2700 E795.03607
G1 F1500 X96.4 Y101.424 E795.22586
G1 X94.6 Y101.424 E795.28572
G1 X94.6 Y107.13 E795.47551
G1 X96.4 Y107.13 E795.53537
G0 F9000 X96.8 Y107.53
;TYPE:WALL-OUTER
G1 F1500 X96.8 Y101.024 E795.75177
G1 X94.2 Y101.024 E795.83824
G1 X94.2 Y107.53 E796.05463
G1 X96.8 Y107.53 E796.14111
G0 F9000 X96.53 Y107.26
G0 X96.1 Y106.49
G0 X96.319 Y106.49
;TYPE:FILL
G1 F3000 X94.68 Y104.851 E796.2182
G0 F9000 X94.9 Y104.851
G0 X94.9 Y106.658
G0 X94.68 Y106.658
G1 F3000 X96.318 Y106.219 E796.2746
G0 F9000 X96.1 Y106.219
G0 X94.9 Y102.517
G0 X94.679 Y102.517
G1 F3000 X96.318 Y102.078 E796.33104
G0 F9000 X96.1 Y102.078
G0 X94.874 Y101.724
G0 X94.874 Y101.503
G1 F3000 X94.68 Y102.229 E796.35603
G0 F9000 X95.2 Y102.229
G1 F2700 E791.35603
G0 F9000 X96.13 Y107.31
G0 X96.13 Y108.395
G0 X96.13 Y111.605
G0 X96.13 Y112.69
G0 X96.13 Y118.306
G0 X96.4 Y118.575
;TYPE:WALL-INNER
G1 F2700 E796.35603
G1 F1500 X96.4 Y112.87 E796.54578
G1 X94.6 Y112.87 E796.60565
G1 X94.6 Y118.575 E796.7954
G1 X96.4 Y118.575 E796.85527
G0 F9000 X96.8 Y118.975
;TYPE:WALL-OUTER
G1 F1500 X96.8 Y112.47 E797.07163
G1 X94.2 Y112.47 E797.1581
G1 X94.2 Y118.975 E797.37446
G1 X96.8 Y118.975 E797.46094
G0 F9000 X96.53 Y118.706
G0 X96.1 Y117.804
G0 X96.319 Y117.804
;TYPE:FILL
G1 F3000 X94.68 Y116.164 E797.53805
G0 F9000 X94.9 Y116.164
G0 X94.9 Y114.94
G0 X94.679 Y114.94
G1 F3000 X96.319 Y114.501 E797.59452
G0 F9000 X96.1 Y114.501
G0 X95.949 Y113.17
G0 X95.949 Y112.949
G1 F3000 X94.679 Y117.685 E797.7576
G0 F9000 X95.2 Y117.685
G1 F2700 E792.7576
G0 F9000 X96.586 Y118.762
G0 X97.665 Y118.762
G0 X118.335 Y118.762
G0 X119.42 Y118.762
G0 X119.87 Y131.63
G0 X119.601 Y131.899
;TYPE:WALL-INNER
G1 F2700 E797.7576
G1 F1500 X125.4 Y131.9 E797.95048
G1 X125.4 Y88.1 E799.40727
G1 X119.601 Y88.101 E799.60015
G1 X119.601 Y131.899 E801.05688
G0 F9000 X119.87 Y131.63
G0 X122.207 Y129.632
G0 X122.278 Y129.342
G1 F1500 X121.846 Y129.236 E801.07167
G1 X121.449 Y129.03 E801.08655
G1 X121.109 Y128.726 E801.10172
G1 X120.857 Y128.361 E801.11647
G1 X120.7 Y127.945 E801.13126
G1 X120.651 Y127.5 E801.14615
G1 X120.699 Y127.058 E801.16094
G1 X120.857 Y126.639 E801.17583
G1 X121.109 Y126.274 E801.19058
G1 X121.448 Y125.971 E801.2057
G1 X121.843 Y125.765 E801.22052
G1 X122.272 Y125.659 E801.23522
G1 X122.727 Y125.659 E801.25035
G1 X123.157 Y125.765 E801.26508
G1 X123.555 Y125.974 E801.28003
G1 X123.891 Y126.274 E801.29502
G1 X124.142 Y126.637 E801.30969
G1 X124.302 Y127.061 E801.32477
G1 X124.35 Y127.5 E801.33946
G1 X124.302 Y127.937 E801.35408
G1 X124.142 Y128.362 E801.36918
G1 X123.891 Y128.726 E801.38389
G1 X123.554 Y129.027 E801.39892
G1 X123.154 Y129.236 E801.41393
G1 X122.756 Y129.333 E801.42755
G1 X122.278 Y129.342 E801.44345
G1 F2700 E796.44345
G0 F9000 X122.207 Y129.632
G0 X121.311 Y129.224
G0 X120.932 Y128.889
G0 X120.644 Y128.473
G0 X120.465 Y128.001
G0 X120.43 Y127.717
G0 X122.201 Y94.631
G0 X122.272 Y94.341
G1 F2700 E801.44345
G1 F1500 X121.843 Y94.235 E801.45815
G1 X121.448 Y94.029 E801.47297
G1 X121.109 Y93.726 E801.48809
G1 X120.857 Y93.361 E801.50284
G1 X120.7 Y92.945 E801.51763
G1 X120.651 Y92.5 E801.53252
G1 X120.699 Y92.058 E801.54731
G1 X120.857 Y91.639 E801.5622
G1 X121.109 Y91.274 E801.57696
G1 X121.449 Y90.97 E801.59213
G1 X121.847 Y90.764 E801.60703
G1 X122.244 Y90.667 E801.62062
G1 X122.723 Y90.658 E801.63656
G1 X123.155 Y90.765 E801.65136
G1 X123.554 Y90.973 E801.66633
G1 X123.891 Y91.274 E801.68136
G1 X124.142 Y91.637 E801.69603
G1 X124.302 Y92.061 E801.71111
G1 X124.35 Y92.5 E801.72579
G1 X124.302 Y92.937 E801.74042
G1 X124.142 Y93.362 E801.75552
G1 X123.891 Y93.726 E801.77023
G1 X123.555 Y94.026 E801.78521
G1 X123.158 Y94.235 E801.80013
G1 X122.727 Y94.341 E801.81489
G1 X122.272 Y94.341 E801.83003
G0 F9000 X122.299 Y93.936
;TYPE:WALL-OUTER
G1 F1500 X122.008 Y93.864 E801.84
G1 X121.657 Y93.68 E801.85318
G1 X121.4 Y93.443 E801.86481
G1 X121.206 Y93.153 E801.87641
G1 X121.089 Y92.834 E801.88771
G1 X121.051 Y92.5 E801.89889
G1 X121.099 Y92.13 E801.9113
G1 X121.229 Y91.803 E801.92301
G1 X121.431 Y91.522 E801.93452
G1 X121.698 Y91.292 E801.94624
G1 X122.008 Y91.136 E801.95778
G1 X122.313 Y91.061 E801.96823
G1 X122.701 Y91.064 E801.98113
G1 X122.992 Y91.136 E801.9911
G1 X123.343 Y91.32 E802.00428
G1 X123.6 Y91.557 E802.01591
G1 X123.794 Y91.847 E802.02752
G1 X123.912 Y92.177 E802.03917
G1 X123.95 Y92.5 E802.04999
G1 X123.911 Y92.834 E802.06117
G1 X123.771 Y93.197 E802.07411
G1 X123.6 Y93.443 E802.08408
G1 X123.343 Y93.68 E802.09571
G1 X122.992 Y93.864 E802.10889
G1 X122.7 Y93.936 E802.11889
G1 X122.299 Y93.936 E802.13223
G1 F2700 E797.13223
G0 F9000 X122.133 Y94.614
G0 X120.404 Y127.5
G0 X120.465 Y128.001
G0 X120.644 Y128.473
G0 X120.932 Y128.889
G0 X121.239 Y129.161
G0 X122.133 Y129.614
G0 X122.299 Y128.936
G1 F2700 E802.13223
G1 F1500 X122.008 Y128.864 E802.1422
G1 X121.657 Y128.68 E802.15538
G1 X121.4 Y128.443 E802.16701
G1 X121.229 Y128.197 E802.17697
G1 X121.089 Y127.834 E802.18991
G1 X121.051 Y127.5 E802.20109
G1 X121.099 Y127.13 E802.2135
G1 X121.229 Y126.803 E802.22521
G1 X121.431 Y126.522 E802.23672
G1 X121.698 Y126.292 E802.24844
G1 X122.008 Y126.136 E802.25998
G1 X122.299 Y126.064 E802.26995
G1 X122.7 Y126.064 E802.28329
G1 X122.992 Y126.136 E802.29329
G1 X123.343 Y126.32 E802.30647
G1 X123.6 Y126.557 E802.3181
G1 X123.794 Y126.847 E802.3297
G1 X123.912 Y127.177 E802.34136
G1 X123.95 Y127.5 E802.35218
G1 X123.911 Y127.834 E802.36336
G1 X123.771 Y128.197 E802.3763
G1 X123.569 Y128.478 E802.38781
G1 X123.302 Y128.708 E802.39953
G1 X122.992 Y128.864 E802.41108
G1 X122.687 Y128.939 E802.42152
G1 X122.299 Y128.936 E802.43443
G1 F2700 E797.43443
G0 F9000 X122.133 Y129.614
G0 X119.47 Y132.03
G0 X119.201 Y132.299
G1 F2700 E802.43443
G1 F1500 X125.8 Y132.3 E802.65391
G1 X125.8 Y87.7 E804.13731
G1 X119.201 Y87.701 E804.3568
G1 X119.201 Y132.299 E805.84013
G0 F9000 X119.88 Y131.818
;TYPE:FILL
G1 F3000 X120.793 Y128.411 E805.95745
G0 F9000 X120.933 Y128.611
G1 F3000 X119.68 Y128.947 E806.00059
G0 F9000 X119.68 Y129.851
G1 F3000 X121.647 Y131.818 E806.09312
G0 F9000 X121.647 Y131.6
G0 X124.021 Y131.6
G0 X124.021 Y131.819
G1 F3000 X125.319 Y126.975 E806.25991
G0 F9000 X125.319 Y127.436
G1 F3000 X124.41 Y127.679 E806.29121
G0 F9000 X124.078 Y128.592
G1 F3000 X125.319 Y129.833 E806.34958
G0 F9000 X125.1 Y129.833
G0 X125.1 Y131.577
G0 X125.318 Y131.577
G1 F3000 X124.414 Y131.819 E806.38071
G0 F9000 X124.414 Y131.6
G0 X120.932 Y128.889
G0 X120.644 Y128.473
G0 X120.465 Y128.001
G0 X120.404 Y127.5
G0 X120.465 Y126.999
G0 X120.626 Y126.574
G0 X121.252 Y125.746
G0 X121.394 Y125.908
G1 F3000 X119.68 Y124.194 E806.46133
G0 F9000 X119.681 Y124.805
G1 F3000 X125.319 Y123.295 E806.65546
G0 F9000 X125.319 Y124.177
G1 F3000 X119.68 Y118.537 E806.92072
G0 F9000 X119.9 Y118.537
G0 X119.9 Y117.109
G0 X119.68 Y117.109
G1 F3000 X125.319 Y96.066 E807.64531
G1 X125.319 Y95.892
G1 X123.547 Y94.12 E807.72866
G0 F9000 X123.648 Y94.314
G0 X125.1 Y94.307
G0 X125.318 Y94.307
G1 F3000 X119.681 Y95.818 E807.92277
G1 X119.679 Y95.909
G1 X125.319 Y101.549 E808.18805
G0 F9000 X125.1 Y101.549
G0 X125.1 Y102.589
G0 X125.319 Y102.589
G1 F3000 X119.681 Y104.1 E808.38219
G0 F9000 X119.9 Y104.1
G0 X119.9 Y101.655
G0 X119.68 Y101.655
G1 F3000 X121.668 Y94.235 E808.63769
G0 F9000 X121.566 Y94.427
G0 X120.932 Y93.889
G0 X120.644 Y93.473
G0 X120.465 Y93.001
G0 X120.404 Y92.5
G0 X120.439 Y92.216
G0 X120.705 Y91.333
G0 X120.884 Y91.457
G1 F3000 X119.679 Y90.252 E808.69437
G0 F9000 X119.9 Y90.252
G0 X119.9 Y91.676
G0 X119.681 Y91.676
G1 F3000 X120.972 Y91.331 E808.73881
G0 F9000 X120.792 Y91.207
G0 X121.311 Y90.776
G0 X121.672 Y90.585
G0 X122.648 Y90.359
G0 X122.648 Y90.579
G1 F3000 X123.291 Y88.179 E808.82145
G1 X123.264 Y88.181
G1 X125.319 Y90.236 E808.91811
G1 X125.318 Y90.166
G1 X123.247 Y90.721 E808.98942
G0 F9000 X123.349 Y90.528
G0 X124.068 Y91.111
G0 X124.356 Y91.527
G0 X124.517 Y91.952
G0 X125.1 Y98.448
G0 X125.319 Y98.448
G1 F3000 X119.681 Y99.959 E809.18356
G0 F9000 X119.9 Y99.959
G0 X119.9 Y101.566
G0 X119.679 Y101.566
G1 F3000 X125.319 Y107.206 E809.44885
G0 F9000 X125.319 Y106.73
G1 F3000 X119.68 Y108.241 E809.64302
G0 F9000 X119.9 Y108.241
G0 X119.9 Y107.223
G0 X119.679 Y107.223
G1 F3000 X125.319 Y112.863 E809.90831
G0 F9000 X125.1 Y112.863
G0 X125.1 Y111.521
G0 X125.319 Y111.521
G1 F3000 X121.475 Y125.865 E810.40223
G0 F9000 X121.375 Y125.673
G0 X119.9 Y120.664
G0 X119.681 Y120.664
G1 F3000 X125.319 Y119.154 E810.59636
G0 F9000 X125.319 Y118.52
G1 F3000 X119.68 Y112.881 E810.8616
G0 F9000 X119.68 Y112.382
G1 F3000 X125.318 Y110.871 E811.05574
G0 F9000 X125.1 Y110.871
G0 X125.1 Y115.013
G0 X125.318 Y115.013
G1 F3000 X119.68 Y116.523 E811.24987
G0 F9000 X120.2 Y116.523
G1 F2700 E806.24987
;MESH:NONMESH
G0 F300 X120.2 Y116.523 Z7
G0 F9000 X119.42 Y106.928
G0 X118.335 Y106.928
G0 X97.665 Y106.928
G0 X96.58 Y106.928
G0 X96.1 Y106.928
G0 X96.4 Y106.928
;TIME_ELAPSED:1481.554792
;LAYER:34
;TYPE:WALL-INNER
;MESH:Garmin_GFC500 Wheel Support - Wheel Spacer.stl
G1 F2700 E811.24987
G1 F1500 X96.4 Y101.541 E811.42904
G1 X94.6 Y101.541 E811.48891
G1 X94.6 Y106.928 E811.66808
G1 X96.4 Y106.928 E811.72795
G0 F9000 X96.8 Y107.328
;TYPE:WALL-OUTER
G1 F1500 X96.8 Y101.141 E811.93373
G1 X94.2 Y101.141 E812.0202
G1 X94.2 Y107.328 E812.22598
G1 X96.8 Y107.328 E812.31246
G0 F9000 X96.53 Y107.058
G0 X96.1 Y106.365
G0 X96.318 Y106.365
;TYPE:FILL
G1 F3000 X94.68 Y106.804 E812.36886
G0 F9000 X94.87 Y106.658
G0 X96.1 Y106.291
G0 X96.319 Y106.291
G1 F3000 X94.679 Y104.651 E812.446
G0 F9000 X94.9 Y104.651
G0 X94.9 Y102.663
G0 X94.68 Y102.663
G1 F3000 X96.318 Y102.224 E812.50241
G0 F9000 X95.8 Y102.224
G1 F2700 E807.50241
G0 F9000 X96.13 Y107.108
G0 X96.13 Y108.193
G0 X96.13 Y111.807
G0 X96.13 Y112.892
G0 X96.13 Y118.189
G0 X96.4 Y118.458
;TYPE:WALL-INNER
G1 F2700 E812.50241
G1 F1500 X96.4 Y113.072 E812.68155
G1 X94.6 Y113.072 E812.74141
G1 X94.6 Y118.458 E812.92055
G1 X96.4 Y118.458 E812.98042
G0 F9000 X96.8 Y118.858
;TYPE:WALL-OUTER
G1 F1500 X96.8 Y112.672 E813.18617
G1 X94.2 Y112.672 E813.27264
G1 X94.2 Y118.858 E813.47839
G1 X96.8 Y118.858 E813.56487
G0 F9000 X96.53 Y118.589
G0 X96.1 Y117.605
G0 X96.319 Y117.605
;TYPE:FILL
G1 F3000 X94.679 Y115.964 E813.64203
G0 F9000 X94.679 Y115.086
G1 F3000 X96.318 Y114.647 E813.69847
G0 F9000 X96.1 Y114.647
G0 X95.749 Y113.372
G0 X95.749 Y113.15
G1 F3000 X94.679 Y117.141 E813.8359
G0 F9000 X95.2 Y117.141
G1 F2700 E808.8359
G0 F9000 X96.586 Y118.645
G0 X97.665 Y118.645
G0 X118.335 Y118.645
G0 X119.42 Y118.645
G0 X119.87 Y131.63
G0 X119.601 Y131.899
;TYPE:WALL-INNER
G1 F2700 E813.8359
G1 F1500 X125.4 Y131.9 E814.02877
G1 X125.4 Y88.1 E815.48557
G1 X119.601 Y88.101 E815.67844
G1 X119.601 Y131.899 E817.13517
G0 F9000 X119.87 Y131.63
G0 X122.207 Y129.632
G0 X122.278 Y129.342
G1 F1500 X121.846 Y129.236 E817.14996
G1 X121.449 Y129.03 E817.16484
G1 X121.109 Y128.726 E817.18001
G1 X120.857 Y128.361 E817.19476
G1 X120.7 Y127.945 E817.20955
G1 X120.651 Y127.5 E817.22444
G1 X120.699 Y127.058 E817.23923
G1 X120.857 Y126.639 E817.25412
G1 X121.109 Y126.274 E817.26887
G1 X121.448 Y125.971 E817.284
G1 X121.843 Y125.765 E817.29881
G1 X122.272 Y125.659 E817.31351
G1 X122.727 Y125.659 E817.32864
G1 X123.157 Y125.765 E817.34337
G1 X123.555 Y125.974 E817.35833
G1 X123.891 Y126.274 E817.37331
G1 X124.142 Y126.637 E817.38799
G1 X124.302 Y127.061 E817.40306
G1 X124.35 Y127.5 E817.41775
G1 X124.302 Y127.937 E817.43237
G1 X124.142 Y128.362 E817.44747
G1 X123.891 Y128.726 E817.46218
G1 X123.554 Y129.027 E817.47721
G1 X123.154 Y129.236 E817.49222
G1 X122.756 Y129.333 E817.50584
G1 X122.278 Y129.342 E817.52175
G1 F2700 E812.52175
G0 F9000 X122.207 Y129.632
G0 X121.311 Y129.224
G0 X120.932 Y128.889
G0 X120.644 Y128.473
G0 X120.465 Y128.001
G0 X120.43 Y127.717
G0 X122.201 Y94.631
G0 X122.272 Y94.341
G1 F2700 E817.52175
G1 F1500 X121.843 Y94.235 E817.53644
G1 X121.448 Y94.029 E817.55126
G1 X121.109 Y93.726 E817.56638
G1 X120.857 Y93.361 E817.58113
G1 X120.7 Y92.945 E817.59592
G1 X120.651 Y92.5 E817.61081
G1 X120.699 Y92.058 E817.6256
G1 X120.857 Y91.639 E817.6405
G1 X121.109 Y91.274 E817.65525
G1 X121.449 Y90.97 E817.67042
G1 X121.847 Y90.764 E817.68532
G1 X122.244 Y90.667 E817.69892
G1 X122.723 Y90.658 E817.71485
G1 X123.155 Y90.765 E817.72965
G1 X123.554 Y90.973 E817.74462
G1 X123.891 Y91.274 E817.75965
G1 X124.142 Y91.637 E817.77433
G1 X124.302 Y92.061 E817.7894
G1 X124.35 Y92.5 E817.80409
G1 X124.302 Y92.937 E817.81871
G1 X124.142 Y93.362 E817.83381
G1 X123.891 Y93.726 E817.84852
G1 X123.555 Y94.026 E817.8635
G1 X123.158 Y94.235 E817.87842
G1 X122.727 Y94.341 E817.89319
G1 X122.272 Y94.341 E817.90832
G0 F9000 X122.299 Y93.936
;TYPE:WALL-OUTER
G1 F1500 X122.008 Y93.864 E817.91829
G1 X121.657 Y93.68 E817.93147
G1 X121.4 Y93.443 E817.9431
G1 X121.206 Y93.153 E817.9547
G1 X121.089 Y92.834 E817.966
G1 X121.051 Y92.5 E817.97718
G1 X121.099 Y92.13 E817.98959
G1 X121.229 Y91.803 E818.0013
G1 X121.431 Y91.522 E818.01281
G1 X121.698 Y91.292 E818.02453
G1 X122.008 Y91.136 E818.03607
G1 X122.313 Y91.061 E818.04652
G1 X122.701 Y91.064 E818.05942
G1 X122.992 Y91.136 E818.06939
G1 X123.343 Y91.32 E818.08257
G1 X123.6 Y91.557 E818.0942
G1 X123.794 Y91.847 E818.10581
G1 X123.912 Y92.177 E818.11746
G1 X123.95 Y92.5 E818.12828
G1 X123.911 Y92.834 E818.13947
G1 X123.771 Y93.197 E818.15241
G1 X123.569 Y93.478 E818.16392
G1 X123.302 Y93.708 E818.17564
G1 X122.992 Y93.864 E818.18718
G1 X122.7 Y93.936 E818.19718
G1 X122.299 Y93.936 E818.21052
G1 F2700 E813.21052
G0 F9000 X122.133 Y94.614
G0 X120.404 Y127.5
G0 X120.465 Y128.001
G0 X120.644 Y128.473
G0 X120.932 Y128.889
G0 X121.239 Y129.161
G0 X122.133 Y129.614
G0 X122.299 Y128.936
G1 F2700 E818.21052
G1 F1500 X122.008 Y128.864 E818.22049
G1 X121.657 Y128.68 E818.23367
G1 X121.4 Y128.443 E818.2453
G1 X121.206 Y128.153 E818.2569
G1 X121.089 Y127.834 E818.2682
G1 X121.051 Y127.5 E818.27939
G1 X121.099 Y127.13 E818.29179
G1 X121.229 Y126.803 E818.3035
G1 X121.431 Y126.522 E818.31501
G1 X121.698 Y126.292 E818.32673
G1 X122.008 Y126.136 E818.33827
G1 X122.348 Y126.059 E818.34987
G1 X122.7 Y126.064 E818.36158
G1 X122.992 Y126.136 E818.37158
G1 X123.343 Y126.32 E818.38476
G1 X123.6 Y126.557 E818.39639
G1 X123.794 Y126.847 E818.40799
G1 X123.912 Y127.177 E818.41965
G1 X123.95 Y127.5 E818.43047
G1 X123.911 Y127.834 E818.44165
G1 X123.771 Y128.197 E818.45459
G1 X123.569 Y128.478 E818.4661
G1 X123.302 Y128.708 E818.47782
G1 X122.992 Y128.864 E818.48936
G1 X122.687 Y128.939 E818.49981
G1 X122.299 Y128.936 E818.51272
G1 F2700 E813.51272
G0 F9000 X122.133 Y129.614
G0 X119.47 Y132.03
G0 X119.201 Y132.299
G1 F2700 E818.51272
G1 F1500 X125.8 Y132.3 E818.7322
G1 X125.8 Y87.7 E820.2156
G1 X119.201 Y87.701 E820.43509
G1 X119.201 Y132.299 E821.91842
G0 F9000 X119.734 Y131.819
;TYPE:FILL
G1 F3000 X120.706 Y128.192 E822.04331
G0 F9000 X121.019 Y128.734
G1 F3000 X119.68 Y129.093 E822.08942
G0 F9000 X119.68 Y129.652
G1 F3000 X121.846 Y131.818 E822.1913
G0 F9000 X121.846 Y131.6
G0 X123.875 Y131.6
G0 X123.875 Y131.819
G1 F3000 X125.319 Y126.43 E822.37686
G0 F9000 X125.1 Y126.43
G0 X125.1 Y127.582
G0 X125.318 Y127.582
G1 F3000 X124.394 Y127.83 E822.40868
G0 F9000 X124.16 Y128.474
G1 F3000 X125.319 Y129.634 E822.46322
G0 F9000 X125.1 Y129.634
G0 X125.13 Y131.63
G0 X125.318 Y131.723
G1 F3000 X124.96 Y131.819 E822.47555
G0 F9000 X124.96 Y131.6
G0 X121.311 Y129.224
G0 X120.932 Y128.889
G0 X120.644 Y128.473
G0 X120.465 Y128.001
G0 X120.404 Y127.5
G0 X120.465 Y126.999
G0 X120.61 Y126.617
G0 X121.15 Y125.837
G0 X121.293 Y126
G1 F3000 X125.319 Y110.975 E822.99291
G1 X125.318 Y111.017
G1 X119.68 Y112.528 E823.18705
G1 X119.68 Y112.681
G1 X125.319 Y118.32 E823.45229
G0 F9000 X125.319 Y119.3
G1 F3000 X119.681 Y120.81 E823.64642
G0 F9000 X119.9 Y120.81
G0 X119.9 Y118.338
G0 X119.68 Y118.338
G1 F3000 X125.319 Y123.977 E823.91167
G0 F9000 X125.319 Y123.441
G1 F3000 X119.68 Y124.951 E824.10583
G0 F9000 X119.68 Y123.995
G1 F3000 X121.524 Y125.839 E824.19256
G0 F9000 X121.424 Y125.647
G0 X119.9 Y116.669
G0 X119.681 Y116.669
G1 F3000 X125.319 Y115.158 E824.3867
G0 F9000 X125.1 Y115.158
G0 X125.1 Y112.664
G0 X125.319 Y112.664
G1 F3000 X119.679 Y107.024 E824.65199
G0 F9000 X119.9 Y107.024
G0 X119.9 Y108.387
G0 X119.68 Y108.387
G1 F3000 X125.318 Y106.876 E824.84613
G1 X125.319 Y107.007
G1 X119.679 Y101.367 E825.11142
G0 F9000 X119.68 Y101.11
G1 F3000 X121.54 Y94.167 E825.35048
G0 F9000 X121.438 Y94.359
G0 X122.248 Y94.58
G0 X122.752 Y94.58
G0 X123.031 Y94.512
G0 X123.808 Y94.201
G0 X123.663 Y94.036
G1 F3000 X125.319 Y95.693 E825.4284
G1 X125.319 Y95.52
G1 X119.68 Y116.564 E826.15302
G0 F9000 X119.9 Y116.564
G0 X119.9 Y104.246
G0 X119.68 Y104.246
G1 F3000 X125.319 Y102.735 E826.34719
G0 F9000 X125.1 Y102.735
G0 X125.1 Y101.35
G0 X125.319 Y101.35
G1 F3000 X119.679 Y95.71 E826.61248
G0 F9000 X119.681 Y95.964
G1 F3000 X125.319 Y94.453 E826.80662
G0 F9000 X125.1 Y94.453
G0 X124.535 Y91.999
G0 X124.356 Y91.527
G0 X124.193 Y91.291
G0 X123.533 Y90.625
G0 X123.431 Y90.818
G1 F3000 X125.319 Y90.312 E826.87163
G0 F9000 X125.319 Y90.036
G1 F3000 X123.464 Y88.181 E826.95888
G0 F9000 X123.145 Y88.179
G1 F3000 X122.502 Y90.578 E827.04149
G0 F9000 X122.502 Y90.359
G0 X121.757 Y90.54
G0 X121.504 Y90.674
G0 X120.786 Y91.216
G0 X120.966 Y91.34
G1 F3000 X119.679 Y90.053 E827.10203
G0 F9000 X119.9 Y90.053
G0 X119.9 Y91.822
G0 X119.681 Y91.822
G1 F3000 X120.848 Y91.51 E827.1422
G0 F9000 X120.669 Y91.386
G0 X120.465 Y91.999
G0 X120.404 Y92.5
G0 X120.465 Y93.001
G0 X120.644 Y93.473
G0 X120.807 Y93.709
G0 X125.1 Y98.594
G0 X125.319 Y98.594
G1 F3000 X119.681 Y100.105 E827.33634
G0 F9000 X120.2 Y100.105
G1 F2700 E822.33634
;MESH:NONMESH
G0 F300 X120.2 Y100.105 Z7.2
G0 F9000 X119.42 Y106.658
G0 X118.335 Y106.658
G0 X97.665 Y106.658
G0 X96.58 Y106.658
G0 X96.13 Y106.658
G0 X96.4 Y106.79
;TIME_ELAPSED:1510.554989
;LAYER:35
;TYPE:WALL-INNER
;MESH:Garmin_GFC500 Wheel Support - Wheel Spacer.stl
G1 F2700 E827.33634
G1 F1500 X96.4 Y101.658 E827.50703
G1 X94.6 Y101.658 E827.5669
G1 X94.6 Y106.79 E827.73759
G1 X96.4 Y106.79 E827.79746
G0 F9000 X96.8 Y107.19
;TYPE:WALL-OUTER
G1 F1500 X96.8 Y101.258 E827.99476
G1 X94.2 Y101.258 E828.08124
G1 X94.2 Y107.19 E828.27854
G1 X96.8 Y107.19 E828.36501
G0 F9000 X96.319 Y106.512
;TYPE:FILL
G1 F3000 X95.582 Y106.709 E828.39038
G0 F9000 X96.319 Y106.09
G1 F3000 X94.68 Y104.45 E828.4675
G0 F9000 X94.9 Y104.45
G0 X94.9 Y102.81
G0 X94.68 Y102.81
G1 F3000 X96.319 Y102.37 E828.52395
G0 F9000 X95.8 Y102.37
G1 F2700 E823.52395
G0 F9000 X96.13 Y106.97
G0 X96.13 Y108.055
G0 X96.13 Y111.945
G0 X96.13 Y113.03
G0 X96.13 Y118.072
G0 X96.4 Y118.341
;TYPE:WALL-INNER
G1 F2700 E828.52395
G1 F1500 X96.4 Y113.21 E828.6946
G1 X94.6 Y113.21 E828.75447
G1 X94.6 Y118.341 E828.92513
G1 X96.4 Y118.341 E828.985
G0 F9000 X96.8 Y118.741
;TYPE:WALL-OUTER
G1 F1500 X96.8 Y112.81 E829.18226
G1 X94.2 Y112.81 E829.26874
G1 X94.2 Y118.741 E829.46601
G1 X96.8 Y118.741 E829.55248
G0 F9000 X96.53 Y118.472
G0 X96.1 Y117.404
G0 X96.319 Y117.404
;TYPE:FILL
G1 F3000 X94.679 Y115.763 E829.62965
G0 F9000 X94.679 Y115.233
G1 F3000 X96.318 Y114.794 E829.68608
G0 F9000 X96.1 Y114.794
G0 X95.564 Y113.51
G0 X95.564 Y113.289
G1 F3000 X94.679 Y116.591 E829.79978
G0 F9000 X95.2 Y116.591
G1 F2700 E824.79978
G0 F9000 X96.586 Y118.528
G0 X97.665 Y118.528
G0 X118.335 Y118.528
G0 X119.42 Y118.528
G0 X119.87 Y131.63
G0 X119.601 Y131.899
;TYPE:WALL-INNER
G1 F2700 E829.79978
G1 F1500 X125.4 Y131.9 E829.99266
G1 X125.4 Y88.1 E831.44945
G1 X119.601 Y88.101 E831.64233
G1 X119.601 Y131.899 E833.09905
G0 F9000 X119.87 Y131.63
G0 X122.207 Y129.632
G0 X122.278 Y129.342
G1 F1500 X121.846 Y129.236 E833.11385
G1 X121.449 Y129.03 E833.12872
G1 X121.109 Y128.726 E833.14389
G1 X120.857 Y128.361 E833.15865
G1 X120.7 Y127.945 E833.17344
G1 X120.651 Y127.5 E833.18833
G1 X120.699 Y127.058 E833.20311
G1 X120.857 Y126.639 E833.21801
G1 X121.109 Y126.274 E833.23276
G1 X121.448 Y125.971 E833.24788
G1 X121.843 Y125.765 E833.2627
G1 X122.272 Y125.659 E833.2774
G1 X122.727 Y125.659 E833.29253
G1 X123.157 Y125.765 E833.30726
G1 X123.555 Y125.974 E833.32221
G1 X123.891 Y126.274 E833.33719
G1 X124.142 Y126.637 E833.35187
G1 X124.302 Y127.061 E833.36694
G1 X124.35 Y127.5 E833.38163
G1 X124.302 Y127.937 E833.39626
G1 X124.142 Y128.362 E833.41136
G1 X123.891 Y128.726 E833.42607
G1 X123.554 Y129.027 E833.44109
G1 X123.154 Y129.236 E833.4561
G1 X122.756 Y129.333 E833.46973
G1 X122.278 Y129.342 E833.48563
G1 F2700 E828.48563
G0 F9000 X122.207 Y129.632
G0 X121.311 Y129.224
G0 X120.932 Y128.889
G0 X120.644 Y128.473
G0 X120.465 Y128.001
G0 X120.43 Y127.717
G0 X122.201 Y94.631
G0 X122.272 Y94.341
G1 F2700 E833.48563
G1 F1500 X121.843 Y94.235 E833.50033
G1 X121.448 Y94.029 E833.51515
G1 X121.109 Y93.726 E833.53027
G1 X120.857 Y93.361 E833.54502
G1 X120.7 Y92.945 E833.55981
G1 X120.651 Y92.5 E833.5747
G1 X120.699 Y92.058 E833.58949
G1 X120.857 Y91.639 E833.60438
G1 X121.109 Y91.274 E833.61913
G1 X121.449 Y90.97 E833.6343
G1 X121.847 Y90.764 E833.64921
G1 X122.244 Y90.667 E833.6628
G1 X122.723 Y90.658 E833.67874
G1 X123.155 Y90.765 E833.69354
G1 X123.554 Y90.973 E833.7085
G1 X123.891 Y91.274 E833.72353
G1 X124.142 Y91.637 E833.73821
G1 X124.302 Y92.061 E833.75328
G1 X124.35 Y92.5 E833.76797
G1 X124.302 Y92.937 E833.78259
G1 X124.142 Y93.362 E833.7977
G1 X123.891 Y93.726 E833.8124
G1 X123.555 Y94.026 E833.82739
G1 X123.158 Y94.235 E833.84231
G1 X122.727 Y94.341 E833.85707
G1 X122.272 Y94.341 E833.8722
G0 F9000 X122.299 Y93.936
;TYPE:WALL-OUTER
G1 F1500 X122.008 Y93.864 E833.88217
G1 X121.657 Y93.68 E833.89536
G1 X121.4 Y93.443 E833.90698
G1 X121.206 Y93.153 E833.91859
G1 X121.089 Y92.834 E833.92989
G1 X121.051 Y92.5 E833.94107
G1 X121.099 Y92.13 E833.95348
G1 X121.229 Y91.803 E833.96518
G1 X121.431 Y91.522 E833.97669
G1 X121.698 Y91.292 E833.98841
G1 X122.008 Y91.136 E833.99996
G1 X122.313 Y91.061 E834.0104
G1 X122.701 Y91.064 E834.02331
G1 X122.992 Y91.136 E834.03328
G1 X123.343 Y91.32 E834.04646
G1 X123.6 Y91.557 E834.05809
G1 X123.794 Y91.847 E834.06969
G1 X123.912 Y92.177 E834.08135
G1 X123.95 Y92.5 E834.09217
G1 X123.911 Y92.834 E834.10335
G1 X123.771 Y93.197 E834.11629
G1 X123.569 Y93.478 E834.1278
G1 X123.302 Y93.708 E834.13952
G1 X122.992 Y93.864 E834.15106
G1 X122.7 Y93.936 E834.16107
G1 X122.299 Y93.936 E834.1744
G1 F2700 E829.1744
G0 F9000 X122.133 Y94.614
G0 X120.404 Y127.5
G0 X120.465 Y128.001
G0 X120.644 Y128.473
G0 X120.932 Y128.889
G0 X121.239 Y129.161
G0 X122.133 Y129.614
G0 X122.299 Y128.936
G1 F2700 E834.1744
G1 F1500 X122.008 Y128.864 E834.18438
G1 X121.657 Y128.68 E834.19756
G1 X121.4 Y128.443 E834.20918
G1 X121.206 Y128.153 E834.22079
G1 X121.089 Y127.834 E834.23209
G1 X121.051 Y127.5 E834.24327
G1 X121.099 Y127.13 E834.25568
G1 X121.229 Y126.803 E834.26738
G1 X121.431 Y126.522 E834.27889
G1 X121.698 Y126.292 E834.29062
G1 X122.008 Y126.136 E834.30216
G1 X122.299 Y126.064 E834.31213
G1 X122.7 Y126.064 E834.32547
G1 X122.992 Y126.136 E834.33547
G1 X123.343 Y126.32 E834.34865
G1 X123.6 Y126.557 E834.36028
G1 X123.794 Y126.847 E834.37188
G1 X123.912 Y127.177 E834.38354
G1 X123.95 Y127.5 E834.39436
G1 X123.911 Y127.834 E834.40554
G1 X123.771 Y128.197 E834.41848
G1 X123.569 Y128.478 E834.42999
G1 X123.302 Y128.708 E834.44171
G1 X122.992 Y128.864 E834.45325
G1 X122.687 Y128.939 E834.4637
G1 X122.299 Y128.936 E834.47661
G1 F2700 E829.47661
G0 F9000 X122.133 Y129.614
G0 X119.47 Y132.03
G0 X119.201 Y132.299
G1 F2700 E834.47661
G1 F1500 X125.8 Y132.3 E834.69609
G1 X125.8 Y87.7 E836.17949
G1 X119.201 Y87.701 E836.39898
G1 X119.201 Y132.299 E837.88231
G0 F9000 X119.68 Y131.47
;TYPE:FILL
G1 F3000 X120.62 Y127.964 E838.00304
G0 F9000 X120.415 Y128.041
G0 X120.983 Y129.016
G0 X121.13 Y128.851
G1 F3000 X119.68 Y129.24 E838.05297
G0 F9000 X119.68 Y129.451
G1 F3000 X122.047 Y131.818 E838.16431
G0 F9000 X122.047 Y131.6
G0 X123.728 Y131.6
G0 X123.728 Y131.819
G1 F3000 X125.319 Y125.881 E838.36877
G0 F9000 X125.1 Y125.881
G0 X125.1 Y127.729
G0 X125.318 Y127.729
G1 F3000 X124.37 Y127.983 E838.40142
G0 F9000 X124.233 Y128.346
G1 F3000 X125.319 Y129.433 E838.45252
G0 F9000 X125.1 Y129.433
G0 X124.535 Y126.999
G0 X124.356 Y126.527
G0 X124.068 Y126.111
G0 X123.689 Y125.776
G0 X123.243 Y125.54
G0 X122.752 Y125.42
G0 X122.466 Y125.42
G0 X121.556 Y125.578
G0 X121.655 Y125.769
G1 F3000 X119.68 Y123.794 E838.54542
G0 F9000 X119.9 Y123.794
G0 X119.9 Y125.098
G0 X119.681 Y125.098
G1 F3000 X125.319 Y123.588 E838.73955
G1 X125.319 Y123.776
G1 X119.68 Y118.137 E839.00479
G0 F9000 X119.9 Y118.137
G0 X119.9 Y116.816
G0 X119.681 Y116.816
G1 F3000 X125.319 Y115.305 E839.19893
G0 F9000 X125.1 Y115.305
G0 X125.1 Y118.12
G0 X125.319 Y118.12
G1 F3000 X119.68 Y112.48 E839.46419
G1 X119.68 Y112.675
G1 X125.318 Y111.164 E839.65833
G0 F9000 X125.319 Y110.426
G1 F3000 X121.1 Y126.173 E840.20055
G0 F9000 X120.956 Y126.008
G0 X119.9 Y120.957
G0 X119.681 Y120.957
G1 F3000 X125.319 Y119.447 E840.39468
G0 F9000 X125.1 Y119.447
G0 X119.9 Y116.015
G0 X119.68 Y116.015
G1 F3000 X125.319 Y94.972 E841.11927
G0 F9000 X125.319 Y94.6
G1 F3000 X119.681 Y96.111 E841.31341
G0 F9000 X119.679 Y95.509
G1 F3000 X125.319 Y101.149 E841.5787
G0 F9000 X125.1 Y101.149
G0 X125.1 Y102.882
G0 X125.319 Y102.882
G1 F3000 X119.681 Y104.393 E841.77283
G0 F9000 X119.9 Y104.393
G0 X119.9 Y106.823
G0 X119.679 Y106.823
G1 F3000 X125.319 Y112.463 E842.03812
G0 F9000 X125.1 Y112.463
G0 X125.1 Y107.023
G0 X125.318 Y107.023
G1 F3000 X119.68 Y108.534 E842.23226
G0 F9000 X119.9 Y108.534
G0 X125.1 Y106.806
G0 X125.319 Y106.806
G1 F3000 X119.679 Y101.166 E842.49755
G0 F9000 X119.68 Y100.562
G1 F3000 X121.412 Y94.1 E842.72006
G0 F9000 X121.31 Y94.292
G0 X122.248 Y94.58
G0 X122.752 Y94.58
G0 X123.15 Y94.483
G0 X123.914 Y94.107
G0 X123.769 Y93.942
G1 F3000 X125.319 Y95.492 E842.79297
G0 F9000 X125.1 Y95.492
G0 X125.1 Y98.741
G0 X125.319 Y98.741
G1 F3000 X119.681 Y100.252 E842.98711
G0 F9000 X119.9 Y100.252
G0 X119.9 Y91.969
G0 X119.681 Y91.969
G1 F3000 X120.753 Y91.682 E843.02402
G0 F9000 X121.048 Y91.221
G1 F3000 X119.679 Y89.852 E843.08841
G0 F9000 X119.9 Y89.852
G0 X122.355 Y90.359
G0 X122.355 Y90.578
G1 F3000 X122.998 Y88.179 E843.17102
G0 F9000 X123.665 Y88.181
G1 F3000 X125.319 Y89.835 E843.24882
G0 F9000 X125.318 Y90.459
G1 F3000 X123.611 Y90.917 E843.3076
G0 F9000 X123.956 Y90.529
G1 F2700 E838.3076
;MESH:NONMESH
G0 F300 X123.956 Y90.529 Z7.4
G0 F9000 X124.193 Y92.5
G0 X119.42 Y106.52
G0 X118.335 Y106.52
G0 X97.665 Y106.52
G0 X96.58 Y106.52
G0 X96.13 Y106.52
G0 X96.4 Y106.652
;TIME_ELAPSED:1539.598050
;LAYER:36
;TYPE:WALL-INNER
;MESH:Garmin_GFC500 Wheel Support - Wheel Spacer.stl
G1 F2700 E843.3076
G1 F1500 X96.4 Y101.774 E843.46984
G1 X94.6 Y101.774 E843.52971
G1 X94.6 Y106.652 E843.69195
G1 X96.4 Y106.652 E843.75182
G0 F9000 X96.8 Y107.052
;TYPE:WALL-OUTER
G1 F1500 X96.8 Y101.374 E843.94067
G1 X94.2 Y101.374 E844.02715
G1 X94.2 Y107.052 E844.216
G1 X96.8 Y107.052 E844.30248
G0 F9000 X96.53 Y106.782
G0 X96.1 Y105.891
G0 X96.319 Y105.891
;TYPE:FILL
G1 F3000 X94.68 Y104.251 E844.37959
G0 F9000 X94.9 Y104.251
G0 X94.9 Y102.956
G0 X94.68 Y102.956
G1 F3000 X96.319 Y102.516 E844.43604
G0 F9000 X95.8 Y102.516
G1 F2700 E839.43604
G0 F9000 X96.13 Y106.832
G0 X96.13 Y107.917
G0 X96.13 Y112.083
G0 X96.13 Y113.168
G0 X96.13 Y117.956
G0 X96.4 Y118.225
;TYPE:WALL-INNER
G1 F2700 E844.43604
G1 F1500 X96.4 Y113.348 E844.59825
G1 X94.6 Y113.348 E844.65812
G1 X94.6 Y118.225 E844.82033
G1 X96.4 Y118.225 E844.88019
G0 F9000 X96.8 Y118.625
;TYPE:WALL-OUTER
G1 F1500 X96.8 Y112.948 E845.06901
G1 X94.2 Y112.948 E845.15549
G1 X94.2 Y118.625 E845.34431
G1 X96.8 Y118.625 E845.43078
G0 F9000 X96.53 Y118.356
G0 X96.1 Y117.205
G0 X96.319 Y117.205
;TYPE:FILL
G1 F3000 X94.68 Y115.565 E845.5079
G1 X94.679 Y115.379
G1 X96.318 Y114.94 E845.56433
G0 F9000 X96.1 Y114.94
G0 X95.381 Y113.648
G0 X95.381 Y113.427
G1 F3000 X94.68 Y116.046 E845.65451
G0 F9000 X95.2 Y116.046
G1 F2700 E840.65451
G0 F9000 X96.586 Y118.412
G0 X97.665 Y118.412
G0 X118.335 Y118.412
G0 X119.601 Y131.899
;TYPE:WALL-INNER
G1 F2700 E845.65451
G1 F1500 X125.4 Y131.9 E845.84738
G1 X125.4 Y88.1 E847.30418
G1 X119.601 Y88.101 E847.49705
G1 X119.601 Y131.899 E848.95378
G1 F2700 E843.95378
G0 F9000 X119.701 Y131.63
G0 X122.252 Y131.719
G0 X122.252 Y129.521
G0 X122.278 Y129.342
G1 F2700 E848.95378
G1 F1500 X121.846 Y129.236 E848.96858
G1 X121.449 Y129.03 E848.98345
G1 X121.109 Y128.726 E848.99862
G1 X120.857 Y128.361 E849.01337
G1 X120.7 Y127.945 E849.02816
G1 X120.651 Y127.5 E849.04305
G1 X120.699 Y127.058 E849.05784
G1 X120.857 Y126.639 E849.07273
G1 X121.109 Y126.274 E849.08749
G1 X121.448 Y125.971 E849.10261
G1 X121.843 Y125.765 E849.11743
G1 X122.272 Y125.659 E849.13212
G1 X122.727 Y125.659 E849.14726
G1 X123.157 Y125.765 E849.16199
G1 X123.555 Y125.974 E849.17694
G1 X123.891 Y126.274 E849.19192
G1 X124.142 Y126.637 E849.2066
G1 X124.302 Y127.061 E849.22167
G1 X124.35 Y127.5 E849.23636
G1 X124.302 Y127.937 E849.25098
G1 X124.142 Y128.362 E849.26609
G1 X123.891 Y128.726 E849.28079
G1 X123.554 Y129.027 E849.29582
G1 X123.154 Y129.236 E849.31083
G1 X122.756 Y129.333 E849.32446
G1 X122.278 Y129.342 E849.34036
G1 F2700 E844.34036
G0 F9000 X122.254 Y129.44
G0 X121.233 Y128.622
G0 X121.001 Y128.286
G0 X120.857 Y127.904
G0 X120.807 Y127.5
G0 X120.857 Y127.096
G0 X121.001 Y126.714
G0 X122.25 Y125.478
G0 X122.25 Y94.521
G0 X122.272 Y94.341
G1 F2700 E849.34036
G1 F1500 X121.843 Y94.235 E849.35506
G1 X121.448 Y94.029 E849.36987
G1 X121.109 Y93.726 E849.385
G1 X120.857 Y93.361 E849.39975
G1 X120.7 Y92.945 E849.41454
G1 X120.651 Y92.5 E849.42943
G1 X120.699 Y92.058 E849.44421
G1 X120.857 Y91.639 E849.45911
G1 X121.109 Y91.274 E849.47386
G1 X121.449 Y90.97 E849.48903
G1 X121.847 Y90.764 E849.50394
G1 X122.244 Y90.667 E849.51753
G1 X122.723 Y90.658 E849.53346
G1 X123.155 Y90.765 E849.54826
G1 X123.554 Y90.973 E849.56323
G1 X123.891 Y91.274 E849.57826
G1 X124.142 Y91.637 E849.59294
G1 X124.302 Y92.061 E849.60801
G1 X124.35 Y92.5 E849.6227
G1 X124.302 Y92.937 E849.63732
G1 X124.142 Y93.362 E849.65243
G1 X123.891 Y93.726 E849.66713
G1 X123.555 Y94.026 E849.68211
G1 X123.158 Y94.235 E849.69704
G1 X122.727 Y94.341 E849.7118
G1 X122.272 Y94.341 E849.72693
G0 F9000 X122.299 Y93.936
;TYPE:WALL-OUTER
G1 F1500 X122.008 Y93.864 E849.7369
G1 X121.657 Y93.68 E849.75008
G1 X121.4 Y93.443 E849.76171
G1 X121.206 Y93.153 E849.77332
G1 X121.089 Y92.834 E849.78462
G1 X121.051 Y92.5 E849.7958
G1 X121.099 Y92.13 E849.80821
G1 X121.229 Y91.803 E849.81991
G1 X121.431 Y91.522 E849.83142
G1 X121.698 Y91.292 E849.84314
G1 X122.008 Y91.136 E849.85468
G1 X122.313 Y91.061 E849.86513
G1 X122.701 Y91.064 E849.87804
G1 X122.992 Y91.136 E849.88801
G1 X123.343 Y91.32 E849.90119
G1 X123.6 Y91.557 E849.91282
G1 X123.794 Y91.847 E849.92442
G1 X123.912 Y92.177 E849.93608
G1 X123.95 Y92.5 E849.94689
G1 X123.911 Y92.834 E849.95808
G1 X123.771 Y93.197 E849.97102
G1 X123.569 Y93.478 E849.98253
G1 X123.302 Y93.708 E849.99425
G1 X122.992 Y93.864 E850.00579
G1 X122.7 Y93.936 E850.01579
G1 X122.299 Y93.936 E850.02913
G1 F2700 E845.02913
G0 F9000 X122.18 Y94.422
G0 X122.25 Y125.478
G0 X122.299 Y128.936
G1 F2700 E850.02913
G1 F1500 X122.008 Y128.864 E850.0391
G1 X121.657 Y128.68 E850.05228
G1 X121.4 Y128.443 E850.06391
G1 X121.206 Y128.153 E850.07552
G1 X121.089 Y127.834 E850.08682
G1 X121.051 Y127.5 E850.098
G1 X121.099 Y127.13 E850.11041
G1 X121.229 Y126.803 E850.12211
G1 X121.431 Y126.522 E850.13362
G1 X121.698 Y126.292 E850.14534
G1 X122.008 Y126.136 E850.15689
G1 X122.299 Y126.064 E850.16686
G1 X122.7 Y126.064 E850.18019
G1 X122.992 Y126.136 E850.1902
G1 X123.343 Y126.32 E850.20338
G1 X123.6 Y126.557 E850.215
G1 X123.794 Y126.847 E850.22661
G1 X123.912 Y127.177 E850.23827
G1 X123.95 Y127.5 E850.24908
G1 X123.911 Y127.834 E850.26027
G1 X123.771 Y128.197 E850.27321
G1 X123.569 Y128.478 E850.28472
G1 X123.302 Y128.708 E850.29644
G1 X122.992 Y128.864 E850.30798
G1 X122.687 Y128.939 E850.31843
G1 X122.299 Y128.936 E850.33133
G1 F2700 E845.33133
G0 F9000 X122.18 Y129.422
G0 X121.342 Y129.177
G0 X119.801 Y129.177
G0 X119.201 Y132.299
G1 F2700 E850.33133
G1 F1500 X125.8 Y132.3 E850.55082
G1 X125.8 Y87.7 E852.03422
G1 X119.201 Y87.701 E852.2537
G1 X119.201 Y132.299 E853.73704
G1 F2700 E848.73704
G0 F9000 X119.47 Y132.03
G0 X119.801 Y94.443
G0 X121.342 Y94.177
G0 X122.204 Y94.696
;TYPE:SKIN
G1 F2700 E853.73704
G1 F1500 X122.796 Y94.696 E853.75673
G1 X123.263 Y94.58 E853.77273
G1 X123.779 Y94.311 E853.79209
G1 X124.175 Y93.948 E853.80995
G1 X124.474 Y93.504 E853.82776
G1 F1515.2 X124.654 Y93.01 E853.84507
G1 F1583.1 X124.692 Y92.48 E853.86182
G1 X124.652 Y92 E853.87699
G1 F1515.2 X124.476 Y91.497 E853.89454
G1 F1500 X124.175 Y91.051 E853.91244
G1 X123.736 Y90.659 E853.93201
G1 X123.311 Y90.437 E853.94796
G1 X122.796 Y90.304 E853.96565
G1 X122.225 Y90.301 E853.98464
G1 X121.732 Y90.42 E854.00151
G1 X121.266 Y90.657 E854.0189
G1 X120.824 Y91.053 E854.03864
G1 X120.549 Y91.451 E854.05473
G1 F1542.4 X120.348 Y91.975 E854.07288
G1 F1612.9 X120.309 Y92.481 E854.08858
G1 F1578.9 X120.349 Y93.027 E854.10588
G1 F1511.3 X120.527 Y93.507 E854.12278
G1 F1500 X120.824 Y93.947 E854.14043
G1 X121.223 Y94.313 E854.15844
G1 X121.689 Y94.563 E854.17603
G1 X122.204 Y94.696 E854.19372
G1 F2700 E849.19372
G0 F9000 X122.266 Y94.443
G0 X122.266 Y125.479
G0 X122.204 Y129.696
G1 F2700 E854.19372
G1 F1500 X122.775 Y129.699 E854.21271
G1 X123.267 Y129.58 E854.22955
G1 X123.735 Y129.343 E854.247
G1 X124.175 Y128.948 E854.26666
G1 X124.474 Y128.504 E854.28447
G1 F1515.2 X124.654 Y128.01 E854.30178
G1 F1583.1 X124.692 Y127.48 E854.31853
G1 X124.652 Y127 E854.33371
G1 F1515.2 X124.476 Y126.497 E854.35125
G1 F1500 X124.175 Y126.051 E854.36915
G1 X123.779 Y125.689 E854.38699
G1 X123.263 Y125.42 E854.40635
G1 X122.796 Y125.304 E854.42235
G1 X122.204 Y125.304 E854.44204
G1 X121.734 Y125.42 E854.45814
G1 X121.223 Y125.687 E854.47732
G1 X120.824 Y126.053 E854.49533
G1 X120.549 Y126.451 E854.51142
G1 F1542.4 X120.348 Y126.975 E854.52957
G1 F1612.9 X120.309 Y127.481 E854.54527
G1 F1578.9 X120.349 Y128.027 E854.56257
G1 F1511.3 X120.527 Y128.507 E854.57947
G1 F1500 X120.824 Y128.947 E854.59712
G1 X121.223 Y129.313 E854.61513
G1 X121.689 Y129.563 E854.63272
G1 X122.204 Y129.696 E854.65041
G1 F2700 E849.65041
G0 F9000 X122.266 Y129.443
G0 X121.342 Y129.177
G0 X119.801 Y129.177
G0 X119.961 Y131.539
G1 F2700 E854.65041
G1 F1515.2 X119.958 Y128.125 E854.76283
G1 F1583.1 X119.943 Y127.5 E854.78253
G1 F1570.7 X119.962 Y126.39 E854.81779
G1 F1507.5 X119.96 Y109.757 E855.36824
G1 F1522.8 X119.958 Y93.124 E855.91316
G1 F1583.1 X119.943 Y92.5 E855.93283
G1 F1570.7 X119.962 Y91.39 E855.96809
G1 F1500 X119.961 Y88.461 E856.06551
G1 X125.04 Y88.46 E856.23444
G1 F1515.2 X125.044 Y91.979 E856.35031
G1 F1583.1 X125.058 Y92.5 E856.36673
G1 F1587.3 X125.044 Y93.018 E856.38302
G1 F1530.6 X125.044 Y126.979 E857.48998
G1 F1583.1 X125.058 Y127.5 E857.5064
G1 F1587.3 X125.044 Y128.018 E857.52269
G1 F1515.2 X125.04 Y131.539 E857.63863
G1 F1500 X119.961 Y131.539 E857.80756
G0 F9000 X120.589 Y131.338
G1 F1500 X120.161 Y130.909 E857.82771
G0 F9000 X120.161 Y130.343
G1 F1500 X121.155 Y131.338 E857.87449
G0 F9000 X121.721 Y131.338
G1 F1500 X120.162 Y129.778 E857.94784
G0 F9000 X120.198 Y129.249
G1 F1500 X122.287 Y131.338 E858.0461
G0 F9000 X122.852 Y131.338
G1 F1500 X120.589 Y129.075 E858.15255
G1 X120.589 Y129.074
G1 X120.161 Y128.646 E858.17268
G1 F2700 E853.17268
G0 F9000 X119.701 Y128.646
G0 X119.801 Y129.382
G0 X120.974 Y128.848
G0 X121.908 Y129.828
G1 F2700 E858.17268
G1 F1500 X123.418 Y131.338 E858.24371
G0 F9000 X123.984 Y131.338
G1 F1500 X122.544 Y129.898 E858.31144
G0 F9000 X123.049 Y129.837
G1 F1500 X124.549 Y131.338 E858.38202
G0 F9000 X124.84 Y131.062
G1 F1500 X123.478 Y129.701 E858.44606
G0 F9000 X123.851 Y129.508
G1 F1500 X124.84 Y130.497 E858.49258
G0 F9000 X124.84 Y129.931
G1 F1500 X124.153 Y129.244 E858.52489
G0 F9000 X124.418 Y128.944
G1 F1500 X124.656 Y129.182 E858.53609
G1 X124.657 Y129.182
G1 X124.84 Y129.365 E858.5447
G0 F9000 X124.84 Y128.8
G1 F1500 X124.648 Y128.607 E858.55375
G0 F9000 X123.799 Y128.944
G0 X124.109 Y128.008
G0 X124.24 Y126.611
G0 X124.841 Y126.538
G1 F1500 X124.56 Y126.257 E858.56697
G0 F9000 X124.839 Y125.971
G1 F1500 X124.677 Y125.809 E858.57459
G1 X124.677 Y125.808
G1 X120.161 Y121.292 E858.78701
G0 F9000 X120.161 Y120.727
G1 F1500 X124.839 Y125.405 E859.00705
G0 F9000 X124.839 Y124.839
G1 F1500 X120.161 Y120.161 E859.22708
G0 F9000 X120.161 Y119.595
G1 F1500 X124.839 Y124.274 E859.44715
G0 F9000 X124.839 Y123.708
G1 F1500 X120.161 Y119.03 E859.66719
G0 F9000 X120.161 Y118.464
G1 F1500 X124.839 Y123.142 E859.88722
G0 F9000 X124.839 Y122.576
G1 F1500 X120.161 Y117.898 E860.10726
G0 F9000 X120.161 Y117.333
G1 F1500 X124.839 Y122.011 E860.3273
G0 F9000 X124.839 Y121.445
G1 F1500 X120.161 Y116.767 E860.54734
G0 F9000 X120.161 Y116.201
G1 F1500 X124.839 Y120.879 E860.76738
G0 F9000 X124.839 Y120.314
G1 F1500 X120.161 Y115.636 E860.98742
G0 F9000 X120.161 Y115.07
G1 F1500 X124.839 Y119.748 E861.20746
G0 F9000 X124.839 Y119.182
G1 F1500 X120.161 Y114.504 E861.4275
G0 F9000 X120.161 Y113.938
G1 F1500 X124.839 Y118.617 E861.64756
G0 F9000 X124.839 Y118.051
G1 F1500 X120.161 Y113.373 E861.8676
G0 F9000 X120.161 Y112.807
G1 F1500 X124.839 Y117.485 E862.08764
G0 F9000 X124.839 Y116.92
G1 F1500 X120.161 Y112.241 E862.3077
G0 F9000 X120.161 Y111.676
G1 F1500 X124.839 Y116.354 E862.52774
G0 F9000 X124.839 Y115.788
G1 F1500 X120.161 Y111.11 E862.74778
G0 F9000 X120.161 Y110.544
G1 F1500 X124.839 Y115.223 E862.96784
G0 F9000 X124.839 Y114.657
G1 F1500 X120.161 Y109.979 E863.18788
G0 F9000 X120.161 Y109.413
G1 F1500 X124.839 Y114.091 E863.40792
G0 F9000 X124.839 Y113.525
G1 F1500 X120.161 Y108.847 E863.62795
G0 F9000 X120.161 Y108.282
G1 F1500 X124.839 Y112.96 E863.84799
G0 F9000 X124.839 Y112.394
G1 F1500 X120.161 Y107.716 E864.06803
G0 F9000 X120.161 Y107.15
G1 F1500 X124.839 Y111.828 E864.28807
G0 F9000 X124.839 Y111.263
G1 F1500 X120.161 Y106.585 E864.50811
G0 F9000 X120.161 Y106.019
G1 F1500 X124.839 Y110.697 E864.72815
G0 F9000 X124.839 Y110.131
G1 F1500 X120.161 Y105.453 E864.94819
G0 F9000 X120.161 Y104.887
G1 F1500 X124.839 Y109.566 E865.16825
G0 F9000 X124.839 Y109
G1 F1500 X120.161 Y104.322 E865.38829
G0 F9000 X120.161 Y103.756
G1 F1500 X124.839 Y108.434 E865.60833
G0 F9000 X124.839 Y107.869
G1 F1500 X120.161 Y103.19 E865.82839
G0 F9000 X120.161 Y102.625
G1 F1500 X124.839 Y107.303 E866.04843
G0 F9000 X124.839 Y106.737
G1 F1500 X120.161 Y102.059 E866.26847
G0 F9000 X120.161 Y101.493
G1 F1500 X124.839 Y106.172 E866.48853
G0 F9000 X124.839 Y105.606
G1 F1500 X120.161 Y100.928 E866.70857
G0 F9000 X120.161 Y100.362
G1 F1500 X124.839 Y105.04 E866.92861
G0 F9000 X124.839 Y104.475
G1 F1500 X120.161 Y99.796 E867.14867
G0 F9000 X120.161 Y99.231
G1 F1500 X124.839 Y103.909 E867.36871
G0 F9000 X124.839 Y103.343
G1 F1500 X120.161 Y98.665 E867.58875
G0 F9000 X120.161 Y98.099
G1 F1500 X124.839 Y102.777 E867.80878
G0 F9000 X124.839 Y102.212
G1 F1500 X120.161 Y97.534 E868.02882
G0 F9000 X120.161 Y96.968
G1 F1500 X124.839 Y101.646 E868.24886
G0 F9000 X124.839 Y101.08
G1 F1500 X120.161 Y96.402 E868.4689
G0 F9000 X120.161 Y95.837
G1 F1500 X124.839 Y100.515 E868.68894
G0 F9000 X124.839 Y99.949
G1 F1500 X120.161 Y95.271 E868.90898
G0 F9000 X120.161 Y94.705
G1 F1500 X124.839 Y99.383 E869.12902
G0 F9000 X124.839 Y98.818
G1 F1500 X120.249 Y94.227 E869.34494
G1 X120.248 Y94.226
G1 X120.161 Y94.139 E869.34903
G0 F9000 X120.68 Y94.093
G1 F1500 X120.16 Y93.573 E869.37349
G0 F9000 X120.693 Y94.106
G1 F1500 X124.839 Y98.252 E869.56851
G0 F9000 X124.839 Y97.686
G1 F1500 X122.006 Y94.853 E869.70176
G0 F9000 X122.619 Y94.9
G1 F1500 X124.839 Y97.121 E869.80621
G0 F9000 X124.839 Y96.555
G1 F1500 X123.108 Y94.824 E869.88763
G0 F9000 X123.525 Y94.675
G1 F1500 X124.839 Y95.989 E869.94944
G0 F9000 X124.839 Y95.424
G1 F1500 X123.893 Y94.477 E869.99396
G0 F9000 X124.191 Y94.209
G1 F1500 X124.839 Y94.858 E870.02446
G0 F9000 X124.787 Y94.24
G1 F1500 X124.448 Y93.901 E870.04041
G0 F9000 X124.667 Y93.554
G1 F1500 X124.839 Y93.727 E870.04852
G1 F2700 E865.04852
G0 F9000 X125.3 Y93.727
G0 X125.2 Y91.611
G0 X124.45 Y91.89
G0 X124.845 Y91.469
G1 F2700 E870.04852
G1 F1500 X124.396 Y91.02 E870.06964
G0 F9000 X124.73 Y90.789
G1 F1500 X122.601 Y88.66 E870.16978
G0 F9000 X122.036 Y88.661
G1 F1500 X123.952 Y90.576 E870.25988
G0 F9000 X124.731 Y90.79
G1 F1500 X124.843 Y90.902 E870.26515
G0 F9000 X124.843 Y90.336
G1 F1500 X123.167 Y88.66 E870.34398
G0 F9000 X123.733 Y88.66
G1 F1500 X124.841 Y89.769 E870.39612
G0 F9000 X124.841 Y89.202
G1 F1500 X124.298 Y88.66 E870.42164
G1 F2700 E865.42164
G0 F9000 X124.298 Y88.2
G0 X122.834 Y88.3
G0 X122.75 Y90.478
G0 X122.944 Y90.134
G1 F2700 E870.42164
G1 F1500 X121.471 Y88.661 E870.49092
G0 F9000 X120.905 Y88.661
G1 F1500 X122.346 Y90.102 E870.55871
G0 F9000 X121.861 Y90.182
G1 F1500 X120.339 Y88.661 E870.63027
G0 F9000 X120.16 Y89.047
G1 F1500 X121.447 Y90.335 E870.69083
G0 F9000 X121.086 Y90.539
G1 F1500 X120.16 Y89.613 E870.73439
G0 F9000 X120.16 Y90.179
G1 F1500 X120.788 Y90.807 E870.76393
G0 F9000 X120.534 Y91.118
G1 F1500 X120.16 Y90.745 E870.7815
G0 F9000 X120.16 Y91.31
G1 F1500 X120.321 Y91.471 E870.78907
G1 F2700 E865.78907
G0 F9000 X120.751 Y91.634
G0 X120.974 Y93.848
G0 X119.801 Y93.848
G0 X120.161 Y121.858
G1 F2700 E870.78907
G1 F1500 X123.738 Y125.435 E870.95732
G0 F9000 X122.847 Y125.109
G1 F1500 X120.161 Y122.424 E871.08364
G0 F9000 X120.161 Y122.989
G1 F1500 X122.27 Y125.098 E871.18284
G0 F9000 X121.801 Y125.196
G1 F1500 X120.161 Y123.555 E871.26
G0 F9000 X120.161 Y124.121
G1 F1500 X121.4 Y125.36 E871.31828
G0 F9000 X121.048 Y125.573
G1 F1500 X120.161 Y124.686 E871.36
G0 F9000 X120.161 Y125.252
G1 F1500 X120.749 Y125.84 E871.38766
G0 F9000 X120.505 Y126.161
G1 F1500 X120.162 Y125.819 E871.40377
G0 F9000 X120.162 Y126.384
G1 F1500 X120.302 Y126.525 E871.41038
G1 F2700 E866.41038
;MESH:NONMESH
G0 F300 X120.302 Y126.525 Z7.6
G0 F9000 X120.731 Y126.687
G0 X120.974 Y126.152
G0 X96.586 Y106.838
G0 X96.13 Y106.382
G0 X96.4 Y106.517
;TIME_ELAPSED:1594.439702
;LAYER:37
;TYPE:WALL-INNER
;MESH:Garmin_GFC500 Wheel Support - Wheel Spacer.stl
G1 F2700 E871.41038
G1 F1500 X96.4 Y101.891 E871.56424
G1 X94.6 Y101.891 E871.62411
G1 X94.6 Y106.517 E871.77797
G1 X96.4 Y106.517 E871.83784
G0 F9000 X96.8 Y106.917
;TYPE:WALL-OUTER
G1 F1500 X96.8 Y101.491 E872.01831
G1 X94.2 Y101.491 E872.10478
G1 X94.2 Y106.917 E872.28525
G1 X96.8 Y106.917 E872.37173
G0 F9000 X96.53 Y106.647
G0 X96.1 Y105.69
G0 X96.319 Y105.69
;TYPE:FILL
G1 F3000 X94.68 Y104.05 E872.44885
G0 F9000 X94.679 Y103.103
G1 F3000 X96.318 Y102.664 E872.50528
G0 F9000 X95.8 Y102.664
G1 F2700 E867.50528
G0 F9000 X96.125 Y106.717
G0 X96.126 Y107.782
G0 X96.126 Y112.218
G0 X96.127 Y113.283
G0 X96.13 Y117.839
G0 X96.4 Y118.108
;TYPE:WALL-INNER
G1 F2700 E872.50528
G1 F1500 X96.4 Y113.483 E872.65911
G1 X94.6 Y113.483 E872.71898
G1 X94.6 Y118.108 E872.87281
G1 X96.4 Y118.108 E872.93268
G0 F9000 X96.8 Y118.508
;TYPE:WALL-OUTER
G1 F1500 X96.8 Y113.083 E873.11311
G1 X94.2 Y113.083 E873.19959
G1 X94.2 Y118.508 E873.38002
G1 X96.8 Y118.508 E873.4665
G0 F9000 X96.53 Y118.239
G0 X96.1 Y117.004
G0 X96.319 Y117.004
;TYPE:FILL
G1 F3000 X94.68 Y115.364 E873.54362
G1 X94.679 Y115.498
G1 X95.198 Y113.561 E873.61031
G0 F9000 X95.198 Y113.783
G0 X96.1 Y115.087
G0 X96.318 Y115.087
G1 F3000 X94.679 Y115.526 E873.66675
G0 F9000 X95.2 Y115.526
G1 F2700 E868.66675
G0 F9000 X96.586 Y118.295
G0 X97.665 Y118.295
G0 X118.335 Y118.295
G0 X119.601 Y131.899
;TYPE:WALL-INNER
G1 F2700 E873.66675
G1 F1500 X125.4 Y131.9 E873.85963
G1 X125.4 Y88.1 E875.31642
G1 X119.601 Y88.101 E875.50929
G1 X119.601 Y131.899 E876.96602
G1 F2700 E871.96602
G0 F9000 X119.701 Y131.63
G0 X122.252 Y131.719
G0 X122.252 Y129.521
G0 X122.278 Y129.342
G1 F2700 E876.96602
G1 F1500 X121.846 Y129.236 E876.98082
G1 X121.449 Y129.03 E876.99569
G1 X121.109 Y128.726 E877.01086
G1 X120.857 Y128.361 E877.02561
G1 X120.7 Y127.945 E877.0404
G1 X120.651 Y127.5 E877.05529
G1 X120.699 Y127.058 E877.07008
G1 X120.857 Y126.639 E877.08497
G1 X121.109 Y126.274 E877.09973
G1 X121.448 Y125.971 E877.11485
G1 X121.843 Y125.765 E877.12967
G1 X122.272 Y125.659 E877.14436
G1 X122.727 Y125.659 E877.1595
G1 X123.157 Y125.765 E877.17423
G1 X123.555 Y125.974 E877.18918
G1 X123.891 Y126.274 E877.20416
G1 X124.142 Y126.637 E877.21884
G1 X124.302 Y127.061 E877.23391
G1 X124.35 Y127.5 E877.2486
G1 X124.302 Y127.937 E877.26322
G1 X124.142 Y128.362 E877.27833
G1 X123.891 Y128.726 E877.29303
G1 X123.554 Y129.027 E877.30806
G1 X123.154 Y129.236 E877.32307
G1 X122.756 Y129.333 E877.3367
G1 X122.278 Y129.342 E877.3526
G1 F2700 E872.3526
G0 F9000 X122.254 Y129.44
G0 X121.233 Y128.622
G0 X121.001 Y128.286
G0 X120.857 Y127.904
G0 X120.807 Y127.5
G0 X120.857 Y127.096
G0 X121.001 Y126.714
G0 X122.25 Y125.478
G0 X122.25 Y94.521
G0 X122.272 Y94.341
G1 F2700 E877.3526
G1 F1500 X121.843 Y94.235 E877.3673
G1 X121.448 Y94.029 E877.38211
G1 X121.109 Y93.726 E877.39724
G1 X120.857 Y93.361 E877.41199
G1 X120.7 Y92.945 E877.42678
G1 X120.651 Y92.5 E877.44167
G1 X120.699 Y92.058 E877.45645
G1 X120.857 Y91.639 E877.47135
G1 X121.109 Y91.274 E877.4861
G1 X121.449 Y90.97 E877.50127
G1 X121.847 Y90.764 E877.51618
G1 X122.244 Y90.667 E877.52977
G1 X122.723 Y90.658 E877.5457
G1 X123.155 Y90.765 E877.56051
G1 X123.554 Y90.973 E877.57547
G1 X123.891 Y91.274 E877.5905
G1 X124.142 Y91.637 E877.60518
G1 X124.302 Y92.061 E877.62025
G1 X124.35 Y92.5 E877.63494
G1 X124.302 Y92.937 E877.64956
G1 X124.142 Y93.362 E877.66467
G1 X123.891 Y93.726 E877.67937
G1 X123.555 Y94.026 E877.69435
G1 X123.158 Y94.235 E877.70928
G1 X122.727 Y94.341 E877.72404
G1 X122.272 Y94.341 E877.73917
G0 F9000 X122.299 Y93.936
;TYPE:WALL-OUTER
G1 F1500 X122.008 Y93.864 E877.74914
G1 X121.657 Y93.68 E877.76232
G1 X121.4 Y93.443 E877.77395
G1 X121.206 Y93.153 E877.78556
G1 X121.089 Y92.834 E877.79686
G1 X121.052 Y92.524 E877.80724
G1 X121.099 Y92.13 E877.82044
G1 X121.229 Y91.803 E877.83214
G1 X121.431 Y91.522 E877.84365
G1 X121.698 Y91.292 E877.85537
G1 X122.008 Y91.136 E877.86692
G1 X122.313 Y91.061 E877.87736
G1 X122.701 Y91.064 E877.89027
G1 X122.992 Y91.136 E877.90024
G1 X123.343 Y91.32 E877.91342
G1 X123.6 Y91.557 E877.92505
G1 X123.794 Y91.847 E877.93665
G1 X123.912 Y92.177 E877.94831
G1 X123.95 Y92.5 E877.95913
G1 X123.911 Y92.834 E877.97031
G1 X123.771 Y93.197 E877.98325
G1 X123.569 Y93.478 E877.99476
G1 X123.302 Y93.708 E878.00648
G1 X122.992 Y93.864 E878.01802
G1 X122.7 Y93.936 E878.02803
G1 X122.299 Y93.936 E878.04136
G1 F2700 E873.04136
G0 F9000 X122.18 Y94.422
G0 X122.25 Y125.478
G0 X122.299 Y128.936
G1 F2700 E878.04136
G1 F1500 X122.008 Y128.864 E878.05133
G1 X121.657 Y128.68 E878.06452
G1 X121.4 Y128.443 E878.07614
G1 X121.206 Y128.153 E878.08775
G1 X121.089 Y127.834 E878.09905
G1 X121.051 Y127.5 E878.11023
G1 X121.099 Y127.13 E878.12264
G1 X121.229 Y126.803 E878.13434
G1 X121.431 Y126.522 E878.14585
G1 X121.698 Y126.292 E878.15757
G1 X122.008 Y126.136 E878.16912
G1 X122.299 Y126.064 E878.17909
G1 X122.7 Y126.064 E878.19242
G1 X122.992 Y126.136 E878.20243
G1 X123.343 Y126.32 E878.21561
G1 X123.6 Y126.557 E878.22724
G1 X123.794 Y126.847 E878.23884
G1 X123.912 Y127.177 E878.2505
G1 X123.95 Y127.5 E878.26131
G1 X123.911 Y127.834 E878.2725
G1 X123.771 Y128.197 E878.28544
G1 X123.569 Y128.478 E878.29695
G1 X123.302 Y128.708 E878.30867
G1 X122.992 Y128.864 E878.32021
G1 X122.687 Y128.939 E878.33066
G1 X122.299 Y128.936 E878.34357
G1 F2700 E873.34357
G0 F9000 X122.18 Y129.422
G0 X121.342 Y129.177
G0 X119.801 Y129.177
G0 X119.201 Y132.299
G1 F2700 E878.34357
G1 F1500 X125.8 Y132.3 E878.56305
G1 X125.8 Y87.7 E880.04645
G1 X119.201 Y87.701 E880.26593
G1 X119.201 Y132.299 E881.74927
G1 F2700 E876.74927
G0 F9000 X119.47 Y132.03
G0 X119.801 Y94.443
G0 X121.342 Y94.177
G0 X122.204 Y94.696
;TYPE:SKIN
G1 F2700 E881.74927
G1 F1500 X122.796 Y94.696 E881.76896
G1 X123.263 Y94.58 E881.78496
G1 X123.779 Y94.311 E881.80432
G1 X124.175 Y93.948 E881.82219
G1 X124.474 Y93.504 E881.83999
G1 F1515.2 X124.654 Y93.01 E881.8573
G1 F1583.1 X124.692 Y92.48 E881.87405
G1 X124.652 Y92 E881.88923
G1 F1515.2 X124.476 Y91.497 E881.90677
G1 F1500 X124.175 Y91.051 E881.92467
G1 X123.736 Y90.659 E881.94425
G1 X123.311 Y90.437 E881.96019
G1 X122.796 Y90.304 E881.97788
G1 X122.225 Y90.301 E881.99688
G1 X121.732 Y90.42 E882.01374
G1 X121.266 Y90.657 E882.03113
G1 X120.824 Y91.053 E882.05087
G1 X120.549 Y91.451 E882.06696
G1 F1542.4 X120.348 Y91.975 E882.08511
G1 F1612.9 X120.309 Y92.481 E882.10081
G1 F1578.9 X120.349 Y93.027 E882.11811
G1 F1511.3 X120.527 Y93.507 E882.13501
G1 F1500 X120.824 Y93.947 E882.15267
G1 X121.223 Y94.313 E882.17067
G1 X121.689 Y94.563 E882.18826
G1 X122.204 Y94.696 E882.20595
G1 F2700 E877.20595
G0 F9000 X122.266 Y94.443
G0 X122.266 Y125.479
G0 X122.204 Y129.696
G1 F2700 E882.20595
G1 F1500 X122.775 Y129.699 E882.22495
G1 X123.267 Y129.58 E882.24178
G1 X123.735 Y129.343 E882.25923
G1 X124.175 Y128.948 E882.2789
G1 X124.474 Y128.504 E882.2967
G1 F1515.2 X124.654 Y128.01 E882.31401
G1 F1583.1 X124.692 Y127.48 E882.33076
G1 X124.652 Y127 E882.34594
G1 F1515.2 X124.476 Y126.497 E882.36348
G1 F1500 X124.175 Y126.051 E882.38138
G1 X123.779 Y125.689 E882.39923
G1 X123.263 Y125.42 E882.41858
G1 X122.796 Y125.304 E882.43458
G1 X122.204 Y125.304 E882.45427
G1 X121.734 Y125.42 E882.47038
G1 X121.223 Y125.687 E882.48955
G1 X120.824 Y126.053 E882.50756
G1 X120.549 Y126.451 E882.52365
G1 F1542.4 X120.348 Y126.975 E882.5418
G1 F1612.9 X120.309 Y127.481 E882.5575
G1 F1578.9 X120.349 Y128.027 E882.5748
G1 F1511.3 X120.527 Y128.507 E882.5917
G1 F1500 X120.824 Y128.947 E882.60936
G1 X121.223 Y129.313 E882.62736
G1 X121.689 Y129.563 E882.64495
G1 X122.204 Y129.696 E882.66264
G1 F2700 E877.66264
G0 F9000 X122.266 Y129.443
G0 X121.342 Y129.177
G0 X119.801 Y129.177
G0 X119.961 Y131.539
G1 F2700 E882.66264
G1 F1515.2 X119.958 Y128.125 E882.77506
G1 F1583.1 X119.943 Y127.5 E882.79476
G1 F1570.7 X119.962 Y126.39 E882.83002
G1 F1507.5 X119.96 Y109.757 E883.38047
G1 F1522.8 X119.958 Y93.124 E883.92539
G1 F1583.1 X119.943 Y92.5 E883.94506
G1 F1570.7 X119.962 Y91.39 E883.98032
G1 F1500 X119.961 Y88.461 E884.07774
G1 X125.04 Y88.46 E884.24667
G1 F1515.2 X125.044 Y91.979 E884.36254
G1 F1583.1 X125.058 Y92.5 E884.37897
G1 F1587.3 X125.044 Y93.018 E884.39525
G1 F1530.6 X125.044 Y126.979 E885.50221
G1 F1583.1 X125.058 Y127.5 E885.51863
G1 F1587.3 X125.044 Y128.018 E885.53492
G1 F1515.2 X125.04 Y131.539 E885.65086
G1 F1500 X119.961 Y131.539 E885.81979
G0 F9000 X119.701 Y131.539
G0 X124.349 Y131.799
G0 X124.351 Y131.338
G1 F1500 X124.839 Y130.85 E885.84274
G0 F9000 X124.839 Y130.284
G1 F1500 X123.785 Y131.338 E885.89232
G0 F9000 X123.219 Y131.338
G1 F1500 X124.839 Y129.718 E885.96852
G0 F9000 X124.762 Y129.23
G1 F1500 X122.654 Y131.338 E886.06767
G0 F9000 X122.088 Y131.338
G1 F1500 X124.37 Y129.056 E886.17501
G1 X124.371 Y129.055
G1 X124.839 Y128.587 E886.19702
G0 F9000 X124.839 Y129.153
G1 F1500 X124.763 Y129.229 E886.2006
G1 F2700 E881.2006
G0 F9000 X125.3 Y129.229
G0 X124.216 Y128.606
G0 X123.016 Y129.844
G1 F2700 E886.2006
G1 F1500 X121.522 Y131.338 E886.27087
G0 F9000 X120.956 Y131.338
G1 F1500 X122.397 Y129.898 E886.33863
G0 F9000 X121.902 Y129.827
G1 F1500 X120.391 Y131.338 E886.4097
G0 F9000 X120.161 Y131.002
G1 F1500 X121.484 Y129.679 E886.47193
G0 F9000 X121.114 Y129.483
G1 F1500 X120.161 Y130.437 E886.51678
G0 F9000 X120.162 Y129.87
G1 F1500 X120.816 Y129.215 E886.54757
G0 F9000 X120.556 Y128.911
G1 F1500 X120.234 Y129.232 E886.56269
G1 X120.233 Y129.233
G1 X120.162 Y129.305 E886.56605
G0 F9000 X120.162 Y128.739
G1 F1500 X120.335 Y128.566 E886.57419
G1 F2700 E881.57419
G0 F9000 X120.779 Y128.424
G0 X120.521 Y127.017
G0 X119.801 Y127.017
G0 X120.16 Y126.478
G1 F2700 E886.57419
G1 F1500 X120.564 Y126.074 E886.59319
G0 F9000 X120.285 Y125.787
G1 F1500 X120.162 Y125.91 E886.59898
G1 X120.285 Y125.787
G1 X124.838 Y121.234 E886.81314
G0 F9000 X124.838 Y121.799
G1 F1500 X121.144 Y125.494 E886.98692
G0 F9000 X120.162 Y125.345
G1 F1500 X124.838 Y120.668 E887.20688
G0 F9000 X124.838 Y120.102
G1 F1500 X120.162 Y124.779 E887.42685
G0 F9000 X120.162 Y124.213
G1 F1500 X124.838 Y119.537 E887.6468
G0 F9000 X124.838 Y118.971
G1 F1500 X120.162 Y123.648 E887.86677
G0 F9000 X120.162 Y123.082
G1 F1500 X124.838 Y118.405 E888.08673
G0 F9000 X124.838 Y117.84
G1 F1500 X120.162 Y122.516 E888.30668
G0 F9000 X120.162 Y121.951
G1 F1500 X124.838 Y117.274 E888.52665
G0 F9000 X124.838 Y116.708
G1 F1500 X120.162 Y121.385 E888.74661
G0 F9000 X120.162 Y120.819
G1 F1500 X124.838 Y116.142 E888.96658
G0 F9000 X124.838 Y115.577
G1 F1500 X120.162 Y120.254 E889.18655
G0 F9000 X120.162 Y119.688
G1 F1500 X124.838 Y115.011 E889.40652
G0 F9000 X124.838 Y114.445
G1 F1500 X120.162 Y119.122 E889.62649
G0 F9000 X120.162 Y118.557
G1 F1500 X124.838 Y113.88 E889.84646
G0 F9000 X124.838 Y113.314
G1 F1500 X120.162 Y117.991 E890.06642
G0 F9000 X120.162 Y117.425
G1 F1500 X124.838 Y112.748 E890.28639
G0 F9000 X124.838 Y112.183
G1 F1500 X120.162 Y116.86 E890.50636
G0 F9000 X120.162 Y116.294
G1 F1500 X124.838 Y111.617 E890.72633
G0 F9000 X124.838 Y111.051
G1 F1500 X120.162 Y115.728 E890.9463
G0 F9000 X120.162 Y115.162
G1 F1500 X124.838 Y110.486 E891.16624
G0 F9000 X124.838 Y109.92
G1 F1500 X120.162 Y114.597 E891.38621
G0 F9000 X120.162 Y114.031
G1 F1500 X124.838 Y109.354 E891.60618
G0 F9000 X124.838 Y108.789
G1 F1500 X120.162 Y113.465 E891.82612
G0 F9000 X120.162 Y112.9
G1 F1500 X124.838 Y108.223 E892.04609
G0 F9000 X124.838 Y107.657
G1 F1500 X120.162 Y112.334 E892.26606
G0 F9000 X120.162 Y111.768
G1 F1500 X124.838 Y107.092 E892.486
G0 F9000 X124.838 Y106.526
G1 F1500 X120.162 Y111.203 E892.70597
G0 F9000 X120.162 Y110.637
G1 F1500 X124.838 Y105.96 E892.92594
G0 F9000 X124.838 Y105.394
G1 F1500 X120.162 Y110.071 E893.14591
G0 F9000 X120.162 Y109.506
G1 F1500 X124.838 Y104.829 E893.36588
G0 F9000 X124.838 Y104.263
G1 F1500 X120.162 Y108.94 E893.58584
G0 F9000 X120.162 Y108.374
G1 F1500 X124.838 Y103.697 E893.80581
G0 F9000 X124.838 Y103.132
G1 F1500 X120.162 Y107.809 E894.02578
G0 F9000 X120.162 Y107.243
G1 F1500 X124.838 Y102.566 E894.24575
G0 F9000 X124.838 Y102
G1 F1500 X120.162 Y106.677 E894.46572
G0 F9000 X120.162 Y106.111
G1 F1500 X124.838 Y101.435 E894.68566
G0 F9000 X124.838 Y100.869
G1 F1500 X120.162 Y105.546 E894.90563
G0 F9000 X120.162 Y104.98
G1 F1500 X124.838 Y100.303 E895.1256
G0 F9000 X124.838 Y99.738
G1 F1500 X120.162 Y104.414 E895.34554
G0 F9000 X120.162 Y103.849
G1 F1500 X124.838 Y99.172 E895.56551
G0 F9000 X124.838 Y98.606
G1 F1500 X120.162 Y103.283 E895.78548
G0 F9000 X120.162 Y102.717
G1 F1500 X124.838 Y98.041 E896.00542
G0 F9000 X124.838 Y97.475
G1 F1500 X120.162 Y102.152 E896.22539
G0 F9000 X120.162 Y101.586
G1 F1500 X124.838 Y96.909 E896.44536
G0 F9000 X124.838 Y96.344
G1 F1500 X120.162 Y101.02 E896.66531
G0 F9000 X120.162 Y100.455
G1 F1500 X124.838 Y95.778 E896.88527
G0 F9000 X124.838 Y95.212
G1 F1500 X120.162 Y99.889 E897.10524
G0 F9000 X120.162 Y99.323
G1 F1500 X124.838 Y94.646 E897.32521
G0 F9000 X124.713 Y94.207
G1 F1500 X124.838 Y94.081 E897.33111
G1 X124.712 Y94.207
G1 X120.162 Y98.758 E897.54516
G0 F9000 X120.162 Y98.192
G1 F1500 X123.845 Y94.509 E897.71839
G0 F9000 X124.442 Y93.912
G1 F1500 X124.84 Y93.514 E897.73711
G1 F2700 E892.73711
G0 F9000 X125.3 Y93.514
G0 X125.2 Y91.589
G0 X124.443 Y91.871
G0 X124.663 Y91.428
G1 F2700 E897.73711
G1 F1500 X124.843 Y91.247 E897.7456
G0 F9000 X124.44 Y91.085
G1 F1500 X124.74 Y90.785 E897.75971
G1 X124.741 Y90.784
G1 X124.842 Y90.683 E897.76447
G0 F9000 X124.841 Y90.118
G1 F1500 X124.179 Y90.781 E897.79563
G0 F9000 X123.881 Y90.513
G1 F1500 X124.841 Y89.553 E897.84078
G0 F9000 X124.839 Y88.989
G1 F1500 X123.512 Y90.316 E897.9032
G0 F9000 X123.092 Y90.17
G1 F1500 X124.603 Y88.659 E897.97427
G0 F9000 X124.037 Y88.659
G1 F1500 X122.596 Y90.1 E898.04205
G0 F9000 X121.975 Y90.156
G1 F1500 X123.472 Y88.659 E898.11247
G0 F9000 X122.906 Y88.659
G1 F1500 X120.625 Y90.941 E898.21978
G1 X120.624 Y90.941
G1 X120.16 Y91.405 E898.24161
G0 F9000 X120.161 Y90.839
G1 F1500 X120.233 Y90.767 E898.24499
G1 X120.234 Y90.766
G1 X122.34 Y88.66 E898.34405
G0 F9000 X121.774 Y88.66
G1 F1500 X120.161 Y90.273 E898.41992
G0 F9000 X120.161 Y89.707
G1 F1500 X121.208 Y88.66 E898.46917
G0 F9000 X120.643 Y88.66
G1 F1500 X120.16 Y89.142 E898.49187
G1 F2700 E893.49187
G0 F9000 X119.701 Y89.142
G0 X119.801 Y93.424
G0 X120.559 Y93.138
G0 X120.315 Y93.513
G1 F2700 E898.49187
G1 F1500 X120.161 Y93.667 E898.49911
G0 F9000 X120.524 Y93.869
G1 F1500 X120.161 Y94.233 E898.51621
G0 F9000 X120.162 Y94.798
G1 F1500 X120.778 Y94.182 E898.54518
G0 F9000 X121.075 Y94.45
G1 F1500 X120.162 Y95.363 E898.58813
G0 F9000 X120.162 Y95.929
G1 F1500 X121.436 Y94.655 E898.64805
G0 F9000 X121.844 Y94.813
G1 F1500 X120.162 Y96.495 E898.72717
G0 F9000 X120.162 Y97.061
G1 F1500 X122.322 Y94.9 E898.82879
G0 F9000 X122.917 Y94.871
G1 F1500 X120.162 Y97.626 E898.95838
G1 F2700 E893.95838
G0 F9000 X119.701 Y97.626
G0 X119.773 Y88.273
G0 X125.228 Y88.272
G0 X125.3 Y122.365
G0 X124.838 Y122.365
G1 F2700 E898.95838
G1 F1500 X122.076 Y125.128 E899.08832
G0 F9000 X122.671 Y125.098
G1 F1500 X124.838 Y122.931 E899.19025
G0 F9000 X124.838 Y123.496
G1 F1500 X123.149 Y125.186 E899.26972
G0 F9000 X123.559 Y125.342
G1 F1500 X124.838 Y124.062 E899.3299
G0 F9000 X124.838 Y124.628
G1 F1500 X123.92 Y125.546 E899.37308
G0 F9000 X124.217 Y125.815
G1 F1500 X124.838 Y125.193 E899.40231
G0 F9000 X124.839 Y125.758
G1 F1500 X124.471 Y126.127 E899.41965
G0 F9000 X124.683 Y126.48
G1 F1500 X124.839 Y126.324 E899.42699
G1 F2700 E894.42699
;MESH:NONMESH
G0 F300 X124.839 Y126.324 Z7.8
G0 F9000 X124.237 Y126.604
G0 X123.1 Y125.917
G0 X121.342 Y125.823
G0 X96.586 Y106.703
G0 X96.13 Y106.247
G0 X96.4 Y106.441
;TIME_ELAPSED:1650.035465
;LAYER:38
;TYPE:WALL-INNER
;MESH:Garmin_GFC500 Wheel Support - Wheel Spacer.stl
G1 F2700 E899.42699
G1 F1500 X96.4 Y102.008 E899.57443
G1 X94.6 Y102.008 E899.6343
G1 X94.6 Y106.441 E899.78174
G1 X96.4 Y106.441 E899.84161
G0 F9000 X96.8 Y106.841
;TYPE:WALL-OUTER
G1 F1500 X96.8 Y101.608 E900.01566
G1 X94.2 Y101.608 E900.10213
G1 X94.2 Y106.841 E900.27618
G1 X96.8 Y106.841 E900.36266
G0 F9000 X96.53 Y106.571
G0 X96.1 Y105.491
G0 X96.319 Y105.491
;TYPE:FILL
G1 F3000 X94.679 Y103.85 E900.43982
G0 F9000 X94.679 Y103.249
G1 F3000 X96.318 Y102.81 E900.49626
G0 F9000 X95.8 Y102.81
G1 F2700 E895.49626
G0 F9000 X96.125 Y106.641
G0 X96.126 Y107.706
G0 X96.127 Y112.294
G0 X96.128 Y113.359
G0 X96.13 Y117.722
G0 X96.4 Y117.991
;TYPE:WALL-INNER
G1 F2700 E900.49626
G1 F1500 X96.4 Y113.559 E900.64367
G1 X94.6 Y113.559 E900.70354
G1 X94.6 Y117.991 E900.85094
G1 X96.4 Y117.991 E900.91081
G0 F9000 X96.8 Y118.391
;TYPE:WALL-OUTER
G1 F1500 X96.8 Y113.159 E901.08483
G1 X94.2 Y113.159 E901.17131
G1 X94.2 Y118.391 E901.34532
G1 X96.8 Y118.391 E901.4318
G0 F9000 X96.53 Y118.122
G0 X96.1 Y116.804
G0 X96.319 Y116.804
;TYPE:FILL
G1 F3000 X94.679 Y115.164 E901.50894
G0 F9000 X94.679 Y114.954
G1 F3000 X95.032 Y113.637 E901.55429
G0 F9000 X95.032 Y113.859
G0 X96.1 Y115.233
G0 X96.319 Y115.233
G1 F3000 X94.679 Y115.672 E901.61076
G0 F9000 X95.2 Y115.672
G1 F2700 E896.61076
G0 F9000 X96.586 Y118.178
G0 X97.665 Y118.178
G0 X118.335 Y118.178
G0 X119.601 Y131.899
;TYPE:WALL-INNER
G1 F2700 E901.61076
G1 F1500 X125.4 Y131.9 E901.80363
G1 X125.4 Y88.1 E903.26043
G1 X119.601 Y88.101 E903.4533
G1 X119.601 Y131.899 E904.91003
G1 F2700 E899.91003
G0 F9000 X119.701 Y131.63
G0 X122.252 Y131.719
G0 X122.252 Y129.521
G0 X122.278 Y129.342
G1 F2700 E904.91003
G1 F1500 X121.846 Y129.236 E904.92482
G1 X121.449 Y129.03 E904.9397
G1 X121.109 Y128.726 E904.95487
G1 X120.857 Y128.361 E904.96962
G1 X120.7 Y127.945 E904.98441
G1 X120.651 Y127.5 E904.9993
G1 X120.699 Y127.058 E905.01409
G1 X120.857 Y126.639 E905.02898
G1 X121.109 Y126.274 E905.04373
G1 X121.448 Y125.971 E905.05886
G1 X121.843 Y125.765 E905.07367
G1 X122.272 Y125.659 E905.08837
G1 X122.727 Y125.659 E905.10351
G1 X123.157 Y125.765 E905.11824
G1 X123.555 Y125.974 E905.13319
G1 X123.891 Y126.274 E905.14817
G1 X124.142 Y126.637 E905.16285
G1 X124.302 Y127.061 E905.17792
G1 X124.35 Y127.5 E905.19261
G1 X124.302 Y127.937 E905.20723
G1 X124.142 Y128.362 E905.22233
G1 X123.891 Y128.726 E905.23704
G1 X123.554 Y129.027 E905.25207
G1 X123.154 Y129.236 E905.26708
G1 X122.756 Y129.333 E905.28071
G1 X122.278 Y129.342 E905.29661
G1 F2700 E900.29661
G0 F9000 X122.254 Y129.44
G0 X121.233 Y128.622
G0 X121.001 Y128.286
G0 X120.857 Y127.904
G0 X120.807 Y127.5
G0 X120.857 Y127.096
G0 X121.001 Y126.714
G0 X122.25 Y125.478
G0 X122.25 Y94.521
G0 X122.272 Y94.341
G1 F2700 E905.29661
G1 F1500 X121.843 Y94.235 E905.3113
G1 X121.448 Y94.029 E905.32612
G1 X121.109 Y93.726 E905.34124
G1 X120.857 Y93.361 E905.356
G1 X120.7 Y92.945 E905.37078
G1 X120.651 Y92.5 E905.38567
G1 X120.699 Y92.058 E905.40046
G1 X120.857 Y91.639 E905.41536
G1 X121.109 Y91.274 E905.43011
G1 X121.449 Y90.97 E905.44528
G1 X121.847 Y90.764 E905.46018
G1 X122.244 Y90.667 E905.47378
G1 X122.723 Y90.658 E905.48971
G1 X123.155 Y90.765 E905.50451
G1 X123.554 Y90.973 E905.51948
G1 X123.891 Y91.274 E905.53451
G1 X124.142 Y91.637 E905.54919
G1 X124.302 Y92.061 E905.56426
G1 X124.35 Y92.5 E905.57895
G1 X124.302 Y92.937 E905.59357
G1 X124.142 Y93.362 E905.60867
G1 X123.891 Y93.726 E905.62338
G1 X123.555 Y94.026 E905.63836
G1 X123.158 Y94.235 E905.65328
G1 X122.727 Y94.341 E905.66805
G1 X122.272 Y94.341 E905.68318
G0 F9000 X122.299 Y93.936
;TYPE:WALL-OUTER
G1 F1500 X122.008 Y93.864 E905.69315
G1 X121.657 Y93.68 E905.70633
G1 X121.4 Y93.443 E905.71796
G1 X121.206 Y93.153 E905.72956
G1 X121.089 Y92.834 E905.74086
G1 X121.051 Y92.5 E905.75204
G1 X121.099 Y92.13 E905.76445
G1 X121.229 Y91.803 E905.77616
G1 X121.431 Y91.522 E905.78767
G1 X121.698 Y91.292 E905.79939
G1 X122.008 Y91.136 E905.81093
G1 X122.313 Y91.061 E905.82138
G1 X122.701 Y91.064 E905.83428
G1 X122.992 Y91.136 E905.84425
G1 X123.343 Y91.32 E905.85744
G1 X123.6 Y91.557 E905.86906
G1 X123.794 Y91.847 E905.88067
G1 X123.912 Y92.177 E905.89232
G1 X123.95 Y92.5 E905.90314
G1 X123.911 Y92.834 E905.91433
G1 X123.771 Y93.197 E905.92727
G1 X123.569 Y93.478 E905.93878
G1 X123.302 Y93.708 E905.9505
G1 X122.992 Y93.864 E905.96204
G1 X122.7 Y93.936 E905.97204
G1 X122.299 Y93.936 E905.98538
G1 F2700 E900.98538
G0 F9000 X122.18 Y94.422
G0 X122.25 Y125.478
G0 X122.299 Y128.936
G1 F2700 E905.98538
G1 F1500 X122.008 Y128.864 E905.99535
G1 X121.657 Y128.68 E906.00853
G1 X121.4 Y128.443 E906.02016
G1 X121.206 Y128.153 E906.03176
G1 X121.089 Y127.834 E906.04307
G1 X121.051 Y127.5 E906.05425
G1 X121.099 Y127.13 E906.06666
G1 X121.229 Y126.803 E906.07836
G1 X121.431 Y126.522 E906.08987
G1 X121.698 Y126.292 E906.10159
G1 X122.008 Y126.136 E906.11313
G1 X122.299 Y126.064 E906.1231
G1 X122.7 Y126.064 E906.13644
G1 X122.992 Y126.136 E906.14644
G1 X123.343 Y126.32 E906.15963
G1 X123.6 Y126.557 E906.17125
G1 X123.794 Y126.847 E906.18286
G1 X123.912 Y127.177 E906.19451
G1 X123.95 Y127.5 E906.20533
G1 X123.911 Y127.834 E906.21652
G1 X123.771 Y128.197 E906.22946
G1 X123.569 Y128.478 E906.24097
G1 X123.302 Y128.708 E906.25269
G1 X122.992 Y128.864 E906.26423
G1 X122.687 Y128.939 E906.27468
G1 X122.299 Y128.936 E906.28758
G1 F2700 E901.28758
G0 F9000 X122.18 Y129.422
G0 X121.342 Y129.177
G0 X119.801 Y129.177
G0 X119.201 Y132.299
G1 F2700 E906.28758
G1 F1500 X125.8 Y132.3 E906.50707
G1 X125.8 Y87.7 E907.99047
G1 X119.201 Y87.701 E908.20995
G1 X119.201 Y132.299 E909.69329
G1 F2700 E904.69329
G0 F9000 X119.47 Y132.03
G0 X119.801 Y94.443
G0 X121.342 Y94.177
G0 X122.204 Y94.696
;TYPE:SKIN
G1 F2700 E909.69329
G1 F1500 X122.796 Y94.696 E909.71298
G1 X123.263 Y94.58 E909.72898
G1 X123.779 Y94.311 E909.74834
G1 X124.175 Y93.948 E909.7662
G1 X124.474 Y93.504 E909.78401
G1 F1515.2 X124.654 Y93.01 E909.80132
G1 F1583.1 X124.692 Y92.48 E909.81806
G1 X124.652 Y92 E909.83324
G1 F1515.2 X124.476 Y91.497 E909.85079
G1 F1500 X124.175 Y91.051 E909.86869
G1 X123.736 Y90.659 E909.88826
G1 X123.311 Y90.437 E909.90421
G1 X122.796 Y90.304 E909.9219
G1 X122.225 Y90.301 E909.94089
G1 X121.732 Y90.42 E909.95776
G1 X121.266 Y90.657 E909.97515
G1 X120.824 Y91.053 E909.99489
G1 X120.549 Y91.451 E910.01098
G1 F1542.4 X120.348 Y91.975 E910.02913
G1 F1612.9 X120.309 Y92.481 E910.04483
G1 F1578.9 X120.349 Y93.027 E910.06213
G1 F1511.3 X120.527 Y93.507 E910.07903
G1 F1500 X120.824 Y93.947 E910.09668
G1 X121.223 Y94.313 E910.11469
G1 X121.689 Y94.563 E910.13228
G1 X122.204 Y94.696 E910.14997
G1 F2700 E905.14997
G0 F9000 X122.266 Y94.443
G0 X122.266 Y125.479
G0 X122.204 Y129.696
G1 F2700 E910.14997
G1 F1500 X122.775 Y129.699 E910.16896
G1 X123.267 Y129.58 E910.1858
G1 X123.735 Y129.343 E910.20325
G1 X124.175 Y128.948 E910.22291
G1 X124.474 Y128.504 E910.24072
G1 F1515.2 X124.654 Y128.01 E910.25803
G1 F1583.1 X124.692 Y127.48 E910.27477
G1 X124.652 Y127 E910.28995
G1 F1515.2 X124.476 Y126.497 E910.3075
G1 F1500 X124.175 Y126.051 E910.3254
G1 X123.779 Y125.689 E910.34324
G1 X123.263 Y125.42 E910.3626
G1 X122.796 Y125.304 E910.3786
G1 X122.204 Y125.304 E910.39829
G1 X121.734 Y125.42 E910.41439
G1 X121.223 Y125.687 E910.43357
G1 X120.824 Y126.053 E910.45158
G1 X120.549 Y126.451 E910.46767
G1 F1542.4 X120.348 Y126.975 E910.48582
G1 F1612.9 X120.309 Y127.481 E910.50152
G1 F1578.9 X120.349 Y128.027 E910.51882
G1 F1511.3 X120.527 Y128.507 E910.53572
G1 F1500 X120.824 Y128.947 E910.55337
G1 X121.223 Y129.313 E910.57138
G1 X121.689 Y129.563 E910.58897
G1 X122.204 Y129.696 E910.60666
G1 F2700 E905.60666
G0 F9000 X122.266 Y129.443
G0 X121.342 Y129.177
G0 X119.801 Y129.177
G0 X119.961 Y131.539
G1 F2700 E910.60666
G1 F1515.2 X119.958 Y128.125 E910.71907
G1 F1583.1 X119.943 Y127.5 E910.73878
G1 F1570.7 X119.962 Y126.39 E910.77404
G1 F1507.5 X119.96 Y109.757 E911.32449
G1 F1522.8 X119.958 Y93.124 E911.86941
G1 F1583.1 X119.943 Y92.5 E911.88908
G1 F1570.7 X119.962 Y91.39 E911.92434
G1 F1500 X119.961 Y88.461 E912.02176
G1 X125.04 Y88.46 E912.19069
G1 F1515.2 X125.044 Y91.979 E912.30656
G1 F1583.1 X125.058 Y92.5 E912.32298
G1 F1587.3 X125.044 Y93.018 E912.33927
G1 F1530.6 X125.044 Y126.979 E913.44623
G1 F1583.1 X125.058 Y127.5 E913.46265
G1 F1587.3 X125.044 Y128.018 E913.47894
G1 F1515.2 X125.04 Y131.539 E913.59488
G1 F1500 X119.961 Y131.539 E913.7638
G0 F9000 X120.589 Y131.338
G1 F1500 X120.161 Y130.909 E913.78396
G0 F9000 X120.161 Y130.343
G1 F1500 X121.155 Y131.338 E913.83074
G0 F9000 X121.721 Y131.338
G1 F1500 X120.162 Y129.778 E913.90409
G0 F9000 X120.198 Y129.249
G1 F1500 X122.287 Y131.338 E914.00235
G0 F9000 X122.852 Y131.338
G1 F1500 X120.589 Y129.075 E914.1088
G1 X120.589 Y129.074
G1 X120.161 Y128.646 E914.12893
G1 F2700 E909.12893
G0 F9000 X119.701 Y128.646
G0 X119.801 Y129.382
G0 X120.974 Y128.848
G0 X121.908 Y129.828
G1 F2700 E914.12893
G1 F1500 X123.418 Y131.338 E914.19995
G0 F9000 X123.984 Y131.338
G1 F1500 X122.544 Y129.898 E914.26769
G0 F9000 X123.049 Y129.837
G1 F1500 X124.549 Y131.338 E914.33827
G0 F9000 X124.84 Y131.062
G1 F1500 X123.478 Y129.701 E914.40231
G0 F9000 X123.851 Y129.508
G1 F1500 X124.84 Y130.497 E914.44883
G0 F9000 X124.84 Y129.931
G1 F1500 X124.153 Y129.244 E914.48114
G0 F9000 X124.418 Y128.944
G1 F1500 X124.656 Y129.182 E914.49234
G1 X124.657 Y129.182
G1 X124.84 Y129.365 E914.50094
G0 F9000 X124.84 Y128.8
G1 F1500 X124.648 Y128.607 E914.51
G0 F9000 X123.799 Y128.944
G0 X124.109 Y128.008
G0 X124.24 Y126.611
G0 X124.841 Y126.538
G1 F1500 X124.56 Y126.257 E914.52322
G0 F9000 X124.839 Y125.971
G1 F1500 X124.677 Y125.809 E914.53084
G1 X124.677 Y125.808
G1 X120.161 Y121.292 E914.74325
G0 F9000 X120.161 Y120.727
G1 F1500 X124.839 Y125.405 E914.96329
G0 F9000 X124.839 Y124.839
G1 F1500 X120.161 Y120.161 E915.18333
G0 F9000 X120.161 Y119.595
G1 F1500 X124.839 Y124.274 E915.40339
G0 F9000 X124.839 Y123.708
G1 F1500 X120.161 Y119.03 E915.62343
G0 F9000 X120.161 Y118.464
G1 F1500 X124.839 Y123.142 E915.84347
G0 F9000 X124.839 Y122.576
G1 F1500 X120.161 Y117.898 E916.06351
G0 F9000 X120.161 Y117.333
G1 F1500 X124.839 Y122.011 E916.28355
G0 F9000 X124.839 Y121.445
G1 F1500 X120.161 Y116.767 E916.50359
G0 F9000 X120.161 Y116.201
G1 F1500 X124.839 Y120.879 E916.72363
G0 F9000 X124.839 Y120.314
G1 F1500 X120.161 Y115.636 E916.94367
G0 F9000 X120.161 Y115.07
G1 F1500 X124.839 Y119.748 E917.1637
G0 F9000 X124.839 Y119.182
G1 F1500 X120.161 Y114.504 E917.38374
G0 F9000 X120.161 Y113.938
G1 F1500 X124.839 Y118.617 E917.60381
G0 F9000 X124.839 Y118.051
G1 F1500 X120.161 Y113.373 E917.82384
G0 F9000 X120.161 Y112.807
G1 F1500 X124.839 Y117.485 E918.04388
G0 F9000 X124.839 Y116.92
G1 F1500 X120.161 Y112.241 E918.26395
G0 F9000 X120.161 Y111.676
G1 F1500 X124.839 Y116.354 E918.48398
G0 F9000 X124.839 Y115.788
G1 F1500 X120.161 Y111.11 E918.70402
G0 F9000 X120.161 Y110.544
G1 F1500 X124.839 Y115.223 E918.92409
G0 F9000 X124.839 Y114.657
G1 F1500 X120.161 Y109.979 E919.14412
G0 F9000 X120.161 Y109.413
G1 F1500 X124.839 Y114.091 E919.36416
G0 F9000 X124.839 Y113.525
G1 F1500 X120.161 Y108.847 E919.5842
G0 F9000 X120.161 Y108.282
G1 F1500 X124.839 Y112.96 E919.80424
G0 F9000 X124.839 Y112.394
G1 F1500 X120.161 Y107.716 E920.02428
G0 F9000 X120.161 Y107.15
G1 F1500 X124.839 Y111.828 E920.24432
G0 F9000 X124.839 Y111.263
G1 F1500 X120.161 Y106.585 E920.46436
G0 F9000 X120.161 Y106.019
G1 F1500 X124.839 Y110.697 E920.6844
G0 F9000 X124.839 Y110.131
G1 F1500 X120.161 Y105.453 E920.90443
G0 F9000 X120.161 Y104.887
G1 F1500 X124.839 Y109.566 E921.1245
G0 F9000 X124.839 Y109
G1 F1500 X120.161 Y104.322 E921.34454
G0 F9000 X120.161 Y103.756
G1 F1500 X124.839 Y108.434 E921.56457
G0 F9000 X124.839 Y107.869
G1 F1500 X120.161 Y103.19 E921.78464
G0 F9000 X120.161 Y102.625
G1 F1500 X124.839 Y107.303 E922.00468
G0 F9000 X124.839 Y106.737
G1 F1500 X120.161 Y102.059 E922.22471
G0 F9000 X120.161 Y101.493
G1 F1500 X124.839 Y106.172 E922.44478
G0 F9000 X124.839 Y105.606
G1 F1500 X120.161 Y100.928 E922.66482
G0 F9000 X120.161 Y100.362
G1 F1500 X124.839 Y105.04 E922.88485
G0 F9000 X124.839 Y104.475
G1 F1500 X120.161 Y99.796 E923.10492
G0 F9000 X120.161 Y99.231
G1 F1500 X124.839 Y103.909 E923.32496
G0 F9000 X124.839 Y103.343
G1 F1500 X120.161 Y98.665 E923.54499
G0 F9000 X120.161 Y98.099
G1 F1500 X124.839 Y102.777 E923.76503
G0 F9000 X124.839 Y102.212
G1 F1500 X120.161 Y97.534 E923.98507
G0 F9000 X120.161 Y96.968
G1 F1500 X124.839 Y101.646 E924.20511
G0 F9000 X124.839 Y101.08
G1 F1500 X120.161 Y96.402 E924.42515
G0 F9000 X120.161 Y95.837
G1 F1500 X124.839 Y100.515 E924.64519
G0 F9000 X124.839 Y99.949
G1 F1500 X120.161 Y95.271 E924.86523
G0 F9000 X120.161 Y94.705
G1 F1500 X124.839 Y99.383 E925.08527
G0 F9000 X124.839 Y98.818
G1 F1500 X120.249 Y94.227 E925.30119
G1 X120.248 Y94.226
G1 X120.161 Y94.139 E925.30528
G0 F9000 X120.68 Y94.093
G1 F1500 X120.16 Y93.573 E925.32974
G0 F9000 X120.693 Y94.106
G1 F1500 X124.839 Y98.252 E925.52476
G0 F9000 X124.839 Y97.686
G1 F1500 X122.006 Y94.853 E925.65801
G0 F9000 X122.619 Y94.9
G1 F1500 X124.839 Y97.121 E925.76246
G0 F9000 X124.839 Y96.555
G1 F1500 X123.108 Y94.824 E925.84388
G0 F9000 X123.525 Y94.675
G1 F1500 X124.839 Y95.989 E925.90568
G0 F9000 X124.839 Y95.424
G1 F1500 X123.893 Y94.477 E925.9502
G0 F9000 X124.191 Y94.209
G1 F1500 X124.839 Y94.858 E925.98071
G0 F9000 X124.787 Y94.24
G1 F1500 X124.448 Y93.901 E925.99665
G0 F9000 X124.667 Y93.554
G1 F1500 X124.839 Y93.727 E926.00477
G1 F2700 E921.00477
G0 F9000 X125.3 Y93.727
G0 X125.2 Y91.611
G0 X124.45 Y91.89
G0 X124.845 Y91.469
G1 F2700 E926.00477
G1 F1500 X124.396 Y91.02 E926.02589
G0 F9000 X124.73 Y90.789
G1 F1500 X122.601 Y88.66 E926.12603
G0 F9000 X122.036 Y88.661
G1 F1500 X123.952 Y90.576 E926.21613
G0 F9000 X124.731 Y90.79
G1 F1500 X124.843 Y90.902 E926.2214
G0 F9000 X124.843 Y90.336
G1 F1500 X123.167 Y88.66 E926.30023
G0 F9000 X123.733 Y88.66
G1 F1500 X124.841 Y89.769 E926.35237
G0 F9000 X124.841 Y89.202
G1 F1500 X124.298 Y88.66 E926.37789
G1 F2700 E921.37789
G0 F9000 X124.298 Y88.2
G0 X122.834 Y88.3
G0 X122.75 Y90.478
G0 X122.944 Y90.134
G1 F2700 E926.37789
G1 F1500 X121.471 Y88.661 E926.44717
G0 F9000 X120.905 Y88.661
G1 F1500 X122.346 Y90.102 E926.51495
G0 F9000 X121.861 Y90.182
G1 F1500 X120.339 Y88.661 E926.58652
G0 F9000 X120.16 Y89.047
G1 F1500 X121.447 Y90.335 E926.64708
G0 F9000 X121.086 Y90.539
G1 F1500 X120.16 Y89.613 E926.69064
G0 F9000 X120.16 Y90.179
G1 F1500 X120.788 Y90.807 E926.72018
G0 F9000 X120.534 Y91.118
G1 F1500 X120.16 Y90.745 E926.73774
G0 F9000 X120.16 Y91.31
G1 F1500 X120.321 Y91.471 E926.74532
G1 F2700 E921.74532
G0 F9000 X120.751 Y91.634
G0 X120.974 Y93.848
G0 X119.801 Y93.848
G0 X120.161 Y121.858
G1 F2700 E926.74532
G1 F1500 X123.738 Y125.435 E926.91357
G0 F9000 X122.847 Y125.109
G1 F1500 X120.161 Y122.424 E927.03989
G0 F9000 X120.161 Y122.989
G1 F1500 X122.27 Y125.098 E927.13909
G0 F9000 X121.801 Y125.196
G1 F1500 X120.161 Y123.555 E927.21625
G0 F9000 X120.161 Y124.121
G1 F1500 X121.4 Y125.36 E927.27453
G0 F9000 X121.048 Y125.573
G1 F1500 X120.161 Y124.686 E927.31625
G0 F9000 X120.161 Y125.252
G1 F1500 X120.749 Y125.84 E927.34391
G0 F9000 X120.505 Y126.161
G1 F1500 X120.162 Y125.819 E927.36002
G0 F9000 X120.162 Y126.384
G1 F1500 X120.302 Y126.525 E927.36663
G1 F2700 E922.36663
;MESH:NONMESH
G0 F300 X120.302 Y126.525 Z8
G0 F9000 X120.731 Y126.687
G0 X120.974 Y126.152
G0 X96.586 Y106.627
G0 X96.13 Y106.171
G0 X96.4 Y106.366
;TIME_ELAPSED:1704.639196
;LAYER:39
;TYPE:WALL-INNER
;MESH:Garmin_GFC500 Wheel Support - Wheel Spacer.stl
G1 F2700 E927.36663
G1 F1500 X96.4 Y102.124 E927.50772
G1 X94.6 Y102.124 E927.56759
G1 X94.6 Y106.366 E927.70867
G1 X96.4 Y106.366 E927.76854
G0 F9000 X96.8 Y106.766
;TYPE:WALL-OUTER
G1 F1500 X96.8 Y101.724 E927.93624
G1 X94.2 Y101.724 E928.02272
G1 X94.2 Y106.766 E928.19041
G1 X96.8 Y106.766 E928.27689
G0 F9000 X96.53 Y106.496
G0 X96.1 Y105.291
G0 X96.319 Y105.291
;TYPE:FILL
G1 F3000 X94.68 Y103.651 E928.35401
G0 F9000 X94.679 Y103.395
G1 F3000 X96.318 Y102.955 E928.41045
G0 F9000 X95.8 Y102.955
G1 F2700 E923.41045
G0 F9000 X96.125 Y106.566
G0 X96.126 Y107.631
G0 X96.127 Y112.369
G0 X96.128 Y113.434
G0 X96.13 Y117.606
G0 X96.4 Y117.875
;TYPE:WALL-INNER
G1 F2700 E928.41045
G1 F1500 X96.4 Y113.634 E928.55151
G1 X94.6 Y113.634 E928.61138
G1 X94.6 Y117.875 E928.75243
G1 X96.4 Y117.875 E928.8123
G0 F9000 X96.8 Y118.275
;TYPE:WALL-OUTER
G1 F1500 X96.8 Y113.234 E928.97996
G1 X94.2 Y113.234 E929.06644
G1 X94.2 Y118.275 E929.23411
G1 X96.8 Y118.275 E929.32058
G0 F9000 X96.53 Y118.006
G0 X96.1 Y116.605
G0 X96.319 Y116.605
;TYPE:FILL
G1 F3000 X94.679 Y114.964 E929.39775
G0 F9000 X94.68 Y114.408
G1 F3000 X94.866 Y113.712 E929.42171
G0 F9000 X94.866 Y113.934
G0 X94.9 Y115.818
G0 X94.68 Y115.818
G1 F3000 X96.318 Y115.379 E929.47811
G0 F9000 X95.8 Y115.379
G1 F2700 E924.47811
G0 F9000 X96.586 Y118.062
G0 X97.665 Y118.062
G0 X118.335 Y118.062
G0 X119.601 Y131.899
;TYPE:WALL-INNER
G1 F2700 E929.47811
G1 F1500 X125.4 Y131.9 E929.67099
G1 X125.4 Y88.1 E931.12778
G1 X119.601 Y88.101 E931.32066
G1 X119.601 Y131.899 E932.77738
G1 F2700 E927.77738
G0 F9000 X119.701 Y131.63
G0 X122.254 Y131.719
G0 X122.254 Y129.521
G0 X122.278 Y129.342
G1 F2700 E932.77738
G1 F1500 X121.842 Y129.235 E932.79231
G1 X121.449 Y129.028 E932.80709
G1 X121.117 Y128.737 E932.82177
G1 X120.86 Y128.369 E932.8367
G1 X120.699 Y127.943 E932.85185
G1 X120.651 Y127.5 E932.86667
G1 X120.699 Y127.058 E932.88146
G1 X120.857 Y126.638 E932.89638
G1 X121.11 Y126.273 E932.91115
G1 X121.45 Y125.97 E932.9263
G1 X121.835 Y125.77 E932.94073
G1 X122.266 Y125.66 E932.95552
G1 X122.73 Y125.659 E932.97096
G1 X123.151 Y125.764 E932.98539
G1 X123.552 Y125.972 E933.00041
G1 X123.885 Y126.267 E933.01521
G1 X124.141 Y126.632 E933.03004
G1 X124.3 Y127.053 E933.04501
G1 X124.35 Y127.496 E933.05983
G1 X124.302 Y127.938 E933.07462
G1 X124.142 Y128.363 E933.08972
G1 X123.89 Y128.727 E933.10445
G1 X123.554 Y129.026 E933.11941
G1 X123.164 Y129.231 E933.13406
G1 X122.755 Y129.333 E933.14808
G1 X122.278 Y129.342 E933.16395
G1 F2700 E928.16395
G0 F9000 X122.256 Y129.44
G0 X121.237 Y128.626
G0 X121.004 Y128.291
G0 X120.857 Y127.905
G0 X120.807 Y127.5
G0 X120.857 Y127.096
G0 X121.001 Y126.714
G0 X122.241 Y125.479
G0 X122.25 Y94.522
G0 X122.272 Y94.341
G1 F2700 E933.16395
G1 F1500 X121.843 Y94.235 E933.17865
G1 X121.449 Y94.03 E933.19342
G1 X121.113 Y93.731 E933.20838
G1 X120.859 Y93.368 E933.22312
G1 X120.699 Y92.946 E933.23813
G1 X120.65 Y92.506 E933.25285
G1 X120.699 Y92.058 E933.26784
G1 X120.857 Y91.639 E933.28274
G1 X121.109 Y91.274 E933.29749
G1 X121.449 Y90.97 E933.31266
G1 X121.847 Y90.764 E933.32756
G1 X122.24 Y90.668 E933.34102
G1 X122.723 Y90.657 E933.35709
G1 X123.155 Y90.765 E933.3719
G1 X123.554 Y90.973 E933.38686
G1 X123.889 Y91.272 E933.4018
G1 X124.142 Y91.638 E933.4166
G1 X124.301 Y92.054 E933.43141
G1 X124.35 Y92.494 E933.44613
G1 X124.302 Y92.936 E933.46092
G1 X124.142 Y93.362 E933.47606
G1 X123.89 Y93.727 E933.49081
G1 X123.554 Y94.026 E933.50577
G1 X123.166 Y94.23 E933.52035
G1 X122.727 Y94.341 E933.53541
G1 X122.272 Y94.341 E933.55054
G0 F9000 X122.299 Y93.936
;TYPE:WALL-OUTER
G1 F1500 X122.008 Y93.864 E933.56051
G1 X121.657 Y93.68 E933.57369
G1 X121.43 Y93.477 E933.58382
G1 X121.207 Y93.158 E933.59677
G1 X121.089 Y92.837 E933.60814
G1 X121.05 Y92.506 E933.61923
G1 X121.099 Y92.13 E933.63184
G1 X121.229 Y91.803 E933.64354
G1 X121.431 Y91.522 E933.65505
G1 X121.698 Y91.292 E933.66678
G1 X122.008 Y91.136 E933.67832
G1 X122.309 Y91.062 E933.68863
G1 X122.702 Y91.064 E933.7017
G1 X122.992 Y91.136 E933.71164
G1 X123.343 Y91.32 E933.72482
G1 X123.569 Y91.522 E933.7349
G1 X123.773 Y91.808 E933.74658
G1 X123.912 Y92.172 E933.75954
G1 X123.95 Y92.494 E933.77033
G1 X123.911 Y92.834 E933.78171
G1 X123.771 Y93.197 E933.79465
G1 X123.6 Y93.443 E933.80461
G1 X123.301 Y93.708 E933.8179
G1 X123.041 Y93.844 E933.82766
G1 X122.7 Y93.935 E933.8394
G1 X122.299 Y93.936 E933.85274
G1 F2700 E928.85274
G0 F9000 X122.18 Y94.422
G0 X122.241 Y125.479
G0 X122.299 Y128.936
G1 F2700 E933.85274
G1 F1500 X121.964 Y128.847 E933.86427
G1 X121.659 Y128.681 E933.87582
G1 X121.435 Y128.484 E933.88574
G1 X121.207 Y128.157 E933.899
G1 X121.089 Y127.834 E933.91043
G1 X121.051 Y127.5 E933.92162
G1 X121.099 Y127.13 E933.93402
G1 X121.229 Y126.803 E933.94573
G1 X121.4 Y126.557 E933.95569
G1 X121.699 Y126.292 E933.96898
G1 X122.003 Y126.14 E933.98029
G1 X122.343 Y126.06 E933.9919
G1 X122.702 Y126.064 E934.00384
G1 X122.987 Y126.135 E934.01361
G1 X123.302 Y126.293 E934.02533
G1 X123.569 Y126.522 E934.03703
G1 X123.771 Y126.802 E934.04852
G1 X123.9 Y127.126 E934.06012
G1 X123.95 Y127.496 E934.07253
G1 X123.911 Y127.833 E934.08382
G1 X123.771 Y128.197 E934.09679
G1 X123.6 Y128.443 E934.10675
G1 X123.301 Y128.708 E934.12004
G1 X122.998 Y128.86 E934.13132
G1 X122.686 Y128.939 E934.14202
G1 X122.299 Y128.936 E934.15489
G1 F2700 E929.15489
G0 F9000 X122.182 Y129.422
G0 X121.343 Y129.177
G0 X119.801 Y129.177
G0 X119.201 Y132.299
G1 F2700 E934.15489
G1 F1500 X125.8 Y132.3 E934.37438
G1 X125.8 Y87.7 E935.85778
G1 X119.201 Y87.701 E936.07726
G1 X119.201 Y132.299 E937.5606
G1 F2700 E932.5606
G0 F9000 X119.47 Y132.03
G0 X119.801 Y94.443
G0 X121.343 Y94.178
G0 X122.204 Y94.696
;TYPE:SKIN
G1 F2700 E937.5606
G1 F1500 X122.746 Y94.701 E937.57863
G1 X123.279 Y94.573 E937.59686
G1 X123.778 Y94.311 E937.6156
G1 X124.176 Y93.947 E937.63354
G1 X124.476 Y93.503 E937.65136
G1 F1515.2 X124.653 Y93.009 E937.66864
G1 F1583.1 X124.692 Y92.514 E937.68429
G1 F1574.8 X124.651 Y91.963 E937.7018
G1 F1507.5 X124.473 Y91.492 E937.71846
G1 F1500 X124.171 Y91.048 E937.73632
G1 X123.737 Y90.66 E937.75568
G1 X123.266 Y90.421 E937.77325
G1 X122.796 Y90.304 E937.78936
G1 X122.221 Y90.302 E937.80848
G1 X121.73 Y90.421 E937.82529
G1 X121.266 Y90.657 E937.8426
G1 X120.824 Y91.053 E937.86234
G1 X120.526 Y91.494 E937.88004
G1 F1515.2 X120.349 Y91.987 E937.89729
G1 F1587.3 X120.304 Y92.492 E937.91322
G1 X120.35 Y93.014 E937.92969
G1 F1515.2 X120.526 Y93.51 E937.94702
G1 F1500 X120.828 Y93.951 E937.9648
G1 X121.264 Y94.342 E937.98428
G1 X121.689 Y94.563 E938.00021
G1 X122.204 Y94.696 E938.0179
G1 F2700 E933.0179
G0 F9000 X122.266 Y94.443
G0 X122.241 Y125.479
G0 X122.204 Y129.696
G1 F2700 E938.0179
G1 F1500 X122.775 Y129.699 E938.03689
G1 X123.274 Y129.575 E938.054
G1 X123.735 Y129.34 E938.07121
G1 X124.143 Y128.985 E938.08919
G1 X124.474 Y128.504 E938.10861
G1 F1515.2 X124.653 Y128.018 E938.12567
G1 F1583.1 X124.692 Y127.516 E938.14154
G1 F1578.9 X124.643 Y126.946 E938.15961
G1 F1511.3 X124.473 Y126.487 E938.17577
G1 F1500 X124.141 Y126.011 E938.19507
G1 X123.735 Y125.661 E938.2129
G1 X123.305 Y125.437 E938.22903
G1 X122.797 Y125.304 E938.24649
G1 X122.196 Y125.306 E938.26648
G1 X121.683 Y125.443 E938.28414
G1 X121.267 Y125.659 E938.29973
G1 X120.856 Y126.015 E938.31782
G1 X120.549 Y126.452 E938.33558
G1 F1542.4 X120.348 Y126.976 E938.35373
G1 F1612.9 X120.309 Y127.48 E938.36937
G1 F1583.1 X120.348 Y128.02 E938.38643
G1 F1511.3 X120.53 Y128.519 E938.40397
G1 F1500 X120.861 Y128.993 E938.42319
G1 X121.263 Y129.339 E938.44084
G1 X121.735 Y129.58 E938.45846
G1 X122.204 Y129.696 E938.47453
G1 F2700 E933.47453
G0 F9000 X122.268 Y129.443
G0 X121.343 Y129.177
G0 X119.801 Y129.177
G0 X119.962 Y131.538
G1 F2700 E938.47453
G1 F1511.3 X119.958 Y128.054 E938.58954
G1 F1583.1 X119.943 Y127.499 E938.60704
G1 F1570.7 X119.962 Y126.391 E938.64224
G1 F1500 X119.962 Y93.739 E939.72825
G1 F1574.8 X119.942 Y92.56 E939.7656
G1 F1587.3 X119.957 Y91.964 E939.78434
G1 F1515.2 X119.961 Y88.461 E939.89969
G1 F1500 X125.04 Y88.461 E940.06862
G1 F1515.2 X125.044 Y91.969 E940.18413
G1 F1587.3 X125.058 Y92.494 E940.20063
G1 X125.044 Y93.017 E940.21708
G1 F1530.6 X125.044 Y126.974 E941.3239
G1 F1587.3 X125.058 Y127.496 E941.34032
G1 X125.044 Y128.026 E941.35698
G1 F1515.2 X125.04 Y131.539 E941.47265
G1 F1500 X119.962 Y131.538 E941.64155
G0 F9000 X119.701 Y131.538
G0 X124.349 Y131.799
G0 X124.351 Y131.338
G1 F1500 X124.84 Y130.849 E941.66455
G0 F9000 X124.841 Y130.282
G1 F1500 X123.786 Y131.338 E941.7142
G0 F9000 X123.22 Y131.338
G1 F1500 X124.842 Y129.715 E941.79051
G0 F9000 X124.843 Y129.148
G1 F1500 X122.654 Y131.338 E941.8935
G0 F9000 X122.089 Y131.338
G1 F1500 X124.845 Y128.581 E942.02316
G1 F2700 E937.02316
G0 F9000 X125.3 Y128.581
G0 X125.2 Y126.642
G0 X124.463 Y126.919
G0 X124.684 Y126.48
G1 F2700 E942.02316
G1 F1500 X124.839 Y126.324 E942.03047
G0 F9000 X124.472 Y126.125
G1 F1500 X124.839 Y125.758 E942.04774
G0 F9000 X124.839 Y125.193
G1 F1500 X124.219 Y125.813 E942.0769
G0 F9000 X123.919 Y125.548
G1 F1500 X124.839 Y124.627 E942.1202
G0 F9000 X124.839 Y124.061
G1 F1500 X123.558 Y125.343 E942.18047
G0 F9000 X123.15 Y125.185
G1 F1500 X124.839 Y123.496 E942.25992
G0 F9000 X124.839 Y122.93
G1 F1500 X122.671 Y125.098 E942.3619
G0 F9000 X122.074 Y125.129
G1 F1500 X124.839 Y122.364 E942.49195
G0 F9000 X124.839 Y121.799
G1 F1500 X121.138 Y125.5 E942.66604
G0 F9000 X120.565 Y126.072
G1 F1500 X120.161 Y126.477 E942.68506
G0 F9000 X120.162 Y125.91
G1 F1500 X124.839 Y121.233 E942.90506
G0 F9000 X124.839 Y120.667
G1 F1500 X120.162 Y125.345 E943.12507
G0 F9000 X120.162 Y124.779
G1 F1500 X124.839 Y120.102 E943.34506
G0 F9000 X124.839 Y119.536
G1 F1500 X120.162 Y124.213 E943.56505
G0 F9000 X120.162 Y123.648
G1 F1500 X124.839 Y118.97 E943.78507
G0 F9000 X124.839 Y118.405
G1 F1500 X120.162 Y123.082 E944.00506
G0 F9000 X120.162 Y122.516
G1 F1500 X124.839 Y117.839 E944.22505
G0 F9000 X124.839 Y117.273
G1 F1500 X120.162 Y121.951 E944.44507
G0 F9000 X120.162 Y121.385
G1 F1500 X124.839 Y116.707 E944.66508
G0 F9000 X124.839 Y116.142
G1 F1500 X120.162 Y120.819 E944.88507
G0 F9000 X120.162 Y120.254
G1 F1500 X124.839 Y115.576 E945.10509
G0 F9000 X124.839 Y115.01
G1 F1500 X120.162 Y119.688 E945.32511
G0 F9000 X120.162 Y119.122
G1 F1500 X124.839 Y114.445 E945.5451
G0 F9000 X124.839 Y113.879
G1 F1500 X120.162 Y118.557 E945.76511
G0 F9000 X120.162 Y117.991
G1 F1500 X124.839 Y113.313 E945.98513
G0 F9000 X124.839 Y112.748
G1 F1500 X120.162 Y117.425 E946.20512
G0 F9000 X120.162 Y116.86
G1 F1500 X124.839 Y112.182 E946.42513
G0 F9000 X124.839 Y111.616
G1 F1500 X120.162 Y116.294 E946.64515
G0 F9000 X120.162 Y115.728
G1 F1500 X124.839 Y111.051 E946.86514
G0 F9000 X124.839 Y110.485
G1 F1500 X120.162 Y115.162 E947.08513
G0 F9000 X120.162 Y114.597
G1 F1500 X124.839 Y109.919 E947.30515
G0 F9000 X124.839 Y109.354
G1 F1500 X120.162 Y114.031 E947.52514
G0 F9000 X120.162 Y113.465
G1 F1500 X124.839 Y108.788 E947.74513
G0 F9000 X124.839 Y108.222
G1 F1500 X120.162 Y112.9 E947.96515
G0 F9000 X120.162 Y112.334
G1 F1500 X124.839 Y107.657 E948.18514
G0 F9000 X124.839 Y107.091
G1 F1500 X120.162 Y111.768 E948.40513
G0 F9000 X120.162 Y111.203
G1 F1500 X124.839 Y106.525 E948.62515
G0 F9000 X124.839 Y105.959
G1 F1500 X120.162 Y110.637 E948.84516
G0 F9000 X120.162 Y110.071
G1 F1500 X124.839 Y105.394 E949.06515
G0 F9000 X124.839 Y104.828
G1 F1500 X120.161 Y109.506 E949.28519
G0 F9000 X120.161 Y108.941
G1 F1500 X124.839 Y104.262 E949.50525
G0 F9000 X124.839 Y103.697
G1 F1500 X120.161 Y108.375 E949.72529
G0 F9000 X120.161 Y107.809
G1 F1500 X124.839 Y103.131 E949.94533
G0 F9000 X124.839 Y102.565
G1 F1500 X120.161 Y107.244 E950.16539
G0 F9000 X120.161 Y106.678
G1 F1500 X124.839 Y102 E950.38543
G0 F9000 X124.839 Y101.434
G1 F1500 X120.161 Y106.112 E950.60547
G0 F9000 X120.161 Y105.547
G1 F1500 X124.839 Y100.868 E950.82553
G0 F9000 X124.839 Y100.303
G1 F1500 X120.161 Y104.981 E951.04557
G0 F9000 X120.161 Y104.415
G1 F1500 X124.839 Y99.737 E951.26561
G0 F9000 X124.839 Y99.171
G1 F1500 X120.161 Y103.849 E951.48565
G0 F9000 X120.161 Y103.284
G1 F1500 X124.839 Y98.606 E951.70569
G0 F9000 X124.839 Y98.04
G1 F1500 X120.161 Y102.718 E951.92573
G0 F9000 X120.161 Y102.152
G1 F1500 X124.839 Y97.474 E952.14577
G0 F9000 X124.839 Y96.908
G1 F1500 X120.161 Y101.587 E952.36583
G0 F9000 X120.161 Y101.021
G1 F1500 X124.839 Y96.343 E952.58587
G0 F9000 X124.839 Y95.777
G1 F1500 X120.161 Y100.455 E952.80591
G0 F9000 X120.161 Y99.89
G1 F1500 X124.839 Y95.211 E953.02597
G0 F9000 X124.839 Y94.646
G1 F1500 X120.161 Y99.324 E953.24601
G0 F9000 X120.161 Y98.758
G1 F1500 X124.839 Y94.08 E953.46605
G0 F9000 X124.443 Y93.91
G1 F1500 X124.84 Y93.514 E953.4847
G0 F9000 X125.3 Y93.514
G0 X125.2 Y94.151
G0 X124.265 Y93.502
G0 X123.849 Y94.505
G1 F1500 X120.161 Y98.193 E953.65817
G0 F9000 X120.161 Y97.627
G1 F1500 X122.918 Y94.87 E953.78785
G0 F9000 X122.322 Y94.9
G1 F1500 X120.161 Y97.061 E953.8895
G0 F9000 X120.161 Y96.496
G1 F1500 X121.844 Y94.813 E953.96866
G0 F9000 X121.434 Y94.656
G1 F1500 X120.161 Y95.93 E954.02856
G0 F9000 X120.161 Y95.364
G1 F1500 X121.075 Y94.45 E954.07155
G0 F9000 X120.778 Y94.182
G1 F1500 X120.161 Y94.798 E954.10055
G0 F9000 X120.161 Y94.233
G1 F1500 X120.524 Y93.869 E954.11765
G0 F9000 X120.314 Y93.514
G1 F1500 X120.16 Y93.668 E954.12489
G0 F9000 X119.701 Y93.668
G0 X119.701 Y91.409
G0 X120.156 Y91.409
G1 F1500 X122.905 Y88.661 E954.25417
G0 F9000 X123.47 Y88.661
G1 F1500 X121.975 Y90.156 E954.32449
G0 F9000 X122.596 Y90.1
G1 F1500 X124.036 Y88.661 E954.3922
G0 F9000 X124.602 Y88.661
G1 F1500 X123.091 Y90.172 E954.46328
G0 F9000 X123.511 Y90.318
G1 F1500 X124.838 Y88.99 E954.52572
G0 F9000 X124.838 Y89.555
G1 F1500 X123.88 Y90.513 E954.57078
G0 F9000 X124.179 Y90.781
G1 F1500 X124.838 Y90.121 E954.6018
G0 F9000 X124.838 Y90.687
G1 F1500 X124.44 Y91.085 E954.62052
G0 F9000 X124.662 Y91.428
G1 F1500 X124.838 Y91.252 E954.6288
G0 F9000 X125.3 Y91.252
G0 X125.228 Y88.272
G0 X122.339 Y88.2
G0 X122.339 Y88.661
G1 F1500 X120.157 Y90.843 E954.73143
G0 F9000 X120.157 Y90.277
G1 F1500 X121.773 Y88.661 E954.80745
G0 F9000 X121.208 Y88.661
G1 F1500 X120.158 Y89.71 E954.85681
G0 F9000 X120.159 Y89.144
G1 F1500 X120.642 Y88.661 E954.87953
G1 F2700 E949.87953
G0 F9000 X120.642 Y88.2
G0 X120.973 Y126.153
G0 X120.334 Y128.567
G1 F2700 E954.87953
G1 F1500 X120.157 Y128.744 E954.88786
G0 F9000 X120.553 Y128.913
G1 F1500 X120.157 Y129.309 E954.90648
G0 F9000 X120.159 Y129.873
G1 F1500 X120.814 Y129.218 E954.93729
G0 F9000 X121.116 Y129.482
G1 F1500 X120.16 Y130.437 E954.98223
G0 F9000 X120.161 Y131.002
G1 F1500 X121.484 Y129.679 E955.04446
G0 F9000 X121.903 Y129.826
G1 F1500 X120.392 Y131.338 E955.11556
G0 F9000 X120.957 Y131.338
G1 F1500 X122.397 Y129.898 E955.18329
G0 F9000 X123.017 Y129.843
G1 F1500 X121.523 Y131.338 E955.25359
G1 F2700 E950.25359
;MESH:NONMESH
G0 F300 X121.523 Y131.338 Z8.2
G0 F9000 X121.521 Y131.799
G0 X119.773 Y131.727
G0 X119.42 Y106.096
G0 X118.335 Y106.096
G0 X97.665 Y106.096
G0 X96.58 Y106.096
G0 X96.13 Y106.096
G0 X96.4 Y106.29
;TIME_ELAPSED:1758.813932
;LAYER:40
;TYPE:WALL-INNER
;MESH:Garmin_GFC500 Wheel Support - Wheel Spacer.stl
G1 F2700 E955.25359
G1 F600 X96.4 Y102.241 E955.38826
G1 X94.6 Y102.241 E955.44813
G1 X94.6 Y106.29 E955.5828
G1 X96.4 Y106.29 E955.64267
G0 F9000 X96.8 Y106.69
;TYPE:WALL-OUTER
G1 F600 X96.8 Y101.841 E955.80395
G1 X94.2 Y101.841 E955.89042
G1 X94.2 Y106.69 E956.0517
G1 X96.8 Y106.69 E956.13818
G0 F9000 X96.53 Y106.42
G0 X96.1 Y105.09
G0 X96.319 Y105.09
;TYPE:FILL
G1 F600 X94.679 Y103.45 E956.21532
G1 X94.679 Y103.542
G1 X96.318 Y103.102 E956.27176
G0 F9000 X95.8 Y103.102
G1 F2700 E951.27176
G0 F9000 X96.126 Y106.49
G0 X96.127 Y107.555
G0 X96.128 Y112.445
G0 X96.129 Y113.51
G0 X96.13 Y117.489
G0 X96.4 Y117.758
;TYPE:WALL-INNER
G1 F2700 E956.27176
G1 F600 X96.4 Y113.71 E956.4064
G1 X94.6 Y113.71 E956.46627
G1 X94.6 Y117.758 E956.6009
G1 X96.4 Y117.758 E956.66077
G0 F9000 X96.8 Y118.158
;TYPE:WALL-OUTER
G1 F600 X96.8 Y113.31 E956.82202
G1 X94.2 Y113.31 E956.90849
G1 X94.2 Y118.158 E957.06974
G1 X96.8 Y118.158 E957.15622
G0 F9000 X96.53 Y117.889
G0 X96.1 Y116.404
G0 X96.319 Y116.404
;TYPE:FILL
G1 F600 X94.679 Y114.764 E957.23336
G0 F9000 X94.9 Y114.764
G0 X94.9 Y115.965
G0 X94.68 Y115.965
G1 F600 X96.318 Y115.526 E957.28976
G0 F9000 X95.8 Y115.526
G1 F2700 E952.28976
;MESH:NONMESH
G0 F300 X95.8 Y115.526 Z8.4
G0 F9000 X96.133 Y113.51
G0 X96.132 Y112.445
G0 X96.131 Y107.555
G0 X96.13 Y106.49
G0 X96.13 Y106.02
G0 X96.4 Y106.234
;TIME_ELAPSED:1767.056788
;LAYER:41
;TYPE:WALL-INNER
;MESH:Garmin_GFC500 Wheel Support - Wheel Spacer.stl
G1 F2700 E957.28976
G1 F600 X96.4 Y102.358 E957.41867
G1 X94.6 Y102.358 E957.47854
G1 X94.6 Y106.234 E957.60746
G1 X96.4 Y106.234 E957.66733
G0 F9000 X96.8 Y106.634
;TYPE:WALL-OUTER
G1 F600 X96.8 Y101.958 E957.82285
G1 X94.2 Y101.958 E957.90933
G1 X94.2 Y106.634 E958.06485
G1 X96.8 Y106.634 E958.15133
G0 F9000 X96.53 Y106.364
G0 X96.1 Y104.891
G0 X96.319 Y104.891
;TYPE:FILL
G1 F600 X94.68 Y103.251 E958.22845
G0 F9000 X94.679 Y103.688
G1 F600 X96.318 Y103.248 E958.28489
G0 F9000 X95.8 Y103.248
G1 F2700 E953.28489
G0 F9000 X96.13 Y106.414
G0 X96.13 Y107.499
G0 X96.132 Y112.501
G0 X96.133 Y113.566
G0 X96.13 Y117.372
G0 X96.4 Y117.641
;TYPE:WALL-INNER
G1 F2700 E958.28489
G1 F600 X96.4 Y113.766 E958.41377
G1 X94.6 Y113.766 E958.47364
G1 X94.6 Y117.641 E958.60252
G1 X96.4 Y117.641 E958.66239
G0 F9000 X96.8 Y118.041
;TYPE:WALL-OUTER
G1 F600 X96.8 Y113.366 E958.81788
G1 X94.2 Y113.366 E958.90436
G1 X94.2 Y118.041 E959.05985
G1 X96.8 Y118.041 E959.14633
G0 F9000 X96.53 Y117.772
G0 X96.1 Y116.205
G0 X96.319 Y116.205
;TYPE:FILL
G1 F600 X94.68 Y114.565 E959.22344
G0 F9000 X94.9 Y114.565
G0 X94.9 Y116.111
G0 X94.679 Y116.111
G1 F600 X96.319 Y115.672 E959.27991
G0 F9000 X95.8 Y115.672
G1 F2700 E954.27991
;MESH:NONMESH
G0 F300 X95.8 Y115.672 Z8.6
G0 F9000 X96.133 Y113.566
G0 X96.132 Y112.501
G0 X96.133 Y107.499
G0 X96.133 Y106.414
G0 X96.13 Y105.964
G0 X96.4 Y106.21
;TIME_ELAPSED:1775.221126
;LAYER:42
;TYPE:WALL-INNER
;MESH:Garmin_GFC500 Wheel Support - Wheel Spacer.stl
G1 F2700 E959.27991
G1 F600 X96.4 Y102.474 E959.40417
G1 X94.6 Y102.474 E959.46404
G1 X94.6 Y106.21 E959.5883
G1 X96.4 Y106.21 E959.64817
G0 F9000 X96.8 Y106.61
;TYPE:WALL-OUTER
G1 F600 X96.8 Y102.074 E959.79904
G1 X94.2 Y102.074 E959.88551
G1 X94.2 Y106.61 E960.03638
G1 X96.8 Y106.61 E960.12286
G0 F9000 X96.53 Y106.34
G0 X96.1 Y104.69
G0 X96.319 Y104.69
;TYPE:FILL
G1 F600 X94.68 Y103.05 E960.19997
G0 F9000 X94.679 Y103.835
G1 F600 X96.319 Y103.395 E960.25645
G0 F9000 X95.8 Y103.395
G1 F2700 E955.25645
G0 F9000 X96.13 Y106.39
G0 X96.13 Y107.475
G0 X96.132 Y112.525
G0 X96.133 Y113.59
G0 X96.13 Y117.256
G0 X96.4 Y117.525
;TYPE:WALL-INNER
G1 F2700 E960.25645
G1 F600 X96.4 Y113.79 E960.38068
G1 X94.6 Y113.79 E960.44054
G1 X94.6 Y117.525 E960.56477
G1 X96.4 Y117.525 E960.62464
G0 F9000 X96.8 Y117.925
;TYPE:WALL-OUTER
G1 F600 X96.8 Y113.39 E960.77547
G1 X94.2 Y113.39 E960.86195
G1 X94.2 Y117.925 E961.01278
G1 X96.8 Y117.925 E961.09926
G0 F9000 X96.53 Y117.656
G0 X96.1 Y116.004
G0 X96.319 Y116.004
;TYPE:FILL
G1 F600 X94.68 Y114.364 E961.17638
G0 F9000 X94.9 Y114.364
G0 X94.9 Y116.258
G0 X94.68 Y116.258
G1 F600 X96.319 Y115.819 E961.23281
G0 F9000 X95.8 Y115.819
G1 F2700 E956.23281
;MESH:NONMESH
G0 F300 X95.8 Y115.819 Z8.8
G0 F9000 X96.133 Y113.59
G0 X96.132 Y112.525
G0 X96.133 Y107.475
G0 X96.133 Y106.39
G0 X96.13 Y105.94
G0 X96.4 Y106.185
;TIME_ELAPSED:1783.311979
;LAYER:43
;TYPE:WALL-INNER
;MESH:Garmin_GFC500 Wheel Support - Wheel Spacer.stl
G1 F2700 E961.23281
G1 F600 X96.4 Y102.591 E961.35235
G1 X94.6 Y102.591 E961.41222
G1 X94.6 Y106.185 E961.53175
G1 X96.4 Y106.185 E961.59162
G0 F9000 X96.8 Y106.585
;TYPE:WALL-OUTER
G1 F600 X96.8 Y102.191 E961.73777
G1 X94.2 Y102.191 E961.82424
G1 X94.2 Y106.585 E961.97039
G1 X96.8 Y106.585 E962.05687
G0 F9000 X96.53 Y106.315
G0 X96.1 Y104.491
G0 X96.319 Y104.491
;TYPE:FILL
G1 F600 X94.68 Y102.851 E962.13398
G0 F9000 X94.9 Y102.851
G0 X94.9 Y103.981
G0 X94.679 Y103.981
G1 F600 X96.318 Y103.542 E962.19042
G0 F9000 X95.8 Y103.542
G1 F2700 E957.19042
G0 F9000 X96.13 Y106.365
G0 X96.13 Y107.45
G0 X96.132 Y112.55
G0 X96.133 Y113.615
G0 X96.13 Y117.139
G0 X96.4 Y117.408
;TYPE:WALL-INNER
G1 F2700 E962.19042
G1 F600 X96.4 Y113.815 E962.30992
G1 X94.6 Y113.815 E962.36979
G1 X94.6 Y117.408 E962.48929
G1 X96.4 Y117.408 E962.54916
G0 F9000 X96.8 Y117.808
;TYPE:WALL-OUTER
G1 F600 X96.8 Y113.415 E962.69527
G1 X94.2 Y113.415 E962.78175
G1 X94.2 Y117.808 E962.92786
G1 X96.8 Y117.808 E963.01434
G0 F9000 X96.53 Y117.539
G0 X96.1 Y115.965
G0 X96.318 Y115.965
;TYPE:FILL
G1 F600 X94.679 Y116.404 E963.07077
G0 F9000 X94.9 Y116.404
G0 X96.1 Y115.804
G0 X96.319 Y115.804
G1 F600 X94.679 Y114.164 E963.14791
G0 F9000 X95.199 Y114.415
G1 F2700 E958.14791
;MESH:NONMESH
G0 F300 X95.199 Y114.415 Z9
G0 F9000 X96.133 Y113.615
G0 X96.132 Y112.55
G0 X96.133 Y107.45
G0 X96.133 Y106.365
G0 X96.13 Y105.915
G0 X96.4 Y106.161
;TIME_ELAPSED:1791.330931
;LAYER:44
;TYPE:WALL-INNER
;MESH:Garmin_GFC500 Wheel Support - Wheel Spacer.stl
G1 F2700 E963.14791
G1 F600 X96.4 Y102.708 E963.26276
G1 X94.6 Y102.708 E963.32263
G1 X94.6 Y106.161 E963.43748
G1 X96.4 Y106.161 E963.49734
G0 F9000 X96.8 Y106.561
;TYPE:WALL-OUTER
G1 F600 X96.8 Y102.308 E963.6388
G1 X94.2 Y102.308 E963.72528
G1 X94.2 Y106.561 E963.86673
G1 X96.8 Y106.561 E963.95321
G0 F9000 X96.179 Y106.08
;TYPE:FILL
G1 F600 X96.319 Y105.559 E963.97115
G0 F9000 X96.1 Y105.559
G0 X96.1 Y104.291
G0 X96.319 Y104.291
G1 F600 X94.815 Y102.787 E964.04189
G0 F9000 X94.815 Y103.008
G0 X94.9 Y104.127
G0 X94.68 Y104.127
G1 F600 X96.319 Y103.687 E964.09834
G0 F9000 X95.8 Y103.687
G1 F2700 E959.09834
G0 F9000 X96.13 Y106.341
G0 X96.13 Y107.426
G0 X96.132 Y112.574
G0 X96.133 Y113.639
G0 X96.13 Y117.022
G0 X96.4 Y117.291
;TYPE:WALL-INNER
G1 F2700 E964.09834
G1 F600 X96.4 Y113.839 E964.21315
G1 X94.6 Y113.839 E964.27302
G1 X94.6 Y117.291 E964.38783
G1 X96.4 Y117.291 E964.4477
G0 F9000 X96.8 Y117.691
;TYPE:WALL-OUTER
G1 F600 X96.8 Y113.439 E964.58912
G1 X94.2 Y113.439 E964.6756
G1 X94.2 Y117.691 E964.81702
G1 X96.8 Y117.691 E964.9035
G0 F9000 X96.53 Y117.422
G0 X96.1 Y116.111
G0 X96.318 Y116.111
;TYPE:FILL
G1 F600 X94.679 Y116.55 E964.95993
G0 F9000 X94.9 Y116.55
G0 X96.1 Y115.605
G0 X96.319 Y115.605
G1 F600 X94.679 Y113.965 E965.03707
G0 F9000 X95.2 Y114.321
G1 F2700 E960.03707
;MESH:NONMESH
G0 F300 X95.2 Y114.321 Z9.2
G0 F9000 X96.133 Y113.639
G0 X96.132 Y112.574
G0 X96.133 Y107.426
G0 X96.133 Y106.341
G0 X96.13 Y105.891
G0 X96.4 Y106.15
;TIME_ELAPSED:1799.315271
;LAYER:45
;TYPE:WALL-INNER
;MESH:Garmin_GFC500 Wheel Support - Wheel Spacer.stl
G1 F2700 E965.03707
G1 F600 X96.4 Y102.824 E965.1477
G1 X94.6 Y102.824 E965.20757
G1 X94.6 Y106.15 E965.31819
G1 X96.4 Y106.15 E965.37806
G0 F9000 X96.8 Y106.55
;TYPE:WALL-OUTER
G1 F600 X96.8 Y102.424 E965.51529
G1 X94.2 Y102.424 E965.60177
G1 X94.2 Y106.55 E965.739
G1 X96.8 Y106.55 E965.82547
G0 F9000 X96.035 Y106.07
;TYPE:FILL
G1 F600 X96.319 Y105.01 E965.86197
G0 F9000 X96.319 Y104.091
G1 F600 X95.132 Y102.903 E965.91783
G0 F9000 X95.132 Y103.124
G0 X94.9 Y104.274
G0 X94.679 Y104.274
G1 F600 X96.319 Y103.834 E965.9743
G0 F9000 X95.8 Y103.834
G1 F2700 E960.9743
G0 F9000 X96.13 Y106.33
G0 X96.13 Y107.415
G0 X96.13 Y112.585
G0 X96.13 Y113.67
G0 X96.13 Y116.906
G0 X96.4 Y117.175
;TYPE:WALL-INNER
G1 F2700 E965.9743
G1 F600 X96.4 Y113.85 E966.08489
G1 X94.6 Y113.85 E966.14476
G1 X94.6 Y117.175 E966.25535
G1 X96.4 Y117.175 E966.31522
G0 F9000 X96.8 Y117.575
;TYPE:WALL-OUTER
G1 F600 X96.8 Y113.45 E966.45242
G1 X94.2 Y113.45 E966.5389
G1 X94.2 Y117.575 E966.67609
G1 X96.8 Y117.575 E966.76257
G0 F9000 X96.53 Y117.306
G0 X96.1 Y116.258
G0 X96.318 Y116.258
;TYPE:FILL
G1 F600 X94.679 Y116.697 E966.819
G0 F9000 X94.9 Y116.697
G0 X96.1 Y115.404
G0 X96.319 Y115.404
G1 F600 X94.844 Y113.929 E966.88838
G0 F9000 X95.2 Y114.45
G1 F2700 E961.88838
;MESH:NONMESH
G0 F300 X95.2 Y114.45 Z9.4
G0 F9000 X96.13 Y113.67
G0 X96.13 Y112.585
G0 X96.13 Y107.415
G0 X96.13 Y106.33
G0 X96.13 Y105.88
G0 X96.4 Y106.15
;TIME_ELAPSED:1807.136098
;LAYER:46
;TYPE:WALL-INNER
;MESH:Garmin_GFC500 Wheel Support - Wheel Spacer.stl
G1 F2700 E966.88838
G1 F600 X96.4 Y102.941 E966.99512
G1 X94.6 Y102.941 E967.05498
G1 X94.6 Y106.15 E967.16172
G1 X96.4 Y106.15 E967.22158
G0 F9000 X96.8 Y106.55
;TYPE:WALL-OUTER
G1 F600 X96.8 Y102.541 E967.35492
G1 X94.2 Y102.541 E967.4414
G1 X94.2 Y106.55 E967.57474
G1 X96.8 Y106.55 E967.66122
G0 F9000 X96.53 Y106.28
G0 X95.889 Y105.85
G0 X95.889 Y106.07
;TYPE:FILL
G1 F600 X96.319 Y104.465 E967.71648
G0 F9000 X96.319 Y103.98
G1 F600 X94.68 Y104.42 E967.77293
G0 F9000 X94.9 Y104.42
G0 X95.448 Y103.241
G0 X95.448 Y103.02
G1 F600 X96.319 Y103.891 E967.81389
G0 F9000 X95.8 Y103.891
G1 F2700 E962.81389
G0 F9000 X96.13 Y106.33
G0 X96.13 Y107.415
G0 X96.13 Y112.585
G0 X96.13 Y113.67
G0 X96.13 Y116.789
G0 X96.4 Y117.058
;TYPE:WALL-INNER
G1 F2700 E967.81389
G1 F600 X96.4 Y113.85 E967.92059
G1 X94.6 Y113.85 E967.98046
G1 X94.6 Y117.058 E968.08716
G1 X96.4 Y117.058 E968.14703
G0 F9000 X96.8 Y117.458
;TYPE:WALL-OUTER
G1 F600 X96.8 Y113.45 E968.28033
G1 X94.2 Y113.45 E968.36681
G1 X94.2 Y117.458 E968.50012
G1 X96.8 Y117.458 E968.58659
G0 F9000 X96.53 Y117.189
G0 X96.1 Y116.404
G0 X96.318 Y116.404
;TYPE:FILL
G1 F600 X94.679 Y116.843 E968.64303
G0 F9000 X94.9 Y116.843
G0 X96.1 Y115.205
G0 X96.319 Y115.205
G1 F600 X95.044 Y113.929 E968.70302
G0 F9000 X95.2 Y114.45
G1 F2700 E963.70302
;MESH:NONMESH
G0 F300 X95.2 Y114.45 Z9.6
G0 F9000 X96.13 Y113.67
G0 X96.13 Y112.585
G0 X96.13 Y107.415
G0 X96.13 Y106.33
G0 X96.13 Y105.88
G0 X96.4 Y106.15
;TIME_ELAPSED:1814.862201
;LAYER:47
;TYPE:WALL-INNER
;MESH:Garmin_GFC500 Wheel Support - Wheel Spacer.stl
G1 F2700 E968.70302
G1 F600 X96.4 Y103.057 E968.8059
G1 X94.6 Y103.057 E968.86577
G1 X94.6 Y106.15 E968.96864
G1 X96.4 Y106.15 E969.02851
G0 F9000 X96.8 Y106.55
;TYPE:WALL-OUTER
G1 F600 X96.8 Y102.657 E969.15799
G1 X94.2 Y102.657 E969.24447
G1 X94.2 Y106.55 E969.37395
G1 X96.8 Y106.55 E969.46042
G0 F9000 X96.53 Y106.28
G0 X95.742 Y105.85
G0 X95.742 Y106.07
;TYPE:FILL
G1 F600 X96.319 Y103.917 E969.53456
G0 F9000 X96.319 Y104.127
G1 F600 X94.68 Y104.567 E969.591
G0 F9000 X94.9 Y104.567
G0 X95.765 Y103.357
G0 X95.765 Y103.136
G1 F600 X96.319 Y103.69 E969.61706
G0 F9000 X95.8 Y103.69
G1 F2700 E964.61706
G0 F9000 X96.13 Y106.33
G0 X96.13 Y107.415
G0 X96.13 Y112.585
G0 X96.13 Y113.67
G0 X96.13 Y116.673
G0 X96.4 Y116.942
;TYPE:WALL-INNER
G1 F2700 E969.61706
G1 F600 X96.4 Y113.85 E969.7199
G1 X94.6 Y113.85 E969.77977
G1 X94.6 Y116.942 E969.88261
G1 X96.4 Y116.942 E969.94248
G0 F9000 X96.8 Y117.342
;TYPE:WALL-OUTER
G1 F600 X96.8 Y113.45 E970.07193
G1 X94.2 Y113.45 E970.1584
G1 X94.2 Y117.342 E970.28785
G1 X96.8 Y117.342 E970.37433
G0 F9000 X96.318 Y116.551
;TYPE:FILL
G1 F600 X95.158 Y116.862 E970.41427
G0 F9000 X95.159 Y116.643
G0 X96.1 Y115.004
G0 X96.319 Y115.004
G1 F600 X95.245 Y113.929 E970.46481
G0 F9000 X95.245 Y114.45
G1 F2700 E965.46481
;MESH:NONMESH
G0 F300 X95.245 Y114.45 Z9.8
G0 F9000 X96.13 Y113.67
G0 X96.13 Y112.585
G0 X96.13 Y107.415
G0 X96.13 Y106.33
G0 X96.13 Y105.88
G0 X96.4 Y106.15
;TIME_ELAPSED:1822.366650
;LAYER:48
;TYPE:WALL-INNER
;MESH:Garmin_GFC500 Wheel Support - Wheel Spacer.stl
G1 F2700 E970.46481
G1 F600 X96.4 Y103.174 E970.5638
G1 X94.6 Y103.174 E970.62366
G1 X94.6 Y106.15 E970.72265
G1 X96.4 Y106.15 E970.78252
G0 F9000 X96.8 Y106.55
;TYPE:WALL-OUTER
G1 F600 X96.8 Y102.774 E970.90811
G1 X94.2 Y102.774 E970.99458
G1 X94.2 Y106.55 E971.12017
G1 X96.8 Y106.55 E971.20665
G0 F9000 X96.53 Y106.28
G0 X95.596 Y105.85
G0 X95.596 Y106.069
;TYPE:FILL
G1 F600 X96.319 Y103.37 E971.29958
G1 X96.319 Y103.491
G1 X96.082 Y103.253 E971.31075
G0 F9000 X96.082 Y103.474
G0 X96.1 Y104.273
G0 X96.319 Y104.273
G1 F600 X94.679 Y104.713 E971.36723
G0 F9000 X95.2 Y104.713
G1 F2700 E966.36723
G0 F9000 X96.13 Y106.33
G0 X96.13 Y107.415
G0 X96.13 Y112.585
G0 X96.13 Y113.67
G0 X96.13 Y116.556
G0 X96.4 Y116.825
;TYPE:WALL-INNER
G1 F2700 E971.36723
G1 F600 X96.4 Y113.85 E971.46618
G1 X94.6 Y113.85 E971.52605
G1 X94.6 Y116.825 E971.625
G1 X96.4 Y116.825 E971.68486
G0 F9000 X96.8 Y117.225
;TYPE:WALL-OUTER
G1 F600 X96.8 Y113.45 E971.81042
G1 X94.2 Y113.45 E971.8969
G1 X94.2 Y117.225 E972.02245
G1 X96.8 Y117.225 E972.10893
G0 F9000 X96.319 Y116.697
;TYPE:FILL
G1 F600 X96.141 Y116.744 E972.11505
G0 F9000 X96.142 Y116.526
G0 X96.1 Y114.805
G0 X96.319 Y114.805
G1 F600 X95.444 Y113.929 E972.15623
G0 F9000 X95.444 Y114.45
G1 F2700 E967.15623
;MESH:NONMESH
G0 F300 X95.444 Y114.45 Z10
G0 F9000 X96.13 Y113.67
G0 X96.13 Y112.585
G0 X96.13 Y107.415
G0 X96.13 Y106.33
G0 X96.13 Y105.88
G0 X96.4 Y106.15
;TIME_ELAPSED:1829.633854
;LAYER:49
;TYPE:WALL-INNER
;MESH:Garmin_GFC500 Wheel Support - Wheel Spacer.stl
G1 F2700 E972.15623
G1 F600 X96.4 Y103.291 E972.25133
G1 X94.6 Y103.291 E972.31119
G1 X94.6 Y106.15 E972.40628
G1 X96.4 Y106.15 E972.46615
G0 F9000 X96.8 Y106.55
;TYPE:WALL-OUTER
G1 F600 X96.8 Y102.891 E972.58785
G1 X94.2 Y102.891 E972.67433
G1 X94.2 Y106.55 E972.79603
G1 X96.8 Y106.55 E972.8825
G0 F9000 X96.53 Y106.28
G0 X95.449 Y105.85
G0 X95.449 Y106.069
;TYPE:FILL
G1 F600 X96.172 Y103.37 E972.97544
G0 F9000 X96.172 Y103.591
G0 X96.1 Y104.42
G0 X96.319 Y104.42
G1 F600 X94.679 Y104.86 E973.03191
G0 F9000 X95.2 Y104.86
G1 F2700 E968.03191
G0 F9000 X96.13 Y106.33
G0 X96.13 Y107.415
G0 X96.13 Y112.585
G0 X96.13 Y113.67
G0 X96.13 Y116.439
G0 X96.4 Y116.708
;TYPE:WALL-INNER
G1 F2700 E973.03191
G1 F600 X96.4 Y113.85 E973.12697
G1 X94.6 Y113.85 E973.18684
G1 X94.6 Y116.708 E973.2819
G1 X96.4 Y116.708 E973.34176
G0 F9000 X96.8 Y117.108
;TYPE:WALL-OUTER
G1 F600 X96.8 Y113.45 E973.46343
G1 X94.2 Y113.45 E973.54991
G1 X94.2 Y117.108 E973.67157
G1 X96.8 Y117.108 E973.75805
G0 F9000 X96.53 Y116.839
G0 X96.1 Y114.604
G0 X96.319 Y114.604
;TYPE:FILL
G1 F600 X95.645 Y113.929 E973.78977
G0 F9000 X95.645 Y114.45
G1 F2700 E968.78977
;MESH:NONMESH
G0 F300 X95.645 Y114.45 Z10.2
G0 F9000 X96.13 Y113.67
G0 X96.13 Y112.585
G0 X96.13 Y107.415
G0 X96.13 Y106.33
G0 X96.13 Y105.88
G0 X96.4 Y106.15
;TIME_ELAPSED:1836.655869
;LAYER:50
;TYPE:WALL-INNER
;MESH:Garmin_GFC500 Wheel Support - Wheel Spacer.stl
G1 F2700 E973.78977
G1 F600 X96.4 Y103.407 E973.88101
G1 X94.6 Y103.407 E973.94088
G1 X94.6 Y106.15 E974.03211
G1 X96.4 Y106.15 E974.09198
G0 F9000 X96.8 Y106.55
;TYPE:WALL-OUTER
G1 F600 X96.8 Y103.007 E974.20982
G1 X94.2 Y103.007 E974.29629
G1 X94.2 Y106.55 E974.41413
G1 X96.8 Y106.55 E974.50061
G0 F9000 X96.53 Y106.28
G0 X95.303 Y105.85
G0 X95.303 Y106.069
;TYPE:FILL
G1 F600 X95.995 Y103.485 E974.58958
G0 F9000 X95.995 Y103.707
G0 X96.1 Y104.566
G0 X96.318 Y104.566
G1 F600 X94.679 Y105.006 E974.64603
G0 F9000 X95.2 Y105.006
G1 F2700 E969.64603
G0 F9000 X96.13 Y106.33
G0 X96.13 Y107.415
G0 X96.13 Y112.585
G0 X96.13 Y113.67
G0 X96.13 Y116.323
G0 X96.4 Y116.592
;TYPE:WALL-INNER
G1 F2700 E974.64603
G1 F600 X96.4 Y113.85 E974.73723
G1 X94.6 Y113.85 E974.79709
G1 X94.6 Y116.592 E974.88829
G1 X96.4 Y116.592 E974.94816
G0 F9000 X96.8 Y116.992
;TYPE:WALL-OUTER
G1 F600 X96.8 Y113.45 E975.06597
G1 X94.2 Y113.45 E975.15245
G1 X94.2 Y116.992 E975.27025
G1 X96.8 Y116.992 E975.35673
G0 F9000 X96.53 Y116.723
G0 X96.1 Y114.404
G0 X96.319 Y114.404
;TYPE:FILL
G1 F600 X95.844 Y113.929 E975.37907
G0 F9000 X95.8 Y114.45
G1 F2700 E970.37907
;MESH:NONMESH
G0 F300 X95.8 Y114.45 Z10.4
G0 F9000 X96.13 Y113.67
G0 X96.13 Y112.585
G0 X96.13 Y107.415
G0 X96.13 Y106.33
G0 X96.13 Y105.88
G0 X96.4 Y106.15
;TIME_ELAPSED:1843.535085
;LAYER:51
;TYPE:WALL-INNER
;MESH:Garmin_GFC500 Wheel Support - Wheel Spacer.stl
G1 F2700 E975.37907
G1 F600 X96.4 Y103.524 E975.46641
G1 X94.6 Y103.524 E975.52628
G1 X94.6 Y106.15 E975.61362
G1 X96.4 Y106.15 E975.67349
G0 F9000 X96.8 Y106.55
;TYPE:WALL-OUTER
G1 F600 X96.8 Y103.124 E975.78744
G1 X94.2 Y103.124 E975.87392
G1 X94.2 Y106.55 E975.98786
G1 X96.8 Y106.55 E976.07434
G0 F9000 X96.53 Y106.28
G0 X95.157 Y105.85
G0 X95.157 Y106.069
;TYPE:FILL
G1 F600 X95.818 Y103.602 E976.15929
G0 F9000 X95.818 Y103.824
G0 X96.1 Y104.712
G0 X96.319 Y104.712
G1 F600 X94.679 Y105.152 E976.21576
G0 F9000 X95.2 Y105.152
G1 F2700 E971.21576
G0 F9000 X96.13 Y106.33
G0 X96.13 Y107.415
G0 X96.13 Y112.585
G0 X96.13 Y113.67
G0 X96.13 Y116.206
G0 X96.4 Y116.475
;TYPE:WALL-INNER
G1 F2700 E976.21576
G1 F600 X96.4 Y113.85 E976.30307
G1 X94.6 Y113.85 E976.36294
G1 X94.6 Y116.475 E976.45025
G1 X96.4 Y116.475 E976.51012
G0 F9000 X96.8 Y116.875
;TYPE:WALL-OUTER
G1 F600 X96.8 Y113.45 E976.62403
G1 X94.2 Y113.45 E976.71051
G1 X94.2 Y116.875 E976.82442
G1 X96.8 Y116.875 E976.9109
G0 F9000 X96.53 Y116.606
G0 X96.1 Y114.205
G0 X96.319 Y114.205
;TYPE:FILL
G1 F600 X96.044 Y113.929 E976.92386
G0 F9000 X95.8 Y114.45
G1 F2700 E971.92386
;MESH:NONMESH
G0 F300 X95.8 Y114.45 Z10.6
G0 F9000 X96.13 Y113.67
G0 X96.13 Y112.585
G0 X96.13 Y107.415
G0 X96.13 Y106.33
G0 X96.13 Y105.88
G0 X96.4 Y106.15
;TIME_ELAPSED:1850.289245
;LAYER:52
;TYPE:WALL-INNER
;MESH:Garmin_GFC500 Wheel Support - Wheel Spacer.stl
G1 F2700 E976.92386
G1 F600 X96.4 Y103.641 E977.00731
G1 X94.6 Y103.641 E977.06718
G1 X94.6 Y106.15 E977.15063
G1 X96.4 Y106.15 E977.2105
G0 F9000 X96.8 Y106.55
;TYPE:WALL-OUTER
G1 F600 X96.8 Y103.241 E977.32055
G1 X94.2 Y103.241 E977.40703
G1 X94.2 Y106.55 E977.51709
G1 X96.8 Y106.55 E977.60356
G0 F9000 X96.53 Y106.28
G0 X96.1 Y104.859
G0 X96.319 Y104.859
;TYPE:FILL
G1 F600 X94.679 Y105.299 E977.66004
G0 F9000 X95.01 Y106.069
G1 F600 X95.64 Y103.719 E977.74096
G0 F9000 X95.64 Y104.241
G1 F2700 E972.74096
G0 F9000 X96.13 Y106.33
G0 X96.13 Y107.415
G0 X96.13 Y112.585
G0 X96.13 Y113.67
G0 X96.13 Y116.089
G0 X96.4 Y116.358
;TYPE:WALL-INNER
G1 F2700 E977.74096
G1 F600 X96.4 Y113.85 E977.82438
G1 X94.6 Y113.85 E977.88425
G1 X94.6 Y116.358 E977.96766
G1 X96.4 Y116.358 E978.02753
G0 F9000 X96.8 Y116.758
;TYPE:WALL-OUTER
G1 F600 X96.8 Y113.45 E978.13755
G1 X94.2 Y113.45 E978.22403
G1 X94.2 Y116.758 E978.33406
G1 X96.8 Y116.758 E978.42053
G0 F9000 X96.53 Y116.489
G0 X96.13 Y114.12
G0 X96.319 Y114.004
;TYPE:FILL
G1 F600 X96.245 Y113.929 E978.42404
G0 F9000 X95.8 Y114.332
G1 F2700 E973.42404
;MESH:NONMESH
G0 F300 X95.8 Y114.332 Z10.8
G0 F9000 X96.13 Y113.67
G0 X96.13 Y112.585
G0 X96.13 Y107.415
G0 X96.13 Y106.33
G0 X96.13 Y105.88
G0 X96.4 Y106.15
;TIME_ELAPSED:1856.844199
;LAYER:53
;TYPE:WALL-INNER
;MESH:Garmin_GFC500 Wheel Support - Wheel Spacer.stl
G1 F2700 E978.42404
G1 F600 X96.4 Y103.757 E978.50363
G1 X94.6 Y103.757 E978.5635
G1 X94.6 Y106.15 E978.64309
G1 X96.4 Y106.15 E978.70296
G0 F9000 X96.8 Y106.55
;TYPE:WALL-OUTER
G1 F600 X96.8 Y103.357 E978.80916
G1 X94.2 Y103.357 E978.89563
G1 X94.2 Y106.55 E979.00183
G1 X96.8 Y106.55 E979.08831
G0 F9000 X96.53 Y106.28
G0 X96.1 Y105.005
G0 X96.318 Y105.005
;TYPE:FILL
G1 F600 X94.679 Y105.445 E979.14475
G0 F9000 X94.864 Y106.069
G1 F600 X95.463 Y103.835 E979.22168
G0 F9000 X95.463 Y104.357
G1 F2700 E974.22168
G0 F9000 X96.13 Y106.33
G0 X96.13 Y107.415
G0 X96.13 Y112.585
G0 X96.13 Y113.67
G0 X96.13 Y115.973
G0 X96.4 Y116.242
;TYPE:WALL-INNER
G1 F2700 E979.22168
G1 F600 X96.4 Y113.85 E979.30124
G1 X94.6 Y113.85 E979.36111
G1 X94.6 Y116.242 E979.44066
G1 X96.4 Y116.242 E979.50053
G0 F9000 X96.8 Y116.642
;TYPE:WALL-OUTER
G1 F600 X96.8 Y113.45 E979.6067
G1 X94.2 Y113.45 E979.69317
G1 X94.2 Y116.642 E979.79934
G1 X96.8 Y116.642 E979.88582
G0 F9000 X95.8 Y115.761
G1 F2700 E974.88582
;MESH:NONMESH
G0 F300 X95.8 Y115.761 Z11
G0 F9000 X96.13 Y113.67
G0 X96.13 Y112.585
G0 X96.13 Y107.415
G0 X96.13 Y106.33
G0 X96.13 Y105.88
G0 X96.4 Y106.15
;TIME_ELAPSED:1863.165795
;LAYER:54
;TYPE:WALL-INNER
;MESH:Garmin_GFC500 Wheel Support - Wheel Spacer.stl
G1 F2700 E979.88582
G1 F600 X96.4 Y103.874 E979.96152
G1 X94.6 Y103.874 E980.02139
G1 X94.6 Y106.15 E980.09709
G1 X96.4 Y106.15 E980.15695
G0 F9000 X96.8 Y106.55
;TYPE:WALL-OUTER
G1 F600 X96.8 Y103.474 E980.25926
G1 X94.2 Y103.474 E980.34574
G1 X94.2 Y106.55 E980.44805
G1 X96.8 Y106.55 E980.53452
G0 F9000 X96.53 Y106.28
G0 X96.1 Y105.152
G0 X96.319 Y105.152
;TYPE:FILL
G1 F600 X94.679 Y105.592 E980.591
G0 F9000 X94.717 Y106.069
G1 F600 X95.284 Y103.952 E980.66389
G0 F9000 X95.284 Y104.474
G1 F2700 E975.66389
G0 F9000 X96.13 Y106.33
G0 X96.13 Y107.415
G0 X96.13 Y112.585
G0 X96.13 Y113.67
G0 X96.13 Y115.856
G0 X96.4 Y116.125
;TYPE:WALL-INNER
G1 F2700 E980.66389
G1 F600 X96.4 Y113.85 E980.73956
G1 X94.6 Y113.85 E980.79943
G1 X94.6 Y116.125 E980.87509
G1 X96.4 Y116.125 E980.93496
G0 F9000 X96.8 Y116.525
;TYPE:WALL-OUTER
G1 F600 X96.8 Y113.45 E981.03724
G1 X94.2 Y113.45 E981.12371
G1 X94.2 Y116.525 E981.22599
G1 X96.8 Y116.525 E981.31246
G0 F9000 X96.185 Y116.044
;TYPE:FILL
G1 F600 X96.319 Y115.546 E981.32962
G0 F9000 X95.8 Y115.526
G1 F2700 E976.32962
;MESH:NONMESH
G0 F300 X95.8 Y115.526 Z11.2
G0 F9000 X96.13 Y113.67
G0 X96.13 Y112.585
G0 X96.13 Y107.415
G0 X96.13 Y106.33
G0 X96.13 Y105.88
G0 X96.4 Y106.15
;TIME_ELAPSED:1869.461541
;LAYER:55
;TYPE:WALL-INNER
;MESH:Garmin_GFC500 Wheel Support - Wheel Spacer.stl
G1 F2700 E981.32962
G1 F600 X96.4 Y103.991 E981.40143
G1 X94.6 Y103.991 E981.46129
G1 X94.6 Y106.15 E981.5331
G1 X96.4 Y106.15 E981.59297
G0 F9000 X96.8 Y106.55
;TYPE:WALL-OUTER
G1 F600 X96.8 Y103.591 E981.69139
G1 X94.2 Y103.591 E981.77786
G1 X94.2 Y106.55 E981.87628
G1 X96.8 Y106.55 E981.96276
G0 F9000 X96.53 Y106.28
G0 X96.1 Y105.298
G0 X96.319 Y105.298
;TYPE:FILL
G1 F600 X94.679 Y105.738 E982.01923
G1 X94.679 Y105.666
G1 X95.107 Y104.069 E982.07422
G0 F9000 X95.2 Y104.591
G1 F2700 E977.07422
G0 F9000 X96.13 Y106.33
G0 X96.13 Y107.415
G0 X96.13 Y112.585
G0 X96.13 Y113.67
G0 X96.13 Y115.739
G0 X96.4 Y116.008
;TYPE:WALL-INNER
G1 F2700 E982.07422
G1 F600 X96.4 Y113.85 E982.146
G1 X94.6 Y113.85 E982.20587
G1 X94.6 Y116.008 E982.27764
G1 X96.4 Y116.008 E982.33751
G0 F9000 X96.8 Y116.408
;TYPE:WALL-OUTER
G1 F600 X96.8 Y113.45 E982.43589
G1 X94.2 Y113.45 E982.52237
G1 X94.2 Y116.408 E982.62075
G1 X96.8 Y116.408 E982.70723
G0 F9000 X96.071 Y115.928
;TYPE:FILL
G1 F600 X96.319 Y115 E982.73918
G0 F9000 X96.1 Y115
G0 X95.018 Y114.15
G0 X95.018 Y113.929
G1 F600 X94.679 Y114.02 E982.75085
G0 F9000 X95.2 Y114.332
G1 F2700 E977.75085
;MESH:NONMESH
G0 F300 X95.2 Y114.332 Z11.4
G0 F9000 X96.13 Y113.67
G0 X96.13 Y112.585
G0 X96.13 Y107.415
G0 X96.13 Y106.33
G0 X96.13 Y105.88
G0 X96.4 Y106.15
;TIME_ELAPSED:1875.801180
;LAYER:56
;TYPE:WALL-INNER
;MESH:Garmin_GFC500 Wheel Support - Wheel Spacer.stl
G1 F2700 E982.75085
G1 F600 X96.4 Y104.107 E982.8188
G1 X94.6 Y104.107 E982.87867
G1 X94.6 Y106.15 E982.94662
G1 X96.4 Y106.15 E983.00649
G0 F9000 X96.8 Y106.55
;TYPE:WALL-OUTER
G1 F600 X96.8 Y103.707 E983.10105
G1 X94.2 Y103.707 E983.18753
G1 X94.2 Y106.55 E983.28208
G1 X96.8 Y106.55 E983.36856
G0 F9000 X96.53 Y106.28
G0 X96.1 Y105.445
G0 X96.319 Y105.445
;TYPE:FILL
G1 F600 X94.679 Y105.885 E983.42504
G1 X94.68 Y105.907
G1 X94.841 Y106.068 E983.43261
G0 F9000 X94.679 Y105.117
G1 F600 X94.929 Y104.185 E983.4647
G0 F9000 X95.2 Y104.707
G1 F2700 E978.4647
G0 F9000 X96.13 Y106.33
G0 X96.13 Y107.415
G0 X96.13 Y112.585
G0 X96.13 Y113.67
G0 X96.13 Y115.623
G0 X96.4 Y115.892
;TYPE:WALL-INNER
G1 F2700 E983.4647
G1 F600 X96.4 Y113.85 E983.53262
G1 X94.6 Y113.85 E983.59249
G1 X94.6 Y115.892 E983.66041
G1 X96.4 Y115.892 E983.72027
G0 F9000 X96.8 Y116.292
;TYPE:WALL-OUTER
G1 F600 X96.8 Y113.45 E983.8148
G1 X94.2 Y113.45 E983.90128
G1 X94.2 Y116.292 E983.9958
G1 X96.8 Y116.292 E984.08228
G0 F9000 X95.955 Y115.812
;TYPE:FILL
G1 F600 X96.319 Y114.451 E984.12914
G0 F9000 X95.567 Y113.929
G1 F600 X94.679 Y114.167 E984.15971
G0 F9000 X95.2 Y114.45
G1 F2700 E979.15971
;MESH:NONMESH
G0 F300 X95.2 Y114.45 Z11.6
G0 F9000 X96.13 Y113.67
G0 X96.13 Y112.585
G0 X96.13 Y107.415
G0 X96.13 Y106.33
G0 X96.13 Y105.88
G0 X96.4 Y106.15
;TIME_ELAPSED:1882.136547
;LAYER:57
;TYPE:WALL-INNER
;MESH:Garmin_GFC500 Wheel Support - Wheel Spacer.stl
G1 F2700 E984.15971
G1 F600 X96.4 Y104.224 E984.22377
G1 X94.6 Y104.224 E984.28364
G1 X94.6 Y106.15 E984.3477
G1 X96.4 Y106.15 E984.40757
G0 F9000 X96.8 Y106.55
;TYPE:WALL-OUTER
G1 F600 X96.8 Y103.824 E984.49823
G1 X94.2 Y103.824 E984.58471
G1 X94.2 Y106.55 E984.67538
G1 X96.8 Y106.55 E984.76185
G0 F9000 X96.53 Y106.28
G0 X96.1 Y105.591
G0 X96.319 Y105.591
;TYPE:FILL
G1 F600 X94.679 Y106.031 E984.81833
G0 F9000 X94.679 Y105.707
G1 F600 X95.04 Y106.068 E984.83531
G0 F9000 X95.04 Y105.85
G0 X94.9 Y104.573
G0 X94.679 Y104.573
G1 F600 X94.752 Y104.302 E984.84465
G0 F9000 X95.2 Y104.706
G1 F2700 E979.84465
G0 F9000 X96.13 Y106.33
G0 X96.13 Y107.415
G0 X96.13 Y112.585
G0 X96.13 Y113.67
G0 X96.13 Y115.506
G0 X96.4 Y115.775
;TYPE:WALL-INNER
G1 F2700 E984.84465
G1 F600 X96.4 Y113.85 E984.90867
G1 X94.6 Y113.85 E984.96854
G1 X94.6 Y115.775 E985.03257
G1 X96.4 Y115.775 E985.09243
G0 F9000 X96.8 Y116.175
;TYPE:WALL-OUTER
G1 F600 X96.8 Y113.45 E985.18307
G1 X94.2 Y113.45 E985.26954
G1 X94.2 Y116.175 E985.36018
G1 X96.8 Y116.175 E985.44665
G0 F9000 X96.53 Y115.906
G0 X95.841 Y115.476
G0 X95.84 Y115.694
;TYPE:FILL
G1 F600 X96.313 Y113.928 E985.50746
G0 F9000 X96.111 Y113.929
G1 F600 X94.679 Y114.313 E985.55677
G0 F9000 X95.2 Y114.45
G1 F2700 E980.55677
;MESH:NONMESH
G0 F300 X95.2 Y114.45 Z11.8
G0 F9000 X96.13 Y113.67
G0 X96.13 Y112.585
G0 X96.13 Y107.415
G0 X96.13 Y106.33
G0 X96.13 Y105.88
G0 X96.4 Y106.15
;TIME_ELAPSED:1888.502633
;LAYER:58
;TYPE:WALL-INNER
;MESH:Garmin_GFC500 Wheel Support - Wheel Spacer.stl
G1 F2700 E985.55677
G1 F600 X96.4 Y104.341 E985.61694
G1 X94.6 Y104.341 E985.67681
G1 X94.6 Y106.15 E985.73698
G1 X96.4 Y106.15 E985.79684
G0 F9000 X96.8 Y106.55
;TYPE:WALL-OUTER
G1 F600 X96.8 Y103.941 E985.88362
G1 X94.2 Y103.941 E985.9701
G1 X94.2 Y106.55 E986.05687
G1 X96.8 Y106.55 E986.14335
G0 F9000 X96.318 Y105.737
;TYPE:FILL
G1 F600 X95.079 Y106.069 E986.18601
G1 X95.24 Y106.068
G1 X94.68 Y105.508 E986.21235
G0 F9000 X95.2 Y105.508
G1 F2700 E981.21235
G0 F9000 X96.13 Y106.33
G0 X96.13 Y107.415
G0 X96.13 Y112.585
G0 X96.13 Y113.67
G0 X96.13 Y115.389
G0 X96.4 Y115.658
;TYPE:WALL-INNER
G1 F2700 E986.21235
G1 F600 X96.4 Y113.85 E986.27249
G1 X94.6 Y113.85 E986.33236
G1 X94.6 Y115.658 E986.39249
G1 X96.4 Y115.658 E986.45236
G0 F9000 X96.8 Y116.058
;TYPE:WALL-OUTER
G1 F600 X96.8 Y113.45 E986.5391
G1 X94.2 Y113.45 E986.62558
G1 X94.2 Y116.058 E986.71232
G1 X96.8 Y116.058 E986.7988
G0 F9000 X96.53 Y115.789
G0 X95.727 Y115.359
G0 X95.726 Y115.577
;TYPE:FILL
G1 F600 X96.167 Y113.929 E986.85554
G1 X96.318 Y114.02
G1 X94.679 Y114.459 E986.91197
G0 F9000 X95.2 Y114.459
G1 F2700 E981.91197
;MESH:NONMESH
G0 F300 X95.2 Y114.459 Z12
G0 F9000 X96.13 Y113.67
G0 X96.13 Y112.585
G0 X96.13 Y107.415
G0 X96.13 Y106.33
G0 X96.13 Y105.88
G0 X96.4 Y106.15
;TIME_ELAPSED:1894.550219
;LAYER:59
;TYPE:WALL-INNER
;MESH:Garmin_GFC500 Wheel Support - Wheel Spacer.stl
G1 F2700 E986.91197
G1 F600 X96.4 Y104.458 E986.96825
G1 X94.601 Y104.458 E987.02808
G1 X94.601 Y106.15 E987.08436
G1 X96.4 Y106.15 E987.14419
G0 F9000 X96.8 Y106.55
;TYPE:WALL-OUTER
G1 F600 X96.8 Y104.058 E987.22708
G1 X94.201 Y104.058 E987.31352
G1 X94.201 Y106.55 E987.39641
G1 X96.8 Y106.55 E987.48285
G0 F9000 X96.318 Y105.884
;TYPE:FILL
G1 F600 X95.628 Y106.069 E987.50661
G1 X95.441 Y106.069
G1 X94.68 Y105.308 E987.5424
G0 F9000 X95.2 Y105.308
G1 F2700 E982.5424
G0 F9000 X96.13 Y106.33
G0 X96.13 Y107.415
G0 X96.13 Y112.585
G0 X96.13 Y113.67
G0 X96.13 Y115.273
G0 X96.4 Y115.542
;TYPE:WALL-INNER
G1 F2700 E987.5424
G1 F600 X96.4 Y113.85 E987.59868
G1 X94.6 Y113.85 E987.65855
G1 X94.6 Y115.542 E987.71482
G1 X96.4 Y115.542 E987.77469
G0 F9000 X96.8 Y115.942
;TYPE:WALL-OUTER
G1 F600 X96.8 Y113.45 E987.85758
G1 X94.2 Y113.45 E987.94405
G1 X94.2 Y115.942 E988.02694
G1 X96.8 Y115.942 E988.11341
G0 F9000 X96.53 Y115.673
G0 X95.611 Y115.243
G0 X95.61 Y115.461
;TYPE:FILL
G1 F600 X96.02 Y113.929 E988.16616
G0 F9000 X96.318 Y114.167
G1 F600 X94.68 Y114.606 E988.22256
G0 F9000 X95.2 Y114.606
G1 F2700 E983.22256
;MESH:NONMESH
G0 F300 X95.2 Y114.606 Z12.2
G0 F9000 X96.13 Y113.67
G0 X96.13 Y112.585
G0 X96.13 Y107.415
G0 X96.13 Y106.33
G0 X96.13 Y105.88
G0 X96.4 Y106.162
;TIME_ELAPSED:1900.480216
;LAYER:60
;TYPE:WALL-INNER
;MESH:Garmin_GFC500 Wheel Support - Wheel Spacer.stl
G1 F2700 E988.22256
G1 F600 X96.4 Y104.574 E988.27538
G1 X94.6 Y104.574 E988.33525
G1 X94.6 Y106.162 E988.38807
G1 X96.4 Y106.162 E988.44793
G0 F9000 X96.8 Y106.562
;TYPE:WALL-OUTER
G1 F600 X96.8 Y104.174 E988.52736
G1 X94.2 Y104.174 E988.61384
G1 X94.2 Y106.562 E988.69326
G1 X96.8 Y106.562 E988.77974
G0 F9000 X96.318 Y106.03
;TYPE:FILL
G1 F600 X96.128 Y106.081 E988.78628
G0 F9000 X95.652 Y106.08
G1 F600 X94.68 Y105.108 E988.832
G0 F9000 X95.2 Y105.174
G1 F2700 E983.832
G0 F9000 X96.135 Y106.343
G0 X96.135 Y107.428
G0 X96.135 Y112.572
G0 X96.135 Y113.657
G0 X96.13 Y115.156
G0 X96.4 Y115.425
;TYPE:WALL-INNER
G1 F2700 E988.832
G1 F600 X96.4 Y113.837 E988.88482
G1 X94.6 Y113.837 E988.94469
G1 X94.6 Y115.425 E988.9975
G1 X96.4 Y115.425 E989.05737
G0 F9000 X96.8 Y115.825
;TYPE:WALL-OUTER
G1 F600 X96.8 Y113.437 E989.1368
G1 X94.2 Y113.437 E989.22327
G1 X94.2 Y115.825 E989.3027
G1 X96.8 Y115.825 E989.38917
G0 F9000 X96.53 Y115.556
G0 X95.496 Y115.126
G0 X95.495 Y115.345
;TYPE:FILL
G1 F600 X95.878 Y113.915 E989.43841
G0 F9000 X96.319 Y114.312
G1 F600 X94.68 Y114.752 E989.49486
G0 F9000 X95.2 Y114.752
G1 F2700 E984.49486
;MESH:NONMESH
G0 F300 X95.2 Y114.752 Z12.4
G0 F9000 X96.13 Y113.657
G0 X96.13 Y112.572
G0 X96.135 Y107.428
G0 X96.135 Y106.343
G0 X96.13 Y105.893
G0 X96.4 Y106.187
;TIME_ELAPSED:1906.342667
;LAYER:61
;TYPE:WALL-INNER
;MESH:Garmin_GFC500 Wheel Support - Wheel Spacer.stl
G1 F2700 E989.49486
G1 F600 X96.4 Y104.691 E989.54461
G1 X94.601 Y104.692 E989.60445
G1 X94.601 Y106.186 E989.65414
G1 X96.4 Y106.187 E989.71397
G0 F9000 X96.8 Y106.587
;TYPE:WALL-OUTER
G1 F600 X96.8 Y104.291 E989.79034
G1 X94.201 Y104.292 E989.87678
G1 X94.201 Y106.586 E989.95308
G1 X96.8 Y106.587 E990.03952
G0 F9000 X96.53 Y106.317
G0 X95.879 Y105.887
G0 X95.878 Y106.105
;TYPE:FILL
G1 F600 X94.68 Y104.908 E990.09585
G0 F9000 X95.2 Y105.291
G1 F2700 E985.09585
G0 F9000 X96.135 Y106.367
G0 X96.135 Y107.452
G0 X96.135 Y112.548
G0 X96.135 Y113.633
G0 X96.13 Y115.039
G0 X96.4 Y115.309
;TYPE:WALL-INNER
G1 F2700 E990.09585
G1 F600 X96.4 Y113.813 E990.14561
G1 X94.601 Y113.814 E990.20544
G1 X94.601 Y115.308 E990.25513
G1 X96.4 Y115.309 E990.31497
G0 F9000 X96.8 Y115.709
;TYPE:WALL-OUTER
G1 F600 X96.8 Y113.413 E990.39133
G1 X94.201 Y113.414 E990.47778
G1 X94.201 Y115.708 E990.55408
G1 X96.8 Y115.709 E990.64052
G0 F9000 X96.53 Y115.439
G0 X96.1 Y114.459
G0 X96.319 Y114.459
;TYPE:FILL
G1 F600 X94.68 Y114.899 E990.69696
G0 F9000 X95.379 Y115.228
G1 F600 X95.737 Y113.891 E990.743
G0 F9000 X95.737 Y114.413
G1 F2700 E985.743
;MESH:NONMESH
G0 F300 X95.737 Y114.413 Z12.6
G0 F9000 X96.13 Y113.633
G0 X96.13 Y112.548
G0 X96.135 Y107.452
G0 X96.135 Y106.367
G0 X96.13 Y105.917
G0 X96.4 Y106.211
;TIME_ELAPSED:1912.096330
;LAYER:62
;TYPE:WALL-INNER
;MESH:Garmin_GFC500 Wheel Support - Wheel Spacer.stl
G1 F2700 E990.743
G1 F600 X96.4 Y104.807 E990.7897
G1 X94.601 Y104.808 E990.84953
G1 X94.601 Y106.21 E990.89616
G1 X96.4 Y106.211 E990.956
G0 F9000 X96.8 Y106.611
;TYPE:WALL-OUTER
G1 F600 X96.8 Y104.407 E991.0293
G1 X94.201 Y104.408 E991.11574
G1 X94.201 Y106.61 E991.18898
G1 X96.8 Y106.611 E991.27543
G0 F9000 X96.101 Y106.129
;TYPE:FILL
G1 F600 X94.859 Y104.887 E991.33385
G0 F9000 X95.2 Y105.407
G1 F2700 E986.33385
G0 F9000 X96.135 Y106.391
G0 X96.135 Y107.476
G0 X96.135 Y112.524
G0 X96.135 Y113.609
G0 X96.13 Y114.923
G0 X96.4 Y115.193
;TYPE:WALL-INNER
G1 F2700 E991.33385
G1 F600 X96.4 Y113.789 E991.38054
G1 X94.601 Y113.79 E991.44038
G1 X94.601 Y115.192 E991.48701
G1 X96.4 Y115.193 E991.54684
G0 F9000 X96.8 Y115.593
;TYPE:WALL-OUTER
G1 F600 X96.8 Y113.389 E991.62015
G1 X94.201 Y113.39 E991.70659
G1 X94.201 Y115.592 E991.77983
G1 X96.8 Y115.593 E991.86627
G0 F9000 X96.53 Y115.323
G0 X96.1 Y114.605
G0 X96.319 Y114.605
;TYPE:FILL
G1 F600 X94.68 Y115.044 E991.92271
G0 F9000 X95.264 Y115.112
G1 F600 X95.598 Y113.868 E991.96555
G0 F9000 X95.598 Y114.389
G1 F2700 E986.96555
;MESH:NONMESH
G0 F300 X95.598 Y114.389 Z12.8
G0 F9000 X96.13 Y113.609
G0 X96.13 Y112.524
G0 X96.135 Y107.476
G0 X96.135 Y106.391
G0 X96.13 Y105.941
G0 X96.4 Y106.234
;TIME_ELAPSED:1917.725793
;LAYER:63
;TYPE:WALL-INNER
;MESH:Garmin_GFC500 Wheel Support - Wheel Spacer.stl
G1 F2700 E991.96555
G1 F600 X96.4 Y104.924 E992.00912
G1 X94.6 Y104.924 E992.06899
G1 X94.6 Y106.234 E992.11256
G1 X96.4 Y106.234 E992.17243
G0 F9000 X96.8 Y106.634
;TYPE:WALL-OUTER
G1 F600 X96.8 Y104.524 E992.24261
G1 X94.2 Y104.524 E992.32908
G1 X94.2 Y106.634 E992.39926
G1 X96.8 Y106.634 E992.48574
G0 F9000 X96.319 Y106.148
;TYPE:FILL
G1 F600 X95.174 Y105.003 E992.5396
G0 F9000 X95.2 Y105.524
G1 F2700 E987.5396
G0 F9000 X96.135 Y106.415
G0 X96.135 Y107.5
G0 X96.135 Y112.5
G0 X96.135 Y113.585
G0 X96.13 Y114.806
G0 X96.4 Y115.075
;TYPE:WALL-INNER
G1 F2700 E992.5396
G1 F600 X96.4 Y113.765 E992.58317
G1 X94.6 Y113.765 E992.64304
G1 X94.6 Y115.075 E992.68661
G1 X96.4 Y115.075 E992.74647
G0 F9000 X96.8 Y115.475
;TYPE:WALL-OUTER
G1 F600 X96.8 Y113.365 E992.81665
G1 X94.2 Y113.365 E992.90313
G1 X94.2 Y115.475 E992.97331
G1 X96.8 Y115.475 E993.05978
G0 F9000 X96.318 Y114.751
;TYPE:FILL
G1 F600 X95.411 Y114.994 E993.09102
G0 F9000 X95.15 Y114.995
G1 F600 X95.458 Y113.843 E993.13068
G0 F9000 X95.458 Y114.365
G1 F2700 E988.13068
;MESH:NONMESH
G0 F300 X95.458 Y114.365 Z13
G0 F9000 X96.13 Y113.585
G0 X96.13 Y112.5
G0 X96.135 Y107.5
G0 X96.135 Y106.415
G0 X96.13 Y105.965
G0 X96.4 Y106.29
;TIME_ELAPSED:1923.117737
;LAYER:64
;TYPE:WALL-INNER
;MESH:Garmin_GFC500 Wheel Support - Wheel Spacer.stl
G1 F2700 E993.13068
G1 F600 X96.4 Y105.042 E993.17219
G1 X94.6 Y105.042 E993.23205
G1 X94.6 Y106.291 E993.2736
G1 X96.4 Y106.29 E993.33346
G0 F9000 X96.8 Y106.69
;TYPE:WALL-OUTER
G1 F600 X96.8 Y104.642 E993.40158
G1 X94.2 Y104.642 E993.48806
G1 X94.2 Y106.691 E993.55621
G1 X96.8 Y106.69 E993.64268
G0 F9000 X96.32 Y105.948
;TYPE:FILL
G1 F600 X95.493 Y105.121 E993.68158
G0 F9000 X95.493 Y105.642
G1 F2700 E988.68158
G0 F9000 X96.127 Y106.49
G0 X96.128 Y107.555
G0 X96.129 Y112.445
G0 X96.13 Y113.51
G0 X96.13 Y114.688
G0 X96.4 Y114.958
;TYPE:WALL-INNER
G1 F2700 E993.68158
G1 F600 X96.4 Y113.71 E993.72309
G1 X94.6 Y113.71 E993.78296
G1 X94.6 Y114.958 E993.82447
G1 X96.4 Y114.958 E993.88434
G0 F9000 X96.8 Y115.358
;TYPE:WALL-OUTER
G1 F600 X96.8 Y113.31 E993.95245
G1 X94.2 Y113.31 E994.03893
G1 X94.2 Y115.358 E994.10705
G1 X96.8 Y115.358 E994.19352
G0 F9000 X96.53 Y115.088
G0 X95.034 Y114.658
G0 X95.034 Y114.878
;TYPE:FILL
G1 F600 X95.326 Y113.788 E994.23106
G0 F9000 X95.326 Y114.31
G1 F2700 E989.23106
;MESH:NONMESH
G0 F300 X95.326 Y114.31 Z13.2
G0 F9000 X96.133 Y113.51
G0 X96.132 Y112.445
G0 X96.131 Y107.555
G0 X96.13 Y106.49
G0 X96.13 Y106.02
G0 X96.4 Y106.366
;TIME_ELAPSED:1928.333360
;LAYER:65
;TYPE:WALL-INNER
;MESH:Garmin_GFC500 Wheel Support - Wheel Spacer.stl
G1 F2700 E994.23106
G1 F600 X96.4 Y105.158 E994.27123
G1 X94.6 Y105.158 E994.3311
G1 X94.6 Y106.367 E994.37131
G1 X96.4 Y106.366 E994.43118
G0 F9000 X96.8 Y106.766
;TYPE:WALL-OUTER
G1 F600 X96.8 Y104.758 E994.49797
G1 X94.2 Y104.758 E994.58444
G1 X94.2 Y106.767 E994.65126
G1 X96.8 Y106.766 E994.73774
G0 F9000 X96.53 Y106.496
G0 X96.1 Y105.749
G0 X96.32 Y105.749
;TYPE:FILL
G1 F600 X95.808 Y105.237 E994.76182
G0 F9000 X95.8 Y105.758
G1 F2700 E989.76182
G0 F9000 X96.127 Y106.566
G0 X96.128 Y107.631
G0 X96.129 Y112.369
G0 X96.13 Y113.434
G0 X96.13 Y114.572
G0 X96.4 Y114.842
;TYPE:WALL-INNER
G1 F2700 E994.76182
G1 F600 X96.4 Y113.634 E994.802
G1 X94.6 Y113.634 E994.86187
G1 X94.6 Y114.842 E994.90205
G1 X96.4 Y114.842 E994.96192
G0 F9000 X96.8 Y115.242
;TYPE:WALL-OUTER
G1 F600 X96.8 Y113.234 E995.0287
G1 X94.2 Y113.234 E995.11518
G1 X94.2 Y115.242 E995.18196
G1 X96.8 Y115.242 E995.26844
G0 F9000 X96.53 Y114.972
G0 X94.919 Y114.542
G0 X94.919 Y114.761
;TYPE:FILL
G1 F600 X95.2 Y113.713 E995.30453
G0 F9000 X95.2 Y114.234
G1 F2700 E990.30453
;MESH:NONMESH
G0 F300 X95.2 Y114.234 Z13.4
G0 F9000 X96.133 Y113.434
G0 X96.132 Y112.369
G0 X96.131 Y107.631
G0 X96.13 Y106.566
G0 X96.13 Y106.096
G0 X96.4 Y106.442
;TIME_ELAPSED:1933.485629
;LAYER:66
;TYPE:WALL-INNER
;MESH:Garmin_GFC500 Wheel Support - Wheel Spacer.stl
G1 F2700 E995.30453
G1 F600 X96.4 Y105.274 E995.34338
G1 X94.6 Y105.275 E995.40325
G1 X94.6 Y106.443 E995.44209
G1 X96.4 Y106.442 E995.50196
G0 F9000 X96.8 Y106.842
;TYPE:WALL-OUTER
G1 F600 X96.8 Y104.874 E995.56742
G1 X94.2 Y104.875 E995.65389
G1 X94.2 Y106.843 E995.71935
G1 X96.8 Y106.842 E995.80583
G0 F9000 X96.53 Y106.572
G0 X96.1 Y105.547
G0 X96.319 Y105.547
;TYPE:FILL
G1 F600 X96.126 Y105.354 E995.8149
G0 F9000 X95.8 Y105.875
G1 F2700 E990.8149
G0 F9000 X96.127 Y106.642
G0 X96.128 Y107.707
G0 X96.129 Y112.293
G0 X96.13 Y113.358
G0 X96.13 Y114.455
G0 X96.4 Y114.725
;TYPE:WALL-INNER
G1 F2700 E995.8149
G1 F600 X96.4 Y113.557 E995.85375
G1 X94.6 Y113.558 E995.91362
G1 X94.6 Y114.725 E995.95243
G1 X96.4 Y114.725 E996.0123
G0 F9000 X96.8 Y115.125
;TYPE:WALL-OUTER
G1 F600 X96.8 Y113.157 E996.07776
G1 X94.2 Y113.158 E996.16424
G1 X94.2 Y115.125 E996.22966
G1 X96.8 Y115.125 E996.31613
G0 F9000 X96.53 Y114.855
G0 X94.804 Y114.425
G0 X94.804 Y114.644
;TYPE:FILL
G1 F600 X95.074 Y113.636 E996.35084
G0 F9000 X95.2 Y114.158
G1 F2700 E991.35084
;MESH:NONMESH
G0 F300 X95.2 Y114.158 Z13.6
G0 F9000 X96.133 Y113.358
G0 X96.132 Y112.293
G0 X96.131 Y107.707
G0 X96.13 Y106.642
G0 X96.13 Y106.172
G0 X96.4 Y106.518
;TIME_ELAPSED:1938.569202
;LAYER:67
;TYPE:WALL-INNER
;MESH:Garmin_GFC500 Wheel Support - Wheel Spacer.stl
G1 F2700 E996.35084
G1 F600 X96.4 Y105.39 E996.38836
G1 X94.6 Y105.391 E996.44823
G1 X94.6 Y106.519 E996.48575
G1 X96.4 Y106.518 E996.54561
G0 F9000 X96.8 Y106.918
;TYPE:WALL-OUTER
G1 F600 X96.8 Y104.99 E996.60974
G1 X94.2 Y104.991 E996.69622
G1 X94.2 Y106.919 E996.76034
G1 X96.8 Y106.918 E996.84682
G0 F9000 X95.8 Y106.036
G1 F2700 E991.84682
G0 F9000 X96.127 Y106.718
G0 X96.128 Y107.783
G0 X96.128 Y112.217
G0 X96.129 Y113.282
G0 X96.13 Y114.339
G0 X96.4 Y114.609
;TYPE:WALL-INNER
G1 F2700 E996.84682
G1 F600 X96.4 Y113.481 E996.88434
G1 X94.6 Y113.482 E996.9442
G1 X94.6 Y114.609 E996.98169
G1 X96.4 Y114.609 E997.04156
G0 F9000 X96.8 Y115.009
;TYPE:WALL-OUTER
G1 F600 X96.8 Y113.081 E997.10568
G1 X94.2 Y113.082 E997.19216
G1 X94.2 Y115.009 E997.25625
G1 X96.8 Y115.009 E997.34273
G0 F9000 X96.53 Y114.739
G0 X94.87 Y114.339
G0 X94.689 Y114.528
;TYPE:FILL
G1 F600 X94.948 Y113.56 E997.37605
G0 F9000 X95.2 Y114.082
G1 F2700 E992.37605
;MESH:NONMESH
G0 F300 X95.2 Y114.082 Z13.8
G0 F9000 X96.133 Y113.282
G0 X96.132 Y112.217
G0 X96.132 Y107.783
G0 X96.131 Y106.718
G0 X96.13 Y106.248
G0 X96.4 Y106.653
;TIME_ELAPSED:1943.491977
;LAYER:68
;TYPE:WALL-INNER
;MESH:Garmin_GFC500 Wheel Support - Wheel Spacer.stl
G1 F2700 E997.37605
G1 F600 X96.4 Y105.507 E997.41417
G1 X94.6 Y105.508 E997.47404
G1 X94.6 Y106.654 E997.51216
G1 X96.4 Y106.653 E997.57202
G0 F9000 X96.8 Y107.053
;TYPE:WALL-OUTER
G1 F600 X96.8 Y105.107 E997.63675
G1 X94.2 Y105.108 E997.72322
G1 X94.2 Y107.054 E997.78795
G1 X96.8 Y107.053 E997.87442
G0 F9000 X95.8 Y106.171
G1 F2700 E992.87442
G0 F9000 X96.127 Y106.853
G0 X96.128 Y107.918
G0 X96.128 Y112.082
G0 X96.129 Y113.147
G0 X96.13 Y114.222
G0 X96.4 Y114.492
;TYPE:WALL-INNER
G1 F2700 E997.87442
G1 F600 X96.4 Y113.346 E997.91254
G1 X94.6 Y113.347 E997.97241
G1 X94.6 Y114.492 E998.01049
G1 X96.4 Y114.492 E998.07036
G0 F9000 X96.8 Y114.892
;TYPE:WALL-OUTER
G1 F600 X96.8 Y112.946 E998.13508
G1 X94.2 Y112.947 E998.22156
G1 X94.2 Y114.892 E998.28625
G1 X96.8 Y114.892 E998.37273
G0 F9000 X96.53 Y114.622
G0 X94.9 Y114.016
G0 X94.679 Y114.016
;TYPE:FILL
G1 F600 X94.837 Y113.425 E998.39307
G0 F9000 X95.2 Y113.947
G1 F2700 E993.39307
;MESH:NONMESH
G0 F300 X95.2 Y113.947 Z14
G0 F9000 X96.133 Y113.147
G0 X96.132 Y112.082
G0 X96.132 Y107.918
G0 X96.131 Y106.853
G0 X96.13 Y106.383
G0 X96.4 Y106.791
;TIME_ELAPSED:1948.372441
;LAYER:69
;TYPE:WALL-INNER
;MESH:Garmin_GFC500 Wheel Support - Wheel Spacer.stl
G1 F2700 E998.39307
G1 F600 X96.4 Y105.625 E998.43186
G1 X94.6 Y105.625 E998.49172
G1 X94.6 Y106.792 E998.53054
G1 X96.4 Y106.791 E998.59041
G0 F9000 X96.8 Y107.191
;TYPE:WALL-OUTER
G1 F600 X96.8 Y105.225 E998.6558
G1 X94.2 Y105.225 E998.74227
G1 X94.2 Y107.192 E998.8077
G1 X96.8 Y107.191 E998.89417
G0 F9000 X95.8 Y106.309
G1 F2700 E993.89417
G0 F9000 X96.127 Y106.991
G0 X96.128 Y108.056
G0 X96.128 Y111.944
G0 X96.129 Y113.009
G0 X96.13 Y114.105
G0 X96.4 Y114.375
;TYPE:WALL-INNER
G1 F2700 E998.89417
G1 F600 X96.4 Y113.209 E998.93295
G1 X94.6 Y113.209 E998.99282
G1 X94.6 Y114.375 E999.0316
G1 X96.4 Y114.375 E999.09147
G0 F9000 X96.8 Y114.775
;TYPE:WALL-OUTER
G1 F600 X96.8 Y112.809 E999.15686
G1 X94.2 Y112.809 E999.24334
G1 X94.2 Y114.775 E999.30873
G1 X96.8 Y114.775 E999.3952
G0 F9000 X96.53 Y114.505
G0 X94.9 Y113.469
G0 X94.68 Y113.469
;TYPE:FILL
G1 F600 X94.728 Y113.287 E999.40146
G0 F9000 X95.2 Y113.691
G1 F2700 E994.40146
;MESH:NONMESH
G0 F300 X95.2 Y113.691 Z14.2
G0 F9000 X96.132 Y113.009
G0 X96.131 Y111.944
G0 X96.131 Y108.056
G0 X96.13 Y106.991
G0 X96.13 Y106.521
G0 X96.4 Y106.929
;TIME_ELAPSED:1953.222280
;LAYER:70
;TYPE:WALL-INNER
;MESH:Garmin_GFC500 Wheel Support - Wheel Spacer.stl
G1 F2700 E999.40146
G1 F600 X96.4 Y105.741 E999.44098
G1 X94.6 Y105.741 E999.50084
G1 X94.6 Y106.93 E999.54039
G1 X96.4 Y106.929 E999.60026
G0 F9000 X96.8 Y107.329
;TYPE:WALL-OUTER
G1 F600 X96.8 Y105.341 E999.66638
G1 X94.2 Y105.341 E999.75286
G1 X94.2 Y107.33 E999.81901
G1 X96.8 Y107.329 E999.90549
G0 F9000 X95.8 Y106.447
G1 F2700 E994.90549
G0 F9000 X96.127 Y107.129
G0 X96.128 Y108.194
G0 X96.128 Y111.806
G0 X96.129 Y112.871
G0 X96.13 Y113.989
G0 X96.4 Y114.259
;TYPE:WALL-INNER
G1 F2700 E999.90549
G1 F600 X96.4 Y113.071 E999.945
G1 X94.6 Y113.071 E1000.00487
G1 X94.6 Y114.259 E1000.04438
G1 X96.4 Y114.259 E1000.10425
G0 F9000 X96.8 Y114.659
;TYPE:WALL-OUTER
G1 F600 X96.8 Y112.671 E1000.17037
G1 X94.2 Y112.671 E1000.25685
G1 X94.2 Y114.659 E1000.32297
G1 X96.8 Y114.659 E1000.40944
G0 F9000 X95.8 Y113.777
G1 F2700 E995.40944
;MESH:NONMESH
G0 F300 X95.8 Y113.777 Z14.4
G0 F9000 X96.132 Y112.871
G0 X96.131 Y111.806
G0 X96.131 Y108.194
G0 X96.13 Y107.129
G0 X96.13 Y106.659
G0 X96.4 Y107.13
;TIME_ELAPSED:1957.923480
;LAYER:71
;TYPE:WALL-INNER
;MESH:Garmin_GFC500 Wheel Support - Wheel Spacer.stl
G1 F2700 E1000.40944
G1 F600 X96.4 Y105.858 E1000.45175
G1 X94.6 Y105.858 E1000.51162
G1 X94.6 Y107.13 E1000.55393
G1 X96.4 Y107.13 E1000.6138
G0 F9000 X96.8 Y107.53
;TYPE:WALL-OUTER
G1 F600 X96.8 Y105.458 E1000.68271
G1 X94.2 Y105.458 E1000.76919
G1 X94.2 Y107.53 E1000.8381
G1 X96.8 Y107.53 E1000.92458
G0 F9000 X96.107 Y107.05
;TYPE:FILL
G1 F600 X96.319 Y106.257 E1000.95188
G0 F9000 X95.799 Y106.458
G1 F2700 E995.95188
G0 F9000 X96.13 Y107.31
G0 X96.13 Y108.395
G0 X96.131 Y111.605
G0 X96.132 Y112.67
G0 X96.13 Y113.872
G0 X96.4 Y114.142
;TYPE:WALL-INNER
G1 F2700 E1000.95188
G1 F600 X96.4 Y112.87 E1000.99419
G1 X94.6 Y112.87 E1001.05405
G1 X94.6 Y114.142 E1001.09636
G1 X96.4 Y114.142 E1001.15623
G0 F9000 X96.8 Y114.542
;TYPE:WALL-OUTER
G1 F600 X96.8 Y112.47 E1001.22514
G1 X94.2 Y112.47 E1001.31162
G1 X94.2 Y114.542 E1001.38054
G1 X96.8 Y114.542 E1001.46701
G0 F9000 X95.8 Y113.66
G1 F2700 E996.46701
;MESH:NONMESH
G0 F300 X95.8 Y113.66 Z14.6
G0 F9000 X96.132 Y112.67
G0 X96.131 Y111.605
G0 X96.132 Y108.395
G0 X96.132 Y107.31
G0 X96.13 Y106.86
G0 X96.4 Y107.356
;TIME_ELAPSED:1962.802910
;LAYER:72
;TYPE:WALL-INNER
;MESH:Garmin_GFC500 Wheel Support - Wheel Spacer.stl
G1 F2700 E1001.46701
G1 F600 X96.4 Y105.974 E1001.51298
G1 X94.6 Y105.975 E1001.57285
G1 X94.6 Y107.356 E1001.61878
G1 X96.4 Y107.356 E1001.67865
G0 F9000 X96.8 Y107.756
;TYPE:WALL-OUTER
G1 F600 X96.8 Y105.574 E1001.75122
G1 X94.2 Y105.575 E1001.8377
G1 X94.2 Y107.756 E1001.91024
G1 X96.8 Y107.756 E1001.99671
G0 F9000 X96.53 Y107.486
G0 X95.9 Y107.056
G0 X95.9 Y107.276
;TYPE:FILL
G1 F600 X96.228 Y106.052 E1002.03886
G0 F9000 X95.917 Y106.575
G1 F2700 E997.03886
G0 F9000 X96.13 Y107.536
G0 X96.13 Y108.621
G0 X96.131 Y111.379
G0 X96.132 Y112.444
G0 X96.13 Y113.755
G0 X96.4 Y114.025
;TYPE:WALL-INNER
G1 F2700 E1002.03886
G1 F600 X96.4 Y112.643 E1002.08483
G1 X94.6 Y112.644 E1002.14469
G1 X94.6 Y114.025 E1002.19063
G1 X96.4 Y114.025 E1002.25049
G0 F9000 X96.8 Y114.425
;TYPE:WALL-OUTER
G1 F600 X96.8 Y112.243 E1002.32307
G1 X94.2 Y112.244 E1002.40954
G1 X94.2 Y114.425 E1002.48208
G1 X96.8 Y114.425 E1002.56856
G0 F9000 X95.8 Y113.543
G1 F2700 E997.56856
;MESH:NONMESH
G0 F300 X95.8 Y113.543 Z14.8
G0 F9000 X96.132 Y112.444
G0 X96.131 Y111.379
G0 X96.132 Y108.621
G0 X96.132 Y107.536
G0 X96.13 Y107.086
G0 X96.4 Y107.601
;TIME_ELAPSED:1967.838016
;LAYER:73
;TYPE:WALL-INNER
;MESH:Garmin_GFC500 Wheel Support - Wheel Spacer.stl
G1 F2700 E1002.56856
G1 F600 X96.4 Y106.091 E1002.61878
G1 X94.6 Y106.091 E1002.67865
G1 X94.6 Y107.601 E1002.72887
G1 X96.4 Y107.601 E1002.78874
G0 F9000 X96.8 Y108.001
;TYPE:WALL-OUTER
G1 F600 X96.8 Y105.691 E1002.86557
G1 X94.2 Y105.691 E1002.95205
G1 X94.2 Y108.001 E1003.02888
G1 X96.8 Y108.001 E1003.11536
G0 F9000 X96.53 Y107.731
G0 X96.228 Y106.683
G0 X95.906 Y106.611
G0 X95.905 Y106.711
;TYPE:FILL
G1 F600 X96.05 Y106.169 E1003.13402
G0 F9000 X96.05 Y106.391
G0 X96.018 Y107.219
;TYPE:SKIN
G1 F540.5 X94.982 Y107.219 E1003.17227
G1 X94.982 Y106.776 E1003.18862
G1 X96.018 Y106.773 E1003.22687
G1 F539.3 X96.018 Y107.219 E1003.24337
G0 F9000 X96.017 Y106.691
G1 F2700 E998.24337
G0 F9000 X96.018 Y106.611
G0 X96.228 Y107.287
G0 X96.13 Y107.781
G0 X96.13 Y108.866
G0 X96.131 Y111.134
G0 X96.132 Y112.199
G0 X96.228 Y112.571
G0 X96.228 Y113.174
G0 X96.13 Y113.639
G0 X96.4 Y113.909
;TYPE:WALL-INNER
G1 F2700 E1003.24337
G1 F600 X96.4 Y112.399 E1003.29359
G1 X94.6 Y112.399 E1003.35346
G1 X94.6 Y113.909 E1003.40369
G1 X96.4 Y113.909 E1003.46355
G0 F9000 X96.8 Y114.309
;TYPE:WALL-OUTER
G1 F600 X96.8 Y111.999 E1003.54039
G1 X94.2 Y111.999 E1003.62686
G1 X94.2 Y114.309 E1003.70369
G1 X96.8 Y114.309 E1003.79017
G0 F9000 X96.53 Y114.039
G0 X96.018 Y113.389
G0 X96.018 Y113.225
;TYPE:SKIN
G1 F539.3 X94.983 Y113.227 E1003.82847
G1 F538.1 X94.983 Y112.782 E1003.84497
G1 F539.3 X96.018 Y112.781 E1003.88327
G1 F540.5 X96.018 Y113.225 E1003.89966
G0 F9000 X96.018 Y113.309
G1 F2700 E998.89966
;MESH:NONMESH
G0 F300 X96.018 Y113.309 Z15
G0 F9000 X96.017 Y113.389
G0 X96.212 Y112.785
G0 X96.402 Y112.199
G0 X96.401 Y111.134
G0 X96.402 Y108.866
G0 X96.4 Y107.983
;TIME_ELAPSED:1973.675763
;LAYER:74
;TYPE:WALL-INNER
;MESH:Garmin_GFC500 Wheel Support - Wheel Spacer.stl
G1 F2700 E1003.89966
G1 F600 X96.4 Y106.207 E1003.95873
G1 X94.6 Y106.208 E1004.0186
G1 X94.6 Y107.983 E1004.07763
G1 X96.4 Y107.983 E1004.1375
G0 F9000 X96.8 Y108.383
;TYPE:WALL-OUTER
G1 F600 X96.8 Y105.807 E1004.22318
G1 X94.2 Y105.808 E1004.30966
G1 X94.2 Y108.383 E1004.3953
G1 X96.8 Y108.383 E1004.48178
G0 F9000 X96.53 Y108.113
G0 X96.228 Y106.821
G0 X95.722 Y106.749
G0 X95.721 Y106.849
;TYPE:FILL
G1 F600 X95.872 Y106.286 E1004.50116
G0 F9000 X95.872 Y106.508
G0 X95.957 Y106.749
G0 X95.957 Y107.54
;TYPE:SKIN
G1 F424 X95.043 Y107.54 E1004.54418
G1 X95.043 Y106.975 E1004.57077
G1 X95.957 Y106.972 E1004.61379
G1 F423.3 X95.957 Y107.54 E1004.64056
G0 F9000 X95.956 Y106.808
G1 F2700 E999.64056
G0 F9000 X95.957 Y106.749
G0 X96.228 Y106.821
G0 X96.228 Y107.712
G0 X96.13 Y108.163
G0 X96.13 Y109.248
G0 X96.13 Y110.752
G0 X96.131 Y111.817
G0 X96.228 Y112.188
G0 X96.228 Y113.079
G0 X96.13 Y113.522
G0 X96.4 Y113.792
;TYPE:WALL-INNER
G1 F2700 E1004.64056
G1 F600 X96.4 Y112.016 E1004.69963
G1 X94.6 Y112.017 E1004.7595
G1 X94.6 Y113.792 E1004.81854
G1 X96.4 Y113.792 E1004.87841
G0 F9000 X96.8 Y114.192
;TYPE:WALL-OUTER
G1 F600 X96.8 Y111.616 E1004.96409
G1 X94.2 Y111.617 E1005.05056
G1 X94.2 Y114.192 E1005.13621
G1 X96.8 Y114.192 E1005.22268
G0 F9000 X96.53 Y113.922
G0 X94.87 Y113.522
G0 X94.769 Y113.711
;TYPE:FILL
G1 F600 X94.68 Y113.622 E1005.22687
G0 F9000 X94.87 Y113.522
G0 X95.957 Y113.251
G0 X95.957 Y113.026
;TYPE:SKIN
G1 F423.3 X95.043 Y113.028 E1005.26996
G1 X95.043 Y112.46 E1005.29674
G1 X95.957 Y112.459 E1005.33983
G1 X95.957 Y113.026 E1005.36656
G0 F9000 X95.957 Y113.192
G1 F2700 E1000.36656
;MESH:NONMESH
G0 F300 X95.957 Y113.192 Z15.2
G0 F9000 X95.956 Y113.251
G0 X96.228 Y113.178
G0 X96.211 Y112.424
G0 X96.401 Y111.817
G0 X96.4 Y110.752
G0 X96.401 Y109.248
G0 X96.4 Y108.496
;TIME_ELAPSED:1980.132446
;LAYER:75
;TYPE:WALL-INNER
;MESH:Garmin_GFC500 Wheel Support - Wheel Spacer.stl
G1 F2700 E1005.36656
G1 F600 X96.4 Y106.325 E1005.43877
G1 X94.6 Y106.325 E1005.49864
G1 X94.6 Y108.496 E1005.57085
G1 X96.4 Y108.496 E1005.63072
G0 F9000 X96.8 Y108.896
;TYPE:WALL-OUTER
G1 F600 X96.8 Y105.925 E1005.72953
G1 X94.2 Y105.925 E1005.81601
G1 X94.2 Y108.896 E1005.91482
G1 X96.8 Y108.896 E1006.0013
G0 F9000 X96.53 Y108.626
G0 X96.228 Y107.022
G0 X95.521 Y106.95
G0 X95.521 Y107.049
;TYPE:FILL
G1 F600 X95.694 Y106.404 E1006.02351
G0 F9000 X95.694 Y106.625
G0 X96.228 Y107.022
G0 X96.3 Y108.136
G0 X96.04 Y108.136
;TYPE:SKIN
G1 F600 X94.96 Y108.136 E1006.05943
G1 X94.96 Y107.09 E1006.09422
G1 X96.04 Y107.09 E1006.13014
G1 X96.04 Y108.136 E1006.16493
G0 F9000 X96.039 Y106.925
G1 F2700 E1001.16493
G0 F9000 X96.228 Y108.194
G0 X96.13 Y108.676
G0 X96.131 Y111.304
G0 X96.228 Y111.676
G0 X96.228 Y112.847
G0 X96.13 Y113.405
G0 X96.4 Y113.675
;TYPE:WALL-INNER
G1 F2700 E1006.16493
G1 F600 X96.4 Y111.504 E1006.23714
G1 X94.6 Y111.504 E1006.29701
G1 X94.6 Y113.675 E1006.36922
G1 X96.4 Y113.675 E1006.42909
G0 F9000 X96.8 Y114.075
;TYPE:WALL-OUTER
G1 F600 X96.8 Y111.104 E1006.5279
G1 X94.2 Y111.104 E1006.61438
G1 X94.2 Y114.075 E1006.71319
G1 X96.8 Y114.075 E1006.79967
G0 F9000 X96.53 Y113.805
G0 X94.852 Y113.375
G0 X94.852 Y113.593
;TYPE:FILL
G1 F600 X94.68 Y113.421 E1006.80776
G0 F9000 X94.9 Y113.421
G0 X96.04 Y113.05
G0 X96.04 Y112.908
;TYPE:SKIN
G1 F600 X94.96 Y112.91 E1006.84368
G1 X94.96 Y111.864 E1006.87847
G1 X96.04 Y111.864 E1006.91439
G1 X96.04 Y112.908 E1006.94912
G0 F9000 X96.04 Y113.075
;MESH:NONMESH
G0 F300 X96.04 Y113.075 Z15.4
G0 F9000 X96.4 Y113.559
;TIME_ELAPSED:1986.686421
;LAYER:76
;TYPE:WALL-INNER
;MESH:Garmin_GFC500 Wheel Support - Wheel Spacer.stl
G1 F600 X96.4 Y106.441 E1007.18586
G1 X94.6 Y106.441 E1007.24573
G1 X94.6 Y113.559 E1007.48248
G1 X96.4 Y113.559 E1007.54234
G0 F9000 X96.8 Y113.959
;TYPE:WALL-OUTER
G1 F600 X96.8 Y106.041 E1007.8057
G1 X94.2 Y106.041 E1007.89217
G1 X94.2 Y113.959 E1008.15553
G1 X96.8 Y113.959 E1008.242
G0 F9000 X96.53 Y113.689
G0 X95.538 Y112.824
G0 X95.538 Y112.723
;TYPE:FILL
G1 F600 X94.679 Y112.953 E1008.27158
G0 F9000 X94.679 Y113.221
G1 F600 X94.936 Y113.477 E1008.28365
G0 F9000 X94.936 Y113.259
G0 X94.772 Y112.752
G0 X94.772 Y107.248
G0 X95.314 Y107.176
G0 X95.314 Y107.275
G1 F600 X95.517 Y106.519 E1008.30968
G0 F9000 X95.517 Y106.741
G0 X96.228 Y107.248
G0 X96.228 Y112.751
G0 X96.04 Y112.682
;TYPE:SKIN
G1 F600 X94.96 Y112.684 E1008.3456
G1 X94.96 Y107.316 E1008.52414
G1 X96.04 Y107.316 E1008.56006
G1 X96.04 Y112.682 E1008.73854
G0 F9000 X95.51 Y112.48
G1 F600 X95.159 Y112.13 E1008.75502
G0 F9000 X95.159 Y111.564
G1 F600 X95.839 Y112.244 E1008.78701
G0 F9000 X95.839 Y111.679
G1 F600 X95.159 Y110.998 E1008.81902
G0 F9000 X95.629 Y110.903
G1 F600 X95.839 Y111.113 E1008.8289
G0 F9000 X95.629 Y110.902
G1 F600 X95.159 Y110.433 E1008.85098
G0 F9000 X95.159 Y109.867
G1 F600 X95.839 Y110.547 E1008.88296
G0 F9000 X95.839 Y109.981
G1 F600 X95.159 Y109.301 E1008.91495
G0 F9000 X95.518 Y109.095
G1 F600 X95.159 Y108.736 E1008.93184
G0 F9000 X95.518 Y109.095
G1 F600 X95.839 Y109.416 E1008.94694
G0 F9000 X95.839 Y108.85
G1 F600 X95.159 Y108.17 E1008.97892
G0 F9000 X95.159 Y107.604
G1 F600 X95.839 Y108.284 E1009.01091
G0 F9000 X95.839 Y107.719
G1 F600 X95.636 Y107.515 E1009.02048
G0 F9000 X95.635 Y107.041
;MESH:NONMESH
G0 F300 X95.635 Y107.041 Z15.6
G0 F9000 X96.228 Y107.248
G0 X96.228 Y112.751
G0 X96.13 Y113.289
G0 X96.4 Y113.442
;TIME_ELAPSED:1994.773420
;LAYER:77
;TYPE:WALL-INNER
;MESH:Garmin_GFC500 Wheel Support - Wheel Spacer.stl
G1 F600 X96.4 Y106.558 E1009.24944
G1 X94.6 Y106.558 E1009.30931
G1 X94.6 Y113.442 E1009.53827
G1 X96.4 Y113.442 E1009.59814
G0 F9000 X96.8 Y113.842
;TYPE:WALL-OUTER
G1 F600 X96.8 Y106.158 E1009.85371
G1 X94.2 Y106.158 E1009.94019
G1 X94.2 Y113.842 E1010.19576
G1 X96.8 Y113.842 E1010.28223
G0 F9000 X96.53 Y113.572
G0 X96.1 Y112.66
G0 X96.318 Y112.66
;TYPE:FILL
G1 F600 X94.679 Y113.099 E1010.33867
G1 X94.679 Y113.021
G1 X95.018 Y113.361 E1010.35464
G0 F9000 X95.018 Y113.142
G0 X94.772 Y112.507
G0 X94.772 Y107.493
G0 X95.103 Y107.421
G0 X95.103 Y107.521
G1 F600 X95.34 Y106.636 E1010.38511
G0 F9000 X94.68 Y107.365
G1 F600 X94.834 Y107.519 E1010.39235
G0 F9000 X95.5 Y108.101
;TYPE:SKIN
G1 F352.9 X95.5 Y111.897 E1010.60699
G0 F9000 X96.04 Y112.437
G1 F600 X96.04 Y107.561 E1010.76916
G1 X94.96 Y107.561 E1010.80509
G1 X94.96 Y112.439 E1010.96733
G1 X96.04 Y112.437 E1011.00325
G0 F9000 X95.8 Y112.879
;MESH:NONMESH
G0 F300 X95.8 Y112.879 Z15.8
G0 F9000 X96.4 Y113.325
;TIME_ELAPSED:2001.605572
;LAYER:78
;TYPE:WALL-INNER
;MESH:Garmin_GFC500 Wheel Support - Wheel Spacer.stl
G1 F600 X96.4 Y106.675 E1011.22443
G1 X94.6 Y106.675 E1011.2843
G1 X94.6 Y113.325 E1011.50548
G1 X96.4 Y113.325 E1011.56535
G0 F9000 X96.8 Y113.725
;TYPE:WALL-OUTER
G1 F600 X96.8 Y106.275 E1011.81313
G1 X94.2 Y106.275 E1011.89961
G1 X94.2 Y113.725 E1012.1474
G1 X96.8 Y113.725 E1012.23387
G0 F9000 X96.53 Y113.455
G0 X96.1 Y112.807
G0 X96.318 Y112.807
;TYPE:FILL
G1 F600 X94.686 Y113.245 E1012.29008
G0 F9000 X95.102 Y113.243
G1 F600 X94.68 Y112.821 E1012.30993
G0 F9000 X94.9 Y112.821
G0 X94.772 Y112.125
G0 X94.772 Y107.875
G0 X94.853 Y107.902
G1 F600 X95.161 Y106.754 E1012.34946
G0 F9000 X94.679 Y107.164
G1 F600 X95.417 Y107.902 E1012.38417
G0 F9000 X95.5 Y108.483
;TYPE:SKIN
G1 F352.9 X95.5 Y111.515 E1012.55561
G0 F9000 X96.04 Y112.055
G1 F600 X96.04 Y107.943 E1012.69237
G1 X94.96 Y107.943 E1012.72829
G1 X94.96 Y112.057 E1012.86513
G1 X96.04 Y112.055 E1012.90105
G0 F9000 X95.8 Y112.497
;MESH:NONMESH
G0 F300 X95.8 Y112.497 Z16
G0 F9000 X96.4 Y113.189
;TIME_ELAPSED:2008.163261
;LAYER:79
;TYPE:WALL-INNER
;MESH:Garmin_GFC500 Wheel Support - Wheel Spacer.stl
G1 F600 X96.4 Y106.811 E1013.11318
G1 X94.6 Y106.811 E1013.17305
G1 X94.6 Y113.189 E1013.38518
G1 X96.4 Y113.189 E1013.44505
G0 F9000 X96.8 Y113.589
;TYPE:WALL-OUTER
G1 F600 X96.8 Y106.411 E1013.68379
G1 X94.2 Y106.411 E1013.77027
G1 X94.2 Y113.589 E1014.00901
G1 X96.8 Y113.589 E1014.09549
G0 F9000 X96.319 Y112.953
;TYPE:FILL
G1 F600 X95.739 Y113.108 E1014.11545
G0 F9000 X95.165 Y113.108
G1 F600 X94.68 Y112.622 E1014.13829
G0 F9000 X94.9 Y112.622
G0 X96.228 Y111.611
G0 X96.228 Y108.388
G0 X96.129 Y108.415
G1 F600 X94.68 Y106.965 E1014.20647
G0 F9000 X94.979 Y106.889
G1 F600 X94.679 Y108.008 E1014.245
G0 F9000 X94.9 Y108.008
G0 X95.5 Y108.316
G0 X95.5 Y108.996
;TYPE:SKIN
G1 F352.9 X95.5 Y111.002 E1014.35843
G0 F9000 X96.04 Y111.542
G1 F600 X96.04 Y108.456 E1014.46107
G1 X94.96 Y108.456 E1014.49699
G1 X94.96 Y111.544 E1014.5997
G1 X96.04 Y111.542 E1014.63562
G0 F9000 X95.8 Y111.984
;MESH:NONMESH
G0 F300 X95.8 Y111.984 Z16.2
G0 F9000 X96.13 Y112.919
G0 X96.4 Y113.043
;TIME_ELAPSED:2014.284410
;LAYER:80
;TYPE:WALL-INNER
;MESH:Garmin_GFC500 Wheel Support - Wheel Spacer.stl
G1 F600 X96.4 Y106.957 E1014.83804
G1 X94.6 Y106.957 E1014.89791
G1 X94.6 Y113.043 E1015.10033
G1 X96.4 Y113.043 E1015.1602
G0 F9000 X96.8 Y113.443
;TYPE:WALL-OUTER
G1 F600 X96.8 Y106.557 E1015.38922
G1 X94.2 Y106.557 E1015.4757
G1 X94.2 Y113.443 E1015.70473
G1 X96.8 Y113.443 E1015.79121
G0 F9000 X96.53 Y113.173
G0 X95.221 Y112.743
G0 X95.221 Y112.962
;TYPE:FILL
G1 F600 X94.679 Y112.42 E1015.8167
G0 F9000 X94.9 Y112.42
G0 X94.9 Y109.398
G0 X94.679 Y109.398
G1 F600 X96.318 Y108.959 E1015.87314
G0 F9000 X96.319 Y108.404
G1 F600 X94.952 Y107.036 E1015.93746
G1 X94.793 Y107.035
G1 X94.68 Y107.456 E1015.95196
G0 F9000 X95.2 Y107.557
;MESH:NONMESH
G0 F300 X95.2 Y107.557 Z16.4
G0 F9000 X96.13 Y112.773
G0 X96.4 Y112.896
;TIME_ELAPSED:2019.039223
;LAYER:81
;TYPE:WALL-INNER
;MESH:Garmin_GFC500 Wheel Support - Wheel Spacer.stl
G1 F600 X96.4 Y107.104 E1016.1446
G1 X94.6 Y107.104 E1016.20447
G1 X94.6 Y112.896 E1016.39711
G1 X96.4 Y112.896 E1016.45698
G0 F9000 X96.8 Y113.296
;TYPE:WALL-OUTER
G1 F600 X96.8 Y106.704 E1016.67623
G1 X94.2 Y106.704 E1016.76271
G1 X94.2 Y113.296 E1016.98196
G1 X96.8 Y113.296 E1017.06843
G0 F9000 X96.53 Y113.026
G0 X96.1 Y109.105
G0 X96.318 Y109.105
;TYPE:FILL
G1 F600 X94.68 Y109.544 E1017.12484
G0 F9000 X94.9 Y109.544
G0 X96.106 Y108.092
G0 X96.106 Y107.991
G1 F600 X96.319 Y108.205 E1017.13488
G0 F9000 X96.018 Y107.93
;TYPE:SKIN
G1 F540.5 X94.982 Y107.93 E1017.17313
G1 X94.982 Y107.486 E1017.18952
G1 X96.018 Y107.486 E1017.22777
G1 X96.018 Y107.93 E1017.24416
G0 F9000 X96.018 Y108.092
G0 X96.228 Y111.98
G0 X96.228 Y112.724
G0 X96.018 Y112.514
G1 F540.5 X94.982 Y112.514 E1017.28241
G1 X94.982 Y112.07 E1017.2988
G1 X96.018 Y112.07 E1017.33704
G1 X96.018 Y112.514 E1017.35344
;MESH:NONMESH
G0 F300 X96.018 Y112.514 Z16.6
G0 F9000 X96.4 Y112.75
;TIME_ELAPSED:2024.056744
;LAYER:82
;TYPE:WALL-INNER
;MESH:Garmin_GFC500 Wheel Support - Wheel Spacer.stl
G1 F600 X96.4 Y107.25 E1017.53637
G1 X94.6 Y107.25 E1017.59624
G1 X94.6 Y112.75 E1017.77917
G1 X96.4 Y112.75 E1017.83903
G0 F9000 X96.8 Y113.15
;TYPE:WALL-OUTER
G1 F600 X96.8 Y106.85 E1018.04857
G1 X94.2 Y106.85 E1018.13505
G1 X94.2 Y113.15 E1018.34459
G1 X96.8 Y113.15 E1018.43107
G0 F9000 X96.53 Y112.88
G0 X96.1 Y109.251
G0 X96.319 Y109.251
;TYPE:FILL
G1 F600 X94.679 Y109.69 E1018.48753
G0 F9000 X94.9 Y109.69
G0 X95.975 Y108.411
G0 X95.975 Y108.206
;TYPE:SKIN
G1 F452.8 X95.026 Y108.206 E1018.52935
G1 X95.026 Y107.676 E1018.55271
G1 X95.975 Y107.676 E1018.59453
G1 X95.975 Y108.206 E1018.61789
G0 F9000 X95.975 Y108.411
G0 X96.228 Y111.661
G0 X96.228 Y112.578
G0 X95.975 Y112.65
G0 X95.975 Y112.325
G1 F452.8 X95.026 Y112.325 E1018.65971
G1 X95.026 Y111.795 E1018.68307
G1 X95.975 Y111.795 E1018.72489
G1 X95.975 Y112.325 E1018.74825
;MESH:NONMESH
G0 F300 X95.975 Y112.325 Z16.8
G0 F9000 X96.4 Y112.535
;TIME_ELAPSED:2029.001225
;LAYER:83
;TYPE:WALL-INNER
;MESH:Garmin_GFC500 Wheel Support - Wheel Spacer.stl
G1 F600 X96.4 Y107.465 E1018.91688
G1 X94.6 Y107.465 E1018.97675
G1 X94.6 Y112.535 E1019.14537
G1 X96.4 Y112.535 E1019.20524
G0 F9000 X96.8 Y112.935
;TYPE:WALL-OUTER
G1 F600 X96.8 Y107.065 E1019.40048
G1 X94.2 Y107.065 E1019.48696
G1 X94.2 Y112.935 E1019.68219
G1 X96.8 Y112.935 E1019.76867
G0 F9000 X96.53 Y112.665
G0 X96.1 Y109.398
G0 X96.318 Y109.398
;TYPE:FILL
G1 F600 X94.679 Y109.837 E1019.8251
G0 F9000 X94.9 Y109.837
G0 X95.357 Y108.759
G0 X95.357 Y108.222
;TYPE:SKIN
G1 F609.1 X95.643 Y108.222 E1019.83447
G0 F9000 X96.04 Y108.619
G1 F600 X96.04 Y107.825 E1019.86088
G1 X94.96 Y107.825 E1019.8968
G1 X94.96 Y108.619 E1019.92321
G1 X96.04 Y108.619 E1019.95913
G0 F9000 X96.04 Y108.759
G0 X95.643 Y111.241
G0 X95.643 Y111.778
G1 F609.1 X95.357 Y111.778 E1019.9685
G0 F9000 X96.04 Y112.175
G1 F600 X96.04 Y111.381 E1019.99491
G1 X94.96 Y111.381 E1020.03083
G1 X94.96 Y112.175 E1020.05724
G1 X96.04 Y112.175 E1020.09316
G0 F9000 X95.8 Y110.941
;MESH:NONMESH
G0 F300 X95.8 Y110.941 Z17
G0 F9000 X96.228 Y111.313
G0 X96.4 Y112.312
;TIME_ELAPSED:2033.985313
;LAYER:84
;TYPE:WALL-INNER
;MESH:Garmin_GFC500 Wheel Support - Wheel Spacer.stl
G1 F600 X96.4 Y107.688 E1020.24696
G1 X94.6 Y107.688 E1020.30682
G1 X94.6 Y112.312 E1020.46062
G1 X96.4 Y112.312 E1020.52049
G0 F9000 X96.8 Y112.712
;TYPE:WALL-OUTER
G1 F600 X96.8 Y107.288 E1020.70089
G1 X94.2 Y107.288 E1020.78737
G1 X94.2 Y112.712 E1020.96777
G1 X96.8 Y112.712 E1021.05425
G0 F9000 X96.53 Y112.442
G0 X96.1 Y109.544
G0 X96.319 Y109.544
;TYPE:FILL
G1 F600 X94.679 Y109.983 E1021.11071
G0 F9000 X94.9 Y109.983
G0 X96.04 Y109.224
G0 X96.04 Y109.084
;TYPE:SKIN
G1 F600 X94.96 Y109.084 E1021.14663
G1 X94.96 Y108.048 E1021.18109
G1 X96.04 Y108.048 E1021.21701
G1 X96.04 Y109.084 E1021.25147
G0 F9000 X96.04 Y109.224
G0 X96.093 Y109.684
G0 X96.3 Y111.952
G0 X96.04 Y111.952
G1 F600 X94.96 Y111.952 E1021.28739
G1 X94.96 Y110.916 E1021.32185
G1 X96.04 Y110.916 E1021.35777
G1 X96.04 Y111.952 E1021.39223
G0 F9000 X95.8 Y110.476
;MESH:NONMESH
G0 F300 X95.8 Y110.476 Z17.2
G0 F9000 X96.228 Y110.848
G0 X96.4 Y112.088
;TIME_ELAPSED:2038.707680
;LAYER:85
;TYPE:WALL-INNER
;MESH:Garmin_GFC500 Wheel Support - Wheel Spacer.stl
G1 F600 X96.4 Y107.912 E1021.53112
G1 X94.6 Y107.912 E1021.59099
G1 X94.6 Y112.088 E1021.72988
G1 X96.4 Y112.088 E1021.78975
G0 F9000 X96.8 Y112.488
;TYPE:WALL-OUTER
G1 F600 X96.8 Y107.512 E1021.95526
G1 X94.2 Y107.512 E1022.04173
G1 X94.2 Y112.488 E1022.20723
G1 X96.8 Y112.488 E1022.29371
G0 F9000 X96.53 Y112.218
G0 X96.358 Y111.09
G0 X96.127 Y109.843
G0 X96.127 Y109.742
;TYPE:FILL
G1 F600 X94.68 Y110.13 E1022.34354
G0 F9000 X94.9 Y110.13
G0 X95.5 Y110.157
G0 X95.5 Y110.837
;TYPE:SKIN
G1 F352.9 X95.5 Y111.188 E1022.36338
G0 F9000 X96.04 Y111.728
G1 F600 X96.04 Y110.297 E1022.41098
G1 X94.96 Y110.297 E1022.4469
G1 X94.96 Y111.728 E1022.4945
G1 X96.04 Y111.728 E1022.53042
G0 F9000 X96.3 Y111.728
G0 X96.228 Y110.229
G0 X95.5 Y109.843
G0 X95.5 Y109.163
G1 F352.9 X95.5 Y108.812 E1022.55026
G0 F9000 X94.7 Y108.812
G0 X94.772 Y109.771
G0 X96.04 Y109.843
G0 X96.04 Y109.703
G1 F600 X96.04 Y108.272 E1022.59786
G1 X94.96 Y108.272 E1022.63378
G1 X94.96 Y109.703 E1022.68137
G1 X96.04 Y109.703 E1022.7173
G0 F9000 X96.04 Y109.857
;MESH:NONMESH
G0 F300 X96.04 Y109.857 Z17.4
G0 F9000 X96.4 Y111.769
;TIME_ELAPSED:2043.771535
;LAYER:86
;TYPE:WALL-INNER
;MESH:Garmin_GFC500 Wheel Support - Wheel Spacer.stl
G1 F600 X96.4 Y108.231 E1022.83497
G1 X94.6 Y108.231 E1022.89484
G1 X94.6 Y111.769 E1023.01251
G1 X96.4 Y111.769 E1023.07238
G0 F9000 X96.8 Y112.169
;TYPE:WALL-OUTER
G1 F600 X96.8 Y107.831 E1023.21666
G1 X94.2 Y107.831 E1023.30314
G1 X94.2 Y112.169 E1023.44742
G1 X96.8 Y112.169 E1023.5339
G0 F9000 X96.53 Y111.899
G0 X94.772 Y111.597
G0 X94.7 Y110.869
G0 X95.5 Y110.869
;TYPE:SKIN
G1 F352.9 X95.5 Y109.131 E1023.63217
G0 F9000 X94.7 Y109.131
G0 X94.772 Y111.597
G0 X96.228 Y111.597
G0 X96.04 Y111.409
G1 F600 X96.04 Y108.591 E1023.7259
G1 X94.96 Y108.591 E1023.76182
G1 X94.96 Y111.409 E1023.85554
G1 X96.04 Y111.409 E1023.89146
;MESH:NONMESH
G0 F300 X96.04 Y111.409 Z17.6
G0 F9000 X96.4 Y111.421
;TIME_ELAPSED:2048.031468
;LAYER:87
;TYPE:WALL-INNER
;MESH:Garmin_GFC500 Wheel Support - Wheel Spacer.stl
G1 F600 X96.4 Y108.579 E1023.98599
G1 X94.6 Y108.579 E1024.04586
G1 X94.6 Y111.421 E1024.14038
G1 X96.4 Y111.421 E1024.20025
G0 F9000 X96.8 Y111.821
;TYPE:WALL-OUTER
G1 F600 X96.8 Y108.179 E1024.32139
G1 X94.2 Y108.179 E1024.40786
G1 X94.2 Y111.821 E1024.52899
G1 X96.8 Y111.821 E1024.61547
G0 F9000 X96.53 Y111.551
G0 X94.772 Y111.249
G0 X94.7 Y110.521
G0 X95.5 Y110.521
;TYPE:SKIN
G1 F352.9 X95.5 Y109.479 E1024.67439
G0 F9000 X94.7 Y109.479
G0 X94.772 Y111.249
G0 X96.228 Y111.249
G0 X96.04 Y111.061
G1 F600 X96.04 Y108.939 E1024.74497
G1 X94.96 Y108.939 E1024.78089
G1 X94.96 Y111.061 E1024.85147
G1 X96.04 Y111.061 E1024.88739
;MESH:NONMESH
G0 F300 X96.04 Y111.061 Z17.8
G0 F9000 X96.4 Y110.956
;TIME_ELAPSED:2051.735573
;LAYER:88
;TYPE:WALL-INNER
;MESH:Garmin_GFC500 Wheel Support - Wheel Spacer.stl
G1 F600 X96.4 Y109.044 E1024.95098
G1 X94.6 Y109.044 E1025.01085
G1 X94.6 Y110.956 E1025.07444
G1 X96.4 Y110.956 E1025.13431
G0 F9000 X96.8 Y111.356
;TYPE:WALL-OUTER
G1 F600 X96.8 Y108.644 E1025.22451
G1 X94.2 Y108.644 E1025.31099
G1 X94.2 Y111.356 E1025.40119
G1 X96.8 Y111.356 E1025.48766
G0 F9000 X96.53 Y111.086
G0 X96.3 Y110.596
G0 X96.04 Y110.596
;TYPE:SKIN
G1 F600 X94.96 Y110.596 E1025.52359
G1 X94.96 Y109.404 E1025.56323
G1 X96.04 Y109.404 E1025.59915
G1 X96.04 Y110.596 E1025.6388
;MESH:NONMESH
G0 F300 X96.04 Y110.596 Z18
G0 F9000 X96.332 Y110.269
;TIME_ELAPSED:2054.291787
;LAYER:89
;TYPE:WALL-INNER
;MESH:Garmin_GFC500 Wheel Support - Wheel Spacer.stl
G1 F446.9 X96.332 Y109.731 E1025.66282
G1 X94.668 Y109.731 E1025.73712
G1 X94.668 Y110.269 E1025.76114
G1 X96.332 Y110.269 E1025.83545
G0 F9000 X96.8 Y110.737
;TYPE:WALL-OUTER
G1 F600 X96.8 Y109.263 E1025.88447
G1 X94.2 Y109.263 E1025.97095
G1 X94.2 Y110.737 E1026.01997
G1 X96.8 Y110.737 E1026.10645
;TIME_ELAPSED:2055.782166
G1 F2700 E1021.10645
M140 S0
M107
G91 ;Relative positioning
G1 E-2 F2700 ;Retract a bit
G1 E-2 Z0.2 F2400 ;Retract and raise Z
G1 X5 Y5 F3000 ;Wipe out
G1 Z10 ;Raise Z more
G90 ;Absolute positioning

G1 X0 Y220.0 ;Present print
M106 S0 ;Turn-off fan
M104 S0 ;Turn-off hotend
M140 S0 ;Turn-off bed

M84 X Y E ;Disable all steppers but Z

M82 ;absolute extrusion mode
M104 S0
;End of Gcode
;SETTING_3 {"global_quality": "[general]\\nversion = 4\\nname = Heli Collective 
;SETTING_3 settings\\ndefinition = creality_ender3\\n\\n[metadata]\\ntype = qual
;SETTING_3 ity_changes\\nquality_type = standard\\nsetting_version = 22\\n\\n[va
;SETTING_3 lues]\\nadhesion_type = brim\\nlayer_height_0 = 0.2\\nmaterial_bed_te
;SETTING_3 mperature = 60\\nmaterial_bed_temperature_layer_0 = 60\\nsupport_enab
;SETTING_3 le = True\\nsupport_structure = normal\\nsupport_type = buildplate\\n
;SETTING_3 \\n", "extruder_quality": ["[general]\\nversion = 4\\nname = Heli Col
;SETTING_3 lective settings\\ndefinition = creality_ender3\\n\\n[metadata]\\ntyp
;SETTING_3 e = quality_changes\\nquality_type = standard\\nintent_category = def
;SETTING_3 ault\\nposition = 0\\nsetting_version = 22\\n\\n[values]\\nbrim_line_
;SETTING_3 count = 5\\ninfill_sparse_density = 30\\nsupport_bottom_enable = Fals
;SETTING_3 e\\nsupport_pattern = grid\\nsupport_roof_enable = False\\n\\n"]}
