;FLAVOR:Marlin
;TIME:2921
;Filament used: 1.56689m
;Layer height: 0.2
;MINX:77.45
;MINY:85.2
;MINZ:0.2
;MAXX:142.55
;MAXY:134.8
;MAXZ:7
;TARGET_MACHINE.NAME:Creality Ender-3
;Generated with Cura_SteamEngine 5.6.0
M140 S60
M105
M190 S60
M104 S200
M105
M109 S200
M82 ;absolute extrusion mode
; Ender 3 Custom Start G-code
G92 E0 ; Reset Extruder
G28 ; Home all axes
G1 Z2.0 F3000 ; Move Z Axis up little to prevent scratching of Heat Bed
G1 X0.1 Y20 Z0.3 F5000.0 ; Move to start position
G1 X0.1 Y200.0 Z0.3 F1500.0 E15 ; Draw the first line
G1 X0.4 Y200.0 Z0.3 F5000.0 ; Move to side a little
G1 X0.4 Y20 Z0.3 F1500.0 E30 ; Draw the second line
G92 E0 ; Reset Extruder
G1 Z2.0 F3000 ; Move Z Axis up little to prevent scratching of Heat Bed
G1 X5 Y20 Z0.3 F5000.0 ; Move over to prevent blob squish
G92 E0
G92 E0
G1 F2700 E-5
;LAYER_COUNT:35
;LAYER:0
M107
G0 F6000 X78.148 Y86.595 Z0.2
;TYPE:SKIRT
G1 F2700 E0
G1 F1200 X78.639 Y86.302 E0.01902
G1 X79.25 Y86.2 E0.03962
G1 X83.898 Y86.2 E0.19421
G1 X84.369 Y86.315 E0.21034
G1 X84.842 Y86.56 E0.22806
G1 X85.155 Y86.898 E0.24338
G1 X85.448 Y87.389 E0.2624
G1 X85.55 Y88 E0.283
G1 X85.55 Y133.148 E1.78463
G1 X85.435 Y133.619 E1.80075
G1 X85.19 Y134.092 E1.81847
G1 X84.852 Y134.405 E1.83379
G1 X84.361 Y134.698 E1.85281
G1 X83.75 Y134.8 E1.87341
G1 X79.102 Y134.8 E2.02801
G1 X78.631 Y134.685 E2.04413
G1 X78.158 Y134.44 E2.06185
G1 X77.845 Y134.102 E2.07717
G1 X77.552 Y133.611 E2.09619
G1 X77.45 Y133 E2.11679
G1 X77.45 Y87.852 E3.61842
G1 X77.565 Y87.381 E3.63455
G1 X77.81 Y86.908 E3.65226
G1 X78.148 Y86.595 E3.66758
G0 F6000 X78.39 Y86.916
G1 F1200 X78.133 Y87.154 E3.67923
G1 X77.943 Y87.52 E3.69295
G1 X77.85 Y87.902 E3.70603
G1 X77.85 Y133 E5.20599
G1 X77.935 Y133.473 E5.22198
G1 X78.166 Y133.86 E5.23697
G1 X78.404 Y134.117 E5.24862
G1 X78.77 Y134.307 E5.26233
G1 X79.152 Y134.4 E5.27541
G1 X83.75 Y134.4 E5.42834
G1 X84.223 Y134.315 E5.44432
G1 X84.61 Y134.084 E5.45931
G1 X84.867 Y133.846 E5.47096
G1 X85.057 Y133.48 E5.48468
G1 X85.15 Y133.098 E5.49776
G1 X85.15 Y88 E6.99772
G1 X85.065 Y87.527 E7.01371
G1 X84.834 Y87.14 E7.0287
G1 X84.596 Y86.883 E7.04035
G1 X84.23 Y86.693 E7.05406
G1 X83.848 Y86.6 E7.06714
G1 X79.25 Y86.6 E7.22007
G1 X78.777 Y86.685 E7.23605
G1 X78.39 Y86.916 E7.25104
G0 F6000 X78.595 Y87.26
G1 F1200 X78.457 Y87.399 E7.25756
G1 X78.32 Y87.662 E7.26742
G1 X78.25 Y87.951 E7.27731
G1 X78.25 Y133 E8.77565
G1 X78.315 Y133.328 E8.78677
G1 X78.51 Y133.655 E8.79943
G1 X78.649 Y133.793 E8.80595
G1 X78.912 Y133.93 E8.81581
G1 X79.201 Y134 E8.8257
G1 X83.75 Y134 E8.977
G1 X84.078 Y133.935 E8.98812
G1 X84.405 Y133.74 E9.00078
G1 X84.543 Y133.601 E9.0073
G1 X84.68 Y133.338 E9.01716
G1 X84.75 Y133.049 E9.02705
G1 X84.75 Y88 E10.52539
G1 X84.685 Y87.672 E10.53651
G1 X84.49 Y87.345 E10.54917
G1 X84.351 Y87.207 E10.55569
G1 X84.088 Y87.07 E10.56555
G1 X83.799 Y87 E10.57544
G1 X79.25 Y87 E10.72674
G1 X78.922 Y87.065 E10.73786
G1 X78.595 Y87.26 E10.75053
G0 F6000 X79.089 Y87.881
G1 F1200 X79.25 Y87.8 E10.75652
G1 X83.75 Y87.8 E10.90619
G1 X83.869 Y87.839 E10.91036
G1 X83.95 Y88 E10.91635
G1 X83.95 Y133 E12.41306
G1 X83.911 Y133.119 E12.41722
G1 X83.75 Y133.2 E12.42322
G1 X79.25 Y133.2 E12.57289
G1 X79.131 Y133.161 E12.57705
G1 X79.05 Y133 E12.58305
G1 X79.05 Y88 E14.07975
G1 X79.089 Y87.881 E14.08392
G0 F6000 X78.8 Y87.604
G1 F1200 X79.07 Y87.443 E14.09437
G1 X79.25 Y87.4 E14.10053
G1 X83.75 Y87.4 E14.2502
G1 X83.994 Y87.459 E14.25855
G1 X84.146 Y87.55 E14.26444
G1 X84.307 Y87.82 E14.2749
G1 X84.35 Y88 E14.28105
G1 X84.35 Y133 E15.77776
G1 X84.291 Y133.244 E15.78611
G1 X84.2 Y133.396 E15.792
G1 X83.93 Y133.557 E15.80245
G1 X83.75 Y133.6 E15.80861
G1 X79.25 Y133.6 E15.95828
G1 X79.006 Y133.541 E15.96663
G1 X78.854 Y133.45 E15.97252
G1 X78.693 Y133.18 E15.98298
G1 X78.65 Y133 E15.98913
G1 X78.65 Y88 E17.48584
G1 X78.709 Y87.756 E17.49419
G1 X78.8 Y87.604 E17.50008
G1 F2700 E12.50008
G0 F6000 X78.8 Y87.335
G0 X94.45 Y87.352
G1 F2700 E17.50008
G1 F1200 X94.565 Y86.881 E17.51621
G1 X94.81 Y86.408 E17.53392
G1 X95.148 Y86.095 E17.54924
G1 X95.639 Y85.802 E17.56826
G1 X96.25 Y85.7 E17.58887
G1 X100.898 Y85.7 E17.74346
G1 X101.369 Y85.815 E17.75958
G1 X101.842 Y86.06 E17.7773
G1 X102.155 Y86.398 E17.79262
G1 X102.448 Y86.889 E17.81164
G1 X102.55 Y87.5 E17.83224
G1 X102.55 Y132.648 E19.33387
G1 X102.435 Y133.119 E19.35
G1 X102.19 Y133.592 E19.36772
G1 X101.852 Y133.905 E19.38304
G1 X101.361 Y134.198 E19.40205
G1 X100.75 Y134.3 E19.42266
G1 X96.102 Y134.3 E19.57725
G1 X95.631 Y134.185 E19.59338
G1 X95.158 Y133.94 E19.61109
G1 X94.845 Y133.602 E19.62642
G1 X94.552 Y133.111 E19.64543
G1 X94.45 Y132.5 E19.66604
G1 X94.45 Y87.352 E21.16766
G0 F6000 X95.133 Y86.654
G1 F1200 X95.39 Y86.416 E21.17931
G1 X95.777 Y86.185 E21.19431
G1 X96.25 Y86.1 E21.21029
G1 X100.848 Y86.1 E21.36322
G1 X101.23 Y86.193 E21.3763
G1 X101.596 Y86.383 E21.39001
G1 X101.834 Y86.64 E21.40166
G1 X102.065 Y87.027 E21.41665
G1 X102.15 Y87.5 E21.43264
G1 X102.15 Y132.598 E22.9326
G1 X102.057 Y132.98 E22.94568
G1 X101.867 Y133.346 E22.95939
G1 X101.61 Y133.584 E22.97104
G1 X101.223 Y133.815 E22.98603
G1 X100.75 Y133.9 E23.00202
G1 X96.152 Y133.9 E23.15495
G1 X95.77 Y133.807 E23.16803
G1 X95.404 Y133.617 E23.18174
G1 X95.166 Y133.36 E23.19339
G1 X94.935 Y132.973 E23.20838
G1 X94.85 Y132.5 E23.22437
G1 X94.85 Y87.402 E24.72433
G1 X94.943 Y87.02 E24.73741
G1 X95.133 Y86.654 E24.75112
G0 F6000 X95.457 Y86.899
G1 F1200 X95.595 Y86.76 E24.75764
G1 X95.922 Y86.565 E24.7703
G1 X96.25 Y86.5 E24.78142
G1 X100.799 Y86.5 E24.93272
G1 X101.088 Y86.57 E24.94261
G1 X101.351 Y86.707 E24.95248
G1 X101.49 Y86.845 E24.95899
G1 X101.685 Y87.172 E24.97165
G1 X101.75 Y87.5 E24.98278
G1 X101.75 Y132.549 E26.48111
G1 X101.68 Y132.838 E26.491
G1 X101.543 Y133.101 E26.50086
G1 X101.405 Y133.24 E26.50738
G1 X101.078 Y133.435 E26.52004
G1 X100.75 Y133.5 E26.53116
G1 X96.201 Y133.5 E26.68246
G1 X95.912 Y133.43 E26.69235
G1 X95.649 Y133.293 E26.70222
G1 X95.51 Y133.155 E26.70873
G1 X95.315 Y132.828 E26.72139
G1 X95.25 Y132.5 E26.73252
G1 X95.25 Y87.451 E28.23085
G1 X95.32 Y87.162 E28.24074
G1 X95.457 Y86.899 E28.25061
G0 F6000 X96.089 Y87.381
G1 F1200 X96.25 Y87.3 E28.2566
G1 X100.75 Y87.3 E28.40627
G1 X100.869 Y87.339 E28.41044
G1 X100.95 Y87.5 E28.41643
G1 X100.95 Y132.5 E29.91314
G1 X100.911 Y132.619 E29.9173
G1 X100.75 Y132.7 E29.9233
G1 X96.25 Y132.7 E30.07297
G1 X96.131 Y132.661 E30.07713
G1 X96.05 Y132.5 E30.08313
G1 X96.05 Y87.5 E31.57983
G1 X96.089 Y87.381 E31.584
G0 F6000 X95.8 Y87.104
G1 F1200 X96.07 Y86.943 E31.59445
G1 X96.25 Y86.9 E31.60061
G1 X100.75 Y86.9 E31.75028
G1 X100.994 Y86.959 E31.75863
G1 X101.146 Y87.05 E31.76452
G1 X101.307 Y87.32 E31.77498
G1 X101.35 Y87.5 E31.78113
G1 X101.35 Y132.5 E33.27784
G1 X101.291 Y132.744 E33.28619
G1 X101.2 Y132.896 E33.29208
G1 X100.93 Y133.057 E33.30253
G1 X100.75 Y133.1 E33.30869
G1 X96.25 Y133.1 E33.45836
G1 X96.006 Y133.041 E33.46671
G1 X95.854 Y132.95 E33.4726
G1 X95.693 Y132.68 E33.48306
G1 X95.65 Y132.5 E33.48921
G1 X95.65 Y87.5 E34.98592
G1 X95.709 Y87.256 E34.99427
G1 X95.8 Y87.104 E35.00016
G1 F2700 E30.00016
G0 F6000 X95.8 Y86.835
G0 X113.2 Y86.852
G1 F2700 E35.00016
G1 F1200 X113.2 Y132 E36.50179
G1 X113.302 Y132.611 E36.52239
G1 X113.595 Y133.102 E36.54141
G1 X113.908 Y133.44 E36.55673
G1 X114.381 Y133.685 E36.57445
G1 X114.852 Y133.8 E36.59057
G1 X122 Y133.8 E36.82832
G1 X122.611 Y133.698 E36.84892
G1 X123.102 Y133.405 E36.86794
G1 X123.44 Y133.092 E36.88326
G1 X123.685 Y132.619 E36.90098
G1 X123.8 Y132.148 E36.9171
G1 X123.8 Y87 E38.41873
G1 X123.698 Y86.389 E38.43933
G1 X123.405 Y85.898 E38.45835
G1 X123.092 Y85.56 E38.47367
G1 X122.619 Y85.315 E38.49139
G1 X122.148 Y85.2 E38.50752
G1 X115 Y85.2 E38.74526
G1 X114.389 Y85.302 E38.76586
G1 X113.898 Y85.595 E38.78488
G1 X113.56 Y85.908 E38.8002
G1 X113.315 Y86.381 E38.81792
G1 X113.2 Y86.852 E38.83405
G0 F6000 X113.883 Y86.154
G1 F1200 X113.693 Y86.52 E38.84776
G1 X113.6 Y86.902 E38.86084
G1 X113.6 Y132 E40.3608
G1 X113.685 Y132.473 E40.37679
G1 X113.916 Y132.86 E40.39178
G1 X114.154 Y133.117 E40.40343
G1 X114.52 Y133.307 E40.41714
G1 X114.902 Y133.4 E40.43022
G1 X122 Y133.4 E40.6663
G1 X122.473 Y133.315 E40.68228
G1 X122.86 Y133.084 E40.69727
G1 X123.117 Y132.846 E40.70892
G1 X123.307 Y132.48 E40.72264
G1 X123.4 Y132.098 E40.73572
G1 X123.4 Y87 E42.23568
G1 X123.315 Y86.527 E42.25167
G1 X123.084 Y86.14 E42.26666
G1 X122.846 Y85.883 E42.27831
G1 X122.48 Y85.693 E42.29202
G1 X122.098 Y85.6 E42.3051
G1 X115 Y85.6 E42.54118
G1 X114.527 Y85.685 E42.55716
G1 X114.14 Y85.916 E42.57215
G1 X113.883 Y86.154 E42.5838
G0 F6000 X114.207 Y86.399
G1 F1200 X114.345 Y86.26 E42.59032
G1 X114.672 Y86.065 E42.60298
G1 X115 Y86 E42.6141
G1 X122.049 Y86 E42.84855
G1 X122.338 Y86.07 E42.85844
G1 X122.601 Y86.207 E42.86831
G1 X122.74 Y86.345 E42.87482
G1 X122.935 Y86.672 E42.88749
G1 X123 Y87 E42.89861
G1 X123 Y132.049 E44.39694
G1 X122.93 Y132.338 E44.40683
G1 X122.793 Y132.601 E44.4167
G1 X122.655 Y132.74 E44.42321
G1 X122.328 Y132.935 E44.43587
G1 X122 Y133 E44.447
G1 X114.951 Y133 E44.68145
G1 X114.662 Y132.93 E44.69134
G1 X114.399 Y132.793 E44.7012
G1 X114.26 Y132.655 E44.70771
G1 X114.065 Y132.328 E44.72038
G1 X114 Y132 E44.7315
G1 X114 Y86.951 E46.22983
G1 X114.07 Y86.662 E46.23972
G1 X114.207 Y86.399 E46.24959
G0 F6000 X114.839 Y86.881
G1 F1200 X115 Y86.8 E46.25558
G1 X122 Y86.8 E46.4884
G1 X122.119 Y86.839 E46.49257
G1 X122.2 Y87 E46.49856
G1 X122.2 Y132 E47.99527
G1 X122.161 Y132.119 E47.99943
G1 X122 Y132.2 E48.00543
G1 X115 Y132.2 E48.23825
G1 X114.881 Y132.161 E48.24241
G1 X114.8 Y132 E48.24841
G1 X114.8 Y87 E49.74511
G1 X114.839 Y86.881 E49.74928
G0 F6000 X114.55 Y86.604
G1 F1200 X114.82 Y86.443 E49.75973
G1 X115 Y86.4 E49.76589
G1 X122 Y86.4 E49.99871
G1 X122.244 Y86.459 E50.00706
G1 X122.396 Y86.55 E50.01295
G1 X122.557 Y86.82 E50.02341
G1 X122.6 Y87 E50.02956
G1 X122.6 Y132 E51.52627
G1 X122.541 Y132.244 E51.53462
G1 X122.45 Y132.396 E51.54051
G1 X122.18 Y132.557 E51.55097
G1 X122 Y132.6 E51.55712
G1 X115 Y132.6 E51.78994
G1 X114.756 Y132.541 E51.79829
G1 X114.604 Y132.45 E51.80418
G1 X114.443 Y132.18 E51.81464
G1 X114.4 Y132 E51.8208
G1 X114.4 Y87 E53.3175
G1 X114.459 Y86.756 E53.32585
G1 X114.55 Y86.604 E53.33174
G1 F2700 E48.33174
G0 F6000 X114.335 Y86.604
G0 X114.347 Y86.347
G0 X122.653 Y86.347
G0 X134.81 Y101.908
G1 F2700 E53.33174
G1 F1200 X134.565 Y102.381 E53.34946
G1 X134.45 Y102.852 E53.36559
G1 X134.45 Y113 E53.70311
G1 X134.552 Y113.611 E53.72371
G1 X134.845 Y114.102 E53.74273
G1 X135.158 Y114.44 E53.75805
G1 X135.631 Y114.685 E53.77577
G1 X136.102 Y114.8 E53.7919
G1 X140.75 Y114.8 E53.94649
G1 X141.361 Y114.698 E53.96709
G1 X141.852 Y114.405 E53.98611
G1 X142.19 Y114.092 E54.00143
G1 X142.435 Y113.619 E54.01915
G1 X142.55 Y113.148 E54.03527
G1 X142.55 Y103 E54.3728
G1 X142.448 Y102.389 E54.3934
G1 X142.155 Y101.898 E54.41242
G1 X141.842 Y101.56 E54.42774
G1 X141.369 Y101.315 E54.44546
G1 X140.898 Y101.2 E54.46158
G1 X136.25 Y101.2 E54.61618
G1 X135.639 Y101.302 E54.63678
G1 X135.148 Y101.595 E54.6558
G1 X134.81 Y101.908 E54.67112
G0 F6000 X135.133 Y102.154
G1 F1200 X135.39 Y101.916 E54.68277
G1 X135.777 Y101.685 E54.69776
G1 X136.25 Y101.6 E54.71374
G1 X140.848 Y101.6 E54.86667
G1 X141.23 Y101.693 E54.87975
G1 X141.596 Y101.883 E54.89347
G1 X141.834 Y102.14 E54.90512
G1 X142.065 Y102.527 E54.92011
G1 X142.15 Y103 E54.93609
G1 X142.15 Y113.098 E55.27195
G1 X142.057 Y113.48 E55.28503
G1 X141.867 Y113.846 E55.29874
G1 X141.61 Y114.084 E55.31039
G1 X141.223 Y114.315 E55.32538
G1 X140.75 Y114.4 E55.34137
G1 X136.152 Y114.4 E55.4943
G1 X135.77 Y114.307 E55.50737
G1 X135.404 Y114.117 E55.52109
G1 X135.166 Y113.86 E55.53274
G1 X134.935 Y113.473 E55.54773
G1 X134.85 Y113 E55.56371
G1 X134.85 Y102.902 E55.89958
G1 X134.943 Y102.52 E55.91265
G1 X135.133 Y102.154 E55.92637
G0 F6000 X135.457 Y102.399
G1 F1200 X135.595 Y102.26 E55.93288
G1 X135.922 Y102.065 E55.94555
G1 X136.25 Y102 E55.95667
G1 X140.799 Y102 E56.10797
G1 X141.088 Y102.07 E56.11786
G1 X141.351 Y102.207 E56.12772
G1 X141.49 Y102.345 E56.13424
G1 X141.685 Y102.672 E56.1469
G1 X141.75 Y103 E56.15802
G1 X141.75 Y113.049 E56.49225
G1 X141.68 Y113.338 E56.50214
G1 X141.543 Y113.601 E56.512
G1 X141.405 Y113.74 E56.51852
G1 X141.078 Y113.935 E56.53118
G1 X140.75 Y114 E56.5423
G1 X136.201 Y114 E56.6936
G1 X135.912 Y113.93 E56.70349
G1 X135.649 Y113.793 E56.71336
G1 X135.51 Y113.655 E56.71987
G1 X135.315 Y113.328 E56.73253
G1 X135.25 Y113 E56.74366
G1 X135.25 Y102.951 E57.07789
G1 X135.32 Y102.662 E57.08778
G1 X135.457 Y102.399 E57.09764
G0 F6000 X136.089 Y102.881
G1 F1200 X136.25 Y102.8 E57.10363
G1 X140.75 Y102.8 E57.25331
G1 X140.869 Y102.839 E57.25747
G1 X140.95 Y103 E57.26346
G1 X140.95 Y113 E57.59607
G1 X140.911 Y113.119 E57.60023
G1 X140.75 Y113.2 E57.60623
G1 X136.25 Y113.2 E57.7559
G1 X136.131 Y113.161 E57.76006
G1 X136.05 Y113 E57.76606
G1 X136.05 Y103 E58.09866
G1 X136.089 Y102.881 E58.10282
G0 F6000 X135.8 Y102.604
G1 F1200 X136.07 Y102.443 E58.11328
G1 X136.25 Y102.4 E58.11943
G1 X140.75 Y102.4 E58.2691
G1 X140.994 Y102.459 E58.27745
G1 X141.146 Y102.55 E58.28335
G1 X141.307 Y102.82 E58.2938
G1 X141.35 Y103 E58.29996
G1 X141.35 Y113 E58.63256
G1 X141.291 Y113.244 E58.64091
G1 X141.2 Y113.396 E58.6468
G1 X140.93 Y113.557 E58.65725
G1 X140.75 Y113.6 E58.66341
G1 X136.25 Y113.6 E58.81308
G1 X136.006 Y113.541 E58.82143
G1 X135.854 Y113.45 E58.82732
G1 X135.693 Y113.18 E58.83778
G1 X135.65 Y113 E58.84393
G1 X135.65 Y103 E59.17653
G1 X135.709 Y102.756 E59.18488
G1 X135.8 Y102.604 E59.19078
G1 F2700 E54.19078
;MESH:Spacers.stl
G0 F6000 X136.664 Y103.414
G0 X136.85 Y112.4
;TYPE:WALL-INNER
G1 F2700 E59.19078
G1 F1200 X140.15 Y112.4 E59.30053
G1 X140.15 Y103.6 E59.59322
G1 X136.85 Y103.6 E59.70298
G1 X136.85 Y112.4 E59.99567
G0 F6000 X136.45 Y112.8
;TYPE:WALL-OUTER
G1 F1200 X140.55 Y112.8 E60.13204
G1 X140.55 Y103.2 E60.45134
G1 X136.45 Y103.2 E60.5877
G1 X136.45 Y112.8 E60.907
G0 F6000 X136.72 Y112.53
G0 X136.95 Y112.04
G0 X137.21 Y112.04
;TYPE:SKIN
G1 F1200 X137.21 Y103.96 E61.17574
G1 X139.79 Y103.96 E61.26155
G1 X139.79 Y112.04 E61.53029
G1 X137.21 Y112.04 E61.61611
G0 F6000 X137.861 Y111.839
G1 F1200 X137.409 Y111.387 E61.63737
G0 F6000 X137.409 Y110.822
G1 F1200 X138.426 Y111.839 E61.6852
G0 F6000 X138.992 Y111.839
G1 F1200 X137.409 Y110.256 E61.75966
G0 F6000 X137.409 Y109.69
G1 F1200 X139.558 Y111.839 E61.86074
G0 F6000 X139.589 Y111.304
G1 F1200 X137.409 Y109.124 E61.96328
G0 F6000 X137.409 Y108.559
G1 F1200 X139.589 Y110.739 E62.06583
G0 F6000 X139.589 Y110.173
G1 F1200 X137.409 Y107.993 E62.16837
G0 F6000 X137.409 Y107.427
G1 F1200 X139.589 Y109.607 E62.27091
G0 F6000 X139.589 Y109.042
G1 F1200 X137.409 Y106.862 E62.37345
G0 F6000 X137.409 Y106.296
G1 F1200 X139.589 Y108.476 E62.47599
G0 F6000 X139.589 Y107.91
G1 F1200 X137.409 Y105.73 E62.57853
G0 F6000 X137.409 Y105.165
G1 F1200 X139.589 Y107.345 E62.68107
G0 F6000 X139.589 Y106.779
G1 F1200 X137.409 Y104.599 E62.78361
G0 F6000 X137.535 Y104.16
G1 F1200 X139.589 Y106.213 E62.8802
G0 F6000 X139.589 Y105.648
G1 F1200 X138.101 Y104.16 E62.95019
G0 F6000 X138.667 Y104.16
G1 F1200 X139.589 Y105.082 E62.99356
G0 F6000 X139.589 Y104.516
G1 F1200 X139.232 Y104.16 E63.01033
G1 F2700 E58.01033
G0 F6000 X139.232 Y103.7
G0 X137.022 Y103.772
G0 X136.664 Y112.586
G0 X135.585 Y112.586
G0 X122.665 Y112.586
G0 X115.6 Y131.4
;TYPE:WALL-INNER
G1 F2700 E63.01033
G1 F1200 X121.4 Y131.4 E63.20324
G1 X121.4 Y87.6 E64.66003
G1 X115.6 Y87.6 E64.85294
G1 X115.6 Y131.4 E66.30973
G0 F6000 X115.2 Y131.8
;TYPE:WALL-OUTER
G1 F1200 X121.8 Y131.8 E66.52925
G1 X121.8 Y87.2 E68.01265
G1 X115.2 Y87.2 E68.23217
G1 X115.2 Y131.8 E69.71557
G0 F6000 X115.47 Y131.53
G0 X115.7 Y131.04
G0 X115.96 Y131.04
;TYPE:SKIN
G1 F1200 X115.96 Y87.96 E71.14842
G1 X121.04 Y87.96 E71.31738
G1 X121.04 Y131.04 E72.75022
G1 X115.96 Y131.04 E72.91919
G0 F6000 X116.697 Y130.839
G1 F1200 X116.159 Y130.301 E72.94449
G0 F6000 X116.159 Y129.735
G1 F1200 X117.263 Y130.839 E72.99642
G0 F6000 X117.828 Y130.839
G1 F1200 X116.159 Y129.17 E73.07493
G0 F6000 X116.159 Y128.604
G1 F1200 X118.394 Y130.839 E73.18005
G0 F6000 X118.96 Y130.839
G1 F1200 X116.159 Y128.038 E73.3118
G0 F6000 X116.159 Y127.472
G1 F1200 X119.525 Y130.839 E73.47015
G0 F6000 X120.091 Y130.839
G1 F1200 X116.159 Y126.907 E73.6551
G0 F6000 X116.159 Y126.341
G1 F1200 X120.657 Y130.839 E73.86667
G0 F6000 X120.839 Y130.456
G1 F1200 X116.159 Y125.775 E74.08683
G0 F6000 X116.159 Y125.21
G1 F1200 X120.839 Y129.89 E74.30696
G0 F6000 X120.839 Y129.324
G1 F1200 X116.159 Y124.644 E74.5271
G0 F6000 X116.159 Y124.078
G1 F1200 X120.839 Y128.759 E74.74725
G0 F6000 X120.839 Y128.193
G1 F1200 X116.159 Y123.513 E74.96739
G0 F6000 X116.159 Y122.947
G1 F1200 X120.839 Y127.627 E75.18752
G0 F6000 X120.839 Y127.062
G1 F1200 X116.159 Y122.381 E75.40768
G0 F6000 X116.159 Y121.816
G1 F1200 X120.839 Y126.496 E75.62781
G0 F6000 X120.839 Y125.93
G1 F1200 X116.159 Y121.25 E75.84794
G0 F6000 X116.159 Y120.684
G1 F1200 X120.839 Y125.365 E76.0681
G0 F6000 X120.839 Y124.799
G1 F1200 X116.159 Y120.119 E76.28823
G0 F6000 X116.159 Y119.553
G1 F1200 X120.839 Y124.233 E76.50836
G0 F6000 X120.839 Y123.668
G1 F1200 X116.159 Y118.987 E76.72852
G0 F6000 X116.159 Y118.422
G1 F1200 X120.839 Y123.102 E76.94865
G0 F6000 X120.839 Y122.536
G1 F1200 X116.159 Y117.856 E77.16879
G0 F6000 X116.159 Y117.29
G1 F1200 X120.839 Y121.97 E77.38892
G0 F6000 X120.839 Y121.405
G1 F1200 X116.159 Y116.724 E77.60907
G0 F6000 X116.159 Y116.159
G1 F1200 X120.839 Y120.839 E77.82921
G0 F6000 X120.839 Y120.273
G1 F1200 X116.159 Y115.593 E78.04934
G0 F6000 X116.159 Y115.027
G1 F1200 X120.839 Y119.708 E78.2695
G0 F6000 X120.839 Y119.142
G1 F1200 X116.159 Y114.462 E78.48963
G0 F6000 X116.159 Y113.896
G1 F1200 X120.839 Y118.576 E78.70976
G0 F6000 X120.839 Y118.011
G1 F1200 X116.159 Y113.33 E78.92992
G0 F6000 X116.159 Y112.765
G1 F1200 X120.839 Y117.445 E79.15005
G0 F6000 X120.839 Y116.879
G1 F1200 X116.159 Y112.199 E79.37018
G0 F6000 X116.159 Y111.633
G1 F1200 X120.839 Y116.314 E79.59034
G0 F6000 X120.839 Y115.748
G1 F1200 X116.159 Y111.068 E79.81047
G0 F6000 X116.159 Y110.502
G1 F1200 X120.839 Y115.182 E80.03061
G0 F6000 X120.839 Y114.617
G1 F1200 X116.159 Y109.936 E80.25076
G0 F6000 X116.159 Y109.371
G1 F1200 X120.839 Y114.051 E80.4709
G0 F6000 X120.839 Y113.485
G1 F1200 X116.159 Y108.805 E80.69103
G0 F6000 X116.159 Y108.239
G1 F1200 X120.839 Y112.92 E80.91118
G0 F6000 X120.839 Y112.354
G1 F1200 X116.159 Y107.673 E81.13134
G0 F6000 X116.159 Y107.108
G1 F1200 X120.839 Y111.788 E81.35147
G0 F6000 X120.839 Y111.222
G1 F1200 X116.159 Y106.542 E81.57161
G0 F6000 X116.159 Y105.976
G1 F1200 X120.839 Y110.657 E81.79176
G0 F6000 X120.839 Y110.091
G1 F1200 X116.159 Y105.411 E82.0119
G0 F6000 X116.159 Y104.845
G1 F1200 X120.839 Y109.525 E82.23203
G0 F6000 X120.839 Y108.96
G1 F1200 X116.159 Y104.279 E82.45219
G0 F6000 X116.159 Y103.714
G1 F1200 X120.839 Y108.394 E82.67232
G0 F6000 X120.839 Y107.828
G1 F1200 X116.159 Y103.148 E82.89245
G0 F6000 X116.159 Y102.582
G1 F1200 X120.839 Y107.263 E83.11261
G0 F6000 X120.839 Y106.697
G1 F1200 X116.159 Y102.017 E83.33274
G0 F6000 X116.159 Y101.451
G1 F1200 X120.839 Y106.131 E83.55287
G0 F6000 X120.839 Y105.566
G1 F1200 X116.159 Y100.885 E83.77303
G0 F6000 X116.159 Y100.32
G1 F1200 X120.839 Y105 E83.99316
G0 F6000 X120.839 Y104.434
G1 F1200 X116.159 Y99.754 E84.2133
G0 F6000 X116.159 Y99.188
G1 F1200 X120.839 Y103.869 E84.43345
G0 F6000 X120.839 Y103.303
G1 F1200 X116.159 Y98.623 E84.65358
G0 F6000 X116.159 Y98.057
G1 F1200 X120.839 Y102.737 E84.87372
G0 F6000 X120.839 Y102.171
G1 F1200 X116.159 Y97.491 E85.09385
G0 F6000 X116.159 Y96.925
G1 F1200 X120.839 Y101.606 E85.31401
G0 F6000 X120.839 Y101.04
G1 F1200 X116.159 Y96.36 E85.53414
G0 F6000 X116.159 Y95.794
G1 F1200 X120.839 Y100.474 E85.75427
G0 F6000 X120.839 Y99.909
G1 F1200 X116.159 Y95.228 E85.97443
G0 F6000 X116.159 Y94.663
G1 F1200 X120.839 Y99.343 E86.19456
G0 F6000 X120.839 Y98.777
G1 F1200 X116.159 Y94.097 E86.41469
G0 F6000 X116.159 Y93.531
G1 F1200 X120.839 Y98.212 E86.63485
G0 F6000 X120.839 Y97.646
G1 F1200 X116.159 Y92.966 E86.85498
G0 F6000 X116.159 Y92.4
G1 F1200 X120.839 Y97.08 E87.07512
G0 F6000 X120.839 Y96.515
G1 F1200 X116.159 Y91.834 E87.29527
G0 F6000 X116.159 Y91.269
G1 F1200 X120.839 Y95.949 E87.51541
G0 F6000 X120.839 Y95.383
G1 F1200 X116.159 Y90.703 E87.73554
G0 F6000 X116.159 Y90.137
G1 F1200 X120.839 Y94.818 E87.95569
G0 F6000 X120.839 Y94.252
G1 F1200 X116.159 Y89.572 E88.17583
G0 F6000 X116.159 Y89.006
G1 F1200 X120.839 Y93.686 E88.39596
G0 F6000 X120.839 Y93.121
G1 F1200 X116.159 Y88.44 E88.61612
G0 F6000 X116.444 Y88.16
G1 F1200 X120.839 Y92.555 E88.82284
G0 F6000 X120.839 Y91.989
G1 F1200 X117.01 Y88.16 E89.00295
G0 F6000 X117.576 Y88.16
G1 F1200 X120.839 Y91.423 E89.15643
G0 F6000 X120.839 Y90.858
G1 F1200 X118.141 Y88.16 E89.28334
G0 F6000 X118.707 Y88.16
G1 F1200 X120.839 Y90.292 E89.38362
G0 F6000 X120.839 Y89.726
G1 F1200 X119.273 Y88.16 E89.45728
G0 F6000 X119.839 Y88.16
G1 F1200 X120.839 Y89.161 E89.50434
G0 F6000 X120.839 Y88.595
G1 F1200 X120.404 Y88.16 E89.5248
G1 F2700 E84.5248
G0 F6000 X120.404 Y87.7
G0 X115.772 Y87.772
G0 X115.42 Y131.58
G0 X114.335 Y131.58
G0 X101.415 Y131.58
G0 X100.15 Y131.9
;TYPE:WALL-INNER
G1 F2700 E89.5248
G1 F1200 X100.15 Y88.1 E90.98159
G1 X96.85 Y88.1 E91.09135
G1 X96.85 Y131.9 E92.54815
G1 X100.15 Y131.9 E92.6579
G0 F6000 X100.55 Y132.3
;TYPE:WALL-OUTER
G1 F1200 X100.55 Y87.7 E94.14131
G1 X96.45 Y87.7 E94.27767
G1 X96.45 Y132.3 E95.76108
G1 X100.55 Y132.3 E95.89744
G0 F6000 X100.28 Y132.03
G0 X100.05 Y131.54
G0 X99.79 Y131.54
;TYPE:SKIN
G1 F1200 X97.21 Y131.54 E95.98325
G1 X97.21 Y88.46 E97.4161
G1 X99.79 Y88.46 E97.50191
G1 X99.79 Y131.54 E98.93476
G0 F6000 X100.05 Y131.54
G0 X97.963 Y131.8
G0 X97.963 Y131.339
G1 F1200 X97.409 Y130.785 E98.96082
G0 F6000 X97.409 Y130.219
G1 F1200 X98.529 Y131.339 E99.0135
G0 F6000 X99.095 Y131.339
G1 F1200 X97.409 Y129.653 E99.0928
G0 F6000 X97.409 Y129.087
G1 F1200 X99.59 Y131.268 E99.19539
G0 F6000 X99.59 Y130.703
G1 F1200 X97.409 Y128.522 E99.29798
G0 F6000 X97.409 Y127.956
G1 F1200 X99.59 Y130.137 E99.40056
G0 F6000 X99.59 Y129.571
G1 F1200 X97.409 Y127.39 E99.50315
G0 F6000 X97.409 Y126.825
G1 F1200 X99.59 Y129.005 E99.60572
G0 F6000 X99.59 Y128.44
G1 F1200 X97.409 Y126.259 E99.7083
G0 F6000 X97.409 Y125.693
G1 F1200 X99.59 Y127.874 E99.81089
G0 F6000 X99.59 Y127.308
G1 F1200 X97.409 Y125.128 E99.91345
G0 F6000 X97.409 Y124.562
G1 F1200 X99.59 Y126.743 E100.01604
G0 F6000 X99.59 Y126.177
G1 F1200 X97.409 Y123.996 E100.11863
G0 F6000 X97.409 Y123.431
G1 F1200 X99.59 Y125.611 E100.22119
G0 F6000 X99.59 Y125.046
G1 F1200 X97.409 Y122.865 E100.32378
G0 F6000 X97.409 Y122.299
G1 F1200 X99.59 Y124.48 E100.42637
G0 F6000 X99.59 Y123.914
G1 F1200 X97.409 Y121.734 E100.52893
G0 F6000 X97.409 Y121.168
G1 F1200 X99.59 Y123.349 E100.63152
G0 F6000 X99.59 Y122.783
G1 F1200 X97.409 Y120.602 E100.73411
G0 F6000 X97.409 Y120.037
G1 F1200 X99.59 Y122.217 E100.83667
G0 F6000 X99.59 Y121.652
G1 F1200 X97.409 Y119.471 E100.93926
G0 F6000 X97.409 Y118.905
G1 F1200 X99.59 Y121.086 E101.04185
G0 F6000 X99.59 Y120.52
G1 F1200 X97.409 Y118.339 E101.14443
G0 F6000 X97.409 Y117.774
G1 F1200 X99.59 Y119.955 E101.24702
G0 F6000 X99.59 Y119.389
G1 F1200 X97.409 Y117.208 E101.34961
G0 F6000 X97.409 Y116.642
G1 F1200 X99.59 Y118.823 E101.4522
G0 F6000 X99.59 Y118.257
G1 F1200 X97.409 Y116.077 E101.55476
G0 F6000 X97.409 Y115.511
G1 F1200 X99.59 Y117.692 E101.65735
G0 F6000 X99.59 Y117.126
G1 F1200 X97.409 Y114.945 E101.75994
G0 F6000 X97.409 Y114.38
G1 F1200 X99.59 Y116.56 E101.8625
G0 F6000 X99.59 Y115.995
G1 F1200 X97.409 Y113.814 E101.96509
G0 F6000 X97.409 Y113.248
G1 F1200 X99.59 Y115.429 E102.06768
G0 F6000 X99.59 Y114.863
G1 F1200 X97.409 Y112.683 E102.17024
G0 F6000 X97.409 Y112.117
G1 F1200 X99.59 Y114.298 E102.27283
G0 F6000 X99.59 Y113.732
G1 F1200 X97.409 Y111.551 E102.37541
G0 F6000 X97.409 Y110.986
G1 F1200 X99.59 Y113.166 E102.47798
G0 F6000 X99.59 Y112.601
G1 F1200 X97.409 Y110.42 E102.58057
G0 F6000 X97.409 Y109.854
G1 F1200 X99.59 Y112.035 E102.68315
G0 F6000 X99.59 Y111.469
G1 F1200 X97.409 Y109.289 E102.78572
G0 F6000 X97.409 Y108.723
G1 F1200 X99.59 Y110.904 E102.88831
G0 F6000 X99.59 Y110.338
G1 F1200 X97.409 Y108.157 E102.99089
G0 F6000 X97.409 Y107.591
G1 F1200 X99.589 Y109.771 E103.09343
G0 F6000 X99.589 Y109.206
G1 F1200 X97.409 Y107.026 E103.19597
G0 F6000 X97.409 Y106.46
G1 F1200 X99.589 Y108.64 E103.29851
G0 F6000 X99.589 Y108.074
G1 F1200 X97.409 Y105.894 E103.40106
G0 F6000 X97.409 Y105.329
G1 F1200 X99.589 Y107.509 E103.5036
G0 F6000 X99.589 Y106.943
G1 F1200 X97.409 Y104.763 E103.60614
G0 F6000 X97.409 Y104.197
G1 F1200 X99.589 Y106.377 E103.70868
G0 F6000 X99.589 Y105.812
G1 F1200 X97.409 Y103.632 E103.81122
G0 F6000 X97.409 Y103.066
G1 F1200 X99.589 Y105.246 E103.91376
G0 F6000 X99.589 Y104.68
G1 F1200 X97.409 Y102.5 E104.0163
G0 F6000 X97.409 Y101.935
G1 F1200 X99.589 Y104.115 E104.11884
G0 F6000 X99.589 Y103.549
G1 F1200 X97.409 Y101.369 E104.22138
G0 F6000 X97.409 Y100.803
G1 F1200 X99.589 Y102.983 E104.32392
G0 F6000 X99.589 Y102.418
G1 F1200 X97.409 Y100.238 E104.42646
G0 F6000 X97.409 Y99.672
G1 F1200 X99.589 Y101.852 E104.529
G0 F6000 X99.589 Y101.286
G1 F1200 X97.409 Y99.106 E104.63154
G0 F6000 X97.409 Y98.54
G1 F1200 X99.589 Y100.72 E104.73408
G0 F6000 X99.589 Y100.155
G1 F1200 X97.409 Y97.975 E104.83662
G0 F6000 X97.409 Y97.409
G1 F1200 X99.589 Y99.589 E104.93916
G0 F6000 X99.589 Y99.023
G1 F1200 X97.409 Y96.843 E105.0417
G0 F6000 X97.409 Y96.278
G1 F1200 X99.589 Y98.458 E105.14424
G0 F6000 X99.589 Y97.892
G1 F1200 X97.409 Y95.712 E105.24678
G0 F6000 X97.409 Y95.146
G1 F1200 X99.589 Y97.326 E105.34933
G0 F6000 X99.589 Y96.761
G1 F1200 X97.409 Y94.581 E105.45187
G0 F6000 X97.409 Y94.015
G1 F1200 X99.589 Y96.195 E105.55441
G0 F6000 X99.589 Y95.629
G1 F1200 X97.409 Y93.449 E105.65695
G0 F6000 X97.409 Y92.884
G1 F1200 X99.589 Y95.064 E105.75949
G0 F6000 X99.589 Y94.498
G1 F1200 X97.409 Y92.318 E105.86203
G0 F6000 X97.409 Y91.752
G1 F1200 X99.589 Y93.932 E105.96457
G0 F6000 X99.589 Y93.367
G1 F1200 X97.409 Y91.187 E106.06711
G0 F6000 X97.409 Y90.621
G1 F1200 X99.589 Y92.801 E106.16965
G0 F6000 X99.589 Y92.235
G1 F1200 X97.409 Y90.055 E106.27219
G0 F6000 X97.409 Y89.49
G1 F1200 X99.589 Y91.67 E106.37473
G0 F6000 X99.589 Y91.104
G1 F1200 X97.409 Y88.924 E106.47727
G0 F6000 X97.71 Y88.659
G1 F1200 X99.589 Y90.538 E106.56565
G0 F6000 X99.589 Y89.972
G1 F1200 X98.276 Y88.659 E106.62741
G0 F6000 X98.842 Y88.659
G1 F1200 X99.589 Y89.407 E106.66257
G0 F6000 X99.589 Y88.841
G1 F1200 X99.407 Y88.659 E106.67113
G1 F2700 E101.67113
G0 F6000 X99.407 Y88.2
G0 X97.022 Y88.272
G0 X96.67 Y132.08
G0 X95.585 Y132.08
G0 X84.415 Y132.08
G0 X83.15 Y132.4
;TYPE:WALL-INNER
G1 F2700 E106.67113
G1 F1200 X83.15 Y88.6 E108.12793
G1 X79.85 Y88.6 E108.23769
G1 X79.85 Y132.4 E109.69448
G1 X83.15 Y132.4 E109.80424
G0 F6000 X83.55 Y132.8
;TYPE:WALL-OUTER
G1 F1200 X83.55 Y88.2 E111.28764
G1 X79.45 Y88.2 E111.42401
G1 X79.45 Y132.8 E112.90741
G1 X83.55 Y132.8 E113.04378
G0 F6000 X83.28 Y132.53
G0 X83.05 Y132.04
G0 X82.79 Y132.04
;TYPE:SKIN
G1 F1200 X80.21 Y132.04 E113.12959
G1 X80.21 Y88.96 E114.56243
G1 X82.79 Y88.96 E114.64824
G1 X82.79 Y132.04 E116.08109
G0 F6000 X83.05 Y132.04
G0 X80.927 Y132.3
G0 X80.927 Y131.839
G1 F1200 X80.41 Y131.321 E116.10543
G0 F6000 X80.41 Y130.756
G1 F1200 X81.493 Y131.839 E116.15637
G0 F6000 X82.059 Y131.839
G1 F1200 X80.41 Y130.19 E116.23394
G0 F6000 X80.41 Y129.624
G1 F1200 X82.59 Y131.804 E116.33648
G0 F6000 X82.59 Y131.239
G1 F1200 X80.41 Y129.059 E116.43902
G0 F6000 X80.41 Y128.493
G1 F1200 X82.59 Y130.673 E116.54156
G0 F6000 X82.59 Y130.107
G1 F1200 X80.41 Y127.927 E116.6441
G0 F6000 X80.41 Y127.361
G1 F1200 X82.59 Y129.541 E116.74664
G0 F6000 X82.59 Y128.976
G1 F1200 X80.41 Y126.796 E116.84918
G0 F6000 X80.41 Y126.23
G1 F1200 X82.59 Y128.41 E116.95172
G0 F6000 X82.59 Y127.844
G1 F1200 X80.41 Y125.664 E117.05426
G0 F6000 X80.41 Y125.099
G1 F1200 X82.59 Y127.279 E117.1568
G0 F6000 X82.59 Y126.713
G1 F1200 X80.41 Y124.533 E117.25934
G0 F6000 X80.41 Y123.967
G1 F1200 X82.59 Y126.147 E117.36188
G0 F6000 X82.59 Y125.582
G1 F1200 X80.41 Y123.402 E117.46442
G0 F6000 X80.41 Y122.836
G1 F1200 X82.59 Y125.016 E117.56696
G0 F6000 X82.59 Y124.45
G1 F1200 X80.41 Y122.27 E117.6695
G0 F6000 X80.41 Y121.705
G1 F1200 X82.59 Y123.885 E117.77205
G0 F6000 X82.59 Y123.319
G1 F1200 X80.41 Y121.139 E117.87459
G0 F6000 X80.41 Y120.573
G1 F1200 X82.59 Y122.753 E117.97713
G0 F6000 X82.59 Y122.188
G1 F1200 X80.41 Y120.008 E118.07967
G0 F6000 X80.41 Y119.442
G1 F1200 X82.59 Y121.622 E118.18221
G0 F6000 X82.59 Y121.056
G1 F1200 X80.41 Y118.876 E118.28475
G0 F6000 X80.41 Y118.31
G1 F1200 X82.59 Y120.49 E118.38729
G0 F6000 X82.59 Y119.925
G1 F1200 X80.41 Y117.745 E118.48983
G0 F6000 X80.41 Y117.179
G1 F1200 X82.59 Y119.359 E118.59237
G0 F6000 X82.59 Y118.793
G1 F1200 X80.41 Y116.613 E118.69491
G0 F6000 X80.41 Y116.048
G1 F1200 X82.59 Y118.228 E118.79745
G0 F6000 X82.59 Y117.662
G1 F1200 X80.41 Y115.482 E118.89999
G0 F6000 X80.41 Y114.916
G1 F1200 X82.59 Y117.096 E119.00253
G0 F6000 X82.59 Y116.531
G1 F1200 X80.41 Y114.351 E119.10507
G0 F6000 X80.41 Y113.785
G1 F1200 X82.59 Y115.965 E119.20761
G0 F6000 X82.59 Y115.399
G1 F1200 X80.41 Y113.219 E119.31015
G0 F6000 X80.41 Y112.654
G1 F1200 X82.59 Y114.834 E119.41269
G0 F6000 X82.59 Y114.268
G1 F1200 X80.41 Y112.088 E119.51523
G0 F6000 X80.41 Y111.522
G1 F1200 X82.59 Y113.702 E119.61777
G0 F6000 X82.59 Y113.137
G1 F1200 X80.41 Y110.957 E119.72032
G0 F6000 X80.41 Y110.391
G1 F1200 X82.59 Y112.571 E119.82286
G0 F6000 X82.59 Y112.005
G1 F1200 X80.41 Y109.825 E119.9254
G0 F6000 X80.41 Y109.26
G1 F1200 X82.59 Y111.44 E120.02794
G0 F6000 X82.59 Y110.874
G1 F1200 X80.41 Y108.694 E120.13048
G0 F6000 X80.41 Y108.128
G1 F1200 X82.59 Y110.308 E120.23302
G0 F6000 X82.59 Y109.742
G1 F1200 X80.41 Y107.562 E120.33556
G0 F6000 X80.41 Y106.997
G1 F1200 X82.59 Y109.177 E120.4381
G0 F6000 X82.59 Y108.611
G1 F1200 X80.41 Y106.431 E120.54064
G0 F6000 X80.41 Y105.865
G1 F1200 X82.59 Y108.045 E120.64318
G0 F6000 X82.59 Y107.48
G1 F1200 X80.41 Y105.3 E120.74572
G0 F6000 X80.41 Y104.734
G1 F1200 X82.59 Y106.914 E120.84826
G0 F6000 X82.59 Y106.348
G1 F1200 X80.41 Y104.168 E120.9508
G0 F6000 X80.41 Y103.603
G1 F1200 X82.59 Y105.783 E121.05334
G0 F6000 X82.59 Y105.217
G1 F1200 X80.41 Y103.037 E121.15588
G0 F6000 X80.41 Y102.471
G1 F1200 X82.59 Y104.651 E121.25842
G0 F6000 X82.59 Y104.086
G1 F1200 X80.41 Y101.906 E121.36096
G0 F6000 X80.41 Y101.34
G1 F1200 X82.59 Y103.52 E121.4635
G0 F6000 X82.59 Y102.954
G1 F1200 X80.41 Y100.774 E121.56604
G0 F6000 X80.41 Y100.209
G1 F1200 X82.59 Y102.389 E121.66858
G0 F6000 X82.59 Y101.823
G1 F1200 X80.41 Y99.643 E121.77113
G0 F6000 X80.41 Y99.077
G1 F1200 X82.59 Y101.257 E121.87367
G0 F6000 X82.59 Y100.692
G1 F1200 X80.41 Y98.511 E121.97623
G0 F6000 X80.41 Y97.946
G1 F1200 X82.59 Y100.126 E122.07877
G0 F6000 X82.59 Y99.56
G1 F1200 X80.41 Y97.38 E122.18131
G0 F6000 X80.41 Y96.814
G1 F1200 X82.59 Y98.994 E122.28385
G0 F6000 X82.59 Y98.429
G1 F1200 X80.41 Y96.249 E122.38639
G0 F6000 X80.41 Y95.683
G1 F1200 X82.59 Y97.863 E122.48893
G0 F6000 X82.59 Y97.297
G1 F1200 X80.41 Y95.117 E122.59147
G0 F6000 X80.41 Y94.552
G1 F1200 X82.59 Y96.732 E122.69401
G0 F6000 X82.59 Y96.166
G1 F1200 X80.41 Y93.986 E122.79655
G0 F6000 X80.41 Y93.42
G1 F1200 X82.59 Y95.6 E122.89909
G0 F6000 X82.59 Y95.035
G1 F1200 X80.41 Y92.855 E123.00164
G0 F6000 X80.41 Y92.289
G1 F1200 X82.59 Y94.469 E123.10418
G0 F6000 X82.59 Y93.903
G1 F1200 X80.41 Y91.723 E123.20672
G0 F6000 X80.41 Y91.158
G1 F1200 X82.59 Y93.338 E123.30926
G0 F6000 X82.59 Y92.772
G1 F1200 X80.41 Y90.592 E123.4118
G0 F6000 X80.41 Y90.026
G1 F1200 X82.59 Y92.206 E123.51434
G0 F6000 X82.59 Y91.641
G1 F1200 X80.41 Y89.461 E123.61688
G0 F6000 X80.674 Y89.159
G1 F1200 X82.59 Y91.075 E123.707
G0 F6000 X82.59 Y90.509
G1 F1200 X81.24 Y89.159 E123.7705
G0 F6000 X81.805 Y89.159
G1 F1200 X82.59 Y89.943 E123.8074
G0 F6000 X82.59 Y89.378
G1 F1200 X82.371 Y89.159 E123.8177
G1 F2700 E118.8177
;MESH:NONMESH
G0 F300 X82.371 Y89.159 Z0.4
G0 F6000 X82.371 Y88.7
G0 X82.978 Y88.772
G0 X83.15 Y132.4
;TIME_ELAPSED:220.032253
;LAYER:1
M106 S85
;TYPE:WALL-INNER
;MESH:Spacers.stl
G1 F2700 E123.8177
G1 F1350 X83.15 Y88.6 E125.2745
G1 X79.85 Y88.6 E125.38425
G1 X79.85 Y132.4 E126.84105
G1 X83.15 Y132.4 E126.95081
G0 F7500 X83.55 Y132.8
;TYPE:WALL-OUTER
G1 F1350 X83.55 Y88.2 E128.43421
G1 X79.45 Y88.2 E128.57058
G1 X79.45 Y132.8 E130.05398
G1 X83.55 Y132.8 E130.19034
G0 F7500 X83.28 Y132.53
G0 X83.05 Y132.04
G0 X82.79 Y132.04
;TYPE:SKIN
G1 F1350 X80.21 Y132.04 E130.27616
G1 X80.21 Y88.96 E131.709
G1 X82.79 Y88.96 E131.79481
G1 X82.79 Y132.04 E133.22766
G0 F7500 X81.989 Y131.839
G1 F1350 X82.589 Y131.239 E133.25588
G0 F7500 X82.589 Y130.674
G1 F1350 X81.424 Y131.839 E133.31068
G0 F7500 X80.858 Y131.839
G1 F1350 X82.589 Y130.108 E133.3921
G0 F7500 X82.589 Y129.542
G1 F1350 X80.41 Y131.721 E133.49459
G0 F7500 X80.41 Y131.156
G1 F1350 X82.589 Y128.976 E133.59711
G0 F7500 X82.589 Y128.411
G1 F1350 X80.41 Y130.59 E133.6996
G0 F7500 X80.41 Y130.024
G1 F1350 X82.589 Y127.845 E133.8021
G0 F7500 X82.589 Y127.279
G1 F1350 X80.41 Y129.459 E133.90462
G0 F7500 X80.41 Y128.893
G1 F1350 X82.589 Y126.714 E134.00711
G0 F7500 X82.589 Y126.148
G1 F1350 X80.41 Y128.327 E134.1096
G0 F7500 X80.41 Y127.762
G1 F1350 X82.589 Y125.582 E134.21212
G0 F7500 X82.589 Y125.017
G1 F1350 X80.41 Y127.196 E134.31461
G0 F7500 X80.41 Y126.63
G1 F1350 X82.589 Y124.451 E134.41711
G0 F7500 X82.589 Y123.885
G1 F1350 X80.41 Y126.065 E134.51962
G0 F7500 X80.41 Y125.499
G1 F1350 X82.589 Y123.32 E134.62212
G0 F7500 X82.589 Y122.754
G1 F1350 X80.41 Y124.933 E134.72461
G0 F7500 X80.41 Y124.368
G1 F1350 X82.589 Y122.188 E134.82713
G0 F7500 X82.589 Y121.623
G1 F1350 X80.41 Y123.802 E134.92962
G0 F7500 X80.41 Y123.236
G1 F1350 X82.589 Y121.057 E135.03211
G0 F7500 X82.589 Y120.491
G1 F1350 X80.41 Y122.671 E135.13463
G0 F7500 X80.41 Y122.105
G1 F1350 X82.589 Y119.926 E135.23712
G0 F7500 X82.589 Y119.36
G1 F1350 X80.41 Y121.539 E135.33962
G0 F7500 X80.41 Y120.973
G1 F1350 X82.589 Y118.794 E135.44211
G0 F7500 X82.589 Y118.228
G1 F1350 X80.41 Y120.408 E135.54463
G0 F7500 X80.41 Y119.842
G1 F1350 X82.589 Y117.663 E135.64712
G0 F7500 X82.589 Y117.097
G1 F1350 X80.41 Y119.276 E135.74962
G0 F7500 X80.41 Y118.711
G1 F1350 X82.589 Y116.531 E135.85213
G0 F7500 X82.589 Y115.966
G1 F1350 X80.41 Y118.145 E135.95463
G0 F7500 X80.41 Y117.579
G1 F1350 X82.589 Y115.4 E136.05712
G0 F7500 X82.589 Y114.834
G1 F1350 X80.41 Y117.014 E136.15964
G0 F7500 X80.41 Y116.448
G1 F1350 X82.589 Y114.269 E136.26213
G0 F7500 X82.589 Y113.703
G1 F1350 X80.41 Y115.882 E136.36462
G0 F7500 X80.41 Y115.317
G1 F1350 X82.589 Y113.137 E136.46714
G0 F7500 X82.589 Y112.572
G1 F1350 X80.41 Y114.751 E136.56963
G0 F7500 X80.41 Y114.185
G1 F1350 X82.589 Y112.006 E136.67213
G0 F7500 X82.589 Y111.44
G1 F1350 X80.41 Y113.62 E136.77464
G0 F7500 X80.41 Y113.054
G1 F1350 X82.589 Y110.875 E136.87714
G0 F7500 X82.589 Y110.309
G1 F1350 X80.41 Y112.488 E136.97963
G0 F7500 X80.41 Y111.922
G1 F1350 X82.589 Y109.743 E137.08212
G0 F7500 X82.589 Y109.177
G1 F1350 X80.41 Y111.357 E137.18464
G0 F7500 X80.41 Y110.791
G1 F1350 X82.589 Y108.612 E137.28714
G0 F7500 X82.589 Y108.046
G1 F1350 X80.41 Y110.225 E137.38963
G0 F7500 X80.41 Y109.66
G1 F1350 X82.589 Y107.48 E137.49215
G0 F7500 X82.589 Y106.915
G1 F1350 X80.41 Y109.094 E137.59464
G0 F7500 X80.41 Y108.528
G1 F1350 X82.589 Y106.349 E137.69713
G0 F7500 X82.589 Y105.783
G1 F1350 X80.41 Y107.963 E137.79965
G0 F7500 X80.41 Y107.397
G1 F1350 X82.589 Y105.218 E137.90214
G0 F7500 X82.589 Y104.652
G1 F1350 X80.41 Y106.831 E138.00464
G0 F7500 X80.41 Y106.266
G1 F1350 X82.589 Y104.086 E138.10715
G0 F7500 X82.589 Y103.521
G1 F1350 X80.41 Y105.7 E138.20965
G0 F7500 X80.41 Y105.134
G1 F1350 X82.589 Y102.955 E138.31214
G0 F7500 X82.589 Y102.389
G1 F1350 X80.41 Y104.569 E138.41466
G0 F7500 X80.41 Y104.003
G1 F1350 X82.589 Y101.824 E138.51715
G0 F7500 X82.589 Y101.258
G1 F1350 X80.41 Y103.437 E138.61964
G0 F7500 X80.41 Y102.872
G1 F1350 X82.589 Y100.692 E138.72216
G0 F7500 X82.589 Y100.127
G1 F1350 X80.41 Y102.306 E138.82466
G0 F7500 X80.41 Y101.74
G1 F1350 X82.589 Y99.561 E138.92715
G0 F7500 X82.589 Y98.995
G1 F1350 X80.41 Y101.174 E139.02964
G0 F7500 X80.41 Y100.609
G1 F1350 X82.589 Y98.429 E139.13216
G0 F7500 X82.589 Y97.864
G1 F1350 X80.41 Y100.043 E139.23465
G0 F7500 X80.41 Y99.477
G1 F1350 X82.589 Y97.298 E139.33715
G0 F7500 X82.589 Y96.732
G1 F1350 X80.41 Y98.912 E139.43966
G0 F7500 X80.41 Y98.346
G1 F1350 X82.589 Y96.167 E139.54216
G0 F7500 X82.589 Y95.601
G1 F1350 X80.41 Y97.78 E139.64465
G0 F7500 X80.41 Y97.215
G1 F1350 X82.589 Y95.035 E139.74717
G0 F7500 X82.589 Y94.47
G1 F1350 X80.41 Y96.649 E139.84966
G0 F7500 X80.41 Y96.083
G1 F1350 X82.589 Y93.904 E139.95215
G0 F7500 X82.589 Y93.338
G1 F1350 X80.41 Y95.518 E140.05467
G0 F7500 X80.41 Y94.952
G1 F1350 X82.589 Y92.773 E140.15716
G0 F7500 X82.589 Y92.207
G1 F1350 X80.41 Y94.386 E140.25966
G0 F7500 X80.41 Y93.821
G1 F1350 X82.589 Y91.641 E140.36217
G0 F7500 X82.589 Y91.076
G1 F1350 X80.41 Y93.255 E140.46467
G0 F7500 X80.41 Y92.689
G1 F1350 X82.589 Y90.51 E140.56716
G0 F7500 X82.589 Y89.944
G1 F1350 X80.41 Y92.123 E140.66966
G0 F7500 X80.41 Y91.558
G1 F1350 X82.589 Y89.379 E140.77215
G0 F7500 X82.243 Y89.159
G1 F1350 X80.41 Y90.992 E140.85837
G0 F7500 X80.41 Y90.426
G1 F1350 X81.677 Y89.159 E140.91796
G0 F7500 X81.112 Y89.159
G1 F1350 X80.41 Y89.861 E140.95098
G0 F7500 X80.41 Y89.295
G1 F1350 X80.546 Y89.159 E140.95738
G1 F2700 E135.95738
G0 F7500 X80.546 Y88.7
G0 X82.978 Y88.772
G0 X83.33 Y131.9
G0 X84.415 Y131.9
G0 X95.585 Y131.9
G0 X100.15 Y131.9
;TYPE:WALL-INNER
G1 F2700 E140.95738
G1 F1350 X100.15 Y88.1 E142.41417
G1 X96.85 Y88.1 E142.52393
G1 X96.85 Y131.9 E143.98073
G1 X100.15 Y131.9 E144.09049
G0 F7500 X100.55 Y132.3
;TYPE:WALL-OUTER
G1 F1350 X100.55 Y87.7 E145.57389
G1 X96.45 Y87.7 E145.71025
G1 X96.45 Y132.3 E147.19366
G1 X100.55 Y132.3 E147.33002
G0 F7500 X100.28 Y132.03
G0 X100.05 Y131.54
G0 X99.79 Y131.54
;TYPE:SKIN
G1 F1350 X97.21 Y131.54 E147.41583
G1 X97.21 Y88.46 E148.84868
G1 X99.79 Y88.46 E148.93449
G1 X99.79 Y131.54 E150.36734
G0 F7500 X99.46 Y131.339
G1 F1350 X99.589 Y131.21 E150.37341
G0 F7500 X99.589 Y130.644
G1 F1350 X98.894 Y131.339 E150.4061
G0 F7500 X98.328 Y131.339
G1 F1350 X99.589 Y130.078 E150.46541
G0 F7500 X99.589 Y129.512
G1 F1350 X97.763 Y131.339 E150.55132
G0 F7500 X97.409 Y131.127
G1 F1350 X99.589 Y128.947 E150.65386
G0 F7500 X99.589 Y128.381
G1 F1350 X97.409 Y130.561 E150.7564
G0 F7500 X97.409 Y129.995
G1 F1350 X99.589 Y127.815 E150.85894
G0 F7500 X99.589 Y127.25
G1 F1350 X97.409 Y129.43 E150.96148
G0 F7500 X97.409 Y128.864
G1 F1350 X99.589 Y126.684 E151.06403
G0 F7500 X99.589 Y126.118
G1 F1350 X97.409 Y128.298 E151.16657
G0 F7500 X97.409 Y127.733
G1 F1350 X99.589 Y125.553 E151.26911
G0 F7500 X99.589 Y124.987
G1 F1350 X97.409 Y127.167 E151.37165
G0 F7500 X97.409 Y126.601
G1 F1350 X99.589 Y124.421 E151.47419
G0 F7500 X99.589 Y123.856
G1 F1350 X97.409 Y126.036 E151.57673
G0 F7500 X97.409 Y125.47
G1 F1350 X99.589 Y123.29 E151.67927
G0 F7500 X99.589 Y122.724
G1 F1350 X97.409 Y124.904 E151.78181
G0 F7500 X97.409 Y124.339
G1 F1350 X99.589 Y122.159 E151.88435
G0 F7500 X99.589 Y121.593
G1 F1350 X97.409 Y123.773 E151.98689
G0 F7500 X97.409 Y123.207
G1 F1350 X99.589 Y121.027 E152.08943
G0 F7500 X99.589 Y120.462
G1 F1350 X97.409 Y122.642 E152.19197
G0 F7500 X97.409 Y122.076
G1 F1350 X99.589 Y119.896 E152.29451
G0 F7500 X99.589 Y119.33
G1 F1350 X97.409 Y121.51 E152.39705
G0 F7500 X97.409 Y120.944
G1 F1350 X99.589 Y118.764 E152.49959
G0 F7500 X99.589 Y118.199
G1 F1350 X97.409 Y120.379 E152.60213
G0 F7500 X97.409 Y119.813
G1 F1350 X99.589 Y117.633 E152.70467
G0 F7500 X99.589 Y117.067
G1 F1350 X97.409 Y119.247 E152.80721
G0 F7500 X97.409 Y118.682
G1 F1350 X99.589 Y116.502 E152.90975
G0 F7500 X99.589 Y115.936
G1 F1350 X97.409 Y118.116 E153.0123
G0 F7500 X97.409 Y117.55
G1 F1350 X99.589 Y115.37 E153.11484
G0 F7500 X99.589 Y114.805
G1 F1350 X97.409 Y116.985 E153.21738
G0 F7500 X97.409 Y116.419
G1 F1350 X99.589 Y114.239 E153.31992
G0 F7500 X99.589 Y113.673
G1 F1350 X97.409 Y115.853 E153.42246
G0 F7500 X97.409 Y115.288
G1 F1350 X99.589 Y113.108 E153.525
G0 F7500 X99.589 Y112.542
G1 F1350 X97.409 Y114.722 E153.62754
G0 F7500 X97.409 Y114.156
G1 F1350 X99.589 Y111.976 E153.73008
G0 F7500 X99.589 Y111.411
G1 F1350 X97.409 Y113.591 E153.83262
G0 F7500 X97.409 Y113.025
G1 F1350 X99.589 Y110.845 E153.93516
G0 F7500 X99.589 Y110.279
G1 F1350 X97.409 Y112.459 E154.0377
G0 F7500 X97.409 Y111.893
G1 F1350 X99.588 Y109.714 E154.14019
G0 F7500 X99.588 Y109.149
G1 F1350 X97.409 Y111.328 E154.24269
G0 F7500 X97.409 Y110.762
G1 F1350 X99.588 Y108.583 E154.34518
G0 F7500 X99.588 Y108.017
G1 F1350 X97.409 Y110.196 E154.44767
G0 F7500 X97.409 Y109.631
G1 F1350 X99.588 Y107.451 E154.55019
G0 F7500 X99.588 Y106.886
G1 F1350 X97.409 Y109.065 E154.65268
G0 F7500 X97.409 Y108.499
G1 F1350 X99.588 Y106.32 E154.75518
G0 F7500 X99.588 Y105.754
G1 F1350 X97.409 Y107.934 E154.8577
G0 F7500 X97.409 Y107.368
G1 F1350 X99.588 Y105.189 E154.96019
G0 F7500 X99.588 Y104.623
G1 F1350 X97.409 Y106.802 E155.06268
G0 F7500 X97.409 Y106.237
G1 F1350 X99.588 Y104.057 E155.1652
G0 F7500 X99.588 Y103.492
G1 F1350 X97.409 Y105.671 E155.26769
G0 F7500 X97.409 Y105.105
G1 F1350 X99.588 Y102.926 E155.37019
G0 F7500 X99.588 Y102.36
G1 F1350 X97.409 Y104.54 E155.4727
G0 F7500 X97.409 Y103.974
G1 F1350 X99.588 Y101.795 E155.5752
G0 F7500 X99.588 Y101.229
G1 F1350 X97.409 Y103.408 E155.67769
G0 F7500 X97.409 Y102.843
G1 F1350 X99.588 Y100.663 E155.78021
G0 F7500 X99.588 Y100.098
G1 F1350 X97.409 Y102.277 E155.8827
G0 F7500 X97.409 Y101.711
G1 F1350 X99.588 Y99.532 E155.98519
G0 F7500 X99.588 Y98.966
G1 F1350 X97.409 Y101.145 E156.08769
G0 F7500 X97.409 Y100.58
G1 F1350 X99.588 Y98.4 E156.1902
G0 F7500 X99.588 Y97.835
G1 F1350 X97.409 Y100.014 E156.2927
G0 F7500 X97.409 Y99.448
G1 F1350 X99.588 Y97.269 E156.39519
G0 F7500 X99.588 Y96.703
G1 F1350 X97.409 Y98.883 E156.49771
G0 F7500 X97.409 Y98.317
G1 F1350 X99.588 Y96.138 E156.6002
G0 F7500 X99.588 Y95.572
G1 F1350 X97.409 Y97.751 E156.7027
G0 F7500 X97.409 Y97.186
G1 F1350 X99.588 Y95.006 E156.80521
G0 F7500 X99.588 Y94.441
G1 F1350 X97.409 Y96.62 E156.90771
G0 F7500 X97.409 Y96.054
G1 F1350 X99.588 Y93.875 E157.0102
G0 F7500 X99.588 Y93.309
G1 F1350 X97.409 Y95.489 E157.11272
G0 F7500 X97.409 Y94.923
G1 F1350 X99.588 Y92.744 E157.21521
G0 F7500 X99.588 Y92.178
G1 F1350 X97.409 Y94.357 E157.3177
G0 F7500 X97.409 Y93.792
G1 F1350 X99.588 Y91.612 E157.42022
G0 F7500 X99.588 Y91.047
G1 F1350 X97.409 Y93.226 E157.52271
G0 F7500 X97.409 Y92.66
G1 F1350 X99.588 Y90.481 E157.62521
G0 F7500 X99.588 Y89.915
G1 F1350 X97.409 Y92.095 E157.72772
G0 F7500 X97.409 Y91.529
G1 F1350 X99.588 Y89.35 E157.83022
G0 F7500 X99.588 Y88.784
G1 F1350 X97.409 Y90.963 E157.93271
G0 F7500 X97.409 Y90.397
G1 F1350 X99.147 Y88.659 E158.01446
G0 F7500 X98.581 Y88.659
G1 F1350 X97.409 Y89.832 E158.06961
G0 F7500 X97.409 Y89.266
G1 F1350 X98.016 Y88.659 E158.09816
G1 F2700 E153.09816
G0 F7500 X98.016 Y88.2
G0 X99.978 Y88.272
G0 X100.33 Y131.4
G0 X101.415 Y131.4
G0 X114.335 Y131.4
G0 X115.6 Y131.4
;TYPE:WALL-INNER
G1 F2700 E158.09816
G1 F1350 X121.4 Y131.4 E158.29107
G1 X121.4 Y87.6 E159.74787
G1 X115.6 Y87.6 E159.94078
G1 X115.6 Y131.4 E161.39757
G0 F7500 X115.2 Y131.8
;TYPE:WALL-OUTER
G1 F1350 X121.8 Y131.8 E161.61709
G1 X121.8 Y87.2 E163.10049
G1 X115.2 Y87.2 E163.32
G1 X115.2 Y131.8 E164.80341
G0 F7500 X115.47 Y131.53
G0 X115.7 Y131.04
G0 X115.96 Y131.04
;TYPE:SKIN
G1 F1350 X115.96 Y87.96 E166.23625
G1 X121.04 Y87.96 E166.40521
G1 X121.04 Y131.04 E167.83806
G1 X115.96 Y131.04 E168.00702
G0 F7500 X115.7 Y131.04
G0 X120.324 Y131.3
G0 X120.324 Y130.839
G1 F1350 X120.839 Y130.324 E168.03125
G0 F7500 X120.839 Y129.759
G1 F1350 X119.759 Y130.839 E168.08205
G0 F7500 X119.193 Y130.839
G1 F1350 X120.839 Y129.193 E168.15947
G0 F7500 X120.839 Y128.627
G1 F1350 X118.627 Y130.839 E168.26352
G0 F7500 X118.062 Y130.839
G1 F1350 X120.839 Y128.061 E168.39416
G0 F7500 X120.839 Y127.496
G1 F1350 X117.496 Y130.839 E168.55141
G0 F7500 X116.93 Y130.839
G1 F1350 X120.839 Y126.93 E168.73527
G0 F7500 X120.839 Y126.364
G1 F1350 X116.365 Y130.839 E168.94574
G0 F7500 X116.159 Y130.478
G1 F1350 X120.839 Y125.799 E169.16585
G0 F7500 X120.839 Y125.233
G1 F1350 X116.159 Y129.913 E169.38598
G0 F7500 X116.159 Y129.347
G1 F1350 X120.839 Y124.667 E169.60611
G0 F7500 X120.839 Y124.102
G1 F1350 X116.159 Y128.781 E169.82622
G0 F7500 X116.159 Y128.216
G1 F1350 X120.839 Y123.536 E170.04636
G0 F7500 X120.839 Y122.97
G1 F1350 X116.159 Y127.65 E170.26649
G0 F7500 X116.159 Y127.084
G1 F1350 X120.839 Y122.405 E170.4866
G0 F7500 X120.839 Y121.839
G1 F1350 X116.159 Y126.519 E170.70673
G0 F7500 X116.159 Y125.953
G1 F1350 X120.839 Y121.273 E170.92686
G0 F7500 X120.839 Y120.708
G1 F1350 X116.159 Y125.387 E171.14697
G0 F7500 X116.159 Y124.822
G1 F1350 X120.839 Y120.142 E171.36711
G0 F7500 X120.839 Y119.576
G1 F1350 X116.159 Y124.256 E171.58724
G0 F7500 X116.159 Y123.69
G1 F1350 X120.839 Y119.011 E171.80735
G0 F7500 X120.839 Y118.445
G1 F1350 X116.159 Y123.124 E172.02746
G0 F7500 X116.159 Y122.559
G1 F1350 X120.839 Y117.879 E172.24759
G0 F7500 X120.839 Y117.313
G1 F1350 X116.159 Y121.993 E172.46772
G0 F7500 X116.159 Y121.427
G1 F1350 X120.839 Y116.748 E172.68783
G0 F7500 X120.839 Y116.182
G1 F1350 X116.159 Y120.862 E172.90797
G0 F7500 X116.159 Y120.296
G1 F1350 X120.839 Y115.616 E173.1281
G0 F7500 X120.839 Y115.051
G1 F1350 X116.159 Y119.73 E173.34821
G0 F7500 X116.159 Y119.165
G1 F1350 X120.839 Y114.485 E173.56834
G0 F7500 X120.839 Y113.919
G1 F1350 X116.159 Y118.599 E173.78847
G0 F7500 X116.159 Y118.033
G1 F1350 X120.839 Y113.354 E174.00858
G0 F7500 X120.839 Y112.788
G1 F1350 X116.159 Y117.468 E174.22872
G0 F7500 X116.159 Y116.902
G1 F1350 X120.839 Y112.222 E174.44885
G0 F7500 X120.839 Y111.657
G1 F1350 X116.159 Y116.336 E174.66896
G0 F7500 X116.159 Y115.771
G1 F1350 X120.839 Y111.091 E174.88909
G0 F7500 X120.839 Y110.525
G1 F1350 X116.159 Y115.205 E175.10922
G0 F7500 X116.159 Y114.639
G1 F1350 X120.839 Y109.96 E175.32933
G0 F7500 X120.839 Y109.394
G1 F1350 X116.159 Y114.074 E175.54947
G0 F7500 X116.159 Y113.508
G1 F1350 X120.839 Y108.828 E175.7696
G0 F7500 X120.839 Y108.262
G1 F1350 X116.159 Y112.942 E175.98973
G0 F7500 X116.159 Y112.376
G1 F1350 X120.839 Y107.697 E176.20984
G0 F7500 X120.839 Y107.131
G1 F1350 X116.159 Y111.811 E176.42997
G0 F7500 X116.159 Y111.245
G1 F1350 X120.839 Y106.565 E176.65011
G0 F7500 X120.839 Y106
G1 F1350 X116.159 Y110.679 E176.87022
G0 F7500 X116.159 Y110.114
G1 F1350 X120.839 Y105.434 E177.09035
G0 F7500 X120.839 Y104.868
G1 F1350 X116.159 Y109.548 E177.31048
G0 F7500 X116.159 Y108.982
G1 F1350 X120.839 Y104.303 E177.53059
G0 F7500 X120.839 Y103.737
G1 F1350 X116.159 Y108.417 E177.75072
G0 F7500 X116.159 Y107.851
G1 F1350 X120.839 Y103.171 E177.97086
G0 F7500 X120.839 Y102.606
G1 F1350 X116.159 Y107.285 E178.19097
G0 F7500 X116.159 Y106.72
G1 F1350 X120.839 Y102.04 E178.4111
G0 F7500 X120.839 Y101.474
G1 F1350 X116.159 Y106.154 E178.63123
G0 F7500 X116.159 Y105.588
G1 F1350 X120.839 Y100.909 E178.85134
G0 F7500 X120.839 Y100.343
G1 F1350 X116.159 Y105.023 E179.07147
G0 F7500 X116.159 Y104.457
G1 F1350 X120.839 Y99.777 E179.29161
G0 F7500 X120.839 Y99.212
G1 F1350 X116.159 Y103.891 E179.51172
G0 F7500 X116.159 Y103.325
G1 F1350 X120.839 Y98.646 E179.73183
G0 F7500 X120.839 Y98.08
G1 F1350 X116.159 Y102.76 E179.95196
G0 F7500 X116.159 Y102.194
G1 F1350 X120.839 Y97.514 E180.17209
G0 F7500 X120.839 Y96.949
G1 F1350 X116.159 Y101.628 E180.3922
G0 F7500 X116.159 Y101.063
G1 F1350 X120.839 Y96.383 E180.61233
G0 F7500 X120.839 Y95.817
G1 F1350 X116.159 Y100.497 E180.83247
G0 F7500 X116.159 Y99.931
G1 F1350 X120.839 Y95.252 E181.05258
G0 F7500 X120.839 Y94.686
G1 F1350 X116.159 Y99.366 E181.27271
G0 F7500 X116.159 Y98.8
G1 F1350 X120.839 Y94.12 E181.49284
G0 F7500 X120.839 Y93.555
G1 F1350 X116.159 Y98.234 E181.71295
G0 F7500 X116.159 Y97.669
G1 F1350 X120.839 Y92.989 E181.93308
G0 F7500 X120.839 Y92.423
G1 F1350 X116.159 Y97.103 E182.15322
G0 F7500 X116.159 Y96.537
G1 F1350 X120.839 Y91.858 E182.37333
G0 F7500 X120.839 Y91.292
G1 F1350 X116.159 Y95.972 E182.59346
G0 F7500 X116.159 Y95.406
G1 F1350 X120.839 Y90.726 E182.81359
G0 F7500 X120.839 Y90.161
G1 F1350 X116.159 Y94.84 E183.0337
G0 F7500 X116.159 Y94.275
G1 F1350 X120.839 Y89.595 E183.25383
G0 F7500 X120.839 Y89.029
G1 F1350 X116.159 Y93.709 E183.47397
G0 F7500 X116.159 Y93.143
G1 F1350 X120.839 Y88.464 E183.69408
G0 F7500 X120.577 Y88.159
G1 F1350 X116.159 Y92.577 E183.90188
G0 F7500 X116.159 Y92.012
G1 F1350 X120.012 Y88.159 E184.08312
G0 F7500 X119.446 Y88.159
G1 F1350 X116.159 Y91.446 E184.23773
G0 F7500 X116.159 Y90.88
G1 F1350 X118.88 Y88.159 E184.36572
G0 F7500 X118.315 Y88.159
G1 F1350 X116.159 Y90.315 E184.46713
G0 F7500 X116.159 Y89.749
G1 F1350 X117.749 Y88.159 E184.54192
G0 F7500 X117.183 Y88.159
G1 F1350 X116.159 Y89.183 E184.59008
G0 F7500 X116.159 Y88.618
G1 F1350 X116.618 Y88.159 E184.61167
G1 F2700 E179.61167
G0 F7500 X116.618 Y87.7
G0 X121.228 Y87.772
G0 X121.58 Y112.4
G0 X122.665 Y112.4
G0 X135.585 Y112.4
G0 X136.85 Y112.4
;TYPE:WALL-INNER
G1 F2700 E184.61167
G1 F1350 X140.15 Y112.4 E184.72143
G1 X140.15 Y103.6 E185.01412
G1 X136.85 Y103.6 E185.12388
G1 X136.85 Y112.4 E185.41657
G0 F7500 X136.45 Y112.8
;TYPE:WALL-OUTER
G1 F1350 X140.55 Y112.8 E185.55293
G1 X140.55 Y103.2 E185.87223
G1 X136.45 Y103.2 E186.0086
G1 X136.45 Y112.8 E186.3279
G0 F7500 X136.72 Y112.53
G0 X136.95 Y112.04
G0 X137.21 Y112.04
;TYPE:SKIN
G1 F1350 X137.21 Y103.96 E186.59664
G1 X139.79 Y103.96 E186.68245
G1 X139.79 Y112.04 E186.95119
G1 X137.21 Y112.04 E187.037
G0 F7500 X136.95 Y112.04
G0 X139.978 Y112.228
G0 X140.05 Y111.575
G0 X139.589 Y111.575
G1 F1350 X139.324 Y111.84 E187.04947
G0 F7500 X138.758 Y111.84
G1 F1350 X139.589 Y111.009 E187.08855
G0 F7500 X139.589 Y110.443
G1 F1350 X138.192 Y111.84 E187.15426
G0 F7500 X137.627 Y111.84
G1 F1350 X139.589 Y109.878 E187.24655
G0 F7500 X139.589 Y109.312
G1 F1350 X137.409 Y111.492 E187.34909
G0 F7500 X137.409 Y110.926
G1 F1350 X139.589 Y108.746 E187.45163
G0 F7500 X139.589 Y108.18
G1 F1350 X137.409 Y110.36 E187.55417
G0 F7500 X137.409 Y109.795
G1 F1350 X139.589 Y107.615 E187.65671
G0 F7500 X139.589 Y107.049
G1 F1350 X137.409 Y109.229 E187.75925
G0 F7500 X137.409 Y108.663
G1 F1350 X139.589 Y106.483 E187.86179
G0 F7500 X139.589 Y105.918
G1 F1350 X137.409 Y108.098 E187.96433
G0 F7500 X137.409 Y107.532
G1 F1350 X139.589 Y105.352 E188.06688
G0 F7500 X139.589 Y104.786
G1 F1350 X137.409 Y106.966 E188.16942
G0 F7500 X137.409 Y106.401
G1 F1350 X139.589 Y104.221 E188.27196
G0 F7500 X139.085 Y104.159
G1 F1350 X137.409 Y105.835 E188.35079
G0 F7500 X137.409 Y105.269
G1 F1350 X138.519 Y104.159 E188.403
G0 F7500 X137.953 Y104.159
G1 F1350 X137.409 Y104.704 E188.42861
G1 F2700 E183.42861
;MESH:NONMESH
G0 F300 X137.409 Y104.704 Z0.6
G0 F7500 X136.95 Y104.704
G0 X136.664 Y112.586
G0 X135.585 Y112.586
G0 X122.653 Y132.653
G0 X101.403 Y133.153
G0 X95.597 Y133.153
G0 X84.415 Y112.586
G0 X83.15 Y132.4
;TIME_ELAPSED:334.336952
;LAYER:2
M106 S170
;TYPE:WALL-INNER
;MESH:Spacers.stl
G1 F2700 E188.42861
G1 F1500 X83.15 Y88.6 E189.88541
G1 X79.85 Y88.6 E189.99516
G1 X79.85 Y132.4 E191.45196
G1 X83.15 Y132.4 E191.56172
G0 F9000 X83.55 Y132.8
;TYPE:WALL-OUTER
G1 F1500 X83.55 Y88.2 E193.04512
G1 X79.45 Y88.2 E193.18149
G1 X79.45 Y132.8 E194.66489
G1 X83.55 Y132.8 E194.80125
G0 F9000 X83.28 Y132.53
G0 X83.05 Y132.04
G0 X82.79 Y132.04
;TYPE:SKIN
G1 F1500 X80.21 Y132.04 E194.88707
G1 X80.21 Y88.96 E196.31991
G1 X82.79 Y88.96 E196.40572
G1 X82.79 Y132.04 E197.83857
G0 F9000 X83.05 Y132.04
G0 X80.927 Y132.3
G0 X80.927 Y131.839
G1 F1500 X80.41 Y131.321 E197.86291
G0 F9000 X80.41 Y130.756
G1 F1500 X81.493 Y131.839 E197.91385
G0 F9000 X82.059 Y131.839
G1 F1500 X80.41 Y130.19 E197.99142
G0 F9000 X80.41 Y129.624
G1 F1500 X82.59 Y131.804 E198.09396
G0 F9000 X82.59 Y131.239
G1 F1500 X80.41 Y129.059 E198.1965
G0 F9000 X80.41 Y128.493
G1 F1500 X82.59 Y130.673 E198.29904
G0 F9000 X82.59 Y130.107
G1 F1500 X80.41 Y127.927 E198.40158
G0 F9000 X80.41 Y127.361
G1 F1500 X82.59 Y129.541 E198.50412
G0 F9000 X82.59 Y128.976
G1 F1500 X80.41 Y126.796 E198.60666
G0 F9000 X80.41 Y126.23
G1 F1500 X82.59 Y128.41 E198.7092
G0 F9000 X82.59 Y127.844
G1 F1500 X80.41 Y125.664 E198.81174
G0 F9000 X80.41 Y125.099
G1 F1500 X82.59 Y127.279 E198.91428
G0 F9000 X82.59 Y126.713
G1 F1500 X80.41 Y124.533 E199.01682
G0 F9000 X80.41 Y123.967
G1 F1500 X82.59 Y126.147 E199.11936
G0 F9000 X82.59 Y125.582
G1 F1500 X80.41 Y123.402 E199.2219
G0 F9000 X80.41 Y122.836
G1 F1500 X82.59 Y125.016 E199.32444
G0 F9000 X82.59 Y124.45
G1 F1500 X80.41 Y122.27 E199.42698
G0 F9000 X80.41 Y121.705
G1 F1500 X82.59 Y123.885 E199.52952
G0 F9000 X82.59 Y123.319
G1 F1500 X80.41 Y121.139 E199.63206
G0 F9000 X80.41 Y120.573
G1 F1500 X82.59 Y122.753 E199.73461
G0 F9000 X82.59 Y122.188
G1 F1500 X80.41 Y120.008 E199.83715
G0 F9000 X80.41 Y119.442
G1 F1500 X82.59 Y121.622 E199.93969
G0 F9000 X82.59 Y121.056
G1 F1500 X80.41 Y118.876 E200.04223
G0 F9000 X80.41 Y118.31
G1 F1500 X82.59 Y120.49 E200.14477
G0 F9000 X82.59 Y119.925
G1 F1500 X80.41 Y117.745 E200.24731
G0 F9000 X80.41 Y117.179
G1 F1500 X82.59 Y119.359 E200.34985
G0 F9000 X82.59 Y118.793
G1 F1500 X80.41 Y116.613 E200.45239
G0 F9000 X80.41 Y116.048
G1 F1500 X82.59 Y118.228 E200.55493
G0 F9000 X82.59 Y117.662
G1 F1500 X80.41 Y115.482 E200.65747
G0 F9000 X80.41 Y114.916
G1 F1500 X82.59 Y117.096 E200.76001
G0 F9000 X82.59 Y116.531
G1 F1500 X80.41 Y114.351 E200.86255
G0 F9000 X80.41 Y113.785
G1 F1500 X82.59 Y115.965 E200.96509
G0 F9000 X82.59 Y115.399
G1 F1500 X80.41 Y113.219 E201.06763
G0 F9000 X80.41 Y112.654
G1 F1500 X82.59 Y114.834 E201.17017
G0 F9000 X82.59 Y114.268
G1 F1500 X80.41 Y112.088 E201.27271
G0 F9000 X80.41 Y111.522
G1 F1500 X82.59 Y113.702 E201.37525
G0 F9000 X82.59 Y113.137
G1 F1500 X80.41 Y110.957 E201.47779
G0 F9000 X80.41 Y110.391
G1 F1500 X82.59 Y112.571 E201.58033
G0 F9000 X82.59 Y112.005
G1 F1500 X80.41 Y109.825 E201.68288
G0 F9000 X80.41 Y109.26
G1 F1500 X82.59 Y111.44 E201.78542
G0 F9000 X82.59 Y110.874
G1 F1500 X80.41 Y108.694 E201.88796
G0 F9000 X80.41 Y108.128
G1 F1500 X82.59 Y110.308 E201.9905
G0 F9000 X82.59 Y109.742
G1 F1500 X80.41 Y107.562 E202.09304
G0 F9000 X80.41 Y106.997
G1 F1500 X82.59 Y109.177 E202.19558
G0 F9000 X82.59 Y108.611
G1 F1500 X80.41 Y106.431 E202.29812
G0 F9000 X80.41 Y105.865
G1 F1500 X82.59 Y108.045 E202.40066
G0 F9000 X82.59 Y107.48
G1 F1500 X80.41 Y105.3 E202.5032
G0 F9000 X80.41 Y104.734
G1 F1500 X82.59 Y106.914 E202.60574
G0 F9000 X82.59 Y106.348
G1 F1500 X80.41 Y104.168 E202.70828
G0 F9000 X80.41 Y103.603
G1 F1500 X82.59 Y105.783 E202.81082
G0 F9000 X82.59 Y105.217
G1 F1500 X80.41 Y103.037 E202.91336
G0 F9000 X80.41 Y102.471
G1 F1500 X82.59 Y104.651 E203.0159
G0 F9000 X82.59 Y104.086
G1 F1500 X80.41 Y101.906 E203.11844
G0 F9000 X80.41 Y101.34
G1 F1500 X82.59 Y103.52 E203.22098
G0 F9000 X82.59 Y102.954
G1 F1500 X80.41 Y100.774 E203.32352
G0 F9000 X80.41 Y100.209
G1 F1500 X82.59 Y102.389 E203.42606
G0 F9000 X82.59 Y101.823
G1 F1500 X80.41 Y99.643 E203.5286
G0 F9000 X80.41 Y99.077
G1 F1500 X82.59 Y101.257 E203.63114
G0 F9000 X82.59 Y100.692
G1 F1500 X80.41 Y98.511 E203.73371
G0 F9000 X80.41 Y97.946
G1 F1500 X82.59 Y100.126 E203.83625
G0 F9000 X82.59 Y99.56
G1 F1500 X80.41 Y97.38 E203.93879
G0 F9000 X80.41 Y96.814
G1 F1500 X82.59 Y98.994 E204.04133
G0 F9000 X82.59 Y98.429
G1 F1500 X80.41 Y96.249 E204.14387
G0 F9000 X80.41 Y95.683
G1 F1500 X82.59 Y97.863 E204.24641
G0 F9000 X82.59 Y97.297
G1 F1500 X80.41 Y95.117 E204.34895
G0 F9000 X80.41 Y94.552
G1 F1500 X82.59 Y96.732 E204.45149
G0 F9000 X82.59 Y96.166
G1 F1500 X80.41 Y93.986 E204.55403
G0 F9000 X80.41 Y93.42
G1 F1500 X82.59 Y95.6 E204.65657
G0 F9000 X82.59 Y95.035
G1 F1500 X80.41 Y92.855 E204.75911
G0 F9000 X80.41 Y92.289
G1 F1500 X82.59 Y94.469 E204.86165
G0 F9000 X82.59 Y93.903
G1 F1500 X80.41 Y91.723 E204.9642
G0 F9000 X80.41 Y91.158
G1 F1500 X82.59 Y93.338 E205.06674
G0 F9000 X82.59 Y92.772
G1 F1500 X80.41 Y90.592 E205.16928
G0 F9000 X80.41 Y90.026
G1 F1500 X82.59 Y92.206 E205.27182
G0 F9000 X82.59 Y91.641
G1 F1500 X80.41 Y89.461 E205.37436
G0 F9000 X80.674 Y89.159
G1 F1500 X82.59 Y91.075 E205.46448
G0 F9000 X82.59 Y90.509
G1 F1500 X81.24 Y89.159 E205.52798
G0 F9000 X81.805 Y89.159
G1 F1500 X82.59 Y89.943 E205.56488
G0 F9000 X82.59 Y89.378
G1 F1500 X82.371 Y89.159 E205.57518
G1 F2700 E200.57518
G0 F9000 X82.371 Y88.7
G0 X82.978 Y88.772
G0 X83.33 Y131.9
G0 X84.415 Y131.9
G0 X95.585 Y131.9
G0 X100.15 Y131.9
;TYPE:WALL-INNER
G1 F2700 E205.57518
G1 F1500 X100.15 Y88.1 E207.03198
G1 X96.85 Y88.1 E207.14173
G1 X96.85 Y131.9 E208.59853
G1 X100.15 Y131.9 E208.70829
G0 F9000 X100.55 Y132.3
;TYPE:WALL-OUTER
G1 F1500 X100.55 Y87.7 E210.19169
G1 X96.45 Y87.7 E210.32805
G1 X96.45 Y132.3 E211.81146
G1 X100.55 Y132.3 E211.94782
G0 F9000 X100.28 Y132.03
G0 X100.05 Y131.54
G0 X99.79 Y131.54
;TYPE:SKIN
G1 F1500 X97.21 Y131.54 E212.03363
G1 X97.21 Y88.46 E213.46648
G1 X99.79 Y88.46 E213.55229
G1 X99.79 Y131.54 E214.98514
G0 F9000 X100.05 Y131.54
G0 X97.963 Y131.8
G0 X97.963 Y131.339
G1 F1500 X97.409 Y130.785 E215.0112
G0 F9000 X97.409 Y130.219
G1 F1500 X98.529 Y131.339 E215.06388
G0 F9000 X99.095 Y131.339
G1 F1500 X97.409 Y129.653 E215.14318
G0 F9000 X97.409 Y129.087
G1 F1500 X99.59 Y131.268 E215.24577
G0 F9000 X99.59 Y130.703
G1 F1500 X97.409 Y128.522 E215.34836
G0 F9000 X97.409 Y127.956
G1 F1500 X99.59 Y130.137 E215.45095
G0 F9000 X99.59 Y129.571
G1 F1500 X97.409 Y127.39 E215.55353
G0 F9000 X97.409 Y126.825
G1 F1500 X99.59 Y129.005 E215.6561
G0 F9000 X99.59 Y128.44
G1 F1500 X97.409 Y126.259 E215.75868
G0 F9000 X97.409 Y125.693
G1 F1500 X99.59 Y127.874 E215.86127
G0 F9000 X99.59 Y127.308
G1 F1500 X97.409 Y125.128 E215.96384
G0 F9000 X97.409 Y124.562
G1 F1500 X99.59 Y126.743 E216.06642
G0 F9000 X99.59 Y126.177
G1 F1500 X97.409 Y123.996 E216.16901
G0 F9000 X97.409 Y123.431
G1 F1500 X99.59 Y125.611 E216.27158
G0 F9000 X99.59 Y125.046
G1 F1500 X97.409 Y122.865 E216.37416
G0 F9000 X97.409 Y122.299
G1 F1500 X99.59 Y124.48 E216.47675
G0 F9000 X99.59 Y123.914
G1 F1500 X97.409 Y121.734 E216.57931
G0 F9000 X97.409 Y121.168
G1 F1500 X99.59 Y123.349 E216.6819
G0 F9000 X99.59 Y122.783
G1 F1500 X97.409 Y120.602 E216.78449
G0 F9000 X97.409 Y120.037
G1 F1500 X99.59 Y122.217 E216.88705
G0 F9000 X99.59 Y121.652
G1 F1500 X97.409 Y119.471 E216.98964
G0 F9000 X97.409 Y118.905
G1 F1500 X99.59 Y121.086 E217.09223
G0 F9000 X99.59 Y120.52
G1 F1500 X97.409 Y118.339 E217.19482
G0 F9000 X97.409 Y117.774
G1 F1500 X99.59 Y119.955 E217.2974
G0 F9000 X99.59 Y119.389
G1 F1500 X97.409 Y117.208 E217.39999
G0 F9000 X97.409 Y116.642
G1 F1500 X99.59 Y118.823 E217.50258
G0 F9000 X99.59 Y118.257
G1 F1500 X97.409 Y116.077 E217.60514
G0 F9000 X97.409 Y115.511
G1 F1500 X99.59 Y117.692 E217.70773
G0 F9000 X99.59 Y117.126
G1 F1500 X97.409 Y114.945 E217.81032
G0 F9000 X97.409 Y114.38
G1 F1500 X99.59 Y116.56 E217.91288
G0 F9000 X99.59 Y115.995
G1 F1500 X97.409 Y113.814 E218.01547
G0 F9000 X97.409 Y113.248
G1 F1500 X99.59 Y115.429 E218.11806
G0 F9000 X99.59 Y114.863
G1 F1500 X97.409 Y112.683 E218.22062
G0 F9000 X97.409 Y112.117
G1 F1500 X99.59 Y114.298 E218.32321
G0 F9000 X99.59 Y113.732
G1 F1500 X97.409 Y111.551 E218.4258
G0 F9000 X97.409 Y110.986
G1 F1500 X99.59 Y113.166 E218.52836
G0 F9000 X99.59 Y112.601
G1 F1500 X97.409 Y110.42 E218.63095
G0 F9000 X97.409 Y109.854
G1 F1500 X99.59 Y112.035 E218.73354
G0 F9000 X99.59 Y111.469
G1 F1500 X97.409 Y109.289 E218.8361
G0 F9000 X97.409 Y108.723
G1 F1500 X99.59 Y110.904 E218.93869
G0 F9000 X99.59 Y110.338
G1 F1500 X97.409 Y108.157 E219.04127
G0 F9000 X97.409 Y107.591
G1 F1500 X99.589 Y109.771 E219.14382
G0 F9000 X99.589 Y109.206
G1 F1500 X97.409 Y107.026 E219.24636
G0 F9000 X97.409 Y106.46
G1 F1500 X99.589 Y108.64 E219.3489
G0 F9000 X99.589 Y108.074
G1 F1500 X97.409 Y105.894 E219.45144
G0 F9000 X97.409 Y105.329
G1 F1500 X99.589 Y107.509 E219.55398
G0 F9000 X99.589 Y106.943
G1 F1500 X97.409 Y104.763 E219.65652
G0 F9000 X97.409 Y104.197
G1 F1500 X99.589 Y106.377 E219.75906
G0 F9000 X99.589 Y105.812
G1 F1500 X97.409 Y103.632 E219.8616
G0 F9000 X97.409 Y103.066
G1 F1500 X99.589 Y105.246 E219.96414
G0 F9000 X99.589 Y104.68
G1 F1500 X97.409 Y102.5 E220.06668
G0 F9000 X97.409 Y101.935
G1 F1500 X99.589 Y104.115 E220.16922
G0 F9000 X99.589 Y103.549
G1 F1500 X97.409 Y101.369 E220.27176
G0 F9000 X97.409 Y100.803
G1 F1500 X99.589 Y102.983 E220.3743
G0 F9000 X99.589 Y102.418
G1 F1500 X97.409 Y100.238 E220.47684
G0 F9000 X97.409 Y99.672
G1 F1500 X99.589 Y101.852 E220.57938
G0 F9000 X99.589 Y101.286
G1 F1500 X97.409 Y99.106 E220.68192
G0 F9000 X97.409 Y98.54
G1 F1500 X99.589 Y100.72 E220.78446
G0 F9000 X99.589 Y100.155
G1 F1500 X97.409 Y97.975 E220.887
G0 F9000 X97.409 Y97.409
G1 F1500 X99.589 Y99.589 E220.98954
G0 F9000 X99.589 Y99.023
G1 F1500 X97.409 Y96.843 E221.09209
G0 F9000 X97.409 Y96.278
G1 F1500 X99.589 Y98.458 E221.19463
G0 F9000 X99.589 Y97.892
G1 F1500 X97.409 Y95.712 E221.29717
G0 F9000 X97.409 Y95.146
G1 F1500 X99.589 Y97.326 E221.39971
G0 F9000 X99.589 Y96.761
G1 F1500 X97.409 Y94.581 E221.50225
G0 F9000 X97.409 Y94.015
G1 F1500 X99.589 Y96.195 E221.60479
G0 F9000 X99.589 Y95.629
G1 F1500 X97.409 Y93.449 E221.70733
G0 F9000 X97.409 Y92.884
G1 F1500 X99.589 Y95.064 E221.80987
G0 F9000 X99.589 Y94.498
G1 F1500 X97.409 Y92.318 E221.91241
G0 F9000 X97.409 Y91.752
G1 F1500 X99.589 Y93.932 E222.01495
G0 F9000 X99.589 Y93.367
G1 F1500 X97.409 Y91.187 E222.11749
G0 F9000 X97.409 Y90.621
G1 F1500 X99.589 Y92.801 E222.22003
G0 F9000 X99.589 Y92.235
G1 F1500 X97.409 Y90.055 E222.32257
G0 F9000 X97.409 Y89.49
G1 F1500 X99.589 Y91.67 E222.42511
G0 F9000 X99.589 Y91.104
G1 F1500 X97.409 Y88.924 E222.52765
G0 F9000 X97.71 Y88.659
G1 F1500 X99.589 Y90.538 E222.61603
G0 F9000 X99.589 Y89.972
G1 F1500 X98.276 Y88.659 E222.67779
G0 F9000 X98.842 Y88.659
G1 F1500 X99.589 Y89.407 E222.71295
G0 F9000 X99.589 Y88.841
G1 F1500 X99.407 Y88.659 E222.72152
G1 F2700 E217.72152
G0 F9000 X99.407 Y88.2
G0 X99.978 Y88.272
G0 X100.33 Y131.4
G0 X101.415 Y131.4
G0 X114.335 Y131.4
G0 X115.6 Y131.4
;TYPE:WALL-INNER
G1 F2700 E222.72152
G1 F1500 X121.4 Y131.4 E222.91442
G1 X121.4 Y87.6 E224.37122
G1 X115.6 Y87.6 E224.56413
G1 X115.6 Y131.4 E226.02092
G0 F9000 X115.2 Y131.8
;TYPE:WALL-OUTER
G1 F1500 X121.8 Y131.8 E226.24044
G1 X121.8 Y87.2 E227.72384
G1 X115.2 Y87.2 E227.94336
G1 X115.2 Y131.8 E229.42676
G0 F9000 X115.47 Y131.53
G0 X115.7 Y131.04
G0 X115.96 Y131.04
;TYPE:SKIN
G1 F1500 X115.96 Y87.96 E230.8596
G1 X121.04 Y87.96 E231.02857
G1 X121.04 Y131.04 E232.46141
G1 X115.96 Y131.04 E232.63037
G0 F9000 X116.697 Y130.839
G1 F1500 X116.159 Y130.301 E232.65568
G0 F9000 X116.159 Y129.735
G1 F1500 X117.263 Y130.839 E232.70761
G0 F9000 X117.828 Y130.839
G1 F1500 X116.159 Y129.17 E232.78611
G0 F9000 X116.159 Y128.604
G1 F1500 X118.394 Y130.839 E232.89124
G0 F9000 X118.96 Y130.839
G1 F1500 X116.159 Y128.038 E233.02299
G0 F9000 X116.159 Y127.472
G1 F1500 X119.525 Y130.839 E233.18134
G0 F9000 X120.091 Y130.839
G1 F1500 X116.159 Y126.907 E233.36629
G0 F9000 X116.159 Y126.341
G1 F1500 X120.657 Y130.839 E233.57786
G0 F9000 X120.839 Y130.456
G1 F1500 X116.159 Y125.775 E233.79802
G0 F9000 X116.159 Y125.21
G1 F1500 X120.839 Y129.89 E234.01815
G0 F9000 X120.839 Y129.324
G1 F1500 X116.159 Y124.644 E234.23829
G0 F9000 X116.159 Y124.078
G1 F1500 X120.839 Y128.759 E234.45844
G0 F9000 X120.839 Y128.193
G1 F1500 X116.159 Y123.513 E234.67857
G0 F9000 X116.159 Y122.947
G1 F1500 X120.839 Y127.627 E234.89871
G0 F9000 X120.839 Y127.062
G1 F1500 X116.159 Y122.381 E235.11886
G0 F9000 X116.159 Y121.816
G1 F1500 X120.839 Y126.496 E235.339
G0 F9000 X120.839 Y125.93
G1 F1500 X116.159 Y121.25 E235.55913
G0 F9000 X116.159 Y120.684
G1 F1500 X120.839 Y125.365 E235.77929
G0 F9000 X120.839 Y124.799
G1 F1500 X116.159 Y120.119 E235.99942
G0 F9000 X116.159 Y119.553
G1 F1500 X120.839 Y124.233 E236.21955
G0 F9000 X120.839 Y123.668
G1 F1500 X116.159 Y118.987 E236.43971
G0 F9000 X116.159 Y118.422
G1 F1500 X120.839 Y123.102 E236.65984
G0 F9000 X120.839 Y122.536
G1 F1500 X116.159 Y117.856 E236.87997
G0 F9000 X116.159 Y117.29
G1 F1500 X120.839 Y121.97 E237.10011
G0 F9000 X120.839 Y121.405
G1 F1500 X116.159 Y116.724 E237.32026
G0 F9000 X116.159 Y116.159
G1 F1500 X120.839 Y120.839 E237.5404
G0 F9000 X120.839 Y120.273
G1 F1500 X116.159 Y115.593 E237.76053
G0 F9000 X116.159 Y115.027
G1 F1500 X120.839 Y119.708 E237.98068
G0 F9000 X120.839 Y119.142
G1 F1500 X116.159 Y114.462 E238.20082
G0 F9000 X116.159 Y113.896
G1 F1500 X120.839 Y118.576 E238.42095
G0 F9000 X120.839 Y118.011
G1 F1500 X116.159 Y113.33 E238.64111
G0 F9000 X116.159 Y112.765
G1 F1500 X120.839 Y117.445 E238.86124
G0 F9000 X120.839 Y116.879
G1 F1500 X116.159 Y112.199 E239.08137
G0 F9000 X116.159 Y111.633
G1 F1500 X120.839 Y116.314 E239.30153
G0 F9000 X120.839 Y115.748
G1 F1500 X116.159 Y111.068 E239.52166
G0 F9000 X116.159 Y110.502
G1 F1500 X120.839 Y115.182 E239.74179
G0 F9000 X120.839 Y114.617
G1 F1500 X116.159 Y109.936 E239.96195
G0 F9000 X116.159 Y109.371
G1 F1500 X120.839 Y114.051 E240.18208
G0 F9000 X120.839 Y113.485
G1 F1500 X116.159 Y108.805 E240.40222
G0 F9000 X116.159 Y108.239
G1 F1500 X120.839 Y112.92 E240.62237
G0 F9000 X120.839 Y112.354
G1 F1500 X116.159 Y107.673 E240.84253
G0 F9000 X116.159 Y107.108
G1 F1500 X120.839 Y111.788 E241.06266
G0 F9000 X120.839 Y111.222
G1 F1500 X116.159 Y106.542 E241.2828
G0 F9000 X116.159 Y105.976
G1 F1500 X120.839 Y110.657 E241.50295
G0 F9000 X120.839 Y110.091
G1 F1500 X116.159 Y105.411 E241.72308
G0 F9000 X116.159 Y104.845
G1 F1500 X120.839 Y109.525 E241.94322
G0 F9000 X120.839 Y108.96
G1 F1500 X116.159 Y104.279 E242.16337
G0 F9000 X116.159 Y103.714
G1 F1500 X120.839 Y108.394 E242.38351
G0 F9000 X120.839 Y107.828
G1 F1500 X116.159 Y103.148 E242.60364
G0 F9000 X116.159 Y102.582
G1 F1500 X120.839 Y107.263 E242.8238
G0 F9000 X120.839 Y106.697
G1 F1500 X116.159 Y102.017 E243.04393
G0 F9000 X116.159 Y101.451
G1 F1500 X120.839 Y106.131 E243.26406
G0 F9000 X120.839 Y105.566
G1 F1500 X116.159 Y100.885 E243.48422
G0 F9000 X116.159 Y100.32
G1 F1500 X120.839 Y105 E243.70435
G0 F9000 X120.839 Y104.434
G1 F1500 X116.159 Y99.754 E243.92448
G0 F9000 X116.159 Y99.188
G1 F1500 X120.839 Y103.869 E244.14464
G0 F9000 X120.839 Y103.303
G1 F1500 X116.159 Y98.623 E244.36477
G0 F9000 X116.159 Y98.057
G1 F1500 X120.839 Y102.737 E244.58491
G0 F9000 X120.839 Y102.171
G1 F1500 X116.159 Y97.491 E244.80504
G0 F9000 X116.159 Y96.925
G1 F1500 X120.839 Y101.606 E245.02519
G0 F9000 X120.839 Y101.04
G1 F1500 X116.159 Y96.36 E245.24533
G0 F9000 X116.159 Y95.794
G1 F1500 X120.839 Y100.474 E245.46546
G0 F9000 X120.839 Y99.909
G1 F1500 X116.159 Y95.228 E245.68562
G0 F9000 X116.159 Y94.663
G1 F1500 X120.839 Y99.343 E245.90575
G0 F9000 X120.839 Y98.777
G1 F1500 X116.159 Y94.097 E246.12588
G0 F9000 X116.159 Y93.531
G1 F1500 X120.839 Y98.212 E246.34604
G0 F9000 X120.839 Y97.646
G1 F1500 X116.159 Y92.966 E246.56617
G0 F9000 X116.159 Y92.4
G1 F1500 X120.839 Y97.08 E246.7863
G0 F9000 X120.839 Y96.515
G1 F1500 X116.159 Y91.834 E247.00646
G0 F9000 X116.159 Y91.269
G1 F1500 X120.839 Y95.949 E247.22659
G0 F9000 X120.839 Y95.383
G1 F1500 X116.159 Y90.703 E247.44673
G0 F9000 X116.159 Y90.137
G1 F1500 X120.839 Y94.818 E247.66688
G0 F9000 X120.839 Y94.252
G1 F1500 X116.159 Y89.572 E247.88702
G0 F9000 X116.159 Y89.006
G1 F1500 X120.839 Y93.686 E248.10715
G0 F9000 X120.839 Y93.121
G1 F1500 X116.159 Y88.44 E248.3273
G0 F9000 X116.444 Y88.16
G1 F1500 X120.839 Y92.555 E248.53403
G0 F9000 X120.839 Y91.989
G1 F1500 X117.01 Y88.16 E248.71414
G0 F9000 X117.576 Y88.16
G1 F1500 X120.839 Y91.423 E248.86762
G0 F9000 X120.839 Y90.858
G1 F1500 X118.141 Y88.16 E248.99452
G0 F9000 X118.707 Y88.16
G1 F1500 X120.839 Y90.292 E249.09481
G0 F9000 X120.839 Y89.726
G1 F1500 X119.273 Y88.16 E249.16847
G0 F9000 X119.839 Y88.16
G1 F1500 X120.839 Y89.161 E249.21553
G0 F9000 X120.839 Y88.595
G1 F1500 X120.404 Y88.16 E249.23599
G1 F2700 E244.23599
G0 F9000 X120.404 Y87.7
G0 X121.228 Y87.772
G0 X121.58 Y112.4
G0 X122.665 Y112.4
G0 X135.585 Y112.4
G0 X136.85 Y112.4
;TYPE:WALL-INNER
G1 F2700 E249.23599
G1 F1500 X140.15 Y112.4 E249.34575
G1 X140.15 Y103.6 E249.63844
G1 X136.85 Y103.6 E249.74819
G1 X136.85 Y112.4 E250.04088
G0 F9000 X136.45 Y112.8
;TYPE:WALL-OUTER
G1 F1500 X140.55 Y112.8 E250.17725
G1 X140.55 Y103.2 E250.49655
G1 X136.45 Y103.2 E250.63291
G1 X136.45 Y112.8 E250.95221
G0 F9000 X136.72 Y112.53
G0 X136.95 Y112.04
G0 X137.21 Y112.04
;TYPE:SKIN
G1 F1500 X137.21 Y103.96 E251.22095
G1 X139.79 Y103.96 E251.30676
G1 X139.79 Y112.04 E251.57551
G1 X137.21 Y112.04 E251.66132
G0 F9000 X137.861 Y111.839
G1 F1500 X137.409 Y111.387 E251.68258
G0 F9000 X137.409 Y110.822
G1 F1500 X138.426 Y111.839 E251.73041
G0 F9000 X138.992 Y111.839
G1 F1500 X137.409 Y110.256 E251.80487
G0 F9000 X137.409 Y109.69
G1 F1500 X139.558 Y111.839 E251.90596
G0 F9000 X139.589 Y111.304
G1 F1500 X137.409 Y109.124 E252.0085
G0 F9000 X137.409 Y108.559
G1 F1500 X139.589 Y110.739 E252.11104
G0 F9000 X139.589 Y110.173
G1 F1500 X137.409 Y107.993 E252.21358
G0 F9000 X137.409 Y107.427
G1 F1500 X139.589 Y109.607 E252.31612
G0 F9000 X139.589 Y109.042
G1 F1500 X137.409 Y106.862 E252.41866
G0 F9000 X137.409 Y106.296
G1 F1500 X139.589 Y108.476 E252.5212
G0 F9000 X139.589 Y107.91
G1 F1500 X137.409 Y105.73 E252.62374
G0 F9000 X137.409 Y105.165
G1 F1500 X139.589 Y107.345 E252.72628
G0 F9000 X139.589 Y106.779
G1 F1500 X137.409 Y104.599 E252.82882
G0 F9000 X137.535 Y104.16
G1 F1500 X139.589 Y106.213 E252.92541
G0 F9000 X139.589 Y105.648
G1 F1500 X138.101 Y104.16 E252.9954
G0 F9000 X138.667 Y104.16
G1 F1500 X139.589 Y105.082 E253.03877
G0 F9000 X139.589 Y104.516
G1 F1500 X139.232 Y104.16 E253.05554
G1 F2700 E248.05554
;MESH:NONMESH
G0 F300 X139.232 Y104.16 Z0.8
G0 F9000 X139.232 Y103.7
G0 X137.022 Y103.772
G0 X136.664 Y112.586
G0 X135.585 Y112.586
G0 X122.653 Y132.653
G0 X101.403 Y133.153
G0 X95.597 Y133.153
G0 X84.415 Y112.586
G0 X83.15 Y132.4
;TIME_ELAPSED:441.300760
;LAYER:3
M106 S255
;TYPE:WALL-INNER
;MESH:Spacers.stl
G1 F2700 E253.05554
G1 F1500 X83.15 Y88.6 E254.51233
G1 X79.85 Y88.6 E254.62209
G1 X79.85 Y132.4 E256.07889
G1 X83.15 Y132.4 E256.18864
G0 F9000 X83.55 Y132.8
;TYPE:WALL-OUTER
G1 F1500 X83.55 Y88.2 E257.67205
G1 X79.45 Y88.2 E257.80841
G1 X79.45 Y132.8 E259.29181
G1 X83.55 Y132.8 E259.42818
G0 F9000 X83.28 Y132.53
G0 X83.05 Y132.04
G0 X82.79 Y132.04
;TYPE:SKIN
G1 F1500 X80.21 Y132.04 E259.51399
G1 X80.21 Y88.96 E260.94684
G1 X82.79 Y88.96 E261.03265
G1 X82.79 Y132.04 E262.4655
G0 F9000 X81.989 Y131.839
G1 F1500 X82.589 Y131.239 E262.49372
G0 F9000 X82.589 Y130.674
G1 F1500 X81.424 Y131.839 E262.54852
G0 F9000 X80.858 Y131.839
G1 F1500 X82.589 Y130.108 E262.62994
G0 F9000 X82.589 Y129.542
G1 F1500 X80.41 Y131.721 E262.73243
G0 F9000 X80.41 Y131.156
G1 F1500 X82.589 Y128.976 E262.83495
G0 F9000 X82.589 Y128.411
G1 F1500 X80.41 Y130.59 E262.93744
G0 F9000 X80.41 Y130.024
G1 F1500 X82.589 Y127.845 E263.03993
G0 F9000 X82.589 Y127.279
G1 F1500 X80.41 Y129.459 E263.14245
G0 F9000 X80.41 Y128.893
G1 F1500 X82.589 Y126.714 E263.24495
G0 F9000 X82.589 Y126.148
G1 F1500 X80.41 Y128.327 E263.34744
G0 F9000 X80.41 Y127.762
G1 F1500 X82.589 Y125.582 E263.44996
G0 F9000 X82.589 Y125.017
G1 F1500 X80.41 Y127.196 E263.55245
G0 F9000 X80.41 Y126.63
G1 F1500 X82.589 Y124.451 E263.65494
G0 F9000 X82.589 Y123.885
G1 F1500 X80.41 Y126.065 E263.75746
G0 F9000 X80.41 Y125.499
G1 F1500 X82.589 Y123.32 E263.85995
G0 F9000 X82.589 Y122.754
G1 F1500 X80.41 Y124.933 E263.96245
G0 F9000 X80.41 Y124.368
G1 F1500 X82.589 Y122.188 E264.06496
G0 F9000 X82.589 Y121.623
G1 F1500 X80.41 Y123.802 E264.16746
G0 F9000 X80.41 Y123.236
G1 F1500 X82.589 Y121.057 E264.26995
G0 F9000 X82.589 Y120.491
G1 F1500 X80.41 Y122.671 E264.37247
G0 F9000 X80.41 Y122.105
G1 F1500 X82.589 Y119.926 E264.47496
G0 F9000 X82.589 Y119.36
G1 F1500 X80.41 Y121.539 E264.57745
G0 F9000 X80.41 Y120.973
G1 F1500 X82.589 Y118.794 E264.67995
G0 F9000 X82.589 Y118.228
G1 F1500 X80.41 Y120.408 E264.78247
G0 F9000 X80.41 Y119.842
G1 F1500 X82.589 Y117.663 E264.88496
G0 F9000 X82.589 Y117.097
G1 F1500 X80.41 Y119.276 E264.98745
G0 F9000 X80.41 Y118.711
G1 F1500 X82.589 Y116.531 E265.08997
G0 F9000 X82.589 Y115.966
G1 F1500 X80.41 Y118.145 E265.19246
G0 F9000 X80.41 Y117.579
G1 F1500 X82.589 Y115.4 E265.29496
G0 F9000 X82.589 Y114.834
G1 F1500 X80.41 Y117.014 E265.39747
G0 F9000 X80.41 Y116.448
G1 F1500 X82.589 Y114.269 E265.49997
G0 F9000 X82.589 Y113.703
G1 F1500 X80.41 Y115.882 E265.60246
G0 F9000 X80.41 Y115.317
G1 F1500 X82.589 Y113.137 E265.70498
G0 F9000 X82.589 Y112.572
G1 F1500 X80.41 Y114.751 E265.80747
G0 F9000 X80.41 Y114.185
G1 F1500 X82.589 Y112.006 E265.90996
G0 F9000 X82.589 Y111.44
G1 F1500 X80.41 Y113.62 E266.01248
G0 F9000 X80.41 Y113.054
G1 F1500 X82.589 Y110.875 E266.11497
G0 F9000 X82.589 Y110.309
G1 F1500 X80.41 Y112.488 E266.21747
G0 F9000 X80.41 Y111.922
G1 F1500 X82.589 Y109.743 E266.31996
G0 F9000 X82.589 Y109.177
G1 F1500 X80.41 Y111.357 E266.42248
G0 F9000 X80.41 Y110.791
G1 F1500 X82.589 Y108.612 E266.52497
G0 F9000 X82.589 Y108.046
G1 F1500 X80.41 Y110.225 E266.62747
G0 F9000 X80.41 Y109.66
G1 F1500 X82.589 Y107.48 E266.72998
G0 F9000 X82.589 Y106.915
G1 F1500 X80.41 Y109.094 E266.83248
G0 F9000 X80.41 Y108.528
G1 F1500 X82.589 Y106.349 E266.93497
G0 F9000 X82.589 Y105.783
G1 F1500 X80.41 Y107.963 E267.03749
G0 F9000 X80.41 Y107.397
G1 F1500 X82.589 Y105.218 E267.13998
G0 F9000 X82.589 Y104.652
G1 F1500 X80.41 Y106.831 E267.24247
G0 F9000 X80.41 Y106.266
G1 F1500 X82.589 Y104.086 E267.34499
G0 F9000 X82.589 Y103.521
G1 F1500 X80.41 Y105.7 E267.44748
G0 F9000 X80.41 Y105.134
G1 F1500 X82.589 Y102.955 E267.54998
G0 F9000 X82.589 Y102.389
G1 F1500 X80.41 Y104.569 E267.65249
G0 F9000 X80.41 Y104.003
G1 F1500 X82.589 Y101.824 E267.75499
G0 F9000 X82.589 Y101.258
G1 F1500 X80.41 Y103.437 E267.85748
G0 F9000 X80.41 Y102.872
G1 F1500 X82.589 Y100.692 E267.96
G0 F9000 X82.589 Y100.127
G1 F1500 X80.41 Y102.306 E268.06249
G0 F9000 X80.41 Y101.74
G1 F1500 X82.589 Y99.561 E268.16499
G0 F9000 X82.589 Y98.995
G1 F1500 X80.41 Y101.174 E268.26748
G0 F9000 X80.41 Y100.609
G1 F1500 X82.589 Y98.429 E268.37
G0 F9000 X82.589 Y97.864
G1 F1500 X80.41 Y100.043 E268.47249
G0 F9000 X80.41 Y99.477
G1 F1500 X82.589 Y97.298 E268.57498
G0 F9000 X82.589 Y96.732
G1 F1500 X80.41 Y98.912 E268.6775
G0 F9000 X80.41 Y98.346
G1 F1500 X82.589 Y96.167 E268.77999
G0 F9000 X82.589 Y95.601
G1 F1500 X80.41 Y97.78 E268.88249
G0 F9000 X80.41 Y97.215
G1 F1500 X82.589 Y95.035 E268.985
G0 F9000 X82.589 Y94.47
G1 F1500 X80.41 Y96.649 E269.0875
G0 F9000 X80.41 Y96.083
G1 F1500 X82.589 Y93.904 E269.18999
G0 F9000 X82.589 Y93.338
G1 F1500 X80.41 Y95.518 E269.29251
G0 F9000 X80.41 Y94.952
G1 F1500 X82.589 Y92.773 E269.395
G0 F9000 X82.589 Y92.207
G1 F1500 X80.41 Y94.386 E269.49749
G0 F9000 X80.41 Y93.821
G1 F1500 X82.589 Y91.641 E269.60001
G0 F9000 X82.589 Y91.076
G1 F1500 X80.41 Y93.255 E269.7025
G0 F9000 X80.41 Y92.689
G1 F1500 X82.589 Y90.51 E269.805
G0 F9000 X82.589 Y89.944
G1 F1500 X80.41 Y92.123 E269.90749
G0 F9000 X80.41 Y91.558
G1 F1500 X82.589 Y89.379 E270.00999
G0 F9000 X82.243 Y89.159
G1 F1500 X80.41 Y90.992 E270.0962
G0 F9000 X80.41 Y90.426
G1 F1500 X81.677 Y89.159 E270.1558
G0 F9000 X81.112 Y89.159
G1 F1500 X80.41 Y89.861 E270.18882
G0 F9000 X80.41 Y89.295
G1 F1500 X80.546 Y89.159 E270.19522
G1 F2700 E265.19522
G0 F9000 X80.546 Y88.7
G0 X82.978 Y88.772
G0 X83.33 Y131.9
G0 X84.415 Y131.9
G0 X95.585 Y131.9
G0 X100.15 Y131.9
;TYPE:WALL-INNER
G1 F2700 E270.19522
G1 F1500 X100.15 Y88.1 E271.65201
G1 X96.85 Y88.1 E271.76177
G1 X96.85 Y131.9 E273.21856
G1 X100.15 Y131.9 E273.32832
G0 F9000 X100.55 Y132.3
;TYPE:WALL-OUTER
G1 F1500 X100.55 Y87.7 E274.81172
G1 X96.45 Y87.7 E274.94809
G1 X96.45 Y132.3 E276.43149
G1 X100.55 Y132.3 E276.56786
G0 F9000 X100.28 Y132.03
G0 X100.05 Y131.54
G0 X99.79 Y131.54
;TYPE:SKIN
G1 F1500 X97.21 Y131.54 E276.65367
G1 X97.21 Y88.46 E278.08652
G1 X99.79 Y88.46 E278.17233
G1 X99.79 Y131.54 E279.60517
G0 F9000 X99.46 Y131.339
G1 F1500 X99.589 Y131.21 E279.61124
G0 F9000 X99.589 Y130.644
G1 F1500 X98.894 Y131.339 E279.64393
G0 F9000 X98.328 Y131.339
G1 F1500 X99.589 Y130.078 E279.70325
G0 F9000 X99.589 Y129.512
G1 F1500 X97.763 Y131.339 E279.78916
G0 F9000 X97.409 Y131.127
G1 F1500 X99.589 Y128.947 E279.8917
G0 F9000 X99.589 Y128.381
G1 F1500 X97.409 Y130.561 E279.99424
G0 F9000 X97.409 Y129.995
G1 F1500 X99.589 Y127.815 E280.09678
G0 F9000 X99.589 Y127.25
G1 F1500 X97.409 Y129.43 E280.19932
G0 F9000 X97.409 Y128.864
G1 F1500 X99.589 Y126.684 E280.30186
G0 F9000 X99.589 Y126.118
G1 F1500 X97.409 Y128.298 E280.4044
G0 F9000 X97.409 Y127.733
G1 F1500 X99.589 Y125.553 E280.50694
G0 F9000 X99.589 Y124.987
G1 F1500 X97.409 Y127.167 E280.60948
G0 F9000 X97.409 Y126.601
G1 F1500 X99.589 Y124.421 E280.71202
G0 F9000 X99.589 Y123.856
G1 F1500 X97.409 Y126.036 E280.81456
G0 F9000 X97.409 Y125.47
G1 F1500 X99.589 Y123.29 E280.9171
G0 F9000 X99.589 Y122.724
G1 F1500 X97.409 Y124.904 E281.01965
G0 F9000 X97.409 Y124.339
G1 F1500 X99.589 Y122.159 E281.12219
G0 F9000 X99.589 Y121.593
G1 F1500 X97.409 Y123.773 E281.22473
G0 F9000 X97.409 Y123.207
G1 F1500 X99.589 Y121.027 E281.32727
G0 F9000 X99.589 Y120.462
G1 F1500 X97.409 Y122.642 E281.42981
G0 F9000 X97.409 Y122.076
G1 F1500 X99.589 Y119.896 E281.53235
G0 F9000 X99.589 Y119.33
G1 F1500 X97.409 Y121.51 E281.63489
G0 F9000 X97.409 Y120.944
G1 F1500 X99.589 Y118.764 E281.73743
G0 F9000 X99.589 Y118.199
G1 F1500 X97.409 Y120.379 E281.83997
G0 F9000 X97.409 Y119.813
G1 F1500 X99.589 Y117.633 E281.94251
G0 F9000 X99.589 Y117.067
G1 F1500 X97.409 Y119.247 E282.04505
G0 F9000 X97.409 Y118.682
G1 F1500 X99.589 Y116.502 E282.14759
G0 F9000 X99.589 Y115.936
G1 F1500 X97.409 Y118.116 E282.25013
G0 F9000 X97.409 Y117.55
G1 F1500 X99.589 Y115.37 E282.35267
G0 F9000 X99.589 Y114.805
G1 F1500 X97.409 Y116.985 E282.45521
G0 F9000 X97.409 Y116.419
G1 F1500 X99.589 Y114.239 E282.55775
G0 F9000 X99.589 Y113.673
G1 F1500 X97.409 Y115.853 E282.66029
G0 F9000 X97.409 Y115.288
G1 F1500 X99.589 Y113.108 E282.76283
G0 F9000 X99.589 Y112.542
G1 F1500 X97.409 Y114.722 E282.86537
G0 F9000 X97.409 Y114.156
G1 F1500 X99.589 Y111.976 E282.96792
G0 F9000 X99.589 Y111.411
G1 F1500 X97.409 Y113.591 E283.07046
G0 F9000 X97.409 Y113.025
G1 F1500 X99.589 Y110.845 E283.173
G0 F9000 X99.589 Y110.279
G1 F1500 X97.409 Y112.459 E283.27554
G0 F9000 X97.409 Y111.893
G1 F1500 X99.588 Y109.714 E283.37803
G0 F9000 X99.588 Y109.149
G1 F1500 X97.409 Y111.328 E283.48052
G0 F9000 X97.409 Y110.762
G1 F1500 X99.588 Y108.583 E283.58302
G0 F9000 X99.588 Y108.017
G1 F1500 X97.409 Y110.196 E283.68551
G0 F9000 X97.409 Y109.631
G1 F1500 X99.588 Y107.451 E283.78803
G0 F9000 X99.588 Y106.886
G1 F1500 X97.409 Y109.065 E283.89052
G0 F9000 X97.409 Y108.499
G1 F1500 X99.588 Y106.32 E283.99301
G0 F9000 X99.588 Y105.754
G1 F1500 X97.409 Y107.934 E284.09553
G0 F9000 X97.409 Y107.368
G1 F1500 X99.588 Y105.189 E284.19803
G0 F9000 X99.588 Y104.623
G1 F1500 X97.409 Y106.802 E284.30052
G0 F9000 X97.409 Y106.237
G1 F1500 X99.588 Y104.057 E284.40304
G0 F9000 X99.588 Y103.492
G1 F1500 X97.409 Y105.671 E284.50553
G0 F9000 X97.409 Y105.105
G1 F1500 X99.588 Y102.926 E284.60802
G0 F9000 X99.588 Y102.36
G1 F1500 X97.409 Y104.54 E284.71054
G0 F9000 X97.409 Y103.974
G1 F1500 X99.588 Y101.795 E284.81303
G0 F9000 X99.588 Y101.229
G1 F1500 X97.409 Y103.408 E284.91553
G0 F9000 X97.409 Y102.843
G1 F1500 X99.588 Y100.663 E285.01804
G0 F9000 X99.588 Y100.098
G1 F1500 X97.409 Y102.277 E285.12054
G0 F9000 X97.409 Y101.711
G1 F1500 X99.588 Y99.532 E285.22303
G0 F9000 X99.588 Y98.966
G1 F1500 X97.409 Y101.145 E285.32552
G0 F9000 X97.409 Y100.58
G1 F1500 X99.588 Y98.4 E285.42804
G0 F9000 X99.588 Y97.835
G1 F1500 X97.409 Y100.014 E285.53053
G0 F9000 X97.409 Y99.448
G1 F1500 X99.588 Y97.269 E285.63303
G0 F9000 X99.588 Y96.703
G1 F1500 X97.409 Y98.883 E285.73554
G0 F9000 X97.409 Y98.317
G1 F1500 X99.588 Y96.138 E285.83804
G0 F9000 X99.588 Y95.572
G1 F1500 X97.409 Y97.751 E285.94053
G0 F9000 X97.409 Y97.186
G1 F1500 X99.588 Y95.006 E286.04305
G0 F9000 X99.588 Y94.441
G1 F1500 X97.409 Y96.62 E286.14554
G0 F9000 X97.409 Y96.054
G1 F1500 X99.588 Y93.875 E286.24804
G0 F9000 X99.588 Y93.309
G1 F1500 X97.409 Y95.489 E286.35055
G0 F9000 X97.409 Y94.923
G1 F1500 X99.588 Y92.744 E286.45305
G0 F9000 X99.588 Y92.178
G1 F1500 X97.409 Y94.357 E286.55554
G0 F9000 X97.409 Y93.792
G1 F1500 X99.588 Y91.612 E286.65806
G0 F9000 X99.588 Y91.047
G1 F1500 X97.409 Y93.226 E286.76055
G0 F9000 X97.409 Y92.66
G1 F1500 X99.588 Y90.481 E286.86304
G0 F9000 X99.588 Y89.915
G1 F1500 X97.409 Y92.095 E286.96556
G0 F9000 X97.409 Y91.529
G1 F1500 X99.588 Y89.35 E287.06805
G0 F9000 X99.588 Y88.784
G1 F1500 X97.409 Y90.963 E287.17055
G0 F9000 X97.409 Y90.397
G1 F1500 X99.147 Y88.659 E287.2523
G0 F9000 X98.581 Y88.659
G1 F1500 X97.409 Y89.832 E287.30745
G0 F9000 X97.409 Y89.266
G1 F1500 X98.016 Y88.659 E287.336
G1 F2700 E282.336
G0 F9000 X98.016 Y88.2
G0 X99.978 Y88.272
G0 X100.33 Y131.4
G0 X101.415 Y131.4
G0 X114.335 Y131.4
G0 X115.6 Y131.4
;TYPE:WALL-INNER
G1 F2700 E287.336
G1 F1500 X121.4 Y131.4 E287.52891
G1 X121.4 Y87.6 E288.9857
G1 X115.6 Y87.6 E289.17861
G1 X115.6 Y131.4 E290.63541
G0 F9000 X115.2 Y131.8
;TYPE:WALL-OUTER
G1 F1500 X121.8 Y131.8 E290.85492
G1 X121.8 Y87.2 E292.33832
G1 X115.2 Y87.2 E292.55784
G1 X115.2 Y131.8 E294.04124
G0 F9000 X115.47 Y131.53
G0 X115.7 Y131.04
G0 X115.96 Y131.04
;TYPE:SKIN
G1 F1500 X115.96 Y87.96 E295.47409
G1 X121.04 Y87.96 E295.64305
G1 X121.04 Y131.04 E297.0759
G1 X115.96 Y131.04 E297.24486
G0 F9000 X115.7 Y131.04
G0 X120.324 Y131.3
G0 X120.324 Y130.839
G1 F1500 X120.839 Y130.324 E297.26908
G0 F9000 X120.839 Y129.759
G1 F1500 X119.759 Y130.839 E297.31988
G0 F9000 X119.193 Y130.839
G1 F1500 X120.839 Y129.193 E297.39731
G0 F9000 X120.839 Y128.627
G1 F1500 X118.627 Y130.839 E297.50135
G0 F9000 X118.062 Y130.839
G1 F1500 X120.839 Y128.061 E297.632
G0 F9000 X120.839 Y127.496
G1 F1500 X117.496 Y130.839 E297.78924
G0 F9000 X116.93 Y130.839
G1 F1500 X120.839 Y126.93 E297.97311
G0 F9000 X120.839 Y126.364
G1 F1500 X116.365 Y130.839 E298.18358
G0 F9000 X116.159 Y130.478
G1 F1500 X120.839 Y125.799 E298.40368
G0 F9000 X120.839 Y125.233
G1 F1500 X116.159 Y129.913 E298.62382
G0 F9000 X116.159 Y129.347
G1 F1500 X120.839 Y124.667 E298.84395
G0 F9000 X120.839 Y124.102
G1 F1500 X116.159 Y128.781 E299.06406
G0 F9000 X116.159 Y128.216
G1 F1500 X120.839 Y123.536 E299.28419
G0 F9000 X120.839 Y122.97
G1 F1500 X116.159 Y127.65 E299.50433
G0 F9000 X116.159 Y127.084
G1 F1500 X120.839 Y122.405 E299.72444
G0 F9000 X120.839 Y121.839
G1 F1500 X116.159 Y126.519 E299.94457
G0 F9000 X116.159 Y125.953
G1 F1500 X120.839 Y121.273 E300.1647
G0 F9000 X120.839 Y120.708
G1 F1500 X116.159 Y125.387 E300.38481
G0 F9000 X116.159 Y124.822
G1 F1500 X120.839 Y120.142 E300.60494
G0 F9000 X120.839 Y119.576
G1 F1500 X116.159 Y124.256 E300.82508
G0 F9000 X116.159 Y123.69
G1 F1500 X120.839 Y119.011 E301.04519
G0 F9000 X120.839 Y118.445
G1 F1500 X116.159 Y123.124 E301.26529
G0 F9000 X116.159 Y122.559
G1 F1500 X120.839 Y117.879 E301.48543
G0 F9000 X120.839 Y117.313
G1 F1500 X116.159 Y121.993 E301.70556
G0 F9000 X116.159 Y121.427
G1 F1500 X120.839 Y116.748 E301.92567
G0 F9000 X120.839 Y116.182
G1 F1500 X116.159 Y120.862 E302.1458
G0 F9000 X116.159 Y120.296
G1 F1500 X120.839 Y115.616 E302.36594
G0 F9000 X120.839 Y115.051
G1 F1500 X116.159 Y119.73 E302.58604
G0 F9000 X116.159 Y119.165
G1 F1500 X120.839 Y114.485 E302.80618
G0 F9000 X120.839 Y113.919
G1 F1500 X116.159 Y118.599 E303.02631
G0 F9000 X116.159 Y118.033
G1 F1500 X120.839 Y113.354 E303.24642
G0 F9000 X120.839 Y112.788
G1 F1500 X116.159 Y117.468 E303.46655
G0 F9000 X116.159 Y116.902
G1 F1500 X120.839 Y112.222 E303.68669
G0 F9000 X120.839 Y111.657
G1 F1500 X116.159 Y116.336 E303.90679
G0 F9000 X116.159 Y115.771
G1 F1500 X120.839 Y111.091 E304.12693
G0 F9000 X120.839 Y110.525
G1 F1500 X116.159 Y115.205 E304.34706
G0 F9000 X116.159 Y114.639
G1 F1500 X120.839 Y109.96 E304.56717
G0 F9000 X120.839 Y109.394
G1 F1500 X116.159 Y114.074 E304.7873
G0 F9000 X116.159 Y113.508
G1 F1500 X120.839 Y108.828 E305.00744
G0 F9000 X120.839 Y108.262
G1 F1500 X116.159 Y112.942 E305.22757
G0 F9000 X116.159 Y112.376
G1 F1500 X120.839 Y107.697 E305.44768
G0 F9000 X120.839 Y107.131
G1 F1500 X116.159 Y111.811 E305.66781
G0 F9000 X116.159 Y111.245
G1 F1500 X120.839 Y106.565 E305.88794
G0 F9000 X120.839 Y106
G1 F1500 X116.159 Y110.679 E306.10805
G0 F9000 X116.159 Y110.114
G1 F1500 X120.839 Y105.434 E306.32819
G0 F9000 X120.839 Y104.868
G1 F1500 X116.159 Y109.548 E306.54832
G0 F9000 X116.159 Y108.982
G1 F1500 X120.839 Y104.303 E306.76843
G0 F9000 X120.839 Y103.737
G1 F1500 X116.159 Y108.417 E306.98856
G0 F9000 X116.159 Y107.851
G1 F1500 X120.839 Y103.171 E307.20869
G0 F9000 X120.839 Y102.606
G1 F1500 X116.159 Y107.285 E307.4288
G0 F9000 X116.159 Y106.72
G1 F1500 X120.839 Y102.04 E307.64894
G0 F9000 X120.839 Y101.474
G1 F1500 X116.159 Y106.154 E307.86907
G0 F9000 X116.159 Y105.588
G1 F1500 X120.839 Y100.909 E308.08918
G0 F9000 X120.839 Y100.343
G1 F1500 X116.159 Y105.023 E308.30931
G0 F9000 X116.159 Y104.457
G1 F1500 X120.839 Y99.777 E308.52944
G0 F9000 X120.839 Y99.212
G1 F1500 X116.159 Y103.891 E308.74955
G0 F9000 X116.159 Y103.325
G1 F1500 X120.839 Y98.646 E308.96966
G0 F9000 X120.839 Y98.08
G1 F1500 X116.159 Y102.76 E309.18979
G0 F9000 X116.159 Y102.194
G1 F1500 X120.839 Y97.514 E309.40993
G0 F9000 X120.839 Y96.949
G1 F1500 X116.159 Y101.628 E309.63004
G0 F9000 X116.159 Y101.063
G1 F1500 X120.839 Y96.383 E309.85017
G0 F9000 X120.839 Y95.817
G1 F1500 X116.159 Y100.497 E310.0703
G0 F9000 X116.159 Y99.931
G1 F1500 X120.839 Y95.252 E310.29041
G0 F9000 X120.839 Y94.686
G1 F1500 X116.159 Y99.366 E310.51054
G0 F9000 X116.159 Y98.8
G1 F1500 X120.839 Y94.12 E310.73068
G0 F9000 X120.839 Y93.555
G1 F1500 X116.159 Y98.234 E310.95079
G0 F9000 X116.159 Y97.669
G1 F1500 X120.839 Y92.989 E311.17092
G0 F9000 X120.839 Y92.423
G1 F1500 X116.159 Y97.103 E311.39105
G0 F9000 X116.159 Y96.537
G1 F1500 X120.839 Y91.858 E311.61116
G0 F9000 X120.839 Y91.292
G1 F1500 X116.159 Y95.972 E311.8313
G0 F9000 X116.159 Y95.406
G1 F1500 X120.839 Y90.726 E312.05143
G0 F9000 X120.839 Y90.161
G1 F1500 X116.159 Y94.84 E312.27154
G0 F9000 X116.159 Y94.275
G1 F1500 X120.839 Y89.595 E312.49167
G0 F9000 X120.839 Y89.029
G1 F1500 X116.159 Y93.709 E312.7118
G0 F9000 X116.159 Y93.143
G1 F1500 X120.839 Y88.464 E312.93191
G0 F9000 X120.577 Y88.159
G1 F1500 X116.159 Y92.577 E313.13972
G0 F9000 X116.159 Y92.012
G1 F1500 X120.012 Y88.159 E313.32095
G0 F9000 X119.446 Y88.159
G1 F1500 X116.159 Y91.446 E313.47557
G0 F9000 X116.159 Y90.88
G1 F1500 X118.88 Y88.159 E313.60355
G0 F9000 X118.315 Y88.159
G1 F1500 X116.159 Y90.315 E313.70496
G0 F9000 X116.159 Y89.749
G1 F1500 X117.749 Y88.159 E313.77975
G0 F9000 X117.183 Y88.159
G1 F1500 X116.159 Y89.183 E313.82792
G0 F9000 X116.159 Y88.618
G1 F1500 X116.618 Y88.159 E313.84951
G1 F2700 E308.84951
G0 F9000 X116.618 Y87.7
G0 X121.228 Y87.772
G0 X121.58 Y112.4
G0 X122.665 Y112.4
G0 X135.585 Y112.4
G0 X136.85 Y112.4
;TYPE:WALL-INNER
G1 F2700 E313.84951
G1 F1500 X140.15 Y112.4 E313.95927
G1 X140.15 Y103.6 E314.25196
G1 X136.85 Y103.6 E314.36171
G1 X136.85 Y112.4 E314.6544
G0 F9000 X136.45 Y112.8
;TYPE:WALL-OUTER
G1 F1500 X140.55 Y112.8 E314.79077
G1 X140.55 Y103.2 E315.11007
G1 X136.45 Y103.2 E315.24643
G1 X136.45 Y112.8 E315.56573
G0 F9000 X136.72 Y112.53
G0 X136.95 Y112.04
G0 X137.21 Y112.04
;TYPE:SKIN
G1 F1500 X137.21 Y103.96 E315.83447
G1 X139.79 Y103.96 E315.92028
G1 X139.79 Y112.04 E316.18903
G1 X137.21 Y112.04 E316.27484
G0 F9000 X136.95 Y112.04
G0 X139.978 Y112.228
G0 X140.05 Y111.575
G0 X139.589 Y111.575
G1 F1500 X139.324 Y111.84 E316.2873
G0 F9000 X138.758 Y111.84
G1 F1500 X139.589 Y111.009 E316.32639
G0 F9000 X139.589 Y110.443
G1 F1500 X138.192 Y111.84 E316.3921
G0 F9000 X137.627 Y111.84
G1 F1500 X139.589 Y109.878 E316.48439
G0 F9000 X139.589 Y109.312
G1 F1500 X137.409 Y111.492 E316.58693
G0 F9000 X137.409 Y110.926
G1 F1500 X139.589 Y108.746 E316.68947
G0 F9000 X139.589 Y108.18
G1 F1500 X137.409 Y110.36 E316.79201
G0 F9000 X137.409 Y109.795
G1 F1500 X139.589 Y107.615 E316.89455
G0 F9000 X139.589 Y107.049
G1 F1500 X137.409 Y109.229 E316.99709
G0 F9000 X137.409 Y108.663
G1 F1500 X139.589 Y106.483 E317.09963
G0 F9000 X139.589 Y105.918
G1 F1500 X137.409 Y108.098 E317.20217
G0 F9000 X137.409 Y107.532
G1 F1500 X139.589 Y105.352 E317.30471
G0 F9000 X139.589 Y104.786
G1 F1500 X137.409 Y106.966 E317.40725
G0 F9000 X137.409 Y106.401
G1 F1500 X139.589 Y104.221 E317.50979
G0 F9000 X139.085 Y104.159
G1 F1500 X137.409 Y105.835 E317.58863
G0 F9000 X137.409 Y105.269
G1 F1500 X138.519 Y104.159 E317.64084
G0 F9000 X137.953 Y104.159
G1 F1500 X137.409 Y104.704 E317.66645
G1 F2700 E312.66645
;MESH:NONMESH
G0 F300 X137.409 Y104.704 Z1
G0 F9000 X136.95 Y104.704
G0 X136.664 Y112.586
G0 X135.585 Y112.586
G0 X122.653 Y132.653
G0 X101.403 Y133.153
G0 X95.597 Y133.153
G0 X84.415 Y112.586
G0 X83.15 Y132.4
;TIME_ELAPSED:548.461870
;LAYER:4
;TYPE:WALL-INNER
;MESH:Spacers.stl
G1 F2700 E317.66645
G1 F1500 X83.15 Y88.6 E319.12324
G1 X79.85 Y88.6 E319.233
G1 X79.85 Y132.4 E320.6898
G1 X83.15 Y132.4 E320.79955
G0 F9000 X83.55 Y132.8
;TYPE:WALL-OUTER
G1 F1500 X83.55 Y88.2 E322.28296
G1 X79.45 Y88.2 E322.41932
G1 X79.45 Y132.8 E323.90272
G1 X83.55 Y132.8 E324.03909
G0 F9000 X83.28 Y132.53
G0 X82.58 Y132.1
G0 X82.58 Y132.32
;TYPE:FILL
G1 F3000 X83.069 Y130.496 E324.1019
G1 X83.068 Y130.37
G1 X79.929 Y131.211 E324.20999
G0 F9000 X80.15 Y131.211
G0 X80.15 Y129.841
G0 X79.929 Y129.841
G1 F3000 X82.407 Y132.319 E324.32654
G0 F9000 X82.407 Y132.1
G0 X82.85 Y127.325
G0 X83.07 Y127.325
G1 F3000 X79.929 Y124.184 E324.47429
G0 F9000 X80.15 Y124.184
G0 X80.15 Y122.929
G0 X79.929 Y122.929
G1 F3000 X83.069 Y122.088 E324.5824
G0 F9000 X83.07 Y121.668
G1 F3000 X79.929 Y118.528 E324.73012
G0 F9000 X79.93 Y118.788
G1 F3000 X83.068 Y117.947 E324.83818
G0 F9000 X82.85 Y117.947
G0 X82.85 Y116.011
G0 X83.07 Y116.011
G1 F3000 X79.929 Y112.871 E324.9859
G0 F9000 X80.15 Y112.871
G0 X80.15 Y111.303
G0 X79.929 Y111.303
G1 F3000 X83.069 Y99.587 E325.38932
G0 F9000 X83.07 Y99.04
G1 F3000 X79.929 Y95.9 E325.53704
G1 X79.929 Y95.849
G1 X81.851 Y88.679 E325.78394
G0 F9000 X81.851 Y88.9
G0 X82.85 Y88.959
G0 X83.068 Y88.959
G1 F3000 X79.929 Y89.8 E325.89202
G0 F9000 X79.929 Y90.243
G1 F3000 X83.07 Y93.384 E326.03977
G0 F9000 X83.068 Y93.1
G1 F3000 X79.929 Y93.941 E326.14785
G0 F9000 X80.15 Y93.941
G0 X80.15 Y98.082
G0 X79.93 Y98.082
G1 F3000 X83.069 Y97.241 E326.25594
G0 F9000 X82.85 Y97.241
G0 X82.85 Y101.382
G0 X83.069 Y101.382
G1 F3000 X79.93 Y102.223 E326.36402
G0 F9000 X79.929 Y101.557
G1 F3000 X83.07 Y104.697 E326.51174
G0 F9000 X83.069 Y105.523
G1 F3000 X79.929 Y106.364 E326.61986
G0 F9000 X79.929 Y107.214
G1 F3000 X83.07 Y110.354 E326.76758
G0 F9000 X83.068 Y109.664
G1 F3000 X79.929 Y110.506 E326.87568
G0 F9000 X80.15 Y110.506
G0 X80.15 Y114.647
G0 X79.929 Y114.647
G1 F3000 X83.068 Y113.806 E326.98376
G0 F9000 X82.85 Y113.806
G0 X82.85 Y115.041
G0 X83.069 Y115.041
G1 F3000 X79.93 Y126.758 E327.38721
G0 F9000 X79.929 Y127.07
G1 F3000 X83.069 Y126.229 E327.49533
G0 F9000 X82.55 Y126.229
G1 F2700 E322.49533
G0 F9000 X83.33 Y131.63
G0 X84.415 Y131.63
G0 X95.585 Y131.63
G0 X96.67 Y131.63
G0 X99.88 Y131.63
G0 X100.15 Y131.9
;TYPE:WALL-INNER
G1 F2700 E327.49533
G1 F1500 X100.15 Y88.1 E328.95212
G1 X96.85 Y88.1 E329.06188
G1 X96.85 Y131.9 E330.51868
G1 X100.15 Y131.9 E330.62844
G0 F9000 X100.55 Y132.3
;TYPE:WALL-OUTER
G1 F1500 X100.55 Y87.7 E332.11184
G1 X96.45 Y87.7 E332.2482
G1 X96.45 Y132.3 E333.73161
G1 X100.55 Y132.3 E333.86797
G0 F9000 X100.28 Y132.03
G0 X99.279 Y131.6
G0 X99.279 Y131.82
;TYPE:FILL
G1 F3000 X100.069 Y128.872 E333.96948
G0 F9000 X99.85 Y128.872
G0 X99.85 Y129.956
G0 X100.068 Y129.956
G1 F3000 X96.929 Y130.797 E334.07757
G0 F9000 X96.929 Y129.87
G1 F3000 X98.877 Y131.818 E334.1692
G0 F9000 X98.877 Y131.6
G0 X99.85 Y127.354
G0 X100.069 Y127.354
G1 F3000 X96.929 Y124.213 E334.31692
G0 F9000 X96.929 Y125.135
G1 F3000 X100.069 Y113.417 E334.72041
G1 X100.068 Y113.392
G1 X96.929 Y114.233 E334.82849
G0 F9000 X97.15 Y114.233
G0 X97.15 Y112.9
G0 X96.929 Y112.9
G1 F3000 X100.069 Y116.04 E334.97619
G0 F9000 X99.85 Y116.04
G0 X99.85 Y117.533
G0 X100.068 Y117.533
G1 F3000 X96.929 Y118.374 E335.08428
G1 X96.929 Y118.557
G1 X100.069 Y121.697 E335.23197
G1 X100.068 Y121.674
G1 X96.93 Y122.515 E335.34003
G0 F9000 X97.15 Y122.515
G0 X97.15 Y126.656
G0 X96.929 Y126.656
G1 F3000 X100.069 Y125.815 E335.44814
G0 F9000 X99.85 Y125.815
G0 X99.85 Y110.383
G0 X100.069 Y110.383
G1 F3000 X96.929 Y107.243 E335.59584
G0 F9000 X97.15 Y107.243
G0 X97.15 Y105.95
G0 X96.929 Y105.95
G1 F3000 X100.069 Y105.109 E335.70396
G0 F9000 X100.069 Y104.726
G1 F3000 X96.929 Y101.586 E335.85165
G0 F9000 X96.93 Y101.809
G1 F3000 X100.068 Y100.968 E335.95971
G0 F9000 X99.85 Y100.968
G0 X99.85 Y99.069
G0 X100.069 Y99.069
G1 F3000 X96.929 Y95.929 E336.1074
G0 F9000 X97.15 Y95.929
G0 X97.15 Y94.225
G0 X96.929 Y94.225
G1 F3000 X98.549 Y88.179 E336.31559
G0 F9000 X98.549 Y88.4
G0 X99.85 Y88.545
G0 X100.068 Y88.545
G1 F3000 X96.929 Y89.386 E336.42367
G0 F9000 X96.929 Y90.272
G1 F3000 X100.069 Y93.413 E336.57139
G0 F9000 X100.068 Y92.686
G1 F3000 X96.929 Y93.527 E336.67948
G0 F9000 X97.15 Y93.527
G0 X97.15 Y97.668
G0 X96.929 Y97.668
G1 F3000 X100.068 Y96.827 E336.78756
G0 F9000 X99.85 Y96.827
G0 X99.85 Y97.962
G0 X100.069 Y97.962
G1 F3000 X96.929 Y109.68 E337.19106
G0 F9000 X96.929 Y110.092
G1 F3000 X100.068 Y109.25 E337.29915
G0 F9000 X99.55 Y109.25
G1 F2700 E332.29915
G0 F9000 X100.33 Y131.13
G0 X101.415 Y131.13
G0 X114.335 Y131.13
G0 X115.42 Y131.13
G0 X115.87 Y131.13
G0 X115.6 Y131.4
;TYPE:WALL-INNER
G1 F2700 E337.29915
G1 F1500 X121.4 Y131.4 E337.49206
G1 X121.4 Y87.6 E338.94885
G1 X115.6 Y87.6 E339.14176
G1 X115.6 Y131.4 E340.59856
G0 F9000 X115.2 Y131.8
;TYPE:WALL-OUTER
G1 F1500 X121.8 Y131.8 E340.81807
G1 X121.8 Y87.2 E342.30147
G1 X115.2 Y87.2 E342.52099
G1 X115.2 Y131.8 E344.00439
G0 F9000 X115.977 Y131.319
;TYPE:FILL
G1 F3000 X121.319 Y111.383 E344.69086
G0 F9000 X121.318 Y111.839
G1 F3000 X115.679 Y113.35 E344.88503
G0 F9000 X115.9 Y113.35
G0 X115.9 Y114.679
G0 X115.679 Y114.679
G1 F3000 X121.319 Y120.319 E345.15032
G1 X121.319 Y120.121
G1 X115.68 Y121.632 E345.34449
G0 F9000 X115.9 Y121.632
G0 X115.9 Y120.336
G0 X115.679 Y120.336
G1 F3000 X121.319 Y125.976 E345.60978
G0 F9000 X121.319 Y126.837
G1 F3000 X120.118 Y131.319 E345.76411
G0 F9000 X121.005 Y131.319
G1 F3000 X115.679 Y125.992 E346.01465
G0 F9000 X115.68 Y125.773
G1 F3000 X121.319 Y124.262 E346.20882
G0 F9000 X121.1 Y124.262
G0 X121.1 Y128.403
G0 X121.319 Y128.403
G1 F3000 X115.68 Y129.914 E346.40299
G0 F9000 X115.9 Y129.914
G0 X115.9 Y117.491
G0 X115.68 Y117.491
G1 F3000 X121.318 Y115.98 E346.59713
G0 F9000 X121.1 Y115.98
G0 X121.1 Y114.663
G0 X121.319 Y114.663
G1 F3000 X115.679 Y109.022 E346.86244
G1 X115.68 Y109.209
G1 X121.319 Y107.698 E347.05661
G0 F9000 X121.1 Y107.698
G0 X121.1 Y109.006
G0 X121.319 Y109.006
G1 F3000 X115.679 Y103.365 E347.32192
G0 F9000 X115.9 Y103.365
G0 X115.9 Y105.067
G0 X115.68 Y105.067
G1 F3000 X121.319 Y103.556 E347.51609
G0 F9000 X121.319 Y103.349
G1 F3000 X115.679 Y97.708 E347.78141
G0 F9000 X115.68 Y96.785
G1 F3000 X121.318 Y95.274 E347.97554
G0 F9000 X121.319 Y95.928
G1 F3000 X115.679 Y116.977 E348.70033
G0 F9000 X115.9 Y116.977
G0 X115.9 Y101.522
G0 X115.679 Y101.522
G1 F3000 X119.389 Y87.678 E349.17703
G0 F9000 X118.754 Y87.679
G1 F3000 X115.68 Y88.503 E349.28288
G0 F9000 X115.9 Y88.503
G0 X116.964 Y87.9
G0 X116.964 Y87.68
G1 F3000 X121.319 Y92.035 E349.48773
G0 F9000 X121.318 Y91.133
G1 F3000 X115.679 Y92.644 E349.6819
G0 F9000 X115.679 Y92.051
G1 F3000 X121.319 Y97.692 E349.94721
G0 F9000 X121.1 Y97.692
G0 X121.1 Y99.415
G0 X121.318 Y99.415
G1 F3000 X115.68 Y100.926 E350.14135
G0 F9000 X116.2 Y100.926
G1 F2700 E345.14135
G0 F9000 X121.58 Y112.13
G0 X122.665 Y112.13
G0 X135.585 Y112.13
G0 X136.67 Y112.13
G0 X137.12 Y112.13
G0 X136.85 Y112.4
;TYPE:WALL-INNER
G1 F2700 E350.14135
G1 F1500 X140.15 Y112.4 E350.25111
G1 X140.15 Y103.6 E350.5438
G1 X136.85 Y103.6 E350.65356
G1 X136.85 Y112.4 E350.94625
G0 F9000 X136.45 Y112.8
;TYPE:WALL-OUTER
G1 F1500 X140.55 Y112.8 E351.08261
G1 X140.55 Y103.2 E351.40191
G1 X136.45 Y103.2 E351.53828
G1 X136.45 Y112.8 E351.85757
G0 F9000 X136.72 Y112.53
G0 X137.15 Y111.797
G0 X136.93 Y111.797
;TYPE:FILL
G1 F3000 X140.068 Y110.956 E351.96563
G1 X140.069 Y110.785
G1 X136.929 Y107.644 E352.11335
G1 X136.929 Y107.656
G1 X140.068 Y106.815 E352.22143
G0 F9000 X139.85 Y106.815
G0 X139.85 Y105.128
G0 X140.069 Y105.128
G1 F3000 X138.621 Y103.68 E352.28954
G0 F9000 X138.621 Y103.9
G0 X139.948 Y103.9
G0 X139.948 Y103.679
G1 F3000 X137.633 Y112.319 E352.58705
G0 F9000 X137.633 Y111.8
G1 F2700 E347.58705
;MESH:NONMESH
G0 F300 X137.633 Y111.8 Z1.2
G0 F9000 X136.664 Y112.586
G0 X135.585 Y112.586
G0 X122.653 Y132.653
G0 X101.403 Y133.153
G0 X95.597 Y133.153
G0 X84.415 Y112.586
G0 X83.33 Y112.586
G0 X82.88 Y132.13
G0 X83.15 Y132.4
;TIME_ELAPSED:601.743218
;LAYER:5
;TYPE:WALL-INNER
;MESH:Spacers.stl
G1 F2700 E352.58705
G1 F1500 X83.15 Y88.6 E354.04384
G1 X79.85 Y88.6 E354.1536
G1 X79.85 Y132.4 E355.61039
G1 X83.15 Y132.4 E355.72015
G0 F9000 X83.55 Y132.8
;TYPE:WALL-OUTER
G1 F1500 X83.55 Y88.2 E357.20355
G1 X79.45 Y88.2 E357.33992
G1 X79.45 Y132.8 E358.82332
G1 X83.55 Y132.8 E358.95969
G0 F9000 X83.28 Y132.53
G0 X82.607 Y132.1
G0 X82.607 Y132.319
;TYPE:FILL
G1 F3000 X79.929 Y129.642 E359.08563
G0 F9000 X80.15 Y129.642
G0 X80.15 Y131.357
G0 X79.929 Y131.357
G1 F3000 X83.068 Y130.516 E359.19372
G0 F9000 X83.069 Y129.951
G1 F3000 X82.434 Y132.32 E359.27529
G0 F9000 X82.434 Y132.1
G0 X82.85 Y127.125
G0 X83.07 Y127.125
G1 F3000 X79.929 Y123.985 E359.42301
G0 F9000 X79.929 Y123.075
G1 F3000 X83.069 Y122.234 E359.53113
G0 F9000 X83.07 Y121.468
G1 F3000 X79.929 Y118.328 E359.67885
G0 F9000 X79.929 Y118.934
G1 F3000 X83.069 Y118.093 E359.78696
G0 F9000 X82.85 Y118.093
G0 X82.85 Y115.812
G0 X83.07 Y115.812
G1 F3000 X79.929 Y112.671 E359.93471
G0 F9000 X80.15 Y112.671
G0 X80.15 Y110.759
G0 X79.929 Y110.759
G1 F3000 X83.069 Y99.042 E360.33817
G0 F9000 X83.07 Y98.841
G1 F3000 X79.929 Y95.701 E360.48589
G0 F9000 X79.929 Y95.304
G1 F3000 X81.705 Y88.678 E360.71405
G0 F9000 X81.705 Y88.9
G0 X82.85 Y89.105
G0 X83.068 Y89.105
G1 F3000 X79.93 Y89.946 E360.8221
G1 X79.929 Y90.044
G1 X83.07 Y93.184 E360.96982
G1 X83.069 Y93.246
G1 X79.93 Y94.087 E361.07791
G0 F9000 X80.15 Y94.087
G0 X80.15 Y98.228
G0 X79.929 Y98.228
G1 F3000 X83.069 Y97.387 E361.18603
G0 F9000 X82.85 Y97.387
G0 X82.85 Y101.528
G0 X83.069 Y101.528
G1 F3000 X79.929 Y102.369 E361.29414
G0 F9000 X80.15 Y102.369
G0 X80.15 Y101.358
G0 X79.929 Y101.358
G1 F3000 X83.07 Y104.498 E361.44186
G0 F9000 X82.85 Y104.498
G0 X82.85 Y105.669
G0 X83.068 Y105.669
G1 F3000 X79.929 Y106.51 E361.54995
G0 F9000 X79.929 Y107.014
G1 F3000 X83.07 Y110.155 E361.69769
G0 F9000 X83.068 Y109.81
G1 F3000 X79.929 Y110.652 E361.80579
G0 F9000 X80.15 Y110.652
G0 X80.15 Y114.793
G0 X79.93 Y114.793
G1 F3000 X83.069 Y113.951 E361.91388
G0 F9000 X83.069 Y114.497
G1 F3000 X79.929 Y126.214 E362.31734
G0 F9000 X80.15 Y126.214
G0 X80.15 Y127.216
G0 X79.929 Y127.216
G1 F3000 X83.068 Y126.375 E362.42543
G0 F9000 X82.55 Y126.375
G1 F2700 E357.42543
G0 F9000 X83.33 Y131.63
G0 X84.415 Y131.63
G0 X95.585 Y131.63
G0 X96.67 Y131.63
G0 X99.88 Y131.63
G0 X100.15 Y131.9
;TYPE:WALL-INNER
G1 F2700 E362.42543
G1 F1500 X100.15 Y88.1 E363.88222
G1 X96.85 Y88.1 E363.99198
G1 X96.85 Y131.9 E365.44877
G1 X100.15 Y131.9 E365.55853
G0 F9000 X100.55 Y132.3
;TYPE:WALL-OUTER
G1 F1500 X100.55 Y87.7 E367.04193
G1 X96.45 Y87.7 E367.1783
G1 X96.45 Y132.3 E368.6617
G1 X100.55 Y132.3 E368.79807
G0 F9000 X100.28 Y132.03
G0 X99.133 Y131.6
G0 X99.133 Y131.82
;TYPE:FILL
G1 F3000 X100.069 Y128.327 E368.91834
G0 F9000 X99.85 Y128.327
G0 X99.85 Y127.154
G0 X100.069 Y127.154
G1 F3000 X96.929 Y124.014 E369.06604
G0 F9000 X96.929 Y124.59
G1 F3000 X100.069 Y112.872 E369.46953
G0 F9000 X100.068 Y113.538
G1 F3000 X96.929 Y114.379 E369.57762
G0 F9000 X97.15 Y114.379
G0 X97.15 Y112.7
G0 X96.929 Y112.7
G1 F3000 X100.069 Y115.841 E369.72534
G0 F9000 X99.85 Y115.841
G0 X99.85 Y117.679
G0 X100.068 Y117.679
G1 F3000 X96.93 Y118.52 E369.83339
G1 X96.929 Y118.357
G1 X100.069 Y121.497 E369.98109
G0 F9000 X100.069 Y121.82
G1 F3000 X96.929 Y122.661 E370.08921
G0 F9000 X97.15 Y122.661
G0 X97.15 Y126.802
G0 X96.929 Y126.802
G1 F3000 X100.068 Y125.961 E370.19729
G0 F9000 X99.85 Y125.961
G0 X99.85 Y130.102
G0 X100.068 Y130.102
G1 F3000 X96.929 Y130.943 E370.30538
G0 F9000 X97.15 Y130.943
G0 X97.15 Y129.671
G0 X96.929 Y129.671
G1 F3000 X99.076 Y131.818 E370.40636
G0 F9000 X99.076 Y131.6
G0 X99.85 Y110.184
G0 X100.069 Y110.184
G1 F3000 X96.929 Y107.043 E370.55408
G0 F9000 X96.929 Y106.096
G1 F3000 X100.068 Y105.255 E370.66217
G0 F9000 X100.069 Y104.527
G1 F3000 X96.929 Y101.387 E370.80987
G0 F9000 X96.929 Y101.955
G1 F3000 X100.069 Y101.114 E370.91798
G0 F9000 X99.85 Y101.114
G0 X99.85 Y98.87
G0 X100.069 Y98.87
G1 F3000 X96.929 Y95.73 E371.06568
G0 F9000 X97.15 Y95.73
G0 X97.15 Y93.681
G0 X96.929 Y93.681
G1 F3000 X98.403 Y88.179 E371.25513
G0 F9000 X98.403 Y88.4
G0 X99.85 Y88.691
G0 X100.068 Y88.691
G1 F3000 X96.929 Y89.532 E371.36322
G0 F9000 X96.929 Y90.073
G1 F3000 X100.069 Y93.213 E371.51091
G0 F9000 X100.068 Y92.832
G1 F3000 X96.929 Y93.673 E371.619
G0 F9000 X97.15 Y93.673
G0 X97.15 Y97.814
G0 X96.93 Y97.814
G1 F3000 X100.069 Y96.973 E371.72708
G0 F9000 X100.069 Y97.418
G1 F3000 X96.929 Y109.135 E372.13054
G0 F9000 X97.15 Y109.135
G0 X97.15 Y110.238
G0 X96.929 Y110.238
G1 F3000 X100.068 Y109.396 E372.23864
G0 F9000 X99.55 Y109.396
G1 F2700 E367.23864
G0 F9000 X100.33 Y131.13
G0 X101.415 Y131.13
G0 X114.335 Y131.13
G0 X115.42 Y131.13
G0 X115.87 Y131.13
G0 X115.6 Y131.4
;TYPE:WALL-INNER
G1 F2700 E372.23864
G1 F1500 X121.4 Y131.4 E372.43155
G1 X121.4 Y87.6 E373.88834
G1 X115.6 Y87.6 E374.08125
G1 X115.6 Y131.4 E375.53804
G0 F9000 X115.2 Y131.8
;TYPE:WALL-OUTER
G1 F1500 X121.8 Y131.8 E375.75756
G1 X121.8 Y87.2 E377.24096
G1 X115.2 Y87.2 E377.46048
G1 X115.2 Y131.8 E378.94388
G0 F9000 X115.831 Y131.32
;TYPE:FILL
G1 F3000 X121.319 Y110.838 E379.64915
G0 F9000 X121.1 Y110.838
G0 X121.1 Y111.985
G0 X121.318 Y111.985
G1 F3000 X115.68 Y113.495 E379.84328
G0 F9000 X115.679 Y114.479
G1 F3000 X121.319 Y120.12 E380.10859
G1 X121.319 Y120.267
G1 X115.68 Y121.778 E380.30276
G0 F9000 X115.9 Y121.778
G0 X115.9 Y120.136
G0 X115.679 Y120.136
G1 F3000 X121.319 Y125.777 E380.56807
G0 F9000 X121.319 Y126.293
G1 F3000 X119.972 Y131.319 E380.74113
G0 F9000 X119.972 Y131.1
G0 X121.13 Y131.13
G0 X121.205 Y131.319
G1 F3000 X115.679 Y125.793 E381.00106
G1 X115.68 Y125.919
G1 X121.319 Y124.408 E381.19523
G0 F9000 X121.1 Y124.408
G0 X121.1 Y128.549
G0 X121.318 Y128.549
G1 F3000 X115.679 Y130.06 E381.3894
G0 F9000 X115.9 Y130.06
G0 X115.9 Y117.637
G0 X115.68 Y117.637
G1 F3000 X121.319 Y116.126 E381.58357
G0 F9000 X121.1 Y116.126
G0 X121.1 Y114.463
G0 X121.319 Y114.463
G1 F3000 X115.679 Y108.823 E381.84886
G0 F9000 X115.679 Y109.355
G1 F3000 X121.318 Y107.844 E382.04303
G0 F9000 X121.319 Y108.806
G1 F3000 X115.679 Y103.166 E382.30832
G0 F9000 X115.9 Y103.166
G0 X115.9 Y105.213
G0 X115.68 Y105.213
G1 F3000 X121.319 Y103.702 E382.50249
G0 F9000 X121.319 Y103.149
G1 F3000 X115.679 Y97.509 E382.76778
G0 F9000 X115.68 Y96.931
G1 F3000 X121.318 Y95.42 E382.96192
G1 X121.319 Y95.383
G1 X115.679 Y116.432 E383.6867
G0 F9000 X115.9 Y116.432
G0 X115.9 Y101.072
G0 X115.68 Y101.072
G1 F3000 X121.318 Y99.561 E383.88084
G0 F9000 X121.1 Y99.561
G0 X121.1 Y97.493
G0 X121.319 Y97.493
G1 F3000 X115.679 Y91.852 E384.14615
G0 F9000 X115.68 Y92.79
G1 F3000 X121.318 Y91.279 E384.34029
G0 F9000 X121.319 Y91.836
G1 F3000 X117.164 Y87.68 E384.53575
G0 F9000 X117.164 Y87.9
G0 X115.9 Y88.649
G0 X115.679 Y88.649
G1 F3000 X119.299 Y87.679 E384.6604
G1 X119.243 Y87.678
G1 X115.679 Y100.977 E385.11834
G0 F9000 X116.2 Y100.977
G1 F2700 E380.11834
G0 F9000 X121.58 Y112.13
G0 X122.665 Y112.13
G0 X135.585 Y112.13
G0 X136.67 Y112.13
G0 X137.12 Y112.13
G0 X136.85 Y112.4
;TYPE:WALL-INNER
G1 F2700 E385.11834
G1 F1500 X140.15 Y112.4 E385.2281
G1 X140.15 Y103.6 E385.52079
G1 X136.85 Y103.6 E385.63054
G1 X136.85 Y112.4 E385.92323
G0 F9000 X136.45 Y112.8
;TYPE:WALL-OUTER
G1 F1500 X140.55 Y112.8 E386.0596
G1 X140.55 Y103.2 E386.3789
G1 X136.45 Y103.2 E386.51526
G1 X136.45 Y112.8 E386.83456
G0 F9000 X136.929 Y111.943
;TYPE:FILL
G1 F3000 X140.069 Y111.102 E386.94268
G0 F9000 X140.069 Y110.585
G1 F3000 X136.929 Y107.445 E387.09038
G0 F9000 X136.93 Y107.802
G1 F3000 X140.068 Y106.961 E387.19843
G0 F9000 X139.85 Y106.961
G0 X139.85 Y104.928
G0 X140.069 Y104.928
G1 F3000 X138.82 Y103.68 E387.25715
G0 F9000 X139.802 Y103.679
G1 F3000 X137.487 Y112.319 E387.55466
G0 F9000 X137.487 Y111.8
G1 F2700 E382.55466
;MESH:NONMESH
G0 F300 X137.487 Y111.8 Z1.4
G0 F9000 X136.664 Y112.586
G0 X135.585 Y112.586
G0 X122.653 Y132.653
G0 X101.403 Y133.153
G0 X95.597 Y133.153
G0 X84.415 Y112.586
G0 X83.33 Y112.586
G0 X82.88 Y132.13
G0 X83.15 Y132.4
;TIME_ELAPSED:655.300355
;LAYER:6
;TYPE:WALL-INNER
;MESH:Spacers.stl
G1 F2700 E387.55466
G1 F1500 X83.15 Y88.6 E389.01145
G1 X79.85 Y88.6 E389.12121
G1 X79.85 Y132.4 E390.578
G1 X83.15 Y132.4 E390.68776
G0 F9000 X83.55 Y132.8
;TYPE:WALL-OUTER
G1 F1500 X83.55 Y88.2 E392.17117
G1 X79.45 Y88.2 E392.30753
G1 X79.45 Y132.8 E393.79093
G1 X83.55 Y132.8 E393.9273
G0 F9000 X82.806 Y132.319
;TYPE:FILL
G1 F3000 X79.929 Y129.442 E394.06263
G0 F9000 X80.15 Y129.442
G0 X80.15 Y131.503
G0 X79.93 Y131.503
G1 F3000 X83.068 Y130.662 E394.17068
G0 F9000 X82.85 Y130.662
G0 X82.85 Y129.405
G0 X83.069 Y129.405
G1 F3000 X82.289 Y132.319 E394.27101
G0 F9000 X82.289 Y132.1
G0 X82.971 Y129.343
G0 X82.971 Y126.657
G0 X82.804 Y126.592
G1 F3000 X83.069 Y126.521 E394.28014
G0 F9000 X82.498 Y126.355
G1 F3000 X79.929 Y123.786 E394.40097
G0 F9000 X79.929 Y123.221
G1 F3000 X83.068 Y122.38 E394.50906
G0 F9000 X82.85 Y122.38
G0 X82.85 Y121.269
G0 X83.07 Y121.269
G1 F3000 X79.929 Y118.129 E394.65678
G0 F9000 X79.929 Y119.08
G1 F3000 X83.069 Y118.239 E394.7649
G0 F9000 X82.85 Y118.239
G0 X82.85 Y115.612
G0 X83.07 Y115.612
G1 F3000 X79.929 Y112.472 E394.91262
G0 F9000 X80.15 Y112.472
G0 X80.15 Y110.797
G0 X79.93 Y110.797
G1 F3000 X83.069 Y109.956 E395.0207
G1 X83.07 Y109.955
G1 X79.929 Y106.815 E395.16842
G1 X79.93 Y106.656
G1 X83.068 Y105.815 E395.27648
G0 F9000 X82.85 Y105.815
G0 X82.85 Y104.298
G0 X83.07 Y104.298
G1 F3000 X79.929 Y101.158 E395.42419
G0 F9000 X80.15 Y101.158
G0 X80.15 Y102.515
G0 X79.929 Y102.515
G1 F3000 X83.068 Y101.674 E395.53228
G0 F9000 X82.85 Y101.674
G0 X82.85 Y98.642
G0 X83.07 Y98.642
G1 F3000 X79.929 Y95.501 E395.68002
G0 F9000 X79.929 Y94.76
G1 F3000 X80.051 Y94.307 E395.69563
G0 F9000 X80.067 Y94.43
G0 X80.029 Y91.657
G0 X80.87 Y91.073
G0 X80.891 Y91.169
G1 F3000 X81.559 Y88.678 E395.78141
G0 F9000 X81.559 Y88.9
G0 X82.85 Y89.251
G0 X83.069 Y89.251
G1 F3000 X79.93 Y90.092 E395.88949
G0 F9000 X79.929 Y89.844
G1 F3000 X81.182 Y91.097 E395.94843
G0 F9000 X81.161 Y91.002
G0 X81.781 Y90.682
G0 X82.327 Y90.816
G0 X82.826 Y91.081
G0 X82.971 Y91.657
G0 X82.971 Y93.832
G0 X82.85 Y97.533
G0 X83.069 Y97.533
G1 F3000 X79.929 Y98.374 E396.05655
G0 F9000 X80.15 Y98.374
G0 X82.85 Y98.497
G0 X83.069 Y98.497
G1 F3000 X79.929 Y110.214 E396.46001
G0 F9000 X80.15 Y110.214
G0 X80.15 Y114.939
G0 X79.929 Y114.939
G1 F3000 X83.069 Y114.097 E396.56813
G1 X83.069 Y113.951
G1 X79.929 Y125.669 E396.97163
G0 F9000 X80.15 Y125.669
G0 X80.029 Y126.657
G0 X80.029 Y129.343
G0 X80.174 Y129.919
G0 X80.673 Y130.184
G0 X81.09 Y130.289
G0 X82.195 Y129.912
G0 X82.164 Y129.776
;TYPE:SKIN
G1 F1500 X81.734 Y129.881 E396.98635
G1 X81.266 Y129.881 E397.00191
G1 X80.836 Y129.776 E397.01664
G1 X80.424 Y129.556 E397.03217
G1 X80.21 Y129.367 E397.04167
G1 X80.21 Y126.633 E397.1326
G1 X80.424 Y126.444 E397.1421
G1 X80.836 Y126.224 E397.15763
G1 X81.266 Y126.119 E397.17235
G1 X81.734 Y126.119 E397.18792
G1 X82.164 Y126.224 E397.20264
G1 X82.576 Y126.444 E397.21817
G1 X82.79 Y126.633 E397.22767
G1 X82.79 Y129.367 E397.3186
G1 X82.576 Y129.556 E397.3281
G1 X82.164 Y129.776 E397.34363
G0 F9000 X82.196 Y129.911
G0 X81.262 Y129.96
G0 X80.888 Y129.869
G0 X80.076 Y129.437
G0 X80.41 Y129.059
G1 F1500 X80.948 Y129.597 E397.36894
G0 F9000 X81.597 Y129.68
G1 F1500 X80.41 Y128.493 E397.42477
G0 F9000 X80.41 Y127.927
G1 F1500 X82.074 Y129.592 E397.50307
G0 F9000 X82.445 Y129.397
G1 F1500 X80.41 Y127.361 E397.59881
G0 F9000 X80.41 Y126.796
G1 F1500 X82.59 Y128.976 E397.70135
G0 F9000 X82.59 Y128.41
G1 F1500 X80.701 Y126.521 E397.7902
G0 F9000 X81.107 Y126.362
G1 F1500 X82.59 Y127.844 E397.85993
G0 F9000 X82.59 Y127.279
G1 F1500 X81.629 Y126.318 E397.90514
G1 F2700 E392.90514
G0 F9000 X81.629 Y125.979
G0 X82.199 Y94.911
G0 X82.167 Y94.774
G1 F2700 E397.90514
G1 F1500 X81.737 Y94.88 E397.91987
G1 X81.271 Y94.881 E397.93537
G1 X80.833 Y94.774 E397.95036
G1 X80.424 Y94.556 E397.96578
G1 X80.211 Y94.367 E397.97525
G1 X80.21 Y91.633 E398.06618
G1 X80.424 Y91.444 E398.07568
G1 X80.836 Y91.224 E398.09121
G1 X81.266 Y91.119 E398.10594
G1 X81.734 Y91.119 E398.1215
G1 X82.164 Y91.224 E398.13622
G1 X82.576 Y91.444 E398.15176
G1 X82.79 Y91.633 E398.16125
G1 X82.79 Y94.367 E398.25219
G1 X82.575 Y94.557 E398.26173
G1 X82.167 Y94.774 E398.2771
G0 F9000 X82.199 Y94.911
G0 X81.267 Y94.96
G0 X80.798 Y94.846
G0 X80.1 Y94.406
G0 X80.41 Y93.987
G1 F1500 X81.04 Y94.617 E398.30673
G0 F9000 X81.668 Y94.679
G1 F1500 X80.41 Y93.421 E398.36591
G0 F9000 X80.41 Y92.855
G1 F1500 X82.124 Y94.569 E398.44653
G0 F9000 X82.487 Y94.366
G1 F1500 X80.41 Y92.289 E398.54422
G0 F9000 X80.41 Y91.723
G1 F1500 X82.59 Y93.903 E398.64676
G0 F9000 X82.59 Y93.338
G1 F1500 X80.748 Y91.496 E398.73341
G0 F9000 X81.166 Y91.349
G1 F1500 X82.59 Y92.772 E398.80036
G0 F9000 X82.59 Y92.206
G1 F1500 X81.701 Y91.318 E398.84215
G0 F9000 X81.701 Y90.679
G1 F2700 E393.84215
G0 F9000 X82.971 Y91.657
G0 X83.33 Y131.63
G0 X84.415 Y131.63
G0 X95.585 Y131.63
G0 X96.67 Y131.63
G0 X99.88 Y131.63
G0 X100.15 Y131.9
;TYPE:WALL-INNER
G1 F2700 E398.84215
G1 F1500 X100.15 Y88.1 E400.29895
G1 X96.85 Y88.1 E400.40871
G1 X96.85 Y131.9 E401.8655
G1 X100.15 Y131.9 E401.97526
G0 F9000 X100.55 Y132.3
;TYPE:WALL-OUTER
G1 F1500 X100.55 Y87.7 E403.45866
G1 X96.45 Y87.7 E403.59503
G1 X96.45 Y132.3 E405.07843
G1 X100.55 Y132.3 E405.2148
G0 F9000 X100.28 Y132.03
G0 X99.276 Y131.6
G0 X99.276 Y131.818
;TYPE:FILL
G1 F3000 X96.929 Y129.471 E405.32519
G0 F9000 X97.15 Y129.471
G0 X97.15 Y131.089
G0 X96.929 Y131.089
G1 F3000 X100.068 Y130.248 E405.43328
G0 F9000 X99.85 Y130.248
G0 X99.823 Y129.027
G0 X99.756 Y128.95
G1 F3000 X98.987 Y131.82 E405.5321
G0 F9000 X98.987 Y131.6
G0 X99.971 Y128.843
G0 X99.971 Y126.668
G0 X99.947 Y126.082
G0 X99.88 Y126.157
G1 F3000 X100.068 Y126.107 E405.53857
G0 F9000 X99.85 Y126.107
G0 X99.621 Y125.877
G0 X98.693 Y125.479
G0 X98.693 Y125.578
G1 F3000 X96.929 Y123.815 E405.62152
G0 F9000 X96.929 Y124.044
G1 F3000 X100.069 Y112.327 E406.02498
G0 F9000 X99.85 Y112.327
G0 X99.85 Y113.683
G0 X100.069 Y113.683
G1 F3000 X96.93 Y114.524 E406.13307
G0 F9000 X97.15 Y114.524
G0 X97.15 Y112.501
G0 X96.929 Y112.501
G1 F3000 X100.069 Y115.641 E406.28076
G0 F9000 X99.85 Y115.641
G0 X99.85 Y117.824
G0 X100.069 Y117.824
G1 F3000 X96.929 Y118.666 E406.38889
G0 F9000 X96.929 Y118.158
G1 F3000 X100.069 Y121.298 E406.53659
G0 F9000 X100.068 Y121.966
G1 F3000 X96.929 Y122.807 E406.64467
G0 F9000 X97.15 Y122.807
G0 X97.15 Y110.383
G0 X96.93 Y110.383
G1 F3000 X100.068 Y109.542 E406.75273
G0 F9000 X100.069 Y109.984
G1 F3000 X96.929 Y106.844 E406.90042
G0 F9000 X96.929 Y106.242
G1 F3000 X100.068 Y105.401 E407.00851
G0 F9000 X99.85 Y105.401
G0 X99.85 Y104.327
G0 X100.069 Y104.327
G1 F3000 X96.929 Y101.187 E407.1562
G0 F9000 X96.929 Y102.101
G1 F3000 X100.068 Y101.26 E407.26429
G0 F9000 X99.85 Y101.26
G0 X99.85 Y98.671
G0 X100.069 Y98.671
G1 F3000 X96.929 Y95.53 E407.41201
G0 F9000 X97.15 Y95.53
G0 X97.15 Y97.96
G0 X96.929 Y97.96
G1 F3000 X100.069 Y97.119 E407.52013
G0 F9000 X100.069 Y96.872
G1 F3000 X96.929 Y108.59 E407.92362
G0 F9000 X97.15 Y108.59
G0 X97.029 Y91.157
G0 X97.5 Y90.743
G0 X97.546 Y90.831
G1 F3000 X98.257 Y88.179 E408.01494
G0 F9000 X98.257 Y88.4
G0 X99.85 Y88.837
G0 X100.068 Y88.837
G1 F3000 X96.93 Y89.678 E408.12299
G1 X96.929 Y89.873
G1 X97.768 Y90.713 E408.16248
G0 F9000 X97.722 Y90.625
G0 X97.029 Y91.157
G0 X97.029 Y93.843
G0 X97.174 Y94.419
G0 X97.67 Y94.682
G0 X98.093 Y94.788
G0 X99.199 Y94.411
G0 X99.167 Y94.274
;TYPE:SKIN
G1 F1500 X98.737 Y94.38 E408.17721
G1 X98.271 Y94.381 E408.19271
G1 X97.833 Y94.274 E408.20771
G1 X97.424 Y94.056 E408.22312
G1 X97.211 Y93.867 E408.23259
G1 X97.21 Y91.133 E408.32353
G1 X97.424 Y90.944 E408.33302
G1 X97.836 Y90.724 E408.34856
G1 X98.266 Y90.619 E408.36328
G1 X98.734 Y90.619 E408.37884
G1 X99.164 Y90.724 E408.39357
G1 X99.576 Y90.944 E408.4091
G1 X99.79 Y91.133 E408.4186
G1 X99.79 Y93.867 E408.50953
G1 X99.575 Y94.057 E408.51907
G1 X99.167 Y94.274 E408.53444
G0 F9000 X99.199 Y94.411
G0 X98.267 Y94.46
G0 X97.798 Y94.346
G0 X97.1 Y93.889
G0 X97.409 Y93.449
G1 F1500 X98.089 Y94.13 E408.56645
G0 F9000 X98.705 Y94.179
G1 F1500 X97.409 Y92.884 E408.62739
G0 F9000 X97.408 Y92.317
G1 F1500 X99.148 Y94.057 E408.70923
G0 F9000 X99.506 Y93.85
G1 F1500 X97.408 Y91.752 E408.80792
G0 F9000 X97.428 Y91.206
G1 F1500 X99.589 Y93.367 E408.90956
G0 F9000 X99.589 Y92.801
G1 F1500 X97.772 Y90.984 E408.99503
G0 F9000 X98.195 Y90.842
G1 F1500 X99.589 Y92.235 E409.06057
G0 F9000 X99.589 Y91.67
G1 F1500 X98.748 Y90.829 E409.10013
G1 F2700 E404.10013
G0 F9000 X98.828 Y90.5
G0 X99.826 Y90.581
G0 X99.971 Y91.157
G0 X99.971 Y128.843
G0 X99.923 Y129.339
G0 X98.765 Y129.516
G0 X98.734 Y129.381
G1 F2700 E409.10013
G1 F1500 X98.266 Y129.381 E409.1157
G1 X97.836 Y129.276 E409.13042
G1 X97.424 Y129.056 E409.14596
G1 X97.21 Y128.867 E409.15545
G1 X97.21 Y126.133 E409.24638
G1 X97.424 Y125.944 E409.25588
G1 X97.836 Y125.724 E409.27142
G1 X98.266 Y125.619 E409.28614
G1 X98.734 Y125.619 E409.3017
G1 X99.164 Y125.724 E409.31643
G1 X99.576 Y125.944 E409.33196
G1 X99.79 Y126.133 E409.34146
G1 X99.79 Y128.867 E409.43239
G1 X99.576 Y129.056 E409.44189
G1 X99.164 Y129.276 E409.45742
G1 X98.734 Y129.381 E409.47214
G0 F9000 X98.766 Y129.516
G0 X97.898 Y129.365
G0 X97.058 Y128.921
G0 X97.41 Y128.523
G1 F1500 X97.995 Y129.108 E409.49966
G0 F9000 X98.632 Y129.179
G1 F1500 X97.41 Y127.957 E409.55714
G0 F9000 X97.41 Y127.391
G1 F1500 X99.101 Y129.082 E409.63668
G0 F9000 X99.467 Y128.882
G1 F1500 X97.41 Y126.825 E409.73343
G0 F9000 X97.41 Y126.26
G1 F1500 X99.589 Y128.439 E409.83593
G0 F9000 X99.589 Y127.873
G1 F1500 X97.724 Y126.009 E409.92363
G0 F9000 X98.137 Y125.855
G1 F1500 X99.589 Y127.308 E409.99195
G0 F9000 X99.589 Y126.742
G1 F1500 X98.665 Y125.818 E410.03541
G0 F9000 X98.665 Y125.179
G1 F2700 E405.03541
G0 F9000 X99.971 Y126.157
G0 X100.33 Y131.13
G0 X101.415 Y131.13
G0 X114.335 Y131.13
G0 X115.42 Y131.13
G0 X115.87 Y131.13
G0 X115.6 Y131.4
;TYPE:WALL-INNER
G1 F2700 E410.03541
G1 F1500 X121.4 Y131.4 E410.22832
G1 X121.4 Y87.6 E411.68511
G1 X115.6 Y87.6 E411.87802
G1 X115.6 Y131.4 E413.33481
G0 F9000 X115.2 Y131.8
;TYPE:WALL-OUTER
G1 F1500 X121.8 Y131.8 E413.55433
G1 X121.8 Y87.2 E415.03773
G1 X115.2 Y87.2 E415.25725
G1 X115.2 Y131.8 E416.74065
G0 F9000 X115.685 Y131.32
;TYPE:FILL
G1 F3000 X116.678 Y127.615 E416.86823
G0 F9000 X116.585 Y127.649
G0 X116.528 Y126.5
G0 X116.62 Y126.535
G1 F3000 X115.679 Y125.594 E416.91249
G0 F9000 X115.679 Y126.065
G1 F3000 X117.08 Y125.69 E416.96073
G1 X117.229 Y125.559
G1 X121.319 Y110.294 E417.48635
G0 F9000 X121.1 Y110.294
G0 X121.1 Y108.607
G0 X121.319 Y108.607
G1 F3000 X115.679 Y102.966 E417.75167
G0 F9000 X115.9 Y102.966
G0 X115.9 Y101.218
G0 X115.68 Y101.218
G1 F3000 X121.319 Y99.707 E417.94584
G0 F9000 X121.1 Y99.707
G0 X121.1 Y97.293
G0 X121.319 Y97.293
G1 F3000 X117.842 Y93.816 E418.10938
G0 F9000 X117.499 Y93.642
G1 F3000 X115.679 Y100.433 E418.34322
G0 F9000 X115.9 Y100.433
G0 X115.9 Y97.309
G0 X115.679 Y97.309
G1 F3000 X121.319 Y102.95 E418.60854
G0 F9000 X121.318 Y103.848
G1 F3000 X115.679 Y105.359 E418.80271
G0 F9000 X115.9 Y105.359
G0 X115.9 Y108.623
G0 X115.679 Y108.623
G1 F3000 X121.319 Y114.264 E419.06802
G0 F9000 X121.1 Y114.264
G0 X121.1 Y116.272
G0 X121.319 Y116.272
G1 F3000 X115.68 Y117.783 E419.26219
G0 F9000 X115.9 Y117.783
G0 X115.9 Y115.887
G0 X115.679 Y115.887
G1 F3000 X121.319 Y94.839 E419.98694
G0 F9000 X121.318 Y95.566
G1 F3000 X115.68 Y97.077 E420.18108
G0 F9000 X115.9 Y97.077
G0 X115.9 Y92.936
G0 X115.68 Y92.936
G1 F3000 X116.696 Y92.664 E420.21607
G1 X116.698 Y92.672
G1 X115.679 Y91.653 E420.264
G0 F9000 X115.9 Y91.653
G0 X115.9 Y88.795
G0 X115.68 Y88.795
G1 F3000 X119.843 Y87.679 E420.40735
G0 F9000 X119.097 Y87.679
G1 F3000 X118.453 Y90.079 E420.49
G0 F9000 X118.453 Y89.979
G0 X119.199 Y90.152
G0 X119.621 Y90.377
G0 X119.978 Y90.691
G0 X120.132 Y90.914
G0 X120.496 Y91.661
G0 X120.396 Y91.672
G1 F3000 X121.318 Y91.425 E420.52174
G0 F9000 X121.319 Y91.636
G1 F3000 X117.363 Y87.68 E420.70782
G0 F9000 X117.363 Y87.9
G0 X116.525 Y92
G0 X116.557 Y92.267
G0 X121.1 Y107.99
G0 X121.318 Y107.99
G1 F3000 X115.68 Y109.5 E420.90195
G0 F9000 X115.9 Y109.5
G0 X115.9 Y113.641
G0 X115.68 Y113.641
G1 F3000 X121.319 Y112.13 E421.09612
G0 F9000 X121.1 Y112.13
G0 X115.9 Y114.28
G0 X115.679 Y114.28
G1 F3000 X121.319 Y119.921 E421.36143
G0 F9000 X121.319 Y120.413
G1 F3000 X115.68 Y121.924 E421.5556
G0 F9000 X115.9 Y121.924
G0 X115.9 Y119.937
G0 X115.679 Y119.937
G1 F3000 X121.319 Y125.577 E421.82089
G1 X121.319 Y125.748
G1 X119.826 Y131.32 E422.01275
G0 F9000 X119.826 Y131.1
G0 X121.13 Y131.13
G0 X121.319 Y131.234
G1 F3000 X118.953 Y128.868 E422.12404
G0 F9000 X118.976 Y128.966
G0 X121.1 Y128.695
G0 X121.319 Y128.695
G1 F3000 X115.68 Y130.206 E422.31821
G0 F9000 X115.9 Y130.206
G0 X115.87 Y131.13
G0 X115.679 Y131.251
G1 F3000 X115.747 Y131.319 E422.32141
G0 F9000 X115.87 Y131.13
G0 X116.581 Y126.53
G0 X116.751 Y126.083
G0 X117.022 Y125.691
G0 X117.379 Y125.377
G0 X117.801 Y125.152
G0 X118.175 Y125.061
G0 X119.085 Y125.062
G0 X119.062 Y125.159
G1 F3000 X121.318 Y124.554 E422.3991
G0 F9000 X121.1 Y124.554
G0 X120.418 Y127.472
G0 X120.25 Y127.917
G0 X119.978 Y128.309
G0 X119.62 Y128.624
G0 X119.199 Y128.848
G0 X118.238 Y129.015
G0 X118.271 Y128.881
;TYPE:SKIN
G1 F1500 X117.833 Y128.774 E422.41409
G1 X117.424 Y128.556 E422.42951
G1 X117.083 Y128.255 E422.44464
G1 X116.82 Y127.876 E422.45998
G1 X116.662 Y127.459 E422.47481
G1 X116.606 Y127.005 E422.49003
G1 X116.66 Y126.545 E422.50543
G1 X116.82 Y126.123 E422.52044
G1 X117.083 Y125.745 E422.53576
G1 X117.424 Y125.444 E422.55089
G1 X117.836 Y125.224 E422.56642
G1 X118.266 Y125.119 E422.58114
G1 X118.734 Y125.12 E422.59671
G1 X119.164 Y125.224 E422.61142
G1 X119.576 Y125.445 E422.62697
G1 X119.92 Y125.747 E422.6422
G1 X120.179 Y126.12 E422.6573
G1 X120.339 Y126.543 E422.67234
G1 X120.393 Y127.001 E422.68768
G1 X120.339 Y127.457 E422.70296
G1 X120.179 Y127.88 E422.718
G1 X119.92 Y128.253 E422.7331
G1 X119.575 Y128.557 E422.74839
G1 X119.167 Y128.774 E422.76376
G1 X118.737 Y128.879 E422.77849
G1 X118.271 Y128.881 E422.79399
G0 F9000 X118.238 Y129.015
G0 X117.382 Y128.625
G0 X117.178 Y128.444
G0 X116.658 Y127.843
G0 X116.975 Y127.723
G1 F1500 X117.76 Y128.508 E422.83091
G0 F9000 X118.496 Y128.679
G1 F1500 X116.809 Y126.991 E422.91029
G0 F9000 X116.888 Y126.504
G1 F1500 X118.991 Y128.608 E423.00923
G0 F9000 X119.38 Y128.431
G1 F1500 X117.066 Y126.117 E423.11807
G0 F9000 X117.318 Y125.804
G1 F1500 X119.696 Y128.181 E423.2299
G0 F9000 X119.945 Y127.865
G1 F1500 X117.637 Y125.557 E423.33846
G0 F9000 X118.029 Y125.383
G1 F1500 X120.118 Y127.472 E423.43672
G0 F9000 X120.187 Y126.975
G1 F1500 X118.53 Y125.319 E423.51464
G0 F9000 X119.305 Y125.527
G1 F1500 X120.007 Y126.229 E423.54766
G1 F2700 E418.54766
G0 F9000 X120.325 Y126.11
G0 X118.238 Y94.015
G0 X118.271 Y93.881
G1 F2700 E423.54766
G1 F1500 X117.833 Y93.774 E423.56266
G1 X117.424 Y93.556 E423.57807
G1 X117.08 Y93.253 E423.59332
G1 X116.821 Y92.88 E423.60842
G1 X116.661 Y92.457 E423.62346
G1 X116.606 Y92 E423.63877
G1 X116.661 Y91.543 E423.65408
G1 X116.821 Y91.12 E423.66912
G1 X117.08 Y90.747 E423.68423
G1 X117.424 Y90.445 E423.69945
G1 X117.836 Y90.224 E423.715
G1 X118.266 Y90.119 E423.72972
G1 X118.734 Y90.12 E423.74529
G1 X119.164 Y90.224 E423.76
G1 X119.576 Y90.445 E423.77555
G1 X119.92 Y90.747 E423.79078
G1 X120.179 Y91.12 E423.80588
G1 X120.339 Y91.543 E423.82093
G1 X120.394 Y92.001 E423.83627
G1 X120.339 Y92.457 E423.85154
G1 X120.179 Y92.88 E423.86659
G1 X119.92 Y93.253 E423.88169
G1 X119.575 Y93.557 E423.89698
G1 X119.167 Y93.774 E423.91235
G1 X118.737 Y93.879 E423.92708
G1 X118.271 Y93.881 E423.94258
G0 F9000 X118.238 Y94.015
G0 X117.379 Y93.623
G0 X117.09 Y93.368
G0 X116.613 Y92.725
G0 X116.93 Y92.606
G1 F1500 X117.911 Y93.586 E423.98869
G0 F9000 X118.569 Y93.678
G1 F1500 X116.815 Y91.925 E424.07117
G0 F9000 X116.907 Y91.451
G1 F1500 X119.051 Y93.595 E424.17202
G0 F9000 X119.428 Y93.406
G1 F1500 X117.094 Y91.073 E424.28178
G0 F9000 X117.357 Y90.769
G1 F1500 X119.735 Y93.147 E424.39364
G0 F9000 X119.974 Y92.821
G1 F1500 X117.685 Y90.532 E424.5013
G0 F9000 X118.087 Y90.368
G1 F1500 X120.137 Y92.418 E424.59773
G0 F9000 X120.179 Y91.894
G1 F1500 X118.603 Y90.319 E424.67184
G0 F9000 X119.46 Y90.61
G1 F1500 X119.856 Y91.006 E424.69046
G0 F9000 X120.383 Y90.643
G1 F2700 E419.69046
G0 F9000 X121.58 Y112.13
G0 X122.665 Y112.13
G0 X135.585 Y112.13
G0 X136.67 Y112.13
G0 X137.12 Y112.13
G0 X136.85 Y112.4
;TYPE:WALL-INNER
G1 F2700 E424.69046
G1 F1500 X140.15 Y112.4 E424.80022
G1 X140.15 Y103.6 E425.09291
G1 X136.85 Y103.6 E425.20267
G1 X136.85 Y112.4 E425.49536
G0 F9000 X136.45 Y112.8
;TYPE:WALL-OUTER
G1 F1500 X140.55 Y112.8 E425.63172
G1 X140.55 Y103.2 E425.95102
G1 X136.45 Y103.2 E426.08739
G1 X136.45 Y112.8 E426.40669
G0 F9000 X136.929 Y112.089
;TYPE:FILL
G1 F3000 X140.068 Y111.248 E426.51477
G0 F9000 X140.069 Y110.386
G1 F3000 X139.386 Y109.703 E426.5469
G0 F9000 X139.433 Y109.792
G0 X138.87 Y109.928
G0 X137.977 Y109.953
G0 X138.001 Y109.855
G1 F3000 X137.341 Y112.319 E426.63174
G0 F9000 X137.341 Y112.1
G0 X137.029 Y109.343
G0 X137.029 Y106.657
G0 X137.175 Y106.08
G0 X137.673 Y105.816
G0 X138.082 Y105.711
G0 X139.019 Y106.047
G0 X138.995 Y106.144
G1 F3000 X139.656 Y103.678 E426.71665
G0 F9000 X139.02 Y103.68
G1 F3000 X140.069 Y104.729 E426.766
G0 F9000 X139.85 Y104.729
G0 X137.405 Y103.9
G0 X137.405 Y103.679
G1 F3000 X136.93 Y103.807 E426.78236
G0 F9000 X137.15 Y103.807
G0 X137.029 Y106.657
G0 X137.029 Y109.343
G0 X137.803 Y109.91
G0 X137.836 Y109.776
;TYPE:SKIN
G1 F1500 X137.424 Y109.556 E426.79789
G1 X137.21 Y109.367 E426.80739
G1 X137.211 Y106.633 E426.89832
G1 X137.425 Y106.443 E426.90784
G1 X137.833 Y106.226 E426.92321
G1 X138.263 Y106.12 E426.93794
G1 X138.729 Y106.119 E426.95344
G1 X139.167 Y106.226 E426.96844
G1 X139.576 Y106.444 E426.98385
G1 X139.79 Y106.633 E426.99335
G1 X139.79 Y109.367 E427.08428
G1 X139.576 Y109.556 E427.09378
G1 X139.164 Y109.776 E427.10931
G1 X138.734 Y109.881 E427.12403
G1 X138.266 Y109.881 E427.1396
G1 X137.836 Y109.776 E427.15432
G0 F9000 X137.409 Y109.125
G1 F1500 X137.832 Y109.548 E427.17422
G0 F9000 X138.53 Y109.68
G1 F1500 X137.409 Y108.559 E427.22695
G0 F9000 X137.409 Y107.994
G1 F1500 X139.02 Y109.605 E427.30272
G0 F9000 X139.402 Y109.421
G1 F1500 X137.409 Y107.428 E427.39647
G0 F9000 X137.409 Y106.862
G1 F1500 X139.589 Y109.042 E427.49901
G0 F9000 X139.589 Y108.476
G1 F1500 X137.658 Y106.546 E427.58981
G0 F9000 X138.055 Y106.377
G1 F1500 X139.589 Y107.91 E427.66194
G0 F9000 X139.589 Y107.345
G1 F1500 X138.563 Y106.319 E427.7102
G0 F9000 X139.372 Y106.563
G1 F1500 X139.589 Y106.779 E427.72039
G0 F9000 X139.55 Y106.266
G1 F2700 E422.72039
;MESH:NONMESH
G0 F300 X139.55 Y106.266 Z1.6
G0 F9000 X139.971 Y106.657
G0 X139.971 Y109.343
G0 X136.664 Y112.586
G0 X135.585 Y112.586
G0 X122.653 Y132.653
G0 X101.403 Y133.153
G0 X95.597 Y133.153
G0 X84.415 Y112.586
G0 X83.33 Y112.586
G0 X83.039 Y126.159
G0 X82.88 Y132.13
G0 X83.15 Y132.4
;TIME_ELAPSED:728.990646
;LAYER:7
;TYPE:WALL-INNER
;MESH:Spacers.stl
G1 F2700 E427.72039
G1 F1500 X83.15 Y88.6 E429.17718
G1 X79.85 Y88.6 E429.28694
G1 X79.85 Y132.4 E430.74373
G1 X83.15 Y132.4 E430.85349
G0 F9000 X83.55 Y132.8
;TYPE:WALL-OUTER
G1 F1500 X83.55 Y88.2 E432.33689
G1 X79.45 Y88.2 E432.47326
G1 X79.45 Y132.8 E433.95666
G1 X83.55 Y132.8 E434.09303
G0 F9000 X83.007 Y132.319
;TYPE:FILL
G1 F3000 X80.013 Y129.325 E434.23386
G0 F9000 X80.094 Y129.387
G0 X80.15 Y131.65
G0 X79.93 Y131.65
G1 F3000 X83.068 Y130.809 E434.34191
G0 F9000 X82.85 Y130.809
G0 X82.907 Y129.403
G0 X82.948 Y129.308
G1 F3000 X82.142 Y132.319 E434.44558
G0 F9000 X82.142 Y132.1
G0 X82.971 Y129.343
G0 X82.971 Y126.657
G0 X83.007 Y126.663
G1 F3000 X79.929 Y123.585 E434.59036
G0 F9000 X79.929 Y123.368
G1 F3000 X83.068 Y122.527 E434.69845
G0 F9000 X82.85 Y122.527
G0 X82.85 Y121.068
G0 X83.07 Y121.068
G1 F3000 X79.929 Y117.928 E434.84617
G0 F9000 X80.15 Y117.928
G0 X80.15 Y119.227
G0 X79.929 Y119.227
G1 F3000 X83.069 Y118.386 E434.95429
G0 F9000 X82.85 Y118.386
G0 X82.85 Y115.411
G0 X83.07 Y115.411
G1 F3000 X79.929 Y112.271 E435.10201
G0 F9000 X80.15 Y112.271
G0 X80.15 Y110.944
G0 X79.93 Y110.944
G1 F3000 X83.069 Y110.103 E435.21009
G0 F9000 X83.07 Y109.754
G1 F3000 X79.929 Y106.614 E435.35781
G1 X79.93 Y106.803
G1 X83.068 Y105.962 E435.46586
G0 F9000 X82.85 Y105.962
G0 X82.85 Y104.098
G0 X83.07 Y104.098
G1 F3000 X79.929 Y100.957 E435.61361
G0 F9000 X80.15 Y100.957
G0 X80.15 Y102.662
G0 X79.929 Y102.662
G1 F3000 X83.068 Y101.821 E435.72169
G0 F9000 X82.85 Y101.821
G0 X82.85 Y98.441
G0 X83.07 Y98.441
G1 F3000 X79.929 Y95.301 E435.86941
G0 F9000 X79.93 Y94.38
G1 F3000 X80.108 Y94.332 E435.87554
G0 F9000 X80.074 Y94.436
G0 X80.029 Y91.657
G0 X80.681 Y91.147
G0 X80.727 Y91.235
G1 F3000 X81.412 Y88.678 E435.96359
G0 F9000 X81.412 Y88.9
G0 X80.15 Y89.644
G0 X79.929 Y89.644
G1 F3000 X81.363 Y91.078 E436.03104
G0 F9000 X81.363 Y90.979
G0 X80.15 Y90.239
G0 X79.93 Y90.239
G1 F3000 X83.069 Y89.398 E436.13913
G0 F9000 X82.85 Y89.398
G0 X82.971 Y91.657
G0 X82.971 Y93.833
G0 X82.85 Y97.68
G0 X83.069 Y97.68
G1 F3000 X79.929 Y98.521 E436.24724
G0 F9000 X80.15 Y98.521
G0 X82.85 Y97.949
G0 X83.069 Y97.949
G1 F3000 X79.929 Y109.666 E436.6507
G0 F9000 X80.15 Y109.666
G0 X82.85 Y113.404
G0 X83.069 Y113.404
G1 F3000 X79.929 Y125.121 E437.05416
G0 F9000 X80.15 Y125.121
G0 X80.15 Y115.086
G0 X79.93 Y115.086
G1 F3000 X83.069 Y114.244 E437.16226
G0 F9000 X82.85 Y114.244
G0 X82.971 Y126.657
G0 X82.971 Y129.343
G0 X82.195 Y129.912
G0 X82.164 Y129.776
;TYPE:SKIN
G1 F1500 X81.734 Y129.881 E437.17698
G1 X81.266 Y129.881 E437.19255
G1 X80.836 Y129.776 E437.20727
G1 X80.424 Y129.556 E437.2228
G1 X80.21 Y129.367 E437.2323
G1 X80.21 Y126.633 E437.32323
G1 X80.424 Y126.444 E437.33273
G1 X80.836 Y126.224 E437.34826
G1 X81.266 Y126.119 E437.36298
G1 X81.734 Y126.119 E437.37855
G1 X82.164 Y126.224 E437.39327
G1 X82.576 Y126.444 E437.40881
G1 X82.79 Y126.633 E437.4183
G1 X82.79 Y129.367 E437.50924
G1 X82.576 Y129.556 E437.51873
G1 X82.164 Y129.776 E437.53427
G0 F9000 X82.59 Y128.976
G1 F1500 X81.943 Y129.623 E437.5647
G0 F9000 X81.32 Y129.68
G1 F1500 X82.59 Y128.41 E437.62444
G0 F9000 X82.59 Y127.844
G1 F1500 X80.868 Y129.566 E437.70543
G0 F9000 X80.507 Y129.361
G1 F1500 X82.59 Y127.279 E437.80339
G0 F9000 X82.585 Y126.717
G1 F1500 X80.41 Y128.893 E437.90572
G0 F9000 X80.41 Y128.327
G1 F1500 X82.245 Y126.492 E437.99203
G0 F9000 X81.825 Y126.346
G1 F1500 X80.41 Y127.762 E438.05861
G0 F9000 X80.41 Y127.196
G1 F1500 X81.286 Y126.319 E438.09984
G1 F2700 E433.09984
G0 F9000 X81.207 Y125.99
G0 X82.238 Y94.894
G0 X82.173 Y94.769
G1 F2700 E438.09984
G1 F1500 X81.732 Y94.881 E438.11497
G1 X81.266 Y94.881 E438.13047
G1 X80.836 Y94.776 E438.14519
G1 X80.424 Y94.556 E438.16073
G1 X80.21 Y94.367 E438.17022
G1 X80.21 Y91.633 E438.26116
G1 X80.424 Y91.444 E438.27065
G1 X80.836 Y91.224 E438.28619
G1 X81.266 Y91.119 E438.30091
G1 X81.734 Y91.119 E438.31648
G1 X82.164 Y91.224 E438.3312
G1 X82.576 Y91.444 E438.34673
G1 X82.79 Y91.633 E438.35623
G1 X82.79 Y94.368 E438.4472
G1 X82.57 Y94.561 E438.45693
G1 X82.173 Y94.769 E438.47184
G0 F9000 X82.589 Y93.904
G1 F1500 X81.85 Y94.643 E438.5066
G0 F9000 X81.256 Y94.671
G1 F1500 X82.589 Y93.338 E438.5693
G0 F9000 X82.589 Y92.773
G1 F1500 X80.82 Y94.541 E438.65248
G0 F9000 X80.468 Y94.328
G1 F1500 X82.589 Y92.207 E438.75225
G0 F9000 X82.546 Y91.684
G1 F1500 X80.41 Y93.821 E438.85274
G0 F9000 X80.41 Y93.255
G1 F1500 X82.198 Y91.467 E438.93684
G0 F9000 X81.766 Y91.333
G1 F1500 X80.41 Y92.689 E439.00063
G0 F9000 X80.41 Y92.123
G1 F1500 X81.19 Y91.343 E439.03731
G0 F9000 X81.041 Y90.723
G1 F2700 E434.03731
G0 F9000 X80.029 Y91.657
G0 X80.029 Y94.343
G0 X80.379 Y94.623
G0 X83.33 Y131.63
G0 X84.415 Y131.63
G0 X95.585 Y131.63
G0 X96.67 Y131.63
G0 X99.88 Y131.63
G0 X100.15 Y131.9
;TYPE:WALL-INNER
G1 F2700 E439.03731
G1 F1500 X100.15 Y88.1 E440.49411
G1 X96.85 Y88.1 E440.60387
G1 X96.85 Y131.9 E442.06066
G1 X100.15 Y131.9 E442.17042
G0 F9000 X100.55 Y132.3
;TYPE:WALL-OUTER
G1 F1500 X100.55 Y87.7 E443.65382
G1 X96.45 Y87.7 E443.79019
G1 X96.45 Y132.3 E445.27359
G1 X100.55 Y132.3 E445.40996
G0 F9000 X100.28 Y132.03
G0 X99.477 Y131.6
G0 X99.477 Y131.818
;TYPE:FILL
G1 F3000 X96.929 Y129.271 E445.52978
G0 F9000 X97.15 Y129.271
G0 X97.15 Y131.236
G0 X96.929 Y131.236
G1 F3000 X100.068 Y130.395 E445.63787
G0 F9000 X99.85 Y130.395
G0 X99.614 Y129.196
G0 X99.567 Y129.107
G1 F3000 X98.84 Y131.82 E445.73129
G0 F9000 X98.84 Y131.6
G0 X99.971 Y128.843
G0 X99.971 Y126.157
G0 X99.772 Y125.998
G0 X98.967 Y125.534
G0 X98.944 Y125.629
G1 F3000 X96.929 Y123.614 E445.82607
G1 X96.929 Y123.496
G1 X100.069 Y111.779 E446.22953
G0 F9000 X99.85 Y111.779
G0 X99.85 Y109.783
G0 X100.069 Y109.783
G1 F3000 X96.929 Y106.643 E446.37722
G0 F9000 X96.929 Y106.389
G1 F3000 X100.068 Y105.548 E446.48531
G0 F9000 X99.85 Y105.548
G0 X99.85 Y104.127
G0 X100.069 Y104.127
G1 F3000 X96.929 Y100.986 E446.63303
G0 F9000 X97.15 Y100.986
G0 X97.15 Y102.248
G0 X96.929 Y102.248
G1 F3000 X100.068 Y101.407 E446.74111
G0 F9000 X99.85 Y101.407
G0 X99.85 Y98.47
G0 X100.069 Y98.47
G1 F3000 X96.929 Y95.33 E446.88881
G0 F9000 X97.15 Y95.33
G0 X97.15 Y93.966
G0 X96.93 Y93.966
G1 F3000 X97.183 Y93.898 E446.89752
G0 F9000 X97.116 Y93.973
G0 X97.029 Y91.157
G0 X97.307 Y90.858
G0 X97.372 Y90.934
G1 F3000 X98.11 Y88.179 E446.99238
G0 F9000 X98.11 Y88.4
G0 X97.15 Y89.673
G0 X96.929 Y89.673
G1 F3000 X97.919 Y90.663 E447.03895
G0 F9000 X97.897 Y90.566
G0 X97.15 Y89.825
G0 X96.93 Y89.825
G1 F3000 X100.068 Y88.984 E447.14701
G0 F9000 X99.85 Y88.984
G0 X99.971 Y91.157
G0 X99.971 Y93.333
G0 X99.85 Y96.324
G0 X100.069 Y96.324
G1 F3000 X96.929 Y108.041 E447.55047
G0 F9000 X97.15 Y108.041
G0 X97.15 Y110.53
G0 X96.93 Y110.53
G1 F3000 X100.068 Y109.689 E447.65852
G0 F9000 X99.85 Y109.689
G0 X97.15 Y112.3
G0 X96.929 Y112.3
G1 F3000 X100.069 Y115.44 E447.80621
G0 F9000 X99.85 Y115.44
G0 X99.85 Y113.83
G0 X100.069 Y113.83
G1 F3000 X96.93 Y114.671 E447.9143
G0 F9000 X97.15 Y114.671
G0 X97.15 Y117.957
G0 X96.929 Y117.957
G1 F3000 X100.069 Y121.097 E448.062
G0 F9000 X99.85 Y121.097
G0 X99.85 Y122.113
G0 X100.068 Y122.113
G1 F3000 X96.929 Y122.954 E448.17008
G0 F9000 X97.15 Y122.954
G0 X97.15 Y118.813
G0 X96.929 Y118.813
G1 F3000 X100.069 Y117.971 E448.27821
G0 F9000 X99.85 Y117.971
G0 X97.15 Y98.107
G0 X96.929 Y98.107
G1 F3000 X100.069 Y97.266 E448.38633
G0 F9000 X99.85 Y97.266
G0 X98.75 Y94.519
G0 X98.732 Y94.381
;TYPE:SKIN
G1 F1500 X98.266 Y94.381 E448.40183
G1 X97.836 Y94.276 E448.41655
G1 X97.424 Y94.056 E448.43208
G1 X97.21 Y93.867 E448.44158
G1 X97.21 Y91.133 E448.53251
G1 X97.424 Y90.944 E448.54201
G1 X97.836 Y90.724 E448.55754
G1 X98.266 Y90.619 E448.57226
G1 X98.734 Y90.619 E448.58783
G1 X99.164 Y90.724 E448.60255
G1 X99.576 Y90.944 E448.61809
G1 X99.79 Y91.133 E448.62758
G1 X99.79 Y93.868 E448.71855
G1 X99.57 Y94.061 E448.72828
G1 X99.173 Y94.269 E448.74319
G1 X98.732 Y94.381 E448.75832
G0 F9000 X98.75 Y94.519
G0 X99.244 Y94.295
G0 X99.943 Y93.899
G0 X99.588 Y93.309
G1 F1500 X98.722 Y94.176 E448.79908
G0 F9000 X98.179 Y94.153
G1 F1500 X99.588 Y92.744 E448.86536
G0 F9000 X99.588 Y92.178
G1 F1500 X97.758 Y94.008 E448.95143
G0 F9000 X97.416 Y93.784
G1 F1500 X99.588 Y91.612 E449.0536
G0 F9000 X99.495 Y91.14
G1 F1500 X97.408 Y93.227 E449.15176
G0 F9000 X97.408 Y92.661
G1 F1500 X99.135 Y90.934 E449.233
G0 F9000 X98.685 Y90.818
G1 F1500 X97.408 Y92.095 E449.29306
G0 F9000 X97.408 Y91.53
G1 F1500 X98.065 Y90.873 E449.32397
G1 F2700 E444.32397
G0 F9000 X97.987 Y90.544
G0 X97.174 Y90.581
G0 X97.029 Y91.157
G0 X97.029 Y93.843
G0 X99.971 Y126.157
G0 X99.971 Y128.843
G0 X99.923 Y129.339
G0 X98.765 Y129.516
G0 X98.734 Y129.381
G1 F2700 E449.32397
G1 F1500 X98.266 Y129.381 E449.33953
G1 X97.836 Y129.276 E449.35425
G1 X97.424 Y129.056 E449.36979
G1 X97.21 Y128.867 E449.37928
G1 X97.21 Y126.133 E449.47022
G1 X97.424 Y125.944 E449.47971
G1 X97.836 Y125.724 E449.49525
G1 X98.266 Y125.619 E449.50997
G1 X98.734 Y125.619 E449.52554
G1 X99.164 Y125.724 E449.54026
G1 X99.576 Y125.944 E449.55579
G1 X99.79 Y126.133 E449.56529
G1 X99.79 Y128.867 E449.65622
G1 X99.576 Y129.056 E449.66572
G1 X99.164 Y129.276 E449.68125
G1 X98.734 Y129.381 E449.69597
G0 F9000 X98.766 Y129.516
G0 X99.251 Y129.293
G0 X99.943 Y128.898
G0 X99.589 Y128.381
G1 F1500 X98.818 Y129.153 E449.73226
G0 F9000 X98.239 Y129.166
G1 F1500 X99.589 Y127.815 E449.79579
G0 F9000 X99.589 Y127.25
G1 F1500 X97.806 Y129.033 E449.87965
G0 F9000 X97.456 Y128.817
G1 F1500 X99.589 Y126.684 E449.97998
G0 F9000 X99.535 Y126.173
G1 F1500 X97.41 Y128.298 E450.07994
G0 F9000 X97.41 Y127.732
G1 F1500 X99.183 Y125.959 E450.16333
G0 F9000 X98.748 Y125.828
G1 F1500 X97.41 Y127.166 E450.22627
G0 F9000 X97.41 Y126.601
G1 F1500 X98.161 Y125.85 E450.26159
G0 F9000 X98.012 Y125.23
G1 F2700 E445.26159
G0 F9000 X99.199 Y125.652
G0 X99.621 Y125.877
G0 X99.971 Y126.157
G0 X100.33 Y131.13
G0 X101.415 Y131.13
G0 X114.335 Y131.13
G0 X115.42 Y131.13
G0 X115.87 Y131.13
G0 X115.6 Y131.4
;TYPE:WALL-INNER
G1 F2700 E450.26159
G1 F1500 X121.4 Y131.4 E450.4545
G1 X121.4 Y87.6 E451.9113
G1 X115.6 Y87.6 E452.10421
G1 X115.6 Y131.4 E453.561
G0 F9000 X115.2 Y131.8
;TYPE:WALL-OUTER
G1 F1500 X121.8 Y131.8 E453.78052
G1 X121.8 Y87.2 E455.26392
G1 X115.2 Y87.2 E455.48343
G1 X115.2 Y131.8 E456.96684
G0 F9000 X115.948 Y131.319
;TYPE:FILL
G1 F3000 X115.679 Y131.05 E456.97949
G0 F9000 X115.679 Y130.793
G1 F3000 X116.605 Y127.339 E457.09843
G0 F9000 X116.675 Y126.389
G1 F3000 X115.679 Y125.393 E457.14528
G0 F9000 X115.679 Y126.212
G1 F3000 X116.94 Y125.874 E457.1887
G1 X117.033 Y125.741
G1 X121.319 Y109.745 E457.73949
G0 F9000 X121.1 Y109.745
G0 X121.1 Y108.406
G0 X121.319 Y108.406
G1 F3000 X115.679 Y102.765 E458.00481
G0 F9000 X115.9 Y102.765
G0 X115.9 Y101.365
G0 X115.68 Y101.365
G1 F3000 X121.319 Y99.854 E458.19898
G0 F9000 X121.1 Y99.854
G0 X121.1 Y97.092
G0 X121.319 Y97.092
G1 F3000 X118.11 Y93.883 E458.34992
G0 F9000 X117.372 Y93.566
G1 F3000 X115.679 Y99.884 E458.56747
G0 F9000 X115.9 Y99.884
G0 X115.9 Y97.224
G0 X115.68 Y97.224
G1 F3000 X121.318 Y95.713 E458.76161
G0 F9000 X121.1 Y95.713
G0 X121.1 Y94.29
G0 X121.319 Y94.29
G1 F3000 X115.679 Y115.339 E459.4864
G0 F9000 X115.9 Y115.339
G0 X115.9 Y114.079
G0 X115.679 Y114.079
G1 F3000 X121.319 Y119.72 E459.75171
G0 F9000 X121.319 Y120.56
G1 F3000 X115.68 Y122.071 E459.94588
G0 F9000 X115.9 Y122.071
G0 X115.9 Y119.736
G0 X115.679 Y119.736
G1 F3000 X121.319 Y125.377 E460.21119
G1 X121.319 Y125.199
G1 X119.679 Y131.32 E460.42196
G0 F9000 X119.679 Y131.1
G0 X121.1 Y131.033
G0 X121.319 Y131.033
G1 F3000 X119.112 Y128.827 E460.52574
G0 F9000 X119.136 Y128.925
G0 X121.1 Y128.842
G0 X121.319 Y128.842
G1 F3000 X115.679 Y130.353 E460.71995
G0 F9000 X115.9 Y130.353
G0 X116.582 Y126.528
G0 X116.75 Y126.083
G0 X117.022 Y125.691
G0 X117.379 Y125.377
G0 X117.801 Y125.152
G0 X118.262 Y125.04
G0 X118.532 Y125.04
G0 X119.337 Y125.157
G0 X119.289 Y125.245
G1 F3000 X121.318 Y124.701 E460.78981
G0 F9000 X121.1 Y124.701
G0 X121.1 Y116.419
G0 X121.319 Y116.419
G1 F3000 X115.68 Y117.93 E460.98398
G0 F9000 X115.9 Y117.93
G0 X115.9 Y113.788
G0 X115.68 Y113.788
G1 F3000 X121.319 Y112.277 E461.17815
G0 F9000 X121.1 Y112.277
G0 X121.1 Y114.063
G0 X121.319 Y114.063
G1 F3000 X115.679 Y108.422 E461.44347
G0 F9000 X115.9 Y108.422
G0 X115.9 Y109.647
G0 X115.68 Y109.647
G1 F3000 X121.318 Y108.137 E461.6376
G0 F9000 X121.1 Y108.137
G0 X121.1 Y103.995
G0 X121.318 Y103.995
G1 F3000 X115.679 Y105.506 E461.83177
G0 F9000 X115.9 Y105.506
G0 X121.1 Y102.749
G0 X121.319 Y102.749
G1 F3000 X115.679 Y97.109 E462.09705
G0 F9000 X115.9 Y97.109
G0 X115.9 Y93.083
G0 X115.68 Y93.083
G1 F3000 X116.746 Y92.797 E462.13376
G0 F9000 X116.61 Y92.383
G1 F3000 X115.679 Y91.452 E462.17755
G0 F9000 X115.9 Y91.452
G0 X115.9 Y88.942
G0 X115.68 Y88.942
G1 F3000 X120.392 Y87.679 E462.33981
G0 F9000 X120.392 Y87.9
G0 X118.95 Y87.9
G0 X118.95 Y87.679
G1 F3000 X118.306 Y90.079 E462.42246
G0 F9000 X118.306 Y89.979
G0 X117.564 Y87.9
G0 X117.564 Y87.68
G1 F3000 X121.319 Y91.435 E462.59908
G1 X121.318 Y91.572
G1 X120.412 Y91.815 E462.63028
G0 F9000 X120.513 Y91.804
G0 X120.418 Y92.472
G0 X120.25 Y92.917
G0 X119.979 Y93.307
G0 X119.618 Y93.627
G0 X119.199 Y93.846
G0 X118.233 Y94.015
G0 X118.266 Y93.881
;TYPE:SKIN
G1 F1500 X117.836 Y93.776 E462.645
G1 X117.424 Y93.556 E462.66054
G1 X117.08 Y93.253 E462.67578
G1 X116.821 Y92.88 E462.69089
G1 X116.661 Y92.457 E462.70593
G1 X116.606 Y92 E462.72124
G1 X116.661 Y91.543 E462.73655
G1 X116.821 Y91.12 E462.75159
G1 X117.08 Y90.747 E462.76669
G1 X117.424 Y90.446 E462.7819
G1 X117.836 Y90.224 E462.79746
G1 X118.266 Y90.119 E462.81218
G1 X118.734 Y90.12 E462.82775
G1 X119.164 Y90.224 E462.84246
G1 X119.576 Y90.446 E462.85803
G1 X119.92 Y90.747 E462.87323
G1 X120.179 Y91.12 E462.88834
G1 X120.339 Y91.543 E462.90338
G1 X120.393 Y92.001 E462.91872
G1 X120.339 Y92.457 E462.93399
G1 X120.179 Y92.88 E462.94903
G1 X119.92 Y93.253 E462.96413
G1 X119.57 Y93.562 E462.97966
G1 X119.173 Y93.769 E462.99455
G1 X118.732 Y93.881 E463.00969
G1 X118.266 Y93.881 E463.02519
G0 F9000 X118.233 Y94.015
G0 X119.199 Y93.846
G0 X119.618 Y93.627
G0 X119.822 Y93.446
G0 X120.371 Y92.766
G0 X120.052 Y92.645
G1 F1500 X119.134 Y93.562 E463.06834
G0 F9000 X118.45 Y93.681
G1 F1500 X120.184 Y91.947 E463.14991
G0 F9000 X120.096 Y91.469
G1 F1500 X117.965 Y93.601 E463.25017
G0 F9000 X117.585 Y93.415
G1 F1500 X119.912 Y91.088 E463.35962
G0 F9000 X119.654 Y90.78
G1 F1500 X117.275 Y93.159 E463.47152
G0 F9000 X117.033 Y92.835
G1 F1500 X119.328 Y90.54 E463.57947
G0 F9000 X118.929 Y90.373
G1 F1500 X116.867 Y92.436 E463.67648
G0 F9000 X116.816 Y91.921
G1 F1500 X118.418 Y90.319 E463.75184
G0 F9000 X117.584 Y90.587
G1 F1500 X117.088 Y91.083 E463.77517
G1 F2700 E458.77517
G0 F9000 X116.81 Y90.891
G0 X116.582 Y91.528
G0 X116.525 Y92
G0 X116.531 Y127.049
G0 X116.583 Y127.474
G0 X116.751 Y127.916
G0 X117.021 Y128.306
G0 X117.346 Y128.593
G0 X118.233 Y129.015
G0 X118.266 Y128.881
G1 F2700 E463.77517
G1 F1500 X117.836 Y128.776 E463.78989
G1 X117.424 Y128.556 E463.80542
G1 X117.083 Y128.255 E463.82055
G1 X116.82 Y127.876 E463.8359
G1 X116.662 Y127.459 E463.85073
G1 X116.606 Y127.002 E463.86604
G1 X116.661 Y126.543 E463.88142
G1 X116.821 Y126.12 E463.89646
G1 X117.08 Y125.747 E463.91156
G1 X117.424 Y125.446 E463.92677
G1 X117.836 Y125.224 E463.94233
G1 X118.266 Y125.119 E463.95705
G1 X118.734 Y125.12 E463.97262
G1 X119.164 Y125.224 E463.98733
G1 X119.576 Y125.446 E464.0029
G1 X119.92 Y125.747 E464.0181
G1 X120.179 Y126.12 E464.03321
G1 X120.339 Y126.543 E464.04825
G1 X120.393 Y127 E464.06355
G1 X120.339 Y127.458 E464.07889
G1 X120.179 Y127.88 E464.0939
G1 X119.92 Y128.253 E464.10901
G1 X119.57 Y128.562 E464.12453
G1 X119.173 Y128.769 E464.13943
G1 X118.732 Y128.881 E464.15456
G1 X118.266 Y128.881 E464.17006
G0 F9000 X118.233 Y129.015
G0 X119.199 Y128.846
G0 X119.618 Y128.627
G0 X120.328 Y127.881
G0 X120.01 Y127.76
G1 F1500 X119.288 Y128.482 E464.20402
G0 F9000 X118.523 Y128.68
G1 F1500 X120.189 Y127.015 E464.28236
G0 F9000 X120.116 Y126.521
G1 F1500 X118.024 Y128.614 E464.38078
G0 F9000 X117.632 Y128.44
G1 F1500 X119.942 Y126.13 E464.48944
G0 F9000 X119.693 Y125.814
G1 F1500 X117.314 Y128.192 E464.60132
G0 F9000 X117.065 Y127.876
G1 F1500 X119.375 Y125.565 E464.71
G0 F9000 X118.989 Y125.387
G1 F1500 X116.887 Y127.488 E464.80884
G0 F9000 X116.808 Y127.002
G1 F1500 X118.492 Y125.317 E464.88808
G0 F9000 X117.743 Y125.5
G1 F1500 X116.98 Y126.264 E464.92399
G0 F9000 X116.382 Y126.038
G1 F2700 E459.92399
G0 F9000 X121.58 Y112.13
G0 X122.665 Y112.13
G0 X135.585 Y112.13
G0 X136.67 Y112.13
G0 X137.12 Y112.13
G0 X136.85 Y112.4
;TYPE:WALL-INNER
G1 F2700 E464.92399
G1 F1500 X140.15 Y112.4 E465.03375
G1 X140.15 Y103.6 E465.32644
G1 X136.85 Y103.6 E465.4362
G1 X136.85 Y112.4 E465.72889
G0 F9000 X136.45 Y112.8
;TYPE:WALL-OUTER
G1 F1500 X140.55 Y112.8 E465.86525
G1 X140.55 Y103.2 E466.18455
G1 X136.45 Y103.2 E466.32092
G1 X136.45 Y112.8 E466.64021
G0 F9000 X136.929 Y112.236
;TYPE:FILL
G1 F3000 X140.068 Y111.395 E466.7483
G0 F9000 X139.85 Y111.395
G0 X139.85 Y110.185
G0 X140.069 Y110.185
G1 F3000 X139.517 Y109.634 E466.77424
G0 F9000 X139.564 Y109.723
G0 X138.821 Y109.936
G0 X137.839 Y109.919
G0 X137.863 Y109.821
G1 F3000 X137.194 Y112.319 E466.86025
G0 F9000 X137.194 Y112.1
G0 X137.029 Y109.343
G0 X137.029 Y106.656
G0 X137.176 Y106.078
G0 X137.673 Y105.818
G0 X137.976 Y105.738
G0 X138.881 Y106.013
G0 X138.858 Y106.108
G1 F3000 X139.509 Y103.679 E466.94389
G0 F9000 X139.22 Y103.68
G1 F3000 X140.069 Y104.528 E466.9838
G0 F9000 X139.85 Y104.528
G0 X137.953 Y103.9
G0 X137.953 Y103.679
G1 F3000 X136.929 Y103.954 E467.01907
G0 F9000 X137.15 Y103.954
G0 X137.029 Y106.656
G0 X137.029 Y109.343
G0 X137.803 Y109.91
G0 X137.836 Y109.776
;TYPE:SKIN
G1 F1500 X137.424 Y109.556 E467.0346
G1 X137.21 Y109.367 E467.0441
G1 X137.21 Y106.632 E467.13506
G1 X137.43 Y106.439 E467.1448
G1 X137.827 Y106.231 E467.15971
G1 X138.27 Y106.119 E467.1749
G1 X138.734 Y106.119 E467.19034
G1 X139.164 Y106.224 E467.20506
G1 X139.576 Y106.444 E467.22059
G1 X139.79 Y106.633 E467.23009
G1 X139.79 Y109.367 E467.32102
G1 X139.576 Y109.556 E467.33052
G1 X139.164 Y109.776 E467.34605
G1 X138.734 Y109.881 E467.36077
G1 X138.266 Y109.881 E467.37634
G1 X137.836 Y109.776 E467.39106
G0 F9000 X137.803 Y109.91
G0 X138.738 Y109.96
G0 X139.112 Y109.869
G0 X139.943 Y109.398
G0 X139.589 Y108.746
G1 F1500 X138.655 Y109.68 E467.43499
G0 F9000 X138.129 Y109.641
G1 F1500 X139.589 Y108.18 E467.50369
G0 F9000 X139.589 Y107.615
G1 F1500 X137.717 Y109.486 E467.59172
G0 F9000 X137.409 Y109.228
G1 F1500 X139.589 Y107.049 E467.69424
G0 F9000 X139.462 Y106.61
G1 F1500 X137.409 Y108.663 E467.79081
G0 F9000 X137.409 Y108.097
G1 F1500 X139.094 Y106.413 E467.87004
G0 F9000 X138.622 Y106.319
G1 F1500 X137.409 Y107.531 E467.92707
G0 F9000 X137.409 Y106.966
G1 F1500 X137.976 Y106.399 E467.95374
G0 F9000 X137.821 Y105.777
G1 F2700 E462.95374
;MESH:NONMESH
G0 F300 X137.821 Y105.777 Z1.8
G0 F9000 X137.029 Y106.656
G0 X136.664 Y112.586
G0 X135.585 Y112.586
G0 X122.653 Y132.653
G0 X101.403 Y133.153
G0 X95.597 Y133.153
G0 X84.415 Y112.586
G0 X83.33 Y112.586
G0 X83.039 Y126.159
G0 X82.88 Y132.13
G0 X83.15 Y132.4
;TIME_ELAPSED:803.524403
;LAYER:8
;TYPE:WALL-INNER
;MESH:Spacers.stl
G1 F2700 E467.95374
G1 F1500 X83.15 Y88.6 E469.41054
G1 X79.85 Y88.6 E469.52029
G1 X79.85 Y132.4 E470.97709
G1 X83.15 Y132.4 E471.08685
G0 F9000 X83.55 Y132.8
;TYPE:WALL-OUTER
G1 F1500 X83.55 Y88.2 E472.57025
G1 X79.45 Y88.2 E472.70662
G1 X79.45 Y132.8 E474.19002
G1 X83.55 Y132.8 E474.32638
G0 F9000 X83.069 Y132.182
;TYPE:FILL
G1 F3000 X80.564 Y129.677 E474.44421
G0 F9000 X80.516 Y129.765
G0 X80.15 Y131.796
G0 X79.929 Y131.796
G1 F3000 X83.069 Y130.955 E474.55233
G0 F9000 X82.85 Y130.955
G0 X82.833 Y129.518
G0 X82.767 Y129.441
G1 F3000 X81.996 Y132.319 E474.65143
G0 F9000 X81.996 Y132.1
G0 X82.971 Y129.343
G0 X82.971 Y126.657
G0 X83.07 Y126.526
G1 F3000 X79.929 Y123.385 E474.79917
G1 X79.93 Y123.514
G1 X83.068 Y122.673 E474.90722
G0 F9000 X82.85 Y122.673
G0 X82.85 Y120.869
G0 X83.07 Y120.869
G1 F3000 X79.929 Y117.729 E475.05494
G0 F9000 X80.15 Y117.729
G0 X80.15 Y119.373
G0 X79.929 Y119.373
G1 F3000 X83.068 Y118.532 E475.16303
G0 F9000 X82.85 Y118.532
G0 X82.85 Y115.212
G0 X83.07 Y115.212
G1 F3000 X79.929 Y112.072 E475.31075
G0 F9000 X79.929 Y111.09
G1 F3000 X83.069 Y110.249 E475.41887
G0 F9000 X83.07 Y109.555
G1 F3000 X79.929 Y106.415 E475.56659
G0 F9000 X79.93 Y106.949
G1 F3000 X83.069 Y106.108 E475.67467
G0 F9000 X82.85 Y106.108
G0 X82.85 Y103.898
G0 X83.07 Y103.898
G1 F3000 X79.929 Y100.758 E475.82239
G0 F9000 X80.15 Y100.758
G0 X80.15 Y102.808
G0 X79.93 Y102.808
G1 F3000 X83.068 Y101.967 E475.93044
G0 F9000 X82.85 Y101.967
G0 X82.85 Y98.241
G0 X83.07 Y98.241
G1 F3000 X79.929 Y95.101 E476.07816
G0 F9000 X79.929 Y94.526
G1 F3000 X80.236 Y94.444 E476.08873
G0 F9000 X80.168 Y94.519
G0 X80.029 Y91.657
G0 X80.511 Y91.237
G0 X80.557 Y91.325
G1 F3000 X81.266 Y88.678 E476.17988
G0 F9000 X81.266 Y88.9
G0 X80.15 Y89.444
G0 X79.929 Y89.444
G1 F3000 X81.563 Y91.078 E476.25673
G0 F9000 X81.563 Y90.979
G0 X80.15 Y90.385
G0 X79.93 Y90.385
G1 F3000 X83.069 Y89.544 E476.36482
G0 F9000 X82.85 Y89.544
G0 X82.971 Y91.657
G0 X82.971 Y93.833
G0 X82.85 Y97.404
G0 X83.069 Y97.404
G1 F3000 X79.929 Y109.121 E476.76828
G0 F9000 X80.15 Y109.121
G0 X82.85 Y112.858
G0 X83.069 Y112.858
G1 F3000 X79.929 Y124.576 E477.17177
G0 F9000 X80.15 Y124.576
G0 X80.15 Y115.232
G0 X79.929 Y115.232
G1 F3000 X83.069 Y114.39 E477.2799
G0 F9000 X82.85 Y114.39
G0 X80.15 Y98.667
G0 X79.929 Y98.667
G1 F3000 X83.068 Y97.826 E477.38798
G0 F9000 X82.85 Y97.826
G0 X82.238 Y94.894
G0 X82.173 Y94.769
;TYPE:SKIN
G1 F1500 X81.732 Y94.881 E477.40312
G1 X81.266 Y94.881 E477.41862
G1 X80.836 Y94.776 E477.43334
G1 X80.424 Y94.556 E477.44887
G1 X80.21 Y94.367 E477.45837
G1 X80.21 Y91.633 E477.5493
G1 X80.424 Y91.444 E477.5588
G1 X80.836 Y91.224 E477.57433
G1 X81.266 Y91.119 E477.58906
G1 X81.734 Y91.119 E477.60462
G1 X82.164 Y91.224 E477.61934
G1 X82.576 Y91.444 E477.63488
G1 X82.79 Y91.633 E477.64437
G1 X82.79 Y94.368 E477.73534
G1 X82.57 Y94.561 E477.74507
G1 X82.173 Y94.769 E477.75998
G0 F9000 X82.238 Y94.894
G0 X81.262 Y94.96
G0 X80.801 Y94.848
G0 X80.1 Y94.405
G0 X80.41 Y93.986
G1 F1500 X81.042 Y94.619 E477.78973
G0 F9000 X81.669 Y94.68
G1 F1500 X80.41 Y93.42 E477.84898
G0 F9000 X80.41 Y92.855
G1 F1500 X82.123 Y94.568 E477.92955
G0 F9000 X82.486 Y94.366
G1 F1500 X80.41 Y92.289 E478.02722
G0 F9000 X80.41 Y91.723
G1 F1500 X82.59 Y93.903 E478.12976
G0 F9000 X82.59 Y93.338
G1 F1500 X80.748 Y91.496 E478.2164
G0 F9000 X81.166 Y91.349
G1 F1500 X82.59 Y92.772 E478.28336
G0 F9000 X82.59 Y92.206
G1 F1500 X81.701 Y91.318 E478.32515
G1 F2700 E473.32515
G0 F9000 X81.701 Y90.979
G0 X82.327 Y90.816
G0 X82.826 Y91.081
G0 X82.971 Y91.657
G0 X82.971 Y129.343
G0 X82.195 Y129.912
G0 X82.164 Y129.776
G1 F2700 E478.32515
G1 F1500 X81.734 Y129.881 E478.33988
G1 X81.266 Y129.881 E478.35544
G1 X80.836 Y129.776 E478.37016
G1 X80.424 Y129.556 E478.3857
G1 X80.21 Y129.367 E478.39519
G1 X80.21 Y126.633 E478.48613
G1 X80.424 Y126.444 E478.49562
G1 X80.836 Y126.224 E478.51116
G1 X81.266 Y126.119 E478.52588
G1 X81.734 Y126.119 E478.54145
G1 X82.164 Y126.224 E478.55617
G1 X82.576 Y126.444 E478.5717
G1 X82.79 Y126.633 E478.5812
G1 X82.79 Y129.367 E478.67213
G1 X82.576 Y129.556 E478.68163
G1 X82.164 Y129.776 E478.69716
G0 F9000 X82.196 Y129.911
G0 X81.262 Y129.96
G0 X80.888 Y129.869
G0 X80.076 Y129.437
G0 X80.41 Y129.059
G1 F1500 X80.948 Y129.597 E478.72247
G0 F9000 X81.597 Y129.68
G1 F1500 X80.41 Y128.493 E478.7783
G0 F9000 X80.41 Y127.927
G1 F1500 X82.074 Y129.592 E478.85659
G0 F9000 X82.445 Y129.397
G1 F1500 X80.41 Y127.361 E478.95234
G0 F9000 X80.41 Y126.796
G1 F1500 X82.59 Y128.976 E479.05488
G0 F9000 X82.59 Y128.41
G1 F1500 X80.701 Y126.521 E479.14373
G0 F9000 X81.107 Y126.362
G1 F1500 X82.59 Y127.844 E479.21346
G0 F9000 X82.59 Y127.279
G1 F1500 X81.629 Y126.318 E479.25867
G0 F9000 X81.629 Y125.679
G1 F2700 E474.25867
G0 F9000 X82.971 Y126.657
G0 X83.33 Y131.63
G0 X84.415 Y131.63
G0 X95.585 Y131.63
G0 X96.67 Y131.63
G0 X99.88 Y131.63
G0 X100.15 Y131.9
;TYPE:WALL-INNER
G1 F2700 E479.25867
G1 F1500 X100.15 Y88.1 E480.71546
G1 X96.85 Y88.1 E480.82522
G1 X96.85 Y131.9 E482.28201
G1 X100.15 Y131.9 E482.39177
G0 F9000 X100.55 Y132.3
;TYPE:WALL-OUTER
G1 F1500 X100.55 Y87.7 E483.87517
G1 X96.45 Y87.7 E484.01154
G1 X96.45 Y132.3 E485.49494
G1 X100.55 Y132.3 E485.63131
G0 F9000 X99.676 Y131.818
;TYPE:FILL
G1 F3000 X96.929 Y129.071 E485.76052
G0 F9000 X97.15 Y129.071
G0 X97.15 Y131.382
G0 X96.93 Y131.382
G1 F3000 X100.068 Y130.541 E485.86857
G0 F9000 X99.85 Y130.541
G0 X99.444 Y129.287
G0 X99.397 Y129.197
G1 F3000 X98.694 Y131.819 E485.95886
G0 F9000 X98.694 Y131.6
G0 X99.971 Y128.843
G0 X99.971 Y126.157
G0 X99.27 Y125.621
G0 X99.223 Y125.708
G1 F3000 X96.929 Y123.414 E486.06676
G0 F9000 X96.929 Y123.1
G1 F3000 X100.068 Y122.259 E486.17485
G0 F9000 X99.85 Y122.259
G0 X99.85 Y120.898
G0 X100.069 Y120.898
G1 F3000 X96.929 Y117.758 E486.32254
G0 F9000 X97.15 Y117.758
G0 X97.15 Y118.959
G0 X96.929 Y118.959
G1 F3000 X100.068 Y118.118 E486.43063
G0 F9000 X99.85 Y118.118
G0 X99.85 Y115.241
G0 X100.069 Y115.241
G1 F3000 X96.929 Y112.101 E486.57833
G0 F9000 X97.15 Y112.101
G0 X97.15 Y110.676
G0 X96.93 Y110.676
G1 F3000 X100.069 Y109.835 E486.68641
G0 F9000 X100.069 Y109.584
G1 F3000 X96.929 Y106.444 E486.83411
G1 X96.93 Y106.535
G1 X100.068 Y105.694 E486.94216
G0 F9000 X99.85 Y105.694
G0 X99.85 Y103.927
G0 X100.069 Y103.927
G1 F3000 X96.929 Y100.787 E487.08986
G0 F9000 X97.15 Y100.787
G0 X97.15 Y102.394
G0 X96.929 Y102.394
G1 F3000 X100.068 Y101.553 E487.19794
G0 F9000 X99.85 Y101.553
G0 X99.85 Y98.27
G0 X100.069 Y98.27
G1 F3000 X96.929 Y95.13 E487.34564
G0 F9000 X97.15 Y95.13
G0 X97.15 Y94.112
G0 X96.929 Y94.112
G1 F3000 X97.31 Y94.01 E487.35876
G0 F9000 X97.243 Y94.085
G0 X97.029 Y93.843
G0 X97.029 Y91.157
G0 X97.181 Y91.101
G1 F3000 X97.964 Y88.178 E487.4594
G0 F9000 X97.964 Y88.4
G0 X97.15 Y89.473
G0 X96.929 Y89.473
G1 F3000 X98.079 Y90.624 E487.51352
G0 F9000 X98.057 Y90.527
G0 X97.15 Y89.971
G0 X96.93 Y89.971
G1 F3000 X100.069 Y89.13 E487.62161
G0 F9000 X99.85 Y89.13
G0 X99.971 Y91.157
G0 X99.971 Y93.575
G0 X99.85 Y95.78
G0 X100.068 Y95.78
G1 F3000 X96.929 Y107.497 E488.02506
G0 F9000 X97.15 Y107.497
G0 X99.85 Y111.234
G0 X100.069 Y111.234
G1 F3000 X96.929 Y122.951 E488.42852
G0 F9000 X97.15 Y122.951
G0 X97.15 Y114.818
G0 X96.929 Y114.818
G1 F3000 X100.069 Y113.976 E488.53664
G0 F9000 X99.85 Y113.976
G0 X97.15 Y98.253
G0 X96.929 Y98.253
G1 F3000 X100.068 Y97.412 E488.64473
G0 F9000 X99.85 Y97.412
G0 X98.75 Y94.519
G0 X98.732 Y94.381
;TYPE:SKIN
G1 F1500 X98.266 Y94.381 E488.66023
G1 X97.836 Y94.276 E488.67495
G1 X97.424 Y94.056 E488.69049
G1 X97.21 Y93.867 E488.69998
G1 X97.21 Y91.133 E488.79092
G1 X97.424 Y90.944 E488.80041
G1 X97.836 Y90.724 E488.81595
G1 X98.266 Y90.619 E488.83067
G1 X98.734 Y90.619 E488.84623
G1 X99.164 Y90.724 E488.86096
G1 X99.576 Y90.944 E488.87649
G1 X99.79 Y91.133 E488.88599
G1 X99.79 Y93.868 E488.97695
G1 X99.57 Y94.061 E488.98669
G1 X99.173 Y94.269 E489.00159
G1 X98.732 Y94.381 E489.01673
G0 F9000 X98.75 Y94.519
G0 X97.801 Y94.348
G0 X97.1 Y93.888
G0 X97.408 Y93.449
G1 F1500 X98.092 Y94.132 E489.04888
G0 F9000 X98.705 Y94.18
G1 F1500 X97.408 Y92.883 E489.10988
G0 F9000 X97.408 Y92.317
G1 F1500 X99.146 Y94.055 E489.19163
G0 F9000 X99.506 Y93.849
G1 F1500 X97.408 Y91.752 E489.29029
G0 F9000 X97.428 Y91.206
G1 F1500 X99.589 Y93.367 E489.39194
G0 F9000 X99.589 Y92.801
G1 F1500 X97.772 Y90.984 E489.47741
G0 F9000 X98.195 Y90.842
G1 F1500 X99.589 Y92.235 E489.54295
G0 F9000 X99.589 Y91.67
G1 F1500 X98.748 Y90.829 E489.58251
G1 F2700 E484.58251
G0 F9000 X98.828 Y90.5
G0 X99.826 Y90.581
G0 X99.971 Y91.157
G0 X99.971 Y128.843
G0 X99.923 Y129.339
G0 X98.765 Y129.516
G0 X98.734 Y129.381
G1 F2700 E489.58251
G1 F1500 X98.266 Y129.381 E489.59808
G1 X97.836 Y129.276 E489.6128
G1 X97.424 Y129.056 E489.62833
G1 X97.21 Y128.867 E489.63783
G1 X97.21 Y126.133 E489.72876
G1 X97.424 Y125.944 E489.73826
G1 X97.836 Y125.724 E489.75379
G1 X98.266 Y125.619 E489.76851
G1 X98.734 Y125.619 E489.78408
G1 X99.164 Y125.724 E489.7988
G1 X99.576 Y125.944 E489.81434
G1 X99.79 Y126.133 E489.82383
G1 X99.79 Y128.867 E489.91477
G1 X99.576 Y129.056 E489.92426
G1 X99.164 Y129.276 E489.9398
G1 X98.734 Y129.381 E489.95452
G0 F9000 X98.766 Y129.516
G0 X97.898 Y129.365
G0 X97.058 Y128.921
G0 X97.41 Y128.523
G1 F1500 X97.995 Y129.108 E489.98204
G0 F9000 X98.632 Y129.179
G1 F1500 X97.41 Y127.957 E490.03951
G0 F9000 X97.41 Y127.391
G1 F1500 X99.101 Y129.082 E490.11905
G0 F9000 X99.467 Y128.882
G1 F1500 X97.41 Y126.825 E490.21581
G0 F9000 X97.41 Y126.26
G1 F1500 X99.589 Y128.439 E490.3183
G0 F9000 X99.589 Y127.873
G1 F1500 X97.724 Y126.009 E490.406
G0 F9000 X98.137 Y125.855
G1 F1500 X99.589 Y127.308 E490.47432
G0 F9000 X99.589 Y126.742
G1 F1500 X98.665 Y125.818 E490.51779
G0 F9000 X98.665 Y125.179
G1 F2700 E485.51779
G0 F9000 X99.971 Y126.157
G0 X100.33 Y131.13
G0 X101.415 Y131.13
G0 X114.335 Y131.13
G0 X115.42 Y131.13
G0 X115.87 Y131.13
G0 X115.6 Y131.4
;TYPE:WALL-INNER
G1 F2700 E490.51779
G1 F1500 X121.4 Y131.4 E490.7107
G1 X121.4 Y87.6 E492.16749
G1 X115.6 Y87.6 E492.3604
G1 X115.6 Y131.4 E493.81719
G0 F9000 X115.2 Y131.8
;TYPE:WALL-OUTER
G1 F1500 X121.8 Y131.8 E494.03671
G1 X121.8 Y87.2 E495.52011
G1 X115.2 Y87.2 E495.73963
G1 X115.2 Y131.8 E497.22303
G0 F9000 X115.47 Y131.53
G0 X116.147 Y131.1
G0 X116.147 Y131.319
;TYPE:FILL
G1 F3000 X115.679 Y130.85 E497.24507
G0 F9000 X115.68 Y130.499
G1 F3000 X121.319 Y128.988 E497.43924
G0 F9000 X121.1 Y128.988
G0 X121.1 Y130.834
G0 X121.319 Y130.834
G1 F3000 X119.257 Y128.771 E497.53625
G0 F9000 X119.303 Y128.86
G0 X119.533 Y131.1
G0 X119.533 Y131.32
G1 F3000 X121.319 Y124.655 E497.76575
G1 X121.319 Y124.847
G1 X119.472 Y125.342 E497.82935
G0 F9000 X119.52 Y125.254
G0 X121.1 Y125.177
G0 X121.319 Y125.177
G1 F3000 X115.679 Y119.537 E498.09464
G0 F9000 X115.9 Y119.537
G0 X115.9 Y118.076
G0 X115.68 Y118.076
G1 F3000 X121.319 Y116.565 E498.28881
G0 F9000 X121.1 Y116.565
G0 X121.1 Y113.863
G0 X121.319 Y113.863
G1 F3000 X115.679 Y108.223 E498.5541
G0 F9000 X115.9 Y108.223
G0 X115.9 Y109.793
G0 X115.68 Y109.793
G1 F3000 X121.318 Y108.283 E498.74823
G1 X121.319 Y108.207
G1 X115.679 Y102.566 E499.01354
G0 F9000 X115.9 Y102.566
G0 X115.9 Y101.511
G0 X115.679 Y101.511
G1 F3000 X121.318 Y100 E499.20771
G0 F9000 X121.1 Y100
G0 X121.1 Y102.55
G0 X121.319 Y102.55
G1 F3000 X115.679 Y96.909 E499.47302
G0 F9000 X115.68 Y97.37
G1 F3000 X121.319 Y95.859 E499.66719
G0 F9000 X121.1 Y95.859
G0 X121.1 Y96.893
G0 X121.319 Y96.893
G1 F3000 X118.347 Y93.92 E499.80701
G0 F9000 X118.347 Y94.021
G0 X118.038 Y93.923
G0 X117.188 Y93.536
G0 X117.254 Y93.462
G1 F3000 X115.679 Y99.34 E500.00941
G0 F9000 X115.9 Y99.34
G0 X115.9 Y93.229
G0 X115.68 Y93.229
G1 F3000 X116.805 Y92.927 E500.04815
G0 F9000 X116.583 Y92.157
G1 F3000 X115.679 Y91.252 E500.0907
G0 F9000 X115.9 Y91.252
G0 X115.9 Y89.088
G0 X115.68 Y89.088
G1 F3000 X120.937 Y87.679 E500.27172
G0 F9000 X120.937 Y87.9
G0 X118.804 Y87.9
G0 X118.804 Y87.679
G1 F3000 X118.153 Y90.106 E500.35529
G0 F9000 X118.131 Y90.009
G0 X117.763 Y87.9
G0 X117.763 Y87.68
G1 F3000 X121.319 Y91.236 E500.52255
G0 F9000 X121.318 Y91.718
G1 F3000 X120.429 Y91.956 E500.55316
G0 F9000 X120.529 Y91.945
G0 X121.1 Y93.746
G0 X121.319 Y93.746
G1 F3000 X115.679 Y114.794 E501.27792
G0 F9000 X115.68 Y113.934
G1 F3000 X121.319 Y112.424 E501.47208
G0 F9000 X121.1 Y112.424
G0 X121.1 Y109.2
G0 X121.319 Y109.2
G1 F3000 X116.795 Y126.084 E502.05346
G1 X116.816 Y126.053
G1 X115.68 Y126.358 E502.09258
G0 F9000 X115.9 Y126.358
G0 X116.477 Y126.896
G0 X116.575 Y126.907
G1 F3000 X115.679 Y130.249 E502.20766
G0 F9000 X115.9 Y130.249
G0 X116.638 Y126.21
G0 X116.73 Y126.245
G1 F3000 X115.679 Y125.193 E502.25712
G0 F9000 X115.9 Y125.193
G0 X115.9 Y122.217
G0 X115.679 Y122.217
G1 F3000 X121.318 Y120.706 E502.45129
G0 F9000 X121.1 Y120.706
G0 X121.1 Y119.52
G0 X121.319 Y119.52
G1 F3000 X115.679 Y113.88 E502.71658
G0 F9000 X115.9 Y113.88
G0 X115.9 Y105.652
G0 X115.68 Y105.652
G1 F3000 X121.318 Y104.141 E502.91071
G0 F9000 X121.1 Y104.141
G0 X118.233 Y94.015
G0 X118.266 Y93.881
;TYPE:SKIN
G1 F1500 X117.836 Y93.776 E502.92544
G1 X117.424 Y93.556 E502.94097
G1 X117.08 Y93.253 E502.95622
G1 X116.821 Y92.88 E502.97132
G1 X116.661 Y92.457 E502.98636
G1 X116.606 Y92 E503.00167
G1 X116.661 Y91.543 E503.01698
G1 X116.821 Y91.12 E503.03202
G1 X117.08 Y90.747 E503.04713
G1 X117.424 Y90.446 E503.06233
G1 X117.836 Y90.224 E503.0779
G1 X118.266 Y90.119 E503.09262
G1 X118.734 Y90.12 E503.10818
G1 X119.164 Y90.224 E503.1229
G1 X119.576 Y90.446 E503.13846
G1 X119.92 Y90.747 E503.15367
G1 X120.179 Y91.12 E503.16877
G1 X120.339 Y91.543 E503.18381
G1 X120.393 Y92.001 E503.19915
G1 X120.339 Y92.457 E503.21442
G1 X120.179 Y92.88 E503.22947
G1 X119.92 Y93.253 E503.24457
G1 X119.57 Y93.562 E503.2601
G1 X119.173 Y93.769 E503.27499
G1 X118.732 Y93.881 E503.29012
G1 X118.266 Y93.881 E503.30562
G0 F9000 X118.233 Y94.015
G0 X117.379 Y93.623
G0 X117.09 Y93.368
G0 X116.613 Y92.725
G0 X116.93 Y92.606
G1 F1500 X117.912 Y93.588 E503.35181
G0 F9000 X118.571 Y93.681
G1 F1500 X116.815 Y91.925 E503.43441
G0 F9000 X116.907 Y91.451
G1 F1500 X119.049 Y93.593 E503.53516
G0 F9000 X119.43 Y93.408
G1 F1500 X117.094 Y91.073 E503.64502
G0 F9000 X117.357 Y90.77
G1 F1500 X119.734 Y93.147 E503.75682
G0 F9000 X119.974 Y92.821
G1 F1500 X117.685 Y90.533 E503.86447
G0 F9000 X118.087 Y90.368
G1 F1500 X120.138 Y92.419 E503.96094
G0 F9000 X120.178 Y91.894
G1 F1500 X118.603 Y90.319 E504.03502
G0 F9000 X119.481 Y90.631
G1 F1500 X119.856 Y91.006 E504.05266
G1 F2700 E499.05266
G0 F9000 X120.137 Y90.813
G0 X120.418 Y91.528
G0 X120.475 Y92
G0 X116.531 Y127.049
G0 X116.583 Y127.474
G0 X116.751 Y127.916
G0 X117.021 Y128.306
G0 X117.346 Y128.593
G0 X118.233 Y129.015
G0 X118.266 Y128.881
G1 F2700 E504.05266
G1 F1500 X117.836 Y128.776 E504.06739
G1 X117.424 Y128.556 E504.08292
G1 X117.083 Y128.255 E504.09805
G1 X116.82 Y127.876 E504.11339
G1 X116.662 Y127.459 E504.12822
G1 X116.606 Y127.002 E504.14354
G1 X116.661 Y126.543 E504.15891
G1 X116.821 Y126.12 E504.17395
G1 X117.08 Y125.747 E504.18906
G1 X117.424 Y125.446 E504.20426
G1 X117.836 Y125.224 E504.21983
G1 X118.266 Y125.119 E504.23455
G1 X118.734 Y125.12 E504.25011
G1 X119.164 Y125.224 E504.26483
G1 X119.576 Y125.446 E504.28039
G1 X119.92 Y125.747 E504.2956
G1 X120.179 Y126.12 E504.3107
G1 X120.339 Y126.543 E504.32574
G1 X120.393 Y127 E504.34105
G1 X120.339 Y127.458 E504.35639
G1 X120.179 Y127.88 E504.3714
G1 X119.92 Y128.253 E504.3865
G1 X119.57 Y128.562 E504.40203
G1 X119.173 Y128.769 E504.41692
G1 X118.732 Y128.881 E504.43205
G1 X118.266 Y128.881 E504.44755
G0 F9000 X118.233 Y129.015
G0 X117.382 Y128.625
G0 X117.178 Y128.444
G0 X116.658 Y127.843
G0 X116.975 Y127.723
G1 F1500 X117.76 Y128.508 E504.48448
G0 F9000 X118.498 Y128.68
G1 F1500 X116.808 Y126.99 E504.56397
G0 F9000 X116.888 Y126.504
G1 F1500 X118.991 Y128.607 E504.66289
G0 F9000 X119.382 Y128.433
G1 F1500 X117.065 Y126.116 E504.77187
G0 F9000 X117.318 Y125.804
G1 F1500 X119.696 Y128.181 E504.8837
G0 F9000 X119.945 Y127.865
G1 F1500 X117.639 Y125.558 E504.99219
G0 F9000 X118.028 Y125.382
G1 F1500 X120.119 Y127.472 E505.09053
G0 F9000 X120.189 Y126.977
G1 F1500 X118.53 Y125.319 E505.16854
G0 F9000 X119.305 Y125.527
G1 F1500 X120.007 Y126.229 E505.20156
G0 F9000 X120.606 Y126.004
G1 F2700 E500.20156
G0 F9000 X121.58 Y112.13
G0 X122.665 Y112.13
G0 X135.585 Y112.13
G0 X136.67 Y112.13
G0 X137.12 Y112.13
G0 X136.85 Y112.4
;TYPE:WALL-INNER
G1 F2700 E505.20156
G1 F1500 X140.15 Y112.4 E505.31131
G1 X140.15 Y103.6 E505.604
G1 X136.85 Y103.6 E505.71376
G1 X136.85 Y112.4 E506.00645
G0 F9000 X136.45 Y112.8
;TYPE:WALL-OUTER
G1 F1500 X140.55 Y112.8 E506.14282
G1 X140.55 Y103.2 E506.46212
G1 X136.45 Y103.2 E506.59848
G1 X136.45 Y112.8 E506.91778
G0 F9000 X137.048 Y112.319
;TYPE:FILL
G1 F3000 X137.732 Y109.766 E507.00569
G0 F9000 X137.684 Y109.854
G0 X138.262 Y109.96
G0 X138.738 Y109.96
G0 X139.704 Y109.631
G0 X139.638 Y109.555
G1 F3000 X140.069 Y109.986 E507.02596
G0 F9000 X139.85 Y109.986
G0 X139.85 Y111.541
G0 X140.068 Y111.541
G1 F3000 X137.164 Y112.319 E507.12595
G0 F9000 X137.164 Y112.1
G0 X137.029 Y109.343
G0 X137.029 Y106.656
G0 X137.176 Y106.078
G0 X137.555 Y105.876
G0 X138.72 Y105.979
G0 X138.72 Y106.079
G1 F3000 X139.363 Y103.678 E507.20863
G1 X139.42 Y103.68
G1 X140.069 Y104.329 E507.23915
G0 F9000 X139.85 Y104.329
G0 X138.499 Y103.9
G0 X138.499 Y103.679
G1 F3000 X136.929 Y104.1 E507.29322
G0 F9000 X137.15 Y104.1
G0 X137.029 Y106.656
G0 X137.029 Y109.343
G0 X137.803 Y109.91
G0 X137.836 Y109.776
;TYPE:SKIN
G1 F1500 X137.424 Y109.556 E507.30875
G1 X137.21 Y109.367 E507.31825
G1 X137.21 Y106.632 E507.40921
G1 X137.43 Y106.439 E507.41895
G1 X137.827 Y106.231 E507.43385
G1 X138.27 Y106.119 E507.44905
G1 X138.734 Y106.119 E507.46448
G1 X139.164 Y106.224 E507.47921
G1 X139.576 Y106.444 E507.49474
G1 X139.79 Y106.633 E507.50424
G1 X139.79 Y109.367 E507.59517
G1 X139.576 Y109.556 E507.60467
G1 X139.164 Y109.776 E507.6202
G1 X138.734 Y109.881 E507.63492
G1 X138.266 Y109.881 E507.65049
G1 X137.836 Y109.776 E507.66521
G0 F9000 X137.409 Y109.124
G1 F1500 X137.832 Y109.548 E507.68513
G0 F9000 X138.53 Y109.68
G1 F1500 X137.409 Y108.559 E507.73786
G0 F9000 X137.409 Y107.993
G1 F1500 X139.02 Y109.605 E507.81366
G0 F9000 X139.402 Y109.421
G1 F1500 X137.409 Y107.427 E507.90743
G0 F9000 X137.409 Y106.862
G1 F1500 X139.589 Y109.042 E508.00997
G0 F9000 X139.589 Y108.476
G1 F1500 X137.658 Y106.545 E508.1008
G0 F9000 X138.057 Y106.379
G1 F1500 X139.589 Y107.91 E508.17283
G0 F9000 X139.589 Y107.345
G1 F1500 X138.563 Y106.319 E508.22109
G0 F9000 X139.372 Y106.563
G1 F1500 X139.589 Y106.779 E508.23128
G0 F9000 X139.55 Y106.266
G1 F2700 E503.23128
;MESH:NONMESH
G0 F300 X139.55 Y106.266 Z2
G0 F9000 X139.971 Y106.657
G0 X139.971 Y109.343
G0 X136.664 Y112.586
G0 X135.585 Y112.586
G0 X122.653 Y132.653
G0 X101.403 Y133.153
G0 X95.597 Y133.153
G0 X84.415 Y112.586
G0 X83.33 Y112.586
G0 X83.039 Y126.159
G0 X82.88 Y132.13
G0 X83.15 Y132.4
;TIME_ELAPSED:877.843653
;LAYER:9
;TYPE:WALL-INNER
;MESH:Spacers.stl
G1 F2700 E508.23128
G1 F1500 X83.15 Y88.6 E509.68807
G1 X79.85 Y88.6 E509.79783
G1 X79.85 Y132.4 E511.25462
G1 X83.15 Y132.4 E511.36438
G0 F9000 X83.55 Y132.8
;TYPE:WALL-OUTER
G1 F1500 X83.55 Y88.2 E512.84778
G1 X79.45 Y88.2 E512.98415
G1 X79.45 Y132.8 E514.46755
G1 X83.55 Y132.8 E514.60392
G0 F9000 X83.069 Y131.981
;TYPE:FILL
G1 F3000 X80.925 Y129.837 E514.70477
G0 F9000 X80.901 Y129.934
G0 X81.738 Y129.96
G0 X82.624 Y129.691
G0 X82.577 Y129.601
G1 F3000 X81.849 Y132.319 E514.79835
G0 F9000 X81.849 Y132.1
G0 X82.85 Y131.102
G0 X83.069 Y131.102
G1 F3000 X79.93 Y131.943 E514.90644
G0 F9000 X80.15 Y131.943
G0 X82.971 Y129.343
G0 X82.971 Y126.657
G0 X82.85 Y126.325
G0 X83.07 Y126.325
G1 F3000 X79.929 Y123.185 E515.05416
G0 F9000 X79.93 Y123.661
G1 F3000 X83.068 Y122.82 E515.16221
G0 F9000 X82.85 Y122.82
G0 X82.85 Y120.668
G0 X83.07 Y120.668
G1 F3000 X79.929 Y117.528 E515.30993
G0 F9000 X80.15 Y117.528
G0 X80.15 Y119.52
G0 X79.929 Y119.52
G1 F3000 X83.068 Y118.679 E515.41802
G0 F9000 X82.85 Y118.679
G0 X82.85 Y115.011
G0 X83.07 Y115.011
G1 F3000 X79.929 Y111.871 E515.56574
G0 F9000 X79.93 Y111.237
G1 F3000 X83.069 Y110.396 E515.67382
G0 F9000 X82.85 Y110.396
G0 X82.85 Y109.354
G0 X83.07 Y109.354
G1 F3000 X79.929 Y106.214 E515.82154
G0 F9000 X79.93 Y107.096
G1 F3000 X83.069 Y106.255 E515.92963
G0 F9000 X82.85 Y106.255
G0 X82.85 Y103.697
G0 X83.07 Y103.697
G1 F3000 X79.929 Y100.557 E516.07735
G0 F9000 X80.15 Y100.557
G0 X80.15 Y98.814
G0 X79.929 Y98.814
G1 F3000 X83.068 Y97.973 E516.18543
G1 X83.07 Y98.041
G1 X79.929 Y94.9 E516.33318
G0 F9000 X79.929 Y94.673
G1 F3000 X80.363 Y94.557 E516.34812
G0 F9000 X80.296 Y94.632
G0 X80.029 Y94.343
G0 X80.029 Y91.657
G0 X80.319 Y91.348
G0 X80.383 Y91.424
G1 F3000 X81.119 Y88.678 E516.44267
G0 F9000 X81.119 Y88.9
G0 X80.15 Y89.243
G0 X79.929 Y89.243
G1 F3000 X81.773 Y91.087 E516.52941
G0 F9000 X81.796 Y90.992
G0 X82.85 Y89.691
G0 X83.069 Y89.691
G1 F3000 X79.93 Y90.532 E516.63749
G0 F9000 X80.15 Y90.532
G0 X80.029 Y91.657
G0 X80.029 Y94.343
G0 X82.85 Y96.856
G0 X83.069 Y96.856
G1 F3000 X79.929 Y108.572 E517.04092
G0 F9000 X80.15 Y108.572
G0 X82.85 Y112.309
G0 X83.069 Y112.309
G1 F3000 X79.929 Y124.027 E517.44442
G0 F9000 X80.15 Y124.027
G0 X80.15 Y115.379
G0 X79.929 Y115.379
G1 F3000 X83.069 Y114.537 E517.55254
G0 F9000 X82.85 Y114.537
G0 X80.15 Y102.955
G0 X79.93 Y102.955
G1 F3000 X83.068 Y102.114 E517.6606
G0 F9000 X82.85 Y102.114
G0 X82.238 Y94.894
G0 X82.173 Y94.769
;TYPE:SKIN
G1 F1500 X81.732 Y94.881 E517.67573
G1 X81.266 Y94.881 E517.69123
G1 X80.836 Y94.776 E517.70595
G1 X80.424 Y94.556 E517.72148
G1 X80.21 Y94.367 E517.73098
G1 X80.21 Y91.633 E517.82191
G1 X80.424 Y91.444 E517.83141
G1 X80.836 Y91.224 E517.84694
G1 X81.266 Y91.119 E517.86167
G1 X81.734 Y91.119 E517.87723
G1 X82.164 Y91.224 E517.89195
G1 X82.576 Y91.444 E517.90749
G1 X82.79 Y91.633 E517.91698
G1 X82.79 Y94.368 E518.00795
G1 X82.57 Y94.561 E518.01769
G1 X82.173 Y94.769 E518.03259
G0 F9000 X82.589 Y93.904
G1 F1500 X81.85 Y94.643 E518.06735
G0 F9000 X81.256 Y94.671
G1 F1500 X82.589 Y93.338 E518.13005
G0 F9000 X82.589 Y92.773
G1 F1500 X80.82 Y94.541 E518.21324
G0 F9000 X80.468 Y94.328
G1 F1500 X82.589 Y92.207 E518.313
G0 F9000 X82.546 Y91.684
G1 F1500 X80.41 Y93.821 E518.4135
G0 F9000 X80.41 Y93.255
G1 F1500 X82.198 Y91.467 E518.4976
G0 F9000 X81.766 Y91.333
G1 F1500 X80.41 Y92.689 E518.56138
G0 F9000 X80.41 Y92.123
G1 F1500 X81.19 Y91.343 E518.59807
G1 F2700 E513.59807
G0 F9000 X81.112 Y91.014
G0 X80.174 Y91.081
G0 X80.029 Y91.657
G0 X80.029 Y94.343
G0 X82.971 Y126.657
G0 X82.971 Y129.343
G0 X82.195 Y129.912
G0 X82.164 Y129.776
G1 F2700 E518.59807
G1 F1500 X81.734 Y129.881 E518.61279
G1 X81.266 Y129.881 E518.62836
G1 X80.836 Y129.776 E518.64308
G1 X80.424 Y129.556 E518.65861
G1 X80.21 Y129.367 E518.66811
G1 X80.21 Y126.633 E518.75904
G1 X80.424 Y126.444 E518.76854
G1 X80.836 Y126.224 E518.78407
G1 X81.266 Y126.119 E518.7988
G1 X81.734 Y126.119 E518.81436
G1 X82.164 Y126.224 E518.82908
G1 X82.576 Y126.444 E518.84462
G1 X82.79 Y126.633 E518.85411
G1 X82.79 Y129.367 E518.94505
G1 X82.576 Y129.556 E518.95454
G1 X82.164 Y129.776 E518.97008
G0 F9000 X82.59 Y128.976
G1 F1500 X81.943 Y129.623 E519.00051
G0 F9000 X81.32 Y129.68
G1 F1500 X82.59 Y128.41 E519.06025
G0 F9000 X82.59 Y127.844
G1 F1500 X80.868 Y129.566 E519.14125
G0 F9000 X80.507 Y129.361
G1 F1500 X82.59 Y127.279 E519.2392
G0 F9000 X82.585 Y126.717
G1 F1500 X80.41 Y128.893 E519.34153
G0 F9000 X80.41 Y128.327
G1 F1500 X82.245 Y126.492 E519.42784
G0 F9000 X81.825 Y126.346
G1 F1500 X80.41 Y127.762 E519.49442
G0 F9000 X80.41 Y127.196
G1 F1500 X81.286 Y126.319 E519.53565
G0 F9000 X81.137 Y125.699
G1 F2700 E514.53565
G0 F9000 X82.621 Y126.377
G0 X82.971 Y126.657
G0 X83.33 Y131.63
G0 X84.415 Y131.63
G0 X95.585 Y131.63
G0 X96.67 Y131.63
G0 X99.88 Y131.63
G0 X100.15 Y131.9
;TYPE:WALL-INNER
G1 F2700 E519.53565
G1 F1500 X100.15 Y88.1 E520.99244
G1 X96.85 Y88.1 E521.1022
G1 X96.85 Y131.9 E522.559
G1 X100.15 Y131.9 E522.66876
G0 F9000 X100.55 Y132.3
;TYPE:WALL-OUTER
G1 F1500 X100.55 Y87.7 E524.15216
G1 X96.45 Y87.7 E524.28852
G1 X96.45 Y132.3 E525.77193
G1 X100.55 Y132.3 E525.90829
G0 F9000 X99.877 Y131.818
;TYPE:FILL
G1 F3000 X96.929 Y128.87 E526.04696
G0 F9000 X97.15 Y128.87
G0 X97.379 Y129.123
G0 X97.801 Y129.348
G0 X98.262 Y129.46
G0 X99.273 Y129.378
G0 X99.225 Y129.287
G1 F3000 X98.547 Y131.82 E526.13417
G0 F9000 X98.547 Y131.6
G0 X97.15 Y131.529
G0 X96.929 Y131.529
G1 F3000 X100.068 Y130.688 E526.24226
G0 F9000 X99.85 Y130.688
G0 X99.971 Y128.843
G0 X99.971 Y126.157
G0 X99.806 Y126.091
G1 F3000 X96.929 Y123.214 E526.37758
G1 X96.929 Y123.247
G1 X100.068 Y122.406 E526.48567
G0 F9000 X99.85 Y122.406
G0 X99.85 Y120.697
G0 X100.069 Y120.697
G1 F3000 X96.929 Y117.557 E526.63336
G0 F9000 X97.15 Y117.557
G0 X97.15 Y119.106
G0 X96.929 Y119.106
G1 F3000 X100.069 Y118.265 E526.74148
G0 F9000 X99.85 Y118.265
G0 X99.85 Y115.04
G0 X100.069 Y115.04
G1 F3000 X96.929 Y111.9 E526.88918
G0 F9000 X97.15 Y111.9
G0 X97.15 Y110.823
G0 X96.93 Y110.823
G1 F3000 X100.069 Y109.982 E526.99726
G0 F9000 X100.069 Y109.383
G1 F3000 X96.929 Y106.243 E527.14496
G0 F9000 X96.93 Y106.682
G1 F3000 X100.068 Y105.841 E527.25301
G0 F9000 X99.85 Y105.841
G0 X99.85 Y103.726
G0 X100.069 Y103.726
G1 F3000 X96.929 Y100.586 E527.40071
G0 F9000 X97.15 Y100.586
G0 X97.15 Y102.541
G0 X96.929 Y102.541
G1 F3000 X100.068 Y101.7 E527.50879
G0 F9000 X99.85 Y101.7
G0 X99.85 Y98.07
G0 X100.069 Y98.07
G1 F3000 X96.929 Y94.929 E527.65651
G0 F9000 X96.929 Y94.259
G1 F3000 X97.454 Y94.118 E527.67459
G0 F9000 X97.406 Y94.206
G0 X99.85 Y95.231
G0 X100.068 Y95.231
G1 F3000 X96.929 Y106.948 E528.07805
G0 F9000 X97.15 Y106.948
G0 X99.85 Y110.685
G0 X100.069 Y110.685
G1 F3000 X96.929 Y122.402 E528.48151
G0 F9000 X97.15 Y122.402
G0 X97.15 Y114.965
G0 X96.929 Y114.965
G1 F3000 X100.069 Y114.123 E528.58963
G0 F9000 X99.85 Y114.123
G0 X97.15 Y98.4
G0 X96.929 Y98.4
G1 F3000 X100.069 Y97.559 E528.69775
G0 F9000 X99.85 Y97.559
G0 X97.029 Y93.843
G0 X97.029 Y91.157
G0 X97.015 Y91.174
G1 F3000 X97.817 Y88.179 E528.80087
G0 F9000 X97.817 Y88.4
G0 X97.15 Y89.272
G0 X96.929 Y89.272
G1 F3000 X98.241 Y90.584 E528.86259
G0 F9000 X98.219 Y90.488
G0 X97.15 Y90.118
G0 X96.93 Y90.118
G1 F3000 X100.069 Y89.277 E528.97067
G0 F9000 X99.85 Y89.277
G0 X99.971 Y91.157
G0 X99.971 Y93.844
G0 X99.922 Y94.34
G0 X98.746 Y94.52
G0 X98.732 Y94.381
;TYPE:SKIN
G1 F1500 X98.266 Y94.381 E528.98617
G1 X97.836 Y94.276 E529.00089
G1 X97.424 Y94.056 E529.01643
G1 X97.21 Y93.867 E529.02592
G1 X97.21 Y91.133 E529.11686
G1 X97.424 Y90.944 E529.12635
G1 X97.836 Y90.724 E529.14189
G1 X98.266 Y90.619 E529.15661
G1 X98.734 Y90.619 E529.17218
G1 X99.164 Y90.724 E529.1869
G1 X99.576 Y90.944 E529.20243
G1 X99.79 Y91.133 E529.21193
G1 X99.79 Y93.868 E529.3029
G1 X99.57 Y94.061 E529.31263
G1 X99.173 Y94.269 E529.32754
G1 X98.732 Y94.381 E529.34267
G0 F9000 X98.75 Y94.519
G0 X99.244 Y94.295
G0 X99.943 Y93.899
G0 X99.588 Y93.309
G1 F1500 X98.722 Y94.176 E529.38343
G0 F9000 X98.179 Y94.153
G1 F1500 X99.588 Y92.744 E529.4497
G0 F9000 X99.588 Y92.178
G1 F1500 X97.758 Y94.008 E529.53578
G0 F9000 X97.416 Y93.784
G1 F1500 X99.588 Y91.612 E529.63794
G0 F9000 X99.495 Y91.14
G1 F1500 X97.408 Y93.227 E529.73611
G0 F9000 X97.408 Y92.661
G1 F1500 X99.135 Y90.934 E529.81734
G0 F9000 X98.685 Y90.818
G1 F1500 X97.408 Y92.095 E529.87741
G0 F9000 X97.408 Y91.53
G1 F1500 X98.065 Y90.873 E529.90831
G1 F2700 E524.90831
G0 F9000 X97.987 Y90.544
G0 X97.174 Y90.581
G0 X97.029 Y91.157
G0 X97.029 Y93.843
G0 X99.971 Y126.157
G0 X99.971 Y128.843
G0 X99.923 Y129.339
G0 X98.765 Y129.516
G0 X98.734 Y129.381
G1 F2700 E529.90831
G1 F1500 X98.266 Y129.381 E529.92388
G1 X97.836 Y129.276 E529.9386
G1 X97.424 Y129.056 E529.95413
G1 X97.21 Y128.867 E529.96363
G1 X97.21 Y126.133 E530.05456
G1 X97.424 Y125.944 E530.06406
G1 X97.836 Y125.724 E530.07959
G1 X98.266 Y125.619 E530.09432
G1 X98.734 Y125.619 E530.10988
G1 X99.164 Y125.724 E530.1246
G1 X99.576 Y125.944 E530.14014
G1 X99.79 Y126.133 E530.14963
G1 X99.79 Y128.867 E530.24057
G1 X99.576 Y129.056 E530.25006
G1 X99.164 Y129.276 E530.2656
G1 X98.734 Y129.381 E530.28032
G0 F9000 X98.766 Y129.516
G0 X99.251 Y129.293
G0 X99.943 Y128.898
G0 X99.589 Y128.381
G1 F1500 X98.818 Y129.153 E530.31661
G0 F9000 X98.239 Y129.166
G1 F1500 X99.589 Y127.815 E530.38013
G0 F9000 X99.589 Y127.25
G1 F1500 X97.806 Y129.033 E530.464
G0 F9000 X97.456 Y128.817
G1 F1500 X99.589 Y126.684 E530.56433
G0 F9000 X99.535 Y126.173
G1 F1500 X97.41 Y128.298 E530.66428
G0 F9000 X97.41 Y127.732
G1 F1500 X99.183 Y125.959 E530.74768
G0 F9000 X98.748 Y125.828
G1 F1500 X97.41 Y127.166 E530.81062
G0 F9000 X97.41 Y126.601
G1 F1500 X98.161 Y125.85 E530.84594
G0 F9000 X98.012 Y125.23
G1 F2700 E525.84594
G0 F9000 X99.199 Y125.652
G0 X99.621 Y125.877
G0 X99.971 Y126.157
G0 X100.33 Y131.13
G0 X101.415 Y131.13
G0 X114.335 Y131.13
G0 X115.42 Y131.13
G0 X115.87 Y131.13
G0 X115.6 Y131.4
;TYPE:WALL-INNER
G1 F2700 E530.84594
G1 F1500 X121.4 Y131.4 E531.03885
G1 X121.4 Y87.6 E532.49564
G1 X115.6 Y87.6 E532.68855
G1 X115.6 Y131.4 E534.14535
G0 F9000 X115.2 Y131.8
;TYPE:WALL-OUTER
G1 F1500 X121.8 Y131.8 E534.36486
G1 X121.8 Y87.2 E535.84826
G1 X115.2 Y87.2 E536.06778
G1 X115.2 Y131.8 E537.55118
G0 F9000 X115.47 Y131.53
G0 X116.348 Y131.1
G0 X116.348 Y131.319
;TYPE:FILL
G1 F3000 X115.679 Y130.649 E537.58267
G1 X115.68 Y130.646
G1 X121.319 Y129.135 E537.77684
G0 F9000 X121.1 Y129.135
G0 X121.1 Y130.633
G0 X121.319 Y130.633
G1 F3000 X119.388 Y128.702 E537.86767
G0 F9000 X119.434 Y128.792
G0 X119.386 Y131.1
G0 X119.386 Y131.32
G1 F3000 X121.319 Y124.106 E538.11608
G0 F9000 X121.319 Y124.976
G1 F3000 X115.679 Y119.336 E538.38136
G0 F9000 X115.9 Y119.336
G0 X115.9 Y118.223
G0 X115.68 Y118.223
G1 F3000 X121.319 Y116.712 E538.57553
G0 F9000 X121.1 Y116.712
G0 X121.1 Y119.32
G0 X121.319 Y119.32
G1 F3000 X115.679 Y113.679 E538.84085
G0 F9000 X115.68 Y114.081
G1 F3000 X121.319 Y112.57 E539.03502
G0 F9000 X121.1 Y112.57
G0 X121.1 Y113.663
G0 X121.319 Y113.663
G1 F3000 X115.679 Y108.022 E539.30033
G0 F9000 X115.9 Y108.022
G0 X115.9 Y109.94
G0 X115.68 Y109.94
G1 F3000 X121.318 Y108.43 E539.49446
G0 F9000 X121.319 Y108.652
G1 F3000 X115.679 Y129.7 E540.21921
G0 F9000 X115.9 Y129.7
G0 X115.9 Y126.505
G0 X115.679 Y126.505
G1 F3000 X116.738 Y126.221 E540.25568
G1 X116.785 Y126.099
G1 X115.679 Y124.993 E540.3077
G0 F9000 X115.9 Y124.993
G0 X115.9 Y122.364
G0 X115.679 Y122.364
G1 F3000 X121.318 Y120.853 E540.50188
G0 F9000 X121.1 Y120.853
G0 X121.1 Y124.994
G0 X121.319 Y124.994
G1 F3000 X119.638 Y125.444 E540.55975
G0 F9000 X119.705 Y125.369
G0 X115.9 Y114.245
G0 X115.679 Y114.245
G1 F3000 X121.319 Y93.197 E541.28451
G0 F9000 X121.1 Y93.197
G0 X121.1 Y91.865
G0 X121.318 Y91.865
G1 F3000 X120.422 Y92.105 E541.31536
G0 F9000 X120.521 Y92.117
G0 X121.1 Y91.035
G0 X121.319 Y91.035
G1 F3000 X117.964 Y87.68 E541.47317
G0 F9000 X118.657 Y87.679
G1 F3000 X117.996 Y90.145 E541.55809
G0 F9000 X117.973 Y90.047
G0 X117.379 Y90.377
G0 X117.022 Y90.691
G0 X116.802 Y91.009
G0 X116.473 Y91.933
G0 X116.571 Y91.944
G1 F3000 X115.679 Y91.052 E541.60004
G0 F9000 X115.9 Y91.052
G0 X115.9 Y89.235
G0 X115.68 Y89.235
G1 F3000 X121.318 Y87.724 E541.79418
G0 F9000 X121.13 Y87.87
G0 X120.418 Y92.472
G0 X120.25 Y92.917
G0 X119.979 Y93.307
G0 X119.618 Y93.627
G0 X119.381 Y93.751
G0 X118.547 Y94.021
G0 X118.547 Y93.92
G1 F3000 X121.319 Y96.692 E541.92457
G0 F9000 X121.319 Y96.006
G1 F3000 X115.68 Y97.517 E542.11874
G0 F9000 X115.679 Y96.708
G1 F3000 X121.319 Y102.349 E542.38405
G0 F9000 X121.1 Y102.349
G0 X121.1 Y104.288
G0 X121.318 Y104.288
G1 F3000 X115.68 Y105.799 E542.57819
G0 F9000 X115.9 Y105.799
G0 X115.9 Y102.365
G0 X115.679 Y102.365
G1 F3000 X121.319 Y108.006 E542.8435
G0 F9000 X121.1 Y108.006
G0 X121.1 Y100.147
G0 X121.318 Y100.147
G1 F3000 X115.679 Y101.658 E543.03767
G0 F9000 X115.9 Y101.658
G0 X115.9 Y98.791
G0 X115.679 Y98.791
G1 F3000 X117.135 Y93.357 E543.22478
G0 F9000 X116.891 Y93.051
G1 F3000 X115.68 Y93.376 E543.26648
G0 F9000 X115.9 Y93.376
G0 X118.233 Y94.015
G0 X118.266 Y93.881
;TYPE:SKIN
G1 F1500 X117.836 Y93.776 E543.28121
G1 X117.424 Y93.556 E543.29674
G1 X117.08 Y93.253 E543.31199
G1 X116.821 Y92.88 E543.32709
G1 X116.661 Y92.457 E543.34213
G1 X116.606 Y92 E543.35744
G1 X116.661 Y91.543 E543.37275
G1 X116.821 Y91.12 E543.38779
G1 X117.08 Y90.747 E543.4029
G1 X117.424 Y90.446 E543.4181
G1 X117.836 Y90.224 E543.43367
G1 X118.266 Y90.119 E543.44839
G1 X118.734 Y90.12 E543.46395
G1 X119.164 Y90.224 E543.47867
G1 X119.576 Y90.446 E543.49423
G1 X119.92 Y90.747 E543.50944
G1 X120.179 Y91.12 E543.52454
G1 X120.339 Y91.543 E543.53958
G1 X120.393 Y92.001 E543.55492
G1 X120.339 Y92.457 E543.57019
G1 X120.179 Y92.88 E543.58524
G1 X119.92 Y93.253 E543.60034
G1 X119.57 Y93.562 E543.61587
G1 X119.173 Y93.769 E543.63076
G1 X118.732 Y93.881 E543.64589
G1 X118.266 Y93.881 E543.66139
G0 F9000 X118.233 Y94.015
G0 X119.199 Y93.846
G0 X119.618 Y93.627
G0 X119.822 Y93.446
G0 X120.371 Y92.766
G0 X120.052 Y92.645
G1 F1500 X119.134 Y93.562 E543.70455
G0 F9000 X118.45 Y93.681
G1 F1500 X120.184 Y91.947 E543.78611
G0 F9000 X120.096 Y91.469
G1 F1500 X117.965 Y93.601 E543.88637
G0 F9000 X117.585 Y93.415
G1 F1500 X119.912 Y91.088 E543.99583
G0 F9000 X119.654 Y90.78
G1 F1500 X117.275 Y93.159 E544.10773
G0 F9000 X117.033 Y92.835
G1 F1500 X119.328 Y90.54 E544.21568
G0 F9000 X118.929 Y90.373
G1 F1500 X116.867 Y92.436 E544.31269
G0 F9000 X116.816 Y91.921
G1 F1500 X118.418 Y90.319 E544.38804
G0 F9000 X117.584 Y90.587
G1 F1500 X117.088 Y91.083 E544.41137
G1 F2700 E539.41137
G0 F9000 X116.81 Y90.891
G0 X116.582 Y91.528
G0 X116.525 Y92
G0 X116.531 Y127.049
G0 X116.583 Y127.474
G0 X116.751 Y127.916
G0 X117.021 Y128.306
G0 X117.346 Y128.593
G0 X118.233 Y129.015
G0 X118.266 Y128.881
G1 F2700 E544.41137
G1 F1500 X117.836 Y128.776 E544.42609
G1 X117.424 Y128.556 E544.44163
G1 X117.083 Y128.255 E544.45676
G1 X116.82 Y127.876 E544.4721
G1 X116.662 Y127.459 E544.48693
G1 X116.606 Y127.002 E544.50225
G1 X116.661 Y126.543 E544.51762
G1 X116.821 Y126.12 E544.53266
G1 X117.08 Y125.747 E544.54777
G1 X117.424 Y125.446 E544.56297
G1 X117.836 Y125.224 E544.57854
G1 X118.266 Y125.119 E544.59326
G1 X118.734 Y125.12 E544.60882
G1 X119.164 Y125.224 E544.62354
G1 X119.576 Y125.446 E544.6391
G1 X119.92 Y125.747 E544.65431
G1 X120.179 Y126.12 E544.66941
G1 X120.339 Y126.543 E544.68445
G1 X120.393 Y127 E544.69976
G1 X120.339 Y127.458 E544.7151
G1 X120.179 Y127.88 E544.73011
G1 X119.92 Y128.253 E544.74521
G1 X119.57 Y128.562 E544.76074
G1 X119.173 Y128.769 E544.77563
G1 X118.732 Y128.881 E544.79076
G1 X118.266 Y128.881 E544.80626
G0 F9000 X118.233 Y129.015
G0 X119.199 Y128.846
G0 X119.618 Y128.627
G0 X120.328 Y127.881
G0 X120.01 Y127.76
G1 F1500 X119.288 Y128.482 E544.84022
G0 F9000 X118.523 Y128.68
G1 F1500 X120.189 Y127.015 E544.91856
G0 F9000 X120.116 Y126.521
G1 F1500 X118.024 Y128.614 E545.01699
G0 F9000 X117.632 Y128.44
G1 F1500 X119.942 Y126.13 E545.12564
G0 F9000 X119.693 Y125.814
G1 F1500 X117.314 Y128.192 E545.23752
G0 F9000 X117.065 Y127.876
G1 F1500 X119.375 Y125.565 E545.3462
G0 F9000 X118.989 Y125.387
G1 F1500 X116.887 Y127.488 E545.44505
G0 F9000 X116.808 Y127.002
G1 F1500 X118.492 Y125.317 E545.52428
G0 F9000 X117.743 Y125.5
G1 F1500 X116.98 Y126.264 E545.5602
G0 F9000 X116.382 Y126.038
G1 F2700 E540.5602
G0 F9000 X121.58 Y112.13
G0 X122.665 Y112.13
G0 X135.585 Y112.13
G0 X136.67 Y112.13
G0 X137.12 Y112.13
G0 X136.85 Y112.4
;TYPE:WALL-INNER
G1 F2700 E545.5602
G1 F1500 X140.15 Y112.4 E545.66995
G1 X140.15 Y103.6 E545.96264
G1 X136.85 Y103.6 E546.0724
G1 X136.85 Y112.4 E546.36509
G0 F9000 X136.45 Y112.8
;TYPE:WALL-OUTER
G1 F1500 X140.55 Y112.8 E546.50146
G1 X140.55 Y103.2 E546.82075
G1 X136.45 Y103.2 E546.95712
G1 X136.45 Y112.8 E547.27642
G0 F9000 X136.929 Y112.214
;TYPE:FILL
G1 F3000 X137.603 Y109.698 E547.36305
G0 F9000 X137.555 Y109.786
G0 X138.262 Y109.96
G0 X138.738 Y109.96
G0 X139 Y109.896
G0 X139.811 Y109.537
G0 X139.745 Y109.461
G1 F3000 X140.069 Y109.785 E547.37829
G0 F9000 X139.85 Y109.785
G0 X139.85 Y111.688
G0 X140.068 Y111.688
G1 F3000 X137.712 Y112.319 E547.45941
G0 F9000 X137.712 Y112.1
G0 X137.029 Y109.343
G0 X137.029 Y106.656
G0 X137.176 Y106.078
G0 X137.555 Y105.876
G0 X138.573 Y105.979
G0 X138.573 Y106.079
G1 F3000 X139.216 Y103.678 E547.54209
G1 X139.048 Y103.679
G1 X136.929 Y104.247 E547.61505
G0 F9000 X137.15 Y104.247
G0 X139.621 Y103.9
G0 X139.621 Y103.68
G1 F3000 X140.069 Y104.128 E547.63612
G0 F9000 X139.85 Y104.128
G0 X137.029 Y106.656
G0 X137.029 Y109.343
G0 X137.803 Y109.91
G0 X137.836 Y109.776
;TYPE:SKIN
G1 F1500 X137.424 Y109.556 E547.65166
G1 X137.21 Y109.367 E547.66116
G1 X137.21 Y106.632 E547.75212
G1 X137.43 Y106.439 E547.76186
G1 X137.827 Y106.231 E547.77676
G1 X138.27 Y106.119 E547.79196
G1 X138.734 Y106.119 E547.80739
G1 X139.164 Y106.224 E547.82211
G1 X139.576 Y106.444 E547.83765
G1 X139.79 Y106.633 E547.84715
G1 X139.79 Y109.367 E547.93808
G1 X139.576 Y109.556 E547.94757
G1 X139.164 Y109.776 E547.96311
G1 X138.734 Y109.881 E547.97783
G1 X138.266 Y109.881 E547.9934
G1 X137.836 Y109.776 E548.00812
G0 F9000 X137.803 Y109.91
G0 X138.738 Y109.96
G0 X139.112 Y109.869
G0 X139.943 Y109.398
G0 X139.589 Y108.746
G1 F1500 X138.655 Y109.68 E548.05205
G0 F9000 X138.129 Y109.641
G1 F1500 X139.589 Y108.18 E548.12075
G0 F9000 X139.589 Y107.615
G1 F1500 X137.717 Y109.486 E548.20878
G0 F9000 X137.409 Y109.228
G1 F1500 X139.589 Y107.049 E548.3113
G0 F9000 X139.462 Y106.61
G1 F1500 X137.409 Y108.663 E548.40786
G0 F9000 X137.409 Y108.097
G1 F1500 X139.094 Y106.413 E548.4871
G0 F9000 X138.622 Y106.319
G1 F1500 X137.409 Y107.531 E548.54413
G0 F9000 X137.409 Y106.966
G1 F1500 X137.976 Y106.399 E548.5708
G0 F9000 X137.821 Y105.777
G1 F2700 E543.5708
;MESH:NONMESH
G0 F300 X137.821 Y105.777 Z2.2
G0 F9000 X136.664 Y103.414
G0 X135.585 Y103.414
G0 X122.653 Y86.347
G0 X114.347 Y86.347
G0 X95.597 Y86.847
G0 X84.415 Y103.414
G0 X83.33 Y103.414
G0 X82.971 Y91.657
G0 X83.15 Y92.148
;TIME_ELAPSED:951.903464
;LAYER:10
;TYPE:WALL-INNER
;MESH:Spacers.stl
G1 F2700 E548.5708
G1 F1500 X83.15 Y88.6 E548.68881
G1 X79.851 Y88.601 E548.79853
G1 X79.85 Y92.148 E548.9165
G1 X80.114 Y91.768 E548.93189
G1 X80.452 Y91.468 E548.94693
G1 X80.849 Y91.263 E548.96179
G1 X81.28 Y91.162 E548.97651
G1 X81.72 Y91.163 E548.99114
G1 X82.151 Y91.263 E549.00586
G1 X82.549 Y91.47 E549.02078
G1 X82.887 Y91.77 E549.03581
G1 X83.15 Y92.148 E549.05113
G1 F2700 E544.05113
G0 F9000 X82.91 Y91.467
G0 X83.165 Y92.847
G0 X82.91 Y126.467
G0 X83.15 Y127.148
G1 F2700 E549.05113
G1 F1500 X83.15 Y93.852 E550.15856
G1 X82.888 Y94.229 E550.17383
G1 X82.556 Y94.525 E550.18862
G1 X82.162 Y94.732 E550.20342
G1 X81.739 Y94.84 E550.21794
G1 X81.272 Y94.841 E550.23348
G1 X80.846 Y94.736 E550.24807
G1 X80.451 Y94.531 E550.26287
G1 X80.114 Y94.232 E550.27786
G1 X79.85 Y93.852 E550.29325
G1 X79.85 Y127.148 E551.40068
G1 X80.114 Y126.768 E551.41606
G1 X80.451 Y126.468 E551.43107
G1 X80.846 Y126.264 E551.44586
G1 X81.272 Y126.159 E551.46045
G1 X81.727 Y126.159 E551.47558
G1 X82.155 Y126.264 E551.49024
G1 X82.55 Y126.47 E551.50506
G1 X82.887 Y126.771 E551.52009
G1 X83.15 Y127.148 E551.53538
G0 F9000 X82.91 Y126.467
G0 X83.165 Y127.847
G0 X82.88 Y132.13
G0 X83.15 Y132.4
G1 F1500 X83.15 Y128.852 E551.65338
G1 X82.887 Y129.229 E551.66867
G1 X82.55 Y129.53 E551.6837
G1 X82.151 Y129.737 E551.69865
G1 X81.72 Y129.837 E551.71337
G1 X81.28 Y129.838 E551.728
G1 X80.849 Y129.737 E551.74272
G1 X80.451 Y129.532 E551.75761
G1 X80.114 Y129.231 E551.77264
G1 X79.85 Y128.852 E551.78801
G1 X79.851 Y132.399 E551.90598
G1 X83.15 Y132.4 E552.0157
G0 F9000 X83.55 Y132.8
;TYPE:WALL-OUTER
G1 F1500 X83.55 Y128.791 E552.14904
G1 F1304.3 X83.49 Y128.389 E552.16459
G1 F1176.5 X83.5 Y128 E552.18109
G1 X83.49 Y127.639 E552.19641
G1 F1304.3 X83.55 Y127.209 E552.21301
G1 F1500 X83.55 Y93.791 E553.3245
G1 F1304.3 X83.49 Y93.389 E553.34005
G1 F1176.5 X83.5 Y93 E553.35655
G1 X83.49 Y92.639 E553.37186
G1 F1304.3 X83.55 Y92.209 E553.38847
G1 F1500 X83.55 Y88.2 E553.52181
G1 X79.451 Y88.201 E553.65814
G1 X79.45 Y92.209 E553.79145
G1 F1304.3 X79.51 Y92.639 E553.80806
G1 F1176.5 X79.5 Y93 E553.82337
G1 X79.51 Y93.361 E553.83869
G1 F1304.3 X79.45 Y93.791 E553.85529
G1 F1500 X79.45 Y127.209 E554.96678
G1 F1304.3 X79.51 Y127.639 E554.98339
G1 F1176.5 X79.5 Y128 E554.9987
G1 X79.51 Y128.361 E555.01402
G1 F1304.3 X79.45 Y128.791 E555.03062
G1 F1500 X79.451 Y132.799 E555.16393
G1 X83.55 Y132.8 E555.30026
G1 F2700 E550.30026
G0 F9000 X83.28 Y132.53
G0 X82.157 Y130.044
G0 X81.992 Y129.364
G1 F2700 E555.30026
G1 F1500 X81.675 Y129.44 E555.3111
G1 X81.325 Y129.44 E555.32275
G1 X81.008 Y129.364 E555.33359
G1 X80.657 Y129.18 E555.34677
G1 X80.4 Y128.943 E555.3584
G1 X80.229 Y128.697 E555.36836
G1 F1304.3 X80.028 Y128.33 E555.38437
G1 F1174.2 X80.001 Y127.97 E555.39971
G1 X80.028 Y127.67 E555.4125
G1 F1304.3 X80.229 Y127.303 E555.42851
G1 F1500 X80.431 Y127.022 E555.44002
G1 X80.698 Y126.792 E555.45174
G1 X81.008 Y126.636 E555.46328
G1 X81.299 Y126.564 E555.47325
G1 X81.7 Y126.564 E555.48659
G1 X81.992 Y126.636 E555.49659
G1 X82.302 Y126.792 E555.50814
G1 X82.569 Y127.022 E555.51986
G1 X82.771 Y127.303 E555.53137
G1 F1304.3 X82.972 Y127.67 E555.54737
G1 F1176.5 X83 Y128 E555.56142
G1 X82.971 Y128.344 E555.57606
G1 F1304.3 X82.771 Y128.697 E555.59157
G1 F1500 X82.569 Y128.978 E555.60308
G1 X82.302 Y129.208 E555.61481
G1 X81.992 Y129.364 E555.62635
G1 F2700 E550.62635
G0 F9000 X82.157 Y130.044
G0 X82.999 Y128.786
G0 X83.143 Y128.404
G0 X81.875 Y95.114
G0 X81.707 Y94.435
G1 F2700 E555.62635
G1 F1500 X81.298 Y94.436 E555.63995
G1 X81.008 Y94.364 E555.64989
G1 X80.657 Y94.18 E555.66307
G1 X80.4 Y93.943 E555.6747
G1 X80.229 Y93.697 E555.68466
G1 F1304.3 X80.028 Y93.33 E555.70067
G1 F1174.2 X80.001 Y93.03 E555.71347
G1 X80.028 Y92.67 E555.72881
G1 F1304.3 X80.229 Y92.303 E555.74481
G1 F1500 X80.431 Y92.022 E555.75632
G1 X80.698 Y91.792 E555.76804
G1 X81.008 Y91.636 E555.77958
G1 X81.325 Y91.56 E555.79043
G1 X81.675 Y91.56 E555.80207
G1 X81.992 Y91.636 E555.81291
G1 X82.302 Y91.792 E555.82445
G1 X82.569 Y92.022 E555.83617
G1 X82.771 Y92.303 E555.84768
G1 F1304.3 X82.972 Y92.67 E555.86369
G1 F1176.5 X83 Y93 E555.87773
G1 X82.971 Y93.344 E555.89237
G1 F1304.3 X82.771 Y93.697 E555.90789
G1 F1500 X82.6 Y93.943 E555.91786
G1 X82.342 Y94.18 E555.92951
G1 X82.037 Y94.346 E555.94106
G1 X81.707 Y94.435 E555.95243
G0 F9000 X81.875 Y95.114
G0 X81.368 Y95.086
G0 X80.423 Y94.851
G0 X80.524 Y94.66
;TYPE:FILL
G1 F3000 X79.93 Y94.819 E555.97288
G1 X79.93 Y94.702
G1 X83.07 Y97.841 E556.12055
G0 F9000 X83.068 Y98.119
G1 F3000 X79.93 Y98.96 E556.2286
G0 F9000 X80.15 Y98.96
G0 X80.15 Y100.358
G0 X79.93 Y100.358
G1 F3000 X83.07 Y103.498 E556.3763
G0 F9000 X82.85 Y103.498
G0 X82.85 Y102.26
G0 X83.068 Y102.26
G1 F3000 X79.93 Y103.101 E556.48435
G0 F9000 X80.15 Y103.101
G0 X80.15 Y106.015
G0 X79.93 Y106.015
G1 F3000 X83.07 Y109.155 E556.63205
G0 F9000 X82.85 Y109.155
G0 X82.85 Y110.542
G0 X83.069 Y110.542
G1 F3000 X79.93 Y111.383 E556.74014
G0 F9000 X79.93 Y111.672
G1 F3000 X83.07 Y114.812 E556.88783
G1 X83.068 Y114.683
G1 X79.93 Y115.524 E556.99589
G0 F9000 X80.15 Y115.524
G0 X80.15 Y117.329
G0 X79.93 Y117.329
G1 F3000 X83.07 Y120.469 E557.14358
G0 F9000 X82.85 Y120.469
G0 X82.85 Y118.825
G0 X83.068 Y118.825
G1 F3000 X79.93 Y119.666 E557.25163
G0 F9000 X80.15 Y119.666
G0 X80.15 Y122.986
G0 X79.93 Y122.986
G1 F3000 X83.07 Y126.125 E557.39931
G0 F9000 X82.85 Y126.125
G0 X82.85 Y122.966
G0 X83.069 Y122.966
G1 F3000 X79.93 Y123.807 E557.50739
G0 F9000 X79.93 Y123.481
G1 F3000 X83.069 Y111.765 E557.91081
G0 F9000 X82.85 Y111.765
G0 X80.15 Y108.025
G0 X79.93 Y108.025
G1 F3000 X83.069 Y96.309 E558.31423
G0 F9000 X82.85 Y96.309
G0 X83.193 Y93
G0 X83.143 Y92.596
G0 X83.026 Y92.286
G0 X82.091 Y90.941
G0 X82.039 Y91.153
G1 F3000 X79.93 Y89.045 E558.41341
G0 F9000 X80.15 Y89.045
G0 X80.973 Y88.9
G0 X80.973 Y88.679
G1 F3000 X80.193 Y91.59 E558.51364
G0 F9000 X79.93 Y90.678
G1 F3000 X83.069 Y89.837 E558.62173
G0 F9000 X82.85 Y89.837
G0 X83.193 Y93
G0 X82.85 Y106.401
G0 X83.069 Y106.401
G1 F3000 X79.93 Y107.242 E558.72982
G0 F9000 X80.15 Y107.242
G0 X83.193 Y128
G0 X83.153 Y128.328
G0 X82.508 Y129.888
G0 X82.406 Y129.693
G1 F3000 X81.703 Y132.319 E558.82023
G0 F9000 X81.703 Y132.1
G0 X82.85 Y131.782
G0 X83.069 Y131.782
G1 F3000 X81.183 Y129.896 E558.90894
G0 F9000 X81.13 Y130.113
G0 X82.85 Y131.248
G0 X83.069 Y131.248
G1 F3000 X79.93 Y132.089 E559.01703
G0 F9000 X80.45 Y131.8
G1 F2700 E554.01703
G0 F9000 X83.33 Y131.63
G0 X84.415 Y131.63
G0 X95.585 Y131.63
G0 X96.67 Y131.63
G0 X99.88 Y131.63
G0 X100.15 Y131.9
;TYPE:WALL-INNER
G1 F2700 E559.01703
G1 F1500 X100.15 Y128.352 E559.13504
G1 X99.887 Y128.729 E559.15033
G1 X99.55 Y129.03 E559.16535
G1 X99.151 Y129.237 E559.18031
G1 X98.72 Y129.337 E559.19502
G1 X98.28 Y129.338 E559.20966
G1 X97.849 Y129.237 E559.22438
G1 X97.451 Y129.032 E559.23927
G1 X97.114 Y128.731 E559.2543
G1 X96.85 Y128.352 E559.26966
G1 X96.851 Y131.899 E559.38763
G1 X100.15 Y131.9 E559.49736
G0 F9000 X99.88 Y131.63
G0 X100.193 Y127.5
G0 X99.91 Y125.967
G0 X100.15 Y126.648
G1 F1500 X100.15 Y93.352 E560.60479
G1 X99.888 Y93.729 E560.62006
G1 X99.556 Y94.025 E560.63485
G1 X99.162 Y94.232 E560.64966
G1 X98.739 Y94.34 E560.66418
G1 X98.272 Y94.341 E560.67971
G1 X97.846 Y94.236 E560.6943
G1 X97.451 Y94.031 E560.7091
G1 X97.114 Y93.732 E560.72409
G1 X96.85 Y93.352 E560.73948
G1 X96.85 Y126.648 E561.84691
G1 X97.114 Y126.268 E561.8623
G1 X97.451 Y125.968 E561.8773
G1 X97.846 Y125.764 E561.89209
G1 X98.272 Y125.659 E561.90668
G1 X98.727 Y125.659 E561.92182
G1 X99.155 Y125.764 E561.93647
G1 X99.55 Y125.97 E561.95129
G1 X99.887 Y126.271 E561.96632
G1 X100.15 Y126.648 E561.98161
G1 F2700 E556.98161
G0 F9000 X99.91 Y125.967
G0 X100.193 Y92.5
G0 X99.91 Y90.967
G0 X100.15 Y91.648
G1 F2700 E561.98161
G1 F1500 X100.15 Y88.1 E562.09961
G1 X96.851 Y88.101 E562.20934
G1 X96.85 Y91.648 E562.32731
G1 X97.114 Y91.268 E562.3427
G1 X97.452 Y90.968 E562.35773
G1 X97.849 Y90.763 E562.37259
G1 X98.28 Y90.662 E562.38732
G1 X98.72 Y90.663 E562.40195
G1 X99.151 Y90.763 E562.41667
G1 X99.549 Y90.97 E562.43159
G1 X99.887 Y91.27 E562.44662
G1 X100.15 Y91.648 E562.46194
G1 F2700 E557.46194
G0 F9000 X99.91 Y90.967
G0 X100.193 Y92.5
G0 X100.143 Y92.904
G0 X99.999 Y93.286
G0 X98.875 Y94.614
G0 X98.707 Y93.935
;TYPE:WALL-OUTER
G1 F2700 E562.46194
G1 F1500 X98.298 Y93.936 E562.47554
G1 X98.008 Y93.864 E562.48548
G1 X97.657 Y93.68 E562.49866
G1 X97.4 Y93.443 E562.51029
G1 X97.229 Y93.197 E562.52025
G1 F1304.3 X97.028 Y92.83 E562.53626
G1 F1174.2 X97.001 Y92.47 E562.5516
G1 X97.028 Y92.17 E562.56439
G1 F1304.3 X97.229 Y91.803 E562.5804
G1 F1500 X97.431 Y91.522 E562.59191
G1 X97.698 Y91.292 E562.60363
G1 X98.008 Y91.136 E562.61517
G1 X98.325 Y91.06 E562.62602
G1 X98.675 Y91.06 E562.63766
G1 X98.992 Y91.136 E562.6485
G1 X99.302 Y91.292 E562.66004
G1 X99.569 Y91.522 E562.67176
G1 X99.771 Y91.803 E562.68327
G1 F1304.3 X99.972 Y92.17 E562.69928
G1 F1176.5 X100 Y92.5 E562.71332
G1 X99.971 Y92.844 E562.72796
G1 F1304.3 X99.771 Y93.197 E562.74348
G1 F1500 X99.6 Y93.443 E562.75344
G1 X99.342 Y93.68 E562.7651
G1 X99.037 Y93.846 E562.77665
G1 X98.707 Y93.935 E562.78801
G1 F2700 E557.78801
G0 F9000 X98.875 Y94.614
G0 X100.193 Y127.5
G0 X100.143 Y127.904
G0 X99.999 Y128.286
G0 X98.675 Y129.641
G0 X98.675 Y128.94
G1 F2700 E562.78801
G1 F1500 X98.325 Y128.94 E562.79966
G1 X98.008 Y128.864 E562.8105
G1 X97.657 Y128.68 E562.82368
G1 X97.4 Y128.443 E562.83531
G1 X97.229 Y128.197 E562.84527
G1 F1304.3 X97.028 Y127.83 E562.86128
G1 F1174.2 X97.001 Y127.47 E562.87662
G1 X97.028 Y127.17 E562.88941
G1 F1304.3 X97.229 Y126.803 E562.90542
G1 F1500 X97.431 Y126.522 E562.91693
G1 X97.698 Y126.292 E562.92865
G1 X98.008 Y126.136 E562.94019
G1 X98.299 Y126.064 E562.95016
G1 X98.652 Y126.059 E562.96191
G1 X98.992 Y126.136 E562.9735
G1 X99.302 Y126.292 E562.98504
G1 X99.569 Y126.522 E562.99676
G1 X99.771 Y126.803 E563.00827
G1 F1304.3 X99.972 Y127.17 E563.02428
G1 F1176.5 X100 Y127.5 E563.03832
G1 X99.971 Y127.844 E563.05296
G1 F1304.3 X99.771 Y128.197 E563.06848
G1 F1500 X99.569 Y128.478 E563.07999
G1 X99.302 Y128.708 E563.09171
G1 X98.992 Y128.864 E563.10326
G1 X98.675 Y128.94 E563.1141
G1 F2700 E558.1141
G0 F9000 X98.675 Y129.641
G0 X100.28 Y132.03
G0 X100.55 Y132.3
G1 F2700 E563.1141
G1 F1500 X100.55 Y128.291 E563.24744
G1 F1304.3 X100.49 Y127.889 E563.26298
G1 F1176.5 X100.5 Y127.5 E563.27949
G1 X100.49 Y127.139 E563.2948
G1 F1304.3 X100.55 Y126.709 E563.31141
G1 F1500 X100.55 Y93.291 E564.42289
G1 F1304.3 X100.49 Y92.889 E564.43844
G1 F1176.5 X100.5 Y92.5 E564.45494
G1 X100.49 Y92.139 E564.47026
G1 F1304.3 X100.55 Y91.709 E564.48686
G1 F1500 X100.55 Y87.7 E564.6202
G1 X96.451 Y87.701 E564.75654
G1 X96.45 Y91.709 E564.88984
G1 F1304.3 X96.51 Y92.139 E564.90645
G1 F1176.5 X96.5 Y92.5 E564.92176
G1 X96.51 Y92.861 E564.93708
G1 F1304.3 X96.45 Y93.291 E564.95369
G1 F1500 X96.45 Y126.709 E566.06517
G1 F1304.3 X96.51 Y127.139 E566.08178
G1 F1176.5 X96.5 Y127.5 E566.09709
G1 X96.51 Y127.861 E566.11241
G1 F1304.3 X96.45 Y128.291 E566.12901
G1 F1500 X96.451 Y132.299 E566.26232
G1 X100.55 Y132.3 E566.39865
G0 F9000 X100.07 Y131.812
;TYPE:FILL
G1 F3000 X97.063 Y128.805 E566.54009
G0 F9000 X97.09 Y129.033
G0 X97.311 Y129.224
G0 X97.757 Y129.46
G0 X98.155 Y129.557
G0 X99.118 Y129.553
G0 X99.066 Y129.337
G1 F3000 X98.401 Y131.818 E566.62553
G0 F9000 X98.401 Y131.6
G0 X97.15 Y131.675
G0 X96.93 Y131.675
G1 F3000 X100.069 Y130.834 E566.73361
G0 F9000 X99.85 Y130.834
G0 X100.193 Y127.5
G0 X99.91 Y125.967
G0 X99.911 Y126.184
G1 F3000 X100.069 Y125.595 E566.75389
G0 F9000 X100.056 Y126.141
G1 F3000 X96.93 Y123.015 E566.90093
G0 F9000 X96.931 Y123.392
G1 F3000 X100.068 Y122.552 E567.00894
G0 F9000 X99.85 Y122.552
G0 X99.85 Y120.498
G0 X100.069 Y120.498
G1 F3000 X96.93 Y117.358 E567.15662
G0 F9000 X97.15 Y117.358
G0 X97.15 Y119.251
G0 X96.931 Y119.251
G1 F3000 X100.068 Y118.411 E567.26463
G0 F9000 X99.85 Y118.411
G0 X99.85 Y114.841
G0 X100.069 Y114.841
G1 F3000 X96.93 Y111.701 E567.4123
G0 F9000 X96.93 Y110.969
G1 F3000 X100.069 Y110.128 E567.52039
G1 X100.069 Y110.14
G1 X96.931 Y121.852 E567.92367
G0 F9000 X97.15 Y121.852
G0 X97.15 Y115.11
G0 X96.931 Y115.11
G1 F3000 X100.068 Y114.269 E568.03169
G0 F9000 X99.85 Y114.269
G0 X99.85 Y109.184
G0 X100.069 Y109.184
G1 F3000 X96.93 Y106.044 E568.17936
G0 F9000 X96.931 Y106.398
G1 F3000 X100.069 Y94.685 E568.58268
G0 F9000 X99.85 Y94.685
G0 X98.553 Y94.6
G0 X97.531 Y94.408
G0 X97.632 Y94.217
G1 F3000 X96.931 Y94.405 E568.60682
G0 F9000 X96.93 Y94.731
G1 F3000 X100.069 Y97.87 E568.75447
G1 X100.068 Y97.705
G1 X96.931 Y98.546 E568.86249
G0 F9000 X97.15 Y98.546
G0 X97.15 Y100.387
G0 X96.93 Y100.387
G1 F3000 X100.069 Y103.527 E569.01016
G0 F9000 X99.85 Y103.527
G0 X99.85 Y101.846
G0 X100.068 Y101.846
G1 F3000 X96.931 Y102.687 E569.11818
G0 F9000 X97.15 Y102.687
G0 X97.15 Y106.828
G0 X96.931 Y106.828
G1 F3000 X100.068 Y105.987 E569.2262
G0 F9000 X99.85 Y105.987
G0 X96.857 Y92.904
G0 X96.807 Y92.5
G0 X97.15 Y90.944
G0 X96.93 Y90.944
G1 F3000 X97.671 Y88.179 E569.32141
G0 F9000 X97.671 Y88.4
G0 X97.15 Y89.074
G0 X96.93 Y89.074
G1 F3000 X98.438 Y90.582 E569.39235
G0 F9000 X98.438 Y90.359
G0 X97.15 Y90.264
G0 X96.93 Y90.264
G1 F3000 X100.069 Y89.423 E569.50043
G0 F9000 X99.55 Y89.423
G1 F2700 E564.50043
G0 F9000 X100.129 Y92.192
G0 X100.33 Y94.13
G0 X101.415 Y94.13
G0 X114.335 Y94.13
G0 X115.42 Y94.13
G0 X118.2 Y94.13
G0 X118.271 Y93.841
;TYPE:WALL-INNER
G1 F2700 E569.50043
G1 F1500 X117.843 Y93.735 E569.5151
G1 X117.448 Y93.529 E569.52991
G1 X117.109 Y93.226 E569.54504
G1 X116.857 Y92.861 E569.55979
G1 X116.7 Y92.445 E569.57458
G1 X116.651 Y92 E569.58947
G1 X116.699 Y91.558 E569.60425
G1 X116.857 Y91.139 E569.61915
G1 X117.109 Y90.774 E569.6339
G1 X117.449 Y90.47 E569.64907
G1 X117.847 Y90.264 E569.66398
G1 X118.244 Y90.167 E569.67757
G1 X118.723 Y90.158 E569.6935
G1 X119.155 Y90.265 E569.70831
G1 X119.554 Y90.473 E569.72327
G1 X119.891 Y90.774 E569.7383
G1 X120.142 Y91.137 E569.75298
G1 X120.302 Y91.561 E569.76805
G1 X120.35 Y92 E569.78274
G1 X120.302 Y92.437 E569.79736
G1 X120.142 Y92.862 E569.81247
G1 X119.89 Y93.227 E569.82722
G1 X119.554 Y93.526 E569.84218
G1 X119.162 Y93.732 E569.85691
G1 X118.735 Y93.84 E569.87156
G1 X118.271 Y93.841 E569.88699
G1 F2700 E564.88699
G0 F9000 X118.2 Y94.13
G0 X116.404 Y127.008
G0 X116.466 Y127.501
G0 X116.644 Y127.973
G0 X116.932 Y128.389
G0 X117.273 Y128.691
G0 X118.206 Y129.132
G0 X118.277 Y128.843
G1 F2700 E569.88699
G1 F1500 X117.845 Y128.735 E569.9018
G1 X117.449 Y128.53 E569.91663
G1 X117.109 Y128.226 E569.9318
G1 X116.857 Y127.862 E569.94652
G1 X116.7 Y127.447 E569.96128
G1 X116.646 Y127.004 E569.97613
G1 X116.697 Y126.562 E569.99092
G1 X116.856 Y126.14 E570.00592
G1 X117.109 Y125.774 E570.02072
G1 X117.448 Y125.471 E570.03584
G1 X117.843 Y125.265 E570.05066
G1 X118.272 Y125.159 E570.06536
G1 X118.727 Y125.159 E570.08049
G1 X119.157 Y125.265 E570.09522
G1 X119.555 Y125.474 E570.11017
G1 X119.891 Y125.774 E570.12516
G1 X120.142 Y126.137 E570.13983
G1 X120.302 Y126.561 E570.15491
G1 X120.35 Y127 E570.1696
G1 X120.302 Y127.437 E570.18422
G1 X120.142 Y127.862 E570.19932
G1 X119.89 Y128.227 E570.21407
G1 X119.553 Y128.527 E570.22908
G1 X119.154 Y128.735 E570.24405
G1 X118.762 Y128.832 E570.25748
G1 X118.277 Y128.843 E570.27361
G0 F9000 X118.206 Y129.132
G0 X115.87 Y131.13
G0 X115.601 Y131.399
G1 F1500 X121.4 Y131.4 E570.46649
G1 X121.4 Y87.6 E571.92328
G1 X115.601 Y87.601 E572.11616
G1 X115.601 Y131.399 E573.57289
G0 F9000 X115.201 Y131.799
;TYPE:WALL-OUTER
G1 F1500 X121.8 Y131.8 E573.79237
G1 X121.8 Y87.2 E575.27577
G1 X115.201 Y87.201 E575.49525
G1 X115.201 Y131.799 E576.97859
G1 F2700 E571.97859
G0 F9000 X115.47 Y131.53
G0 X118.132 Y129.114
G0 X118.298 Y128.436
G1 F2700 E576.97859
G1 F1500 X118.008 Y128.364 E576.98853
G1 X117.657 Y128.18 E577.00171
G1 X117.4 Y127.943 E577.01334
G1 X117.206 Y127.653 E577.02494
G1 X117.089 Y127.334 E577.03624
G1 X117.051 Y127.005 E577.04726
G1 X117.087 Y126.678 E577.0582
G1 X117.206 Y126.346 E577.06993
G1 X117.4 Y126.057 E577.08151
G1 X117.657 Y125.82 E577.09314
G1 X118.008 Y125.636 E577.10632
G1 X118.299 Y125.564 E577.11629
G1 X118.7 Y125.564 E577.12962
G1 X118.992 Y125.636 E577.13963
G1 X119.343 Y125.82 E577.15281
G1 X119.6 Y126.057 E577.16444
G1 X119.794 Y126.347 E577.17604
G1 X119.912 Y126.677 E577.1877
G1 X119.95 Y127 E577.19851
G1 X119.911 Y127.334 E577.2097
G1 X119.771 Y127.697 E577.22264
G1 X119.6 Y127.943 E577.2326
G1 X119.301 Y128.208 E577.24589
G1 X118.993 Y128.363 E577.25736
G1 X118.693 Y128.438 E577.26764
G1 X118.298 Y128.436 E577.28078
G1 F2700 E572.28078
G0 F9000 X118.132 Y129.114
G0 X117.311 Y128.724
G0 X116.932 Y128.389
G0 X116.644 Y127.973
G0 X116.466 Y127.501
G0 X116.431 Y127.221
G0 X118.132 Y94.114
G0 X118.298 Y93.436
G1 F2700 E577.28078
G1 F1500 X118.008 Y93.364 E577.29072
G1 X117.657 Y93.18 E577.3039
G1 X117.4 Y92.943 E577.31553
G1 X117.206 Y92.653 E577.32713
G1 X117.089 Y92.334 E577.33844
G1 X117.051 Y92 E577.34962
G1 X117.099 Y91.63 E577.36203
G1 X117.229 Y91.303 E577.37373
G1 X117.431 Y91.022 E577.38524
G1 X117.698 Y90.792 E577.39696
G1 X118.008 Y90.636 E577.4085
G1 X118.313 Y90.561 E577.41895
G1 X118.701 Y90.564 E577.43186
G1 X118.992 Y90.636 E577.44183
G1 X119.343 Y90.82 E577.45501
G1 X119.6 Y91.057 E577.46663
G1 X119.794 Y91.347 E577.47824
G1 X119.912 Y91.677 E577.4899
G1 X119.95 Y92 E577.50071
G1 X119.911 Y92.334 E577.5119
G1 X119.771 Y92.697 E577.52484
G1 X119.6 Y92.943 E577.5348
G1 X119.301 Y93.208 E577.54809
G1 X119.037 Y93.346 E577.558
G1 X118.659 Y93.44 E577.57095
G1 X118.298 Y93.436 E577.58296
G0 F9000 X118.746 Y93.92
;TYPE:FILL
G1 F3000 X121.319 Y96.493 E577.70399
G0 F9000 X121.318 Y96.152
G1 F3000 X115.68 Y97.663 E577.89813
G0 F9000 X115.68 Y98.241
G1 F3000 X117.021 Y93.239 E578.07037
G1 X116.977 Y93.174
G1 X115.681 Y93.522 E578.115
G0 F9000 X115.9 Y93.522
G0 X116.375 Y91.742
G0 X116.594 Y91.768
G1 F3000 X115.679 Y90.853 E578.15804
G0 F9000 X115.9 Y90.853
G0 X115.9 Y89.381
G0 X115.68 Y89.381
G1 F3000 X121.318 Y87.87 E578.35218
G0 F9000 X121.1 Y87.87
G0 X118.511 Y87.9
G0 X118.511 Y87.679
G1 F3000 X117.84 Y90.183 E578.4384
G0 F9000 X117.789 Y89.97
G0 X118.164 Y87.9
G0 X118.164 Y87.681
G1 F3000 X121.319 Y90.836 E578.5868
G0 F9000 X121.1 Y90.836
G0 X121.1 Y92.011
G0 X121.318 Y92.011
G1 F3000 X120.402 Y92.257 E578.61835
G0 F9000 X121.319 Y92.652
G1 F3000 X115.68 Y113.696 E579.34297
G0 F9000 X115.68 Y113.481
G1 F3000 X121.319 Y119.12 E579.60821
G0 F9000 X121.1 Y119.12
G0 X121.1 Y120.999
G0 X121.318 Y120.999
G1 F3000 X115.68 Y122.51 E579.80235
G0 F9000 X115.9 Y122.51
G0 X115.9 Y124.795
G0 X115.68 Y124.795
G1 F3000 X116.868 Y125.983 E579.85823
G0 F9000 X116.677 Y126.384
G1 F3000 X115.68 Y126.651 E579.89255
G0 F9000 X115.9 Y126.651
G0 X115.9 Y129.15
G0 X115.681 Y129.15
G1 F3000 X121.319 Y108.107 E580.61713
G0 F9000 X121.319 Y107.806
G1 F3000 X115.679 Y102.167 E580.8824
G0 F9000 X115.68 Y101.804
G1 F3000 X121.318 Y100.293 E581.07654
G0 F9000 X121.1 Y100.293
G0 X121.1 Y102.15
G0 X121.319 Y102.15
G1 F3000 X115.679 Y96.51 E581.34182
G0 F9000 X115.9 Y96.51
G0 X115.9 Y105.945
G0 X115.68 Y105.945
G1 F3000 X121.318 Y104.434 E581.53596
G0 F9000 X121.1 Y104.434
G0 X121.1 Y108.575
G0 X121.319 Y108.575
G1 F3000 X115.68 Y110.086 E581.73013
G0 F9000 X115.9 Y110.086
G0 X115.9 Y107.823
G0 X115.679 Y107.823
G1 F3000 X121.319 Y113.463 E581.99542
G0 F9000 X121.319 Y112.717
G1 F3000 X115.681 Y114.227 E582.18955
G0 F9000 X115.9 Y114.227
G0 X115.9 Y118.368
G0 X115.68 Y118.368
G1 F3000 X121.318 Y116.858 E582.38368
G0 F9000 X121.1 Y116.858
G0 X115.9 Y119.138
G0 X115.68 Y119.138
G1 F3000 X121.319 Y124.777 E582.64892
G0 F9000 X121.319 Y125.14
G1 F3000 X119.766 Y125.556 E582.7024
G0 F9000 X119.912 Y125.391
G0 X120.272 Y125.906
G0 X120.644 Y126.891
G0 X120.42 Y126.916
G1 F3000 X121.319 Y123.562 E582.81789
G0 F9000 X121.1 Y123.562
G0 X120.535 Y127.501
G0 X120.304 Y128.154
G0 X120.122 Y128.028
G1 F3000 X119.241 Y131.319 E582.9312
G0 F9000 X119.241 Y131.1
G0 X121.1 Y130.434
G0 X121.319 Y130.434
G1 F3000 X119.52 Y128.635 E583.01582
G0 F9000 X119.621 Y128.829
G0 X121.1 Y129.281
G0 X121.319 Y129.281
G1 F3000 X115.681 Y130.792 E583.20996
G0 F9000 X115.68 Y130.452
G1 F3000 X116.546 Y131.318 E583.25069
G0 F9000 X116.546 Y130.8
G1 F2700 E578.25069
G0 F9000 X116.857 Y126.596
G0 X121.58 Y112.13
G0 X122.665 Y112.13
G0 X135.585 Y112.13
G0 X136.67 Y112.13
G0 X137.12 Y112.13
G0 X136.851 Y112.399
;TYPE:WALL-INNER
G1 F2700 E583.25069
G1 F1500 X140.15 Y112.4 E583.36042
G1 X140.15 Y108.852 E583.47842
G1 X139.887 Y109.229 E583.49371
G1 X139.55 Y109.53 E583.50874
G1 X139.151 Y109.737 E583.52369
G1 X138.72 Y109.837 E583.53841
G1 X138.28 Y109.838 E583.55304
G1 X137.849 Y109.737 E583.56777
G1 X137.451 Y109.532 E583.58266
G1 X137.114 Y109.231 E583.59769
G1 X136.85 Y108.852 E583.61305
G1 X136.851 Y112.399 E583.73102
G0 F9000 X137.12 Y112.13
G0 X136.807 Y108
G0 X137.09 Y106.467
G0 X136.85 Y107.148
G1 F1500 X137.114 Y106.768 E583.74641
G1 X137.449 Y106.47 E583.76132
G1 X137.848 Y106.263 E583.77627
G1 X138.276 Y106.163 E583.79089
G1 X138.721 Y106.162 E583.80569
G1 X139.152 Y106.263 E583.82042
G1 X139.549 Y106.47 E583.83531
G1 X139.887 Y106.77 E583.85034
G1 X140.15 Y107.148 E583.86566
G1 X140.15 Y103.6 E583.98366
G1 X136.851 Y103.601 E584.09339
G1 X136.85 Y107.148 E584.21136
G1 F2700 E579.21136
G0 F9000 X137.09 Y106.467
G0 X136.807 Y108
G0 X136.857 Y108.404
G0 X137.842 Y110.043
G0 X138.008 Y109.364
;TYPE:WALL-OUTER
G1 F2700 E584.21136
G1 F1500 X137.657 Y109.18 E584.22454
G1 X137.4 Y108.943 E584.23617
G1 X137.229 Y108.697 E584.24614
G1 F1304.3 X137.028 Y108.33 E584.26214
G1 F1174.2 X137.001 Y107.97 E584.27748
G1 X137.028 Y107.67 E584.29028
G1 F1304.3 X137.229 Y107.303 E584.30628
G1 F1500 X137.431 Y107.022 E584.31779
G1 X137.658 Y106.82 E584.3279
G1 X138.007 Y106.637 E584.34101
G1 X138.32 Y106.561 E584.35172
G1 X138.676 Y106.56 E584.36356
G1 X138.992 Y106.636 E584.37437
G1 X139.302 Y106.792 E584.38591
G1 X139.6 Y107.057 E584.39918
G1 X139.771 Y107.303 E584.40914
G1 F1304.3 X139.972 Y107.669 E584.42511
G1 F1176.5 X140 Y107.994 E584.43895
G1 X139.972 Y108.343 E584.45379
G1 F1304.3 X139.771 Y108.697 E584.46936
G1 F1500 X139.569 Y108.978 E584.48087
G1 X139.302 Y109.208 E584.49259
G1 X138.992 Y109.364 E584.50414
G1 X138.675 Y109.44 E584.51498
G1 X138.325 Y109.44 E584.52662
G1 X138.008 Y109.364 E584.53746
G1 F2700 E579.53746
G0 F9000 X137.842 Y110.043
G0 X136.72 Y112.53
G0 X136.451 Y112.799
G1 F2700 E584.53746
G1 F1500 X140.55 Y112.8 E584.6738
G1 X140.55 Y108.792 E584.8071
G1 F1304.3 X140.49 Y108.388 E584.82272
G1 F1176.5 X140.5 Y107.994 E584.83944
G1 X140.49 Y107.638 E584.85454
G1 F1304.3 X140.55 Y107.209 E584.87111
G1 F1500 X140.55 Y103.2 E585.00445
G1 X136.451 Y103.201 E585.14078
G1 X136.45 Y107.209 E585.27409
G1 F1304.3 X136.51 Y107.639 E585.2907
G1 F1176.5 X136.5 Y108 E585.30601
G1 X136.51 Y108.361 E585.32133
G1 F1304.3 X136.45 Y108.791 E585.33793
G1 F1500 X136.451 Y112.799 E585.47124
G0 F9000 X136.93 Y112.104
;TYPE:FILL
G1 F3000 X137.145 Y112.318 E585.48133
G0 F9000 X136.93 Y111.665
G1 F3000 X137.474 Y109.634 E585.55126
G0 F9000 X137.373 Y109.825
G0 X138.248 Y110.08
G0 X138.752 Y110.08
G0 X139.243 Y109.96
G0 X139.496 Y109.826
G0 X139.9 Y109.534
G0 X139.851 Y109.368
G1 F3000 X140.069 Y109.585 E585.56149
G0 F9000 X139.85 Y109.585
G0 X139.85 Y111.834
G0 X140.068 Y111.834
G1 F3000 X138.257 Y112.319 E585.62385
G0 F9000 X138.257 Y112.1
G0 X136.857 Y108.404
G0 X136.812 Y108.04
G0 X137.09 Y106.467
G0 X137.129 Y106.646
G1 F3000 X136.93 Y106.447 E585.63321
G0 F9000 X137.15 Y106.447
G0 X137.564 Y106.142
G0 X138.426 Y105.859
G0 X138.426 Y106.083
G1 F3000 X139.07 Y103.678 E585.71602
G0 F9000 X139.593 Y103.679
G1 F3000 X136.93 Y104.392 E585.80771
G0 F9000 X137.15 Y104.392
G0 X139.821 Y103.9
G0 X139.821 Y103.68
G1 F3000 X140.069 Y103.929 E585.8194
G0 F9000 X139.55 Y104.2
G1 F2700 E580.8194
;MESH:NONMESH
G0 F300 X139.55 Y104.2 Z2.4
G0 F9000 X136.664 Y103.414
G0 X135.585 Y103.414
G0 X122.653 Y86.347
G0 X114.347 Y86.347
G0 X95.597 Y86.847
G0 X84.415 Y103.414
G0 X83.33 Y103.414
G0 X83.193 Y93
G0 X82.91 Y91.467
G0 X83.15 Y92.148
;TIME_ELAPSED:1022.977109
;LAYER:11
;TYPE:WALL-INNER
;MESH:Spacers.stl
G1 F2700 E585.8194
G1 F1500 X83.15 Y88.6 E585.9374
G1 X79.851 Y88.601 E586.04713
G1 X79.85 Y92.148 E586.1651
G1 X80.114 Y91.768 E586.18049
G1 X80.452 Y91.468 E586.19552
G1 X80.849 Y91.263 E586.21038
G1 X81.28 Y91.162 E586.22511
G1 X81.72 Y91.163 E586.23974
G1 X82.151 Y91.263 E586.25446
G1 X82.549 Y91.47 E586.26938
G1 X82.887 Y91.77 E586.28441
G1 X83.15 Y92.148 E586.29973
G1 F2700 E581.29973
G0 F9000 X82.91 Y91.467
G0 X83.165 Y92.847
G0 X82.91 Y126.467
G0 X83.15 Y127.148
G1 F2700 E586.29973
G1 F1500 X83.15 Y93.852 E587.40716
G1 X82.887 Y94.229 E587.42245
G1 X82.55 Y94.53 E587.43747
G1 X82.155 Y94.736 E587.45229
G1 X81.727 Y94.841 E587.46695
G1 X81.272 Y94.841 E587.48208
G1 X80.846 Y94.736 E587.49667
G1 X80.451 Y94.531 E587.51148
G1 X80.114 Y94.232 E587.52646
G1 X79.85 Y93.852 E587.54185
G1 X79.85 Y127.148 E588.64928
G1 X80.114 Y126.768 E588.66467
G1 X80.451 Y126.468 E588.67968
G1 X80.846 Y126.264 E588.69446
G1 X81.272 Y126.159 E588.70906
G1 X81.727 Y126.159 E588.72419
G1 X82.155 Y126.264 E588.73885
G1 X82.55 Y126.47 E588.75366
G1 X82.887 Y126.771 E588.76869
G1 X83.15 Y127.148 E588.78398
G0 F9000 X82.91 Y126.467
G0 X83.165 Y127.847
G0 X82.88 Y132.13
G0 X83.15 Y132.4
G1 F1500 X83.15 Y128.852 E588.90199
G1 X82.887 Y129.229 E588.91728
G1 X82.55 Y129.53 E588.9323
G1 X82.151 Y129.737 E588.94726
G1 X81.72 Y129.837 E588.96197
G1 X81.28 Y129.838 E588.97661
G1 X80.849 Y129.737 E588.99133
G1 X80.451 Y129.532 E589.00622
G1 X80.114 Y129.231 E589.02125
G1 X79.85 Y128.852 E589.03661
G1 X79.851 Y132.399 E589.15458
G1 X83.15 Y132.4 E589.26431
G0 F9000 X83.55 Y132.8
;TYPE:WALL-OUTER
G1 F1500 X83.55 Y128.791 E589.39765
G1 F1304.3 X83.49 Y128.389 E589.4132
G1 F1176.5 X83.5 Y128 E589.4297
G1 X83.49 Y127.639 E589.44501
G1 F1304.3 X83.55 Y127.209 E589.46162
G1 F1500 X83.55 Y93.791 E590.57311
G1 F1304.3 X83.49 Y93.389 E590.58865
G1 F1176.5 X83.5 Y93 E590.60515
G1 X83.49 Y92.639 E590.62047
G1 F1304.3 X83.55 Y92.209 E590.63707
G1 F1500 X83.55 Y88.2 E590.77041
G1 X79.451 Y88.201 E590.90675
G1 X79.45 Y92.209 E591.04005
G1 F1304.3 X79.51 Y92.639 E591.05666
G1 F1176.5 X79.5 Y93 E591.07198
G1 X79.51 Y93.361 E591.08729
G1 F1304.3 X79.45 Y93.791 E591.1039
G1 F1500 X79.45 Y127.209 E592.21538
G1 F1304.3 X79.51 Y127.639 E592.23199
G1 F1176.5 X79.5 Y128 E592.24731
G1 X79.51 Y128.361 E592.26262
G1 F1304.3 X79.45 Y128.791 E592.27923
G1 F1500 X79.451 Y132.799 E592.41253
G1 X83.55 Y132.8 E592.54887
G1 F2700 E587.54887
G0 F9000 X83.28 Y132.53
G0 X82.157 Y130.044
G0 X81.992 Y129.364
G1 F2700 E592.54887
G1 F1500 X81.675 Y129.44 E592.55971
G1 X81.325 Y129.44 E592.57135
G1 X81.008 Y129.364 E592.58219
G1 X80.657 Y129.18 E592.59537
G1 X80.4 Y128.943 E592.607
G1 X80.229 Y128.697 E592.61697
G1 F1304.3 X80.028 Y128.33 E592.63297
G1 F1174.2 X80.001 Y127.97 E592.64831
G1 X80.028 Y127.67 E592.66111
G1 F1304.3 X80.229 Y127.303 E592.67711
G1 F1500 X80.431 Y127.022 E592.68862
G1 X80.698 Y126.792 E592.70034
G1 X81.008 Y126.636 E592.71189
G1 X81.348 Y126.559 E592.72348
G1 X81.7 Y126.564 E592.73519
G1 X81.992 Y126.636 E592.74519
G1 X82.302 Y126.792 E592.75674
G1 X82.569 Y127.022 E592.76846
G1 X82.771 Y127.303 E592.77997
G1 F1304.3 X82.972 Y127.67 E592.79597
G1 F1176.5 X83 Y128 E592.81002
G1 X82.971 Y128.344 E592.82466
G1 F1304.3 X82.771 Y128.697 E592.84017
G1 F1500 X82.569 Y128.978 E592.85169
G1 X82.302 Y129.208 E592.86341
G1 X81.992 Y129.364 E592.87495
G1 F2700 E587.87495
G0 F9000 X82.157 Y130.044
G0 X82.999 Y128.786
G0 X83.143 Y128.404
G0 X81.865 Y95.115
G0 X81.7 Y94.436
G1 F2700 E592.87495
G1 F1500 X81.299 Y94.436 E592.88829
G1 X81.008 Y94.364 E592.89826
G1 X80.657 Y94.18 E592.91144
G1 X80.4 Y93.943 E592.92307
G1 X80.229 Y93.697 E592.93303
G1 F1304.3 X80.028 Y93.33 E592.94903
G1 F1174.2 X80.001 Y92.97 E592.96437
G1 X80.028 Y92.67 E592.97717
G1 F1304.3 X80.229 Y92.303 E592.99318
G1 F1500 X80.431 Y92.022 E593.00469
G1 X80.698 Y91.792 E593.01641
G1 X81.008 Y91.636 E593.02795
G1 X81.325 Y91.56 E593.03879
G1 X81.675 Y91.56 E593.05043
G1 X81.992 Y91.636 E593.06128
G1 X82.302 Y91.792 E593.07282
G1 X82.569 Y92.022 E593.08454
G1 X82.771 Y92.303 E593.09605
G1 F1304.3 X82.972 Y92.67 E593.11206
G1 F1176.5 X83 Y93 E593.1261
G1 X82.971 Y93.344 E593.14074
G1 F1304.3 X82.771 Y93.697 E593.15626
G1 F1500 X82.569 Y93.978 E593.16777
G1 X82.302 Y94.208 E593.17949
G1 X81.992 Y94.364 E593.19103
G1 X81.7 Y94.436 E593.20104
G0 F9000 X81.865 Y95.115
G0 X80.609 Y94.95
G0 X80.711 Y94.757
;TYPE:FILL
G1 F3000 X79.93 Y94.966 E593.22793
G0 F9000 X79.93 Y94.501
G1 F3000 X83.07 Y97.64 E593.3756
G0 F9000 X83.068 Y98.266
G1 F3000 X79.93 Y99.107 E593.48365
G0 F9000 X80.15 Y99.107
G0 X80.15 Y100.158
G0 X79.93 Y100.158
G1 F3000 X83.07 Y103.297 E593.63132
G0 F9000 X83.068 Y102.407
G1 F3000 X79.93 Y103.248 E593.73938
G0 F9000 X80.15 Y103.248
G0 X80.15 Y105.814
G0 X79.93 Y105.814
G1 F3000 X83.07 Y108.954 E593.88707
G0 F9000 X82.85 Y108.954
G0 X82.85 Y110.689
G0 X83.069 Y110.689
G1 F3000 X79.93 Y111.53 E593.99516
G1 X79.93 Y111.471
G1 X83.07 Y114.611 E594.14286
G0 F9000 X83.068 Y114.83
G1 F3000 X79.93 Y115.671 E594.25091
G0 F9000 X80.15 Y115.671
G0 X80.15 Y117.128
G0 X79.93 Y117.128
G1 F3000 X83.07 Y120.268 E594.3986
G0 F9000 X82.85 Y120.268
G0 X82.85 Y118.972
G0 X83.068 Y118.972
G1 F3000 X79.93 Y119.813 E594.50666
G0 F9000 X80.15 Y119.813
G0 X80.15 Y122.785
G0 X79.93 Y122.785
G1 F3000 X83.07 Y125.925 E594.65435
G0 F9000 X82.85 Y125.925
G0 X82.85 Y123.113
G0 X83.069 Y123.113
G1 F3000 X79.93 Y123.954 E594.76244
G0 F9000 X80.15 Y123.954
G0 X80.15 Y122.932
G0 X79.93 Y122.932
G1 F3000 X83.069 Y111.216 E595.16586
G0 F9000 X82.85 Y111.216
G0 X82.85 Y106.548
G0 X83.069 Y106.548
G1 F3000 X79.93 Y107.389 E595.27395
G1 X79.93 Y107.476
G1 X83.069 Y95.761 E595.67733
G0 F9000 X82.85 Y95.761
G0 X83.193 Y93
G0 X83.148 Y92.636
G0 X82.472 Y91.093
G0 X82.371 Y91.285
G1 F3000 X79.93 Y88.844 E595.79215
G0 F9000 X80.826 Y88.68
G1 F3000 X80.023 Y91.675 E595.89528
G0 F9000 X79.93 Y90.825
G1 F3000 X83.069 Y89.984 E596.00337
G1 F2700 E591.00337
G0 F9000 X82.85 Y89.984
G0 X83.193 Y93
G0 X83.193 Y128
G0 X83.143 Y128.404
G0 X82.337 Y129.979
G0 X82.235 Y129.783
G1 F2700 E596.00337
G1 F3000 X81.556 Y132.319 E596.09069
G0 F9000 X81.556 Y132.1
G0 X80.12 Y132.13
G0 X79.93 Y132.236
G1 F3000 X83.069 Y131.395 E596.19877
G1 X83.069 Y131.581
G1 X81.404 Y129.916 E596.27709
G0 F9000 X81.404 Y130.441
G1 F2700 E591.27709
G0 F9000 X83.33 Y131.63
G0 X84.415 Y131.63
G0 X95.585 Y131.63
G0 X96.67 Y131.63
G0 X99.88 Y131.63
G0 X100.15 Y131.9
;TYPE:WALL-INNER
G1 F2700 E596.27709
G1 F1500 X100.15 Y128.352 E596.3951
G1 X99.887 Y128.729 E596.41038
G1 X99.55 Y129.03 E596.42541
G1 X99.151 Y129.237 E596.44036
G1 X98.72 Y129.337 E596.45508
G1 X98.28 Y129.338 E596.46971
G1 X97.849 Y129.237 E596.48444
G1 X97.451 Y129.032 E596.49933
G1 X97.114 Y128.731 E596.51436
G1 X96.85 Y128.352 E596.52972
G1 X96.851 Y131.899 E596.64769
G1 X100.15 Y131.9 E596.75742
G0 F9000 X99.88 Y131.63
G0 X100.193 Y127.5
G0 X99.91 Y125.967
G0 X100.15 Y126.648
G1 F1500 X100.15 Y93.352 E597.86485
G1 X99.887 Y93.729 E597.88014
G1 X99.55 Y94.03 E597.89516
G1 X99.155 Y94.236 E597.90998
G1 X98.727 Y94.341 E597.92464
G1 X98.272 Y94.341 E597.93977
G1 X97.846 Y94.236 E597.95437
G1 X97.451 Y94.031 E597.96917
G1 X97.114 Y93.732 E597.98415
G1 X96.85 Y93.352 E597.99954
G1 X96.85 Y126.648 E599.10697
G1 X97.114 Y126.268 E599.12236
G1 X97.451 Y125.968 E599.13737
G1 X97.846 Y125.764 E599.15215
G1 X98.272 Y125.659 E599.16675
G1 X98.727 Y125.659 E599.18188
G1 X99.155 Y125.764 E599.19654
G1 X99.55 Y125.97 E599.21135
G1 X99.887 Y126.271 E599.22638
G1 X100.15 Y126.648 E599.24167
G1 F2700 E594.24167
G0 F9000 X99.91 Y125.967
G0 X100.193 Y92.5
G0 X99.91 Y90.967
G0 X100.15 Y91.648
G1 F2700 E599.24167
G1 F1500 X100.15 Y88.1 E599.35968
G1 X96.851 Y88.101 E599.4694
G1 X96.85 Y91.648 E599.58738
G1 X97.114 Y91.268 E599.60277
G1 X97.452 Y90.968 E599.6178
G1 X97.849 Y90.763 E599.63266
G1 X98.28 Y90.662 E599.64738
G1 X98.72 Y90.663 E599.66202
G1 X99.151 Y90.763 E599.67673
G1 X99.549 Y90.97 E599.69165
G1 X99.887 Y91.27 E599.70668
G1 X100.15 Y91.648 E599.722
G1 F2700 E594.722
G0 F9000 X99.91 Y90.967
G0 X100.193 Y92.5
G0 X100.143 Y92.904
G0 X99.999 Y93.286
G0 X98.865 Y94.615
G0 X98.7 Y93.936
;TYPE:WALL-OUTER
G1 F2700 E599.722
G1 F1500 X98.299 Y93.936 E599.73534
G1 X98.008 Y93.864 E599.74531
G1 X97.657 Y93.68 E599.75849
G1 X97.4 Y93.443 E599.77012
G1 X97.229 Y93.197 E599.78008
G1 F1304.3 X97.028 Y92.83 E599.79609
G1 F1174.2 X97.001 Y92.47 E599.81143
G1 X97.028 Y92.17 E599.82422
G1 F1304.3 X97.229 Y91.803 E599.84023
G1 F1500 X97.431 Y91.522 E599.85174
G1 X97.698 Y91.292 E599.86346
G1 X98.008 Y91.136 E599.875
G1 X98.325 Y91.06 E599.88585
G1 X98.675 Y91.06 E599.89749
G1 X98.992 Y91.136 E599.90833
G1 X99.302 Y91.292 E599.91987
G1 X99.569 Y91.522 E599.93159
G1 X99.771 Y91.803 E599.9431
G1 F1304.3 X99.972 Y92.17 E599.95911
G1 F1176.5 X100 Y92.5 E599.97315
G1 X99.971 Y92.844 E599.98779
G1 F1304.3 X99.771 Y93.197 E600.00331
G1 F1500 X99.569 Y93.478 E600.01482
G1 X99.302 Y93.708 E600.02654
G1 X98.992 Y93.864 E600.03808
G1 X98.7 Y93.936 E600.04809
G1 F2700 E595.04809
G0 F9000 X98.865 Y94.615
G0 X100.193 Y127.5
G0 X100.143 Y127.904
G0 X99.999 Y128.286
G0 X98.675 Y129.641
G0 X98.675 Y128.94
G1 F2700 E600.04809
G1 F1500 X98.325 Y128.94 E600.05973
G1 X98.008 Y128.864 E600.07057
G1 X97.657 Y128.68 E600.08375
G1 X97.4 Y128.443 E600.09538
G1 X97.229 Y128.197 E600.10534
G1 F1304.3 X97.028 Y127.83 E600.12135
G1 F1174.2 X97.001 Y127.47 E600.13669
G1 X97.028 Y127.17 E600.14949
G1 F1304.3 X97.229 Y126.803 E600.16549
G1 F1500 X97.431 Y126.522 E600.177
G1 X97.698 Y126.292 E600.18872
G1 X98.008 Y126.136 E600.20027
G1 X98.299 Y126.064 E600.21024
G1 X98.7 Y126.064 E600.22357
G1 X98.992 Y126.136 E600.23358
G1 X99.302 Y126.292 E600.24512
G1 X99.569 Y126.522 E600.25684
G1 X99.771 Y126.803 E600.26835
G1 F1304.3 X99.972 Y127.17 E600.28435
G1 F1176.5 X100 Y127.5 E600.2984
G1 X99.971 Y127.844 E600.31304
G1 F1304.3 X99.771 Y128.197 E600.32856
G1 F1500 X99.569 Y128.478 E600.34007
G1 X99.302 Y128.708 E600.35179
G1 X98.992 Y128.864 E600.36333
G1 X98.675 Y128.94 E600.37417
G1 F2700 E595.37417
G0 F9000 X98.675 Y129.641
G0 X100.28 Y132.03
G0 X100.55 Y132.3
G1 F2700 E600.37417
G1 F1500 X100.55 Y128.291 E600.50751
G1 F1304.3 X100.49 Y127.889 E600.52306
G1 F1176.5 X100.5 Y127.5 E600.53956
G1 X100.49 Y127.139 E600.55488
G1 F1304.3 X100.55 Y126.709 E600.57148
G1 F1500 X100.55 Y93.291 E601.68297
G1 F1304.3 X100.49 Y92.889 E601.69852
G1 F1176.5 X100.5 Y92.5 E601.71502
G1 X100.49 Y92.139 E601.73033
G1 F1304.3 X100.55 Y91.709 E601.74694
G1 F1500 X100.55 Y87.7 E601.88028
G1 X96.451 Y87.701 E602.01661
G1 X96.45 Y91.709 E602.14992
G1 F1304.3 X96.51 Y92.139 E602.16653
G1 F1176.5 X96.5 Y92.5 E602.18184
G1 X96.51 Y92.861 E602.19715
G1 F1304.3 X96.45 Y93.291 E602.21376
G1 F1500 X96.45 Y126.709 E603.32525
G1 F1304.3 X96.51 Y127.139 E603.34185
G1 F1176.5 X96.5 Y127.5 E603.35717
G1 X96.51 Y127.861 E603.37248
G1 F1304.3 X96.45 Y128.291 E603.38909
G1 F1500 X96.451 Y132.299 E603.5224
G1 X100.55 Y132.3 E603.65873
G0 F9000 X100.07 Y131.611
;TYPE:FILL
G1 F3000 X97.72 Y129.261 E603.76927
G0 F9000 X97.618 Y129.454
G0 X97.975 Y129.525
G0 X98.962 Y129.591
G0 X98.91 Y129.373
G1 F3000 X98.254 Y131.818 E603.85346
G0 F9000 X98.254 Y131.6
G0 X97.12 Y131.63
G0 X96.944 Y131.818
G1 F3000 X100.068 Y130.981 E603.96103
G0 F9000 X99.85 Y130.981
G0 X100.193 Y127.5
G0 X99.938 Y125.914
G0 X99.792 Y126.079
G1 F3000 X100.069 Y125.046 E603.99661
G0 F9000 X100.069 Y125.954
G1 F3000 X96.93 Y122.814 E604.14428
G0 F9000 X96.931 Y123.539
G1 F3000 X100.068 Y122.699 E604.25229
G0 F9000 X99.85 Y122.699
G0 X99.85 Y120.297
G0 X100.069 Y120.297
G1 F3000 X96.93 Y117.157 E604.39996
G0 F9000 X97.15 Y117.157
G0 X97.15 Y115.257
G0 X96.931 Y115.257
G1 F3000 X100.069 Y114.416 E604.50802
G0 F9000 X100.069 Y114.64
G1 F3000 X96.93 Y111.5 E604.65569
G0 F9000 X96.93 Y111.116
G1 F3000 X100.069 Y110.275 E604.76378
G0 F9000 X100.069 Y109.592
G1 F3000 X96.931 Y121.303 E605.16703
G0 F9000 X97.15 Y121.303
G0 X97.15 Y119.398
G0 X96.931 Y119.398
G1 F3000 X100.068 Y118.558 E605.27504
G0 F9000 X99.85 Y118.558
G0 X99.85 Y108.983
G0 X100.069 Y108.983
G1 F3000 X96.93 Y105.843 E605.42271
G1 X96.931 Y105.849
G1 X100.069 Y94.136 E605.82603
G0 F9000 X99.85 Y94.136
G0 X99.243 Y94.46
G0 X98.801 Y94.568
G0 X97.774 Y94.526
G0 X97.826 Y94.312
G1 F3000 X96.931 Y94.552 E605.85684
G1 X96.93 Y94.53
G1 X100.069 Y97.669 E606.00449
G1 X100.068 Y97.852
G1 X96.931 Y98.693 E606.11252
G0 F9000 X97.15 Y98.693
G0 X97.15 Y100.187
G0 X96.93 Y100.187
G1 F3000 X100.069 Y103.326 E606.26016
G0 F9000 X99.85 Y103.326
G0 X99.85 Y101.993
G0 X100.068 Y101.993
G1 F3000 X96.931 Y102.834 E606.36819
G0 F9000 X97.15 Y102.834
G0 X97.15 Y106.975
G0 X96.931 Y106.975
G1 F3000 X100.068 Y106.134 E606.47621
G0 F9000 X99.85 Y106.134
G0 X100.193 Y92.5
G0 X100.143 Y92.096
G0 X99.999 Y91.714
G0 X98.639 Y90.359
G0 X98.639 Y90.583
G1 F3000 X96.93 Y88.873 E606.55662
G0 F9000 X97.524 Y88.179
G1 F3000 X96.93 Y90.395 E606.63292
G1 X96.93 Y90.411
G1 X100.069 Y89.57 E606.74101
G0 F9000 X99.55 Y89.57
G1 F2700 E601.74101
G0 F9000 X100.129 Y92.207
G0 X100.33 Y94.131
G0 X101.415 Y94.131
G0 X114.335 Y94.131
G0 X115.42 Y94.131
G0 X118.201 Y94.131
G0 X118.272 Y93.841
;TYPE:WALL-INNER
G1 F2700 E606.74101
G1 F1500 X117.843 Y93.735 E606.75571
G1 X117.448 Y93.529 E606.77052
G1 X117.109 Y93.226 E606.78565
G1 X116.857 Y92.861 E606.8004
G1 X116.7 Y92.445 E606.81519
G1 X116.651 Y92 E606.83008
G1 X116.699 Y91.558 E606.84486
G1 X116.857 Y91.139 E606.85976
G1 X117.109 Y90.774 E606.87451
G1 X117.449 Y90.47 E606.88968
G1 X117.847 Y90.264 E606.90459
G1 X118.244 Y90.167 E606.91818
G1 X118.723 Y90.158 E606.93411
G1 X119.155 Y90.265 E606.94892
G1 X119.554 Y90.473 E606.96388
G1 X119.891 Y90.774 E606.97891
G1 X120.142 Y91.137 E606.99359
G1 X120.302 Y91.561 E607.00866
G1 X120.35 Y92 E607.02335
G1 X120.302 Y92.437 E607.03797
G1 X120.142 Y92.862 E607.05308
G1 X119.891 Y93.226 E607.06778
G1 X119.555 Y93.526 E607.08276
G1 X119.158 Y93.735 E607.09769
G1 X118.727 Y93.841 E607.11245
G1 X118.272 Y93.841 E607.12758
G1 F2700 E602.12758
G0 F9000 X118.201 Y94.131
G0 X116.404 Y127
G0 X116.465 Y127.501
G0 X116.644 Y127.973
G0 X116.932 Y128.389
G0 X117.273 Y128.691
G0 X118.207 Y129.132
G0 X118.278 Y128.842
G1 F2700 E607.12758
G1 F1500 X117.846 Y128.736 E607.14238
G1 X117.449 Y128.53 E607.15725
G1 X117.109 Y128.226 E607.17242
G1 X116.857 Y127.861 E607.18717
G1 X116.7 Y127.445 E607.20196
G1 X116.651 Y127 E607.21685
G1 X116.699 Y126.558 E607.23164
G1 X116.857 Y126.138 E607.24657
G1 X117.109 Y125.774 E607.26129
G1 X117.448 Y125.471 E607.27641
G1 X117.843 Y125.265 E607.29123
G1 X118.272 Y125.159 E607.30593
G1 X118.727 Y125.159 E607.32106
G1 X119.157 Y125.265 E607.33579
G1 X119.555 Y125.474 E607.35074
G1 X119.891 Y125.774 E607.36572
G1 X120.142 Y126.137 E607.3804
G1 X120.302 Y126.561 E607.39548
G1 X120.35 Y127 E607.41016
G1 X120.302 Y127.437 E607.42479
G1 X120.142 Y127.862 E607.43989
G1 X119.891 Y128.226 E607.4546
G1 X119.554 Y128.527 E607.46963
G1 X119.154 Y128.736 E607.48464
G1 X118.756 Y128.833 E607.49826
G1 X118.278 Y128.842 E607.51416
G0 F9000 X118.207 Y129.132
G0 X115.87 Y131.13
G0 X115.601 Y131.399
G1 F1500 X121.4 Y131.4 E607.70704
G1 X121.4 Y87.6 E609.16383
G1 X115.601 Y87.601 E609.35671
G1 X115.601 Y131.399 E610.81343
G0 F9000 X115.201 Y131.799
;TYPE:WALL-OUTER
G1 F1500 X121.8 Y131.8 E611.03292
G1 X121.8 Y87.2 E612.51632
G1 X115.201 Y87.201 E612.7358
G1 X115.201 Y131.799 E614.21914
G1 F2700 E609.21914
G0 F9000 X115.47 Y131.53
G0 X118.133 Y129.114
G0 X118.299 Y128.436
G1 F2700 E614.21914
G1 F1500 X118.008 Y128.364 E614.22911
G1 X117.657 Y128.18 E614.24229
G1 X117.4 Y127.943 E614.25392
G1 X117.206 Y127.653 E614.26552
G1 X117.089 Y127.334 E614.27682
G1 X117.051 Y127 E614.288
G1 X117.099 Y126.63 E614.30041
G1 X117.229 Y126.303 E614.31212
G1 X117.431 Y126.022 E614.32363
G1 X117.698 Y125.792 E614.33535
G1 X118.008 Y125.636 E614.34689
G1 X118.299 Y125.564 E614.35686
G1 X118.7 Y125.564 E614.3702
G1 X118.992 Y125.636 E614.3802
G1 X119.343 Y125.82 E614.39338
G1 X119.6 Y126.057 E614.40501
G1 X119.794 Y126.347 E614.41662
G1 X119.912 Y126.677 E614.42827
G1 X119.95 Y127 E614.43909
G1 X119.911 Y127.334 E614.45027
G1 X119.771 Y127.697 E614.46321
G1 X119.569 Y127.978 E614.47472
G1 X119.302 Y128.208 E614.48645
G1 X118.992 Y128.364 E614.49799
G1 X118.687 Y128.439 E614.50844
G1 X118.299 Y128.436 E614.52134
G1 F2700 E609.52134
G0 F9000 X118.133 Y129.114
G0 X117.311 Y128.724
G0 X116.932 Y128.389
G0 X116.644 Y127.973
G0 X116.465 Y127.501
G0 X116.43 Y127.217
G0 X118.133 Y94.114
G0 X118.299 Y93.436
G1 F2700 E614.52134
G1 F1500 X118.008 Y93.364 E614.53131
G1 X117.657 Y93.18 E614.54449
G1 X117.4 Y92.943 E614.55612
G1 X117.206 Y92.653 E614.56772
G1 X117.089 Y92.334 E614.57903
G1 X117.051 Y92 E614.59021
G1 X117.099 Y91.63 E614.60262
G1 X117.229 Y91.303 E614.61432
G1 X117.431 Y91.022 E614.62583
G1 X117.698 Y90.792 E614.63755
G1 X118.008 Y90.636 E614.64909
G1 X118.313 Y90.561 E614.65954
G1 X118.701 Y90.564 E614.67245
G1 X118.992 Y90.636 E614.68242
G1 X119.343 Y90.82 E614.6956
G1 X119.6 Y91.057 E614.70722
G1 X119.794 Y91.347 E614.71883
G1 X119.912 Y91.677 E614.73049
G1 X119.95 Y92 E614.7413
G1 X119.911 Y92.334 E614.75249
G1 X119.771 Y92.697 E614.76543
G1 X119.569 Y92.978 E614.77694
G1 X119.302 Y93.208 E614.78866
G1 X118.992 Y93.364 E614.8002
G1 X118.7 Y93.436 E614.8102
G1 X118.299 Y93.436 E614.82354
G0 F9000 X118.906 Y93.879
;TYPE:FILL
G1 F3000 X121.319 Y96.292 E614.93704
G1 X121.319 Y96.299
G1 X115.68 Y97.81 E615.13121
G1 X115.68 Y97.693
G1 X116.915 Y93.086 E615.28985
G0 F9000 X117.07 Y93.297
G1 F3000 X115.68 Y93.669 E615.33771
G0 F9000 X115.9 Y93.669
G0 X116.397 Y91.56
G0 X116.613 Y91.586
G1 F3000 X115.679 Y90.652 E615.38164
G0 F9000 X115.9 Y90.652
G0 X115.9 Y89.528
G0 X115.68 Y89.528
G1 F3000 X121.318 Y88.017 E615.57578
G0 F9000 X121.1 Y88.017
G0 X121.1 Y90.635
G0 X121.319 Y90.635
G1 F3000 X118.365 Y87.681 E615.71473
G1 X118.364 Y87.679
G1 X117.671 Y90.262 E615.80368
G0 F9000 X117.571 Y90.07
G0 X118.248 Y89.92
G0 X118.752 Y89.92
G0 X119.243 Y90.04
G0 X119.689 Y90.276
G0 X120.068 Y90.611
G0 X120.356 Y91.027
G0 X120.501 Y91.409
G0 X120.604 Y92.434
G0 X120.386 Y92.408
G1 F3000 X121.318 Y92.158 E615.83577
G1 X121.319 Y92.104
G1 X115.68 Y113.147 E616.56036
G1 X115.68 Y113.28
G1 X121.319 Y118.919 E616.8256
G0 F9000 X121.1 Y118.919
G0 X121.1 Y117.005
G0 X121.319 Y117.005
G1 F3000 X115.68 Y118.515 E617.01976
G0 F9000 X115.68 Y118.937
G1 F3000 X121.319 Y124.576 E617.285
G0 F9000 X121.319 Y125.287
G1 F3000 X119.892 Y125.669 E617.33414
G0 F9000 X120.376 Y126.532
G1 F3000 X121.319 Y123.013 E617.45531
G0 F9000 X121.1 Y123.013
G0 X121.1 Y121.146
G0 X121.318 Y121.146
G1 F3000 X115.68 Y122.657 E617.64945
G0 F9000 X115.9 Y122.657
G0 X115.9 Y124.594
G0 X115.68 Y124.594
G1 F3000 X116.95 Y125.864 E617.70918
G0 F9000 X116.617 Y126.547
G1 F3000 X115.68 Y126.798 E617.74145
G0 F9000 X115.9 Y126.798
G0 X115.9 Y128.601
G0 X115.681 Y128.601
G1 F3000 X121.319 Y107.558 E618.46603
G1 X121.319 Y107.606
G1 X115.679 Y101.966 E618.73131
G1 X115.68 Y101.951
G1 X121.318 Y100.44 E618.92545
G0 F9000 X121.1 Y100.44
G0 X121.1 Y101.949
G0 X121.319 Y101.949
G1 F3000 X115.679 Y96.309 E619.19074
G0 F9000 X115.9 Y96.309
G0 X115.9 Y106.092
G0 X115.68 Y106.092
G1 F3000 X121.318 Y104.581 E619.38488
G0 F9000 X121.1 Y104.581
G0 X121.1 Y108.722
G0 X121.319 Y108.722
G1 F3000 X115.68 Y110.233 E619.57905
G0 F9000 X115.9 Y110.233
G0 X115.9 Y107.623
G0 X115.679 Y107.623
G1 F3000 X121.319 Y113.262 E619.84431
G0 F9000 X121.319 Y112.864
G1 F3000 X115.681 Y114.374 E620.03844
G0 F9000 X115.9 Y114.374
G0 X120.535 Y126.499
G0 X120.596 Y127
G0 X120.535 Y127.501
G0 X120.433 Y127.768
G0 X120.041 Y128.495
G0 X119.895 Y128.328
G1 F3000 X119.094 Y131.319 E620.14143
G0 F9000 X119.094 Y131.1
G0 X116.747 Y131.1
G0 X116.747 Y131.318
G1 F3000 X115.68 Y130.251 E620.19162
G0 F9000 X115.681 Y130.939
G1 F3000 X121.319 Y129.428 E620.38576
G0 F9000 X121.319 Y130.233
G1 F3000 X119.643 Y128.556 E620.46461
G0 F9000 X119.986 Y128.945
G1 F2700 E615.46461
G0 F9000 X121.58 Y112.13
G0 X122.665 Y112.13
G0 X135.585 Y112.13
G0 X136.67 Y112.13
G0 X137.12 Y112.13
G0 X136.851 Y112.399
;TYPE:WALL-INNER
G1 F2700 E620.46461
G1 F1500 X140.15 Y112.4 E620.57434
G1 X140.15 Y108.852 E620.69235
G1 X139.887 Y109.229 E620.70764
G1 X139.55 Y109.53 E620.72266
G1 X139.151 Y109.737 E620.73761
G1 X138.72 Y109.837 E620.75233
G1 X138.28 Y109.838 E620.76696
G1 X137.849 Y109.737 E620.78169
G1 X137.451 Y109.532 E620.79658
G1 X137.114 Y109.231 E620.81161
G1 X136.85 Y108.852 E620.82697
G1 X136.851 Y112.399 E620.94494
G0 F9000 X137.12 Y112.13
G0 X136.807 Y108
G0 X137.09 Y106.467
G0 X136.85 Y107.148
G1 F1500 X137.114 Y106.768 E620.96033
G1 X137.452 Y106.468 E620.97536
G1 X137.849 Y106.263 E620.99023
G1 X138.28 Y106.162 E621.00495
G1 X138.72 Y106.163 E621.01958
G1 X139.151 Y106.263 E621.0343
G1 X139.549 Y106.47 E621.04922
G1 X139.887 Y106.77 E621.06425
G1 X140.15 Y107.148 E621.07957
G1 X140.15 Y103.6 E621.19757
G1 X136.851 Y103.601 E621.3073
G1 X136.85 Y107.148 E621.42527
G1 F2700 E616.42527
G0 F9000 X137.09 Y106.467
G0 X136.807 Y108
G0 X136.857 Y108.404
G0 X137.842 Y110.043
G0 X138.008 Y109.364
;TYPE:WALL-OUTER
G1 F2700 E621.42527
G1 F1500 X137.657 Y109.18 E621.43845
G1 X137.4 Y108.943 E621.45008
G1 X137.229 Y108.697 E621.46005
G1 F1304.3 X137.028 Y108.33 E621.47605
G1 F1174.2 X137.001 Y107.97 E621.49139
G1 X137.028 Y107.67 E621.50419
G1 F1304.3 X137.229 Y107.303 E621.52019
G1 F1500 X137.431 Y107.022 E621.5317
G1 X137.698 Y106.792 E621.54343
G1 X138.008 Y106.636 E621.55497
G1 X138.325 Y106.56 E621.56581
G1 X138.675 Y106.56 E621.57745
G1 X138.992 Y106.636 E621.58829
G1 X139.302 Y106.792 E621.59984
G1 X139.569 Y107.022 E621.61156
G1 X139.771 Y107.303 E621.62307
G1 F1304.3 X139.972 Y107.67 E621.63907
G1 F1176.5 X140 Y108 E621.65312
G1 X139.971 Y108.344 E621.66776
G1 F1304.3 X139.771 Y108.697 E621.68327
G1 F1500 X139.569 Y108.978 E621.69479
G1 X139.302 Y109.208 E621.70651
G1 X138.992 Y109.364 E621.71805
G1 X138.675 Y109.44 E621.72889
G1 X138.325 Y109.44 E621.74053
G1 X138.008 Y109.364 E621.75137
G1 F2700 E616.75137
G0 F9000 X137.842 Y110.043
G0 X136.72 Y112.53
G0 X136.451 Y112.799
G1 F2700 E621.75137
G1 F1500 X140.55 Y112.8 E621.88771
G1 X140.55 Y108.791 E622.02105
G1 F1304.3 X140.49 Y108.389 E622.03659
G1 F1176.5 X140.5 Y108 E622.0531
G1 X140.49 Y107.639 E622.06841
G1 F1304.3 X140.55 Y107.209 E622.08502
G1 F1500 X140.55 Y103.2 E622.21836
G1 X136.451 Y103.201 E622.35469
G1 X136.45 Y107.209 E622.488
G1 F1304.3 X136.51 Y107.639 E622.5046
G1 F1176.5 X136.5 Y108 E622.51992
G1 X136.51 Y108.361 E622.53523
G1 F1304.3 X136.45 Y108.791 E622.55184
G1 F1500 X136.451 Y112.799 E622.68515
G0 F9000 X136.72 Y112.53
G0 X137.15 Y111.903
G0 X136.93 Y111.903
;TYPE:FILL
G1 F3000 X137.346 Y112.318 E622.70469
G0 F9000 X137.346 Y112.1
G0 X137.15 Y111.117
G0 X136.93 Y111.117
G1 F3000 X137.35 Y109.55 E622.75865
G0 F9000 X137.206 Y109.713
G0 X136.857 Y108.404
G0 X136.817 Y108.076
G0 X137.092 Y106.388
G0 X137.235 Y106.551
G1 F3000 X136.93 Y106.246 E622.77299
G0 F9000 X137.15 Y106.246
G0 X138.279 Y105.859
G0 X138.279 Y106.083
G1 F3000 X138.923 Y103.678 E622.8558
G0 F9000 X138.923 Y103.9
G0 X139.88 Y103.87
G0 X140.068 Y103.699
G1 F3000 X136.93 Y104.539 E622.96385
G0 F9000 X137.15 Y104.539
G0 X136.807 Y108
G0 X136.857 Y108.404
G0 X138.806 Y112.1
G0 X138.806 Y112.319
G1 F3000 X140.068 Y111.981 E623.0073
G0 F9000 X139.55 Y111.8
G1 F2700 E618.0073
;MESH:NONMESH
G0 F300 X139.55 Y111.8 Z2.6
G0 F9000 X137.233 Y109.122
G0 X137.001 Y108.786
G0 X136.857 Y108.404
G0 X136.664 Y103.414
G0 X135.585 Y103.414
G0 X122.653 Y86.347
G0 X114.347 Y86.347
G0 X95.597 Y86.847
G0 X84.415 Y103.414
G0 X83.33 Y103.414
G0 X83.193 Y93
G0 X82.91 Y91.467
G0 X83.15 Y92.148
;TIME_ELAPSED:1093.369033
;LAYER:12
;TYPE:WALL-INNER
;MESH:Spacers.stl
G1 F2700 E623.0073
G1 F1500 X83.15 Y88.6 E623.12531
G1 X79.851 Y88.601 E623.23503
G1 X79.85 Y92.148 E623.35301
G1 X80.114 Y91.768 E623.3684
G1 X80.452 Y91.468 E623.38343
G1 X80.849 Y91.263 E623.39829
G1 X81.28 Y91.162 E623.41301
G1 X81.72 Y91.163 E623.42765
G1 X82.151 Y91.263 E623.44236
G1 X82.549 Y91.47 E623.45728
G1 X82.887 Y91.77 E623.47232
G1 X83.15 Y92.148 E623.48763
G1 F2700 E618.48763
G0 F9000 X82.91 Y91.467
G0 X83.165 Y92.847
G0 X82.91 Y126.467
G0 X83.15 Y127.148
G1 F2700 E623.48763
G1 F1500 X83.15 Y93.852 E624.59506
G1 X82.887 Y94.229 E624.61035
G1 X82.55 Y94.53 E624.62538
G1 X82.155 Y94.736 E624.6402
G1 X81.727 Y94.841 E624.65485
G1 X81.272 Y94.841 E624.66999
G1 X80.846 Y94.736 E624.68458
G1 X80.451 Y94.531 E624.69938
G1 X80.114 Y94.232 E624.71436
G1 X79.85 Y93.852 E624.72975
G1 X79.85 Y127.148 E625.83718
G1 X80.114 Y126.768 E625.85257
G1 X80.451 Y126.468 E625.86758
G1 X80.846 Y126.264 E625.88237
G1 X81.272 Y126.159 E625.89696
G1 X81.727 Y126.159 E625.91209
G1 X82.155 Y126.264 E625.92675
G1 X82.55 Y126.47 E625.94157
G1 X82.887 Y126.771 E625.9566
G1 X83.15 Y127.148 E625.97188
G0 F9000 X82.91 Y126.467
G0 X83.165 Y127.847
G0 X82.88 Y132.13
G0 X83.15 Y132.4
G1 F1500 X83.15 Y128.852 E626.08989
G1 X82.887 Y129.229 E626.10518
G1 X82.55 Y129.53 E626.12021
G1 X82.151 Y129.737 E626.13516
G1 X81.72 Y129.837 E626.14988
G1 X81.28 Y129.838 E626.16451
G1 X80.849 Y129.737 E626.17923
G1 X80.451 Y129.532 E626.19412
G1 X80.114 Y129.231 E626.20915
G1 X79.85 Y128.852 E626.22451
G1 X79.851 Y132.399 E626.34249
G1 X83.15 Y132.4 E626.45221
G0 F9000 X83.55 Y132.8
;TYPE:WALL-OUTER
G1 F1500 X83.55 Y128.791 E626.58555
G1 F1304.3 X83.49 Y128.389 E626.6011
G1 F1176.5 X83.5 Y128 E626.6176
G1 X83.49 Y127.639 E626.63292
G1 F1304.3 X83.55 Y127.209 E626.64952
G1 F1500 X83.55 Y93.791 E627.76101
G1 F1304.3 X83.49 Y93.389 E627.77656
G1 F1176.5 X83.5 Y93 E627.79306
G1 X83.49 Y92.639 E627.80837
G1 F1304.3 X83.55 Y92.209 E627.82498
G1 F1500 X83.55 Y88.2 E627.95832
G1 X79.451 Y88.201 E628.09465
G1 X79.45 Y92.209 E628.22796
G1 F1304.3 X79.51 Y92.639 E628.24457
G1 F1176.5 X79.5 Y93 E628.25988
G1 X79.51 Y93.361 E628.27519
G1 F1304.3 X79.45 Y93.791 E628.2918
G1 F1500 X79.45 Y127.209 E629.40329
G1 F1304.3 X79.51 Y127.639 E629.4199
G1 F1176.5 X79.5 Y128 E629.43521
G1 X79.51 Y128.361 E629.45052
G1 F1304.3 X79.45 Y128.791 E629.46713
G1 F1500 X79.451 Y132.799 E629.60044
G1 X83.55 Y132.8 E629.73677
G1 F2700 E624.73677
G0 F9000 X83.28 Y132.53
G0 X82.157 Y130.044
G0 X81.992 Y129.364
G1 F2700 E629.73677
G1 F1500 X81.675 Y129.44 E629.74761
G1 X81.325 Y129.44 E629.75925
G1 X81.008 Y129.364 E629.7701
G1 X80.657 Y129.18 E629.78328
G1 X80.4 Y128.943 E629.79491
G1 X80.229 Y128.697 E629.80487
G1 F1304.3 X80.028 Y128.33 E629.82087
G1 F1174.2 X80.001 Y127.97 E629.83621
G1 X80.028 Y127.67 E629.84901
G1 F1304.3 X80.229 Y127.303 E629.86502
G1 F1500 X80.431 Y127.022 E629.87653
G1 X80.698 Y126.792 E629.88825
G1 X81.008 Y126.636 E629.89979
G1 X81.299 Y126.564 E629.90976
G1 X81.7 Y126.564 E629.9231
G1 X81.992 Y126.636 E629.9331
G1 X82.302 Y126.792 E629.94464
G1 X82.569 Y127.022 E629.95637
G1 X82.771 Y127.303 E629.96788
G1 F1304.3 X82.972 Y127.67 E629.98388
G1 F1176.5 X83 Y128 E629.99793
G1 X82.971 Y128.344 E630.01256
G1 F1304.3 X82.771 Y128.697 E630.02808
G1 F1500 X82.569 Y128.978 E630.03959
G1 X82.302 Y129.208 E630.05131
G1 X81.992 Y129.364 E630.06286
G1 F2700 E625.06286
G0 F9000 X82.157 Y130.044
G0 X82.999 Y128.786
G0 X83.143 Y128.404
G0 X81.865 Y95.115
G0 X81.7 Y94.436
G1 F2700 E630.06286
G1 F1500 X81.299 Y94.436 E630.07619
G1 X81.008 Y94.364 E630.08617
G1 X80.657 Y94.18 E630.09935
G1 X80.4 Y93.943 E630.11097
G1 X80.229 Y93.697 E630.12094
G1 F1304.3 X80.028 Y93.33 E630.13694
G1 F1174.2 X80.001 Y92.97 E630.15228
G1 X80.028 Y92.67 E630.16508
G1 F1304.3 X80.229 Y92.303 E630.18109
G1 F1500 X80.431 Y92.022 E630.1926
G1 X80.698 Y91.792 E630.20432
G1 X81.008 Y91.636 E630.21586
G1 X81.325 Y91.56 E630.2267
G1 X81.675 Y91.56 E630.23834
G1 X81.992 Y91.636 E630.24919
G1 X82.302 Y91.792 E630.26073
G1 X82.569 Y92.022 E630.27245
G1 X82.771 Y92.303 E630.28396
G1 F1304.3 X82.972 Y92.67 E630.29996
G1 F1176.5 X83 Y93 E630.31401
G1 X82.971 Y93.344 E630.32865
G1 F1304.3 X82.771 Y93.697 E630.34417
G1 F1500 X82.569 Y93.978 E630.35568
G1 X82.302 Y94.208 E630.3674
G1 X81.992 Y94.364 E630.37894
G1 X81.7 Y94.436 E630.38894
G0 F9000 X80.942 Y94.841
;TYPE:FILL
G1 F3000 X79.93 Y95.112 E630.42379
G0 F9000 X79.973 Y94.345
G1 F3000 X83.07 Y97.441 E630.56944
G0 F9000 X83.068 Y98.412
G1 F3000 X79.93 Y99.253 E630.67749
G0 F9000 X79.93 Y99.958
G1 F3000 X83.07 Y103.098 E630.82519
G0 F9000 X83.069 Y102.553
G1 F3000 X79.93 Y103.394 E630.93327
G0 F9000 X80.15 Y103.394
G0 X80.15 Y105.615
G0 X79.93 Y105.615
G1 F3000 X83.07 Y108.755 E631.08097
G0 F9000 X82.85 Y108.755
G0 X82.85 Y110.672
G0 X83.069 Y110.672
G1 F3000 X79.93 Y122.387 E631.48436
G1 X79.93 Y122.586
G1 X83.07 Y125.725 E631.63203
G0 F9000 X83.069 Y126.126
G1 F3000 X82.918 Y126.69 E631.65145
G0 F9000 X82.91 Y126.467
G0 X83.193 Y128
G0 X83.143 Y128.404
G0 X82.127 Y130.051
G0 X82.075 Y129.834
G1 F3000 X81.41 Y132.319 E631.73701
G0 F9000 X81.41 Y132.1
G0 X80.165 Y132.1
G0 X80.165 Y132.319
G1 F3000 X83.068 Y131.541 E631.83697
G1 X83.069 Y131.381
G1 X81.603 Y129.916 E631.9059
G0 F9000 X81.603 Y130.141
G0 X80.233 Y129.122
G0 X80.001 Y128.786
G0 X79.857 Y128.404
G0 X80.15 Y124.1
G0 X79.93 Y124.1
G1 F3000 X83.069 Y123.259 E632.01399
G0 F9000 X82.85 Y123.259
G0 X82.85 Y120.068
G0 X83.07 Y120.068
G1 F3000 X79.93 Y116.929 E632.16166
G0 F9000 X80.15 Y116.929
G0 X80.15 Y115.817
G0 X79.93 Y115.817
G1 F3000 X83.068 Y114.976 E632.26971
G0 F9000 X83.07 Y114.411
G1 F3000 X79.93 Y111.272 E632.41739
G0 F9000 X79.93 Y111.676
G1 F3000 X83.068 Y110.835 E632.52544
G0 F9000 X82.85 Y110.835
G0 X82.85 Y106.694
G0 X83.069 Y106.694
G1 F3000 X79.93 Y107.535 E632.63353
G0 F9000 X79.93 Y106.932
G1 F3000 X83.069 Y95.216 E633.03695
G0 F9000 X82.85 Y95.216
G0 X83.193 Y93
G0 X82.91 Y91.467
G0 X82.966 Y91.681
G1 F3000 X79.965 Y88.68 E633.1781
G0 F9000 X80.68 Y88.679
G1 F3000 X79.93 Y91.475 E633.27439
G0 F9000 X79.93 Y90.971
G1 F3000 X83.068 Y90.13 E633.38244
G0 F9000 X82.85 Y90.13
G0 X83.159 Y92.713
G0 X82.85 Y119.117
G0 X83.069 Y119.117
G1 F3000 X79.93 Y119.959 E633.49053
G0 F9000 X80.45 Y119.959
G1 F2700 E628.49053
G0 F9000 X83.33 Y125.967
G0 X84.415 Y125.967
G0 X95.585 Y125.967
G0 X96.67 Y125.967
G0 X98.501 Y125.835
G0 X99.91 Y125.967
G0 X100.15 Y126.648
;TYPE:WALL-INNER
G1 F2700 E633.49053
G1 F1500 X100.15 Y93.352 E634.59796
G1 X99.887 Y93.729 E634.61325
G1 X99.55 Y94.03 E634.62828
G1 X99.155 Y94.236 E634.6431
G1 X98.727 Y94.341 E634.65776
G1 X98.272 Y94.341 E634.67289
G1 X97.846 Y94.236 E634.68748
G1 X97.451 Y94.031 E634.70228
G1 X97.114 Y93.732 E634.71727
G1 X96.85 Y93.352 E634.73266
G1 X96.85 Y126.648 E635.84009
G1 X97.114 Y126.268 E635.85548
G1 X97.451 Y125.968 E635.87048
G1 X97.846 Y125.764 E635.88527
G1 X98.272 Y125.659 E635.89986
G1 X98.727 Y125.659 E635.915
G1 X99.155 Y125.764 E635.92965
G1 X99.55 Y125.97 E635.94447
G1 X99.887 Y126.271 E635.9595
G1 X100.15 Y126.648 E635.97479
G0 F9000 X99.91 Y125.967
G0 X100.165 Y127.347
G0 X99.88 Y131.63
G0 X100.15 Y131.9
G1 F1500 X100.15 Y128.352 E636.0928
G1 X99.887 Y128.729 E636.10808
G1 X99.55 Y129.03 E636.12311
G1 X99.151 Y129.237 E636.13806
G1 X98.72 Y129.337 E636.15278
G1 X98.28 Y129.338 E636.16741
G1 X97.849 Y129.237 E636.18214
G1 X97.451 Y129.032 E636.19703
G1 X97.114 Y128.731 E636.21206
G1 X96.85 Y128.352 E636.22742
G1 X96.851 Y131.899 E636.34539
G1 X100.15 Y131.9 E636.45512
G1 F2700 E631.45512
G0 F9000 X99.88 Y131.63
G0 X100.193 Y127.5
G0 X100.193 Y92.5
G0 X99.91 Y90.967
G0 X100.15 Y91.648
G1 F2700 E636.45512
G1 F1500 X100.15 Y88.1 E636.57312
G1 X96.851 Y88.101 E636.68285
G1 X96.85 Y91.648 E636.80082
G1 X97.114 Y91.268 E636.81621
G1 X97.452 Y90.968 E636.83124
G1 X97.849 Y90.763 E636.8461
G1 X98.28 Y90.662 E636.86083
G1 X98.72 Y90.663 E636.87546
G1 X99.151 Y90.763 E636.89018
G1 X99.549 Y90.97 E636.9051
G1 X99.887 Y91.27 E636.92013
G1 X100.15 Y91.648 E636.93545
G1 F2700 E631.93545
G0 F9000 X99.91 Y90.967
G0 X100.193 Y92.5
G0 X100.143 Y92.904
G0 X99.999 Y93.286
G0 X98.865 Y94.615
G0 X98.7 Y93.936
;TYPE:WALL-OUTER
G1 F2700 E636.93545
G1 F1500 X98.299 Y93.936 E636.94878
G1 X98.008 Y93.864 E636.95875
G1 X97.657 Y93.68 E636.97194
G1 X97.4 Y93.443 E636.98356
G1 X97.229 Y93.197 E636.99353
G1 F1304.3 X97.028 Y92.83 E637.00953
G1 F1174.2 X97.001 Y92.47 E637.02487
G1 X97.028 Y92.17 E637.03767
G1 F1304.3 X97.229 Y91.803 E637.05368
G1 F1500 X97.431 Y91.522 E637.06519
G1 X97.698 Y91.292 E637.07691
G1 X98.008 Y91.136 E637.08845
G1 X98.325 Y91.06 E637.09929
G1 X98.675 Y91.06 E637.11093
G1 X98.992 Y91.136 E637.12178
G1 X99.302 Y91.292 E637.13332
G1 X99.569 Y91.522 E637.14504
G1 X99.771 Y91.803 E637.15655
G1 F1304.3 X99.972 Y92.17 E637.17255
G1 F1176.5 X100 Y92.5 E637.1866
G1 X99.971 Y92.844 E637.20124
G1 F1304.3 X99.771 Y93.197 E637.21676
G1 F1500 X99.569 Y93.478 E637.22827
G1 X99.302 Y93.708 E637.23999
G1 X98.992 Y93.864 E637.25153
G1 X98.7 Y93.936 E637.26153
G1 F2700 E632.26153
G0 F9000 X98.865 Y94.615
G0 X100.193 Y127.5
G0 X100.143 Y127.904
G0 X99.999 Y128.286
G0 X98.675 Y129.641
G0 X98.675 Y128.94
G1 F2700 E637.26153
G1 F1500 X98.325 Y128.94 E637.27317
G1 X98.008 Y128.864 E637.28402
G1 X97.657 Y128.68 E637.2972
G1 X97.4 Y128.443 E637.30883
G1 X97.229 Y128.197 E637.31879
G1 F1304.3 X97.028 Y127.83 E637.33479
G1 F1174.2 X97.001 Y127.47 E637.35013
G1 X97.028 Y127.17 E637.36293
G1 F1304.3 X97.229 Y126.803 E637.37894
G1 F1500 X97.431 Y126.522 E637.39045
G1 X97.698 Y126.292 E637.40217
G1 X98.008 Y126.136 E637.41371
G1 X98.299 Y126.064 E637.42368
G1 X98.652 Y126.059 E637.43542
G1 X98.992 Y126.136 E637.44702
G1 X99.302 Y126.292 E637.45856
G1 X99.569 Y126.522 E637.47028
G1 X99.771 Y126.803 E637.48179
G1 F1304.3 X99.972 Y127.17 E637.4978
G1 F1176.5 X100 Y127.5 E637.51184
G1 X99.971 Y127.844 E637.52648
G1 F1304.3 X99.771 Y128.197 E637.542
G1 F1500 X99.569 Y128.478 E637.55351
G1 X99.302 Y128.708 E637.56523
G1 X98.992 Y128.864 E637.57677
G1 X98.675 Y128.94 E637.58762
G1 F2700 E632.58762
G0 F9000 X98.675 Y129.641
G0 X100.28 Y132.03
G0 X100.55 Y132.3
G1 F2700 E637.58762
G1 F1500 X100.55 Y128.291 E637.72096
G1 F1304.3 X100.49 Y127.889 E637.7365
G1 F1176.5 X100.5 Y127.5 E637.753
G1 X100.49 Y127.139 E637.76832
G1 F1304.3 X100.55 Y126.709 E637.78493
G1 F1500 X100.55 Y93.291 E638.89641
G1 F1304.3 X100.49 Y92.889 E638.91196
G1 F1176.5 X100.5 Y92.5 E638.92846
G1 X100.49 Y92.139 E638.94378
G1 F1304.3 X100.55 Y91.709 E638.96038
G1 F1500 X100.55 Y87.7 E639.09372
G1 X96.451 Y87.701 E639.23006
G1 X96.45 Y91.709 E639.36336
G1 F1304.3 X96.51 Y92.139 E639.37997
G1 F1176.5 X96.5 Y92.5 E639.39528
G1 X96.51 Y92.861 E639.4106
G1 F1304.3 X96.45 Y93.291 E639.4272
G1 F1500 X96.45 Y126.709 E640.53869
G1 F1304.3 X96.51 Y127.139 E640.5553
G1 F1176.5 X96.5 Y127.5 E640.57061
G1 X96.51 Y127.861 E640.58593
G1 F1304.3 X96.45 Y128.291 E640.60253
G1 F1500 X96.451 Y132.299 E640.73584
G1 X100.55 Y132.3 E640.87217
G0 F9000 X100.28 Y132.03
G0 X99.85 Y131.412
G0 X100.07 Y131.412
;TYPE:FILL
G1 F3000 X98.014 Y129.356 E640.96888
G0 F9000 X98.754 Y129.409
G1 F3000 X98.108 Y131.819 E641.05187
G0 F9000 X97.489 Y131.818
G1 F3000 X100.069 Y131.127 E641.1407
G0 F9000 X99.85 Y131.127
G0 X100.193 Y127.5
G0 X99.82 Y125.81
G0 X99.674 Y125.975
G1 F3000 X100.069 Y124.502 E641.19143
G0 F9000 X99.85 Y124.502
G0 X99.85 Y125.754
G0 X100.069 Y125.754
G1 F3000 X96.93 Y122.615 E641.33908
G0 F9000 X97.15 Y122.615
G0 X97.15 Y123.685
G0 X96.931 Y123.685
G1 F3000 X100.069 Y122.844 E641.44713
G0 F9000 X99.85 Y122.844
G0 X99.85 Y120.097
G0 X100.069 Y120.097
G1 F3000 X96.93 Y116.958 E641.59478
G0 F9000 X97.15 Y116.958
G0 X97.15 Y115.403
G0 X96.931 Y115.403
G1 F3000 X100.068 Y114.562 E641.7028
G1 X100.069 Y114.44
G1 X96.93 Y111.301 E641.85045
G1 X96.931 Y111.262
G1 X100.069 Y110.421 E641.9585
G0 F9000 X99.85 Y110.421
G0 X99.85 Y109.047
G0 X100.069 Y109.047
G1 F3000 X96.931 Y120.759 E642.36178
G0 F9000 X97.15 Y120.759
G0 X97.15 Y119.544
G0 X96.931 Y119.544
G1 F3000 X100.068 Y118.704 E642.4698
G0 F9000 X99.85 Y118.704
G0 X99.85 Y108.784
G0 X100.069 Y108.784
G1 F3000 X96.93 Y105.644 E642.61747
G0 F9000 X96.93 Y105.304
G1 F3000 X100.004 Y93.834 E643.01243
G1 X100.062 Y93.859
G1 X99.773 Y93.936 E643.02237
G0 F9000 X99.919 Y94.103
G0 X99.243 Y94.46
G0 X98.964 Y94.528
G0 X98.057 Y94.595
G0 X98.109 Y94.382
G1 F3000 X96.931 Y94.698 E643.06294
G0 F9000 X96.93 Y94.33
G1 F3000 X100.069 Y97.47 E643.21061
G0 F9000 X100.068 Y97.998
G1 F3000 X96.931 Y98.839 E643.31863
G0 F9000 X97.15 Y98.839
G0 X97.15 Y99.987
G0 X96.93 Y99.987
G1 F3000 X100.069 Y103.127 E643.46631
G0 F9000 X100.068 Y102.139
G1 F3000 X96.931 Y102.98 E643.57433
G0 F9000 X97.15 Y102.98
G0 X97.15 Y107.121
G0 X96.93 Y107.121
G1 F3000 X100.069 Y106.28 E643.68241
G0 F9000 X99.85 Y106.28
G0 X100.193 Y92.5
G0 X100.143 Y92.096
G0 X99.999 Y91.714
G0 X98.926 Y90.4
G0 X98.873 Y90.617
G1 F3000 X96.93 Y88.674 E643.77381
G0 F9000 X97.378 Y88.18
G1 F3000 X96.93 Y89.85 E643.83131
G0 F9000 X96.93 Y90.557
G1 F3000 X100.069 Y89.716 E643.9394
G0 F9000 X99.55 Y89.716
G1 F2700 E638.9394
G0 F9000 X100.084 Y91.858
G0 X100.33 Y94.131
G0 X101.415 Y94.131
G0 X114.335 Y94.131
G0 X115.42 Y94.131
G0 X118.201 Y94.131
G0 X118.272 Y93.841
;TYPE:WALL-INNER
G1 F2700 E643.9394
G1 F1500 X117.843 Y93.735 E643.9541
G1 X117.448 Y93.529 E643.96892
G1 X117.109 Y93.226 E643.98404
G1 X116.857 Y92.861 E643.99879
G1 X116.7 Y92.445 E644.01358
G1 X116.651 Y92 E644.02847
G1 X116.699 Y91.558 E644.04326
G1 X116.857 Y91.139 E644.05815
G1 X117.109 Y90.774 E644.0729
G1 X117.449 Y90.47 E644.08807
G1 X117.847 Y90.264 E644.10298
G1 X118.244 Y90.167 E644.11657
G1 X118.723 Y90.158 E644.1325
G1 X119.155 Y90.265 E644.14731
G1 X119.554 Y90.473 E644.16227
G1 X119.891 Y90.774 E644.1773
G1 X120.142 Y91.137 E644.19198
G1 X120.302 Y91.561 E644.20705
G1 X120.35 Y92 E644.22174
G1 X120.302 Y92.437 E644.23636
G1 X120.142 Y92.862 E644.25147
G1 X119.891 Y93.226 E644.26617
G1 X119.555 Y93.526 E644.28116
G1 X119.158 Y93.735 E644.29608
G1 X118.727 Y93.841 E644.31084
G1 X118.272 Y93.841 E644.32597
G1 F2700 E639.32597
G0 F9000 X118.201 Y94.131
G0 X116.404 Y127
G0 X116.465 Y127.501
G0 X116.644 Y127.973
G0 X116.932 Y128.389
G0 X117.273 Y128.691
G0 X118.207 Y129.132
G0 X118.278 Y128.842
G1 F2700 E644.32597
G1 F1500 X117.846 Y128.736 E644.34077
G1 X117.449 Y128.53 E644.35564
G1 X117.109 Y128.226 E644.37081
G1 X116.857 Y127.861 E644.38557
G1 X116.7 Y127.445 E644.40035
G1 X116.651 Y127 E644.41524
G1 X116.699 Y126.558 E644.43003
G1 X116.857 Y126.139 E644.44493
G1 X117.109 Y125.774 E644.45968
G1 X117.448 Y125.471 E644.4748
G1 X117.843 Y125.265 E644.48962
G1 X118.272 Y125.159 E644.50432
G1 X118.727 Y125.159 E644.51945
G1 X119.157 Y125.265 E644.53418
G1 X119.555 Y125.474 E644.54913
G1 X119.891 Y125.774 E644.56411
G1 X120.142 Y126.137 E644.57879
G1 X120.302 Y126.561 E644.59386
G1 X120.35 Y127 E644.60855
G1 X120.302 Y127.437 E644.62317
G1 X120.142 Y127.862 E644.63828
G1 X119.891 Y128.226 E644.65298
G1 X119.554 Y128.527 E644.66801
G1 X119.154 Y128.736 E644.68302
G1 X118.756 Y128.833 E644.69665
G1 X118.278 Y128.842 E644.71255
G0 F9000 X118.207 Y129.132
G0 X115.87 Y131.13
G0 X115.601 Y131.399
G1 F1500 X121.4 Y131.4 E644.90543
G1 X121.4 Y87.6 E646.36222
G1 X115.601 Y87.601 E646.55509
G1 X115.601 Y131.399 E648.01182
G0 F9000 X115.201 Y131.799
;TYPE:WALL-OUTER
G1 F1500 X121.8 Y131.8 E648.23131
G1 X121.8 Y87.2 E649.71471
G1 X115.201 Y87.201 E649.93419
G1 X115.201 Y131.799 E651.41753
G1 F2700 E646.41753
G0 F9000 X115.47 Y131.53
G0 X118.133 Y129.114
G0 X118.299 Y128.436
G1 F2700 E651.41753
G1 F1500 X118.008 Y128.364 E651.4275
G1 X117.657 Y128.18 E651.44068
G1 X117.4 Y127.943 E651.45231
G1 X117.206 Y127.653 E651.46391
G1 X117.089 Y127.334 E651.47521
G1 X117.051 Y127 E651.48639
G1 X117.099 Y126.63 E651.4988
G1 X117.229 Y126.303 E651.51051
G1 X117.431 Y126.022 E651.52202
G1 X117.698 Y125.792 E651.53374
G1 X118.008 Y125.636 E651.54528
G1 X118.299 Y125.564 E651.55525
G1 X118.7 Y125.564 E651.56859
G1 X118.992 Y125.636 E651.57859
G1 X119.343 Y125.82 E651.59177
G1 X119.6 Y126.057 E651.6034
G1 X119.794 Y126.347 E651.615
G1 X119.912 Y126.677 E651.62666
G1 X119.95 Y127 E651.63748
G1 X119.911 Y127.334 E651.64866
G1 X119.771 Y127.697 E651.6616
G1 X119.569 Y127.978 E651.67311
G1 X119.302 Y128.208 E651.68483
G1 X118.992 Y128.364 E651.69638
G1 X118.687 Y128.439 E651.70682
G1 X118.299 Y128.436 E651.71973
G1 F2700 E646.71973
G0 F9000 X118.133 Y129.114
G0 X117.311 Y128.724
G0 X116.932 Y128.389
G0 X116.644 Y127.973
G0 X116.465 Y127.501
G0 X116.43 Y127.217
G0 X118.133 Y94.114
G0 X118.299 Y93.436
G1 F2700 E651.71973
G1 F1500 X118.008 Y93.364 E651.7297
G1 X117.657 Y93.18 E651.74288
G1 X117.4 Y92.943 E651.75451
G1 X117.206 Y92.653 E651.76611
G1 X117.089 Y92.334 E651.77741
G1 X117.051 Y92 E651.78859
G1 X117.099 Y91.63 E651.801
G1 X117.229 Y91.303 E651.81271
G1 X117.431 Y91.022 E651.82422
G1 X117.698 Y90.792 E651.83594
G1 X118.008 Y90.636 E651.84748
G1 X118.313 Y90.561 E651.85793
G1 X118.701 Y90.564 E651.87083
G1 X118.992 Y90.636 E651.8808
G1 X119.343 Y90.82 E651.89398
G1 X119.6 Y91.057 E651.90561
G1 X119.794 Y91.347 E651.91722
G1 X119.912 Y91.677 E651.92887
G1 X119.95 Y92 E651.93969
G1 X119.911 Y92.334 E651.95087
G1 X119.771 Y92.697 E651.96382
G1 X119.569 Y92.978 E651.97533
G1 X119.302 Y93.208 E651.98705
G1 X118.992 Y93.364 E651.99859
G1 X118.7 Y93.436 E652.00859
G1 X118.299 Y93.436 E652.02193
G0 F9000 X119.066 Y93.839
;TYPE:FILL
G1 F3000 X121.319 Y96.092 E652.1279
G0 F9000 X121.318 Y96.445
G1 F3000 X115.68 Y97.956 E652.32204
G0 F9000 X115.68 Y97.148
G1 F3000 X116.81 Y92.934 E652.46715
G0 F9000 X117.195 Y93.409
G1 F3000 X115.68 Y93.815 E652.51932
G0 F9000 X115.9 Y93.815
G0 X115.9 Y96.109
G0 X115.679 Y96.109
G1 F3000 X121.319 Y101.749 E652.78461
G0 F9000 X121.1 Y101.749
G0 X121.1 Y100.586
G0 X121.318 Y100.586
G1 F3000 X115.68 Y102.097 E652.97875
G0 F9000 X115.679 Y101.766
G1 F3000 X121.319 Y107.406 E653.24403
G0 F9000 X121.319 Y107.013
G1 F3000 X115.681 Y128.056 E653.96861
G0 F9000 X115.9 Y128.056
G0 X115.9 Y126.943
G0 X115.681 Y126.943
G1 F3000 X116.601 Y126.697 E654.00029
G0 F9000 X116.384 Y126.671
G0 X116.851 Y125.621
G0 X117.032 Y125.746
G1 F3000 X115.68 Y124.394 E654.06388
G0 F9000 X115.9 Y124.394
G0 X115.9 Y122.803
G0 X115.68 Y122.803
G1 F3000 X121.319 Y121.292 E654.25805
G0 F9000 X121.1 Y121.292
G0 X121.1 Y122.467
G0 X121.319 Y122.467
G1 F3000 X120.291 Y126.305 E654.3902
G0 F9000 X119.995 Y125.788
G1 F3000 X121.319 Y125.433 E654.43579
G0 F9000 X121.1 Y125.433
G0 X121.1 Y124.377
G0 X121.319 Y124.377
G1 F3000 X115.68 Y118.738 E654.70104
G1 X115.68 Y118.661
G1 X121.318 Y117.151 E654.89517
G0 F9000 X121.1 Y117.151
G0 X121.1 Y118.72
G0 X121.319 Y118.72
G1 F3000 X115.68 Y113.081 E655.16041
G0 F9000 X115.68 Y112.603
G1 F3000 X121.319 Y91.558 E655.88506
G0 F9000 X121.319 Y92.304
G1 F3000 X120.338 Y92.567 E655.91884
G0 F9000 X120.545 Y92.646
G0 X121.1 Y90.436
G0 X121.319 Y90.436
G1 F3000 X118.564 Y87.68 E656.04845
G0 F9000 X118.218 Y87.679
G1 F3000 X117.502 Y90.35 E656.14042
G0 F9000 X117.402 Y90.159
G0 X117.021 Y90.525
G0 X116.455 Y91.355
G0 X116.659 Y91.433
G1 F3000 X115.679 Y90.453 E656.18652
G0 F9000 X115.68 Y89.674
G1 F3000 X121.318 Y88.163 E656.38066
G0 F9000 X121.1 Y88.163
G0 X121.1 Y104.727
G0 X121.319 Y104.727
G1 F3000 X115.68 Y106.238 E656.57483
G0 F9000 X115.9 Y106.238
G0 X115.9 Y107.423
G0 X115.679 Y107.423
G1 F3000 X121.319 Y113.063 E656.84012
G1 X121.318 Y113.01
G1 X115.68 Y114.52 E657.03425
G0 F9000 X115.9 Y114.52
G0 X115.9 Y110.379
G0 X115.681 Y110.379
G1 F3000 X121.319 Y108.868 E657.22838
G0 F9000 X121.1 Y108.868
G0 X120.596 Y127
G0 X120.535 Y127.501
G0 X120.39 Y127.883
G0 X119.892 Y128.627
G0 X119.747 Y128.462
G1 F3000 X121.319 Y130.034 E657.30233
G0 F9000 X121.319 Y129.574
G1 F3000 X115.681 Y131.085 E657.49646
G0 F9000 X115.9 Y131.085
G0 X115.9 Y130.051
G0 X115.68 Y130.051
G1 F3000 X116.946 Y131.318 E657.55604
G0 F9000 X116.946 Y131.1
G0 X118.948 Y131.1
G0 X118.948 Y131.319
G1 F3000 X119.703 Y128.501 E657.65307
G0 F9000 X120.046 Y128.891
G1 F2700 E652.65307
G0 F9000 X121.58 Y112.13
G0 X122.665 Y112.13
G0 X135.585 Y112.13
G0 X136.67 Y112.13
G0 X137.12 Y112.13
G0 X136.851 Y112.399
;TYPE:WALL-INNER
G1 F2700 E657.65307
G1 F1500 X140.15 Y112.4 E657.7628
G1 X140.15 Y108.852 E657.8808
G1 X139.887 Y109.229 E657.89609
G1 X139.55 Y109.53 E657.91112
G1 X139.151 Y109.737 E657.92607
G1 X138.72 Y109.837 E657.94079
G1 X138.28 Y109.838 E657.95542
G1 X137.849 Y109.737 E657.97014
G1 X137.451 Y109.532 E657.98503
G1 X137.114 Y109.231 E658.00006
G1 X136.85 Y108.852 E658.01543
G1 X136.851 Y112.399 E658.1334
G0 F9000 X137.12 Y112.13
G0 X136.807 Y108
G0 X137.09 Y106.467
G0 X136.85 Y107.148
G1 F1500 X137.114 Y106.768 E658.14879
G1 X137.452 Y106.468 E658.16382
G1 X137.849 Y106.263 E658.17868
G1 X138.28 Y106.162 E658.1934
G1 X138.72 Y106.163 E658.20804
G1 X139.151 Y106.263 E658.22275
G1 X139.549 Y106.47 E658.23768
G1 X139.887 Y106.77 E658.25271
G1 X140.15 Y107.148 E658.26802
G1 X140.15 Y103.6 E658.38603
G1 X136.851 Y103.601 E658.49575
G1 X136.85 Y107.148 E658.61373
G1 F2700 E653.61373
G0 F9000 X137.09 Y106.467
G0 X136.807 Y108
G0 X136.857 Y108.404
G0 X137.842 Y110.043
G0 X138.008 Y109.364
;TYPE:WALL-OUTER
G1 F2700 E658.61373
G1 F1500 X137.657 Y109.18 E658.62691
G1 X137.4 Y108.943 E658.63854
G1 X137.229 Y108.697 E658.6485
G1 F1304.3 X137.028 Y108.33 E658.66451
G1 F1174.2 X137.001 Y107.97 E658.67985
G1 X137.028 Y107.67 E658.69264
G1 F1304.3 X137.229 Y107.303 E658.70865
G1 F1500 X137.431 Y107.022 E658.72016
G1 X137.698 Y106.792 E658.73188
G1 X138.008 Y106.636 E658.74342
G1 X138.325 Y106.56 E658.75427
G1 X138.675 Y106.56 E658.76591
G1 X138.992 Y106.636 E658.77675
G1 X139.302 Y106.792 E658.78829
G1 X139.569 Y107.022 E658.80001
G1 X139.771 Y107.303 E658.81152
G1 F1304.3 X139.972 Y107.67 E658.82753
G1 F1174.2 X139.999 Y107.97 E658.84033
G1 X139.971 Y108.344 E658.85626
G1 F1304.3 X139.771 Y108.697 E658.87178
G1 F1500 X139.569 Y108.978 E658.88329
G1 X139.302 Y109.208 E658.89501
G1 X138.992 Y109.364 E658.90655
G1 X138.675 Y109.44 E658.9174
G1 X138.325 Y109.44 E658.92904
G1 X138.008 Y109.364 E658.93988
G1 F2700 E653.93988
G0 F9000 X137.842 Y110.043
G0 X136.72 Y112.53
G0 X136.451 Y112.799
G1 F2700 E658.93988
G1 F1500 X140.55 Y112.8 E659.07621
G1 X140.55 Y108.791 E659.20955
G1 F1304.3 X140.49 Y108.389 E659.2251
G1 F1176.5 X140.5 Y108 E659.2416
G1 X140.49 Y107.639 E659.25692
G1 F1304.3 X140.55 Y107.209 E659.27352
G1 F1500 X140.55 Y103.2 E659.40686
G1 X136.451 Y103.201 E659.5432
G1 X136.45 Y107.209 E659.6765
G1 F1304.3 X136.51 Y107.639 E659.69311
G1 F1176.5 X136.5 Y108 E659.70842
G1 X136.51 Y108.361 E659.72374
G1 F1304.3 X136.45 Y108.791 E659.74034
G1 F1500 X136.451 Y112.799 E659.87365
G0 F9000 X136.72 Y112.53
G0 X137.545 Y112.1
G0 X137.545 Y112.318
;TYPE:FILL
G1 F3000 X136.93 Y111.703 E659.90258
G0 F9000 X137.15 Y111.703
G0 X137.15 Y110.572
G0 X136.93 Y110.572
G1 F3000 X137.232 Y109.445 E659.94139
G0 F9000 X137.087 Y109.608
G0 X136.807 Y108
G0 X137.198 Y106.294
G0 X137.34 Y106.457
G1 F3000 X136.93 Y106.046 E659.96069
G0 F9000 X137.15 Y106.046
G0 X138.072 Y105.9
G0 X138.124 Y106.117
G1 F3000 X138.777 Y103.679 E660.04464
G0 F9000 X138.777 Y103.9
G0 X139.85 Y103.844
G0 X140.068 Y103.844
G1 F3000 X136.93 Y104.685 E660.15269
G0 F9000 X137.15 Y104.685
G0 X136.807 Y108
G0 X136.857 Y108.404
G0 X136.974 Y108.714
G0 X139.35 Y112.1
G0 X139.35 Y112.319
G1 F3000 X140.068 Y112.127 E660.17741
G0 F9000 X139.55 Y111.8
G1 F2700 E655.17741
;MESH:NONMESH
G0 F300 X139.55 Y111.8 Z2.8
G0 F9000 X137.233 Y109.122
G0 X137.001 Y108.786
G0 X136.857 Y108.404
G0 X136.664 Y103.414
G0 X135.585 Y103.414
G0 X122.653 Y86.347
G0 X114.347 Y86.347
G0 X95.597 Y86.847
G0 X84.415 Y103.414
G0 X83.33 Y103.414
G0 X83.193 Y93
G0 X82.91 Y91.467
G0 X83.15 Y92.148
;TIME_ELAPSED:1163.850350
;LAYER:13
;TYPE:WALL-INNER
;MESH:Spacers.stl
G1 F2700 E660.17741
G1 F1500 X83.15 Y88.6 E660.29542
G1 X79.851 Y88.601 E660.40515
G1 X79.85 Y92.148 E660.52312
G1 X80.114 Y91.768 E660.53851
G1 X80.452 Y91.468 E660.55354
G1 X80.849 Y91.263 E660.5684
G1 X81.28 Y91.162 E660.58313
G1 X81.72 Y91.163 E660.59776
G1 X82.151 Y91.263 E660.61248
G1 X82.549 Y91.47 E660.6274
G1 X82.887 Y91.77 E660.64243
G1 X83.15 Y92.148 E660.65774
G1 F2700 E655.65774
G0 F9000 X82.91 Y91.467
G0 X83.165 Y92.847
G0 X82.91 Y126.467
G0 X83.15 Y127.148
G1 F2700 E660.65774
G1 F1500 X83.15 Y93.852 E661.76517
G1 X82.887 Y94.229 E661.78046
G1 X82.55 Y94.53 E661.79549
G1 X82.155 Y94.736 E661.81031
G1 X81.727 Y94.841 E661.82497
G1 X81.272 Y94.841 E661.8401
G1 X80.846 Y94.736 E661.85469
G1 X80.451 Y94.531 E661.86949
G1 X80.114 Y94.232 E661.88448
G1 X79.85 Y93.852 E661.89987
G1 X79.85 Y127.148 E663.0073
G1 X80.114 Y126.768 E663.02269
G1 X80.451 Y126.468 E663.03769
G1 X80.846 Y126.264 E663.05248
G1 X81.272 Y126.159 E663.06707
G1 X81.727 Y126.159 E663.08221
G1 X82.155 Y126.264 E663.09686
G1 X82.55 Y126.47 E663.11168
G1 X82.887 Y126.771 E663.12671
G1 X83.15 Y127.148 E663.142
G0 F9000 X82.91 Y126.467
G0 X83.165 Y127.847
G0 X82.88 Y132.13
G0 X83.15 Y132.4
G1 F1500 X83.15 Y128.852 E663.26
G1 X82.887 Y129.229 E663.27529
G1 X82.55 Y129.53 E663.29032
G1 X82.151 Y129.737 E663.30527
G1 X81.72 Y129.837 E663.31999
G1 X81.28 Y129.838 E663.33462
G1 X80.849 Y129.737 E663.34935
G1 X80.451 Y129.532 E663.36424
G1 X80.114 Y129.231 E663.37926
G1 X79.85 Y128.852 E663.39463
G1 X79.851 Y132.399 E663.5126
G1 X83.15 Y132.4 E663.62233
G0 F9000 X83.55 Y132.8
;TYPE:WALL-OUTER
G1 F1500 X83.55 Y128.791 E663.75567
G1 F1304.3 X83.49 Y128.389 E663.77121
G1 F1176.5 X83.5 Y128 E663.78771
G1 X83.49 Y127.639 E663.80303
G1 F1304.3 X83.55 Y127.209 E663.81964
G1 F1500 X83.55 Y93.791 E664.93112
G1 F1304.3 X83.49 Y93.389 E664.94667
G1 F1176.5 X83.5 Y93 E664.96317
G1 X83.49 Y92.639 E664.97849
G1 F1304.3 X83.55 Y92.209 E664.99509
G1 F1500 X83.55 Y88.2 E665.12843
G1 X79.451 Y88.201 E665.26476
G1 X79.45 Y92.209 E665.39807
G1 F1304.3 X79.51 Y92.639 E665.41468
G1 F1176.5 X79.5 Y93 E665.42999
G1 X79.51 Y93.361 E665.44531
G1 F1304.3 X79.45 Y93.791 E665.46191
G1 F1500 X79.45 Y127.209 E666.5734
G1 F1304.3 X79.51 Y127.639 E666.59001
G1 F1176.5 X79.5 Y128 E666.60532
G1 X79.51 Y128.361 E666.62064
G1 F1304.3 X79.45 Y128.791 E666.63724
G1 F1500 X79.451 Y132.799 E666.77055
G1 X83.55 Y132.8 E666.90688
G1 F2700 E661.90688
G0 F9000 X83.28 Y132.53
G0 X82.157 Y130.044
G0 X81.992 Y129.364
G1 F2700 E666.90688
G1 F1500 X81.675 Y129.44 E666.91773
G1 X81.325 Y129.44 E666.92937
G1 X81.008 Y129.364 E666.94021
G1 X80.657 Y129.18 E666.95339
G1 X80.4 Y128.943 E666.96502
G1 X80.229 Y128.697 E666.97498
G1 F1304.3 X80.028 Y128.33 E666.99099
G1 F1174.2 X80.001 Y127.97 E667.00633
G1 X80.028 Y127.67 E667.01912
G1 F1304.3 X80.229 Y127.303 E667.03513
G1 F1500 X80.431 Y127.022 E667.04664
G1 X80.698 Y126.792 E667.05836
G1 X81.008 Y126.636 E667.0699
G1 X81.299 Y126.564 E667.07987
G1 X81.7 Y126.564 E667.09321
G1 X81.992 Y126.636 E667.10321
G1 X82.302 Y126.792 E667.11476
G1 X82.569 Y127.022 E667.12648
G1 X82.771 Y127.303 E667.13799
G1 F1304.3 X82.972 Y127.67 E667.15399
G1 F1176.5 X83 Y128 E667.16804
G1 X82.971 Y128.344 E667.18268
G1 F1304.3 X82.771 Y128.697 E667.1982
G1 F1500 X82.569 Y128.978 E667.20971
G1 X82.302 Y129.208 E667.22143
G1 X81.992 Y129.364 E667.23297
G1 F2700 E662.23297
G0 F9000 X82.157 Y130.044
G0 X82.999 Y128.786
G0 X83.143 Y128.404
G0 X81.865 Y95.115
G0 X81.7 Y94.436
G1 F2700 E667.23297
G1 F1500 X81.299 Y94.436 E667.24631
G1 X81.008 Y94.364 E667.25628
G1 X80.657 Y94.18 E667.26946
G1 X80.4 Y93.943 E667.28109
G1 X80.229 Y93.697 E667.29105
G1 F1304.3 X80.028 Y93.33 E667.30706
G1 F1174.2 X80.001 Y92.97 E667.3224
G1 X80.028 Y92.67 E667.33519
G1 F1304.3 X80.229 Y92.303 E667.3512
G1 F1500 X80.431 Y92.022 E667.36271
G1 X80.698 Y91.792 E667.37443
G1 X81.008 Y91.636 E667.38597
G1 X81.325 Y91.56 E667.39681
G1 X81.675 Y91.56 E667.40846
G1 X81.992 Y91.636 E667.4193
G1 X82.302 Y91.792 E667.43084
G1 X82.569 Y92.022 E667.44256
G1 X82.771 Y92.303 E667.45407
G1 F1304.3 X82.972 Y92.67 E667.47008
G1 F1176.5 X83 Y93 E667.48412
G1 X82.971 Y93.344 E667.49876
G1 F1304.3 X82.771 Y93.697 E667.51428
G1 F1500 X82.569 Y93.978 E667.52579
G1 X82.302 Y94.208 E667.53751
G1 X81.992 Y94.364 E667.54905
G1 X81.7 Y94.436 E667.55906
G0 F9000 X81.226 Y94.911
;TYPE:FILL
G1 F3000 X79.93 Y95.258 E667.60368
G0 F9000 X80.447 Y94.619
G1 F3000 X83.07 Y97.242 E667.72706
G0 F9000 X82.85 Y97.242
G0 X82.85 Y98.558
G0 X83.069 Y98.558
G1 F3000 X79.93 Y99.399 E667.83514
G0 F9000 X79.93 Y99.759
G1 F3000 X83.07 Y102.898 E667.98282
G1 X83.069 Y102.699
G1 X79.93 Y103.54 E668.0909
G0 F9000 X80.15 Y103.54
G0 X80.15 Y105.416
G0 X79.93 Y105.416
G1 F3000 X83.07 Y108.555 E668.23857
G0 F9000 X82.85 Y108.555
G0 X82.85 Y110.126
G0 X83.069 Y110.126
G1 F3000 X79.93 Y121.843 E668.64203
G0 F9000 X79.93 Y122.386
G1 F3000 X83.07 Y125.526 E668.78972
G1 X83.069 Y125.582
G1 X82.8 Y126.585 E668.82426
G0 F9000 X82.946 Y126.421
G0 X82.85 Y123.405
G0 X83.069 Y123.405
G1 F3000 X79.93 Y124.245 E668.93234
G0 F9000 X80.15 Y124.245
G0 X80.15 Y120.105
G0 X79.93 Y120.105
G1 F3000 X83.069 Y119.263 E669.04043
G0 F9000 X83.07 Y119.869
G1 F3000 X79.93 Y116.729 E669.18813
G0 F9000 X79.93 Y115.963
G1 F3000 X83.069 Y115.122 E669.29621
G0 F9000 X83.07 Y114.212
G1 F3000 X79.93 Y111.073 E669.44389
G0 F9000 X79.93 Y111.822
G1 F3000 X83.068 Y110.981 E669.55194
G0 F9000 X82.85 Y110.981
G0 X82.85 Y106.84
G0 X83.068 Y106.84
G1 F3000 X79.93 Y107.681 E669.65999
G0 F9000 X80.15 Y107.681
G0 X80.15 Y106.387
G0 X79.93 Y106.387
G1 F3000 X83.069 Y94.671 E670.06341
G0 F9000 X83.068 Y94.417
G1 F3000 X82.676 Y94.522 E670.07691
G0 F9000 X82.822 Y94.689
G0 X83.193 Y93
G0 X82.91 Y91.467
G0 X83.07 Y91.585
G1 F3000 X80.165 Y88.68 E670.21355
G0 F9000 X80.534 Y88.679
G1 F3000 X79.93 Y90.931 E670.2911
G1 X79.931 Y91.116
G1 X83.068 Y90.276 E670.39911
G1 F2700 E665.39911
G0 F9000 X82.85 Y90.276
G0 X83.193 Y93
G0 X83.193 Y128
G0 X83.143 Y128.404
G0 X83.013 Y128.748
G0 X81.972 Y130.089
G0 X81.92 Y129.87
G1 F2700 E670.39911
G1 F3000 X81.264 Y132.319 E670.48344
G0 F9000 X80.709 Y132.319
G1 F3000 X83.068 Y131.687 E670.56467
G0 F9000 X83.069 Y131.182
G1 F3000 X81.788 Y129.901 E670.62492
G0 F9000 X81.912 Y130.412
G1 F2700 E665.62492
G0 F9000 X83.33 Y131.63
G0 X84.415 Y131.63
G0 X95.585 Y131.63
G0 X96.67 Y131.63
G0 X99.88 Y131.63
G0 X100.15 Y131.9
;TYPE:WALL-INNER
G1 F2700 E670.62492
G1 F1500 X100.15 Y128.352 E670.74293
G1 X99.887 Y128.729 E670.75822
G1 X99.55 Y129.03 E670.77325
G1 X99.151 Y129.237 E670.7882
G1 X98.72 Y129.337 E670.80291
G1 X98.28 Y129.338 E670.81755
G1 X97.849 Y129.237 E670.83227
G1 X97.451 Y129.032 E670.84716
G1 X97.114 Y128.731 E670.86219
G1 X96.85 Y128.352 E670.87755
G1 X96.851 Y131.899 E670.99553
G1 X100.15 Y131.9 E671.10525
G0 F9000 X99.88 Y131.63
G0 X100.193 Y127.5
G0 X99.91 Y125.967
G0 X100.15 Y126.648
G1 F1500 X100.15 Y93.352 E672.21268
G1 X99.887 Y93.729 E672.22797
G1 X99.55 Y94.03 E672.243
G1 X99.155 Y94.236 E672.25781
G1 X98.727 Y94.341 E672.27247
G1 X98.272 Y94.341 E672.28761
G1 X97.846 Y94.236 E672.3022
G1 X97.451 Y94.031 E672.317
G1 X97.114 Y93.732 E672.33198
G1 X96.85 Y93.352 E672.34737
G1 X96.85 Y126.648 E673.4548
G1 X97.114 Y126.268 E673.47019
G1 X97.451 Y125.968 E673.4852
G1 X97.846 Y125.764 E673.49999
G1 X98.272 Y125.659 E673.51458
G1 X98.727 Y125.659 E673.52971
G1 X99.155 Y125.764 E673.54437
G1 X99.55 Y125.97 E673.55919
G1 X99.887 Y126.271 E673.57422
G1 X100.15 Y126.648 E673.5895
G1 F2700 E668.5895
G0 F9000 X99.91 Y125.967
G0 X100.193 Y92.5
G0 X99.91 Y90.967
G0 X100.15 Y91.648
G1 F2700 E673.5895
G1 F1500 X100.15 Y88.1 E673.70751
G1 X96.851 Y88.101 E673.81724
G1 X96.85 Y91.648 E673.93521
G1 X97.114 Y91.268 E673.9506
G1 X97.452 Y90.968 E673.96563
G1 X97.849 Y90.763 E673.98049
G1 X98.28 Y90.662 E673.99522
G1 X98.72 Y90.663 E674.00985
G1 X99.151 Y90.763 E674.02457
G1 X99.549 Y90.97 E674.03949
G1 X99.887 Y91.27 E674.05452
G1 X100.15 Y91.648 E674.06983
G1 F2700 E669.06983
G0 F9000 X99.91 Y90.967
G0 X100.193 Y92.5
G0 X100.143 Y92.904
G0 X99.999 Y93.286
G0 X98.865 Y94.615
G0 X98.7 Y93.936
;TYPE:WALL-OUTER
G1 F2700 E674.06983
G1 F1500 X98.299 Y93.936 E674.08317
G1 X98.008 Y93.864 E674.09314
G1 X97.657 Y93.68 E674.10632
G1 X97.4 Y93.443 E674.11795
G1 X97.229 Y93.197 E674.12792
G1 F1304.3 X97.028 Y92.83 E674.14392
G1 F1174.2 X97.001 Y92.47 E674.15926
G1 X97.028 Y92.17 E674.17206
G1 F1304.3 X97.229 Y91.803 E674.18806
G1 F1500 X97.431 Y91.522 E674.19957
G1 X97.698 Y91.292 E674.21129
G1 X98.008 Y91.136 E674.22284
G1 X98.325 Y91.06 E674.23368
G1 X98.675 Y91.06 E674.24532
G1 X98.992 Y91.136 E674.25616
G1 X99.302 Y91.292 E674.2677
G1 X99.569 Y91.522 E674.27943
G1 X99.771 Y91.803 E674.29094
G1 F1304.3 X99.972 Y92.17 E674.30694
G1 F1176.5 X100 Y92.5 E674.32099
G1 X99.971 Y92.844 E674.33563
G1 F1304.3 X99.771 Y93.197 E674.35114
G1 F1500 X99.569 Y93.478 E674.36265
G1 X99.302 Y93.708 E674.37438
G1 X98.992 Y93.864 E674.38592
G1 X98.7 Y93.936 E674.39592
G1 F2700 E669.39592
G0 F9000 X98.865 Y94.615
G0 X100.193 Y127.5
G0 X100.143 Y127.904
G0 X99.999 Y128.286
G0 X98.675 Y129.641
G0 X98.675 Y128.94
G1 F2700 E674.39592
G1 F1500 X98.325 Y128.94 E674.40756
G1 X98.008 Y128.864 E674.4184
G1 X97.657 Y128.68 E674.43159
G1 X97.4 Y128.443 E674.44321
G1 X97.229 Y128.197 E674.45318
G1 F1304.3 X97.028 Y127.83 E674.46918
G1 F1174.2 X97.001 Y127.47 E674.48452
G1 X97.028 Y127.17 E674.49732
G1 F1304.3 X97.229 Y126.803 E674.51332
G1 F1500 X97.431 Y126.522 E674.52484
G1 X97.698 Y126.292 E674.53656
G1 X98.008 Y126.136 E674.5481
G1 X98.299 Y126.064 E674.55807
G1 X98.7 Y126.064 E674.57141
G1 X98.992 Y126.136 E674.58141
G1 X99.302 Y126.292 E674.59295
G1 X99.569 Y126.522 E674.60467
G1 X99.771 Y126.803 E674.61618
G1 F1304.3 X99.972 Y127.17 E674.63219
G1 F1176.5 X100 Y127.5 E674.64623
G1 X99.971 Y127.844 E674.66087
G1 F1304.3 X99.771 Y128.197 E674.67639
G1 F1500 X99.569 Y128.478 E674.6879
G1 X99.302 Y128.708 E674.69962
G1 X98.992 Y128.864 E674.71116
G1 X98.675 Y128.94 E674.72201
G1 F2700 E669.72201
G0 F9000 X98.675 Y129.641
G0 X100.28 Y132.03
G0 X100.55 Y132.3
G1 F2700 E674.72201
G1 F1500 X100.55 Y128.291 E674.85535
G1 F1304.3 X100.49 Y127.889 E674.87089
G1 F1176.5 X100.5 Y127.5 E674.8874
G1 X100.49 Y127.139 E674.90271
G1 F1304.3 X100.55 Y126.709 E674.91932
G1 F1500 X100.55 Y93.291 E676.0308
G1 F1304.3 X100.49 Y92.889 E676.04635
G1 F1176.5 X100.5 Y92.5 E676.06285
G1 X100.49 Y92.139 E676.07817
G1 F1304.3 X100.55 Y91.709 E676.09477
G1 F1500 X100.55 Y87.7 E676.22811
G1 X96.451 Y87.701 E676.36445
G1 X96.45 Y91.709 E676.49775
G1 F1304.3 X96.51 Y92.139 E676.51436
G1 F1176.5 X96.5 Y92.5 E676.52967
G1 X96.51 Y92.861 E676.54499
G1 F1304.3 X96.45 Y93.291 E676.56159
G1 F1500 X96.45 Y126.709 E677.67308
G1 F1304.3 X96.51 Y127.139 E677.68969
G1 F1176.5 X96.5 Y127.5 E677.705
G1 X96.51 Y127.861 E677.72032
G1 F1304.3 X96.45 Y128.291 E677.73692
G1 F1500 X96.451 Y132.299 E677.87023
G1 X100.55 Y132.3 E678.00656
G0 F9000 X100.28 Y132.03
G0 X99.85 Y131.273
G0 X100.068 Y131.273
;TYPE:FILL
G1 F3000 X98.032 Y131.818 E678.07667
G1 X97.962 Y131.819
G1 X98.606 Y129.415 E678.15944
G0 F9000 X98.273 Y129.416
G1 F3000 X100.07 Y131.212 E678.24394
G0 F9000 X99.85 Y131.212
G0 X100.193 Y127.5
G0 X99.654 Y125.689
G0 X99.553 Y125.881
G1 F3000 X100.069 Y123.957 E678.3102
G0 F9000 X100.069 Y122.991
G1 F3000 X96.93 Y123.831 E678.41828
G0 F9000 X97.15 Y123.831
G0 X97.15 Y122.415
G0 X96.93 Y122.415
G1 F3000 X100.069 Y125.555 E678.56595
G0 F9000 X99.85 Y125.555
G0 X99.85 Y119.898
G0 X100.069 Y119.898
G1 F3000 X96.93 Y116.758 E678.71362
G0 F9000 X97.15 Y116.758
G0 X97.15 Y115.549
G0 X96.931 Y115.549
G1 F3000 X100.068 Y114.708 E678.82164
G0 F9000 X100.069 Y114.241
G1 F3000 X96.93 Y111.102 E678.96929
G0 F9000 X96.931 Y111.408
G1 F3000 X100.068 Y110.567 E679.07731
G0 F9000 X99.85 Y110.567
G0 X99.85 Y108.584
G0 X100.069 Y108.584
G1 F3000 X96.93 Y105.445 E679.22496
G0 F9000 X96.93 Y104.76
G1 F3000 X99.849 Y93.869 E679.59998
G0 F9000 X100.068 Y94.003
G1 F3000 X99.46 Y94.166 E679.62092
G0 F9000 X98.512 Y94.42
G1 F3000 X96.931 Y94.844 E679.67536
G0 F9000 X96.93 Y94.131
G1 F3000 X100.069 Y97.271 E679.82303
G0 F9000 X100.068 Y98.144
G1 F3000 X96.931 Y98.985 E679.93105
G0 F9000 X96.93 Y99.788
G1 F3000 X100.069 Y102.927 E680.0787
G0 F9000 X100.069 Y102.285
G1 F3000 X96.93 Y103.126 E680.18679
G0 F9000 X97.15 Y103.126
G0 X97.15 Y107.267
G0 X96.931 Y107.267
G1 F3000 X100.069 Y106.426 E680.29484
G0 F9000 X99.85 Y106.426
G0 X99.85 Y108.501
G0 X100.069 Y108.501
G1 F3000 X96.93 Y120.214 E680.69817
G0 F9000 X96.931 Y119.69
G1 F3000 X100.069 Y118.849 E680.80622
G0 F9000 X99.85 Y118.849
G0 X100.193 Y92.5
G0 X100.143 Y92.096
G0 X99.183 Y90.463
G0 X99.131 Y90.675
G1 F3000 X96.93 Y88.474 E680.90975
G0 F9000 X97.232 Y88.179
G1 F3000 X96.93 Y89.305 E680.94852
G0 F9000 X97.15 Y89.305
G0 X97.15 Y90.703
G0 X96.93 Y90.703
G1 F3000 X100.068 Y89.862 E681.05658
G0 F9000 X99.55 Y89.862
G1 F2700 E676.05658
G0 F9000 X100.143 Y92.096
G0 X100.33 Y94.131
G0 X101.415 Y94.131
G0 X114.335 Y94.131
G0 X115.42 Y94.131
G0 X118.201 Y94.131
G0 X118.272 Y93.841
;TYPE:WALL-INNER
G1 F2700 E681.05658
G1 F1500 X117.843 Y93.735 E681.07127
G1 X117.448 Y93.529 E681.08609
G1 X117.109 Y93.226 E681.10121
G1 X116.857 Y92.861 E681.11597
G1 X116.7 Y92.445 E681.13075
G1 X116.651 Y92 E681.14564
G1 X116.699 Y91.558 E681.16043
G1 X116.857 Y91.139 E681.17533
G1 X117.109 Y90.774 E681.19008
G1 X117.449 Y90.47 E681.20525
G1 X117.847 Y90.264 E681.22015
G1 X118.244 Y90.167 E681.23375
G1 X118.723 Y90.158 E681.24968
G1 X119.155 Y90.265 E681.26448
G1 X119.554 Y90.473 E681.27945
G1 X119.891 Y90.774 E681.29448
G1 X120.142 Y91.137 E681.30916
G1 X120.302 Y91.561 E681.32423
G1 X120.35 Y92 E681.33892
G1 X120.302 Y92.437 E681.35354
G1 X120.142 Y92.862 E681.36864
G1 X119.891 Y93.226 E681.38335
G1 X119.555 Y93.526 E681.39833
G1 X119.158 Y93.735 E681.41325
G1 X118.727 Y93.841 E681.42802
G1 X118.272 Y93.841 E681.44315
G1 F2700 E676.44315
G0 F9000 X118.201 Y94.131
G0 X116.404 Y127
G0 X116.465 Y127.501
G0 X116.644 Y127.973
G0 X116.932 Y128.389
G0 X117.273 Y128.691
G0 X118.207 Y129.132
G0 X118.278 Y128.842
G1 F2700 E681.44315
G1 F1500 X117.846 Y128.736 E681.45794
G1 X117.449 Y128.53 E681.47282
G1 X117.109 Y128.226 E681.48799
G1 X116.857 Y127.861 E681.50274
G1 X116.7 Y127.445 E681.51753
G1 X116.651 Y127 E681.53242
G1 X116.699 Y126.558 E681.54721
G1 X116.857 Y126.139 E681.5621
G1 X117.109 Y125.774 E681.57685
G1 X117.448 Y125.471 E681.59198
G1 X117.843 Y125.265 E681.60679
G1 X118.272 Y125.159 E681.62149
G1 X118.727 Y125.159 E681.63663
G1 X119.157 Y125.265 E681.65136
G1 X119.555 Y125.474 E681.66631
G1 X119.891 Y125.774 E681.68129
G1 X120.142 Y126.137 E681.69597
G1 X120.302 Y126.561 E681.71104
G1 X120.35 Y127 E681.72573
G1 X120.302 Y127.437 E681.74035
G1 X120.142 Y127.862 E681.75545
G1 X119.891 Y128.226 E681.77016
G1 X119.554 Y128.527 E681.78519
G1 X119.154 Y128.736 E681.8002
G1 X118.756 Y128.833 E681.81382
G1 X118.278 Y128.842 E681.82973
G0 F9000 X118.207 Y129.132
G0 X115.87 Y131.13
G0 X115.601 Y131.399
G1 F1500 X121.4 Y131.4 E682.0226
G1 X121.4 Y87.6 E683.4794
G1 X115.601 Y87.601 E683.67227
G1 X115.601 Y131.399 E685.129
G0 F9000 X115.201 Y131.799
;TYPE:WALL-OUTER
G1 F1500 X121.8 Y131.8 E685.34848
G1 X121.8 Y87.2 E686.83188
G1 X115.201 Y87.201 E687.05137
G1 X115.201 Y131.799 E688.5347
G1 F2700 E683.5347
G0 F9000 X115.47 Y131.53
G0 X118.133 Y129.114
G0 X118.299 Y128.436
G1 F2700 E688.5347
G1 F1500 X118.008 Y128.364 E688.54467
G1 X117.657 Y128.18 E688.55785
G1 X117.4 Y127.943 E688.56948
G1 X117.206 Y127.653 E688.58109
G1 X117.089 Y127.334 E688.59239
G1 X117.051 Y127 E688.60357
G1 X117.099 Y126.63 E688.61598
G1 X117.229 Y126.303 E688.62768
G1 X117.431 Y126.022 E688.63919
G1 X117.698 Y125.792 E688.65091
G1 X118.008 Y125.636 E688.66246
G1 X118.299 Y125.564 E688.67243
G1 X118.7 Y125.564 E688.68576
G1 X118.992 Y125.636 E688.69577
G1 X119.343 Y125.82 E688.70895
G1 X119.6 Y126.057 E688.72058
G1 X119.794 Y126.347 E688.73218
G1 X119.912 Y126.677 E688.74384
G1 X119.95 Y127 E688.75465
G1 X119.911 Y127.334 E688.76584
G1 X119.771 Y127.697 E688.77878
G1 X119.569 Y127.978 E688.79029
G1 X119.302 Y128.208 E688.80201
G1 X118.992 Y128.364 E688.81355
G1 X118.687 Y128.439 E688.824
G1 X118.299 Y128.436 E688.8369
G1 F2700 E683.8369
G0 F9000 X118.133 Y129.114
G0 X117.311 Y128.724
G0 X116.932 Y128.389
G0 X116.644 Y127.973
G0 X116.465 Y127.501
G0 X116.43 Y127.217
G0 X118.133 Y94.114
G0 X118.299 Y93.436
G1 F2700 E688.8369
G1 F1500 X118.008 Y93.364 E688.84687
G1 X117.657 Y93.18 E688.86006
G1 X117.4 Y92.943 E688.87168
G1 X117.206 Y92.653 E688.88329
G1 X117.089 Y92.334 E688.89459
G1 X117.051 Y92 E688.90577
G1 X117.099 Y91.63 E688.91818
G1 X117.229 Y91.303 E688.92988
G1 X117.431 Y91.022 E688.94139
G1 X117.698 Y90.792 E688.95311
G1 X118.008 Y90.636 E688.96466
G1 X118.313 Y90.561 E688.9751
G1 X118.701 Y90.564 E688.98801
G1 X118.992 Y90.636 E688.99798
G1 X119.343 Y90.82 E689.01116
G1 X119.6 Y91.057 E689.02279
G1 X119.794 Y91.347 E689.03439
G1 X119.912 Y91.677 E689.04605
G1 X119.95 Y92 E689.05687
G1 X119.911 Y92.334 E689.06805
G1 X119.771 Y92.697 E689.08099
G1 X119.569 Y92.978 E689.0925
G1 X119.302 Y93.208 E689.10422
G1 X118.992 Y93.364 E689.11577
G1 X118.7 Y93.436 E689.12577
G1 X118.299 Y93.436 E689.13911
G0 F9000 X117.32 Y93.521
;TYPE:FILL
G1 F3000 X115.68 Y93.961 E689.19558
G0 F9000 X115.9 Y93.961
G0 X116.514 Y92.803
G0 X116.719 Y92.726
G1 F3000 X115.68 Y96.604 E689.32911
G0 F9000 X115.679 Y95.91
G1 F3000 X121.319 Y101.55 E689.5944
G0 F9000 X121.318 Y100.732
G1 F3000 X115.68 Y102.243 E689.78854
G0 F9000 X115.679 Y101.567
G1 F3000 X121.319 Y107.207 E690.05383
G0 F9000 X121.319 Y106.468
G1 F3000 X115.681 Y127.512 E690.77844
G0 F9000 X115.681 Y127.09
G1 F3000 X116.586 Y126.847 E690.80961
G0 F9000 X116.366 Y126.821
G0 X116.591 Y126.177
G0 X116.986 Y125.481
G0 X117.13 Y125.645
G1 F3000 X115.68 Y124.195 E690.87781
G0 F9000 X115.9 Y124.195
G0 X115.9 Y122.948
G0 X115.681 Y122.948
G1 F3000 X121.319 Y121.438 E691.07194
G0 F9000 X121.319 Y121.923
G1 F3000 X120.204 Y126.086 E691.21528
G0 F9000 X120.08 Y125.911
G1 F3000 X121.319 Y125.579 E691.25794
G0 F9000 X121.1 Y125.579
G0 X121.1 Y124.177
G0 X121.319 Y124.177
G1 F3000 X115.68 Y118.538 E691.52319
G0 F9000 X115.68 Y118.807
G1 F3000 X121.319 Y117.296 E691.71736
G0 F9000 X121.1 Y117.296
G0 X121.1 Y118.52
G0 X121.319 Y118.52
G1 F3000 X115.68 Y112.881 E691.9826
G0 F9000 X115.681 Y112.057
G1 F3000 X121.319 Y91.014 E692.70718
G0 F9000 X121.319 Y90.236
G1 F3000 X118.763 Y87.68 E692.8274
G0 F9000 X118.072 Y87.678
G1 F3000 X117.323 Y90.472 E692.92361
G0 F9000 X117.181 Y90.309
G0 X116.51 Y91.21
G0 X116.714 Y91.288
G1 F3000 X115.679 Y90.253 E692.97229
G0 F9000 X115.68 Y89.82
G1 F3000 X121.318 Y88.309 E693.16643
G0 F9000 X121.1 Y88.309
G0 X121.1 Y92.45
G0 X121.318 Y92.45
G1 F3000 X120.277 Y92.729 E693.20228
G0 F9000 X120.483 Y92.808
G0 X120.109 Y93.331
G0 X119.32 Y93.987
G0 X119.219 Y93.793
G1 F3000 X121.319 Y95.893 E693.30106
G0 F9000 X121.318 Y96.591
G1 F3000 X115.68 Y98.102 E693.49519
G0 F9000 X115.9 Y98.102
G0 X115.9 Y106.384
G0 X115.681 Y106.384
G1 F3000 X121.319 Y104.873 E693.68933
G0 F9000 X121.1 Y104.873
G0 X121.1 Y109.014
G0 X121.318 Y109.014
G1 F3000 X115.68 Y110.525 E693.88347
G0 F9000 X115.9 Y110.525
G0 X115.9 Y107.224
G0 X115.679 Y107.224
G1 F3000 X121.319 Y112.864 E694.14876
G0 F9000 X121.318 Y113.156
G1 F3000 X115.68 Y114.666 E694.34289
G0 F9000 X115.9 Y114.666
G0 X120.535 Y126.499
G0 X120.596 Y127
G0 X120.535 Y127.501
G0 X120.433 Y127.768
G0 X119.998 Y128.533
G0 X119.853 Y128.368
G1 F3000 X121.319 Y129.834 E694.41185
G1 X121.318 Y129.72
G1 X115.68 Y131.231 E694.60598
G0 F9000 X115.87 Y131.13
G0 X115.9 Y129.852
G0 X115.68 Y129.852
G1 F3000 X117.146 Y131.318 E694.67494
G0 F9000 X117.146 Y131.1
G0 X118.802 Y131.1
G0 X118.802 Y131.318
G1 F3000 X119.521 Y128.634 E694.76736
G0 F9000 X119.761 Y129.094
G1 F2700 E689.76736
G0 F9000 X120.15 Y127.209
G0 X121.58 Y112.13
G0 X122.665 Y112.13
G0 X135.585 Y112.13
G0 X136.67 Y112.13
G0 X137.12 Y112.13
G0 X136.851 Y112.399
;TYPE:WALL-INNER
G1 F2700 E694.76736
G1 F1500 X140.15 Y112.4 E694.87708
G1 X140.15 Y108.852 E694.99509
G1 X139.887 Y109.229 E695.01038
G1 X139.55 Y109.53 E695.02541
G1 X139.151 Y109.737 E695.04036
G1 X138.72 Y109.837 E695.05507
G1 X138.28 Y109.838 E695.06971
G1 X137.849 Y109.737 E695.08443
G1 X137.451 Y109.532 E695.09932
G1 X137.114 Y109.231 E695.11435
G1 X136.85 Y108.852 E695.12971
G1 X136.851 Y112.399 E695.24769
G0 F9000 X137.12 Y112.13
G0 X136.807 Y108
G0 X137.09 Y106.467
G0 X136.85 Y107.148
G1 F1500 X137.114 Y106.768 E695.26308
G1 X137.452 Y106.468 E695.27811
G1 X137.849 Y106.263 E695.29297
G1 X138.28 Y106.162 E695.30769
G1 X138.72 Y106.163 E695.32233
G1 X139.151 Y106.263 E695.33704
G1 X139.549 Y106.47 E695.35196
G1 X139.887 Y106.77 E695.36699
G1 X140.15 Y107.148 E695.38231
G1 X140.15 Y103.6 E695.50032
G1 X136.851 Y103.601 E695.61004
G1 X136.85 Y107.148 E695.72802
G1 F2700 E690.72802
G0 F9000 X137.09 Y106.467
G0 X136.807 Y108
G0 X136.857 Y108.404
G0 X137.842 Y110.043
G0 X138.008 Y109.364
;TYPE:WALL-OUTER
G1 F2700 E695.72802
G1 F1500 X137.657 Y109.18 E695.7412
G1 X137.4 Y108.943 E695.75283
G1 X137.229 Y108.697 E695.76279
G1 F1304.3 X137.028 Y108.33 E695.77879
G1 F1174.2 X137.001 Y107.97 E695.79413
G1 X137.028 Y107.67 E695.80693
G1 F1304.3 X137.229 Y107.303 E695.82294
G1 F1500 X137.431 Y107.022 E695.83445
G1 X137.698 Y106.792 E695.84617
G1 X138.008 Y106.636 E695.85771
G1 X138.325 Y106.56 E695.86855
G1 X138.675 Y106.56 E695.88019
G1 X138.992 Y106.636 E695.89104
G1 X139.302 Y106.792 E695.90258
G1 X139.569 Y107.022 E695.9143
G1 X139.771 Y107.303 E695.92581
G1 F1304.3 X139.972 Y107.67 E695.94182
G1 F1176.5 X140 Y108 E695.95586
G1 X139.971 Y108.344 E695.9705
G1 F1304.3 X139.771 Y108.697 E695.98602
G1 F1500 X139.569 Y108.978 E695.99753
G1 X139.302 Y109.208 E696.00925
G1 X138.992 Y109.364 E696.02079
G1 X138.675 Y109.44 E696.03163
G1 X138.325 Y109.44 E696.04328
G1 X138.008 Y109.364 E696.05412
G1 F2700 E691.05412
G0 F9000 X137.842 Y110.043
G0 X136.72 Y112.53
G0 X136.451 Y112.799
G1 F2700 E696.05412
G1 F1500 X140.55 Y112.8 E696.19045
G1 X140.55 Y108.791 E696.32379
G1 F1304.3 X140.49 Y108.389 E696.33934
G1 F1176.5 X140.5 Y108 E696.35584
G1 X140.49 Y107.639 E696.37115
G1 F1304.3 X140.55 Y107.209 E696.38776
G1 F1500 X140.55 Y103.2 E696.5211
G1 X136.451 Y103.201 E696.65743
G1 X136.45 Y107.209 E696.79074
G1 F1304.3 X136.51 Y107.639 E696.80735
G1 F1176.5 X136.5 Y108 E696.82266
G1 X136.51 Y108.361 E696.83798
G1 F1304.3 X136.45 Y108.791 E696.85458
G1 F1500 X136.451 Y112.799 E696.98789
G0 F9000 X136.72 Y112.53
G0 X137.745 Y112.1
G0 X137.745 Y112.318
;TYPE:FILL
G1 F3000 X136.93 Y111.504 E697.0262
G0 F9000 X137.15 Y111.504
G0 X137.15 Y110.028
G0 X136.93 Y110.028
G1 F3000 X137.114 Y109.339 E697.04992
G0 F9000 X137.09 Y109.533
G0 X136.807 Y108
G0 X137.357 Y106.183
G0 X137.456 Y106.373
G1 F3000 X136.93 Y105.847 E697.07466
G0 F9000 X137.15 Y105.847
G0 X137.15 Y104.831
G0 X136.931 Y104.831
G1 F3000 X140.068 Y103.99 E697.18268
G0 F9000 X139.85 Y103.99
G0 X138.631 Y103.9
G0 X138.631 Y103.679
G1 F3000 X137.968 Y106.153 E697.26787
G0 F9000 X137.917 Y105.938
G0 X139.461 Y106.607
G0 X139.767 Y106.878
G0 X139.999 Y107.214
G0 X140.143 Y107.596
G0 X139.895 Y112.1
G0 X139.895 Y112.319
G1 F3000 X140.069 Y112.273 E697.27386
G0 F9000 X139.55 Y111.918
G1 F2700 E692.27386
;MESH:NONMESH
G0 F300 X139.55 Y111.918 Z3
G0 F9000 X137.001 Y108.786
G0 X136.857 Y108.404
G0 X136.664 Y103.414
G0 X135.585 Y103.414
G0 X122.653 Y86.347
G0 X114.347 Y86.347
G0 X95.597 Y86.847
G0 X84.415 Y103.414
G0 X83.33 Y103.414
G0 X83.193 Y93
G0 X82.91 Y91.467
G0 X83.15 Y92.148
;TIME_ELAPSED:1234.032103
;LAYER:14
;TYPE:WALL-INNER
;MESH:Spacers.stl
G1 F2700 E697.27386
G1 F1500 X83.15 Y88.6 E697.39186
G1 X79.851 Y88.601 E697.50159
G1 X79.85 Y92.148 E697.61956
G1 X80.114 Y91.768 E697.63495
G1 X80.452 Y91.468 E697.64998
G1 X80.849 Y91.263 E697.66485
G1 X81.28 Y91.162 E697.67957
G1 X81.72 Y91.163 E697.6942
G1 X82.151 Y91.263 E697.70892
G1 X82.549 Y91.47 E697.72384
G1 X82.887 Y91.77 E697.73887
G1 X83.15 Y92.148 E697.75419
G1 F2700 E692.75419
G0 F9000 X82.91 Y91.467
G0 X83.165 Y92.847
G0 X82.91 Y126.467
G0 X83.15 Y127.148
G1 F2700 E697.75419
G1 F1500 X83.15 Y93.852 E698.86162
G1 X82.887 Y94.229 E698.87691
G1 X82.55 Y94.53 E698.89193
G1 X82.155 Y94.736 E698.90675
G1 X81.727 Y94.841 E698.92141
G1 X81.272 Y94.841 E698.93654
G1 X80.846 Y94.736 E698.95114
G1 X80.451 Y94.531 E698.96594
G1 X80.114 Y94.232 E698.98092
G1 X79.85 Y93.852 E698.99631
G1 X79.85 Y127.148 E700.10374
G1 X80.114 Y126.768 E700.11913
G1 X80.451 Y126.468 E700.13414
G1 X80.846 Y126.264 E700.14892
G1 X81.272 Y126.159 E700.16352
G1 X81.727 Y126.159 E700.17865
G1 X82.155 Y126.264 E700.19331
G1 X82.55 Y126.47 E700.20812
G1 X82.887 Y126.771 E700.22315
G1 X83.15 Y127.148 E700.23844
G0 F9000 X82.91 Y126.467
G0 X83.165 Y127.847
G0 X82.88 Y132.13
G0 X83.15 Y132.4
G1 F1500 X83.15 Y128.852 E700.35645
G1 X82.887 Y129.229 E700.37174
G1 X82.55 Y129.53 E700.38677
G1 X82.151 Y129.737 E700.40172
G1 X81.72 Y129.837 E700.41643
G1 X81.28 Y129.838 E700.43107
G1 X80.849 Y129.737 E700.44579
G1 X80.451 Y129.532 E700.46068
G1 X80.114 Y129.231 E700.47571
G1 X79.85 Y128.852 E700.49107
G1 X79.851 Y132.399 E700.60904
G1 X83.15 Y132.4 E700.71877
G0 F9000 X83.55 Y132.8
;TYPE:WALL-OUTER
G1 F1500 X83.55 Y128.791 E700.85211
G1 F1304.3 X83.49 Y128.389 E700.86766
G1 F1176.5 X83.5 Y128 E700.88416
G1 X83.49 Y127.639 E700.89947
G1 F1304.3 X83.55 Y127.209 E700.91608
G1 F1500 X83.55 Y93.791 E702.02757
G1 F1304.3 X83.49 Y93.389 E702.04311
G1 F1176.5 X83.5 Y93 E702.05961
G1 X83.49 Y92.639 E702.07493
G1 F1304.3 X83.55 Y92.209 E702.09154
G1 F1500 X83.55 Y88.2 E702.22488
G1 X79.451 Y88.201 E702.36121
G1 X79.45 Y92.209 E702.49452
G1 F1304.3 X79.51 Y92.639 E702.51112
G1 F1176.5 X79.5 Y93 E702.52644
G1 X79.51 Y93.361 E702.54175
G1 F1304.3 X79.45 Y93.791 E702.55836
G1 F1500 X79.45 Y127.209 E703.66984
G1 F1304.3 X79.51 Y127.639 E703.68645
G1 F1176.5 X79.5 Y128 E703.70177
G1 X79.51 Y128.361 E703.71708
G1 F1304.3 X79.45 Y128.791 E703.73369
G1 F1500 X79.451 Y132.799 E703.86699
G1 X83.55 Y132.8 E704.00333
G1 F2700 E699.00333
G0 F9000 X83.28 Y132.53
G0 X82.157 Y130.044
G0 X81.992 Y129.364
G1 F2700 E704.00333
G1 F1500 X81.675 Y129.44 E704.01417
G1 X81.325 Y129.44 E704.02581
G1 X81.008 Y129.364 E704.03665
G1 X80.657 Y129.18 E704.04983
G1 X80.4 Y128.943 E704.06146
G1 X80.229 Y128.697 E704.07143
G1 F1304.3 X80.028 Y128.33 E704.08743
G1 F1174.2 X80.001 Y127.97 E704.10277
G1 X80.028 Y127.67 E704.11557
G1 F1304.3 X80.229 Y127.303 E704.13157
G1 F1500 X80.431 Y127.022 E704.14308
G1 X80.698 Y126.792 E704.1548
G1 X81.008 Y126.636 E704.16635
G1 X81.299 Y126.564 E704.17632
G1 X81.7 Y126.564 E704.18966
G1 X81.992 Y126.636 E704.19966
G1 X82.302 Y126.792 E704.2112
G1 X82.6 Y127.057 E704.22446
G1 X82.771 Y127.303 E704.23443
G1 F1304.3 X82.972 Y127.67 E704.25043
G1 F1176.5 X83 Y128 E704.26448
G1 X82.971 Y128.344 E704.27912
G1 F1304.3 X82.771 Y128.697 E704.29464
G1 F1500 X82.569 Y128.978 E704.30615
G1 X82.302 Y129.208 E704.31787
G1 X81.992 Y129.364 E704.32941
G1 F2700 E699.32941
G0 F9000 X82.157 Y130.044
G0 X82.999 Y128.786
G0 X83.143 Y128.404
G0 X81.652 Y95.141
G0 X81.652 Y94.441
G1 F2700 E704.32941
G1 F1500 X81.299 Y94.436 E704.34115
G1 X81.008 Y94.364 E704.35112
G1 X80.657 Y94.18 E704.3643
G1 X80.4 Y93.943 E704.37593
G1 X80.229 Y93.697 E704.3859
G1 F1304.3 X80.028 Y93.33 E704.4019
G1 F1174.2 X80.001 Y92.97 E704.41724
G1 X80.028 Y92.67 E704.43004
G1 F1304.3 X80.229 Y92.303 E704.44604
G1 F1500 X80.431 Y92.022 E704.45755
G1 X80.698 Y91.792 E704.46928
G1 X81.008 Y91.636 E704.48082
G1 X81.325 Y91.56 E704.49166
G1 X81.675 Y91.56 E704.5033
G1 X81.992 Y91.636 E704.51414
G1 X82.302 Y91.792 E704.52569
G1 X82.569 Y92.022 E704.53741
G1 X82.771 Y92.303 E704.54892
G1 F1304.3 X82.972 Y92.67 E704.56492
G1 F1176.5 X83 Y93 E704.57897
G1 X82.971 Y93.344 E704.59361
G1 F1304.3 X82.771 Y93.697 E704.60912
G1 F1500 X82.569 Y93.978 E704.62063
G1 X82.302 Y94.208 E704.63236
G1 X81.992 Y94.364 E704.6439
G1 X81.652 Y94.441 E704.65549
G0 F9000 X81.815 Y94.9
;TYPE:FILL
G1 F3000 X79.93 Y95.405 E704.7204
G0 F9000 X80.15 Y95.405
G0 X80.794 Y95.031
G0 X80.846 Y94.817
G1 F3000 X83.07 Y97.041 E704.82501
G0 F9000 X82.85 Y97.041
G0 X82.85 Y98.705
G0 X83.068 Y98.705
G1 F3000 X79.93 Y99.546 E704.93306
G1 X79.93 Y99.558
G1 X83.07 Y102.698 E705.08076
G1 X83.069 Y102.846
G1 X79.93 Y103.687 E705.18885
G0 F9000 X80.15 Y103.687
G0 X80.15 Y105.215
G0 X79.93 Y105.215
G1 F3000 X83.07 Y108.354 E705.33652
G0 F9000 X82.85 Y108.354
G0 X82.85 Y109.577
G0 X83.069 Y109.577
G1 F3000 X79.93 Y121.294 E705.73997
G0 F9000 X79.93 Y122.185
G1 F3000 X83.07 Y125.325 E705.88767
G0 F9000 X83.069 Y125.033
G1 F3000 X82.681 Y126.48 E705.93749
G0 F9000 X82.827 Y126.316
G0 X82.85 Y123.552
G0 X83.069 Y123.552
G1 F3000 X79.93 Y124.392 E706.04557
G0 F9000 X80.15 Y124.392
G0 X80.15 Y120.252
G0 X79.93 Y120.252
G1 F3000 X83.069 Y119.41 E706.15366
G0 F9000 X83.07 Y119.668
G1 F3000 X79.93 Y116.529 E706.30134
G0 F9000 X79.93 Y116.11
G1 F3000 X83.068 Y115.27 E706.40938
G0 F9000 X82.85 Y115.27
G0 X82.85 Y114.011
G0 X83.07 Y114.011
G1 F3000 X79.93 Y110.872 E706.55705
G0 F9000 X80.15 Y110.872
G0 X80.15 Y111.969
G0 X79.93 Y111.969
G1 F3000 X83.068 Y111.128 E706.66511
G0 F9000 X82.85 Y111.128
G0 X82.85 Y106.987
G0 X83.068 Y106.987
G1 F3000 X79.93 Y107.828 E706.77316
G0 F9000 X80.15 Y107.828
G0 X80.15 Y105.838
G0 X79.93 Y105.838
G1 F3000 X83.012 Y94.337 E707.16918
G0 F9000 X83.068 Y94.564
G1 F3000 X82.227 Y94.789 E707.19814
G0 F9000 X82.328 Y94.983
G0 X82.999 Y93.786
G0 X83.143 Y93.404
G0 X83.193 Y93
G0 X82.85 Y91.384
G0 X83.07 Y91.384
G1 F3000 X80.366 Y88.68 E707.32533
G1 X80.387 Y88.679
G1 X79.93 Y90.382 E707.38397
G0 F9000 X79.93 Y91.264
G1 F3000 X83.068 Y90.423 E707.49203
G1 F2700 E702.49203
G0 F9000 X82.85 Y90.423
G0 X83.193 Y93
G0 X83.193 Y128
G0 X83.143 Y128.404
G0 X83.026 Y128.714
G0 X82.004 Y130.081
G0 X81.952 Y129.864
G1 F2700 E707.49203
G1 F3000 X83.069 Y130.981 E707.54457
G0 F9000 X83.068 Y131.834
G1 F3000 X81.257 Y132.319 E707.60692
G1 X81.117 Y132.319
G1 X81.763 Y129.906 E707.69001
G0 F9000 X81.887 Y130.419
G1 F2700 E702.69001
G0 F9000 X83.33 Y131.63
G0 X84.415 Y131.63
G0 X95.585 Y131.63
G0 X96.67 Y131.63
G0 X99.88 Y131.63
G0 X100.15 Y131.9
;TYPE:WALL-INNER
G1 F2700 E707.69001
G1 F1500 X100.15 Y128.352 E707.80801
G1 X99.887 Y128.729 E707.8233
G1 X99.55 Y129.03 E707.83833
G1 X99.151 Y129.237 E707.85328
G1 X98.72 Y129.337 E707.868
G1 X98.28 Y129.338 E707.88263
G1 X97.849 Y129.237 E707.89735
G1 X97.451 Y129.032 E707.91224
G1 X97.114 Y128.731 E707.92727
G1 X96.85 Y128.352 E707.94264
G1 X96.851 Y131.899 E708.06061
G1 X100.15 Y131.9 E708.17033
G0 F9000 X99.88 Y131.63
G0 X100.193 Y127.5
G0 X99.91 Y125.967
G0 X100.15 Y126.648
G1 F1500 X100.15 Y93.352 E709.27776
G1 X99.887 Y93.729 E709.29305
G1 X99.55 Y94.03 E709.30808
G1 X99.155 Y94.236 E709.3229
G1 X98.727 Y94.341 E709.33756
G1 X98.272 Y94.341 E709.35269
G1 X97.846 Y94.236 E709.36728
G1 X97.451 Y94.031 E709.38208
G1 X97.114 Y93.732 E709.39707
G1 X96.85 Y93.352 E709.41246
G1 X96.85 Y126.648 E710.51989
G1 X97.114 Y126.268 E710.53528
G1 X97.451 Y125.968 E710.55028
G1 X97.846 Y125.764 E710.56507
G1 X98.272 Y125.659 E710.57966
G1 X98.727 Y125.659 E710.5948
G1 X99.155 Y125.764 E710.60945
G1 X99.55 Y125.97 E710.62427
G1 X99.887 Y126.271 E710.6393
G1 X100.15 Y126.648 E710.65459
G1 F2700 E705.65459
G0 F9000 X99.91 Y125.967
G0 X100.193 Y92.5
G0 X99.91 Y90.967
G0 X100.15 Y91.648
G1 F2700 E710.65459
G1 F1500 X100.15 Y88.1 E710.7726
G1 X96.851 Y88.101 E710.88232
G1 X96.85 Y91.648 E711.00029
G1 X97.114 Y91.268 E711.01568
G1 X97.452 Y90.968 E711.03071
G1 X97.849 Y90.763 E711.04558
G1 X98.28 Y90.662 E711.0603
G1 X98.72 Y90.663 E711.07493
G1 X99.151 Y90.763 E711.08965
G1 X99.549 Y90.97 E711.10457
G1 X99.887 Y91.27 E711.1196
G1 X100.15 Y91.648 E711.13492
G1 F2700 E706.13492
G0 F9000 X99.91 Y90.967
G0 X100.193 Y92.5
G0 X100.143 Y92.904
G0 X99.999 Y93.286
G0 X98.865 Y94.615
G0 X98.7 Y93.936
;TYPE:WALL-OUTER
G1 F2700 E711.13492
G1 F1500 X98.299 Y93.936 E711.14826
G1 X98.008 Y93.864 E711.15823
G1 X97.657 Y93.68 E711.17141
G1 X97.4 Y93.443 E711.18303
G1 X97.229 Y93.197 E711.193
G1 F1304.3 X97.028 Y92.83 E711.209
G1 F1174.2 X97.001 Y92.47 E711.22434
G1 X97.028 Y92.17 E711.23714
G1 F1304.3 X97.229 Y91.803 E711.25315
G1 F1500 X97.431 Y91.522 E711.26466
G1 X97.698 Y91.292 E711.27638
G1 X98.008 Y91.136 E711.28792
G1 X98.325 Y91.06 E711.29876
G1 X98.675 Y91.06 E711.3104
G1 X98.992 Y91.136 E711.32125
G1 X99.302 Y91.292 E711.33279
G1 X99.569 Y91.522 E711.34451
G1 X99.771 Y91.803 E711.35602
G1 F1304.3 X99.972 Y92.17 E711.37202
G1 F1176.5 X100 Y92.5 E711.38607
G1 X99.971 Y92.844 E711.40071
G1 F1304.3 X99.771 Y93.197 E711.41623
G1 F1500 X99.569 Y93.478 E711.42774
G1 X99.302 Y93.708 E711.43946
G1 X98.992 Y93.864 E711.451
G1 X98.7 Y93.936 E711.461
G1 F2700 E706.461
G0 F9000 X98.865 Y94.615
G0 X100.193 Y127.5
G0 X100.143 Y127.904
G0 X99.999 Y128.286
G0 X98.675 Y129.641
G0 X98.675 Y128.94
G1 F2700 E711.461
G1 F1500 X98.325 Y128.94 E711.47265
G1 X98.008 Y128.864 E711.48349
G1 X97.657 Y128.68 E711.49667
G1 X97.4 Y128.443 E711.5083
G1 X97.229 Y128.197 E711.51826
G1 F1304.3 X97.028 Y127.83 E711.53427
G1 F1174.2 X97.001 Y127.47 E711.54961
G1 X97.028 Y127.17 E711.5624
G1 F1304.3 X97.229 Y126.803 E711.57841
G1 F1500 X97.431 Y126.522 E711.58992
G1 X97.698 Y126.292 E711.60164
G1 X98.008 Y126.136 E711.61318
G1 X98.299 Y126.064 E711.62315
G1 X98.7 Y126.064 E711.63649
G1 X98.992 Y126.136 E711.64649
G1 X99.302 Y126.292 E711.65804
G1 X99.569 Y126.522 E711.66976
G1 X99.771 Y126.803 E711.68127
G1 F1304.3 X99.972 Y127.17 E711.69727
G1 F1176.5 X100 Y127.5 E711.71132
G1 X99.971 Y127.844 E711.72596
G1 F1304.3 X99.771 Y128.197 E711.74147
G1 F1500 X99.569 Y128.478 E711.75298
G1 X99.302 Y128.708 E711.76471
G1 X98.992 Y128.864 E711.77625
G1 X98.675 Y128.94 E711.78709
G1 F2700 E706.78709
G0 F9000 X98.675 Y129.641
G0 X100.28 Y132.03
G0 X100.55 Y132.3
G1 F2700 E711.78709
G1 F1500 X100.55 Y128.291 E711.92043
G1 F1304.3 X100.49 Y127.889 E711.93598
G1 F1176.5 X100.5 Y127.5 E711.95248
G1 X100.49 Y127.139 E711.96779
G1 F1304.3 X100.55 Y126.709 E711.9844
G1 F1500 X100.55 Y93.291 E713.09589
G1 F1304.3 X100.49 Y92.889 E713.11143
G1 F1176.5 X100.5 Y92.5 E713.12794
G1 X100.49 Y92.139 E713.14325
G1 F1304.3 X100.55 Y91.709 E713.15986
G1 F1500 X100.55 Y87.7 E713.2932
G1 X96.451 Y87.701 E713.42953
G1 X96.45 Y91.709 E713.56284
G1 F1304.3 X96.51 Y92.139 E713.57944
G1 F1176.5 X96.5 Y92.5 E713.59476
G1 X96.51 Y92.861 E713.61007
G1 F1304.3 X96.45 Y93.291 E713.62668
G1 F1500 X96.45 Y126.709 E714.73817
G1 F1304.3 X96.51 Y127.139 E714.75477
G1 F1176.5 X96.5 Y127.5 E714.77009
G1 X96.51 Y127.861 E714.7854
G1 F1304.3 X96.45 Y128.291 E714.80201
G1 F1500 X96.451 Y132.299 E714.93531
G1 X100.55 Y132.3 E715.07165
G0 F9000 X100.28 Y132.03
G0 X99.85 Y131.42
G0 X100.068 Y131.42
;TYPE:FILL
G1 F3000 X98.58 Y131.819 E715.12289
G0 F9000 X97.815 Y131.819
G1 F3000 X98.459 Y129.414 E715.2057
G1 X98.474 Y129.416
G1 X100.07 Y131.012 E715.28077
G0 F9000 X99.85 Y131.012
G0 X100.193 Y127.5
G0 X100.153 Y127.172
G0 X99.526 Y125.622
G0 X99.424 Y125.814
G1 F3000 X100.069 Y123.408 E715.36362
G0 F9000 X100.069 Y123.138
G1 F3000 X96.93 Y123.978 E715.47169
G0 F9000 X97.15 Y123.978
G0 X97.15 Y122.214
G0 X96.93 Y122.214
G1 F3000 X100.069 Y125.354 E715.61937
G0 F9000 X99.85 Y125.354
G0 X99.85 Y119.697
G0 X100.069 Y119.697
G1 F3000 X96.93 Y116.558 E715.76702
G0 F9000 X96.931 Y115.696
G1 F3000 X100.068 Y114.855 E715.87504
G0 F9000 X100.069 Y114.04
G1 F3000 X96.93 Y110.901 E716.02269
G0 F9000 X96.931 Y111.555
G1 F3000 X100.068 Y110.714 E716.13071
G0 F9000 X99.85 Y110.714
G0 X99.85 Y108.383
G0 X100.069 Y108.383
G1 F3000 X96.93 Y105.244 E716.27836
G0 F9000 X97.15 Y105.244
G0 X97.15 Y104.211
G0 X96.93 Y104.211
G1 F3000 X99.656 Y94.04 E716.62858
G0 F9000 X100.068 Y94.15
G1 F3000 X96.931 Y94.991 E716.73661
G0 F9000 X97.15 Y94.991
G0 X97.09 Y94.033
G0 X96.93 Y93.93
G1 F3000 X100.069 Y97.07 E716.88428
G0 F9000 X99.85 Y97.07
G0 X99.85 Y98.291
G0 X100.068 Y98.291
G1 F3000 X96.931 Y99.132 E716.9923
G0 F9000 X96.93 Y99.587
G1 F3000 X100.069 Y102.727 E717.13997
G0 F9000 X100.069 Y102.432
G1 F3000 X96.93 Y103.273 E717.24806
G0 F9000 X97.15 Y103.273
G0 X97.15 Y107.414
G0 X96.931 Y107.414
G1 F3000 X100.069 Y106.573 E717.35611
G0 F9000 X99.85 Y106.573
G0 X99.85 Y107.953
G0 X100.069 Y107.953
G1 F3000 X96.93 Y119.666 E717.75943
G1 X96.931 Y119.837
G1 X100.068 Y118.997 E717.86745
G0 F9000 X99.85 Y118.997
G0 X100.193 Y92.5
G0 X99.624 Y90.673
G0 X99.522 Y90.866
G1 F3000 X96.93 Y88.273 E717.98939
G1 X97.085 Y88.18
G1 X96.931 Y88.755 E718.00919
G0 F9000 X97.15 Y88.755
G0 X97.15 Y90.85
G0 X96.93 Y90.85
G1 F3000 X100.068 Y90.009 E718.11724
G0 F9000 X99.55 Y90.009
G1 F2700 E713.11724
G0 F9000 X100.143 Y92.096
G0 X100.33 Y94.131
G0 X101.415 Y94.131
G0 X114.335 Y94.131
G0 X115.42 Y94.131
G0 X118.201 Y94.131
G0 X118.272 Y93.841
;TYPE:WALL-INNER
G1 F2700 E718.11724
G1 F1500 X117.843 Y93.735 E718.13194
G1 X117.448 Y93.529 E718.14676
G1 X117.109 Y93.226 E718.16188
G1 X116.857 Y92.861 E718.17663
G1 X116.7 Y92.445 E718.19142
G1 X116.651 Y92 E718.20631
G1 X116.699 Y91.558 E718.2211
G1 X116.857 Y91.139 E718.23599
G1 X117.109 Y90.774 E718.25075
G1 X117.449 Y90.47 E718.26591
G1 X117.847 Y90.264 E718.28082
G1 X118.244 Y90.167 E718.29441
G1 X118.723 Y90.158 E718.31035
G1 X119.155 Y90.265 E718.32515
G1 X119.554 Y90.473 E718.34012
G1 X119.891 Y90.774 E718.35514
G1 X120.142 Y91.137 E718.36982
G1 X120.302 Y91.561 E718.3849
G1 X120.35 Y92 E718.39958
G1 X120.302 Y92.437 E718.41421
G1 X120.142 Y92.862 E718.42931
G1 X119.891 Y93.226 E718.44402
G1 X119.555 Y93.526 E718.459
G1 X119.158 Y93.735 E718.47392
G1 X118.727 Y93.841 E718.48868
G1 X118.272 Y93.841 E718.50382
G1 F2700 E713.50382
G0 F9000 X118.201 Y94.131
G0 X116.404 Y127
G0 X116.465 Y127.501
G0 X116.644 Y127.973
G0 X116.932 Y128.389
G0 X117.273 Y128.691
G0 X118.207 Y129.132
G0 X118.278 Y128.842
G1 F2700 E718.50382
G1 F1500 X117.846 Y128.736 E718.51861
G1 X117.449 Y128.53 E718.53349
G1 X117.109 Y128.226 E718.54866
G1 X116.857 Y127.861 E718.56341
G1 X116.7 Y127.445 E718.5782
G1 X116.651 Y127 E718.59309
G1 X116.699 Y126.558 E718.60787
G1 X116.857 Y126.139 E718.62277
G1 X117.109 Y125.774 E718.63752
G1 X117.448 Y125.471 E718.65264
G1 X117.843 Y125.265 E718.66746
G1 X118.272 Y125.159 E718.68216
G1 X118.727 Y125.159 E718.69729
G1 X119.157 Y125.265 E718.71202
G1 X119.555 Y125.474 E718.72697
G1 X119.891 Y125.774 E718.74195
G1 X120.142 Y126.137 E718.75663
G1 X120.302 Y126.561 E718.77171
G1 X120.35 Y127 E718.78639
G1 X120.302 Y127.437 E718.80102
G1 X120.142 Y127.862 E718.81612
G1 X119.891 Y128.226 E718.83083
G1 X119.554 Y128.527 E718.84586
G1 X119.154 Y128.736 E718.86087
G1 X118.756 Y128.833 E718.87449
G1 X118.278 Y128.842 E718.89039
G0 F9000 X118.207 Y129.132
G0 X115.87 Y131.13
G0 X115.601 Y131.399
G1 F1500 X121.4 Y131.4 E719.08327
G1 X121.4 Y87.6 E720.54006
G1 X115.601 Y87.601 E720.73294
G1 X115.601 Y131.399 E722.18966
G0 F9000 X115.201 Y131.799
;TYPE:WALL-OUTER
G1 F1500 X121.8 Y131.8 E722.40915
G1 X121.8 Y87.2 E723.89255
G1 X115.201 Y87.201 E724.11203
G1 X115.201 Y131.799 E725.59537
G1 F2700 E720.59537
G0 F9000 X115.47 Y131.53
G0 X118.133 Y129.114
G0 X118.299 Y128.436
G1 F2700 E725.59537
G1 F1500 X118.008 Y128.364 E725.60534
G1 X117.657 Y128.18 E725.61852
G1 X117.4 Y127.943 E725.63015
G1 X117.206 Y127.653 E725.64175
G1 X117.089 Y127.334 E725.65305
G1 X117.051 Y127 E725.66424
G1 X117.099 Y126.63 E725.67664
G1 X117.229 Y126.303 E725.68835
G1 X117.431 Y126.022 E725.69986
G1 X117.698 Y125.792 E725.71158
G1 X118.008 Y125.636 E725.72312
G1 X118.299 Y125.564 E725.73309
G1 X118.7 Y125.564 E725.74643
G1 X118.992 Y125.636 E725.75643
G1 X119.343 Y125.82 E725.76961
G1 X119.6 Y126.057 E725.78124
G1 X119.794 Y126.347 E725.79285
G1 X119.912 Y126.677 E725.8045
G1 X119.95 Y127 E725.81532
G1 X119.911 Y127.334 E725.8265
G1 X119.771 Y127.697 E725.83944
G1 X119.569 Y127.978 E725.85096
G1 X119.302 Y128.208 E725.86268
G1 X118.992 Y128.364 E725.87422
G1 X118.687 Y128.439 E725.88467
G1 X118.299 Y128.436 E725.89757
G1 F2700 E720.89757
G0 F9000 X118.133 Y129.114
G0 X117.311 Y128.724
G0 X116.932 Y128.389
G0 X116.644 Y127.973
G0 X116.465 Y127.501
G0 X116.43 Y127.217
G0 X118.133 Y94.114
G0 X118.299 Y93.436
G1 F2700 E725.89757
G1 F1500 X118.008 Y93.364 E725.90754
G1 X117.657 Y93.18 E725.92072
G1 X117.4 Y92.943 E725.93235
G1 X117.206 Y92.653 E725.94395
G1 X117.089 Y92.334 E725.95526
G1 X117.051 Y92 E725.96644
G1 X117.099 Y91.63 E725.97885
G1 X117.229 Y91.303 E725.99055
G1 X117.431 Y91.022 E726.00206
G1 X117.698 Y90.792 E726.01378
G1 X118.008 Y90.636 E726.02532
G1 X118.313 Y90.561 E726.03577
G1 X118.701 Y90.564 E726.04868
G1 X118.992 Y90.636 E726.05865
G1 X119.343 Y90.82 E726.07183
G1 X119.6 Y91.057 E726.08345
G1 X119.794 Y91.347 E726.09506
G1 X119.912 Y91.677 E726.10672
G1 X119.95 Y92 E726.11753
G1 X119.911 Y92.334 E726.12872
G1 X119.771 Y92.697 E726.14166
G1 X119.569 Y92.978 E726.15317
G1 X119.302 Y93.208 E726.16489
G1 X118.992 Y93.364 E726.17643
G1 X118.7 Y93.436 E726.18643
G1 X118.299 Y93.436 E726.19977
G0 F9000 X117.469 Y93.628
;TYPE:FILL
G1 F3000 X115.68 Y94.108 E726.26138
G0 F9000 X115.9 Y94.108
G0 X115.9 Y95.709
G0 X115.679 Y95.709
G1 F3000 X121.319 Y101.349 E726.52667
G0 F9000 X121.318 Y100.879
G1 F3000 X115.68 Y102.39 E726.72081
G0 F9000 X115.9 Y102.39
G0 X115.9 Y101.366
G0 X115.679 Y101.366
G1 F3000 X121.319 Y107.006 E726.98609
G0 F9000 X121.1 Y107.006
G0 X121.1 Y105.92
G0 X121.319 Y105.92
G1 F3000 X115.681 Y126.963 E727.71067
G0 F9000 X115.681 Y127.237
G1 F3000 X116.57 Y126.998 E727.74129
G0 F9000 X116.348 Y126.972
G0 X116.614 Y126.122
G0 X117.092 Y125.387
G0 X117.236 Y125.551
G1 F3000 X115.68 Y123.994 E727.8145
G0 F9000 X115.68 Y123.096
G1 F3000 X121.319 Y121.585 E728.00867
G0 F9000 X121.319 Y121.374
G1 F3000 X120.098 Y125.933 E728.16565
G1 X120.166 Y126.035
G1 X121.319 Y125.726 E728.20535
G0 F9000 X121.1 Y125.726
G0 X121.1 Y123.977
G0 X121.319 Y123.977
G1 F3000 X115.68 Y118.337 E728.47062
G0 F9000 X115.68 Y118.954
G1 F3000 X121.319 Y117.443 E728.66479
G0 F9000 X121.319 Y118.32
G1 F3000 X115.68 Y112.681 E728.93003
G0 F9000 X115.9 Y112.681
G0 X115.9 Y111.509
G0 X115.681 Y111.509
G1 F3000 X121.319 Y90.465 E729.65464
G0 F9000 X121.319 Y90.035
G1 F3000 X118.964 Y87.68 E729.76541
G0 F9000 X118.964 Y87.9
G0 X117.925 Y87.9
G0 X117.925 Y87.678
G1 F3000 X117.129 Y90.647 E729.86765
G0 F9000 X116.769 Y91.142
G1 F3000 X115.679 Y90.052 E729.91892
G1 X115.68 Y89.967
G1 X121.319 Y88.456 E730.11309
G0 F9000 X121.1 Y88.456
G0 X121.1 Y92.597
G0 X121.318 Y92.597
G1 F3000 X120.216 Y92.892 E730.15103
G0 F9000 X120.421 Y92.97
G0 X120.221 Y93.207
G0 X119.452 Y93.918
G0 X119.351 Y93.724
G1 F3000 X121.319 Y95.692 E730.2436
G0 F9000 X121.1 Y95.692
G0 X121.1 Y96.738
G0 X121.318 Y96.738
G1 F3000 X115.68 Y98.249 E730.43774
G0 F9000 X115.9 Y98.249
G0 X115.9 Y96.055
G0 X115.68 Y96.055
G1 F3000 X116.633 Y92.499 E730.56019
G0 F9000 X116.428 Y92.576
G0 X121.1 Y105.02
G0 X121.319 Y105.02
G1 F3000 X115.681 Y106.531 E730.75432
G0 F9000 X115.679 Y107.023
G1 F3000 X121.319 Y112.663 E731.01961
G0 F9000 X121.318 Y113.303
G1 F3000 X115.68 Y114.813 E731.21374
G0 F9000 X115.9 Y114.813
G0 X115.9 Y110.672
G0 X115.68 Y110.672
G1 F3000 X121.319 Y109.161 E731.40791
G0 F9000 X121.1 Y109.161
G0 X120.596 Y127
G0 X120.541 Y127.451
G0 X120.137 Y128.395
G0 X119.955 Y128.269
G1 F3000 X121.319 Y129.633 E731.47207
G0 F9000 X121.319 Y129.867
G1 F3000 X115.904 Y131.318 E731.65853
G0 F9000 X115.904 Y131.1
G0 X117.347 Y131.1
G0 X117.347 Y131.318
G1 F3000 X115.68 Y129.651 E731.73694
G0 F9000 X115.9 Y129.651
G0 X118.655 Y131.1
G0 X118.655 Y131.318
G1 F3000 X119.35 Y128.724 E731.82626
G0 F9000 X119.59 Y129.184
G1 F2700 E726.82626
G0 F9000 X120.143 Y127.404
G0 X121.58 Y112.13
G0 X122.665 Y112.13
G0 X135.585 Y112.13
G0 X136.67 Y112.13
G0 X137.12 Y112.13
G0 X136.851 Y112.399
;TYPE:WALL-INNER
G1 F2700 E731.82626
G1 F1500 X140.15 Y112.4 E731.93598
G1 X140.15 Y108.852 E732.05399
G1 X139.887 Y109.229 E732.06928
G1 X139.55 Y109.53 E732.08431
G1 X139.151 Y109.737 E732.09926
G1 X138.72 Y109.837 E732.11398
G1 X138.28 Y109.838 E732.12861
G1 X137.849 Y109.737 E732.14333
G1 X137.451 Y109.532 E732.15822
G1 X137.114 Y109.231 E732.17325
G1 X136.85 Y108.852 E732.18861
G1 X136.851 Y112.399 E732.30659
G0 F9000 X137.12 Y112.13
G0 X136.807 Y108
G0 X137.09 Y106.467
G0 X136.85 Y107.148
G1 F1500 X137.114 Y106.768 E732.32198
G1 X137.452 Y106.468 E732.33701
G1 X137.849 Y106.263 E732.35187
G1 X138.28 Y106.162 E732.36659
G1 X138.72 Y106.163 E732.38123
G1 X139.151 Y106.263 E732.39594
G1 X139.549 Y106.47 E732.41086
G1 X139.887 Y106.77 E732.4259
G1 X140.15 Y107.148 E732.44121
G1 X140.15 Y103.6 E732.55922
G1 X136.851 Y103.601 E732.66894
G1 X136.85 Y107.148 E732.78692
G1 F2700 E727.78692
G0 F9000 X137.09 Y106.467
G0 X136.807 Y108
G0 X136.857 Y108.404
G0 X137.842 Y110.043
G0 X138.008 Y109.364
;TYPE:WALL-OUTER
G1 F2700 E732.78692
G1 F1500 X137.657 Y109.18 E732.8001
G1 X137.4 Y108.943 E732.81173
G1 X137.229 Y108.697 E732.82169
G1 F1304.3 X137.028 Y108.33 E732.8377
G1 F1174.2 X137.001 Y107.97 E732.85304
G1 X137.028 Y107.67 E732.86583
G1 F1304.3 X137.229 Y107.303 E732.88184
G1 F1500 X137.431 Y107.022 E732.89335
G1 X137.698 Y106.792 E732.90507
G1 X138.008 Y106.636 E732.91661
G1 X138.325 Y106.56 E732.92746
G1 X138.675 Y106.56 E732.9391
G1 X138.992 Y106.636 E732.94994
G1 X139.302 Y106.792 E732.96148
G1 X139.569 Y107.022 E732.9732
G1 X139.771 Y107.303 E732.98471
G1 F1304.3 X139.972 Y107.67 E733.00072
G1 F1176.5 X140 Y108 E733.01476
G1 X139.971 Y108.344 E733.0294
G1 F1304.3 X139.771 Y108.697 E733.04492
G1 F1500 X139.569 Y108.978 E733.05643
G1 X139.302 Y109.208 E733.06815
G1 X138.992 Y109.364 E733.07969
G1 X138.675 Y109.44 E733.09054
G1 X138.325 Y109.44 E733.10218
G1 X138.008 Y109.364 E733.11302
G1 F2700 E728.11302
G0 F9000 X137.842 Y110.043
G0 X136.72 Y112.53
G0 X136.451 Y112.799
G1 F2700 E733.11302
G1 F1500 X140.55 Y112.8 E733.24935
G1 X140.55 Y108.791 E733.38269
G1 F1304.3 X140.49 Y108.389 E733.39824
G1 F1176.5 X140.5 Y108 E733.41474
G1 X140.49 Y107.639 E733.43006
G1 F1304.3 X140.55 Y107.209 E733.44666
G1 F1500 X140.55 Y103.2 E733.58
G1 X136.451 Y103.201 E733.71633
G1 X136.45 Y107.209 E733.84964
G1 F1304.3 X136.51 Y107.639 E733.86625
G1 F1176.5 X136.5 Y108 E733.88156
G1 X136.51 Y108.361 E733.89688
G1 F1304.3 X136.45 Y108.791 E733.91348
G1 F1500 X136.451 Y112.799 E734.04679
G0 F9000 X136.72 Y112.53
G0 X137.945 Y112.1
G0 X137.945 Y112.318
;TYPE:FILL
G1 F3000 X136.93 Y111.303 E734.09453
G0 F9000 X137.15 Y111.303
G0 X137.091 Y109.544
G0 X136.93 Y109.479
G1 F3000 X136.965 Y109.348 E734.09904
G0 F9000 X137.09 Y109.533
G0 X136.807 Y108
G0 X136.847 Y107.672
G0 X137.488 Y106.114
G0 X137.588 Y106.305
G1 F3000 X136.93 Y105.646 E734.13002
G0 F9000 X136.931 Y104.978
G1 F3000 X140.068 Y104.137 E734.23804
G0 F9000 X139.85 Y104.137
G0 X138.484 Y103.9
G0 X138.484 Y103.679
G1 F3000 X137.812 Y106.188 E734.32443
G0 F9000 X137.573 Y105.73
G1 F2700 E729.32443
;MESH:NONMESH
G0 F300 X137.573 Y105.73 Z3.2
G0 F9000 X136.664 Y103.414
G0 X135.585 Y103.414
G0 X122.653 Y86.347
G0 X114.347 Y86.347
G0 X95.597 Y86.847
G0 X84.415 Y103.414
G0 X83.33 Y103.414
G0 X83.193 Y93
G0 X82.91 Y91.467
G0 X83.15 Y92.148
;TIME_ELAPSED:1303.836822
;LAYER:15
;TYPE:WALL-INNER
;MESH:Spacers.stl
G1 F2700 E734.32443
G1 F1500 X83.15 Y88.6 E734.44244
G1 X79.851 Y88.601 E734.55216
G1 X79.85 Y92.148 E734.67014
G1 X80.114 Y91.768 E734.68552
G1 X80.452 Y91.468 E734.70056
G1 X80.849 Y91.263 E734.71542
G1 X81.28 Y91.162 E734.73014
G1 X81.72 Y91.163 E734.74477
G1 X82.151 Y91.263 E734.75949
G1 X82.549 Y91.47 E734.77441
G1 X82.887 Y91.77 E734.78944
G1 X83.15 Y92.148 E734.80476
G1 F2700 E729.80476
G0 F9000 X82.91 Y91.467
G0 X83.165 Y92.847
G0 X82.91 Y126.467
G0 X83.15 Y127.148
G1 F2700 E734.80476
G1 F1500 X83.15 Y93.852 E735.91219
G1 X82.887 Y94.229 E735.92748
G1 X82.55 Y94.53 E735.94251
G1 X82.155 Y94.736 E735.95732
G1 X81.727 Y94.841 E735.97198
G1 X81.272 Y94.841 E735.98711
G1 X80.846 Y94.736 E736.00171
G1 X80.451 Y94.531 E736.01651
G1 X80.114 Y94.232 E736.03149
G1 X79.85 Y93.852 E736.04688
G1 X79.85 Y127.148 E737.15431
G1 X80.114 Y126.768 E737.1697
G1 X80.451 Y126.468 E737.18471
G1 X80.846 Y126.264 E737.19949
G1 X81.272 Y126.159 E737.21409
G1 X81.727 Y126.159 E737.22922
G1 X82.155 Y126.264 E737.24388
G1 X82.55 Y126.47 E737.2587
G1 X82.887 Y126.771 E737.27372
G1 X83.15 Y127.148 E737.28901
G0 F9000 X82.91 Y126.467
G0 X83.165 Y127.847
G0 X82.88 Y132.13
G0 X83.15 Y132.4
G1 F1500 X83.15 Y128.852 E737.40702
G1 X82.887 Y129.229 E737.42231
G1 X82.55 Y129.53 E737.43734
G1 X82.151 Y129.737 E737.45229
G1 X81.72 Y129.837 E737.467
G1 X81.28 Y129.838 E737.48164
G1 X80.849 Y129.737 E737.49636
G1 X80.451 Y129.532 E737.51125
G1 X80.114 Y129.231 E737.52628
G1 X79.85 Y128.852 E737.54164
G1 X79.851 Y132.399 E737.65962
G1 X83.15 Y132.4 E737.76934
G0 F9000 X83.55 Y132.8
;TYPE:WALL-OUTER
G1 F1500 X83.55 Y128.791 E737.90268
G1 F1304.3 X83.49 Y128.389 E737.91823
G1 F1176.5 X83.5 Y128 E737.93473
G1 X83.49 Y127.639 E737.95004
G1 F1304.3 X83.55 Y127.209 E737.96665
G1 F1500 X83.55 Y93.791 E739.07814
G1 F1304.3 X83.49 Y93.389 E739.09368
G1 F1176.5 X83.5 Y93 E739.11019
G1 X83.49 Y92.639 E739.1255
G1 F1304.3 X83.55 Y92.209 E739.14211
G1 F1500 X83.55 Y88.2 E739.27545
G1 X79.451 Y88.201 E739.41178
G1 X79.45 Y92.209 E739.54509
G1 F1304.3 X79.51 Y92.639 E739.56169
G1 F1176.5 X79.5 Y93 E739.57701
G1 X79.51 Y93.361 E739.59232
G1 F1304.3 X79.45 Y93.791 E739.60893
G1 F1500 X79.45 Y127.209 E740.72042
G1 F1304.3 X79.51 Y127.639 E740.73702
G1 F1176.5 X79.5 Y128 E740.75234
G1 X79.51 Y128.361 E740.76765
G1 F1304.3 X79.45 Y128.791 E740.78426
G1 F1500 X79.451 Y132.799 E740.91757
G1 X83.55 Y132.8 E741.0539
G1 F2700 E736.0539
G0 F9000 X83.28 Y132.53
G0 X82.157 Y130.044
G0 X81.992 Y129.364
G1 F2700 E741.0539
G1 F1500 X81.675 Y129.44 E741.06474
G1 X81.325 Y129.44 E741.07638
G1 X81.008 Y129.364 E741.08722
G1 X80.657 Y129.18 E741.10041
G1 X80.4 Y128.943 E741.11203
G1 X80.229 Y128.697 E741.122
G1 F1304.3 X80.028 Y128.33 E741.138
G1 F1174.2 X80.001 Y127.97 E741.15334
G1 X80.028 Y127.67 E741.16614
G1 F1304.3 X80.229 Y127.303 E741.18214
G1 F1500 X80.431 Y127.022 E741.19366
G1 X80.698 Y126.792 E741.20538
G1 X81.008 Y126.636 E741.21692
G1 X81.299 Y126.564 E741.22689
G1 X81.7 Y126.564 E741.24023
G1 X81.992 Y126.636 E741.25023
G1 X82.302 Y126.792 E741.26177
G1 X82.569 Y127.022 E741.27349
G1 X82.771 Y127.303 E741.285
G1 F1304.3 X82.972 Y127.67 E741.30101
G1 F1176.5 X83 Y128 E741.31505
G1 X82.971 Y128.344 E741.32969
G1 F1304.3 X82.771 Y128.697 E741.34521
G1 F1500 X82.569 Y128.978 E741.35672
G1 X82.302 Y129.208 E741.36844
G1 X81.992 Y129.364 E741.37998
G1 F2700 E736.37998
G0 F9000 X82.157 Y130.044
G0 X82.999 Y128.786
G0 X83.143 Y128.404
G0 X81.865 Y95.115
G0 X81.7 Y94.436
G1 F2700 E741.37998
G1 F1500 X81.299 Y94.436 E741.39332
G1 X81.008 Y94.364 E741.40329
G1 X80.657 Y94.18 E741.41647
G1 X80.4 Y93.943 E741.4281
G1 X80.229 Y93.697 E741.43807
G1 F1304.3 X80.028 Y93.33 E741.45407
G1 F1174.2 X80.001 Y92.97 E741.46941
G1 X80.028 Y92.67 E741.48221
G1 F1304.3 X80.229 Y92.303 E741.49821
G1 F1500 X80.431 Y92.022 E741.50972
G1 X80.698 Y91.792 E741.52145
G1 X81.008 Y91.636 E741.53299
G1 X81.325 Y91.56 E741.54383
G1 X81.675 Y91.56 E741.55547
G1 X81.992 Y91.636 E741.56631
G1 X82.302 Y91.792 E741.57786
G1 X82.569 Y92.022 E741.58958
G1 X82.771 Y92.303 E741.60109
G1 F1304.3 X82.972 Y92.67 E741.61709
G1 F1176.5 X83 Y93 E741.63114
G1 X82.971 Y93.344 E741.64578
G1 F1304.3 X82.771 Y93.697 E741.66129
G1 F1500 X82.569 Y93.978 E741.6728
G1 X82.302 Y94.208 E741.68453
G1 X81.992 Y94.364 E741.69607
G1 X81.7 Y94.436 E741.70607
G0 F9000 X81.111 Y94.883
;TYPE:FILL
G1 F3000 X83.07 Y96.841 E741.79819
G0 F9000 X82.85 Y96.841
G0 X82.85 Y98.851
G0 X83.069 Y98.851
G1 F3000 X79.93 Y99.692 E741.90628
G0 F9000 X79.93 Y99.359
G1 F3000 X83.07 Y102.498 E742.05395
G0 F9000 X83.068 Y102.992
G1 F3000 X79.93 Y103.833 E742.162
G0 F9000 X80.15 Y103.833
G0 X80.15 Y105.015
G0 X79.93 Y105.015
G1 F3000 X83.07 Y108.155 E742.3097
G0 F9000 X83.069 Y109.033
G1 F3000 X79.93 Y120.748 E742.71309
G0 F9000 X79.93 Y120.397
G1 F3000 X83.069 Y119.556 E742.82117
G1 X83.07 Y119.469
G1 X79.93 Y116.329 E742.96887
G1 X79.93 Y116.256
G1 X83.069 Y115.415 E743.07696
G0 F9000 X82.85 Y115.415
G0 X82.85 Y113.812
G0 X83.07 Y113.812
G1 F3000 X79.93 Y110.672 E743.22465
G0 F9000 X80.15 Y110.672
G0 X80.15 Y112.115
G0 X79.93 Y112.115
G1 F3000 X83.068 Y111.274 E743.33271
G0 F9000 X82.85 Y111.274
G0 X82.85 Y107.133
G0 X83.068 Y107.133
G1 F3000 X79.93 Y107.974 E743.44076
G0 F9000 X80.15 Y107.974
G0 X80.15 Y105.294
G0 X79.93 Y105.294
G1 F3000 X82.86 Y94.358 E743.81732
G0 F9000 X83.068 Y94.71
G1 F3000 X79.93 Y95.551 E743.92537
G0 F9000 X80.15 Y95.551
G0 X79.807 Y93
G0 X80.15 Y91.409
G0 X79.931 Y91.409
G1 F3000 X83.069 Y90.569 E744.03342
G0 F9000 X83.07 Y91.184
G1 F3000 X80.565 Y88.68 E744.15122
G0 F9000 X80.241 Y88.679
G1 F3000 X79.93 Y89.837 E744.1911
G1 F2700 E739.1911
G0 F9000 X80.15 Y89.837
G0 X79.841 Y92.684
G0 X80.15 Y121.986
G0 X79.93 Y121.986
G1 F2700 E744.1911
G1 F3000 X83.07 Y125.126 E744.3388
G0 F9000 X83.069 Y124.487
G1 F3000 X82.561 Y126.384 E744.40412
G0 F9000 X82.662 Y126.193
G0 X82.85 Y123.698
G0 X83.068 Y123.698
G1 F3000 X79.93 Y124.538 E744.51216
G0 F9000 X80.15 Y124.538
G0 X79.807 Y128
G0 X79.857 Y128.404
G0 X80.001 Y128.786
G0 X80.233 Y129.122
G0 X81.615 Y130.141
G0 X81.615 Y129.915
G1 F3000 X80.971 Y132.319 E744.59494
G0 F9000 X81.802 Y132.319
G1 F3000 X83.068 Y131.98 E744.63853
G0 F9000 X82.85 Y131.98
G0 X82.85 Y130.782
G0 X83.069 Y130.782
G1 F3000 X82.114 Y129.827 E744.68345
G0 F9000 X82.236 Y130.333
G1 F2700 E739.68345
G0 F9000 X83.33 Y131.63
G0 X84.415 Y131.63
G0 X95.585 Y131.63
G0 X96.67 Y131.63
G0 X99.88 Y131.63
G0 X100.15 Y131.9
;TYPE:WALL-INNER
G1 F2700 E744.68345
G1 F1500 X100.15 Y128.352 E744.80146
G1 X99.887 Y128.729 E744.81675
G1 X99.55 Y129.03 E744.83177
G1 X99.151 Y129.237 E744.84672
G1 X98.72 Y129.337 E744.86144
G1 X98.28 Y129.338 E744.87607
G1 X97.849 Y129.237 E744.8908
G1 X97.451 Y129.032 E744.90569
G1 X97.114 Y128.731 E744.92072
G1 X96.85 Y128.352 E744.93608
G1 X96.851 Y131.899 E745.05405
G1 X100.15 Y131.9 E745.16378
G0 F9000 X99.88 Y131.63
G0 X100.193 Y127.5
G0 X99.91 Y125.967
G0 X100.15 Y126.648
G1 F1500 X100.15 Y93.352 E746.27121
G1 X99.887 Y93.729 E746.2865
G1 X99.55 Y94.03 E746.30153
G1 X99.155 Y94.236 E746.31634
G1 X98.727 Y94.341 E746.331
G1 X98.272 Y94.341 E746.34613
G1 X97.846 Y94.236 E746.36073
G1 X97.451 Y94.031 E746.37553
G1 X97.114 Y93.732 E746.39051
G1 X96.85 Y93.352 E746.4059
G1 X96.85 Y126.648 E747.51333
G1 X97.114 Y126.268 E747.52872
G1 X97.451 Y125.968 E747.54373
G1 X97.846 Y125.764 E747.55851
G1 X98.272 Y125.659 E747.57311
G1 X98.727 Y125.659 E747.58824
G1 X99.155 Y125.764 E747.6029
G1 X99.55 Y125.97 E747.61771
G1 X99.887 Y126.271 E747.63274
G1 X100.15 Y126.648 E747.64803
G1 F2700 E742.64803
G0 F9000 X99.91 Y125.967
G0 X100.193 Y92.5
G0 X99.91 Y90.967
G0 X100.15 Y91.648
G1 F2700 E747.64803
G1 F1500 X100.15 Y88.1 E747.76604
G1 X96.851 Y88.101 E747.87576
G1 X96.85 Y91.648 E747.99374
G1 X97.114 Y91.268 E748.00913
G1 X97.452 Y90.968 E748.02416
G1 X97.849 Y90.763 E748.03902
G1 X98.28 Y90.662 E748.05374
G1 X98.72 Y90.663 E748.06838
G1 X99.151 Y90.763 E748.08309
G1 X99.549 Y90.97 E748.09801
G1 X99.887 Y91.27 E748.11305
G1 X100.15 Y91.648 E748.12836
G1 F2700 E743.12836
G0 F9000 X99.91 Y90.967
G0 X100.193 Y92.5
G0 X100.143 Y92.904
G0 X99.999 Y93.286
G0 X98.865 Y94.615
G0 X98.7 Y93.936
;TYPE:WALL-OUTER
G1 F2700 E748.12836
G1 F1500 X98.299 Y93.936 E748.1417
G1 X98.008 Y93.864 E748.15167
G1 X97.657 Y93.68 E748.16485
G1 X97.4 Y93.443 E748.17648
G1 X97.229 Y93.197 E748.18644
G1 F1304.3 X97.028 Y92.83 E748.20245
G1 F1174.2 X97.001 Y92.47 E748.21779
G1 X97.028 Y92.17 E748.23059
G1 F1304.3 X97.229 Y91.803 E748.24659
G1 F1500 X97.431 Y91.522 E748.2581
G1 X97.698 Y91.292 E748.26982
G1 X98.008 Y91.136 E748.28136
G1 X98.325 Y91.06 E748.29221
G1 X98.675 Y91.06 E748.30385
G1 X98.992 Y91.136 E748.31469
G1 X99.302 Y91.292 E748.32623
G1 X99.569 Y91.522 E748.33795
G1 X99.771 Y91.803 E748.34946
G1 F1304.3 X99.972 Y92.17 E748.36547
G1 F1176.5 X100 Y92.5 E748.37951
G1 X99.971 Y92.844 E748.39415
G1 F1304.3 X99.771 Y93.197 E748.40967
G1 F1500 X99.569 Y93.478 E748.42118
G1 X99.302 Y93.708 E748.4329
G1 X98.992 Y93.864 E748.44445
G1 X98.7 Y93.936 E748.45445
G1 F2700 E743.45445
G0 F9000 X98.865 Y94.615
G0 X100.193 Y127.5
G0 X100.143 Y127.904
G0 X99.999 Y128.286
G0 X98.675 Y129.641
G0 X98.675 Y128.94
G1 F2700 E748.45445
G1 F1500 X98.325 Y128.94 E748.46609
G1 X98.008 Y128.864 E748.47693
G1 X97.657 Y128.68 E748.49011
G1 X97.4 Y128.443 E748.50174
G1 X97.229 Y128.197 E748.5117
G1 F1304.3 X97.028 Y127.83 E748.52771
G1 F1174.2 X97.001 Y127.47 E748.54305
G1 X97.028 Y127.17 E748.55585
G1 F1304.3 X97.229 Y126.803 E748.57185
G1 F1500 X97.431 Y126.522 E748.58336
G1 X97.698 Y126.292 E748.59508
G1 X98.008 Y126.136 E748.60663
G1 X98.299 Y126.064 E748.6166
G1 X98.7 Y126.064 E748.62993
G1 X98.992 Y126.136 E748.63994
G1 X99.302 Y126.292 E748.65148
G1 X99.569 Y126.522 E748.6632
G1 X99.771 Y126.803 E748.67471
G1 F1304.3 X99.972 Y127.17 E748.69072
G1 F1176.5 X100 Y127.5 E748.70476
G1 X99.971 Y127.844 E748.7194
G1 F1304.3 X99.771 Y128.197 E748.73492
G1 F1500 X99.569 Y128.478 E748.74643
G1 X99.302 Y128.708 E748.75815
G1 X98.992 Y128.864 E748.76969
G1 X98.675 Y128.94 E748.78053
G1 F2700 E743.78053
G0 F9000 X98.675 Y129.641
G0 X100.28 Y132.03
G0 X100.55 Y132.3
G1 F2700 E748.78053
G1 F1500 X100.55 Y128.291 E748.91387
G1 F1304.3 X100.49 Y127.889 E748.92942
G1 F1176.5 X100.5 Y127.5 E748.94592
G1 X100.49 Y127.139 E748.96124
G1 F1304.3 X100.55 Y126.709 E748.97784
G1 F1500 X100.55 Y93.291 E750.08933
G1 F1304.3 X100.49 Y92.889 E750.10488
G1 F1176.5 X100.5 Y92.5 E750.12138
G1 X100.49 Y92.139 E750.13669
G1 F1304.3 X100.55 Y91.709 E750.1533
G1 F1500 X100.55 Y87.7 E750.28664
G1 X96.451 Y87.701 E750.42297
G1 X96.45 Y91.709 E750.55628
G1 F1304.3 X96.51 Y92.139 E750.57289
G1 F1176.5 X96.5 Y92.5 E750.5882
G1 X96.51 Y92.861 E750.60352
G1 F1304.3 X96.45 Y93.291 E750.62012
G1 F1500 X96.45 Y126.709 E751.73161
G1 F1304.3 X96.51 Y127.139 E751.74822
G1 F1176.5 X96.5 Y127.5 E751.76353
G1 X96.51 Y127.861 E751.77885
G1 F1304.3 X96.45 Y128.291 E751.79545
G1 F1500 X96.451 Y132.299 E751.92876
G1 X100.55 Y132.3 E752.06509
G0 F9000 X100.068 Y131.566
;TYPE:FILL
G1 F3000 X99.123 Y131.819 E752.09763
G0 F9000 X99.123 Y131.6
G0 X99.85 Y130.812
G0 X100.07 Y130.812
G1 F3000 X98.673 Y129.416 E752.16332
G0 F9000 X98.313 Y129.415
G1 F3000 X97.669 Y131.819 E752.24609
G0 F9000 X97.669 Y131.6
G0 X99.999 Y128.286
G0 X100.143 Y127.904
G0 X100.193 Y127.5
G0 X100.143 Y127.096
G0 X99.398 Y125.554
G0 X99.296 Y125.746
G1 F3000 X100.069 Y122.863 E752.34537
G0 F9000 X100.069 Y123.284
G1 F3000 X96.931 Y124.124 E752.45341
G0 F9000 X97.15 Y124.124
G0 X97.15 Y122.015
G0 X96.93 Y122.015
G1 F3000 X100.069 Y125.155 E752.60109
G0 F9000 X99.85 Y125.155
G0 X99.85 Y119.498
G0 X100.069 Y119.498
G1 F3000 X96.93 Y116.358 E752.74876
G0 F9000 X96.931 Y115.842
G1 F3000 X100.068 Y115.001 E752.85678
G0 F9000 X99.85 Y115.001
G0 X99.85 Y113.841
G0 X100.069 Y113.841
G1 F3000 X96.93 Y110.701 E753.00445
G0 F9000 X97.15 Y110.701
G0 X97.15 Y111.701
G0 X96.931 Y111.701
G1 F3000 X100.068 Y110.86 E753.11247
G0 F9000 X99.85 Y110.86
G0 X99.85 Y108.184
G0 X100.069 Y108.184
G1 F3000 X96.93 Y105.044 E753.26015
G0 F9000 X97.15 Y105.044
G0 X97.15 Y103.666
G0 X96.93 Y103.666
G1 F3000 X99.479 Y94.155 E753.58765
G0 F9000 X100.068 Y94.296
G1 F3000 X96.931 Y95.137 E753.69567
G0 F9000 X97.15 Y95.137
G0 X97.09 Y94.033
G0 X97.023 Y93.824
G1 F3000 X100.069 Y96.87 E753.83894
G0 F9000 X99.85 Y96.87
G0 X99.85 Y98.437
G0 X100.068 Y98.437
G1 F3000 X96.93 Y99.278 E753.947
G1 X96.93 Y99.388
G1 X100.069 Y102.527 E754.09465
G1 X100.069 Y102.578
G1 X96.931 Y103.419 E754.2027
G0 F9000 X97.15 Y103.419
G0 X97.15 Y107.56
G0 X96.931 Y107.56
G1 F3000 X100.068 Y106.719 E754.31072
G0 F9000 X100.069 Y107.408
G1 F3000 X96.93 Y119.121 E754.71404
G0 F9000 X96.93 Y119.983
G1 F3000 X100.069 Y119.142 E754.82213
G0 F9000 X99.85 Y119.142
G0 X100.193 Y92.5
G0 X99.91 Y90.967
G0 X100.016 Y91.16
G1 F3000 X97.036 Y88.18 E754.9623
G0 F9000 X97.12 Y88.37
G0 X97.432 Y90.643
G0 X97.532 Y90.834
G1 F3000 X96.93 Y90.996 E754.98303
G0 F9000 X97.104 Y90.944
G0 X97.633 Y90.616
G0 X98.471 Y90.359
G0 X98.471 Y90.583
G1 F3000 X100.068 Y90.155 E755.03803
G0 F9000 X99.55 Y90.155
G1 F2700 E750.03803
G0 F9000 X100.143 Y92.096
G0 X100.33 Y94.131
G0 X101.415 Y94.131
G0 X114.335 Y94.131
G0 X115.42 Y94.131
G0 X118.201 Y94.131
G0 X118.272 Y93.841
;TYPE:WALL-INNER
G1 F2700 E755.03803
G1 F1500 X117.843 Y93.735 E755.05272
G1 X117.448 Y93.529 E755.06754
G1 X117.109 Y93.226 E755.08266
G1 X116.857 Y92.861 E755.09742
G1 X116.7 Y92.445 E755.1122
G1 X116.651 Y92 E755.12709
G1 X116.699 Y91.558 E755.14188
G1 X116.857 Y91.139 E755.15678
G1 X117.109 Y90.774 E755.17153
G1 X117.449 Y90.47 E755.1867
G1 X117.847 Y90.264 E755.2016
G1 X118.244 Y90.167 E755.2152
G1 X118.723 Y90.158 E755.23113
G1 X119.155 Y90.265 E755.24593
G1 X119.554 Y90.473 E755.2609
G1 X119.891 Y90.774 E755.27593
G1 X120.142 Y91.137 E755.29061
G1 X120.302 Y91.561 E755.30568
G1 X120.35 Y92 E755.32037
G1 X120.302 Y92.437 E755.33499
G1 X120.142 Y92.862 E755.35009
G1 X119.891 Y93.226 E755.3648
G1 X119.555 Y93.526 E755.37978
G1 X119.158 Y93.735 E755.3947
G1 X118.727 Y93.841 E755.40947
G1 X118.272 Y93.841 E755.4246
G1 F2700 E750.4246
G0 F9000 X118.201 Y94.131
G0 X116.404 Y127
G0 X116.465 Y127.501
G0 X116.644 Y127.973
G0 X116.932 Y128.389
G0 X117.273 Y128.691
G0 X118.207 Y129.132
G0 X118.278 Y128.842
G1 F2700 E755.4246
G1 F1500 X117.846 Y128.736 E755.43939
G1 X117.449 Y128.53 E755.45427
G1 X117.109 Y128.226 E755.46944
G1 X116.857 Y127.861 E755.48419
G1 X116.7 Y127.445 E755.49898
G1 X116.651 Y127 E755.51387
G1 X116.699 Y126.558 E755.52866
G1 X116.857 Y126.139 E755.54355
G1 X117.109 Y125.774 E755.5583
G1 X117.448 Y125.471 E755.57343
G1 X117.843 Y125.265 E755.58824
G1 X118.272 Y125.159 E755.60294
G1 X118.727 Y125.159 E755.61807
G1 X119.157 Y125.265 E755.6328
G1 X119.555 Y125.474 E755.64776
G1 X119.891 Y125.774 E755.66274
G1 X120.142 Y126.137 E755.67742
G1 X120.302 Y126.561 E755.69249
G1 X120.35 Y127 E755.70718
G1 X120.302 Y127.437 E755.7218
G1 X120.142 Y127.862 E755.7369
G1 X119.891 Y128.226 E755.75161
G1 X119.554 Y128.527 E755.76664
G1 X119.154 Y128.736 E755.78165
G1 X118.756 Y128.833 E755.79527
G1 X118.278 Y128.842 E755.81118
G0 F9000 X118.207 Y129.132
G0 X115.87 Y131.13
G0 X115.601 Y131.399
G1 F1500 X121.4 Y131.4 E756.00405
G1 X121.4 Y87.6 E757.46084
G1 X115.601 Y87.601 E757.65372
G1 X115.601 Y131.399 E759.11045
G0 F9000 X115.201 Y131.799
;TYPE:WALL-OUTER
G1 F1500 X121.8 Y131.8 E759.32993
G1 X121.8 Y87.2 E760.81333
G1 X115.201 Y87.201 E761.03282
G1 X115.201 Y131.799 E762.51615
G1 F2700 E757.51615
G0 F9000 X115.47 Y131.53
G0 X118.133 Y129.114
G0 X118.299 Y128.436
G1 F2700 E762.51615
G1 F1500 X118.008 Y128.364 E762.52612
G1 X117.657 Y128.18 E762.5393
G1 X117.431 Y127.978 E762.54939
G1 X117.229 Y127.697 E762.5609
G1 X117.089 Y127.334 E762.57384
G1 X117.051 Y127 E762.58502
G1 X117.099 Y126.63 E762.59743
G1 X117.229 Y126.303 E762.60913
G1 X117.431 Y126.022 E762.62064
G1 X117.698 Y125.792 E762.63236
G1 X118.008 Y125.636 E762.6439
G1 X118.299 Y125.564 E762.65387
G1 X118.7 Y125.564 E762.66721
G1 X118.992 Y125.636 E762.67722
G1 X119.343 Y125.82 E762.6904
G1 X119.6 Y126.057 E762.70202
G1 X119.794 Y126.347 E762.71363
G1 X119.912 Y126.677 E762.72529
G1 X119.95 Y127 E762.7361
G1 X119.911 Y127.334 E762.74729
G1 X119.771 Y127.697 E762.76023
G1 X119.569 Y127.978 E762.77174
G1 X119.302 Y128.208 E762.78346
G1 X118.992 Y128.364 E762.795
G1 X118.687 Y128.439 E762.80545
G1 X118.299 Y128.436 E762.81835
G1 F2700 E757.81835
G0 F9000 X118.133 Y129.114
G0 X117.311 Y128.724
G0 X116.932 Y128.389
G0 X116.644 Y127.973
G0 X116.465 Y127.501
G0 X116.43 Y127.217
G0 X118.133 Y94.114
G0 X118.299 Y93.436
G1 F2700 E762.81835
G1 F1500 X118.008 Y93.364 E762.82832
G1 X117.657 Y93.18 E762.8415
G1 X117.4 Y92.943 E762.85313
G1 X117.206 Y92.653 E762.86474
G1 X117.089 Y92.334 E762.87604
G1 X117.051 Y92 E762.88722
G1 X117.099 Y91.63 E762.89963
G1 X117.229 Y91.303 E762.91133
G1 X117.431 Y91.022 E762.92284
G1 X117.698 Y90.792 E762.93456
G1 X118.008 Y90.636 E762.94611
G1 X118.313 Y90.561 E762.95655
G1 X118.701 Y90.564 E762.96946
G1 X118.992 Y90.636 E762.97943
G1 X119.343 Y90.82 E762.99261
G1 X119.6 Y91.057 E763.00424
G1 X119.794 Y91.347 E763.01584
G1 X119.912 Y91.677 E763.0275
G1 X119.95 Y92 E763.03831
G1 X119.911 Y92.334 E763.0495
G1 X119.771 Y92.697 E763.06244
G1 X119.569 Y92.978 E763.07395
G1 X119.302 Y93.208 E763.08567
G1 X118.992 Y93.364 E763.09721
G1 X118.7 Y93.436 E763.10722
G1 X118.299 Y93.436 E763.12055
G0 F9000 X117.652 Y93.725
;TYPE:FILL
G1 F3000 X115.68 Y94.254 E763.18846
G0 F9000 X115.9 Y94.254
G0 X115.9 Y95.51
G0 X115.68 Y95.51
G1 F3000 X116.585 Y92.134 E763.30471
G0 F9000 X116.362 Y92.159
G0 X116.421 Y91.785
G0 X116.664 Y90.893
G0 X116.843 Y91.017
G1 F3000 X115.679 Y89.853 E763.35946
G0 F9000 X115.68 Y90.113
G1 F3000 X121.318 Y88.602 E763.5536
G0 F9000 X121.1 Y88.602
G0 X121.1 Y89.836
G0 X121.319 Y89.836
G1 F3000 X119.163 Y87.68 E763.65501
G0 F9000 X119.163 Y87.9
G0 X117.779 Y87.9
G0 X117.779 Y87.679
G1 F3000 X116.91 Y90.92 E763.76662
G0 F9000 X116.731 Y90.796
G0 X116.465 Y91.499
G0 X116.404 Y92
G0 X116.465 Y92.501
G0 X116.644 Y92.973
G0 X116.932 Y93.389
G0 X117.311 Y93.724
G0 X117.757 Y93.96
G0 X118.248 Y94.08
G0 X118.657 Y94.08
G0 X119.582 Y93.849
G0 X119.481 Y93.655
G1 F3000 X121.319 Y95.493 E763.85307
G0 F9000 X121.1 Y95.493
G0 X121.1 Y96.884
G0 X121.318 Y96.884
G1 F3000 X115.68 Y98.395 E764.04721
G0 F9000 X115.9 Y98.395
G0 X115.9 Y101.167
G0 X115.679 Y101.167
G1 F3000 X121.319 Y106.807 E764.3125
G0 F9000 X121.1 Y106.807
G0 X121.1 Y105.375
G0 X121.319 Y105.375
G1 F3000 X115.681 Y126.419 E765.03711
G0 F9000 X115.68 Y127.383
G1 F3000 X116.584 Y127.14 E765.06824
G0 F9000 X116.363 Y127.165
G0 X116.465 Y126.499
G0 X116.61 Y126.117
G0 X117.199 Y125.293
G0 X117.341 Y125.456
G1 F3000 X115.68 Y123.795 E765.14637
G0 F9000 X115.681 Y123.241
G1 F3000 X121.319 Y121.731 E765.3405
G0 F9000 X121.319 Y120.83
G1 F3000 X119.993 Y125.781 E765.51098
G0 F9000 X120.237 Y126.162
G1 F3000 X121.319 Y125.872 E765.54823
G0 F9000 X121.1 Y125.872
G0 X121.1 Y123.777
G0 X121.319 Y123.777
G1 F3000 X115.68 Y118.138 E765.81347
G0 F9000 X115.68 Y119.1
G1 F3000 X121.319 Y117.59 E766.00764
G0 F9000 X121.319 Y118.12
G1 F3000 X115.68 Y112.481 E766.27288
G0 F9000 X115.9 Y112.481
G0 X115.9 Y110.964
G0 X115.681 Y110.964
G1 F3000 X121.319 Y89.92 E766.99749
G0 F9000 X121.1 Y89.92
G0 X121.1 Y92.743
G0 X121.318 Y92.743
G1 F3000 X120.093 Y93.071 E767.03967
G0 F9000 X120.275 Y93.197
G0 X119.689 Y93.724
G0 X115.9 Y95.51
G0 X115.679 Y95.51
G1 F3000 X121.319 Y101.15 E767.30496
G1 X121.319 Y101.025
G1 X115.681 Y102.536 E767.49909
G0 F9000 X115.9 Y102.536
G0 X115.9 Y106.677
G0 X115.68 Y106.677
G1 F3000 X121.319 Y105.166 E767.69326
G0 F9000 X121.1 Y105.166
G0 X121.1 Y109.307
G0 X121.318 Y109.307
G1 F3000 X115.68 Y110.818 E767.8874
G0 F9000 X115.9 Y110.818
G0 X115.9 Y106.824
G0 X115.679 Y106.824
G1 F3000 X121.319 Y112.463 E768.15267
G0 F9000 X121.318 Y113.449
G1 F3000 X115.68 Y114.959 E768.3468
G0 F9000 X115.9 Y114.959
G0 X120.535 Y126.499
G0 X120.596 Y127
G0 X120.546 Y127.406
G0 X120.219 Y128.277
G0 X120.037 Y128.151
G1 F3000 X121.319 Y129.434 E768.40712
G0 F9000 X121.319 Y130.013
G1 F3000 X116.447 Y131.318 E768.57488
G0 F9000 X116.447 Y131.1
G0 X117.546 Y131.1
G0 X117.546 Y131.318
G1 F3000 X115.68 Y129.452 E768.66265
G0 F9000 X115.9 Y129.452
G0 X118.509 Y131.1
G0 X118.509 Y131.319
G1 F3000 X119.181 Y128.809 E768.74907
G0 F9000 X119.304 Y129.316
G1 F2700 E763.74907
G0 F9000 X120.143 Y127.404
G0 X121.58 Y112.13
G0 X122.665 Y112.13
G0 X135.585 Y112.13
G0 X136.67 Y112.13
G0 X137.12 Y112.13
G0 X136.851 Y112.399
;TYPE:WALL-INNER
G1 F2700 E768.74907
G1 F1500 X140.15 Y112.4 E768.8588
G1 X140.15 Y108.852 E768.9768
G1 X139.887 Y109.229 E768.99209
G1 X139.55 Y109.53 E769.00712
G1 X139.151 Y109.737 E769.02207
G1 X138.72 Y109.837 E769.03679
G1 X138.28 Y109.838 E769.05142
G1 X137.849 Y109.737 E769.06615
G1 X137.451 Y109.532 E769.08104
G1 X137.114 Y109.231 E769.09606
G1 X136.85 Y108.852 E769.11143
G1 X136.851 Y112.399 E769.2294
G0 F9000 X137.12 Y112.13
G0 X136.807 Y108
G0 X137.09 Y106.467
G0 X136.85 Y107.148
G1 F1500 X137.114 Y106.768 E769.24479
G1 X137.452 Y106.468 E769.25982
G1 X137.849 Y106.263 E769.27468
G1 X138.28 Y106.162 E769.28941
G1 X138.72 Y106.163 E769.30404
G1 X139.151 Y106.263 E769.31876
G1 X139.549 Y106.47 E769.33368
G1 X139.887 Y106.77 E769.34871
G1 X140.15 Y107.148 E769.36402
G1 X140.15 Y103.6 E769.48203
G1 X136.851 Y103.601 E769.59176
G1 X136.85 Y107.148 E769.70973
G1 F2700 E764.70973
G0 F9000 X137.09 Y106.467
G0 X136.807 Y108
G0 X136.857 Y108.404
G0 X137.842 Y110.043
G0 X138.008 Y109.364
;TYPE:WALL-OUTER
G1 F2700 E769.70973
G1 F1500 X137.657 Y109.18 E769.72291
G1 X137.4 Y108.943 E769.73454
G1 X137.229 Y108.697 E769.7445
G1 F1304.3 X137.028 Y108.33 E769.76051
G1 F1174.2 X137.001 Y107.97 E769.77585
G1 X137.028 Y107.67 E769.78865
G1 F1304.3 X137.229 Y107.303 E769.80465
G1 F1500 X137.431 Y107.022 E769.81616
G1 X137.698 Y106.792 E769.82788
G1 X138.008 Y106.636 E769.83942
G1 X138.325 Y106.56 E769.85027
G1 X138.675 Y106.56 E769.86191
G1 X138.992 Y106.636 E769.87275
G1 X139.302 Y106.792 E769.88429
G1 X139.569 Y107.022 E769.89601
G1 X139.771 Y107.303 E769.90752
G1 F1304.3 X139.972 Y107.67 E769.92353
G1 F1176.5 X140 Y108 E769.93757
G1 X139.971 Y108.344 E769.95221
G1 F1304.3 X139.771 Y108.697 E769.96773
G1 F1500 X139.569 Y108.978 E769.97924
G1 X139.302 Y109.208 E769.99096
G1 X138.992 Y109.364 E770.00251
G1 X138.675 Y109.44 E770.01335
G1 X138.325 Y109.44 E770.02499
G1 X138.008 Y109.364 E770.03583
G1 F2700 E765.03583
G0 F9000 X137.842 Y110.043
G0 X136.72 Y112.53
G0 X136.451 Y112.799
G1 F2700 E770.03583
G1 F1500 X140.55 Y112.8 E770.17216
G1 X140.55 Y108.791 E770.3055
G1 F1304.3 X140.49 Y108.389 E770.32105
G1 F1176.5 X140.5 Y108 E770.33755
G1 X140.49 Y107.639 E770.35287
G1 F1304.3 X140.55 Y107.209 E770.36947
G1 F1500 X140.55 Y103.2 E770.50281
G1 X136.451 Y103.201 E770.63915
G1 X136.45 Y107.209 E770.77245
G1 F1304.3 X136.51 Y107.639 E770.78906
G1 F1176.5 X136.5 Y108 E770.80437
G1 X136.51 Y108.361 E770.81969
G1 F1304.3 X136.45 Y108.791 E770.8363
G1 F1500 X136.451 Y112.799 E770.9696
G0 F9000 X136.72 Y112.53
G0 X138.145 Y112.1
G0 X138.145 Y112.318
;TYPE:FILL
G1 F3000 X136.93 Y111.104 E771.02673
G0 F9000 X137.15 Y111.104
G0 X136.807 Y108
G0 X136.852 Y107.636
G0 X137.542 Y106.085
G0 X137.642 Y106.277
G1 F3000 X138.338 Y103.679 E771.11619
G0 F9000 X138.338 Y103.9
G0 X139.85 Y104.284
G0 X140.068 Y104.284
G1 F3000 X136.931 Y105.124 E771.2242
G0 F9000 X136.93 Y105.447
G1 F3000 X137.72 Y106.237 E771.26136
G0 F9000 X137.481 Y105.779
G1 F2700 E766.26136
;MESH:NONMESH
G0 F300 X137.481 Y105.779 Z3.4
G0 F9000 X136.664 Y103.414
G0 X135.585 Y103.414
G0 X122.653 Y86.347
G0 X114.347 Y86.347
G0 X95.597 Y86.847
G0 X84.415 Y103.414
G0 X83.33 Y103.414
G0 X83.193 Y93
G0 X82.91 Y91.467
G0 X83.15 Y92.148
;TIME_ELAPSED:1374.204511
;LAYER:16
;TYPE:WALL-INNER
;MESH:Spacers.stl
G1 F2700 E771.26136
G1 F1500 X83.15 Y88.6 E771.37936
G1 X79.851 Y88.601 E771.48909
G1 X79.85 Y92.148 E771.60706
G1 X80.114 Y91.768 E771.62245
G1 X80.452 Y91.468 E771.63748
G1 X80.849 Y91.263 E771.65235
G1 X81.28 Y91.162 E771.66707
G1 X81.72 Y91.163 E771.6817
G1 X82.151 Y91.263 E771.69642
G1 X82.549 Y91.47 E771.71134
G1 X82.887 Y91.77 E771.72637
G1 X83.15 Y92.148 E771.74169
G1 F2700 E766.74169
G0 F9000 X82.91 Y91.467
G0 X83.165 Y92.847
G0 X82.91 Y126.467
G0 X83.15 Y127.148
G1 F2700 E771.74169
G1 F1500 X83.15 Y93.852 E772.84912
G1 X82.887 Y94.229 E772.86441
G1 X82.55 Y94.53 E772.87943
G1 X82.155 Y94.736 E772.89425
G1 X81.727 Y94.841 E772.90891
G1 X81.272 Y94.841 E772.92404
G1 X80.846 Y94.736 E772.93864
G1 X80.451 Y94.531 E772.95344
G1 X80.114 Y94.232 E772.96842
G1 X79.85 Y93.852 E772.98381
G1 X79.85 Y127.148 E774.09124
G1 X80.114 Y126.768 E774.10663
G1 X80.451 Y126.468 E774.12164
G1 X80.846 Y126.264 E774.13642
G1 X81.272 Y126.159 E774.15102
G1 X81.727 Y126.159 E774.16615
G1 X82.155 Y126.264 E774.18081
G1 X82.55 Y126.47 E774.19562
G1 X82.887 Y126.771 E774.21065
G1 X83.15 Y127.148 E774.22594
G0 F9000 X82.91 Y126.467
G0 X83.165 Y127.847
G0 X82.88 Y132.13
G0 X83.15 Y132.4
G1 F1500 X83.15 Y128.852 E774.34395
G1 X82.887 Y129.229 E774.35924
G1 X82.55 Y129.53 E774.37427
G1 X82.151 Y129.737 E774.38922
G1 X81.72 Y129.837 E774.40393
G1 X81.28 Y129.838 E774.41857
G1 X80.849 Y129.737 E774.43329
G1 X80.451 Y129.532 E774.44818
G1 X80.114 Y129.231 E774.46321
G1 X79.85 Y128.852 E774.47857
G1 X79.851 Y132.399 E774.59654
G1 X83.15 Y132.4 E774.70627
G0 F9000 X83.55 Y132.8
;TYPE:WALL-OUTER
G1 F1500 X83.55 Y128.791 E774.83961
G1 F1304.3 X83.49 Y128.389 E774.85516
G1 F1176.5 X83.5 Y128 E774.87166
G1 X83.49 Y127.639 E774.88697
G1 F1304.3 X83.55 Y127.209 E774.90358
G1 F1500 X83.55 Y93.791 E776.01507
G1 F1304.3 X83.49 Y93.389 E776.03061
G1 F1176.5 X83.5 Y93 E776.04711
G1 X83.49 Y92.639 E776.06243
G1 F1304.3 X83.55 Y92.209 E776.07904
G1 F1500 X83.55 Y88.2 E776.21238
G1 X79.451 Y88.201 E776.34871
G1 X79.45 Y92.209 E776.48202
G1 F1304.3 X79.51 Y92.639 E776.49862
G1 F1176.5 X79.5 Y93 E776.51394
G1 X79.51 Y93.361 E776.52925
G1 F1304.3 X79.45 Y93.791 E776.54586
G1 F1500 X79.45 Y127.209 E777.65734
G1 F1304.3 X79.51 Y127.639 E777.67395
G1 F1176.5 X79.5 Y128 E777.68927
G1 X79.51 Y128.361 E777.70458
G1 F1304.3 X79.45 Y128.791 E777.72119
G1 F1500 X79.451 Y132.799 E777.85449
G1 X83.55 Y132.8 E777.99083
G1 F2700 E772.99083
G0 F9000 X83.28 Y132.53
G0 X82.157 Y130.044
G0 X81.992 Y129.364
G1 F2700 E777.99083
G1 F1500 X81.675 Y129.44 E778.00167
G1 X81.325 Y129.44 E778.01331
G1 X81.008 Y129.364 E778.02415
G1 X80.657 Y129.18 E778.03733
G1 X80.4 Y128.943 E778.04896
G1 X80.229 Y128.697 E778.05893
G1 F1304.3 X80.028 Y128.33 E778.07493
G1 F1174.2 X80.001 Y127.97 E778.09027
G1 X80.028 Y127.67 E778.10307
G1 F1304.3 X80.229 Y127.303 E778.11907
G1 F1500 X80.431 Y127.022 E778.13058
G1 X80.698 Y126.792 E778.1423
G1 X81.008 Y126.636 E778.15385
G1 X81.299 Y126.564 E778.16382
G1 X81.7 Y126.564 E778.17716
G1 X81.992 Y126.636 E778.18716
G1 X82.302 Y126.792 E778.1987
G1 X82.569 Y127.022 E778.21042
G1 X82.771 Y127.303 E778.22193
G1 F1304.3 X82.972 Y127.67 E778.23794
G1 F1176.5 X83 Y128 E778.25198
G1 X82.971 Y128.344 E778.26662
G1 F1304.3 X82.771 Y128.697 E778.28214
G1 F1500 X82.569 Y128.978 E778.29365
G1 X82.302 Y129.208 E778.30537
G1 X81.992 Y129.364 E778.31691
G1 F2700 E773.31691
G0 F9000 X82.157 Y130.044
G0 X82.999 Y128.786
G0 X83.143 Y128.404
G0 X81.865 Y95.115
G0 X81.7 Y94.436
G1 F2700 E778.31691
G1 F1500 X81.348 Y94.441 E778.32862
G1 X81.008 Y94.364 E778.34022
G1 X80.657 Y94.18 E778.3534
G1 X80.4 Y93.943 E778.36503
G1 X80.229 Y93.697 E778.37499
G1 F1304.3 X80.028 Y93.33 E778.391
G1 F1174.2 X80.001 Y92.97 E778.40633
G1 X80.028 Y92.67 E778.41913
G1 F1304.3 X80.229 Y92.303 E778.43514
G1 F1500 X80.431 Y92.022 E778.44665
G1 X80.698 Y91.792 E778.45837
G1 X81.008 Y91.636 E778.46991
G1 X81.325 Y91.56 E778.48075
G1 X81.675 Y91.56 E778.4924
G1 X81.992 Y91.636 E778.50324
G1 X82.302 Y91.792 E778.51478
G1 X82.569 Y92.022 E778.5265
G1 X82.771 Y92.303 E778.53801
G1 F1304.3 X82.972 Y92.67 E778.55402
G1 F1176.5 X83 Y93 E778.56806
G1 X82.971 Y93.344 E778.5827
G1 F1304.3 X82.771 Y93.697 E778.59822
G1 F1500 X82.569 Y93.978 E778.60973
G1 X82.302 Y94.208 E778.62145
G1 X81.992 Y94.364 E778.63299
G1 X81.7 Y94.436 E778.643
G0 F9000 X81.349 Y94.92
;TYPE:FILL
G1 F3000 X83.07 Y96.64 E778.72392
G0 F9000 X82.85 Y96.64
G0 X82.85 Y94.857
G0 X83.068 Y94.857
G1 F3000 X79.93 Y95.698 E778.83198
G0 F9000 X80.15 Y95.698
G0 X81.337 Y95.279
G0 X82.813 Y94.696
G0 X82.667 Y94.529
G1 F3000 X79.93 Y104.745 E779.18374
G1 X79.93 Y104.815
G1 X83.07 Y107.954 E779.33142
G0 F9000 X83.069 Y108.484
G1 F3000 X79.93 Y120.2 E779.73484
G0 F9000 X79.93 Y120.544
G1 F3000 X83.069 Y119.703 E779.84292
G0 F9000 X83.07 Y119.268
G1 F3000 X79.93 Y116.128 E779.99062
G0 F9000 X79.93 Y116.403
G1 F3000 X83.069 Y115.562 E780.0987
G0 F9000 X82.85 Y115.562
G0 X82.85 Y113.611
G0 X83.07 Y113.611
G1 F3000 X79.93 Y110.471 E780.2464
G0 F9000 X80.15 Y110.471
G0 X80.15 Y112.262
G0 X79.93 Y112.262
G1 F3000 X83.068 Y111.421 E780.35445
G0 F9000 X82.85 Y111.421
G0 X82.85 Y107.28
G0 X83.068 Y107.28
G1 F3000 X79.93 Y108.121 E780.46251
G0 F9000 X80.15 Y108.121
G0 X80.15 Y103.98
G0 X79.93 Y103.98
G1 F3000 X83.068 Y103.139 E780.57056
G0 F9000 X83.07 Y102.297
G1 F3000 X79.93 Y99.158 E780.71823
G0 F9000 X79.93 Y99.839
G1 F3000 X83.069 Y98.998 E780.82632
G0 F9000 X82.85 Y98.998
G0 X83.193 Y93
G0 X82.85 Y90.984
G0 X83.07 Y90.984
G1 F3000 X80.766 Y88.68 E780.93469
G0 F9000 X80.094 Y88.679
G1 F3000 X79.93 Y89.29 E780.95573
G0 F9000 X80.15 Y89.29
G0 X80.214 Y91.279
G0 X80.357 Y91.442
G1 F3000 X79.931 Y91.556 E780.9704
G0 F9000 X80.075 Y91.47
G0 X80.689 Y91.083
G0 X81.696 Y90.859
G0 X81.696 Y91.084
G1 F3000 X83.069 Y90.716 E781.01768
G1 F2700 E776.01768
G0 F9000 X82.85 Y90.716
G0 X83.193 Y93
G0 X80.15 Y121.785
G0 X79.93 Y121.785
G1 F2700 E781.01768
G1 F3000 X83.07 Y124.925 E781.16537
G0 F9000 X83.069 Y123.94
G1 F3000 X82.432 Y126.317 E781.24722
G0 F9000 X82.533 Y126.125
G0 X82.85 Y123.845
G0 X83.068 Y123.845
G1 F3000 X79.93 Y124.685 E781.35527
G0 F9000 X80.15 Y124.685
G0 X79.807 Y128
G0 X79.857 Y128.404
G0 X80.001 Y128.786
G0 X80.189 Y129.058
G0 X81.468 Y130.141
G0 X81.468 Y129.915
G1 F3000 X80.824 Y132.319 E781.43805
G0 F9000 X80.824 Y132.1
G0 X82.35 Y132.1
G0 X82.35 Y132.319
G1 F3000 X83.068 Y132.127 E781.46277
G0 F9000 X82.85 Y132.127
G0 X82.85 Y130.581
G0 X83.069 Y130.581
G1 F3000 X82.259 Y129.771 E781.50087
G0 F9000 X82.5 Y130.231
G1 F2700 E776.50087
G0 F9000 X83.33 Y131.63
G0 X84.415 Y131.63
G0 X95.585 Y131.63
G0 X96.67 Y131.63
G0 X99.88 Y131.63
G0 X100.15 Y131.9
;TYPE:WALL-INNER
G1 F2700 E781.50087
G1 F1500 X100.15 Y128.352 E781.61887
G1 X99.887 Y128.729 E781.63416
G1 X99.55 Y129.03 E781.64919
G1 X99.151 Y129.237 E781.66414
G1 X98.72 Y129.337 E781.67886
G1 X98.28 Y129.338 E781.69349
G1 X97.849 Y129.237 E781.70821
G1 X97.451 Y129.032 E781.7231
G1 X97.114 Y128.731 E781.73813
G1 X96.85 Y128.352 E781.7535
G1 X96.851 Y131.899 E781.87147
G1 X100.15 Y131.9 E781.98119
G0 F9000 X99.88 Y131.63
G0 X100.193 Y127.5
G0 X99.91 Y125.967
G0 X100.15 Y126.648
G1 F1500 X100.15 Y93.352 E783.08862
G1 X99.887 Y93.729 E783.10391
G1 X99.55 Y94.03 E783.11894
G1 X99.155 Y94.236 E783.13376
G1 X98.727 Y94.341 E783.14842
G1 X98.272 Y94.341 E783.16355
G1 X97.846 Y94.236 E783.17814
G1 X97.451 Y94.031 E783.19294
G1 X97.114 Y93.732 E783.20793
G1 X96.85 Y93.352 E783.22332
G1 X96.85 Y126.648 E784.33075
G1 X97.114 Y126.268 E784.34614
G1 X97.451 Y125.968 E784.36114
G1 X97.846 Y125.764 E784.37593
G1 X98.272 Y125.659 E784.39052
G1 X98.727 Y125.659 E784.40566
G1 X99.155 Y125.764 E784.42031
G1 X99.55 Y125.97 E784.43513
G1 X99.887 Y126.271 E784.45016
G1 X100.15 Y126.648 E784.46545
G1 F2700 E779.46545
G0 F9000 X99.91 Y125.967
G0 X100.193 Y92.5
G0 X99.91 Y90.967
G0 X100.15 Y91.648
G1 F2700 E784.46545
G1 F1500 X100.15 Y88.1 E784.58345
G1 X96.851 Y88.101 E784.69318
G1 X96.85 Y91.648 E784.81115
G1 X97.114 Y91.268 E784.82654
G1 X97.452 Y90.968 E784.84157
G1 X97.849 Y90.763 E784.85644
G1 X98.28 Y90.662 E784.87116
G1 X98.72 Y90.663 E784.88579
G1 X99.151 Y90.763 E784.90051
G1 X99.549 Y90.97 E784.91543
G1 X99.887 Y91.27 E784.93046
G1 X100.15 Y91.648 E784.94578
G1 F2700 E779.94578
G0 F9000 X99.91 Y90.967
G0 X100.193 Y92.5
G0 X100.143 Y92.904
G0 X99.999 Y93.286
G0 X98.865 Y94.615
G0 X98.7 Y93.936
;TYPE:WALL-OUTER
G1 F2700 E784.94578
G1 F1500 X98.299 Y93.936 E784.95911
G1 X98.008 Y93.864 E784.96909
G1 X97.657 Y93.68 E784.98227
G1 X97.4 Y93.443 E784.99389
G1 X97.229 Y93.197 E785.00386
G1 F1304.3 X97.028 Y92.83 E785.01986
G1 F1174.2 X97.001 Y92.47 E785.0352
G1 X97.028 Y92.17 E785.048
G1 F1304.3 X97.229 Y91.803 E785.06401
G1 F1500 X97.431 Y91.522 E785.07552
G1 X97.698 Y91.292 E785.08724
G1 X98.008 Y91.136 E785.09878
G1 X98.325 Y91.06 E785.10962
G1 X98.675 Y91.06 E785.12126
G1 X98.992 Y91.136 E785.13211
G1 X99.302 Y91.292 E785.14365
G1 X99.569 Y91.522 E785.15537
G1 X99.771 Y91.803 E785.16688
G1 F1304.3 X99.972 Y92.17 E785.18288
G1 F1176.5 X100 Y92.5 E785.19693
G1 X99.971 Y92.844 E785.21157
G1 F1304.3 X99.771 Y93.197 E785.22709
G1 F1500 X99.569 Y93.478 E785.2386
G1 X99.302 Y93.708 E785.25032
G1 X98.992 Y93.864 E785.26186
G1 X98.7 Y93.936 E785.27186
G1 F2700 E780.27186
G0 F9000 X98.865 Y94.615
G0 X100.193 Y127.5
G0 X100.143 Y127.904
G0 X99.999 Y128.286
G0 X98.675 Y129.641
G0 X98.675 Y128.94
G1 F2700 E785.27186
G1 F1500 X98.325 Y128.94 E785.2835
G1 X98.008 Y128.864 E785.29435
G1 X97.657 Y128.68 E785.30753
G1 X97.4 Y128.443 E785.31916
G1 X97.229 Y128.197 E785.32912
G1 F1304.3 X97.028 Y127.83 E785.34513
G1 F1174.2 X97.001 Y127.47 E785.36046
G1 X97.028 Y127.17 E785.37326
G1 F1304.3 X97.229 Y126.803 E785.38927
G1 F1500 X97.431 Y126.522 E785.40078
G1 X97.698 Y126.292 E785.4125
G1 X98.008 Y126.136 E785.42404
G1 X98.299 Y126.064 E785.43401
G1 X98.7 Y126.064 E785.44735
G1 X98.992 Y126.136 E785.45735
G1 X99.302 Y126.292 E785.4689
G1 X99.569 Y126.522 E785.48062
G1 X99.771 Y126.803 E785.49213
G1 F1304.3 X99.972 Y127.17 E785.50813
G1 F1176.5 X100 Y127.5 E785.52218
G1 X99.971 Y127.844 E785.53682
G1 F1304.3 X99.771 Y128.197 E785.55233
G1 F1500 X99.569 Y128.478 E785.56384
G1 X99.302 Y128.708 E785.57557
G1 X98.992 Y128.864 E785.58711
G1 X98.675 Y128.94 E785.59795
G1 F2700 E780.59795
G0 F9000 X98.675 Y129.641
G0 X100.28 Y132.03
G0 X100.55 Y132.3
G1 F2700 E785.59795
G1 F1500 X100.55 Y128.291 E785.73129
G1 F1304.3 X100.49 Y127.889 E785.74684
G1 F1176.5 X100.5 Y127.5 E785.76334
G1 X100.49 Y127.139 E785.77865
G1 F1304.3 X100.55 Y126.709 E785.79526
G1 F1500 X100.55 Y93.291 E786.90675
G1 F1304.3 X100.49 Y92.889 E786.92229
G1 F1176.5 X100.5 Y92.5 E786.93879
G1 X100.49 Y92.139 E786.95411
G1 F1304.3 X100.55 Y91.709 E786.97072
G1 F1500 X100.55 Y87.7 E787.10406
G1 X96.451 Y87.701 E787.24039
G1 X96.45 Y91.709 E787.3737
G1 F1304.3 X96.51 Y92.139 E787.3903
G1 F1176.5 X96.5 Y92.5 E787.40562
G1 X96.51 Y92.861 E787.42093
G1 F1304.3 X96.45 Y93.291 E787.43754
G1 F1500 X96.45 Y126.709 E788.54903
G1 F1304.3 X96.51 Y127.139 E788.56563
G1 F1176.5 X96.5 Y127.5 E788.58095
G1 X96.51 Y127.861 E788.59626
G1 F1304.3 X96.45 Y128.291 E788.61287
G1 F1500 X96.451 Y132.299 E788.74617
G1 X100.55 Y132.3 E788.88251
G0 F9000 X100.068 Y131.713
;TYPE:FILL
G1 F3000 X99.671 Y131.819 E788.89617
G0 F9000 X99.671 Y131.6
G0 X99.85 Y130.611
G0 X100.07 Y130.611
G1 F3000 X98.847 Y129.388 E788.9537
G0 F9000 X98.172 Y129.392
G1 F3000 X97.522 Y131.819 E789.03727
G0 F9000 X97.522 Y131.6
G0 X99.999 Y128.286
G0 X100.143 Y127.904
G0 X100.193 Y127.5
G0 X100.143 Y127.096
G0 X99.218 Y125.472
G0 X99.166 Y125.684
G1 F3000 X100.069 Y122.314 E789.15331
G0 F9000 X99.85 Y122.314
G0 X99.85 Y123.431
G0 X100.069 Y123.431
G1 F3000 X96.931 Y124.271 E789.26135
G0 F9000 X97.15 Y124.271
G0 X97.15 Y121.814
G0 X96.93 Y121.814
G1 F3000 X100.069 Y124.954 E789.40903
G0 F9000 X99.85 Y124.954
G0 X99.85 Y119.297
G0 X100.069 Y119.297
G1 F3000 X96.93 Y116.157 E789.5567
G1 X96.931 Y115.989
G1 X100.068 Y115.148 E789.66472
G0 F9000 X99.85 Y115.148
G0 X99.85 Y113.64
G0 X100.069 Y113.64
G1 F3000 X96.93 Y110.5 E789.81239
G0 F9000 X97.15 Y110.5
G0 X97.15 Y111.848
G0 X96.931 Y111.848
G1 F3000 X100.068 Y111.007 E789.92041
G0 F9000 X99.85 Y111.007
G0 X99.85 Y107.983
G0 X100.069 Y107.983
G1 F3000 X96.93 Y104.844 E790.06806
G0 F9000 X97.15 Y104.844
G0 X97.15 Y103.566
G0 X96.931 Y103.566
G1 F3000 X100.069 Y102.725 E790.17612
G0 F9000 X100.069 Y102.326
G1 F3000 X96.93 Y99.187 E790.32377
G0 F9000 X96.93 Y99.425
G1 F3000 X100.068 Y98.584 E790.43182
G0 F9000 X99.85 Y98.584
G0 X99.85 Y96.669
G0 X100.069 Y96.669
G1 F3000 X97.6 Y94.2 E790.54795
G0 F9000 X97.499 Y94.391
G0 X97.15 Y95.284
G0 X96.931 Y95.284
G1 F3000 X100.068 Y94.443 E790.65597
G0 F9000 X99.308 Y94.246
G1 F3000 X96.93 Y103.118 E790.96147
G0 F9000 X97.15 Y103.118
G0 X97.15 Y107.707
G0 X96.931 Y107.707
G1 F3000 X100.068 Y106.866 E791.0695
G1 X100.069 Y106.86
G1 X96.93 Y118.572 E791.47279
G0 F9000 X97.15 Y118.572
G0 X97.15 Y120.13
G0 X96.93 Y120.13
G1 F3000 X100.069 Y119.289 E791.58087
G0 F9000 X99.85 Y119.289
G0 X100.193 Y92.5
G0 X99.905 Y90.952
G0 X100.069 Y91.012
G1 F3000 X97.237 Y88.18 E791.71408
G0 F9000 X97.237 Y88.4
G0 X97.076 Y90.902
G0 X97.219 Y91.065
G1 F3000 X96.941 Y91.14 E791.72366
G0 F9000 X97.09 Y90.967
G0 X97.311 Y90.776
G0 X97.757 Y90.54
G0 X98.036 Y90.472
G0 X98.937 Y90.403
G0 X98.884 Y90.619
G1 F3000 X100.068 Y90.302 E791.76443
G0 F9000 X99.553 Y90.297
G1 F2700 E786.76443
G0 F9000 X100.143 Y92.096
G0 X100.33 Y94.131
G0 X101.415 Y94.131
G0 X114.335 Y94.131
G0 X115.42 Y94.131
G0 X118.201 Y94.131
G0 X118.272 Y93.841
;TYPE:WALL-INNER
G1 F2700 E791.76443
G1 F1500 X117.843 Y93.735 E791.77912
G1 X117.448 Y93.529 E791.79394
G1 X117.109 Y93.226 E791.80906
G1 X116.857 Y92.861 E791.82381
G1 X116.7 Y92.445 E791.8386
G1 X116.651 Y92 E791.85349
G1 X116.699 Y91.558 E791.86828
G1 X116.857 Y91.139 E791.88317
G1 X117.109 Y90.774 E791.89793
G1 X117.449 Y90.47 E791.9131
G1 X117.847 Y90.264 E791.928
G1 X118.244 Y90.167 E791.9416
G1 X118.723 Y90.158 E791.95753
G1 X119.155 Y90.265 E791.97233
G1 X119.554 Y90.473 E791.9873
G1 X119.891 Y90.774 E792.00233
G1 X120.142 Y91.137 E792.01701
G1 X120.302 Y91.561 E792.03208
G1 X120.35 Y92 E792.04677
G1 X120.302 Y92.437 E792.06139
G1 X120.142 Y92.862 E792.07649
G1 X119.891 Y93.226 E792.0912
G1 X119.555 Y93.526 E792.10618
G1 X119.158 Y93.735 E792.1211
G1 X118.727 Y93.841 E792.13586
G1 X118.272 Y93.841 E792.151
G1 F2700 E787.151
G0 F9000 X118.201 Y94.131
G0 X116.404 Y127
G0 X116.465 Y127.501
G0 X116.644 Y127.973
G0 X116.932 Y128.389
G0 X117.273 Y128.691
G0 X118.207 Y129.132
G0 X118.278 Y128.842
G1 F2700 E792.151
G1 F1500 X117.846 Y128.736 E792.16579
G1 X117.449 Y128.53 E792.18067
G1 X117.109 Y128.226 E792.19584
G1 X116.857 Y127.861 E792.21059
G1 X116.7 Y127.445 E792.22538
G1 X116.651 Y127 E792.24027
G1 X116.699 Y126.558 E792.25506
G1 X116.857 Y126.139 E792.26995
G1 X117.109 Y125.774 E792.2847
G1 X117.448 Y125.471 E792.29983
G1 X117.843 Y125.265 E792.31464
G1 X118.272 Y125.159 E792.32934
G1 X118.727 Y125.159 E792.34447
G1 X119.157 Y125.265 E792.3592
G1 X119.555 Y125.474 E792.37416
G1 X119.891 Y125.774 E792.38914
G1 X120.142 Y126.137 E792.40382
G1 X120.302 Y126.561 E792.41889
G1 X120.35 Y127 E792.43358
G1 X120.302 Y127.437 E792.4482
G1 X120.142 Y127.862 E792.4633
G1 X119.891 Y128.226 E792.47801
G1 X119.554 Y128.527 E792.49304
G1 X119.154 Y128.736 E792.50805
G1 X118.756 Y128.833 E792.52167
G1 X118.278 Y128.842 E792.53757
G0 F9000 X118.207 Y129.132
G0 X115.87 Y131.13
G0 X115.601 Y131.399
G1 F1500 X121.4 Y131.4 E792.73045
G1 X121.4 Y87.6 E794.18724
G1 X115.601 Y87.601 E794.38012
G1 X115.601 Y131.399 E795.83685
G0 F9000 X115.201 Y131.799
;TYPE:WALL-OUTER
G1 F1500 X121.8 Y131.8 E796.05633
G1 X121.8 Y87.2 E797.53973
G1 X115.201 Y87.201 E797.75922
G1 X115.201 Y131.799 E799.24255
G1 F2700 E794.24255
G0 F9000 X115.47 Y131.53
G0 X118.133 Y129.114
G0 X118.299 Y128.436
G1 F2700 E799.24255
G1 F1500 X118.008 Y128.364 E799.25252
G1 X117.657 Y128.18 E799.2657
G1 X117.4 Y127.943 E799.27733
G1 X117.206 Y127.653 E799.28894
G1 X117.089 Y127.334 E799.30024
G1 X117.051 Y127 E799.31142
G1 X117.099 Y126.63 E799.32383
G1 X117.229 Y126.303 E799.33553
G1 X117.431 Y126.022 E799.34704
G1 X117.698 Y125.792 E799.35876
G1 X118.008 Y125.636 E799.3703
G1 X118.299 Y125.564 E799.38028
G1 X118.7 Y125.564 E799.39361
G1 X118.992 Y125.636 E799.40362
G1 X119.343 Y125.82 E799.4168
G1 X119.6 Y126.057 E799.42842
G1 X119.794 Y126.347 E799.44003
G1 X119.912 Y126.677 E799.45169
G1 X119.95 Y127 E799.4625
G1 X119.911 Y127.334 E799.47369
G1 X119.771 Y127.697 E799.48663
G1 X119.569 Y127.978 E799.49814
G1 X119.302 Y128.208 E799.50986
G1 X118.992 Y128.364 E799.5214
G1 X118.687 Y128.439 E799.53185
G1 X118.299 Y128.436 E799.54475
G1 F2700 E794.54475
G0 F9000 X118.133 Y129.114
G0 X117.311 Y128.724
G0 X116.932 Y128.389
G0 X116.644 Y127.973
G0 X116.465 Y127.501
G0 X116.43 Y127.217
G0 X118.133 Y94.114
G0 X118.299 Y93.436
G1 F2700 E799.54475
G1 F1500 X118.008 Y93.364 E799.55472
G1 X117.657 Y93.18 E799.5679
G1 X117.4 Y92.943 E799.57953
G1 X117.206 Y92.653 E799.59114
G1 X117.089 Y92.334 E799.60244
G1 X117.051 Y92 E799.61362
G1 X117.099 Y91.63 E799.62603
G1 X117.229 Y91.303 E799.63773
G1 X117.431 Y91.022 E799.64924
G1 X117.698 Y90.792 E799.66096
G1 X118.008 Y90.636 E799.67251
G1 X118.313 Y90.561 E799.68295
G1 X118.701 Y90.564 E799.69586
G1 X118.992 Y90.636 E799.70583
G1 X119.343 Y90.82 E799.71901
G1 X119.6 Y91.057 E799.73064
G1 X119.794 Y91.347 E799.74224
G1 X119.912 Y91.677 E799.7539
G1 X119.95 Y92 E799.76472
G1 X119.911 Y92.334 E799.7759
G1 X119.771 Y92.697 E799.78884
G1 X119.569 Y92.978 E799.80035
G1 X119.302 Y93.208 E799.81207
G1 X118.992 Y93.364 E799.82361
G1 X118.7 Y93.436 E799.83362
G1 X118.299 Y93.436 E799.84695
G0 F9000 X117.853 Y93.818
;TYPE:FILL
G1 F3000 X115.68 Y94.401 E799.92178
G0 F9000 X115.68 Y94.962
G1 F3000 X117.632 Y87.679 E800.17257
G0 F9000 X117.632 Y87.9
G0 X119.364 Y87.9
G0 X119.364 Y87.68
G1 F3000 X121.319 Y89.635 E800.26452
G0 F9000 X121.319 Y89.372
G1 F3000 X115.681 Y110.415 E800.9891
G0 F9000 X115.68 Y110.965
G1 F3000 X121.318 Y109.454 E801.18324
G0 F9000 X121.1 Y109.454
G0 X121.1 Y112.263
G0 X121.319 Y112.263
G1 F3000 X115.679 Y106.623 E801.44853
G0 F9000 X115.68 Y106.824
G1 F3000 X121.319 Y105.313 E801.6427
G0 F9000 X121.319 Y104.826
G1 F3000 X115.681 Y125.87 E802.36731
G0 F9000 X115.9 Y125.87
G0 X115.9 Y127.53
G0 X115.68 Y127.53
G1 F3000 X116.6 Y127.283 E802.39899
G0 F9000 X116.38 Y127.308
G0 X116.465 Y126.499
G0 X116.644 Y126.027
G0 X116.807 Y125.791
G0 X117.359 Y125.182
G0 X117.459 Y125.373
G1 F3000 X115.68 Y123.594 E802.48267
G0 F9000 X115.681 Y123.388
G1 F3000 X121.319 Y121.878 E802.6768
G0 F9000 X121.1 Y121.878
G0 X121.1 Y120.281
G0 X121.319 Y120.281
G1 F3000 X119.879 Y125.655 E802.86185
G0 F9000 X120.286 Y126.296
G1 F3000 X121.319 Y126.019 E802.89742
G0 F9000 X121.1 Y126.019
G0 X120.301 Y128.159
G0 X120.119 Y128.033
G1 F3000 X121.319 Y129.233 E802.95386
G0 F9000 X121.319 Y130.16
G1 F3000 X116.996 Y131.318 E803.10272
G0 F9000 X117.747 Y131.318
G1 F3000 X115.68 Y129.251 E803.19994
G0 F9000 X115.9 Y129.251
G0 X119.075 Y129.064
G0 X119.024 Y128.848
G1 F3000 X118.362 Y131.318 E803.28499
G0 F9000 X118.362 Y131.1
G0 X120.356 Y127.973
G0 X120.501 Y127.591
G0 X121.1 Y123.576
G0 X121.319 Y123.576
G1 F3000 X115.68 Y117.937 E803.55024
G0 F9000 X115.9 Y117.937
G0 X115.9 Y119.247
G0 X115.68 Y119.247
G1 F3000 X121.319 Y117.737 E803.7444
G1 X121.319 Y117.919
G1 X115.68 Y112.28 E804.00964
G0 F9000 X115.9 Y112.28
G0 X115.9 Y115.106
G0 X115.68 Y115.106
G1 F3000 X121.318 Y113.596 E804.20377
G0 F9000 X121.1 Y113.596
G0 X121.1 Y106.606
G0 X121.319 Y106.606
G1 F3000 X115.679 Y100.966 E804.46906
G0 F9000 X115.9 Y100.966
G0 X115.9 Y102.683
G0 X115.68 Y102.683
G1 F3000 X121.319 Y101.172 E804.66323
G0 F9000 X121.319 Y100.949
G1 F3000 X115.679 Y95.309 E804.92851
G0 F9000 X115.9 Y95.309
G0 X115.9 Y98.542
G0 X115.68 Y98.542
G1 F3000 X121.318 Y97.031 E805.12265
G0 F9000 X121.1 Y97.031
G0 X121.1 Y95.292
G0 X121.319 Y95.292
G1 F3000 X119.61 Y93.583 E805.20304
G0 F9000 X119.969 Y93.252
G1 F3000 X121.318 Y92.89 E805.24949
G0 F9000 X121.1 Y92.89
G0 X121.1 Y88.749
G0 X121.318 Y88.749
G1 F3000 X115.68 Y90.26 E805.44363
G0 F9000 X115.679 Y89.652
G1 F3000 X116.925 Y90.898 E805.50224
G0 F9000 X116.499 Y90.603
G1 F2700 E800.50224
G0 F9000 X116.821 Y92.224
G0 X121.58 Y106.467
G0 X122.665 Y106.467
G0 X135.585 Y106.467
G0 X136.67 Y106.467
G0 X137.09 Y106.467
G0 X136.85 Y107.148
;TYPE:WALL-INNER
G1 F2700 E805.50224
G1 F1500 X137.114 Y106.768 E805.51763
G1 X137.452 Y106.468 E805.53266
G1 X137.849 Y106.263 E805.54752
G1 X138.28 Y106.162 E805.56225
G1 X138.72 Y106.163 E805.57688
G1 X139.151 Y106.263 E805.5916
G1 X139.549 Y106.47 E805.60652
G1 X139.887 Y106.77 E805.62155
G1 X140.15 Y107.148 E805.63686
G1 X140.15 Y103.6 E805.75487
G1 X136.851 Y103.601 E805.8646
G1 X136.85 Y107.148 E805.98257
G0 F9000 X137.09 Y106.467
G0 X136.835 Y107.847
G0 X137.12 Y112.13
G0 X136.851 Y112.399
G1 F1500 X140.15 Y112.4 E806.0923
G1 X140.15 Y108.852 E806.2103
G1 X139.887 Y109.229 E806.22559
G1 X139.55 Y109.53 E806.24062
G1 X139.151 Y109.737 E806.25557
G1 X138.72 Y109.837 E806.27029
G1 X138.28 Y109.838 E806.28492
G1 X137.849 Y109.737 E806.29964
G1 X137.451 Y109.532 E806.31453
G1 X137.114 Y109.231 E806.32956
G1 X136.85 Y108.852 E806.34493
G1 X136.851 Y112.399 E806.4629
G0 F9000 X136.451 Y112.799
;TYPE:WALL-OUTER
G1 F1500 X140.55 Y112.8 E806.59923
G1 X140.55 Y108.791 E806.73257
G1 F1304.3 X140.49 Y108.389 E806.74812
G1 F1176.5 X140.5 Y108 E806.76462
G1 X140.49 Y107.639 E806.77994
G1 F1304.3 X140.55 Y107.209 E806.79654
G1 F1500 X140.55 Y103.2 E806.92988
G1 X136.451 Y103.201 E807.06622
G1 X136.45 Y107.209 E807.19952
G1 F1304.3 X136.51 Y107.639 E807.21613
G1 F1176.5 X136.5 Y108 E807.23144
G1 X136.51 Y108.361 E807.24676
G1 F1304.3 X136.45 Y108.791 E807.26336
G1 F1500 X136.451 Y112.799 E807.39667
G1 F2700 E802.39667
G0 F9000 X136.72 Y112.53
G0 X137.842 Y110.043
G0 X138.008 Y109.364
G1 F2700 E807.39667
G1 F1500 X137.657 Y109.18 E807.40985
G1 X137.4 Y108.943 E807.42148
G1 X137.229 Y108.697 E807.43144
G1 F1304.3 X137.028 Y108.33 E807.44745
G1 F1174.2 X137.001 Y107.97 E807.46279
G1 X137.028 Y107.67 E807.47559
G1 F1304.3 X137.229 Y107.303 E807.49159
G1 F1500 X137.431 Y107.022 E807.5031
G1 X137.698 Y106.792 E807.51482
G1 X138.008 Y106.636 E807.52637
G1 X138.325 Y106.56 E807.53721
G1 X138.675 Y106.56 E807.54885
G1 X138.992 Y106.636 E807.55969
G1 X139.302 Y106.792 E807.57123
G1 X139.569 Y107.022 E807.58295
G1 X139.771 Y107.303 E807.59446
G1 F1304.3 X139.972 Y107.67 E807.61047
G1 F1176.5 X140 Y108 E807.62451
G1 X139.971 Y108.344 E807.63915
G1 F1304.3 X139.771 Y108.697 E807.65467
G1 F1500 X139.569 Y108.978 E807.66618
G1 X139.302 Y109.208 E807.6779
G1 X138.992 Y109.364 E807.68945
G1 X138.675 Y109.44 E807.70029
G1 X138.325 Y109.44 E807.71193
G1 X138.008 Y109.364 E807.72277
G0 F9000 X137.135 Y109.357
;TYPE:FILL
G1 F3000 X136.93 Y109.412 E807.72983
G0 F9000 X137.09 Y109.533
G0 X137.15 Y110.903
G0 X136.93 Y110.903
G1 F3000 X138.346 Y112.318 E807.79641
G0 F9000 X138.346 Y112.1
G0 X139.88 Y112.13
G0 X140.017 Y112.32
G1 F3000 X140.069 Y112.127 E807.80306
G0 F9000 X139.85 Y112.127
G0 X137.233 Y109.122
G0 X137.001 Y108.786
G0 X136.857 Y108.404
G0 X136.807 Y108
G0 X137.372 Y106.175
G0 X137.471 Y106.366
G1 F3000 X138.191 Y103.679 E807.89558
G0 F9000 X138.191 Y103.9
G0 X137.15 Y105.246
G0 X136.93 Y105.246
G1 F3000 X137.861 Y106.177 E807.93937
G0 F9000 X137.81 Y105.964
G0 X137.15 Y105.271
G0 X136.931 Y105.271
G1 F3000 X140.068 Y104.431 E808.04739
G0 F9000 X139.55 Y104.431
G1 F2700 E803.04739
;MESH:NONMESH
G0 F300 X139.55 Y104.431 Z3.6
G0 F9000 X136.664 Y103.414
G0 X135.585 Y103.414
G0 X122.653 Y86.347
G0 X114.347 Y86.347
G0 X95.597 Y86.847
G0 X84.415 Y103.414
G0 X83.33 Y103.414
G0 X83.193 Y93
G0 X82.91 Y91.467
G0 X83.15 Y92.148
;TIME_ELAPSED:1444.165979
;LAYER:17
;TYPE:WALL-INNER
;MESH:Spacers.stl
G1 F2700 E808.04739
G1 F1500 X83.15 Y88.6 E808.16539
G1 X79.851 Y88.601 E808.27512
G1 X79.85 Y92.148 E808.39309
G1 X80.114 Y91.768 E808.40848
G1 X80.452 Y91.468 E808.42351
G1 X80.849 Y91.263 E808.43837
G1 X81.28 Y91.162 E808.4531
G1 X81.72 Y91.163 E808.46773
G1 X82.151 Y91.263 E808.48245
G1 X82.549 Y91.47 E808.49737
G1 X82.887 Y91.77 E808.5124
G1 X83.15 Y92.148 E808.52772
G1 F2700 E803.52772
G0 F9000 X82.91 Y91.467
G0 X83.165 Y92.847
G0 X82.91 Y126.467
G0 X83.15 Y127.148
G1 F2700 E808.52772
G1 F1500 X83.15 Y93.852 E809.63515
G1 X82.887 Y94.229 E809.65044
G1 X82.55 Y94.53 E809.66546
G1 X82.155 Y94.736 E809.68028
G1 X81.727 Y94.841 E809.69494
G1 X81.272 Y94.841 E809.71007
G1 X80.846 Y94.736 E809.72466
G1 X80.451 Y94.531 E809.73947
G1 X80.114 Y94.232 E809.75445
G1 X79.85 Y93.852 E809.76984
G1 X79.85 Y127.148 E810.87727
G1 X80.114 Y126.768 E810.89266
G1 X80.451 Y126.468 E810.90767
G1 X80.846 Y126.264 E810.92245
G1 X81.272 Y126.159 E810.93705
G1 X81.727 Y126.159 E810.95218
G1 X82.155 Y126.264 E810.96684
G1 X82.55 Y126.47 E810.98165
G1 X82.887 Y126.771 E810.99668
G1 X83.15 Y127.148 E811.01197
G0 F9000 X82.91 Y126.467
G0 X83.165 Y127.847
G0 X82.88 Y132.13
G0 X83.15 Y132.4
G1 F1500 X83.15 Y128.852 E811.12998
G1 X82.887 Y129.229 E811.14527
G1 X82.55 Y129.53 E811.16029
G1 X82.151 Y129.737 E811.17525
G1 X81.72 Y129.837 E811.18996
G1 X81.28 Y129.838 E811.2046
G1 X80.849 Y129.737 E811.21932
G1 X80.451 Y129.532 E811.23421
G1 X80.114 Y129.231 E811.24924
G1 X79.85 Y128.852 E811.2646
G1 X79.851 Y132.399 E811.38257
G1 X83.15 Y132.4 E811.4923
G0 F9000 X83.55 Y132.8
;TYPE:WALL-OUTER
G1 F1500 X83.55 Y128.791 E811.62564
G1 F1304.3 X83.49 Y128.389 E811.64119
G1 F1176.5 X83.5 Y128 E811.65769
G1 X83.49 Y127.639 E811.673
G1 F1304.3 X83.55 Y127.209 E811.68961
G1 F1500 X83.55 Y93.791 E812.8011
G1 F1304.3 X83.49 Y93.389 E812.81664
G1 F1176.5 X83.5 Y93 E812.83314
G1 X83.49 Y92.639 E812.84846
G1 F1304.3 X83.55 Y92.209 E812.86506
G1 F1500 X83.55 Y88.2 E812.9984
G1 X79.451 Y88.201 E813.13474
G1 X79.45 Y92.209 E813.26804
G1 F1304.3 X79.51 Y92.639 E813.28465
G1 F1176.5 X79.5 Y93 E813.29997
G1 X79.51 Y93.361 E813.31528
G1 F1304.3 X79.45 Y93.791 E813.33189
G1 F1500 X79.45 Y127.209 E814.44337
G1 F1304.3 X79.51 Y127.639 E814.45998
G1 F1176.5 X79.5 Y128 E814.4753
G1 X79.51 Y128.361 E814.49061
G1 F1304.3 X79.45 Y128.791 E814.50722
G1 F1500 X79.451 Y132.799 E814.64052
G1 X83.55 Y132.8 E814.77686
G1 F2700 E809.77686
G0 F9000 X83.28 Y132.53
G0 X82.157 Y130.044
G0 X81.992 Y129.364
G1 F2700 E814.77686
G1 F1500 X81.675 Y129.44 E814.7877
G1 X81.325 Y129.44 E814.79934
G1 X81.008 Y129.364 E814.81018
G1 X80.657 Y129.18 E814.82336
G1 X80.4 Y128.943 E814.83499
G1 X80.229 Y128.697 E814.84496
G1 F1304.3 X80.028 Y128.33 E814.86096
G1 F1174.2 X80.001 Y127.97 E814.8763
G1 X80.028 Y127.67 E814.8891
G1 F1304.3 X80.229 Y127.303 E814.9051
G1 F1500 X80.431 Y127.022 E814.91661
G1 X80.698 Y126.792 E814.92833
G1 X81.008 Y126.636 E814.93988
G1 X81.299 Y126.564 E814.94985
G1 X81.7 Y126.564 E814.96318
G1 X81.992 Y126.636 E814.97319
G1 X82.302 Y126.792 E814.98473
G1 X82.569 Y127.022 E814.99645
G1 X82.771 Y127.303 E815.00796
G1 F1304.3 X82.972 Y127.67 E815.02397
G1 F1176.5 X83 Y128 E815.03801
G1 X82.971 Y128.344 E815.05265
G1 F1304.3 X82.771 Y128.697 E815.06817
G1 F1500 X82.569 Y128.978 E815.07968
G1 X82.302 Y129.208 E815.0914
G1 X81.992 Y129.364 E815.10294
G1 F2700 E810.10294
G0 F9000 X82.157 Y130.044
G0 X82.999 Y128.786
G0 X83.143 Y128.404
G0 X81.865 Y95.115
G0 X81.7 Y94.436
G1 F2700 E815.10294
G1 F1500 X81.299 Y94.436 E815.11628
G1 X81.008 Y94.364 E815.12625
G1 X80.657 Y94.18 E815.13943
G1 X80.4 Y93.943 E815.15106
G1 X80.229 Y93.697 E815.16102
G1 F1304.3 X80.028 Y93.33 E815.17703
G1 F1174.2 X80.001 Y92.97 E815.19237
G1 X80.028 Y92.67 E815.20517
G1 F1304.3 X80.229 Y92.303 E815.22117
G1 F1500 X80.431 Y92.022 E815.23268
G1 X80.698 Y91.792 E815.2444
G1 X81.008 Y91.636 E815.25595
G1 X81.325 Y91.56 E815.26679
G1 X81.675 Y91.56 E815.27843
G1 X81.992 Y91.636 E815.28927
G1 X82.302 Y91.792 E815.30081
G1 X82.569 Y92.022 E815.31253
G1 X82.771 Y92.303 E815.32405
G1 F1304.3 X82.972 Y92.67 E815.34005
G1 F1176.5 X83 Y93 E815.35409
G1 X82.971 Y93.344 E815.36873
G1 F1304.3 X82.771 Y93.697 E815.38425
G1 F1500 X82.569 Y93.978 E815.39576
G1 X82.302 Y94.208 E815.40748
G1 X81.992 Y94.364 E815.41903
G1 X81.7 Y94.436 E815.42903
G0 F9000 X81.549 Y94.92
;TYPE:FILL
G1 F3000 X83.07 Y96.441 E815.50057
G0 F9000 X82.85 Y96.441
G0 X82.85 Y95.003
G0 X83.069 Y95.003
G1 F3000 X79.93 Y95.844 E815.60866
G0 F9000 X80.15 Y95.844
G0 X82.591 Y94.845
G0 X82.489 Y94.649
G1 F3000 X79.93 Y104.201 E815.93756
G1 X79.93 Y104.126
G1 X83.068 Y103.285 E816.04562
G0 F9000 X82.85 Y103.285
G0 X82.85 Y102.098
G0 X83.07 Y102.098
G1 F3000 X79.93 Y98.958 E816.19331
G0 F9000 X80.15 Y98.958
G0 X80.15 Y99.985
G0 X79.93 Y99.985
G1 F3000 X83.068 Y99.144 E816.30137
G0 F9000 X82.85 Y99.144
G0 X80.15 Y104.615
G0 X79.93 Y104.615
G1 F3000 X83.07 Y107.755 E816.44906
G1 X83.069 Y107.939
G1 X79.93 Y119.655 E816.85248
G0 F9000 X80.15 Y119.655
G0 X80.15 Y120.69
G0 X79.93 Y120.69
G1 F3000 X83.068 Y119.849 E816.96053
G0 F9000 X83.07 Y119.069
G1 F3000 X79.93 Y115.929 E817.10823
G0 F9000 X79.93 Y116.549
G1 F3000 X83.069 Y115.708 E817.21632
G0 F9000 X82.85 Y115.708
G0 X82.85 Y113.412
G0 X83.07 Y113.412
G1 F3000 X79.93 Y110.272 E817.36401
G0 F9000 X80.15 Y110.272
G0 X80.15 Y108.267
G0 X79.93 Y108.267
G1 F3000 X83.068 Y107.426 E817.47207
G0 F9000 X82.85 Y107.426
G0 X82.85 Y111.567
G0 X83.069 Y111.567
G1 F3000 X79.93 Y112.408 E817.58015
G0 F9000 X80.15 Y112.408
G0 X80.15 Y121.586
G0 X79.93 Y121.586
G1 F3000 X83.07 Y124.725 E817.72782
G0 F9000 X83.068 Y123.991
G1 F3000 X79.93 Y124.832 E817.83588
G0 F9000 X80.15 Y124.832
G0 X82.406 Y126.058
G0 X82.304 Y126.25
G1 F3000 X83.069 Y123.394 E817.93422
G0 F9000 X82.85 Y123.394
G0 X83.193 Y128
G0 X83.153 Y128.328
G0 X82.491 Y129.897
G0 X82.39 Y129.703
G1 F3000 X83.069 Y130.382 E817.96616
G0 F9000 X82.85 Y130.382
G0 X81.322 Y130.141
G0 X81.322 Y129.915
G1 F3000 X80.678 Y132.318 E818.0489
G0 F9000 X80.678 Y132.1
G0 X82.895 Y132.1
G0 X82.895 Y132.319
G1 F3000 X83.069 Y132.273 E818.05489
G1 F2700 E813.05489
G0 F9000 X82.88 Y132.13
G0 X83.193 Y128
G0 X79.807 Y93
G0 X80.09 Y91.467
G0 X80.026 Y91.677
G1 F2700 E818.05489
G1 F3000 X80.123 Y91.651 E818.05823
G0 F9000 X80.09 Y91.467
G0 X80.311 Y91.276
G0 X80.757 Y91.04
G0 X81.155 Y90.943
G0 X82.056 Y90.932
G0 X82.004 Y91.147
G1 F3000 X83.069 Y90.862 E818.09489
G1 X83.07 Y90.784
G1 X80.965 Y88.68 E818.19388
G0 F9000 X80.965 Y89.2
G1 F2700 E813.19388
G0 F9000 X83.33 Y90.967
G0 X84.415 Y90.967
G0 X95.585 Y90.967
G0 X96.67 Y90.967
G0 X98.501 Y90.835
G0 X99.91 Y90.967
G0 X100.15 Y91.648
;TYPE:WALL-INNER
G1 F2700 E818.19388
G1 F1500 X100.15 Y88.1 E818.31189
G1 X96.851 Y88.101 E818.42162
G1 X96.85 Y91.648 E818.53959
G1 X97.114 Y91.268 E818.55498
G1 X97.452 Y90.968 E818.57001
G1 X97.849 Y90.763 E818.58487
G1 X98.28 Y90.662 E818.59959
G1 X98.72 Y90.663 E818.61423
G1 X99.151 Y90.763 E818.62895
G1 X99.549 Y90.97 E818.64387
G1 X99.887 Y91.27 E818.6589
G1 X100.15 Y91.648 E818.67421
G1 F2700 E813.67421
G0 F9000 X99.91 Y90.967
G0 X100.165 Y92.347
G0 X99.91 Y125.967
G0 X100.15 Y126.648
G1 F2700 E818.67421
G1 F1500 X100.15 Y93.352 E819.78164
G1 X99.887 Y93.729 E819.79693
G1 X99.55 Y94.03 E819.81196
G1 X99.155 Y94.236 E819.82678
G1 X98.727 Y94.341 E819.84144
G1 X98.272 Y94.341 E819.85657
G1 X97.846 Y94.236 E819.87116
G1 X97.451 Y94.031 E819.88596
G1 X97.114 Y93.732 E819.90095
G1 X96.85 Y93.352 E819.91634
G1 X96.85 Y126.648 E821.02377
G1 X97.114 Y126.268 E821.03916
G1 X97.451 Y125.968 E821.05416
G1 X97.846 Y125.764 E821.06895
G1 X98.272 Y125.659 E821.08354
G1 X98.727 Y125.659 E821.09868
G1 X99.155 Y125.764 E821.11333
G1 X99.55 Y125.97 E821.12815
G1 X99.887 Y126.271 E821.14318
G1 X100.15 Y126.648 E821.15847
G0 F9000 X99.91 Y125.967
G0 X100.165 Y127.347
G0 X99.88 Y131.63
G0 X100.15 Y131.9
G1 F1500 X100.15 Y128.352 E821.27647
G1 X99.887 Y128.729 E821.29176
G1 X99.55 Y129.03 E821.30679
G1 X99.151 Y129.237 E821.32174
G1 X98.72 Y129.337 E821.33646
G1 X98.28 Y129.338 E821.35109
G1 X97.849 Y129.237 E821.36582
G1 X97.451 Y129.032 E821.38071
G1 X97.114 Y128.731 E821.39573
G1 X96.85 Y128.352 E821.4111
G1 X96.851 Y131.899 E821.52907
G1 X100.15 Y131.9 E821.6388
G0 F9000 X100.55 Y132.3
;TYPE:WALL-OUTER
G1 F1500 X100.55 Y128.291 E821.77214
G1 F1304.3 X100.49 Y127.889 E821.78768
G1 F1176.5 X100.5 Y127.5 E821.80418
G1 X100.49 Y127.139 E821.8195
G1 F1304.3 X100.55 Y126.709 E821.83611
G1 F1500 X100.55 Y93.291 E822.94759
G1 F1304.3 X100.49 Y92.889 E822.96314
G1 F1176.5 X100.5 Y92.5 E822.97964
G1 X100.49 Y92.139 E822.99496
G1 F1304.3 X100.55 Y91.709 E823.01156
G1 F1500 X100.55 Y87.7 E823.1449
G1 X96.451 Y87.701 E823.28123
G1 X96.45 Y91.709 E823.41454
G1 F1304.3 X96.51 Y92.139 E823.43115
G1 F1176.5 X96.5 Y92.5 E823.44646
G1 X96.51 Y92.861 E823.46178
G1 F1304.3 X96.45 Y93.291 E823.47838
G1 F1500 X96.45 Y126.709 E824.58987
G1 F1304.3 X96.51 Y127.139 E824.60648
G1 F1176.5 X96.5 Y127.5 E824.62179
G1 X96.51 Y127.861 E824.63711
G1 F1304.3 X96.45 Y128.291 E824.65371
G1 F1500 X96.451 Y132.299 E824.78702
G1 X100.55 Y132.3 E824.92335
G1 F2700 E819.92335
G0 F9000 X100.28 Y132.03
G0 X98.675 Y129.641
G0 X98.675 Y128.94
G1 F2700 E824.92335
G1 F1500 X98.325 Y128.94 E824.93499
G1 X98.008 Y128.864 E824.94584
G1 X97.657 Y128.68 E824.95902
G1 X97.4 Y128.443 E824.97065
G1 X97.229 Y128.197 E824.98061
G1 F1304.3 X97.028 Y127.83 E824.99661
G1 F1174.2 X97.001 Y127.47 E825.01195
G1 X97.028 Y127.17 E825.02475
G1 F1304.3 X97.229 Y126.803 E825.04076
G1 F1500 X97.431 Y126.522 E825.05227
G1 X97.698 Y126.292 E825.06399
G1 X98.008 Y126.136 E825.07553
G1 X98.299 Y126.064 E825.0855
G1 X98.7 Y126.064 E825.09884
G1 X98.992 Y126.136 E825.10884
G1 X99.302 Y126.292 E825.12038
G1 X99.569 Y126.522 E825.13211
G1 X99.771 Y126.803 E825.14362
G1 F1304.3 X99.972 Y127.17 E825.15962
G1 F1176.5 X100 Y127.5 E825.17367
G1 X99.971 Y127.844 E825.1883
G1 F1304.3 X99.771 Y128.197 E825.20382
G1 F1500 X99.6 Y128.443 E825.21379
G1 X99.302 Y128.708 E825.22705
G1 X98.992 Y128.864 E825.23859
G1 X98.675 Y128.94 E825.24944
G1 F2700 E820.24944
G0 F9000 X98.675 Y129.641
G0 X99.767 Y128.622
G0 X99.999 Y128.286
G0 X100.143 Y127.904
G0 X98.865 Y94.615
G0 X98.7 Y93.936
G1 F2700 E825.24944
G1 F1500 X98.299 Y93.936 E825.26277
G1 X98.008 Y93.864 E825.27274
G1 X97.657 Y93.68 E825.28593
G1 X97.4 Y93.443 E825.29755
G1 X97.229 Y93.197 E825.30752
G1 F1304.3 X97.028 Y92.83 E825.32352
G1 F1174.2 X97.001 Y92.47 E825.33886
G1 X97.028 Y92.17 E825.35166
G1 F1304.3 X97.229 Y91.803 E825.36767
G1 F1500 X97.431 Y91.522 E825.37918
G1 X97.698 Y91.292 E825.3909
G1 X98.008 Y91.136 E825.40244
G1 X98.325 Y91.06 E825.41328
G1 X98.675 Y91.06 E825.42492
G1 X98.992 Y91.136 E825.43576
G1 X99.302 Y91.292 E825.44731
G1 X99.569 Y91.522 E825.45903
G1 X99.771 Y91.803 E825.47054
G1 F1304.3 X99.972 Y92.17 E825.48654
G1 F1176.5 X100 Y92.5 E825.50059
G1 X99.971 Y92.844 E825.51523
G1 F1304.3 X99.771 Y93.197 E825.53075
G1 F1500 X99.569 Y93.478 E825.54226
G1 X99.302 Y93.708 E825.55398
G1 X98.992 Y93.864 E825.56552
G1 X98.7 Y93.936 E825.57552
G0 F9000 X99.142 Y94.319
;TYPE:FILL
G1 F3000 X96.93 Y102.573 E825.85974
G0 F9000 X97.15 Y102.573
G0 X97.15 Y103.712
G0 X96.931 Y103.712
G1 F3000 X100.068 Y102.871 E825.96776
G0 F9000 X100.069 Y102.127
G1 F3000 X96.93 Y98.987 E826.11543
G0 F9000 X96.931 Y99.571
G1 F3000 X100.069 Y98.73 E826.22349
G0 F9000 X99.85 Y98.73
G0 X99.85 Y96.47
G0 X100.069 Y96.47
G1 F3000 X97.94 Y94.341 E826.32363
G0 F9000 X97.888 Y94.554
G0 X97.15 Y95.43
G0 X96.93 Y95.43
G1 F3000 X100.068 Y94.589 E826.43168
G0 F9000 X99.85 Y94.589
G0 X100.193 Y92.5
G0 X99.91 Y90.967
G0 X99.985 Y91.174
G1 F3000 X100.069 Y90.858 E826.44256
G1 X100.069 Y90.813
G1 X97.436 Y88.18 E826.56641
G0 F9000 X97.436 Y88.4
G0 X99.23 Y90.475
G0 X99.178 Y90.686
G1 F3000 X100.069 Y90.448 E826.59708
G0 F9000 X99.85 Y90.448
G0 X100.193 Y92.5
G0 X97.15 Y104.644
G0 X96.93 Y104.644
G1 F3000 X100.069 Y107.784 E826.74475
G0 F9000 X100.068 Y107.012
G1 F3000 X96.931 Y107.853 E826.85277
G0 F9000 X97.15 Y107.853
G0 X97.15 Y110.301
G0 X96.93 Y110.301
G1 F3000 X100.069 Y113.441 E827.00045
G0 F9000 X99.85 Y113.441
G0 X99.85 Y115.294
G0 X100.069 Y115.294
G1 F3000 X96.93 Y116.135 E827.10853
G1 X96.93 Y115.958
G1 X100.069 Y119.097 E827.25618
G0 F9000 X100.069 Y119.435
G1 F3000 X96.931 Y120.276 E827.36423
G0 F9000 X97.15 Y120.276
G0 X97.15 Y121.615
G0 X96.93 Y121.615
G1 F3000 X100.069 Y124.754 E827.51188
G0 F9000 X99.85 Y124.754
G0 X99.85 Y123.577
G0 X100.068 Y123.577
G1 F3000 X96.931 Y124.417 E827.6199
G0 F9000 X97.15 Y124.417
G0 X99.081 Y125.438
G0 X99.029 Y125.651
G1 F3000 X100.069 Y121.77 E827.75353
G0 F9000 X99.85 Y121.77
G0 X97.15 Y118.028
G0 X96.93 Y118.028
G1 F3000 X100.069 Y106.315 E828.15686
G0 F9000 X99.85 Y106.315
G0 X99.85 Y111.153
G0 X100.068 Y111.153
G1 F3000 X96.931 Y111.994 E828.26488
G0 F9000 X97.15 Y111.994
G0 X96.807 Y127.5
G0 X96.857 Y127.904
G0 X96.974 Y128.214
G0 X97.982 Y129.577
G0 X98.035 Y129.361
G1 F3000 X97.376 Y131.818 E828.34949
G0 F9000 X97.376 Y131.6
G0 X99.061 Y129.567
G0 X99.009 Y129.351
G1 F3000 X100.07 Y130.412 E828.39939
G0 F9000 X99.55 Y130.412
G1 F2700 E823.39939
G0 F9000 X100.33 Y131.13
G0 X101.415 Y131.13
G0 X114.335 Y131.13
G0 X115.42 Y131.13
G0 X115.87 Y131.13
G0 X115.601 Y131.399
;TYPE:WALL-INNER
G1 F2700 E828.39939
G1 F1500 X121.4 Y131.4 E828.59227
G1 X121.4 Y87.6 E830.04906
G1 X115.601 Y87.601 E830.24194
G1 X115.601 Y131.399 E831.69866
G0 F9000 X115.87 Y131.13
G0 X118.207 Y129.132
G0 X118.278 Y128.842
G1 F1500 X117.846 Y128.736 E831.71346
G1 X117.449 Y128.53 E831.72833
G1 X117.109 Y128.226 E831.7435
G1 X116.857 Y127.861 E831.75826
G1 X116.7 Y127.445 E831.77305
G1 X116.651 Y127 E831.78794
G1 X116.699 Y126.558 E831.80272
G1 X116.857 Y126.139 E831.81762
G1 X117.109 Y125.774 E831.83237
G1 X117.448 Y125.471 E831.84749
G1 X117.843 Y125.265 E831.86231
G1 X118.272 Y125.159 E831.87701
G1 X118.727 Y125.159 E831.89214
G1 X119.157 Y125.265 E831.90687
G1 X119.555 Y125.474 E831.92182
G1 X119.891 Y125.774 E831.9368
G1 X120.142 Y126.137 E831.95148
G1 X120.302 Y126.561 E831.96655
G1 X120.35 Y127 E831.98124
G1 X120.302 Y127.437 E831.99587
G1 X120.142 Y127.862 E832.01097
G1 X119.891 Y128.226 E832.02568
G1 X119.554 Y128.527 E832.0407
G1 X119.154 Y128.736 E832.05571
G1 X118.756 Y128.833 E832.06934
G1 X118.278 Y128.842 E832.08524
G1 F2700 E827.08524
G0 F9000 X118.207 Y129.132
G0 X117.311 Y128.724
G0 X116.932 Y128.389
G0 X116.644 Y127.973
G0 X116.465 Y127.501
G0 X116.43 Y127.217
G0 X118.201 Y94.131
G0 X118.272 Y93.841
G1 F2700 E832.08524
G1 F1500 X117.843 Y93.735 E832.09994
G1 X117.448 Y93.529 E832.11476
G1 X117.109 Y93.226 E832.12988
G1 X116.857 Y92.861 E832.14463
G1 X116.7 Y92.445 E832.15942
G1 X116.651 Y92 E832.17431
G1 X116.699 Y91.558 E832.1891
G1 X116.857 Y91.139 E832.20399
G1 X117.109 Y90.774 E832.21874
G1 X117.449 Y90.47 E832.23391
G1 X117.847 Y90.264 E832.24882
G1 X118.244 Y90.167 E832.26241
G1 X118.723 Y90.158 E832.27835
G1 X119.155 Y90.265 E832.29315
G1 X119.554 Y90.473 E832.30811
G1 X119.891 Y90.774 E832.32314
G1 X120.142 Y91.137 E832.33782
G1 X120.302 Y91.561 E832.35289
G1 X120.35 Y92 E832.36758
G1 X120.302 Y92.437 E832.3822
G1 X120.142 Y92.862 E832.39731
G1 X119.891 Y93.226 E832.41201
G1 X119.555 Y93.526 E832.427
G1 X119.158 Y93.735 E832.44192
G1 X118.727 Y93.841 E832.45668
G1 X118.272 Y93.841 E832.47181
G0 F9000 X118.299 Y93.436
;TYPE:WALL-OUTER
G1 F1500 X118.008 Y93.364 E832.48178
G1 X117.657 Y93.18 E832.49497
G1 X117.4 Y92.943 E832.50659
G1 X117.206 Y92.653 E832.5182
G1 X117.089 Y92.334 E832.5295
G1 X117.051 Y92 E832.54068
G1 X117.099 Y91.63 E832.55309
G1 X117.229 Y91.303 E832.56479
G1 X117.431 Y91.022 E832.5763
G1 X117.698 Y90.792 E832.58802
G1 X118.008 Y90.636 E832.59957
G1 X118.313 Y90.561 E832.61001
G1 X118.701 Y90.564 E832.62292
G1 X118.992 Y90.636 E832.63289
G1 X119.343 Y90.82 E832.64607
G1 X119.6 Y91.057 E832.6577
G1 X119.794 Y91.347 E832.6693
G1 X119.912 Y91.677 E832.68096
G1 X119.95 Y92 E832.69178
G1 X119.911 Y92.334 E832.70296
G1 X119.771 Y92.697 E832.7159
G1 X119.569 Y92.978 E832.72741
G1 X119.302 Y93.208 E832.73913
G1 X118.992 Y93.364 E832.75067
G1 X118.7 Y93.436 E832.76068
G1 X118.299 Y93.436 E832.77401
G1 F2700 E827.77401
G0 F9000 X118.133 Y94.114
G0 X116.404 Y127
G0 X116.465 Y127.501
G0 X116.644 Y127.973
G0 X116.932 Y128.389
G0 X117.239 Y128.661
G0 X118.133 Y129.114
G0 X118.299 Y128.436
G1 F2700 E832.77401
G1 F1500 X118.008 Y128.364 E832.78399
G1 X117.657 Y128.18 E832.79717
G1 X117.4 Y127.943 E832.80879
G1 X117.206 Y127.653 E832.8204
G1 X117.089 Y127.334 E832.8317
G1 X117.051 Y127 E832.84288
G1 X117.099 Y126.63 E832.85529
G1 X117.229 Y126.303 E832.86699
G1 X117.431 Y126.022 E832.8785
G1 X117.698 Y125.792 E832.89023
G1 X118.008 Y125.636 E832.90177
G1 X118.299 Y125.564 E832.91174
G1 X118.7 Y125.564 E832.92508
G1 X118.992 Y125.636 E832.93508
G1 X119.343 Y125.82 E832.94826
G1 X119.6 Y126.057 E832.95989
G1 X119.794 Y126.347 E832.97149
G1 X119.912 Y126.677 E832.98315
G1 X119.95 Y127 E832.99397
G1 X119.911 Y127.334 E833.00515
G1 X119.771 Y127.697 E833.01809
G1 X119.569 Y127.978 E833.0296
G1 X119.302 Y128.208 E833.04132
G1 X118.992 Y128.364 E833.05286
G1 X118.687 Y128.439 E833.06331
G1 X118.299 Y128.436 E833.07622
G1 F2700 E828.07622
G0 F9000 X118.133 Y129.114
G0 X115.47 Y131.53
G0 X115.201 Y131.799
G1 F2700 E833.07622
G1 F1500 X121.8 Y131.8 E833.2957
G1 X121.8 Y87.2 E834.7791
G1 X115.201 Y87.201 E834.99859
G1 X115.201 Y131.799 E836.48192
G0 F9000 X115.47 Y131.53
G0 X117.54 Y131.1
G0 X117.54 Y131.318
;TYPE:FILL
G1 F3000 X121.319 Y130.306 E836.61204
G0 F9000 X121.1 Y130.306
G0 X121.1 Y129.034
G0 X121.319 Y129.034
G1 F3000 X120.201 Y127.915 E836.66465
G0 F9000 X120.382 Y128.041
G0 X120.535 Y127.501
G0 X120.57 Y127.217
G0 X120.544 Y126.35
G0 X120.336 Y126.428
G1 F3000 X121.319 Y126.165 E836.6985
G0 F9000 X121.1 Y126.165
G0 X119.906 Y125.386
G0 X119.761 Y125.55
G1 F3000 X121.319 Y119.736 E836.89869
G0 F9000 X121.1 Y119.736
G0 X121.1 Y117.883
G0 X121.319 Y117.883
G1 F3000 X115.681 Y119.393 E837.09282
G0 F9000 X115.9 Y119.393
G0 X115.9 Y117.738
G0 X115.68 Y117.738
G1 F3000 X121.319 Y123.377 E837.35806
G0 F9000 X121.1 Y123.377
G0 X121.1 Y122.024
G0 X121.319 Y122.024
G1 F3000 X115.68 Y123.534 E837.55223
G1 X115.68 Y123.395
G1 X117.59 Y125.304 E837.64204
G0 F9000 X117.49 Y125.113
G0 X115.9 Y125.324
G0 X115.681 Y125.324
G1 F3000 X121.319 Y104.282 E838.36659
G0 F9000 X121.1 Y104.282
G0 X121.1 Y105.459
G0 X121.318 Y105.459
G1 F3000 X115.68 Y106.97 E838.56073
G0 F9000 X115.679 Y106.423
G1 F3000 X121.319 Y112.063 E838.82602
G0 F9000 X121.1 Y112.063
G0 X121.1 Y113.741
G0 X121.319 Y113.741
G1 F3000 X115.68 Y115.252 E839.02019
G0 F9000 X115.9 Y115.252
G0 X115.9 Y112.081
G0 X115.68 Y112.081
G1 F3000 X121.319 Y117.72 E839.28543
G0 F9000 X121.1 Y117.72
G0 X121.1 Y109.6
G0 X121.318 Y109.6
G1 F3000 X115.68 Y111.111 E839.47957
G0 F9000 X115.9 Y111.111
G0 X115.9 Y109.871
G0 X115.68 Y109.871
G1 F3000 X120.265 Y92.761 E840.06872
G0 F9000 X120.402 Y92.248
G1 F3000 X121.319 Y88.827 E840.18652
G1 X121.318 Y88.895
G1 X115.68 Y90.406 E840.38066
G0 F9000 X115.679 Y89.453
G1 F3000 X117.007 Y90.781 E840.44313
G0 F9000 X116.827 Y90.656
G0 X117.486 Y87.9
G0 X117.486 Y87.679
G1 F3000 X115.68 Y94.417 E840.67514
G1 X115.68 Y94.547
G1 X118.137 Y93.888 E840.75975
G0 F9000 X118.085 Y94.102
G0 X118.752 Y94.08
G0 X119.031 Y94.012
G0 X119.86 Y93.655
G0 X119.716 Y93.49
G1 F3000 X121.319 Y95.093 E840.83515
G0 F9000 X121.1 Y95.093
G0 X121.1 Y93.036
G0 X121.318 Y93.036
G1 F3000 X119.753 Y93.455 E840.88904
G0 F9000 X119.898 Y93.621
G0 X121.1 Y97.177
G0 X121.319 Y97.177
G1 F3000 X115.68 Y98.688 E841.08321
G0 F9000 X115.9 Y98.688
G0 X115.9 Y100.766
G0 X115.679 Y100.766
G1 F3000 X121.319 Y106.406 E841.3485
G0 F9000 X121.1 Y106.406
G0 X121.1 Y101.318
G0 X121.319 Y101.318
G1 F3000 X115.68 Y102.829 E841.54267
G0 F9000 X115.9 Y102.829
G0 X121.1 Y100.749
G0 X121.319 Y100.749
G1 F3000 X115.679 Y95.11 E841.80793
G0 F9000 X115.9 Y95.11
G0 X119.243 Y93.96
G0 X119.689 Y93.724
G0 X120.068 Y93.389
G0 X120.356 Y92.973
G0 X120.458 Y92.706
G0 X121.1 Y89.436
G0 X121.319 Y89.436
G1 F3000 X119.563 Y87.68 E841.89053
G1 F2700 E836.89053
G0 F9000 X119.563 Y87.9
G0 X120.535 Y91.499
G0 X120.596 Y92
G0 X120.535 Y92.501
G0 X120.356 Y92.973
G0 X120.068 Y93.389
G0 X119.853 Y93.579
G0 X116.397 Y127.45
G0 X116.615 Y127.425
G1 F2700 E841.89053
G1 F3000 X115.68 Y127.676 E841.92273
G0 F9000 X115.9 Y127.676
G0 X115.9 Y129.051
G0 X115.68 Y129.051
G1 F3000 X117.946 Y131.318 E842.02934
G0 F9000 X118.216 Y131.319
G1 F3000 X118.868 Y128.886 E842.11312
G0 F9000 X118.991 Y129.393
G1 F2700 E837.11312
G0 F9000 X119.999 Y127.786
G0 X120.116 Y127.476
G0 X121.58 Y112.13
G0 X122.665 Y112.13
G0 X135.585 Y112.13
G0 X136.67 Y112.13
G0 X137.12 Y112.13
G0 X136.851 Y112.399
;TYPE:WALL-INNER
G1 F2700 E842.11312
G1 F1500 X140.15 Y112.4 E842.22284
G1 X140.15 Y108.852 E842.34085
G1 X139.887 Y109.229 E842.35614
G1 X139.55 Y109.53 E842.37116
G1 X139.151 Y109.737 E842.38612
G1 X138.72 Y109.837 E842.40083
G1 X138.28 Y109.838 E842.41547
G1 X137.849 Y109.737 E842.43019
G1 X137.451 Y109.532 E842.44508
G1 X137.114 Y109.231 E842.46011
G1 X136.85 Y108.852 E842.47547
G1 X136.851 Y112.399 E842.59344
G0 F9000 X137.12 Y112.13
G0 X136.807 Y108
G0 X137.09 Y106.467
G0 X136.85 Y107.148
G1 F1500 X137.114 Y106.768 E842.60883
G1 X137.452 Y106.468 E842.62387
G1 X137.849 Y106.263 E842.63873
G1 X138.28 Y106.162 E842.65345
G1 X138.72 Y106.163 E842.66808
G1 X139.151 Y106.263 E842.6828
G1 X139.549 Y106.47 E842.69772
G1 X139.887 Y106.77 E842.71275
G1 X140.15 Y107.148 E842.72807
G1 X140.15 Y103.6 E842.84607
G1 X136.851 Y103.601 E842.9558
G1 X136.85 Y107.148 E843.07377
G1 F2700 E838.07377
G0 F9000 X137.09 Y106.467
G0 X136.807 Y108
G0 X136.857 Y108.404
G0 X137.842 Y110.043
G0 X138.008 Y109.364
;TYPE:WALL-OUTER
G1 F2700 E843.07377
G1 F1500 X137.657 Y109.18 E843.08696
G1 X137.4 Y108.943 E843.09858
G1 X137.229 Y108.697 E843.10855
G1 F1304.3 X137.028 Y108.33 E843.12455
G1 F1174.2 X137.001 Y108.03 E843.13735
G1 X137.028 Y107.67 E843.15269
G1 F1304.3 X137.229 Y107.303 E843.16869
G1 F1500 X137.431 Y107.022 E843.18021
G1 X137.698 Y106.792 E843.19193
G1 X138.008 Y106.636 E843.20347
G1 X138.325 Y106.56 E843.21431
G1 X138.675 Y106.56 E843.22595
G1 X138.992 Y106.636 E843.23679
G1 X139.302 Y106.792 E843.24834
G1 X139.569 Y107.022 E843.26006
G1 X139.771 Y107.303 E843.27157
G1 F1304.3 X139.972 Y107.67 E843.28757
G1 F1176.5 X140 Y108 E843.30162
G1 X139.971 Y108.344 E843.31626
G1 F1304.3 X139.771 Y108.697 E843.33178
G1 F1500 X139.569 Y108.978 E843.34329
G1 X139.302 Y109.208 E843.35501
G1 X138.992 Y109.364 E843.36655
G1 X138.675 Y109.44 E843.37739
G1 X138.325 Y109.44 E843.38903
G1 X138.008 Y109.364 E843.39988
G1 F2700 E838.39988
G0 F9000 X137.842 Y110.043
G0 X136.72 Y112.53
G0 X136.451 Y112.799
G1 F2700 E843.39988
G1 F1500 X140.55 Y112.8 E843.53621
G1 X140.55 Y108.791 E843.66955
G1 F1304.3 X140.49 Y108.389 E843.68509
G1 F1176.5 X140.5 Y108 E843.7016
G1 X140.49 Y107.639 E843.71691
G1 F1304.3 X140.55 Y107.209 E843.73352
G1 F1500 X140.55 Y103.2 E843.86686
G1 X136.451 Y103.201 E844.00319
G1 X136.45 Y107.209 E844.1365
G1 F1304.3 X136.51 Y107.639 E844.1531
G1 F1176.5 X136.5 Y108 E844.16842
G1 X136.51 Y108.361 E844.18373
G1 F1304.3 X136.45 Y108.791 E844.20034
G1 F1500 X136.451 Y112.799 E844.33365
G0 F9000 X136.72 Y112.53
G0 X138.545 Y112.1
G0 X138.545 Y112.318
;TYPE:FILL
G1 F3000 X136.93 Y110.703 E844.40961
G0 F9000 X137.15 Y110.703
G0 X137.15 Y109.558
G0 X136.93 Y109.558
G1 F3000 X137.261 Y109.47 E844.421
G0 F9000 X137.116 Y109.633
G0 X136.807 Y108
G0 X137.145 Y106.341
G0 X137.288 Y106.504
G1 F3000 X138.045 Y103.679 E844.51828
G0 F9000 X138.045 Y103.9
G0 X137.15 Y105.047
G0 X136.93 Y105.047
G1 F3000 X138.023 Y106.14 E844.56969
G0 F9000 X137.972 Y105.925
G0 X137.15 Y105.417
G0 X136.93 Y105.417
G1 F3000 X140.068 Y104.577 E844.67773
G0 F9000 X139.85 Y104.577
G0 X140.193 Y108
G0 X139.85 Y111.581
G0 X140.069 Y111.581
G1 F3000 X139.871 Y112.32 E844.70318
G0 F9000 X139.55 Y111.8
G1 F2700 E839.70318
;MESH:NONMESH
G0 F300 X139.55 Y111.8 Z3.8
G0 F9000 X137.233 Y109.122
G0 X137.001 Y108.786
G0 X136.857 Y108.404
G0 X136.664 Y103.414
G0 X135.585 Y103.414
G0 X122.653 Y86.347
G0 X114.347 Y86.347
G0 X95.597 Y86.847
G0 X84.415 Y103.414
G0 X83.33 Y103.414
G0 X83.193 Y93
G0 X82.91 Y91.467
G0 X83.15 Y92.148
;TIME_ELAPSED:1516.164313
;LAYER:18
;TYPE:WALL-INNER
;MESH:Spacers.stl
G1 F2700 E844.70318
G1 F1500 X83.15 Y88.6 E844.82119
G1 X79.851 Y88.601 E844.93091
G1 X79.85 Y92.148 E845.04889
G1 X80.114 Y91.768 E845.06428
G1 X80.452 Y91.468 E845.07931
G1 X80.849 Y91.263 E845.09417
G1 X81.28 Y91.162 E845.10889
G1 X81.72 Y91.163 E845.12353
G1 X82.151 Y91.263 E845.13824
G1 X82.549 Y91.47 E845.15316
G1 X82.887 Y91.77 E845.16819
G1 X83.15 Y92.148 E845.18351
G1 F2700 E840.18351
G0 F9000 X82.91 Y91.467
G0 X83.165 Y92.847
G0 X82.91 Y126.467
G0 X83.15 Y127.148
G1 F2700 E845.18351
G1 F1500 X83.15 Y93.852 E846.29094
G1 X82.887 Y94.229 E846.30623
G1 X82.55 Y94.53 E846.32126
G1 X82.155 Y94.736 E846.33607
G1 X81.727 Y94.841 E846.35073
G1 X81.272 Y94.841 E846.36586
G1 X80.846 Y94.736 E846.38046
G1 X80.451 Y94.531 E846.39526
G1 X80.114 Y94.232 E846.41024
G1 X79.85 Y93.852 E846.42563
G1 X79.85 Y127.148 E847.53306
G1 X80.114 Y126.768 E847.54845
G1 X80.451 Y126.468 E847.56346
G1 X80.846 Y126.264 E847.57825
G1 X81.272 Y126.159 E847.59284
G1 X81.727 Y126.159 E847.60797
G1 X82.155 Y126.264 E847.62263
G1 X82.55 Y126.47 E847.63745
G1 X82.887 Y126.771 E847.65247
G1 X83.15 Y127.148 E847.66776
G0 F9000 X82.91 Y126.467
G0 X83.165 Y127.847
G0 X82.88 Y132.13
G0 X83.15 Y132.4
G1 F1500 X83.15 Y128.852 E847.78577
G1 X82.887 Y129.229 E847.80106
G1 X82.55 Y129.53 E847.81609
G1 X82.151 Y129.737 E847.83104
G1 X81.72 Y129.837 E847.84575
G1 X81.28 Y129.838 E847.86039
G1 X80.849 Y129.737 E847.87511
G1 X80.451 Y129.532 E847.89
G1 X80.114 Y129.231 E847.90503
G1 X79.85 Y128.852 E847.92039
G1 X79.851 Y132.399 E848.03837
G1 X83.15 Y132.4 E848.14809
G0 F9000 X83.55 Y132.8
;TYPE:WALL-OUTER
G1 F1500 X83.55 Y128.791 E848.28143
G1 F1304.3 X83.49 Y128.389 E848.29698
G1 F1176.5 X83.5 Y128 E848.31348
G1 X83.49 Y127.639 E848.32879
G1 F1304.3 X83.55 Y127.209 E848.3454
G1 F1500 X83.55 Y93.791 E849.45689
G1 F1304.3 X83.49 Y93.389 E849.47243
G1 F1176.5 X83.5 Y93 E849.48894
G1 X83.49 Y92.639 E849.50425
G1 F1304.3 X83.55 Y92.209 E849.52086
G1 F1500 X83.55 Y88.2 E849.6542
G1 X79.451 Y88.201 E849.79053
G1 X79.45 Y92.209 E849.92384
G1 F1304.3 X79.51 Y92.639 E849.94044
G1 F1176.5 X79.5 Y93 E849.95576
G1 X79.51 Y93.361 E849.97107
G1 F1304.3 X79.45 Y93.791 E849.98768
G1 F1500 X79.45 Y127.209 E851.09917
G1 F1304.3 X79.51 Y127.639 E851.11577
G1 F1176.5 X79.5 Y128 E851.13109
G1 X79.51 Y128.361 E851.1464
G1 F1304.3 X79.45 Y128.791 E851.16301
G1 F1500 X79.451 Y132.799 E851.29632
G1 X83.55 Y132.8 E851.43265
G1 F2700 E846.43265
G0 F9000 X83.28 Y132.53
G0 X82.157 Y130.044
G0 X81.992 Y129.364
G1 F2700 E851.43265
G1 F1500 X81.675 Y129.44 E851.44349
G1 X81.325 Y129.44 E851.45513
G1 X81.008 Y129.364 E851.46597
G1 X80.657 Y129.18 E851.47916
G1 X80.4 Y128.943 E851.49078
G1 X80.229 Y128.697 E851.50075
G1 F1304.3 X80.028 Y128.33 E851.51675
G1 F1174.2 X80.001 Y127.97 E851.53209
G1 X80.028 Y127.67 E851.54489
G1 F1304.3 X80.229 Y127.303 E851.5609
G1 F1500 X80.431 Y127.022 E851.57241
G1 X80.698 Y126.792 E851.58413
G1 X81.008 Y126.636 E851.59567
G1 X81.299 Y126.564 E851.60564
G1 X81.7 Y126.564 E851.61898
G1 X81.992 Y126.636 E851.62898
G1 X82.302 Y126.792 E851.64052
G1 X82.569 Y127.022 E851.65224
G1 X82.771 Y127.303 E851.66375
G1 F1304.3 X82.972 Y127.67 E851.67976
G1 F1176.5 X83 Y128 E851.6938
G1 X82.971 Y128.344 E851.70844
G1 F1304.3 X82.771 Y128.697 E851.72396
G1 F1500 X82.569 Y128.978 E851.73547
G1 X82.302 Y129.208 E851.74719
G1 X81.992 Y129.364 E851.75874
G1 F2700 E846.75874
G0 F9000 X82.157 Y130.044
G0 X82.999 Y128.786
G0 X83.143 Y128.404
G0 X81.865 Y95.115
G0 X81.7 Y94.436
G1 F2700 E851.75874
G1 F1500 X81.299 Y94.436 E851.77207
G1 X81.008 Y94.364 E851.78204
G1 X80.657 Y94.18 E851.79522
G1 X80.4 Y93.943 E851.80685
G1 X80.229 Y93.697 E851.81682
G1 F1304.3 X80.028 Y93.33 E851.83282
G1 F1174.2 X80.001 Y92.97 E851.84816
G1 X80.028 Y92.67 E851.86096
G1 F1304.3 X80.229 Y92.303 E851.87696
G1 F1500 X80.431 Y92.022 E851.88847
G1 X80.698 Y91.792 E851.9002
G1 X81.008 Y91.636 E851.91174
G1 X81.325 Y91.56 E851.92258
G1 X81.675 Y91.56 E851.93422
G1 X81.992 Y91.636 E851.94506
G1 X82.302 Y91.792 E851.95661
G1 X82.569 Y92.022 E851.96833
G1 X82.771 Y92.303 E851.97984
G1 F1304.3 X82.972 Y92.67 E851.99584
G1 F1176.5 X83 Y93 E852.00989
G1 X82.971 Y93.344 E852.02453
G1 F1304.3 X82.771 Y93.697 E852.04005
G1 F1500 X82.569 Y93.978 E852.05156
G1 X82.302 Y94.208 E852.06328
G1 X81.992 Y94.364 E852.07482
G1 X81.7 Y94.436 E852.08482
G0 F9000 X81.747 Y94.917
;TYPE:FILL
G1 F3000 X83.07 Y96.24 E852.14705
G0 F9000 X82.85 Y96.24
G0 X82.85 Y95.15
G0 X83.069 Y95.15
G1 F3000 X79.93 Y95.991 E852.25514
G0 F9000 X80.15 Y95.991
G0 X82.42 Y94.935
G0 X82.318 Y94.739
G1 F3000 X79.93 Y103.652 E852.56204
G0 F9000 X79.93 Y104.273
G1 F3000 X83.068 Y103.432 E852.67009
G0 F9000 X82.85 Y103.432
G0 X82.85 Y101.897
G0 X83.07 Y101.897
G1 F3000 X79.93 Y98.758 E852.81777
G0 F9000 X80.15 Y98.758
G0 X80.15 Y100.132
G0 X79.93 Y100.132
G1 F3000 X83.069 Y99.291 E852.92585
G0 F9000 X82.85 Y99.291
G0 X80.15 Y104.414
G0 X79.93 Y104.414
G1 F3000 X83.07 Y107.554 E853.07355
G1 X83.068 Y107.573
G1 X79.93 Y108.414 E853.1816
G0 F9000 X80.15 Y108.414
G0 X80.15 Y110.071
G0 X79.93 Y110.071
G1 F3000 X83.07 Y113.211 E853.3293
G0 F9000 X82.85 Y113.211
G0 X82.85 Y111.714
G0 X83.069 Y111.714
G1 F3000 X79.93 Y112.555 E853.43738
G0 F9000 X80.15 Y112.555
G0 X80.15 Y115.728
G0 X79.93 Y115.728
G1 F3000 X83.07 Y118.868 E853.58508
G0 F9000 X82.85 Y118.868
G0 X82.85 Y119.996
G0 X83.069 Y119.996
G1 F3000 X79.93 Y120.837 E853.69317
G0 F9000 X79.93 Y121.385
G1 F3000 X83.07 Y124.525 E853.84086
G0 F9000 X83.068 Y124.138
G1 F3000 X79.93 Y124.979 E853.94892
G0 F9000 X80.15 Y124.979
G0 X82.226 Y125.974
G0 X82.174 Y126.187
G1 F3000 X83.069 Y122.845 E854.06399
G0 F9000 X82.85 Y122.845
G0 X80.15 Y119.106
G0 X79.93 Y119.106
G1 F3000 X83.069 Y107.391 E854.46737
G0 F9000 X82.85 Y107.391
G0 X82.85 Y115.855
G0 X83.069 Y115.855
G1 F3000 X79.93 Y116.696 E854.57546
G0 F9000 X80.15 Y116.696
G0 X83.143 Y127.596
G0 X83.193 Y128
G0 X82.623 Y129.827
G0 X82.522 Y129.633
G1 F3000 X83.069 Y130.181 E854.60121
G0 F9000 X82.85 Y130.181
G0 X81.127 Y130.113
G0 X81.18 Y129.895
G1 F3000 X80.531 Y132.318 E854.68464
G1 F2700 E849.68464
G0 F9000 X80.531 Y132.1
G0 X79.807 Y128
G0 X83.193 Y93
G0 X83.143 Y92.596
G0 X82.359 Y91.033
G0 X82.257 Y91.226
G1 F2700 E854.68464
G1 F3000 X83.069 Y91.009 E854.7126
G0 F9000 X83.07 Y90.583
G1 F3000 X81.166 Y88.68 E854.80213
G0 F9000 X81.166 Y89.2
G1 F2700 E849.80213
G0 F9000 X83.33 Y90.967
G0 X84.415 Y90.967
G0 X95.585 Y90.967
G0 X96.67 Y90.967
G0 X98.501 Y90.835
G0 X99.91 Y90.967
G0 X100.15 Y91.648
;TYPE:WALL-INNER
G1 F2700 E854.80213
G1 F1500 X100.15 Y88.1 E854.92014
G1 X96.851 Y88.101 E855.02987
G1 X96.85 Y91.648 E855.14784
G1 X97.114 Y91.268 E855.16323
G1 X97.452 Y90.968 E855.17826
G1 X97.849 Y90.763 E855.19312
G1 X98.28 Y90.662 E855.20784
G1 X98.72 Y90.663 E855.22248
G1 X99.151 Y90.763 E855.23719
G1 X99.549 Y90.97 E855.25212
G1 X99.887 Y91.27 E855.26715
G1 X100.15 Y91.648 E855.28246
G1 F2700 E850.28246
G0 F9000 X99.91 Y90.967
G0 X100.165 Y92.347
G0 X99.91 Y125.967
G0 X100.15 Y126.648
G1 F2700 E855.28246
G1 F1500 X100.15 Y93.352 E856.38989
G1 X99.887 Y93.729 E856.40518
G1 X99.55 Y94.03 E856.42021
G1 X99.155 Y94.236 E856.43503
G1 X98.727 Y94.341 E856.44968
G1 X98.272 Y94.341 E856.46482
G1 X97.846 Y94.236 E856.47941
G1 X97.451 Y94.031 E856.49421
G1 X97.114 Y93.732 E856.5092
G1 X96.85 Y93.352 E856.52459
G1 X96.85 Y126.648 E857.63202
G1 X97.114 Y126.268 E857.64741
G1 X97.451 Y125.968 E857.66241
G1 X97.846 Y125.764 E857.6772
G1 X98.272 Y125.659 E857.69179
G1 X98.727 Y125.659 E857.70692
G1 X99.155 Y125.764 E857.72158
G1 X99.55 Y125.97 E857.7364
G1 X99.887 Y126.271 E857.75143
G1 X100.15 Y126.648 E857.76672
G0 F9000 X99.91 Y125.967
G0 X100.165 Y127.347
G0 X99.88 Y131.63
G0 X100.15 Y131.9
G1 F1500 X100.15 Y128.352 E857.88472
G1 X99.887 Y128.729 E857.90001
G1 X99.55 Y129.03 E857.91504
G1 X99.151 Y129.237 E857.92999
G1 X98.72 Y129.337 E857.94471
G1 X98.28 Y129.338 E857.95934
G1 X97.849 Y129.237 E857.97407
G1 X97.451 Y129.032 E857.98896
G1 X97.114 Y128.731 E858.00398
G1 X96.85 Y128.352 E858.01935
G1 X96.851 Y131.899 E858.13732
G1 X100.15 Y131.9 E858.24705
G0 F9000 X100.55 Y132.3
;TYPE:WALL-OUTER
G1 F1500 X100.55 Y128.291 E858.38039
G1 F1304.3 X100.49 Y127.889 E858.39593
G1 F1176.5 X100.5 Y127.5 E858.41243
G1 X100.49 Y127.139 E858.42775
G1 F1304.3 X100.55 Y126.709 E858.44435
G1 F1500 X100.55 Y93.291 E859.55584
G1 F1304.3 X100.49 Y92.889 E859.57139
G1 F1176.5 X100.5 Y92.5 E859.58789
G1 X100.49 Y92.139 E859.6032
G1 F1304.3 X100.55 Y91.709 E859.61981
G1 F1500 X100.55 Y87.7 E859.75315
G1 X96.451 Y87.701 E859.88948
G1 X96.45 Y91.709 E860.02279
G1 F1304.3 X96.51 Y92.139 E860.0394
G1 F1176.5 X96.5 Y92.5 E860.05471
G1 X96.51 Y92.861 E860.07003
G1 F1304.3 X96.45 Y93.291 E860.08663
G1 F1500 X96.45 Y126.709 E861.19812
G1 F1304.3 X96.51 Y127.139 E861.21473
G1 F1176.5 X96.5 Y127.5 E861.23004
G1 X96.51 Y127.861 E861.24536
G1 F1304.3 X96.45 Y128.291 E861.26196
G1 F1500 X96.451 Y132.299 E861.39527
G1 X100.55 Y132.3 E861.5316
G1 F2700 E856.5316
G0 F9000 X100.28 Y132.03
G0 X98.675 Y129.641
G0 X98.675 Y128.94
G1 F2700 E861.5316
G1 F1500 X98.325 Y128.94 E861.54324
G1 X98.008 Y128.864 E861.55409
G1 X97.657 Y128.68 E861.56727
G1 X97.4 Y128.443 E861.57889
G1 X97.229 Y128.197 E861.58886
G1 F1304.3 X97.028 Y127.83 E861.60486
G1 F1174.2 X97.001 Y127.47 E861.6202
G1 X97.028 Y127.17 E861.633
G1 F1304.3 X97.229 Y126.803 E861.64901
G1 F1500 X97.431 Y126.522 E861.66052
G1 X97.698 Y126.292 E861.67224
G1 X98.008 Y126.136 E861.68378
G1 X98.299 Y126.064 E861.69375
G1 X98.7 Y126.064 E861.70709
G1 X98.992 Y126.136 E861.71709
G1 X99.302 Y126.292 E861.72863
G1 X99.569 Y126.522 E861.74035
G1 X99.771 Y126.803 E861.75187
G1 F1304.3 X99.972 Y127.17 E861.76787
G1 F1176.5 X100 Y127.5 E861.78191
G1 X99.971 Y127.844 E861.79655
G1 F1304.3 X99.771 Y128.197 E861.81207
G1 F1500 X99.569 Y128.478 E861.82358
G1 X99.302 Y128.708 E861.8353
G1 X98.992 Y128.864 E861.84685
G1 X98.675 Y128.94 E861.85769
G1 F2700 E856.85769
G0 F9000 X98.675 Y129.641
G0 X99.767 Y128.622
G0 X99.999 Y128.286
G0 X100.143 Y127.904
G0 X98.865 Y94.615
G0 X98.7 Y93.936
G1 F2700 E861.85769
G1 F1500 X98.299 Y93.936 E861.87103
G1 X98.008 Y93.864 E861.881
G1 X97.657 Y93.68 E861.89418
G1 X97.4 Y93.443 E861.90581
G1 X97.229 Y93.197 E861.91577
G1 F1304.3 X97.028 Y92.83 E861.93177
G1 F1174.2 X97.001 Y92.47 E861.94711
G1 X97.028 Y92.17 E861.95991
G1 F1304.3 X97.229 Y91.803 E861.97592
G1 F1500 X97.431 Y91.522 E861.98743
G1 X97.698 Y91.292 E861.99915
G1 X98.008 Y91.136 E862.01069
G1 X98.325 Y91.06 E862.02153
G1 X98.675 Y91.06 E862.03317
G1 X98.992 Y91.136 E862.04402
G1 X99.302 Y91.292 E862.05556
G1 X99.569 Y91.522 E862.06728
G1 X99.771 Y91.803 E862.07879
G1 F1304.3 X99.972 Y92.17 E862.0948
G1 F1176.5 X100 Y92.5 E862.10884
G1 X99.971 Y92.844 E862.12348
G1 F1304.3 X99.771 Y93.197 E862.139
G1 F1500 X99.569 Y93.478 E862.15051
G1 X99.302 Y93.708 E862.16223
G1 X98.992 Y93.864 E862.17377
G1 X98.7 Y93.936 E862.18378
G0 F9000 X98.985 Y94.357
;TYPE:FILL
G1 F3000 X96.93 Y102.024 E862.44778
G0 F9000 X97.15 Y102.024
G0 X97.15 Y103.859
G0 X96.931 Y103.859
G1 F3000 X100.068 Y103.018 E862.5558
G0 F9000 X99.85 Y103.018
G0 X99.85 Y101.926
G0 X100.069 Y101.926
G1 F3000 X96.93 Y98.787 E862.70345
G0 F9000 X96.931 Y99.718
G1 F3000 X100.069 Y98.877 E862.81151
G0 F9000 X99.85 Y98.877
G0 X99.85 Y96.269
G0 X100.069 Y96.269
G1 F3000 X98.206 Y94.406 E862.89914
G0 F9000 X98.154 Y94.619
G0 X97.15 Y95.577
G0 X96.931 Y95.577
G1 F3000 X100.068 Y94.736 E863.00716
G0 F9000 X99.85 Y94.736
G0 X100.193 Y92.5
G0 X99.9 Y90.965
G0 X99.85 Y91.13
G1 F3000 X100.069 Y90.311 E863.03535
G0 F9000 X100.069 Y90.595
G1 F3000 X99.365 Y90.783 E863.05959
G0 F9000 X100.069 Y90.612
G1 F3000 X97.637 Y88.18 E863.17398
G0 F9000 X97.637 Y88.4
G0 X96.807 Y92.5
G0 X97.15 Y104.443
G0 X96.93 Y104.443
G1 F3000 X100.069 Y107.583 E863.32166
G0 F9000 X100.068 Y107.159
G1 F3000 X96.931 Y108 E863.42968
G0 F9000 X97.15 Y108
G0 X97.15 Y110.1
G0 X96.93 Y110.1
G1 F3000 X100.069 Y113.24 E863.57735
G0 F9000 X99.85 Y113.24
G0 X99.85 Y111.3
G0 X100.068 Y111.3
G1 F3000 X96.931 Y112.141 E863.68537
G0 F9000 X97.15 Y112.141
G0 X97.15 Y115.757
G0 X96.93 Y115.757
G1 F3000 X100.069 Y118.897 E863.83304
G0 F9000 X100.069 Y119.582
G1 F3000 X96.931 Y120.423 E863.9411
G0 F9000 X96.93 Y121.414
G1 F3000 X100.069 Y124.554 E864.08877
G0 F9000 X100.068 Y123.724
G1 F3000 X96.931 Y124.564 E864.19678
G0 F9000 X97.15 Y124.564
G0 X98.943 Y125.405
G0 X98.891 Y125.616
G1 F3000 X100.069 Y121.221 E864.34812
G0 F9000 X99.85 Y121.221
G0 X97.15 Y117.479
G0 X96.93 Y117.479
G1 F3000 X100.069 Y105.766 E864.75144
G0 F9000 X99.85 Y105.766
G0 X99.85 Y115.441
G0 X100.069 Y115.441
G1 F3000 X96.931 Y116.282 E864.8595
G0 F9000 X97.15 Y116.282
G0 X96.807 Y127.5
G0 X96.857 Y127.904
G0 X97.844 Y129.543
G0 X97.896 Y129.329
G1 F3000 X97.229 Y131.818 E864.9452
G0 F9000 X97.229 Y131.6
G0 X99.224 Y129.527
G0 X99.173 Y129.314
G1 F3000 X100.07 Y130.211 E864.9874
G0 F9000 X99.55 Y130.211
G1 F2700 E859.9874
G0 F9000 X100.33 Y131.13
G0 X101.415 Y131.13
G0 X114.335 Y131.13
G0 X115.42 Y131.13
G0 X115.87 Y131.13
G0 X115.601 Y131.399
;TYPE:WALL-INNER
G1 F2700 E864.9874
G1 F1500 X121.4 Y131.4 E865.18027
G1 X121.4 Y87.6 E866.63706
G1 X115.601 Y87.601 E866.82994
G1 X115.601 Y131.399 E868.28667
G0 F9000 X115.87 Y131.13
G0 X118.207 Y129.132
G0 X118.278 Y128.842
G1 F1500 X117.846 Y128.736 E868.30146
G1 X117.449 Y128.53 E868.31634
G1 X117.109 Y128.226 E868.33151
G1 X116.857 Y127.861 E868.34626
G1 X116.7 Y127.445 E868.36105
G1 X116.651 Y127 E868.37594
G1 X116.699 Y126.558 E868.39073
G1 X116.857 Y126.139 E868.40562
G1 X117.109 Y125.774 E868.42037
G1 X117.448 Y125.471 E868.4355
G1 X117.843 Y125.265 E868.45031
G1 X118.272 Y125.159 E868.46501
G1 X118.727 Y125.159 E868.48014
G1 X119.157 Y125.265 E868.49487
G1 X119.555 Y125.474 E868.50983
G1 X119.891 Y125.774 E868.52481
G1 X120.142 Y126.137 E868.53949
G1 X120.302 Y126.561 E868.55456
G1 X120.35 Y127 E868.56925
G1 X120.302 Y127.437 E868.58387
G1 X120.142 Y127.862 E868.59897
G1 X119.891 Y128.226 E868.61368
G1 X119.554 Y128.527 E868.62871
G1 X119.154 Y128.736 E868.64372
G1 X118.756 Y128.833 E868.65734
G1 X118.278 Y128.842 E868.67324
G1 F2700 E863.67324
G0 F9000 X118.207 Y129.132
G0 X117.311 Y128.724
G0 X116.932 Y128.389
G0 X116.644 Y127.973
G0 X116.465 Y127.501
G0 X116.43 Y127.217
G0 X118.201 Y94.131
G0 X118.272 Y93.841
G1 F2700 E868.67324
G1 F1500 X117.843 Y93.735 E868.68794
G1 X117.448 Y93.529 E868.70276
G1 X117.109 Y93.226 E868.71788
G1 X116.857 Y92.861 E868.73263
G1 X116.7 Y92.445 E868.74742
G1 X116.651 Y92 E868.76231
G1 X116.699 Y91.558 E868.7771
G1 X116.857 Y91.139 E868.79199
G1 X117.109 Y90.774 E868.80675
G1 X117.449 Y90.47 E868.82192
G1 X117.847 Y90.264 E868.83682
G1 X118.244 Y90.167 E868.85041
G1 X118.723 Y90.158 E868.86635
G1 X119.155 Y90.265 E868.88115
G1 X119.554 Y90.473 E868.89612
G1 X119.891 Y90.774 E868.91115
G1 X120.142 Y91.137 E868.92582
G1 X120.302 Y91.561 E868.9409
G1 X120.35 Y92 E868.95559
G1 X120.302 Y92.437 E868.97021
G1 X120.142 Y92.862 E868.98531
G1 X119.891 Y93.226 E869.00002
G1 X119.555 Y93.526 E869.015
G1 X119.157 Y93.735 E869.02995
G1 X118.727 Y93.841 E869.04468
G1 X118.272 Y93.841 E869.05981
G0 F9000 X118.299 Y93.436
;TYPE:WALL-OUTER
G1 F1500 X118.008 Y93.364 E869.06978
G1 X117.657 Y93.18 E869.08297
G1 X117.4 Y92.943 E869.09459
G1 X117.206 Y92.653 E869.1062
G1 X117.089 Y92.334 E869.1175
G1 X117.051 Y92 E869.12868
G1 X117.099 Y91.63 E869.14109
G1 X117.229 Y91.303 E869.15279
G1 X117.431 Y91.022 E869.1643
G1 X117.698 Y90.792 E869.17602
G1 X118.008 Y90.636 E869.18757
G1 X118.313 Y90.561 E869.19801
G1 X118.701 Y90.564 E869.21092
G1 X118.992 Y90.636 E869.22089
G1 X119.343 Y90.82 E869.23407
G1 X119.6 Y91.057 E869.2457
G1 X119.794 Y91.347 E869.2573
G1 X119.912 Y91.677 E869.26896
G1 X119.95 Y92 E869.27978
G1 X119.911 Y92.334 E869.29096
G1 X119.771 Y92.697 E869.3039
G1 X119.569 Y92.978 E869.31541
G1 X119.302 Y93.208 E869.32713
G1 X118.992 Y93.364 E869.33868
G1 X118.7 Y93.436 E869.34868
G1 X118.299 Y93.436 E869.36202
G1 F2700 E864.36202
G0 F9000 X118.133 Y94.114
G0 X116.404 Y127
G0 X116.465 Y127.501
G0 X116.644 Y127.973
G0 X116.932 Y128.389
G0 X117.239 Y128.661
G0 X118.133 Y129.114
G0 X118.299 Y128.436
G1 F2700 E869.36202
G1 F1500 X118.008 Y128.364 E869.37199
G1 X117.657 Y128.18 E869.38517
G1 X117.4 Y127.943 E869.39679
G1 X117.206 Y127.653 E869.4084
G1 X117.089 Y127.334 E869.4197
G1 X117.051 Y127 E869.43088
G1 X117.099 Y126.63 E869.44329
G1 X117.229 Y126.303 E869.45499
G1 X117.431 Y126.022 E869.4665
G1 X117.698 Y125.792 E869.47823
G1 X118.008 Y125.636 E869.48977
G1 X118.299 Y125.564 E869.49974
G1 X118.7 Y125.564 E869.51308
G1 X118.992 Y125.636 E869.52308
G1 X119.343 Y125.82 E869.53626
G1 X119.6 Y126.057 E869.54789
G1 X119.794 Y126.347 E869.55949
G1 X119.912 Y126.677 E869.57115
G1 X119.95 Y127 E869.58197
G1 X119.911 Y127.334 E869.59315
G1 X119.771 Y127.697 E869.60609
G1 X119.569 Y127.978 E869.6176
G1 X119.302 Y128.208 E869.62932
G1 X118.992 Y128.364 E869.64086
G1 X118.687 Y128.439 E869.65131
G1 X118.299 Y128.436 E869.66422
G1 F2700 E864.66422
G0 F9000 X118.133 Y129.114
G0 X115.47 Y131.53
G0 X115.201 Y131.799
G1 F2700 E869.66422
G1 F1500 X121.8 Y131.8 E869.8837
G1 X121.8 Y87.2 E871.3671
G1 X115.201 Y87.201 E871.58659
G1 X115.201 Y131.799 E873.06992
G0 F9000 X115.47 Y131.53
G0 X118.069 Y131.1
G0 X118.069 Y131.319
;TYPE:FILL
G1 F3000 X118.712 Y128.919 E873.15256
G0 F9000 X118.712 Y129.141
G0 X119.243 Y128.96
G0 X119.689 Y128.724
G0 X119.904 Y128.534
G0 X120.466 Y127.853
G0 X120.26 Y127.774
G1 F3000 X121.319 Y128.833 E873.20237
G0 F9000 X121.1 Y128.833
G0 X121.1 Y130.453
G0 X121.319 Y130.453
G1 F3000 X118.088 Y131.318 E873.31362
G1 X118.147 Y131.318
G1 X115.68 Y128.851 E873.42966
G0 F9000 X115.9 Y128.851
G0 X115.9 Y127.823
G0 X115.68 Y127.823
G1 F3000 X116.657 Y127.561 E873.4633
G0 F9000 X116.452 Y127.638
G0 X116.404 Y127
G0 X116.465 Y126.499
G0 X116.644 Y126.027
G0 X116.877 Y125.69
G0 X117.622 Y125.043
G0 X117.721 Y125.234
G1 F3000 X115.68 Y123.194 E873.55928
G0 F9000 X115.68 Y123.681
G1 F3000 X121.319 Y122.171 E873.75345
G0 F9000 X121.1 Y122.171
G0 X121.1 Y123.176
G0 X121.319 Y123.176
G1 F3000 X115.68 Y117.537 E874.01869
G0 F9000 X115.9 Y117.537
G0 X115.9 Y119.54
G0 X115.681 Y119.54
G1 F3000 X121.319 Y118.03 E874.21282
G0 F9000 X121.319 Y117.519
G1 F3000 X115.68 Y111.88 E874.47806
G0 F9000 X115.68 Y111.258
G1 F3000 X121.318 Y109.747 E874.6722
G0 F9000 X121.1 Y109.747
G0 X121.1 Y111.862
G0 X121.319 Y111.862
G1 F3000 X115.679 Y106.222 E874.93748
G0 F9000 X115.68 Y107.117
G1 F3000 X121.318 Y105.606 E875.13162
G0 F9000 X121.319 Y106.206
G1 F3000 X115.679 Y100.566 E875.39691
G0 F9000 X115.9 Y100.566
G0 X115.9 Y98.835
G0 X115.68 Y98.835
G1 F3000 X121.318 Y97.324 E875.59105
G0 F9000 X121.1 Y97.324
G0 X121.1 Y94.892
G0 X121.319 Y94.892
G1 F3000 X119.822 Y93.395 E875.66146
G0 F9000 X119.998 Y93.208
G1 F3000 X115.68 Y109.322 E876.21633
G0 F9000 X115.9 Y109.322
G0 X115.9 Y115.399
G0 X115.68 Y115.399
G1 F3000 X121.319 Y113.888 E876.4105
G0 F9000 X121.1 Y113.888
G0 X121.1 Y119.188
G0 X121.319 Y119.188
G1 F3000 X119.643 Y125.444 E876.62591
G0 F9000 X119.788 Y125.281
G0 X120.248 Y125.885
G0 X120.601 Y126.538
G0 X120.381 Y126.563
G1 F3000 X121.318 Y126.312 E876.65817
G0 F9000 X121.1 Y126.312
G0 X119.689 Y125.276
G0 X119.243 Y125.04
G0 X118.964 Y124.972
G0 X115.9 Y124.777
G0 X115.681 Y124.777
G1 F3000 X121.319 Y103.733 E877.38278
G0 F9000 X121.1 Y103.733
G0 X121.1 Y101.465
G0 X121.319 Y101.465
G1 F3000 X115.68 Y102.976 E877.57695
G0 F9000 X115.9 Y102.976
G0 X121.1 Y100.549
G0 X121.319 Y100.549
G1 F3000 X115.679 Y94.909 E877.84224
G0 F9000 X115.68 Y94.694
G1 F3000 X118.568 Y93.92 E877.94169
G0 F9000 X119.403 Y93.696
G1 F3000 X121.318 Y93.183 E878.00763
G0 F9000 X121.1 Y93.183
G0 X120.62 Y91.691
G0 X120.398 Y91.716
G1 F3000 X121.319 Y88.278 E878.12601
G0 F9000 X121.318 Y89.042
G1 F3000 X115.68 Y90.553 E878.32014
G0 F9000 X115.9 Y90.553
G0 X115.9 Y89.252
G0 X115.679 Y89.252
G1 F3000 X117.1 Y90.673 E878.38698
G0 F9000 X116.956 Y90.508
G0 X117.339 Y87.9
G0 X117.339 Y87.679
G1 F3000 X115.68 Y93.868 E878.6001
G0 F9000 X115.9 Y93.868
G0 X116.465 Y91.499
G0 X116.644 Y91.027
G0 X116.932 Y90.611
G0 X117.311 Y90.276
G0 X117.672 Y90.085
G0 X121.1 Y89.235
G0 X121.319 Y89.235
G1 F3000 X119.764 Y87.68 E878.67324
G0 F9000 X119.764 Y88.2
G1 F2700 E873.67324
G0 F9000 X119.886 Y89.278
G0 X121.58 Y106.467
G0 X122.665 Y106.467
G0 X135.585 Y106.467
G0 X136.67 Y106.467
G0 X137.09 Y106.467
G0 X136.85 Y107.148
;TYPE:WALL-INNER
G1 F2700 E878.67324
G1 F1500 X137.114 Y106.768 E878.68863
G1 X137.452 Y106.468 E878.70366
G1 X137.849 Y106.263 E878.71852
G1 X138.28 Y106.162 E878.73325
G1 X138.72 Y106.163 E878.74788
G1 X139.151 Y106.263 E878.7626
G1 X139.549 Y106.47 E878.77752
G1 X139.887 Y106.77 E878.79255
G1 X140.15 Y107.148 E878.80786
G1 X140.15 Y103.6 E878.92587
G1 X136.851 Y103.601 E879.0356
G1 X136.85 Y107.148 E879.15357
G0 F9000 X137.09 Y106.467
G0 X136.835 Y107.847
G0 X137.12 Y112.13
G0 X136.851 Y112.399
G1 F1500 X140.15 Y112.4 E879.2633
G1 X140.15 Y108.852 E879.3813
G1 X139.887 Y109.229 E879.39659
G1 X139.55 Y109.53 E879.41162
G1 X139.151 Y109.737 E879.42657
G1 X138.72 Y109.837 E879.44129
G1 X138.28 Y109.838 E879.45592
G1 X137.849 Y109.737 E879.47064
G1 X137.451 Y109.532 E879.48553
G1 X137.114 Y109.231 E879.50056
G1 X136.85 Y108.852 E879.51593
G1 X136.851 Y112.399 E879.6339
G0 F9000 X136.451 Y112.799
;TYPE:WALL-OUTER
G1 F1500 X140.55 Y112.8 E879.77023
G1 X140.55 Y108.791 E879.90357
G1 F1304.3 X140.49 Y108.389 E879.91912
G1 F1176.5 X140.5 Y108 E879.93562
G1 X140.49 Y107.639 E879.95094
G1 F1304.3 X140.55 Y107.209 E879.96754
G1 F1500 X140.55 Y103.2 E880.10088
G1 X136.451 Y103.201 E880.23721
G1 X136.45 Y107.209 E880.37052
G1 F1304.3 X136.51 Y107.639 E880.38713
G1 F1176.5 X136.5 Y108 E880.40244
G1 X136.51 Y108.361 E880.41776
G1 F1304.3 X136.45 Y108.791 E880.43436
G1 F1500 X136.451 Y112.799 E880.56767
G1 F2700 E875.56767
G0 F9000 X136.72 Y112.53
G0 X137.842 Y110.043
G0 X138.008 Y109.364
G1 F2700 E880.56767
G1 F1500 X137.657 Y109.18 E880.58085
G1 X137.4 Y108.943 E880.59248
G1 X137.229 Y108.697 E880.60244
G1 F1304.3 X137.028 Y108.33 E880.61845
G1 F1174.2 X137.001 Y107.97 E880.63379
G1 X137.028 Y107.67 E880.64659
G1 F1304.3 X137.229 Y107.303 E880.66259
G1 F1500 X137.431 Y107.022 E880.6741
G1 X137.698 Y106.792 E880.68582
G1 X138.008 Y106.636 E880.69737
G1 X138.325 Y106.56 E880.70821
G1 X138.675 Y106.56 E880.71985
G1 X138.992 Y106.636 E880.73069
G1 X139.302 Y106.792 E880.74223
G1 X139.569 Y107.022 E880.75395
G1 X139.771 Y107.303 E880.76546
G1 F1304.3 X139.972 Y107.67 E880.78147
G1 F1176.5 X140 Y108 E880.79551
G1 X139.971 Y108.344 E880.81015
G1 F1304.3 X139.771 Y108.697 E880.82567
G1 F1500 X139.569 Y108.978 E880.83718
G1 X139.302 Y109.208 E880.8489
G1 X138.992 Y109.364 E880.86045
G1 X138.675 Y109.44 E880.87129
G1 X138.325 Y109.44 E880.88293
G1 X138.008 Y109.364 E880.89377
G0 F9000 X137.387 Y109.583
;TYPE:FILL
G1 F3000 X136.93 Y109.705 E880.9095
G0 F9000 X136.93 Y110.503
G1 F3000 X138.746 Y112.318 E880.9949
G0 F9000 X139.724 Y112.32
G1 F3000 X140.069 Y111.032 E881.03925
G0 F9000 X139.85 Y111.032
G0 X137.233 Y109.122
G0 X137.001 Y108.786
G0 X136.857 Y108.404
G0 X136.812 Y108.04
G0 X137.09 Y106.467
G0 X137.095 Y106.677
G1 F3000 X137.898 Y103.679 E881.14248
G0 F9000 X137.898 Y103.9
G0 X137.15 Y104.846
G0 X136.93 Y104.846
G1 F3000 X138.186 Y106.102 E881.20156
G0 F9000 X138.134 Y105.885
G0 X137.15 Y105.564
G0 X136.93 Y105.564
G1 F3000 X140.068 Y104.724 E881.3096
G0 F9000 X139.55 Y104.724
G1 F2700 E876.3096
;MESH:NONMESH
G0 F300 X139.55 Y104.724 Z4
G0 F9000 X136.664 Y103.414
G0 X135.585 Y103.414
G0 X122.653 Y86.347
G0 X114.347 Y86.347
G0 X95.597 Y86.847
G0 X84.415 Y103.414
G0 X83.33 Y103.414
G0 X83.193 Y93
G0 X82.91 Y91.467
G0 X83.15 Y92.148
;TIME_ELAPSED:1586.139706
;LAYER:19
;TYPE:WALL-INNER
;MESH:Spacers.stl
G1 F2700 E881.3096
G1 F1500 X83.15 Y88.6 E881.42761
G1 X79.851 Y88.601 E881.53733
G1 X79.85 Y92.148 E881.65531
G1 X80.114 Y91.768 E881.6707
G1 X80.452 Y91.468 E881.68573
G1 X80.849 Y91.263 E881.70059
G1 X81.28 Y91.162 E881.71531
G1 X81.72 Y91.163 E881.72995
G1 X82.151 Y91.263 E881.74466
G1 X82.549 Y91.47 E881.75958
G1 X82.887 Y91.77 E881.77461
G1 X83.15 Y92.148 E881.78993
G1 F2700 E876.78993
G0 F9000 X82.91 Y91.467
G0 X83.165 Y92.847
G0 X82.91 Y126.467
G0 X83.15 Y127.148
G1 F2700 E881.78993
G1 F1500 X83.15 Y93.852 E882.89736
G1 X82.887 Y94.229 E882.91265
G1 X82.55 Y94.53 E882.92768
G1 X82.155 Y94.736 E882.94249
G1 X81.727 Y94.841 E882.95715
G1 X81.272 Y94.841 E882.97229
G1 X80.846 Y94.736 E882.98688
G1 X80.451 Y94.531 E883.00168
G1 X80.114 Y94.232 E883.01666
G1 X79.85 Y93.852 E883.03205
G1 X79.85 Y127.148 E884.13948
G1 X80.114 Y126.768 E884.15487
G1 X80.451 Y126.468 E884.16988
G1 X80.846 Y126.264 E884.18467
G1 X81.272 Y126.159 E884.19926
G1 X81.727 Y126.159 E884.21439
G1 X82.155 Y126.264 E884.22905
G1 X82.55 Y126.47 E884.24387
G1 X82.887 Y126.771 E884.2589
G1 X83.15 Y127.148 E884.27418
G0 F9000 X82.91 Y126.467
G0 X83.165 Y127.847
G0 X82.88 Y132.13
G0 X83.15 Y132.4
G1 F1500 X83.15 Y128.852 E884.39219
G1 X82.887 Y129.229 E884.40748
G1 X82.55 Y129.53 E884.42251
G1 X82.151 Y129.737 E884.43746
G1 X81.72 Y129.837 E884.45217
G1 X81.28 Y129.838 E884.46681
G1 X80.849 Y129.737 E884.48153
G1 X80.451 Y129.532 E884.49642
G1 X80.114 Y129.231 E884.51145
G1 X79.85 Y128.852 E884.52681
G1 X79.851 Y132.399 E884.64479
G1 X83.15 Y132.4 E884.75451
G0 F9000 X83.55 Y132.8
;TYPE:WALL-OUTER
G1 F1500 X83.55 Y128.791 E884.88785
G1 F1304.3 X83.49 Y128.389 E884.9034
G1 F1176.5 X83.5 Y128 E884.9199
G1 X83.49 Y127.639 E884.93522
G1 F1304.3 X83.55 Y127.209 E884.95182
G1 F1500 X83.55 Y93.791 E886.06331
G1 F1304.3 X83.49 Y93.389 E886.07886
G1 F1176.5 X83.5 Y93 E886.09536
G1 X83.49 Y92.639 E886.11067
G1 F1304.3 X83.55 Y92.209 E886.12728
G1 F1500 X83.55 Y88.2 E886.26062
G1 X79.451 Y88.201 E886.39695
G1 X79.45 Y92.209 E886.53026
G1 F1304.3 X79.51 Y92.639 E886.54686
G1 F1176.5 X79.5 Y93 E886.56218
G1 X79.51 Y93.361 E886.57749
G1 F1304.3 X79.45 Y93.791 E886.5941
G1 F1500 X79.45 Y127.209 E887.70559
G1 F1304.3 X79.51 Y127.639 E887.72219
G1 F1176.5 X79.5 Y128 E887.73751
G1 X79.51 Y128.361 E887.75282
G1 F1304.3 X79.45 Y128.791 E887.76943
G1 F1500 X79.451 Y132.799 E887.90274
G1 X83.55 Y132.8 E888.03907
G1 F2700 E883.03907
G0 F9000 X83.28 Y132.53
G0 X82.157 Y130.044
G0 X81.992 Y129.364
G1 F2700 E888.03907
G1 F1500 X81.675 Y129.44 E888.04991
G1 X81.325 Y129.44 E888.06155
G1 X81.008 Y129.364 E888.0724
G1 X80.657 Y129.18 E888.08558
G1 X80.4 Y128.943 E888.0972
G1 X80.229 Y128.697 E888.10717
G1 F1304.3 X80.028 Y128.33 E888.12317
G1 F1174.2 X80.001 Y127.97 E888.13851
G1 X80.028 Y127.67 E888.15131
G1 F1304.3 X80.229 Y127.303 E888.16732
G1 F1500 X80.431 Y127.022 E888.17883
G1 X80.698 Y126.792 E888.19055
G1 X81.008 Y126.636 E888.20209
G1 X81.299 Y126.564 E888.21206
G1 X81.7 Y126.564 E888.2254
G1 X81.992 Y126.636 E888.2354
G1 X82.302 Y126.792 E888.24694
G1 X82.569 Y127.022 E888.25866
G1 X82.771 Y127.303 E888.27018
G1 F1304.3 X82.972 Y127.67 E888.28618
G1 F1176.5 X83 Y128 E888.30022
G1 X82.971 Y128.344 E888.31486
G1 F1304.3 X82.771 Y128.697 E888.33038
G1 F1500 X82.569 Y128.978 E888.34189
G1 X82.302 Y129.208 E888.35361
G1 X81.992 Y129.364 E888.36516
G1 F2700 E883.36516
G0 F9000 X82.157 Y130.044
G0 X82.999 Y128.786
G0 X83.143 Y128.404
G0 X81.865 Y95.115
G0 X81.7 Y94.436
G1 F2700 E888.36516
G1 F1500 X81.299 Y94.436 E888.37849
G1 X81.008 Y94.364 E888.38846
G1 X80.657 Y94.18 E888.40165
G1 X80.4 Y93.943 E888.41327
G1 X80.229 Y93.697 E888.42324
G1 F1304.3 X80.028 Y93.33 E888.43924
G1 F1174.2 X80.001 Y92.97 E888.45458
G1 X80.028 Y92.67 E888.46738
G1 F1304.3 X80.229 Y92.303 E888.48339
G1 F1500 X80.431 Y92.022 E888.4949
G1 X80.657 Y91.82 E888.50498
G1 X81.008 Y91.636 E888.51816
G1 X81.325 Y91.56 E888.529
G1 X81.675 Y91.56 E888.54064
G1 X81.992 Y91.636 E888.55148
G1 X82.302 Y91.792 E888.56303
G1 X82.569 Y92.022 E888.57475
G1 X82.771 Y92.303 E888.58626
G1 F1304.3 X82.972 Y92.67 E888.60226
G1 F1176.5 X83 Y93 E888.61631
G1 X82.971 Y93.344 E888.63095
G1 F1304.3 X82.771 Y93.697 E888.64647
G1 F1500 X82.569 Y93.978 E888.65798
G1 X82.302 Y94.208 E888.6697
G1 X81.992 Y94.364 E888.68124
G1 X81.7 Y94.436 E888.69124
G0 F9000 X81.907 Y94.878
;TYPE:FILL
G1 F3000 X83.07 Y96.041 E888.74595
G0 F9000 X83.069 Y95.296
G1 F3000 X79.93 Y96.137 E888.85403
G0 F9000 X80.15 Y96.137
G0 X80.15 Y98.558
G0 X79.93 Y98.558
G1 F3000 X83.07 Y101.698 E889.00173
G0 F9000 X82.85 Y101.698
G0 X82.85 Y103.578
G0 X83.068 Y103.578
G1 F3000 X79.93 Y104.419 E889.10978
G0 F9000 X79.93 Y104.215
G1 F3000 X83.07 Y107.355 E889.25748
G0 F9000 X83.069 Y107.719
G1 F3000 X79.93 Y108.56 E889.36556
G0 F9000 X80.15 Y108.56
G0 X80.15 Y109.872
G0 X79.93 Y109.872
G1 F3000 X83.07 Y113.011 E889.51324
G0 F9000 X82.85 Y113.011
G0 X82.85 Y111.86
G0 X83.069 Y111.86
G1 F3000 X79.93 Y112.701 E889.62132
G0 F9000 X80.15 Y112.701
G0 X80.15 Y115.529
G0 X79.93 Y115.529
G1 F3000 X83.07 Y118.668 E889.76899
G0 F9000 X82.85 Y118.668
G0 X82.85 Y120.142
G0 X83.068 Y120.142
G1 F3000 X79.93 Y120.983 E889.87705
G0 F9000 X79.93 Y121.186
G1 F3000 X83.07 Y124.325 E890.02472
G1 X83.069 Y124.283
G1 X79.93 Y125.125 E890.13281
G0 F9000 X80.15 Y125.125
G0 X82.089 Y125.94
G0 X82.037 Y126.152
G1 F3000 X83.069 Y122.301 E890.26542
G0 F9000 X82.85 Y122.301
G0 X80.15 Y118.562
G0 X79.93 Y118.562
G1 F3000 X83.069 Y106.846 E890.66884
G0 F9000 X82.85 Y106.846
G0 X80.15 Y103.106
G0 X79.93 Y103.106
G1 F3000 X82.151 Y94.817 E890.95426
G0 F9000 X82.202 Y95.033
G0 X82.999 Y93.786
G0 X83.143 Y93.404
G0 X83.188 Y93.04
G0 X82.91 Y91.467
G0 X82.994 Y91.67
G1 F3000 X83.069 Y91.393 E890.9638
G0 F9000 X83.069 Y91.155
G1 F3000 X82.441 Y91.323 E890.98542
G0 F9000 X82.543 Y91.131
G0 X82.85 Y90.384
G0 X83.07 Y90.384
G1 F3000 X81.366 Y88.68 E891.06557
G0 F9000 X81.366 Y88.9
G0 X83.143 Y92.596
G0 X82.85 Y99.437
G0 X83.068 Y99.437
G1 F3000 X79.93 Y100.278 E891.17363
G0 F9000 X80.15 Y100.278
G0 X82.85 Y116.001
G0 X83.068 Y116.001
G1 F3000 X79.93 Y116.842 E891.28168
G0 F9000 X80.15 Y116.842
G0 X83.143 Y127.596
G0 X83.193 Y128
G0 X82.787 Y129.719
G0 X82.641 Y129.553
G1 F3000 X83.069 Y129.981 E891.30181
G0 F9000 X82.85 Y129.981
G0 X82.539 Y130.009
G0 X80.99 Y130.079
G0 X81.043 Y129.862
G1 F3000 X80.385 Y132.318 E891.38638
G0 F9000 X80.45 Y131.8
G1 F2700 E886.38638
G0 F9000 X83.33 Y131.63
G0 X84.415 Y131.63
G0 X95.585 Y131.63
G0 X96.67 Y131.63
G0 X99.88 Y131.63
G0 X100.15 Y131.9
;TYPE:WALL-INNER
G1 F2700 E891.38638
G1 F1500 X100.15 Y128.352 E891.50439
G1 X99.887 Y128.729 E891.51968
G1 X99.55 Y129.03 E891.5347
G1 X99.151 Y129.237 E891.54966
G1 X98.72 Y129.337 E891.56437
G1 X98.28 Y129.338 E891.57901
G1 X97.849 Y129.237 E891.59373
G1 X97.451 Y129.032 E891.60862
G1 X97.114 Y128.731 E891.62365
G1 X96.85 Y128.352 E891.63901
G1 X96.851 Y131.899 E891.75698
G1 X100.15 Y131.9 E891.86671
G0 F9000 X99.88 Y131.63
G0 X100.193 Y127.5
G0 X99.91 Y125.967
G0 X100.15 Y126.648
G1 F1500 X100.15 Y93.352 E892.97414
G1 X99.887 Y93.729 E892.98943
G1 X99.55 Y94.03 E893.00446
G1 X99.155 Y94.236 E893.01927
G1 X98.727 Y94.341 E893.03393
G1 X98.272 Y94.341 E893.04906
G1 X97.846 Y94.236 E893.06366
G1 X97.451 Y94.031 E893.07846
G1 X97.114 Y93.732 E893.09344
G1 X96.85 Y93.352 E893.10883
G1 X96.85 Y126.648 E894.21626
G1 X97.114 Y126.268 E894.23165
G1 X97.451 Y125.968 E894.24666
G1 X97.846 Y125.764 E894.26144
G1 X98.272 Y125.659 E894.27604
G1 X98.727 Y125.659 E894.29117
G1 X99.155 Y125.764 E894.30583
G1 X99.55 Y125.97 E894.32065
G1 X99.887 Y126.271 E894.33567
G1 X100.15 Y126.648 E894.35096
G1 F2700 E889.35096
G0 F9000 X99.91 Y125.967
G0 X100.193 Y92.5
G0 X99.91 Y90.967
G0 X100.15 Y91.648
G1 F2700 E894.35096
G1 F1500 X100.15 Y88.1 E894.46897
G1 X96.851 Y88.101 E894.5787
G1 X96.85 Y91.648 E894.69667
G1 X97.114 Y91.268 E894.71206
G1 X97.452 Y90.968 E894.72709
G1 X97.849 Y90.763 E894.74195
G1 X98.28 Y90.662 E894.75667
G1 X98.72 Y90.663 E894.77131
G1 X99.151 Y90.763 E894.78602
G1 X99.549 Y90.97 E894.80095
G1 X99.887 Y91.27 E894.81598
G1 X100.15 Y91.648 E894.83129
G1 F2700 E889.83129
G0 F9000 X99.91 Y90.967
G0 X100.193 Y92.5
G0 X100.143 Y92.904
G0 X99.999 Y93.286
G0 X98.865 Y94.615
G0 X98.7 Y93.936
;TYPE:WALL-OUTER
G1 F2700 E894.83129
G1 F1500 X98.299 Y93.936 E894.84463
G1 X98.008 Y93.864 E894.8546
G1 X97.657 Y93.68 E894.86778
G1 X97.4 Y93.443 E894.87941
G1 X97.229 Y93.197 E894.88937
G1 F1304.3 X97.028 Y92.83 E894.90538
G1 F1174.2 X97.001 Y92.47 E894.92072
G1 X97.028 Y92.17 E894.93352
G1 F1304.3 X97.229 Y91.803 E894.94952
G1 F1500 X97.431 Y91.522 E894.96103
G1 X97.698 Y91.292 E894.97275
G1 X98.008 Y91.136 E894.9843
G1 X98.325 Y91.06 E894.99514
G1 X98.675 Y91.06 E895.00678
G1 X98.992 Y91.136 E895.01762
G1 X99.302 Y91.292 E895.02916
G1 X99.569 Y91.522 E895.04088
G1 X99.771 Y91.803 E895.05239
G1 F1304.3 X99.972 Y92.17 E895.0684
G1 F1176.5 X100 Y92.5 E895.08244
G1 X99.971 Y92.844 E895.09708
G1 F1304.3 X99.771 Y93.197 E895.1126
G1 F1500 X99.569 Y93.478 E895.12411
G1 X99.302 Y93.708 E895.13583
G1 X98.992 Y93.864 E895.14738
G1 X98.7 Y93.936 E895.15738
G1 F2700 E890.15738
G0 F9000 X98.865 Y94.615
G0 X100.193 Y127.5
G0 X100.143 Y127.904
G0 X99.999 Y128.286
G0 X98.675 Y129.641
G0 X98.675 Y128.94
G1 F2700 E895.15738
G1 F1500 X98.325 Y128.94 E895.16902
G1 X98.008 Y128.864 E895.17986
G1 X97.657 Y128.68 E895.19304
G1 X97.4 Y128.443 E895.20467
G1 X97.229 Y128.197 E895.21464
G1 F1304.3 X97.028 Y127.83 E895.23064
G1 F1174.2 X97.001 Y127.47 E895.24598
G1 X97.028 Y127.17 E895.25878
G1 F1304.3 X97.229 Y126.803 E895.27478
G1 F1500 X97.431 Y126.522 E895.28629
G1 X97.698 Y126.292 E895.29801
G1 X98.008 Y126.136 E895.30956
G1 X98.299 Y126.064 E895.31953
G1 X98.7 Y126.064 E895.33287
G1 X98.992 Y126.136 E895.34287
G1 X99.302 Y126.292 E895.35441
G1 X99.569 Y126.522 E895.36613
G1 X99.771 Y126.803 E895.37764
G1 F1304.3 X99.972 Y127.17 E895.39365
G1 F1176.5 X100 Y127.5 E895.40769
G1 X99.971 Y127.844 E895.42233
G1 F1304.3 X99.771 Y128.197 E895.43785
G1 F1500 X99.569 Y128.478 E895.44936
G1 X99.302 Y128.708 E895.46108
G1 X98.992 Y128.864 E895.47262
G1 X98.675 Y128.94 E895.48347
G1 F2700 E890.48347
G0 F9000 X98.675 Y129.641
G0 X100.28 Y132.03
G0 X100.55 Y132.3
G1 F2700 E895.48347
G1 F1500 X100.55 Y128.291 E895.61681
G1 F1304.3 X100.49 Y127.889 E895.63235
G1 F1176.5 X100.5 Y127.5 E895.64885
G1 X100.49 Y127.139 E895.66417
G1 F1304.3 X100.55 Y126.709 E895.68077
G1 F1500 X100.55 Y93.291 E896.79226
G1 F1304.3 X100.49 Y92.889 E896.80781
G1 F1176.5 X100.5 Y92.5 E896.82431
G1 X100.49 Y92.139 E896.83962
G1 F1304.3 X100.55 Y91.709 E896.85623
G1 F1500 X100.55 Y87.7 E896.98957
G1 X96.451 Y87.701 E897.1259
G1 X96.45 Y91.709 E897.25921
G1 F1304.3 X96.51 Y92.139 E897.27582
G1 F1176.5 X96.5 Y92.5 E897.29113
G1 X96.51 Y92.861 E897.30645
G1 F1304.3 X96.45 Y93.291 E897.32305
G1 F1500 X96.45 Y126.709 E898.43454
G1 F1304.3 X96.51 Y127.139 E898.45115
G1 F1176.5 X96.5 Y127.5 E898.46646
G1 X96.51 Y127.861 E898.48178
G1 F1304.3 X96.45 Y128.291 E898.49838
G1 F1500 X96.451 Y132.299 E898.63169
G1 X100.55 Y132.3 E898.76802
G0 F9000 X100.28 Y132.03
G0 X99.85 Y130.012
G0 X100.07 Y130.012
;TYPE:FILL
G1 F3000 X99.306 Y129.247 E898.80398
G0 F9000 X99.407 Y129.441
G0 X98.752 Y129.58
G0 X98.466 Y129.58
G0 X97.66 Y129.477
G0 X97.762 Y129.284
G1 F3000 X97.083 Y131.818 E898.89124
G0 F9000 X97.083 Y131.6
G0 X97.09 Y129.033
G0 X97.001 Y128.832
G1 F3000 X97.082 Y128.811 E898.89402
G0 F9000 X97.09 Y129.033
G0 X96.807 Y127.5
G0 X96.857 Y127.096
G0 X97.001 Y126.714
G0 X97.233 Y126.378
G0 X97.168 Y125.953
G0 X98.806 Y125.371
G0 X98.754 Y125.582
G1 F3000 X100.069 Y120.676 E899.06295
G0 F9000 X100.068 Y119.728
G1 F3000 X96.931 Y120.569 E899.17098
G0 F9000 X96.93 Y121.215
G1 F3000 X100.069 Y124.354 E899.31862
G0 F9000 X100.068 Y123.87
G1 F3000 X96.931 Y124.71 E899.42664
G0 F9000 X97.15 Y124.71
G0 X99.85 Y118.697
G0 X100.069 Y118.697
G1 F3000 X96.93 Y115.558 E899.57429
G0 F9000 X96.931 Y116.428
G1 F3000 X100.069 Y115.587 E899.68234
G0 F9000 X99.85 Y115.587
G0 X99.85 Y113.04
G0 X100.069 Y113.04
G1 F3000 X96.93 Y109.901 E899.82999
G0 F9000 X97.15 Y109.901
G0 X97.15 Y108.146
G0 X96.931 Y108.146
G1 F3000 X100.068 Y107.305 E899.93801
G1 X100.069 Y107.384
G1 X96.93 Y104.244 E900.08568
G0 F9000 X96.931 Y104.005
G1 F3000 X100.068 Y103.164 E900.1937
G0 F9000 X99.85 Y103.164
G0 X99.85 Y101.727
G0 X100.069 Y101.727
G1 F3000 X96.93 Y98.587 E900.34138
G0 F9000 X97.15 Y98.587
G0 X97.15 Y99.864
G0 X96.931 Y99.864
G1 F3000 X100.068 Y99.023 E900.4494
G0 F9000 X99.85 Y99.023
G0 X99.85 Y96.07
G0 X100.069 Y96.07
G1 F3000 X98.42 Y94.42 E900.52699
G0 F9000 X98.828 Y94.396
G1 F3000 X96.931 Y101.479 E900.77087
G0 F9000 X97.15 Y101.479
G0 X99.85 Y105.222
G0 X100.069 Y105.222
G1 F3000 X96.93 Y116.935 E901.17419
G0 F9000 X97.15 Y116.935
G0 X97.15 Y112.287
G0 X96.93 Y112.287
G1 F3000 X100.069 Y111.446 E901.28228
G0 F9000 X99.85 Y111.446
G0 X97.15 Y95.722
G0 X96.931 Y95.722
G1 F3000 X100.069 Y94.882 E901.39032
G0 F9000 X99.85 Y94.882
G0 X100.193 Y92.5
G0 X99.878 Y90.861
G0 X99.732 Y91.025
G1 F3000 X100.069 Y89.766 E901.43367
G0 F9000 X100.069 Y90.412
G1 F3000 X97.836 Y88.18 E901.53868
G0 F9000 X97.836 Y88.4
G0 X99.651 Y90.687
G0 X99.549 Y90.88
G1 F3000 X100.069 Y90.741 E901.55659
G0 F9000 X99.734 Y90.393
G1 F2700 E896.55659
G0 F9000 X100.147 Y92.289
G0 X100.33 Y94.131
G0 X101.415 Y94.131
G0 X114.335 Y94.131
G0 X115.42 Y94.131
G0 X118.201 Y94.131
G0 X118.272 Y93.841
;TYPE:WALL-INNER
G1 F2700 E901.55659
G1 F1500 X117.843 Y93.735 E901.57128
G1 X117.448 Y93.529 E901.5861
G1 X117.109 Y93.226 E901.60122
G1 X116.857 Y92.861 E901.61597
G1 X116.7 Y92.445 E901.63076
G1 X116.651 Y92 E901.64565
G1 X116.699 Y91.558 E901.66044
G1 X116.857 Y91.138 E901.67537
G1 X117.109 Y90.774 E901.69009
G1 X117.449 Y90.47 E901.70526
G1 X117.847 Y90.264 E901.72017
G1 X118.244 Y90.167 E901.73376
G1 X118.723 Y90.158 E901.74969
G1 X119.155 Y90.265 E901.7645
G1 X119.554 Y90.473 E901.77946
G1 X119.891 Y90.774 E901.79449
G1 X120.142 Y91.137 E901.80917
G1 X120.302 Y91.561 E901.82424
G1 X120.35 Y92 E901.83893
G1 X120.302 Y92.437 E901.85355
G1 X120.142 Y92.862 E901.86866
G1 X119.891 Y93.226 E901.88336
G1 X119.555 Y93.526 E901.89834
G1 X119.158 Y93.735 E901.91327
G1 X118.727 Y93.841 E901.92803
G1 X118.272 Y93.841 E901.94316
G1 F2700 E896.94316
G0 F9000 X118.201 Y94.131
G0 X116.404 Y127
G0 X116.465 Y127.501
G0 X116.644 Y127.973
G0 X116.932 Y128.389
G0 X117.273 Y128.691
G0 X118.207 Y129.132
G0 X118.278 Y128.842
G1 F2700 E901.94316
G1 F1500 X117.846 Y128.736 E901.95796
G1 X117.449 Y128.53 E901.97283
G1 X117.109 Y128.226 E901.988
G1 X116.857 Y127.861 E902.00275
G1 X116.7 Y127.445 E902.01754
G1 X116.651 Y127 E902.03243
G1 X116.699 Y126.558 E902.04722
G1 X116.857 Y126.139 E902.06211
G1 X117.109 Y125.774 E902.07687
G1 X117.448 Y125.471 E902.09199
G1 X117.843 Y125.265 E902.10681
G1 X118.272 Y125.159 E902.1215
G1 X118.727 Y125.159 E902.13664
G1 X119.157 Y125.265 E902.15137
G1 X119.555 Y125.474 E902.16632
G1 X119.891 Y125.774 E902.1813
G1 X120.142 Y126.137 E902.19598
G1 X120.302 Y126.561 E902.21105
G1 X120.35 Y127 E902.22574
G1 X120.302 Y127.437 E902.24036
G1 X120.142 Y127.862 E902.25547
G1 X119.891 Y128.226 E902.27017
G1 X119.554 Y128.527 E902.2852
G1 X119.154 Y128.736 E902.30021
G1 X118.756 Y128.833 E902.31384
G1 X118.278 Y128.842 E902.32974
G0 F9000 X118.207 Y129.132
G0 X115.87 Y131.13
G0 X115.601 Y131.399
G1 F1500 X121.4 Y131.4 E902.52261
G1 X121.4 Y87.6 E903.97941
G1 X115.601 Y87.601 E904.17228
G1 X115.601 Y131.399 E905.62901
G0 F9000 X115.201 Y131.799
;TYPE:WALL-OUTER
G1 F1500 X121.8 Y131.8 E905.84849
G1 X121.8 Y87.2 E907.3319
G1 X115.201 Y87.201 E907.55138
G1 X115.201 Y131.799 E909.03472
G1 F2700 E904.03472
G0 F9000 X115.47 Y131.53
G0 X118.133 Y129.114
G0 X118.299 Y128.436
G1 F2700 E909.03472
G1 F1500 X118.008 Y128.364 E909.04469
G1 X117.657 Y128.18 E909.05787
G1 X117.4 Y127.943 E909.06949
G1 X117.206 Y127.653 E909.0811
G1 X117.089 Y127.334 E909.0924
G1 X117.051 Y127 E909.10358
G1 X117.099 Y126.63 E909.11599
G1 X117.229 Y126.303 E909.12769
G1 X117.431 Y126.022 E909.1392
G1 X117.698 Y125.792 E909.15093
G1 X118.008 Y125.636 E909.16247
G1 X118.299 Y125.564 E909.17244
G1 X118.7 Y125.564 E909.18578
G1 X118.992 Y125.636 E909.19578
G1 X119.343 Y125.82 E909.20896
G1 X119.6 Y126.057 E909.22059
G1 X119.794 Y126.347 E909.23219
G1 X119.912 Y126.677 E909.24385
G1 X119.95 Y127 E909.25467
G1 X119.911 Y127.334 E909.26585
G1 X119.771 Y127.697 E909.27879
G1 X119.569 Y127.978 E909.2903
G1 X119.302 Y128.208 E909.30202
G1 X118.992 Y128.364 E909.31356
G1 X118.687 Y128.439 E909.32401
G1 X118.299 Y128.436 E909.33692
G1 F2700 E904.33692
G0 F9000 X118.133 Y129.114
G0 X117.311 Y128.724
G0 X116.932 Y128.389
G0 X116.644 Y127.973
G0 X116.465 Y127.501
G0 X116.43 Y127.217
G0 X118.133 Y94.114
G0 X118.299 Y93.436
G1 F2700 E909.33692
G1 F1500 X118.008 Y93.364 E909.34689
G1 X117.657 Y93.18 E909.36007
G1 X117.4 Y92.943 E909.3717
G1 X117.206 Y92.653 E909.3833
G1 X117.089 Y92.334 E909.3946
G1 X117.051 Y92 E909.40578
G1 X117.099 Y91.63 E909.41819
G1 X117.229 Y91.303 E909.4299
G1 X117.431 Y91.022 E909.44141
G1 X117.698 Y90.792 E909.45313
G1 X118.008 Y90.636 E909.46467
G1 X118.313 Y90.561 E909.47512
G1 X118.701 Y90.564 E909.48802
G1 X118.992 Y90.636 E909.49799
G1 X119.343 Y90.82 E909.51117
G1 X119.6 Y91.057 E909.5228
G1 X119.794 Y91.347 E909.53441
G1 X119.912 Y91.677 E909.54606
G1 X119.95 Y92 E909.55688
G1 X119.911 Y92.334 E909.56806
G1 X119.771 Y92.697 E909.581
G1 X119.569 Y92.978 E909.59251
G1 X119.302 Y93.208 E909.60424
G1 X118.992 Y93.364 E909.61578
G1 X118.7 Y93.436 E909.62578
G1 X118.299 Y93.436 E909.63912
G0 F9000 X118.133 Y94.114
G0 X118.752 Y94.08
G0 X119.15 Y93.983
G0 X119.942 Y93.582
G0 X119.796 Y93.416
;TYPE:FILL
G1 F3000 X115.68 Y108.777 E910.16805
G0 F9000 X115.9 Y108.777
G0 X115.9 Y107.263
G0 X115.68 Y107.263
G1 F3000 X121.318 Y105.752 E910.36219
G0 F9000 X121.319 Y106.006
G1 F3000 X115.679 Y100.366 E910.62748
G0 F9000 X115.9 Y100.366
G0 X115.9 Y98.981
G0 X115.68 Y98.981
G1 F3000 X121.319 Y97.47 E910.82165
G0 F9000 X121.1 Y97.47
G0 X121.1 Y94.692
G0 X121.319 Y94.692
G1 F3000 X119.928 Y93.301 E910.88708
G0 F9000 X120.073 Y93.466
G0 X121.1 Y93.329
G0 X121.318 Y93.329
G1 F3000 X115.68 Y94.84 E911.08121
G1 X115.679 Y94.709
G1 X121.319 Y100.349 E911.3465
G0 F9000 X121.1 Y100.349
G0 X121.1 Y101.611
G0 X121.318 Y101.611
G1 F3000 X115.68 Y103.122 E911.54064
G0 F9000 X115.9 Y103.122
G0 X115.9 Y106.023
G0 X115.679 Y106.023
G1 F3000 X121.319 Y111.663 E911.80593
G0 F9000 X121.1 Y111.663
G0 X121.1 Y109.893
G0 X121.319 Y109.893
G1 F3000 X115.68 Y111.404 E912.0001
G0 F9000 X115.68 Y111.681
G1 F3000 X121.319 Y117.32 E912.26534
G0 F9000 X121.319 Y118.176
G1 F3000 X115.68 Y119.686 E912.4595
G0 F9000 X115.9 Y119.686
G0 X115.9 Y117.338
G0 X115.68 Y117.338
G1 F3000 X121.319 Y122.977 E912.72474
G0 F9000 X121.318 Y122.317
G1 F3000 X115.68 Y123.827 E912.91887
G0 F9000 X115.681 Y124.231
G1 F3000 X121.319 Y103.188 E913.64345
G0 F9000 X121.1 Y103.188
G0 X121.1 Y114.034
G0 X121.319 Y114.034
G1 F3000 X115.681 Y115.545 E913.83759
G0 F9000 X115.9 Y115.545
G0 X121.1 Y118.643
G0 X121.319 Y118.643
G1 F3000 X119.519 Y125.362 E914.06894
G0 F9000 X119.62 Y125.171
G0 X120.068 Y125.611
G0 X120.231 Y125.847
G0 X120.618 Y126.68
G0 X120.397 Y126.705
G1 F3000 X121.319 Y126.458 E914.10069
G0 F9000 X121.1 Y126.458
G0 X120.521 Y127.708
G0 X120.314 Y127.629
G1 F3000 X121.319 Y128.634 E914.14796
G0 F9000 X121.1 Y128.634
G0 X121.1 Y130.599
G0 X121.319 Y130.599
G1 F3000 X118.633 Y131.319 E914.24045
G0 F9000 X118.347 Y131.318
G1 F3000 X115.68 Y128.651 E914.3659
G0 F9000 X115.68 Y127.969
G1 F3000 X116.707 Y127.693 E914.40127
G0 F9000 X116.502 Y127.77
G0 X116.932 Y128.389
G0 X117.311 Y128.724
G0 X117.672 Y128.915
G0 X118.566 Y129.141
G0 X118.566 Y128.92
G1 F3000 X117.923 Y131.319 E914.48388
G0 F9000 X117.923 Y131.1
G0 X116.465 Y127.501
G0 X116.404 Y127
G0 X116.465 Y126.499
G0 X116.644 Y126.027
G0 X116.932 Y125.611
G0 X117.81 Y124.964
G0 X117.861 Y125.176
G1 F3000 X115.68 Y122.994 E914.58649
G1 F2700 E909.58649
G0 F9000 X115.9 Y122.994
G0 X115.9 Y93.324
G0 X115.68 Y93.324
G1 F2700 E914.58649
G1 F3000 X117.193 Y87.679 E914.78087
G0 F9000 X117.193 Y87.9
G0 X115.9 Y89.053
G0 X115.679 Y89.053
G1 F3000 X117.205 Y90.578 E914.85263
G0 F9000 X117.062 Y90.415
G0 X115.9 Y90.699
G0 X115.68 Y90.699
G1 F3000 X121.318 Y89.188 E915.04676
G1 X121.319 Y89.036
G1 X119.964 Y87.68 E915.11052
G0 F9000 X119.964 Y87.9
G0 X121.13 Y87.87
G0 X121.319 Y87.734
G1 F3000 X120.332 Y91.416 E915.23731
G0 F9000 X120.8 Y91.231
G1 F2700 E910.23731
G0 F9000 X121.58 Y106.467
G0 X122.665 Y106.467
G0 X135.585 Y106.467
G0 X136.67 Y106.467
G0 X137.09 Y106.467
G0 X136.85 Y107.148
;TYPE:WALL-INNER
G1 F2700 E915.23731
G1 F1500 X137.114 Y106.768 E915.2527
G1 X137.452 Y106.468 E915.26773
G1 X137.849 Y106.263 E915.28259
G1 X138.28 Y106.162 E915.29732
G1 X138.72 Y106.163 E915.31195
G1 X139.151 Y106.263 E915.32667
G1 X139.549 Y106.47 E915.34159
G1 X139.887 Y106.77 E915.35662
G1 X140.15 Y107.148 E915.37193
G1 X140.15 Y103.6 E915.48994
G1 X136.851 Y103.601 E915.59967
G1 X136.85 Y107.148 E915.71764
G0 F9000 X137.09 Y106.467
G0 X136.835 Y107.847
G0 X137.12 Y112.13
G0 X136.851 Y112.399
G1 F1500 X140.15 Y112.4 E915.82737
G1 X140.15 Y108.852 E915.94537
G1 X139.887 Y109.229 E915.96066
G1 X139.55 Y109.53 E915.97569
G1 X139.151 Y109.737 E915.99064
G1 X138.72 Y109.837 E916.00536
G1 X138.28 Y109.838 E916.01999
G1 X137.849 Y109.737 E916.03471
G1 X137.451 Y109.532 E916.0496
G1 X137.114 Y109.231 E916.06463
G1 X136.85 Y108.852 E916.08
G1 X136.851 Y112.399 E916.19797
G0 F9000 X136.451 Y112.799
;TYPE:WALL-OUTER
G1 F1500 X140.55 Y112.8 E916.3343
G1 X140.55 Y108.791 E916.46764
G1 F1304.3 X140.49 Y108.389 E916.48319
G1 F1176.5 X140.5 Y108 E916.49969
G1 X140.49 Y107.639 E916.51501
G1 F1304.3 X140.55 Y107.209 E916.53161
G1 F1500 X140.55 Y103.2 E916.66495
G1 X136.451 Y103.201 E916.80128
G1 X136.45 Y107.209 E916.93459
G1 F1304.3 X136.51 Y107.639 E916.9512
G1 F1176.5 X136.5 Y108 E916.96651
G1 X136.51 Y108.361 E916.98183
G1 F1304.3 X136.45 Y108.791 E916.99843
G1 F1500 X136.451 Y112.799 E917.13174
G1 F2700 E912.13174
G0 F9000 X136.72 Y112.53
G0 X137.842 Y110.043
G0 X138.008 Y109.364
G1 F2700 E917.13174
G1 F1500 X137.657 Y109.18 E917.14492
G1 X137.4 Y108.943 E917.15655
G1 X137.229 Y108.697 E917.16651
G1 F1304.3 X137.028 Y108.33 E917.18252
G1 F1174.2 X137.001 Y108.03 E917.19532
G1 X137.028 Y107.67 E917.21066
G1 F1304.3 X137.229 Y107.303 E917.22666
G1 F1500 X137.431 Y107.022 E917.23817
G1 X137.698 Y106.792 E917.24989
G1 X138.008 Y106.636 E917.26144
G1 X138.325 Y106.56 E917.27228
G1 X138.675 Y106.56 E917.28392
G1 X138.992 Y106.636 E917.29476
G1 X139.302 Y106.792 E917.3063
G1 X139.569 Y107.022 E917.31802
G1 X139.771 Y107.303 E917.32953
G1 F1304.3 X139.972 Y107.67 E917.34554
G1 F1176.5 X140 Y108 E917.35958
G1 X139.971 Y108.344 E917.37422
G1 F1304.3 X139.771 Y108.697 E917.38974
G1 F1500 X139.569 Y108.978 E917.40125
G1 X139.302 Y109.208 E917.41297
G1 X138.992 Y109.364 E917.42452
G1 X138.675 Y109.44 E917.43536
G1 X138.325 Y109.44 E917.447
G1 X138.008 Y109.364 E917.45784
G0 F9000 X137.566 Y109.681
;TYPE:FILL
G1 F3000 X136.93 Y109.851 E917.47974
G0 F9000 X136.93 Y110.303
G1 F3000 X138.945 Y112.318 E917.57452
G0 F9000 X139.578 Y112.319
G1 F3000 X140.069 Y110.487 E917.6376
G0 F9000 X139.85 Y110.487
G0 X140.193 Y108
G0 X140.143 Y107.596
G0 X139.999 Y107.214
G0 X139.767 Y106.878
G0 X139.92 Y106.531
G0 X138.366 Y105.859
G0 X138.366 Y106.082
G1 F3000 X136.93 Y104.646 E917.70515
G0 F9000 X137.15 Y104.646
G0 X137.15 Y105.71
G0 X136.93 Y105.71
G1 F3000 X140.069 Y104.869 E917.81323
G0 F9000 X139.85 Y104.869
G0 X137.752 Y103.9
G0 X137.752 Y103.679
G1 F3000 X136.957 Y106.646 E917.91539
G0 F9000 X137.45 Y106.194
G1 F2700 E912.91539
;MESH:NONMESH
G0 F300 X137.45 Y106.194 Z4.2
G0 F9000 X137.426 Y106.146
G0 X136.664 Y103.414
G0 X135.585 Y103.414
G0 X122.653 Y86.347
G0 X114.347 Y86.347
G0 X95.597 Y86.847
G0 X84.415 Y103.414
G0 X83.33 Y103.414
G0 X83.193 Y93
G0 X82.91 Y91.467
G0 X83.15 Y92.148
;TIME_ELAPSED:1656.677961
;LAYER:20
;TYPE:WALL-INNER
;MESH:Spacers.stl
G1 F2700 E917.91539
G1 F1500 X83.15 Y88.6 E918.0334
G1 X79.851 Y88.601 E918.14313
G1 X79.85 Y92.148 E918.2611
G1 X80.114 Y91.768 E918.27649
G1 X80.452 Y91.468 E918.29152
G1 X80.849 Y91.263 E918.30638
G1 X81.28 Y91.162 E918.32111
G1 X81.72 Y91.163 E918.33574
G1 X82.151 Y91.263 E918.35046
G1 X82.549 Y91.47 E918.36538
G1 X82.887 Y91.77 E918.38041
G1 X83.15 Y92.148 E918.39572
G1 F2700 E913.39572
G0 F9000 X82.91 Y91.467
G0 X83.165 Y92.847
G0 X82.91 Y126.467
G0 X83.15 Y127.148
G1 F2700 E918.39572
G1 F1500 X83.15 Y93.852 E919.50315
G1 X82.887 Y94.229 E919.51844
G1 X82.55 Y94.53 E919.53347
G1 X82.155 Y94.736 E919.54829
G1 X81.727 Y94.841 E919.56295
G1 X81.272 Y94.841 E919.57808
G1 X80.846 Y94.736 E919.59267
G1 X80.451 Y94.531 E919.60747
G1 X80.114 Y94.232 E919.62246
G1 X79.85 Y93.852 E919.63785
G1 X79.85 Y127.148 E920.74528
G1 X80.114 Y126.768 E920.76067
G1 X80.451 Y126.468 E920.77567
G1 X80.846 Y126.264 E920.79046
G1 X81.272 Y126.159 E920.80505
G1 X81.727 Y126.159 E920.82019
G1 X82.155 Y126.264 E920.83484
G1 X82.55 Y126.47 E920.84966
G1 X82.887 Y126.771 E920.86469
G1 X83.15 Y127.148 E920.87998
G0 F9000 X82.91 Y126.467
G0 X83.165 Y127.847
G0 X82.88 Y132.13
G0 X83.15 Y132.4
G1 F1500 X83.15 Y128.852 E920.99798
G1 X82.887 Y129.229 E921.01327
G1 X82.55 Y129.53 E921.0283
G1 X82.151 Y129.737 E921.04325
G1 X81.72 Y129.837 E921.05797
G1 X81.28 Y129.838 E921.0726
G1 X80.849 Y129.737 E921.08733
G1 X80.451 Y129.532 E921.10222
G1 X80.114 Y129.231 E921.11725
G1 X79.85 Y128.852 E921.13261
G1 X79.851 Y132.399 E921.25058
G1 X83.15 Y132.4 E921.36031
G0 F9000 X83.55 Y132.8
;TYPE:WALL-OUTER
G1 F1500 X83.55 Y128.791 E921.49365
G1 F1304.3 X83.49 Y128.389 E921.50919
G1 F1176.5 X83.5 Y128 E921.52569
G1 X83.49 Y127.639 E921.54101
G1 F1304.3 X83.55 Y127.209 E921.55762
G1 F1500 X83.55 Y93.791 E922.6691
G1 F1304.3 X83.49 Y93.389 E922.68465
G1 F1176.5 X83.5 Y93 E922.70115
G1 X83.49 Y92.639 E922.71647
G1 F1304.3 X83.55 Y92.209 E922.73307
G1 F1500 X83.55 Y88.2 E922.86641
G1 X79.451 Y88.201 E923.00275
G1 X79.45 Y92.209 E923.13605
G1 F1304.3 X79.51 Y92.639 E923.15266
G1 F1176.5 X79.5 Y93 E923.16797
G1 X79.51 Y93.361 E923.18329
G1 F1304.3 X79.45 Y93.791 E923.19989
G1 F1500 X79.45 Y127.209 E924.31138
G1 F1304.3 X79.51 Y127.639 E924.32799
G1 F1176.5 X79.5 Y128 E924.3433
G1 X79.51 Y128.361 E924.35862
G1 F1304.3 X79.45 Y128.791 E924.37522
G1 F1500 X79.451 Y132.799 E924.50853
G1 X83.55 Y132.8 E924.64486
G1 F2700 E919.64486
G0 F9000 X83.28 Y132.53
G0 X82.157 Y130.044
G0 X81.992 Y129.364
G1 F2700 E924.64486
G1 F1500 X81.675 Y129.44 E924.65571
G1 X81.325 Y129.44 E924.66735
G1 X81.008 Y129.364 E924.67819
G1 X80.657 Y129.18 E924.69137
G1 X80.4 Y128.943 E924.703
G1 X80.229 Y128.697 E924.71296
G1 F1304.3 X80.028 Y128.33 E924.72897
G1 F1174.2 X80.001 Y127.97 E924.74431
G1 X80.028 Y127.67 E924.75711
G1 F1304.3 X80.229 Y127.303 E924.77311
G1 F1500 X80.431 Y127.022 E924.78462
G1 X80.698 Y126.792 E924.79634
G1 X81.008 Y126.636 E924.80788
G1 X81.299 Y126.564 E924.81785
G1 X81.7 Y126.564 E924.83119
G1 X81.992 Y126.636 E924.8412
G1 X82.302 Y126.792 E924.85274
G1 X82.569 Y127.022 E924.86446
G1 X82.771 Y127.303 E924.87597
G1 F1304.3 X82.972 Y127.67 E924.89197
G1 F1176.5 X83 Y128 E924.90602
G1 X82.971 Y128.344 E924.92066
G1 F1304.3 X82.771 Y128.697 E924.93618
G1 F1500 X82.569 Y128.978 E924.94769
G1 X82.302 Y129.208 E924.95941
G1 X81.992 Y129.364 E924.97095
G1 F2700 E919.97095
G0 F9000 X82.157 Y130.044
G0 X82.999 Y128.786
G0 X83.143 Y128.404
G0 X81.865 Y95.115
G0 X81.7 Y94.436
G1 F2700 E924.97095
G1 F1500 X81.299 Y94.436 E924.98429
G1 X81.008 Y94.364 E924.99426
G1 X80.657 Y94.18 E925.00744
G1 X80.4 Y93.943 E925.01907
G1 X80.229 Y93.697 E925.02903
G1 F1304.3 X80.028 Y93.33 E925.04504
G1 F1174.2 X80.001 Y92.97 E925.06038
G1 X80.028 Y92.67 E925.07317
G1 F1304.3 X80.229 Y92.303 E925.08918
G1 F1500 X80.431 Y92.022 E925.10069
G1 X80.698 Y91.792 E925.11241
G1 X81.008 Y91.636 E925.12395
G1 X81.325 Y91.56 E925.1348
G1 X81.675 Y91.56 E925.14644
G1 X81.992 Y91.636 E925.15728
G1 X82.302 Y91.792 E925.16882
G1 X82.569 Y92.022 E925.18054
G1 X82.771 Y92.303 E925.19205
G1 F1304.3 X82.972 Y92.67 E925.20806
G1 F1176.5 X83 Y93 E925.2221
G1 X82.971 Y93.344 E925.23674
G1 F1304.3 X82.771 Y93.697 E925.25226
G1 F1500 X82.569 Y93.978 E925.26377
G1 X82.302 Y94.208 E925.27549
G1 X81.992 Y94.364 E925.28703
G1 X81.7 Y94.436 E925.29704
G0 F9000 X81.995 Y94.855
;TYPE:FILL
G1 F3000 X79.93 Y102.562 E925.56241
G0 F9000 X80.15 Y102.562
G0 X80.15 Y104.016
G0 X79.93 Y104.016
G1 F3000 X83.07 Y107.155 E925.71009
G0 F9000 X83.069 Y107.865
G1 F3000 X79.93 Y108.706 E925.81817
G0 F9000 X79.93 Y109.672
G1 F3000 X83.07 Y112.812 E925.96587
G0 F9000 X83.068 Y112.006
G1 F3000 X79.93 Y112.847 E926.07392
G0 F9000 X80.15 Y112.847
G0 X80.15 Y115.329
G0 X79.93 Y115.329
G1 F3000 X83.07 Y118.469 E926.22162
G0 F9000 X82.85 Y118.469
G0 X82.85 Y120.288
G0 X83.069 Y120.288
G1 F3000 X79.93 Y121.129 E926.3297
G1 X79.93 Y120.986
G1 X83.07 Y124.126 E926.4774
G0 F9000 X83.069 Y124.429
G1 F3000 X79.93 Y125.271 E926.58549
G0 F9000 X80.15 Y125.271
G0 X81.952 Y125.907
G0 X81.9 Y126.118
G1 F3000 X83.069 Y121.756 E926.73569
G0 F9000 X82.85 Y121.756
G0 X80.15 Y118.017
G0 X79.93 Y118.017
G1 F3000 X83.069 Y106.302 E927.13908
G0 F9000 X82.85 Y106.302
G0 X82.85 Y103.724
G0 X83.069 Y103.724
G1 F3000 X79.93 Y104.565 E927.24717
G0 F9000 X80.15 Y104.565
G0 X80.15 Y100.424
G0 X79.93 Y100.424
G1 F3000 X83.068 Y99.583 E927.35522
G0 F9000 X82.85 Y99.583
G0 X82.85 Y101.498
G0 X83.07 Y101.498
G1 F3000 X79.93 Y98.359 E927.50289
G0 F9000 X80.15 Y98.359
G0 X80.15 Y96.283
G0 X79.93 Y96.283
G1 F3000 X83.068 Y95.442 E927.61095
G0 F9000 X83.07 Y95.841
G1 F3000 X82.067 Y94.839 E927.6581
G0 F9000 X82.118 Y95.053
G0 X82.999 Y93.786
G0 X83.143 Y93.404
G0 X83.188 Y93.04
G0 X82.9 Y91.472
G0 X82.858 Y91.636
G1 F3000 X83.069 Y90.848 E927.68523
G0 F9000 X83.068 Y91.301
G1 F3000 X82.615 Y91.422 E927.70083
G0 F9000 X82.761 Y91.258
G0 X82.85 Y90.185
G0 X83.07 Y90.185
G1 F3000 X81.564 Y88.679 E927.77167
G0 F9000 X81.564 Y88.9
G0 X83.143 Y92.596
G0 X82.85 Y116.147
G0 X83.068 Y116.147
G1 F3000 X79.93 Y116.988 E927.87972
G0 F9000 X80.15 Y116.988
G0 X79.807 Y128
G0 X80.1 Y129.521
G0 X80.134 Y129.357
G1 F3000 X79.93 Y129.411 E927.88674
G0 F9000 X80.09 Y129.533
G0 X80.853 Y130.045
G0 X80.906 Y129.83
G1 F3000 X80.239 Y132.319 E927.97244
G0 F9000 X80.239 Y132.1
G0 X82.85 Y129.782
G0 X83.069 Y129.782
G1 F3000 X82.747 Y129.459 E927.98761
G0 F9000 X82.55 Y129.851
G1 F2700 E922.98761
G0 F9000 X82.555 Y129.863
G0 X83.33 Y131.63
G0 X84.415 Y131.63
G0 X95.585 Y131.63
G0 X96.67 Y131.63
G0 X99.88 Y131.63
G0 X100.15 Y131.9
;TYPE:WALL-INNER
G1 F2700 E927.98761
G1 F1500 X100.15 Y128.352 E928.10562
G1 X99.887 Y128.729 E928.12091
G1 X99.55 Y129.03 E928.13594
G1 X99.151 Y129.237 E928.15089
G1 X98.72 Y129.337 E928.1656
G1 X98.28 Y129.338 E928.18024
G1 X97.849 Y129.237 E928.19496
G1 X97.451 Y129.032 E928.20985
G1 X97.114 Y128.731 E928.22488
G1 X96.85 Y128.352 E928.24024
G1 X96.851 Y131.899 E928.35822
G1 X100.15 Y131.9 E928.46794
G0 F9000 X99.88 Y131.63
G0 X100.193 Y127.5
G0 X99.91 Y125.967
G0 X100.15 Y126.648
G1 F1500 X100.15 Y93.352 E929.57537
G1 X99.887 Y93.729 E929.59066
G1 X99.55 Y94.03 E929.60569
G1 X99.155 Y94.236 E929.62051
G1 X98.727 Y94.341 E929.63516
G1 X98.272 Y94.341 E929.6503
G1 X97.846 Y94.236 E929.66489
G1 X97.451 Y94.031 E929.67969
G1 X97.114 Y93.732 E929.69468
G1 X96.85 Y93.352 E929.71007
G1 X96.85 Y126.648 E930.8175
G1 X97.114 Y126.268 E930.83289
G1 X97.451 Y125.968 E930.84789
G1 X97.846 Y125.764 E930.86268
G1 X98.272 Y125.659 E930.87727
G1 X98.727 Y125.659 E930.8924
G1 X99.155 Y125.764 E930.90706
G1 X99.55 Y125.97 E930.92188
G1 X99.887 Y126.271 E930.93691
G1 X100.15 Y126.648 E930.9522
G1 F2700 E925.9522
G0 F9000 X99.91 Y125.967
G0 X100.193 Y92.5
G0 X99.91 Y90.967
G0 X100.15 Y91.648
G1 F2700 E930.9522
G1 F1500 X100.15 Y88.1 E931.0702
G1 X96.851 Y88.101 E931.17993
G1 X96.85 Y91.648 E931.2979
G1 X97.114 Y91.268 E931.31329
G1 X97.452 Y90.968 E931.32832
G1 X97.849 Y90.763 E931.34318
G1 X98.28 Y90.662 E931.35791
G1 X98.72 Y90.663 E931.37254
G1 X99.151 Y90.763 E931.38726
G1 X99.549 Y90.97 E931.40218
G1 X99.887 Y91.27 E931.41721
G1 X100.15 Y91.648 E931.43253
G1 F2700 E926.43253
G0 F9000 X99.91 Y90.967
G0 X100.193 Y92.5
G0 X100.143 Y92.904
G0 X99.999 Y93.286
G0 X98.865 Y94.615
G0 X98.7 Y93.936
;TYPE:WALL-OUTER
G1 F2700 E931.43253
G1 F1500 X98.299 Y93.936 E931.44586
G1 X98.008 Y93.864 E931.45583
G1 X97.657 Y93.68 E931.46902
G1 X97.4 Y93.443 E931.48064
G1 X97.229 Y93.197 E931.49061
G1 F1304.3 X97.028 Y92.83 E931.50661
G1 F1174.2 X97.001 Y92.47 E931.52195
G1 X97.028 Y92.17 E931.53475
G1 F1304.3 X97.229 Y91.803 E931.55076
G1 F1500 X97.431 Y91.522 E931.56227
G1 X97.698 Y91.292 E931.57399
G1 X98.008 Y91.136 E931.58553
G1 X98.325 Y91.06 E931.59637
G1 X98.675 Y91.06 E931.60801
G1 X98.992 Y91.136 E931.61885
G1 X99.302 Y91.292 E931.6304
G1 X99.569 Y91.522 E931.64212
G1 X99.771 Y91.803 E931.65363
G1 F1304.3 X99.972 Y92.17 E931.66963
G1 F1176.5 X100 Y92.5 E931.68368
G1 X99.971 Y92.844 E931.69832
G1 F1304.3 X99.771 Y93.197 E931.71384
G1 F1500 X99.569 Y93.478 E931.72535
G1 X99.302 Y93.708 E931.73707
G1 X98.992 Y93.864 E931.74861
G1 X98.7 Y93.936 E931.75861
G1 F2700 E926.75861
G0 F9000 X98.865 Y94.615
G0 X100.193 Y127.5
G0 X100.143 Y127.904
G0 X99.999 Y128.286
G0 X98.675 Y129.641
G0 X98.675 Y128.94
G1 F2700 E931.75861
G1 F1500 X98.325 Y128.94 E931.77025
G1 X98.008 Y128.864 E931.7811
G1 X97.657 Y128.68 E931.79428
G1 X97.4 Y128.443 E931.8059
G1 X97.229 Y128.197 E931.81587
G1 F1304.3 X97.028 Y127.83 E931.83187
G1 F1174.2 X97.001 Y127.47 E931.84721
G1 X97.028 Y127.17 E931.86001
G1 F1304.3 X97.229 Y126.803 E931.87602
G1 F1500 X97.431 Y126.522 E931.88753
G1 X97.698 Y126.292 E931.89925
G1 X98.008 Y126.136 E931.91079
G1 X98.299 Y126.064 E931.92076
G1 X98.7 Y126.064 E931.9341
G1 X98.992 Y126.136 E931.9441
G1 X99.302 Y126.292 E931.95564
G1 X99.569 Y126.522 E931.96737
G1 X99.771 Y126.803 E931.97888
G1 F1304.3 X99.972 Y127.17 E931.99488
G1 F1176.5 X100 Y127.5 E932.00892
G1 X99.971 Y127.844 E932.02356
G1 F1304.3 X99.771 Y128.197 E932.03908
G1 F1500 X99.569 Y128.478 E932.05059
G1 X99.302 Y128.708 E932.06231
G1 X98.992 Y128.864 E932.07386
G1 X98.675 Y128.94 E932.0847
G1 F2700 E927.0847
G0 F9000 X98.675 Y129.641
G0 X100.28 Y132.03
G0 X100.55 Y132.3
G1 F2700 E932.0847
G1 F1500 X100.55 Y128.291 E932.21804
G1 F1304.3 X100.49 Y127.889 E932.23359
G1 F1176.5 X100.5 Y127.5 E932.25009
G1 X100.49 Y127.139 E932.2654
G1 F1304.3 X100.55 Y126.709 E932.28201
G1 F1500 X100.55 Y93.291 E933.3935
G1 F1304.3 X100.49 Y92.889 E933.40904
G1 F1176.5 X100.5 Y92.5 E933.42554
G1 X100.49 Y92.139 E933.44086
G1 F1304.3 X100.55 Y91.709 E933.45746
G1 F1500 X100.55 Y87.7 E933.5908
G1 X96.451 Y87.701 E933.72714
G1 X96.45 Y91.709 E933.86044
G1 F1304.3 X96.51 Y92.139 E933.87705
G1 F1176.5 X96.5 Y92.5 E933.89237
G1 X96.51 Y92.861 E933.90768
G1 F1304.3 X96.45 Y93.291 E933.92429
G1 F1500 X96.45 Y126.709 E935.03577
G1 F1304.3 X96.51 Y127.139 E935.05238
G1 F1176.5 X96.5 Y127.5 E935.0677
G1 X96.51 Y127.861 E935.08301
G1 F1304.3 X96.45 Y128.291 E935.09962
G1 F1500 X96.451 Y132.299 E935.23292
G1 X100.55 Y132.3 E935.36926
G0 F9000 X100.28 Y132.03
G0 X99.85 Y129.812
G0 X100.07 Y129.812
;TYPE:FILL
G1 F3000 X99.436 Y129.179 E935.39905
G0 F9000 X99.537 Y129.373
G0 X98.752 Y129.58
G0 X98.343 Y129.58
G0 X97.532 Y129.409
G0 X97.634 Y129.217
G1 F3000 X96.937 Y131.818 E935.48862
G0 F9000 X97.12 Y131.63
G0 X97.1 Y129.052
G0 X96.93 Y128.997
G1 F3000 X97.209 Y128.923 E935.49822
G0 F9000 X97.063 Y129.087
G0 X96.807 Y127.5
G0 X96.857 Y127.096
G0 X97.001 Y126.714
G0 X97.233 Y126.378
G0 X98.609 Y125.359
G0 X98.609 Y125.579
G1 F3000 X100.069 Y120.132 E935.68578
G0 F9000 X100.068 Y119.874
G1 F3000 X96.931 Y120.715 E935.7938
G0 F9000 X96.93 Y121.015
G1 F3000 X100.069 Y124.155 E935.94147
G1 X100.069 Y124.015
G1 X96.931 Y124.856 E936.04953
G0 F9000 X97.15 Y124.856
G0 X99.85 Y118.498
G0 X100.069 Y118.498
G1 F3000 X96.93 Y115.358 E936.1972
G0 F9000 X97.15 Y115.358
G0 X97.15 Y116.389
G0 X96.931 Y116.389
G1 F3000 X100.069 Y104.677 E936.60048
G0 F9000 X99.85 Y104.677
G0 X99.85 Y103.31
G0 X100.068 Y103.31
G1 F3000 X96.931 Y104.151 E936.7085
G1 X96.93 Y104.045
G1 X100.069 Y107.184 E936.85615
G0 F9000 X100.069 Y107.451
G1 F3000 X96.93 Y108.292 E936.96424
G0 F9000 X97.15 Y108.292
G0 X97.15 Y109.701
G0 X96.93 Y109.701
G1 F3000 X100.069 Y112.841 E937.11191
G0 F9000 X99.85 Y112.841
G0 X99.85 Y111.592
G0 X100.069 Y111.592
G1 F3000 X96.931 Y112.433 E937.21996
G0 F9000 X97.15 Y112.433
G0 X97.15 Y116.574
G0 X96.931 Y116.574
G1 F3000 X100.068 Y115.733 E937.32799
G0 F9000 X99.85 Y115.733
G0 X99.85 Y101.527
G0 X100.069 Y101.527
G1 F3000 X96.93 Y98.388 E937.47563
G0 F9000 X97.15 Y98.388
G0 X97.15 Y100.01
G0 X96.931 Y100.01
G1 F3000 X100.068 Y99.169 E937.58366
G0 F9000 X99.85 Y99.169
G0 X99.85 Y95.87
G0 X100.069 Y95.87
G1 F3000 X98.619 Y94.42 E937.65186
G1 X98.676 Y94.419
G1 X96.93 Y100.934 E937.8762
G0 F9000 X97.15 Y100.934
G0 X97.15 Y95.868
G0 X96.931 Y95.868
G1 F3000 X100.068 Y95.028 E937.98421
G0 F9000 X99.85 Y95.028
G0 X100.193 Y92.5
G0 X99.835 Y90.823
G0 X99.689 Y90.988
G1 F3000 X100.069 Y90.887 E937.99729
G0 F9000 X99.614 Y90.92
G1 F3000 X100.069 Y89.222 E938.05575
G0 F9000 X100.069 Y90.213
G1 F3000 X98.036 Y88.18 E938.15138
G0 F9000 X98.036 Y88.7
G1 F2700 E933.15138
G0 F9000 X99.999 Y91.714
G0 X100.116 Y92.024
G0 X100.33 Y94.131
G0 X101.415 Y94.131
G0 X114.335 Y94.131
G0 X115.42 Y94.131
G0 X118.201 Y94.131
G0 X118.272 Y93.841
;TYPE:WALL-INNER
G1 F2700 E938.15138
G1 F1500 X117.843 Y93.735 E938.16608
G1 X117.448 Y93.529 E938.1809
G1 X117.109 Y93.226 E938.19602
G1 X116.857 Y92.861 E938.21077
G1 X116.7 Y92.445 E938.22556
G1 X116.651 Y92 E938.24045
G1 X116.699 Y91.558 E938.25524
G1 X116.857 Y91.139 E938.27013
G1 X117.109 Y90.774 E938.28488
G1 X117.449 Y90.47 E938.30005
G1 X117.847 Y90.264 E938.31496
G1 X118.244 Y90.167 E938.32855
G1 X118.723 Y90.158 E938.34449
G1 X119.155 Y90.265 E938.35929
G1 X119.554 Y90.473 E938.37425
G1 X119.891 Y90.774 E938.38928
G1 X120.142 Y91.137 E938.40396
G1 X120.302 Y91.561 E938.41903
G1 X120.35 Y92 E938.43372
G1 X120.302 Y92.437 E938.44834
G1 X120.142 Y92.862 E938.46345
G1 X119.891 Y93.226 E938.47815
G1 X119.555 Y93.526 E938.49314
G1 X119.158 Y93.735 E938.50806
G1 X118.727 Y93.841 E938.52282
G1 X118.272 Y93.841 E938.53795
G1 F2700 E933.53795
G0 F9000 X118.201 Y94.131
G0 X116.404 Y127
G0 X116.465 Y127.501
G0 X116.644 Y127.973
G0 X116.932 Y128.389
G0 X117.273 Y128.691
G0 X118.207 Y129.132
G0 X118.278 Y128.842
G1 F2700 E938.53795
G1 F1500 X117.846 Y128.736 E938.55275
G1 X117.449 Y128.53 E938.56762
G1 X117.109 Y128.226 E938.58279
G1 X116.857 Y127.861 E938.59755
G1 X116.7 Y127.445 E938.61234
G1 X116.651 Y127 E938.62723
G1 X116.699 Y126.558 E938.64201
G1 X116.857 Y126.139 E938.65691
G1 X117.109 Y125.774 E938.67166
G1 X117.448 Y125.471 E938.68678
G1 X117.843 Y125.265 E938.7016
G1 X118.272 Y125.159 E938.7163
G1 X118.727 Y125.159 E938.73143
G1 X119.157 Y125.265 E938.74616
G1 X119.555 Y125.474 E938.76111
G1 X119.891 Y125.774 E938.77609
G1 X120.142 Y126.137 E938.79077
G1 X120.302 Y126.561 E938.80584
G1 X120.35 Y127 E938.82053
G1 X120.302 Y127.437 E938.83515
G1 X120.142 Y127.862 E938.85026
G1 X119.891 Y128.226 E938.86496
G1 X119.554 Y128.527 E938.87999
G1 X119.154 Y128.736 E938.895
G1 X118.756 Y128.833 E938.90863
G1 X118.278 Y128.842 E938.92453
G0 F9000 X118.207 Y129.132
G0 X115.87 Y131.13
G0 X115.601 Y131.399
G1 F1500 X121.4 Y131.4 E939.11741
G1 X121.4 Y87.6 E940.5742
G1 X115.601 Y87.601 E940.76708
G1 X115.601 Y131.399 E942.2238
G0 F9000 X115.201 Y131.799
;TYPE:WALL-OUTER
G1 F1500 X121.8 Y131.8 E942.44329
G1 X121.8 Y87.2 E943.92669
G1 X115.201 Y87.201 E944.14617
G1 X115.201 Y131.799 E945.62951
G1 F2700 E940.62951
G0 F9000 X115.47 Y131.53
G0 X118.133 Y129.114
G0 X118.299 Y128.436
G1 F2700 E945.62951
G1 F1500 X118.008 Y128.364 E945.63948
G1 X117.657 Y128.18 E945.65266
G1 X117.4 Y127.943 E945.66429
G1 X117.206 Y127.653 E945.67589
G1 X117.089 Y127.334 E945.68719
G1 X117.051 Y127 E945.69837
G1 X117.099 Y126.63 E945.71078
G1 X117.229 Y126.303 E945.72249
G1 X117.431 Y126.022 E945.734
G1 X117.698 Y125.792 E945.74572
G1 X118.008 Y125.636 E945.75726
G1 X118.299 Y125.564 E945.76723
G1 X118.7 Y125.564 E945.78057
G1 X118.992 Y125.636 E945.79057
G1 X119.343 Y125.82 E945.80375
G1 X119.6 Y126.057 E945.81538
G1 X119.794 Y126.347 E945.82698
G1 X119.912 Y126.677 E945.83864
G1 X119.95 Y127 E945.84946
G1 X119.911 Y127.334 E945.86064
G1 X119.771 Y127.697 E945.87358
G1 X119.569 Y127.978 E945.88509
G1 X119.302 Y128.208 E945.89681
G1 X118.992 Y128.364 E945.90836
G1 X118.687 Y128.439 E945.9188
G1 X118.299 Y128.436 E945.93171
G1 F2700 E940.93171
G0 F9000 X118.133 Y129.114
G0 X117.311 Y128.724
G0 X116.932 Y128.389
G0 X116.644 Y127.973
G0 X116.465 Y127.501
G0 X116.43 Y127.217
G0 X118.133 Y94.114
G0 X118.299 Y93.436
G1 F2700 E945.93171
G1 F1500 X118.008 Y93.364 E945.94168
G1 X117.657 Y93.18 E945.95486
G1 X117.4 Y92.943 E945.96649
G1 X117.206 Y92.653 E945.97809
G1 X117.089 Y92.334 E945.98939
G1 X117.051 Y92 E946.00057
G1 X117.099 Y91.63 E946.01298
G1 X117.229 Y91.303 E946.02469
G1 X117.431 Y91.022 E946.0362
G1 X117.698 Y90.792 E946.04792
G1 X118.008 Y90.636 E946.05946
G1 X118.313 Y90.561 E946.06991
G1 X118.701 Y90.564 E946.08281
G1 X118.992 Y90.636 E946.09278
G1 X119.343 Y90.82 E946.10597
G1 X119.6 Y91.057 E946.11759
G1 X119.794 Y91.347 E946.1292
G1 X119.912 Y91.677 E946.14085
G1 X119.95 Y92 E946.15167
G1 X119.911 Y92.334 E946.16286
G1 X119.771 Y92.697 E946.1758
G1 X119.569 Y92.978 E946.18731
G1 X119.302 Y93.208 E946.19903
G1 X118.992 Y93.364 E946.21057
G1 X118.7 Y93.436 E946.22057
G1 X118.299 Y93.436 E946.23391
G0 F9000 X118.133 Y94.114
G0 X118.752 Y94.08
G0 X119.749 Y93.753
G0 X119.605 Y93.588
;TYPE:FILL
G1 F3000 X115.68 Y108.233 E946.73819
G0 F9000 X115.68 Y107.409
G1 F3000 X121.318 Y105.898 E946.93233
G1 X121.319 Y105.807
G1 X115.679 Y100.167 E947.19762
G0 F9000 X115.9 Y100.167
G0 X115.9 Y99.127
G0 X115.68 Y99.127
G1 F3000 X121.318 Y97.616 E947.39176
G0 F9000 X121.1 Y97.616
G0 X121.1 Y100.15
G0 X121.319 Y100.15
G1 F3000 X115.679 Y94.51 E947.65705
G0 F9000 X115.68 Y94.986
G1 F3000 X121.319 Y93.475 E947.85122
G0 F9000 X121.1 Y93.475
G0 X121.1 Y94.493
G0 X121.319 Y94.493
G1 F3000 X120.012 Y93.186 E947.9127
G0 F9000 X120.195 Y93.312
G0 X120.535 Y92.501
G0 X120.585 Y92.095
G0 X120.453 Y91.111
G0 X120.247 Y91.188
G1 F3000 X121.188 Y87.679 E948.03353
G0 F9000 X121.188 Y87.9
G0 X120.163 Y87.9
G0 X120.163 Y87.68
G1 F3000 X121.319 Y88.836 E948.0879
G0 F9000 X121.318 Y89.334
G1 F3000 X118.54 Y90.078 E948.18356
G0 F9000 X118.54 Y89.859
G0 X117.377 Y90.172
G0 X117.477 Y90.363
G1 F3000 X115.68 Y90.845 E948.24544
G0 F9000 X115.9 Y90.845
G0 X117.167 Y90.321
G0 X117.31 Y90.484
G1 F3000 X115.679 Y88.853 E948.32216
G0 F9000 X115.9 Y88.853
G0 X117.047 Y87.9
G0 X117.047 Y87.679
G1 F3000 X115.68 Y92.779 E948.49777
G0 F9000 X115.9 Y92.779
G0 X115.9 Y103.268
G0 X115.68 Y103.268
G1 F3000 X121.318 Y101.757 E948.69191
G0 F9000 X121.319 Y102.644
G1 F3000 X115.681 Y123.687 E949.41649
G0 F9000 X115.68 Y123.973
G1 F3000 X121.319 Y122.462 E949.61066
G0 F9000 X121.319 Y122.777
G1 F3000 X115.68 Y117.138 E949.8759
G0 F9000 X115.9 Y117.138
G0 X115.9 Y115.691
G0 X115.68 Y115.691
G1 F3000 X121.319 Y114.18 E950.07007
G0 F9000 X121.1 Y114.18
G0 X121.1 Y111.464
G0 X121.319 Y111.464
G1 F3000 X115.679 Y105.824 E950.33536
G0 F9000 X115.9 Y105.824
G0 X115.9 Y111.481
G0 X115.68 Y111.481
G1 F3000 X121.319 Y117.12 E950.6006
G0 F9000 X121.319 Y118.098
G1 F3000 X119.391 Y125.296 E950.84844
G0 F9000 X119.493 Y125.104
G0 X118.893 Y124.955
G0 X117.971 Y124.925
G0 X118.022 Y125.137
G1 F3000 X115.68 Y122.795 E950.9586
G0 F9000 X115.9 Y122.795
G0 X115.9 Y119.832
G0 X115.68 Y119.832
G1 F3000 X121.318 Y118.322 E951.15273
G0 F9000 X121.1 Y118.322
G0 X121.1 Y126.604
G0 X121.319 Y126.604
G1 F3000 X120.413 Y126.846 E951.18392
G0 F9000 X120.37 Y127.484
G1 F3000 X121.319 Y128.434 E951.22859
G0 F9000 X121.1 Y128.434
G0 X121.1 Y130.745
G0 X121.319 Y130.745
G1 F3000 X119.176 Y131.319 E951.30237
G0 F9000 X118.547 Y131.318
G1 F3000 X115.68 Y128.452 E951.43721
G0 F9000 X115.681 Y128.114
G1 F3000 X116.758 Y127.826 E951.47429
G0 F9000 X116.553 Y127.903
G0 X116.932 Y128.389
G0 X117.311 Y128.724
G0 X117.564 Y128.858
G0 X118.42 Y129.141
G0 X118.42 Y128.919
G1 F3000 X117.777 Y131.318 E951.55689
G0 F9000 X117.777 Y131.1
G0 X116.465 Y127.501
G0 X115.9 Y111.55
G0 X115.681 Y111.55
G1 F3000 X121.319 Y110.039 E951.75103
G0 F9000 X120.8 Y110.039
G1 F2700 E946.75103
G0 F9000 X121.58 Y112.13
G0 X122.665 Y112.13
G0 X135.585 Y112.13
G0 X136.67 Y112.13
G0 X137.12 Y112.13
G0 X136.851 Y112.399
;TYPE:WALL-INNER
G1 F2700 E951.75103
G1 F1500 X140.15 Y112.4 E951.86076
G1 X140.15 Y108.852 E951.97876
G1 X139.887 Y109.229 E951.99405
G1 X139.55 Y109.53 E952.00908
G1 X139.151 Y109.737 E952.02403
G1 X138.72 Y109.837 E952.03875
G1 X138.28 Y109.838 E952.05338
G1 X137.849 Y109.737 E952.06811
G1 X137.451 Y109.532 E952.083
G1 X137.114 Y109.231 E952.09802
G1 X136.85 Y108.852 E952.11339
G1 X136.851 Y112.399 E952.23136
G0 F9000 X137.12 Y112.13
G0 X136.807 Y108
G0 X137.09 Y106.467
G0 X136.85 Y107.148
G1 F1500 X137.114 Y106.768 E952.24675
G1 X137.452 Y106.468 E952.26178
G1 X137.849 Y106.263 E952.27664
G1 X138.28 Y106.162 E952.29137
G1 X138.72 Y106.163 E952.306
G1 X139.151 Y106.263 E952.32072
G1 X139.549 Y106.47 E952.33564
G1 X139.887 Y106.77 E952.35067
G1 X140.15 Y107.148 E952.36598
G1 X140.15 Y103.6 E952.48399
G1 X136.851 Y103.601 E952.59372
G1 X136.85 Y107.148 E952.71169
G1 F2700 E947.71169
G0 F9000 X137.09 Y106.467
G0 X136.807 Y108
G0 X136.857 Y108.404
G0 X137.842 Y110.043
G0 X138.008 Y109.364
;TYPE:WALL-OUTER
G1 F2700 E952.71169
G1 F1500 X137.657 Y109.18 E952.72487
G1 X137.4 Y108.943 E952.7365
G1 X137.229 Y108.697 E952.74646
G1 F1304.3 X137.028 Y108.33 E952.76247
G1 F1174.2 X137.001 Y107.97 E952.77781
G1 X137.028 Y107.67 E952.79061
G1 F1304.3 X137.229 Y107.303 E952.80661
G1 F1500 X137.431 Y107.022 E952.81812
G1 X137.698 Y106.792 E952.82984
G1 X138.008 Y106.636 E952.84139
G1 X138.325 Y106.56 E952.85223
G1 X138.675 Y106.56 E952.86387
G1 X138.992 Y106.636 E952.87471
G1 X139.302 Y106.792 E952.88625
G1 X139.569 Y107.022 E952.89797
G1 X139.771 Y107.303 E952.90948
G1 F1304.3 X139.972 Y107.67 E952.92549
G1 F1176.5 X140 Y108 E952.93953
G1 X139.971 Y108.344 E952.95417
G1 F1304.3 X139.771 Y108.697 E952.96969
G1 F1500 X139.569 Y108.978 E952.9812
G1 X139.302 Y109.208 E952.99292
G1 X138.992 Y109.364 E953.00447
G1 X138.675 Y109.44 E953.01531
G1 X138.325 Y109.44 E953.02695
G1 X138.008 Y109.364 E953.03779
G1 F2700 E948.03779
G0 F9000 X137.842 Y110.043
G0 X136.72 Y112.53
G0 X136.451 Y112.799
G1 F2700 E953.03779
G1 F1500 X140.55 Y112.8 E953.17412
G1 X140.55 Y108.791 E953.30746
G1 F1304.3 X140.49 Y108.389 E953.32301
G1 F1176.5 X140.5 Y108 E953.33951
G1 X140.49 Y107.639 E953.35483
G1 F1304.3 X140.55 Y107.209 E953.37143
G1 F1500 X140.55 Y103.2 E953.50477
G1 X136.451 Y103.201 E953.64111
G1 X136.45 Y107.209 E953.77441
G1 F1304.3 X136.51 Y107.639 E953.79102
G1 F1176.5 X136.5 Y108 E953.80633
G1 X136.51 Y108.361 E953.82165
G1 F1304.3 X136.45 Y108.791 E953.83826
G1 F1500 X136.451 Y112.799 E953.97156
G0 F9000 X136.72 Y112.53
G0 X139.145 Y112.1
G0 X139.145 Y112.318
;TYPE:FILL
G1 F3000 X136.93 Y110.104 E954.07573
G1 X136.93 Y109.997
G1 X137.75 Y109.778 E954.10396
G0 F9000 X137.648 Y109.97
G0 X138.248 Y110.08
G0 X139.85 Y109.942
G0 X140.069 Y109.942
G1 F3000 X139.432 Y112.319 E954.1858
G0 F9000 X139.432 Y112.1
G0 X140.193 Y108
G0 X140.143 Y107.596
G0 X139.999 Y107.214
G0 X139.811 Y106.942
G0 X138.566 Y105.859
G0 X138.566 Y106.083
G1 F3000 X136.93 Y104.447 E954.26276
G0 F9000 X137.15 Y104.447
G0 X137.606 Y103.9
G0 X137.606 Y103.679
G1 F3000 X136.93 Y106.202 E954.34963
G0 F9000 X136.931 Y105.856
G1 F3000 X140.068 Y105.015 E954.45765
G0 F9000 X139.55 Y105.015
G1 F2700 E949.45765
;MESH:NONMESH
G0 F300 X139.55 Y105.015 Z4.4
G0 F9000 X136.664 Y103.414
G0 X135.585 Y103.414
G0 X122.653 Y86.347
G0 X114.347 Y86.347
G0 X95.597 Y86.847
G0 X84.415 Y103.414
G0 X83.33 Y103.414
G0 X83.193 Y93
G0 X82.91 Y91.467
G0 X83.15 Y92.148
;TIME_ELAPSED:1727.252278
;LAYER:21
;TYPE:WALL-INNER
;MESH:Spacers.stl
G1 F2700 E954.45765
G1 F1500 X83.15 Y88.6 E954.57566
G1 X79.851 Y88.601 E954.68539
G1 X79.85 Y92.148 E954.80336
G1 X80.114 Y91.768 E954.81875
G1 X80.452 Y91.468 E954.83378
G1 X80.849 Y91.263 E954.84864
G1 X81.28 Y91.162 E954.86336
G1 X81.72 Y91.163 E954.878
G1 X82.151 Y91.263 E954.89271
G1 X82.549 Y91.47 E954.90764
G1 X82.887 Y91.77 E954.92267
G1 X83.15 Y92.148 E954.93798
G1 F2700 E949.93798
G0 F9000 X82.91 Y91.467
G0 X83.165 Y92.847
G0 X82.91 Y126.467
G0 X83.15 Y127.148
G1 F2700 E954.93798
G1 F1500 X83.15 Y93.852 E956.04541
G1 X82.887 Y94.229 E956.0607
G1 X82.55 Y94.53 E956.07573
G1 X82.155 Y94.736 E956.09055
G1 X81.727 Y94.841 E956.1052
G1 X81.272 Y94.841 E956.12034
G1 X80.846 Y94.736 E956.13493
G1 X80.451 Y94.531 E956.14973
G1 X80.114 Y94.232 E956.16472
G1 X79.85 Y93.852 E956.18011
G1 X79.85 Y127.148 E957.28754
G1 X80.114 Y126.768 E957.30293
G1 X80.451 Y126.468 E957.31793
G1 X80.846 Y126.264 E957.33272
G1 X81.272 Y126.159 E957.34731
G1 X81.727 Y126.159 E957.36244
G1 X82.155 Y126.264 E957.3771
G1 X82.55 Y126.47 E957.39192
G1 X82.887 Y126.771 E957.40695
G1 X83.15 Y127.148 E957.42224
G0 F9000 X82.91 Y126.467
G0 X83.165 Y127.847
G0 X82.88 Y132.13
G0 X83.15 Y132.4
G1 F1500 X83.15 Y128.852 E957.54024
G1 X82.887 Y129.229 E957.55553
G1 X82.55 Y129.53 E957.57056
G1 X82.151 Y129.737 E957.58551
G1 X81.72 Y129.837 E957.60023
G1 X81.28 Y129.838 E957.61486
G1 X80.849 Y129.737 E957.62959
G1 X80.451 Y129.532 E957.64448
G1 X80.114 Y129.231 E957.6595
G1 X79.85 Y128.852 E957.67487
G1 X79.851 Y132.399 E957.79284
G1 X83.15 Y132.4 E957.90257
G0 F9000 X83.55 Y132.8
;TYPE:WALL-OUTER
G1 F1500 X83.55 Y128.791 E958.03591
G1 F1304.3 X83.49 Y128.389 E958.05145
G1 F1176.5 X83.5 Y128 E958.06795
G1 X83.49 Y127.639 E958.08327
G1 F1304.3 X83.55 Y127.209 E958.09987
G1 F1500 X83.55 Y93.791 E959.21136
G1 F1304.3 X83.49 Y93.389 E959.22691
G1 F1176.5 X83.5 Y93 E959.24341
G1 X83.49 Y92.639 E959.25872
G1 F1304.3 X83.55 Y92.209 E959.27533
G1 F1500 X83.55 Y88.2 E959.40867
G1 X79.451 Y88.201 E959.545
G1 X79.45 Y92.209 E959.67831
G1 F1304.3 X79.51 Y92.639 E959.69492
G1 F1176.5 X79.5 Y93 E959.71023
G1 X79.51 Y93.361 E959.72555
G1 F1304.3 X79.45 Y93.791 E959.74215
G1 F1500 X79.45 Y127.209 E960.85364
G1 F1304.3 X79.51 Y127.639 E960.87025
G1 F1176.5 X79.5 Y128 E960.88556
G1 X79.51 Y128.361 E960.90088
G1 F1304.3 X79.45 Y128.791 E960.91748
G1 F1500 X79.451 Y132.799 E961.05079
G1 X83.55 Y132.8 E961.18712
G1 F2700 E956.18712
G0 F9000 X83.28 Y132.53
G0 X82.157 Y130.044
G0 X81.992 Y129.364
G1 F2700 E961.18712
G1 F1500 X81.675 Y129.44 E961.19796
G1 X81.325 Y129.44 E961.20961
G1 X81.008 Y129.364 E961.22045
G1 X80.657 Y129.18 E961.23363
G1 X80.4 Y128.943 E961.24526
G1 X80.229 Y128.697 E961.25522
G1 F1304.3 X80.028 Y128.33 E961.27123
G1 F1174.2 X80.001 Y127.97 E961.28657
G1 X80.028 Y127.67 E961.29936
G1 F1304.3 X80.229 Y127.303 E961.31537
G1 F1500 X80.431 Y127.022 E961.32688
G1 X80.698 Y126.792 E961.3386
G1 X81.008 Y126.636 E961.35014
G1 X81.299 Y126.564 E961.36011
G1 X81.7 Y126.564 E961.37345
G1 X81.992 Y126.636 E961.38345
G1 X82.302 Y126.792 E961.395
G1 X82.569 Y127.022 E961.40672
G1 X82.771 Y127.303 E961.41823
G1 F1304.3 X82.972 Y127.67 E961.43423
G1 F1176.5 X83 Y128 E961.44828
G1 X82.971 Y128.344 E961.46292
G1 F1304.3 X82.771 Y128.697 E961.47844
G1 F1500 X82.569 Y128.978 E961.48995
G1 X82.302 Y129.208 E961.50167
G1 X81.992 Y129.364 E961.51321
G1 F2700 E956.51321
G0 F9000 X82.157 Y130.044
G0 X82.999 Y128.786
G0 X83.143 Y128.404
G0 X81.865 Y95.115
G0 X81.7 Y94.436
G1 F2700 E961.51321
G1 F1500 X81.299 Y94.436 E961.52655
G1 X81.008 Y94.364 E961.53652
G1 X80.657 Y94.18 E961.5497
G1 X80.4 Y93.943 E961.56133
G1 X80.229 Y93.697 E961.57129
G1 F1304.3 X80.028 Y93.33 E961.5873
G1 F1174.2 X80.001 Y92.97 E961.60263
G1 X80.028 Y92.67 E961.61543
G1 F1304.3 X80.229 Y92.303 E961.63144
G1 F1500 X80.431 Y92.022 E961.64295
G1 X80.698 Y91.792 E961.65467
G1 X81.008 Y91.636 E961.66621
G1 X81.325 Y91.56 E961.67705
G1 X81.675 Y91.56 E961.6887
G1 X81.992 Y91.636 E961.69954
G1 X82.302 Y91.792 E961.71108
G1 X82.569 Y92.022 E961.7228
G1 X82.771 Y92.303 E961.73431
G1 F1304.3 X82.972 Y92.67 E961.75032
G1 F1176.5 X83 Y93 E961.76436
G1 X82.971 Y93.344 E961.779
G1 F1304.3 X82.771 Y93.697 E961.79452
G1 F1500 X82.569 Y93.978 E961.80603
G1 X82.302 Y94.208 E961.81775
G1 X81.992 Y94.364 E961.82929
G1 X81.7 Y94.436 E961.8393
G0 F9000 X81.838 Y94.893
;TYPE:FILL
G1 F3000 X79.93 Y102.013 E962.08446
G0 F9000 X80.15 Y102.013
G0 X80.15 Y100.571
G0 X79.93 Y100.571
G1 F3000 X83.068 Y99.73 E962.19252
G0 F9000 X82.85 Y99.73
G0 X82.85 Y101.297
G0 X83.07 Y101.297
G1 F3000 X79.93 Y98.158 E962.34019
G0 F9000 X80.15 Y98.158
G0 X80.15 Y96.43
G0 X79.93 Y96.43
G1 F3000 X83.068 Y95.589 E962.44824
G1 X83.07 Y95.641
G1 X82.221 Y94.792 E962.48818
G0 F9000 X82.322 Y94.986
G0 X82.999 Y93.786
G0 X83.143 Y93.404
G0 X83.188 Y93.04
G0 X82.888 Y91.37
G0 X82.742 Y91.535
G1 F3000 X83.069 Y91.448 E962.49943
G0 F9000 X82.739 Y91.531
G1 F3000 X83.069 Y90.299 E962.54185
G0 F9000 X83.07 Y89.984
G1 F3000 X81.765 Y88.679 E962.60324
G0 F9000 X81.765 Y88.9
G0 X80.001 Y92.214
G0 X79.857 Y92.596
G0 X80.15 Y103.815
G0 X79.93 Y103.815
G1 F3000 X83.07 Y106.954 E962.75091
G0 F9000 X82.85 Y106.954
G0 X82.85 Y108.012
G0 X83.069 Y108.012
G1 F3000 X79.93 Y108.853 E962.85899
G0 F9000 X79.93 Y109.472
G1 F3000 X83.07 Y112.611 E963.00667
G0 F9000 X83.069 Y112.153
G1 F3000 X79.93 Y112.994 E963.11475
G0 F9000 X80.15 Y112.994
G0 X80.15 Y115.129
G0 X79.93 Y115.129
G1 F3000 X83.07 Y118.268 E963.26242
G0 F9000 X82.85 Y118.268
G0 X82.85 Y116.294
G0 X83.068 Y116.294
G1 F3000 X79.93 Y117.135 E963.37048
G0 F9000 X79.93 Y117.469
G1 F3000 X83.069 Y105.753 E963.7739
G0 F9000 X82.85 Y105.753
G0 X82.85 Y103.871
G0 X83.068 Y103.871
G1 F3000 X79.93 Y104.712 E963.88195
G0 F9000 X80.15 Y104.712
G0 X82.85 Y120.436
G0 X83.068 Y120.436
G1 F3000 X79.93 Y121.276 E963.99
G0 F9000 X79.93 Y120.785
G1 F3000 X83.07 Y123.925 E964.13769
G0 F9000 X83.069 Y124.576
G1 F3000 X79.93 Y125.418 E964.24579
G0 F9000 X80.15 Y125.418
G0 X80.15 Y126.442
G0 X79.93 Y126.442
G1 F3000 X80.132 Y126.644 E964.25529
G0 F9000 X80.1 Y126.48
G0 X80.311 Y126.276
G0 X80.757 Y126.04
G0 X81.814 Y125.873
G0 X81.762 Y126.085
G1 F3000 X83.069 Y121.208 E964.42322
G0 F9000 X82.85 Y121.208
G0 X83.193 Y128
G0 X82.9 Y129.532
G0 X82.853 Y129.365
G1 F3000 X83.069 Y129.581 E964.43338
G0 F9000 X82.85 Y129.581
G0 X82.243 Y129.96
G0 X81.752 Y130.08
G0 X80.668 Y129.981
G0 X80.77 Y129.788
G1 F3000 X80.092 Y132.319 E964.52053
G1 X80.149 Y132.318
G1 X79.93 Y132.099 E964.53083
G0 F9000 X80.15 Y132.099
G0 X80.15 Y129.558
G0 X79.93 Y129.558
G1 F3000 X80.262 Y129.47 E964.54226
G0 F9000 X80.45 Y129.859
G1 F2700 E959.54226
G0 F9000 X80.447 Y129.864
G0 X83.33 Y131.63
G0 X84.415 Y131.63
G0 X95.585 Y131.63
G0 X96.67 Y131.63
G0 X99.88 Y131.63
G0 X100.15 Y131.9
;TYPE:WALL-INNER
G1 F2700 E964.54226
G1 F1500 X100.15 Y128.352 E964.66026
G1 X99.887 Y128.729 E964.67555
G1 X99.55 Y129.03 E964.69058
G1 X99.151 Y129.237 E964.70553
G1 X98.72 Y129.337 E964.72025
G1 X98.28 Y129.338 E964.73488
G1 X97.849 Y129.237 E964.7496
G1 X97.451 Y129.032 E964.76449
G1 X97.114 Y128.731 E964.77952
G1 X96.85 Y128.352 E964.79489
G1 X96.851 Y131.899 E964.91286
G1 X100.15 Y131.9 E965.02258
G0 F9000 X99.88 Y131.63
G0 X100.193 Y127.5
G0 X99.91 Y125.967
G0 X100.15 Y126.648
G1 F1500 X100.15 Y93.352 E966.13001
G1 X99.887 Y93.729 E966.1453
G1 X99.55 Y94.03 E966.16033
G1 X99.155 Y94.236 E966.17515
G1 X98.727 Y94.341 E966.18981
G1 X98.272 Y94.341 E966.20494
G1 X97.846 Y94.236 E966.21953
G1 X97.451 Y94.031 E966.23433
G1 X97.114 Y93.732 E966.24932
G1 X96.85 Y93.352 E966.26471
G1 X96.85 Y126.648 E967.37214
G1 X97.114 Y126.268 E967.38753
G1 X97.451 Y125.968 E967.40253
G1 X97.846 Y125.764 E967.41732
G1 X98.272 Y125.659 E967.43191
G1 X98.727 Y125.659 E967.44705
G1 X99.155 Y125.764 E967.4617
G1 X99.55 Y125.97 E967.47652
G1 X99.887 Y126.271 E967.49155
G1 X100.15 Y126.648 E967.50684
G1 F2700 E962.50684
G0 F9000 X99.91 Y125.967
G0 X100.193 Y92.5
G0 X99.91 Y90.967
G0 X100.15 Y91.648
G1 F2700 E967.50684
G1 F1500 X100.15 Y88.1 E967.62485
G1 X96.851 Y88.101 E967.73457
G1 X96.85 Y91.648 E967.85254
G1 X97.114 Y91.268 E967.86793
G1 X97.452 Y90.968 E967.88297
G1 X97.849 Y90.763 E967.89783
G1 X98.28 Y90.662 E967.91255
G1 X98.72 Y90.663 E967.92718
G1 X99.151 Y90.763 E967.9419
G1 X99.549 Y90.97 E967.95682
G1 X99.887 Y91.27 E967.97185
G1 X100.15 Y91.648 E967.98717
G1 F2700 E962.98717
G0 F9000 X99.91 Y90.967
G0 X100.193 Y92.5
G0 X100.143 Y92.904
G0 X99.999 Y93.286
G0 X98.865 Y94.615
G0 X98.7 Y93.936
;TYPE:WALL-OUTER
G1 F2700 E967.98717
G1 F1500 X98.299 Y93.936 E968.00051
G1 X98.008 Y93.864 E968.01048
G1 X97.657 Y93.68 E968.02366
G1 X97.4 Y93.443 E968.03528
G1 X97.229 Y93.197 E968.04525
G1 F1304.3 X97.028 Y92.83 E968.06125
G1 F1174.2 X97.001 Y92.47 E968.07659
G1 X97.028 Y92.17 E968.08939
G1 F1304.3 X97.229 Y91.803 E968.1054
G1 F1500 X97.431 Y91.522 E968.11691
G1 X97.698 Y91.292 E968.12863
G1 X98.008 Y91.136 E968.14017
G1 X98.325 Y91.06 E968.15101
G1 X98.675 Y91.06 E968.16265
G1 X98.992 Y91.136 E968.1735
G1 X99.302 Y91.292 E968.18504
G1 X99.569 Y91.522 E968.19676
G1 X99.771 Y91.803 E968.20827
G1 F1304.3 X99.972 Y92.17 E968.22428
G1 F1176.5 X100 Y92.5 E968.23832
G1 X99.971 Y92.844 E968.25296
G1 F1304.3 X99.771 Y93.197 E968.26848
G1 F1500 X99.569 Y93.478 E968.27999
G1 X99.302 Y93.708 E968.29171
G1 X98.992 Y93.864 E968.30325
G1 X98.7 Y93.936 E968.31325
G1 F2700 E963.31325
G0 F9000 X98.865 Y94.615
G0 X100.193 Y127.5
G0 X100.143 Y127.904
G0 X99.999 Y128.286
G0 X98.675 Y129.641
G0 X98.675 Y128.94
G1 F2700 E968.31325
G1 F1500 X98.325 Y128.94 E968.3249
G1 X98.008 Y128.864 E968.33574
G1 X97.657 Y128.68 E968.34892
G1 X97.4 Y128.443 E968.36055
G1 X97.229 Y128.197 E968.37051
G1 F1304.3 X97.028 Y127.83 E968.38652
G1 F1174.2 X97.001 Y127.47 E968.40186
G1 X97.028 Y127.17 E968.41465
G1 F1304.3 X97.229 Y126.803 E968.43066
G1 F1500 X97.431 Y126.522 E968.44217
G1 X97.698 Y126.292 E968.45389
G1 X98.008 Y126.136 E968.46543
G1 X98.299 Y126.064 E968.4754
G1 X98.7 Y126.064 E968.48874
G1 X98.992 Y126.136 E968.49874
G1 X99.302 Y126.292 E968.51029
G1 X99.569 Y126.522 E968.52201
G1 X99.771 Y126.803 E968.53352
G1 F1304.3 X99.972 Y127.17 E968.54952
G1 F1176.5 X100 Y127.5 E968.56357
G1 X99.971 Y127.844 E968.57821
G1 F1304.3 X99.771 Y128.197 E968.59372
G1 F1500 X99.569 Y128.478 E968.60524
G1 X99.302 Y128.708 E968.61696
G1 X98.992 Y128.864 E968.6285
G1 X98.675 Y128.94 E968.63934
G1 F2700 E963.63934
G0 F9000 X98.675 Y129.641
G0 X100.28 Y132.03
G0 X100.55 Y132.3
G1 F2700 E968.63934
G1 F1500 X100.55 Y128.291 E968.77268
G1 F1304.3 X100.49 Y127.889 E968.78823
G1 F1176.5 X100.5 Y127.5 E968.80473
G1 X100.49 Y127.139 E968.82004
G1 F1304.3 X100.55 Y126.709 E968.83665
G1 F1500 X100.55 Y93.291 E969.94814
G1 F1304.3 X100.49 Y92.889 E969.96368
G1 F1176.5 X100.5 Y92.5 E969.98019
G1 X100.49 Y92.139 E969.9955
G1 F1304.3 X100.55 Y91.709 E970.01211
G1 F1500 X100.55 Y87.7 E970.14545
G1 X96.451 Y87.701 E970.28178
G1 X96.45 Y91.709 E970.41509
G1 F1304.3 X96.51 Y92.139 E970.43169
G1 F1176.5 X96.5 Y92.5 E970.44701
G1 X96.51 Y92.861 E970.46232
G1 F1304.3 X96.45 Y93.291 E970.47893
G1 F1500 X96.45 Y126.709 E971.59042
G1 F1304.3 X96.51 Y127.139 E971.60702
G1 F1176.5 X96.5 Y127.5 E971.62234
G1 X96.51 Y127.861 E971.63765
G1 F1304.3 X96.45 Y128.291 E971.65426
G1 F1500 X96.451 Y132.299 E971.78756
G1 X100.55 Y132.3 E971.9239
G0 F9000 X100.28 Y132.03
G0 X99.85 Y129.611
G0 X100.07 Y129.611
;TYPE:FILL
G1 F3000 X99.568 Y129.109 E971.94751
G0 F9000 X99.669 Y129.303
G0 X98.752 Y129.58
G0 X98.343 Y129.58
G0 X97.404 Y129.342
G0 X97.505 Y129.151
G1 F3000 X96.93 Y131.296 E972.02137
G0 F9000 X97.15 Y131.296
G0 X97.15 Y129.144
G0 X96.931 Y129.144
G1 F3000 X97.335 Y129.036 E972.03528
G0 F9000 X97.19 Y129.199
G0 X96.857 Y127.904
G0 X96.807 Y127.5
G0 X96.857 Y127.096
G0 X97.001 Y126.714
G0 X97.189 Y126.442
G0 X98.462 Y125.359
G0 X98.462 Y125.579
G1 F3000 X100.069 Y119.583 E972.24175
G0 F9000 X100.068 Y120.021
G1 F3000 X96.931 Y120.862 E972.34977
G1 X96.93 Y120.814
G1 X100.069 Y123.954 E972.49744
G0 F9000 X100.068 Y124.163
G1 F3000 X96.931 Y125.003 E972.60545
G0 F9000 X97.15 Y125.003
G0 X99.85 Y118.297
G0 X100.069 Y118.297
G1 F3000 X96.93 Y115.157 E972.75313
G0 F9000 X96.931 Y115.84
G1 F3000 X100.069 Y104.128 E973.15641
G0 F9000 X100.068 Y103.457
G1 F3000 X96.931 Y104.298 E973.26443
G0 F9000 X96.93 Y103.844
G1 F3000 X100.069 Y106.983 E973.41208
G0 F9000 X100.068 Y107.598
G1 F3000 X96.931 Y108.439 E973.5201
G0 F9000 X97.15 Y108.439
G0 X97.15 Y109.501
G0 X96.93 Y109.501
G1 F3000 X100.069 Y112.64 E973.66775
G0 F9000 X100.069 Y111.739
G1 F3000 X96.931 Y112.58 E973.7758
G0 F9000 X97.15 Y112.58
G0 X97.15 Y116.721
G0 X96.931 Y116.721
G1 F3000 X100.068 Y115.88 E973.88383
G0 F9000 X99.85 Y115.88
G0 X99.85 Y101.326
G0 X100.069 Y101.326
G1 F3000 X96.93 Y98.187 E974.03147
G0 F9000 X97.15 Y98.187
G0 X97.15 Y100.157
G0 X96.931 Y100.157
G1 F3000 X100.068 Y99.316 E974.1395
G0 F9000 X99.85 Y99.316
G0 X97.15 Y100.386
G0 X96.93 Y100.386
G1 F3000 X98.529 Y94.419 E974.34496
G0 F9000 X98.803 Y94.403
G1 F3000 X100.069 Y95.67 E974.40453
G0 F9000 X100.068 Y95.175
G1 F3000 X96.931 Y96.015 E974.51255
G0 F9000 X97.15 Y96.015
G0 X99.767 Y93.622
G0 X99.999 Y93.286
G0 X100.143 Y92.904
G0 X100.188 Y92.54
G0 X99.9 Y90.936
G0 X99.816 Y91.101
G1 F3000 X100.069 Y91.034 E974.52125
G0 F9000 X99.487 Y90.846
G1 F3000 X100.069 Y88.674 E974.59604
G0 F9000 X99.85 Y88.674
G0 X99.85 Y90.012
G0 X100.069 Y90.012
G1 F3000 X98.236 Y88.18 E974.68224
G0 F9000 X98.236 Y88.7
G1 F2700 E969.68224
G0 F9000 X99.999 Y91.714
G0 X100.116 Y92.024
G0 X100.33 Y94.131
G0 X101.415 Y94.131
G0 X114.335 Y94.131
G0 X115.42 Y94.131
G0 X118.201 Y94.131
G0 X118.272 Y93.841
;TYPE:WALL-INNER
G1 F2700 E974.68224
G1 F1500 X117.843 Y93.735 E974.69693
G1 X117.448 Y93.529 E974.71175
G1 X117.109 Y93.226 E974.72687
G1 X116.857 Y92.861 E974.74163
G1 X116.7 Y92.445 E974.75641
G1 X116.651 Y92 E974.7713
G1 X116.699 Y91.558 E974.78609
G1 X116.857 Y91.139 E974.80099
G1 X117.109 Y90.774 E974.81574
G1 X117.449 Y90.47 E974.83091
G1 X117.847 Y90.264 E974.84581
G1 X118.244 Y90.167 E974.85941
G1 X118.723 Y90.158 E974.87534
G1 X119.155 Y90.265 E974.89014
G1 X119.554 Y90.473 E974.90511
G1 X119.891 Y90.774 E974.92014
G1 X120.142 Y91.137 E974.93482
G1 X120.302 Y91.561 E974.94989
G1 X120.35 Y92 E974.96458
G1 X120.302 Y92.437 E974.9792
G1 X120.142 Y92.862 E974.9943
G1 X119.891 Y93.226 E975.00901
G1 X119.555 Y93.526 E975.02399
G1 X119.158 Y93.735 E975.03891
G1 X118.727 Y93.841 E975.05368
G1 X118.272 Y93.841 E975.06881
G1 F2700 E970.06881
G0 F9000 X118.201 Y94.131
G0 X116.404 Y127
G0 X116.465 Y127.501
G0 X116.644 Y127.973
G0 X116.932 Y128.389
G0 X117.273 Y128.691
G0 X118.207 Y129.132
G0 X118.278 Y128.842
G1 F2700 E975.06881
G1 F1500 X117.846 Y128.736 E975.0836
G1 X117.449 Y128.53 E975.09848
G1 X117.109 Y128.226 E975.11365
G1 X116.857 Y127.861 E975.1284
G1 X116.7 Y127.445 E975.14319
G1 X116.651 Y127 E975.15808
G1 X116.699 Y126.558 E975.17287
G1 X116.857 Y126.139 E975.18776
G1 X117.109 Y125.774 E975.20251
G1 X117.448 Y125.471 E975.21764
G1 X117.843 Y125.265 E975.23245
G1 X118.272 Y125.159 E975.24715
G1 X118.727 Y125.159 E975.26228
G1 X119.157 Y125.265 E975.27701
G1 X119.555 Y125.474 E975.29197
G1 X119.891 Y125.774 E975.30695
G1 X120.142 Y126.137 E975.32163
G1 X120.302 Y126.561 E975.3367
G1 X120.35 Y127 E975.35139
G1 X120.302 Y127.437 E975.36601
G1 X120.142 Y127.862 E975.38111
G1 X119.891 Y128.226 E975.39582
G1 X119.554 Y128.527 E975.41085
G1 X119.154 Y128.736 E975.42586
G1 X118.756 Y128.833 E975.43948
G1 X118.278 Y128.842 E975.45539
G0 F9000 X118.207 Y129.132
G0 X115.87 Y131.13
G0 X115.601 Y131.399
G1 F1500 X121.4 Y131.4 E975.64826
G1 X121.4 Y87.6 E977.10505
G1 X115.601 Y87.601 E977.29793
G1 X115.601 Y131.399 E978.75466
G0 F9000 X115.201 Y131.799
;TYPE:WALL-OUTER
G1 F1500 X121.8 Y131.8 E978.97414
G1 X121.8 Y87.2 E980.45754
G1 X115.201 Y87.201 E980.67703
G1 X115.201 Y131.799 E982.16036
G1 F2700 E977.16036
G0 F9000 X115.47 Y131.53
G0 X118.133 Y129.114
G0 X118.299 Y128.436
G1 F2700 E982.16036
G1 F1500 X118.008 Y128.364 E982.17033
G1 X117.657 Y128.18 E982.18351
G1 X117.4 Y127.943 E982.19514
G1 X117.206 Y127.653 E982.20675
G1 X117.089 Y127.334 E982.21805
G1 X117.051 Y127 E982.22923
G1 X117.099 Y126.63 E982.24164
G1 X117.229 Y126.303 E982.25334
G1 X117.431 Y126.022 E982.26485
G1 X117.698 Y125.792 E982.27657
G1 X118.008 Y125.636 E982.28812
G1 X118.299 Y125.564 E982.29809
G1 X118.7 Y125.564 E982.31142
G1 X118.992 Y125.636 E982.32143
G1 X119.343 Y125.82 E982.33461
G1 X119.6 Y126.057 E982.34623
G1 X119.794 Y126.347 E982.35784
G1 X119.912 Y126.677 E982.3695
G1 X119.95 Y127 E982.38031
G1 X119.911 Y127.334 E982.3915
G1 X119.771 Y127.697 E982.40444
G1 X119.569 Y127.978 E982.41595
G1 X119.302 Y128.208 E982.42767
G1 X118.992 Y128.364 E982.43921
G1 X118.687 Y128.439 E982.44966
G1 X118.299 Y128.436 E982.46256
G1 F2700 E977.46256
G0 F9000 X118.133 Y129.114
G0 X117.311 Y128.724
G0 X116.932 Y128.389
G0 X116.644 Y127.973
G0 X116.465 Y127.501
G0 X116.43 Y127.217
G0 X118.133 Y94.114
G0 X118.299 Y93.436
G1 F2700 E982.46256
G1 F1500 X118.008 Y93.364 E982.47253
G1 X117.657 Y93.18 E982.48572
G1 X117.4 Y92.943 E982.49734
G1 X117.206 Y92.653 E982.50895
G1 X117.089 Y92.334 E982.52025
G1 X117.051 Y92 E982.53143
G1 X117.099 Y91.63 E982.54384
G1 X117.229 Y91.303 E982.55554
G1 X117.431 Y91.022 E982.56705
G1 X117.698 Y90.792 E982.57877
G1 X118.008 Y90.636 E982.59032
G1 X118.313 Y90.561 E982.60076
G1 X118.701 Y90.564 E982.61367
G1 X118.992 Y90.636 E982.62364
G1 X119.343 Y90.82 E982.63682
G1 X119.6 Y91.057 E982.64845
G1 X119.794 Y91.347 E982.66005
G1 X119.912 Y91.677 E982.67171
G1 X119.95 Y92 E982.68253
G1 X119.911 Y92.334 E982.69371
G1 X119.771 Y92.697 E982.70665
G1 X119.569 Y92.978 E982.71816
G1 X119.302 Y93.208 E982.72988
G1 X118.992 Y93.364 E982.74142
G1 X118.7 Y93.436 E982.75143
G1 X118.299 Y93.436 E982.76476
G0 F9000 X118.133 Y94.114
G0 X118.634 Y94.086
G0 X119.534 Y93.874
G0 X119.433 Y93.68
;TYPE:FILL
G1 F3000 X115.68 Y107.684 E983.24698
G1 X115.68 Y107.556
G1 X121.318 Y106.045 E983.44111
G0 F9000 X121.319 Y105.606
G1 F3000 X115.679 Y99.966 E983.7064
G0 F9000 X115.68 Y99.274
G1 F3000 X121.318 Y97.763 E983.90054
G0 F9000 X121.1 Y97.763
G0 X121.1 Y99.949
G0 X121.319 Y99.949
G1 F3000 X115.679 Y94.309 E984.16583
G0 F9000 X115.681 Y95.133
G1 F3000 X121.319 Y93.622 E984.35997
G0 F9000 X121.319 Y94.292
G1 F3000 X120.095 Y93.067 E984.41756
G0 F9000 X120.277 Y93.193
G0 X120.535 Y92.501
G0 X120.596 Y92
G0 X120.561 Y91.716
G0 X120.33 Y90.883
G0 X120.149 Y91.007
G1 F3000 X121.041 Y87.679 E984.53216
G0 F9000 X120.364 Y87.68
G1 F3000 X121.319 Y88.635 E984.57708
G0 F9000 X121.318 Y89.481
G1 F3000 X118.919 Y90.124 E984.65969
G0 F9000 X118.971 Y89.911
G0 X118.32 Y89.919
G0 X117.321 Y90.202
G0 X117.42 Y90.392
G1 F3000 X115.679 Y88.652 E984.74156
G0 F9000 X115.9 Y88.652
G0 X116.9 Y87.9
G0 X116.9 Y87.679
G1 F3000 X115.68 Y92.231 E984.8983
G0 F9000 X115.9 Y92.231
G0 X115.9 Y90.992
G0 X115.68 Y90.992
G1 F3000 X117.198 Y90.585 E984.95057
G0 F9000 X117.054 Y90.421
G0 X116.644 Y91.027
G0 X116.465 Y91.499
G0 X116.404 Y92
G0 X116.465 Y92.501
G0 X121.1 Y101.904
G0 X121.318 Y101.904
G1 F3000 X115.68 Y103.415 E985.14471
G0 F9000 X115.9 Y103.415
G0 X115.9 Y105.623
G0 X115.679 Y105.623
G1 F3000 X121.319 Y111.263 E985.41
G0 F9000 X121.1 Y111.263
G0 X121.1 Y110.186
G0 X121.319 Y110.186
G1 F3000 X115.681 Y111.697 E985.60414
G0 F9000 X115.68 Y111.28
G1 F3000 X121.319 Y116.92 E985.8694
G0 F9000 X121.319 Y117.55
G1 F3000 X119.262 Y125.228 E986.13378
G0 F9000 X119.364 Y125.036
G0 X118.132 Y124.885
G0 X118.183 Y125.097
G1 F3000 X115.68 Y122.594 E986.25151
G0 F9000 X115.681 Y123.138
G1 F3000 X121.319 Y102.095 E986.97609
G0 F9000 X121.1 Y102.095
G0 X121.1 Y114.327
G0 X121.319 Y114.327
G1 F3000 X115.68 Y115.838 E987.17026
G0 F9000 X115.9 Y115.838
G0 X115.9 Y116.937
G0 X115.68 Y116.937
G1 F3000 X121.319 Y122.576 E987.4355
G1 X121.319 Y122.609
G1 X115.68 Y124.12 E987.62967
G0 F9000 X115.9 Y124.12
G0 X116.408 Y127.163
G0 X116.644 Y128.079
G0 X116.825 Y127.955
G1 F3000 X115.68 Y128.262 E987.6691
G1 X115.68 Y128.251
G1 X118.747 Y131.318 E987.81336
G0 F9000 X119.725 Y131.319
G1 F3000 X121.319 Y130.892 E987.86825
G0 F9000 X121.1 Y130.892
G0 X121.1 Y128.233
G0 X121.319 Y128.233
G1 F3000 X120.396 Y127.31 E987.91166
G0 F9000 X120.428 Y126.989
G1 F3000 X121.319 Y126.751 E987.94234
G0 F9000 X121.1 Y126.751
G0 X120.068 Y128.389
G0 X119.689 Y128.724
G0 X119.288 Y128.936
G0 X118.273 Y129.141
G0 X118.273 Y128.919
G1 F3000 X117.63 Y131.318 E988.02495
G0 F9000 X117.63 Y131.1
G0 X116.465 Y127.501
G0 X115.9 Y119.979
G0 X115.68 Y119.979
G1 F3000 X121.318 Y118.469 E988.21907
G0 F9000 X120.8 Y118.469
G1 F2700 E983.21907
G0 F9000 X121.58 Y112.13
G0 X122.665 Y112.13
G0 X135.585 Y112.13
G0 X136.67 Y112.13
G0 X137.12 Y112.13
G0 X136.851 Y112.399
;TYPE:WALL-INNER
G1 F2700 E988.21907
G1 F1500 X140.15 Y112.4 E988.3288
G1 X140.15 Y108.852 E988.44681
G1 X139.887 Y109.229 E988.4621
G1 X139.55 Y109.53 E988.47712
G1 X139.151 Y109.737 E988.49207
G1 X138.72 Y109.837 E988.50679
G1 X138.28 Y109.838 E988.52143
G1 X137.849 Y109.737 E988.53615
G1 X137.451 Y109.532 E988.55104
G1 X137.114 Y109.231 E988.56607
G1 X136.85 Y108.852 E988.58143
G1 X136.851 Y112.399 E988.6994
G0 F9000 X137.12 Y112.13
G0 X136.807 Y108
G0 X137.09 Y106.467
G0 X136.85 Y107.148
G1 F1500 X137.114 Y106.768 E988.71479
G1 X137.452 Y106.468 E988.72982
G1 X137.849 Y106.263 E988.74469
G1 X138.28 Y106.162 E988.75941
G1 X138.72 Y106.163 E988.77404
G1 X139.151 Y106.263 E988.78876
G1 X139.549 Y106.47 E988.80368
G1 X139.887 Y106.77 E988.81871
G1 X140.15 Y107.148 E988.83403
G1 X140.15 Y103.6 E988.95203
G1 X136.851 Y103.601 E989.06176
G1 X136.85 Y107.148 E989.17973
G1 F2700 E984.17973
G0 F9000 X137.09 Y106.467
G0 X136.807 Y108
G0 X136.857 Y108.404
G0 X137.001 Y108.786
G0 X138.133 Y110.114
G0 X138.299 Y109.436
;TYPE:WALL-OUTER
G1 F2700 E989.17973
G1 F1500 X138.008 Y109.364 E989.1897
G1 X137.657 Y109.18 E989.20289
G1 X137.4 Y108.943 E989.21451
G1 X137.229 Y108.697 E989.22448
G1 F1304.3 X137.028 Y108.33 E989.24048
G1 F1174.2 X137.001 Y107.97 E989.25582
G1 X137.028 Y107.67 E989.26862
G1 F1304.3 X137.229 Y107.303 E989.28462
G1 F1500 X137.431 Y107.022 E989.29614
G1 X137.698 Y106.792 E989.30786
G1 X138.008 Y106.636 E989.3194
G1 X138.325 Y106.56 E989.33024
G1 X138.675 Y106.56 E989.34188
G1 X138.992 Y106.636 E989.35272
G1 X139.302 Y106.792 E989.36427
G1 X139.569 Y107.022 E989.37599
G1 X139.771 Y107.303 E989.3875
G1 F1304.3 X139.972 Y107.67 E989.4035
G1 F1176.5 X140 Y108 E989.41755
G1 X139.971 Y108.344 E989.43219
G1 F1304.3 X139.771 Y108.697 E989.44771
G1 F1500 X139.569 Y108.978 E989.45922
G1 X139.302 Y109.208 E989.47094
G1 X138.992 Y109.364 E989.48248
G1 X138.675 Y109.44 E989.49332
G1 X138.299 Y109.436 E989.50583
G1 F2700 E984.50583
G0 F9000 X138.133 Y110.114
G0 X136.72 Y112.53
G0 X136.451 Y112.799
G1 F2700 E989.50583
G1 F1500 X140.55 Y112.8 E989.64216
G1 X140.55 Y108.791 E989.7755
G1 F1304.3 X140.49 Y108.389 E989.79105
G1 F1176.5 X140.5 Y108 E989.80755
G1 X140.49 Y107.639 E989.82286
G1 F1304.3 X140.55 Y107.209 E989.83947
G1 F1500 X140.55 Y103.2 E989.97281
G1 X136.451 Y103.201 E990.10914
G1 X136.45 Y107.209 E990.24245
G1 F1304.3 X136.51 Y107.639 E990.25906
G1 F1176.5 X136.5 Y108 E990.27437
G1 X136.51 Y108.361 E990.28969
G1 F1304.3 X136.45 Y108.791 E990.30629
G1 F1500 X136.451 Y112.799 E990.4396
G0 F9000 X136.72 Y112.53
G0 X137.15 Y110.144
G0 X136.93 Y110.144
;TYPE:FILL
G1 F3000 X138.008 Y109.856 E990.47671
G0 F9000 X137.956 Y110.071
G0 X137.15 Y109.903
G0 X136.93 Y109.903
G1 F3000 X139.345 Y112.318 E990.59031
G1 X139.285 Y112.319
G1 X140.069 Y109.393 E990.69106
G1 X139.987 Y109.325
G1 X139.86 Y109.359 E990.69543
G0 F9000 X139.9 Y109.526
G0 X140.193 Y108
G0 X140.143 Y107.596
G0 X139.999 Y107.214
G0 X138.833 Y105.878
G0 X138.78 Y106.096
G1 F3000 X136.93 Y104.246 E990.78245
G0 F9000 X137.459 Y103.678
G1 F3000 X136.93 Y105.653 E990.85045
G0 F9000 X136.931 Y106.003
G1 F3000 X140.068 Y105.162 E990.95847
G0 F9000 X139.55 Y105.162
G1 F2700 E985.95847
;MESH:NONMESH
G0 F300 X139.55 Y105.162 Z4.6
G0 F9000 X136.664 Y103.414
G0 X135.585 Y103.414
G0 X122.653 Y86.347
G0 X114.347 Y86.347
G0 X95.597 Y86.847
G0 X84.415 Y103.414
G0 X83.33 Y103.414
G0 X83.193 Y93
G0 X82.91 Y91.467
G0 X83.15 Y92.148
;TIME_ELAPSED:1797.157240
;LAYER:22
;TYPE:WALL-INNER
;MESH:Spacers.stl
G1 F2700 E990.95847
G1 F1500 X83.15 Y88.6 E991.07648
G1 X79.851 Y88.601 E991.18621
G1 X79.85 Y92.148 E991.30418
G1 X80.114 Y91.768 E991.31957
G1 X80.452 Y91.468 E991.3346
G1 X80.849 Y91.263 E991.34946
G1 X81.28 Y91.162 E991.36419
G1 X81.72 Y91.163 E991.37882
G1 X82.151 Y91.263 E991.39354
G1 X82.549 Y91.47 E991.40846
G1 X82.887 Y91.77 E991.42349
G1 X83.15 Y92.148 E991.4388
G1 F2700 E986.4388
G0 F9000 X82.91 Y91.467
G0 X83.165 Y92.847
G0 X82.91 Y126.467
G0 X83.15 Y127.148
G1 F2700 E991.4388
G1 F1500 X83.15 Y93.852 E992.54623
G1 X82.887 Y94.229 E992.56152
G1 X82.55 Y94.53 E992.57655
G1 X82.155 Y94.736 E992.59137
G1 X81.727 Y94.841 E992.60603
G1 X81.272 Y94.841 E992.62116
G1 X80.846 Y94.736 E992.63575
G1 X80.451 Y94.531 E992.65055
G1 X80.114 Y94.232 E992.66554
G1 X79.85 Y93.852 E992.68093
G1 X79.85 Y127.148 E993.78836
G1 X80.114 Y126.768 E993.80375
G1 X80.451 Y126.468 E993.81875
G1 X80.846 Y126.264 E993.83354
G1 X81.272 Y126.159 E993.84813
G1 X81.727 Y126.159 E993.86327
G1 X82.155 Y126.264 E993.87792
G1 X82.55 Y126.47 E993.89274
G1 X82.887 Y126.771 E993.90777
G1 X83.15 Y127.148 E993.92306
G0 F9000 X82.91 Y126.467
G0 X83.165 Y127.847
G0 X82.88 Y132.13
G0 X83.15 Y132.4
G1 F1500 X83.15 Y128.852 E994.04106
G1 X82.887 Y129.229 E994.05635
G1 X82.55 Y129.53 E994.07138
G1 X82.151 Y129.737 E994.08633
G1 X81.72 Y129.837 E994.10105
G1 X81.28 Y129.838 E994.11568
G1 X80.849 Y129.737 E994.13041
G1 X80.451 Y129.532 E994.1453
G1 X80.114 Y129.231 E994.16033
G1 X79.85 Y128.852 E994.17569
G1 X79.851 Y132.399 E994.29366
G1 X83.15 Y132.4 E994.40339
G0 F9000 X83.55 Y132.8
;TYPE:WALL-OUTER
G1 F1500 X83.55 Y128.791 E994.53673
G1 F1304.3 X83.49 Y128.389 E994.55227
G1 F1176.5 X83.5 Y128 E994.56877
G1 X83.49 Y127.639 E994.58409
G1 F1304.3 X83.55 Y127.209 E994.6007
G1 F1500 X83.55 Y93.791 E995.71218
G1 F1304.3 X83.49 Y93.389 E995.72773
G1 F1176.5 X83.5 Y93 E995.74423
G1 X83.49 Y92.639 E995.75955
G1 F1304.3 X83.55 Y92.209 E995.77615
G1 F1500 X83.55 Y88.2 E995.90949
G1 X79.451 Y88.201 E996.04583
G1 X79.45 Y92.209 E996.17913
G1 F1304.3 X79.51 Y92.639 E996.19574
G1 F1176.5 X79.5 Y93 E996.21105
G1 X79.51 Y93.361 E996.22637
G1 F1304.3 X79.45 Y93.791 E996.24297
G1 F1500 X79.45 Y127.209 E997.35446
G1 F1304.3 X79.51 Y127.639 E997.37107
G1 F1176.5 X79.5 Y128 E997.38638
G1 X79.51 Y128.361 E997.4017
G1 F1304.3 X79.45 Y128.791 E997.4183
G1 F1500 X79.451 Y132.799 E997.55161
G1 X83.55 Y132.8 E997.68794
G1 F2700 E992.68794
G0 F9000 X83.28 Y132.53
G0 X82.157 Y130.044
G0 X81.992 Y129.364
G1 F2700 E997.68794
G1 F1500 X81.675 Y129.44 E997.69879
G1 X81.325 Y129.44 E997.71043
G1 X81.008 Y129.364 E997.72127
G1 X80.657 Y129.18 E997.73445
G1 X80.4 Y128.943 E997.74608
G1 X80.229 Y128.697 E997.75604
G1 F1304.3 X80.028 Y128.33 E997.77205
G1 F1174.2 X80.001 Y127.97 E997.78739
G1 X80.028 Y127.67 E997.80019
G1 F1304.3 X80.229 Y127.303 E997.81619
G1 F1500 X80.431 Y127.022 E997.8277
G1 X80.698 Y126.792 E997.83942
G1 X81.008 Y126.636 E997.85096
G1 X81.299 Y126.564 E997.86093
G1 X81.7 Y126.564 E997.87427
G1 X81.992 Y126.636 E997.88428
G1 X82.302 Y126.792 E997.89582
G1 X82.569 Y127.022 E997.90754
G1 X82.771 Y127.303 E997.91905
G1 F1304.3 X82.972 Y127.67 E997.93505
G1 F1176.5 X83 Y128 E997.9491
G1 X82.971 Y128.344 E997.96374
G1 F1304.3 X82.771 Y128.697 E997.97926
G1 F1500 X82.569 Y128.978 E997.99077
G1 X82.302 Y129.208 E998.00249
G1 X81.992 Y129.364 E998.01403
G1 F2700 E993.01403
G0 F9000 X82.157 Y130.044
G0 X82.999 Y128.786
G0 X83.143 Y128.404
G0 X81.865 Y95.115
G0 X81.7 Y94.436
G1 F2700 E998.01403
G1 F1500 X81.299 Y94.436 E998.02737
G1 X81.008 Y94.364 E998.03734
G1 X80.657 Y94.18 E998.05052
G1 X80.4 Y93.943 E998.06215
G1 X80.229 Y93.697 E998.07211
G1 F1304.3 X80.028 Y93.33 E998.08812
G1 F1174.2 X80.001 Y92.97 E998.10346
G1 X80.028 Y92.67 E998.11625
G1 F1304.3 X80.229 Y92.303 E998.13226
G1 F1500 X80.431 Y92.022 E998.14377
G1 X80.698 Y91.792 E998.15549
G1 X81.008 Y91.636 E998.16703
G1 X81.325 Y91.56 E998.17788
G1 X81.675 Y91.56 E998.18952
G1 X81.992 Y91.636 E998.20036
G1 X82.302 Y91.792 E998.2119
G1 X82.569 Y92.022 E998.22362
G1 X82.771 Y92.303 E998.23513
G1 F1304.3 X82.972 Y92.67 E998.25114
G1 F1176.5 X83 Y93 E998.26518
G1 X82.971 Y93.344 E998.27982
G1 F1304.3 X82.771 Y93.697 E998.29534
G1 F1500 X82.569 Y93.978 E998.30685
G1 X82.302 Y94.208 E998.31857
G1 X81.992 Y94.364 E998.33011
G1 X81.7 Y94.436 E998.34012
G0 F9000 X81.685 Y94.92
;TYPE:FILL
G1 F3000 X79.93 Y101.468 E998.56559
G0 F9000 X79.93 Y100.717
G1 F3000 X83.068 Y99.876 E998.67364
G0 F9000 X82.85 Y99.876
G0 X82.85 Y101.098
G0 X83.07 Y101.098
G1 F3000 X79.93 Y97.959 E998.82132
G0 F9000 X80.15 Y97.959
G0 X80.15 Y96.576
G0 X79.93 Y96.576
G1 F3000 X83.068 Y95.735 E998.92937
G0 F9000 X83.07 Y95.441
G1 F3000 X82.351 Y94.723 E998.96317
G0 F9000 X82.452 Y94.918
G0 X83.143 Y93.404
G0 X83.188 Y93.04
G0 X82.91 Y91.467
G0 X82.868 Y91.647
G1 F3000 X83.068 Y91.594 E998.97005
G0 F9000 X82.621 Y91.427
G1 F3000 X83.069 Y89.754 E999.02765
G1 X83.07 Y89.784
G1 X81.964 Y88.679 E999.07965
G0 F9000 X81.964 Y88.9
G0 X80.001 Y92.214
G0 X79.857 Y92.596
G0 X80.15 Y103.615
G0 X79.93 Y103.615
G1 F3000 X83.07 Y106.755 E999.22735
G0 F9000 X82.85 Y106.755
G0 X82.85 Y108.158
G0 X83.069 Y108.158
G1 F3000 X79.93 Y108.999 E999.33543
G0 F9000 X79.93 Y109.272
G1 F3000 X83.07 Y112.412 E999.48313
G1 X83.068 Y112.299
G1 X79.93 Y113.14 E999.59118
G0 F9000 X80.15 Y113.14
G0 X80.15 Y114.929
G0 X79.93 Y114.929
G1 F3000 X83.07 Y118.069 E999.73888
G0 F9000 X82.85 Y118.069
G0 X82.85 Y116.44
G0 X83.068 Y116.44
G1 F3000 X79.93 Y117.281 E999.84693
G0 F9000 X79.93 Y116.924
G1 F3000 X83.069 Y105.207 E1000.25038
G0 F9000 X82.85 Y105.207
G0 X82.85 Y104.017
G0 X83.069 Y104.017
G1 F3000 X79.93 Y104.858 E1000.35847
G0 F9000 X80.15 Y104.858
G0 X80.15 Y120.586
G0 X79.93 Y120.586
G1 F3000 X83.07 Y123.726 E1000.50617
G0 F9000 X83.069 Y124.722
G1 F3000 X79.93 Y125.563 E1000.61425
G0 F9000 X79.93 Y126.243
G1 F3000 X80.236 Y126.549 E1000.62865
G0 F9000 X80.093 Y126.386
G0 X80.631 Y126.106
G0 X81.618 Y125.859
G0 X81.618 Y126.078
G1 F3000 X83.069 Y120.663 E1000.8151
G1 X83.069 Y120.581
G1 X79.93 Y121.422 E1000.92319
G0 F9000 X80.15 Y121.422
G0 X79.807 Y128
G0 X80.242 Y129.745
G0 X80.387 Y129.582
G1 F3000 X79.93 Y129.705 E1000.93893
G0 F9000 X80.642 Y129.721
G1 F3000 X79.946 Y132.318 E1001.02835
G0 F9000 X80.348 Y132.318
G1 F3000 X79.93 Y131.9 E1001.04802
G0 F9000 X80.45 Y131.8
G1 F2700 E996.04802
G0 F9000 X83.33 Y131.63
G0 X84.415 Y131.63
G0 X95.585 Y131.63
G0 X96.67 Y131.63
G0 X99.88 Y131.63
G0 X100.15 Y131.9
;TYPE:WALL-INNER
G1 F2700 E1001.04802
G1 F1500 X100.15 Y128.352 E1001.16602
G1 X99.887 Y128.729 E1001.18131
G1 X99.55 Y129.03 E1001.19634
G1 X99.151 Y129.237 E1001.21129
G1 X98.72 Y129.337 E1001.22601
G1 X98.28 Y129.338 E1001.24064
G1 X97.849 Y129.237 E1001.25536
G1 X97.451 Y129.032 E1001.27025
G1 X97.114 Y128.731 E1001.28528
G1 X96.85 Y128.352 E1001.30065
G1 X96.851 Y131.899 E1001.41862
G1 X100.15 Y131.9 E1001.52834
G0 F9000 X99.88 Y131.63
G0 X100.193 Y127.5
G0 X99.91 Y125.967
G0 X100.15 Y126.648
G1 F1500 X100.15 Y93.352 E1002.63577
G1 X99.887 Y93.729 E1002.65106
G1 X99.55 Y94.03 E1002.66609
G1 X99.155 Y94.236 E1002.68091
G1 X98.727 Y94.341 E1002.69557
G1 X98.272 Y94.341 E1002.7107
G1 X97.846 Y94.236 E1002.72529
G1 X97.451 Y94.031 E1002.74009
G1 X97.114 Y93.732 E1002.75508
G1 X96.85 Y93.352 E1002.77047
G1 X96.85 Y126.648 E1003.8779
G1 X97.114 Y126.268 E1003.89329
G1 X97.451 Y125.968 E1003.90829
G1 X97.846 Y125.764 E1003.92308
G1 X98.272 Y125.659 E1003.93767
G1 X98.727 Y125.659 E1003.95281
G1 X99.155 Y125.764 E1003.96746
G1 X99.55 Y125.97 E1003.98228
G1 X99.887 Y126.271 E1003.99731
G1 X100.15 Y126.648 E1004.0126
G1 F2700 E999.0126
G0 F9000 X99.91 Y125.967
G0 X100.193 Y92.5
G0 X99.91 Y90.967
G0 X100.15 Y91.648
G1 F2700 E1004.0126
G1 F1500 X100.15 Y88.1 E1004.13061
G1 X96.851 Y88.101 E1004.24033
G1 X96.85 Y91.648 E1004.3583
G1 X97.114 Y91.268 E1004.37369
G1 X97.452 Y90.968 E1004.38872
G1 X97.849 Y90.763 E1004.40359
G1 X98.28 Y90.662 E1004.41831
G1 X98.72 Y90.663 E1004.43294
G1 X99.151 Y90.763 E1004.44766
G1 X99.549 Y90.97 E1004.46258
G1 X99.887 Y91.27 E1004.47761
G1 X100.15 Y91.648 E1004.49293
G1 F2700 E999.49293
G0 F9000 X99.91 Y90.967
G0 X100.193 Y92.5
G0 X100.143 Y92.904
G0 X99.999 Y93.286
G0 X98.865 Y94.615
G0 X98.7 Y93.936
;TYPE:WALL-OUTER
G1 F2700 E1004.49293
G1 F1500 X98.299 Y93.936 E1004.50627
G1 X98.008 Y93.864 E1004.51624
G1 X97.657 Y93.68 E1004.52942
G1 X97.4 Y93.443 E1004.54104
G1 X97.229 Y93.197 E1004.55101
G1 F1304.3 X97.028 Y92.83 E1004.56701
G1 F1174.2 X97.001 Y92.47 E1004.58235
G1 X97.028 Y92.17 E1004.59515
G1 F1304.3 X97.229 Y91.803 E1004.61116
G1 F1500 X97.431 Y91.522 E1004.62267
G1 X97.698 Y91.292 E1004.63439
G1 X98.008 Y91.136 E1004.64593
G1 X98.325 Y91.06 E1004.65677
G1 X98.675 Y91.06 E1004.66841
G1 X98.992 Y91.136 E1004.67926
G1 X99.302 Y91.292 E1004.6908
G1 X99.569 Y91.522 E1004.70252
G1 X99.771 Y91.803 E1004.71403
G1 F1304.3 X99.972 Y92.17 E1004.73003
G1 F1176.5 X100 Y92.5 E1004.74408
G1 X99.971 Y92.844 E1004.75872
G1 F1304.3 X99.771 Y93.197 E1004.77424
G1 F1500 X99.569 Y93.478 E1004.78575
G1 X99.302 Y93.708 E1004.79747
G1 X98.992 Y93.864 E1004.80901
G1 X98.7 Y93.936 E1004.81901
G1 F2700 E999.81901
G0 F9000 X98.865 Y94.615
G0 X100.193 Y127.5
G0 X100.143 Y127.904
G0 X99.999 Y128.286
G0 X98.675 Y129.641
G0 X98.675 Y128.94
G1 F2700 E1004.81901
G1 F1500 X98.299 Y128.936 E1004.83152
G1 X98.008 Y128.864 E1004.84149
G1 X97.657 Y128.68 E1004.85467
G1 X97.4 Y128.443 E1004.8663
G1 X97.229 Y128.197 E1004.87626
G1 F1304.3 X97.028 Y127.83 E1004.89227
G1 F1174.2 X97.001 Y127.47 E1004.90761
G1 X97.028 Y127.17 E1004.92041
G1 F1304.3 X97.229 Y126.803 E1004.93641
G1 F1500 X97.431 Y126.522 E1004.94792
G1 X97.698 Y126.292 E1004.95964
G1 X98.008 Y126.136 E1004.97119
G1 X98.299 Y126.064 E1004.98116
G1 X98.7 Y126.064 E1004.99449
G1 X98.992 Y126.136 E1005.0045
G1 X99.302 Y126.292 E1005.01604
G1 X99.569 Y126.522 E1005.02776
G1 X99.771 Y126.803 E1005.03927
G1 F1304.3 X99.972 Y127.17 E1005.05528
G1 F1176.5 X100 Y127.5 E1005.06932
G1 X99.971 Y127.844 E1005.08396
G1 F1304.3 X99.771 Y128.197 E1005.09948
G1 F1500 X99.569 Y128.478 E1005.11099
G1 X99.302 Y128.708 E1005.12271
G1 X98.992 Y128.864 E1005.13425
G1 X98.675 Y128.94 E1005.14509
G1 F2700 E1000.14509
G0 F9000 X98.675 Y129.641
G0 X100.28 Y132.03
G0 X100.55 Y132.3
G1 F2700 E1005.14509
G1 F1500 X100.55 Y128.291 E1005.27843
G1 F1304.3 X100.49 Y127.889 E1005.29398
G1 F1176.5 X100.5 Y127.5 E1005.31048
G1 X100.49 Y127.139 E1005.3258
G1 F1304.3 X100.55 Y126.709 E1005.3424
G1 F1500 X100.55 Y93.291 E1006.45389
G1 F1304.3 X100.49 Y92.889 E1006.46944
G1 F1176.5 X100.5 Y92.5 E1006.48594
G1 X100.49 Y92.139 E1006.50125
G1 F1304.3 X100.55 Y91.709 E1006.51786
G1 F1500 X100.55 Y87.7 E1006.6512
G1 X96.451 Y87.701 E1006.78753
G1 X96.45 Y91.709 E1006.92084
G1 F1304.3 X96.51 Y92.139 E1006.93745
G1 F1176.5 X96.5 Y92.5 E1006.95276
G1 X96.51 Y92.861 E1006.96808
G1 F1304.3 X96.45 Y93.291 E1006.98468
G1 F1500 X96.45 Y126.709 E1008.09617
G1 F1304.3 X96.51 Y127.139 E1008.11278
G1 F1176.5 X96.5 Y127.5 E1008.12809
G1 X96.51 Y127.861 E1008.14341
G1 F1304.3 X96.45 Y128.291 E1008.16001
G1 F1500 X96.451 Y132.299 E1008.29332
G1 X100.55 Y132.3 E1008.42965
G0 F9000 X100.28 Y132.03
G0 X99.85 Y129.412
G0 X100.07 Y129.412
;TYPE:FILL
G1 F3000 X99.678 Y129.02 E1008.44809
G0 F9000 X99.824 Y129.187
G0 X99.243 Y129.46
G0 X98.752 Y129.58
G0 X98.343 Y129.58
G0 X97.388 Y129.333
G0 X97.489 Y129.141
G1 F3000 X96.93 Y129.29 E1008.46733
G0 F9000 X97.379 Y129.076
G1 F3000 X96.93 Y130.751 E1008.52501
G0 F9000 X97.15 Y130.751
G0 X96.807 Y127.5
G0 X96.857 Y127.096
G0 X97.001 Y126.714
G0 X98.316 Y125.359
G0 X98.316 Y125.579
G1 F3000 X100.069 Y119.038 E1008.75024
G0 F9000 X100.069 Y118.098
G1 F3000 X96.93 Y114.958 E1008.89791
G0 F9000 X96.93 Y115.296
G1 F3000 X100.069 Y103.583 E1009.30124
G1 X100.068 Y103.603
G1 X96.931 Y104.444 E1009.40926
G0 F9000 X96.93 Y103.644
G1 F3000 X100.069 Y106.784 E1009.55693
G0 F9000 X100.069 Y107.744
G1 F3000 X96.931 Y108.585 E1009.66498
G0 F9000 X96.93 Y109.301
G1 F3000 X100.069 Y112.441 E1009.81266
G0 F9000 X100.068 Y111.885
G1 F3000 X96.931 Y112.726 E1009.92068
G0 F9000 X97.15 Y112.726
G0 X97.15 Y116.867
G0 X96.931 Y116.867
G1 F3000 X100.068 Y116.026 E1010.0287
G0 F9000 X99.85 Y116.026
G0 X99.85 Y120.167
G0 X100.068 Y120.167
G1 F3000 X96.931 Y121.008 E1010.13672
G0 F9000 X96.93 Y120.615
G1 F3000 X100.069 Y123.755 E1010.28439
G0 F9000 X100.069 Y124.308
G1 F3000 X96.93 Y125.149 E1010.39248
G0 F9000 X97.15 Y125.149
G0 X99.85 Y101.127
G0 X100.069 Y101.127
G1 F3000 X96.93 Y97.988 E1010.54013
G0 F9000 X97.15 Y97.988
G0 X97.15 Y96.161
G0 X96.931 Y96.161
G1 F3000 X100.068 Y95.321 E1010.64814
G1 X100.069 Y95.47
G1 X98.963 Y94.364 E1010.70016
G0 F9000 X98.383 Y94.419
G1 F3000 X96.93 Y99.841 E1010.88686
G0 F9000 X96.931 Y100.303
G1 F3000 X100.068 Y99.462 E1010.99489
G0 F9000 X99.85 Y99.462
G0 X100.193 Y92.5
G0 X100.148 Y92.136
G0 X99.461 Y90.587
G0 X99.359 Y90.779
G1 F3000 X100.055 Y88.179 E1011.08441
G0 F9000 X99.88 Y88.37
G0 X98.436 Y88.4
G0 X98.436 Y88.18
G1 F3000 X100.069 Y89.813 E1011.16122
G0 F9000 X99.55 Y89.813
G1 F2700 E1006.16122
G0 F9000 X100.143 Y92.096
G0 X100.33 Y94.131
G0 X101.415 Y94.131
G0 X114.335 Y94.131
G0 X115.42 Y94.131
G0 X118.201 Y94.131
G0 X118.272 Y93.841
;TYPE:WALL-INNER
G1 F2700 E1011.16122
G1 F1500 X117.843 Y93.735 E1011.17592
G1 X117.448 Y93.529 E1011.19073
G1 X117.109 Y93.226 E1011.20585
G1 X116.857 Y92.861 E1011.22061
G1 X116.7 Y92.445 E1011.2354
G1 X116.651 Y92 E1011.25029
G1 X116.699 Y91.558 E1011.26507
G1 X116.857 Y91.139 E1011.27997
G1 X117.109 Y90.774 E1011.29472
G1 X117.449 Y90.47 E1011.30989
G1 X117.847 Y90.264 E1011.32479
G1 X118.244 Y90.167 E1011.33839
G1 X118.723 Y90.158 E1011.35432
G1 X119.155 Y90.265 E1011.36912
G1 X119.554 Y90.473 E1011.38409
G1 X119.891 Y90.774 E1011.39912
G1 X120.142 Y91.137 E1011.4138
G1 X120.302 Y91.561 E1011.42887
G1 X120.35 Y92 E1011.44356
G1 X120.302 Y92.437 E1011.45818
G1 X120.142 Y92.862 E1011.47328
G1 X119.891 Y93.226 E1011.48799
G1 X119.555 Y93.526 E1011.50297
G1 X119.158 Y93.735 E1011.51789
G1 X118.727 Y93.841 E1011.53266
G1 X118.272 Y93.841 E1011.54779
G1 F2700 E1006.54779
G0 F9000 X118.201 Y94.131
G0 X116.404 Y127
G0 X116.465 Y127.501
G0 X116.644 Y127.973
G0 X116.932 Y128.389
G0 X117.273 Y128.691
G0 X118.207 Y129.132
G0 X118.278 Y128.842
G1 F2700 E1011.54779
G1 F1500 X117.846 Y128.736 E1011.56259
G1 X117.449 Y128.53 E1011.57746
G1 X117.109 Y128.226 E1011.59263
G1 X116.857 Y127.861 E1011.60738
G1 X116.7 Y127.445 E1011.62217
G1 X116.651 Y127 E1011.63706
G1 X116.699 Y126.558 E1011.65185
G1 X116.857 Y126.139 E1011.66674
G1 X117.109 Y125.774 E1011.6815
G1 X117.448 Y125.471 E1011.69662
G1 X117.843 Y125.265 E1011.71144
G1 X118.272 Y125.159 E1011.72613
G1 X118.727 Y125.159 E1011.74127
G1 X119.157 Y125.265 E1011.756
G1 X119.555 Y125.474 E1011.77095
G1 X119.891 Y125.774 E1011.78593
G1 X120.142 Y126.137 E1011.80061
G1 X120.302 Y126.561 E1011.81568
G1 X120.35 Y127 E1011.83037
G1 X120.302 Y127.437 E1011.84499
G1 X120.142 Y127.862 E1011.8601
G1 X119.891 Y128.226 E1011.8748
G1 X119.554 Y128.527 E1011.88983
G1 X119.154 Y128.736 E1011.90484
G1 X118.756 Y128.833 E1011.91847
G1 X118.278 Y128.842 E1011.93437
G0 F9000 X118.207 Y129.132
G0 X115.87 Y131.13
G0 X115.601 Y131.399
G1 F1500 X121.4 Y131.4 E1012.12724
G1 X121.4 Y87.6 E1013.58404
G1 X115.601 Y87.601 E1013.77691
G1 X115.601 Y131.399 E1015.23364
G0 F9000 X115.201 Y131.799
;TYPE:WALL-OUTER
G1 F1500 X121.8 Y131.8 E1015.45312
G1 X121.8 Y87.2 E1016.93653
G1 X115.201 Y87.201 E1017.15601
G1 X115.201 Y131.799 E1018.63934
G1 F2700 E1013.63934
G0 F9000 X115.47 Y131.53
G0 X118.133 Y129.114
G0 X118.299 Y128.436
G1 F2700 E1018.63934
G1 F1500 X118.008 Y128.364 E1018.64931
G1 X117.657 Y128.18 E1018.6625
G1 X117.4 Y127.943 E1018.67412
G1 X117.206 Y127.653 E1018.68573
G1 X117.089 Y127.334 E1018.69703
G1 X117.051 Y127 E1018.70821
G1 X117.099 Y126.63 E1018.72062
G1 X117.229 Y126.303 E1018.73232
G1 X117.431 Y126.022 E1018.74383
G1 X117.698 Y125.792 E1018.75555
G1 X118.008 Y125.636 E1018.7671
G1 X118.299 Y125.564 E1018.77707
G1 X118.7 Y125.564 E1018.79041
G1 X118.992 Y125.636 E1018.80041
G1 X119.343 Y125.82 E1018.81359
G1 X119.6 Y126.057 E1018.82522
G1 X119.794 Y126.347 E1018.83682
G1 X119.912 Y126.677 E1018.84848
G1 X119.95 Y127 E1018.8593
G1 X119.911 Y127.334 E1018.87048
G1 X119.771 Y127.697 E1018.88342
G1 X119.569 Y127.978 E1018.89493
G1 X119.302 Y128.208 E1018.90665
G1 X118.992 Y128.364 E1018.91819
G1 X118.687 Y128.439 E1018.92864
G1 X118.299 Y128.436 E1018.94155
G1 F2700 E1013.94155
G0 F9000 X118.133 Y129.114
G0 X117.311 Y128.724
G0 X116.932 Y128.389
G0 X116.644 Y127.973
G0 X116.465 Y127.501
G0 X116.43 Y127.217
G0 X118.133 Y94.114
G0 X118.299 Y93.436
G1 F2700 E1018.94155
G1 F1500 X118.008 Y93.364 E1018.95152
G1 X117.657 Y93.18 E1018.9647
G1 X117.4 Y92.943 E1018.97632
G1 X117.206 Y92.653 E1018.98793
G1 X117.089 Y92.334 E1018.99923
G1 X117.051 Y92 E1019.01041
G1 X117.099 Y91.63 E1019.02282
G1 X117.229 Y91.303 E1019.03452
G1 X117.431 Y91.022 E1019.04603
G1 X117.698 Y90.792 E1019.05776
G1 X118.008 Y90.636 E1019.0693
G1 X118.313 Y90.561 E1019.07974
G1 X118.701 Y90.564 E1019.09265
G1 X118.992 Y90.636 E1019.10262
G1 X119.343 Y90.82 E1019.1158
G1 X119.6 Y91.057 E1019.12743
G1 X119.794 Y91.347 E1019.13903
G1 X119.912 Y91.677 E1019.15069
G1 X119.95 Y92 E1019.16151
G1 X119.911 Y92.334 E1019.17269
G1 X119.771 Y92.697 E1019.18563
G1 X119.569 Y92.978 E1019.19714
G1 X119.302 Y93.208 E1019.20886
G1 X118.992 Y93.364 E1019.22041
G1 X118.7 Y93.436 E1019.23041
G1 X118.299 Y93.436 E1019.24375
G0 F9000 X118.133 Y94.114
G0 X119.365 Y93.964
G0 X119.263 Y93.768
;TYPE:FILL
G1 F3000 X115.68 Y107.14 E1019.70419
G0 F9000 X115.681 Y107.702
G1 F3000 X121.319 Y106.191 E1019.89833
G0 F9000 X121.319 Y105.406
G1 F3000 X115.679 Y99.767 E1020.16359
G0 F9000 X115.68 Y99.42
G1 F3000 X121.318 Y97.909 E1020.35773
G0 F9000 X121.1 Y97.909
G0 X121.1 Y99.75
G0 X121.319 Y99.75
G1 F3000 X115.679 Y94.11 E1020.62302
G0 F9000 X115.9 Y94.11
G0 X115.9 Y95.279
G0 X115.68 Y95.279
G1 F3000 X121.318 Y93.768 E1020.81716
G0 F9000 X121.319 Y94.093
G1 F3000 X120.176 Y92.949 E1020.87094
G0 F9000 X120.358 Y93.075
G0 X120.535 Y92.501
G0 X120.596 Y92
G0 X120.546 Y91.594
G0 X120.225 Y90.731
G0 X120.044 Y90.855
G1 F3000 X120.895 Y87.678 E1020.98034
G0 F9000 X120.563 Y87.68
G1 F3000 X121.319 Y88.436 E1021.0159
G0 F9000 X121.1 Y88.436
G0 X121.1 Y89.627
G0 X121.319 Y89.627
G1 F3000 X119.198 Y90.195 E1021.08893
G0 F9000 X119.3 Y90.002
G0 X118.752 Y89.92
G0 X118.343 Y89.92
G0 X117.451 Y90.133
G0 X117.551 Y90.325
G1 F3000 X115.679 Y88.453 E1021.17698
G0 F9000 X115.9 Y88.453
G0 X116.754 Y87.9
G0 X116.754 Y87.679
G1 F3000 X115.68 Y91.685 E1021.31493
G0 F9000 X115.68 Y91.138
G1 F3000 X117.006 Y90.782 E1021.36059
G0 F9000 X116.826 Y90.658
G0 X116.465 Y91.499
G0 X116.404 Y92
G0 X116.465 Y92.501
G0 X116.567 Y92.768
G0 X121.1 Y101.55
G0 X121.319 Y101.55
G1 F3000 X115.681 Y122.593 E1022.08517
G1 X115.68 Y122.395
G1 X118.363 Y125.077 E1022.21135
G0 F9000 X119.13 Y125.176
G1 F3000 X121.319 Y117.004 E1022.49273
G0 F9000 X121.319 Y116.72
G1 F3000 X115.68 Y111.081 E1022.75797
G0 F9000 X115.68 Y111.843
G1 F3000 X121.319 Y110.332 E1022.95214
G0 F9000 X121.319 Y111.063
G1 F3000 X115.679 Y105.423 E1023.21743
G0 F9000 X115.9 Y105.423
G0 X115.9 Y103.561
G0 X115.68 Y103.561
G1 F3000 X121.318 Y102.05 E1023.41157
G0 F9000 X121.1 Y102.05
G0 X121.1 Y114.473
G0 X121.318 Y114.473
G1 F3000 X115.68 Y115.984 E1023.60571
G0 F9000 X115.68 Y116.738
G1 F3000 X121.319 Y122.377 E1023.87095
G0 F9000 X121.319 Y122.756
G1 F3000 X115.68 Y124.267 E1024.06512
G0 F9000 X115.9 Y124.267
G0 X115.9 Y128.052
G0 X115.68 Y128.052
G1 F3000 X118.947 Y131.318 E1024.21876
G0 F9000 X118.947 Y131.1
G0 X120.269 Y131.1
G0 X120.269 Y131.319
G1 F3000 X121.319 Y131.038 E1024.25492
G0 F9000 X121.1 Y131.038
G0 X121.1 Y128.034
G0 X121.319 Y128.034
G1 F3000 X120.416 Y127.13 E1024.29741
G1 X120.415 Y127.139
G1 X121.319 Y126.897 E1024.32854
G0 F9000 X121.1 Y126.897
G0 X120.068 Y128.389
G0 X119.689 Y128.724
G0 X119.243 Y128.96
G0 X118.964 Y129.028
G0 X118.083 Y129.102
G0 X118.135 Y128.887
G1 F3000 X117.484 Y131.318 E1024.41225
G0 F9000 X117.484 Y131.1
G0 X116.729 Y128.202
G0 X116.91 Y128.078
G1 F3000 X115.681 Y128.407 E1024.45456
G0 F9000 X115.9 Y128.407
G0 X115.9 Y120.125
G0 X115.68 Y120.125
G1 F3000 X121.319 Y118.614 E1024.64873
G0 F9000 X120.8 Y118.614
G1 F2700 E1019.64873
G0 F9000 X121.58 Y112.13
G0 X122.665 Y112.13
G0 X135.585 Y112.13
G0 X136.67 Y112.13
G0 X137.12 Y112.13
G0 X136.851 Y112.399
;TYPE:WALL-INNER
G1 F2700 E1024.64873
G1 F1500 X140.15 Y112.4 E1024.75846
G1 X140.15 Y108.852 E1024.87646
G1 X139.887 Y109.229 E1024.89175
G1 X139.55 Y109.53 E1024.90678
G1 X139.151 Y109.737 E1024.92173
G1 X138.72 Y109.837 E1024.93645
G1 X138.28 Y109.838 E1024.95108
G1 X137.849 Y109.737 E1024.96581
G1 X137.451 Y109.532 E1024.9807
G1 X137.114 Y109.231 E1024.99572
G1 X136.85 Y108.852 E1025.01109
G1 X136.851 Y112.399 E1025.12906
G0 F9000 X137.12 Y112.13
G0 X136.807 Y108
G0 X137.09 Y106.467
G0 X136.85 Y107.148
G1 F1500 X137.114 Y106.768 E1025.14445
G1 X137.452 Y106.468 E1025.15948
G1 X137.849 Y106.263 E1025.17434
G1 X138.28 Y106.162 E1025.18907
G1 X138.72 Y106.163 E1025.2037
G1 X139.151 Y106.263 E1025.21842
G1 X139.549 Y106.47 E1025.23334
G1 X139.887 Y106.77 E1025.24837
G1 X140.15 Y107.148 E1025.26368
G1 X140.15 Y103.6 E1025.38169
G1 X136.851 Y103.601 E1025.49142
G1 X136.85 Y107.148 E1025.60939
G1 F2700 E1020.60939
G0 F9000 X137.09 Y106.467
G0 X136.807 Y108
G0 X136.857 Y108.404
G0 X137.842 Y110.043
G0 X138.008 Y109.364
;TYPE:WALL-OUTER
G1 F2700 E1025.60939
G1 F1500 X137.657 Y109.18 E1025.62257
G1 X137.4 Y108.943 E1025.6342
G1 X137.229 Y108.697 E1025.64416
G1 F1304.3 X137.028 Y108.33 E1025.66017
G1 F1174.2 X137.001 Y107.97 E1025.67551
G1 X137.028 Y107.67 E1025.68831
G1 F1304.3 X137.229 Y107.303 E1025.70431
G1 F1500 X137.431 Y107.022 E1025.71582
G1 X137.698 Y106.792 E1025.72754
G1 X138.008 Y106.636 E1025.73908
G1 X138.325 Y106.56 E1025.74993
G1 X138.675 Y106.56 E1025.76157
G1 X138.992 Y106.636 E1025.77241
G1 X139.302 Y106.792 E1025.78395
G1 X139.569 Y107.022 E1025.79567
G1 X139.771 Y107.303 E1025.80718
G1 F1304.3 X139.972 Y107.67 E1025.82319
G1 F1176.5 X140 Y108 E1025.83723
G1 X139.971 Y108.344 E1025.85187
G1 F1304.3 X139.771 Y108.697 E1025.86739
G1 F1500 X139.569 Y108.978 E1025.8789
G1 X139.302 Y109.208 E1025.89062
G1 X138.992 Y109.364 E1025.90217
G1 X138.675 Y109.44 E1025.91301
G1 X138.325 Y109.44 E1025.92465
G1 X138.008 Y109.364 E1025.93549
G1 F2700 E1020.93549
G0 F9000 X137.842 Y110.043
G0 X136.72 Y112.53
G0 X136.451 Y112.799
G1 F2700 E1025.93549
G1 F1500 X140.55 Y112.8 E1026.07182
G1 X140.55 Y108.791 E1026.20516
G1 F1304.3 X140.49 Y108.389 E1026.22071
G1 F1176.5 X140.5 Y108 E1026.23721
G1 X140.49 Y107.639 E1026.25253
G1 F1304.3 X140.55 Y107.209 E1026.26913
G1 F1500 X140.55 Y103.2 E1026.40247
G1 X136.451 Y103.201 E1026.53881
G1 X136.45 Y107.209 E1026.67211
G1 F1304.3 X136.51 Y107.639 E1026.68872
G1 F1176.5 X136.5 Y108 E1026.70403
G1 X136.51 Y108.361 E1026.71935
G1 F1304.3 X136.45 Y108.791 E1026.73596
G1 F1500 X136.451 Y112.799 E1026.86926
G0 F9000 X136.72 Y112.53
G0 X137.15 Y110.29
G0 X136.931 Y110.29
;TYPE:FILL
G1 F3000 X138.328 Y109.916 E1026.91736
G0 F9000 X138.328 Y110.141
G0 X139.07 Y109.994
G0 X139.769 Y109.735
G0 X139.624 Y109.569
G1 F3000 X140.069 Y109.449 E1026.93269
G1 X139.946 Y109.308
G1 X139.139 Y112.32 E1027.03641
G0 F9000 X139.545 Y112.318
G1 F3000 X136.93 Y109.704 E1027.15938
G0 F9000 X137.15 Y109.704
G0 X136.807 Y108
G0 X137.15 Y106.149
G0 X136.931 Y106.149
G1 F3000 X140.068 Y105.308 E1027.26741
G0 F9000 X139.85 Y105.308
G0 X139.09 Y105.941
G0 X139.038 Y106.155
G1 F3000 X136.93 Y104.047 E1027.36656
G0 F9000 X137.313 Y103.679
G1 F3000 X136.93 Y105.108 E1027.41577
G0 F9000 X137.45 Y105.108
G1 F2700 E1022.41577
;MESH:NONMESH
G0 F300 X137.45 Y105.108 Z4.8
G0 F9000 X136.664 Y103.414
G0 X135.585 Y103.414
G0 X122.653 Y86.347
G0 X114.347 Y86.347
G0 X95.597 Y86.847
G0 X84.415 Y103.414
G0 X83.33 Y103.414
G0 X83.193 Y93
G0 X82.91 Y91.467
G0 X83.15 Y92.148
;TIME_ELAPSED:1866.270795
;LAYER:23
;TYPE:WALL-INNER
;MESH:Spacers.stl
G1 F2700 E1027.41577
G1 F1500 X83.15 Y88.6 E1027.53377
G1 X79.851 Y88.601 E1027.6435
G1 X79.85 Y92.148 E1027.76147
G1 X80.114 Y91.768 E1027.77686
G1 X80.452 Y91.468 E1027.79189
G1 X80.849 Y91.263 E1027.80675
G1 X81.28 Y91.162 E1027.82148
G1 X81.72 Y91.163 E1027.83611
G1 X82.151 Y91.263 E1027.85083
G1 X82.549 Y91.47 E1027.86575
G1 X82.887 Y91.77 E1027.88078
G1 X83.15 Y92.148 E1027.8961
G1 F2700 E1022.8961
G0 F9000 X82.91 Y91.467
G0 X83.165 Y92.847
G0 X82.91 Y126.467
G0 X83.15 Y127.148
G1 F2700 E1027.8961
G1 F1500 X83.15 Y93.852 E1029.00352
G1 X82.887 Y94.229 E1029.01881
G1 X82.55 Y94.53 E1029.03384
G1 X82.155 Y94.736 E1029.04866
G1 X81.727 Y94.841 E1029.06332
G1 X81.272 Y94.841 E1029.07845
G1 X80.846 Y94.736 E1029.09304
G1 X80.451 Y94.531 E1029.10784
G1 X80.114 Y94.232 E1029.12283
G1 X79.85 Y93.852 E1029.13822
G1 X79.85 Y127.148 E1030.24565
G1 X80.114 Y126.768 E1030.26104
G1 X80.451 Y126.468 E1030.27604
G1 X80.846 Y126.264 E1030.29083
G1 X81.272 Y126.159 E1030.30542
G1 X81.727 Y126.159 E1030.32056
G1 X82.155 Y126.264 E1030.33521
G1 X82.55 Y126.47 E1030.35003
G1 X82.887 Y126.771 E1030.36506
G1 X83.15 Y127.148 E1030.38035
G0 F9000 X82.91 Y126.467
G0 X83.165 Y127.847
G0 X82.88 Y132.13
G0 X83.15 Y132.4
G1 F1500 X83.15 Y128.852 E1030.49836
G1 X82.887 Y129.229 E1030.51364
G1 X82.55 Y129.53 E1030.52867
G1 X82.151 Y129.737 E1030.54362
G1 X81.72 Y129.837 E1030.55834
G1 X81.28 Y129.838 E1030.57297
G1 X80.849 Y129.737 E1030.5877
G1 X80.451 Y129.532 E1030.60259
G1 X80.114 Y129.231 E1030.61762
G1 X79.85 Y128.852 E1030.63298
G1 X79.851 Y132.399 E1030.75095
G1 X83.15 Y132.4 E1030.86068
G0 F9000 X83.55 Y132.8
;TYPE:WALL-OUTER
G1 F1500 X83.55 Y128.791 E1030.99402
G1 F1304.3 X83.49 Y128.389 E1031.00956
G1 F1176.5 X83.5 Y128 E1031.02607
G1 X83.49 Y127.639 E1031.04138
G1 F1304.3 X83.55 Y127.209 E1031.05799
G1 F1500 X83.55 Y93.791 E1032.16947
G1 F1304.3 X83.49 Y93.389 E1032.18502
G1 F1176.5 X83.5 Y93 E1032.20152
G1 X83.49 Y92.639 E1032.21684
G1 F1304.3 X83.55 Y92.209 E1032.23344
G1 F1500 X83.55 Y88.2 E1032.36678
G1 X79.451 Y88.201 E1032.50312
G1 X79.45 Y92.209 E1032.63642
G1 F1304.3 X79.51 Y92.639 E1032.65303
G1 F1176.5 X79.5 Y93 E1032.66834
G1 X79.51 Y93.361 E1032.68366
G1 F1304.3 X79.45 Y93.791 E1032.70027
G1 F1500 X79.45 Y127.209 E1033.81175
G1 F1304.3 X79.51 Y127.639 E1033.82836
G1 F1176.5 X79.5 Y128 E1033.84367
G1 X79.51 Y128.361 E1033.85899
G1 F1304.3 X79.45 Y128.791 E1033.87559
G1 F1500 X79.451 Y132.799 E1034.0089
G1 X83.55 Y132.8 E1034.14523
G1 F2700 E1029.14523
G0 F9000 X83.28 Y132.53
G0 X82.157 Y130.044
G0 X81.992 Y129.364
G1 F2700 E1034.14523
G1 F1500 X81.675 Y129.44 E1034.15608
G1 X81.325 Y129.44 E1034.16772
G1 X81.008 Y129.364 E1034.17856
G1 X80.657 Y129.18 E1034.19174
G1 X80.4 Y128.943 E1034.20337
G1 X80.229 Y128.697 E1034.21333
G1 F1304.3 X80.028 Y128.33 E1034.22934
G1 F1174.2 X80.001 Y127.97 E1034.24468
G1 X80.028 Y127.67 E1034.25748
G1 F1304.3 X80.229 Y127.303 E1034.27348
G1 F1500 X80.431 Y127.022 E1034.28499
G1 X80.698 Y126.792 E1034.29671
G1 X81.008 Y126.636 E1034.30825
G1 X81.299 Y126.564 E1034.31823
G1 X81.7 Y126.564 E1034.33156
G1 X81.992 Y126.636 E1034.34157
G1 X82.302 Y126.792 E1034.35311
G1 X82.569 Y127.022 E1034.36483
G1 X82.771 Y127.303 E1034.37634
G1 F1304.3 X82.972 Y127.67 E1034.39234
G1 F1176.5 X83 Y128 E1034.40639
G1 X82.971 Y128.344 E1034.42103
G1 F1304.3 X82.771 Y128.697 E1034.43655
G1 F1500 X82.569 Y128.978 E1034.44806
G1 X82.302 Y129.208 E1034.45978
G1 X81.992 Y129.364 E1034.47132
G1 F2700 E1029.47132
G0 F9000 X82.157 Y130.044
G0 X82.999 Y128.786
G0 X83.143 Y128.404
G0 X81.865 Y95.115
G0 X81.7 Y94.436
G1 F2700 E1034.47132
G1 F1500 X81.299 Y94.436 E1034.48466
G1 X81.008 Y94.364 E1034.49463
G1 X80.657 Y94.18 E1034.50781
G1 X80.4 Y93.943 E1034.51944
G1 X80.229 Y93.697 E1034.5294
G1 F1304.3 X80.028 Y93.33 E1034.54541
G1 F1174.2 X80.001 Y92.97 E1034.56075
G1 X80.028 Y92.67 E1034.57354
G1 F1304.3 X80.229 Y92.303 E1034.58955
G1 F1500 X80.431 Y92.022 E1034.60106
G1 X80.698 Y91.792 E1034.61278
G1 X81.008 Y91.636 E1034.62432
G1 X81.325 Y91.56 E1034.63517
G1 X81.675 Y91.56 E1034.64681
G1 X81.992 Y91.636 E1034.65765
G1 X82.302 Y91.792 E1034.66919
G1 X82.569 Y92.022 E1034.68091
G1 X82.771 Y92.303 E1034.69242
G1 F1304.3 X82.972 Y92.67 E1034.70843
G1 F1176.5 X83 Y93 E1034.72247
G1 X82.971 Y93.344 E1034.73711
G1 F1304.3 X82.771 Y93.697 E1034.75263
G1 F1500 X82.569 Y93.978 E1034.76414
G1 X82.302 Y94.208 E1034.77586
G1 X81.992 Y94.364 E1034.7874
G1 X81.7 Y94.436 E1034.79741
G0 F9000 X81.538 Y94.919
;TYPE:FILL
G1 F3000 X79.93 Y100.92 E1035.00404
G1 X79.93 Y100.864
G1 X83.068 Y100.023 E1035.1121
G0 F9000 X83.07 Y100.897
G1 F3000 X79.93 Y97.758 E1035.25977
G0 F9000 X80.15 Y97.758
G0 X80.15 Y96.723
G0 X79.93 Y96.723
G1 F3000 X83.068 Y95.882 E1035.36782
G0 F9000 X83.07 Y95.24
G1 F3000 X82.483 Y94.654 E1035.39541
G0 F9000 X82.584 Y94.848
G0 X83.143 Y93.404
G0 X83.193 Y93
G0 X82.595 Y91.158
G0 X82.494 Y91.35
G1 F3000 X83.069 Y89.205 E1035.46927
G0 F9000 X83.07 Y89.584
G1 F3000 X82.165 Y88.679 E1035.51184
G0 F9000 X82.165 Y88.9
G0 X83.143 Y92.596
G0 X83.193 Y93
G0 X80.15 Y103.415
G0 X79.93 Y103.415
G1 F3000 X83.07 Y106.554 E1035.65951
G0 F9000 X82.85 Y106.554
G0 X82.85 Y108.305
G0 X83.069 Y108.305
G1 F3000 X79.93 Y109.146 E1035.7676
G1 X79.93 Y109.071
G1 X83.07 Y112.211 E1035.91529
G0 F9000 X83.068 Y112.446
G1 F3000 X79.93 Y113.287 E1036.02335
G0 F9000 X80.15 Y113.287
G0 X80.15 Y114.728
G0 X79.93 Y114.728
G1 F3000 X83.07 Y117.868 E1036.17104
G0 F9000 X82.85 Y117.868
G0 X82.85 Y116.587
G0 X83.068 Y116.587
G1 F3000 X79.93 Y117.428 E1036.2791
G0 F9000 X80.15 Y117.428
G0 X80.15 Y116.375
G0 X79.93 Y116.375
G1 F3000 X83.069 Y104.659 E1036.68252
G0 F9000 X83.069 Y104.164
G1 F3000 X79.93 Y105.005 E1036.7906
G0 F9000 X80.15 Y105.005
G0 X80.15 Y120.385
G0 X79.93 Y120.385
G1 F3000 X83.07 Y123.525 E1036.9383
G0 F9000 X82.85 Y123.525
G0 X82.85 Y124.869
G0 X83.069 Y124.869
G1 F3000 X79.93 Y125.71 E1037.04638
G0 F9000 X79.93 Y126.042
G1 F3000 X80.342 Y126.454 E1037.06576
G0 F9000 X80.2 Y126.292
G0 X80.516 Y126.149
G0 X81.471 Y125.859
G0 X81.471 Y126.079
G1 F3000 X83.069 Y120.114 E1037.27116
G0 F9000 X83.069 Y120.728
G1 F3000 X79.93 Y121.569 E1037.37924
G0 F9000 X80.15 Y121.569
G0 X79.807 Y128
G0 X80.412 Y129.846
G0 X80.513 Y129.654
G1 F3000 X79.931 Y131.827 E1037.45406
G1 X79.93 Y131.699
G1 X80.549 Y132.318 E1037.48318
G0 F9000 X80.549 Y132.1
G0 X80.15 Y129.852
G0 X79.93 Y129.852
G1 F3000 X80.567 Y129.681 E1037.50512
G0 F9000 X80.45 Y130.139
G1 F2700 E1032.50512
G0 F9000 X83.33 Y131.63
G0 X84.415 Y131.63
G0 X95.585 Y131.63
G0 X96.67 Y131.63
G0 X99.88 Y131.63
G0 X100.15 Y131.9
;TYPE:WALL-INNER
G1 F2700 E1037.50512
G1 F1500 X100.15 Y128.352 E1037.62312
G1 X99.887 Y128.729 E1037.63841
G1 X99.55 Y129.03 E1037.65344
G1 X99.151 Y129.237 E1037.66839
G1 X98.72 Y129.337 E1037.68311
G1 X98.28 Y129.338 E1037.69774
G1 X97.849 Y129.237 E1037.71246
G1 X97.451 Y129.032 E1037.72735
G1 X97.114 Y128.731 E1037.74238
G1 X96.85 Y128.352 E1037.75775
G1 X96.851 Y131.899 E1037.87572
G1 X100.15 Y131.9 E1037.98544
G0 F9000 X99.88 Y131.63
G0 X100.193 Y127.5
G0 X99.91 Y125.967
G0 X100.15 Y126.648
G1 F1500 X100.15 Y93.352 E1039.09287
G1 X99.887 Y93.729 E1039.10816
G1 X99.55 Y94.03 E1039.12319
G1 X99.155 Y94.236 E1039.13801
G1 X98.727 Y94.341 E1039.15267
G1 X98.272 Y94.341 E1039.1678
G1 X97.846 Y94.236 E1039.18239
G1 X97.451 Y94.031 E1039.19719
G1 X97.114 Y93.732 E1039.21218
G1 X96.85 Y93.352 E1039.22757
G1 X96.85 Y126.648 E1040.335
G1 X97.114 Y126.268 E1040.35039
G1 X97.451 Y125.968 E1040.36539
G1 X97.846 Y125.764 E1040.38018
G1 X98.272 Y125.659 E1040.39477
G1 X98.727 Y125.659 E1040.40991
G1 X99.155 Y125.764 E1040.42456
G1 X99.55 Y125.97 E1040.43938
G1 X99.887 Y126.271 E1040.45441
G1 X100.15 Y126.648 E1040.4697
G1 F2700 E1035.4697
G0 F9000 X99.91 Y125.967
G0 X100.193 Y92.5
G0 X99.91 Y90.967
G0 X100.15 Y91.648
G1 F2700 E1040.4697
G1 F1500 X100.15 Y88.1 E1040.58771
G1 X96.851 Y88.101 E1040.69743
G1 X96.85 Y91.648 E1040.8154
G1 X97.114 Y91.268 E1040.83079
G1 X97.452 Y90.968 E1040.84583
G1 X97.849 Y90.763 E1040.86069
G1 X98.28 Y90.662 E1040.87541
G1 X98.72 Y90.663 E1040.89004
G1 X99.151 Y90.763 E1040.90476
G1 X99.549 Y90.97 E1040.91968
G1 X99.887 Y91.27 E1040.93471
G1 X100.15 Y91.648 E1040.95003
G1 F2700 E1035.95003
G0 F9000 X99.91 Y90.967
G0 X100.193 Y92.5
G0 X100.143 Y92.904
G0 X99.999 Y93.286
G0 X98.865 Y94.615
G0 X98.7 Y93.936
;TYPE:WALL-OUTER
G1 F2700 E1040.95003
G1 F1500 X98.299 Y93.936 E1040.96337
G1 X98.008 Y93.864 E1040.97334
G1 X97.657 Y93.68 E1040.98652
G1 X97.4 Y93.443 E1040.99814
G1 X97.229 Y93.197 E1041.00811
G1 F1304.3 X97.028 Y92.83 E1041.02411
G1 F1174.2 X97.001 Y92.47 E1041.03945
G1 X97.028 Y92.17 E1041.05225
G1 F1304.3 X97.229 Y91.803 E1041.06826
G1 F1500 X97.431 Y91.522 E1041.07977
G1 X97.698 Y91.292 E1041.09149
G1 X98.008 Y91.136 E1041.10303
G1 X98.325 Y91.06 E1041.11387
G1 X98.675 Y91.06 E1041.12551
G1 X98.992 Y91.136 E1041.13636
G1 X99.302 Y91.292 E1041.1479
G1 X99.569 Y91.522 E1041.15962
G1 X99.771 Y91.803 E1041.17113
G1 F1304.3 X99.972 Y92.17 E1041.18714
G1 F1176.5 X100 Y92.5 E1041.20118
G1 X99.971 Y92.844 E1041.21582
G1 F1304.3 X99.771 Y93.197 E1041.23134
G1 F1500 X99.6 Y93.443 E1041.2413
G1 X99.302 Y93.708 E1041.25457
G1 X98.992 Y93.864 E1041.26611
G1 X98.7 Y93.936 E1041.27611
G1 F2700 E1036.27611
G0 F9000 X98.865 Y94.615
G0 X100.193 Y127.5
G0 X100.143 Y127.904
G0 X99.999 Y128.286
G0 X98.675 Y129.641
G0 X98.675 Y128.94
G1 F2700 E1041.27611
G1 F1500 X98.325 Y128.94 E1041.28775
G1 X98.008 Y128.864 E1041.29859
G1 X97.657 Y128.68 E1041.31178
G1 X97.4 Y128.443 E1041.3234
G1 X97.229 Y128.197 E1041.33337
G1 F1304.3 X97.028 Y127.83 E1041.34937
G1 F1174.2 X97.001 Y127.47 E1041.36471
G1 X97.028 Y127.17 E1041.37751
G1 F1304.3 X97.229 Y126.803 E1041.39352
G1 F1500 X97.431 Y126.522 E1041.40503
G1 X97.698 Y126.292 E1041.41675
G1 X98.008 Y126.136 E1041.42829
G1 X98.299 Y126.064 E1041.43826
G1 X98.7 Y126.064 E1041.4516
G1 X98.992 Y126.136 E1041.4616
G1 X99.302 Y126.292 E1041.47314
G1 X99.569 Y126.522 E1041.48486
G1 X99.771 Y126.803 E1041.49637
G1 F1304.3 X99.972 Y127.17 E1041.51238
G1 F1176.5 X100 Y127.5 E1041.52642
G1 X99.971 Y127.844 E1041.54106
G1 F1304.3 X99.771 Y128.197 E1041.55658
G1 F1500 X99.569 Y128.478 E1041.56809
G1 X99.302 Y128.708 E1041.57981
G1 X98.992 Y128.864 E1041.59136
G1 X98.675 Y128.94 E1041.6022
G1 F2700 E1036.6022
G0 F9000 X98.675 Y129.641
G0 X100.28 Y132.03
G0 X100.55 Y132.3
G1 F2700 E1041.6022
G1 F1500 X100.55 Y128.291 E1041.73554
G1 F1304.3 X100.49 Y127.889 E1041.75108
G1 F1176.5 X100.5 Y127.5 E1041.76759
G1 X100.49 Y127.139 E1041.7829
G1 F1304.3 X100.55 Y126.709 E1041.79951
G1 F1500 X100.55 Y93.291 E1042.91099
G1 F1304.3 X100.49 Y92.889 E1042.92654
G1 F1176.5 X100.5 Y92.5 E1042.94304
G1 X100.49 Y92.139 E1042.95836
G1 F1304.3 X100.55 Y91.709 E1042.97496
G1 F1500 X100.55 Y87.7 E1043.1083
G1 X96.451 Y87.701 E1043.24464
G1 X96.45 Y91.709 E1043.37794
G1 F1304.3 X96.51 Y92.139 E1043.39455
G1 F1176.5 X96.5 Y92.5 E1043.40986
G1 X96.51 Y92.861 E1043.42518
G1 F1304.3 X96.45 Y93.291 E1043.44179
G1 F1500 X96.45 Y126.709 E1044.55327
G1 F1304.3 X96.51 Y127.139 E1044.56988
G1 F1176.5 X96.5 Y127.5 E1044.58519
G1 X96.51 Y127.861 E1044.60051
G1 F1304.3 X96.45 Y128.291 E1044.61711
G1 F1500 X96.451 Y132.299 E1044.75042
G1 X100.55 Y132.3 E1044.88675
G0 F9000 X100.28 Y132.03
G0 X99.85 Y129.211
G0 X100.07 Y129.211
;TYPE:FILL
G1 F3000 X99.785 Y128.926 E1044.90016
G0 F9000 X99.931 Y129.092
G0 X99.243 Y129.46
G0 X98.752 Y129.58
G0 X98.466 Y129.58
G0 X97.573 Y129.431
G0 X97.675 Y129.238
G1 F3000 X96.93 Y129.437 E1044.92581
G0 F9000 X97.261 Y128.97
G1 F3000 X96.93 Y130.204 E1044.9683
G0 F9000 X97.15 Y130.204
G0 X97.12 Y131.63
G0 X96.93 Y131.729
G1 F3000 X97.02 Y131.818 E1044.97251
G0 F9000 X97.12 Y131.63
G0 X96.807 Y127.5
G0 X97.09 Y125.967
G0 X97.041 Y126.183
G1 F3000 X96.93 Y126.071 E1044.97776
G0 F9000 X96.931 Y125.296
G1 F3000 X100.069 Y124.455 E1045.08581
G0 F9000 X100.069 Y123.554
G1 F3000 X96.93 Y120.414 E1045.23348
G0 F9000 X96.931 Y121.155
G1 F3000 X100.068 Y120.314 E1045.3415
G0 F9000 X99.85 Y120.314
G0 X99.85 Y118.49
G0 X100.069 Y118.49
G1 F3000 X98.163 Y125.604 E1045.58646
G0 F9000 X98.112 Y125.39
G0 X99.85 Y117.897
G0 X100.069 Y117.897
G1 F3000 X96.93 Y114.757 E1045.73413
G1 X96.931 Y114.747
G1 X100.069 Y103.034 E1046.13745
G0 F9000 X100.068 Y103.75
G1 F3000 X96.931 Y104.591 E1046.24547
G0 F9000 X97.15 Y104.591
G0 X97.15 Y103.444
G0 X96.93 Y103.444
G1 F3000 X100.069 Y106.583 E1046.39312
G0 F9000 X99.85 Y106.583
G0 X99.85 Y107.891
G0 X100.069 Y107.891
G1 F3000 X96.93 Y108.732 E1046.5012
G0 F9000 X96.93 Y109.1
G1 F3000 X100.069 Y112.24 E1046.64888
G0 F9000 X100.068 Y112.032
G1 F3000 X96.931 Y112.873 E1046.7569
G0 F9000 X97.15 Y112.873
G0 X97.15 Y117.014
G0 X96.931 Y117.014
G1 F3000 X100.068 Y116.173 E1046.86492
G0 F9000 X99.85 Y116.173
G0 X99.85 Y100.926
G0 X100.069 Y100.926
G1 F3000 X96.93 Y97.787 E1047.01257
G0 F9000 X97.15 Y97.787
G0 X97.15 Y96.308
G0 X96.931 Y96.308
G1 F3000 X100.068 Y95.468 E1047.12058
G1 X100.069 Y95.269
G1 X99.125 Y94.325 E1047.16498
G0 F9000 X98.238 Y94.413
G1 F3000 X96.93 Y99.292 E1047.33299
G0 F9000 X97.15 Y99.292
G0 X97.15 Y100.45
G0 X96.931 Y100.45
G1 F3000 X100.068 Y99.609 E1047.44101
G0 F9000 X99.85 Y99.609
G0 X100.193 Y92.5
G0 X100.143 Y92.096
G0 X99.332 Y90.519
G0 X99.23 Y90.711
G1 F3000 X99.908 Y88.178 E1047.52823
G0 F9000 X99.908 Y88.4
G0 X98.637 Y88.4
G0 X98.637 Y88.18
G1 F3000 X100.069 Y89.612 E1047.59558
G0 F9000 X99.55 Y89.612
G1 F2700 E1042.59558
G0 F9000 X100.084 Y91.848
G0 X100.33 Y94.131
G0 X101.415 Y94.131
G0 X114.335 Y94.131
G0 X115.42 Y94.131
G0 X118.201 Y94.131
G0 X118.272 Y93.841
;TYPE:WALL-INNER
G1 F2700 E1047.59558
G1 F1500 X117.843 Y93.735 E1047.61028
G1 X117.448 Y93.529 E1047.6251
G1 X117.109 Y93.226 E1047.64022
G1 X116.857 Y92.861 E1047.65497
G1 X116.7 Y92.445 E1047.66976
G1 X116.651 Y92 E1047.68465
G1 X116.699 Y91.558 E1047.69944
G1 X116.857 Y91.139 E1047.71433
G1 X117.109 Y90.774 E1047.72909
G1 X117.449 Y90.47 E1047.74426
G1 X117.847 Y90.264 E1047.75916
G1 X118.244 Y90.167 E1047.77275
G1 X118.723 Y90.158 E1047.78869
G1 X119.155 Y90.265 E1047.80349
G1 X119.554 Y90.473 E1047.81846
G1 X119.891 Y90.774 E1047.83348
G1 X120.142 Y91.137 E1047.84816
G1 X120.302 Y91.561 E1047.86324
G1 X120.35 Y92 E1047.87792
G1 X120.302 Y92.437 E1047.89255
G1 X120.142 Y92.862 E1047.90765
G1 X119.891 Y93.226 E1047.92236
G1 X119.555 Y93.526 E1047.93734
G1 X119.158 Y93.735 E1047.95226
G1 X118.727 Y93.841 E1047.96702
G1 X118.272 Y93.841 E1047.98216
G1 F2700 E1042.98216
G0 F9000 X118.201 Y94.131
G0 X116.404 Y127
G0 X116.465 Y127.501
G0 X116.644 Y127.973
G0 X116.932 Y128.389
G0 X117.273 Y128.691
G0 X118.207 Y129.132
G0 X118.278 Y128.842
G1 F2700 E1047.98216
G1 F1500 X117.846 Y128.736 E1047.99695
G1 X117.449 Y128.53 E1048.01183
G1 X117.109 Y128.226 E1048.027
G1 X116.857 Y127.861 E1048.04175
G1 X116.7 Y127.445 E1048.05654
G1 X116.651 Y127 E1048.07143
G1 X116.699 Y126.558 E1048.08622
G1 X116.857 Y126.139 E1048.10111
G1 X117.109 Y125.774 E1048.11586
G1 X117.448 Y125.471 E1048.13098
G1 X117.843 Y125.265 E1048.1458
G1 X118.272 Y125.159 E1048.1605
G1 X118.727 Y125.159 E1048.17563
G1 X119.158 Y125.265 E1048.19039
G1 X119.555 Y125.474 E1048.20532
G1 X119.891 Y125.774 E1048.2203
G1 X120.142 Y126.137 E1048.23498
G1 X120.302 Y126.561 E1048.25005
G1 X120.35 Y127 E1048.26474
G1 X120.302 Y127.437 E1048.27936
G1 X120.142 Y127.862 E1048.29446
G1 X119.891 Y128.226 E1048.30917
G1 X119.554 Y128.527 E1048.3242
G1 X119.154 Y128.736 E1048.33921
G1 X118.756 Y128.833 E1048.35283
G1 X118.278 Y128.842 E1048.36874
G0 F9000 X118.207 Y129.132
G0 X115.87 Y131.13
G0 X115.601 Y131.399
G1 F1500 X121.4 Y131.4 E1048.56161
G1 X121.4 Y87.6 E1050.01841
G1 X115.601 Y87.601 E1050.21128
G1 X115.601 Y131.399 E1051.66801
G0 F9000 X115.201 Y131.799
;TYPE:WALL-OUTER
G1 F1500 X121.8 Y131.8 E1051.88749
G1 X121.8 Y87.2 E1053.37089
G1 X115.201 Y87.201 E1053.59038
G1 X115.201 Y131.799 E1055.07371
G1 F2700 E1050.07371
G0 F9000 X115.47 Y131.53
G0 X118.133 Y129.114
G0 X118.299 Y128.436
G1 F2700 E1055.07371
G1 F1500 X118.008 Y128.364 E1055.08368
G1 X117.657 Y128.18 E1055.09686
G1 X117.4 Y127.943 E1055.10849
G1 X117.206 Y127.653 E1055.1201
G1 X117.089 Y127.334 E1055.1314
G1 X117.051 Y127 E1055.14258
G1 X117.099 Y126.63 E1055.15499
G1 X117.229 Y126.303 E1055.16669
G1 X117.431 Y126.022 E1055.1782
G1 X117.698 Y125.792 E1055.18992
G1 X118.008 Y125.636 E1055.20147
G1 X118.299 Y125.564 E1055.21144
G1 X118.7 Y125.564 E1055.22477
G1 X118.992 Y125.636 E1055.23478
G1 X119.343 Y125.82 E1055.24796
G1 X119.6 Y126.057 E1055.25959
G1 X119.794 Y126.347 E1055.27119
G1 X119.912 Y126.677 E1055.28285
G1 X119.95 Y127 E1055.29366
G1 X119.911 Y127.334 E1055.30485
G1 X119.771 Y127.697 E1055.31779
G1 X119.569 Y127.978 E1055.3293
G1 X119.302 Y128.208 E1055.34102
G1 X118.992 Y128.364 E1055.35256
G1 X118.687 Y128.439 E1055.36301
G1 X118.299 Y128.436 E1055.37591
G1 F2700 E1050.37591
G0 F9000 X118.133 Y129.114
G0 X117.311 Y128.724
G0 X116.932 Y128.389
G0 X116.644 Y127.973
G0 X116.465 Y127.501
G0 X116.43 Y127.217
G0 X118.133 Y94.114
G0 X118.299 Y93.436
G1 F2700 E1055.37591
G1 F1500 X118.008 Y93.364 E1055.38588
G1 X117.657 Y93.18 E1055.39907
G1 X117.4 Y92.943 E1055.41069
G1 X117.206 Y92.653 E1055.4223
G1 X117.089 Y92.334 E1055.4336
G1 X117.051 Y92 E1055.44478
G1 X117.099 Y91.63 E1055.45719
G1 X117.229 Y91.303 E1055.46889
G1 X117.431 Y91.022 E1055.4804
G1 X117.698 Y90.792 E1055.49212
G1 X118.008 Y90.636 E1055.50367
G1 X118.313 Y90.561 E1055.51411
G1 X118.701 Y90.564 E1055.52702
G1 X118.992 Y90.636 E1055.53699
G1 X119.343 Y90.82 E1055.55017
G1 X119.6 Y91.057 E1055.5618
G1 X119.794 Y91.347 E1055.5734
G1 X119.912 Y91.677 E1055.58506
G1 X119.95 Y92 E1055.59588
G1 X119.911 Y92.334 E1055.60706
G1 X119.771 Y92.697 E1055.62
G1 X119.569 Y92.978 E1055.63151
G1 X119.302 Y93.208 E1055.64323
G1 X118.992 Y93.364 E1055.65478
G1 X118.7 Y93.436 E1055.66478
G1 X118.299 Y93.436 E1055.67812
G0 F9000 X119.1 Y93.829
;TYPE:FILL
G1 F3000 X115.68 Y106.591 E1056.11756
G0 F9000 X115.9 Y106.591
G0 X115.9 Y107.849
G0 X115.68 Y107.849
G1 F3000 X121.319 Y106.338 E1056.31173
G0 F9000 X121.1 Y106.338
G0 X121.1 Y105.206
G0 X121.319 Y105.206
G1 F3000 X115.679 Y99.566 E1056.57702
G1 X115.68 Y99.567
G1 X121.318 Y98.056 E1056.77116
G0 F9000 X121.1 Y98.056
G0 X121.1 Y99.549
G0 X121.319 Y99.549
G1 F3000 X115.679 Y93.909 E1057.03644
G0 F9000 X115.9 Y93.909
G0 X115.9 Y95.426
G0 X115.68 Y95.426
G1 F3000 X121.318 Y93.915 E1057.23058
G1 X121.319 Y93.892
G1 X120.243 Y92.816 E1057.28119
G0 F9000 X120.45 Y92.895
G0 X120.596 Y92
G0 X120.535 Y91.499
G0 X120.082 Y90.542
G0 X119.936 Y90.707
G1 F3000 X120.748 Y87.678 E1057.3855
G1 X120.764 Y87.68
G1 X121.319 Y88.235 E1057.4116
G0 F9000 X121.1 Y88.235
G0 X121.1 Y89.774
G0 X121.318 Y89.774
G1 F3000 X119.383 Y90.292 E1057.47823
G0 F9000 X119.485 Y90.1
G0 X118.752 Y89.92
G0 X118.466 Y89.92
G0 X117.583 Y90.064
G0 X117.683 Y90.255
G1 F3000 X115.679 Y88.252 E1057.57246
G0 F9000 X115.9 Y88.252
G0 X116.607 Y87.9
G0 X116.607 Y87.679
G1 F3000 X115.68 Y91.136 E1057.69151
G1 X115.681 Y91.285
G1 X116.879 Y90.963 E1057.73277
G0 F9000 X116.701 Y90.839
G0 X116.465 Y91.499
G0 X116.404 Y92
G0 X116.465 Y92.501
G0 X116.567 Y92.768
G0 X121.1 Y101.001
G0 X121.319 Y101.001
G1 F3000 X115.681 Y122.045 E1058.45738
G1 X115.68 Y122.194
G1 X118.564 Y125.077 E1058.59301
G0 F9000 X118.992 Y125.142
G1 F3000 X121.319 Y116.456 E1058.89209
G1 X121.319 Y116.519
G1 X115.68 Y110.88 E1059.15733
G0 F9000 X115.9 Y110.88
G0 X115.9 Y111.99
G0 X115.681 Y111.99
G1 F3000 X121.319 Y110.479 E1059.35147
G0 F9000 X121.319 Y110.863
G1 F3000 X115.679 Y105.223 E1059.61676
G0 F9000 X115.9 Y105.223
G0 X115.9 Y103.708
G0 X115.68 Y103.708
G1 F3000 X121.318 Y102.197 E1059.8109
G0 F9000 X121.1 Y102.197
G0 X121.1 Y114.62
G0 X121.318 Y114.62
G1 F3000 X115.68 Y116.131 E1060.00504
G0 F9000 X115.68 Y116.537
G1 F3000 X121.319 Y122.176 E1060.27028
G0 F9000 X121.319 Y122.903
G1 F3000 X115.68 Y124.414 E1060.46445
G0 F9000 X115.9 Y124.414
G0 X115.9 Y127.851
G0 X115.68 Y127.851
G1 F3000 X119.148 Y131.318 E1060.62755
G0 F9000 X119.148 Y131.1
G0 X120.817 Y131.1
G0 X120.817 Y131.319
G1 F3000 X121.319 Y131.185 E1060.64483
G0 F9000 X121.1 Y131.185
G0 X121.1 Y127.833
G0 X121.319 Y127.833
G1 F3000 X120.423 Y126.936 E1060.687
G0 F9000 X120.398 Y127.29
G1 F3000 X121.319 Y127.044 E1060.71871
G0 F9000 X121.1 Y127.044
G0 X120.068 Y128.389
G0 X119.689 Y128.724
G0 X119.243 Y128.96
G0 X118.845 Y129.057
G0 X117.944 Y129.068
G0 X117.997 Y128.853
G1 F3000 X117.337 Y131.318 E1060.80358
G0 F9000 X117.337 Y131.1
G0 X116.815 Y128.326
G0 X116.996 Y128.202
G1 F3000 X115.681 Y128.554 E1060.84886
G0 F9000 X115.9 Y128.554
G0 X115.9 Y120.272
G0 X115.68 Y120.272
G1 F3000 X121.318 Y118.762 E1061.04299
G0 F9000 X120.8 Y118.762
G1 F2700 E1056.04299
G0 F9000 X121.58 Y112.13
G0 X122.665 Y112.13
G0 X135.585 Y112.13
G0 X136.67 Y112.13
G0 X137.12 Y112.13
G0 X136.851 Y112.399
;TYPE:WALL-INNER
G1 F2700 E1061.04299
G1 F1500 X140.15 Y112.4 E1061.15271
G1 X140.15 Y108.852 E1061.27072
G1 X139.887 Y109.229 E1061.28601
G1 X139.55 Y109.53 E1061.30104
G1 X139.151 Y109.737 E1061.31599
G1 X138.72 Y109.837 E1061.3307
G1 X138.28 Y109.838 E1061.34534
G1 X137.849 Y109.737 E1061.36006
G1 X137.451 Y109.532 E1061.37495
G1 X137.114 Y109.231 E1061.38998
G1 X136.85 Y108.852 E1061.40534
G1 X136.851 Y112.399 E1061.52332
G0 F9000 X137.12 Y112.13
G0 X136.807 Y108
G0 X137.09 Y106.467
G0 X136.85 Y107.148
G1 F1500 X137.114 Y106.768 E1061.53871
G1 X137.452 Y106.468 E1061.55374
G1 X137.849 Y106.263 E1061.5686
G1 X138.28 Y106.162 E1061.58332
G1 X138.72 Y106.163 E1061.59796
G1 X139.151 Y106.263 E1061.61267
G1 X139.549 Y106.47 E1061.62759
G1 X139.887 Y106.77 E1061.64262
G1 X140.15 Y107.148 E1061.65794
G1 X140.15 Y103.6 E1061.77595
G1 X136.851 Y103.601 E1061.88567
G1 X136.85 Y107.148 E1062.00365
G1 F2700 E1057.00365
G0 F9000 X137.09 Y106.467
G0 X136.807 Y108
G0 X136.857 Y108.404
G0 X137.842 Y110.043
G0 X138.008 Y109.364
;TYPE:WALL-OUTER
G1 F2700 E1062.00365
G1 F1500 X137.657 Y109.18 E1062.01683
G1 X137.4 Y108.943 E1062.02845
G1 X137.229 Y108.697 E1062.03842
G1 F1304.3 X137.028 Y108.33 E1062.05442
G1 F1174.2 X137.001 Y107.97 E1062.06976
G1 X137.028 Y107.67 E1062.08256
G1 F1304.3 X137.229 Y107.303 E1062.09857
G1 F1500 X137.431 Y107.022 E1062.11008
G1 X137.698 Y106.792 E1062.1218
G1 X138.008 Y106.636 E1062.13334
G1 X138.325 Y106.56 E1062.14418
G1 X138.675 Y106.56 E1062.15582
G1 X138.992 Y106.636 E1062.16667
G1 X139.302 Y106.792 E1062.17821
G1 X139.569 Y107.022 E1062.18993
G1 X139.771 Y107.303 E1062.20144
G1 F1304.3 X139.972 Y107.67 E1062.21744
G1 F1176.5 X140 Y108 E1062.23149
G1 X139.971 Y108.344 E1062.24613
G1 F1304.3 X139.771 Y108.697 E1062.26165
G1 F1500 X139.569 Y108.978 E1062.27316
G1 X139.302 Y109.208 E1062.28488
G1 X138.992 Y109.364 E1062.29642
G1 X138.675 Y109.44 E1062.30726
G1 X138.325 Y109.44 E1062.3189
G1 X138.008 Y109.364 E1062.32975
G1 F2700 E1057.32975
G0 F9000 X137.842 Y110.043
G0 X136.72 Y112.53
G0 X136.451 Y112.799
G1 F2700 E1062.32975
G1 F1500 X140.55 Y112.8 E1062.46608
G1 X140.55 Y108.791 E1062.59942
G1 F1304.3 X140.49 Y108.389 E1062.61497
G1 F1176.5 X140.5 Y108 E1062.63147
G1 X140.49 Y107.639 E1062.64678
G1 F1304.3 X140.55 Y107.209 E1062.66339
G1 F1500 X140.55 Y103.2 E1062.79673
G1 X136.451 Y103.201 E1062.93306
G1 X136.45 Y107.209 E1063.06637
G1 F1304.3 X136.51 Y107.639 E1063.08298
G1 F1176.5 X136.5 Y108 E1063.09829
G1 X136.51 Y108.361 E1063.11361
G1 F1304.3 X136.45 Y108.791 E1063.13021
G1 F1500 X136.451 Y112.799 E1063.26352
G0 F9000 X136.72 Y112.53
G0 X137.15 Y110.437
G0 X136.931 Y110.437
;TYPE:FILL
G1 F3000 X140.069 Y109.596 E1063.37157
G0 F9000 X139.762 Y109.444
G1 F3000 X138.992 Y112.32 E1063.4706
G0 F9000 X139.746 Y112.318
G1 F3000 X136.93 Y109.503 E1063.60303
G0 F9000 X137.103 Y109.555
G0 X136.807 Y108
G0 X137.15 Y106.296
G0 X136.931 Y106.296
G1 F3000 X140.068 Y105.455 E1063.71105
G0 F9000 X139.85 Y105.455
G0 X139.472 Y106.093
G0 X139.37 Y106.286
G1 F3000 X136.93 Y103.846 E1063.82582
G0 F9000 X137.166 Y103.679
G1 F3000 X136.93 Y104.56 E1063.85616
G0 F9000 X137.45 Y104.56
G1 F2700 E1058.85616
;MESH:NONMESH
G0 F300 X137.45 Y104.56 Z5
G0 F9000 X136.664 Y103.414
G0 X135.585 Y103.414
G0 X122.653 Y86.347
G0 X114.347 Y86.347
G0 X95.597 Y86.847
G0 X84.415 Y103.414
G0 X83.33 Y103.414
G0 X83.193 Y93
G0 X82.91 Y91.467
G0 X83.15 Y92.148
;TIME_ELAPSED:1935.627146
;LAYER:24
;TYPE:WALL-INNER
;MESH:Spacers.stl
G1 F2700 E1063.85616
G1 F1500 X83.15 Y88.6 E1063.97416
G1 X79.851 Y88.601 E1064.08389
G1 X79.85 Y92.148 E1064.20186
G1 X80.114 Y91.768 E1064.21725
G1 X80.452 Y91.468 E1064.23228
G1 X80.849 Y91.263 E1064.24714
G1 X81.28 Y91.162 E1064.26187
G1 X81.72 Y91.163 E1064.2765
G1 X82.151 Y91.263 E1064.29122
G1 X82.549 Y91.47 E1064.30614
G1 X82.887 Y91.77 E1064.32117
G1 X83.15 Y92.148 E1064.33649
G1 F2700 E1059.33649
G0 F9000 X82.91 Y91.467
G0 X83.165 Y92.847
G0 X82.91 Y126.467
G0 X83.15 Y127.148
G1 F2700 E1064.33649
G1 F1500 X83.15 Y93.852 E1065.44392
G1 X82.887 Y94.229 E1065.4592
G1 X82.55 Y94.53 E1065.47423
G1 X82.155 Y94.736 E1065.48905
G1 X81.727 Y94.841 E1065.50371
G1 X81.272 Y94.841 E1065.51884
G1 X80.846 Y94.736 E1065.53343
G1 X80.451 Y94.531 E1065.54824
G1 X80.114 Y94.232 E1065.56322
G1 X79.85 Y93.852 E1065.57861
G1 X79.85 Y127.148 E1066.68604
G1 X80.114 Y126.768 E1066.70143
G1 X80.451 Y126.468 E1066.71644
G1 X80.846 Y126.264 E1066.73122
G1 X81.272 Y126.159 E1066.74581
G1 X81.727 Y126.159 E1066.76095
G1 X82.155 Y126.264 E1066.77561
G1 X82.55 Y126.47 E1066.79042
G1 X82.887 Y126.771 E1066.80545
G1 X83.15 Y127.148 E1066.82074
G0 F9000 X82.91 Y126.467
G0 X83.165 Y127.847
G0 X82.88 Y132.13
G0 X83.15 Y132.4
G1 F1500 X83.15 Y128.852 E1066.93875
G1 X82.887 Y129.229 E1066.95404
G1 X82.55 Y129.53 E1066.96906
G1 X82.151 Y129.737 E1066.98401
G1 X81.72 Y129.837 E1066.99873
G1 X81.28 Y129.838 E1067.01336
G1 X80.849 Y129.737 E1067.02809
G1 X80.451 Y129.532 E1067.04298
G1 X80.114 Y129.231 E1067.05801
G1 X79.85 Y128.852 E1067.07337
G1 X79.851 Y132.399 E1067.19134
G1 X83.15 Y132.4 E1067.30107
G0 F9000 X83.55 Y132.8
;TYPE:WALL-OUTER
G1 F1500 X83.55 Y128.791 E1067.43441
G1 F1304.3 X83.49 Y128.389 E1067.44995
G1 F1176.5 X83.5 Y128 E1067.46646
G1 X83.49 Y127.639 E1067.48177
G1 F1304.3 X83.55 Y127.209 E1067.49838
G1 F1500 X83.55 Y93.791 E1068.60986
G1 F1304.3 X83.49 Y93.389 E1068.62541
G1 F1176.5 X83.5 Y93 E1068.64191
G1 X83.49 Y92.639 E1068.65723
G1 F1304.3 X83.55 Y92.209 E1068.67383
G1 F1500 X83.55 Y88.2 E1068.80717
G1 X79.451 Y88.201 E1068.94351
G1 X79.45 Y92.209 E1069.07681
G1 F1304.3 X79.51 Y92.639 E1069.09342
G1 F1176.5 X79.5 Y93 E1069.10874
G1 X79.51 Y93.361 E1069.12405
G1 F1304.3 X79.45 Y93.791 E1069.14066
G1 F1500 X79.45 Y127.209 E1070.25214
G1 F1304.3 X79.51 Y127.639 E1070.26875
G1 F1176.5 X79.5 Y128 E1070.28406
G1 X79.51 Y128.361 E1070.29938
G1 F1304.3 X79.45 Y128.791 E1070.31599
G1 F1500 X79.451 Y132.799 E1070.44929
G1 X83.55 Y132.8 E1070.58563
G1 F2700 E1065.58563
G0 F9000 X83.28 Y132.53
G0 X82.157 Y130.044
G0 X81.992 Y129.364
G1 F2700 E1070.58563
G1 F1500 X81.675 Y129.44 E1070.59647
G1 X81.325 Y129.44 E1070.60811
G1 X81.008 Y129.364 E1070.61895
G1 X80.657 Y129.18 E1070.63213
G1 X80.4 Y128.943 E1070.64376
G1 X80.229 Y128.697 E1070.65372
G1 F1304.3 X80.028 Y128.33 E1070.66973
G1 F1174.2 X80.001 Y127.97 E1070.68507
G1 X80.028 Y127.67 E1070.69787
G1 F1304.3 X80.229 Y127.303 E1070.71387
G1 F1500 X80.431 Y127.022 E1070.72538
G1 X80.698 Y126.792 E1070.7371
G1 X81.008 Y126.636 E1070.74865
G1 X81.299 Y126.564 E1070.75862
G1 X81.7 Y126.564 E1070.77195
G1 X81.992 Y126.636 E1070.78196
G1 X82.302 Y126.792 E1070.7935
G1 X82.569 Y127.022 E1070.80522
G1 X82.771 Y127.303 E1070.81673
G1 F1304.3 X82.972 Y127.67 E1070.83274
G1 F1176.5 X83 Y128 E1070.84678
G1 X82.971 Y128.344 E1070.86142
G1 F1304.3 X82.771 Y128.697 E1070.87694
G1 F1500 X82.569 Y128.978 E1070.88845
G1 X82.302 Y129.208 E1070.90017
G1 X81.992 Y129.364 E1070.91171
G1 F2700 E1065.91171
G0 F9000 X82.157 Y130.044
G0 X82.999 Y128.786
G0 X83.143 Y128.404
G0 X81.865 Y95.115
G0 X81.7 Y94.436
G1 F2700 E1070.91171
G1 F1500 X81.299 Y94.436 E1070.92505
G1 X81.008 Y94.364 E1070.93502
G1 X80.657 Y94.18 E1070.9482
G1 X80.4 Y93.943 E1070.95983
G1 X80.229 Y93.697 E1070.96979
G1 F1304.3 X80.028 Y93.33 E1070.9858
G1 F1174.2 X80.001 Y92.97 E1071.00114
G1 X80.028 Y92.67 E1071.01394
G1 F1304.3 X80.229 Y92.303 E1071.02994
G1 F1500 X80.431 Y92.022 E1071.04145
G1 X80.698 Y91.792 E1071.05317
G1 X81.008 Y91.636 E1071.06471
G1 X81.325 Y91.56 E1071.07556
G1 X81.675 Y91.56 E1071.0872
G1 X81.992 Y91.636 E1071.09804
G1 X82.302 Y91.792 E1071.10958
G1 X82.569 Y92.022 E1071.1213
G1 X82.771 Y92.303 E1071.13281
G1 F1304.3 X82.972 Y92.67 E1071.14882
G1 F1174.2 X82.999 Y92.97 E1071.16162
G1 X82.971 Y93.344 E1071.17755
G1 F1304.3 X82.771 Y93.697 E1071.19307
G1 F1500 X82.569 Y93.978 E1071.20458
G1 X82.302 Y94.208 E1071.2163
G1 X81.992 Y94.364 E1071.22785
G1 X81.7 Y94.436 E1071.23785
G0 F9000 X81.392 Y94.92
;TYPE:FILL
G1 F3000 X79.93 Y100.375 E1071.42569
G0 F9000 X79.93 Y101.01
G1 F3000 X83.069 Y100.169 E1071.53377
G0 F9000 X83.07 Y100.698
G1 F3000 X79.93 Y97.558 E1071.68147
G0 F9000 X79.93 Y96.869
G1 F3000 X83.068 Y96.028 E1071.78952
G0 F9000 X83.07 Y95.041
G1 F3000 X82.61 Y94.581 E1071.81116
G0 F9000 X82.756 Y94.747
G0 X83.143 Y93.404
G0 X83.193 Y93
G0 X83.148 Y92.636
G0 X82.468 Y91.091
G0 X82.366 Y91.283
G1 F3000 X83.064 Y88.679 E1071.90082
G0 F9000 X82.365 Y88.679
G1 F3000 X83.07 Y89.384 E1071.93399
G0 F9000 X82.85 Y89.384
G0 X83.193 Y93
G0 X80.15 Y103.215
G0 X79.93 Y103.215
G1 F3000 X83.07 Y106.355 E1072.08168
G0 F9000 X82.85 Y106.355
G0 X82.85 Y104.31
G0 X83.069 Y104.31
G1 F3000 X79.93 Y105.151 E1072.18977
G0 F9000 X80.15 Y105.151
G0 X82.85 Y104.114
G0 X83.069 Y104.114
G1 F3000 X79.93 Y115.83 E1072.59319
G0 F9000 X80.15 Y115.83
G0 X80.15 Y114.529
G0 X79.93 Y114.529
G1 F3000 X83.07 Y117.668 E1072.74086
G0 F9000 X83.069 Y116.733
G1 F3000 X79.93 Y117.574 E1072.84895
G0 F9000 X80.15 Y117.574
G0 X80.15 Y120.186
G0 X79.93 Y120.186
G1 F3000 X83.07 Y123.325 E1072.99662
G0 F9000 X82.85 Y123.325
G0 X82.85 Y125.015
G0 X83.069 Y125.015
G1 F3000 X79.93 Y125.856 E1073.1047
G1 X79.93 Y125.843
G1 X80.459 Y126.372 E1073.12959
G0 F9000 X81.325 Y126.079
G1 F3000 X83.069 Y119.57 E1073.35371
G0 F9000 X82.85 Y119.57
G0 X82.85 Y120.874
G0 X83.069 Y120.874
G1 F3000 X79.93 Y121.715 E1073.4618
G0 F9000 X80.15 Y121.715
G0 X79.807 Y128
G0 X80.242 Y129.745
G0 X80.386 Y129.583
G1 F3000 X79.931 Y131.283 E1073.52033
G0 F9000 X79.93 Y131.499
G1 F3000 X80.748 Y132.318 E1073.55883
G0 F9000 X80.748 Y132.1
G0 X80.15 Y129.998
G0 X79.93 Y129.998
G1 F3000 X80.751 Y129.778 E1073.5871
G0 F9000 X80.649 Y129.971
G0 X80.001 Y128.786
G0 X79.857 Y128.404
G0 X80.15 Y113.433
G0 X79.93 Y113.433
G1 F3000 X83.068 Y112.592 E1073.69515
G0 F9000 X83.07 Y112.012
G1 F3000 X79.93 Y108.872 E1073.84285
G0 F9000 X79.93 Y109.292
G1 F3000 X83.068 Y108.451 E1073.9509
G0 F9000 X82.55 Y108.451
G1 F2700 E1068.9509
G0 F9000 X83.33 Y90.967
G0 X84.415 Y90.967
G0 X95.585 Y90.967
G0 X96.67 Y90.967
G0 X98.501 Y90.835
G0 X99.91 Y90.967
G0 X100.15 Y91.648
;TYPE:WALL-INNER
G1 F2700 E1073.9509
G1 F1500 X100.15 Y88.1 E1074.06891
G1 X96.851 Y88.101 E1074.17864
G1 X96.85 Y91.648 E1074.29661
G1 X97.114 Y91.268 E1074.312
G1 X97.452 Y90.968 E1074.32703
G1 X97.849 Y90.763 E1074.34189
G1 X98.28 Y90.662 E1074.35661
G1 X98.72 Y90.663 E1074.37125
G1 X99.151 Y90.763 E1074.38596
G1 X99.549 Y90.97 E1074.40089
G1 X99.887 Y91.27 E1074.41592
G1 X100.15 Y91.648 E1074.43123
G1 F2700 E1069.43123
G0 F9000 X99.91 Y90.967
G0 X100.165 Y92.347
G0 X99.91 Y125.967
G0 X100.15 Y126.648
G1 F2700 E1074.43123
G1 F1500 X100.15 Y93.352 E1075.53866
G1 X99.887 Y93.729 E1075.55395
G1 X99.55 Y94.03 E1075.56898
G1 X99.155 Y94.236 E1075.5838
G1 X98.727 Y94.341 E1075.59845
G1 X98.272 Y94.341 E1075.61359
G1 X97.846 Y94.236 E1075.62818
G1 X97.451 Y94.031 E1075.64298
G1 X97.114 Y93.732 E1075.65797
G1 X96.85 Y93.352 E1075.67336
G1 X96.85 Y126.648 E1076.78079
G1 X97.114 Y126.268 E1076.79618
G1 X97.451 Y125.968 E1076.81118
G1 X97.846 Y125.764 E1076.82597
G1 X98.272 Y125.659 E1076.84056
G1 X98.727 Y125.659 E1076.85569
G1 X99.155 Y125.764 E1076.87035
G1 X99.55 Y125.97 E1076.88517
G1 X99.887 Y126.271 E1076.9002
G1 X100.15 Y126.648 E1076.91549
G0 F9000 X99.91 Y125.967
G0 X100.165 Y127.347
G0 X99.88 Y131.63
G0 X100.15 Y131.9
G1 F1500 X100.15 Y128.352 E1077.03349
G1 X99.887 Y128.729 E1077.04878
G1 X99.55 Y129.03 E1077.06381
G1 X99.151 Y129.237 E1077.07876
G1 X98.72 Y129.337 E1077.09348
G1 X98.28 Y129.338 E1077.10811
G1 X97.849 Y129.237 E1077.12284
G1 X97.451 Y129.032 E1077.13773
G1 X97.114 Y128.731 E1077.15275
G1 X96.85 Y128.352 E1077.16812
G1 X96.851 Y131.899 E1077.28609
G1 X100.15 Y131.9 E1077.39582
G0 F9000 X100.55 Y132.3
;TYPE:WALL-OUTER
G1 F1500 X100.55 Y128.291 E1077.52916
G1 F1304.3 X100.49 Y127.889 E1077.5447
G1 F1176.5 X100.5 Y127.5 E1077.5612
G1 X100.49 Y127.139 E1077.57652
G1 F1304.3 X100.55 Y126.709 E1077.59312
G1 F1500 X100.55 Y93.291 E1078.70461
G1 F1304.3 X100.49 Y92.889 E1078.72016
G1 F1176.5 X100.5 Y92.5 E1078.73666
G1 X100.49 Y92.139 E1078.75197
G1 F1304.3 X100.55 Y91.709 E1078.76858
G1 F1500 X100.55 Y87.7 E1078.90192
G1 X96.451 Y87.701 E1079.03825
G1 X96.45 Y91.709 E1079.17156
G1 F1304.3 X96.51 Y92.139 E1079.18817
G1 F1176.5 X96.5 Y92.5 E1079.20348
G1 X96.51 Y92.861 E1079.2188
G1 F1304.3 X96.45 Y93.291 E1079.2354
G1 F1500 X96.45 Y126.709 E1080.34689
G1 F1304.3 X96.51 Y127.139 E1080.3635
G1 F1176.5 X96.5 Y127.5 E1080.37881
G1 X96.51 Y127.861 E1080.39413
G1 F1304.3 X96.45 Y128.291 E1080.41073
G1 F1500 X96.451 Y132.299 E1080.54404
G1 X100.55 Y132.3 E1080.68037
G1 F2700 E1075.68037
G0 F9000 X100.28 Y132.03
G0 X98.675 Y129.641
G0 X98.675 Y128.94
G1 F2700 E1080.68037
G1 F1500 X98.325 Y128.94 E1080.69201
G1 X98.008 Y128.864 E1080.70286
G1 X97.657 Y128.68 E1080.71604
G1 X97.4 Y128.443 E1080.72766
G1 X97.229 Y128.197 E1080.73763
G1 F1304.3 X97.028 Y127.83 E1080.75363
G1 F1174.2 X97.001 Y127.47 E1080.76897
G1 X97.028 Y127.17 E1080.78177
G1 F1304.3 X97.229 Y126.803 E1080.79778
G1 F1500 X97.431 Y126.522 E1080.80929
G1 X97.698 Y126.292 E1080.82101
G1 X98.008 Y126.136 E1080.83255
G1 X98.299 Y126.064 E1080.84252
G1 X98.7 Y126.064 E1080.85586
G1 X98.992 Y126.136 E1080.86586
G1 X99.302 Y126.292 E1080.8774
G1 X99.569 Y126.522 E1080.88913
G1 X99.771 Y126.803 E1080.90064
G1 F1304.3 X99.972 Y127.17 E1080.91664
G1 F1176.5 X100 Y127.5 E1080.93068
G1 X99.971 Y127.844 E1080.94532
G1 F1304.3 X99.771 Y128.197 E1080.96084
G1 F1500 X99.569 Y128.478 E1080.97235
G1 X99.302 Y128.708 E1080.98407
G1 X98.992 Y128.864 E1080.99562
G1 X98.675 Y128.94 E1081.00646
G1 F2700 E1076.00646
G0 F9000 X98.675 Y129.641
G0 X99.767 Y128.622
G0 X99.999 Y128.286
G0 X100.143 Y127.904
G0 X98.865 Y94.615
G0 X98.7 Y93.936
G1 F2700 E1081.00646
G1 F1500 X98.299 Y93.936 E1081.0198
G1 X98.008 Y93.864 E1081.02977
G1 X97.657 Y93.68 E1081.04295
G1 X97.4 Y93.443 E1081.05458
G1 X97.229 Y93.197 E1081.06454
G1 F1304.3 X97.028 Y92.83 E1081.08055
G1 F1174.2 X97.001 Y92.53 E1081.09334
G1 X97.028 Y92.17 E1081.10868
G1 F1304.3 X97.229 Y91.803 E1081.12469
G1 F1500 X97.431 Y91.522 E1081.1362
G1 X97.698 Y91.292 E1081.14792
G1 X98.008 Y91.136 E1081.15946
G1 X98.325 Y91.06 E1081.1703
G1 X98.675 Y91.06 E1081.18195
G1 X98.992 Y91.136 E1081.19279
G1 X99.302 Y91.292 E1081.20433
G1 X99.569 Y91.522 E1081.21605
G1 X99.771 Y91.803 E1081.22756
G1 F1304.3 X99.972 Y92.17 E1081.24357
G1 F1176.5 X100 Y92.5 E1081.25761
G1 X99.971 Y92.844 E1081.27225
G1 F1304.3 X99.771 Y93.197 E1081.28777
G1 F1500 X99.569 Y93.478 E1081.29928
G1 X99.302 Y93.708 E1081.311
G1 X98.992 Y93.864 E1081.32254
G1 X98.7 Y93.936 E1081.33255
G0 F9000 X99.267 Y94.268
;TYPE:FILL
G1 F3000 X100.069 Y95.07 E1081.37027
G0 F9000 X100.068 Y95.614
G1 F3000 X96.931 Y96.454 E1081.47828
G0 F9000 X97.15 Y96.454
G0 X97.15 Y97.587
G0 X96.93 Y97.587
G1 F3000 X100.069 Y100.727 E1081.62595
G0 F9000 X100.068 Y99.755
G1 F3000 X96.931 Y100.596 E1081.73398
G0 F9000 X97.15 Y100.596
G0 X97.15 Y98.748
G0 X96.93 Y98.748
G1 F3000 X98.101 Y94.379 E1081.88442
G0 F9000 X98.049 Y94.593
G0 X99.461 Y93.893
G0 X99.767 Y93.622
G0 X99.999 Y93.286
G0 X100.143 Y92.904
G0 X100.193 Y92.5
G0 X100.143 Y92.096
G0 X99.147 Y90.455
G0 X99.095 Y90.668
G1 F3000 X99.762 Y88.179 E1081.97012
G0 F9000 X98.836 Y88.18
G1 F3000 X100.069 Y89.412 E1082.0281
G0 F9000 X99.85 Y89.412
G0 X100.193 Y92.5
G0 X99.85 Y102.49
G0 X100.069 Y102.49
G1 F3000 X96.93 Y114.202 E1082.43139
G0 F9000 X96.93 Y114.558
G1 F3000 X100.069 Y117.697 E1082.57904
G0 F9000 X100.069 Y117.945
G1 F3000 X98.006 Y125.642 E1082.84408
G0 F9000 X97.169 Y126.111
G1 F3000 X96.93 Y125.872 E1082.85532
G0 F9000 X96.93 Y125.442
G1 F3000 X100.069 Y124.601 E1082.9634
G0 F9000 X99.85 Y124.601
G0 X99.85 Y123.354
G0 X100.069 Y123.354
G1 F3000 X96.93 Y120.215 E1083.11105
G0 F9000 X97.15 Y120.215
G0 X97.15 Y121.301
G0 X96.931 Y121.301
G1 F3000 X100.069 Y120.46 E1083.21911
G0 F9000 X99.85 Y120.46
G0 X99.85 Y116.319
G0 X100.068 Y116.319
G1 F3000 X96.931 Y117.16 E1083.32713
G0 F9000 X97.15 Y117.16
G0 X97.15 Y113.019
G0 X96.931 Y113.019
G1 F3000 X100.068 Y112.178 E1083.43515
G1 X100.069 Y112.041
G1 X96.93 Y108.901 E1083.58282
G1 X96.931 Y108.878
G1 X100.068 Y108.037 E1083.69084
G0 F9000 X99.85 Y108.037
G0 X99.85 Y106.384
G0 X100.069 Y106.384
G1 F3000 X96.93 Y103.244 E1083.83852
G0 F9000 X97.15 Y103.244
G0 X97.15 Y104.737
G0 X96.93 Y104.737
G1 F3000 X100.069 Y103.896 E1083.9466
G0 F9000 X99.85 Y103.896
G0 X100.193 Y127.5
G0 X99.91 Y129.033
G0 X99.89 Y128.832
G1 F3000 X100.07 Y129.012 E1083.95507
G0 F9000 X99.892 Y129.06
G0 X99.243 Y129.46
G0 X98.845 Y129.557
G0 X97.835 Y129.541
G0 X97.887 Y129.327
G1 F3000 X96.93 Y129.583 E1083.98802
G1 X96.93 Y129.659
G1 X97.143 Y128.865 E1084.01536
G0 F9000 X97.1 Y129.029
G0 X97.15 Y131.529
G0 X96.93 Y131.529
G1 F3000 X97.219 Y131.818 E1084.02895
G0 F9000 X97.45 Y131.3
G1 F2700 E1079.02895
G0 F9000 X100.33 Y131.13
G0 X101.415 Y131.13
G0 X114.335 Y131.13
G0 X115.42 Y131.13
G0 X115.87 Y131.13
G0 X115.601 Y131.399
;TYPE:WALL-INNER
G1 F2700 E1084.02895
G1 F1500 X121.4 Y131.4 E1084.22183
G1 X121.4 Y87.6 E1085.67862
G1 X115.601 Y87.601 E1085.8715
G1 X115.601 Y131.399 E1087.32823
G0 F9000 X115.87 Y131.13
G0 X118.207 Y129.132
G0 X118.278 Y128.842
G1 F1500 X117.846 Y128.736 E1087.34302
G1 X117.449 Y128.53 E1087.3579
G1 X117.109 Y128.226 E1087.37307
G1 X116.857 Y127.861 E1087.38782
G1 X116.7 Y127.445 E1087.40261
G1 X116.651 Y127 E1087.4175
G1 X116.699 Y126.558 E1087.43228
G1 X116.857 Y126.139 E1087.44718
G1 X117.109 Y125.774 E1087.46193
G1 X117.448 Y125.471 E1087.47705
G1 X117.843 Y125.265 E1087.49187
G1 X118.272 Y125.159 E1087.50657
G1 X118.727 Y125.159 E1087.5217
G1 X119.157 Y125.265 E1087.53643
G1 X119.555 Y125.474 E1087.55138
G1 X119.891 Y125.774 E1087.56636
G1 X120.142 Y126.137 E1087.58104
G1 X120.302 Y126.561 E1087.59612
G1 X120.35 Y127 E1087.6108
G1 X120.302 Y127.437 E1087.62543
G1 X120.142 Y127.862 E1087.64053
G1 X119.891 Y128.226 E1087.65524
G1 X119.554 Y128.527 E1087.67027
G1 X119.154 Y128.736 E1087.68528
G1 X118.756 Y128.833 E1087.6989
G1 X118.278 Y128.842 E1087.7148
G1 F2700 E1082.7148
G0 F9000 X118.207 Y129.132
G0 X117.311 Y128.724
G0 X116.932 Y128.389
G0 X116.644 Y127.973
G0 X116.465 Y127.501
G0 X116.43 Y127.217
G0 X118.201 Y94.131
G0 X118.272 Y93.841
G1 F2700 E1087.7148
G1 F1500 X117.843 Y93.735 E1087.7295
G1 X117.448 Y93.529 E1087.74432
G1 X117.109 Y93.226 E1087.75944
G1 X116.857 Y92.861 E1087.77419
G1 X116.7 Y92.445 E1087.78898
G1 X116.651 Y92 E1087.80387
G1 X116.699 Y91.558 E1087.81866
G1 X116.857 Y91.139 E1087.83355
G1 X117.109 Y90.774 E1087.8483
G1 X117.449 Y90.47 E1087.86347
G1 X117.847 Y90.264 E1087.87838
G1 X118.244 Y90.167 E1087.89197
G1 X118.723 Y90.158 E1087.90791
G1 X119.155 Y90.265 E1087.92271
G1 X119.554 Y90.473 E1087.93767
G1 X119.891 Y90.774 E1087.9527
G1 X120.142 Y91.137 E1087.96738
G1 X120.302 Y91.561 E1087.98245
G1 X120.35 Y92 E1087.99714
G1 X120.302 Y92.437 E1088.01177
G1 X120.142 Y92.862 E1088.02687
G1 X119.891 Y93.226 E1088.04158
G1 X119.555 Y93.526 E1088.05656
G1 X119.158 Y93.735 E1088.07148
G1 X118.727 Y93.841 E1088.08624
G1 X118.272 Y93.841 E1088.10137
G0 F9000 X118.299 Y93.436
;TYPE:WALL-OUTER
G1 F1500 X118.008 Y93.364 E1088.11135
G1 X117.657 Y93.18 E1088.12453
G1 X117.4 Y92.943 E1088.13615
G1 X117.206 Y92.653 E1088.14776
G1 X117.089 Y92.334 E1088.15906
G1 X117.051 Y92 E1088.17024
G1 X117.099 Y91.63 E1088.18265
G1 X117.229 Y91.303 E1088.19435
G1 X117.431 Y91.022 E1088.20586
G1 X117.698 Y90.792 E1088.21759
G1 X118.008 Y90.636 E1088.22913
G1 X118.313 Y90.561 E1088.23957
G1 X118.701 Y90.564 E1088.25248
G1 X118.992 Y90.636 E1088.26245
G1 X119.343 Y90.82 E1088.27563
G1 X119.6 Y91.057 E1088.28726
G1 X119.794 Y91.347 E1088.29886
G1 X119.912 Y91.677 E1088.31052
G1 X119.95 Y92 E1088.32134
G1 X119.911 Y92.334 E1088.33252
G1 X119.771 Y92.697 E1088.34546
G1 X119.569 Y92.978 E1088.35697
G1 X119.302 Y93.208 E1088.36869
G1 X118.992 Y93.364 E1088.38024
G1 X118.7 Y93.436 E1088.39024
G1 X118.299 Y93.436 E1088.40358
G1 F2700 E1083.40358
G0 F9000 X118.133 Y94.114
G0 X116.404 Y127
G0 X116.465 Y127.501
G0 X116.644 Y127.973
G0 X116.932 Y128.389
G0 X117.239 Y128.661
G0 X118.133 Y129.114
G0 X118.299 Y128.436
G1 F2700 E1088.40358
G1 F1500 X118.008 Y128.364 E1088.41355
G1 X117.657 Y128.18 E1088.42673
G1 X117.4 Y127.943 E1088.43836
G1 X117.206 Y127.653 E1088.44996
G1 X117.089 Y127.334 E1088.46126
G1 X117.051 Y127 E1088.47244
G1 X117.099 Y126.63 E1088.48485
G1 X117.229 Y126.303 E1088.49656
G1 X117.431 Y126.022 E1088.50807
G1 X117.698 Y125.792 E1088.51979
G1 X118.008 Y125.636 E1088.53133
G1 X118.299 Y125.564 E1088.5413
G1 X118.7 Y125.564 E1088.55464
G1 X118.992 Y125.636 E1088.56464
G1 X119.343 Y125.82 E1088.57782
G1 X119.6 Y126.057 E1088.58945
G1 X119.794 Y126.347 E1088.60105
G1 X119.912 Y126.677 E1088.61271
G1 X119.95 Y127 E1088.62353
G1 X119.911 Y127.334 E1088.63471
G1 X119.771 Y127.697 E1088.64765
G1 X119.569 Y127.978 E1088.65916
G1 X119.302 Y128.208 E1088.67088
G1 X118.992 Y128.364 E1088.68243
G1 X118.687 Y128.439 E1088.69287
G1 X118.299 Y128.436 E1088.70578
G1 F2700 E1083.70578
G0 F9000 X118.133 Y129.114
G0 X115.47 Y131.53
G0 X115.201 Y131.799
G1 F2700 E1088.70578
G1 F1500 X121.8 Y131.8 E1088.92526
G1 X121.8 Y87.2 E1090.40866
G1 X115.201 Y87.201 E1090.62815
G1 X115.201 Y131.799 E1092.11148
G0 F9000 X115.47 Y131.53
G0 X117.191 Y131.1
G0 X117.191 Y131.318
;TYPE:FILL
G1 F3000 X117.86 Y128.82 E1092.19749
G0 F9000 X117.096 Y128.321
G1 F3000 X115.68 Y128.7 E1092.24625
G0 F9000 X115.9 Y128.7
G0 X115.9 Y127.651
G0 X115.68 Y127.651
G1 F3000 X119.347 Y131.318 E1092.41873
G0 F9000 X119.347 Y131.1
G0 X120.6 Y127.467
G0 X120.383 Y127.441
G1 F3000 X121.319 Y127.19 E1092.45096
G0 F9000 X121.319 Y127.634
G1 F3000 X120.398 Y126.712 E1092.49431
G0 F9000 X120.619 Y126.687
G0 X120.356 Y126.027
G0 X120.068 Y125.611
G0 X119.761 Y125.339
G0 X118.907 Y124.896
G0 X118.855 Y125.109
G1 F3000 X121.319 Y115.911 E1092.81102
G0 F9000 X121.319 Y116.32
G1 F3000 X115.68 Y110.681 E1093.07626
G0 F9000 X115.9 Y110.681
G0 X115.9 Y112.136
G0 X115.68 Y112.136
G1 F3000 X121.318 Y110.625 E1093.2704
G1 X121.319 Y110.663
G1 X115.679 Y105.023 E1093.53569
G0 F9000 X115.9 Y105.023
G0 X115.9 Y106.046
G0 X115.68 Y106.046
G1 F3000 X118.943 Y93.868 E1093.95502
G0 F9000 X118.994 Y94.084
G0 X119.689 Y93.724
G0 X119.996 Y93.452
G0 X120.505 Y92.75
G0 X120.297 Y92.671
G1 F3000 X121.319 Y93.693 E1094.00309
G0 F9000 X121.318 Y94.061
G1 F3000 X115.68 Y95.572 E1094.19723
G0 F9000 X115.9 Y95.572
G0 X115.9 Y93.71
G0 X115.679 Y93.71
G1 F3000 X121.319 Y99.349 E1094.46249
G0 F9000 X121.1 Y99.349
G0 X121.1 Y100.456
G0 X121.319 Y100.456
G1 F3000 X115.681 Y121.5 E1095.1871
G0 F9000 X115.68 Y121.995
G1 F3000 X118.772 Y125.087 E1095.33254
G0 F9000 X118.824 Y124.875
G0 X115.9 Y124.559
G0 X115.681 Y124.559
G1 F3000 X121.319 Y123.049 E1095.52667
G0 F9000 X121.1 Y123.049
G0 X121.1 Y121.977
G0 X121.319 Y121.977
G1 F3000 X115.68 Y116.338 E1095.79191
G1 X115.68 Y116.277
G1 X121.318 Y114.766 E1095.98605
G0 F9000 X121.1 Y114.766
G0 X121.1 Y118.907
G0 X121.319 Y118.907
G1 F3000 X115.68 Y120.418 E1096.18022
G0 F9000 X115.9 Y120.418
G0 X115.9 Y107.995
G0 X115.681 Y107.995
G1 F3000 X121.319 Y106.484 E1096.37436
G0 F9000 X121.1 Y106.484
G0 X121.1 Y105.006
G0 X121.319 Y105.006
G1 F3000 X115.679 Y99.366 E1096.63965
G0 F9000 X115.68 Y99.713
G1 F3000 X121.318 Y98.202 E1096.83379
G0 F9000 X121.1 Y98.202
G0 X121.1 Y102.343
G0 X121.319 Y102.343
G1 F3000 X115.68 Y103.854 E1097.02796
G0 F9000 X115.9 Y103.854
G0 X115.9 Y91.431
G0 X115.68 Y91.431
G1 F3000 X116.769 Y91.139 E1097.06546
G0 F9000 X116.567 Y91.062
G0 X115.9 Y90.592
G0 X115.68 Y90.592
G1 F3000 X116.461 Y87.678 E1097.1658
G0 F9000 X115.679 Y88.053
G1 F3000 X117.815 Y90.188 E1097.26625
G0 F9000 X117.764 Y89.976
G0 X118.752 Y89.92
G0 X119.669 Y90.197
G0 X119.567 Y90.389
G1 F3000 X121.318 Y89.92 E1097.32654
G0 F9000 X121.1 Y89.92
G0 X119.964 Y90.438
G0 X119.819 Y90.601
G1 F3000 X120.602 Y87.678 E1097.42718
G0 F9000 X120.964 Y87.68
G1 F3000 X121.319 Y88.036 E1097.44391
G0 F9000 X120.8 Y88.2
G1 F2700 E1092.44391
G0 F9000 X121.58 Y106.467
G0 X122.665 Y106.467
G0 X135.585 Y106.467
G0 X136.67 Y106.467
G0 X137.09 Y106.467
G0 X136.85 Y107.148
;TYPE:WALL-INNER
G1 F2700 E1097.44391
G1 F1500 X137.114 Y106.768 E1097.4593
G1 X137.452 Y106.468 E1097.47433
G1 X137.849 Y106.263 E1097.48919
G1 X138.28 Y106.162 E1097.50391
G1 X138.72 Y106.163 E1097.51855
G1 X139.151 Y106.263 E1097.53326
G1 X139.549 Y106.47 E1097.54818
G1 X139.887 Y106.77 E1097.56321
G1 X140.15 Y107.148 E1097.57853
G1 X140.15 Y103.6 E1097.69654
G1 X136.851 Y103.601 E1097.80626
G1 X136.85 Y107.148 E1097.92424
G0 F9000 X137.09 Y106.467
G0 X136.835 Y107.847
G0 X137.12 Y112.13
G0 X136.851 Y112.399
G1 F1500 X140.15 Y112.4 E1098.03396
G1 X140.15 Y108.852 E1098.15197
G1 X139.887 Y109.229 E1098.16726
G1 X139.55 Y109.53 E1098.18228
G1 X139.151 Y109.737 E1098.19724
G1 X138.72 Y109.837 E1098.21195
G1 X138.28 Y109.838 E1098.22659
G1 X137.849 Y109.737 E1098.24131
G1 X137.451 Y109.532 E1098.2562
G1 X137.114 Y109.231 E1098.27123
G1 X136.85 Y108.852 E1098.28659
G1 X136.851 Y112.399 E1098.40456
G0 F9000 X136.451 Y112.799
;TYPE:WALL-OUTER
G1 F1500 X140.55 Y112.8 E1098.5409
G1 X140.55 Y108.791 E1098.67424
G1 F1304.3 X140.49 Y108.389 E1098.68978
G1 F1176.5 X140.5 Y108 E1098.70629
G1 X140.49 Y107.639 E1098.7216
G1 F1304.3 X140.55 Y107.209 E1098.73821
G1 F1500 X140.55 Y103.2 E1098.87155
G1 X136.451 Y103.201 E1099.00788
G1 X136.45 Y107.209 E1099.14119
G1 F1304.3 X136.51 Y107.639 E1099.15779
G1 F1176.5 X136.5 Y108 E1099.17311
G1 X136.51 Y108.361 E1099.18842
G1 F1304.3 X136.45 Y108.791 E1099.20503
G1 F1500 X136.451 Y112.799 E1099.33834
G1 F2700 E1094.33834
G0 F9000 X136.72 Y112.53
G0 X137.842 Y110.043
G0 X138.008 Y109.364
G1 F2700 E1099.33834
G1 F1500 X137.657 Y109.18 E1099.35152
G1 X137.4 Y108.943 E1099.36314
G1 X137.229 Y108.697 E1099.37311
G1 F1304.3 X137.028 Y108.33 E1099.38911
G1 F1174.2 X137.001 Y107.97 E1099.40445
G1 X137.028 Y107.67 E1099.41725
G1 F1304.3 X137.229 Y107.303 E1099.43326
G1 F1500 X137.431 Y107.022 E1099.44477
G1 X137.698 Y106.792 E1099.45649
G1 X138.008 Y106.636 E1099.46803
G1 X138.325 Y106.56 E1099.47887
G1 X138.675 Y106.56 E1099.49051
G1 X138.992 Y106.636 E1099.50136
G1 X139.302 Y106.792 E1099.5129
G1 X139.569 Y107.022 E1099.52462
G1 X139.771 Y107.303 E1099.53613
G1 F1304.3 X139.972 Y107.67 E1099.55213
G1 F1176.5 X140 Y108 E1099.56618
G1 X139.971 Y108.344 E1099.58082
G1 F1304.3 X139.771 Y108.697 E1099.59634
G1 F1500 X139.569 Y108.978 E1099.60785
G1 X139.302 Y109.208 E1099.61957
G1 X138.992 Y109.364 E1099.63111
G1 X138.675 Y109.44 E1099.64195
G1 X138.325 Y109.44 E1099.65359
G1 X138.008 Y109.364 E1099.66444
G0 F9000 X137.842 Y110.043
G0 X137.09 Y109.533
G0 X136.972 Y109.346
;TYPE:FILL
G1 F3000 X139.945 Y112.318 E1099.80425
G0 F9000 X139.945 Y112.1
G0 X138.846 Y112.1
G0 X138.846 Y112.319
G1 F3000 X139.573 Y109.605 E1099.8977
G0 F9000 X140.069 Y109.742
G1 F3000 X136.93 Y110.583 E1100.00579
G0 F9000 X137.15 Y110.583
G0 X136.807 Y108
G0 X137.15 Y106.442
G0 X136.931 Y106.442
G1 F3000 X137.742 Y106.225 E1100.03371
G0 F9000 X138.273 Y106.082
G1 F3000 X140.068 Y105.601 E1100.09552
G0 F9000 X139.85 Y105.601
G0 X139.91 Y106.467
G0 X139.966 Y106.682
G1 F3000 X136.964 Y103.68 E1100.23673
G1 X137.02 Y103.679
G1 X136.93 Y104.015 E1100.2483
G0 F9000 X137.45 Y104.2
G1 F2700 E1095.2483
;MESH:NONMESH
G0 F300 X137.45 Y104.2 Z5.2
G0 F9000 X136.664 Y103.414
G0 X135.585 Y103.414
G0 X122.653 Y86.347
G0 X114.347 Y86.347
G0 X95.597 Y86.847
G0 X84.415 Y103.414
G0 X83.33 Y103.414
G0 X83.193 Y93
G0 X82.91 Y91.467
G0 X83.15 Y92.148
;TIME_ELAPSED:2004.287399
;LAYER:25
;TYPE:WALL-INNER
;MESH:Spacers.stl
G1 F2700 E1100.2483
G1 F1500 X83.15 Y88.6 E1100.3663
G1 X79.851 Y88.601 E1100.47603
G1 X79.85 Y92.148 E1100.594
G1 X80.114 Y91.768 E1100.60939
G1 X80.452 Y91.468 E1100.62442
G1 X80.849 Y91.263 E1100.63928
G1 X81.28 Y91.162 E1100.65401
G1 X81.72 Y91.163 E1100.66864
G1 X82.151 Y91.263 E1100.68336
G1 X82.549 Y91.47 E1100.69828
G1 X82.887 Y91.77 E1100.71331
G1 X83.15 Y92.148 E1100.72863
G1 F2700 E1095.72863
G0 F9000 X82.91 Y91.467
G0 X83.165 Y92.847
G0 X82.91 Y126.467
G0 X83.15 Y127.148
G1 F2700 E1100.72863
G1 F1500 X83.15 Y93.852 E1101.83605
G1 X82.887 Y94.229 E1101.85134
G1 X82.55 Y94.53 E1101.86637
G1 X82.155 Y94.736 E1101.88119
G1 X81.727 Y94.841 E1101.89585
G1 X81.272 Y94.841 E1101.91098
G1 X80.846 Y94.736 E1101.92557
G1 X80.451 Y94.531 E1101.94037
G1 X80.114 Y94.232 E1101.95536
G1 X79.85 Y93.852 E1101.97075
G1 X79.85 Y127.148 E1103.07818
G1 X80.114 Y126.768 E1103.09357
G1 X80.451 Y126.468 E1103.10857
G1 X80.846 Y126.264 E1103.12336
G1 X81.272 Y126.159 E1103.13795
G1 X81.727 Y126.159 E1103.15309
G1 X82.155 Y126.264 E1103.16774
G1 X82.55 Y126.47 E1103.18256
G1 X82.887 Y126.771 E1103.19759
G1 X83.15 Y127.148 E1103.21288
G0 F9000 X82.91 Y126.467
G0 X83.165 Y127.847
G0 X82.88 Y132.13
G0 X83.15 Y132.4
G1 F1500 X83.15 Y128.852 E1103.33089
G1 X82.887 Y129.229 E1103.34617
G1 X82.55 Y129.53 E1103.3612
G1 X82.151 Y129.737 E1103.37615
G1 X81.72 Y129.837 E1103.39087
G1 X81.28 Y129.838 E1103.4055
G1 X80.849 Y129.737 E1103.42023
G1 X80.451 Y129.532 E1103.43512
G1 X80.114 Y129.231 E1103.45015
G1 X79.85 Y128.852 E1103.46551
G1 X79.851 Y132.399 E1103.58348
G1 X83.15 Y132.4 E1103.69321
G0 F9000 X83.55 Y132.8
;TYPE:WALL-OUTER
G1 F1500 X83.55 Y128.791 E1103.82655
G1 F1304.3 X83.49 Y128.389 E1103.84209
G1 F1176.5 X83.5 Y128 E1103.8586
G1 X83.49 Y127.639 E1103.87391
G1 F1304.3 X83.55 Y127.209 E1103.89052
G1 F1500 X83.55 Y93.791 E1105.002
G1 F1304.3 X83.49 Y93.389 E1105.01755
G1 F1176.5 X83.5 Y93 E1105.03405
G1 X83.49 Y92.639 E1105.04937
G1 F1304.3 X83.55 Y92.209 E1105.06597
G1 F1500 X83.55 Y88.2 E1105.19931
G1 X79.451 Y88.201 E1105.33565
G1 X79.45 Y92.209 E1105.46895
G1 F1304.3 X79.51 Y92.639 E1105.48556
G1 F1176.5 X79.5 Y93 E1105.50087
G1 X79.51 Y93.361 E1105.51619
G1 F1304.3 X79.45 Y93.791 E1105.5328
G1 F1500 X79.45 Y127.209 E1106.64428
G1 F1304.3 X79.51 Y127.639 E1106.66089
G1 F1176.5 X79.5 Y128 E1106.6762
G1 X79.51 Y128.361 E1106.69152
G1 F1304.3 X79.45 Y128.791 E1106.70812
G1 F1500 X79.451 Y132.799 E1106.84143
G1 X83.55 Y132.8 E1106.97776
G1 F2700 E1101.97776
G0 F9000 X83.28 Y132.53
G0 X82.157 Y130.044
G0 X81.992 Y129.364
G1 F2700 E1106.97776
G1 F1500 X81.675 Y129.44 E1106.98861
G1 X81.325 Y129.44 E1107.00025
G1 X81.008 Y129.364 E1107.01109
G1 X80.657 Y129.18 E1107.02427
G1 X80.4 Y128.943 E1107.0359
G1 X80.229 Y128.697 E1107.04586
G1 F1304.3 X80.028 Y128.33 E1107.06187
G1 F1174.2 X80.001 Y127.97 E1107.07721
G1 X80.028 Y127.67 E1107.09001
G1 F1304.3 X80.229 Y127.303 E1107.10601
G1 F1500 X80.431 Y127.022 E1107.11752
G1 X80.698 Y126.792 E1107.12924
G1 X81.008 Y126.636 E1107.14079
G1 X81.299 Y126.564 E1107.15076
G1 X81.7 Y126.564 E1107.16409
G1 X81.992 Y126.636 E1107.1741
G1 X82.302 Y126.792 E1107.18564
G1 X82.569 Y127.022 E1107.19736
G1 X82.771 Y127.303 E1107.20887
G1 F1304.3 X82.972 Y127.67 E1107.22487
G1 F1176.5 X83 Y128 E1107.23892
G1 X82.971 Y128.344 E1107.25356
G1 F1304.3 X82.771 Y128.697 E1107.26908
G1 F1500 X82.6 Y128.943 E1107.27904
G1 X82.302 Y129.208 E1107.29231
G1 X81.992 Y129.364 E1107.30385
G1 F2700 E1102.30385
G0 F9000 X82.157 Y130.044
G0 X82.999 Y128.786
G0 X83.143 Y128.404
G0 X81.865 Y95.115
G0 X81.7 Y94.436
G1 F2700 E1107.30385
G1 F1500 X81.299 Y94.436 E1107.31719
G1 X81.008 Y94.364 E1107.32716
G1 X80.657 Y94.18 E1107.34034
G1 X80.4 Y93.943 E1107.35196
G1 X80.229 Y93.697 E1107.36193
G1 F1304.3 X80.028 Y93.33 E1107.37793
G1 F1174.2 X80.001 Y92.97 E1107.39327
G1 X80.028 Y92.67 E1107.40607
G1 F1304.3 X80.229 Y92.303 E1107.42208
G1 F1500 X80.431 Y92.022 E1107.43359
G1 X80.698 Y91.792 E1107.44531
G1 X81.008 Y91.636 E1107.45685
G1 X81.325 Y91.56 E1107.46769
G1 X81.675 Y91.56 E1107.47933
G1 X81.992 Y91.636 E1107.49018
G1 X82.302 Y91.792 E1107.50172
G1 X82.569 Y92.022 E1107.51344
G1 X82.771 Y92.303 E1107.52495
G1 F1304.3 X82.972 Y92.67 E1107.54096
G1 F1176.5 X83 Y93 E1107.555
G1 X82.971 Y93.344 E1107.56964
G1 F1304.3 X82.771 Y93.697 E1107.58516
G1 F1500 X82.569 Y93.978 E1107.59667
G1 X82.302 Y94.208 E1107.60839
G1 X81.992 Y94.364 E1107.61993
G1 X81.7 Y94.436 E1107.62993
G0 F9000 X81.247 Y94.915
;TYPE:FILL
G1 F3000 X79.93 Y99.831 E1107.79921
G0 F9000 X80.15 Y99.831
G0 X80.15 Y101.156
G0 X79.93 Y101.156
G1 F3000 X83.069 Y100.315 E1107.90729
G1 X83.07 Y100.498
G1 X79.93 Y97.359 E1108.05497
G0 F9000 X79.93 Y97.015
G1 F3000 X83.069 Y96.174 E1108.16305
G0 F9000 X82.85 Y96.174
G0 X82.85 Y94.842
G0 X83.07 Y94.842
G1 F3000 X82.715 Y94.487 E1108.17975
G0 F9000 X82.861 Y94.654
G0 X83.193 Y93
G0 X83.143 Y92.596
G0 X82.34 Y91.023
G0 X82.238 Y91.216
G1 F3000 X82.918 Y88.679 E1108.26711
G0 F9000 X82.564 Y88.679
G1 F3000 X83.07 Y89.185 E1108.29091
G0 F9000 X82.85 Y89.185
G0 X80.128 Y88.9
G0 X80.128 Y88.679
G1 F3000 X79.931 Y88.732 E1108.29769
G0 F9000 X80.12 Y88.87
G0 X79.807 Y93
G0 X80.15 Y103.016
G0 X79.93 Y103.016
G1 F3000 X83.07 Y106.155 E1108.44537
G0 F9000 X82.85 Y106.155
G0 X82.85 Y104.456
G0 X83.068 Y104.456
G1 F3000 X79.93 Y105.297 E1108.55342
G0 F9000 X80.15 Y105.297
G0 X80.15 Y108.673
G0 X79.93 Y108.673
G1 F3000 X83.07 Y111.812 E1108.70109
G0 F9000 X83.069 Y112.738
G1 F3000 X79.93 Y113.579 E1108.80918
G0 F9000 X79.93 Y114.329
G1 F3000 X83.07 Y117.469 E1108.95687
G0 F9000 X83.069 Y116.879
G1 F3000 X79.93 Y117.72 E1109.06496
G0 F9000 X80.15 Y117.72
G0 X80.15 Y119.986
G0 X79.93 Y119.986
G1 F3000 X83.07 Y123.126 E1109.21266
G0 F9000 X82.85 Y123.126
G0 X82.85 Y125.162
G0 X83.068 Y125.162
G1 F3000 X79.93 Y126.002 E1109.3207
G0 F9000 X79.93 Y125.643
G1 F3000 X80.591 Y126.304 E1109.35179
G0 F9000 X81.173 Y126.102
G1 F3000 X83.069 Y119.024 E1109.59551
G0 F9000 X82.85 Y119.024
G0 X82.85 Y121.02
G0 X83.069 Y121.02
G1 F3000 X79.93 Y121.861 E1109.70359
G0 F9000 X80.15 Y121.861
G0 X80.15 Y115.285
G0 X79.93 Y115.285
G1 F3000 X83.069 Y103.57 E1110.10698
G0 F9000 X82.85 Y103.57
G0 X82.85 Y108.597
G0 X83.068 Y108.597
G1 F3000 X79.93 Y109.438 E1110.21503
G0 F9000 X80.15 Y109.438
G0 X79.807 Y128
G0 X80.123 Y129.64
G0 X80.268 Y129.476
G1 F3000 X79.93 Y130.738 E1110.25849
G0 F9000 X79.93 Y131.3
G1 F3000 X80.948 Y132.318 E1110.30637
G0 F9000 X80.948 Y132.1
G0 X80.15 Y130.143
G0 X79.931 Y130.143
G1 F3000 X81.008 Y129.855 E1110.34345
G0 F9000 X80.955 Y130.07
G0 X81.752 Y130.08
G0 X82.243 Y129.96
G0 X82.496 Y129.826
G0 X82.9 Y129.525
G0 X82.86 Y129.358
G1 F3000 X82.985 Y129.325 E1110.34775
G0 F9000 X82.55 Y129.806
G1 F2700 E1105.34775
G0 F9000 X82.574 Y129.854
G0 X83.33 Y131.63
G0 X84.415 Y131.63
G0 X95.585 Y131.63
G0 X96.67 Y131.63
G0 X99.88 Y131.63
G0 X100.15 Y131.9
;TYPE:WALL-INNER
G1 F2700 E1110.34775
G1 F1500 X100.15 Y128.352 E1110.46576
G1 X99.887 Y128.729 E1110.48105
G1 X99.55 Y129.03 E1110.49608
G1 X99.151 Y129.237 E1110.51103
G1 X98.72 Y129.337 E1110.52574
G1 X98.28 Y129.338 E1110.54038
G1 X97.849 Y129.237 E1110.5551
G1 X97.451 Y129.032 E1110.56999
G1 X97.114 Y128.731 E1110.58502
G1 X96.85 Y128.352 E1110.60038
G1 X96.851 Y131.899 E1110.71836
G1 X100.15 Y131.9 E1110.82808
G0 F9000 X99.88 Y131.63
G0 X100.193 Y127.5
G0 X99.91 Y125.967
G0 X100.15 Y126.648
G1 F1500 X100.15 Y93.352 E1111.93551
G1 X99.887 Y93.729 E1111.9508
G1 X99.55 Y94.03 E1111.96583
G1 X99.155 Y94.236 E1111.98064
G1 X98.727 Y94.341 E1111.9953
G1 X98.272 Y94.341 E1112.01044
G1 X97.846 Y94.236 E1112.02503
G1 X97.451 Y94.031 E1112.03983
G1 X97.114 Y93.732 E1112.05481
G1 X96.85 Y93.352 E1112.0702
G1 X96.85 Y126.648 E1113.17763
G1 X97.114 Y126.268 E1113.19302
G1 X97.451 Y125.968 E1113.20803
G1 X97.846 Y125.764 E1113.22282
G1 X98.272 Y125.659 E1113.23741
G1 X98.727 Y125.659 E1113.25254
G1 X99.155 Y125.764 E1113.2672
G1 X99.55 Y125.97 E1113.28202
G1 X99.887 Y126.271 E1113.29705
G1 X100.15 Y126.648 E1113.31233
G1 F2700 E1108.31233
G0 F9000 X99.91 Y125.967
G0 X100.193 Y92.5
G0 X99.91 Y90.967
G0 X100.15 Y91.648
G1 F2700 E1113.31233
G1 F1500 X100.15 Y88.1 E1113.43034
G1 X96.851 Y88.101 E1113.54007
G1 X96.85 Y91.648 E1113.65804
G1 X97.114 Y91.268 E1113.67343
G1 X97.452 Y90.968 E1113.68846
G1 X97.849 Y90.763 E1113.70332
G1 X98.28 Y90.662 E1113.71805
G1 X98.72 Y90.663 E1113.73268
G1 X99.151 Y90.763 E1113.7474
G1 X99.549 Y90.97 E1113.76232
G1 X99.887 Y91.27 E1113.77735
G1 X100.15 Y91.648 E1113.79266
G1 F2700 E1108.79266
G0 F9000 X99.91 Y90.967
G0 X100.193 Y92.5
G0 X100.143 Y92.904
G0 X99.999 Y93.286
G0 X98.865 Y94.615
G0 X98.7 Y93.936
;TYPE:WALL-OUTER
G1 F2700 E1113.79266
G1 F1500 X98.299 Y93.936 E1113.806
G1 X98.008 Y93.864 E1113.81597
G1 X97.657 Y93.68 E1113.82915
G1 X97.4 Y93.443 E1113.84078
G1 X97.229 Y93.197 E1113.85074
G1 F1304.3 X97.028 Y92.83 E1113.86675
G1 F1174.2 X97.001 Y92.47 E1113.88209
G1 X97.028 Y92.17 E1113.89489
G1 F1304.3 X97.229 Y91.803 E1113.91089
G1 F1500 X97.431 Y91.522 E1113.9224
G1 X97.698 Y91.292 E1113.93412
G1 X98.008 Y91.136 E1113.94567
G1 X98.325 Y91.06 E1113.95651
G1 X98.675 Y91.06 E1113.96815
G1 X98.992 Y91.136 E1113.97899
G1 X99.302 Y91.292 E1113.99053
G1 X99.569 Y91.522 E1114.00226
G1 X99.771 Y91.803 E1114.01377
G1 F1304.3 X99.972 Y92.17 E1114.02977
G1 F1176.5 X100 Y92.5 E1114.04382
G1 X99.971 Y92.844 E1114.05845
G1 F1304.3 X99.771 Y93.197 E1114.07397
G1 F1500 X99.569 Y93.478 E1114.08548
G1 X99.302 Y93.708 E1114.0972
G1 X98.992 Y93.864 E1114.10875
G1 X98.7 Y93.936 E1114.11875
G1 F2700 E1109.11875
G0 F9000 X98.865 Y94.615
G0 X100.193 Y127.5
G0 X100.143 Y127.904
G0 X99.999 Y128.286
G0 X98.675 Y129.641
G0 X98.675 Y128.94
G1 F2700 E1114.11875
G1 F1500 X98.325 Y128.94 E1114.13039
G1 X98.008 Y128.864 E1114.14123
G1 X97.657 Y128.68 E1114.15441
G1 X97.4 Y128.443 E1114.16604
G1 X97.229 Y128.197 E1114.17601
G1 F1304.3 X97.028 Y127.83 E1114.19201
G1 F1174.2 X97.001 Y127.47 E1114.20735
G1 X97.028 Y127.17 E1114.22015
G1 F1304.3 X97.229 Y126.803 E1114.23615
G1 F1500 X97.431 Y126.522 E1114.24766
G1 X97.698 Y126.292 E1114.25939
G1 X98.008 Y126.136 E1114.27093
G1 X98.299 Y126.064 E1114.2809
G1 X98.7 Y126.064 E1114.29424
G1 X98.992 Y126.136 E1114.30424
G1 X99.302 Y126.292 E1114.31578
G1 X99.569 Y126.522 E1114.3275
G1 X99.771 Y126.803 E1114.33901
G1 F1304.3 X99.972 Y127.17 E1114.35502
G1 F1176.5 X100 Y127.5 E1114.36906
G1 X99.971 Y127.844 E1114.3837
G1 F1304.3 X99.771 Y128.197 E1114.39922
G1 F1500 X99.569 Y128.478 E1114.41073
G1 X99.302 Y128.708 E1114.42245
G1 X98.992 Y128.864 E1114.43399
G1 X98.675 Y128.94 E1114.44484
G1 F2700 E1109.44484
G0 F9000 X98.675 Y129.641
G0 X100.28 Y132.03
G0 X100.55 Y132.3
G1 F2700 E1114.44484
G1 F1500 X100.55 Y128.291 E1114.57818
G1 F1304.3 X100.49 Y127.889 E1114.59372
G1 F1176.5 X100.5 Y127.5 E1114.61022
G1 X100.49 Y127.139 E1114.62554
G1 F1304.3 X100.55 Y126.709 E1114.64215
G1 F1500 X100.55 Y93.291 E1115.75363
G1 F1304.3 X100.49 Y92.889 E1115.76918
G1 F1176.5 X100.5 Y92.5 E1115.78568
G1 X100.49 Y92.139 E1115.801
G1 F1304.3 X100.55 Y91.709 E1115.8176
G1 F1500 X100.55 Y87.7 E1115.95094
G1 X96.451 Y87.701 E1116.08728
G1 X96.45 Y91.709 E1116.22058
G1 F1304.3 X96.51 Y92.139 E1116.23719
G1 F1176.5 X96.5 Y92.5 E1116.2525
G1 X96.51 Y92.861 E1116.26782
G1 F1304.3 X96.45 Y93.291 E1116.28442
G1 F1500 X96.45 Y126.709 E1117.39591
G1 F1304.3 X96.51 Y127.139 E1117.41252
G1 F1176.5 X96.5 Y127.5 E1117.42783
G1 X96.51 Y127.861 E1117.44315
G1 F1304.3 X96.45 Y128.291 E1117.45975
G1 F1500 X96.451 Y132.299 E1117.59306
G1 X100.55 Y132.3 E1117.72939
G0 F9000 X100.28 Y132.03
G0 X97.418 Y131.6
G0 X97.418 Y131.818
;TYPE:FILL
G1 F3000 X96.93 Y131.33 E1117.75235
G0 F9000 X97.15 Y131.33
G0 X97.15 Y129.73
G0 X96.93 Y129.73
G1 F3000 X98.179 Y129.395 E1117.79536
G0 F9000 X98.126 Y129.612
G0 X97.15 Y129.114
G0 X96.93 Y129.114
G1 F3000 X97.006 Y128.829 E1117.80517
G0 F9000 X97.09 Y129.033
G0 X97.311 Y129.224
G0 X97.757 Y129.46
G0 X98.248 Y129.58
G0 X98.752 Y129.58
G0 X99.031 Y129.512
G0 X99.868 Y129.148
G0 X99.722 Y128.981
G1 F3000 X100.068 Y128.889 E1117.81708
G0 F9000 X99.91 Y129.033
G0 X100.193 Y127.5
G0 X100.143 Y127.096
G0 X99.999 Y126.714
G0 X99.767 Y126.378
G0 X99.461 Y126.107
G0 X97.799 Y125.467
G0 X97.85 Y125.681
G1 F3000 X100.069 Y117.4 E1118.10222
G1 X100.069 Y117.498
G1 X96.93 Y114.358 E1118.24989
G0 F9000 X96.93 Y113.658
G1 F3000 X100.069 Y101.945 E1118.65322
G0 F9000 X99.85 Y101.945
G0 X99.85 Y100.527
G0 X100.069 Y100.527
G1 F3000 X96.93 Y97.388 E1118.80086
G0 F9000 X96.931 Y96.601
G1 F3000 X100.068 Y95.76 E1118.90889
G0 F9000 X100.069 Y94.871
G1 F3000 X99.398 Y94.2 E1118.94045
G0 F9000 X99.499 Y94.393
G0 X98.894 Y94.544
G0 X97.911 Y94.56
G0 X97.964 Y94.344
G1 F3000 X96.93 Y98.203 E1119.07333
G0 F9000 X97.15 Y98.203
G0 X97.15 Y100.741
G0 X96.931 Y100.741
G1 F3000 X100.069 Y99.901 E1119.18137
G0 F9000 X99.85 Y99.901
G0 X99.85 Y104.042
G0 X100.068 Y104.042
G1 F3000 X96.931 Y104.883 E1119.28939
G0 F9000 X97.15 Y104.883
G0 X97.15 Y103.045
G0 X96.93 Y103.045
G1 F3000 X100.069 Y106.184 E1119.43704
G0 F9000 X99.85 Y106.184
G0 X99.85 Y108.183
G0 X100.068 Y108.183
G1 F3000 X96.931 Y109.024 E1119.54506
G0 F9000 X96.93 Y108.702
G1 F3000 X100.069 Y111.841 E1119.69271
G0 F9000 X100.068 Y112.324
G1 F3000 X96.931 Y113.165 E1119.80073
G0 F9000 X97.15 Y113.165
G0 X97.15 Y117.306
G0 X96.931 Y117.306
G1 F3000 X100.069 Y116.465 E1119.90879
G0 F9000 X99.85 Y116.465
G0 X99.85 Y120.606
G0 X100.069 Y120.606
G1 F3000 X96.931 Y121.447 E1120.01684
G0 F9000 X97.15 Y121.447
G0 X97.15 Y120.015
G0 X96.93 Y120.015
G1 F3000 X100.069 Y123.155 E1120.16451
G0 F9000 X99.85 Y123.155
G0 X99.85 Y124.747
G0 X100.068 Y124.747
G1 F3000 X96.931 Y125.588 E1120.27254
G1 X96.93 Y125.672
G1 X97.274 Y126.017 E1120.28874
G1 F2700 E1115.28874
G0 F9000 X97.131 Y125.853
G0 X100.193 Y92.5
G0 X100.143 Y92.096
G0 X100.026 Y91.786
G0 X99.011 Y90.421
G0 X98.958 Y90.636
G1 F2700 E1120.28874
G1 F3000 X99.616 Y88.179 E1120.37334
G0 F9000 X99.035 Y88.18
G1 F3000 X100.069 Y89.213 E1120.42195
G0 F9000 X99.85 Y89.213
G0 X97.449 Y88.4
G0 X97.449 Y88.179
G1 F3000 X96.931 Y88.318 E1120.43979
G0 F9000 X97.45 Y88.7
G1 F2700 E1115.43979
G0 F9000 X99.767 Y91.378
G0 X99.999 Y91.714
G0 X100.116 Y92.024
G0 X100.33 Y94.131
G0 X101.415 Y94.131
G0 X114.335 Y94.131
G0 X115.42 Y94.131
G0 X118.201 Y94.131
G0 X118.272 Y93.841
;TYPE:WALL-INNER
G1 F2700 E1120.43979
G1 F1500 X117.843 Y93.735 E1120.45449
G1 X117.448 Y93.529 E1120.4693
G1 X117.109 Y93.226 E1120.48443
G1 X116.857 Y92.861 E1120.49918
G1 X116.7 Y92.445 E1120.51397
G1 X116.651 Y92 E1120.52886
G1 X116.699 Y91.558 E1120.54365
G1 X116.857 Y91.138 E1120.55857
G1 X117.109 Y90.774 E1120.5733
G1 X117.449 Y90.47 E1120.58847
G1 X117.847 Y90.264 E1120.60337
G1 X118.244 Y90.167 E1120.61696
G1 X118.723 Y90.158 E1120.6329
G1 X119.155 Y90.265 E1120.6477
G1 X119.554 Y90.473 E1120.66267
G1 X119.891 Y90.774 E1120.6777
G1 X120.142 Y91.137 E1120.69237
G1 X120.302 Y91.561 E1120.70745
G1 X120.35 Y92 E1120.72214
G1 X120.302 Y92.437 E1120.73676
G1 X120.142 Y92.862 E1120.75186
G1 X119.891 Y93.226 E1120.76657
G1 X119.555 Y93.526 E1120.78155
G1 X119.158 Y93.735 E1120.79647
G1 X118.727 Y93.841 E1120.81123
G1 X118.272 Y93.841 E1120.82637
G1 F2700 E1115.82637
G0 F9000 X118.201 Y94.131
G0 X116.404 Y127
G0 X116.465 Y127.501
G0 X116.644 Y127.973
G0 X116.932 Y128.389
G0 X117.273 Y128.691
G0 X118.207 Y129.132
G0 X118.278 Y128.842
G1 F2700 E1120.82637
G1 F1500 X117.846 Y128.736 E1120.84116
G1 X117.449 Y128.53 E1120.85604
G1 X117.109 Y128.226 E1120.87121
G1 X116.857 Y127.861 E1120.88596
G1 X116.7 Y127.445 E1120.90075
G1 X116.651 Y127 E1120.91564
G1 X116.699 Y126.558 E1120.93043
G1 X116.857 Y126.138 E1120.94535
G1 X117.109 Y125.774 E1120.96008
G1 X117.448 Y125.471 E1120.9752
G1 X117.843 Y125.265 E1120.99002
G1 X118.272 Y125.159 E1121.00471
G1 X118.727 Y125.159 E1121.01985
G1 X119.157 Y125.265 E1121.03458
G1 X119.555 Y125.474 E1121.04953
G1 X119.891 Y125.774 E1121.06451
G1 X120.142 Y126.137 E1121.07919
G1 X120.302 Y126.561 E1121.09426
G1 X120.35 Y127 E1121.10895
G1 X120.302 Y127.437 E1121.12357
G1 X120.142 Y127.862 E1121.13868
G1 X119.891 Y128.226 E1121.15338
G1 X119.554 Y128.527 E1121.16841
G1 X119.154 Y128.736 E1121.18342
G1 X118.756 Y128.833 E1121.19705
G1 X118.278 Y128.842 E1121.21295
G0 F9000 X118.207 Y129.132
G0 X115.87 Y131.13
G0 X115.601 Y131.399
G1 F1500 X121.4 Y131.4 E1121.40582
G1 X121.4 Y87.6 E1122.86262
G1 X115.601 Y87.601 E1123.05549
G1 X115.601 Y131.399 E1124.51222
G0 F9000 X115.201 Y131.799
;TYPE:WALL-OUTER
G1 F1500 X121.8 Y131.8 E1124.7317
G1 X121.8 Y87.2 E1126.21511
G1 X115.201 Y87.201 E1126.43459
G1 X115.201 Y131.799 E1127.91792
G1 F2700 E1122.91792
G0 F9000 X115.47 Y131.53
G0 X118.133 Y129.114
G0 X118.299 Y128.436
G1 F2700 E1127.91792
G1 F1500 X118.008 Y128.364 E1127.92789
G1 X117.657 Y128.18 E1127.94108
G1 X117.4 Y127.943 E1127.9527
G1 X117.206 Y127.653 E1127.96431
G1 X117.089 Y127.334 E1127.97561
G1 X117.051 Y127 E1127.98679
G1 X117.099 Y126.63 E1127.9992
G1 X117.229 Y126.303 E1128.0109
G1 X117.431 Y126.022 E1128.02241
G1 X117.698 Y125.792 E1128.03413
G1 X118.008 Y125.636 E1128.04568
G1 X118.299 Y125.564 E1128.05565
G1 X118.7 Y125.564 E1128.06899
G1 X118.992 Y125.636 E1128.07899
G1 X119.343 Y125.82 E1128.09217
G1 X119.6 Y126.057 E1128.1038
G1 X119.794 Y126.347 E1128.1154
G1 X119.912 Y126.677 E1128.12706
G1 X119.95 Y127 E1128.13788
G1 X119.911 Y127.334 E1128.14906
G1 X119.771 Y127.697 E1128.162
G1 X119.569 Y127.978 E1128.17351
G1 X119.302 Y128.208 E1128.18523
G1 X118.992 Y128.364 E1128.19677
G1 X118.687 Y128.439 E1128.20722
G1 X118.299 Y128.436 E1128.22013
G1 F2700 E1123.22013
G0 F9000 X118.133 Y129.114
G0 X117.311 Y128.724
G0 X116.932 Y128.389
G0 X116.644 Y127.973
G0 X116.465 Y127.501
G0 X116.43 Y127.217
G0 X118.133 Y94.114
G0 X118.299 Y93.436
G1 F2700 E1128.22013
G1 F1500 X118.008 Y93.364 E1128.2301
G1 X117.657 Y93.18 E1128.24328
G1 X117.4 Y92.943 E1128.2549
G1 X117.206 Y92.653 E1128.26651
G1 X117.089 Y92.334 E1128.27781
G1 X117.051 Y92 E1128.28899
G1 X117.099 Y91.63 E1128.3014
G1 X117.229 Y91.303 E1128.3131
G1 X117.431 Y91.022 E1128.32461
G1 X117.698 Y90.792 E1128.33634
G1 X118.008 Y90.636 E1128.34788
G1 X118.313 Y90.561 E1128.35833
G1 X118.701 Y90.564 E1128.37123
G1 X118.992 Y90.636 E1128.3812
G1 X119.343 Y90.82 E1128.39438
G1 X119.6 Y91.057 E1128.40601
G1 X119.794 Y91.347 E1128.41761
G1 X119.912 Y91.677 E1128.42927
G1 X119.95 Y92 E1128.44009
G1 X119.911 Y92.334 E1128.45127
G1 X119.771 Y92.697 E1128.46421
G1 X119.569 Y92.978 E1128.47572
G1 X119.302 Y93.208 E1128.48744
G1 X118.992 Y93.364 E1128.49899
G1 X118.7 Y93.436 E1128.50899
G1 X118.299 Y93.436 E1128.52233
G0 F9000 X118.787 Y93.907
;TYPE:FILL
G1 F3000 X115.68 Y105.501 E1128.92155
G0 F9000 X115.679 Y104.824
G1 F3000 X121.319 Y110.464 E1129.18684
G0 F9000 X121.318 Y110.771
G1 F3000 X115.68 Y112.282 E1129.38098
G0 F9000 X115.9 Y112.282
G0 X115.9 Y110.481
G0 X115.68 Y110.481
G1 F3000 X121.319 Y116.121 E1129.64624
G0 F9000 X121.319 Y115.366
G1 F3000 X118.717 Y125.079 E1129.98069
G0 F9000 X119.037 Y125.152
G1 F3000 X115.68 Y121.795 E1130.13859
G0 F9000 X115.681 Y120.955
G1 F3000 X121.319 Y99.912 E1130.86317
G0 F9000 X121.319 Y99.15
G1 F3000 X115.679 Y93.51 E1131.12846
G0 F9000 X115.9 Y93.51
G0 X115.9 Y91.577
G0 X115.68 Y91.577
G1 F3000 X116.708 Y91.301 E1131.16386
G0 F9000 X116.505 Y91.224
G0 X115.9 Y90.047
G0 X115.68 Y90.047
G1 F3000 X116.315 Y87.679 E1131.2454
G0 F9000 X115.679 Y87.853
G1 F3000 X117.975 Y90.149 E1131.3534
G0 F9000 X117.924 Y89.936
G0 X118.752 Y89.92
G0 X119.031 Y89.988
G0 X119.846 Y90.333
G0 X119.701 Y90.496
G1 F3000 X120.456 Y87.679 E1131.4504
G0 F9000 X121.163 Y87.68
G1 F3000 X121.319 Y87.836 E1131.45774
G0 F9000 X121.1 Y87.836
G0 X121.1 Y90.066
G0 X121.318 Y90.066
G1 F3000 X119.702 Y90.499 E1131.51338
G0 F9000 X119.848 Y90.335
G0 X120.356 Y91.027
G0 X120.535 Y91.499
G0 X120.57 Y91.783
G0 X120.56 Y92.606
G0 X120.353 Y92.527
G1 F3000 X121.319 Y93.493 E1131.55882
G0 F9000 X121.318 Y94.207
G1 F3000 X115.68 Y95.718 E1131.75296
G0 F9000 X115.9 Y95.718
G0 X115.9 Y99.167
G0 X115.679 Y99.167
G1 F3000 X121.319 Y104.807 E1132.01825
G0 F9000 X121.1 Y104.807
G0 X121.1 Y106.63
G0 X121.318 Y106.63
G1 F3000 X115.68 Y108.141 E1132.21239
G0 F9000 X115.9 Y108.141
G0 X115.9 Y104
G0 X115.68 Y104
G1 F3000 X121.319 Y102.489 E1132.40656
G0 F9000 X121.1 Y102.489
G0 X121.1 Y98.348
G0 X121.318 Y98.348
G1 F3000 X115.68 Y99.859 E1132.60069
G0 F9000 X115.9 Y99.859
G0 X121.1 Y114.912
G0 X121.319 Y114.912
G1 F3000 X115.68 Y116.423 E1132.79487
G0 F9000 X115.68 Y116.138
G1 F3000 X121.319 Y121.777 E1133.06011
G0 F9000 X121.1 Y121.777
G0 X121.1 Y123.195
G0 X121.319 Y123.195
G1 F3000 X115.68 Y124.705 E1133.25427
G0 F9000 X115.9 Y124.705
G0 X115.9 Y127.452
G0 X115.68 Y127.452
G1 F3000 X119.547 Y131.318 E1133.43614
G0 F9000 X119.547 Y131.1
G0 X121.186 Y131.1
G0 X121.186 Y131.319
G1 F3000 X121.319 Y130.821 E1133.45328
G0 F9000 X121.1 Y130.821
G0 X120.531 Y127.681
G0 X120.325 Y127.602
G1 F3000 X121.318 Y127.336 E1133.48747
G1 X121.319 Y127.434
G1 X120.351 Y126.466 E1133.533
G0 F9000 X120.558 Y126.388
G0 X120.596 Y127
G0 X120.535 Y127.501
G0 X120.356 Y127.973
G0 X120.068 Y128.389
G0 X119.689 Y128.724
G0 X119.243 Y128.96
G0 X118.752 Y129.08
G0 X118.466 Y129.08
G0 X117.627 Y128.959
G0 X117.729 Y128.767
G1 F3000 X117.045 Y131.319 E1133.62088
G0 F9000 X117.045 Y131.1
G0 X115.9 Y128.846
G0 X115.68 Y128.846
G1 F3000 X117.221 Y128.434 E1133.67393
G0 F9000 X117.076 Y128.598
G0 X116.644 Y127.973
G0 X116.483 Y127.548
G0 X115.9 Y120.564
G0 X115.681 Y120.564
G1 F3000 X121.319 Y119.053 E1133.86807
G0 F9000 X120.8 Y119.053
G1 F2700 E1128.86807
G0 F9000 X121.58 Y112.13
G0 X122.665 Y112.13
G0 X135.585 Y112.13
G0 X136.67 Y112.13
G0 X137.12 Y112.13
G0 X136.851 Y112.399
;TYPE:WALL-INNER
G1 F2700 E1133.86807
G1 F1500 X140.15 Y112.4 E1133.9778
G1 X140.15 Y108.852 E1134.0958
G1 X139.887 Y109.229 E1134.11109
G1 X139.55 Y109.53 E1134.12612
G1 X139.151 Y109.737 E1134.14107
G1 X138.72 Y109.837 E1134.15579
G1 X138.28 Y109.838 E1134.17042
G1 X137.849 Y109.737 E1134.18515
G1 X137.451 Y109.532 E1134.20004
G1 X137.114 Y109.231 E1134.21507
G1 X136.85 Y108.852 E1134.23043
G1 X136.851 Y112.399 E1134.3484
G0 F9000 X137.12 Y112.13
G0 X136.807 Y108
G0 X137.09 Y106.467
G0 X136.85 Y107.148
G1 F1500 X137.114 Y106.768 E1134.36379
G1 X137.452 Y106.468 E1134.37882
G1 X137.849 Y106.263 E1134.39368
G1 X138.28 Y106.162 E1134.40841
G1 X138.72 Y106.163 E1134.42304
G1 X139.151 Y106.263 E1134.43776
G1 X139.549 Y106.47 E1134.45268
G1 X139.887 Y106.77 E1134.46771
G1 X140.15 Y107.148 E1134.48303
G1 X140.15 Y103.6 E1134.60103
G1 X136.851 Y103.601 E1134.71076
G1 X136.85 Y107.148 E1134.82873
G1 F2700 E1129.82873
G0 F9000 X137.09 Y106.467
G0 X136.807 Y108
G0 X136.857 Y108.404
G0 X137.842 Y110.043
G0 X138.008 Y109.364
;TYPE:WALL-OUTER
G1 F2700 E1134.82873
G1 F1500 X137.657 Y109.18 E1134.84191
G1 X137.4 Y108.943 E1134.85354
G1 X137.229 Y108.697 E1134.8635
G1 F1304.3 X137.028 Y108.33 E1134.87951
G1 F1174.2 X137.001 Y107.97 E1134.89485
G1 X137.028 Y107.67 E1134.90765
G1 F1304.3 X137.229 Y107.303 E1134.92365
G1 F1500 X137.431 Y107.022 E1134.93516
G1 X137.698 Y106.792 E1134.94688
G1 X138.008 Y106.636 E1134.95843
G1 X138.325 Y106.56 E1134.96927
G1 X138.675 Y106.56 E1134.98091
G1 X138.992 Y106.636 E1134.99175
G1 X139.302 Y106.792 E1135.00329
G1 X139.569 Y107.022 E1135.01501
G1 X139.771 Y107.303 E1135.02653
G1 F1304.3 X139.972 Y107.67 E1135.04253
G1 F1176.5 X140 Y108 E1135.05657
G1 X139.971 Y108.344 E1135.07121
G1 F1304.3 X139.771 Y108.697 E1135.08673
G1 F1500 X139.569 Y108.978 E1135.09824
G1 X139.302 Y109.208 E1135.10996
G1 X138.992 Y109.364 E1135.12151
G1 X138.675 Y109.44 E1135.13235
G1 X138.325 Y109.44 E1135.14399
G1 X138.008 Y109.364 E1135.15483
G1 F2700 E1130.15483
G0 F9000 X137.842 Y110.043
G0 X136.72 Y112.53
G0 X136.451 Y112.799
G1 F2700 E1135.15483
G1 F1500 X140.55 Y112.8 E1135.29117
G1 X140.55 Y108.791 E1135.42451
G1 F1304.3 X140.49 Y108.389 E1135.44005
G1 F1176.5 X140.5 Y108 E1135.45655
G1 X140.49 Y107.639 E1135.47187
G1 F1304.3 X140.55 Y107.209 E1135.48847
G1 F1500 X140.55 Y103.2 E1135.62181
G1 X136.451 Y103.201 E1135.75815
G1 X136.45 Y107.209 E1135.89145
G1 F1304.3 X136.51 Y107.639 E1135.90806
G1 F1176.5 X136.5 Y108 E1135.92338
G1 X136.51 Y108.361 E1135.93869
G1 F1304.3 X136.45 Y108.791 E1135.9553
G1 F1500 X136.451 Y112.799 E1136.0886
G0 F9000 X136.72 Y112.53
G0 X137.15 Y110.729
G0 X136.93 Y110.729
;TYPE:FILL
G1 F3000 X140.069 Y109.888 E1136.19669
G0 F9000 X139.404 Y109.694
G1 F3000 X138.7 Y112.319 E1136.28708
G0 F9000 X138.7 Y112.1
G0 X139.88 Y112.13
G0 X140.069 Y112.243
G1 F3000 X137.446 Y109.62 E1136.41046
G0 F9000 X137.345 Y109.81
G0 X136.857 Y108.404
G0 X136.812 Y108.04
G0 X137.09 Y106.467
G0 X136.93 Y106.588
G1 F3000 X137.305 Y106.488 E1136.42337
G0 F9000 X137.162 Y106.325
G0 X137.757 Y106.04
G0 X138.827 Y105.876
G0 X138.774 Y106.094
G1 F3000 X140.069 Y105.747 E1136.46796
G0 F9000 X140.069 Y106.586
G1 F3000 X137.163 Y103.68 E1136.60465
G0 F9000 X137.45 Y104.2
G1 F2700 E1131.60465
;MESH:NONMESH
G0 F300 X137.45 Y104.2 Z5.4
G0 F9000 X136.664 Y103.414
G0 X135.585 Y103.414
G0 X122.653 Y86.347
G0 X114.347 Y86.347
G0 X95.597 Y86.847
G0 X84.415 Y103.414
G0 X83.33 Y103.414
G0 X83.193 Y93
G0 X82.91 Y91.467
G0 X83.15 Y92.148
;TIME_ELAPSED:2075.712760
;LAYER:26
;TYPE:WALL-INNER
;MESH:Spacers.stl
G1 F2700 E1136.60465
G1 F1500 X83.15 Y88.6 E1136.72266
G1 X79.851 Y88.601 E1136.83238
G1 X79.85 Y92.148 E1136.95036
G1 X80.114 Y91.768 E1136.96574
G1 X80.452 Y91.468 E1136.98078
G1 X80.849 Y91.263 E1136.99564
G1 X81.28 Y91.162 E1137.01036
G1 X81.72 Y91.163 E1137.02499
G1 X82.151 Y91.263 E1137.03971
G1 X82.549 Y91.47 E1137.05463
G1 X82.887 Y91.77 E1137.06966
G1 X83.15 Y92.148 E1137.08498
G1 F2700 E1132.08498
G0 F9000 X82.91 Y91.467
G0 X83.165 Y92.847
G0 X82.91 Y126.467
G0 X83.15 Y127.148
G1 F2700 E1137.08498
G1 F1500 X83.15 Y93.852 E1138.19241
G1 X82.887 Y94.229 E1138.2077
G1 X82.55 Y94.53 E1138.22273
G1 X82.155 Y94.736 E1138.23754
G1 X81.727 Y94.841 E1138.2522
G1 X81.272 Y94.841 E1138.26733
G1 X80.846 Y94.736 E1138.28193
G1 X80.451 Y94.531 E1138.29673
G1 X80.114 Y94.232 E1138.31171
G1 X79.85 Y93.852 E1138.3271
G1 X79.85 Y127.148 E1139.43453
G1 X80.114 Y126.768 E1139.44992
G1 X80.451 Y126.468 E1139.46493
G1 X80.846 Y126.264 E1139.47971
G1 X81.272 Y126.159 E1139.49431
G1 X81.727 Y126.159 E1139.50944
G1 X82.155 Y126.264 E1139.5241
G1 X82.55 Y126.47 E1139.53892
G1 X82.887 Y126.771 E1139.55394
G1 X83.15 Y127.148 E1139.56923
G0 F9000 X82.91 Y126.467
G0 X83.165 Y127.847
G0 X82.88 Y132.13
G0 X83.15 Y132.4
G1 F1500 X83.15 Y128.852 E1139.68724
G1 X82.887 Y129.229 E1139.70253
G1 X82.55 Y129.53 E1139.71756
G1 X82.151 Y129.737 E1139.73251
G1 X81.72 Y129.837 E1139.74722
G1 X81.28 Y129.838 E1139.76186
G1 X80.849 Y129.737 E1139.77658
G1 X80.451 Y129.532 E1139.79147
G1 X80.114 Y129.231 E1139.8065
G1 X79.85 Y128.852 E1139.82186
G1 X79.851 Y132.399 E1139.93984
G1 X83.15 Y132.4 E1140.04956
G0 F9000 X83.55 Y132.8
;TYPE:WALL-OUTER
G1 F1500 X83.55 Y128.791 E1140.1829
G1 F1304.3 X83.49 Y128.389 E1140.19845
G1 F1176.5 X83.5 Y128 E1140.21495
G1 X83.49 Y127.639 E1140.23026
G1 F1304.3 X83.55 Y127.209 E1140.24687
G1 F1500 X83.55 Y93.791 E1141.35836
G1 F1304.3 X83.49 Y93.389 E1141.3739
G1 F1176.5 X83.5 Y93 E1141.39041
G1 X83.49 Y92.639 E1141.40572
G1 F1304.3 X83.55 Y92.209 E1141.42233
G1 F1500 X83.55 Y88.2 E1141.55567
G1 X79.451 Y88.201 E1141.692
G1 X79.45 Y92.209 E1141.82531
G1 F1304.3 X79.51 Y92.639 E1141.84191
G1 F1176.5 X79.5 Y93 E1141.85723
G1 X79.51 Y93.361 E1141.87254
G1 F1304.3 X79.45 Y93.791 E1141.88915
G1 F1500 X79.45 Y127.209 E1143.00064
G1 F1304.3 X79.51 Y127.639 E1143.01724
G1 F1176.5 X79.5 Y128 E1143.03256
G1 X79.51 Y128.361 E1143.04787
G1 F1304.3 X79.45 Y128.791 E1143.06448
G1 F1500 X79.451 Y132.799 E1143.19779
G1 X83.55 Y132.8 E1143.33412
G1 F2700 E1138.33412
G0 F9000 X83.28 Y132.53
G0 X82.157 Y130.044
G0 X81.992 Y129.364
G1 F2700 E1143.33412
G1 F1500 X81.675 Y129.44 E1143.34496
G1 X81.325 Y129.44 E1143.3566
G1 X81.008 Y129.364 E1143.36744
G1 X80.657 Y129.18 E1143.38063
G1 X80.4 Y128.943 E1143.39225
G1 X80.229 Y128.697 E1143.40222
G1 F1304.3 X80.028 Y128.33 E1143.41822
G1 F1174.2 X80.001 Y128.03 E1143.43102
G1 X80.028 Y127.67 E1143.44636
G1 F1304.3 X80.229 Y127.303 E1143.46236
G1 F1500 X80.431 Y127.022 E1143.47388
G1 X80.698 Y126.792 E1143.4856
G1 X81.008 Y126.636 E1143.49714
G1 X81.299 Y126.564 E1143.50711
G1 X81.7 Y126.564 E1143.52045
G1 X81.992 Y126.636 E1143.53045
G1 X82.302 Y126.792 E1143.54199
G1 X82.569 Y127.022 E1143.55371
G1 X82.771 Y127.303 E1143.56522
G1 F1304.3 X82.972 Y127.67 E1143.58123
G1 F1176.5 X83 Y128 E1143.59527
G1 X82.971 Y128.344 E1143.60991
G1 F1304.3 X82.771 Y128.697 E1143.62543
G1 F1500 X82.569 Y128.978 E1143.63694
G1 X82.302 Y129.208 E1143.64866
G1 X81.992 Y129.364 E1143.6602
G1 F2700 E1138.6602
G0 F9000 X82.157 Y130.044
G0 X82.999 Y128.786
G0 X83.143 Y128.404
G0 X81.865 Y95.115
G0 X81.7 Y94.436
G1 F2700 E1143.6602
G1 F1500 X81.299 Y94.436 E1143.67354
G1 X81.008 Y94.364 E1143.68351
G1 X80.657 Y94.18 E1143.69669
G1 X80.4 Y93.943 E1143.70832
G1 X80.229 Y93.697 E1143.71829
G1 F1304.3 X80.028 Y93.33 E1143.73429
G1 F1174.2 X80.001 Y92.97 E1143.74963
G1 X80.028 Y92.67 E1143.76243
G1 F1304.3 X80.229 Y92.303 E1143.77843
G1 F1500 X80.431 Y92.022 E1143.78994
G1 X80.698 Y91.792 E1143.80167
G1 X81.008 Y91.636 E1143.81321
G1 X81.325 Y91.56 E1143.82405
G1 X81.675 Y91.56 E1143.83569
G1 X81.992 Y91.636 E1143.84653
G1 X82.302 Y91.792 E1143.85808
G1 X82.569 Y92.022 E1143.8698
G1 X82.771 Y92.303 E1143.88131
G1 F1304.3 X82.972 Y92.67 E1143.89731
G1 F1176.5 X83 Y93 E1143.91136
G1 X82.971 Y93.344 E1143.926
G1 F1304.3 X82.771 Y93.697 E1143.94151
G1 F1500 X82.569 Y93.978 E1143.95302
G1 X82.302 Y94.208 E1143.96475
G1 X81.992 Y94.364 E1143.97629
G1 X81.7 Y94.436 E1143.98629
G0 F9000 X81.109 Y94.881
;TYPE:FILL
G1 F3000 X79.93 Y99.282 E1144.13783
G0 F9000 X80.15 Y99.282
G0 X80.15 Y101.303
G0 X79.93 Y101.303
G1 F3000 X83.069 Y100.462 E1144.24592
G1 X83.07 Y100.298
G1 X79.93 Y97.158 E1144.39361
G1 X79.93 Y97.162
G1 X83.069 Y96.321 E1144.5017
G0 F9000 X82.85 Y96.321
G0 X82.85 Y94.641
G0 X83.07 Y94.641
G1 F3000 X82.822 Y94.393 E1144.51336
G0 F9000 X82.9 Y94.56
G0 X83.193 Y93
G0 X83.143 Y92.596
G0 X82.156 Y90.957
G0 X82.104 Y91.169
G1 F3000 X82.771 Y88.679 E1144.5991
G1 X82.765 Y88.679
G1 X83.07 Y88.984 E1144.61345
G0 F9000 X82.85 Y88.984
G0 X80.677 Y88.9
G0 X80.677 Y88.679
G1 F3000 X79.931 Y88.879 E1144.63914
G0 F9000 X80.15 Y88.879
G0 X80.102 Y91.446
G0 X79.93 Y91.501
G1 F3000 X80.101 Y91.672 E1144.64718
G0 F9000 X80.09 Y91.467
G0 X79.835 Y92.847
G0 X80.15 Y102.815
G0 X79.93 Y102.815
G1 F3000 X83.07 Y105.955 E1144.79487
G0 F9000 X82.85 Y105.955
G0 X82.85 Y104.603
G0 X83.068 Y104.603
G1 F3000 X79.93 Y105.444 E1144.90293
G0 F9000 X80.15 Y105.444
G0 X80.15 Y108.472
G0 X79.93 Y108.472
G1 F3000 X83.07 Y111.611 E1145.0506
G0 F9000 X82.85 Y111.611
G0 X82.85 Y112.885
G0 X83.069 Y112.885
G1 F3000 X79.93 Y113.726 E1145.15869
G0 F9000 X79.93 Y114.129
G1 F3000 X83.07 Y117.268 E1145.30636
G0 F9000 X83.069 Y117.026
G1 F3000 X79.93 Y117.867 E1145.41444
G0 F9000 X80.15 Y117.867
G0 X80.15 Y119.786
G0 X79.93 Y119.786
G1 F3000 X83.07 Y122.925 E1145.56212
G0 F9000 X82.85 Y122.925
G0 X82.85 Y121.167
G0 X83.069 Y121.167
G1 F3000 X79.93 Y122.008 E1145.6702
G0 F9000 X80.15 Y122.008
G0 X80.15 Y125.442
G0 X79.93 Y125.442
G1 F3000 X80.723 Y126.235 E1145.7075
G0 F9000 X81.015 Y126.14
G1 F3000 X83.069 Y118.475 E1145.97144
G0 F9000 X82.85 Y118.475
G0 X80.15 Y114.737
G0 X79.93 Y114.737
G1 F3000 X83.069 Y103.021 E1146.37486
G0 F9000 X82.85 Y103.021
G0 X82.85 Y108.744
G0 X83.068 Y108.744
G1 F3000 X79.93 Y109.585 E1146.48291
G0 F9000 X80.15 Y109.585
G0 X82.85 Y125.308
G0 X83.068 Y125.308
G1 F3000 X79.93 Y126.149 E1146.59096
G0 F9000 X80.15 Y126.149
G0 X79.807 Y128
G0 X80.1 Y129.535
G0 X80.15 Y129.371
G1 F3000 X79.93 Y130.19 E1146.61917
G1 X79.931 Y130.29
G1 X81.329 Y129.916 E1146.6673
G0 F9000 X81.329 Y130.141
G0 X82.07 Y129.994
G0 X82.769 Y129.735
G0 X82.624 Y129.569
G1 F3000 X83.068 Y129.45 E1146.68259
G0 F9000 X82.922 Y129.533
G0 X81.148 Y132.1
G0 X81.148 Y132.318
G1 F3000 X79.93 Y131.099 E1146.73991
G0 F9000 X80.45 Y131.099
G1 F2700 E1141.73991
G0 F9000 X83.33 Y131.63
G0 X84.415 Y131.63
G0 X95.585 Y131.63
G0 X96.67 Y131.63
G0 X99.88 Y131.63
G0 X100.15 Y131.9
;TYPE:WALL-INNER
G1 F2700 E1146.73991
G1 F1500 X100.15 Y128.352 E1146.85791
G1 X99.887 Y128.729 E1146.8732
G1 X99.55 Y129.03 E1146.88823
G1 X99.151 Y129.237 E1146.90318
G1 X98.72 Y129.337 E1146.9179
G1 X98.28 Y129.338 E1146.93253
G1 X97.849 Y129.237 E1146.94725
G1 X97.451 Y129.032 E1146.96214
G1 X97.114 Y128.731 E1146.97717
G1 X96.85 Y128.352 E1146.99254
G1 X96.851 Y131.899 E1147.11051
G1 X100.15 Y131.9 E1147.22023
G0 F9000 X99.88 Y131.63
G0 X100.193 Y127.5
G0 X99.91 Y125.967
G0 X100.15 Y126.648
G1 F1500 X100.15 Y93.352 E1148.32766
G1 X99.887 Y93.729 E1148.34295
G1 X99.55 Y94.03 E1148.35798
G1 X99.155 Y94.236 E1148.3728
G1 X98.727 Y94.341 E1148.38746
G1 X98.272 Y94.341 E1148.40259
G1 X97.846 Y94.236 E1148.41718
G1 X97.451 Y94.031 E1148.43198
G1 X97.114 Y93.732 E1148.44697
G1 X96.85 Y93.352 E1148.46236
G1 X96.85 Y126.648 E1149.56979
G1 X97.114 Y126.268 E1149.58518
G1 X97.451 Y125.968 E1149.60018
G1 X97.846 Y125.764 E1149.61497
G1 X98.272 Y125.659 E1149.62956
G1 X98.727 Y125.659 E1149.6447
G1 X99.155 Y125.764 E1149.65935
G1 X99.55 Y125.97 E1149.67417
G1 X99.887 Y126.271 E1149.6892
G1 X100.15 Y126.648 E1149.70449
G1 F2700 E1144.70449
G0 F9000 X99.91 Y125.967
G0 X100.193 Y92.5
G0 X99.91 Y90.967
G0 X100.15 Y91.648
G1 F2700 E1149.70449
G1 F1500 X100.15 Y88.1 E1149.82249
G1 X96.851 Y88.101 E1149.93222
G1 X96.85 Y91.648 E1150.05019
G1 X97.114 Y91.268 E1150.06558
G1 X97.452 Y90.968 E1150.08061
G1 X97.849 Y90.763 E1150.09548
G1 X98.28 Y90.662 E1150.1102
G1 X98.72 Y90.663 E1150.12483
G1 X99.151 Y90.763 E1150.13955
G1 X99.549 Y90.97 E1150.15447
G1 X99.887 Y91.27 E1150.1695
G1 X100.15 Y91.648 E1150.18482
G1 F2700 E1145.18482
G0 F9000 X99.91 Y90.967
G0 X100.193 Y92.5
G0 X100.143 Y92.904
G0 X99.999 Y93.286
G0 X98.865 Y94.615
G0 X98.7 Y93.936
;TYPE:WALL-OUTER
G1 F2700 E1150.18482
G1 F1500 X98.299 Y93.936 E1150.19815
G1 X98.008 Y93.864 E1150.20813
G1 X97.657 Y93.68 E1150.22131
G1 X97.4 Y93.443 E1150.23293
G1 X97.229 Y93.197 E1150.2429
G1 F1304.3 X97.028 Y92.83 E1150.2589
G1 F1174.2 X97.001 Y92.47 E1150.27424
G1 X97.028 Y92.17 E1150.28704
G1 F1304.3 X97.229 Y91.803 E1150.30305
G1 F1500 X97.431 Y91.522 E1150.31456
G1 X97.698 Y91.292 E1150.32628
G1 X98.008 Y91.136 E1150.33782
G1 X98.325 Y91.06 E1150.34866
G1 X98.675 Y91.06 E1150.3603
G1 X98.992 Y91.136 E1150.37115
G1 X99.302 Y91.292 E1150.38269
G1 X99.569 Y91.522 E1150.39441
G1 X99.771 Y91.803 E1150.40592
G1 F1304.3 X99.972 Y92.17 E1150.42192
G1 F1176.5 X100 Y92.5 E1150.43597
G1 X99.971 Y92.844 E1150.45061
G1 F1304.3 X99.771 Y93.197 E1150.46613
G1 F1500 X99.569 Y93.478 E1150.47764
G1 X99.302 Y93.708 E1150.48936
G1 X98.992 Y93.864 E1150.5009
G1 X98.7 Y93.936 E1150.5109
G1 F2700 E1145.5109
G0 F9000 X98.865 Y94.615
G0 X100.193 Y127.5
G0 X100.143 Y127.904
G0 X99.999 Y128.286
G0 X98.675 Y129.641
G0 X98.675 Y128.94
G1 F2700 E1150.5109
G1 F1500 X98.325 Y128.94 E1150.52254
G1 X98.008 Y128.864 E1150.53339
G1 X97.657 Y128.68 E1150.54657
G1 X97.4 Y128.443 E1150.5582
G1 X97.229 Y128.197 E1150.56816
G1 F1304.3 X97.028 Y127.83 E1150.58417
G1 F1174.2 X97.001 Y127.47 E1150.5995
G1 X97.028 Y127.17 E1150.6123
G1 F1304.3 X97.229 Y126.803 E1150.62831
G1 F1500 X97.431 Y126.522 E1150.63982
G1 X97.698 Y126.292 E1150.65154
G1 X98.008 Y126.136 E1150.66308
G1 X98.299 Y126.064 E1150.67305
G1 X98.7 Y126.064 E1150.68639
G1 X98.992 Y126.136 E1150.69639
G1 X99.302 Y126.292 E1150.70794
G1 X99.569 Y126.522 E1150.71966
G1 X99.771 Y126.803 E1150.73117
G1 F1304.3 X99.972 Y127.17 E1150.74717
G1 F1176.5 X100 Y127.5 E1150.76122
G1 X99.971 Y127.844 E1150.77586
G1 F1304.3 X99.771 Y128.197 E1150.79137
G1 F1500 X99.569 Y128.478 E1150.80288
G1 X99.302 Y128.708 E1150.81461
G1 X98.992 Y128.864 E1150.82615
G1 X98.675 Y128.94 E1150.83699
G1 F2700 E1145.83699
G0 F9000 X98.675 Y129.641
G0 X100.28 Y132.03
G0 X100.55 Y132.3
G1 F2700 E1150.83699
G1 F1500 X100.55 Y128.291 E1150.97033
G1 F1304.3 X100.49 Y127.889 E1150.98588
G1 F1176.5 X100.5 Y127.5 E1151.00238
G1 X100.49 Y127.139 E1151.01769
G1 F1304.3 X100.55 Y126.709 E1151.0343
G1 F1500 X100.55 Y93.291 E1152.14579
G1 F1304.3 X100.49 Y92.889 E1152.16133
G1 F1176.5 X100.5 Y92.5 E1152.17783
G1 X100.49 Y92.139 E1152.19315
G1 F1304.3 X100.55 Y91.709 E1152.20976
G1 F1500 X100.55 Y87.7 E1152.3431
G1 X96.451 Y87.701 E1152.47943
G1 X96.45 Y91.709 E1152.61274
G1 F1304.3 X96.51 Y92.139 E1152.62934
G1 F1176.5 X96.5 Y92.5 E1152.64466
G1 X96.51 Y92.861 E1152.65997
G1 F1304.3 X96.45 Y93.291 E1152.67658
G1 F1500 X96.45 Y126.709 E1153.78807
G1 F1304.3 X96.51 Y127.139 E1153.80467
G1 F1176.5 X96.5 Y127.5 E1153.81999
G1 X96.51 Y127.861 E1153.8353
G1 F1304.3 X96.45 Y128.291 E1153.85191
G1 F1500 X96.451 Y132.299 E1153.98521
G1 X100.55 Y132.3 E1154.12155
G0 F9000 X100.28 Y132.03
G0 X97.619 Y131.6
G0 X97.619 Y131.818
;TYPE:FILL
G1 F3000 X96.93 Y131.129 E1154.15396
G0 F9000 X97.15 Y131.129
G0 X97.15 Y129.877
G0 X96.93 Y129.877
G1 F3000 X98.653 Y129.415 E1154.21329
G0 F9000 X99.332 Y129.233
G1 F3000 X100.068 Y129.036 E1154.23863
G0 F9000 X99.85 Y129.036
G0 X100.143 Y127.904
G0 X100.193 Y127.5
G0 X100.143 Y127.096
G0 X99.999 Y126.714
G0 X99.767 Y126.378
G0 X99.461 Y126.107
G0 X99.169 Y125.953
G0 X97.583 Y125.564
G0 X97.683 Y125.756
G1 F3000 X100.069 Y116.851 E1154.54526
G0 F9000 X100.069 Y116.612
G1 F3000 X96.931 Y117.453 E1154.65331
G0 F9000 X97.15 Y117.453
G0 X97.15 Y119.815
G0 X96.93 Y119.815
G1 F3000 X100.069 Y122.954 E1154.80096
G0 F9000 X99.85 Y122.954
G0 X99.85 Y124.894
G0 X100.068 Y124.894
G1 F3000 X96.931 Y125.735 E1154.90898
G0 F9000 X96.93 Y125.471
G1 F3000 X97.38 Y125.922 E1154.93017
G0 F9000 X97.237 Y125.759
G0 X97.15 Y121.594
G0 X96.93 Y121.594
G1 F3000 X100.069 Y120.753 E1155.03826
G0 F9000 X99.85 Y120.753
G0 X99.85 Y117.297
G0 X100.069 Y117.297
G1 F3000 X96.93 Y114.158 E1155.18591
G0 F9000 X96.931 Y113.312
G1 F3000 X100.068 Y112.471 E1155.29393
G0 F9000 X100.069 Y111.64
G1 F3000 X96.93 Y108.501 E1155.44158
G0 F9000 X96.931 Y109.171
G1 F3000 X100.068 Y108.33 E1155.5496
G0 F9000 X99.85 Y108.33
G0 X99.85 Y105.983
G0 X100.069 Y105.983
G1 F3000 X96.93 Y102.844 E1155.69725
G0 F9000 X97.15 Y102.844
G0 X97.15 Y100.889
G0 X96.93 Y100.889
G1 F3000 X100.069 Y100.048 E1155.80533
G0 F9000 X100.069 Y100.327
G1 F3000 X96.93 Y97.187 E1155.95301
G0 F9000 X96.931 Y96.748
G1 F3000 X100.068 Y95.907 E1156.06103
G0 F9000 X99.85 Y95.907
G0 X99.85 Y94.67
G0 X100.069 Y94.67
G1 F3000 X99.53 Y94.13 E1156.0864
G0 F9000 X99.631 Y94.324
G0 X98.752 Y94.58
G0 X97.773 Y94.526
G0 X97.826 Y94.311
G1 F3000 X96.93 Y97.655 E1156.20155
G0 F9000 X97.15 Y97.655
G0 X99.85 Y101.396
G0 X100.069 Y101.396
G1 F3000 X96.93 Y113.109 E1156.60487
G0 F9000 X97.15 Y113.109
G0 X97.15 Y105.03
G0 X96.931 Y105.03
G1 F3000 X100.068 Y104.189 E1156.71289
G0 F9000 X99.85 Y104.189
G0 X100.193 Y92.5
G0 X100.143 Y92.096
G0 X99.999 Y91.714
G0 X98.872 Y90.387
G0 X98.819 Y90.604
G1 F3000 X99.469 Y88.179 E1156.7964
G0 F9000 X99.236 Y88.18
G1 F3000 X100.069 Y89.012 E1156.83555
G0 F9000 X99.85 Y89.012
G0 X97.997 Y88.4
G0 X97.997 Y88.179
G1 F3000 X96.931 Y88.465 E1156.87226
G0 F9000 X97.45 Y88.7
G1 F2700 E1151.87226
G0 F9000 X99.767 Y91.378
G0 X99.999 Y91.714
G0 X100.116 Y92.024
G0 X100.33 Y94.131
G0 X101.415 Y94.131
G0 X114.335 Y94.131
G0 X115.42 Y94.131
G0 X118.201 Y94.131
G0 X118.272 Y93.841
;TYPE:WALL-INNER
G1 F2700 E1156.87226
G1 F1500 X117.843 Y93.735 E1156.88696
G1 X117.448 Y93.529 E1156.90178
G1 X117.109 Y93.226 E1156.9169
G1 X116.857 Y92.861 E1156.93165
G1 X116.7 Y92.445 E1156.94644
G1 X116.651 Y92 E1156.96133
G1 X116.699 Y91.558 E1156.97612
G1 X116.857 Y91.138 E1156.99104
G1 X117.109 Y90.774 E1157.00577
G1 X117.449 Y90.47 E1157.02094
G1 X117.847 Y90.264 E1157.03584
G1 X118.244 Y90.167 E1157.04944
G1 X118.723 Y90.158 E1157.06537
G1 X119.155 Y90.265 E1157.08017
G1 X119.554 Y90.473 E1157.09514
G1 X119.891 Y90.774 E1157.11017
G1 X120.142 Y91.137 E1157.12485
G1 X120.302 Y91.561 E1157.13992
G1 X120.35 Y92 E1157.15461
G1 X120.302 Y92.437 E1157.16923
G1 X120.142 Y92.862 E1157.18433
G1 X119.891 Y93.226 E1157.19904
G1 X119.555 Y93.526 E1157.21402
G1 X119.158 Y93.735 E1157.22894
G1 X118.727 Y93.841 E1157.24371
G1 X118.272 Y93.841 E1157.25884
G1 F2700 E1152.25884
G0 F9000 X118.201 Y94.131
G0 X116.404 Y127
G0 X116.465 Y127.501
G0 X116.644 Y127.973
G0 X116.932 Y128.389
G0 X117.273 Y128.691
G0 X118.207 Y129.132
G0 X118.278 Y128.842
G1 F2700 E1157.25884
G1 F1500 X117.846 Y128.736 E1157.27363
G1 X117.449 Y128.53 E1157.28851
G1 X117.109 Y128.226 E1157.30368
G1 X116.857 Y127.861 E1157.31843
G1 X116.7 Y127.445 E1157.33322
G1 X116.651 Y127 E1157.34811
G1 X116.699 Y126.558 E1157.3629
G1 X116.857 Y126.139 E1157.37779
G1 X117.109 Y125.774 E1157.39255
G1 X117.448 Y125.471 E1157.40767
G1 X117.843 Y125.265 E1157.42248
G1 X118.272 Y125.159 E1157.43718
G1 X118.727 Y125.159 E1157.45232
G1 X119.157 Y125.265 E1157.46705
G1 X119.555 Y125.474 E1157.482
G1 X119.891 Y125.774 E1157.49698
G1 X120.142 Y126.137 E1157.51166
G1 X120.302 Y126.561 E1157.52673
G1 X120.35 Y127 E1157.54142
G1 X120.302 Y127.437 E1157.55604
G1 X120.142 Y127.862 E1157.57115
G1 X119.891 Y128.226 E1157.58585
G1 X119.554 Y128.527 E1157.60088
G1 X119.154 Y128.736 E1157.61589
G1 X118.756 Y128.833 E1157.62952
G1 X118.278 Y128.842 E1157.64542
G0 F9000 X118.207 Y129.132
G0 X115.87 Y131.13
G0 X115.601 Y131.399
G1 F1500 X121.4 Y131.4 E1157.83829
G1 X121.4 Y87.6 E1159.29509
G1 X115.601 Y87.601 E1159.48796
G1 X115.601 Y131.399 E1160.94469
G0 F9000 X115.201 Y131.799
;TYPE:WALL-OUTER
G1 F1500 X121.8 Y131.8 E1161.16417
G1 X121.8 Y87.2 E1162.64757
G1 X115.201 Y87.201 E1162.86706
G1 X115.201 Y131.799 E1164.35039
G1 F2700 E1159.35039
G0 F9000 X115.47 Y131.53
G0 X118.133 Y129.114
G0 X118.299 Y128.436
G1 F2700 E1164.35039
G1 F1500 X118.008 Y128.364 E1164.36036
G1 X117.657 Y128.18 E1164.37355
G1 X117.4 Y127.943 E1164.38517
G1 X117.206 Y127.653 E1164.39678
G1 X117.089 Y127.334 E1164.40808
G1 X117.051 Y127 E1164.41926
G1 X117.099 Y126.63 E1164.43167
G1 X117.229 Y126.303 E1164.44337
G1 X117.431 Y126.022 E1164.45488
G1 X117.698 Y125.792 E1164.4666
G1 X118.008 Y125.636 E1164.47815
G1 X118.299 Y125.564 E1164.48812
G1 X118.7 Y125.564 E1164.50145
G1 X118.992 Y125.636 E1164.51146
G1 X119.343 Y125.82 E1164.52464
G1 X119.6 Y126.057 E1164.53627
G1 X119.794 Y126.347 E1164.54787
G1 X119.912 Y126.677 E1164.55953
G1 X119.95 Y127 E1164.57034
G1 X119.911 Y127.334 E1164.58153
G1 X119.771 Y127.697 E1164.59447
G1 X119.569 Y127.978 E1164.60598
G1 X119.302 Y128.208 E1164.6177
G1 X118.992 Y128.364 E1164.62924
G1 X118.687 Y128.439 E1164.63969
G1 X118.299 Y128.436 E1164.6526
G1 F2700 E1159.6526
G0 F9000 X118.133 Y129.114
G0 X117.311 Y128.724
G0 X116.932 Y128.389
G0 X116.644 Y127.973
G0 X116.465 Y127.501
G0 X116.43 Y127.217
G0 X118.133 Y94.114
G0 X118.299 Y93.436
G1 F2700 E1164.6526
G1 F1500 X118.008 Y93.364 E1164.66257
G1 X117.657 Y93.18 E1164.67575
G1 X117.4 Y92.943 E1164.68737
G1 X117.206 Y92.653 E1164.69898
G1 X117.089 Y92.334 E1164.71028
G1 X117.051 Y92 E1164.72146
G1 X117.099 Y91.63 E1164.73387
G1 X117.229 Y91.303 E1164.74557
G1 X117.431 Y91.022 E1164.75708
G1 X117.698 Y90.792 E1164.76881
G1 X118.008 Y90.636 E1164.78035
G1 X118.313 Y90.561 E1164.79079
G1 X118.701 Y90.564 E1164.8037
G1 X118.992 Y90.636 E1164.81367
G1 X119.343 Y90.82 E1164.82685
G1 X119.6 Y91.057 E1164.83848
G1 X119.794 Y91.347 E1164.85008
G1 X119.912 Y91.677 E1164.86174
G1 X119.95 Y92 E1164.87256
G1 X119.911 Y92.334 E1164.88374
G1 X119.771 Y92.697 E1164.89668
G1 X119.569 Y92.978 E1164.90819
G1 X119.302 Y93.208 E1164.91991
G1 X118.992 Y93.364 E1164.93146
G1 X118.7 Y93.436 E1164.94146
G1 X118.299 Y93.436 E1164.9548
G0 F9000 X118.637 Y93.919
;TYPE:FILL
G1 F3000 X115.68 Y104.953 E1165.33474
G0 F9000 X115.679 Y104.623
G1 F3000 X121.319 Y110.263 E1165.60003
G0 F9000 X121.318 Y110.918
G1 F3000 X115.68 Y112.429 E1165.79417
G0 F9000 X115.9 Y112.429
G0 X115.9 Y110.281
G0 X115.68 Y110.281
G1 F3000 X121.319 Y115.92 E1166.05941
G0 F9000 X121.319 Y115.059
G1 F3000 X115.68 Y116.57 E1166.25358
G0 F9000 X115.68 Y115.937
G1 F3000 X121.319 Y121.577 E1166.51884
G0 F9000 X121.1 Y121.577
G0 X121.1 Y123.342
G0 X121.319 Y123.342
G1 F3000 X115.681 Y124.852 E1166.71297
G0 F9000 X115.9 Y124.852
G0 X115.9 Y127.251
G0 X115.68 Y127.251
G1 F3000 X119.747 Y131.318 E1166.90427
G0 F9000 X119.747 Y131.1
G0 X121.039 Y131.1
G0 X121.039 Y131.319
G1 F3000 X121.319 Y130.272 E1166.94032
G0 F9000 X121.1 Y130.272
G0 X120.469 Y127.843
G0 X120.264 Y127.765
G1 F3000 X121.318 Y127.483 E1166.97661
G0 F9000 X121.319 Y127.233
G1 F3000 X120.231 Y126.145 E1167.02778
G0 F9000 X120.436 Y126.068
G0 X120.227 Y125.809
G0 X119.472 Y125.093
G0 X119.37 Y125.285
G1 F3000 X115.68 Y121.594 E1167.20137
G0 F9000 X115.681 Y120.711
G1 F3000 X121.319 Y119.2 E1167.39551
G0 F9000 X121.1 Y119.2
G0 X121.1 Y114.818
G0 X121.319 Y114.818
G1 F3000 X118.57 Y125.079 E1167.74883
G0 F9000 X118.57 Y124.859
G0 X117.757 Y125.04
G0 X117.311 Y125.276
G0 X116.932 Y125.611
G0 X116.644 Y126.027
G0 X116.465 Y126.499
G0 X116.404 Y127
G0 X116.465 Y127.501
G0 X116.61 Y127.883
G0 X117.203 Y128.71
G0 X117.348 Y128.547
G1 F3000 X115.68 Y128.993 E1167.80626
G0 F9000 X115.9 Y128.993
G0 X117.498 Y128.891
G0 X117.6 Y128.699
G1 F3000 X116.898 Y131.319 E1167.89647
G0 F9000 X116.898 Y131.1
G0 X116.498 Y127.779
G0 X115.9 Y120.407
G0 X115.681 Y120.407
G1 F3000 X121.319 Y99.363 E1168.62108
G0 F9000 X121.319 Y98.949
G1 F3000 X115.679 Y93.309 E1168.88637
G0 F9000 X115.9 Y93.309
G0 X115.9 Y91.724
G0 X115.68 Y91.724
G1 F3000 X116.646 Y91.465 E1168.91963
G0 F9000 X116.443 Y91.387
G0 X116.932 Y90.611
G0 X117.239 Y90.339
G0 X118.086 Y89.897
G0 X118.137 Y90.11
G1 F3000 X115.708 Y87.681 E1169.03389
G0 F9000 X116.168 Y87.679
G1 F3000 X115.68 Y89.498 E1169.09653
G0 F9000 X115.9 Y89.498
G0 X118.752 Y89.92
G0 X119.683 Y90.204
G0 X119.581 Y90.396
G1 F3000 X120.309 Y87.678 E1169.19011
G0 F9000 X120.309 Y87.9
G0 X121.1 Y90.213
G0 X121.318 Y90.213
G1 F3000 X119.829 Y90.612 E1169.24139
G0 F9000 X119.975 Y90.447
G0 X120.356 Y91.027
G0 X120.501 Y91.409
G0 X120.609 Y92.388
G0 X120.389 Y92.362
G1 F3000 X121.319 Y93.292 E1169.28513
G0 F9000 X121.1 Y93.292
G0 X121.1 Y94.354
G0 X121.318 Y94.354
G1 F3000 X115.68 Y95.865 E1169.47927
G0 F9000 X115.9 Y95.865
G0 X115.9 Y98.966
G0 X115.679 Y98.966
G1 F3000 X121.319 Y104.606 E1169.74456
G0 F9000 X121.1 Y104.606
G0 X121.1 Y102.636
G0 X121.319 Y102.636
G1 F3000 X115.681 Y104.147 E1169.93869
G0 F9000 X115.9 Y104.147
G0 X115.9 Y100.006
G0 X115.68 Y100.006
G1 F3000 X121.318 Y98.495 E1170.13283
G0 F9000 X121.1 Y98.495
G0 X121.1 Y106.777
G0 X121.318 Y106.777
G1 F3000 X115.68 Y108.288 E1170.32697
G0 F9000 X116.2 Y108.288
G1 F2700 E1165.32697
G0 F9000 X121.58 Y106.467
G0 X122.665 Y106.467
G0 X135.585 Y106.467
G0 X136.67 Y106.467
G0 X137.09 Y106.467
G0 X136.85 Y107.148
;TYPE:WALL-INNER
G1 F2700 E1170.32697
G1 F1500 X137.114 Y106.768 E1170.34236
G1 X137.452 Y106.468 E1170.35739
G1 X137.849 Y106.263 E1170.37225
G1 X138.28 Y106.162 E1170.38698
G1 X138.72 Y106.163 E1170.40161
G1 X139.151 Y106.263 E1170.41633
G1 X139.549 Y106.47 E1170.43125
G1 X139.887 Y106.77 E1170.44628
G1 X140.15 Y107.148 E1170.4616
G1 X140.15 Y103.6 E1170.5796
G1 X136.851 Y103.601 E1170.68933
G1 X136.85 Y107.148 E1170.8073
G0 F9000 X137.09 Y106.467
G0 X136.835 Y107.847
G0 X137.12 Y112.13
G0 X136.851 Y112.399
G1 F1500 X140.15 Y112.4 E1170.91703
G1 X140.15 Y108.852 E1171.03503
G1 X139.887 Y109.229 E1171.05032
G1 X139.55 Y109.53 E1171.06535
G1 X139.151 Y109.737 E1171.0803
G1 X138.72 Y109.837 E1171.09502
G1 X138.28 Y109.838 E1171.10965
G1 X137.849 Y109.737 E1171.12437
G1 X137.451 Y109.532 E1171.13927
G1 X137.114 Y109.231 E1171.15429
G1 X136.85 Y108.852 E1171.16966
G1 X136.851 Y112.399 E1171.28763
G0 F9000 X136.451 Y112.799
;TYPE:WALL-OUTER
G1 F1500 X140.55 Y112.8 E1171.42396
G1 X140.55 Y108.791 E1171.5573
G1 F1304.3 X140.49 Y108.389 E1171.57285
G1 F1176.5 X140.5 Y108 E1171.58935
G1 X140.49 Y107.639 E1171.60467
G1 F1304.3 X140.55 Y107.209 E1171.62127
G1 F1500 X140.55 Y103.2 E1171.75461
G1 X136.451 Y103.201 E1171.89095
G1 X136.45 Y107.209 E1172.02425
G1 F1304.3 X136.51 Y107.639 E1172.04086
G1 F1176.5 X136.5 Y108 E1172.05617
G1 X136.51 Y108.361 E1172.07149
G1 F1304.3 X136.45 Y108.791 E1172.08809
G1 F1500 X136.451 Y112.799 E1172.2214
G1 F2700 E1167.2214
G0 F9000 X136.72 Y112.53
G0 X137.842 Y110.043
G0 X138.008 Y109.364
G1 F2700 E1172.2214
G1 F1500 X137.657 Y109.18 E1172.23458
G1 X137.4 Y108.943 E1172.24621
G1 X137.229 Y108.697 E1172.25617
G1 F1304.3 X137.028 Y108.33 E1172.27218
G1 F1174.2 X137.001 Y107.97 E1172.28752
G1 X137.028 Y107.67 E1172.30032
G1 F1304.3 X137.229 Y107.303 E1172.31632
G1 F1500 X137.431 Y107.022 E1172.32783
G1 X137.698 Y106.792 E1172.33955
G1 X138.008 Y106.636 E1172.3511
G1 X138.325 Y106.56 E1172.36194
G1 X138.675 Y106.56 E1172.37358
G1 X138.992 Y106.636 E1172.38442
G1 X139.302 Y106.792 E1172.39596
G1 X139.569 Y107.022 E1172.40768
G1 X139.771 Y107.303 E1172.4192
G1 F1304.3 X139.972 Y107.67 E1172.4352
G1 F1176.5 X140 Y108 E1172.44924
G1 X139.971 Y108.344 E1172.46388
G1 F1304.3 X139.771 Y108.697 E1172.4794
G1 F1500 X139.569 Y108.978 E1172.49091
G1 X139.302 Y109.208 E1172.50263
G1 X138.992 Y109.364 E1172.51418
G1 X138.675 Y109.44 E1172.52502
G1 X138.325 Y109.44 E1172.53666
G1 X138.008 Y109.364 E1172.5475
G0 F9000 X137.845 Y109.818
;TYPE:FILL
G1 F3000 X140.069 Y112.042 E1172.65211
G0 F9000 X139.85 Y112.042
G0 X138.553 Y112.1
G0 X138.553 Y112.319
G1 F3000 X139.232 Y109.784 E1172.7394
G0 F9000 X140.069 Y110.035
G1 F3000 X136.93 Y110.876 E1172.84748
G0 F9000 X137.15 Y110.876
G0 X136.807 Y108
G0 X136.857 Y107.596
G0 X137.001 Y107.214
G0 X137.233 Y106.878
G0 X137.539 Y106.607
G0 X139.122 Y105.949
G0 X139.07 Y106.162
G1 F3000 X140.068 Y105.894 E1172.88185
G0 F9000 X140.069 Y106.385
G1 F3000 X137.364 Y103.68 E1173.00909
G0 F9000 X137.45 Y104.2
G1 F2700 E1168.00909
;MESH:NONMESH
G0 F300 X137.45 Y104.2 Z5.6
G0 F9000 X136.664 Y103.414
G0 X135.585 Y103.414
G0 X122.653 Y86.347
G0 X114.347 Y86.347
G0 X95.597 Y86.847
G0 X84.415 Y103.414
G0 X83.33 Y103.414
G0 X83.193 Y93
G0 X82.91 Y91.467
G0 X83.15 Y92.148
;TIME_ELAPSED:2145.782871
;LAYER:27
;TYPE:WALL-INNER
;MESH:Spacers.stl
G1 F2700 E1173.00909
G1 F1500 X83.15 Y88.6 E1173.1271
G1 X79.851 Y88.601 E1173.23682
G1 X79.85 Y92.148 E1173.3548
G1 X80.114 Y91.768 E1173.37018
G1 X80.452 Y91.468 E1173.38522
G1 X80.849 Y91.263 E1173.40008
G1 X81.28 Y91.162 E1173.4148
G1 X81.72 Y91.163 E1173.42943
G1 X82.151 Y91.263 E1173.44415
G1 X82.549 Y91.47 E1173.45907
G1 X82.887 Y91.77 E1173.4741
G1 X83.15 Y92.148 E1173.48942
G1 F2700 E1168.48942
G0 F9000 X82.91 Y91.467
G0 X83.165 Y92.847
G0 X82.91 Y126.467
G0 X83.15 Y127.148
G1 F2700 E1173.48942
G1 F1500 X83.15 Y93.852 E1174.59685
G1 X82.887 Y94.229 E1174.61214
G1 X82.55 Y94.53 E1174.62717
G1 X82.155 Y94.736 E1174.64198
G1 X81.727 Y94.841 E1174.65664
G1 X81.272 Y94.841 E1174.67177
G1 X80.846 Y94.736 E1174.68637
G1 X80.451 Y94.531 E1174.70117
G1 X80.114 Y94.232 E1174.71615
G1 X79.85 Y93.852 E1174.73154
G1 X79.85 Y127.148 E1175.83897
G1 X80.114 Y126.768 E1175.85436
G1 X80.451 Y126.468 E1175.86937
G1 X80.846 Y126.264 E1175.88415
G1 X81.272 Y126.159 E1175.89875
G1 X81.727 Y126.159 E1175.91388
G1 X82.155 Y126.264 E1175.92854
G1 X82.55 Y126.47 E1175.94336
G1 X82.887 Y126.771 E1175.95838
G1 X83.15 Y127.148 E1175.97367
G0 F9000 X82.91 Y126.467
G0 X83.165 Y127.847
G0 X82.88 Y132.13
G0 X83.15 Y132.4
G1 F1500 X83.15 Y128.852 E1176.09168
G1 X82.887 Y129.229 E1176.10697
G1 X82.55 Y129.53 E1176.122
G1 X82.151 Y129.737 E1176.13695
G1 X81.72 Y129.837 E1176.15166
G1 X81.28 Y129.838 E1176.1663
G1 X80.849 Y129.737 E1176.18102
G1 X80.451 Y129.532 E1176.19591
G1 X80.114 Y129.231 E1176.21094
G1 X79.85 Y128.852 E1176.2263
G1 X79.851 Y132.399 E1176.34428
G1 X83.15 Y132.4 E1176.454
G0 F9000 X83.55 Y132.8
;TYPE:WALL-OUTER
G1 F1500 X83.55 Y128.791 E1176.58734
G1 F1304.3 X83.49 Y128.389 E1176.60289
G1 F1176.5 X83.5 Y128 E1176.61939
G1 X83.49 Y127.639 E1176.6347
G1 F1304.3 X83.55 Y127.209 E1176.65131
G1 F1500 X83.55 Y93.791 E1177.7628
G1 F1304.3 X83.49 Y93.389 E1177.77834
G1 F1176.5 X83.5 Y93 E1177.79485
G1 X83.49 Y92.639 E1177.81016
G1 F1304.3 X83.55 Y92.209 E1177.82677
G1 F1500 X83.55 Y88.2 E1177.96011
G1 X79.451 Y88.201 E1178.09644
G1 X79.45 Y92.209 E1178.22975
G1 F1304.3 X79.51 Y92.639 E1178.24635
G1 F1176.5 X79.5 Y93 E1178.26167
G1 X79.51 Y93.361 E1178.27698
G1 F1304.3 X79.45 Y93.791 E1178.29359
G1 F1500 X79.45 Y127.209 E1179.40508
G1 F1304.3 X79.51 Y127.639 E1179.42168
G1 F1176.5 X79.5 Y128 E1179.437
G1 X79.51 Y128.361 E1179.45231
G1 F1304.3 X79.45 Y128.791 E1179.46892
G1 F1500 X79.451 Y132.799 E1179.60223
G1 X83.55 Y132.8 E1179.73856
G1 F2700 E1174.73856
G0 F9000 X83.28 Y132.53
G0 X82.157 Y130.044
G0 X81.992 Y129.364
G1 F2700 E1179.73856
G1 F1500 X81.675 Y129.44 E1179.7494
G1 X81.325 Y129.44 E1179.76104
G1 X81.008 Y129.364 E1179.77188
G1 X80.657 Y129.18 E1179.78507
G1 X80.4 Y128.943 E1179.79669
G1 X80.229 Y128.697 E1179.80666
G1 F1304.3 X80.028 Y128.33 E1179.82266
G1 F1174.2 X80.001 Y127.97 E1179.838
G1 X80.028 Y127.67 E1179.8508
G1 F1304.3 X80.229 Y127.303 E1179.8668
G1 F1500 X80.431 Y127.022 E1179.87832
G1 X80.698 Y126.792 E1179.89004
G1 X81.008 Y126.636 E1179.90158
G1 X81.299 Y126.564 E1179.91155
G1 X81.7 Y126.564 E1179.92489
G1 X81.992 Y126.636 E1179.93489
G1 X82.302 Y126.792 E1179.94643
G1 X82.569 Y127.022 E1179.95815
G1 X82.771 Y127.303 E1179.96966
G1 F1304.3 X82.972 Y127.67 E1179.98567
G1 F1176.5 X83 Y128 E1179.99971
G1 X82.971 Y128.344 E1180.01435
G1 F1304.3 X82.771 Y128.697 E1180.02987
G1 F1500 X82.569 Y128.978 E1180.04138
G1 X82.302 Y129.208 E1180.0531
G1 X81.992 Y129.364 E1180.06464
G1 F2700 E1175.06464
G0 F9000 X82.157 Y130.044
G0 X82.999 Y128.786
G0 X83.143 Y128.404
G0 X81.865 Y95.115
G0 X81.7 Y94.436
G1 F2700 E1180.06464
G1 F1500 X81.299 Y94.436 E1180.07798
G1 X81.008 Y94.364 E1180.08795
G1 X80.657 Y94.18 E1180.10113
G1 X80.4 Y93.943 E1180.11276
G1 X80.229 Y93.697 E1180.12273
G1 F1304.3 X80.028 Y93.33 E1180.13873
G1 F1174.2 X80.001 Y92.97 E1180.15407
G1 X80.028 Y92.67 E1180.16687
G1 F1304.3 X80.229 Y92.303 E1180.18287
G1 F1500 X80.431 Y92.022 E1180.19438
G1 X80.698 Y91.792 E1180.20611
G1 X81.008 Y91.636 E1180.21765
G1 X81.325 Y91.56 E1180.22849
G1 X81.675 Y91.56 E1180.24013
G1 X81.992 Y91.636 E1180.25097
G1 X82.302 Y91.792 E1180.26252
G1 X82.569 Y92.022 E1180.27424
G1 X82.771 Y92.303 E1180.28575
G1 F1304.3 X82.972 Y92.67 E1180.30175
G1 F1176.5 X83 Y93 E1180.3158
G1 X82.971 Y93.344 E1180.33044
G1 F1304.3 X82.771 Y93.697 E1180.34595
G1 F1500 X82.569 Y93.978 E1180.35746
G1 X82.302 Y94.208 E1180.36919
G1 X81.992 Y94.364 E1180.38073
G1 X81.7 Y94.436 E1180.39073
G0 F9000 X80.972 Y94.847
;TYPE:FILL
G1 F3000 X79.93 Y98.736 E1180.52464
G0 F9000 X80.15 Y98.736
G0 X80.15 Y97.308
G0 X79.93 Y97.308
G1 F3000 X83.069 Y96.467 E1180.63273
G0 F9000 X82.85 Y96.467
G0 X82.91 Y94.533
G0 X83.07 Y94.441
G1 F3000 X82.928 Y94.299 E1180.63941
G0 F9000 X82.91 Y94.533
G0 X83.193 Y93
G0 X83.143 Y92.596
G0 X83.026 Y92.286
G0 X82.019 Y90.923
G0 X81.966 Y91.138
G1 F3000 X82.625 Y88.679 E1180.72408
G0 F9000 X82.964 Y88.679
G1 F3000 X83.07 Y88.785 E1180.72907
G0 F9000 X82.88 Y88.87
G0 X81.222 Y88.9
G0 X81.222 Y88.679
G1 F3000 X79.931 Y89.025 E1180.77352
G0 F9000 X80.15 Y89.025
G0 X80.15 Y91.302
G0 X79.93 Y91.302
G1 F3000 X80.206 Y91.578 E1180.7865
G0 F9000 X80.062 Y91.414
G0 X79.832 Y92.841
G0 X80.15 Y96.959
G0 X79.93 Y96.959
G1 F3000 X83.07 Y100.098 E1180.93418
G0 F9000 X83.068 Y100.608
G1 F3000 X79.93 Y101.449 E1181.04223
G0 F9000 X80.15 Y101.449
G0 X80.15 Y102.616
G0 X79.93 Y102.616
G1 F3000 X83.07 Y105.755 E1181.1899
G0 F9000 X82.85 Y105.755
G0 X82.85 Y104.749
G0 X83.068 Y104.749
G1 F3000 X79.93 Y105.59 E1181.29795
G0 F9000 X80.15 Y105.59
G0 X80.15 Y108.272
G0 X79.93 Y108.272
G1 F3000 X83.07 Y111.412 E1181.44565
G0 F9000 X82.85 Y111.412
G0 X82.85 Y113.031
G0 X83.069 Y113.031
G1 F3000 X79.93 Y113.872 E1181.55374
G1 X79.93 Y113.929
G1 X83.07 Y117.069 E1181.70143
G1 X83.069 Y117.172
G1 X79.93 Y118.013 E1181.80952
G0 F9000 X80.15 Y118.013
G0 X80.15 Y119.586
G0 X79.93 Y119.586
G1 F3000 X83.07 Y122.726 E1181.95721
G0 F9000 X82.85 Y122.726
G0 X82.85 Y121.313
G0 X83.068 Y121.313
G1 F3000 X79.93 Y122.154 E1182.06527
G0 F9000 X80.15 Y122.154
G0 X80.15 Y125.243
G0 X79.93 Y125.243
G1 F3000 X80.864 Y126.177 E1182.1092
G1 X80.859 Y126.179
G1 X83.069 Y117.931 E1182.39321
G0 F9000 X82.85 Y117.931
G0 X80.15 Y114.192
G0 X79.93 Y114.192
G1 F3000 X83.069 Y102.476 E1182.79663
G0 F9000 X82.85 Y102.476
G0 X82.85 Y108.89
G0 X83.069 Y108.89
G1 F3000 X79.93 Y109.731 E1182.90471
G0 F9000 X80.15 Y109.731
G0 X82.85 Y125.455
G0 X83.068 Y125.455
G1 F3000 X79.93 Y126.295 E1183.01276
G0 F9000 X80.15 Y126.295
G0 X79.807 Y128
G0 X80.09 Y129.533
G0 X80.016 Y129.325
G1 F3000 X79.93 Y129.646 E1183.02381
G0 F9000 X79.931 Y130.436
G1 F3000 X83.068 Y129.596 E1183.13182
G0 F9000 X82.85 Y129.596
G0 X81.348 Y132.1
G0 X81.348 Y132.318
G1 F3000 X79.93 Y130.9 E1183.19852
G0 F9000 X80.45 Y130.9
G1 F2700 E1178.19852
G0 F9000 X83.33 Y131.63
G0 X84.415 Y131.63
G0 X95.585 Y131.63
G0 X96.67 Y131.63
G0 X99.88 Y131.63
G0 X100.15 Y131.9
;TYPE:WALL-INNER
G1 F2700 E1183.19852
G1 F1500 X100.15 Y128.352 E1183.31653
G1 X99.887 Y128.729 E1183.33182
G1 X99.55 Y129.03 E1183.34685
G1 X99.151 Y129.237 E1183.3618
G1 X98.72 Y129.337 E1183.37651
G1 X98.28 Y129.338 E1183.39115
G1 X97.849 Y129.237 E1183.40587
G1 X97.451 Y129.032 E1183.42076
G1 X97.114 Y128.731 E1183.43579
G1 X96.85 Y128.352 E1183.45115
G1 X96.851 Y131.899 E1183.56912
G1 X100.15 Y131.9 E1183.67885
G0 F9000 X99.88 Y131.63
G0 X100.193 Y127.5
G0 X99.91 Y125.967
G0 X100.15 Y126.648
G1 F1500 X100.15 Y93.352 E1184.78628
G1 X99.887 Y93.729 E1184.80157
G1 X99.55 Y94.03 E1184.8166
G1 X99.155 Y94.236 E1184.83141
G1 X98.727 Y94.341 E1184.84607
G1 X98.272 Y94.341 E1184.8612
G1 X97.846 Y94.236 E1184.8758
G1 X97.451 Y94.031 E1184.8906
G1 X97.114 Y93.732 E1184.90558
G1 X96.85 Y93.352 E1184.92097
G1 X96.85 Y126.648 E1186.0284
G1 X97.114 Y126.268 E1186.04379
G1 X97.451 Y125.968 E1186.0588
G1 X97.846 Y125.764 E1186.07359
G1 X98.272 Y125.659 E1186.08818
G1 X98.727 Y125.659 E1186.10331
G1 X99.155 Y125.764 E1186.11797
G1 X99.55 Y125.97 E1186.13279
G1 X99.887 Y126.271 E1186.14781
G1 X100.15 Y126.648 E1186.1631
G1 F2700 E1181.1631
G0 F9000 X99.91 Y125.967
G0 X100.193 Y92.5
G0 X99.91 Y90.967
G0 X100.15 Y91.648
G1 F2700 E1186.1631
G1 F1500 X100.15 Y88.1 E1186.28111
G1 X96.851 Y88.101 E1186.39084
G1 X96.85 Y91.648 E1186.50881
G1 X97.114 Y91.268 E1186.5242
G1 X97.452 Y90.968 E1186.53923
G1 X97.849 Y90.763 E1186.55409
G1 X98.28 Y90.662 E1186.56881
G1 X98.72 Y90.663 E1186.58345
G1 X99.151 Y90.763 E1186.59816
G1 X99.549 Y90.97 E1186.61309
G1 X99.887 Y91.27 E1186.62812
G1 X100.15 Y91.648 E1186.64343
G1 F2700 E1181.64343
G0 F9000 X99.91 Y90.967
G0 X100.193 Y92.5
G0 X100.143 Y92.904
G0 X99.999 Y93.286
G0 X98.865 Y94.615
G0 X98.7 Y93.936
;TYPE:WALL-OUTER
G1 F2700 E1186.64343
G1 F1500 X98.299 Y93.936 E1186.65677
G1 X98.008 Y93.864 E1186.66674
G1 X97.657 Y93.68 E1186.67992
G1 X97.4 Y93.443 E1186.69155
G1 X97.229 Y93.197 E1186.70151
G1 F1304.3 X97.028 Y92.83 E1186.71752
G1 F1174.2 X97.001 Y92.47 E1186.73286
G1 X97.028 Y92.17 E1186.74566
G1 F1304.3 X97.229 Y91.803 E1186.76166
G1 F1500 X97.431 Y91.522 E1186.77317
G1 X97.698 Y91.292 E1186.78489
G1 X98.008 Y91.136 E1186.79644
G1 X98.325 Y91.06 E1186.80728
G1 X98.675 Y91.06 E1186.81892
G1 X98.992 Y91.136 E1186.82976
G1 X99.302 Y91.292 E1186.8413
G1 X99.569 Y91.522 E1186.85303
G1 X99.771 Y91.803 E1186.86454
G1 F1304.3 X99.972 Y92.17 E1186.88054
G1 F1176.5 X100 Y92.5 E1186.89458
G1 X99.971 Y92.844 E1186.90922
G1 F1304.3 X99.771 Y93.197 E1186.92474
G1 F1500 X99.569 Y93.478 E1186.93625
G1 X99.302 Y93.708 E1186.94797
G1 X98.992 Y93.864 E1186.95952
G1 X98.7 Y93.936 E1186.96952
G1 F2700 E1181.96952
G0 F9000 X98.865 Y94.615
G0 X100.193 Y127.5
G0 X100.143 Y127.904
G0 X99.999 Y128.286
G0 X98.675 Y129.641
G0 X98.675 Y128.94
G1 F2700 E1186.96952
G1 F1500 X98.325 Y128.94 E1186.98116
G1 X98.008 Y128.864 E1186.992
G1 X97.657 Y128.68 E1187.00518
G1 X97.4 Y128.443 E1187.01681
G1 X97.229 Y128.197 E1187.02678
G1 F1304.3 X97.028 Y127.83 E1187.04278
G1 F1174.2 X97.001 Y127.47 E1187.05812
G1 X97.028 Y127.17 E1187.07092
G1 F1304.3 X97.229 Y126.803 E1187.08692
G1 F1500 X97.431 Y126.522 E1187.09843
G1 X97.698 Y126.292 E1187.11016
G1 X98.008 Y126.136 E1187.1217
G1 X98.299 Y126.064 E1187.13167
G1 X98.7 Y126.064 E1187.14501
G1 X98.992 Y126.136 E1187.15501
G1 X99.302 Y126.292 E1187.16655
G1 X99.569 Y126.522 E1187.17827
G1 X99.771 Y126.803 E1187.18978
G1 F1304.3 X99.972 Y127.17 E1187.20579
G1 F1176.5 X100 Y127.5 E1187.21983
G1 X99.971 Y127.844 E1187.23447
G1 F1304.3 X99.771 Y128.197 E1187.24999
G1 F1500 X99.569 Y128.478 E1187.2615
G1 X99.302 Y128.708 E1187.27322
G1 X98.992 Y128.864 E1187.28476
G1 X98.675 Y128.94 E1187.29561
G1 F2700 E1182.29561
G0 F9000 X98.675 Y129.641
G0 X100.28 Y132.03
G0 X100.55 Y132.3
G1 F2700 E1187.29561
G1 F1500 X100.55 Y128.291 E1187.42895
G1 F1304.3 X100.49 Y127.889 E1187.44449
G1 F1176.5 X100.5 Y127.5 E1187.46099
G1 X100.49 Y127.139 E1187.47631
G1 F1304.3 X100.55 Y126.709 E1187.49292
G1 F1500 X100.55 Y93.291 E1188.6044
G1 F1304.3 X100.49 Y92.889 E1188.61995
G1 F1176.5 X100.5 Y92.5 E1188.63645
G1 X100.49 Y92.139 E1188.65177
G1 F1304.3 X100.55 Y91.709 E1188.66837
G1 F1500 X100.55 Y87.7 E1188.80171
G1 X96.451 Y87.701 E1188.93804
G1 X96.45 Y91.709 E1189.07135
G1 F1304.3 X96.51 Y92.139 E1189.08796
G1 F1176.5 X96.5 Y92.5 E1189.10327
G1 X96.51 Y92.861 E1189.11859
G1 F1304.3 X96.45 Y93.291 E1189.13519
G1 F1500 X96.45 Y126.709 E1190.24668
G1 F1304.3 X96.51 Y127.139 E1190.26329
G1 F1176.5 X96.5 Y127.5 E1190.2786
G1 X96.51 Y127.861 E1190.29392
G1 F1304.3 X96.45 Y128.291 E1190.31052
G1 F1500 X96.451 Y132.299 E1190.44383
G1 X100.55 Y132.3 E1190.58016
G0 F9000 X100.28 Y132.03
G0 X97.819 Y131.6
G0 X97.819 Y131.818
;TYPE:FILL
G1 F3000 X96.93 Y130.93 E1190.62196
G0 F9000 X96.93 Y130.023
G1 F3000 X100.068 Y129.182 E1190.73001
G0 F9000 X99.85 Y129.182
G0 X100.193 Y127.5
G0 X99.85 Y125.04
G0 X100.068 Y125.04
G1 F3000 X96.931 Y125.881 E1190.83803
G0 F9000 X97.505 Y125.848
G1 F3000 X96.93 Y125.272 E1190.8651
G0 F9000 X97.513 Y125.845
G1 F3000 X100.069 Y116.306 E1191.19356
G0 F9000 X100.069 Y116.758
G1 F3000 X96.93 Y117.599 E1191.30165
G0 F9000 X97.15 Y117.599
G0 X97.15 Y119.615
G0 X96.93 Y119.615
G1 F3000 X100.069 Y122.755 E1191.44932
G0 F9000 X99.85 Y122.755
G0 X99.85 Y120.899
G0 X100.068 Y120.899
G1 F3000 X96.931 Y121.74 E1191.55734
G0 F9000 X97.15 Y121.74
G0 X99.85 Y117.098
G0 X100.069 Y117.098
G1 F3000 X96.93 Y113.958 E1191.70501
G0 F9000 X96.931 Y113.458
G1 F3000 X100.069 Y112.617 E1191.81307
G0 F9000 X99.85 Y112.617
G0 X99.85 Y111.441
G0 X100.069 Y111.441
G1 F3000 X96.93 Y108.301 E1191.96074
G0 F9000 X97.15 Y108.301
G0 X97.15 Y109.317
G0 X96.931 Y109.317
G1 F3000 X100.068 Y108.476 E1192.06876
G0 F9000 X99.85 Y108.476
G0 X99.85 Y105.784
G0 X100.069 Y105.784
G1 F3000 X96.93 Y102.645 E1192.21641
G0 F9000 X97.15 Y102.645
G0 X97.15 Y101.034
G0 X96.931 Y101.034
G1 F3000 X100.068 Y100.194 E1192.32442
G1 X100.069 Y100.127
G1 X96.93 Y96.988 E1192.47207
G1 X96.93 Y96.894
G1 X100.069 Y96.053 E1192.58016
G0 F9000 X99.85 Y96.053
G0 X99.85 Y94.47
G0 X100.069 Y94.47
G1 F3000 X99.648 Y94.049 E1192.59996
G0 F9000 X99.793 Y94.214
G0 X99.243 Y94.46
G0 X98.752 Y94.58
G0 X98.466 Y94.58
G0 X97.595 Y94.442
G0 X97.697 Y94.25
G1 F3000 X96.931 Y97.109 E1192.6984
G0 F9000 X97.15 Y97.109
G0 X99.85 Y100.852
G0 X100.069 Y100.852
G1 F3000 X96.93 Y112.565 E1193.10173
G0 F9000 X97.15 Y112.565
G0 X97.15 Y105.176
G0 X96.931 Y105.176
G1 F3000 X100.068 Y104.335 E1193.20975
G0 F9000 X99.85 Y104.335
G0 X100.193 Y92.5
G0 X100.143 Y92.096
G0 X99.999 Y91.714
G0 X98.679 Y90.359
G0 X98.679 Y90.583
G1 F3000 X99.323 Y88.179 E1193.29253
G1 X99.436 Y88.18
G1 X100.069 Y88.813 E1193.3223
G0 F9000 X99.85 Y88.813
G0 X98.543 Y88.4
G0 X98.543 Y88.179
G1 F3000 X96.931 Y88.611 E1193.37781
G0 F9000 X97.45 Y88.7
G1 F2700 E1188.37781
G0 F9000 X99.767 Y91.378
G0 X99.999 Y91.714
G0 X100.116 Y92.024
G0 X100.33 Y94.131
G0 X101.415 Y94.131
G0 X114.335 Y94.131
G0 X115.42 Y94.131
G0 X118.201 Y94.131
G0 X118.272 Y93.841
;TYPE:WALL-INNER
G1 F2700 E1193.37781
G1 F1500 X117.843 Y93.735 E1193.3925
G1 X117.448 Y93.529 E1193.40732
G1 X117.109 Y93.226 E1193.42244
G1 X116.857 Y92.861 E1193.4372
G1 X116.7 Y92.445 E1193.45199
G1 X116.651 Y92 E1193.46688
G1 X116.699 Y91.558 E1193.48166
G1 X116.857 Y91.139 E1193.49656
G1 X117.109 Y90.774 E1193.51131
G1 X117.449 Y90.47 E1193.52648
G1 X117.847 Y90.264 E1193.54138
G1 X118.244 Y90.167 E1193.55498
G1 X118.723 Y90.158 E1193.57091
G1 X119.155 Y90.265 E1193.58571
G1 X119.554 Y90.473 E1193.60068
G1 X119.891 Y90.774 E1193.61571
G1 X120.142 Y91.137 E1193.63039
G1 X120.302 Y91.561 E1193.64546
G1 X120.35 Y92 E1193.66015
G1 X120.302 Y92.437 E1193.67477
G1 X120.142 Y92.862 E1193.68987
G1 X119.891 Y93.226 E1193.70458
G1 X119.555 Y93.526 E1193.71956
G1 X119.158 Y93.735 E1193.73448
G1 X118.727 Y93.841 E1193.74925
G1 X118.272 Y93.841 E1193.76438
G1 F2700 E1188.76438
G0 F9000 X118.201 Y94.131
G0 X116.404 Y127
G0 X116.465 Y127.501
G0 X116.644 Y127.973
G0 X116.932 Y128.389
G0 X117.273 Y128.691
G0 X118.207 Y129.132
G0 X118.278 Y128.842
G1 F2700 E1193.76438
G1 F1500 X117.846 Y128.736 E1193.77917
G1 X117.449 Y128.53 E1193.79405
G1 X117.109 Y128.226 E1193.80922
G1 X116.857 Y127.861 E1193.82397
G1 X116.7 Y127.445 E1193.83876
G1 X116.651 Y127 E1193.85365
G1 X116.699 Y126.558 E1193.86844
G1 X116.857 Y126.139 E1193.88333
G1 X117.109 Y125.774 E1193.89809
G1 X117.448 Y125.471 E1193.91321
G1 X117.843 Y125.265 E1193.92802
G1 X118.272 Y125.159 E1193.94272
G1 X118.727 Y125.159 E1193.95786
G1 X119.157 Y125.265 E1193.97259
G1 X119.555 Y125.474 E1193.98754
G1 X119.891 Y125.774 E1194.00252
G1 X120.142 Y126.137 E1194.0172
G1 X120.302 Y126.561 E1194.03227
G1 X120.35 Y127 E1194.04696
G1 X120.302 Y127.437 E1194.06158
G1 X120.142 Y127.862 E1194.07669
G1 X119.891 Y128.226 E1194.09139
G1 X119.554 Y128.527 E1194.10642
G1 X119.154 Y128.736 E1194.12143
G1 X118.756 Y128.833 E1194.13506
G1 X118.278 Y128.842 E1194.15096
G0 F9000 X118.207 Y129.132
G0 X115.87 Y131.13
G0 X115.601 Y131.399
G1 F1500 X121.4 Y131.4 E1194.34383
G1 X121.4 Y87.6 E1195.80063
G1 X115.601 Y87.601 E1195.9935
G1 X115.601 Y131.399 E1197.45023
G0 F9000 X115.201 Y131.799
;TYPE:WALL-OUTER
G1 F1500 X121.8 Y131.8 E1197.66971
G1 X121.8 Y87.2 E1199.15311
G1 X115.201 Y87.201 E1199.3726
G1 X115.201 Y131.799 E1200.85593
G1 F2700 E1195.85593
G0 F9000 X115.47 Y131.53
G0 X118.133 Y129.114
G0 X118.299 Y128.436
G1 F2700 E1200.85593
G1 F1500 X118.008 Y128.364 E1200.8659
G1 X117.657 Y128.18 E1200.87909
G1 X117.4 Y127.943 E1200.89071
G1 X117.206 Y127.653 E1200.90232
G1 X117.089 Y127.334 E1200.91362
G1 X117.051 Y127 E1200.9248
G1 X117.099 Y126.63 E1200.93721
G1 X117.229 Y126.303 E1200.94891
G1 X117.431 Y126.022 E1200.96042
G1 X117.698 Y125.792 E1200.97214
G1 X118.008 Y125.636 E1200.98369
G1 X118.299 Y125.564 E1200.99366
G1 X118.7 Y125.564 E1201.00699
G1 X118.992 Y125.636 E1201.017
G1 X119.343 Y125.82 E1201.03018
G1 X119.6 Y126.057 E1201.04181
G1 X119.794 Y126.347 E1201.05341
G1 X119.912 Y126.677 E1201.06507
G1 X119.95 Y127 E1201.07588
G1 X119.911 Y127.334 E1201.08707
G1 X119.771 Y127.697 E1201.10001
G1 X119.569 Y127.978 E1201.11152
G1 X119.302 Y128.208 E1201.12324
G1 X118.992 Y128.364 E1201.13478
G1 X118.687 Y128.439 E1201.14523
G1 X118.299 Y128.436 E1201.15814
G1 F2700 E1196.15814
G0 F9000 X118.133 Y129.114
G0 X117.311 Y128.724
G0 X116.932 Y128.389
G0 X116.644 Y127.973
G0 X116.465 Y127.501
G0 X116.43 Y127.217
G0 X118.133 Y94.114
G0 X118.299 Y93.436
G1 F2700 E1201.15814
G1 F1500 X118.008 Y93.364 E1201.16811
G1 X117.657 Y93.18 E1201.18129
G1 X117.4 Y92.943 E1201.19291
G1 X117.206 Y92.653 E1201.20452
G1 X117.089 Y92.334 E1201.21582
G1 X117.051 Y92 E1201.227
G1 X117.099 Y91.63 E1201.23941
G1 X117.229 Y91.303 E1201.25111
G1 X117.431 Y91.022 E1201.26262
G1 X117.698 Y90.792 E1201.27435
G1 X118.008 Y90.636 E1201.28589
G1 X118.313 Y90.561 E1201.29633
G1 X118.701 Y90.564 E1201.30924
G1 X118.992 Y90.636 E1201.31921
G1 X119.343 Y90.82 E1201.33239
G1 X119.6 Y91.057 E1201.34402
G1 X119.794 Y91.347 E1201.35562
G1 X119.912 Y91.677 E1201.36728
G1 X119.95 Y92 E1201.3781
G1 X119.911 Y92.334 E1201.38928
G1 X119.771 Y92.697 E1201.40222
G1 X119.569 Y92.978 E1201.41373
G1 X119.302 Y93.208 E1201.42545
G1 X118.992 Y93.364 E1201.437
G1 X118.7 Y93.436 E1201.447
G1 X118.299 Y93.436 E1201.46034
G0 F9000 X118.491 Y93.92
;TYPE:FILL
G1 F3000 X115.68 Y104.408 E1201.82148
G1 X115.679 Y104.424
G1 X121.319 Y110.063 E1202.08675
G0 F9000 X121.1 Y110.063
G0 X121.1 Y111.064
G0 X121.319 Y111.064
G1 F3000 X115.68 Y112.575 E1202.28092
G0 F9000 X115.9 Y112.575
G0 X115.9 Y110.081
G0 X115.68 Y110.081
G1 F3000 X121.319 Y115.72 E1202.54616
G0 F9000 X121.319 Y115.205
G1 F3000 X115.681 Y116.716 E1202.7403
G0 F9000 X115.68 Y115.738
G1 F3000 X121.319 Y121.377 E1203.00554
G0 F9000 X121.1 Y121.377
G0 X121.1 Y119.346
G0 X121.319 Y119.346
G1 F3000 X115.681 Y120.857 E1203.19967
G0 F9000 X115.68 Y121.395
G1 F3000 X121.319 Y127.034 E1203.46492
G0 F9000 X121.319 Y127.629
G1 F3000 X120.19 Y127.931 E1203.50379
G0 F9000 X120.371 Y128.057
G0 X121.1 Y129.728
G0 X121.319 Y129.728
G1 F3000 X120.893 Y131.32 E1203.5586
G0 F9000 X119.947 Y131.318
G1 F3000 X115.68 Y127.052 E1203.75928
G0 F9000 X115.9 Y127.052
G0 X115.9 Y124.998
G0 X115.68 Y124.998
G1 F3000 X121.318 Y123.488 E1203.95341
G0 F9000 X121.1 Y123.488
G0 X118.424 Y124.859
G0 X118.424 Y125.078
G1 F3000 X121.319 Y114.273 E1204.32546
G0 F9000 X121.1 Y114.273
G0 X121.1 Y106.923
G0 X121.318 Y106.923
G1 F3000 X115.68 Y108.434 E1204.5196
G0 F9000 X115.9 Y108.434
G0 X115.9 Y104.293
G0 X115.68 Y104.293
G1 F3000 X121.318 Y102.782 E1204.71374
G0 F9000 X121.1 Y102.782
G0 X121.1 Y104.407
G0 X121.319 Y104.407
G1 F3000 X115.679 Y98.767 E1204.97903
G0 F9000 X115.9 Y98.767
G0 X115.9 Y100.152
G0 X115.681 Y100.152
G1 F3000 X121.319 Y98.641 E1205.17317
G1 X121.319 Y98.75
G1 X115.679 Y93.11 E1205.43846
G0 F9000 X115.9 Y93.11
G0 X115.9 Y91.87
G0 X115.68 Y91.87
G1 F3000 X116.609 Y91.621 E1205.47044
G0 F9000 X116.393 Y91.595
G0 X116.644 Y91.027
G0 X116.932 Y90.611
G0 X117.311 Y90.276
G0 X118.304 Y89.859
G0 X118.304 Y90.078
G1 F3000 X115.907 Y87.681 E1205.58319
G1 X115.862 Y87.68
G1 X115.68 Y87.728 E1205.58945
G0 F9000 X116.022 Y87.679
G1 F3000 X115.68 Y88.954 E1205.63336
G0 F9000 X115.9 Y88.954
G0 X119.554 Y90.137
G0 X119.453 Y90.328
G1 F3000 X120.163 Y87.679 E1205.72457
G0 F9000 X120.163 Y87.9
G0 X121.1 Y90.359
G0 X121.318 Y90.359
G1 F3000 X119.952 Y90.725 E1205.77161
G0 F9000 X120.135 Y90.6
G0 X120.495 Y91.409
G0 X120.631 Y92.208
G0 X120.408 Y92.182
G1 F3000 X121.319 Y93.093 E1205.81446
G0 F9000 X121.1 Y93.093
G0 X121.1 Y94.5
G0 X121.318 Y94.5
G1 F3000 X115.68 Y96.011 E1206.0086
G0 F9000 X115.9 Y96.011
G0 X121.1 Y98.819
G0 X121.319 Y98.819
G1 F3000 X115.68 Y119.862 E1206.73319
G0 F9000 X115.9 Y119.862
G0 X116.465 Y127.501
G0 X116.644 Y127.973
G0 X116.807 Y128.209
G0 X117.37 Y128.824
G0 X117.472 Y128.632
G1 F3000 X116.752 Y131.318 E1206.82568
G0 F9000 X116.752 Y131.1
G0 X115.9 Y129.139
G0 X115.68 Y129.139
G1 F3000 X117.508 Y128.65 E1206.88861
G0 F9000 X117.266 Y129.107
G1 F2700 E1201.88861
G0 F9000 X116.807 Y127
G0 X121.58 Y112.13
G0 X122.665 Y112.13
G0 X135.585 Y112.13
G0 X136.67 Y112.13
G0 X137.12 Y112.13
G0 X136.851 Y112.399
;TYPE:WALL-INNER
G1 F2700 E1206.88861
G1 F1500 X140.15 Y112.4 E1206.99834
G1 X140.15 Y108.852 E1207.11635
G1 X139.887 Y109.229 E1207.13164
G1 X139.55 Y109.53 E1207.14666
G1 X139.151 Y109.737 E1207.16161
G1 X138.72 Y109.837 E1207.17633
G1 X138.28 Y109.838 E1207.19096
G1 X137.849 Y109.737 E1207.20569
G1 X137.451 Y109.532 E1207.22058
G1 X137.114 Y109.231 E1207.23561
G1 X136.85 Y108.852 E1207.25097
G1 X136.851 Y112.399 E1207.36894
G0 F9000 X137.12 Y112.13
G0 X136.807 Y108
G0 X137.09 Y106.467
G0 X136.85 Y107.148
G1 F1500 X137.114 Y106.768 E1207.38433
G1 X137.452 Y106.468 E1207.39936
G1 X137.849 Y106.263 E1207.41423
G1 X138.28 Y106.162 E1207.42895
G1 X138.72 Y106.163 E1207.44358
G1 X139.151 Y106.263 E1207.4583
G1 X139.549 Y106.47 E1207.47322
G1 X139.887 Y106.77 E1207.48825
G1 X140.15 Y107.148 E1207.50357
G1 X140.15 Y103.6 E1207.62157
G1 X136.851 Y103.601 E1207.7313
G1 X136.85 Y107.148 E1207.84927
G1 F2700 E1202.84927
G0 F9000 X137.09 Y106.467
G0 X136.807 Y108
G0 X136.857 Y108.404
G0 X137.842 Y110.043
G0 X138.008 Y109.364
;TYPE:WALL-OUTER
G1 F2700 E1207.84927
G1 F1500 X137.657 Y109.18 E1207.86245
G1 X137.4 Y108.943 E1207.87408
G1 X137.229 Y108.697 E1207.88405
G1 F1304.3 X137.028 Y108.33 E1207.90005
G1 F1174.2 X137.001 Y107.97 E1207.91539
G1 X137.028 Y107.67 E1207.92819
G1 F1304.3 X137.229 Y107.303 E1207.94419
G1 F1500 X137.431 Y107.022 E1207.9557
G1 X137.698 Y106.792 E1207.96743
G1 X138.008 Y106.636 E1207.97897
G1 X138.325 Y106.56 E1207.98981
G1 X138.675 Y106.56 E1208.00145
G1 X138.992 Y106.636 E1208.01229
G1 X139.302 Y106.792 E1208.02384
G1 X139.569 Y107.022 E1208.03556
G1 X139.771 Y107.303 E1208.04707
G1 F1304.3 X139.972 Y107.67 E1208.06307
G1 F1176.5 X140 Y108 E1208.07712
G1 X139.971 Y108.344 E1208.09176
G1 F1304.3 X139.771 Y108.697 E1208.10727
G1 F1500 X139.569 Y108.978 E1208.11879
G1 X139.302 Y109.208 E1208.13051
G1 X138.992 Y109.364 E1208.14205
G1 X138.675 Y109.44 E1208.15289
G1 X138.325 Y109.44 E1208.16453
G1 X138.008 Y109.364 E1208.17537
G1 F2700 E1203.17537
G0 F9000 X137.842 Y110.043
G0 X136.72 Y112.53
G0 X136.451 Y112.799
G1 F2700 E1208.17537
G1 F1500 X140.55 Y112.8 E1208.31171
G1 X140.55 Y108.791 E1208.44505
G1 F1304.3 X140.49 Y108.389 E1208.46059
G1 F1176.5 X140.5 Y108 E1208.4771
G1 X140.49 Y107.639 E1208.49241
G1 F1304.3 X140.55 Y107.209 E1208.50902
G1 F1500 X140.55 Y103.2 E1208.64236
G1 X136.451 Y103.201 E1208.77869
G1 X136.45 Y107.209 E1208.912
G1 F1304.3 X136.51 Y107.639 E1208.9286
G1 F1176.5 X136.5 Y108 E1208.94392
G1 X136.51 Y108.361 E1208.95923
G1 F1304.3 X136.45 Y108.791 E1208.97584
G1 F1500 X136.451 Y112.799 E1209.10915
G0 F9000 X136.72 Y112.53
G0 X137.15 Y111.022
G0 X136.93 Y111.022
;TYPE:FILL
G1 F3000 X140.068 Y110.181 E1209.2172
G0 F9000 X139.85 Y110.181
G0 X139.124 Y110.052
G0 X139.073 Y109.836
G1 F3000 X138.407 Y112.319 E1209.3027
G0 F9000 X138.407 Y112.1
G0 X139.85 Y111.843
G0 X140.069 Y111.843
G1 F3000 X138.105 Y109.878 E1209.39511
G0 F9000 X138.052 Y110.094
G0 X139.461 Y109.393
G0 X139.767 Y109.122
G0 X139.999 Y108.786
G0 X140.143 Y108.404
G0 X140.188 Y108.04
G0 X139.91 Y106.467
G0 X139.916 Y106.688
G1 F3000 X140.069 Y106.118 E1209.41474
G1 X140.069 Y106.186
G1 X137.564 Y103.68 E1209.53259
G0 F9000 X137.564 Y103.9
G0 X139.398 Y106.054
G0 X139.296 Y106.247
G1 F3000 X140.069 Y106.04 E1209.5592
G0 F9000 X139.651 Y105.849
G1 F2700 E1204.5592
;MESH:NONMESH
G0 F300 X139.651 Y105.849 Z5.8
G0 F9000 X136.664 Y103.414
G0 X135.585 Y103.414
G0 X122.653 Y86.347
G0 X114.347 Y86.347
G0 X95.597 Y86.847
G0 X84.415 Y103.414
G0 X83.33 Y103.414
G0 X83.193 Y93
G0 X82.91 Y91.467
G0 X83.15 Y92.148
;TIME_ELAPSED:2216.331855
;LAYER:28
;TYPE:WALL-INNER
;MESH:Spacers.stl
G1 F2700 E1209.5592
G1 F1500 X83.15 Y88.6 E1209.67721
G1 X79.851 Y88.601 E1209.78694
G1 X79.85 Y92.148 E1209.90491
G1 X80.114 Y91.768 E1209.9203
G1 X80.452 Y91.468 E1209.93533
G1 X80.849 Y91.263 E1209.95019
G1 X81.28 Y91.162 E1209.96491
G1 X81.72 Y91.163 E1209.97955
G1 X82.151 Y91.263 E1209.99427
G1 X82.549 Y91.47 E1210.00919
G1 X82.887 Y91.77 E1210.02422
G1 X83.15 Y92.148 E1210.03953
G1 F2700 E1205.03953
G0 F9000 X82.91 Y91.467
G0 X83.165 Y92.847
G0 X82.91 Y126.467
G0 X83.15 Y127.148
G1 F2700 E1210.03953
G1 F1500 X83.15 Y93.852 E1211.14696
G1 X82.887 Y94.229 E1211.16225
G1 X82.55 Y94.53 E1211.17728
G1 X82.155 Y94.736 E1211.1921
G1 X81.727 Y94.841 E1211.20675
G1 X81.272 Y94.841 E1211.22189
G1 X80.846 Y94.736 E1211.23648
G1 X80.451 Y94.531 E1211.25128
G1 X80.114 Y94.232 E1211.26627
G1 X79.85 Y93.852 E1211.28166
G1 X79.85 Y127.148 E1212.38909
G1 X80.114 Y126.768 E1212.40448
G1 X80.451 Y126.468 E1212.41948
G1 X80.846 Y126.264 E1212.43427
G1 X81.272 Y126.159 E1212.44886
G1 X81.727 Y126.159 E1212.46399
G1 X82.155 Y126.264 E1212.47865
G1 X82.55 Y126.47 E1212.49347
G1 X82.887 Y126.771 E1212.5085
G1 X83.15 Y127.148 E1212.52379
G0 F9000 X82.91 Y126.467
G0 X83.165 Y127.847
G0 X82.88 Y132.13
G0 X83.15 Y132.4
G1 F1500 X83.15 Y128.852 E1212.64179
G1 X82.887 Y129.229 E1212.65708
G1 X82.55 Y129.53 E1212.67211
G1 X82.151 Y129.737 E1212.68706
G1 X81.72 Y129.837 E1212.70178
G1 X81.28 Y129.838 E1212.71641
G1 X80.849 Y129.737 E1212.73114
G1 X80.451 Y129.532 E1212.74603
G1 X80.114 Y129.231 E1212.76105
G1 X79.85 Y128.852 E1212.77642
G1 X79.851 Y132.399 E1212.89439
G1 X83.15 Y132.4 E1213.00412
G0 F9000 X83.55 Y132.8
;TYPE:WALL-OUTER
G1 F1500 X83.55 Y128.791 E1213.13746
G1 F1304.3 X83.49 Y128.389 E1213.153
G1 F1176.5 X83.5 Y128 E1213.1695
G1 X83.49 Y127.639 E1213.18482
G1 F1304.3 X83.55 Y127.209 E1213.20142
G1 F1500 X83.55 Y93.791 E1214.31291
G1 F1304.3 X83.49 Y93.389 E1214.32846
G1 F1176.5 X83.5 Y93 E1214.34496
G1 X83.49 Y92.639 E1214.36027
G1 F1304.3 X83.55 Y92.209 E1214.37688
G1 F1500 X83.55 Y88.2 E1214.51022
G1 X79.451 Y88.201 E1214.64655
G1 X79.45 Y92.209 E1214.77986
G1 F1304.3 X79.51 Y92.639 E1214.79647
G1 F1176.5 X79.5 Y93 E1214.81178
G1 X79.51 Y93.361 E1214.8271
G1 F1304.3 X79.45 Y93.791 E1214.8437
G1 F1500 X79.45 Y127.209 E1215.95519
G1 F1304.3 X79.51 Y127.639 E1215.9718
G1 F1176.5 X79.5 Y128 E1215.98711
G1 X79.51 Y128.361 E1216.00243
G1 F1304.3 X79.45 Y128.791 E1216.01903
G1 F1500 X79.451 Y132.799 E1216.15234
G1 X83.55 Y132.8 E1216.28867
G1 F2700 E1211.28867
G0 F9000 X83.28 Y132.53
G0 X82.157 Y130.044
G0 X81.992 Y129.364
G1 F2700 E1216.28867
G1 F1500 X81.675 Y129.44 E1216.29952
G1 X81.325 Y129.44 E1216.31116
G1 X81.008 Y129.364 E1216.322
G1 X80.657 Y129.18 E1216.33518
G1 X80.4 Y128.943 E1216.34681
G1 X80.229 Y128.697 E1216.35677
G1 F1304.3 X80.028 Y128.33 E1216.37278
G1 F1174.2 X80.001 Y127.97 E1216.38812
G1 X80.028 Y127.67 E1216.40091
G1 F1304.3 X80.229 Y127.303 E1216.41692
G1 F1500 X80.431 Y127.022 E1216.42843
G1 X80.698 Y126.792 E1216.44015
G1 X81.008 Y126.636 E1216.45169
G1 X81.299 Y126.564 E1216.46166
G1 X81.7 Y126.564 E1216.475
G1 X81.992 Y126.636 E1216.485
G1 X82.302 Y126.792 E1216.49655
G1 X82.569 Y127.022 E1216.50827
G1 X82.771 Y127.303 E1216.51978
G1 F1304.3 X82.972 Y127.67 E1216.53578
G1 F1176.5 X83 Y128 E1216.54983
G1 X82.971 Y128.344 E1216.56447
G1 F1304.3 X82.771 Y128.697 E1216.57999
G1 F1500 X82.569 Y128.978 E1216.5915
G1 X82.302 Y129.208 E1216.60322
G1 X81.992 Y129.364 E1216.61476
G1 F2700 E1211.61476
G0 F9000 X82.157 Y130.044
G0 X82.999 Y128.786
G0 X83.143 Y128.404
G0 X81.865 Y95.115
G0 X81.7 Y94.436
G1 F2700 E1216.61476
G1 F1500 X81.299 Y94.436 E1216.6281
G1 X81.008 Y94.364 E1216.63807
G1 X80.657 Y94.18 E1216.65125
G1 X80.4 Y93.943 E1216.66288
G1 X80.229 Y93.697 E1216.67284
G1 F1304.3 X80.028 Y93.33 E1216.68885
G1 F1174.2 X80.001 Y92.97 E1216.70418
G1 X80.028 Y92.67 E1216.71698
G1 F1304.3 X80.229 Y92.303 E1216.73299
G1 F1500 X80.431 Y92.022 E1216.7445
G1 X80.698 Y91.792 E1216.75622
G1 X81.008 Y91.636 E1216.76776
G1 X81.325 Y91.56 E1216.7786
G1 X81.675 Y91.56 E1216.79025
G1 X81.992 Y91.636 E1216.80109
G1 X82.302 Y91.792 E1216.81263
G1 X82.569 Y92.022 E1216.82435
G1 X82.771 Y92.303 E1216.83586
G1 F1304.3 X82.972 Y92.67 E1216.85187
G1 F1176.5 X83 Y93 E1216.86591
G1 X82.971 Y93.344 E1216.88055
G1 F1304.3 X82.771 Y93.697 E1216.89607
G1 F1500 X82.569 Y93.978 E1216.90758
G1 X82.302 Y94.208 E1216.9193
G1 X81.992 Y94.364 E1216.93084
G1 X81.7 Y94.436 E1216.94085
G0 F9000 X80.834 Y94.813
;TYPE:FILL
G1 F3000 X79.93 Y98.188 E1217.05706
G0 F9000 X79.93 Y97.455
G1 F3000 X83.069 Y96.614 E1217.16514
G0 F9000 X82.85 Y96.614
G0 X80.15 Y96.758
G0 X79.93 Y96.758
G1 F3000 X83.07 Y99.897 E1217.31281
G0 F9000 X83.068 Y100.755
G1 F3000 X79.93 Y101.596 E1217.42087
G0 F9000 X79.93 Y102.415
G1 F3000 X83.07 Y105.554 E1217.56854
G0 F9000 X83.068 Y104.896
G1 F3000 X79.93 Y105.737 E1217.67659
G0 F9000 X80.15 Y105.737
G0 X80.15 Y108.072
G0 X79.93 Y108.072
G1 F3000 X83.07 Y111.211 E1217.82427
G0 F9000 X82.85 Y111.211
G0 X82.85 Y113.178
G0 X83.069 Y113.178
G1 F3000 X79.93 Y114.019 E1217.93235
G0 F9000 X79.93 Y113.728
G1 F3000 X83.07 Y116.868 E1218.08005
G0 F9000 X83.069 Y117.319
G1 F3000 X79.93 Y118.16 E1218.18813
G0 F9000 X80.15 Y118.16
G0 X80.15 Y119.385
G0 X79.93 Y119.385
G1 F3000 X83.07 Y122.525 E1218.33583
G0 F9000 X82.85 Y122.525
G0 X82.85 Y121.46
G0 X83.068 Y121.46
G1 F3000 X79.93 Y122.301 E1218.44388
G0 F9000 X80.15 Y122.301
G0 X80.15 Y125.042
G0 X79.93 Y125.042
G1 F3000 X81.025 Y126.137 E1218.49539
G0 F9000 X81.291 Y126.078
G1 F3000 X83.068 Y125.602 E1218.55658
G0 F9000 X82.85 Y125.602
G0 X80.64 Y126.033
G0 X80.74 Y126.225
G1 F3000 X79.93 Y126.442 E1218.58447
G0 F9000 X80.693 Y126.251
G1 F3000 X83.069 Y117.382 E1218.88985
G0 F9000 X82.85 Y117.382
G0 X80.15 Y113.643
G0 X79.93 Y113.643
G1 F3000 X83.069 Y101.928 E1219.29324
G0 F9000 X82.85 Y101.928
G0 X82.85 Y109.037
G0 X83.068 Y109.037
G1 F3000 X79.93 Y109.878 E1219.40129
G0 F9000 X80.15 Y109.878
G0 X79.807 Y93
G0 X80.169 Y91.32
G0 X80.312 Y91.483
G1 F3000 X79.93 Y91.101 E1219.41926
G0 F9000 X80.15 Y91.101
G0 X80.772 Y90.998
G0 X81.88 Y90.889
G0 X81.827 Y91.107
G1 F3000 X82.478 Y88.679 E1219.50287
G0 F9000 X81.771 Y88.679
G1 F3000 X79.931 Y89.172 E1219.56623
G1 F2700 E1214.56623
G0 F9000 X80.15 Y89.172
G0 X79.807 Y93
G0 X83.193 Y128
G0 X82.85 Y129.743
G0 X83.068 Y129.743
G1 F2700 E1219.56623
G1 F3000 X79.931 Y130.583 E1219.67424
G1 X79.93 Y130.699
G1 X81.549 Y132.318 E1219.75039
G0 F9000 X81.549 Y131.8
G1 F2700 E1214.75039
G0 F9000 X83.33 Y131.63
G0 X84.415 Y131.63
G0 X95.585 Y131.63
G0 X96.67 Y131.63
G0 X99.88 Y131.63
G0 X100.15 Y131.9
;TYPE:WALL-INNER
G1 F2700 E1219.75039
G1 F1500 X100.15 Y128.352 E1219.8684
G1 X99.887 Y128.729 E1219.88369
G1 X99.55 Y129.03 E1219.89872
G1 X99.151 Y129.237 E1219.91367
G1 X98.72 Y129.337 E1219.92838
G1 X98.28 Y129.338 E1219.94302
G1 X97.849 Y129.237 E1219.95774
G1 X97.451 Y129.032 E1219.97263
G1 X97.114 Y128.731 E1219.98766
G1 X96.85 Y128.352 E1220.00302
G1 X96.851 Y131.899 E1220.121
G1 X100.15 Y131.9 E1220.23072
G0 F9000 X99.88 Y131.63
G0 X100.193 Y127.5
G0 X99.91 Y125.967
G0 X100.15 Y126.648
G1 F1500 X100.15 Y93.352 E1221.33815
G1 X99.887 Y93.729 E1221.35344
G1 X99.55 Y94.03 E1221.36847
G1 X99.155 Y94.236 E1221.38329
G1 X98.727 Y94.341 E1221.39794
G1 X98.272 Y94.341 E1221.41308
G1 X97.846 Y94.236 E1221.42767
G1 X97.451 Y94.031 E1221.44247
G1 X97.114 Y93.732 E1221.45745
G1 X96.85 Y93.352 E1221.47284
G1 X96.85 Y126.648 E1222.58027
G1 X97.114 Y126.268 E1222.59566
G1 X97.451 Y125.968 E1222.61067
G1 X97.846 Y125.764 E1222.62546
G1 X98.272 Y125.659 E1222.64005
G1 X98.727 Y125.659 E1222.65518
G1 X99.155 Y125.764 E1222.66984
G1 X99.55 Y125.97 E1222.68466
G1 X99.887 Y126.271 E1222.69969
G1 X100.15 Y126.648 E1222.71497
G1 F2700 E1217.71497
G0 F9000 X99.91 Y125.967
G0 X100.193 Y92.5
G0 X99.91 Y90.967
G0 X100.15 Y91.648
G1 F2700 E1222.71497
G1 F1500 X100.15 Y88.1 E1222.83298
G1 X96.851 Y88.101 E1222.94271
G1 X96.85 Y91.648 E1223.06068
G1 X97.114 Y91.268 E1223.07607
G1 X97.452 Y90.968 E1223.0911
G1 X97.849 Y90.763 E1223.10596
G1 X98.28 Y90.662 E1223.12069
G1 X98.72 Y90.663 E1223.13532
G1 X99.151 Y90.763 E1223.15004
G1 X99.549 Y90.97 E1223.16496
G1 X99.887 Y91.27 E1223.17999
G1 X100.15 Y91.648 E1223.1953
G1 F2700 E1218.1953
G0 F9000 X99.91 Y90.967
G0 X100.193 Y92.5
G0 X100.143 Y92.904
G0 X99.999 Y93.286
G0 X98.865 Y94.615
G0 X98.7 Y93.936
;TYPE:WALL-OUTER
G1 F2700 E1223.1953
G1 F1500 X98.299 Y93.936 E1223.20864
G1 X98.008 Y93.864 E1223.21861
G1 X97.657 Y93.68 E1223.23179
G1 X97.4 Y93.443 E1223.24342
G1 X97.229 Y93.197 E1223.25339
G1 F1304.3 X97.028 Y92.83 E1223.26939
G1 F1174.2 X97.001 Y92.47 E1223.28473
G1 X97.028 Y92.17 E1223.29753
G1 F1304.3 X97.229 Y91.803 E1223.31353
G1 F1500 X97.431 Y91.522 E1223.32504
G1 X97.698 Y91.292 E1223.33676
G1 X98.008 Y91.136 E1223.34831
G1 X98.325 Y91.06 E1223.35915
G1 X98.675 Y91.06 E1223.37079
G1 X98.992 Y91.136 E1223.38163
G1 X99.302 Y91.292 E1223.39318
G1 X99.569 Y91.522 E1223.4049
G1 X99.771 Y91.803 E1223.41641
G1 F1304.3 X99.972 Y92.17 E1223.43241
G1 F1176.5 X100 Y92.5 E1223.44646
G1 X99.971 Y92.844 E1223.4611
G1 F1304.3 X99.771 Y93.197 E1223.47661
G1 F1500 X99.569 Y93.478 E1223.48812
G1 X99.302 Y93.708 E1223.49985
G1 X98.992 Y93.864 E1223.51139
G1 X98.7 Y93.936 E1223.52139
G1 F2700 E1218.52139
G0 F9000 X98.865 Y94.615
G0 X100.193 Y127.5
G0 X100.143 Y127.904
G0 X99.999 Y128.286
G0 X98.675 Y129.641
G0 X98.675 Y128.94
G1 F2700 E1223.52139
G1 F1500 X98.325 Y128.94 E1223.53303
G1 X98.008 Y128.864 E1223.54387
G1 X97.657 Y128.68 E1223.55706
G1 X97.4 Y128.443 E1223.56868
G1 X97.229 Y128.197 E1223.57865
G1 F1304.3 X97.028 Y127.83 E1223.59465
G1 F1174.2 X97.001 Y127.47 E1223.60999
G1 X97.028 Y127.17 E1223.62279
G1 F1304.3 X97.229 Y126.803 E1223.6388
G1 F1500 X97.431 Y126.522 E1223.65031
G1 X97.698 Y126.292 E1223.66203
G1 X98.008 Y126.136 E1223.67357
G1 X98.299 Y126.064 E1223.68354
G1 X98.7 Y126.064 E1223.69688
G1 X98.992 Y126.136 E1223.70688
G1 X99.302 Y126.292 E1223.71842
G1 X99.569 Y126.522 E1223.73014
G1 X99.771 Y126.803 E1223.74165
G1 F1304.3 X99.972 Y127.17 E1223.75766
G1 F1176.5 X100 Y127.5 E1223.7717
G1 X99.971 Y127.844 E1223.78634
G1 F1304.3 X99.771 Y128.197 E1223.80186
G1 F1500 X99.569 Y128.478 E1223.81337
G1 X99.302 Y128.708 E1223.82509
G1 X98.992 Y128.864 E1223.83664
G1 X98.675 Y128.94 E1223.84748
G1 F2700 E1218.84748
G0 F9000 X98.675 Y129.641
G0 X100.28 Y132.03
G0 X100.55 Y132.3
G1 F2700 E1223.84748
G1 F1500 X100.55 Y128.291 E1223.98082
G1 F1304.3 X100.49 Y127.889 E1223.99636
G1 F1176.5 X100.5 Y127.5 E1224.01287
G1 X100.49 Y127.139 E1224.02818
G1 F1304.3 X100.55 Y126.709 E1224.04479
G1 F1500 X100.55 Y93.291 E1225.15627
G1 F1304.3 X100.49 Y92.889 E1225.17182
G1 F1176.5 X100.5 Y92.5 E1225.18832
G1 X100.49 Y92.139 E1225.20364
G1 F1304.3 X100.55 Y91.709 E1225.22024
G1 F1500 X100.55 Y87.7 E1225.35358
G1 X96.451 Y87.701 E1225.48992
G1 X96.45 Y91.709 E1225.62322
G1 F1304.3 X96.51 Y92.139 E1225.63983
G1 F1176.5 X96.5 Y92.5 E1225.65514
G1 X96.51 Y92.861 E1225.67046
G1 F1304.3 X96.45 Y93.291 E1225.68707
G1 F1500 X96.45 Y126.709 E1226.79855
G1 F1304.3 X96.51 Y127.139 E1226.81516
G1 F1176.5 X96.5 Y127.5 E1226.83047
G1 X96.51 Y127.861 E1226.84579
G1 F1304.3 X96.45 Y128.291 E1226.86239
G1 F1500 X96.451 Y132.299 E1226.9957
G1 X100.55 Y132.3 E1227.13203
G0 F9000 X99.906 Y131.819
;TYPE:FILL
G1 F3000 X100.069 Y131.212 E1227.15294
G0 F9000 X99.85 Y131.212
G0 X99.85 Y129.329
G0 X100.068 Y129.329
G1 F3000 X96.93 Y130.17 E1227.26099
G0 F9000 X96.93 Y130.729
G1 F3000 X98.019 Y131.818 E1227.31222
G0 F9000 X98.019 Y131.6
G0 X96.857 Y127.904
G0 X96.812 Y127.54
G0 X97.089 Y125.958
G0 X96.931 Y126.028
G1 F3000 X97.401 Y125.902 E1227.3284
G1 X97.334 Y125.964
G1 X100.069 Y115.758 E1227.67983
G0 F9000 X99.85 Y115.758
G0 X99.85 Y116.897
G0 X100.069 Y116.897
G1 F3000 X96.93 Y113.757 E1227.8275
G1 X96.931 Y113.605
G1 X100.068 Y112.764 E1227.93552
G0 F9000 X99.85 Y112.764
G0 X99.85 Y111.24
G0 X100.069 Y111.24
G1 F3000 X96.93 Y108.101 E1228.08317
G0 F9000 X97.15 Y108.101
G0 X97.15 Y109.464
G0 X96.931 Y109.464
G1 F3000 X100.068 Y108.623 E1228.19119
G0 F9000 X99.85 Y108.623
G0 X99.85 Y105.583
G0 X100.069 Y105.583
G1 F3000 X96.93 Y102.444 E1228.33884
G0 F9000 X97.15 Y102.444
G0 X97.15 Y101.181
G0 X96.931 Y101.181
G1 F3000 X100.069 Y100.341 E1228.44689
G1 X100.069 Y100.303
G1 X96.93 Y112.016 E1228.85021
G0 F9000 X97.15 Y112.016
G0 X97.15 Y117.746
G0 X96.93 Y117.746
G1 F3000 X100.069 Y116.905 E1228.9583
G0 F9000 X99.85 Y116.905
G0 X97.15 Y119.414
G0 X96.93 Y119.414
G1 F3000 X100.069 Y122.554 E1229.10597
G0 F9000 X99.85 Y122.554
G0 X99.85 Y121.046
G0 X100.068 Y121.046
G1 F3000 X96.931 Y121.887 E1229.21399
G0 F9000 X97.15 Y121.887
G0 X97.15 Y125.071
G0 X96.93 Y125.071
G1 F3000 X97.638 Y125.779 E1229.24729
G0 F9000 X98.61 Y125.578
G1 F3000 X100.068 Y125.187 E1229.2975
G0 F9000 X99.85 Y125.187
G0 X97.15 Y105.323
G0 X96.931 Y105.323
G1 F3000 X100.068 Y104.482 E1229.40552
G0 F9000 X99.85 Y104.482
G0 X99.85 Y99.926
G0 X100.069 Y99.926
G1 F3000 X96.93 Y96.787 E1229.55317
G0 F9000 X96.931 Y96.56
G1 F3000 X97.568 Y94.182 E1229.63505
G0 F9000 X97.466 Y94.374
G0 X98.248 Y94.58
G0 X98.752 Y94.58
G0 X99.15 Y94.483
G0 X99.899 Y94.12
G0 X99.754 Y93.954
G1 F3000 X100.069 Y94.27 E1229.64989
G0 F9000 X99.85 Y94.27
G0 X99.85 Y96.2
G0 X100.068 Y96.2
G1 F3000 X96.93 Y97.041 E1229.75795
G0 F9000 X97.15 Y97.041
G0 X96.807 Y92.5
G0 X96.857 Y92.096
G0 X97.001 Y91.714
G0 X97.21 Y91.412
G0 X98.532 Y90.359
G0 X98.532 Y90.583
G1 F3000 X99.176 Y88.179 E1229.84072
G1 X99.092 Y88.179
G1 X96.931 Y88.758 E1229.91513
G0 F9000 X97.15 Y88.758
G0 X99.637 Y88.4
G0 X99.637 Y88.18
G1 F3000 X100.069 Y88.612 E1229.93545
G0 F9000 X99.55 Y88.7
G1 F2700 E1224.93545
G0 F9000 X100.129 Y92.12
G0 X100.33 Y94.131
G0 X101.415 Y94.131
G0 X114.335 Y94.131
G0 X115.42 Y94.131
G0 X118.201 Y94.131
G0 X118.272 Y93.841
;TYPE:WALL-INNER
G1 F2700 E1229.93545
G1 F1500 X117.843 Y93.735 E1229.95015
G1 X117.448 Y93.529 E1229.96497
G1 X117.109 Y93.226 E1229.98009
G1 X116.857 Y92.861 E1229.99484
G1 X116.7 Y92.445 E1230.00963
G1 X116.651 Y92 E1230.02452
G1 X116.699 Y91.558 E1230.03931
G1 X116.857 Y91.139 E1230.0542
G1 X117.109 Y90.774 E1230.06895
G1 X117.449 Y90.47 E1230.08412
G1 X117.847 Y90.264 E1230.09903
G1 X118.244 Y90.167 E1230.11262
G1 X118.723 Y90.158 E1230.12856
G1 X119.155 Y90.265 E1230.14336
G1 X119.554 Y90.473 E1230.15832
G1 X119.891 Y90.774 E1230.17335
G1 X120.142 Y91.137 E1230.18803
G1 X120.302 Y91.561 E1230.20311
G1 X120.35 Y92 E1230.21779
G1 X120.302 Y92.437 E1230.23242
G1 X120.142 Y92.862 E1230.24752
G1 X119.891 Y93.226 E1230.26223
G1 X119.555 Y93.526 E1230.27721
G1 X119.158 Y93.735 E1230.29213
G1 X118.727 Y93.841 E1230.30689
G1 X118.272 Y93.841 E1230.32203
G1 F2700 E1225.32203
G0 F9000 X118.201 Y94.131
G0 X116.404 Y127
G0 X116.465 Y127.501
G0 X116.644 Y127.973
G0 X116.932 Y128.389
G0 X117.273 Y128.691
G0 X118.207 Y129.132
G0 X118.278 Y128.842
G1 F2700 E1230.32203
G1 F1500 X117.846 Y128.736 E1230.33682
G1 X117.449 Y128.53 E1230.3517
G1 X117.109 Y128.226 E1230.36687
G1 X116.857 Y127.861 E1230.38162
G1 X116.7 Y127.445 E1230.39641
G1 X116.651 Y127 E1230.4113
G1 X116.699 Y126.558 E1230.42608
G1 X116.857 Y126.138 E1230.44101
G1 X117.109 Y125.774 E1230.45573
G1 X117.448 Y125.471 E1230.47086
G1 X117.843 Y125.265 E1230.48567
G1 X118.272 Y125.159 E1230.50037
G1 X118.727 Y125.159 E1230.5155
G1 X119.157 Y125.265 E1230.53023
G1 X119.555 Y125.474 E1230.54519
G1 X119.891 Y125.774 E1230.56017
G1 X120.142 Y126.137 E1230.57485
G1 X120.302 Y126.561 E1230.58992
G1 X120.35 Y127 E1230.60461
G1 X120.302 Y127.437 E1230.61923
G1 X120.142 Y127.862 E1230.63433
G1 X119.891 Y128.226 E1230.64904
G1 X119.554 Y128.527 E1230.66407
G1 X119.154 Y128.736 E1230.67908
G1 X118.756 Y128.833 E1230.6927
G1 X118.278 Y128.842 E1230.70861
G0 F9000 X118.207 Y129.132
G0 X115.87 Y131.13
G0 X115.601 Y131.399
G1 F1500 X121.4 Y131.4 E1230.90148
G1 X121.4 Y87.6 E1232.35827
G1 X115.601 Y87.601 E1232.55115
G1 X115.601 Y131.399 E1234.00788
G0 F9000 X115.201 Y131.799
;TYPE:WALL-OUTER
G1 F1500 X121.8 Y131.8 E1234.22736
G1 X121.8 Y87.2 E1235.71076
G1 X115.201 Y87.201 E1235.93025
G1 X115.201 Y131.799 E1237.41358
G1 F2700 E1232.41358
G0 F9000 X115.47 Y131.53
G0 X118.133 Y129.114
G0 X118.299 Y128.436
G1 F2700 E1237.41358
G1 F1500 X118.008 Y128.364 E1237.42355
G1 X117.657 Y128.18 E1237.43673
G1 X117.4 Y127.943 E1237.44836
G1 X117.206 Y127.653 E1237.45997
G1 X117.089 Y127.334 E1237.47127
G1 X117.051 Y127 E1237.48245
G1 X117.099 Y126.63 E1237.49486
G1 X117.229 Y126.303 E1237.50656
G1 X117.431 Y126.022 E1237.51807
G1 X117.698 Y125.792 E1237.52979
G1 X118.008 Y125.636 E1237.54134
G1 X118.299 Y125.564 E1237.55131
G1 X118.7 Y125.564 E1237.56464
G1 X118.992 Y125.636 E1237.57465
G1 X119.343 Y125.82 E1237.58783
G1 X119.6 Y126.057 E1237.59946
G1 X119.794 Y126.347 E1237.61106
G1 X119.912 Y126.677 E1237.62272
G1 X119.95 Y127 E1237.63353
G1 X119.911 Y127.334 E1237.64472
G1 X119.771 Y127.697 E1237.65766
G1 X119.569 Y127.978 E1237.66917
G1 X119.302 Y128.208 E1237.68089
G1 X118.992 Y128.364 E1237.69243
G1 X118.687 Y128.439 E1237.70288
G1 X118.299 Y128.436 E1237.71578
G1 F2700 E1232.71578
G0 F9000 X118.133 Y129.114
G0 X117.311 Y128.724
G0 X116.932 Y128.389
G0 X116.644 Y127.973
G0 X116.465 Y127.501
G0 X116.43 Y127.217
G0 X118.133 Y94.114
G0 X118.299 Y93.436
G1 F2700 E1237.71578
G1 F1500 X118.008 Y93.364 E1237.72575
G1 X117.657 Y93.18 E1237.73894
G1 X117.4 Y92.943 E1237.75056
G1 X117.206 Y92.653 E1237.76217
G1 X117.089 Y92.334 E1237.77347
G1 X117.051 Y92 E1237.78465
G1 X117.099 Y91.63 E1237.79706
G1 X117.229 Y91.303 E1237.80876
G1 X117.431 Y91.022 E1237.82027
G1 X117.698 Y90.792 E1237.83199
G1 X118.008 Y90.636 E1237.84354
G1 X118.313 Y90.561 E1237.85398
G1 X118.701 Y90.564 E1237.86689
G1 X118.992 Y90.636 E1237.87686
G1 X119.343 Y90.82 E1237.89004
G1 X119.6 Y91.057 E1237.90167
G1 X119.794 Y91.347 E1237.91327
G1 X119.912 Y91.677 E1237.92493
G1 X119.95 Y92 E1237.93575
G1 X119.911 Y92.334 E1237.94693
G1 X119.771 Y92.697 E1237.95987
G1 X119.569 Y92.978 E1237.97138
G1 X119.302 Y93.208 E1237.9831
G1 X118.992 Y93.364 E1237.99464
G1 X118.7 Y93.436 E1238.00465
G1 X118.299 Y93.436 E1238.01798
G0 F9000 X118.344 Y93.919
;TYPE:FILL
G1 F3000 X115.68 Y103.859 E1238.36026
G0 F9000 X115.679 Y104.223
G1 F3000 X121.319 Y109.863 E1238.62555
G0 F9000 X121.1 Y109.863
G0 X121.1 Y111.211
G0 X121.318 Y111.211
G1 F3000 X115.68 Y112.722 E1238.81968
G0 F9000 X115.9 Y112.722
G0 X115.9 Y115.537
G0 X115.68 Y115.537
G1 F3000 X121.319 Y121.176 E1239.08493
G0 F9000 X121.1 Y121.176
G0 X121.1 Y119.493
G0 X121.319 Y119.493
G1 F3000 X115.681 Y121.004 E1239.27906
G1 X115.68 Y121.194
G1 X121.319 Y126.833 E1239.54431
G0 F9000 X121.319 Y127.776
G1 F3000 X120.064 Y128.112 E1239.58752
G0 F9000 X120.246 Y128.238
G0 X121.1 Y129.179
G0 X121.319 Y129.179
G1 F3000 X120.746 Y131.32 E1239.66123
G0 F9000 X120.148 Y131.318
G1 F3000 X117.446 Y128.617 E1239.7883
G1 X117.347 Y128.548
G1 X116.605 Y131.318 E1239.88368
G0 F9000 X116.605 Y131.1
G0 X115.9 Y129.286
G0 X115.68 Y129.286
G1 F3000 X117.692 Y128.747 E1239.95296
G0 F9000 X117.59 Y128.94
G0 X116.736 Y128.213
G0 X116.918 Y128.089
G1 F3000 X115.68 Y126.851 E1240.01119
G0 F9000 X115.9 Y126.851
G0 X115.9 Y125.145
G0 X115.68 Y125.145
G1 F3000 X121.318 Y123.635 E1240.20532
G0 F9000 X121.1 Y123.635
G0 X118.277 Y124.859
G0 X118.277 Y125.078
G1 F3000 X121.319 Y113.724 E1240.59628
G0 F9000 X121.1 Y113.724
G0 X121.1 Y115.352
G0 X121.319 Y115.352
G1 F3000 X115.68 Y116.863 E1240.79045
G0 F9000 X115.9 Y116.863
G0 X115.9 Y119.313
G0 X115.681 Y119.313
G1 F3000 X121.319 Y98.27 E1241.51503
G0 F9000 X121.319 Y98.549
G1 F3000 X115.679 Y92.909 E1241.78031
G0 F9000 X115.68 Y92.017
G1 F3000 X116.593 Y91.772 E1241.81176
G0 F9000 X116.375 Y91.746
G0 X116.644 Y91.027
G0 X116.932 Y90.611
G0 X117.311 Y90.276
G0 X117.672 Y90.085
G0 X118.505 Y89.859
G0 X118.505 Y90.078
G1 F3000 X116.108 Y87.681 E1241.9245
G0 F9000 X115.875 Y87.679
G1 F3000 X115.68 Y88.405 E1241.94951
G0 F9000 X115.68 Y87.875
G1 F3000 X116.41 Y87.68 E1241.97464
G0 F9000 X116.41 Y87.9
G0 X120.016 Y87.9
G0 X120.016 Y87.679
G1 F3000 X119.324 Y90.26 E1242.06351
G0 F9000 X120.038 Y90.849
G1 F3000 X121.318 Y90.506 E1242.10759
G0 F9000 X121.1 Y90.506
G0 X120.653 Y92.028
G0 X120.428 Y92.001
G1 F3000 X121.319 Y92.892 E1242.1495
G0 F9000 X121.1 Y92.892
G0 X121.1 Y94.647
G0 X121.318 Y94.647
G1 F3000 X115.68 Y96.158 E1242.34364
G0 F9000 X115.9 Y96.158
G0 X115.9 Y98.566
G0 X115.679 Y98.566
G1 F3000 X121.319 Y104.206 E1242.60892
G0 F9000 X121.1 Y104.206
G0 X121.1 Y102.929
G0 X121.318 Y102.929
G1 F3000 X115.68 Y104.44 E1242.80306
G0 F9000 X115.9 Y104.44
G0 X115.9 Y108.581
G0 X115.68 Y108.581
G1 F3000 X121.318 Y107.07 E1242.9972
G0 F9000 X121.1 Y107.07
G0 X115.9 Y109.88
G0 X115.68 Y109.88
G1 F3000 X121.319 Y115.52 E1243.26247
G0 F9000 X121.1 Y115.52
G0 X115.9 Y100.299
G0 X115.681 Y100.299
G1 F3000 X121.319 Y98.788 E1243.4566
G0 F9000 X120.8 Y98.788
G1 F2700 E1238.4566
G0 F9000 X121.58 Y106.467
G0 X122.665 Y106.467
G0 X135.585 Y106.467
G0 X136.67 Y106.467
G0 X137.09 Y106.467
G0 X136.85 Y107.148
;TYPE:WALL-INNER
G1 F2700 E1243.4566
G1 F1500 X137.114 Y106.768 E1243.47199
G1 X137.452 Y106.468 E1243.48703
G1 X137.849 Y106.263 E1243.50189
G1 X138.28 Y106.162 E1243.51661
G1 X138.72 Y106.163 E1243.53124
G1 X139.151 Y106.263 E1243.54596
G1 X139.549 Y106.47 E1243.56088
G1 X139.887 Y106.77 E1243.57591
G1 X140.15 Y107.148 E1243.59123
G1 X140.15 Y103.6 E1243.70924
G1 X136.851 Y103.601 E1243.81896
G1 X136.85 Y107.148 E1243.93693
G0 F9000 X137.09 Y106.467
G0 X136.835 Y107.847
G0 X137.12 Y112.13
G0 X136.851 Y112.399
G1 F1500 X140.15 Y112.4 E1244.04666
G1 X140.15 Y108.852 E1244.16467
G1 X139.887 Y109.229 E1244.17995
G1 X139.55 Y109.53 E1244.19498
G1 X139.151 Y109.737 E1244.20993
G1 X138.72 Y109.837 E1244.22465
G1 X138.28 Y109.838 E1244.23928
G1 X137.849 Y109.737 E1244.25401
G1 X137.451 Y109.532 E1244.2689
G1 X137.114 Y109.231 E1244.28393
G1 X136.85 Y108.852 E1244.29929
G1 X136.851 Y112.399 E1244.41726
G0 F9000 X136.451 Y112.799
;TYPE:WALL-OUTER
G1 F1500 X140.55 Y112.8 E1244.5536
G1 X140.55 Y108.791 E1244.68694
G1 F1304.3 X140.49 Y108.389 E1244.70248
G1 F1176.5 X140.5 Y108 E1244.71898
G1 X140.49 Y107.639 E1244.7343
G1 F1304.3 X140.55 Y107.209 E1244.75091
G1 F1500 X140.55 Y103.2 E1244.88425
G1 X136.451 Y103.201 E1245.02058
G1 X136.45 Y107.209 E1245.15389
G1 F1304.3 X136.51 Y107.639 E1245.17049
G1 F1176.5 X136.5 Y108 E1245.18581
G1 X136.51 Y108.361 E1245.20112
G1 F1304.3 X136.45 Y108.791 E1245.21773
G1 F1500 X136.451 Y112.799 E1245.35103
G1 F2700 E1240.35103
G0 F9000 X136.72 Y112.53
G0 X137.842 Y110.043
G0 X138.008 Y109.364
G1 F2700 E1245.35103
G1 F1500 X137.657 Y109.18 E1245.36422
G1 X137.4 Y108.943 E1245.37584
G1 X137.229 Y108.697 E1245.38581
G1 F1304.3 X137.028 Y108.33 E1245.40181
G1 F1174.2 X137.001 Y107.97 E1245.41715
G1 X137.028 Y107.67 E1245.42995
G1 F1304.3 X137.229 Y107.303 E1245.44595
G1 F1500 X137.431 Y107.022 E1245.45747
G1 X137.698 Y106.792 E1245.46919
G1 X138.008 Y106.636 E1245.48073
G1 X138.325 Y106.56 E1245.49157
G1 X138.675 Y106.56 E1245.50321
G1 X138.992 Y106.636 E1245.51405
G1 X139.302 Y106.792 E1245.5256
G1 X139.569 Y107.022 E1245.53732
G1 X139.771 Y107.303 E1245.54883
G1 F1304.3 X139.972 Y107.67 E1245.56483
G1 F1176.5 X140 Y108 E1245.57888
G1 X139.971 Y108.344 E1245.59352
G1 F1304.3 X139.771 Y108.697 E1245.60904
G1 F1500 X139.569 Y108.978 E1245.62055
G1 X139.302 Y109.208 E1245.63227
G1 X138.992 Y109.364 E1245.64381
G1 X138.675 Y109.44 E1245.65465
G1 X138.325 Y109.44 E1245.66629
G1 X138.008 Y109.364 E1245.67714
G0 F9000 X138.344 Y109.916
;TYPE:FILL
G1 F3000 X140.069 Y111.642 E1245.7583
G0 F9000 X139.85 Y111.642
G0 X139.85 Y110.328
G0 X140.068 Y110.328
G1 F3000 X136.93 Y111.169 E1245.86635
G0 F9000 X137.15 Y111.169
G0 X138.26 Y112.1
G0 X138.26 Y112.319
G1 F3000 X138.916 Y109.872 E1245.95061
G0 F9000 X138.968 Y110.09
G0 X139.999 Y108.786
G0 X140.143 Y108.404
G0 X140.183 Y108.076
G0 X139.943 Y106.419
G0 X139.797 Y106.583
G1 F3000 X140.069 Y105.569 E1245.98553
G0 F9000 X140.069 Y105.985
G1 F3000 X137.764 Y103.68 E1246.09395
G0 F9000 X137.764 Y103.9
G0 X139.583 Y106.152
G0 X139.481 Y106.345
G1 F3000 X140.069 Y106.187 E1246.1142
G0 F9000 X139.712 Y105.881
G1 F2700 E1241.1142
;MESH:NONMESH
G0 F300 X139.712 Y105.881 Z6
G0 F9000 X136.664 Y103.414
G0 X135.585 Y103.414
G0 X122.653 Y86.347
G0 X114.347 Y86.347
G0 X95.597 Y86.847
G0 X84.415 Y103.414
G0 X83.33 Y103.414
G0 X83.193 Y93
G0 X82.91 Y91.467
G0 X83.15 Y92.148
;TIME_ELAPSED:2286.715559
;LAYER:29
;TYPE:WALL-INNER
;MESH:Spacers.stl
G1 F2700 E1246.1142
G1 F1500 X83.15 Y88.6 E1246.23221
G1 X79.851 Y88.601 E1246.34193
G1 X79.85 Y92.148 E1246.45991
G1 X80.114 Y91.768 E1246.4753
G1 X80.452 Y91.468 E1246.49033
G1 X80.849 Y91.263 E1246.50519
G1 X81.28 Y91.162 E1246.51991
G1 X81.72 Y91.163 E1246.53455
G1 X82.151 Y91.263 E1246.54926
G1 X82.549 Y91.47 E1246.56418
G1 X82.887 Y91.77 E1246.57922
G1 X83.15 Y92.148 E1246.59453
G1 F2700 E1241.59453
G0 F9000 X82.91 Y91.467
G0 X83.165 Y92.847
G0 X82.91 Y126.467
G0 X83.15 Y127.148
G1 F2700 E1246.59453
G1 F1500 X83.15 Y93.852 E1247.70196
G1 X82.887 Y94.229 E1247.71725
G1 X82.55 Y94.53 E1247.73228
G1 X82.155 Y94.736 E1247.7471
G1 X81.727 Y94.841 E1247.76175
G1 X81.272 Y94.841 E1247.77689
G1 X80.846 Y94.736 E1247.79148
G1 X80.451 Y94.531 E1247.80628
G1 X80.114 Y94.232 E1247.82126
G1 X79.85 Y93.852 E1247.83665
G1 X79.85 Y127.148 E1248.94408
G1 X80.114 Y126.768 E1248.95947
G1 X80.451 Y126.468 E1248.97448
G1 X80.846 Y126.264 E1248.98927
G1 X81.272 Y126.159 E1249.00386
G1 X81.727 Y126.159 E1249.01899
G1 X82.155 Y126.264 E1249.03365
G1 X82.55 Y126.47 E1249.04847
G1 X82.887 Y126.771 E1249.0635
G1 X83.15 Y127.148 E1249.07878
G0 F9000 X82.91 Y126.467
G0 X83.165 Y127.847
G0 X82.88 Y132.13
G0 X83.15 Y132.4
G1 F1500 X83.15 Y128.852 E1249.19679
G1 X82.887 Y129.229 E1249.21208
G1 X82.55 Y129.53 E1249.22711
G1 X82.151 Y129.737 E1249.24206
G1 X81.72 Y129.837 E1249.25678
G1 X81.28 Y129.838 E1249.27141
G1 X80.849 Y129.737 E1249.28613
G1 X80.451 Y129.532 E1249.30102
G1 X80.114 Y129.231 E1249.31605
G1 X79.85 Y128.852 E1249.33141
G1 X79.851 Y132.399 E1249.44939
G1 X83.15 Y132.4 E1249.55911
G0 F9000 X83.55 Y132.8
;TYPE:WALL-OUTER
G1 F1500 X83.55 Y128.791 E1249.69245
G1 F1304.3 X83.49 Y128.389 E1249.708
G1 F1176.5 X83.5 Y128 E1249.7245
G1 X83.49 Y127.639 E1249.73982
G1 F1304.3 X83.55 Y127.209 E1249.75642
G1 F1500 X83.55 Y93.791 E1250.86791
G1 F1304.3 X83.49 Y93.389 E1250.88346
G1 F1176.5 X83.5 Y93 E1250.89996
G1 X83.49 Y92.639 E1250.91527
G1 F1304.3 X83.55 Y92.209 E1250.93188
G1 F1500 X83.55 Y88.2 E1251.06522
G1 X79.451 Y88.201 E1251.20155
G1 X79.45 Y92.209 E1251.33486
G1 F1304.3 X79.51 Y92.639 E1251.35147
G1 F1176.5 X79.5 Y93 E1251.36678
G1 X79.51 Y93.361 E1251.38209
G1 F1304.3 X79.45 Y93.791 E1251.3987
G1 F1500 X79.45 Y127.209 E1252.51019
G1 F1304.3 X79.51 Y127.639 E1252.5268
G1 F1176.5 X79.5 Y128 E1252.54211
G1 X79.51 Y128.361 E1252.55742
G1 F1304.3 X79.45 Y128.791 E1252.57403
G1 F1500 X79.451 Y132.799 E1252.70734
G1 X83.55 Y132.8 E1252.84367
G1 F2700 E1247.84367
G0 F9000 X83.28 Y132.53
G0 X82.157 Y130.044
G0 X81.992 Y129.364
G1 F2700 E1252.84367
G1 F1500 X81.675 Y129.44 E1252.85451
G1 X81.325 Y129.44 E1252.86615
G1 X81.008 Y129.364 E1252.877
G1 X80.657 Y129.18 E1252.89018
G1 X80.4 Y128.943 E1252.90181
G1 X80.229 Y128.697 E1252.91177
G1 F1304.3 X80.028 Y128.33 E1252.92777
G1 F1174.2 X80.001 Y127.97 E1252.94311
G1 X80.028 Y127.67 E1252.95591
G1 F1304.3 X80.229 Y127.303 E1252.97192
G1 F1500 X80.431 Y127.022 E1252.98343
G1 X80.698 Y126.792 E1252.99515
G1 X81.008 Y126.636 E1253.00669
G1 X81.299 Y126.564 E1253.01666
G1 X81.7 Y126.564 E1253.03
G1 X81.992 Y126.636 E1253.04
G1 X82.302 Y126.792 E1253.05154
G1 X82.569 Y127.022 E1253.06327
G1 X82.771 Y127.303 E1253.07478
G1 F1304.3 X82.972 Y127.67 E1253.09078
G1 F1176.5 X83 Y128 E1253.10483
G1 X82.971 Y128.344 E1253.11946
G1 F1304.3 X82.771 Y128.697 E1253.13498
G1 F1500 X82.569 Y128.978 E1253.14649
G1 X82.302 Y129.208 E1253.15821
G1 X81.992 Y129.364 E1253.16976
G1 F2700 E1248.16976
G0 F9000 X82.157 Y130.044
G0 X82.999 Y128.786
G0 X83.143 Y128.404
G0 X81.865 Y95.115
G0 X81.7 Y94.436
G1 F2700 E1253.16976
G1 F1500 X81.299 Y94.436 E1253.18309
G1 X81.008 Y94.364 E1253.19307
G1 X80.657 Y94.18 E1253.20625
G1 X80.4 Y93.943 E1253.21787
G1 X80.229 Y93.697 E1253.22784
G1 F1304.3 X80.028 Y93.33 E1253.24384
G1 F1174.2 X80.001 Y92.97 E1253.25918
G1 X80.028 Y92.67 E1253.27198
G1 F1304.3 X80.229 Y92.303 E1253.28799
G1 F1500 X80.431 Y92.022 E1253.2995
G1 X80.698 Y91.792 E1253.31122
G1 X81.008 Y91.636 E1253.32276
G1 X81.325 Y91.56 E1253.3336
G1 X81.675 Y91.56 E1253.34524
G1 X81.992 Y91.636 E1253.35609
G1 X82.302 Y91.792 E1253.36763
G1 X82.569 Y92.022 E1253.37935
G1 X82.771 Y92.303 E1253.39086
G1 F1304.3 X82.972 Y92.67 E1253.40686
G1 F1176.5 X83 Y93 E1253.42091
G1 X82.971 Y93.344 E1253.43555
G1 F1304.3 X82.771 Y93.697 E1253.45107
G1 F1500 X82.569 Y93.978 E1253.46258
G1 X82.302 Y94.208 E1253.4743
G1 X81.992 Y94.364 E1253.48584
G1 X81.7 Y94.436 E1253.49584
G0 F9000 X81.865 Y95.115
G0 X81.515 Y95.095
G0 X80.602 Y94.946
G0 X80.704 Y94.753
;TYPE:FILL
G1 F3000 X79.93 Y97.643 E1253.59535
G1 X79.93 Y97.601
G1 X83.068 Y96.76 E1253.70341
G0 F9000 X82.85 Y96.76
G0 X82.85 Y99.698
G0 X83.07 Y99.698
G1 F3000 X79.93 Y96.558 E1253.8511
G0 F9000 X80.15 Y96.558
G0 X80.15 Y101.742
G0 X79.93 Y101.742
G1 F3000 X83.068 Y100.901 E1253.95916
G0 F9000 X83.069 Y101.383
G1 F3000 X79.93 Y113.099 E1254.36258
G0 F9000 X79.93 Y113.529
G1 F3000 X83.07 Y116.669 E1254.51027
G1 X83.069 Y116.838
G1 X80.523 Y126.339 E1254.83743
G0 F9000 X80.305 Y126.488
G1 F3000 X79.93 Y126.588 E1254.85033
G0 F9000 X80.09 Y126.467
G0 X81.134 Y125.885
G0 X81.185 Y126.097
G1 F3000 X79.93 Y124.843 E1254.90934
G0 F9000 X80.15 Y124.843
G0 X81.839 Y125.879
G0 X81.787 Y126.091
G1 F3000 X83.069 Y125.747 E1254.95349
G0 F9000 X82.85 Y125.747
G0 X82.85 Y122.325
G0 X83.07 Y122.325
G1 F3000 X79.93 Y119.186 E1255.10116
G0 F9000 X79.93 Y118.306
G1 F3000 X83.068 Y117.465 E1255.20922
G0 F9000 X82.85 Y117.465
G0 X82.85 Y121.606
G0 X83.068 Y121.606
G1 F3000 X79.93 Y122.447 E1255.31727
G0 F9000 X80.15 Y122.447
G0 X79.807 Y128
G0 X80.15 Y130.5
G0 X79.93 Y130.5
G1 F3000 X81.749 Y132.318 E1255.40281
G0 F9000 X81.749 Y132.1
G0 X80.15 Y130.729
G0 X79.93 Y130.729
G1 F3000 X83.068 Y129.889 E1255.51085
G0 F9000 X82.85 Y129.889
G0 X83.193 Y128
G0 X80.15 Y114.165
G0 X79.93 Y114.165
G1 F3000 X83.069 Y113.324 E1255.61894
G0 F9000 X82.85 Y113.324
G0 X82.85 Y111.012
G0 X83.07 Y111.012
G1 F3000 X79.93 Y107.872 E1255.76663
G0 F9000 X80.15 Y107.872
G0 X80.15 Y105.883
G0 X79.93 Y105.883
G1 F3000 X83.068 Y105.042 E1255.87469
G0 F9000 X83.07 Y105.355
G1 F3000 X79.93 Y102.215 E1256.02238
G0 F9000 X80.15 Y102.215
G0 X82.85 Y109.183
G0 X83.069 Y109.183
G1 F3000 X79.93 Y110.024 E1256.13047
G0 F9000 X80.15 Y110.024
G0 X79.807 Y93
G0 X80.322 Y91.201
G0 X80.421 Y91.392
G1 F3000 X79.93 Y90.902 E1256.15354
G0 F9000 X80.15 Y90.902
G0 X80.15 Y89.318
G0 X79.93 Y89.318
G1 F3000 X82.315 Y88.679 E1256.23566
G1 X82.332 Y88.678
G1 X81.688 Y91.084 E1256.3185
G0 F9000 X81.688 Y90.559
G1 F2700 E1251.3185
G0 F9000 X83.33 Y90.967
G0 X84.415 Y90.967
G0 X95.585 Y90.967
G0 X96.67 Y90.967
G0 X98.501 Y90.835
G0 X99.91 Y90.967
G0 X100.15 Y91.648
;TYPE:WALL-INNER
G1 F2700 E1256.3185
G1 F1500 X100.15 Y88.1 E1256.43651
G1 X96.851 Y88.101 E1256.54624
G1 X96.85 Y91.648 E1256.66421
G1 X97.114 Y91.268 E1256.6796
G1 X97.452 Y90.968 E1256.69463
G1 X97.849 Y90.763 E1256.70949
G1 X98.28 Y90.662 E1256.72421
G1 X98.72 Y90.663 E1256.73885
G1 X99.151 Y90.763 E1256.75357
G1 X99.549 Y90.97 E1256.76849
G1 X99.887 Y91.27 E1256.78352
G1 X100.15 Y91.648 E1256.79883
G1 F2700 E1251.79883
G0 F9000 X99.91 Y90.967
G0 X100.165 Y92.347
G0 X99.91 Y125.967
G0 X100.15 Y126.648
G1 F2700 E1256.79883
G1 F1500 X100.15 Y93.352 E1257.90626
G1 X99.887 Y93.729 E1257.92155
G1 X99.55 Y94.03 E1257.93658
G1 X99.155 Y94.236 E1257.9514
G1 X98.727 Y94.341 E1257.96605
G1 X98.272 Y94.341 E1257.98119
G1 X97.846 Y94.236 E1257.99578
G1 X97.451 Y94.031 E1258.01058
G1 X97.114 Y93.732 E1258.02557
G1 X96.85 Y93.352 E1258.04096
G1 X96.85 Y126.648 E1259.14839
G1 X97.114 Y126.268 E1259.16378
G1 X97.451 Y125.968 E1259.17878
G1 X97.846 Y125.764 E1259.19357
G1 X98.272 Y125.659 E1259.20816
G1 X98.727 Y125.659 E1259.2233
G1 X99.155 Y125.764 E1259.23795
G1 X99.55 Y125.97 E1259.25277
G1 X99.887 Y126.271 E1259.2678
G1 X100.15 Y126.648 E1259.28309
G0 F9000 X99.91 Y125.967
G0 X100.165 Y127.347
G0 X99.88 Y131.63
G0 X100.15 Y131.9
G1 F1500 X100.15 Y128.352 E1259.40109
G1 X99.887 Y128.729 E1259.41638
G1 X99.55 Y129.03 E1259.43141
G1 X99.151 Y129.237 E1259.44636
G1 X98.72 Y129.337 E1259.46108
G1 X98.28 Y129.338 E1259.47571
G1 X97.849 Y129.237 E1259.49044
G1 X97.451 Y129.032 E1259.50533
G1 X97.114 Y128.731 E1259.52035
G1 X96.85 Y128.352 E1259.53572
G1 X96.851 Y131.899 E1259.65369
G1 X100.15 Y131.9 E1259.76342
G0 F9000 X100.55 Y132.3
;TYPE:WALL-OUTER
G1 F1500 X100.55 Y128.291 E1259.89676
G1 F1304.3 X100.49 Y127.889 E1259.9123
G1 F1176.5 X100.5 Y127.5 E1259.9288
G1 X100.49 Y127.139 E1259.94412
G1 F1304.3 X100.55 Y126.709 E1259.96072
G1 F1500 X100.55 Y93.291 E1261.07221
G1 F1304.3 X100.49 Y92.889 E1261.08776
G1 F1176.5 X100.5 Y92.5 E1261.10426
G1 X100.49 Y92.139 E1261.11957
G1 F1304.3 X100.55 Y91.709 E1261.13618
G1 F1500 X100.55 Y87.7 E1261.26952
G1 X96.451 Y87.701 E1261.40585
G1 X96.45 Y91.709 E1261.53916
G1 F1304.3 X96.51 Y92.139 E1261.55577
G1 F1176.5 X96.5 Y92.5 E1261.57108
G1 X96.51 Y92.861 E1261.5864
G1 F1304.3 X96.45 Y93.291 E1261.603
G1 F1500 X96.45 Y126.709 E1262.71449
G1 F1304.3 X96.51 Y127.139 E1262.7311
G1 F1176.5 X96.5 Y127.5 E1262.74641
G1 X96.51 Y127.861 E1262.76173
G1 F1304.3 X96.45 Y128.291 E1262.77833
G1 F1500 X96.451 Y132.299 E1262.91164
G1 X100.55 Y132.3 E1263.04797
G1 F2700 E1258.04797
G0 F9000 X100.28 Y132.03
G0 X98.675 Y129.641
G0 X98.675 Y128.94
G1 F2700 E1263.04797
G1 F1500 X98.325 Y128.94 E1263.05961
G1 X98.008 Y128.864 E1263.07046
G1 X97.657 Y128.68 E1263.08364
G1 X97.4 Y128.443 E1263.09527
G1 X97.229 Y128.197 E1263.10523
G1 F1304.3 X97.028 Y127.83 E1263.12123
G1 F1174.2 X97.001 Y127.47 E1263.13657
G1 X97.028 Y127.17 E1263.14937
G1 F1304.3 X97.229 Y126.803 E1263.16538
G1 F1500 X97.431 Y126.522 E1263.17689
G1 X97.698 Y126.292 E1263.18861
G1 X98.008 Y126.136 E1263.20015
G1 X98.299 Y126.064 E1263.21012
G1 X98.7 Y126.064 E1263.22346
G1 X98.992 Y126.136 E1263.23346
G1 X99.302 Y126.292 E1263.245
G1 X99.569 Y126.522 E1263.25673
G1 X99.771 Y126.803 E1263.26824
G1 F1304.3 X99.972 Y127.17 E1263.28424
G1 F1176.5 X100 Y127.5 E1263.29829
G1 X99.971 Y127.844 E1263.31292
G1 F1304.3 X99.771 Y128.197 E1263.32844
G1 F1500 X99.569 Y128.478 E1263.33995
G1 X99.302 Y128.708 E1263.35167
G1 X98.992 Y128.864 E1263.36322
G1 X98.675 Y128.94 E1263.37406
G1 F2700 E1258.37406
G0 F9000 X98.675 Y129.641
G0 X99.767 Y128.622
G0 X99.999 Y128.286
G0 X100.143 Y127.904
G0 X98.865 Y94.615
G0 X98.7 Y93.936
G1 F2700 E1263.37406
G1 F1500 X98.299 Y93.936 E1263.3874
G1 X98.008 Y93.864 E1263.39737
G1 X97.657 Y93.68 E1263.41055
G1 X97.4 Y93.443 E1263.42218
G1 X97.229 Y93.197 E1263.43214
G1 F1304.3 X97.028 Y92.83 E1263.44815
G1 F1174.2 X97.001 Y92.47 E1263.46348
G1 X97.028 Y92.17 E1263.47628
G1 F1304.3 X97.229 Y91.803 E1263.49229
G1 F1500 X97.431 Y91.522 E1263.5038
G1 X97.698 Y91.292 E1263.51552
G1 X98.008 Y91.136 E1263.52706
G1 X98.325 Y91.06 E1263.5379
G1 X98.675 Y91.06 E1263.54955
G1 X98.992 Y91.136 E1263.56039
G1 X99.302 Y91.292 E1263.57193
G1 X99.569 Y91.522 E1263.58365
G1 X99.771 Y91.803 E1263.59516
G1 F1304.3 X99.972 Y92.17 E1263.61117
G1 F1176.5 X100 Y92.5 E1263.62521
G1 X99.971 Y92.844 E1263.63985
G1 F1304.3 X99.771 Y93.197 E1263.65537
G1 F1500 X99.569 Y93.478 E1263.66688
G1 X99.302 Y93.708 E1263.6786
G1 X98.992 Y93.864 E1263.69014
G1 X98.7 Y93.936 E1263.70015
G0 F9000 X98.865 Y94.615
G0 X99.533 Y94.298
G0 X99.9 Y94.027
G0 X99.859 Y93.86
;TYPE:FILL
G1 F3000 X100.069 Y94.07 E1263.71002
G0 F9000 X99.85 Y94.07
G0 X99.85 Y96.346
G0 X100.068 Y96.346
G1 F3000 X96.931 Y97.186 E1263.81804
G0 F9000 X96.93 Y96.587
G1 F3000 X100.069 Y99.727 E1263.96571
G1 X100.069 Y99.759
G1 X96.931 Y111.47 E1264.36896
G0 F9000 X97.15 Y111.47
G0 X97.15 Y109.61
G0 X96.931 Y109.61
G1 F3000 X100.068 Y108.769 E1264.47698
G0 F9000 X99.85 Y108.769
G0 X99.85 Y111.041
G0 X100.069 Y111.041
G1 F3000 X96.93 Y107.901 E1264.62465
G0 F9000 X97.15 Y107.901
G0 X97.15 Y105.469
G0 X96.931 Y105.469
G1 F3000 X100.068 Y104.628 E1264.73267
G0 F9000 X100.069 Y105.384
G1 F3000 X96.93 Y102.244 E1264.88035
G0 F9000 X96.931 Y101.327
G1 F3000 X100.068 Y100.487 E1264.98836
G0 F9000 X99.85 Y100.487
G0 X97.15 Y96.016
G0 X96.931 Y96.016
G1 F3000 X97.44 Y94.116 E1265.05378
G0 F9000 X97.339 Y94.307
G0 X96.857 Y92.904
G0 X96.812 Y92.54
G0 X97.1 Y90.974
G0 X97.137 Y91.138
G1 F3000 X96.93 Y90.931 E1265.06352
G0 F9000 X97.15 Y90.931
G0 X97.564 Y90.642
G0 X98.386 Y90.359
G0 X98.386 Y90.583
G1 F3000 X99.03 Y88.179 E1265.1463
G0 F9000 X99.636 Y88.179
G1 F3000 X96.931 Y88.904 E1265.23944
G0 F9000 X97.15 Y88.904
G0 X99.836 Y88.4
G0 X99.836 Y88.18
G1 F3000 X100.069 Y88.413 E1265.2504
G0 F9000 X99.85 Y88.413
G0 X100.193 Y92.5
G0 X99.85 Y112.91
G0 X100.069 Y112.91
G1 F3000 X96.93 Y113.751 E1265.35849
G1 X96.93 Y113.558
G1 X100.069 Y116.698 E1265.50616
G0 F9000 X100.068 Y117.051
G1 F3000 X96.931 Y117.892 E1265.61418
G0 F9000 X97.15 Y117.892
G0 X97.15 Y119.215
G0 X96.93 Y119.215
G1 F3000 X100.069 Y122.354 E1265.76183
G0 F9000 X99.85 Y122.354
G0 X99.85 Y121.192
G0 X100.068 Y121.192
G1 F3000 X96.931 Y122.033 E1265.86985
G0 F9000 X97.15 Y122.033
G0 X97.15 Y124.872
G0 X96.93 Y124.872
G1 F3000 X97.768 Y125.71 E1265.90927
G0 F9000 X97.168 Y126.11
G1 F3000 X96.986 Y126.159 E1265.91554
G1 X97.143 Y126.134
G1 X100.069 Y115.213 E1266.29158
G0 F9000 X99.85 Y115.213
G0 X99.85 Y125.333
G0 X100.068 Y125.333
G1 F3000 X98.954 Y125.632 E1266.32994
G0 F9000 X99.006 Y125.42
G0 X99.999 Y126.714
G0 X100.143 Y127.096
G0 X100.183 Y127.424
G0 X99.85 Y129.475
G0 X100.068 Y129.475
G1 F3000 X96.931 Y130.315 E1266.43796
G0 F9000 X96.93 Y130.529
G1 F3000 X98.219 Y131.818 E1266.49859
G0 F9000 X98.219 Y131.6
G0 X99.76 Y131.6
G0 X99.76 Y131.819
G1 F3000 X100.069 Y130.668 E1266.53823
G0 F9000 X99.55 Y130.668
G1 F2700 E1261.53823
G0 F9000 X100.33 Y131.13
G0 X101.415 Y131.13
G0 X114.335 Y131.13
G0 X115.42 Y131.13
G0 X115.87 Y131.13
G0 X115.601 Y131.399
;TYPE:WALL-INNER
G1 F2700 E1266.53823
G1 F1500 X121.4 Y131.4 E1266.7311
G1 X121.4 Y87.6 E1268.18789
G1 X115.601 Y87.601 E1268.38077
G1 X115.601 Y131.399 E1269.8375
G0 F9000 X115.87 Y131.13
G0 X118.207 Y129.132
G0 X118.278 Y128.842
G1 F1500 X117.846 Y128.736 E1269.85229
G1 X117.449 Y128.53 E1269.86717
G1 X117.109 Y128.226 E1269.88234
G1 X116.857 Y127.861 E1269.89709
G1 X116.7 Y127.445 E1269.91188
G1 X116.651 Y127 E1269.92677
G1 X116.699 Y126.558 E1269.94156
G1 X116.857 Y126.139 E1269.95645
G1 X117.109 Y125.774 E1269.9712
G1 X117.448 Y125.471 E1269.98633
G1 X117.843 Y125.265 E1270.00114
G1 X118.272 Y125.159 E1270.01584
G1 X118.727 Y125.159 E1270.03097
G1 X119.157 Y125.265 E1270.0457
G1 X119.555 Y125.474 E1270.06065
G1 X119.891 Y125.774 E1270.07564
G1 X120.142 Y126.137 E1270.09032
G1 X120.302 Y126.561 E1270.10539
G1 X120.35 Y127 E1270.12008
G1 X120.302 Y127.437 E1270.1347
G1 X120.142 Y127.862 E1270.1498
G1 X119.891 Y128.226 E1270.16451
G1 X119.554 Y128.527 E1270.17954
G1 X119.154 Y128.736 E1270.19455
G1 X118.756 Y128.833 E1270.20817
G1 X118.278 Y128.842 E1270.22407
G1 F2700 E1265.22407
G0 F9000 X118.207 Y129.132
G0 X117.311 Y128.724
G0 X116.932 Y128.389
G0 X116.644 Y127.973
G0 X116.465 Y127.501
G0 X116.43 Y127.217
G0 X118.201 Y94.131
G0 X118.272 Y93.841
G1 F2700 E1270.22407
G1 F1500 X117.843 Y93.735 E1270.23877
G1 X117.448 Y93.529 E1270.25359
G1 X117.109 Y93.226 E1270.26871
G1 X116.857 Y92.861 E1270.28346
G1 X116.7 Y92.445 E1270.29825
G1 X116.651 Y92 E1270.31314
G1 X116.699 Y91.558 E1270.32793
G1 X116.857 Y91.139 E1270.34282
G1 X117.109 Y90.774 E1270.35758
G1 X117.449 Y90.47 E1270.37275
G1 X117.847 Y90.264 E1270.38765
G1 X118.244 Y90.167 E1270.40124
G1 X118.723 Y90.158 E1270.41718
G1 X119.155 Y90.265 E1270.43198
G1 X119.554 Y90.473 E1270.44695
G1 X119.891 Y90.774 E1270.46198
G1 X120.142 Y91.137 E1270.47665
G1 X120.302 Y91.561 E1270.49173
G1 X120.35 Y92 E1270.50642
G1 X120.302 Y92.437 E1270.52104
G1 X120.142 Y92.862 E1270.53614
G1 X119.891 Y93.226 E1270.55085
G1 X119.555 Y93.526 E1270.56583
G1 X119.158 Y93.735 E1270.58075
G1 X118.727 Y93.841 E1270.59551
G1 X118.272 Y93.841 E1270.61065
G0 F9000 X118.299 Y93.436
;TYPE:WALL-OUTER
G1 F1500 X118.008 Y93.364 E1270.62062
G1 X117.657 Y93.18 E1270.6338
G1 X117.4 Y92.943 E1270.64543
G1 X117.206 Y92.653 E1270.65703
G1 X117.089 Y92.334 E1270.66833
G1 X117.051 Y92 E1270.67951
G1 X117.099 Y91.63 E1270.69192
G1 X117.229 Y91.303 E1270.70363
G1 X117.431 Y91.022 E1270.71514
G1 X117.698 Y90.792 E1270.72686
G1 X118.008 Y90.636 E1270.7384
G1 X118.313 Y90.561 E1270.74885
G1 X118.701 Y90.564 E1270.76175
G1 X118.992 Y90.636 E1270.77172
G1 X119.343 Y90.82 E1270.7849
G1 X119.6 Y91.057 E1270.79653
G1 X119.794 Y91.347 E1270.80814
G1 X119.912 Y91.677 E1270.81979
G1 X119.95 Y92 E1270.83061
G1 X119.911 Y92.334 E1270.84179
G1 X119.771 Y92.697 E1270.85473
G1 X119.569 Y92.978 E1270.86624
G1 X119.302 Y93.208 E1270.87797
G1 X118.992 Y93.364 E1270.88951
G1 X118.7 Y93.436 E1270.89951
G1 X118.299 Y93.436 E1270.91285
G1 F2700 E1265.91285
G0 F9000 X118.133 Y94.114
G0 X116.404 Y127
G0 X116.465 Y127.501
G0 X116.644 Y127.973
G0 X116.932 Y128.389
G0 X117.239 Y128.661
G0 X118.133 Y129.114
G0 X118.299 Y128.436
G1 F2700 E1270.91285
G1 F1500 X118.008 Y128.364 E1270.92282
G1 X117.657 Y128.18 E1270.936
G1 X117.4 Y127.943 E1270.94763
G1 X117.206 Y127.653 E1270.95923
G1 X117.089 Y127.334 E1270.97053
G1 X117.051 Y127 E1270.98171
G1 X117.099 Y126.63 E1270.99412
G1 X117.229 Y126.303 E1271.00583
G1 X117.431 Y126.022 E1271.01734
G1 X117.698 Y125.792 E1271.02906
G1 X118.008 Y125.636 E1271.0406
G1 X118.299 Y125.564 E1271.05057
G1 X118.7 Y125.564 E1271.06391
G1 X118.992 Y125.636 E1271.07391
G1 X119.343 Y125.82 E1271.08709
G1 X119.6 Y126.057 E1271.09872
G1 X119.794 Y126.347 E1271.11033
G1 X119.912 Y126.677 E1271.12198
G1 X119.95 Y127 E1271.1328
G1 X119.911 Y127.334 E1271.14398
G1 X119.771 Y127.697 E1271.15692
G1 X119.569 Y127.978 E1271.16843
G1 X119.302 Y128.208 E1271.18015
G1 X118.992 Y128.364 E1271.1917
G1 X118.687 Y128.439 E1271.20214
G1 X118.299 Y128.436 E1271.21505
G1 F2700 E1266.21505
G0 F9000 X118.133 Y129.114
G0 X115.47 Y131.53
G0 X115.201 Y131.799
G1 F2700 E1271.21505
G1 F1500 X121.8 Y131.8 E1271.43453
G1 X121.8 Y87.2 E1272.91793
G1 X115.201 Y87.201 E1273.13742
G1 X115.201 Y131.799 E1274.62075
G0 F9000 X115.47 Y131.53
G0 X116.459 Y131.1
G0 X116.459 Y131.318
;TYPE:FILL
G1 F3000 X117.23 Y128.441 E1274.71982
G0 F9000 X117.846 Y128.817
G1 F3000 X120.347 Y131.318 E1274.83746
G0 F9000 X120.6 Y131.32
G1 F3000 X121.319 Y128.634 E1274.92994
G0 F9000 X121.319 Y127.922
G1 F3000 X119.936 Y128.292 E1274.97756
G0 F9000 X120.082 Y128.458
G0 X119.243 Y128.96
G0 X118.845 Y129.057
G0 X117.861 Y129.047
G0 X117.913 Y128.834
G1 F3000 X115.68 Y129.433 E1275.05445
G0 F9000 X115.9 Y129.433
G0 X116.493 Y127.747
G0 X116.699 Y127.67
G1 F3000 X115.68 Y126.652 E1275.10236
G0 F9000 X115.9 Y126.652
G0 X115.9 Y125.291
G0 X115.68 Y125.291
G1 F3000 X121.319 Y123.78 E1275.29653
G0 F9000 X121.1 Y123.78
G0 X121.1 Y120.977
G0 X121.319 Y120.977
G1 F3000 X115.68 Y115.338 E1275.56177
G0 F9000 X115.9 Y115.338
G0 X115.9 Y117.009
G0 X115.681 Y117.009
G1 F3000 X121.319 Y115.498 E1275.75591
G1 X121.319 Y115.32
G1 X115.68 Y109.681 E1276.02115
G0 F9000 X115.68 Y108.727
G1 F3000 X121.318 Y107.216 E1276.21529
G0 F9000 X121.1 Y107.216
G0 X121.1 Y109.663
G0 X121.319 Y109.663
G1 F3000 X115.679 Y104.023 E1276.48058
G0 F9000 X115.68 Y104.586
G1 F3000 X121.318 Y103.075 E1276.67472
G0 F9000 X121.319 Y104.006
G1 F3000 X115.679 Y98.367 E1276.93998
G0 F9000 X115.9 Y98.367
G0 X115.9 Y96.304
G0 X115.681 Y96.304
G1 F3000 X121.319 Y94.793 E1277.13412
G0 F9000 X121.1 Y94.793
G0 X121.1 Y92.693
G0 X121.319 Y92.693
G1 F3000 X120.404 Y91.778 E1277.17716
G0 F9000 X120.124 Y90.972
G1 F3000 X121.318 Y90.652 E1277.21827
G0 F9000 X121.1 Y90.652
G0 X119.297 Y90.001
G0 X119.196 Y90.192
G1 F3000 X119.87 Y87.679 E1277.30481
G0 F9000 X119.87 Y87.9
G0 X118.704 Y89.859
G0 X118.704 Y90.078
G1 F3000 X116.307 Y87.681 E1277.41756
G0 F9000 X115.729 Y87.679
G1 F3000 X115.68 Y87.861 E1277.42383
G1 X115.68 Y88.021
G1 X116.956 Y87.68 E1277.46776
G0 F9000 X116.956 Y87.9
G0 X116.357 Y91.896
G0 X116.577 Y91.922
G1 F3000 X115.68 Y92.163 E1277.49865
G0 F9000 X115.679 Y92.71
G1 F3000 X121.319 Y98.35 E1277.76394
G0 F9000 X121.318 Y98.934
G1 F3000 X115.68 Y100.445 E1277.95807
G0 F9000 X115.9 Y100.445
G0 X115.9 Y103.314
G0 X115.68 Y103.314
G1 F3000 X118.202 Y93.904 E1278.2821
G0 F9000 X118.15 Y94.118
G0 X121.1 Y97.725
G0 X121.319 Y97.725
G1 F3000 X115.68 Y118.769 E1279.00672
G0 F9000 X115.9 Y118.769
G0 X115.9 Y120.995
G0 X115.68 Y120.995
G1 F3000 X121.319 Y126.634 E1279.27196
G0 F9000 X121.1 Y126.634
G0 X119.689 Y125.276
G0 X119.243 Y125.04
G0 X118.964 Y124.972
G0 X118.07 Y124.901
G0 X118.121 Y125.114
G1 F3000 X121.319 Y113.18 E1279.68289
G0 F9000 X121.1 Y113.18
G0 X121.1 Y111.357
G0 X121.319 Y111.357
G1 F3000 X115.68 Y112.868 E1279.87706
G0 F9000 X115.9 Y112.868
G0 X115.9 Y121.15
G0 X115.68 Y121.15
G1 F3000 X121.318 Y119.639 E1280.0712
G0 F9000 X120.8 Y119.639
G1 F2700 E1275.0712
G0 F9000 X121.58 Y112.13
G0 X122.665 Y112.13
G0 X135.585 Y112.13
G0 X136.67 Y112.13
G0 X137.12 Y112.13
G0 X136.851 Y112.399
;TYPE:WALL-INNER
G1 F2700 E1280.0712
G1 F1500 X140.15 Y112.4 E1280.18092
G1 X140.15 Y108.852 E1280.29893
G1 X139.887 Y109.229 E1280.31422
G1 X139.55 Y109.53 E1280.32925
G1 X139.151 Y109.737 E1280.3442
G1 X138.72 Y109.837 E1280.35891
G1 X138.28 Y109.838 E1280.37355
G1 X137.849 Y109.737 E1280.38827
G1 X137.451 Y109.532 E1280.40316
G1 X137.114 Y109.231 E1280.41819
G1 X136.85 Y108.852 E1280.43355
G1 X136.851 Y112.399 E1280.55153
G0 F9000 X137.12 Y112.13
G0 X136.807 Y108
G0 X137.09 Y106.467
G0 X136.85 Y107.148
G1 F1500 X137.114 Y106.768 E1280.56692
G1 X137.452 Y106.468 E1280.58195
G1 X137.849 Y106.263 E1280.59681
G1 X138.28 Y106.162 E1280.61153
G1 X138.72 Y106.163 E1280.62617
G1 X139.151 Y106.263 E1280.64088
G1 X139.549 Y106.47 E1280.6558
G1 X139.887 Y106.77 E1280.67083
G1 X140.15 Y107.148 E1280.68615
G1 X140.15 Y103.6 E1280.80416
G1 X136.851 Y103.601 E1280.91388
G1 X136.85 Y107.148 E1281.03186
G1 F2700 E1276.03186
G0 F9000 X137.09 Y106.467
G0 X136.807 Y108
G0 X136.857 Y108.404
G0 X137.842 Y110.043
G0 X138.008 Y109.364
;TYPE:WALL-OUTER
G1 F2700 E1281.03186
G1 F1500 X137.657 Y109.18 E1281.04504
G1 X137.4 Y108.943 E1281.05667
G1 X137.229 Y108.697 E1281.06663
G1 F1304.3 X137.028 Y108.33 E1281.08263
G1 F1174.2 X137.001 Y107.97 E1281.09797
G1 X137.028 Y107.67 E1281.11077
G1 F1304.3 X137.229 Y107.303 E1281.12678
G1 F1500 X137.431 Y107.022 E1281.13829
G1 X137.698 Y106.792 E1281.15001
G1 X138.008 Y106.636 E1281.16155
G1 X138.325 Y106.56 E1281.17239
G1 X138.675 Y106.56 E1281.18403
G1 X138.992 Y106.636 E1281.19488
G1 X139.302 Y106.792 E1281.20642
G1 X139.569 Y107.022 E1281.21814
G1 X139.771 Y107.303 E1281.22965
G1 F1304.3 X139.972 Y107.67 E1281.24566
G1 F1176.5 X140 Y108 E1281.2597
G1 X139.971 Y108.344 E1281.27434
G1 F1304.3 X139.771 Y108.697 E1281.28986
G1 F1500 X139.569 Y108.978 E1281.30137
G1 X139.302 Y109.208 E1281.31309
G1 X138.992 Y109.364 E1281.32463
G1 X138.675 Y109.44 E1281.33547
G1 X138.325 Y109.44 E1281.34712
G1 X138.008 Y109.364 E1281.35796
G1 F2700 E1276.35796
G0 F9000 X137.842 Y110.043
G0 X136.72 Y112.53
G0 X136.451 Y112.799
G1 F2700 E1281.35796
G1 F1500 X140.55 Y112.8 E1281.49429
G1 X140.55 Y108.791 E1281.62763
G1 F1304.3 X140.49 Y108.389 E1281.64318
G1 F1176.5 X140.5 Y108 E1281.65968
G1 X140.49 Y107.639 E1281.67499
G1 F1304.3 X140.55 Y107.209 E1281.6916
G1 F1500 X140.55 Y103.2 E1281.82494
G1 X136.451 Y103.201 E1281.96127
G1 X136.45 Y107.209 E1282.09458
G1 F1304.3 X136.51 Y107.639 E1282.11119
G1 F1176.5 X136.5 Y108 E1282.1265
G1 X136.51 Y108.361 E1282.14182
G1 F1304.3 X136.45 Y108.791 E1282.15842
G1 F1500 X136.451 Y112.799 E1282.29173
G0 F9000 X136.72 Y112.53
G0 X137.15 Y111.315
G0 X136.93 Y111.315
;TYPE:FILL
G1 F3000 X140.068 Y110.474 E1282.39978
G0 F9000 X140.069 Y111.442
G1 F3000 X138.542 Y109.916 E1282.47158
G0 F9000 X138.76 Y109.907
G1 F3000 X138.114 Y112.319 E1282.55464
G0 F9000 X138.114 Y112.1
G0 X139.999 Y108.786
G0 X140.143 Y108.404
G0 X140.193 Y108
G0 X139.825 Y106.314
G0 X139.679 Y106.478
G1 F3000 X140.069 Y105.025 E1282.60467
G0 F9000 X140.069 Y105.786
G1 F3000 X137.964 Y103.68 E1282.70371
G0 F9000 X137.964 Y103.9
G0 X139.789 Y106.283
G0 X139.643 Y106.447
G1 F3000 X140.068 Y106.333 E1282.71834
G0 F9000 X139.772 Y105.913
G1 F2700 E1277.71834
;MESH:NONMESH
G0 F300 X139.772 Y105.913 Z6.2
G0 F9000 X136.664 Y103.414
G0 X135.585 Y103.414
G0 X122.653 Y86.347
G0 X114.347 Y86.347
G0 X95.597 Y86.847
G0 X84.415 Y103.414
G0 X83.33 Y103.414
G0 X83.193 Y93
G0 X82.91 Y91.467
G0 X83.15 Y92.148
;TIME_ELAPSED:2356.645875
;LAYER:30
;TYPE:WALL-INNER
;MESH:Spacers.stl
G1 F2700 E1282.71834
G1 F1500 X83.15 Y88.6 E1282.83635
G1 X79.851 Y88.601 E1282.94608
G1 X79.85 Y92.148 E1283.06405
G1 X80.114 Y91.768 E1283.07944
G1 X80.452 Y91.468 E1283.09447
G1 X80.849 Y91.263 E1283.10933
G1 X81.28 Y91.162 E1283.12406
G1 X81.72 Y91.163 E1283.13869
G1 X82.151 Y91.263 E1283.15341
G1 X82.549 Y91.47 E1283.16833
G1 X82.887 Y91.77 E1283.18336
G1 X83.15 Y92.148 E1283.19867
G1 F2700 E1278.19867
G0 F9000 X82.91 Y91.467
G0 X83.165 Y92.847
G0 X82.91 Y126.467
G0 X83.15 Y127.148
G1 F2700 E1283.19867
G1 F1500 X83.15 Y93.852 E1284.3061
G1 X82.887 Y94.229 E1284.32139
G1 X82.55 Y94.53 E1284.33642
G1 X82.155 Y94.736 E1284.35124
G1 X81.727 Y94.841 E1284.3659
G1 X81.272 Y94.841 E1284.38103
G1 X80.846 Y94.736 E1284.39562
G1 X80.451 Y94.531 E1284.41042
G1 X80.114 Y94.232 E1284.42541
G1 X79.85 Y93.852 E1284.4408
G1 X79.85 Y127.148 E1285.54823
G1 X80.114 Y126.768 E1285.56362
G1 X80.451 Y126.468 E1285.57862
G1 X80.846 Y126.264 E1285.59341
G1 X81.272 Y126.159 E1285.608
G1 X81.727 Y126.159 E1285.62314
G1 X82.155 Y126.264 E1285.63779
G1 X82.55 Y126.47 E1285.65261
G1 X82.887 Y126.771 E1285.66764
G1 X83.15 Y127.148 E1285.68293
G0 F9000 X82.91 Y126.467
G0 X83.165 Y127.847
G0 X82.88 Y132.13
G0 X83.15 Y132.4
G1 F1500 X83.15 Y128.852 E1285.80093
G1 X82.887 Y129.229 E1285.81622
G1 X82.55 Y129.53 E1285.83125
G1 X82.151 Y129.737 E1285.8462
G1 X81.72 Y129.837 E1285.86092
G1 X81.28 Y129.838 E1285.87555
G1 X80.849 Y129.737 E1285.89028
G1 X80.451 Y129.532 E1285.90517
G1 X80.114 Y129.231 E1285.9202
G1 X79.85 Y128.852 E1285.93556
G1 X79.851 Y132.399 E1286.05353
G1 X83.15 Y132.4 E1286.16326
G0 F9000 X83.55 Y132.8
;TYPE:WALL-OUTER
G1 F1500 X83.55 Y128.791 E1286.2966
G1 F1304.3 X83.49 Y128.389 E1286.31214
G1 F1176.5 X83.5 Y128 E1286.32864
G1 X83.49 Y127.639 E1286.34396
G1 F1304.3 X83.55 Y127.209 E1286.36057
G1 F1500 X83.55 Y93.791 E1287.47205
G1 F1304.3 X83.49 Y93.389 E1287.4876
G1 F1176.5 X83.5 Y93 E1287.5041
G1 X83.49 Y92.639 E1287.51942
G1 F1304.3 X83.55 Y92.209 E1287.53602
G1 F1500 X83.55 Y88.2 E1287.66936
G1 X79.451 Y88.201 E1287.8057
G1 X79.45 Y92.209 E1287.939
G1 F1304.3 X79.51 Y92.639 E1287.95561
G1 F1176.5 X79.5 Y93 E1287.97092
G1 X79.51 Y93.361 E1287.98624
G1 F1304.3 X79.45 Y93.791 E1288.00284
G1 F1500 X79.45 Y127.209 E1289.11433
G1 F1304.3 X79.51 Y127.639 E1289.13094
G1 F1176.5 X79.5 Y128 E1289.14625
G1 X79.51 Y128.361 E1289.16157
G1 F1304.3 X79.45 Y128.791 E1289.17817
G1 F1500 X79.451 Y132.799 E1289.31148
G1 X83.55 Y132.8 E1289.44781
G1 F2700 E1284.44781
G0 F9000 X83.28 Y132.53
G0 X82.157 Y130.044
G0 X81.992 Y129.364
G1 F2700 E1289.44781
G1 F1500 X81.675 Y129.44 E1289.45866
G1 X81.325 Y129.44 E1289.4703
G1 X81.008 Y129.364 E1289.48114
G1 X80.657 Y129.18 E1289.49432
G1 X80.4 Y128.943 E1289.50595
G1 X80.229 Y128.697 E1289.51591
G1 F1304.3 X80.028 Y128.33 E1289.53192
G1 F1174.2 X80.001 Y127.97 E1289.54726
G1 X80.028 Y127.67 E1289.56006
G1 F1304.3 X80.229 Y127.303 E1289.57606
G1 F1500 X80.431 Y127.022 E1289.58757
G1 X80.698 Y126.792 E1289.59929
G1 X81.008 Y126.636 E1289.61083
G1 X81.299 Y126.564 E1289.6208
G1 X81.7 Y126.564 E1289.63414
G1 X81.992 Y126.636 E1289.64414
G1 X82.302 Y126.792 E1289.65569
G1 X82.569 Y127.022 E1289.66741
G1 X82.771 Y127.303 E1289.67892
G1 F1304.3 X82.972 Y127.67 E1289.69492
G1 F1176.5 X83 Y128 E1289.70897
G1 X82.971 Y128.344 E1289.72361
G1 F1304.3 X82.771 Y128.697 E1289.73913
G1 F1500 X82.569 Y128.978 E1289.75064
G1 X82.302 Y129.208 E1289.76236
G1 X81.992 Y129.364 E1289.7739
G1 F2700 E1284.7739
G0 F9000 X82.157 Y130.044
G0 X82.999 Y128.786
G0 X83.143 Y128.404
G0 X81.865 Y95.115
G0 X81.7 Y94.436
G1 F2700 E1289.7739
G1 F1500 X81.299 Y94.436 E1289.78724
G1 X81.008 Y94.364 E1289.79721
G1 X80.657 Y94.18 E1289.81039
G1 X80.4 Y93.943 E1289.82202
G1 X80.229 Y93.697 E1289.83198
G1 F1304.3 X80.028 Y93.33 E1289.84799
G1 F1174.2 X80.001 Y92.97 E1289.86333
G1 X80.028 Y92.67 E1289.87612
G1 F1304.3 X80.229 Y92.303 E1289.89213
G1 F1500 X80.431 Y92.022 E1289.90364
G1 X80.698 Y91.792 E1289.91536
G1 X81.008 Y91.636 E1289.9269
G1 X81.325 Y91.56 E1289.93775
G1 X81.675 Y91.56 E1289.94939
G1 X81.992 Y91.636 E1289.96023
G1 X82.302 Y91.792 E1289.97177
G1 X82.569 Y92.022 E1289.98349
G1 X82.771 Y92.303 E1289.995
G1 F1304.3 X82.972 Y92.67 E1290.01101
G1 F1176.5 X83 Y93 E1290.02505
G1 X82.971 Y93.344 E1290.03969
G1 F1304.3 X82.771 Y93.697 E1290.05521
G1 F1500 X82.569 Y93.978 E1290.06672
G1 X82.302 Y94.208 E1290.07844
G1 X81.992 Y94.364 E1290.08998
G1 X81.7 Y94.436 E1290.09999
G0 F9000 X81.865 Y95.115
G0 X81.365 Y95.086
G0 X80.473 Y94.878
G0 X80.575 Y94.686
;TYPE:FILL
G1 F3000 X79.93 Y97.094 E1290.1829
G0 F9000 X79.93 Y97.748
G1 F3000 X83.068 Y96.907 E1290.29095
G0 F9000 X82.85 Y96.907
G0 X82.85 Y99.497
G0 X83.07 Y99.497
G1 F3000 X79.93 Y96.358 E1290.43863
G0 F9000 X80.15 Y96.358
G0 X79.807 Y93
G0 X79.847 Y92.672
G0 X80.453 Y91.132
G0 X80.552 Y91.323
G1 F3000 X79.93 Y90.701 E1290.46788
G0 F9000 X80.15 Y90.701
G0 X80.15 Y89.465
G0 X79.931 Y89.465
G1 F3000 X82.865 Y88.679 E1290.56891
G0 F9000 X82.185 Y88.678
G1 F3000 X81.541 Y91.083 E1290.65172
G0 F9000 X81.541 Y90.859
G0 X82.767 Y91.878
G0 X82.999 Y92.214
G0 X83.143 Y92.596
G0 X82.85 Y100.834
G0 X83.069 Y100.834
G1 F3000 X79.93 Y112.55 E1291.05514
G0 F9000 X79.93 Y113.328
G1 F3000 X83.07 Y116.468 E1291.20283
G1 X83.069 Y116.289
G1 X80.346 Y126.452 E1291.55278
G0 F9000 X80.203 Y126.289
G0 X81.366 Y125.859
G0 X81.366 Y126.077
G1 F3000 X79.93 Y124.642 E1291.6203
G0 F9000 X80.15 Y124.642
G0 X80.15 Y122.594
G0 X79.93 Y122.594
G1 F3000 X83.068 Y121.753 E1291.72835
G0 F9000 X83.07 Y122.125
G1 F3000 X79.93 Y118.985 E1291.87605
G0 F9000 X79.93 Y118.453
G1 F3000 X83.068 Y117.612 E1291.9841
G0 F9000 X82.85 Y117.612
G0 X82.85 Y113.471
G0 X83.069 Y113.471
G1 F3000 X79.93 Y114.312 E1292.09219
G0 F9000 X80.15 Y114.312
G0 X80.15 Y110.171
G0 X79.93 Y110.171
G1 F3000 X83.069 Y109.33 E1292.20028
G0 F9000 X82.85 Y109.33
G0 X82.85 Y110.811
G0 X83.07 Y110.811
G1 F3000 X79.93 Y107.671 E1292.34797
G0 F9000 X80.15 Y107.671
G0 X80.15 Y106.03
G0 X79.93 Y106.03
G1 F3000 X83.068 Y105.189 E1292.45603
G1 X83.07 Y105.154
G1 X79.93 Y102.015 E1292.6037
G1 X79.93 Y101.889
G1 X83.068 Y101.048 E1292.71175
G0 F9000 X82.85 Y101.048
G0 X82.85 Y125.894
G0 X83.069 Y125.894
G1 F3000 X82.073 Y126.161 E1292.74605
G0 F9000 X82.125 Y125.949
G0 X82.999 Y127.214
G0 X83.143 Y127.596
G0 X83.183 Y127.924
G0 X82.85 Y130.036
G0 X83.068 Y130.036
G1 F3000 X79.931 Y130.876 E1292.85406
G0 F9000 X79.93 Y130.299
G1 F3000 X81.95 Y132.318 E1292.94905
G0 F9000 X82.915 Y132.319
G1 F3000 X83.069 Y131.744 E1292.96885
G0 F9000 X82.55 Y131.744
G1 F2700 E1287.96885
G0 F9000 X83.33 Y131.63
G0 X84.415 Y131.63
G0 X95.585 Y131.63
G0 X96.67 Y131.63
G0 X99.88 Y131.63
G0 X100.15 Y131.9
;TYPE:WALL-INNER
G1 F2700 E1292.96885
G1 F1500 X100.15 Y128.352 E1293.08686
G1 X99.887 Y128.729 E1293.10215
G1 X99.55 Y129.03 E1293.11717
G1 X99.151 Y129.237 E1293.13213
G1 X98.72 Y129.337 E1293.14684
G1 X98.28 Y129.338 E1293.16148
G1 X97.849 Y129.237 E1293.1762
G1 X97.451 Y129.032 E1293.19109
G1 X97.114 Y128.731 E1293.20612
G1 X96.85 Y128.352 E1293.22148
G1 X96.851 Y131.899 E1293.33945
G1 X100.15 Y131.9 E1293.44918
G0 F9000 X99.88 Y131.63
G0 X100.193 Y127.5
G0 X99.91 Y125.967
G0 X100.15 Y126.648
G1 F1500 X100.15 Y93.352 E1294.55661
G1 X99.887 Y93.729 E1294.5719
G1 X99.55 Y94.03 E1294.58693
G1 X99.155 Y94.236 E1294.60174
G1 X98.727 Y94.341 E1294.6164
G1 X98.272 Y94.341 E1294.63153
G1 X97.846 Y94.236 E1294.64613
G1 X97.451 Y94.031 E1294.66093
G1 X97.114 Y93.732 E1294.67591
G1 X96.85 Y93.352 E1294.6913
G1 X96.85 Y126.648 E1295.79873
G1 X97.114 Y126.268 E1295.81412
G1 X97.451 Y125.969 E1295.82911
G1 X97.846 Y125.764 E1295.84391
G1 X98.272 Y125.659 E1295.8585
G1 X98.727 Y125.659 E1295.87363
G1 X99.155 Y125.764 E1295.88829
G1 X99.55 Y125.97 E1295.90311
G1 X99.887 Y126.271 E1295.91814
G1 X100.15 Y126.648 E1295.93343
G1 F2700 E1290.93343
G0 F9000 X99.91 Y125.967
G0 X100.193 Y92.5
G0 X99.91 Y90.967
G0 X100.15 Y91.648
G1 F2700 E1295.93343
G1 F1500 X100.15 Y88.1 E1296.05143
G1 X96.851 Y88.101 E1296.16116
G1 X96.85 Y91.648 E1296.27913
G1 X97.114 Y91.268 E1296.29452
G1 X97.452 Y90.968 E1296.30955
G1 X97.849 Y90.763 E1296.32441
G1 X98.28 Y90.662 E1296.33914
G1 X98.72 Y90.663 E1296.35377
G1 X99.151 Y90.763 E1296.36849
G1 X99.549 Y90.97 E1296.38341
G1 X99.887 Y91.27 E1296.39844
G1 X100.15 Y91.648 E1296.41376
G1 F2700 E1291.41376
G0 F9000 X99.91 Y90.967
G0 X100.193 Y92.5
G0 X100.143 Y92.904
G0 X99.999 Y93.286
G0 X98.865 Y94.615
G0 X98.7 Y93.936
;TYPE:WALL-OUTER
G1 F2700 E1296.41376
G1 F1500 X98.299 Y93.936 E1296.42709
G1 X98.008 Y93.864 E1296.43706
G1 X97.657 Y93.68 E1296.45024
G1 X97.4 Y93.443 E1296.46187
G1 X97.229 Y93.197 E1296.47184
G1 F1304.3 X97.028 Y92.83 E1296.48784
G1 F1174.2 X97.001 Y92.47 E1296.50318
G1 X97.028 Y92.17 E1296.51598
G1 F1304.3 X97.229 Y91.803 E1296.53198
G1 F1500 X97.4 Y91.557 E1296.54195
G1 X97.657 Y91.32 E1296.55358
G1 X98.008 Y91.136 E1296.56676
G1 X98.325 Y91.06 E1296.5776
G1 X98.675 Y91.06 E1296.58924
G1 X98.992 Y91.136 E1296.60008
G1 X99.302 Y91.292 E1296.61163
G1 X99.569 Y91.522 E1296.62335
G1 X99.771 Y91.803 E1296.63486
G1 F1304.3 X99.972 Y92.17 E1296.65086
G1 F1176.5 X100 Y92.5 E1296.66491
G1 X99.971 Y92.844 E1296.67955
G1 F1304.3 X99.771 Y93.197 E1296.69506
G1 F1500 X99.569 Y93.478 E1296.70658
G1 X99.302 Y93.708 E1296.7183
G1 X98.992 Y93.864 E1296.72984
G1 X98.7 Y93.936 E1296.73984
G1 F2700 E1291.73984
G0 F9000 X98.865 Y94.615
G0 X100.193 Y127.5
G0 X100.143 Y127.904
G0 X99.999 Y128.286
G0 X98.675 Y129.641
G0 X98.675 Y128.94
G1 F2700 E1296.73984
G1 F1500 X98.325 Y128.94 E1296.75148
G1 X98.008 Y128.864 E1296.76232
G1 X97.657 Y128.68 E1296.77551
G1 X97.4 Y128.443 E1296.78713
G1 X97.229 Y128.197 E1296.7971
G1 F1304.3 X97.028 Y127.83 E1296.8131
G1 F1174.2 X97.001 Y127.47 E1296.82844
G1 X97.028 Y127.17 E1296.84124
G1 F1304.3 X97.229 Y126.803 E1296.85725
G1 F1500 X97.431 Y126.522 E1296.86876
G1 X97.698 Y126.292 E1296.88048
G1 X98.008 Y126.136 E1296.89202
G1 X98.299 Y126.064 E1296.90199
G1 X98.7 Y126.064 E1296.91533
G1 X98.992 Y126.136 E1296.92533
G1 X99.302 Y126.292 E1296.93687
G1 X99.569 Y126.522 E1296.94859
G1 X99.771 Y126.803 E1296.9601
G1 F1304.3 X99.972 Y127.17 E1296.97611
G1 F1176.5 X100 Y127.5 E1296.99015
G1 X99.971 Y127.844 E1297.00479
G1 F1304.3 X99.771 Y128.197 E1297.02031
G1 F1500 X99.569 Y128.478 E1297.03182
G1 X99.302 Y128.708 E1297.04354
G1 X98.992 Y128.864 E1297.05509
G1 X98.675 Y128.94 E1297.06593
G1 F2700 E1292.06593
G0 F9000 X98.675 Y129.641
G0 X100.28 Y132.03
G0 X100.55 Y132.3
G1 F2700 E1297.06593
G1 F1500 X100.55 Y128.291 E1297.19927
G1 F1304.3 X100.49 Y127.889 E1297.21481
G1 F1176.5 X100.5 Y127.5 E1297.23132
G1 X100.49 Y127.139 E1297.24663
G1 F1304.3 X100.55 Y126.709 E1297.26324
G1 F1500 X100.55 Y93.291 E1298.37472
G1 F1304.3 X100.49 Y92.889 E1298.39027
G1 F1176.5 X100.5 Y92.5 E1298.40677
G1 X100.49 Y92.139 E1298.42209
G1 F1304.3 X100.55 Y91.709 E1298.43869
G1 F1500 X100.55 Y87.7 E1298.57203
G1 X96.451 Y87.701 E1298.70837
G1 X96.45 Y91.709 E1298.84167
G1 F1304.3 X96.51 Y92.139 E1298.85828
G1 F1176.5 X96.5 Y92.5 E1298.87359
G1 X96.51 Y92.861 E1298.88891
G1 F1304.3 X96.45 Y93.291 E1298.90552
G1 F1500 X96.45 Y126.709 E1300.017
G1 F1304.3 X96.51 Y127.139 E1300.03361
G1 F1176.5 X96.5 Y127.5 E1300.04892
G1 X96.51 Y127.861 E1300.06424
G1 F1304.3 X96.45 Y128.291 E1300.08085
G1 F1500 X96.451 Y132.299 E1300.21415
G1 X100.55 Y132.3 E1300.35049
G0 F9000 X100.28 Y132.03
G0 X99.613 Y131.6
G0 X99.613 Y131.819
;TYPE:FILL
G1 F3000 X100.069 Y130.119 E1300.40903
G0 F9000 X100.068 Y129.622
G1 F3000 X96.93 Y130.463 E1300.51708
G1 X96.93 Y130.328
G1 X98.42 Y131.818 E1300.58716
G0 F9000 X98.42 Y131.6
G0 X96.857 Y127.904
G0 X96.812 Y127.54
G0 X97.09 Y125.967
G0 X96.989 Y126.159
G1 F3000 X100.069 Y114.664 E1300.98298
G0 F9000 X99.85 Y114.664
G0 X99.85 Y113.057
G0 X100.069 Y113.057
G1 F3000 X96.93 Y113.898 E1301.09106
G0 F9000 X96.93 Y113.357
G1 F3000 X100.069 Y116.497 E1301.23873
G0 F9000 X100.069 Y117.198
G1 F3000 X96.931 Y118.039 E1301.34679
G0 F9000 X96.93 Y119.014
G1 F3000 X100.069 Y122.154 E1301.49446
G0 F9000 X100.068 Y121.339
G1 F3000 X96.931 Y122.18 E1301.60248
G0 F9000 X97.15 Y122.18
G0 X97.15 Y124.671
G0 X96.93 Y124.671
G1 F3000 X97.921 Y125.662 E1301.6491
G0 F9000 X97.87 Y125.45
G0 X98.585 Y125.426
G0 X99.323 Y125.514
G0 X99.221 Y125.707
G1 F3000 X100.068 Y125.48 E1301.67826
G0 F9000 X99.85 Y125.48
G0 X99.85 Y110.84
G0 X100.069 Y110.84
G1 F3000 X96.93 Y107.7 E1301.82593
G0 F9000 X97.15 Y107.7
G0 X97.15 Y109.757
G0 X96.931 Y109.757
G1 F3000 X100.068 Y108.916 E1301.93396
G0 F9000 X99.85 Y108.916
G0 X97.15 Y110.922
G0 X96.931 Y110.922
G1 F3000 X100.069 Y99.21 E1302.33724
G0 F9000 X100.069 Y99.526
G1 F3000 X96.93 Y96.387 E1302.48489
G0 F9000 X96.931 Y95.467
G1 F3000 X97.318 Y94.021 E1302.53467
G0 F9000 X97.173 Y94.184
G0 X96.807 Y92.5
G0 X97.1 Y90.88
G0 X97.244 Y91.044
G1 F3000 X96.93 Y90.73 E1302.54944
G0 F9000 X97.15 Y90.73
G0 X98.185 Y90.372
G0 X98.237 Y90.59
G1 F3000 X98.883 Y88.179 E1302.63246
G0 F9000 X98.883 Y88.4
G0 X99.88 Y88.37
G0 X100.068 Y88.211
G1 F3000 X96.931 Y89.051 E1302.74047
G0 F9000 X97.15 Y89.051
G0 X96.807 Y92.5
G0 X96.857 Y92.904
G0 X97.001 Y93.286
G0 X99.85 Y96.493
G0 X100.069 Y96.493
G1 F3000 X96.931 Y97.333 E1302.84852
G0 F9000 X97.15 Y97.333
G0 X97.15 Y101.474
G0 X96.931 Y101.474
G1 F3000 X100.068 Y100.634 E1302.95653
G0 F9000 X99.85 Y100.634
G0 X97.15 Y102.043
G0 X96.93 Y102.043
G1 F3000 X100.069 Y105.183 E1303.1042
G0 F9000 X100.068 Y104.775
G1 F3000 X96.931 Y105.616 E1303.21223
G0 F9000 X97.45 Y105.616
G1 F2700 E1298.21223
G0 F9000 X100.33 Y94.131
G0 X101.415 Y94.131
G0 X114.335 Y94.131
G0 X115.42 Y94.131
G0 X118.201 Y94.131
G0 X118.272 Y93.841
;TYPE:WALL-INNER
G1 F2700 E1303.21223
G1 F1500 X117.843 Y93.735 E1303.22692
G1 X117.448 Y93.529 E1303.24174
G1 X117.109 Y93.226 E1303.25686
G1 X116.857 Y92.861 E1303.27162
G1 X116.7 Y92.445 E1303.2864
G1 X116.651 Y92 E1303.3013
G1 X116.699 Y91.558 E1303.31608
G1 X116.857 Y91.139 E1303.33098
G1 X117.109 Y90.774 E1303.34573
G1 X117.449 Y90.47 E1303.3609
G1 X117.847 Y90.264 E1303.3758
G1 X118.244 Y90.167 E1303.3894
G1 X118.723 Y90.158 E1303.40533
G1 X119.155 Y90.265 E1303.42013
G1 X119.554 Y90.473 E1303.4351
G1 X119.891 Y90.774 E1303.45013
G1 X120.142 Y91.137 E1303.46481
G1 X120.302 Y91.561 E1303.47988
G1 X120.35 Y92 E1303.49457
G1 X120.302 Y92.437 E1303.50919
G1 X120.142 Y92.862 E1303.52429
G1 X119.891 Y93.226 E1303.539
G1 X119.555 Y93.526 E1303.55398
G1 X119.158 Y93.735 E1303.5689
G1 X118.727 Y93.841 E1303.58367
G1 X118.272 Y93.841 E1303.5988
G1 F2700 E1298.5988
G0 F9000 X118.201 Y94.131
G0 X116.404 Y127
G0 X116.465 Y127.501
G0 X116.644 Y127.973
G0 X116.932 Y128.389
G0 X117.273 Y128.691
G0 X118.207 Y129.132
G0 X118.278 Y128.842
G1 F2700 E1303.5988
G1 F1500 X117.846 Y128.736 E1303.61359
G1 X117.449 Y128.53 E1303.62847
G1 X117.109 Y128.226 E1303.64364
G1 X116.857 Y127.861 E1303.65839
G1 X116.7 Y127.445 E1303.67318
G1 X116.651 Y127 E1303.68807
G1 X116.699 Y126.558 E1303.70286
G1 X116.857 Y126.139 E1303.71775
G1 X117.109 Y125.774 E1303.7325
G1 X117.448 Y125.471 E1303.74763
G1 X117.843 Y125.265 E1303.76244
G1 X118.272 Y125.159 E1303.77714
G1 X118.727 Y125.159 E1303.79228
G1 X119.157 Y125.265 E1303.80701
G1 X119.555 Y125.474 E1303.82196
G1 X119.891 Y125.774 E1303.83694
G1 X120.142 Y126.137 E1303.85162
G1 X120.302 Y126.561 E1303.86669
G1 X120.35 Y127 E1303.88138
G1 X120.302 Y127.437 E1303.896
G1 X120.142 Y127.862 E1303.9111
G1 X119.891 Y128.226 E1303.92581
G1 X119.554 Y128.527 E1303.94084
G1 X119.154 Y128.736 E1303.95585
G1 X118.756 Y128.833 E1303.96947
G1 X118.278 Y128.842 E1303.98538
G0 F9000 X118.207 Y129.132
G0 X115.87 Y131.13
G0 X115.601 Y131.399
G1 F1500 X121.4 Y131.4 E1304.17825
G1 X121.4 Y87.6 E1305.63505
G1 X115.601 Y87.601 E1305.82792
G1 X115.601 Y131.399 E1307.28465
G0 F9000 X115.201 Y131.799
;TYPE:WALL-OUTER
G1 F1500 X121.8 Y131.8 E1307.50413
G1 X121.8 Y87.2 E1308.98753
G1 X115.201 Y87.201 E1309.20702
G1 X115.201 Y131.799 E1310.69035
G1 F2700 E1305.69035
G0 F9000 X115.47 Y131.53
G0 X118.133 Y129.114
G0 X118.299 Y128.436
G1 F2700 E1310.69035
G1 F1500 X118.008 Y128.364 E1310.70032
G1 X117.657 Y128.18 E1310.7135
G1 X117.4 Y127.943 E1310.72513
G1 X117.206 Y127.653 E1310.73674
G1 X117.089 Y127.334 E1310.74804
G1 X117.051 Y127 E1310.75922
G1 X117.099 Y126.63 E1310.77163
G1 X117.229 Y126.303 E1310.78333
G1 X117.431 Y126.022 E1310.79484
G1 X117.698 Y125.792 E1310.80656
G1 X118.008 Y125.636 E1310.81811
G1 X118.299 Y125.564 E1310.82808
G1 X118.7 Y125.564 E1310.84141
G1 X118.992 Y125.636 E1310.85142
G1 X119.343 Y125.82 E1310.8646
G1 X119.6 Y126.057 E1310.87623
G1 X119.794 Y126.347 E1310.88783
G1 X119.912 Y126.677 E1310.89949
G1 X119.95 Y127 E1310.9103
G1 X119.911 Y127.334 E1310.92149
G1 X119.771 Y127.697 E1310.93443
G1 X119.569 Y127.978 E1310.94594
G1 X119.302 Y128.208 E1310.95766
G1 X118.992 Y128.364 E1310.9692
G1 X118.687 Y128.439 E1310.97965
G1 X118.299 Y128.436 E1310.99255
G1 F2700 E1305.99255
G0 F9000 X118.133 Y129.114
G0 X117.311 Y128.724
G0 X116.932 Y128.389
G0 X116.644 Y127.973
G0 X116.465 Y127.501
G0 X116.43 Y127.217
G0 X118.133 Y94.114
G0 X118.299 Y93.436
G1 F2700 E1310.99255
G1 F1500 X118.008 Y93.364 E1311.00252
G1 X117.657 Y93.18 E1311.01571
G1 X117.4 Y92.943 E1311.02733
G1 X117.206 Y92.653 E1311.03894
G1 X117.089 Y92.334 E1311.05024
G1 X117.051 Y92 E1311.06142
G1 X117.099 Y91.63 E1311.07383
G1 X117.229 Y91.303 E1311.08553
G1 X117.431 Y91.022 E1311.09704
G1 X117.698 Y90.792 E1311.10876
G1 X118.008 Y90.636 E1311.12031
G1 X118.313 Y90.561 E1311.13075
G1 X118.701 Y90.564 E1311.14366
G1 X118.992 Y90.636 E1311.15363
G1 X119.343 Y90.82 E1311.16681
G1 X119.6 Y91.057 E1311.17844
G1 X119.794 Y91.347 E1311.19004
G1 X119.912 Y91.677 E1311.2017
G1 X119.95 Y92 E1311.21252
G1 X119.911 Y92.334 E1311.2237
G1 X119.771 Y92.697 E1311.23664
G1 X119.569 Y92.978 E1311.24815
G1 X119.302 Y93.208 E1311.25987
G1 X118.992 Y93.364 E1311.27142
G1 X118.7 Y93.436 E1311.28142
G1 X118.299 Y93.436 E1311.29476
G0 F9000 X118.064 Y93.87
;TYPE:FILL
G1 F3000 X115.68 Y102.766 E1311.60108
G0 F9000 X115.9 Y102.766
G0 X115.9 Y103.823
G0 X115.679 Y103.823
G1 F3000 X121.319 Y109.462 E1311.86634
G0 F9000 X121.1 Y109.462
G0 X121.1 Y111.504
G0 X121.319 Y111.504
G1 F3000 X115.68 Y113.015 E1312.06051
G0 F9000 X115.9 Y113.015
G0 X115.9 Y115.137
G0 X115.68 Y115.137
G1 F3000 X121.319 Y120.776 E1312.32575
G0 F9000 X121.318 Y119.786
G1 F3000 X115.68 Y121.297 E1312.51989
G0 F9000 X115.68 Y120.794
G1 F3000 X121.319 Y126.433 E1312.78513
G0 F9000 X121.1 Y126.433
G0 X121.1 Y128.069
G0 X121.319 Y128.069
G1 F3000 X119.702 Y128.502 E1312.84081
G0 F9000 X119.846 Y128.667
G0 X119.243 Y128.96
G0 X118.964 Y129.028
G0 X118.148 Y129.118
G0 X118.2 Y128.904
G1 F3000 X115.68 Y129.58 E1312.92759
G0 F9000 X115.9 Y129.58
G0 X116.312 Y131.1
G0 X116.312 Y131.318
G1 F3000 X117.111 Y128.335 E1313.0303
G0 F9000 X116.965 Y128.5
G0 X116.392 Y127.408
G0 X116.612 Y127.383
G1 F3000 X115.68 Y126.451 E1313.07414
G0 F9000 X115.9 Y126.451
G0 X115.9 Y125.438
G0 X115.68 Y125.438
G1 F3000 X121.319 Y123.927 E1313.26831
G0 F9000 X121.1 Y123.927
G0 X117.913 Y124.939
G0 X117.964 Y125.152
G1 F3000 X121.319 Y112.631 E1313.69945
G0 F9000 X121.1 Y112.631
G0 X121.1 Y115.119
G0 X121.319 Y115.119
G1 F3000 X115.679 Y109.479 E1313.96474
G0 F9000 X115.68 Y108.874
G1 F3000 X121.318 Y107.363 E1314.15888
G0 F9000 X121.1 Y107.363
G0 X121.1 Y103.806
G0 X121.319 Y103.806
G1 F3000 X115.679 Y98.166 E1314.42417
G0 F9000 X115.9 Y98.166
G0 X115.9 Y96.451
G0 X115.681 Y96.451
G1 F3000 X121.319 Y94.94 E1314.6183
G0 F9000 X121.1 Y94.94
G0 X121.1 Y97.177
G0 X121.319 Y97.177
G1 F3000 X115.68 Y118.22 E1315.34289
G0 F9000 X115.9 Y118.22
G0 X115.9 Y117.156
G0 X115.681 Y117.156
G1 F3000 X121.319 Y115.645 E1315.53703
G0 F9000 X121.1 Y115.645
G0 X115.9 Y104.733
G0 X115.68 Y104.733
G1 F3000 X121.318 Y103.222 E1315.73117
G0 F9000 X121.1 Y103.222
G0 X121.1 Y99.081
G0 X121.319 Y99.081
G1 F3000 X115.68 Y100.592 E1315.92534
G0 F9000 X115.9 Y100.592
G0 X121.1 Y98.149
G0 X121.319 Y98.149
G1 F3000 X115.679 Y92.509 E1316.19063
G1 X115.68 Y92.31
G1 X116.577 Y92.069 E1316.22152
G0 F9000 X116.355 Y92.094
G0 X116.465 Y91.499
G0 X116.644 Y91.027
G0 X116.932 Y90.611
G0 X117.311 Y90.276
G0 X117.757 Y90.04
G0 X118.155 Y89.943
G0 X119.014 Y89.922
G0 X118.962 Y90.134
G1 F3000 X116.508 Y87.681 E1316.33692
G0 F9000 X115.68 Y88.168
G1 F3000 X117.505 Y87.68 E1316.39976
G0 F9000 X117.505 Y87.9
G0 X119.723 Y87.9
G0 X119.723 Y87.679
G1 F3000 X119.059 Y90.157 E1316.48508
G0 F9000 X119.111 Y89.946
G0 X119.631 Y90.243
G0 X120.391 Y90.972
G0 X120.21 Y91.096
G1 F3000 X121.318 Y90.799 E1316.52324
G0 F9000 X121.1 Y90.799
G0 X120.6 Y91.527
G0 X120.379 Y91.552
G1 F3000 X121.319 Y92.492 E1316.56745
G1 F2700 E1311.56745
G0 F9000 X121.1 Y92.492
G0 X121.1 Y128.086
G0 X121.319 Y128.086
G1 F2700 E1316.56745
G1 F3000 X120.453 Y131.32 E1316.6788
G1 X120.548 Y131.318
G1 X118.112 Y128.882 E1316.79339
G0 F9000 X117.988 Y129.387
G1 F2700 E1311.79339
G0 F9000 X117.001 Y127.786
G0 X116.857 Y127.404
G0 X116.807 Y127
G0 X121.58 Y112.13
G0 X122.665 Y112.13
G0 X135.585 Y112.13
G0 X136.67 Y112.13
G0 X137.12 Y112.13
G0 X136.851 Y112.399
;TYPE:WALL-INNER
G1 F2700 E1316.79339
G1 F1500 X140.15 Y112.4 E1316.90311
G1 X140.15 Y108.852 E1317.02112
G1 X139.887 Y109.229 E1317.03641
G1 X139.55 Y109.53 E1317.05144
G1 X139.151 Y109.737 E1317.06639
G1 X138.72 Y109.837 E1317.0811
G1 X138.28 Y109.838 E1317.09574
G1 X137.849 Y109.737 E1317.11046
G1 X137.451 Y109.532 E1317.12535
G1 X137.114 Y109.231 E1317.14038
G1 X136.85 Y108.852 E1317.15574
G1 X136.851 Y112.399 E1317.27371
G0 F9000 X137.12 Y112.13
G0 X136.807 Y108
G0 X137.09 Y106.467
G0 X136.85 Y107.148
G1 F1500 X137.114 Y106.768 E1317.2891
G1 X137.452 Y106.468 E1317.30414
G1 X137.849 Y106.263 E1317.319
G1 X138.28 Y106.162 E1317.33372
G1 X138.72 Y106.163 E1317.34835
G1 X139.151 Y106.263 E1317.36307
G1 X139.549 Y106.47 E1317.37799
G1 X139.887 Y106.77 E1317.39302
G1 X140.15 Y107.148 E1317.40834
G1 X140.15 Y103.6 E1317.52635
G1 X136.851 Y103.601 E1317.63607
G1 X136.85 Y107.148 E1317.75404
G1 F2700 E1312.75404
G0 F9000 X137.09 Y106.467
G0 X136.807 Y108
G0 X136.857 Y108.404
G0 X137.842 Y110.043
G0 X138.008 Y109.364
;TYPE:WALL-OUTER
G1 F2700 E1317.75404
G1 F1500 X137.657 Y109.18 E1317.76723
G1 X137.4 Y108.943 E1317.77885
G1 X137.229 Y108.697 E1317.78882
G1 F1304.3 X137.028 Y108.33 E1317.80482
G1 F1174.2 X137.001 Y107.97 E1317.82016
G1 X137.028 Y107.67 E1317.83296
G1 F1304.3 X137.229 Y107.303 E1317.84897
G1 F1500 X137.431 Y107.022 E1317.86048
G1 X137.698 Y106.792 E1317.8722
G1 X138.008 Y106.636 E1317.88374
G1 X138.325 Y106.56 E1317.89458
G1 X138.675 Y106.56 E1317.90622
G1 X138.992 Y106.636 E1317.91706
G1 X139.302 Y106.792 E1317.92861
G1 X139.569 Y107.022 E1317.94033
G1 X139.771 Y107.303 E1317.95184
G1 F1304.3 X139.972 Y107.67 E1317.96784
G1 F1176.5 X140 Y108 E1317.98189
G1 X139.971 Y108.344 E1317.99653
G1 F1304.3 X139.771 Y108.697 E1318.01205
G1 F1500 X139.569 Y108.978 E1318.02356
G1 X139.302 Y109.208 E1318.03528
G1 X138.992 Y109.364 E1318.04682
G1 X138.675 Y109.44 E1318.05766
G1 X138.325 Y109.44 E1318.0693
G1 X138.008 Y109.364 E1318.08015
G1 F2700 E1313.08015
G0 F9000 X137.842 Y110.043
G0 X136.72 Y112.53
G0 X136.451 Y112.799
G1 F2700 E1318.08015
G1 F1500 X140.55 Y112.8 E1318.21648
G1 X140.55 Y108.791 E1318.34982
G1 F1304.3 X140.49 Y108.389 E1318.36537
G1 F1176.5 X140.5 Y108 E1318.38187
G1 X140.49 Y107.639 E1318.39718
G1 F1304.3 X140.55 Y107.209 E1318.41379
G1 F1500 X140.55 Y103.2 E1318.54713
G1 X136.451 Y103.201 E1318.68346
G1 X136.45 Y107.209 E1318.81677
G1 F1304.3 X136.51 Y107.639 E1318.83337
G1 F1176.5 X136.5 Y108 E1318.84869
G1 X136.51 Y108.361 E1318.864
G1 F1304.3 X136.45 Y108.791 E1318.88061
G1 F1500 X136.451 Y112.799 E1319.01392
G0 F9000 X136.72 Y112.53
G0 X137.15 Y111.462
G0 X136.93 Y111.462
;TYPE:FILL
G1 F3000 X140.068 Y110.621 E1319.12197
G0 F9000 X140.069 Y111.242
G1 F3000 X138.74 Y109.912 E1319.18451
G1 X138.611 Y109.915
G1 X137.967 Y112.318 E1319.26725
G0 F9000 X137.967 Y112.1
G0 X139.999 Y108.786
G0 X140.143 Y108.404
G0 X140.183 Y108.076
G0 X139.916 Y106.395
G0 X139.77 Y106.56
G1 F3000 X140.068 Y106.48 E1319.27751
G0 F9000 X139.558 Y106.383
G1 F3000 X140.069 Y104.476 E1319.34318
G0 F9000 X139.85 Y104.476
G0 X139.85 Y105.585
G0 X140.069 Y105.585
G1 F3000 X138.165 Y103.68 E1319.43276
G0 F9000 X138.165 Y104.2
G1 F2700 E1314.43276
;MESH:NONMESH
G0 F300 X138.165 Y104.2 Z6.4
G0 F9000 X136.664 Y103.414
G0 X135.585 Y103.414
G0 X122.653 Y86.347
G0 X114.347 Y86.347
G0 X95.597 Y86.847
G0 X84.415 Y103.414
G0 X83.33 Y103.414
G0 X83.193 Y93
G0 X82.91 Y91.467
G0 X83.15 Y92.148
;TIME_ELAPSED:2427.881666
;LAYER:31
;TYPE:WALL-INNER
;MESH:Spacers.stl
G1 F2700 E1319.43276
G1 F1500 X83.15 Y88.6 E1319.55077
G1 X79.851 Y88.601 E1319.66049
G1 X79.85 Y92.148 E1319.77847
G1 X80.114 Y91.768 E1319.79386
G1 X80.452 Y91.468 E1319.80889
G1 X80.849 Y91.263 E1319.82375
G1 X81.28 Y91.162 E1319.83847
G1 X81.72 Y91.163 E1319.85311
G1 X82.151 Y91.263 E1319.86782
G1 X82.549 Y91.47 E1319.88274
G1 X82.887 Y91.77 E1319.89777
G1 X83.15 Y92.148 E1319.91309
G1 F2700 E1314.91309
G0 F9000 X82.676 Y91.447
G0 X83.143 Y92.596
G0 X83.15 Y127.148
G1 F2700 E1319.91309
G1 F1500 X83.15 Y93.852 E1321.02052
G1 X82.887 Y94.229 E1321.03581
G1 X82.55 Y94.53 E1321.05084
G1 X82.155 Y94.736 E1321.06565
G1 X81.727 Y94.841 E1321.08031
G1 X81.272 Y94.841 E1321.09544
G1 X80.846 Y94.736 E1321.11004
G1 X80.451 Y94.531 E1321.12484
G1 X80.114 Y94.232 E1321.13982
G1 X79.85 Y93.852 E1321.15521
G1 X79.85 Y127.148 E1322.26264
G1 X80.114 Y126.768 E1322.27803
G1 X80.451 Y126.468 E1322.29304
G1 X80.846 Y126.264 E1322.30782
G1 X81.272 Y126.159 E1322.32242
G1 X81.727 Y126.159 E1322.33755
G1 X82.155 Y126.264 E1322.35221
G1 X82.55 Y126.47 E1322.36703
G1 X82.887 Y126.771 E1322.38205
G1 X83.15 Y127.148 E1322.39734
G0 F9000 X83.193 Y128
G0 X82.978 Y132.228
G0 X83.15 Y132.4
G1 F1500 X83.15 Y128.852 E1322.51535
G1 X82.887 Y129.229 E1322.53064
G1 X82.55 Y129.53 E1322.54567
G1 X82.151 Y129.737 E1322.56062
G1 X81.72 Y129.837 E1322.57533
G1 X81.28 Y129.838 E1322.58997
G1 X80.849 Y129.737 E1322.60469
G1 X80.451 Y129.532 E1322.61958
G1 X80.114 Y129.231 E1322.63461
G1 X79.85 Y128.852 E1322.64997
G1 X79.851 Y132.399 E1322.76795
G1 X83.15 Y132.4 E1322.87767
G0 F9000 X83.55 Y132.8
;TYPE:WALL-OUTER
G1 F1500 X83.55 Y128.791 E1323.01101
G1 F1304.3 X83.49 Y128.389 E1323.02656
G1 F1176.5 X83.5 Y128 E1323.04306
G1 X83.49 Y127.639 E1323.05837
G1 F1304.3 X83.55 Y127.209 E1323.07498
G1 F1500 X83.55 Y93.791 E1324.18647
G1 F1304.3 X83.49 Y93.389 E1324.20201
G1 F1176.5 X83.5 Y93 E1324.21852
G1 X83.49 Y92.639 E1324.23383
G1 F1304.3 X83.55 Y92.209 E1324.25044
G1 F1500 X83.55 Y88.2 E1324.38378
G1 X79.451 Y88.201 E1324.52011
G1 X79.45 Y92.209 E1324.65342
G1 F1304.3 X79.51 Y92.639 E1324.67002
G1 F1176.5 X79.5 Y93 E1324.68534
G1 X79.51 Y93.361 E1324.70065
G1 F1304.3 X79.45 Y93.791 E1324.71726
G1 F1500 X79.45 Y127.209 E1325.82875
G1 F1304.3 X79.51 Y127.639 E1325.84535
G1 F1176.5 X79.5 Y128 E1325.86067
G1 X79.51 Y128.361 E1325.87598
G1 F1304.3 X79.45 Y128.791 E1325.89259
G1 F1500 X79.451 Y132.799 E1326.0259
G1 X83.55 Y132.8 E1326.16223
G1 F2700 E1321.16223
G0 F9000 X83.28 Y132.53
G0 X82.966 Y129.405
G0 X82.062 Y129.655
G0 X81.992 Y129.364
G1 F2700 E1326.16223
G1 F1500 X81.675 Y129.44 E1326.17307
G1 X81.325 Y129.44 E1326.18471
G1 X81.008 Y129.364 E1326.19555
G1 X80.657 Y129.18 E1326.20874
G1 X80.4 Y128.943 E1326.22036
G1 X80.229 Y128.697 E1326.23033
G1 F1304.3 X80.028 Y128.33 E1326.24633
G1 F1174.2 X80.001 Y127.97 E1326.26167
G1 X80.028 Y127.67 E1326.27447
G1 F1304.3 X80.229 Y127.303 E1326.29048
G1 F1500 X80.431 Y127.022 E1326.30199
G1 X80.698 Y126.792 E1326.31371
G1 X81.008 Y126.636 E1326.32525
G1 X81.299 Y126.564 E1326.33522
G1 X81.7 Y126.564 E1326.34856
G1 X81.992 Y126.636 E1326.35856
G1 X82.302 Y126.792 E1326.3701
G1 X82.569 Y127.022 E1326.38182
G1 X82.771 Y127.303 E1326.39333
G1 F1304.3 X82.972 Y127.67 E1326.40934
G1 F1176.5 X83 Y128 E1326.42338
G1 X82.971 Y128.344 E1326.43802
G1 F1304.3 X82.771 Y128.697 E1326.45354
G1 F1500 X82.569 Y128.978 E1326.46505
G1 X82.302 Y129.208 E1326.47677
G1 X81.992 Y129.364 E1326.48832
G1 F2700 E1321.48832
G0 F9000 X82.062 Y129.655
G0 X82.767 Y129.122
G0 X82.999 Y128.786
G0 X83.143 Y128.404
G0 X83.193 Y128
G0 X82.966 Y94.405
G0 X81.819 Y94.921
G0 X81.7 Y94.436
G1 F2700 E1326.48832
G1 F1500 X81.299 Y94.436 E1326.50165
G1 X81.008 Y94.364 E1326.51162
G1 X80.657 Y94.18 E1326.5248
G1 X80.4 Y93.943 E1326.53643
G1 X80.229 Y93.697 E1326.5464
G1 F1304.3 X80.028 Y93.33 E1326.5624
G1 F1174.2 X80.001 Y92.97 E1326.57774
G1 X80.028 Y92.67 E1326.59054
G1 F1304.3 X80.229 Y92.303 E1326.60654
G1 F1500 X80.431 Y92.022 E1326.61805
G1 X80.698 Y91.792 E1326.62978
G1 X81.008 Y91.636 E1326.64132
G1 X81.325 Y91.56 E1326.65216
G1 X81.675 Y91.56 E1326.6638
G1 X81.992 Y91.636 E1326.67464
G1 X82.302 Y91.792 E1326.68619
G1 X82.569 Y92.022 E1326.69791
G1 X82.771 Y92.303 E1326.70942
G1 F1304.3 X82.972 Y92.67 E1326.72542
G1 F1176.5 X83 Y93 E1326.73947
G1 X82.971 Y93.344 E1326.75411
G1 F1304.3 X82.771 Y93.697 E1326.76963
G1 F1500 X82.569 Y93.978 E1326.78114
G1 X82.302 Y94.208 E1326.79286
G1 X81.992 Y94.364 E1326.8044
G1 X81.7 Y94.436 E1326.8144
G1 F2700 E1321.8144
G0 F9000 X81.819 Y94.921
G0 X82.966 Y94.405
G0 X82.966 Y126.595
G0 X82.574 Y126.37
G0 X82.79 Y126.189
;TYPE:SKIN
G1 F2700 E1326.8144
G1 F1500 X82.267 Y125.921 E1326.83395
G1 X81.795 Y125.804 E1326.85012
G1 X81.204 Y125.804 E1326.86978
G1 X80.732 Y125.921 E1326.88595
G1 X80.212 Y126.185 E1326.90535
G1 X80.212 Y94.815 E1327.94872
G1 X80.732 Y95.079 E1327.96812
G1 X81.204 Y95.196 E1327.98429
G1 X81.794 Y95.196 E1328.00391
G1 X82.266 Y95.08 E1328.02008
G1 X82.79 Y94.812 E1328.03965
G1 X82.79 Y126.189 E1329.08326
G0 F9000 X82.419 Y125.752
G1 F1500 X82.59 Y125.582 E1329.09128
G0 F9000 X82.59 Y125.016
G1 F1500 X81.967 Y125.639 E1329.12058
G0 F9000 X81.442 Y125.598
G1 F1500 X82.59 Y124.45 E1329.17458
G0 F9000 X82.59 Y123.885
G1 F1500 X80.771 Y125.703 E1329.26012
G0 F9000 X80.412 Y125.497
G1 F1500 X82.59 Y123.319 E1329.36256
G0 F9000 X82.59 Y122.753
G1 F1500 X80.412 Y124.931 E1329.46501
G0 F9000 X80.412 Y124.365
G1 F1500 X82.59 Y122.188 E1329.56743
G0 F9000 X82.59 Y121.622
G1 F1500 X80.412 Y123.8 E1329.66988
G0 F9000 X80.412 Y123.234
G1 F1500 X82.59 Y121.056 E1329.77233
G0 F9000 X82.59 Y120.49
G1 F1500 X80.412 Y122.668 E1329.87477
G0 F9000 X80.412 Y122.103
G1 F1500 X82.59 Y119.925 E1329.97722
G0 F9000 X82.59 Y119.359
G1 F1500 X80.412 Y121.537 E1330.07966
G0 F9000 X80.412 Y120.971
G1 F1500 X82.59 Y118.793 E1330.18211
G0 F9000 X82.59 Y118.228
G1 F1500 X80.412 Y120.406 E1330.28456
G0 F9000 X80.412 Y119.84
G1 F1500 X82.59 Y117.662 E1330.387
G0 F9000 X82.59 Y117.096
G1 F1500 X80.412 Y119.274 E1330.48945
G0 F9000 X80.412 Y118.709
G1 F1500 X82.59 Y116.531 E1330.5919
G0 F9000 X82.59 Y115.965
G1 F1500 X80.412 Y118.143 E1330.69434
G0 F9000 X80.412 Y117.577
G1 F1500 X82.59 Y115.399 E1330.79679
G0 F9000 X82.59 Y114.834
G1 F1500 X80.412 Y117.012 E1330.89924
G0 F9000 X80.412 Y116.446
G1 F1500 X82.59 Y114.268 E1331.00168
G0 F9000 X82.59 Y113.702
G1 F1500 X80.412 Y115.88 E1331.10413
G0 F9000 X80.412 Y115.314
G1 F1500 X82.59 Y113.137 E1331.20655
G0 F9000 X82.59 Y112.571
G1 F1500 X80.412 Y114.749 E1331.309
G0 F9000 X80.412 Y114.183
G1 F1500 X82.59 Y112.005 E1331.41145
G0 F9000 X82.59 Y111.44
G1 F1500 X80.412 Y113.617 E1331.51387
G0 F9000 X80.412 Y113.052
G1 F1500 X82.59 Y110.874 E1331.61631
G0 F9000 X82.59 Y110.308
G1 F1500 X80.412 Y112.486 E1331.71876
G0 F9000 X80.412 Y111.92
G1 F1500 X82.59 Y109.742 E1331.82121
G0 F9000 X82.59 Y109.177
G1 F1500 X80.412 Y111.355 E1331.92365
G0 F9000 X80.412 Y110.789
G1 F1500 X82.59 Y108.611 E1332.0261
G0 F9000 X82.59 Y108.045
G1 F1500 X80.412 Y110.223 E1332.12855
G0 F9000 X80.412 Y109.658
G1 F1500 X82.59 Y107.48 E1332.23099
G0 F9000 X82.59 Y106.914
G1 F1500 X80.412 Y109.092 E1332.33344
G0 F9000 X80.412 Y108.526
G1 F1500 X82.59 Y106.348 E1332.43589
G0 F9000 X82.59 Y105.783
G1 F1500 X80.412 Y107.961 E1332.53833
G0 F9000 X80.412 Y107.395
G1 F1500 X82.59 Y105.217 E1332.64078
G0 F9000 X82.59 Y104.651
G1 F1500 X80.412 Y106.829 E1332.74323
G0 F9000 X80.412 Y106.264
G1 F1500 X82.59 Y104.086 E1332.84567
G0 F9000 X82.59 Y103.52
G1 F1500 X80.412 Y105.698 E1332.94812
G0 F9000 X80.412 Y105.132
G1 F1500 X82.59 Y102.954 E1333.05056
G0 F9000 X82.59 Y102.389
G1 F1500 X80.412 Y104.566 E1333.15299
G0 F9000 X80.412 Y104.001
G1 F1500 X82.59 Y101.823 E1333.25543
G0 F9000 X82.59 Y101.257
G1 F1500 X80.412 Y103.435 E1333.35788
G0 F9000 X80.412 Y102.869
G1 F1500 X82.59 Y100.692 E1333.4603
G0 F9000 X82.59 Y100.126
G1 F1500 X80.412 Y102.304 E1333.56275
G0 F9000 X80.412 Y101.738
G1 F1500 X82.59 Y99.56 E1333.6652
G0 F9000 X82.59 Y98.994
G1 F1500 X80.412 Y101.172 E1333.76764
G0 F9000 X80.412 Y100.607
G1 F1500 X82.59 Y98.429 E1333.87009
G0 F9000 X82.59 Y97.863
G1 F1500 X80.412 Y100.041 E1333.97254
G0 F9000 X80.412 Y99.475
G1 F1500 X82.59 Y97.297 E1334.07498
G0 F9000 X82.59 Y96.732
G1 F1500 X80.412 Y98.91 E1334.17743
G0 F9000 X80.412 Y98.344
G1 F1500 X82.59 Y96.166 E1334.27988
G0 F9000 X82.59 Y95.6
G1 F1500 X80.412 Y97.778 E1334.38232
G0 F9000 X80.412 Y97.213
G1 F1500 X82.363 Y95.261 E1334.47411
G0 F9000 X81.659 Y95.4
G1 F1500 X80.412 Y96.647 E1334.53277
G0 F9000 X80.412 Y96.081
G1 F1500 X81.113 Y95.38 E1334.56574
G0 F9000 X80.661 Y95.267
G1 F1500 X80.412 Y95.515 E1334.57743
G0 F9000 X79.951 Y95.515
G0 X80.035 Y94.407
G0 X81.296 Y94.68
G0 X81.704 Y94.68
G0 X82.1 Y94.583
G0 X82.461 Y94.393
G0 X82.767 Y94.122
G0 X82.999 Y93.786
G0 X83.143 Y93.404
G0 X83.193 Y93
G0 X83.153 Y92.672
G0 X82.611 Y91.389
G0 X82.79 Y91.188
G1 F1500 X82.284 Y90.923 E1334.59643
G1 X81.76 Y90.805 E1334.61429
G1 X81.24 Y90.804 E1334.63159
G1 X80.692 Y90.935 E1334.65033
G1 X80.212 Y91.186 E1334.66834
G1 X80.211 Y88.961 E1334.74235
G1 X82.79 Y88.961 E1334.82813
G1 X82.79 Y91.188 E1334.9022
G0 F9000 X82.365 Y90.734
G1 F1500 X82.59 Y90.509 E1334.91278
G0 F9000 X82.59 Y89.943
G1 F1500 X81.902 Y90.631 E1334.94514
G0 F9000 X81.363 Y90.604
G1 F1500 X82.59 Y89.378 E1335.00283
G0 F9000 X82.242 Y89.16
G1 F1500 X80.675 Y90.727 E1335.07654
G0 F9000 X80.41 Y90.426
G1 F1500 X81.676 Y89.16 E1335.13609
G0 F9000 X81.11 Y89.16
G1 F1500 X80.41 Y89.86 E1335.16901
G0 F9000 X80.41 Y89.294
G1 F1500 X80.545 Y89.16 E1335.17534
G1 F2700 E1330.17534
G0 F9000 X80.545 Y88.7
G0 X80.023 Y88.773
G0 X79.807 Y93
G0 X79.857 Y93.404
G0 X80.001 Y93.786
G0 X80.863 Y94.906
G0 X82.966 Y94.405
G0 X83.193 Y128
G0 X82.978 Y132.228
G0 X82.79 Y132.039
G1 F2700 E1335.17534
G1 F1500 X80.211 Y132.039 E1335.26112
G1 X80.212 Y129.815 E1335.33509
G1 X80.692 Y130.065 E1335.35309
G1 X81.24 Y130.196 E1335.37183
G1 X81.76 Y130.195 E1335.38912
G1 X82.284 Y130.077 E1335.40699
G1 X82.79 Y129.812 E1335.42599
G1 X82.79 Y132.039 E1335.50006
G0 F9000 X81.99 Y131.838
G1 F1500 X82.59 Y131.239 E1335.52826
G0 F9000 X82.59 Y130.673
G1 F1500 X81.424 Y131.838 E1335.58308
G0 F9000 X80.859 Y131.838
G1 F1500 X82.452 Y130.244 E1335.65803
G1 X82.453 Y130.244
G1 X82.526 Y130.171 E1335.66146
G0 F9000 X81.738 Y130.394
G1 F1500 X80.411 Y131.72 E1335.72386
G0 F9000 X80.412 Y131.154
G1 F1500 X81.18 Y130.386 E1335.75998
G0 F9000 X80.718 Y130.282
G1 F1500 X80.412 Y130.587 E1335.77435
G1 F2700 E1330.77435
G0 F9000 X79.951 Y130.587
G0 X80.023 Y132.227
G0 X82.978 Y132.228
G0 X83.33 Y131.799
G0 X84.415 Y131.799
G0 X95.585 Y131.799
G0 X100.15 Y131.9
;TYPE:WALL-INNER
G1 F2700 E1335.77435
G1 F1500 X100.15 Y128.352 E1335.89236
G1 X99.887 Y128.729 E1335.90765
G1 X99.55 Y129.03 E1335.92268
G1 X99.151 Y129.237 E1335.93763
G1 X98.72 Y129.337 E1335.95234
G1 X98.28 Y129.338 E1335.96698
G1 X97.849 Y129.237 E1335.9817
G1 X97.451 Y129.032 E1335.99659
G1 X97.114 Y128.731 E1336.01162
G1 X96.85 Y128.352 E1336.02698
G1 X96.851 Y131.899 E1336.14496
G1 X100.15 Y131.9 E1336.25468
G0 F9000 X99.849 Y131.799
G0 X100.172 Y127.923
G0 X100.15 Y126.648
G1 F1500 X100.15 Y93.352 E1337.36211
G1 X99.887 Y93.729 E1337.3774
G1 X99.55 Y94.03 E1337.39243
G1 X99.155 Y94.236 E1337.40725
G1 X98.727 Y94.341 E1337.4219
G1 X98.272 Y94.341 E1337.43704
G1 X97.846 Y94.236 E1337.45163
G1 X97.451 Y94.031 E1337.46643
G1 X97.114 Y93.732 E1337.48142
G1 X96.85 Y93.352 E1337.49681
G1 X96.85 Y126.648 E1338.60424
G1 X97.114 Y126.268 E1338.61962
G1 X97.451 Y125.968 E1338.63463
G1 X97.846 Y125.764 E1338.64942
G1 X98.272 Y125.659 E1338.66401
G1 X98.727 Y125.659 E1338.67914
G1 X99.155 Y125.764 E1338.6938
G1 X99.55 Y125.97 E1338.70862
G1 X99.887 Y126.271 E1338.72365
G1 X100.15 Y126.648 E1338.73894
G1 F2700 E1333.73894
G0 F9000 X100.193 Y92.5
G0 X100.153 Y92.172
G0 X99.676 Y90.947
G0 X100.15 Y91.648
G1 F2700 E1338.73894
G1 F1500 X100.15 Y88.1 E1338.85694
G1 X96.851 Y88.101 E1338.96667
G1 X96.85 Y91.648 E1339.08464
G1 X97.114 Y91.268 E1339.10003
G1 X97.452 Y90.968 E1339.11506
G1 X97.849 Y90.763 E1339.12992
G1 X98.28 Y90.662 E1339.14465
G1 X98.72 Y90.663 E1339.15928
G1 X99.151 Y90.763 E1339.174
G1 X99.549 Y90.97 E1339.18892
G1 X99.887 Y91.27 E1339.20395
G1 X100.15 Y91.648 E1339.21927
G1 F2700 E1334.21927
G0 F9000 X99.676 Y90.947
G0 X100.143 Y92.096
G0 X100.193 Y92.5
G0 X100.143 Y92.904
G0 X99.999 Y93.286
G0 X99.811 Y93.558
G0 X98.819 Y94.421
G0 X98.7 Y93.936
;TYPE:WALL-OUTER
G1 F2700 E1339.21927
G1 F1500 X98.299 Y93.936 E1339.2326
G1 X98.008 Y93.864 E1339.24257
G1 X97.657 Y93.68 E1339.25575
G1 X97.4 Y93.443 E1339.26738
G1 X97.229 Y93.197 E1339.27735
G1 F1304.3 X97.028 Y92.83 E1339.29335
G1 F1174.2 X97.001 Y92.47 E1339.30869
G1 X97.028 Y92.17 E1339.32149
G1 F1304.3 X97.229 Y91.803 E1339.33749
G1 F1500 X97.431 Y91.522 E1339.349
G1 X97.698 Y91.292 E1339.36073
G1 X98.008 Y91.136 E1339.37227
G1 X98.325 Y91.06 E1339.38311
G1 X98.675 Y91.06 E1339.39475
G1 X98.992 Y91.136 E1339.40559
G1 X99.302 Y91.292 E1339.41714
G1 X99.569 Y91.522 E1339.42886
G1 X99.771 Y91.803 E1339.44037
G1 F1304.3 X99.972 Y92.17 E1339.45637
G1 F1176.5 X100 Y92.5 E1339.47042
G1 X99.971 Y92.844 E1339.48506
G1 F1304.3 X99.771 Y93.197 E1339.50058
G1 F1500 X99.569 Y93.478 E1339.51209
G1 X99.302 Y93.708 E1339.52381
G1 X98.992 Y93.864 E1339.53535
G1 X98.7 Y93.936 E1339.54535
G1 F2700 E1334.54535
G0 F9000 X98.819 Y94.421
G0 X99.966 Y93.905
G0 X100.193 Y127.5
G0 X100.143 Y127.904
G0 X100.013 Y128.248
G0 X99.183 Y129.333
G0 X98.675 Y128.94
G1 F2700 E1339.54535
G1 F1500 X98.325 Y128.94 E1339.55699
G1 X98.008 Y128.864 E1339.56784
G1 X97.657 Y128.68 E1339.58102
G1 X97.4 Y128.443 E1339.59264
G1 X97.229 Y128.197 E1339.60261
G1 F1304.3 X97.028 Y127.83 E1339.61861
G1 F1174.2 X97.001 Y127.47 E1339.63395
G1 X97.028 Y127.17 E1339.64675
G1 F1304.3 X97.229 Y126.803 E1339.66276
G1 F1500 X97.431 Y126.522 E1339.67427
G1 X97.698 Y126.292 E1339.68599
G1 X98.008 Y126.136 E1339.69753
G1 X98.299 Y126.064 E1339.7075
G1 X98.7 Y126.064 E1339.72084
G1 X98.992 Y126.136 E1339.73084
G1 X99.302 Y126.292 E1339.74238
G1 X99.569 Y126.522 E1339.7541
G1 X99.771 Y126.803 E1339.76561
G1 F1304.3 X99.972 Y127.17 E1339.78162
G1 F1176.5 X100 Y127.5 E1339.79566
G1 X99.971 Y127.844 E1339.8103
G1 F1304.3 X99.771 Y128.197 E1339.82582
G1 F1500 X99.569 Y128.478 E1339.83733
G1 X99.302 Y128.708 E1339.84905
G1 X98.992 Y128.864 E1339.8606
G1 X98.675 Y128.94 E1339.87144
G1 F2700 E1334.87144
G0 F9000 X99.183 Y129.333
G0 X99.966 Y128.905
G0 X100.28 Y132.03
G0 X100.55 Y132.3
G1 F2700 E1339.87144
G1 F1500 X100.55 Y128.291 E1340.00478
G1 F1304.3 X100.49 Y127.889 E1340.02032
G1 F1176.5 X100.5 Y127.5 E1340.03683
G1 X100.49 Y127.139 E1340.05214
G1 F1304.3 X100.55 Y126.709 E1340.06875
G1 F1500 X100.55 Y93.291 E1341.18023
G1 F1304.3 X100.49 Y92.889 E1341.19578
G1 F1176.5 X100.5 Y92.5 E1341.21228
G1 X100.49 Y92.139 E1341.2276
G1 F1304.3 X100.55 Y91.709 E1341.2442
G1 F1500 X100.55 Y87.7 E1341.37754
G1 X96.451 Y87.701 E1341.51388
G1 X96.45 Y91.709 E1341.64718
G1 F1304.3 X96.51 Y92.139 E1341.66379
G1 F1176.5 X96.5 Y92.5 E1341.6791
G1 X96.51 Y92.861 E1341.69442
G1 F1304.3 X96.45 Y93.291 E1341.71103
G1 F1500 X96.45 Y126.709 E1342.82251
G1 F1304.3 X96.51 Y127.139 E1342.83912
G1 F1176.5 X96.5 Y127.5 E1342.85443
G1 X96.51 Y127.861 E1342.86975
G1 F1304.3 X96.45 Y128.291 E1342.88636
G1 F1500 X96.451 Y132.299 E1343.01966
G1 X100.55 Y132.3 E1343.156
G0 F9000 X100.28 Y132.03
G0 X99.788 Y131.799
G0 X99.79 Y131.539
;TYPE:SKIN
G1 F1500 X97.211 Y131.539 E1343.24177
G1 X97.212 Y129.315 E1343.31574
G1 X97.692 Y129.565 E1343.33374
G1 X98.24 Y129.696 E1343.35248
G1 X98.76 Y129.695 E1343.36978
G1 X99.284 Y129.577 E1343.38764
G1 X99.79 Y129.312 E1343.40664
G1 X99.79 Y131.539 E1343.48071
G0 F9000 X99.461 Y131.338
G1 F1500 X99.59 Y131.209 E1343.48678
G0 F9000 X99.59 Y130.643
G1 F1500 X98.895 Y131.338 E1343.51947
G0 F9000 X98.33 Y131.338
G1 F1500 X99.59 Y130.077 E1343.57876
G0 F9000 X99.331 Y129.771
G1 F1500 X97.764 Y131.338 E1343.65247
G0 F9000 X97.411 Y131.125
G1 F1500 X98.642 Y129.894 E1343.71037
G0 F9000 X98.101 Y129.869
G1 F1500 X97.412 Y130.558 E1343.74278
G0 F9000 X97.413 Y129.992
G1 F1500 X97.64 Y129.765 E1343.75346
G0 F9000 X97.808 Y129.331
G0 X99.1 Y129.083
G0 X99.461 Y128.893
G0 X99.767 Y128.622
G0 X99.999 Y128.286
G0 X100.143 Y127.904
G0 X100.193 Y127.5
G0 X100.143 Y127.096
G0 X99.574 Y125.87
G0 X99.79 Y125.689
G1 F1500 X99.267 Y125.421 E1343.773
G1 X98.795 Y125.304 E1343.78918
G1 X98.204 Y125.304 E1343.80883
G1 X97.732 Y125.421 E1343.82501
G1 X97.212 Y125.685 E1343.8444
G1 X97.212 Y94.315 E1344.88777
G1 X97.732 Y94.579 E1344.90717
G1 X98.204 Y94.696 E1344.92334
G1 X98.794 Y94.696 E1344.94297
G1 X99.266 Y94.58 E1344.95913
G1 X99.79 Y94.312 E1344.97871
G1 X99.79 Y125.689 E1346.02231
G0 F9000 X99.343 Y125.233
G1 F1500 X99.589 Y124.987 E1346.03388
G0 F9000 X99.589 Y124.421
G1 F1500 X98.891 Y125.12 E1346.06674
G0 F9000 X98.347 Y125.098
G1 F1500 X99.589 Y123.856 E1346.12516
G0 F9000 X99.589 Y123.29
G1 F1500 X97.645 Y125.234 E1346.2166
G0 F9000 X97.411 Y124.902
G1 F1500 X99.589 Y122.724 E1346.31905
G0 F9000 X99.589 Y122.159
G1 F1500 X97.411 Y124.336 E1346.42147
G0 F9000 X97.411 Y123.771
G1 F1500 X99.589 Y121.593 E1346.52391
G0 F9000 X99.589 Y121.027
G1 F1500 X97.411 Y123.205 E1346.62636
G0 F9000 X97.411 Y122.639
G1 F1500 X99.589 Y120.462 E1346.72878
G0 F9000 X99.589 Y119.896
G1 F1500 X97.411 Y122.074 E1346.83123
G0 F9000 X97.411 Y121.508
G1 F1500 X99.589 Y119.33 E1346.93368
G0 F9000 X99.589 Y118.764
G1 F1500 X97.411 Y120.942 E1347.03612
G0 F9000 X97.411 Y120.377
G1 F1500 X99.589 Y118.199 E1347.13857
G0 F9000 X99.589 Y117.633
G1 F1500 X97.411 Y119.811 E1347.24102
G0 F9000 X97.411 Y119.245
G1 F1500 X99.589 Y117.067 E1347.34346
G0 F9000 X99.589 Y116.502
G1 F1500 X97.411 Y118.68 E1347.44591
G0 F9000 X97.411 Y118.114
G1 F1500 X99.589 Y115.936 E1347.54836
G0 F9000 X99.589 Y115.37
G1 F1500 X97.411 Y117.548 E1347.6508
G0 F9000 X97.411 Y116.983
G1 F1500 X99.589 Y114.805 E1347.75325
G0 F9000 X99.589 Y114.239
G1 F1500 X97.411 Y116.417 E1347.85569
G0 F9000 X97.411 Y115.851
G1 F1500 X99.589 Y113.673 E1347.95814
G0 F9000 X99.589 Y113.108
G1 F1500 X97.411 Y115.285 E1348.06056
G0 F9000 X97.411 Y114.72
G1 F1500 X99.589 Y112.542 E1348.16301
G0 F9000 X99.589 Y111.976
G1 F1500 X97.411 Y114.154 E1348.26546
G0 F9000 X97.411 Y113.588
G1 F1500 X99.589 Y111.411 E1348.36788
G0 F9000 X99.589 Y110.845
G1 F1500 X97.411 Y113.023 E1348.47033
G0 F9000 X97.411 Y112.457
G1 F1500 X99.589 Y110.279 E1348.57277
G0 F9000 X99.589 Y109.713
G1 F1500 X97.411 Y111.891 E1348.67522
G0 F9000 X97.411 Y111.326
G1 F1500 X99.589 Y109.148 E1348.77767
G0 F9000 X99.589 Y108.582
G1 F1500 X97.411 Y110.76 E1348.88011
G0 F9000 X97.411 Y110.194
G1 F1500 X99.589 Y108.016 E1348.98256
G0 F9000 X99.589 Y107.451
G1 F1500 X97.411 Y109.629 E1349.08501
G0 F9000 X97.411 Y109.063
G1 F1500 X99.589 Y106.885 E1349.18745
G0 F9000 X99.589 Y106.319
G1 F1500 X97.411 Y108.497 E1349.2899
G0 F9000 X97.411 Y107.932
G1 F1500 X99.589 Y105.754 E1349.39234
G0 F9000 X99.589 Y105.188
G1 F1500 X97.411 Y107.366 E1349.49479
G0 F9000 X97.411 Y106.8
G1 F1500 X99.589 Y104.622 E1349.59724
G0 F9000 X99.589 Y104.057
G1 F1500 X97.411 Y106.235 E1349.69968
G0 F9000 X97.411 Y105.669
G1 F1500 X99.589 Y103.491 E1349.80213
G0 F9000 X99.589 Y102.925
G1 F1500 X97.411 Y105.103 E1349.90458
G0 F9000 X97.411 Y104.537
G1 F1500 X99.589 Y102.36 E1350.007
G0 F9000 X99.589 Y101.794
G1 F1500 X97.411 Y103.972 E1350.10945
G0 F9000 X97.411 Y103.406
G1 F1500 X99.589 Y101.228 E1350.21189
G0 F9000 X99.589 Y100.663
G1 F1500 X97.411 Y102.84 E1350.31432
G0 F9000 X97.411 Y102.275
G1 F1500 X99.589 Y100.097 E1350.41676
G0 F9000 X99.589 Y99.531
G1 F1500 X97.411 Y101.709 E1350.51921
G0 F9000 X97.411 Y101.143
G1 F1500 X99.589 Y98.965 E1350.62165
G0 F9000 X99.589 Y98.4
G1 F1500 X97.411 Y100.578 E1350.7241
G0 F9000 X97.411 Y100.012
G1 F1500 X99.589 Y97.834 E1350.82655
G0 F9000 X99.589 Y97.268
G1 F1500 X97.411 Y99.446 E1350.92899
G0 F9000 X97.411 Y98.881
G1 F1500 X99.589 Y96.703 E1351.03144
G0 F9000 X99.589 Y96.137
G1 F1500 X97.411 Y98.315 E1351.13389
G0 F9000 X97.411 Y97.749
G1 F1500 X99.589 Y95.571 E1351.23633
G0 F9000 X99.589 Y95.006
G1 F1500 X97.411 Y97.184 E1351.33878
G0 F9000 X97.411 Y96.618
G1 F1500 X99.238 Y94.791 E1351.42472
G0 F9000 X98.563 Y94.9
G1 F1500 X97.411 Y96.052 E1351.4789
G0 F9000 X97.411 Y95.486
G1 F1500 X98.037 Y94.861 E1351.50832
G0 F9000 X97.584 Y94.748
G1 F1500 X97.411 Y94.921 E1351.51646
G0 F9000 X96.951 Y94.921
G0 X97.035 Y93.907
G0 X98.296 Y94.18
G0 X98.704 Y94.18
G0 X99.1 Y94.083
G0 X99.461 Y93.893
G0 X99.767 Y93.622
G0 X99.999 Y93.286
G0 X100.143 Y92.904
G0 X100.193 Y92.5
G0 X100.153 Y92.172
G0 X99.611 Y90.889
G0 X99.79 Y90.688
G1 F1500 X99.284 Y90.423 E1351.53546
G1 X98.76 Y90.305 E1351.55332
G1 X98.24 Y90.304 E1351.57062
G1 X97.692 Y90.435 E1351.58936
G1 X97.212 Y90.686 E1351.60738
G1 X97.211 Y88.461 E1351.68138
G1 X99.79 Y88.461 E1351.76716
G1 X99.79 Y90.688 E1351.84123
G0 F9000 X99.286 Y90.218
G1 F1500 X99.588 Y89.915 E1351.85546
G0 F9000 X99.588 Y89.35
G1 F1500 X98.823 Y90.115 E1351.89144
G0 F9000 X98.268 Y90.104
G1 F1500 X99.588 Y88.784 E1351.95353
G0 F9000 X99.146 Y88.66
G1 F1500 X97.551 Y90.255 E1352.02855
G1 X97.551 Y90.256
G1 X97.484 Y90.322 E1352.03168
G0 F9000 X97.41 Y89.831
G1 F1500 X98.581 Y88.66 E1352.08676
G0 F9000 X98.015 Y88.66
G1 F1500 X97.41 Y89.265 E1352.11522
G1 F2700 E1347.11522
G0 F9000 X96.951 Y89.265
G0 X97.035 Y91.093
G0 X98.296 Y90.82
G0 X98.704 Y90.82
G0 X99.1 Y90.917
G0 X99.461 Y91.107
G0 X99.767 Y91.378
G0 X99.999 Y91.714
G0 X100.116 Y92.024
G0 X100.33 Y93.939
G0 X116.974 Y93.348
G0 X118.272 Y93.841
;TYPE:WALL-INNER
G1 F2700 E1352.11522
G1 F1500 X117.843 Y93.735 E1352.12992
G1 X117.448 Y93.529 E1352.14473
G1 X117.109 Y93.226 E1352.15986
G1 X116.857 Y92.861 E1352.17461
G1 X116.7 Y92.445 E1352.1894
G1 X116.651 Y92 E1352.20429
G1 X116.699 Y91.558 E1352.21907
G1 X116.857 Y91.139 E1352.23397
G1 X117.109 Y90.774 E1352.24872
G1 X117.449 Y90.47 E1352.26389
G1 X117.847 Y90.264 E1352.2788
G1 X118.244 Y90.167 E1352.29239
G1 X118.723 Y90.158 E1352.30832
G1 X119.155 Y90.265 E1352.32312
G1 X119.554 Y90.473 E1352.33809
G1 X119.891 Y90.774 E1352.35312
G1 X120.142 Y91.137 E1352.3678
G1 X120.302 Y91.561 E1352.38287
G1 X120.35 Y92 E1352.39756
G1 X120.302 Y92.437 E1352.41218
G1 X120.142 Y92.862 E1352.42729
G1 X119.891 Y93.226 E1352.44199
G1 X119.555 Y93.526 E1352.45697
G1 X119.158 Y93.735 E1352.4719
G1 X118.727 Y93.841 E1352.48666
G1 X118.272 Y93.841 E1352.50179
G1 F2700 E1347.50179
G0 F9000 X118.248 Y93.939
G0 X118.254 Y124.979
G0 X118.278 Y128.842
G1 F2700 E1352.50179
G1 F1500 X117.846 Y128.736 E1352.51659
G1 X117.449 Y128.53 E1352.53146
G1 X117.109 Y128.226 E1352.54663
G1 X116.857 Y127.861 E1352.56138
G1 X116.7 Y127.445 E1352.57617
G1 X116.651 Y127 E1352.59106
G1 X116.699 Y126.558 E1352.60585
G1 X116.857 Y126.139 E1352.62074
G1 X117.109 Y125.774 E1352.6355
G1 X117.448 Y125.471 E1352.65062
G1 X117.843 Y125.265 E1352.66544
G1 X118.272 Y125.159 E1352.68013
G1 X118.727 Y125.159 E1352.69527
G1 X119.157 Y125.265 E1352.71
G1 X119.555 Y125.474 E1352.72495
G1 X119.891 Y125.774 E1352.73993
G1 X120.142 Y126.137 E1352.75461
G1 X120.302 Y126.561 E1352.76968
G1 X120.35 Y127 E1352.78437
G1 X120.302 Y127.437 E1352.79899
G1 X120.142 Y127.862 E1352.8141
G1 X119.891 Y128.226 E1352.8288
G1 X119.554 Y128.527 E1352.84383
G1 X119.154 Y128.736 E1352.85884
G1 X118.756 Y128.833 E1352.87247
G1 X118.278 Y128.842 E1352.88837
G1 F2700 E1347.88837
G0 F9000 X118.254 Y128.94
G0 X117.342 Y128.677
G0 X115.801 Y128.677
G0 X115.601 Y131.399
G1 F2700 E1352.88837
G1 F1500 X121.4 Y131.4 E1353.08124
G1 X121.4 Y87.6 E1354.53804
G1 X115.601 Y87.601 E1354.73091
G1 X115.601 Y131.399 E1356.18764
G0 F9000 X115.201 Y131.799
;TYPE:WALL-OUTER
G1 F1500 X121.8 Y131.8 E1356.40712
G1 X121.8 Y87.2 E1357.89053
G1 X115.201 Y87.201 E1358.11001
G1 X115.201 Y131.799 E1359.59334
G1 F2700 E1354.59334
G0 F9000 X115.47 Y131.53
G0 X118.178 Y131.219
G0 X118.25 Y129.022
G0 X118.299 Y128.436
G1 F2700 E1359.59334
G1 F1500 X118.008 Y128.364 E1359.60332
G1 X117.657 Y128.18 E1359.6165
G1 X117.4 Y127.943 E1359.62812
G1 X117.206 Y127.653 E1359.63973
G1 X117.089 Y127.334 E1359.65103
G1 X117.051 Y127 E1359.66221
G1 X117.099 Y126.63 E1359.67462
G1 X117.229 Y126.303 E1359.68632
G1 X117.431 Y126.022 E1359.69783
G1 X117.698 Y125.792 E1359.70956
G1 X118.008 Y125.636 E1359.7211
G1 X118.299 Y125.564 E1359.73107
G1 X118.7 Y125.564 E1359.74441
G1 X118.992 Y125.636 E1359.75441
G1 X119.343 Y125.82 E1359.76759
G1 X119.6 Y126.057 E1359.77922
G1 X119.794 Y126.347 E1359.79082
G1 X119.912 Y126.677 E1359.80248
G1 X119.95 Y127 E1359.8133
G1 X119.911 Y127.334 E1359.82448
G1 X119.771 Y127.697 E1359.83742
G1 X119.569 Y127.978 E1359.84893
G1 X119.302 Y128.208 E1359.86065
G1 X118.992 Y128.364 E1359.87219
G1 X118.687 Y128.439 E1359.88264
G1 X118.299 Y128.436 E1359.89555
G1 F2700 E1354.89555
G0 F9000 X118.18 Y128.922
G0 X117.233 Y128.122
G0 X117.001 Y127.786
G0 X116.857 Y127.404
G0 X116.807 Y127
G0 X116.857 Y126.596
G0 X117.001 Y126.214
G0 X118.25 Y124.978
G0 X118.25 Y94.022
G0 X118.299 Y93.436
G1 F2700 E1359.89555
G1 F1500 X118.008 Y93.364 E1359.90552
G1 X117.657 Y93.18 E1359.9187
G1 X117.4 Y92.943 E1359.93033
G1 X117.206 Y92.653 E1359.94193
G1 X117.089 Y92.334 E1359.95323
G1 X117.051 Y92 E1359.96441
G1 X117.099 Y91.63 E1359.97682
G1 X117.229 Y91.303 E1359.98852
G1 X117.431 Y91.022 E1360.00004
G1 X117.698 Y90.792 E1360.01176
G1 X118.008 Y90.636 E1360.0233
G1 X118.313 Y90.561 E1360.03375
G1 X118.701 Y90.564 E1360.04665
G1 X118.992 Y90.636 E1360.05662
G1 X119.343 Y90.82 E1360.0698
G1 X119.6 Y91.057 E1360.08143
G1 X119.794 Y91.347 E1360.09303
G1 X119.912 Y91.677 E1360.10469
G1 X119.95 Y92 E1360.11551
G1 X119.911 Y92.334 E1360.12669
G1 X119.771 Y92.697 E1360.13963
G1 X119.569 Y92.978 E1360.15114
G1 X119.302 Y93.208 E1360.16286
G1 X118.992 Y93.364 E1360.17441
G1 X118.7 Y93.436 E1360.18441
G1 X118.299 Y93.436 E1360.19775
G1 F2700 E1355.19775
G0 F9000 X118.18 Y93.922
G0 X115.801 Y94.022
G0 X115.961 Y131.039
;TYPE:SKIN
G1 F2700 E1360.19775
G1 F1515.2 X115.958 Y127.625 E1360.31016
G1 F1583.1 X115.943 Y127 E1360.32986
G1 F1570.7 X115.962 Y125.89 E1360.36513
G1 F1507.5 X115.96 Y109.257 E1360.91558
G1 F1522.8 X115.958 Y92.624 E1361.46049
G1 F1583.1 X115.943 Y92 E1361.48016
G1 F1570.7 X115.962 Y90.89 E1361.51543
G1 F1500 X115.961 Y87.961 E1361.61285
G1 X121.04 Y87.96 E1361.78177
G1 F1515.2 X121.044 Y91.479 E1361.89765
G1 F1583.1 X121.058 Y92 E1361.91407
G1 F1587.3 X121.044 Y92.518 E1361.93036
G1 F1530.6 X121.044 Y126.479 E1363.03731
G1 F1583.1 X121.058 Y127 E1363.05374
G1 F1587.3 X121.044 Y127.518 E1363.07003
G1 F1515.2 X121.04 Y131.039 E1363.18596
G1 F1500 X115.961 Y131.039 E1363.35489
G1 F2700 E1358.35489
G0 F9000 X115.701 Y131.039
G0 X118.264 Y131.219
G0 X118.264 Y129.021
G0 X118.204 Y129.196
G1 F2700 E1363.35489
G1 F1500 X118.775 Y129.199 E1363.37388
G1 X119.267 Y129.08 E1363.39072
G1 X119.735 Y128.843 E1363.40817
G1 X120.175 Y128.448 E1363.42783
G1 X120.474 Y128.004 E1363.44564
G1 F1515.2 X120.654 Y127.51 E1363.46295
G1 F1583.1 X120.692 Y126.98 E1363.4797
G1 X120.652 Y126.5 E1363.49487
G1 F1515.2 X120.476 Y125.997 E1363.51242
G1 F1500 X120.175 Y125.551 E1363.53032
G1 X119.779 Y125.189 E1363.54816
G1 X119.263 Y124.92 E1363.56752
G1 X118.796 Y124.804 E1363.58352
G1 X118.204 Y124.804 E1363.60321
G1 X117.734 Y124.92 E1363.61931
G1 X117.223 Y125.187 E1363.63849
G1 X116.824 Y125.553 E1363.6565
G1 X116.549 Y125.951 E1363.67259
G1 F1542.4 X116.348 Y126.475 E1363.69074
G1 F1612.9 X116.309 Y126.981 E1363.70644
G1 F1578.9 X116.349 Y127.527 E1363.72374
G1 F1511.3 X116.527 Y128.007 E1363.74064
G1 F1500 X116.824 Y128.447 E1363.75829
G1 X117.223 Y128.813 E1363.7763
G1 X117.689 Y129.063 E1363.79389
G1 X118.204 Y129.196 E1363.81158
G1 F2700 E1358.81158
G0 F9000 X118.266 Y128.943
G0 X117.233 Y128.122
G0 X117.001 Y127.786
G0 X116.857 Y127.404
G0 X116.807 Y127
G0 X116.857 Y126.596
G0 X117.001 Y126.214
G0 X117.189 Y125.942
G0 X118.266 Y124.979
G0 X118.266 Y94.021
G0 X118.204 Y94.196
G1 F2700 E1363.81158
G1 F1500 X118.796 Y94.196 E1363.83127
G1 X119.263 Y94.08 E1363.84728
G1 X119.779 Y93.811 E1363.86663
G1 X120.175 Y93.448 E1363.8845
G1 X120.474 Y93.004 E1363.9023
G1 F1515.2 X120.654 Y92.51 E1363.91961
G1 F1583.1 X120.692 Y91.98 E1363.93636
G1 X120.652 Y91.5 E1363.95154
G1 F1515.2 X120.476 Y90.997 E1363.96909
G1 F1500 X120.175 Y90.551 E1363.98698
G1 X119.736 Y90.159 E1364.00656
G1 X119.311 Y89.937 E1364.0225
G1 X118.796 Y89.804 E1364.0402
G1 X118.225 Y89.801 E1364.05919
G1 X117.732 Y89.92 E1364.07606
G1 X117.266 Y90.157 E1364.09344
G1 X116.824 Y90.553 E1364.11318
G1 X116.549 Y90.951 E1364.12927
G1 F1542.4 X116.348 Y91.475 E1364.14743
G1 F1612.9 X116.309 Y91.981 E1364.16312
G1 F1578.9 X116.349 Y92.527 E1364.18042
G1 F1511.3 X116.527 Y93.007 E1364.19732
G1 F1500 X116.824 Y93.447 E1364.21498
G1 X117.223 Y93.813 E1364.23299
G1 X117.689 Y94.063 E1364.25057
G1 X118.204 Y94.196 E1364.26827
G1 F2700 E1359.26827
G0 F9000 X118.266 Y93.943
G0 X117.233 Y93.122
G0 X117.001 Y92.786
G0 X116.857 Y92.404
G0 X116.807 Y92
G0 X116.857 Y91.596
G0 X117.001 Y91.214
G0 X117.373 Y90.755
G0 X117.265 Y90.366
G0 X115.801 Y90.366
G0 X116.16 Y88.617
G1 F2700 E1364.26827
G1 F1500 X116.617 Y88.16 E1364.28976
G0 F9000 X117.183 Y88.16
G1 F1500 X116.16 Y89.183 E1364.33788
G0 F9000 X116.161 Y89.748
G1 F1500 X117.748 Y88.16 E1364.41255
G0 F9000 X118.314 Y88.16
G1 F1500 X116.216 Y90.258 E1364.51123
G0 F9000 X116.606 Y90.434
G1 F1500 X116.161 Y90.879 E1364.53217
G0 F9000 X116.607 Y90.433
G1 F1500 X118.88 Y88.159 E1364.6391
G0 F9000 X119.446 Y88.159
G1 F1500 X117.942 Y89.663 E1364.70985
G0 F9000 X118.571 Y89.601
G1 F1500 X120.012 Y88.159 E1364.77765
G0 F9000 X120.577 Y88.159
G1 F1500 X119.072 Y89.665 E1364.84847
G0 F9000 X119.496 Y89.807
G1 F1500 X120.839 Y88.464 E1364.91164
G0 F9000 X120.841 Y89.028
G1 F1500 X119.867 Y90.001 E1364.95743
G0 F9000 X120.165 Y90.269
G1 F1500 X120.841 Y89.593 E1364.98922
G0 F9000 X120.842 Y90.158
G1 F1500 X120.694 Y90.306 E1364.99619
G1 X120.693 Y90.306
G1 X120.43 Y90.569 E1365.00856
G0 F9000 X120.657 Y90.909
G1 F1500 X120.843 Y90.722 E1365.01733
G1 F2700 E1360.01733
G0 F9000 X120.237 Y91.104
G0 X120.479 Y92.479
G0 X121.2 Y92.479
G0 X120.841 Y92.988
G1 F2700 E1365.01733
G1 F1500 X120.498 Y93.33 E1365.03344
G0 F9000 X120.838 Y93.555
G1 F1500 X120.695 Y93.699 E1365.04019
G1 X120.694 Y93.7
G1 X116.162 Y98.232 E1365.25336
G0 F9000 X116.162 Y97.667
G1 F1500 X119.793 Y94.035 E1365.42417
G0 F9000 X118.883 Y94.379
G1 F1500 X116.162 Y97.101 E1365.55219
G0 F9000 X116.162 Y96.535
G1 F1500 X118.296 Y94.4 E1365.65259
G0 F9000 X117.823 Y94.308
G1 F1500 X116.162 Y95.969 E1365.73071
G0 F9000 X116.162 Y95.404
G1 F1500 X117.419 Y94.147 E1365.78984
G0 F9000 X117.062 Y93.938
G1 F1500 X116.162 Y94.838 E1365.83217
G0 F9000 X116.162 Y94.272
G1 F1500 X116.764 Y93.67 E1365.86049
G0 F9000 X116.514 Y93.354
G1 F1500 X116.161 Y93.707 E1365.87709
G0 F9000 X116.161 Y93.142
G1 F1500 X116.309 Y92.994 E1365.88405
G1 F2700 E1360.88405
G0 F9000 X116.779 Y92.924
G0 X117.9 Y93.583
G0 X118.296 Y93.68
G0 X118.626 Y93.68
G0 X120.026 Y93.348
G0 X121.2 Y93.348
G0 X120.838 Y94.121
G1 F2700 E1365.88405
G1 F1500 X116.162 Y98.798 E1366.10402
G0 F9000 X116.162 Y99.364
G1 F1500 X120.838 Y94.687 E1366.32399
G0 F9000 X120.838 Y95.252
G1 F1500 X116.162 Y99.929 E1366.54396
G0 F9000 X116.162 Y100.495
G1 F1500 X120.838 Y95.818 E1366.76393
G0 F9000 X120.838 Y96.384
G1 F1500 X116.162 Y101.061 E1366.9839
G0 F9000 X116.162 Y101.626
G1 F1500 X120.838 Y96.949 E1367.20386
G0 F9000 X120.838 Y97.515
G1 F1500 X116.162 Y102.192 E1367.42383
G0 F9000 X116.162 Y102.758
G1 F1500 X120.838 Y98.081 E1367.6438
G0 F9000 X120.838 Y98.647
G1 F1500 X116.162 Y103.323 E1367.86375
G0 F9000 X116.162 Y103.889
G1 F1500 X120.838 Y99.212 E1368.08371
G0 F9000 X120.838 Y99.778
G1 F1500 X116.162 Y104.455 E1368.30368
G0 F9000 X116.162 Y105.02
G1 F1500 X120.838 Y100.344 E1368.52363
G0 F9000 X120.838 Y100.909
G1 F1500 X116.162 Y105.586 E1368.74359
G0 F9000 X116.162 Y106.152
G1 F1500 X120.838 Y101.475 E1368.96356
G0 F9000 X120.838 Y102.041
G1 F1500 X116.162 Y106.717 E1369.18351
G0 F9000 X116.162 Y107.283
G1 F1500 X120.838 Y102.606 E1369.40348
G0 F9000 X120.838 Y103.172
G1 F1500 X116.162 Y107.849 E1369.62344
G0 F9000 X116.162 Y108.415
G1 F1500 X120.838 Y103.738 E1369.84341
G0 F9000 X120.838 Y104.303
G1 F1500 X116.162 Y108.98 E1370.06338
G0 F9000 X116.162 Y109.546
G1 F1500 X120.838 Y104.869 E1370.28335
G0 F9000 X120.838 Y105.435
G1 F1500 X116.162 Y110.112 E1370.50332
G0 F9000 X116.162 Y110.677
G1 F1500 X120.838 Y106 E1370.72329
G0 F9000 X120.838 Y106.566
G1 F1500 X116.162 Y111.243 E1370.94325
G0 F9000 X116.162 Y111.809
G1 F1500 X120.838 Y107.132 E1371.16322
G0 F9000 X120.838 Y107.698
G1 F1500 X116.162 Y112.374 E1371.38317
G0 F9000 X116.162 Y112.94
G1 F1500 X120.838 Y108.263 E1371.60313
G0 F9000 X120.838 Y108.829
G1 F1500 X116.162 Y113.506 E1371.8231
G0 F9000 X116.162 Y114.071
G1 F1500 X120.838 Y109.395 E1372.04305
G0 F9000 X120.838 Y109.96
G1 F1500 X116.162 Y114.637 E1372.26302
G0 F9000 X116.162 Y115.203
G1 F1500 X120.838 Y110.526 E1372.48298
G0 F9000 X120.838 Y111.092
G1 F1500 X116.162 Y115.768 E1372.70293
G0 F9000 X116.162 Y116.334
G1 F1500 X120.838 Y111.657 E1372.9229
G0 F9000 X120.838 Y112.223
G1 F1500 X116.162 Y116.9 E1373.14286
G0 F9000 X116.162 Y117.465
G1 F1500 X120.838 Y112.789 E1373.36281
G0 F9000 X120.838 Y113.354
G1 F1500 X116.162 Y118.031 E1373.58278
G0 F9000 X116.162 Y118.597
G1 F1500 X120.838 Y113.92 E1373.80275
G0 F9000 X120.838 Y114.486
G1 F1500 X116.162 Y119.163 E1374.02271
G0 F9000 X116.162 Y119.728
G1 F1500 X120.838 Y115.051 E1374.24268
G0 F9000 X120.838 Y115.617
G1 F1500 X116.162 Y120.294 E1374.46265
G0 F9000 X116.162 Y120.86
G1 F1500 X120.838 Y116.183 E1374.68262
G0 F9000 X120.838 Y116.748
G1 F1500 X116.162 Y121.425 E1374.90259
G0 F9000 X116.162 Y121.991
G1 F1500 X120.838 Y117.314 E1375.12256
G0 F9000 X120.838 Y117.88
G1 F1500 X116.162 Y122.557 E1375.34252
G0 F9000 X116.162 Y123.122
G1 F1500 X120.838 Y118.446 E1375.56247
G0 F9000 X120.838 Y119.011
G1 F1500 X116.162 Y123.688 E1375.78244
G0 F9000 X116.162 Y124.254
G1 F1500 X120.838 Y119.577 E1376.0024
G0 F9000 X120.838 Y120.143
G1 F1500 X116.162 Y124.819 E1376.22235
G0 F9000 X116.268 Y125.279
G1 F1500 X120.838 Y120.708 E1376.43733
G0 F9000 X120.838 Y121.274
G1 F1500 X116.958 Y125.154 E1376.61984
G0 F9000 X116.621 Y125.492
G1 F1500 X116.161 Y125.951 E1376.64145
G0 F9000 X116.162 Y125.385
G1 F1500 X116.267 Y125.28 E1376.64639
G1 F2700 E1371.64639
G0 F9000 X115.701 Y125.28
G0 X116.974 Y125.652
G0 X118.042 Y124.636
G1 F2700 E1376.64639
G1 F1500 X120.838 Y121.84 E1376.7779
G0 F9000 X120.838 Y122.405
G1 F1500 X118.646 Y124.598 E1376.88103
G0 F9000 X119.129 Y124.681
G1 F1500 X120.838 Y122.971 E1376.96144
G0 F9000 X120.838 Y123.537
G1 F1500 X119.542 Y124.833 E1377.0224
G0 F9000 X119.906 Y125.034
G1 F1500 X120.838 Y124.102 E1377.06624
G0 F9000 X120.838 Y124.668
G1 F1500 X120.203 Y125.303 E1377.09611
G0 F9000 X120.46 Y125.612
G1 F1500 X120.833 Y125.239 E1377.11365
G0 F9000 X120.839 Y125.799
G1 F1500 X120.676 Y125.962 E1377.12132
G1 F2700 E1372.12132
G0 F9000 X120.244 Y126.122
G0 X120.479 Y127.479
G0 X121.2 Y127.479
G0 X120.839 Y128.061
G1 F2700 E1377.12132
G1 F1500 X120.337 Y128.564 E1377.14496
G0 F9000 X120.184 Y128.717
G1 F1500 X118.063 Y130.838 E1377.24472
G0 F9000 X118.629 Y130.838
G1 F1500 X120.744 Y128.722 E1377.34423
G1 X120.745 Y128.721
G1 X120.839 Y128.627 E1377.34865
G0 F9000 X120.839 Y129.193
G1 F1500 X119.194 Y130.838 E1377.42602
G0 F9000 X119.76 Y130.838
G1 F1500 X120.839 Y129.759 E1377.47678
G0 F9000 X120.839 Y130.324
G1 F1500 X120.326 Y130.838 E1377.50093
G1 F2700 E1372.50093
G0 F9000 X120.324 Y131.299
G0 X119.271 Y131.219
G0 X118.744 Y129.022
G0 X118.982 Y129.353
G1 F2700 E1377.50093
G1 F1500 X117.497 Y130.838 E1377.57078
G0 F9000 X116.932 Y130.838
G1 F1500 X118.371 Y129.398 E1377.63849
G0 F9000 X117.882 Y129.322
G1 F1500 X116.366 Y130.838 E1377.7098
G0 F9000 X116.162 Y130.476
G1 F1500 X117.467 Y129.171 E1377.77118
G0 F9000 X117.101 Y128.972
G1 F1500 X116.162 Y129.911 E1377.81535
G0 F9000 X116.162 Y129.345
G1 F1500 X116.803 Y128.704 E1377.8455
G0 F9000 X116.545 Y128.396
G1 F1500 X116.188 Y128.753 E1377.86229
G0 F9000 X116.162 Y128.214
G1 F1500 X116.328 Y128.047 E1377.87012
G1 F2700 E1372.87012
G0 F9000 X116.779 Y127.924
G0 X116.857 Y126.596
G0 X117.001 Y126.214
G0 X117.233 Y125.878
G0 X117.539 Y125.607
G0 X117.9 Y125.417
G0 X118.296 Y125.32
G0 X120.026 Y125.652
G0 X136.664 Y112.586
G0 X136.851 Y112.399
;TYPE:WALL-INNER
G1 F2700 E1377.87012
G1 F1500 X140.15 Y112.4 E1377.97985
G1 X140.15 Y108.852 E1378.09786
G1 X139.887 Y109.229 E1378.11314
G1 X139.55 Y109.53 E1378.12817
G1 X139.151 Y109.737 E1378.14312
G1 X138.72 Y109.837 E1378.15784
G1 X138.28 Y109.838 E1378.17247
G1 X137.849 Y109.737 E1378.1872
G1 X137.451 Y109.532 E1378.20209
G1 X137.114 Y109.231 E1378.21712
G1 X136.85 Y108.852 E1378.23248
G1 X136.851 Y112.399 E1378.35045
G0 F9000 X136.951 Y112.13
G0 X136.807 Y108
G0 X136.951 Y106.467
G0 X136.85 Y107.148
G1 F1500 X137.114 Y106.768 E1378.36584
G1 X137.452 Y106.468 E1378.38087
G1 X137.849 Y106.263 E1378.39573
G1 X138.28 Y106.162 E1378.41046
G1 X138.72 Y106.163 E1378.42509
G1 X139.151 Y106.263 E1378.43981
G1 X139.549 Y106.47 E1378.45473
G1 X139.887 Y106.77 E1378.46976
G1 X140.15 Y107.148 E1378.48508
G1 X140.15 Y103.6 E1378.60308
G1 X136.851 Y103.601 E1378.71281
G1 X136.85 Y107.148 E1378.83078
G1 F2700 E1373.83078
G0 F9000 X136.951 Y106.467
G0 X136.807 Y108
G0 X136.857 Y108.404
G0 X136.974 Y108.714
G0 X137.815 Y109.834
G0 X138.008 Y109.364
;TYPE:WALL-OUTER
G1 F2700 E1378.83078
G1 F1500 X137.657 Y109.18 E1378.84396
G1 X137.4 Y108.943 E1378.85559
G1 X137.229 Y108.697 E1378.86556
G1 F1304.3 X137.028 Y108.33 E1378.88156
G1 F1174.2 X137.001 Y107.97 E1378.8969
G1 X137.028 Y107.67 E1378.9097
G1 F1304.3 X137.229 Y107.303 E1378.9257
G1 F1500 X137.431 Y107.022 E1378.93721
G1 X137.698 Y106.792 E1378.94893
G1 X138.008 Y106.636 E1378.96048
G1 X138.325 Y106.56 E1378.97132
G1 X138.675 Y106.56 E1378.98296
G1 X138.992 Y106.636 E1378.9938
G1 X139.302 Y106.792 E1379.00535
G1 X139.569 Y107.022 E1379.01707
G1 X139.771 Y107.303 E1379.02858
G1 F1304.3 X139.972 Y107.67 E1379.04458
G1 F1176.5 X140 Y108 E1379.05863
G1 X139.971 Y108.344 E1379.07327
G1 F1304.3 X139.771 Y108.697 E1379.08878
G1 F1500 X139.569 Y108.978 E1379.10029
G1 X139.302 Y109.208 E1379.11202
G1 X138.992 Y109.364 E1379.12356
G1 X138.675 Y109.44 E1379.1344
G1 X138.325 Y109.44 E1379.14604
G1 X138.008 Y109.364 E1379.15688
G1 F2700 E1374.15688
G0 F9000 X137.815 Y109.834
G0 X137.035 Y109.407
G0 X136.72 Y112.53
G0 X136.451 Y112.799
G1 F2700 E1379.15688
G1 F1500 X140.55 Y112.8 E1379.29322
G1 X140.55 Y108.791 E1379.42656
G1 F1304.3 X140.49 Y108.389 E1379.4421
G1 F1176.5 X140.5 Y108 E1379.45861
G1 X140.49 Y107.639 E1379.47392
G1 F1304.3 X140.55 Y107.209 E1379.49053
G1 F1500 X140.55 Y103.2 E1379.62387
G1 X136.451 Y103.201 E1379.7602
G1 X136.45 Y107.209 E1379.89351
G1 F1304.3 X136.51 Y107.639 E1379.91011
G1 F1176.5 X136.5 Y108 E1379.92543
G1 X136.51 Y108.361 E1379.94074
G1 F1304.3 X136.45 Y108.791 E1379.95735
G1 F1500 X136.451 Y112.799 E1380.09066
G0 F9000 X136.72 Y112.53
G0 X136.951 Y112.039
G0 X137.211 Y112.039
;TYPE:SKIN
G1 F1500 X137.212 Y109.815 E1380.16463
G1 X137.692 Y110.065 E1380.18263
G1 X138.24 Y110.196 E1380.20137
G1 X138.76 Y110.195 E1380.21866
G1 X139.284 Y110.077 E1380.23653
G1 X139.79 Y109.812 E1380.25552
G1 X139.79 Y112.039 E1380.32959
G1 X137.211 Y112.039 E1380.41537
G0 F9000 X136.951 Y112.039
G0 X137.035 Y109.407
G0 X137.758 Y109.804
G0 X137.529 Y110.24
G1 F1500 X137.412 Y110.358 E1380.4209
G0 F9000 X137.412 Y110.923
G1 F1500 X137.991 Y110.344 E1380.44813
G0 F9000 X138.506 Y110.394
G1 F1500 X137.411 Y111.49 E1380.49966
G0 F9000 X137.627 Y111.839
G1 F1500 X139.155 Y110.311 E1380.57154
G0 F9000 X139.589 Y110.443
G1 F1500 X138.193 Y111.839 E1380.6372
G0 F9000 X138.759 Y111.839
G1 F1500 X139.589 Y111.009 E1380.67624
G0 F9000 X139.589 Y111.575
G1 F1500 X139.324 Y111.839 E1380.68868
G0 F9000 X139.322 Y112.299
G0 X139.978 Y112.228
G0 X139.966 Y109.405
G0 X138.429 Y109.999
G0 X137.233 Y109.122
G0 X137.001 Y108.786
G0 X136.857 Y108.404
G0 X136.951 Y106.186
G0 X137.212 Y106.186
G1 F1500 X137.211 Y103.961 E1380.76268
G1 X139.79 Y103.961 E1380.84846
G1 X139.79 Y106.188 E1380.92253
G1 X139.284 Y105.923 E1380.94153
G1 X138.76 Y105.805 E1380.9594
G1 X138.24 Y105.804 E1380.97669
G1 X137.692 Y105.935 E1380.99543
G1 X137.212 Y106.186 E1381.01345
G0 F9000 X136.951 Y106.186
G0 X136.951 Y104.702
G0 X137.41 Y104.702
G1 F1500 X137.952 Y104.16 E1381.03894
G0 F9000 X138.518 Y104.16
G1 F1500 X137.41 Y105.268 E1381.09106
G0 F9000 X137.47 Y105.773
G1 F1500 X139.084 Y104.16 E1381.16695
G0 F9000 X139.589 Y104.221
G1 F1500 X138.201 Y105.608 E1381.23222
G0 F9000 X138.771 Y105.604
G1 F1500 X139.589 Y104.786 E1381.27069
G0 F9000 X139.589 Y105.352
G1 F1500 X139.235 Y105.706 E1381.28734
G0 F9000 X139.135 Y106.155
G0 X137.703 Y106.225
G0 X137.47 Y105.774
G1 F1500 X137.41 Y105.834 E1381.29016
G1 F2700 E1376.29016
;MESH:NONMESH
G0 F300 X137.41 Y105.834 Z6.6
G0 F9000 X136.951 Y105.834
G0 X136.664 Y103.414
G0 X135.585 Y103.414
G0 X122.653 Y86.347
G0 X114.347 Y86.347
G0 X95.597 Y86.847
G0 X84.415 Y103.414
G0 X83.15 Y92.148
;TIME_ELAPSED:2551.972328
;LAYER:32
;TYPE:WALL-INNER
;MESH:Spacers.stl
G1 F2700 E1381.29016
G1 F1500 X83.15 Y88.6 E1381.40817
G1 X79.851 Y88.601 E1381.5179
G1 X79.85 Y92.148 E1381.63587
G1 X80.114 Y91.768 E1381.65126
G1 X80.452 Y91.468 E1381.66629
G1 X80.849 Y91.263 E1381.68115
G1 X81.28 Y91.162 E1381.69588
G1 X81.72 Y91.163 E1381.71051
G1 X82.151 Y91.263 E1381.72523
G1 X82.549 Y91.47 E1381.74015
G1 X82.887 Y91.77 E1381.75518
G1 X83.15 Y92.148 E1381.77049
G1 F2700 E1376.77049
G0 F9000 X82.676 Y91.447
G0 X83.143 Y92.596
G0 X83.15 Y127.148
G1 F2700 E1381.77049
G1 F1500 X83.15 Y93.852 E1382.87792
G1 X82.887 Y94.229 E1382.89321
G1 X82.55 Y94.53 E1382.90824
G1 X82.155 Y94.736 E1382.92306
G1 X81.727 Y94.841 E1382.93772
G1 X81.272 Y94.841 E1382.95285
G1 X80.846 Y94.736 E1382.96744
G1 X80.451 Y94.531 E1382.98224
G1 X80.114 Y94.232 E1382.99723
G1 X79.85 Y93.852 E1383.01262
G1 X79.85 Y127.148 E1384.12005
G1 X80.114 Y126.768 E1384.13544
G1 X80.451 Y126.468 E1384.15044
G1 X80.846 Y126.264 E1384.16523
G1 X81.272 Y126.159 E1384.17982
G1 X81.727 Y126.159 E1384.19496
G1 X82.155 Y126.264 E1384.20961
G1 X82.55 Y126.47 E1384.22443
G1 X82.887 Y126.771 E1384.23946
G1 X83.15 Y127.148 E1384.25475
G0 F9000 X83.193 Y128
G0 X82.978 Y132.228
G0 X83.15 Y132.4
G1 F1500 X83.15 Y128.852 E1384.37276
G1 X82.887 Y129.229 E1384.38804
G1 X82.55 Y129.53 E1384.40307
G1 X82.151 Y129.737 E1384.41802
G1 X81.72 Y129.837 E1384.43274
G1 X81.28 Y129.838 E1384.44737
G1 X80.849 Y129.737 E1384.4621
G1 X80.451 Y129.532 E1384.47699
G1 X80.114 Y129.231 E1384.49202
G1 X79.85 Y128.852 E1384.50738
G1 X79.851 Y132.399 E1384.62535
G1 X83.15 Y132.4 E1384.73508
G0 F9000 X83.55 Y132.8
;TYPE:WALL-OUTER
G1 F1500 X83.55 Y128.791 E1384.86842
G1 F1304.3 X83.49 Y128.389 E1384.88396
G1 F1176.5 X83.5 Y128 E1384.90046
G1 X83.49 Y127.639 E1384.91578
G1 F1304.3 X83.55 Y127.209 E1384.93239
G1 F1500 X83.55 Y93.791 E1386.04387
G1 F1304.3 X83.49 Y93.389 E1386.05942
G1 F1176.5 X83.5 Y93 E1386.07592
G1 X83.49 Y92.639 E1386.09124
G1 F1304.3 X83.55 Y92.209 E1386.10784
G1 F1500 X83.55 Y88.2 E1386.24118
G1 X79.451 Y88.201 E1386.37752
G1 X79.45 Y92.209 E1386.51082
G1 F1304.3 X79.51 Y92.639 E1386.52743
G1 F1176.5 X79.5 Y93 E1386.54274
G1 X79.51 Y93.361 E1386.55806
G1 F1304.3 X79.45 Y93.791 E1386.57466
G1 F1500 X79.45 Y127.209 E1387.68615
G1 F1304.3 X79.51 Y127.639 E1387.70276
G1 F1176.5 X79.5 Y128 E1387.71807
G1 X79.51 Y128.361 E1387.73339
G1 F1304.3 X79.45 Y128.791 E1387.74999
G1 F1500 X79.451 Y132.799 E1387.8833
G1 X83.55 Y132.8 E1388.01963
G1 F2700 E1383.01963
G0 F9000 X83.28 Y132.53
G0 X82.966 Y129.405
G0 X82.062 Y129.655
G0 X81.992 Y129.364
G1 F2700 E1388.01963
G1 F1500 X81.675 Y129.44 E1388.03048
G1 X81.325 Y129.44 E1388.04212
G1 X81.008 Y129.364 E1388.05296
G1 X80.657 Y129.18 E1388.06614
G1 X80.4 Y128.943 E1388.07777
G1 X80.229 Y128.697 E1388.08773
G1 F1304.3 X80.028 Y128.33 E1388.10374
G1 F1174.2 X80.001 Y127.97 E1388.11908
G1 X80.028 Y127.67 E1388.13188
G1 F1304.3 X80.229 Y127.303 E1388.14788
G1 F1500 X80.431 Y127.022 E1388.15939
G1 X80.698 Y126.792 E1388.17111
G1 X81.008 Y126.636 E1388.18265
G1 X81.299 Y126.564 E1388.19263
G1 X81.7 Y126.564 E1388.20596
G1 X81.992 Y126.636 E1388.21597
G1 X82.302 Y126.792 E1388.22751
G1 X82.569 Y127.022 E1388.23923
G1 X82.771 Y127.303 E1388.25074
G1 F1304.3 X82.972 Y127.67 E1388.26674
G1 F1176.5 X83 Y128 E1388.28079
G1 X82.971 Y128.344 E1388.29543
G1 F1304.3 X82.771 Y128.697 E1388.31095
G1 F1500 X82.569 Y128.978 E1388.32246
G1 X82.302 Y129.208 E1388.33418
G1 X81.992 Y129.364 E1388.34572
G1 F2700 E1383.34572
G0 F9000 X82.062 Y129.655
G0 X82.767 Y129.122
G0 X82.999 Y128.786
G0 X83.143 Y128.404
G0 X83.193 Y128
G0 X82.966 Y94.405
G0 X81.819 Y94.921
G0 X81.7 Y94.436
G1 F2700 E1388.34572
G1 F1500 X81.299 Y94.436 E1388.35906
G1 X81.008 Y94.364 E1388.36903
G1 X80.657 Y94.18 E1388.38221
G1 X80.4 Y93.943 E1388.39384
G1 X80.229 Y93.697 E1388.4038
G1 F1304.3 X80.028 Y93.33 E1388.41981
G1 F1174.2 X80.001 Y92.97 E1388.43515
G1 X80.028 Y92.67 E1388.44794
G1 F1304.3 X80.229 Y92.303 E1388.46395
G1 F1500 X80.431 Y92.022 E1388.47546
G1 X80.698 Y91.792 E1388.48718
G1 X81.008 Y91.636 E1388.49872
G1 X81.325 Y91.56 E1388.50957
G1 X81.675 Y91.56 E1388.52121
G1 X81.992 Y91.636 E1388.53205
G1 X82.302 Y91.792 E1388.54359
G1 X82.569 Y92.022 E1388.55531
G1 X82.771 Y92.303 E1388.56682
G1 F1304.3 X82.972 Y92.67 E1388.58283
G1 F1176.5 X83 Y93 E1388.59687
G1 X82.971 Y93.344 E1388.61151
G1 F1304.3 X82.771 Y93.697 E1388.62703
G1 F1500 X82.569 Y93.978 E1388.63854
G1 X82.302 Y94.208 E1388.65026
G1 X81.992 Y94.364 E1388.6618
G1 X81.7 Y94.436 E1388.67181
G1 F2700 E1383.67181
G0 F9000 X81.819 Y94.921
G0 X82.966 Y94.405
G0 X82.966 Y126.595
G0 X82.574 Y126.37
G0 X82.79 Y126.189
;TYPE:SKIN
G1 F2700 E1388.67181
G1 F1500 X82.267 Y125.921 E1388.69135
G1 X81.795 Y125.804 E1388.70753
G1 X81.204 Y125.804 E1388.72718
G1 X80.732 Y125.921 E1388.74336
G1 X80.212 Y126.185 E1388.76275
G1 X80.212 Y94.815 E1389.80612
G1 X80.732 Y95.079 E1389.82552
G1 X81.204 Y95.196 E1389.84169
G1 X81.794 Y95.196 E1389.86132
G1 X82.266 Y95.08 E1389.87748
G1 X82.79 Y94.812 E1389.89706
G1 X82.79 Y126.189 E1390.94066
G0 F9000 X82.574 Y126.37
G0 X80.739 Y126.205
G0 X80.512 Y125.767
G1 F1500 X80.412 Y125.667 E1390.94537
G0 F9000 X80.966 Y125.655
G1 F1500 X80.412 Y125.101 E1390.97143
G0 F9000 X80.412 Y124.535
G1 F1500 X81.474 Y125.598 E1391.0214
G0 F9000 X82.12 Y125.678
G1 F1500 X80.412 Y123.969 E1391.10176
G0 F9000 X80.412 Y123.404
G1 F1500 X82.59 Y125.582 E1391.20421
G0 F9000 X82.59 Y125.016
G1 F1500 X80.412 Y122.838 E1391.30666
G0 F9000 X80.412 Y122.272
G1 F1500 X82.59 Y124.45 E1391.4091
G0 F9000 X82.59 Y123.885
G1 F1500 X80.412 Y121.707 E1391.51155
G0 F9000 X80.412 Y121.141
G1 F1500 X82.59 Y123.319 E1391.614
G0 F9000 X82.59 Y122.753
G1 F1500 X80.412 Y120.575 E1391.71644
G0 F9000 X80.412 Y120.01
G1 F1500 X82.59 Y122.188 E1391.81889
G0 F9000 X82.59 Y121.622
G1 F1500 X80.412 Y119.444 E1391.92134
G0 F9000 X80.412 Y118.878
G1 F1500 X82.59 Y121.056 E1392.02378
G0 F9000 X82.59 Y120.49
G1 F1500 X80.412 Y118.313 E1392.12621
G0 F9000 X80.412 Y117.747
G1 F1500 X82.59 Y119.925 E1392.22865
G0 F9000 X82.59 Y119.359
G1 F1500 X80.412 Y117.181 E1392.3311
G0 F9000 X80.412 Y116.616
G1 F1500 X82.59 Y118.793 E1392.43352
G0 F9000 X82.59 Y118.228
G1 F1500 X80.412 Y116.05 E1392.53597
G0 F9000 X80.412 Y115.484
G1 F1500 X82.59 Y117.662 E1392.63841
G0 F9000 X82.59 Y117.096
G1 F1500 X80.412 Y114.918 E1392.74086
G0 F9000 X80.412 Y114.353
G1 F1500 X82.59 Y116.531 E1392.84331
G0 F9000 X82.59 Y115.965
G1 F1500 X80.412 Y113.787 E1392.94575
G0 F9000 X80.412 Y113.221
G1 F1500 X82.59 Y115.399 E1393.0482
G0 F9000 X82.59 Y114.834
G1 F1500 X80.412 Y112.656 E1393.15065
G0 F9000 X80.412 Y112.09
G1 F1500 X82.59 Y114.268 E1393.25309
G0 F9000 X82.59 Y113.702
G1 F1500 X80.412 Y111.524 E1393.35554
G0 F9000 X80.412 Y110.959
G1 F1500 X82.59 Y113.137 E1393.45799
G0 F9000 X82.59 Y112.571
G1 F1500 X80.412 Y110.393 E1393.56043
G0 F9000 X80.412 Y109.827
G1 F1500 X82.59 Y112.005 E1393.66288
G0 F9000 X82.59 Y111.44
G1 F1500 X80.412 Y109.262 E1393.76533
G0 F9000 X80.412 Y108.696
G1 F1500 X82.59 Y110.874 E1393.86777
G0 F9000 X82.59 Y110.308
G1 F1500 X80.412 Y108.13 E1393.97022
G0 F9000 X80.412 Y107.565
G1 F1500 X82.59 Y109.742 E1394.07264
G0 F9000 X82.59 Y109.177
G1 F1500 X80.412 Y106.999 E1394.17509
G0 F9000 X80.412 Y106.433
G1 F1500 X82.59 Y108.611 E1394.27753
G0 F9000 X82.59 Y108.045
G1 F1500 X80.412 Y105.868 E1394.37996
G0 F9000 X80.412 Y105.302
G1 F1500 X82.59 Y107.48 E1394.4824
G0 F9000 X82.59 Y106.914
G1 F1500 X80.412 Y104.736 E1394.58485
G0 F9000 X80.412 Y104.17
G1 F1500 X82.59 Y106.348 E1394.6873
G0 F9000 X82.59 Y105.783
G1 F1500 X80.412 Y103.605 E1394.78974
G0 F9000 X80.412 Y103.039
G1 F1500 X82.59 Y105.217 E1394.89219
G0 F9000 X82.59 Y104.651
G1 F1500 X80.412 Y102.473 E1394.99464
G0 F9000 X80.412 Y101.908
G1 F1500 X82.59 Y104.086 E1395.09708
G0 F9000 X82.59 Y103.52
G1 F1500 X80.412 Y101.342 E1395.19953
G0 F9000 X80.412 Y100.776
G1 F1500 X82.59 Y102.954 E1395.30197
G0 F9000 X82.59 Y102.389
G1 F1500 X80.412 Y100.211 E1395.40442
G0 F9000 X80.412 Y99.645
G1 F1500 X82.59 Y101.823 E1395.50687
G0 F9000 X82.59 Y101.257
G1 F1500 X80.412 Y99.079 E1395.60931
G0 F9000 X80.412 Y98.514
G1 F1500 X82.59 Y100.692 E1395.71176
G0 F9000 X82.59 Y100.126
G1 F1500 X80.412 Y97.948 E1395.81421
G0 F9000 X80.412 Y97.382
G1 F1500 X82.59 Y99.56 E1395.91665
G0 F9000 X82.59 Y98.994
G1 F1500 X80.412 Y96.817 E1396.01908
G0 F9000 X80.412 Y96.251
G1 F1500 X82.59 Y98.429 E1396.12152
G0 F9000 X82.59 Y97.863
G1 F1500 X80.412 Y95.685 E1396.22397
G0 F9000 X80.525 Y95.233
G1 F1500 X82.59 Y97.297 E1396.32108
G0 F9000 X82.59 Y96.732
G1 F1500 X81.258 Y95.4 E1396.38373
G0 F9000 X81.818 Y95.395
G1 F1500 X82.59 Y96.166 E1396.42002
G0 F9000 X82.59 Y95.6
G1 F1500 X82.272 Y95.283 E1396.43495
G0 F9000 X82.164 Y94.836
G0 X80.75 Y94.801
G0 X80.524 Y95.232
G1 F1500 X80.455 Y95.163 E1396.4382
G0 F9000 X80.667 Y94.758
G0 X81.704 Y94.68
G0 X82.1 Y94.583
G0 X82.461 Y94.393
G0 X82.767 Y94.122
G0 X82.999 Y93.786
G0 X83.143 Y93.404
G0 X83.193 Y93
G0 X83.153 Y92.672
G0 X82.611 Y91.389
G0 X82.79 Y91.188
G1 F1500 X82.284 Y90.923 E1396.4572
G1 X81.76 Y90.805 E1396.47506
G1 X81.24 Y90.804 E1396.49236
G1 X80.692 Y90.935 E1396.5111
G1 X80.212 Y91.186 E1396.52911
G1 X80.211 Y88.961 E1396.60312
G1 X82.79 Y88.961 E1396.68889
G1 X82.79 Y91.188 E1396.76296
G0 F9000 X82.611 Y91.389
G0 X82.966 Y91.595
G0 X82.978 Y88.772
G0 X82.372 Y88.7
G0 X82.372 Y89.16
G1 F1500 X82.59 Y89.378 E1396.77322
G0 F9000 X82.59 Y89.943
G1 F1500 X81.806 Y89.16 E1396.81007
G0 F9000 X81.24 Y89.16
G1 F1500 X82.59 Y90.509 E1396.87355
G0 F9000 X82.216 Y90.701
G1 F1500 X80.675 Y89.16 E1396.94603
G0 F9000 X80.41 Y89.461
G1 F1500 X81.553 Y90.604 E1396.9998
G0 F9000 X81.029 Y90.646
G1 F1500 X80.41 Y90.027 E1397.02891
G0 F9000 X80.41 Y90.593
G1 F1500 X80.568 Y90.75 E1397.03632
G1 F2700 E1392.03632
G0 F9000 X80.79 Y91.179
G0 X80.001 Y92.214
G0 X79.857 Y92.596
G0 X79.807 Y93
G0 X79.857 Y93.404
G0 X80.001 Y93.786
G0 X80.233 Y94.122
G0 X81.252 Y95.002
G0 X82.966 Y94.405
G0 X83.193 Y128
G0 X82.978 Y132.228
G0 X82.79 Y132.039
G1 F2700 E1397.03632
G1 F1500 X80.211 Y132.039 E1397.1221
G1 X80.212 Y129.815 E1397.19607
G1 X80.692 Y130.065 E1397.21407
G1 X81.24 Y130.196 E1397.23281
G1 X81.76 Y130.195 E1397.2501
G1 X82.284 Y130.077 E1397.26797
G1 X82.79 Y129.812 E1397.28697
G1 X82.79 Y132.039 E1397.36104
G0 F9000 X82.788 Y132.299
G0 X82.966 Y129.405
G0 X82.113 Y129.849
G0 X82.214 Y130.297
G1 F1500 X82.59 Y130.673 E1397.37872
G0 F9000 X82.59 Y131.239
G1 F1500 X81.745 Y130.394 E1397.41847
G0 F9000 X81.169 Y130.384
G1 F1500 X82.59 Y131.804 E1397.48529
G0 F9000 X82.058 Y131.838
G1 F1500 X80.439 Y130.219 E1397.56144
G0 F9000 X80.412 Y130.758
G1 F1500 X81.492 Y131.838 E1397.61224
G0 F9000 X80.926 Y131.838
G1 F1500 X80.411 Y131.323 E1397.63646
G1 F2700 E1392.63646
G0 F9000 X79.951 Y131.323
G0 X80.023 Y132.227
G0 X82.978 Y132.228
G0 X83.33 Y131.799
G0 X84.415 Y131.799
G0 X95.585 Y131.799
G0 X100.15 Y131.9
;TYPE:WALL-INNER
G1 F2700 E1397.63646
G1 F1500 X100.15 Y128.352 E1397.75447
G1 X99.887 Y128.729 E1397.76976
G1 X99.55 Y129.03 E1397.78479
G1 X99.151 Y129.237 E1397.79974
G1 X98.72 Y129.337 E1397.81445
G1 X98.28 Y129.338 E1397.82909
G1 X97.849 Y129.237 E1397.84381
G1 X97.451 Y129.032 E1397.8587
G1 X97.114 Y128.731 E1397.87373
G1 X96.85 Y128.352 E1397.88909
G1 X96.851 Y131.899 E1398.00707
G1 X100.15 Y131.9 E1398.11679
G0 F9000 X99.849 Y131.799
G0 X100.172 Y127.923
G0 X100.15 Y126.648
G1 F1500 X100.15 Y93.352 E1399.22422
G1 X99.887 Y93.729 E1399.23951
G1 X99.55 Y94.03 E1399.25454
G1 X99.155 Y94.236 E1399.26935
G1 X98.727 Y94.341 E1399.28401
G1 X98.272 Y94.341 E1399.29915
G1 X97.846 Y94.236 E1399.31374
G1 X97.451 Y94.031 E1399.32854
G1 X97.114 Y93.732 E1399.34352
G1 X96.85 Y93.352 E1399.35891
G1 X96.85 Y126.648 E1400.46634
G1 X97.114 Y126.268 E1400.48173
G1 X97.451 Y125.968 E1400.49674
G1 X97.846 Y125.764 E1400.51153
G1 X98.272 Y125.659 E1400.52612
G1 X98.727 Y125.659 E1400.54125
G1 X99.155 Y125.764 E1400.55591
G1 X99.55 Y125.97 E1400.57073
G1 X99.887 Y126.271 E1400.58576
G1 X100.15 Y126.648 E1400.60104
G1 F2700 E1395.60104
G0 F9000 X100.193 Y92.5
G0 X100.153 Y92.172
G0 X99.676 Y90.947
G0 X100.15 Y91.648
G1 F2700 E1400.60104
G1 F1500 X100.15 Y88.1 E1400.71905
G1 X96.851 Y88.101 E1400.82878
G1 X96.85 Y91.648 E1400.94675
G1 X97.114 Y91.268 E1400.96214
G1 X97.452 Y90.968 E1400.97717
G1 X97.849 Y90.763 E1400.99203
G1 X98.28 Y90.662 E1401.00676
G1 X98.72 Y90.663 E1401.02139
G1 X99.151 Y90.763 E1401.03611
G1 X99.549 Y90.97 E1401.05103
G1 X99.887 Y91.27 E1401.06606
G1 X100.15 Y91.648 E1401.08137
G1 F2700 E1396.08137
G0 F9000 X99.676 Y90.947
G0 X100.143 Y92.096
G0 X100.193 Y92.5
G0 X100.143 Y92.904
G0 X99.999 Y93.286
G0 X99.811 Y93.558
G0 X98.819 Y94.421
G0 X98.7 Y93.936
;TYPE:WALL-OUTER
G1 F2700 E1401.08137
G1 F1500 X98.299 Y93.936 E1401.09471
G1 X98.008 Y93.864 E1401.10468
G1 X97.657 Y93.68 E1401.11786
G1 X97.4 Y93.443 E1401.12949
G1 X97.229 Y93.197 E1401.13946
G1 F1304.3 X97.028 Y92.83 E1401.15546
G1 F1174.2 X97.001 Y92.47 E1401.1708
G1 X97.028 Y92.17 E1401.1836
G1 F1304.3 X97.229 Y91.803 E1401.1996
G1 F1500 X97.431 Y91.522 E1401.21111
G1 X97.698 Y91.292 E1401.22283
G1 X98.008 Y91.136 E1401.23438
G1 X98.325 Y91.06 E1401.24522
G1 X98.675 Y91.06 E1401.25686
G1 X98.992 Y91.136 E1401.2677
G1 X99.302 Y91.292 E1401.27924
G1 X99.569 Y91.522 E1401.29097
G1 X99.771 Y91.803 E1401.30248
G1 F1304.3 X99.972 Y92.17 E1401.31848
G1 F1176.5 X100 Y92.5 E1401.33253
G1 X99.971 Y92.844 E1401.34717
G1 F1304.3 X99.771 Y93.197 E1401.36268
G1 F1500 X99.569 Y93.478 E1401.37419
G1 X99.302 Y93.708 E1401.38592
G1 X98.992 Y93.864 E1401.39746
G1 X98.7 Y93.936 E1401.40746
G1 F2700 E1396.40746
G0 F9000 X98.819 Y94.421
G0 X99.966 Y93.905
G0 X100.193 Y127.5
G0 X100.143 Y127.904
G0 X100.013 Y128.248
G0 X99.183 Y129.333
G0 X98.675 Y128.94
G1 F2700 E1401.40746
G1 F1500 X98.325 Y128.94 E1401.4191
G1 X98.008 Y128.864 E1401.42994
G1 X97.657 Y128.68 E1401.44313
G1 X97.4 Y128.443 E1401.45475
G1 X97.229 Y128.197 E1401.46472
G1 F1304.3 X97.028 Y127.83 E1401.48072
G1 F1174.2 X97.001 Y127.47 E1401.49606
G1 X97.028 Y127.17 E1401.50886
G1 F1304.3 X97.229 Y126.803 E1401.52486
G1 F1500 X97.431 Y126.522 E1401.53638
G1 X97.698 Y126.292 E1401.5481
G1 X98.008 Y126.136 E1401.55964
G1 X98.299 Y126.064 E1401.56961
G1 X98.7 Y126.064 E1401.58295
G1 X98.992 Y126.136 E1401.59295
G1 X99.302 Y126.292 E1401.60449
G1 X99.569 Y126.522 E1401.61621
G1 X99.771 Y126.803 E1401.62772
G1 F1304.3 X99.972 Y127.17 E1401.64373
G1 F1176.5 X100 Y127.5 E1401.65777
G1 X99.971 Y127.844 E1401.67241
G1 F1304.3 X99.771 Y128.197 E1401.68793
G1 F1500 X99.569 Y128.478 E1401.69944
G1 X99.302 Y128.708 E1401.71116
G1 X98.992 Y128.864 E1401.7227
G1 X98.675 Y128.94 E1401.73355
G1 F2700 E1396.73355
G0 F9000 X99.183 Y129.333
G0 X99.966 Y128.905
G0 X100.28 Y132.03
G0 X100.55 Y132.3
G1 F2700 E1401.73355
G1 F1500 X100.55 Y128.291 E1401.86689
G1 F1304.3 X100.49 Y127.889 E1401.88243
G1 F1176.5 X100.5 Y127.5 E1401.89894
G1 X100.49 Y127.139 E1401.91425
G1 F1304.3 X100.55 Y126.709 E1401.93086
G1 F1500 X100.55 Y93.291 E1403.04234
G1 F1304.3 X100.49 Y92.889 E1403.05789
G1 F1176.5 X100.5 Y92.5 E1403.07439
G1 X100.49 Y92.139 E1403.08971
G1 F1304.3 X100.55 Y91.709 E1403.10631
G1 F1500 X100.55 Y87.7 E1403.23965
G1 X96.451 Y87.701 E1403.37599
G1 X96.45 Y91.709 E1403.50929
G1 F1304.3 X96.51 Y92.139 E1403.5259
G1 F1176.5 X96.5 Y92.5 E1403.54121
G1 X96.51 Y92.861 E1403.55653
G1 F1304.3 X96.45 Y93.291 E1403.57313
G1 F1500 X96.45 Y126.709 E1404.68462
G1 F1304.3 X96.51 Y127.139 E1404.70123
G1 F1176.5 X96.5 Y127.5 E1404.71654
G1 X96.51 Y127.861 E1404.73186
G1 F1304.3 X96.45 Y128.291 E1404.74846
G1 F1500 X96.451 Y132.299 E1404.88177
G1 X100.55 Y132.3 E1405.0181
G0 F9000 X100.28 Y132.03
G0 X99.788 Y131.799
G0 X99.79 Y131.539
;TYPE:SKIN
G1 F1500 X97.211 Y131.539 E1405.10388
G1 X97.212 Y129.315 E1405.17785
G1 X97.692 Y129.565 E1405.19585
G1 X98.24 Y129.696 E1405.21459
G1 X98.76 Y129.695 E1405.23189
G1 X99.284 Y129.577 E1405.24975
G1 X99.79 Y129.312 E1405.26875
G1 X99.79 Y131.539 E1405.34282
G0 F9000 X99.788 Y131.799
G0 X99.966 Y128.905
G0 X99.142 Y129.343
G0 X99.243 Y129.79
G1 F1500 X99.59 Y130.137 E1405.35914
G0 F9000 X99.59 Y130.703
G1 F1500 X98.781 Y129.894 E1405.3972
G0 F9000 X98.215 Y129.894
G1 F1500 X99.59 Y131.268 E1405.46185
G0 F9000 X99.093 Y131.338
G1 F1500 X97.486 Y129.73 E1405.53746
G1 X97.485 Y129.73
G1 X97.411 Y129.655 E1405.54096
G0 F9000 X97.413 Y130.222
G1 F1500 X98.528 Y131.338 E1405.59343
G0 F9000 X97.962 Y131.338
G1 F1500 X97.412 Y130.787 E1405.61933
G0 F9000 X96.951 Y130.787
G0 X97.035 Y128.907
G0 X98.296 Y129.18
G0 X98.704 Y129.18
G0 X99.1 Y129.083
G0 X99.461 Y128.893
G0 X99.767 Y128.622
G0 X99.999 Y128.286
G0 X100.143 Y127.904
G0 X100.193 Y127.5
G0 X100.143 Y127.096
G0 X99.574 Y125.87
G0 X99.79 Y125.689
G1 F1500 X99.267 Y125.421 E1405.63887
G1 X98.795 Y125.304 E1405.65505
G1 X98.204 Y125.304 E1405.6747
G1 X97.732 Y125.421 E1405.69088
G1 X97.212 Y125.685 E1405.71028
G1 X97.212 Y94.315 E1406.75365
G1 X97.732 Y94.579 E1406.77304
G1 X98.204 Y94.696 E1406.78922
G1 X98.794 Y94.696 E1406.80884
G1 X99.266 Y94.58 E1406.82501
G1 X99.79 Y94.312 E1406.84458
G1 X99.79 Y125.689 E1407.88818
G0 F9000 X99.574 Y125.87
G0 X97.765 Y125.692
G0 X97.541 Y125.26
G1 F1500 X97.411 Y125.129 E1407.89432
G0 F9000 X97.411 Y124.563
G1 F1500 X97.995 Y125.148 E1407.92182
G0 F9000 X98.511 Y125.098
G1 F1500 X97.411 Y123.998 E1407.97356
G0 F9000 X97.411 Y123.432
G1 F1500 X99.168 Y125.189 E1408.0562
G0 F9000 X99.59 Y125.046
G1 F1500 X97.411 Y122.866 E1408.15872
G0 F9000 X97.411 Y122.301
G1 F1500 X99.59 Y124.48 E1408.26121
G0 F9000 X99.59 Y123.914
G1 F1500 X97.411 Y121.735 E1408.3637
G0 F9000 X97.411 Y121.169
G1 F1500 X99.59 Y123.349 E1408.46622
G0 F9000 X99.59 Y122.783
G1 F1500 X97.411 Y120.604 E1408.56871
G0 F9000 X97.411 Y120.038
G1 F1500 X99.59 Y122.217 E1408.67121
G0 F9000 X99.59 Y121.652
G1 F1500 X97.411 Y119.472 E1408.77373
G0 F9000 X97.411 Y118.907
G1 F1500 X99.59 Y121.086 E1408.87622
G0 F9000 X99.59 Y120.52
G1 F1500 X97.411 Y118.341 E1408.97871
G0 F9000 X97.411 Y117.775
G1 F1500 X99.59 Y119.955 E1409.08123
G0 F9000 X99.59 Y119.389
G1 F1500 X97.411 Y117.21 E1409.18372
G0 F9000 X97.411 Y116.644
G1 F1500 X99.59 Y118.823 E1409.28622
G0 F9000 X99.59 Y118.257
G1 F1500 X97.411 Y116.078 E1409.38871
G0 F9000 X97.411 Y115.512
G1 F1500 X99.59 Y117.692 E1409.49123
G0 F9000 X99.59 Y117.126
G1 F1500 X97.411 Y114.947 E1409.59372
G0 F9000 X97.411 Y114.381
G1 F1500 X99.59 Y116.56 E1409.69621
G0 F9000 X99.59 Y115.995
G1 F1500 X97.411 Y113.815 E1409.79873
G0 F9000 X97.411 Y113.25
G1 F1500 X99.59 Y115.429 E1409.90122
G0 F9000 X99.59 Y114.863
G1 F1500 X97.411 Y112.684 E1410.00372
G0 F9000 X97.411 Y112.118
G1 F1500 X99.59 Y114.298 E1410.10623
G0 F9000 X99.59 Y113.732
G1 F1500 X97.411 Y111.553 E1410.20873
G0 F9000 X97.411 Y110.987
G1 F1500 X99.59 Y113.166 E1410.31122
G0 F9000 X99.59 Y112.601
G1 F1500 X97.411 Y110.421 E1410.41374
G0 F9000 X97.411 Y109.856
G1 F1500 X99.59 Y112.035 E1410.51623
G0 F9000 X99.59 Y111.469
G1 F1500 X97.411 Y109.29 E1410.61873
G0 F9000 X97.411 Y108.724
G1 F1500 X99.59 Y110.904 E1410.72124
G0 F9000 X99.59 Y110.338
G1 F1500 X97.411 Y108.159 E1410.82374
G0 F9000 X97.411 Y107.593
G1 F1500 X99.59 Y109.772 E1410.92623
G0 F9000 X99.59 Y109.206
G1 F1500 X97.411 Y107.027 E1411.02872
G0 F9000 X97.411 Y106.461
G1 F1500 X99.59 Y108.641 E1411.13124
G0 F9000 X99.59 Y108.075
G1 F1500 X97.411 Y105.896 E1411.23373
G0 F9000 X97.411 Y105.33
G1 F1500 X99.59 Y107.509 E1411.33623
G0 F9000 X99.59 Y106.944
G1 F1500 X97.411 Y104.764 E1411.43874
G0 F9000 X97.411 Y104.199
G1 F1500 X99.59 Y106.378 E1411.54124
G0 F9000 X99.59 Y105.812
G1 F1500 X97.411 Y103.633 E1411.64373
G0 F9000 X97.411 Y103.067
G1 F1500 X99.59 Y105.247 E1411.74625
G0 F9000 X99.59 Y104.681
G1 F1500 X97.411 Y102.502 E1411.84874
G0 F9000 X97.411 Y101.936
G1 F1500 X99.59 Y104.115 E1411.95123
G0 F9000 X99.59 Y103.55
G1 F1500 X97.411 Y101.37 E1412.05375
G0 F9000 X97.411 Y100.805
G1 F1500 X99.59 Y102.984 E1412.15625
G0 F9000 X99.59 Y102.418
G1 F1500 X97.411 Y100.239 E1412.25874
G0 F9000 X97.411 Y99.673
G1 F1500 X99.59 Y101.853 E1412.36126
G0 F9000 X99.59 Y101.287
G1 F1500 X97.411 Y99.108 E1412.46375
G0 F9000 X97.411 Y98.542
G1 F1500 X99.59 Y100.721 E1412.56624
G0 F9000 X99.59 Y100.156
G1 F1500 X97.411 Y97.976 E1412.66876
G0 F9000 X97.411 Y97.411
G1 F1500 X99.59 Y99.59 E1412.77125
G0 F9000 X99.59 Y99.024
G1 F1500 X97.411 Y96.845 E1412.87375
G0 F9000 X97.411 Y96.279
G1 F1500 X99.59 Y98.458 E1412.97624
G0 F9000 X99.59 Y97.893
G1 F1500 X97.411 Y95.713 E1413.07876
G0 F9000 X97.411 Y95.148
G1 F1500 X99.59 Y97.327 E1413.18125
G0 F9000 X99.59 Y96.761
G1 F1500 X97.575 Y94.746 E1413.27603
G0 F9000 X98.294 Y94.9
G1 F1500 X99.59 Y96.196 E1413.33699
G0 F9000 X99.59 Y95.63
G1 F1500 X98.848 Y94.888 E1413.37189
G0 F9000 X99.301 Y94.776
G1 F1500 X99.59 Y95.064 E1413.38546
G0 F9000 X99.202 Y94.326
G0 X99.999 Y93.286
G0 X100.143 Y92.904
G0 X100.193 Y92.5
G0 X100.153 Y92.172
G0 X99.611 Y90.889
G0 X99.79 Y90.688
G1 F1500 X99.284 Y90.423 E1413.40446
G1 X98.76 Y90.305 E1413.42232
G1 X98.24 Y90.304 E1413.43962
G1 X97.692 Y90.435 E1413.45836
G1 X97.212 Y90.686 E1413.47638
G1 X97.211 Y88.461 E1413.55038
G1 X99.79 Y88.461 E1413.63616
G1 X99.79 Y90.688 E1413.71023
G0 F9000 X99.611 Y90.889
G0 X99.966 Y91.095
G0 X100.05 Y88.84
G0 X99.588 Y88.84
G1 F1500 X99.409 Y88.661 E1413.71865
G0 F9000 X98.843 Y88.661
G1 F1500 X99.588 Y89.406 E1413.75369
G0 F9000 X99.588 Y89.972
G1 F1500 X98.277 Y88.661 E1413.81535
G0 F9000 X97.712 Y88.661
G1 F1500 X99.264 Y90.213 E1413.88836
G0 F9000 X98.59 Y90.105
G1 F1500 X97.41 Y88.925 E1413.94386
G0 F9000 X97.41 Y89.49
G1 F1500 X98.059 Y90.139 E1413.97439
G0 F9000 X97.599 Y90.245
G1 F1500 X97.41 Y90.056 E1413.98328
G1 F2700 E1408.98328
G0 F9000 X96.951 Y90.056
G0 X97.035 Y91.093
G0 X98.296 Y90.82
G0 X98.704 Y90.82
G0 X99.1 Y90.917
G0 X99.461 Y91.107
G0 X99.767 Y91.378
G0 X99.999 Y91.714
G0 X100.116 Y92.024
G0 X100.33 Y93.939
G0 X116.974 Y93.348
G0 X118.272 Y93.841
;TYPE:WALL-INNER
G1 F2700 E1413.98328
G1 F1500 X117.843 Y93.735 E1413.99797
G1 X117.448 Y93.529 E1414.01279
G1 X117.109 Y93.226 E1414.02791
G1 X116.857 Y92.861 E1414.04267
G1 X116.7 Y92.445 E1414.05746
G1 X116.651 Y92 E1414.07235
G1 X116.699 Y91.558 E1414.08713
G1 X116.857 Y91.139 E1414.10203
G1 X117.109 Y90.774 E1414.11678
G1 X117.449 Y90.47 E1414.13195
G1 X117.847 Y90.264 E1414.14685
G1 X118.244 Y90.167 E1414.16045
G1 X118.723 Y90.158 E1414.17638
G1 X119.155 Y90.265 E1414.19118
G1 X119.554 Y90.473 E1414.20615
G1 X119.891 Y90.774 E1414.22118
G1 X120.142 Y91.137 E1414.23586
G1 X120.302 Y91.561 E1414.25093
G1 X120.35 Y92 E1414.26562
G1 X120.302 Y92.437 E1414.28024
G1 X120.142 Y92.862 E1414.29534
G1 X119.891 Y93.226 E1414.31005
G1 X119.555 Y93.526 E1414.32503
G1 X119.158 Y93.735 E1414.33995
G1 X118.727 Y93.841 E1414.35472
G1 X118.272 Y93.841 E1414.36985
G1 F2700 E1409.36985
G0 F9000 X118.248 Y93.939
G0 X118.254 Y124.979
G0 X118.278 Y128.842
G1 F2700 E1414.36985
G1 F1500 X117.846 Y128.736 E1414.38464
G1 X117.449 Y128.53 E1414.39952
G1 X117.109 Y128.226 E1414.41469
G1 X116.857 Y127.861 E1414.42944
G1 X116.7 Y127.445 E1414.44423
G1 X116.651 Y127 E1414.45912
G1 X116.699 Y126.558 E1414.47391
G1 X116.857 Y126.139 E1414.4888
G1 X117.109 Y125.774 E1414.50355
G1 X117.448 Y125.471 E1414.51868
G1 X117.843 Y125.265 E1414.53349
G1 X118.272 Y125.159 E1414.54819
G1 X118.727 Y125.159 E1414.56333
G1 X119.157 Y125.265 E1414.57806
G1 X119.555 Y125.474 E1414.59301
G1 X119.891 Y125.774 E1414.60799
G1 X120.142 Y126.137 E1414.62267
G1 X120.302 Y126.561 E1414.63774
G1 X120.35 Y127 E1414.65243
G1 X120.302 Y127.437 E1414.66705
G1 X120.142 Y127.862 E1414.68215
G1 X119.891 Y128.226 E1414.69686
G1 X119.554 Y128.527 E1414.71189
G1 X119.154 Y128.736 E1414.7269
G1 X118.756 Y128.833 E1414.74053
G1 X118.278 Y128.842 E1414.75643
G1 F2700 E1409.75643
G0 F9000 X118.254 Y128.94
G0 X117.342 Y128.677
G0 X115.801 Y128.677
G0 X115.601 Y131.399
G1 F2700 E1414.75643
G1 F1500 X121.4 Y131.4 E1414.9493
G1 X121.4 Y87.6 E1416.4061
G1 X115.601 Y87.601 E1416.59897
G1 X115.601 Y131.399 E1418.0557
G0 F9000 X115.201 Y131.799
;TYPE:WALL-OUTER
G1 F1500 X121.8 Y131.8 E1418.27518
G1 X121.8 Y87.2 E1419.75858
G1 X115.201 Y87.201 E1419.97807
G1 X115.201 Y131.799 E1421.4614
G1 F2700 E1416.4614
G0 F9000 X115.47 Y131.53
G0 X118.178 Y131.219
G0 X118.25 Y129.022
G0 X118.299 Y128.436
G1 F2700 E1421.4614
G1 F1500 X118.008 Y128.364 E1421.47137
G1 X117.657 Y128.18 E1421.48456
G1 X117.4 Y127.943 E1421.49618
G1 X117.206 Y127.653 E1421.50779
G1 X117.089 Y127.334 E1421.51909
G1 X117.051 Y127 E1421.53027
G1 X117.099 Y126.63 E1421.54268
G1 X117.229 Y126.303 E1421.55438
G1 X117.431 Y126.022 E1421.56589
G1 X117.698 Y125.792 E1421.57761
G1 X118.008 Y125.636 E1421.58916
G1 X118.299 Y125.564 E1421.59913
G1 X118.7 Y125.564 E1421.61246
G1 X118.992 Y125.636 E1421.62247
G1 X119.343 Y125.82 E1421.63565
G1 X119.6 Y126.057 E1421.64728
G1 X119.794 Y126.347 E1421.65888
G1 X119.912 Y126.677 E1421.67054
G1 X119.95 Y127 E1421.68135
G1 X119.911 Y127.334 E1421.69254
G1 X119.771 Y127.697 E1421.70548
G1 X119.569 Y127.978 E1421.71699
G1 X119.302 Y128.208 E1421.72871
G1 X118.992 Y128.364 E1421.74025
G1 X118.687 Y128.439 E1421.7507
G1 X118.299 Y128.436 E1421.7636
G1 F2700 E1416.7636
G0 F9000 X118.18 Y128.922
G0 X117.233 Y128.122
G0 X117.001 Y127.786
G0 X116.857 Y127.404
G0 X116.807 Y127
G0 X116.857 Y126.596
G0 X117.001 Y126.214
G0 X118.25 Y124.978
G0 X118.25 Y94.022
G0 X118.299 Y93.436
G1 F2700 E1421.7636
G1 F1500 X118.008 Y93.364 E1421.77358
G1 X117.657 Y93.18 E1421.78676
G1 X117.4 Y92.943 E1421.79838
G1 X117.206 Y92.653 E1421.80999
G1 X117.089 Y92.334 E1421.82129
G1 X117.051 Y92 E1421.83247
G1 X117.099 Y91.63 E1421.84488
G1 X117.229 Y91.303 E1421.85658
G1 X117.431 Y91.022 E1421.86809
G1 X117.698 Y90.792 E1421.87982
G1 X118.008 Y90.636 E1421.89136
G1 X118.313 Y90.561 E1421.9018
G1 X118.701 Y90.564 E1421.91471
G1 X118.992 Y90.636 E1421.92468
G1 X119.343 Y90.82 E1421.93786
G1 X119.6 Y91.057 E1421.94949
G1 X119.794 Y91.347 E1421.96109
G1 X119.912 Y91.677 E1421.97275
G1 X119.95 Y92 E1421.98357
G1 X119.911 Y92.334 E1421.99475
G1 X119.771 Y92.697 E1422.00769
G1 X119.569 Y92.978 E1422.0192
G1 X119.302 Y93.208 E1422.03092
G1 X118.992 Y93.364 E1422.04247
G1 X118.7 Y93.436 E1422.05247
G1 X118.299 Y93.436 E1422.06581
G1 F2700 E1417.06581
G0 F9000 X118.18 Y93.922
G0 X115.801 Y94.022
G0 X115.961 Y131.039
;TYPE:SKIN
G1 F2700 E1422.06581
G1 F1515.2 X115.958 Y127.625 E1422.17822
G1 F1583.1 X115.943 Y127 E1422.19792
G1 F1570.7 X115.962 Y125.89 E1422.23318
G1 F1507.5 X115.96 Y109.257 E1422.78363
G1 F1522.8 X115.958 Y92.624 E1423.32855
G1 F1583.1 X115.943 Y92 E1423.34822
G1 F1570.7 X115.962 Y90.89 E1423.38349
G1 F1500 X115.961 Y87.961 E1423.4809
G1 X121.04 Y87.96 E1423.64983
G1 F1515.2 X121.044 Y91.479 E1423.7657
G1 F1583.1 X121.058 Y92 E1423.78213
G1 F1587.3 X121.044 Y92.518 E1423.79842
G1 F1530.6 X121.044 Y126.479 E1424.90537
G1 F1583.1 X121.058 Y127 E1424.9218
G1 F1587.3 X121.044 Y127.518 E1424.93808
G1 F1515.2 X121.04 Y131.039 E1425.05402
G1 F1500 X115.961 Y131.039 E1425.22295
G1 F2700 E1420.22295
G0 F9000 X115.701 Y131.039
G0 X118.264 Y131.219
G0 X118.264 Y129.021
G0 X118.204 Y129.196
G1 F2700 E1425.22295
G1 F1500 X118.775 Y129.199 E1425.24194
G1 X119.267 Y129.08 E1425.25878
G1 X119.735 Y128.843 E1425.27623
G1 X120.175 Y128.448 E1425.29589
G1 X120.474 Y128.004 E1425.3137
G1 F1515.2 X120.654 Y127.51 E1425.33101
G1 F1583.1 X120.692 Y126.98 E1425.34775
G1 X120.652 Y126.5 E1425.36293
G1 F1515.2 X120.476 Y125.997 E1425.38048
G1 F1500 X120.175 Y125.551 E1425.39838
G1 X119.779 Y125.189 E1425.41622
G1 X119.263 Y124.92 E1425.43558
G1 X118.796 Y124.804 E1425.45158
G1 X118.204 Y124.804 E1425.47127
G1 X117.734 Y124.92 E1425.48737
G1 X117.223 Y125.187 E1425.50655
G1 X116.824 Y125.553 E1425.52456
G1 X116.549 Y125.951 E1425.54065
G1 F1542.4 X116.348 Y126.475 E1425.5588
G1 F1612.9 X116.309 Y126.981 E1425.5745
G1 F1578.9 X116.349 Y127.527 E1425.5918
G1 F1511.3 X116.527 Y128.007 E1425.6087
G1 F1500 X116.824 Y128.447 E1425.62635
G1 X117.223 Y128.813 E1425.64436
G1 X117.689 Y129.063 E1425.66195
G1 X118.204 Y129.196 E1425.67964
G1 F2700 E1420.67964
G0 F9000 X118.266 Y128.943
G0 X117.233 Y128.122
G0 X117.001 Y127.786
G0 X116.857 Y127.404
G0 X116.807 Y127
G0 X116.857 Y126.596
G0 X117.001 Y126.214
G0 X117.189 Y125.942
G0 X118.266 Y124.979
G0 X118.266 Y94.021
G0 X118.204 Y94.196
G1 F2700 E1425.67964
G1 F1500 X118.796 Y94.196 E1425.69933
G1 X119.263 Y94.08 E1425.71533
G1 X119.779 Y93.811 E1425.73469
G1 X120.175 Y93.448 E1425.75256
G1 X120.474 Y93.004 E1425.77036
G1 F1515.2 X120.654 Y92.51 E1425.78767
G1 F1583.1 X120.692 Y91.98 E1425.80442
G1 X120.652 Y91.5 E1425.8196
G1 F1515.2 X120.476 Y90.997 E1425.83714
G1 F1500 X120.175 Y90.551 E1425.85504
G1 X119.736 Y90.159 E1425.87462
G1 X119.311 Y89.937 E1425.89056
G1 X118.796 Y89.804 E1425.90825
G1 X118.225 Y89.801 E1425.92725
G1 X117.732 Y89.92 E1425.94411
G1 X117.266 Y90.157 E1425.9615
G1 X116.824 Y90.553 E1425.98124
G1 X116.549 Y90.951 E1425.99733
G1 F1542.4 X116.348 Y91.475 E1426.01548
G1 F1612.9 X116.309 Y91.981 E1426.03118
G1 F1578.9 X116.349 Y92.527 E1426.04848
G1 F1511.3 X116.527 Y93.007 E1426.06538
G1 F1500 X116.824 Y93.447 E1426.08304
G1 X117.223 Y93.813 E1426.10104
G1 X117.689 Y94.063 E1426.11863
G1 X118.204 Y94.196 E1426.13632
G1 F2700 E1421.13632
G0 F9000 X118.266 Y93.943
G0 X119.461 Y93.393
G0 X119.767 Y93.122
G0 X119.999 Y92.786
G0 X120.143 Y92.404
G0 X120.193 Y92
G0 X119.71 Y90.37
G0 X121.2 Y90.37
G0 X120.841 Y88.596
G1 F2700 E1426.13632
G1 F1500 X120.404 Y88.16 E1426.15686
G0 F9000 X119.839 Y88.16
G1 F1500 X120.841 Y89.163 E1426.20401
G0 F9000 X120.842 Y89.729
G1 F1500 X119.273 Y88.16 E1426.27781
G0 F9000 X118.707 Y88.16
G1 F1500 X120.803 Y90.256 E1426.3764
G0 F9000 X120.413 Y90.431
G1 F1500 X118.142 Y88.161 E1426.4832
G0 F9000 X117.577 Y88.161
G1 F1500 X119.084 Y89.668 E1426.55408
G0 F9000 X118.45 Y89.601
G1 F1500 X117.011 Y88.161 E1426.62179
G0 F9000 X116.445 Y88.161
G1 F1500 X117.946 Y89.661 E1426.69237
G0 F9000 X117.516 Y89.798
G1 F1500 X116.159 Y88.441 E1426.7562
G0 F9000 X116.159 Y89.007
G1 F1500 X117.145 Y89.992 E1426.80256
G0 F9000 X116.844 Y90.257
G1 F1500 X116.16 Y89.573 E1426.83473
G0 F9000 X116.16 Y90.139
G1 F1500 X116.331 Y90.31 E1426.84277
G1 X116.332 Y90.31
G1 X116.577 Y90.555 E1426.8543
G0 F9000 X116.349 Y90.893
G1 F1500 X116.161 Y90.705 E1426.86314
G0 F9000 X115.701 Y90.705
G0 X115.701 Y92.965
G0 X116.158 Y92.965
G1 F1500 X116.443 Y93.25 E1426.87654
G0 F9000 X116.161 Y93.533
G1 F1500 X116.321 Y93.694 E1426.88409
G1 X116.322 Y93.695
G1 X120.839 Y98.212 E1427.09656
G0 F9000 X120.839 Y98.777
G1 F1500 X116.161 Y94.099 E1427.3166
G0 F9000 X116.161 Y94.665
G1 F1500 X120.839 Y99.343 E1427.53664
G0 F9000 X120.839 Y99.909
G1 F1500 X116.161 Y95.231 E1427.75668
G0 F9000 X116.161 Y95.796
G1 F1500 X120.839 Y100.474 E1427.97671
G0 F9000 X120.839 Y101.04
G1 F1500 X116.161 Y96.362 E1428.19675
G0 F9000 X116.161 Y96.928
G1 F1500 X120.839 Y101.606 E1428.41679
G0 F9000 X120.839 Y102.171
G1 F1500 X116.161 Y97.493 E1428.63683
G0 F9000 X116.161 Y98.059
G1 F1500 X120.839 Y102.737 E1428.85687
G0 F9000 X120.839 Y103.303
G1 F1500 X116.161 Y98.625 E1429.07691
G0 F9000 X116.161 Y99.19
G1 F1500 X120.839 Y103.869 E1429.29697
G0 F9000 X120.839 Y104.434
G1 F1500 X116.161 Y99.756 E1429.51701
G0 F9000 X116.161 Y100.322
G1 F1500 X120.839 Y105 E1429.73705
G0 F9000 X120.839 Y105.566
G1 F1500 X116.161 Y100.887 E1429.95711
G0 F9000 X116.161 Y101.453
G1 F1500 X120.839 Y106.131 E1430.17715
G0 F9000 X120.839 Y106.697
G1 F1500 X116.161 Y102.019 E1430.39719
G0 F9000 X116.161 Y102.584
G1 F1500 X120.839 Y107.263 E1430.61725
G0 F9000 X120.839 Y107.828
G1 F1500 X116.161 Y103.15 E1430.83729
G0 F9000 X116.161 Y103.716
G1 F1500 X120.839 Y108.394 E1431.05733
G0 F9000 X120.839 Y108.96
G1 F1500 X116.161 Y104.281 E1431.27739
G0 F9000 X116.161 Y104.847
G1 F1500 X120.839 Y109.525 E1431.49743
G0 F9000 X120.839 Y110.091
G1 F1500 X116.161 Y105.413 E1431.71747
G0 F9000 X116.161 Y105.979
G1 F1500 X120.839 Y110.657 E1431.93751
G0 F9000 X120.839 Y111.222
G1 F1500 X116.161 Y106.544 E1432.15755
G0 F9000 X116.161 Y107.11
G1 F1500 X120.839 Y111.788 E1432.37758
G0 F9000 X120.839 Y112.354
G1 F1500 X116.161 Y107.676 E1432.59762
G0 F9000 X116.161 Y108.241
G1 F1500 X120.839 Y112.92 E1432.81769
G0 F9000 X120.839 Y113.485
G1 F1500 X116.161 Y108.807 E1433.03772
G0 F9000 X116.161 Y109.373
G1 F1500 X120.839 Y114.051 E1433.25776
G0 F9000 X120.839 Y114.617
G1 F1500 X116.161 Y109.938 E1433.47783
G0 F9000 X116.161 Y110.504
G1 F1500 X120.839 Y115.182 E1433.69786
G0 F9000 X120.839 Y115.748
G1 F1500 X116.161 Y111.07 E1433.9179
G0 F9000 X116.161 Y111.635
G1 F1500 X120.839 Y116.314 E1434.13797
G0 F9000 X120.839 Y116.879
G1 F1500 X116.161 Y112.201 E1434.358
G0 F9000 X116.161 Y112.767
G1 F1500 X120.839 Y117.445 E1434.57804
G0 F9000 X120.839 Y118.011
G1 F1500 X116.161 Y113.332 E1434.79811
G0 F9000 X116.161 Y113.898
G1 F1500 X120.839 Y118.576 E1435.01814
G0 F9000 X120.839 Y119.142
G1 F1500 X116.161 Y114.464 E1435.23818
G0 F9000 X116.161 Y115.03
G1 F1500 X120.839 Y119.708 E1435.45822
G0 F9000 X120.839 Y120.273
G1 F1500 X116.161 Y115.595 E1435.67826
G0 F9000 X116.161 Y116.161
G1 F1500 X120.839 Y120.839 E1435.8983
G0 F9000 X120.839 Y121.405
G1 F1500 X116.161 Y116.727 E1436.11834
G0 F9000 X116.161 Y117.292
G1 F1500 X120.839 Y121.97 E1436.33838
G0 F9000 X120.839 Y122.536
G1 F1500 X116.161 Y117.858 E1436.55842
G0 F9000 X116.161 Y118.424
G1 F1500 X120.839 Y123.102 E1436.77845
G0 F9000 X120.839 Y123.668
G1 F1500 X116.161 Y118.989 E1436.99852
G0 F9000 X116.161 Y119.555
G1 F1500 X120.839 Y124.233 E1437.21856
G0 F9000 X120.839 Y124.799
G1 F1500 X116.161 Y120.121 E1437.43859
G0 F9000 X116.161 Y120.686
G1 F1500 X120.75 Y125.275 E1437.65445
G1 X120.751 Y125.276
G1 X120.839 Y125.365 E1437.65861
G0 F9000 X120.325 Y125.416
G1 F1500 X120.84 Y125.931 E1437.68283
G0 F9000 X120.278 Y125.369
G1 F1500 X116.161 Y121.252 E1437.87648
G0 F9000 X116.161 Y121.818
G1 F1500 X118.988 Y124.645 E1438.00946
G0 F9000 X118.376 Y124.598
G1 F1500 X116.161 Y122.383 E1438.11364
G0 F9000 X116.161 Y122.949
G1 F1500 X117.886 Y124.674 E1438.19478
G0 F9000 X117.47 Y124.824
G1 F1500 X116.161 Y123.515 E1438.25635
G0 F9000 X116.161 Y124.08
G1 F1500 X117.103 Y125.023 E1438.30069
G0 F9000 X116.805 Y125.29
G1 F1500 X116.161 Y124.646 E1438.33098
G0 F9000 X116.198 Y125.249
G1 F1500 X116.548 Y125.599 E1438.34744
G0 F9000 X116.33 Y125.947
G1 F1500 X116.162 Y125.778 E1438.35537
G0 F9000 X115.701 Y125.778
G0 X115.701 Y128.04
G0 X116.16 Y128.04
G1 F1500 X116.611 Y128.49 E1438.37656
G0 F9000 X116.271 Y128.716
G1 F1500 X118.393 Y130.838 E1438.47637
G0 F9000 X118.958 Y130.838
G1 F1500 X117.024 Y128.903 E1438.56736
G0 F9000 X116.27 Y128.716
G1 F1500 X116.161 Y128.606 E1438.57251
G0 F9000 X116.162 Y129.172
G1 F1500 X117.827 Y130.838 E1438.65085
G0 F9000 X117.261 Y130.838
G1 F1500 X116.162 Y129.738 E1438.70257
G0 F9000 X116.162 Y130.304
G1 F1500 X116.695 Y130.838 E1438.72766
G1 F2700 E1433.72766
G0 F9000 X116.693 Y131.299
G0 X118.155 Y131.219
G0 X118.25 Y129.022
G0 X118.048 Y129.362
G1 F2700 E1438.72766
G1 F1500 X119.524 Y130.838 E1438.79709
G0 F9000 X120.09 Y130.838
G1 F1500 X118.648 Y129.397 E1438.8649
G0 F9000 X119.134 Y129.317
G1 F1500 X120.655 Y130.838 E1438.93644
G0 F9000 X120.84 Y130.456
G1 F1500 X119.548 Y129.165 E1438.99719
G0 F9000 X119.911 Y128.962
G1 F1500 X120.84 Y129.891 E1439.04088
G0 F9000 X120.84 Y129.325
G1 F1500 X120.209 Y128.694 E1439.07056
G0 F9000 X120.462 Y128.382
G1 F1500 X120.84 Y128.759 E1439.08832
G0 F9000 X120.84 Y128.194
G1 F1500 X120.676 Y128.03 E1439.09603
G1 F2700 E1434.09603
G0 F9000 X120.248 Y127.869
G0 X120.154 Y126.723
G0 X119.657 Y125.322
G0 X121.2 Y125.322
G0 X120.839 Y97.646
G1 F2700 E1439.09603
G1 F1500 X117.255 Y94.062 E1439.26462
G0 F9000 X118.147 Y94.388
G1 F1500 X120.839 Y97.08 E1439.39124
G0 F9000 X120.839 Y96.515
G1 F1500 X118.725 Y94.4 E1439.4907
G0 F9000 X119.193 Y94.303
G1 F1500 X120.839 Y95.949 E1439.56812
G0 F9000 X120.839 Y95.383
G1 F1500 X119.595 Y94.139 E1439.62663
G0 F9000 X119.949 Y93.927
G1 F1500 X120.839 Y94.818 E1439.66852
G0 F9000 X120.839 Y94.252
G1 F1500 X120.247 Y93.659 E1439.69639
G0 F9000 X120.491 Y93.338
G1 F1500 X120.839 Y93.686 E1439.71276
G0 F9000 X120.839 Y93.121
G1 F1500 X120.694 Y92.976 E1439.71958
G1 F2700 E1434.71958
G0 F9000 X120.268 Y92.815
G0 X120.381 Y91.205
G0 X121.2 Y91.205
G0 X120.845 Y90.863
G1 F2700 E1439.71958
G1 F1500 X120.413 Y90.432 E1439.73988
G1 F2700 E1434.73988
G0 F9000 X119.792 Y90.55
G0 X120.53 Y92
G0 X136.664 Y103.414
G0 X136.85 Y107.148
;TYPE:WALL-INNER
G1 F2700 E1439.73988
G1 F1500 X137.114 Y106.768 E1439.75527
G1 X137.452 Y106.468 E1439.7703
G1 X137.849 Y106.263 E1439.78516
G1 X138.28 Y106.162 E1439.79988
G1 X138.72 Y106.163 E1439.81452
G1 X139.151 Y106.263 E1439.82923
G1 X139.549 Y106.47 E1439.84415
G1 X139.887 Y106.77 E1439.85918
G1 X140.15 Y107.148 E1439.8745
G1 X140.15 Y103.6 E1439.99251
G1 X136.851 Y103.601 E1440.10223
G1 X136.85 Y107.148 E1440.22021
G0 F9000 X136.951 Y106.467
G0 X136.834 Y107.709
G0 X136.951 Y112.13
G0 X136.851 Y112.399
G1 F1500 X140.15 Y112.4 E1440.32993
G1 X140.15 Y108.852 E1440.44794
G1 X139.887 Y109.229 E1440.46323
G1 X139.55 Y109.53 E1440.47826
G1 X139.151 Y109.737 E1440.49321
G1 X138.72 Y109.837 E1440.50792
G1 X138.28 Y109.838 E1440.52256
G1 X137.849 Y109.737 E1440.53728
G1 X137.451 Y109.532 E1440.55217
G1 X137.114 Y109.231 E1440.5672
G1 X136.85 Y108.852 E1440.58256
G1 X136.851 Y112.399 E1440.70053
G0 F9000 X136.451 Y112.799
;TYPE:WALL-OUTER
G1 F1500 X140.55 Y112.8 E1440.83687
G1 X140.55 Y108.791 E1440.97021
G1 F1304.3 X140.49 Y108.389 E1440.98575
G1 F1176.5 X140.5 Y108 E1441.00226
G1 X140.49 Y107.639 E1441.01757
G1 F1304.3 X140.55 Y107.209 E1441.03418
G1 F1500 X140.55 Y103.2 E1441.16752
G1 X136.451 Y103.201 E1441.30385
G1 X136.45 Y107.209 E1441.43716
G1 F1304.3 X136.51 Y107.639 E1441.45376
G1 F1176.5 X136.5 Y108 E1441.46908
G1 X136.51 Y108.361 E1441.48439
G1 F1304.3 X136.45 Y108.791 E1441.501
G1 F1500 X136.451 Y112.799 E1441.63431
G1 F2700 E1436.63431
G0 F9000 X136.72 Y112.53
G0 X137.035 Y109.407
G0 X137.815 Y109.834
G0 X138.008 Y109.364
G1 F2700 E1441.63431
G1 F1500 X137.657 Y109.18 E1441.64749
G1 X137.4 Y108.943 E1441.65911
G1 X137.229 Y108.697 E1441.66908
G1 F1304.3 X137.028 Y108.33 E1441.68508
G1 F1174.2 X137.001 Y108.03 E1441.69788
G1 X137.028 Y107.67 E1441.71322
G1 F1304.3 X137.229 Y107.303 E1441.72923
G1 F1500 X137.431 Y107.022 E1441.74074
G1 X137.698 Y106.792 E1441.75246
G1 X138.008 Y106.636 E1441.764
G1 X138.325 Y106.56 E1441.77484
G1 X138.675 Y106.56 E1441.78648
G1 X138.992 Y106.636 E1441.79733
G1 X139.302 Y106.792 E1441.80887
G1 X139.569 Y107.022 E1441.82059
G1 X139.771 Y107.303 E1441.8321
G1 F1304.3 X139.972 Y107.67 E1441.84811
G1 F1176.5 X140 Y108 E1441.86215
G1 X139.971 Y108.344 E1441.87679
G1 F1304.3 X139.771 Y108.697 E1441.89231
G1 F1500 X139.569 Y108.978 E1441.90382
G1 X139.302 Y109.208 E1441.91554
G1 X138.992 Y109.364 E1441.92708
G1 X138.675 Y109.44 E1441.93792
G1 X138.325 Y109.44 E1441.94957
G1 X138.008 Y109.364 E1441.96041
G0 F9000 X137.815 Y109.834
G0 X137.035 Y109.407
G0 X136.951 Y112.039
G0 X137.211 Y112.039
;TYPE:SKIN
G1 F1500 X137.212 Y109.815 E1442.03438
G1 X137.692 Y110.065 E1442.05238
G1 X138.24 Y110.196 E1442.07112
G1 X138.76 Y110.195 E1442.08841
G1 X139.284 Y110.077 E1442.10628
G1 X139.79 Y109.812 E1442.12528
G1 X139.79 Y112.039 E1442.19935
G1 X137.211 Y112.039 E1442.28512
G0 F9000 X137.86 Y111.838
G1 F1500 X137.411 Y111.389 E1442.30624
G0 F9000 X137.412 Y110.824
G1 F1500 X138.426 Y111.838 E1442.35394
G0 F9000 X138.991 Y111.838
G1 F1500 X137.412 Y110.259 E1442.42821
G0 F9000 X138.084 Y110.365
G1 F1500 X139.557 Y111.838 E1442.4975
G0 F9000 X139.589 Y111.304
G1 F1500 X138.679 Y110.394 E1442.5403
G0 F9000 X139.16 Y110.31
G1 F1500 X139.589 Y110.739 E1442.56048
G0 F9000 X140.05 Y110.739
G0 X139.966 Y109.405
G0 X138.704 Y109.68
G0 X138.296 Y109.68
G0 X137.9 Y109.583
G0 X137.539 Y109.393
G0 X137.233 Y109.122
G0 X137.001 Y108.786
G0 X136.857 Y108.404
G0 X136.951 Y106.186
G0 X137.212 Y106.186
G1 F1500 X137.211 Y103.961 E1442.63448
G1 X139.79 Y103.961 E1442.72026
G1 X139.79 Y106.188 E1442.79433
G1 X139.284 Y105.923 E1442.81333
G1 X138.76 Y105.805 E1442.83119
G1 X138.24 Y105.804 E1442.84849
G1 X137.692 Y105.935 E1442.86723
G1 X137.212 Y106.186 E1442.88524
G0 F9000 X137.916 Y105.672
G1 F1500 X137.409 Y105.165 E1442.90909
G0 F9000 X137.409 Y104.6
G1 F1500 X138.414 Y105.604 E1442.95634
G0 F9000 X139.037 Y105.662
G1 F1500 X137.536 Y104.161 E1443.02694
G0 F9000 X138.102 Y104.161
G1 F1500 X139.589 Y105.648 E1443.09689
G0 F9000 X139.589 Y105.083
G1 F1500 X138.667 Y104.161 E1443.14026
G0 F9000 X139.233 Y104.161
G1 F1500 X139.589 Y104.517 E1443.157
G1 F2700 E1438.157
;MESH:NONMESH
G0 F300 X139.589 Y104.517 Z6.8
G0 F9000 X140.05 Y104.517
G0 X139.978 Y103.772
G0 X136.664 Y103.414
G0 X135.585 Y103.414
G0 X122.653 Y86.347
G0 X114.347 Y86.347
G0 X95.597 Y86.847
G0 X84.415 Y103.414
G0 X83.15 Y92.148
;TIME_ELAPSED:2675.760076
;LAYER:33
;TYPE:WALL-INNER
;MESH:Spacers.stl
G1 F2700 E1443.157
G1 F1500 X83.15 Y88.6 E1443.27501
G1 X79.851 Y88.601 E1443.38473
G1 X79.85 Y92.148 E1443.50271
G1 X80.114 Y91.768 E1443.5181
G1 X80.452 Y91.468 E1443.53313
G1 X80.849 Y91.263 E1443.54799
G1 X81.28 Y91.162 E1443.56271
G1 X81.72 Y91.163 E1443.57735
G1 X82.151 Y91.263 E1443.59206
G1 X82.549 Y91.47 E1443.60698
G1 X82.887 Y91.77 E1443.62201
G1 X83.15 Y92.148 E1443.63733
G1 F2700 E1438.63733
G0 F9000 X82.676 Y91.447
G0 X83.143 Y92.596
G0 X83.15 Y127.148
G1 F2700 E1443.63733
G1 F1500 X83.15 Y93.852 E1444.74476
G1 X82.887 Y94.229 E1444.76005
G1 X82.55 Y94.53 E1444.77508
G1 X82.155 Y94.736 E1444.78989
G1 X81.727 Y94.841 E1444.80455
G1 X81.272 Y94.841 E1444.81969
G1 X80.846 Y94.736 E1444.83428
G1 X80.451 Y94.531 E1444.84908
G1 X80.114 Y94.232 E1444.86406
G1 X79.85 Y93.852 E1444.87945
G1 X79.85 Y127.148 E1445.98688
G1 X80.114 Y126.768 E1446.00227
G1 X80.451 Y126.468 E1446.01728
G1 X80.846 Y126.264 E1446.03207
G1 X81.272 Y126.159 E1446.04666
G1 X81.727 Y126.159 E1446.06179
G1 X82.155 Y126.264 E1446.07645
G1 X82.55 Y126.47 E1446.09127
G1 X82.887 Y126.771 E1446.1063
G1 X83.15 Y127.148 E1446.12158
G0 F9000 X83.193 Y128
G0 X82.978 Y132.228
G0 X83.15 Y132.4
G1 F1500 X83.15 Y128.852 E1446.23959
G1 X82.887 Y129.229 E1446.25488
G1 X82.55 Y129.53 E1446.26991
G1 X82.151 Y129.737 E1446.28486
G1 X81.72 Y129.837 E1446.29957
G1 X81.28 Y129.838 E1446.31421
G1 X80.849 Y129.737 E1446.32893
G1 X80.451 Y129.532 E1446.34382
G1 X80.114 Y129.231 E1446.35885
G1 X79.85 Y128.852 E1446.37421
G1 X79.851 Y132.399 E1446.49219
G1 X83.15 Y132.4 E1446.60191
G0 F9000 X83.55 Y132.8
;TYPE:WALL-OUTER
G1 F1500 X83.55 Y128.791 E1446.73525
G1 F1304.3 X83.49 Y128.389 E1446.7508
G1 F1176.5 X83.5 Y128 E1446.7673
G1 X83.49 Y127.639 E1446.78262
G1 F1304.3 X83.55 Y127.209 E1446.79922
G1 F1500 X83.55 Y93.791 E1447.91071
G1 F1304.3 X83.49 Y93.389 E1447.92626
G1 F1176.5 X83.5 Y93 E1447.94276
G1 X83.49 Y92.639 E1447.95807
G1 F1304.3 X83.55 Y92.209 E1447.97468
G1 F1500 X83.55 Y88.2 E1448.10802
G1 X79.451 Y88.201 E1448.24435
G1 X79.45 Y92.209 E1448.37766
G1 F1304.3 X79.51 Y92.639 E1448.39426
G1 F1176.5 X79.5 Y93 E1448.40958
G1 X79.51 Y93.361 E1448.42489
G1 F1304.3 X79.45 Y93.791 E1448.4415
G1 F1500 X79.45 Y127.209 E1449.55299
G1 F1304.3 X79.51 Y127.639 E1449.56959
G1 F1176.5 X79.5 Y128 E1449.58491
G1 X79.51 Y128.361 E1449.60022
G1 F1304.3 X79.45 Y128.791 E1449.61683
G1 F1500 X79.451 Y132.799 E1449.75014
G1 X83.55 Y132.8 E1449.88647
G1 F2700 E1444.88647
G0 F9000 X83.28 Y132.53
G0 X82.966 Y129.405
G0 X82.062 Y129.655
G0 X81.992 Y129.364
G1 F2700 E1449.88647
G1 F1500 X81.675 Y129.44 E1449.89731
G1 X81.325 Y129.44 E1449.90895
G1 X81.008 Y129.364 E1449.9198
G1 X80.657 Y129.18 E1449.93298
G1 X80.4 Y128.943 E1449.9446
G1 X80.229 Y128.697 E1449.95457
G1 F1304.3 X80.028 Y128.33 E1449.97057
G1 F1174.2 X80.001 Y127.97 E1449.98591
G1 X80.028 Y127.67 E1449.99871
G1 F1304.3 X80.229 Y127.303 E1450.01472
G1 F1500 X80.431 Y127.022 E1450.02623
G1 X80.698 Y126.792 E1450.03795
G1 X81.008 Y126.636 E1450.04949
G1 X81.299 Y126.564 E1450.05946
G1 X81.7 Y126.564 E1450.0728
G1 X81.992 Y126.636 E1450.0828
G1 X82.302 Y126.792 E1450.09434
G1 X82.569 Y127.022 E1450.10606
G1 X82.771 Y127.303 E1450.11758
G1 F1304.3 X82.972 Y127.67 E1450.13358
G1 F1176.5 X83 Y128 E1450.14762
G1 X82.971 Y128.344 E1450.16226
G1 F1304.3 X82.771 Y128.697 E1450.17778
G1 F1500 X82.569 Y128.978 E1450.18929
G1 X82.302 Y129.208 E1450.20101
G1 X81.992 Y129.364 E1450.21256
G1 F2700 E1445.21256
G0 F9000 X82.062 Y129.655
G0 X82.767 Y129.122
G0 X82.999 Y128.786
G0 X83.143 Y128.404
G0 X83.193 Y128
G0 X82.966 Y94.405
G0 X81.819 Y94.921
G0 X81.7 Y94.436
G1 F2700 E1450.21256
G1 F1500 X81.299 Y94.436 E1450.22589
G1 X81.008 Y94.364 E1450.23586
G1 X80.657 Y94.18 E1450.24905
G1 X80.4 Y93.943 E1450.26067
G1 X80.229 Y93.697 E1450.27064
G1 F1304.3 X80.028 Y93.33 E1450.28664
G1 F1174.2 X80.001 Y92.97 E1450.30198
G1 X80.028 Y92.67 E1450.31478
G1 F1304.3 X80.229 Y92.303 E1450.33079
G1 F1500 X80.431 Y92.022 E1450.3423
G1 X80.698 Y91.792 E1450.35402
G1 X81.008 Y91.636 E1450.36556
G1 X81.325 Y91.56 E1450.3764
G1 X81.675 Y91.56 E1450.38804
G1 X81.992 Y91.636 E1450.39888
G1 X82.302 Y91.792 E1450.41043
G1 X82.569 Y92.022 E1450.42215
G1 X82.771 Y92.303 E1450.43366
G1 F1304.3 X82.972 Y92.67 E1450.44966
G1 F1176.5 X83 Y93 E1450.46371
G1 X82.971 Y93.344 E1450.47835
G1 F1304.3 X82.771 Y93.697 E1450.49387
G1 F1500 X82.569 Y93.978 E1450.50538
G1 X82.302 Y94.208 E1450.5171
G1 X81.992 Y94.364 E1450.52864
G1 X81.7 Y94.436 E1450.53864
G1 F2700 E1445.53864
G0 F9000 X81.819 Y94.921
G0 X82.966 Y94.405
G0 X82.966 Y126.595
G0 X82.574 Y126.37
G0 X82.79 Y126.189
;TYPE:SKIN
G1 F2700 E1450.53864
G1 F1500 X82.267 Y125.921 E1450.55819
G1 X81.795 Y125.804 E1450.57436
G1 X81.204 Y125.804 E1450.59402
G1 X80.732 Y125.921 E1450.61019
G1 X80.212 Y126.185 E1450.62959
G1 X80.212 Y94.815 E1451.67296
G1 X80.732 Y95.079 E1451.69236
G1 X81.204 Y95.196 E1451.70853
G1 X81.794 Y95.196 E1451.72815
G1 X82.266 Y95.08 E1451.74432
G1 X82.79 Y94.812 E1451.7639
G1 X82.79 Y126.189 E1452.8075
G0 F9000 X82.419 Y125.752
G1 F1500 X82.59 Y125.582 E1452.81552
G0 F9000 X82.59 Y125.016
G1 F1500 X81.967 Y125.639 E1452.84482
G0 F9000 X81.442 Y125.598
G1 F1500 X82.59 Y124.45 E1452.89882
G0 F9000 X82.59 Y123.885
G1 F1500 X80.771 Y125.703 E1452.98436
G0 F9000 X80.412 Y125.497
G1 F1500 X82.59 Y123.319 E1453.0868
G0 F9000 X82.59 Y122.753
G1 F1500 X80.412 Y124.931 E1453.18925
G0 F9000 X80.412 Y124.365
G1 F1500 X82.59 Y122.188 E1453.29167
G0 F9000 X82.59 Y121.622
G1 F1500 X80.412 Y123.8 E1453.39412
G0 F9000 X80.412 Y123.234
G1 F1500 X82.59 Y121.056 E1453.49657
G0 F9000 X82.59 Y120.49
G1 F1500 X80.412 Y122.668 E1453.59901
G0 F9000 X80.412 Y122.103
G1 F1500 X82.59 Y119.925 E1453.70146
G0 F9000 X82.59 Y119.359
G1 F1500 X80.412 Y121.537 E1453.80391
G0 F9000 X80.412 Y120.971
G1 F1500 X82.59 Y118.793 E1453.90635
G0 F9000 X82.59 Y118.228
G1 F1500 X80.412 Y120.406 E1454.0088
G0 F9000 X80.412 Y119.84
G1 F1500 X82.59 Y117.662 E1454.11125
G0 F9000 X82.59 Y117.096
G1 F1500 X80.412 Y119.274 E1454.21369
G0 F9000 X80.412 Y118.709
G1 F1500 X82.59 Y116.531 E1454.31614
G0 F9000 X82.59 Y115.965
G1 F1500 X80.412 Y118.143 E1454.41858
G0 F9000 X80.412 Y117.577
G1 F1500 X82.59 Y115.399 E1454.52103
G0 F9000 X82.59 Y114.834
G1 F1500 X80.412 Y117.012 E1454.62348
G0 F9000 X80.412 Y116.446
G1 F1500 X82.59 Y114.268 E1454.72592
G0 F9000 X82.59 Y113.702
G1 F1500 X80.412 Y115.88 E1454.82837
G0 F9000 X80.412 Y115.314
G1 F1500 X82.59 Y113.137 E1454.93079
G0 F9000 X82.59 Y112.571
G1 F1500 X80.412 Y114.749 E1455.03324
G0 F9000 X80.412 Y114.183
G1 F1500 X82.59 Y112.005 E1455.13569
G0 F9000 X82.59 Y111.44
G1 F1500 X80.412 Y113.617 E1455.23811
G0 F9000 X80.412 Y113.052
G1 F1500 X82.59 Y110.874 E1455.34056
G0 F9000 X82.59 Y110.308
G1 F1500 X80.412 Y112.486 E1455.443
G0 F9000 X80.412 Y111.92
G1 F1500 X82.59 Y109.742 E1455.54545
G0 F9000 X82.59 Y109.177
G1 F1500 X80.412 Y111.355 E1455.64789
G0 F9000 X80.412 Y110.789
G1 F1500 X82.59 Y108.611 E1455.75034
G0 F9000 X82.59 Y108.045
G1 F1500 X80.412 Y110.223 E1455.85279
G0 F9000 X80.412 Y109.658
G1 F1500 X82.59 Y107.48 E1455.95523
G0 F9000 X82.59 Y106.914
G1 F1500 X80.412 Y109.092 E1456.05768
G0 F9000 X80.412 Y108.526
G1 F1500 X82.59 Y106.348 E1456.16013
G0 F9000 X82.59 Y105.783
G1 F1500 X80.412 Y107.961 E1456.26257
G0 F9000 X80.412 Y107.395
G1 F1500 X82.59 Y105.217 E1456.36502
G0 F9000 X82.59 Y104.651
G1 F1500 X80.412 Y106.829 E1456.46747
G0 F9000 X80.412 Y106.264
G1 F1500 X82.59 Y104.086 E1456.56991
G0 F9000 X82.59 Y103.52
G1 F1500 X80.412 Y105.698 E1456.67236
G0 F9000 X80.412 Y105.132
G1 F1500 X82.59 Y102.954 E1456.77481
G0 F9000 X82.59 Y102.389
G1 F1500 X80.412 Y104.566 E1456.87723
G0 F9000 X80.412 Y104.001
G1 F1500 X82.59 Y101.823 E1456.97968
G0 F9000 X82.59 Y101.257
G1 F1500 X80.412 Y103.435 E1457.08212
G0 F9000 X80.412 Y102.869
G1 F1500 X82.59 Y100.692 E1457.18454
G0 F9000 X82.59 Y100.126
G1 F1500 X80.412 Y102.304 E1457.28699
G0 F9000 X80.412 Y101.738
G1 F1500 X82.59 Y99.56 E1457.38944
G0 F9000 X82.59 Y98.994
G1 F1500 X80.412 Y101.172 E1457.49188
G0 F9000 X80.412 Y100.607
G1 F1500 X82.59 Y98.429 E1457.59433
G0 F9000 X82.59 Y97.863
G1 F1500 X80.412 Y100.041 E1457.69678
G0 F9000 X80.412 Y99.475
G1 F1500 X82.59 Y97.297 E1457.79922
G0 F9000 X82.59 Y96.732
G1 F1500 X80.412 Y98.91 E1457.90167
G0 F9000 X80.412 Y98.344
G1 F1500 X82.59 Y96.166 E1458.00412
G0 F9000 X82.59 Y95.6
G1 F1500 X80.412 Y97.778 E1458.10656
G0 F9000 X80.412 Y97.213
G1 F1500 X82.363 Y95.261 E1458.19835
G0 F9000 X81.659 Y95.4
G1 F1500 X80.412 Y96.647 E1458.25701
G0 F9000 X80.412 Y96.081
G1 F1500 X81.113 Y95.38 E1458.28998
G0 F9000 X80.661 Y95.267
G1 F1500 X80.412 Y95.515 E1458.30167
G0 F9000 X79.951 Y95.515
G0 X80.035 Y94.407
G0 X81.296 Y94.68
G0 X81.704 Y94.68
G0 X82.1 Y94.583
G0 X82.461 Y94.393
G0 X82.767 Y94.122
G0 X82.999 Y93.786
G0 X83.143 Y93.404
G0 X83.193 Y93
G0 X83.153 Y92.672
G0 X82.611 Y91.389
G0 X82.79 Y91.188
G1 F1500 X82.284 Y90.923 E1458.32067
G1 X81.76 Y90.805 E1458.33853
G1 X81.24 Y90.804 E1458.35583
G1 X80.692 Y90.935 E1458.37457
G1 X80.212 Y91.186 E1458.39259
G1 X80.211 Y88.961 E1458.46659
G1 X82.79 Y88.961 E1458.55237
G1 X82.79 Y91.188 E1458.62644
G0 F9000 X82.365 Y90.734
G1 F1500 X82.59 Y90.509 E1458.63702
G0 F9000 X82.59 Y89.943
G1 F1500 X81.902 Y90.631 E1458.66938
G0 F9000 X81.363 Y90.604
G1 F1500 X82.59 Y89.378 E1458.72707
G0 F9000 X82.242 Y89.16
G1 F1500 X80.675 Y90.727 E1458.80078
G0 F9000 X80.41 Y90.426
G1 F1500 X81.676 Y89.16 E1458.86033
G0 F9000 X81.11 Y89.16
G1 F1500 X80.41 Y89.86 E1458.89325
G0 F9000 X80.41 Y89.294
G1 F1500 X80.545 Y89.16 E1458.89958
G1 F2700 E1453.89958
G0 F9000 X80.545 Y88.7
G0 X80.023 Y88.773
G0 X79.807 Y93
G0 X79.857 Y93.404
G0 X80.001 Y93.786
G0 X80.863 Y94.906
G0 X82.966 Y94.405
G0 X83.193 Y128
G0 X82.978 Y132.228
G0 X82.79 Y132.039
G1 F2700 E1458.89958
G1 F1500 X80.211 Y132.039 E1458.98536
G1 X80.212 Y129.815 E1459.05933
G1 X80.692 Y130.065 E1459.07733
G1 X81.24 Y130.196 E1459.09607
G1 X81.76 Y130.195 E1459.11337
G1 X82.284 Y130.077 E1459.13123
G1 X82.79 Y129.812 E1459.15023
G1 X82.79 Y132.039 E1459.2243
G0 F9000 X81.99 Y131.838
G1 F1500 X82.59 Y131.239 E1459.2525
G0 F9000 X82.59 Y130.673
G1 F1500 X81.424 Y131.838 E1459.30732
G0 F9000 X80.859 Y131.838
G1 F1500 X82.452 Y130.244 E1459.38227
G1 X82.453 Y130.244
G1 X82.526 Y130.171 E1459.38571
G0 F9000 X81.738 Y130.394
G1 F1500 X80.411 Y131.72 E1459.4481
G0 F9000 X80.412 Y131.154
G1 F1500 X81.18 Y130.386 E1459.48422
G0 F9000 X80.718 Y130.282
G1 F1500 X80.412 Y130.587 E1459.49859
G1 F2700 E1454.49859
G0 F9000 X79.951 Y130.587
G0 X80.023 Y132.227
G0 X82.978 Y132.228
G0 X83.33 Y131.799
G0 X84.415 Y131.799
G0 X95.585 Y131.799
G0 X100.15 Y131.9
;TYPE:WALL-INNER
G1 F2700 E1459.49859
G1 F1500 X100.15 Y128.352 E1459.6166
G1 X99.887 Y128.729 E1459.63189
G1 X99.55 Y129.03 E1459.64692
G1 X99.151 Y129.237 E1459.66187
G1 X98.72 Y129.337 E1459.67659
G1 X98.28 Y129.338 E1459.69122
G1 X97.849 Y129.237 E1459.70594
G1 X97.451 Y129.032 E1459.72083
G1 X97.114 Y128.731 E1459.73586
G1 X96.85 Y128.352 E1459.75122
G1 X96.851 Y131.899 E1459.8692
G1 X100.15 Y131.9 E1459.97892
G0 F9000 X99.849 Y131.799
G0 X100.172 Y127.923
G0 X100.15 Y126.648
G1 F1500 X100.15 Y93.352 E1461.08635
G1 X99.887 Y93.729 E1461.10164
G1 X99.55 Y94.03 E1461.11667
G1 X99.155 Y94.236 E1461.13149
G1 X98.727 Y94.341 E1461.14614
G1 X98.272 Y94.341 E1461.16128
G1 X97.846 Y94.236 E1461.17587
G1 X97.451 Y94.031 E1461.19067
G1 X97.114 Y93.732 E1461.20566
G1 X96.85 Y93.352 E1461.22105
G1 X96.85 Y126.648 E1462.32848
G1 X97.114 Y126.268 E1462.34387
G1 X97.451 Y125.968 E1462.35887
G1 X97.846 Y125.764 E1462.37366
G1 X98.272 Y125.659 E1462.38825
G1 X98.727 Y125.659 E1462.40338
G1 X99.155 Y125.764 E1462.41804
G1 X99.55 Y125.97 E1462.43286
G1 X99.887 Y126.271 E1462.44789
G1 X100.15 Y126.648 E1462.46318
G1 F2700 E1457.46318
G0 F9000 X100.193 Y92.5
G0 X100.153 Y92.172
G0 X99.676 Y90.947
G0 X100.15 Y91.648
G1 F2700 E1462.46318
G1 F1500 X100.15 Y88.1 E1462.58118
G1 X96.851 Y88.101 E1462.69091
G1 X96.85 Y91.648 E1462.80888
G1 X97.114 Y91.268 E1462.82427
G1 X97.452 Y90.968 E1462.8393
G1 X97.849 Y90.763 E1462.85416
G1 X98.28 Y90.662 E1462.86889
G1 X98.72 Y90.663 E1462.88352
G1 X99.151 Y90.763 E1462.89824
G1 X99.549 Y90.97 E1462.91316
G1 X99.887 Y91.27 E1462.92819
G1 X100.15 Y91.648 E1462.94351
G1 F2700 E1457.94351
G0 F9000 X99.676 Y90.947
G0 X100.143 Y92.096
G0 X100.193 Y92.5
G0 X100.143 Y92.904
G0 X99.999 Y93.286
G0 X99.811 Y93.558
G0 X98.819 Y94.421
G0 X98.7 Y93.936
;TYPE:WALL-OUTER
G1 F2700 E1462.94351
G1 F1500 X98.299 Y93.936 E1462.95684
G1 X98.008 Y93.864 E1462.96681
G1 X97.657 Y93.68 E1462.98
G1 X97.4 Y93.443 E1462.99162
G1 X97.229 Y93.197 E1463.00159
G1 F1304.3 X97.028 Y92.83 E1463.01759
G1 F1174.2 X97.001 Y92.47 E1463.03293
G1 X97.028 Y92.17 E1463.04573
G1 F1304.3 X97.229 Y91.803 E1463.06174
G1 F1500 X97.431 Y91.522 E1463.07325
G1 X97.698 Y91.292 E1463.08497
G1 X98.008 Y91.136 E1463.09651
G1 X98.325 Y91.06 E1463.10735
G1 X98.675 Y91.06 E1463.11899
G1 X98.992 Y91.136 E1463.12983
G1 X99.302 Y91.292 E1463.14138
G1 X99.569 Y91.522 E1463.1531
G1 X99.771 Y91.803 E1463.16461
G1 F1304.3 X99.972 Y92.17 E1463.18061
G1 F1176.5 X100 Y92.5 E1463.19466
G1 X99.971 Y92.844 E1463.2093
G1 F1304.3 X99.771 Y93.197 E1463.22482
G1 F1500 X99.569 Y93.478 E1463.23633
G1 X99.302 Y93.708 E1463.24805
G1 X98.992 Y93.864 E1463.25959
G1 X98.7 Y93.936 E1463.26959
G1 F2700 E1458.26959
G0 F9000 X98.819 Y94.421
G0 X99.966 Y93.905
G0 X100.193 Y127.5
G0 X100.143 Y127.904
G0 X100.013 Y128.248
G0 X99.183 Y129.333
G0 X98.675 Y128.94
G1 F2700 E1463.26959
G1 F1500 X98.325 Y128.94 E1463.28123
G1 X98.008 Y128.864 E1463.29208
G1 X97.657 Y128.68 E1463.30526
G1 X97.4 Y128.443 E1463.31688
G1 X97.229 Y128.197 E1463.32685
G1 F1304.3 X97.028 Y127.83 E1463.34285
G1 F1174.2 X97.001 Y127.47 E1463.35819
G1 X97.028 Y127.17 E1463.37099
G1 F1304.3 X97.229 Y126.803 E1463.387
G1 F1500 X97.431 Y126.522 E1463.39851
G1 X97.698 Y126.292 E1463.41023
G1 X98.008 Y126.136 E1463.42177
G1 X98.299 Y126.064 E1463.43174
G1 X98.7 Y126.064 E1463.44508
G1 X98.992 Y126.136 E1463.45508
G1 X99.302 Y126.292 E1463.46662
G1 X99.569 Y126.522 E1463.47835
G1 X99.771 Y126.803 E1463.48986
G1 F1304.3 X99.972 Y127.17 E1463.50586
G1 F1176.5 X100 Y127.5 E1463.5199
G1 X99.971 Y127.844 E1463.53454
G1 F1304.3 X99.771 Y128.197 E1463.55006
G1 F1500 X99.569 Y128.478 E1463.56157
G1 X99.302 Y128.708 E1463.57329
G1 X98.992 Y128.864 E1463.58484
G1 X98.675 Y128.94 E1463.59568
G1 F2700 E1458.59568
G0 F9000 X99.183 Y129.333
G0 X99.966 Y128.905
G0 X100.28 Y132.03
G0 X100.55 Y132.3
G1 F2700 E1463.59568
G1 F1500 X100.55 Y128.291 E1463.72902
G1 F1304.3 X100.49 Y127.889 E1463.74457
G1 F1176.5 X100.5 Y127.5 E1463.76107
G1 X100.49 Y127.139 E1463.77638
G1 F1304.3 X100.55 Y126.709 E1463.79299
G1 F1500 X100.55 Y93.291 E1464.90448
G1 F1304.3 X100.49 Y92.889 E1464.92002
G1 F1176.5 X100.5 Y92.5 E1464.93652
G1 X100.49 Y92.139 E1464.95184
G1 F1304.3 X100.55 Y91.709 E1464.96844
G1 F1500 X100.55 Y87.7 E1465.10178
G1 X96.451 Y87.701 E1465.23812
G1 X96.45 Y91.709 E1465.37142
G1 F1304.3 X96.51 Y92.139 E1465.38803
G1 F1176.5 X96.5 Y92.5 E1465.40335
G1 X96.51 Y92.861 E1465.41866
G1 F1304.3 X96.45 Y93.291 E1465.43527
G1 F1500 X96.45 Y126.709 E1466.54675
G1 F1304.3 X96.51 Y127.139 E1466.56336
G1 F1176.5 X96.5 Y127.5 E1466.57868
G1 X96.51 Y127.861 E1466.59399
G1 F1304.3 X96.45 Y128.291 E1466.6106
G1 F1500 X96.451 Y132.299 E1466.7439
G1 X100.55 Y132.3 E1466.88024
G0 F9000 X100.28 Y132.03
G0 X99.788 Y131.799
G0 X99.79 Y131.539
;TYPE:SKIN
G1 F1500 X97.211 Y131.539 E1466.96601
G1 X97.212 Y129.315 E1467.03998
G1 X97.692 Y129.565 E1467.05799
G1 X98.24 Y129.696 E1467.07673
G1 X98.76 Y129.695 E1467.09402
G1 X99.284 Y129.577 E1467.11189
G1 X99.79 Y129.312 E1467.13088
G1 X99.79 Y131.539 E1467.20495
G0 F9000 X99.461 Y131.338
G1 F1500 X99.59 Y131.209 E1467.21102
G0 F9000 X99.59 Y130.643
G1 F1500 X98.895 Y131.338 E1467.24371
G0 F9000 X98.33 Y131.338
G1 F1500 X99.59 Y130.077 E1467.303
G0 F9000 X99.331 Y129.771
G1 F1500 X97.764 Y131.338 E1467.37671
G0 F9000 X97.411 Y131.125
G1 F1500 X98.642 Y129.894 E1467.43461
G0 F9000 X98.101 Y129.869
G1 F1500 X97.412 Y130.558 E1467.46702
G0 F9000 X97.413 Y129.992
G1 F1500 X97.64 Y129.765 E1467.4777
G0 F9000 X97.808 Y129.331
G0 X99.1 Y129.083
G0 X99.461 Y128.893
G0 X99.767 Y128.622
G0 X99.999 Y128.286
G0 X100.143 Y127.904
G0 X100.193 Y127.5
G0 X100.143 Y127.096
G0 X99.574 Y125.87
G0 X99.79 Y125.689
G1 F1500 X99.267 Y125.421 E1467.49724
G1 X98.795 Y125.304 E1467.51342
G1 X98.204 Y125.304 E1467.53307
G1 X97.732 Y125.421 E1467.54925
G1 X97.212 Y125.685 E1467.56864
G1 X97.212 Y94.315 E1468.61201
G1 X97.732 Y94.579 E1468.63141
G1 X98.204 Y94.696 E1468.64759
G1 X98.794 Y94.696 E1468.66721
G1 X99.266 Y94.58 E1468.68337
G1 X99.79 Y94.312 E1468.70295
G1 X99.79 Y125.689 E1469.74655
G0 F9000 X99.343 Y125.233
G1 F1500 X99.589 Y124.987 E1469.75812
G0 F9000 X99.589 Y124.421
G1 F1500 X98.891 Y125.12 E1469.79098
G0 F9000 X98.347 Y125.098
G1 F1500 X99.589 Y123.856 E1469.8494
G0 F9000 X99.589 Y123.29
G1 F1500 X97.645 Y125.234 E1469.94084
G0 F9000 X97.411 Y124.902
G1 F1500 X99.589 Y122.724 E1470.04329
G0 F9000 X99.589 Y122.159
G1 F1500 X97.411 Y124.336 E1470.14571
G0 F9000 X97.411 Y123.771
G1 F1500 X99.589 Y121.593 E1470.24816
G0 F9000 X99.589 Y121.027
G1 F1500 X97.411 Y123.205 E1470.3506
G0 F9000 X97.411 Y122.639
G1 F1500 X99.589 Y120.462 E1470.45302
G0 F9000 X99.589 Y119.896
G1 F1500 X97.411 Y122.074 E1470.55547
G0 F9000 X97.411 Y121.508
G1 F1500 X99.589 Y119.33 E1470.65792
G0 F9000 X99.589 Y118.764
G1 F1500 X97.411 Y120.942 E1470.76036
G0 F9000 X97.411 Y120.377
G1 F1500 X99.589 Y118.199 E1470.86281
G0 F9000 X99.589 Y117.633
G1 F1500 X97.411 Y119.811 E1470.96526
G0 F9000 X97.411 Y119.245
G1 F1500 X99.589 Y117.067 E1471.0677
G0 F9000 X99.589 Y116.502
G1 F1500 X97.411 Y118.68 E1471.17015
G0 F9000 X97.411 Y118.114
G1 F1500 X99.589 Y115.936 E1471.2726
G0 F9000 X99.589 Y115.37
G1 F1500 X97.411 Y117.548 E1471.37504
G0 F9000 X97.411 Y116.983
G1 F1500 X99.589 Y114.805 E1471.47749
G0 F9000 X99.589 Y114.239
G1 F1500 X97.411 Y116.417 E1471.57994
G0 F9000 X97.411 Y115.851
G1 F1500 X99.589 Y113.673 E1471.68238
G0 F9000 X99.589 Y113.108
G1 F1500 X97.411 Y115.285 E1471.78481
G0 F9000 X97.411 Y114.72
G1 F1500 X99.589 Y112.542 E1471.88725
G0 F9000 X99.589 Y111.976
G1 F1500 X97.411 Y114.154 E1471.9897
G0 F9000 X97.411 Y113.588
G1 F1500 X99.589 Y111.411 E1472.09212
G0 F9000 X99.589 Y110.845
G1 F1500 X97.411 Y113.023 E1472.19457
G0 F9000 X97.411 Y112.457
G1 F1500 X99.589 Y110.279 E1472.29701
G0 F9000 X99.589 Y109.713
G1 F1500 X97.411 Y111.891 E1472.39946
G0 F9000 X97.411 Y111.326
G1 F1500 X99.589 Y109.148 E1472.50191
G0 F9000 X99.589 Y108.582
G1 F1500 X97.411 Y110.76 E1472.60435
G0 F9000 X97.411 Y110.194
G1 F1500 X99.589 Y108.016 E1472.7068
G0 F9000 X99.589 Y107.451
G1 F1500 X97.411 Y109.629 E1472.80925
G0 F9000 X97.411 Y109.063
G1 F1500 X99.589 Y106.885 E1472.91169
G0 F9000 X99.589 Y106.319
G1 F1500 X97.411 Y108.497 E1473.01414
G0 F9000 X97.411 Y107.932
G1 F1500 X99.589 Y105.754 E1473.11659
G0 F9000 X99.589 Y105.188
G1 F1500 X97.411 Y107.366 E1473.21903
G0 F9000 X97.411 Y106.8
G1 F1500 X99.589 Y104.622 E1473.32148
G0 F9000 X99.589 Y104.057
G1 F1500 X97.411 Y106.235 E1473.42392
G0 F9000 X97.411 Y105.669
G1 F1500 X99.589 Y103.491 E1473.52637
G0 F9000 X99.589 Y102.925
G1 F1500 X97.411 Y105.103 E1473.62882
G0 F9000 X97.411 Y104.537
G1 F1500 X99.589 Y102.36 E1473.73124
G0 F9000 X99.589 Y101.794
G1 F1500 X97.411 Y103.972 E1473.83369
G0 F9000 X97.411 Y103.406
G1 F1500 X99.589 Y101.228 E1473.93613
G0 F9000 X99.589 Y100.663
G1 F1500 X97.411 Y102.84 E1474.03856
G0 F9000 X97.411 Y102.275
G1 F1500 X99.589 Y100.097 E1474.141
G0 F9000 X99.589 Y99.531
G1 F1500 X97.411 Y101.709 E1474.24345
G0 F9000 X97.411 Y101.143
G1 F1500 X99.589 Y98.965 E1474.3459
G0 F9000 X99.589 Y98.4
G1 F1500 X97.411 Y100.578 E1474.44834
G0 F9000 X97.411 Y100.012
G1 F1500 X99.589 Y97.834 E1474.55079
G0 F9000 X99.589 Y97.268
G1 F1500 X97.411 Y99.446 E1474.65323
G0 F9000 X97.411 Y98.881
G1 F1500 X99.589 Y96.703 E1474.75568
G0 F9000 X99.589 Y96.137
G1 F1500 X97.411 Y98.315 E1474.85813
G0 F9000 X97.411 Y97.749
G1 F1500 X99.589 Y95.571 E1474.96057
G0 F9000 X99.589 Y95.006
G1 F1500 X97.411 Y97.184 E1475.06302
G0 F9000 X97.411 Y96.618
G1 F1500 X99.238 Y94.791 E1475.14896
G0 F9000 X98.563 Y94.9
G1 F1500 X97.411 Y96.052 E1475.20314
G0 F9000 X97.411 Y95.486
G1 F1500 X98.037 Y94.861 E1475.23257
G0 F9000 X97.584 Y94.748
G1 F1500 X97.411 Y94.921 E1475.2407
G0 F9000 X96.951 Y94.921
G0 X97.035 Y93.907
G0 X98.296 Y94.18
G0 X98.704 Y94.18
G0 X99.1 Y94.083
G0 X99.461 Y93.893
G0 X99.767 Y93.622
G0 X99.999 Y93.286
G0 X100.143 Y92.904
G0 X100.193 Y92.5
G0 X100.153 Y92.172
G0 X99.611 Y90.889
G0 X99.79 Y90.688
G1 F1500 X99.284 Y90.423 E1475.2597
G1 X98.76 Y90.305 E1475.27757
G1 X98.24 Y90.304 E1475.29486
G1 X97.692 Y90.435 E1475.3136
G1 X97.212 Y90.686 E1475.33162
G1 X97.211 Y88.461 E1475.40562
G1 X99.79 Y88.461 E1475.4914
G1 X99.79 Y90.688 E1475.56547
G0 F9000 X99.286 Y90.218
G1 F1500 X99.588 Y89.915 E1475.5797
G0 F9000 X99.588 Y89.35
G1 F1500 X98.823 Y90.115 E1475.61568
G0 F9000 X98.268 Y90.104
G1 F1500 X99.588 Y88.784 E1475.67777
G0 F9000 X99.146 Y88.66
G1 F1500 X97.551 Y90.255 E1475.75279
G1 X97.551 Y90.256
G1 X97.484 Y90.322 E1475.75592
G0 F9000 X97.41 Y89.831
G1 F1500 X98.581 Y88.66 E1475.811
G0 F9000 X98.015 Y88.66
G1 F1500 X97.41 Y89.265 E1475.83946
G1 F2700 E1470.83946
G0 F9000 X96.951 Y89.265
G0 X97.035 Y91.093
G0 X98.296 Y90.82
G0 X98.704 Y90.82
G0 X99.1 Y90.917
G0 X99.461 Y91.107
G0 X99.767 Y91.378
G0 X99.999 Y91.714
G0 X100.116 Y92.024
G0 X100.33 Y93.939
G0 X116.974 Y93.348
G0 X118.272 Y93.841
;TYPE:WALL-INNER
G1 F2700 E1475.83946
G1 F1500 X117.843 Y93.735 E1475.85416
G1 X117.448 Y93.529 E1475.86897
G1 X117.109 Y93.226 E1475.8841
G1 X116.857 Y92.861 E1475.89885
G1 X116.7 Y92.445 E1475.91364
G1 X116.651 Y92 E1475.92853
G1 X116.699 Y91.558 E1475.94331
G1 X116.857 Y91.138 E1475.95824
G1 X117.109 Y90.774 E1475.97296
G1 X117.449 Y90.47 E1475.98813
G1 X117.847 Y90.264 E1476.00304
G1 X118.244 Y90.167 E1476.01663
G1 X118.723 Y90.158 E1476.03257
G1 X119.155 Y90.265 E1476.04737
G1 X119.554 Y90.473 E1476.06234
G1 X119.891 Y90.774 E1476.07736
G1 X120.142 Y91.137 E1476.09204
G1 X120.302 Y91.561 E1476.10712
G1 X120.35 Y92 E1476.1218
G1 X120.302 Y92.437 E1476.13643
G1 X120.142 Y92.862 E1476.15153
G1 X119.891 Y93.226 E1476.16624
G1 X119.555 Y93.526 E1476.18122
G1 X119.158 Y93.735 E1476.19614
G1 X118.727 Y93.841 E1476.2109
G1 X118.272 Y93.841 E1476.22604
G1 F2700 E1471.22604
G0 F9000 X118.248 Y93.939
G0 X118.254 Y124.979
G0 X118.278 Y128.842
G1 F2700 E1476.22604
G1 F1500 X117.846 Y128.736 E1476.24083
G1 X117.449 Y128.53 E1476.25571
G1 X117.109 Y128.226 E1476.27088
G1 X116.857 Y127.861 E1476.28563
G1 X116.7 Y127.445 E1476.30042
G1 X116.651 Y127 E1476.31531
G1 X116.699 Y126.558 E1476.33009
G1 X116.857 Y126.139 E1476.34499
G1 X117.109 Y125.774 E1476.35974
G1 X117.448 Y125.471 E1476.37486
G1 X117.843 Y125.265 E1476.38968
G1 X118.272 Y125.159 E1476.40438
G1 X118.727 Y125.159 E1476.41951
G1 X119.157 Y125.265 E1476.43424
G1 X119.555 Y125.474 E1476.44919
G1 X119.891 Y125.774 E1476.46417
G1 X120.142 Y126.137 E1476.47885
G1 X120.302 Y126.561 E1476.49393
G1 X120.35 Y127 E1476.50861
G1 X120.302 Y127.437 E1476.52324
G1 X120.142 Y127.862 E1476.53834
G1 X119.891 Y128.226 E1476.55305
G1 X119.554 Y128.527 E1476.56808
G1 X119.154 Y128.736 E1476.58309
G1 X118.756 Y128.833 E1476.59671
G1 X118.278 Y128.842 E1476.61261
G1 F2700 E1471.61261
G0 F9000 X118.254 Y128.94
G0 X117.342 Y128.677
G0 X115.801 Y128.677
G0 X115.601 Y131.399
G1 F2700 E1476.61261
G1 F1500 X121.4 Y131.4 E1476.80549
G1 X121.4 Y87.6 E1478.26228
G1 X115.601 Y87.601 E1478.45516
G1 X115.601 Y131.399 E1479.91188
G0 F9000 X115.201 Y131.799
;TYPE:WALL-OUTER
G1 F1500 X121.8 Y131.8 E1480.13137
G1 X121.8 Y87.2 E1481.61477
G1 X115.201 Y87.201 E1481.83425
G1 X115.201 Y131.799 E1483.31759
G1 F2700 E1478.31759
G0 F9000 X115.47 Y131.53
G0 X118.178 Y131.219
G0 X118.25 Y129.022
G0 X118.299 Y128.436
G1 F2700 E1483.31759
G1 F1500 X118.008 Y128.364 E1483.32756
G1 X117.657 Y128.18 E1483.34074
G1 X117.4 Y127.943 E1483.35237
G1 X117.206 Y127.653 E1483.36397
G1 X117.089 Y127.334 E1483.37527
G1 X117.051 Y127 E1483.38645
G1 X117.099 Y126.63 E1483.39886
G1 X117.229 Y126.303 E1483.41057
G1 X117.431 Y126.022 E1483.42208
G1 X117.698 Y125.792 E1483.4338
G1 X118.008 Y125.636 E1483.44534
G1 X118.299 Y125.564 E1483.45531
G1 X118.7 Y125.564 E1483.46865
G1 X118.992 Y125.636 E1483.47865
G1 X119.343 Y125.82 E1483.49183
G1 X119.6 Y126.057 E1483.50346
G1 X119.794 Y126.347 E1483.51507
G1 X119.912 Y126.677 E1483.52672
G1 X119.95 Y127 E1483.53754
G1 X119.911 Y127.334 E1483.54872
G1 X119.771 Y127.697 E1483.56166
G1 X119.569 Y127.978 E1483.57317
G1 X119.302 Y128.208 E1483.5849
G1 X118.992 Y128.364 E1483.59644
G1 X118.687 Y128.439 E1483.60689
G1 X118.299 Y128.436 E1483.61979
G1 F2700 E1478.61979
G0 F9000 X118.18 Y128.922
G0 X117.233 Y128.122
G0 X117.001 Y127.786
G0 X116.857 Y127.404
G0 X116.807 Y127
G0 X116.857 Y126.596
G0 X117.001 Y126.214
G0 X118.25 Y124.978
G0 X118.25 Y94.022
G0 X118.299 Y93.436
G1 F2700 E1483.61979
G1 F1500 X118.008 Y93.364 E1483.62976
G1 X117.657 Y93.18 E1483.64294
G1 X117.4 Y92.943 E1483.65457
G1 X117.206 Y92.653 E1483.66617
G1 X117.089 Y92.334 E1483.67748
G1 X117.051 Y92 E1483.68866
G1 X117.099 Y91.63 E1483.70107
G1 X117.229 Y91.303 E1483.71277
G1 X117.431 Y91.022 E1483.72428
G1 X117.698 Y90.792 E1483.736
G1 X118.008 Y90.636 E1483.74754
G1 X118.313 Y90.561 E1483.75799
G1 X118.701 Y90.564 E1483.7709
G1 X118.992 Y90.636 E1483.78087
G1 X119.343 Y90.82 E1483.79405
G1 X119.6 Y91.057 E1483.80567
G1 X119.794 Y91.347 E1483.81728
G1 X119.912 Y91.677 E1483.82894
G1 X119.95 Y92 E1483.83975
G1 X119.911 Y92.334 E1483.85094
G1 X119.771 Y92.697 E1483.86388
G1 X119.569 Y92.978 E1483.87539
G1 X119.302 Y93.208 E1483.88711
G1 X118.992 Y93.364 E1483.89865
G1 X118.7 Y93.436 E1483.90865
G1 X118.299 Y93.436 E1483.92199
G1 F2700 E1478.92199
G0 F9000 X118.18 Y93.922
G0 X115.801 Y94.022
G0 X115.961 Y131.039
;TYPE:SKIN
G1 F2700 E1483.92199
G1 F1515.2 X115.958 Y127.625 E1484.03441
G1 F1583.1 X115.943 Y127 E1484.05411
G1 F1570.7 X115.962 Y125.89 E1484.08937
G1 F1507.5 X115.96 Y109.257 E1484.63982
G1 F1522.8 X115.958 Y92.624 E1485.18474
G1 F1583.1 X115.943 Y92 E1485.20441
G1 F1587.3 X115.957 Y91.476 E1485.22088
G1 F1519 X115.962 Y87.962 E1485.3363
G1 F1500 X121.04 Y87.96 E1485.50519
G1 F1515.2 X121.044 Y91.479 E1485.62107
G1 F1583.1 X121.058 Y92 E1485.63749
G1 F1587.3 X121.044 Y92.518 E1485.65378
G1 F1530.6 X121.044 Y126.479 E1486.76073
G1 F1583.1 X121.058 Y127 E1486.77716
G1 F1587.3 X121.044 Y127.518 E1486.79345
G1 F1515.2 X121.04 Y131.039 E1486.90938
G1 F1500 X115.961 Y131.039 E1487.07831
G1 F2700 E1482.07831
G0 F9000 X115.701 Y131.039
G0 X118.264 Y131.219
G0 X118.264 Y129.021
G0 X118.204 Y129.196
G1 F2700 E1487.07831
G1 F1500 X118.775 Y129.199 E1487.0973
G1 X119.267 Y129.08 E1487.11414
G1 X119.735 Y128.843 E1487.13159
G1 X120.175 Y128.448 E1487.15125
G1 X120.474 Y128.004 E1487.16906
G1 F1515.2 X120.654 Y127.51 E1487.18637
G1 F1583.1 X120.692 Y126.98 E1487.20312
G1 X120.652 Y126.5 E1487.2183
G1 F1515.2 X120.476 Y125.997 E1487.23584
G1 F1500 X120.175 Y125.551 E1487.25374
G1 X119.779 Y125.189 E1487.27158
G1 X119.263 Y124.92 E1487.29094
G1 X118.796 Y124.804 E1487.30694
G1 X118.204 Y124.804 E1487.32663
G1 X117.734 Y124.92 E1487.34273
G1 X117.223 Y125.187 E1487.36191
G1 X116.824 Y125.553 E1487.37992
G1 X116.549 Y125.951 E1487.39601
G1 F1542.4 X116.348 Y126.475 E1487.41416
G1 F1612.9 X116.309 Y126.981 E1487.42986
G1 F1578.9 X116.349 Y127.527 E1487.44716
G1 F1511.3 X116.527 Y128.007 E1487.46406
G1 F1500 X116.824 Y128.447 E1487.48171
G1 X117.223 Y128.813 E1487.49972
G1 X117.689 Y129.063 E1487.51731
G1 X118.204 Y129.196 E1487.535
G1 F2700 E1482.535
G0 F9000 X118.266 Y128.943
G0 X117.233 Y128.122
G0 X117.001 Y127.786
G0 X116.857 Y127.404
G0 X116.807 Y127
G0 X116.857 Y126.596
G0 X117.001 Y126.214
G0 X117.189 Y125.942
G0 X118.266 Y124.979
G0 X118.266 Y94.021
G0 X118.204 Y94.196
G1 F2700 E1487.535
G1 F1500 X118.796 Y94.196 E1487.55469
G1 X119.263 Y94.08 E1487.5707
G1 X119.779 Y93.811 E1487.59005
G1 X120.175 Y93.448 E1487.60792
G1 X120.474 Y93.004 E1487.62572
G1 F1515.2 X120.654 Y92.51 E1487.64303
G1 F1583.1 X120.692 Y91.98 E1487.65978
G1 X120.652 Y91.5 E1487.67496
G1 F1515.2 X120.476 Y90.997 E1487.69251
G1 F1500 X120.175 Y90.551 E1487.7104
G1 X119.736 Y90.159 E1487.72998
G1 X119.311 Y89.937 E1487.74592
G1 X118.796 Y89.804 E1487.76362
G1 X118.225 Y89.801 E1487.78261
G1 X117.733 Y89.92 E1487.79944
G1 X117.265 Y90.157 E1487.81689
G1 X116.825 Y90.552 E1487.83656
G1 X116.548 Y90.954 E1487.8528
G1 F1542.4 X116.349 Y91.469 E1487.87065
G1 F1612.9 X116.309 Y91.981 E1487.88654
G1 F1578.9 X116.349 Y92.527 E1487.90384
G1 F1511.3 X116.527 Y93.007 E1487.92074
G1 F1500 X116.824 Y93.447 E1487.93839
G1 X117.223 Y93.813 E1487.9564
G1 X117.689 Y94.063 E1487.97399
G1 X118.204 Y94.196 E1487.99168
G1 F2700 E1482.99168
G0 F9000 X118.266 Y93.943
G0 X117.233 Y93.122
G0 X117.001 Y92.786
G0 X116.857 Y92.404
G0 X116.807 Y92
G0 X116.857 Y91.596
G0 X117.778 Y90.095
G0 X117.778 Y87.8
G0 X116.616 Y88.161
G1 F2700 E1487.99168
G1 F1500 X116.16 Y88.617 E1488.01313
G0 F9000 X116.16 Y89.183
G1 F1500 X117.182 Y88.161 E1488.0612
G0 F9000 X117.748 Y88.16
G1 F1500 X116.16 Y89.748 E1488.1359
G0 F9000 X116.216 Y90.258
G1 F1500 X118.314 Y88.16 E1488.23458
G0 F9000 X118.88 Y88.16
G1 F1500 X116.607 Y90.433 E1488.34149
G1 X116.606 Y90.434
G1 X116.16 Y90.88 E1488.36247
G1 F2700 E1483.36247
G0 F9000 X115.701 Y90.88
G0 X115.801 Y92.924
G0 X116.559 Y92.638
G0 X116.309 Y92.994
G1 F2700 E1488.36247
G1 F1500 X116.161 Y93.142 E1488.36943
G0 F9000 X116.514 Y93.354
G1 F1500 X116.161 Y93.707 E1488.38604
G0 F9000 X116.162 Y94.272
G1 F1500 X116.764 Y93.67 E1488.41436
G0 F9000 X117.062 Y93.938
G1 F1500 X116.162 Y94.838 E1488.45669
G0 F9000 X116.162 Y95.404
G1 F1500 X117.419 Y94.147 E1488.51581
G0 F9000 X117.823 Y94.308
G1 F1500 X116.162 Y95.969 E1488.59394
G0 F9000 X116.162 Y96.535
G1 F1500 X118.296 Y94.4 E1488.69434
G0 F9000 X118.883 Y94.379
G1 F1500 X116.162 Y97.101 E1488.82235
G0 F9000 X116.162 Y97.667
G1 F1500 X119.793 Y94.035 E1488.99317
G0 F9000 X120.694 Y93.7
G1 F1500 X116.162 Y98.232 E1489.20634
G0 F9000 X116.162 Y98.798
G1 F1500 X120.838 Y94.121 E1489.42631
G0 F9000 X120.695 Y93.699
G1 F1500 X120.838 Y93.555 E1489.43306
G0 F9000 X120.498 Y93.33
G1 F1500 X120.841 Y92.988 E1489.44917
G0 F9000 X121.3 Y92.988
G0 X121.3 Y94.687
G0 X120.838 Y94.687
G1 F1500 X116.162 Y99.364 E1489.66914
G0 F9000 X116.162 Y99.929
G1 F1500 X120.838 Y95.252 E1489.8891
G0 F9000 X120.838 Y95.818
G1 F1500 X116.162 Y100.495 E1490.10907
G0 F9000 X116.162 Y101.061
G1 F1500 X120.838 Y96.384 E1490.32904
G0 F9000 X120.838 Y96.949
G1 F1500 X116.162 Y101.626 E1490.54901
G0 F9000 X116.162 Y102.192
G1 F1500 X120.838 Y97.515 E1490.76898
G0 F9000 X120.838 Y98.081
G1 F1500 X116.162 Y102.758 E1490.98895
G0 F9000 X116.162 Y103.323
G1 F1500 X120.838 Y98.647 E1491.20889
G0 F9000 X120.838 Y99.212
G1 F1500 X116.162 Y103.889 E1491.42886
G0 F9000 X116.162 Y104.455
G1 F1500 X120.838 Y99.778 E1491.64883
G0 F9000 X120.838 Y100.344
G1 F1500 X116.162 Y105.02 E1491.86877
G0 F9000 X116.162 Y105.586
G1 F1500 X120.838 Y100.909 E1492.08874
G0 F9000 X120.838 Y101.475
G1 F1500 X116.162 Y106.152 E1492.30871
G0 F9000 X116.162 Y106.717
G1 F1500 X120.838 Y102.041 E1492.52865
G0 F9000 X120.838 Y102.606
G1 F1500 X116.162 Y107.283 E1492.74862
G0 F9000 X116.162 Y107.849
G1 F1500 X120.838 Y103.172 E1492.96859
G0 F9000 X120.838 Y103.738
G1 F1500 X116.162 Y108.415 E1493.18856
G0 F9000 X116.162 Y108.98
G1 F1500 X120.838 Y104.303 E1493.40853
G0 F9000 X120.838 Y104.869
G1 F1500 X116.162 Y109.546 E1493.62849
G0 F9000 X116.162 Y110.112
G1 F1500 X120.838 Y105.435 E1493.84846
G0 F9000 X120.838 Y106
G1 F1500 X116.162 Y110.677 E1494.06843
G0 F9000 X116.162 Y111.243
G1 F1500 X120.838 Y106.566 E1494.2884
G0 F9000 X120.838 Y107.132
G1 F1500 X116.162 Y111.809 E1494.50837
G0 F9000 X116.162 Y112.374
G1 F1500 X120.838 Y107.698 E1494.72831
G0 F9000 X120.838 Y108.263
G1 F1500 X116.162 Y112.94 E1494.94828
G0 F9000 X116.162 Y113.506
G1 F1500 X120.838 Y108.829 E1495.16825
G0 F9000 X120.838 Y109.395
G1 F1500 X116.162 Y114.071 E1495.38819
G0 F9000 X116.162 Y114.637
G1 F1500 X120.838 Y109.96 E1495.60816
G0 F9000 X120.838 Y110.526
G1 F1500 X116.162 Y115.203 E1495.82813
G0 F9000 X116.162 Y115.768
G1 F1500 X120.838 Y111.092 E1496.04807
G0 F9000 X120.838 Y111.657
G1 F1500 X116.162 Y116.334 E1496.26804
G0 F9000 X116.162 Y116.9
G1 F1500 X120.838 Y112.223 E1496.48801
G0 F9000 X120.838 Y112.789
G1 F1500 X116.162 Y117.465 E1496.70795
G0 F9000 X116.162 Y118.031
G1 F1500 X120.838 Y113.354 E1496.92792
G0 F9000 X120.838 Y113.92
G1 F1500 X116.162 Y118.597 E1497.14789
G0 F9000 X116.162 Y119.163
G1 F1500 X120.838 Y114.486 E1497.36786
G0 F9000 X120.838 Y115.051
G1 F1500 X116.162 Y119.728 E1497.58783
G0 F9000 X116.162 Y120.294
G1 F1500 X120.838 Y115.617 E1497.8078
G0 F9000 X120.838 Y116.183
G1 F1500 X116.162 Y120.86 E1498.02776
G0 F9000 X116.162 Y121.425
G1 F1500 X120.838 Y116.748 E1498.24773
G0 F9000 X120.838 Y117.314
G1 F1500 X116.162 Y121.991 E1498.4677
G0 F9000 X116.162 Y122.557
G1 F1500 X120.838 Y117.88 E1498.68767
G0 F9000 X120.838 Y118.446
G1 F1500 X116.162 Y123.122 E1498.90761
G0 F9000 X116.162 Y123.688
G1 F1500 X120.838 Y119.011 E1499.12758
G0 F9000 X120.838 Y119.577
G1 F1500 X116.162 Y124.254 E1499.34755
G0 F9000 X116.162 Y124.819
G1 F1500 X120.838 Y120.143 E1499.56749
G0 F9000 X120.838 Y120.708
G1 F1500 X116.268 Y125.279 E1499.78248
G1 X116.267 Y125.28
G1 X116.162 Y125.385 E1499.78742
G0 F9000 X116.621 Y125.492
G1 F1500 X116.161 Y125.951 E1499.80903
G0 F9000 X115.701 Y125.951
G0 X115.801 Y125.499
G0 X116.974 Y125.652
G0 X116.958 Y125.154
G1 F1500 X120.838 Y121.274 E1499.99153
G0 F9000 X120.838 Y121.84
G1 F1500 X118.042 Y124.636 E1500.12305
G0 F9000 X118.646 Y124.598
G1 F1500 X120.838 Y122.405 E1500.22618
G0 F9000 X120.838 Y122.971
G1 F1500 X119.129 Y124.681 E1500.30659
G0 F9000 X119.542 Y124.833
G1 F1500 X120.838 Y123.537 E1500.36755
G0 F9000 X120.838 Y124.102
G1 F1500 X119.906 Y125.034 E1500.41138
G0 F9000 X120.203 Y125.303
G1 F1500 X120.838 Y124.668 E1500.44125
G0 F9000 X120.833 Y125.239
G1 F1500 X120.46 Y125.612 E1500.4588
G0 F9000 X120.676 Y125.962
G1 F1500 X120.839 Y125.799 E1500.46646
G1 F2700 E1495.46646
G0 F9000 X120.237 Y126.104
G0 X120.479 Y127.479
G0 X121.2 Y127.479
G0 X120.839 Y128.061
G1 F2700 E1500.46646
G1 F1500 X120.337 Y128.564 E1500.4901
G0 F9000 X120.184 Y128.717
G1 F1500 X118.063 Y130.838 E1500.58987
G0 F9000 X118.629 Y130.838
G1 F1500 X120.744 Y128.722 E1500.68937
G1 X120.745 Y128.721
G1 X120.839 Y128.627 E1500.69379
G0 F9000 X120.839 Y129.193
G1 F1500 X119.194 Y130.838 E1500.77117
G0 F9000 X119.76 Y130.838
G1 F1500 X120.839 Y129.759 E1500.82192
G0 F9000 X120.839 Y130.324
G1 F1500 X120.326 Y130.838 E1500.84608
G1 F2700 E1495.84608
G0 F9000 X120.324 Y131.299
G0 X119.271 Y131.219
G0 X118.744 Y129.022
G0 X118.982 Y129.353
G1 F2700 E1500.84608
G1 F1500 X117.497 Y130.838 E1500.91593
G0 F9000 X116.932 Y130.838
G1 F1500 X118.371 Y129.398 E1500.98364
G0 F9000 X117.881 Y129.322
G1 F1500 X116.366 Y130.838 E1501.05492
G0 F9000 X116.162 Y130.476
G1 F1500 X117.465 Y129.172 E1501.11623
G0 F9000 X117.101 Y128.971
G1 F1500 X116.162 Y129.911 E1501.16042
G0 F9000 X116.162 Y129.345
G1 F1500 X116.804 Y128.703 E1501.19062
G0 F9000 X116.545 Y128.396
G1 F1500 X116.19 Y128.751 E1501.20732
G0 F9000 X116.162 Y128.214
G1 F1500 X116.328 Y128.047 E1501.21515
G1 F2700 E1496.21515
G0 F9000 X116.779 Y127.924
G0 X116.857 Y126.596
G0 X117.776 Y125.095
G0 X118.749 Y94.022
G0 X120.657 Y90.909
G1 F2700 E1501.21515
G1 F1500 X120.843 Y90.722 E1501.22392
G0 F9000 X120.43 Y90.569
G1 F1500 X120.693 Y90.306 E1501.23629
G1 X120.694 Y90.306
G1 X120.842 Y90.158 E1501.24326
G0 F9000 X120.841 Y89.593
G1 F1500 X120.165 Y90.269 E1501.27505
G0 F9000 X119.867 Y90.001
G1 F1500 X120.841 Y89.028 E1501.32084
G0 F9000 X120.839 Y88.464
G1 F1500 X119.496 Y89.807 E1501.38401
G0 F9000 X119.072 Y89.665
G1 F1500 X120.577 Y88.159 E1501.45483
G0 F9000 X120.012 Y88.159
G1 F1500 X118.571 Y89.601 E1501.52263
G0 F9000 X117.942 Y89.663
G1 F1500 X119.446 Y88.159 E1501.59338
G1 F2700 E1496.59338
G0 F9000 X119.446 Y87.7
G0 X121.228 Y87.772
G0 X121.58 Y106.467
G0 X122.665 Y106.467
G0 X135.585 Y106.467
G0 X136.85 Y107.148
;TYPE:WALL-INNER
G1 F2700 E1501.59338
G1 F1500 X137.114 Y106.768 E1501.60876
G1 X137.452 Y106.468 E1501.6238
G1 X137.849 Y106.263 E1501.63866
G1 X138.28 Y106.162 E1501.65338
G1 X138.72 Y106.163 E1501.66801
G1 X139.151 Y106.263 E1501.68273
G1 X139.549 Y106.47 E1501.69765
G1 X139.887 Y106.77 E1501.71268
G1 X140.15 Y107.148 E1501.728
G1 X140.15 Y103.6 E1501.84601
G1 X136.851 Y103.601 E1501.95573
G1 X136.85 Y107.148 E1502.07371
G0 F9000 X136.951 Y106.467
G0 X136.834 Y107.709
G0 X136.951 Y112.13
G0 X136.851 Y112.399
G1 F1500 X140.15 Y112.4 E1502.18343
G1 X140.15 Y108.852 E1502.30144
G1 X139.887 Y109.229 E1502.31673
G1 X139.55 Y109.53 E1502.33175
G1 X139.151 Y109.737 E1502.3467
G1 X138.72 Y109.837 E1502.36142
G1 X138.28 Y109.838 E1502.37606
G1 X137.849 Y109.737 E1502.39078
G1 X137.451 Y109.532 E1502.40567
G1 X137.114 Y109.231 E1502.4207
G1 X136.85 Y108.852 E1502.43606
G1 X136.851 Y112.399 E1502.55403
G0 F9000 X136.451 Y112.799
;TYPE:WALL-OUTER
G1 F1500 X140.55 Y112.8 E1502.69037
G1 X140.55 Y108.791 E1502.82371
G1 F1304.3 X140.49 Y108.389 E1502.83925
G1 F1176.5 X140.5 Y108 E1502.85576
G1 X140.49 Y107.639 E1502.87107
G1 F1304.3 X140.55 Y107.209 E1502.88768
G1 F1500 X140.55 Y103.2 E1503.02102
G1 X136.451 Y103.201 E1503.15735
G1 X136.45 Y107.209 E1503.29066
G1 F1304.3 X136.51 Y107.639 E1503.30726
G1 F1176.5 X136.5 Y108 E1503.32258
G1 X136.51 Y108.361 E1503.33789
G1 F1304.3 X136.45 Y108.791 E1503.3545
G1 F1500 X136.451 Y112.799 E1503.48781
G1 F2700 E1498.48781
G0 F9000 X136.72 Y112.53
G0 X137.035 Y109.407
G0 X137.815 Y109.834
G0 X138.008 Y109.364
G1 F2700 E1503.48781
G1 F1500 X137.657 Y109.18 E1503.50099
G1 X137.4 Y108.943 E1503.51261
G1 X137.229 Y108.697 E1503.52258
G1 F1304.3 X137.028 Y108.33 E1503.53858
G1 F1174.2 X137.001 Y107.97 E1503.55392
G1 X137.028 Y107.67 E1503.56672
G1 F1304.3 X137.229 Y107.303 E1503.58273
G1 F1500 X137.431 Y107.022 E1503.59424
G1 X137.698 Y106.792 E1503.60596
G1 X138.008 Y106.636 E1503.6175
G1 X138.299 Y106.564 E1503.62747
G1 X138.675 Y106.56 E1503.63998
G1 X138.992 Y106.636 E1503.65082
G1 X139.302 Y106.792 E1503.66236
G1 X139.569 Y107.022 E1503.67408
G1 X139.771 Y107.303 E1503.68559
G1 F1304.3 X139.972 Y107.67 E1503.7016
G1 F1176.5 X140 Y108 E1503.71564
G1 X139.971 Y108.344 E1503.73028
G1 F1304.3 X139.771 Y108.697 E1503.7458
G1 F1500 X139.569 Y108.978 E1503.75731
G1 X139.302 Y109.208 E1503.76903
G1 X138.992 Y109.364 E1503.78057
G1 X138.675 Y109.44 E1503.79142
G1 X138.325 Y109.44 E1503.80306
G1 X138.008 Y109.364 E1503.8139
G0 F9000 X137.815 Y109.834
G0 X137.035 Y109.407
G0 X136.951 Y112.039
G0 X137.211 Y112.039
;TYPE:SKIN
G1 F1500 X137.212 Y109.815 E1503.88787
G1 X137.692 Y110.065 E1503.90587
G1 X138.24 Y110.196 E1503.92461
G1 X138.76 Y110.195 E1503.94191
G1 X139.284 Y110.077 E1503.95977
G1 X139.79 Y109.812 E1503.97877
G1 X139.79 Y112.039 E1504.05284
G1 X137.211 Y112.039 E1504.13862
G0 F9000 X136.951 Y112.039
G0 X137.035 Y109.407
G0 X137.758 Y109.804
G0 X137.529 Y110.24
G1 F1500 X137.412 Y110.358 E1504.14414
G0 F9000 X137.412 Y110.923
G1 F1500 X137.991 Y110.344 E1504.17138
G0 F9000 X138.506 Y110.394
G1 F1500 X137.411 Y111.49 E1504.22291
G0 F9000 X137.627 Y111.839
G1 F1500 X139.155 Y110.311 E1504.29478
G0 F9000 X139.589 Y110.443
G1 F1500 X138.193 Y111.839 E1504.36044
G0 F9000 X138.759 Y111.839
G1 F1500 X139.589 Y111.009 E1504.39948
G0 F9000 X139.589 Y111.575
G1 F1500 X139.324 Y111.839 E1504.41193
G0 F9000 X139.322 Y112.299
G0 X139.978 Y112.228
G0 X139.966 Y109.405
G0 X138.429 Y109.999
G0 X137.233 Y109.122
G0 X137.001 Y108.786
G0 X136.857 Y108.404
G0 X136.951 Y106.186
G0 X137.212 Y106.186
G1 F1500 X137.211 Y103.961 E1504.48593
G1 X139.79 Y103.961 E1504.57171
G1 X139.79 Y106.188 E1504.64578
G1 X139.284 Y105.923 E1504.66478
G1 X138.76 Y105.805 E1504.68264
G1 X138.24 Y105.804 E1504.69994
G1 X137.692 Y105.935 E1504.71868
G1 X137.212 Y106.186 E1504.73669
G0 F9000 X136.951 Y106.186
G0 X136.951 Y104.702
G0 X137.41 Y104.702
G1 F1500 X137.952 Y104.16 E1504.76219
G0 F9000 X138.518 Y104.16
G1 F1500 X137.41 Y105.268 E1504.8143
G0 F9000 X137.47 Y105.773
G1 F1500 X139.084 Y104.16 E1504.8902
G0 F9000 X139.589 Y104.221
G1 F1500 X138.201 Y105.608 E1504.95546
G0 F9000 X138.771 Y105.604
G1 F1500 X139.589 Y104.786 E1504.99394
G0 F9000 X139.589 Y105.352
G1 F1500 X139.235 Y105.706 E1505.01059
G0 F9000 X139.135 Y106.155
G0 X137.703 Y106.225
G0 X137.47 Y105.774
G1 F1500 X137.41 Y105.834 E1505.01341
G1 F2700 E1500.01341
;MESH:NONMESH
G0 F300 X137.41 Y105.834 Z7
G0 F9000 X136.951 Y105.834
G0 X136.664 Y103.414
G0 X135.585 Y103.414
G0 X122.653 Y86.347
G0 X114.347 Y86.347
G0 X95.597 Y86.847
G0 X84.415 Y103.414
G0 X83.15 Y92.148
;TIME_ELAPSED:2799.808574
;LAYER:34
;TYPE:WALL-INNER
;MESH:Spacers.stl
G1 F2700 E1505.01341
G1 F1500 X83.15 Y88.6 E1505.13142
G1 X79.851 Y88.601 E1505.24114
G1 X79.85 Y92.15 E1505.35918
G1 X80.104 Y91.779 E1505.37414
G1 X80.442 Y91.474 E1505.38928
G1 X80.85 Y91.263 E1505.40456
G1 X81.277 Y91.163 E1505.41914
G1 X81.721 Y91.162 E1505.43391
G1 X82.152 Y91.263 E1505.44863
G1 X82.549 Y91.47 E1505.46353
G1 X82.887 Y91.77 E1505.47856
G1 X83.15 Y92.148 E1505.49387
G1 F2700 E1500.49387
G0 F9000 X82.676 Y91.447
G0 X83.143 Y92.595
G0 X83.05 Y126.455
G1 F2700 E1505.49387
G0 F9000 X83.15 Y127.15
G1 F1500 X83.15 Y93.852 E1506.60137
G1 X82.888 Y94.228 E1506.61661
G1 X82.554 Y94.528 E1506.63154
G1 X82.164 Y94.73 E1506.64615
G1 X81.727 Y94.841 E1506.66115
G1 X81.272 Y94.841 E1506.67628
G1 X80.846 Y94.736 E1506.69087
G1 X80.451 Y94.531 E1506.70568
G1 X80.111 Y94.229 E1506.7208
G1 X79.851 Y93.852 E1506.73603
G1 X79.851 Y127.147 E1507.84343
G1 X80.106 Y126.774 E1507.85846
G1 X80.441 Y126.475 E1507.87339
G1 X80.842 Y126.266 E1507.88843
G1 X81.263 Y126.16 E1507.90287
G1 X81.726 Y126.159 E1507.91827
G1 X82.159 Y126.267 E1507.93311
G1 X82.564 Y126.479 E1507.94832
G1 X82.887 Y126.77 E1507.96278
G1 X83.15 Y127.15 E1507.97815
G0 F9000 X83.05 Y126.455
G0 X83.166 Y127.701
G0 X83.15 Y132.4
G1 F1500 X83.15 Y128.851 E1508.09619
G1 X82.894 Y129.223 E1508.11121
G1 X82.563 Y129.522 E1508.12604
G1 X82.151 Y129.736 E1508.14149
G1 X81.723 Y129.837 E1508.15611
G1 X81.279 Y129.838 E1508.17088
G1 X80.849 Y129.737 E1508.18557
G1 X80.451 Y129.532 E1508.20046
G1 X80.111 Y129.228 E1508.21563
G1 X79.851 Y128.852 E1508.23083
G1 X79.85 Y132.4 E1508.34884
G1 X83.15 Y132.4 E1508.4586
G0 F9000 X83.55 Y132.8
;TYPE:WALL-OUTER
G1 F1500 X83.55 Y128.792 E1508.59191
G1 F1304.3 X83.49 Y128.388 E1508.60753
G1 F1176.5 X83.5 Y127.995 E1508.6242
G1 X83.49 Y127.638 E1508.63934
G1 F1304.3 X83.55 Y127.209 E1508.65591
G1 F1500 X83.55 Y93.792 E1509.76737
G1 F1304.3 X83.49 Y93.388 E1509.78299
G1 F1176.5 X83.5 Y92.995 E1509.79966
G1 X83.49 Y92.638 E1509.81481
G1 F1304.3 X83.55 Y92.209 E1509.83137
G1 F1500 X83.55 Y88.2 E1509.96471
G1 X79.451 Y88.201 E1510.10105
G1 X79.45 Y92.209 E1510.23435
G1 F1304.3 X79.51 Y92.639 E1510.25096
G1 F1176.5 X79.5 Y93.007 E1510.26657
G1 X79.511 Y93.368 E1510.28189
G1 F1304.3 X79.451 Y93.791 E1510.29823
G1 F1500 X79.45 Y127.209 E1511.40972
G1 F1304.3 X79.51 Y127.639 E1511.42632
G1 F1176.5 X79.5 Y128.007 E1511.44193
G1 X79.511 Y128.368 E1511.45725
G1 F1304.3 X79.451 Y128.791 E1511.47359
G1 F1500 X79.45 Y132.8 E1511.60693
G1 X83.55 Y132.8 E1511.7433
G1 F2700 E1506.7433
G0 F9000 X83.28 Y132.53
G0 X82.966 Y129.406
G0 X82.06 Y129.656
G1 F2700 E1511.7433
G0 F9000 X81.989 Y129.363
G1 F1500 X81.679 Y129.439 E1511.75391
G1 X81.324 Y129.44 E1511.76572
G1 X81.008 Y129.364 E1511.77653
G1 X80.657 Y129.18 E1511.78971
G1 X80.4 Y128.943 E1511.80134
G1 X80.228 Y128.695 E1511.81138
G1 F1304.3 X80.029 Y128.336 E1511.82708
G1 F1176.5 X80 Y128.007 E1511.84108
G1 X80.028 Y127.67 E1511.85542
G1 F1304.3 X80.228 Y127.304 E1511.87138
G1 F1500 X80.395 Y127.06 E1511.88121
G1 X80.653 Y126.822 E1511.89289
G1 X81.007 Y126.637 E1511.90617
G1 X81.294 Y126.565 E1511.91601
G1 X81.678 Y126.559 E1511.92879
G1 X82.034 Y126.653 E1511.94103
G1 X82.35 Y126.825 E1511.953
G1 X82.569 Y127.021 E1511.96277
G1 X82.771 Y127.304 E1511.97434
G1 F1304.3 X82.972 Y127.669 E1511.99028
G1 F1176.5 X83 Y127.995 E1512.00415
G1 X82.972 Y128.343 E1512.01896
G1 F1304.3 X82.771 Y128.696 E1512.03449
G1 F1500 X82.573 Y128.974 E1512.04585
G1 X82.305 Y129.206 E1512.05764
G1 X81.989 Y129.363 E1512.06937
G1 F2700 E1507.06937
G0 F9000 X82.06 Y129.656
G0 X82.77 Y129.118
G0 X82.999 Y128.786
G0 X83.143 Y128.404
G0 X83.193 Y127.994
G0 X82.966 Y94.405
G0 X81.772 Y94.726
G1 F2700 E1512.06937
G0 F9000 X81.7 Y94.435
G1 F1500 X81.299 Y94.436 E1512.08271
G1 X81.008 Y94.364 E1512.09268
G1 X80.657 Y94.18 E1512.10586
G1 X80.4 Y93.943 E1512.11749
G1 X80.228 Y93.695 E1512.12753
G1 F1304.3 X80.029 Y93.336 E1512.14323
G1 F1176.5 X80 Y93.007 E1512.15723
G1 X80.028 Y92.67 E1512.17157
G1 F1304.3 X80.229 Y92.304 E1512.18754
G1 F1500 X80.427 Y92.026 E1512.1989
G1 X80.695 Y91.794 E1512.21069
G1 X81.011 Y91.636 E1512.22244
G1 X81.321 Y91.561 E1512.23304
G1 X81.676 Y91.56 E1512.24485
G1 X81.992 Y91.636 E1512.25566
G1 X82.302 Y91.792 E1512.2672
G1 X82.569 Y92.022 E1512.27893
G1 X82.771 Y92.303 E1512.29044
G1 F1304.3 X82.972 Y92.669 E1512.30641
G1 F1176.5 X83 Y92.995 E1512.32028
G1 X82.972 Y93.343 E1512.33509
G1 F1304.3 X82.771 Y93.697 E1512.35066
G1 F1500 X82.569 Y93.978 E1512.36217
G1 X82.301 Y94.209 E1512.37394
G1 X82.041 Y94.344 E1512.38368
G1 X81.7 Y94.435 E1512.39542
G1 F2700 E1507.39542
G0 F9000 X81.772 Y94.726
G0 X82.966 Y94.405
G0 X82.966 Y126.594
G0 X82.623 Y126.397
G1 F2700 E1512.39542
G0 F9000 X82.788 Y126.195
;TYPE:SKIN
G1 F1500 X82.266 Y125.922 E1512.41501
G1 X81.794 Y125.804 E1512.43119
G1 X81.243 Y125.8 E1512.44952
G1 X80.734 Y125.921 E1512.46692
G1 X80.211 Y126.185 E1512.48641
G1 X80.212 Y94.815 E1513.52978
G1 X80.732 Y95.079 E1513.54917
G1 X81.204 Y95.196 E1513.56535
G1 X81.746 Y95.201 E1513.58338
G1 X82.271 Y95.074 E1513.60134
G1 X82.79 Y94.813 E1513.62066
G1 X82.788 Y126.195 E1514.66443
G0 F9000 X82.623 Y126.397
G0 X80.747 Y126.202
G0 X80.54 Y125.795
G1 F1500 X80.412 Y125.667 E1514.67045
G0 F9000 X80.966 Y125.655
G1 F1500 X80.412 Y125.101 E1514.69651
G0 F9000 X80.412 Y124.535
G1 F1500 X81.474 Y125.598 E1514.74649
G0 F9000 X82.12 Y125.678
G1 F1500 X80.412 Y123.969 E1514.82685
G0 F9000 X80.412 Y123.404
G1 F1500 X82.59 Y125.582 E1514.9293
G0 F9000 X82.59 Y125.016
G1 F1500 X80.412 Y122.838 E1515.03174
G0 F9000 X80.412 Y122.272
G1 F1500 X82.59 Y124.45 E1515.13419
G0 F9000 X82.59 Y123.885
G1 F1500 X80.412 Y121.707 E1515.23664
G0 F9000 X80.412 Y121.141
G1 F1500 X82.59 Y123.319 E1515.33908
G0 F9000 X82.59 Y122.753
G1 F1500 X80.412 Y120.575 E1515.44153
G0 F9000 X80.412 Y120.01
G1 F1500 X82.59 Y122.188 E1515.54398
G0 F9000 X82.59 Y121.622
G1 F1500 X80.412 Y119.444 E1515.64642
G0 F9000 X80.412 Y118.878
G1 F1500 X82.59 Y121.056 E1515.74887
G0 F9000 X82.59 Y120.49
G1 F1500 X80.412 Y118.313 E1515.85129
G0 F9000 X80.412 Y117.747
G1 F1500 X82.59 Y119.925 E1515.95374
G0 F9000 X82.59 Y119.359
G1 F1500 X80.412 Y117.181 E1516.05619
G0 F9000 X80.412 Y116.616
G1 F1500 X82.59 Y118.793 E1516.15861
G0 F9000 X82.59 Y118.228
G1 F1500 X80.412 Y116.05 E1516.26105
G0 F9000 X80.412 Y115.484
G1 F1500 X82.59 Y117.662 E1516.3635
G0 F9000 X82.59 Y117.096
G1 F1500 X80.412 Y114.918 E1516.46595
G0 F9000 X80.412 Y114.353
G1 F1500 X82.59 Y116.531 E1516.56839
G0 F9000 X82.59 Y115.965
G1 F1500 X80.412 Y113.787 E1516.67084
G0 F9000 X80.412 Y113.221
G1 F1500 X82.59 Y115.399 E1516.77329
G0 F9000 X82.59 Y114.834
G1 F1500 X80.412 Y112.656 E1516.87573
G0 F9000 X80.412 Y112.09
G1 F1500 X82.59 Y114.268 E1516.97818
G0 F9000 X82.59 Y113.702
G1 F1500 X80.412 Y111.524 E1517.08063
G0 F9000 X80.412 Y110.959
G1 F1500 X82.59 Y113.137 E1517.18307
G0 F9000 X82.59 Y112.571
G1 F1500 X80.412 Y110.393 E1517.28552
G0 F9000 X80.412 Y109.827
G1 F1500 X82.59 Y112.005 E1517.38797
G0 F9000 X82.59 Y111.44
G1 F1500 X80.412 Y109.262 E1517.49041
G0 F9000 X80.412 Y108.696
G1 F1500 X82.59 Y110.874 E1517.59286
G0 F9000 X82.59 Y110.308
G1 F1500 X80.412 Y108.13 E1517.6953
G0 F9000 X80.412 Y107.565
G1 F1500 X82.59 Y109.742 E1517.79773
G0 F9000 X82.59 Y109.177
G1 F1500 X80.412 Y106.999 E1517.90017
G0 F9000 X80.412 Y106.433
G1 F1500 X82.59 Y108.611 E1518.00262
G0 F9000 X82.59 Y108.045
G1 F1500 X80.412 Y105.868 E1518.10504
G0 F9000 X80.412 Y105.302
G1 F1500 X82.59 Y107.48 E1518.20749
G0 F9000 X82.59 Y106.914
G1 F1500 X80.412 Y104.736 E1518.30994
G0 F9000 X80.412 Y104.17
G1 F1500 X82.59 Y106.348 E1518.41238
G0 F9000 X82.59 Y105.783
G1 F1500 X80.412 Y103.605 E1518.51483
G0 F9000 X80.412 Y103.039
G1 F1500 X82.59 Y105.217 E1518.61728
G0 F9000 X82.59 Y104.651
G1 F1500 X80.412 Y102.473 E1518.71972
G0 F9000 X80.412 Y101.908
G1 F1500 X82.59 Y104.086 E1518.82217
G0 F9000 X82.59 Y103.52
G1 F1500 X80.412 Y101.342 E1518.92462
G0 F9000 X80.412 Y100.776
G1 F1500 X82.59 Y102.954 E1519.02706
G0 F9000 X82.59 Y102.389
G1 F1500 X80.412 Y100.211 E1519.12951
G0 F9000 X80.412 Y99.645
G1 F1500 X82.59 Y101.823 E1519.23195
G0 F9000 X82.59 Y101.257
G1 F1500 X80.412 Y99.079 E1519.3344
G0 F9000 X80.412 Y98.514
G1 F1500 X82.59 Y100.692 E1519.43685
G0 F9000 X82.59 Y100.126
G1 F1500 X80.412 Y97.948 E1519.53929
G0 F9000 X80.412 Y97.382
G1 F1500 X82.59 Y99.56 E1519.64174
G0 F9000 X82.59 Y98.994
G1 F1500 X80.412 Y96.817 E1519.74416
G0 F9000 X80.412 Y96.251
G1 F1500 X82.59 Y98.429 E1519.84661
G0 F9000 X82.59 Y97.863
G1 F1500 X80.412 Y95.685 E1519.94906
G0 F9000 X80.455 Y95.163
G1 F1500 X82.59 Y97.297 E1520.04946
G0 F9000 X82.59 Y96.732
G1 F1500 X81.257 Y95.4 E1520.11213
G0 F9000 X81.818 Y95.395
G1 F1500 X82.59 Y96.166 E1520.14842
G0 F9000 X82.59 Y95.6
G1 F1500 X82.269 Y95.28 E1520.1635
G0 F9000 X81.793 Y94.928
G0 X82.767 Y94.122
G0 X82.999 Y93.786
G0 X83.143 Y93.404
G0 X83.193 Y92.994
G0 X83.153 Y92.671
G0 X82.611 Y91.389
G0 X82.79 Y91.187
G1 F1500 X82.306 Y90.934 E1520.18166
G1 X81.764 Y90.804 E1520.2002
G1 X81.237 Y90.805 E1520.21773
G1 X80.755 Y90.916 E1520.23418
G1 X80.212 Y91.185 E1520.25433
G1 X80.212 Y88.962 E1520.32827
G1 X82.79 Y88.96 E1520.41402
G1 X82.79 Y91.187 E1520.48809
G0 F9000 X82.611 Y91.389
G0 X82.966 Y91.595
G0 X83.05 Y89.378
G0 X82.59 Y89.378
G1 F1500 X82.371 Y89.159 E1520.49839
G0 F9000 X81.806 Y89.16
G1 F1500 X82.59 Y89.943 E1520.53524
G0 F9000 X82.59 Y90.509
G1 F1500 X81.24 Y89.16 E1520.59872
G0 F9000 X80.675 Y89.161
G1 F1500 X82.215 Y90.7 E1520.67113
G0 F9000 X81.552 Y90.603
G1 F1500 X80.41 Y89.461 E1520.72485
G0 F9000 X80.41 Y90.026
G1 F1500 X81.03 Y90.646 E1520.75401
G0 F9000 X80.591 Y90.774
G1 F1500 X80.41 Y90.592 E1520.76255
G1 F2700 E1515.76255
G0 F9000 X79.951 Y90.59
G0 X79.807 Y93.006
G0 X80.035 Y126.591
G0 X82.215 Y126.115
G0 X82.999 Y127.214
G0 X83.143 Y127.595
G0 X83.05 Y132.04
G1 F2700 E1520.76255
G0 F9000 X82.79 Y132.04
G1 F1500 X80.211 Y132.04 E1520.84832
G1 X80.212 Y129.815 E1520.92233
G1 X80.693 Y130.065 E1520.94036
G1 X81.241 Y130.196 E1520.9591
G1 X81.792 Y130.195 E1520.97743
G1 X82.265 Y130.076 E1520.99365
G1 X82.788 Y129.814 E1521.0131
G1 X82.79 Y132.04 E1521.08714
G0 F9000 X83.05 Y132.04
G0 X82.966 Y129.406
G0 X81.973 Y129.884
G0 X82.211 Y130.295
G1 F1500 X82.59 Y130.673 E1521.10494
G0 F9000 X82.59 Y131.239
G1 F1500 X81.745 Y130.394 E1521.14469
G0 F9000 X81.168 Y130.383
G1 F1500 X82.59 Y131.804 E1521.21155
G0 F9000 X82.059 Y131.839
G1 F1500 X80.411 Y130.191 E1521.28907
G0 F9000 X80.411 Y130.757
G1 F1500 X81.493 Y131.839 E1521.33996
G0 F9000 X80.927 Y131.839
G1 F1500 X80.411 Y131.323 E1521.36423
G1 F2700 E1516.36423
G0 F9000 X79.951 Y131.321
G0 X80.022 Y132.228
G0 X82.978 Y132.228
G0 X83.33 Y131.9
G0 X84.415 Y131.9
G0 X95.585 Y131.9
G0 X100.15 Y131.9
;TYPE:WALL-INNER
G1 F2700 E1521.36423
G1 F1500 X100.15 Y128.351 E1521.48228
G1 X99.894 Y128.723 E1521.49729
G1 X99.563 Y129.022 E1521.51213
G1 X99.151 Y129.236 E1521.52757
G1 X98.723 Y129.337 E1521.5422
G1 X98.279 Y129.338 E1521.55697
G1 X97.849 Y129.237 E1521.57166
G1 X97.451 Y129.032 E1521.58655
G1 X97.111 Y128.728 E1521.60172
G1 X96.851 Y128.352 E1521.61692
G1 X96.85 Y131.9 E1521.73493
G1 X100.15 Y131.9 E1521.84469
G0 F9000 X100.189 Y127.935
G0 X100.05 Y125.955
G0 X100.15 Y126.65
G1 F1500 X100.15 Y93.352 E1522.95218
G1 X99.888 Y93.728 E1522.96742
G1 X99.554 Y94.028 E1522.98236
G1 X99.164 Y94.23 E1522.99697
G1 X98.727 Y94.341 E1523.01196
G1 X98.272 Y94.341 E1523.02709
G1 X97.846 Y94.236 E1523.04169
G1 X97.451 Y94.031 E1523.05649
G1 X97.111 Y93.729 E1523.07161
G1 X96.851 Y93.352 E1523.08685
G1 X96.851 Y126.647 E1524.19424
G1 X97.106 Y126.274 E1524.20927
G1 X97.441 Y125.975 E1524.22421
G1 X97.842 Y125.766 E1524.23925
G1 X98.263 Y125.66 E1524.25369
G1 X98.726 Y125.659 E1524.26908
G1 X99.159 Y125.767 E1524.28393
G1 X99.564 Y125.979 E1524.29913
G1 X99.887 Y126.27 E1524.31359
G1 X100.15 Y126.65 E1524.32896
G1 F2700 E1519.32896
G0 F9000 X100.05 Y125.955
G0 X100.193 Y92.494
G0 X100.153 Y92.171
G0 X99.676 Y90.947
G1 F2700 E1524.32896
G0 F9000 X100.15 Y91.648
G1 F1500 X100.15 Y88.1 E1524.44697
G1 X96.851 Y88.101 E1524.55669
G1 X96.85 Y91.65 E1524.67473
G1 X97.104 Y91.279 E1524.68969
G1 X97.442 Y90.974 E1524.70483
G1 X97.85 Y90.763 E1524.72011
G1 X98.277 Y90.663 E1524.7347
G1 X98.721 Y90.662 E1524.74946
G1 X99.152 Y90.763 E1524.76419
G1 X99.549 Y90.97 E1524.77908
G1 X99.887 Y91.27 E1524.79411
G1 X100.15 Y91.648 E1524.80942
G1 F2700 E1519.80942
G0 F9000 X99.676 Y90.947
G0 X100.143 Y92.095
G0 X100.193 Y92.494
G0 X100.143 Y92.904
G0 X99.999 Y93.286
G0 X99.767 Y93.622
G0 X99.519 Y93.841
G0 X98.772 Y94.226
G1 F2700 E1524.80942
G0 F9000 X98.7 Y93.935
;TYPE:WALL-OUTER
G1 F1500 X98.299 Y93.936 E1524.82276
G1 X98.008 Y93.864 E1524.83273
G1 X97.657 Y93.68 E1524.84591
G1 X97.4 Y93.443 E1524.85754
G1 X97.228 Y93.195 E1524.86758
G1 F1304.3 X97.029 Y92.836 E1524.88328
G1 F1176.5 X97 Y92.507 E1524.89729
G1 X97.028 Y92.17 E1524.91163
G1 F1304.3 X97.229 Y91.804 E1524.9276
G1 F1500 X97.427 Y91.526 E1524.93895
G1 X97.695 Y91.294 E1524.95074
G1 X98.011 Y91.136 E1524.96249
G1 X98.321 Y91.061 E1524.9731
G1 X98.676 Y91.06 E1524.9849
G1 X98.992 Y91.136 E1524.99571
G1 X99.302 Y91.292 E1525.00726
G1 X99.569 Y91.522 E1525.01898
G1 X99.771 Y91.803 E1525.03049
G1 F1304.3 X99.972 Y92.169 E1525.04646
G1 F1176.5 X100 Y92.495 E1525.06034
G1 X99.972 Y92.843 E1525.07514
G1 F1304.3 X99.771 Y93.197 E1525.09071
G1 F1500 X99.569 Y93.478 E1525.10222
G1 X99.301 Y93.709 E1525.11399
G1 X99.041 Y93.844 E1525.12373
G1 X98.7 Y93.935 E1525.13547
G1 F2700 E1520.13547
G0 F9000 X98.772 Y94.226
G0 X99.966 Y93.905
G0 X100.193 Y127.494
G0 X100.143 Y127.904
G0 X99.999 Y128.286
G0 X99.814 Y128.555
G0 X98.801 Y129.428
G1 F2700 E1525.13547
G0 F9000 X98.679 Y128.939
G1 F1500 X98.324 Y128.94 E1525.14728
G1 X98.008 Y128.864 E1525.15809
G1 X97.657 Y128.68 E1525.17127
G1 X97.4 Y128.443 E1525.1829
G1 X97.228 Y128.195 E1525.19294
G1 F1304.3 X97.029 Y127.836 E1525.20864
G1 F1176.5 X97 Y127.507 E1525.22264
G1 X97.028 Y127.17 E1525.23698
G1 F1304.3 X97.228 Y126.804 E1525.25294
G1 F1500 X97.395 Y126.56 E1525.26277
G1 X97.653 Y126.322 E1525.27444
G1 X98.007 Y126.137 E1525.28773
G1 X98.294 Y126.065 E1525.29757
G1 X98.678 Y126.059 E1525.31034
G1 X99.034 Y126.153 E1525.32259
G1 X99.35 Y126.325 E1525.33456
G1 X99.569 Y126.521 E1525.34433
G1 X99.771 Y126.804 E1525.3559
G1 F1304.3 X99.972 Y127.169 E1525.37183
G1 F1176.5 X100 Y127.495 E1525.38571
G1 X99.972 Y127.843 E1525.40052
G1 F1304.3 X99.771 Y128.196 E1525.41605
G1 F1500 X99.573 Y128.474 E1525.4274
G1 X99.305 Y128.706 E1525.43919
G1 X98.989 Y128.863 E1525.45093
G1 X98.679 Y128.939 E1525.46155
G1 F2700 E1520.46155
G0 F9000 X98.801 Y129.428
G0 X99.966 Y128.906
G0 X100.28 Y132.03
G1 F2700 E1525.46155
G0 F9000 X100.55 Y132.3
G1 F1500 X100.55 Y128.292 E1525.59485
G1 F1304.3 X100.49 Y127.888 E1525.61047
G1 F1176.5 X100.5 Y127.495 E1525.62715
G1 X100.49 Y127.138 E1525.64229
G1 F1304.3 X100.55 Y126.709 E1525.65886
G1 F1500 X100.55 Y93.292 E1526.77031
G1 F1304.3 X100.49 Y92.888 E1526.78594
G1 F1176.5 X100.5 Y92.495 E1526.80261
G1 X100.49 Y92.138 E1526.81775
G1 F1304.3 X100.55 Y91.709 E1526.83432
G1 F1500 X100.55 Y87.7 E1526.96766
G1 X96.451 Y87.701 E1527.10399
G1 X96.45 Y91.709 E1527.2373
G1 F1304.3 X96.51 Y92.139 E1527.25391
G1 F1176.5 X96.5 Y92.507 E1527.26952
G1 X96.511 Y92.868 E1527.28483
G1 F1304.3 X96.451 Y93.291 E1527.30118
G1 F1500 X96.45 Y126.709 E1528.41266
G1 F1304.3 X96.51 Y127.139 E1528.42927
G1 F1176.5 X96.5 Y127.507 E1528.44488
G1 X96.511 Y127.868 E1528.4602
G1 F1304.3 X96.451 Y128.291 E1528.47654
G1 F1500 X96.45 Y132.3 E1528.60988
G1 X100.55 Y132.3 E1528.74624
G0 F9000 X100.28 Y132.03
G0 X100.05 Y131.54
G0 X99.79 Y131.54
;TYPE:SKIN
G1 F1500 X97.211 Y131.54 E1528.83202
G1 X97.212 Y129.315 E1528.90603
G1 X97.693 Y129.565 E1528.92406
G1 X98.241 Y129.696 E1528.9428
G1 X98.792 Y129.695 E1528.96112
G1 X99.265 Y129.576 E1528.97734
G1 X99.788 Y129.314 E1528.9968
G1 X99.79 Y131.54 E1529.07084
G0 F9000 X100.05 Y131.54
G0 X99.966 Y128.906
G0 X98.973 Y129.384
G0 X99.24 Y129.787
G1 F1500 X99.59 Y130.137 E1529.0873
G0 F9000 X99.59 Y130.703
G1 F1500 X98.781 Y129.894 E1529.12535
G0 F9000 X98.216 Y129.894
G1 F1500 X99.59 Y131.268 E1529.18998
G0 F9000 X99.095 Y131.339
G1 F1500 X97.411 Y129.655 E1529.26919
G0 F9000 X97.411 Y130.22
G1 F1500 X98.529 Y131.339 E1529.3218
G0 F9000 X97.963 Y131.339
G1 F1500 X97.411 Y130.786 E1529.34779
G0 F9000 X96.951 Y130.784
G0 X97.035 Y128.907
G0 X98.297 Y129.18
G0 X98.709 Y129.179
G0 X99.1 Y129.083
G0 X99.461 Y128.892
G0 X99.77 Y128.618
G0 X99.999 Y128.286
G0 X100.143 Y127.904
G0 X100.193 Y127.494
G0 X100.153 Y127.171
G0 X99.623 Y125.897
G0 X99.788 Y125.695
G1 F1500 X99.266 Y125.422 E1529.36738
G1 X98.794 Y125.304 E1529.38357
G1 X98.243 Y125.3 E1529.40189
G1 X97.734 Y125.421 E1529.41929
G1 X97.212 Y125.685 E1529.43875
G1 X97.212 Y94.315 E1530.48212
G1 X97.732 Y94.579 E1530.50152
G1 X98.204 Y94.696 E1530.51769
G1 X98.746 Y94.701 E1530.53572
G1 X99.271 Y94.574 E1530.55368
G1 X99.79 Y94.313 E1530.57301
G1 X99.788 Y125.695 E1531.61677
G0 F9000 X99.623 Y125.897
G0 X97.677 Y125.738
G0 X97.564 Y125.283
G1 F1500 X97.411 Y125.129 E1531.624
G0 F9000 X97.411 Y124.563
G1 F1500 X97.995 Y125.148 E1531.65149
G0 F9000 X98.51 Y125.097
G1 F1500 X97.411 Y123.998 E1531.70318
G0 F9000 X97.411 Y123.432
G1 F1500 X99.168 Y125.19 E1531.78585
G0 F9000 X99.589 Y125.045
G1 F1500 X97.411 Y122.866 E1531.88832
G0 F9000 X97.411 Y122.301
G1 F1500 X99.589 Y124.479 E1531.99077
G0 F9000 X99.589 Y123.914
G1 F1500 X97.411 Y121.735 E1532.09324
G0 F9000 X97.411 Y121.169
G1 F1500 X99.589 Y123.348 E1532.19571
G0 F9000 X99.589 Y122.782
G1 F1500 X97.411 Y120.604 E1532.29815
G0 F9000 X97.411 Y120.038
G1 F1500 X99.589 Y122.217 E1532.40062
G0 F9000 X99.589 Y121.651
G1 F1500 X97.411 Y119.472 E1532.50309
G0 F9000 X97.411 Y118.907
G1 F1500 X99.589 Y121.085 E1532.60554
G0 F9000 X99.589 Y120.519
G1 F1500 X97.411 Y118.341 E1532.70798
G0 F9000 X97.411 Y117.775
G1 F1500 X99.589 Y119.954 E1532.81045
G0 F9000 X99.589 Y119.388
G1 F1500 X97.411 Y117.21 E1532.9129
G0 F9000 X97.411 Y116.644
G1 F1500 X99.589 Y118.822 E1533.01535
G0 F9000 X99.589 Y118.257
G1 F1500 X97.411 Y116.078 E1533.11782
G0 F9000 X97.411 Y115.512
G1 F1500 X99.589 Y117.691 E1533.22029
G0 F9000 X99.589 Y117.125
G1 F1500 X97.411 Y114.947 E1533.32273
G0 F9000 X97.411 Y114.381
G1 F1500 X99.589 Y116.56 E1533.4252
G0 F9000 X99.589 Y115.994
G1 F1500 X97.411 Y113.815 E1533.52767
G0 F9000 X97.411 Y113.25
G1 F1500 X99.589 Y115.428 E1533.63012
G0 F9000 X99.589 Y114.863
G1 F1500 X97.411 Y112.684 E1533.73259
G0 F9000 X97.411 Y112.118
G1 F1500 X99.589 Y114.297 E1533.83506
G0 F9000 X99.589 Y113.731
G1 F1500 X97.411 Y111.553 E1533.93751
G0 F9000 X97.411 Y110.987
G1 F1500 X99.589 Y113.166 E1534.03998
G0 F9000 X99.589 Y112.6
G1 F1500 X97.411 Y110.421 E1534.14245
G0 F9000 X97.411 Y109.856
G1 F1500 X99.589 Y112.034 E1534.24489
G0 F9000 X99.589 Y111.469
G1 F1500 X97.411 Y109.29 E1534.34736
G0 F9000 X97.411 Y108.724
G1 F1500 X99.589 Y110.903 E1534.44983
G0 F9000 X99.589 Y110.337
G1 F1500 X97.411 Y108.159 E1534.55228
G0 F9000 X97.411 Y107.593
G1 F1500 X99.589 Y109.771 E1534.65473
G0 F9000 X99.589 Y109.206
G1 F1500 X97.411 Y107.027 E1534.7572
G0 F9000 X97.411 Y106.461
G1 F1500 X99.589 Y108.64 E1534.85967
G0 F9000 X99.589 Y108.074
G1 F1500 X97.411 Y105.896 E1534.96211
G0 F9000 X97.411 Y105.33
G1 F1500 X99.589 Y107.509 E1535.06458
G0 F9000 X99.589 Y106.943
G1 F1500 X97.411 Y104.764 E1535.16705
G0 F9000 X97.411 Y104.199
G1 F1500 X99.589 Y106.377 E1535.2695
G0 F9000 X99.589 Y105.812
G1 F1500 X97.411 Y103.633 E1535.37197
G0 F9000 X97.411 Y103.067
G1 F1500 X99.589 Y105.246 E1535.47444
G0 F9000 X99.589 Y104.68
G1 F1500 X97.411 Y102.502 E1535.57689
G0 F9000 X97.411 Y101.936
G1 F1500 X99.589 Y104.115 E1535.67936
G0 F9000 X99.589 Y103.549
G1 F1500 X97.411 Y101.37 E1535.78183
G0 F9000 X97.411 Y100.805
G1 F1500 X99.589 Y102.983 E1535.88427
G0 F9000 X99.589 Y102.418
G1 F1500 X97.411 Y100.239 E1535.98674
G0 F9000 X97.411 Y99.673
G1 F1500 X99.589 Y101.852 E1536.08921
G0 F9000 X99.589 Y101.286
G1 F1500 X97.411 Y99.108 E1536.19166
G0 F9000 X97.411 Y98.542
G1 F1500 X99.589 Y100.72 E1536.2941
G0 F9000 X99.589 Y100.155
G1 F1500 X97.411 Y97.976 E1536.39657
G0 F9000 X97.411 Y97.411
G1 F1500 X99.589 Y99.589 E1536.49902
G0 F9000 X99.589 Y99.023
G1 F1500 X97.411 Y96.845 E1536.60147
G0 F9000 X97.411 Y96.279
G1 F1500 X99.589 Y98.458 E1536.70394
G0 F9000 X99.589 Y97.892
G1 F1500 X97.411 Y95.713 E1536.80641
G0 F9000 X97.411 Y95.148
G1 F1500 X99.589 Y97.326 E1536.90885
G0 F9000 X99.589 Y96.761
G1 F1500 X97.526 Y94.698 E1537.00589
G0 F9000 X98.295 Y94.901
G1 F1500 X99.589 Y96.195 E1537.06676
G0 F9000 X99.589 Y95.629
G1 F1500 X98.847 Y94.888 E1537.10163
G0 F9000 X99.299 Y94.773
G1 F1500 X99.589 Y95.064 E1537.1153
G0 F9000 X99.494 Y94.171
G0 X99.999 Y93.286
G0 X100.143 Y92.904
G0 X100.193 Y92.494
G0 X100.153 Y92.171
G0 X99.611 Y90.889
G0 X99.79 Y90.687
G1 F1500 X99.306 Y90.434 E1537.13346
G1 X98.764 Y90.304 E1537.152
G1 X98.237 Y90.305 E1537.16953
G1 X97.755 Y90.416 E1537.18598
G1 X97.212 Y90.685 E1537.20614
G1 X97.212 Y88.462 E1537.28007
G1 X99.79 Y88.46 E1537.36582
G1 X99.79 Y90.687 E1537.43989
G0 F9000 X99.611 Y90.889
G0 X99.966 Y91.095
G0 X100.05 Y88.84
G0 X99.588 Y88.84
G1 F1500 X99.408 Y88.66 E1537.44835
G0 F9000 X98.843 Y88.661
G1 F1500 X99.588 Y89.406 E1537.4834
G0 F9000 X99.588 Y89.972
G1 F1500 X98.277 Y88.661 E1537.54506
G0 F9000 X97.712 Y88.661
G1 F1500 X99.264 Y90.213 E1537.61806
G0 F9000 X98.59 Y90.105
G1 F1500 X97.411 Y88.925 E1537.67354
G0 F9000 X97.41 Y89.49
G1 F1500 X98.06 Y90.141 E1537.70414
G0 F9000 X97.616 Y90.262
G1 F1500 X97.409 Y90.055 E1537.71388
G1 F2700 E1532.71388
G0 F9000 X96.951 Y90.053
G0 X97.034 Y91.094
G0 X98.291 Y90.821
G0 X98.703 Y90.82
G0 X99.1 Y90.917
G0 X99.461 Y91.107
G0 X99.767 Y91.378
G0 X99.999 Y91.714
G0 X100.116 Y92.023
G0 X100.33 Y93.939
G0 X116.974 Y93.349
G0 X118.272 Y93.841
;TYPE:WALL-INNER
G1 F2700 E1537.71388
G1 F1500 X117.843 Y93.735 E1537.72858
G1 X117.448 Y93.529 E1537.74339
G1 X117.109 Y93.226 E1537.75852
G1 X116.859 Y92.865 E1537.77312
G1 X116.7 Y92.449 E1537.78793
G1 X116.65 Y92.007 E1537.80273
G1 X116.699 Y91.558 E1537.81775
G1 X116.858 Y91.136 E1537.83275
G1 X117.106 Y90.775 E1537.84732
G1 X117.442 Y90.474 E1537.86232
G1 X117.844 Y90.265 E1537.87739
G1 X118.239 Y90.168 E1537.89092
G1 X118.723 Y90.157 E1537.90702
G1 X119.155 Y90.265 E1537.92183
G1 X119.554 Y90.473 E1537.9368
G1 X119.889 Y90.772 E1537.95173
G1 X120.143 Y91.139 E1537.96658
G1 X120.302 Y91.558 E1537.98148
G1 X120.35 Y91.993 E1537.99604
G1 X120.302 Y92.436 E1538.01086
G1 X120.143 Y92.862 E1538.02598
G1 X119.892 Y93.225 E1538.04066
G1 X119.554 Y93.528 E1538.05576
G1 X119.164 Y93.73 E1538.07037
G1 X118.727 Y93.841 E1538.08536
G1 X118.272 Y93.841 E1538.1005
G1 F2700 E1533.1005
G0 F9000 X118.248 Y93.939
G0 X118.241 Y124.979
G0 X118.278 Y128.842
G1 F2700 E1538.1005
G1 F1500 X117.846 Y128.736 E1538.11529
G1 X117.449 Y128.53 E1538.13017
G1 X117.109 Y128.226 E1538.14534
G1 X116.857 Y127.861 E1538.16009
G1 X116.7 Y127.445 E1538.17488
G1 X116.651 Y127 E1538.18977
G1 X116.699 Y126.558 E1538.20455
G1 X116.857 Y126.139 E1538.21945
G1 X117.108 Y125.775 E1538.23415
G1 X117.448 Y125.47 E1538.24935
G1 X117.836 Y125.267 E1538.26391
G1 X118.264 Y125.16 E1538.27858
G1 X118.728 Y125.159 E1538.29402
G1 X119.158 Y125.265 E1538.30875
G1 X119.555 Y125.474 E1538.32367
G1 X119.891 Y125.774 E1538.33865
G1 X120.142 Y126.137 E1538.35333
G1 X120.302 Y126.561 E1538.3684
G1 X120.35 Y126.995 E1538.38293
G1 X120.302 Y127.441 E1538.39784
G1 X120.144 Y127.859 E1538.41271
G1 X119.894 Y128.223 E1538.42739
G1 X119.559 Y128.526 E1538.44242
G1 X119.162 Y128.733 E1538.45731
G1 X118.755 Y128.833 E1538.47125
G1 X118.278 Y128.842 E1538.48712
G1 F2700 E1533.48712
G0 F9000 X118.254 Y128.94
G0 X117.342 Y128.677
G0 X115.801 Y128.677
G0 X115.601 Y131.399
G1 F2700 E1538.48712
G1 F1500 X121.4 Y131.4 E1538.67999
G1 X121.4 Y87.6 E1540.13679
G1 X115.601 Y87.601 E1540.32966
G1 X115.601 Y131.399 E1541.78639
G0 F9000 X115.201 Y131.799
;TYPE:WALL-OUTER
G1 F1500 X121.8 Y131.8 E1542.00587
G1 X121.8 Y87.2 E1543.48928
G1 X115.201 Y87.201 E1543.70876
G1 X115.201 Y131.799 E1545.19209
G1 F2700 E1540.19209
G0 F9000 X115.47 Y131.53
G0 X118.178 Y131.219
G0 X118.25 Y129.022
G0 X118.299 Y128.436
G1 F2700 E1545.19209
G1 F1500 X118.008 Y128.364 E1545.20206
G1 X117.657 Y128.18 E1545.21525
G1 X117.4 Y127.943 E1545.22687
G1 X117.206 Y127.653 E1545.23848
G1 X117.089 Y127.334 E1545.24978
G1 X117.051 Y127 E1545.26096
G1 X117.099 Y126.63 E1545.27337
G1 X117.229 Y126.303 E1545.28507
G1 X117.4 Y126.057 E1545.29504
G1 X117.698 Y125.791 E1545.30832
G1 X118.003 Y125.638 E1545.31967
G1 X118.294 Y125.565 E1545.32965
G1 X118.702 Y125.564 E1545.34322
G1 X118.992 Y125.636 E1545.35316
G1 X119.343 Y125.82 E1545.36634
G1 X119.6 Y126.057 E1545.37797
G1 X119.794 Y126.347 E1545.38957
G1 X119.912 Y126.676 E1545.4012
G1 X119.95 Y126.995 E1545.41188
G1 X119.912 Y127.333 E1545.4232
G1 X119.794 Y127.654 E1545.43457
G1 X119.604 Y127.939 E1545.44596
G1 X119.325 Y128.197 E1545.4586
G1 X118.998 Y128.361 E1545.47077
G1 X118.686 Y128.439 E1545.48147
G1 X118.299 Y128.436 E1545.49434
G1 F2700 E1540.49434
G0 F9000 X118.18 Y128.922
G0 X117.233 Y128.122
G0 X117.001 Y127.786
G0 X116.857 Y127.404
G0 X116.807 Y127
G0 X116.857 Y126.596
G0 X117.001 Y126.214
G0 X118.241 Y124.979
G0 X118.25 Y94.022
G0 X118.299 Y93.436
G1 F2700 E1545.49434
G1 F1500 X118.008 Y93.364 E1545.50431
G1 X117.657 Y93.18 E1545.51749
G1 X117.4 Y92.943 E1545.52912
G1 X117.228 Y92.695 E1545.53916
G1 X117.089 Y92.338 E1545.5519
G1 X117.05 Y92.007 E1545.56298
G1 X117.099 Y91.63 E1545.57563
G1 X117.228 Y91.304 E1545.58729
G1 X117.427 Y91.024 E1545.59871
G1 X117.694 Y90.794 E1545.61044
G1 X118.007 Y90.637 E1545.62208
G1 X118.308 Y90.562 E1545.6324
G1 X118.702 Y90.564 E1545.6455
G1 X118.992 Y90.636 E1545.65544
G1 X119.343 Y90.82 E1545.66862
G1 X119.569 Y91.022 E1545.6787
G1 X119.772 Y91.305 E1545.69029
G1 X119.912 Y91.672 E1545.70335
G1 X119.95 Y91.993 E1545.7141
G1 X119.911 Y92.334 E1545.72552
G1 X119.771 Y92.697 E1545.73846
G1 X119.569 Y92.978 E1545.74997
G1 X119.301 Y93.209 E1545.76174
G1 X119.041 Y93.344 E1545.77148
G1 X118.7 Y93.435 E1545.78322
G1 X118.299 Y93.436 E1545.79656
G1 F2700 E1540.79656
G0 F9000 X118.18 Y93.922
G0 X115.801 Y94.022
G0 X115.961 Y131.039
;TYPE:SKIN
G1 F2700 E1545.79656
G1 F1511.3 X115.958 Y127.553 E1545.91163
G1 F1583.1 X115.943 Y126.999 E1545.9291
G1 F1587.3 X115.956 Y126.481 E1545.94539
G1 F1530.6 X115.958 Y92.565 E1547.05087
G1 F1587.3 X115.942 Y92.058 E1547.06682
G1 X115.958 Y91.461 E1547.08559
G1 F1515.2 X115.962 Y87.962 E1547.2008
G1 F1500 X121.04 Y87.961 E1547.3697
G1 F1515.2 X121.044 Y91.474 E1547.48537
G1 F1587.3 X121.058 Y91.993 E1547.50169
G1 X121.044 Y92.517 E1547.51817
G1 F1530.6 X121.044 Y126.478 E1548.62512
G1 F1583.1 X121.058 Y126.994 E1548.64139
G1 F1587.3 X121.044 Y127.518 E1548.65787
G1 F1515.2 X121.04 Y131.04 E1548.77384
G1 F1500 X115.961 Y131.039 E1548.94276
G1 F2700 E1543.94276
G0 F9000 X115.701 Y131.039
G0 X118.264 Y131.219
G0 X118.264 Y129.021
G0 X118.204 Y129.196
G1 F2700 E1548.94276
G1 F1500 X118.772 Y129.199 E1548.96166
G1 X119.266 Y129.078 E1548.97857
G1 X119.758 Y128.83 E1548.9969
G1 X120.181 Y128.443 E1549.01597
G1 X120.453 Y128.047 E1549.03195
G1 F1515.2 X120.654 Y127.511 E1549.05079
G1 F1583.1 X120.692 Y126.973 E1549.06779
G1 X120.652 Y126.5 E1549.08275
G1 F1515.2 X120.476 Y125.997 E1549.1003
G1 F1500 X120.175 Y125.551 E1549.11819
G1 X119.778 Y125.188 E1549.13609
G1 X119.266 Y124.921 E1549.15529
G1 X118.796 Y124.804 E1549.1714
G1 X118.243 Y124.8 E1549.18979
G1 X117.686 Y124.939 E1549.20889
G1 X117.263 Y125.159 E1549.22475
G1 X116.824 Y125.552 E1549.24434
G1 X116.526 Y125.994 E1549.26207
G1 F1542.4 X116.348 Y126.477 E1549.27872
G1 F1612.9 X116.309 Y126.98 E1549.29433
G1 F1583.1 X116.348 Y127.519 E1549.31136
G1 F1511.3 X116.527 Y128.008 E1549.32855
G1 F1500 X116.824 Y128.447 E1549.34618
G1 X117.223 Y128.813 E1549.36419
G1 X117.689 Y129.063 E1549.38178
G1 X118.204 Y129.196 E1549.39947
G1 F2700 E1544.39947
G0 F9000 X118.266 Y128.943
G0 X117.233 Y128.122
G0 X117.001 Y127.786
G0 X116.857 Y127.404
G0 X116.807 Y127
G0 X116.857 Y126.596
G0 X117.001 Y126.214
G0 X118.241 Y124.979
G0 X118.25 Y94.022
G0 X118.204 Y94.196
G1 F2700 E1549.39947
G1 F1500 X118.796 Y94.195 E1549.41916
G1 X119.316 Y94.058 E1549.43704
G1 X119.74 Y93.837 E1549.45295
G1 X120.175 Y93.448 E1549.47235
G1 X120.476 Y93.003 E1549.49022
G1 F1515.2 X120.653 Y92.509 E1549.5075
G1 F1583.1 X120.692 Y91.973 E1549.52444
G1 F1578.9 X120.643 Y91.445 E1549.54119
G1 F1511.3 X120.452 Y90.951 E1549.55868
G1 F1500 X120.172 Y90.55 E1549.57494
G1 X119.737 Y90.16 E1549.59438
G1 X119.266 Y89.921 E1549.61194
G1 X118.796 Y89.804 E1549.62805
G1 X118.219 Y89.802 E1549.64724
G1 X117.686 Y89.936 E1549.66552
G1 X117.219 Y90.188 E1549.68317
G1 X116.821 Y90.552 E1549.70111
G1 X116.548 Y90.95 E1549.71716
G1 F1515.2 X116.35 Y91.484 E1549.73592
G1 F1587.3 X116.304 Y91.991 E1549.75192
G1 X116.351 Y92.531 E1549.76895
G1 F1511.3 X116.526 Y93.009 E1549.78576
G1 F1500 X116.825 Y93.449 E1549.80345
G1 X117.264 Y93.842 E1549.82305
G1 X117.689 Y94.063 E1549.83898
G1 X118.204 Y94.196 E1549.85667
G1 F2700 E1544.85667
G0 F9000 X118.266 Y93.943
G0 X119.461 Y93.392
G0 X119.767 Y93.122
G0 X119.999 Y92.786
G0 X120.143 Y92.404
G0 X120.193 Y91.994
G0 X120.142 Y91.59
G0 X119.224 Y90.096
G0 X119.224 Y87.8
G0 X120.406 Y88.162
G1 F2700 E1549.85667
G1 F1500 X120.84 Y88.596 E1549.87709
G0 F9000 X120.841 Y89.163
G1 F1500 X119.84 Y88.162 E1549.92417
G0 F9000 X119.274 Y88.162
G1 F1500 X120.842 Y89.729 E1549.9979
G0 F9000 X120.843 Y90.296
G1 F1500 X118.709 Y88.162 E1550.09828
G0 F9000 X118.143 Y88.162
G1 F1500 X120.843 Y90.862 E1550.22528
G0 F9000 X120.233 Y91.093
G0 X120.268 Y92.817
G0 X120.696 Y92.977
G1 F1500 X120.84 Y93.121 E1550.23205
G0 F9000 X120.492 Y93.339
G1 F1500 X120.84 Y93.687 E1550.24842
G0 F9000 X120.84 Y94.253
G1 F1500 X120.247 Y93.659 E1550.27634
G0 F9000 X119.948 Y93.927
G1 F1500 X120.84 Y94.818 E1550.31827
G0 F9000 X120.84 Y95.384
G1 F1500 X119.594 Y94.138 E1550.37688
G0 F9000 X119.191 Y94.301
G1 F1500 X120.84 Y95.95 E1550.45444
G0 F9000 X120.84 Y96.515
G1 F1500 X118.725 Y94.4 E1550.55392
G0 F9000 X118.146 Y94.388
G1 F1500 X120.84 Y97.081 E1550.68062
G0 F9000 X120.84 Y97.647
G1 F1500 X117.255 Y94.062 E1550.84924
G0 F9000 X117.468 Y93.654
G0 X116.974 Y93.349
G0 X115.801 Y93.349
G0 X116.161 Y94.099
G1 F1500 X120.841 Y98.779 E1551.06938
G0 F9000 X120.841 Y99.344
G1 F1500 X116.161 Y94.665 E1551.28949
G0 F9000 X116.161 Y95.231
G1 F1500 X120.841 Y99.91 E1551.5096
G0 F9000 X120.841 Y100.476
G1 F1500 X116.161 Y95.796 E1551.72973
G0 F9000 X116.161 Y96.362
G1 F1500 X120.841 Y101.042 E1551.94986
G0 F9000 X120.841 Y101.607
G1 F1500 X116.161 Y96.928 E1552.16997
G0 F9000 X116.161 Y97.493
G1 F1500 X120.841 Y102.173 E1552.3901
G0 F9000 X120.841 Y102.739
G1 F1500 X116.161 Y98.059 E1552.61024
G0 F9000 X116.161 Y98.625
G1 F1500 X120.841 Y103.305 E1552.83037
G0 F9000 X120.841 Y103.871
G1 F1500 X116.161 Y99.19 E1553.05053
G0 F9000 X116.161 Y99.756
G1 F1500 X120.841 Y104.436 E1553.27066
G0 F9000 X120.841 Y105.002
G1 F1500 X116.161 Y100.322 E1553.49079
G0 F9000 X116.161 Y100.887
G1 F1500 X120.841 Y105.568 E1553.71095
G0 F9000 X120.841 Y106.133
G1 F1500 X116.161 Y101.453 E1553.93108
G0 F9000 X116.161 Y102.019
G1 F1500 X120.841 Y106.699 E1554.15121
G0 F9000 X120.841 Y107.265
G1 F1500 X116.161 Y102.584 E1554.37137
G0 F9000 X116.161 Y103.15
G1 F1500 X120.842 Y107.831 E1554.59155
G0 F9000 X120.842 Y108.397
G1 F1500 X116.161 Y103.716 E1554.81173
G0 F9000 X116.161 Y104.281
G1 F1500 X120.842 Y108.963 E1555.03193
G0 F9000 X120.842 Y109.528
G1 F1500 X116.161 Y104.847 E1555.25211
G0 F9000 X116.161 Y105.413
G1 F1500 X120.842 Y110.094 E1555.47229
G0 F9000 X120.842 Y110.66
G1 F1500 X116.161 Y105.979 E1555.69247
G0 F9000 X116.161 Y106.544
G1 F1500 X120.842 Y111.225 E1555.91265
G0 F9000 X120.842 Y111.791
G1 F1500 X116.161 Y107.11 E1556.13283
G0 F9000 X116.161 Y107.676
G1 F1500 X120.843 Y112.357 E1556.35304
G0 F9000 X120.843 Y112.923
G1 F1500 X116.161 Y108.241 E1556.57326
G0 F9000 X116.161 Y108.807
G1 F1500 X120.843 Y113.489 E1556.79349
G0 F9000 X120.843 Y114.054
G1 F1500 X116.161 Y109.373 E1557.01369
G0 F9000 X116.161 Y109.938
G1 F1500 X120.843 Y114.62 E1557.23392
G0 F9000 X120.843 Y115.186
G1 F1500 X116.161 Y110.504 E1557.45415
G0 F9000 X116.161 Y111.07
G1 F1500 X120.843 Y115.751 E1557.67435
G0 F9000 X120.843 Y116.317
G1 F1500 X116.161 Y111.635 E1557.89458
G0 F9000 X116.161 Y112.201
G1 F1500 X120.843 Y116.883 E1558.1148
G0 F9000 X120.843 Y117.449
G1 F1500 X116.161 Y112.767 E1558.33503
G0 F9000 X116.161 Y113.332
G1 F1500 X120.843 Y118.015 E1558.55528
G0 F9000 X120.843 Y118.581
G1 F1500 X116.161 Y113.898 E1558.77553
G0 F9000 X116.161 Y114.464
G1 F1500 X120.843 Y119.146 E1558.99576
G0 F9000 X120.843 Y119.712
G1 F1500 X116.161 Y115.03 E1559.21599
G0 F9000 X116.161 Y115.595
G1 F1500 X120.843 Y120.278 E1559.43624
G0 F9000 X120.843 Y120.843
G1 F1500 X116.161 Y116.161 E1559.65646
G0 F9000 X116.161 Y116.727
G1 F1500 X120.843 Y121.409 E1559.87669
G0 F9000 X120.844 Y121.975
G1 F1500 X116.161 Y117.292 E1560.09696
G0 F9000 X116.161 Y117.858
G1 F1500 X120.844 Y122.541 E1560.31724
G0 F9000 X120.844 Y123.107
G1 F1500 X116.161 Y118.424 E1560.53751
G0 F9000 X116.161 Y118.989
G1 F1500 X120.844 Y123.672 E1560.75779
G0 F9000 X120.844 Y124.238
G1 F1500 X116.161 Y119.555 E1560.97806
G0 F9000 X116.161 Y120.121
G1 F1500 X120.844 Y124.804 E1561.19833
G0 F9000 X120.844 Y125.37
G1 F1500 X116.161 Y120.686 E1561.41863
G0 F9000 X116.161 Y121.252
G1 F1500 X120.272 Y125.363 E1561.612
G1 X120.324 Y125.415
G1 X120.844 Y125.935 E1561.63646
G0 F9000 X120.256 Y126.154
G0 X120.249 Y127.868
G0 X120.676 Y128.03
G1 F1500 X120.84 Y128.194 E1561.64417
G0 F9000 X120.463 Y128.383
G1 F1500 X120.84 Y128.759 E1561.66188
G0 F9000 X120.84 Y129.325
G1 F1500 X120.208 Y128.694 E1561.69159
G0 F9000 X119.91 Y128.961
G1 F1500 X120.84 Y129.891 E1561.73533
G0 F9000 X120.84 Y130.456
G1 F1500 X119.547 Y129.163 E1561.79615
G0 F9000 X119.134 Y129.316
G1 F1500 X120.656 Y130.838 E1561.86774
G0 F9000 X120.09 Y130.838
G1 F1500 X118.648 Y129.397 E1561.93554
G0 F9000 X118.048 Y129.362
G1 F1500 X119.525 Y130.838 E1562.00499
G0 F9000 X118.959 Y130.838
G1 F1500 X117.024 Y128.904 E1562.09599
G0 F9000 X116.609 Y128.489
G1 F1500 X116.156 Y128.035 E1562.11732
G0 F9000 X116.157 Y128.602
G1 F1500 X118.393 Y130.838 E1562.22249
G0 F9000 X117.827 Y130.838
G1 F1500 X116.158 Y129.169 E1562.301
G0 F9000 X116.159 Y129.735
G1 F1500 X117.261 Y130.838 E1562.35286
G0 F9000 X116.695 Y130.838
G1 F1500 X116.159 Y130.302 E1562.37807
G0 F9000 X115.701 Y130.302
G0 X115.701 Y125.947
G0 X116.331 Y125.947
G1 F1500 X116.161 Y125.778 E1562.38604
G0 F9000 X116.548 Y125.599
G1 F1500 X116.161 Y125.212 E1562.40424
G0 F9000 X116.161 Y124.646
G1 F1500 X116.805 Y125.29 E1562.43454
G0 F9000 X117.104 Y125.024
G1 F1500 X116.161 Y124.08 E1562.47892
G0 F9000 X116.161 Y123.515
G1 F1500 X117.47 Y124.824 E1562.54049
G0 F9000 X117.887 Y124.675
G1 F1500 X116.161 Y122.949 E1562.62167
G0 F9000 X116.161 Y122.383
G1 F1500 X118.376 Y124.598 E1562.72586
G0 F9000 X118.988 Y124.645
G1 F1500 X116.161 Y121.818 E1562.85883
G1 F2700 E1557.85883
G0 F9000 X115.701 Y121.818
G0 X115.773 Y131.227
G0 X121.228 Y131.228
G0 X121.3 Y98.213
G1 F2700 E1562.85883
G0 F9000 X120.841 Y98.213
G1 F1500 X116.161 Y93.533 E1563.07897
G0 F9000 X116.44 Y93.247
G1 F1500 X116.157 Y92.964 E1563.09228
G1 F2700 E1558.09228
G0 F9000 X115.701 Y92.964
G0 X115.801 Y91.031
G0 X116.591 Y91.333
G0 X116.348 Y90.892
G1 F2700 E1563.09228
G1 F1500 X116.157 Y90.702 E1563.10124
G0 F9000 X116.576 Y90.554
G1 F1500 X116.158 Y90.137 E1563.12088
G0 F9000 X116.159 Y89.572
G1 F1500 X116.842 Y90.255 E1563.153
G0 F9000 X117.146 Y89.993
G1 F1500 X116.159 Y89.007 E1563.1994
G0 F9000 X116.16 Y88.442
G1 F1500 X117.516 Y89.798 E1563.26319
G0 F9000 X117.946 Y89.661
G1 F1500 X116.446 Y88.162 E1563.33372
G0 F9000 X117.012 Y88.162
G1 F1500 X118.451 Y89.601 E1563.4014
G0 F9000 X119.085 Y89.67
G1 F1500 X117.577 Y88.162 E1563.47234
G1 F2700 E1558.47234
G0 F9000 X117.577 Y87.7
G0 X121.228 Y87.772
G0 X121.58 Y106.468
G0 X122.665 Y106.468
G0 X135.585 Y106.468
G0 X136.851 Y107.148
;TYPE:WALL-INNER
G1 F2700 E1563.47234
G1 F1500 X137.106 Y106.776 E1563.48734
G1 X137.442 Y106.474 E1563.50236
G1 X137.84 Y106.266 E1563.5173
G1 X138.281 Y106.162 E1563.53237
G1 X138.72 Y106.163 E1563.54697
G1 X139.151 Y106.263 E1563.56169
G1 X139.549 Y106.47 E1563.57661
G1 X139.885 Y106.768 E1563.59154
G1 X140.15 Y107.147 E1563.60693
G1 X140.15 Y103.6 E1563.7249
G1 X136.851 Y103.601 E1563.83462
G1 X136.851 Y107.148 E1563.9526
G0 F9000 X136.951 Y106.468
G0 X136.834 Y107.714
G0 X136.951 Y112.099
G0 X136.85 Y112.4
G1 F1500 X140.15 Y112.4 E1564.06236
G1 X140.15 Y108.852 E1564.18036
G1 X139.886 Y109.231 E1564.19573
G1 X139.551 Y109.53 E1564.21066
G1 X139.159 Y109.735 E1564.22537
G1 X138.723 Y109.837 E1564.24027
G1 X138.279 Y109.838 E1564.25503
G1 X137.849 Y109.737 E1564.26973
G1 X137.451 Y109.532 E1564.28462
G1 X137.114 Y109.231 E1564.29964
G1 X136.85 Y108.852 E1564.31501
G1 X136.85 Y112.4 E1564.43301
G0 F9000 X136.45 Y112.8
;TYPE:WALL-OUTER
G1 F1500 X140.55 Y112.8 E1564.56938
G1 X140.55 Y108.791 E1564.70272
G1 F1304.3 X140.49 Y108.389 E1564.71827
G1 F1176.5 X140.5 Y108 E1564.73477
G1 X140.49 Y107.631 E1564.75042
G1 F1304.3 X140.55 Y107.208 E1564.76676
G1 F1500 X140.55 Y103.2 E1564.90007
G1 X136.451 Y103.201 E1565.0364
G1 X136.451 Y107.21 E1565.16974
G1 F1304.3 X136.51 Y107.64 E1565.18634
G1 F1176.5 X136.5 Y108.004 E1565.20179
G1 X136.51 Y108.362 E1565.21697
G1 F1304.3 X136.45 Y108.791 E1565.23354
G1 F1500 X136.45 Y112.8 E1565.36688
G1 F2700 E1560.36688
G0 F9000 X136.72 Y112.53
G0 X137.035 Y109.407
G0 X137.807 Y109.831
G1 F2700 E1565.36688
G0 F9000 X138.008 Y109.364
G1 F1500 X137.657 Y109.18 E1565.38006
G1 X137.4 Y108.943 E1565.39169
G1 X137.229 Y108.697 E1565.40166
G1 F1304.3 X137.028 Y108.331 E1565.41763
G1 F1174.2 X137.001 Y107.974 E1565.43284
G1 X137.028 Y107.671 E1565.44576
G1 F1304.3 X137.229 Y107.304 E1565.46177
G1 F1500 X137.427 Y107.026 E1565.47312
G1 X137.698 Y106.791 E1565.48505
G1 X138.002 Y106.639 E1565.49636
G1 X138.326 Y106.56 E1565.50745
G1 X138.675 Y106.56 E1565.51906
G1 X138.992 Y106.636 E1565.5299
G1 X139.302 Y106.792 E1565.54144
G1 X139.569 Y107.022 E1565.55316
G1 X139.772 Y107.305 E1565.56475
G1 F1304.3 X139.971 Y107.662 E1565.58038
G1 F1176.5 X140 Y108 E1565.59476
G1 X139.971 Y108.344 E1565.6094
G1 F1304.3 X139.771 Y108.697 E1565.62492
G1 F1500 X139.6 Y108.943 E1565.63489
G1 X139.302 Y109.209 E1565.64817
G1 X138.997 Y109.362 E1565.65952
G1 X138.679 Y109.439 E1565.6704
G1 X138.324 Y109.44 E1565.68221
G1 X138.008 Y109.364 E1565.69302
G0 F9000 X137.807 Y109.831
G0 X137.035 Y109.407
G0 X136.951 Y112.038
G0 X137.211 Y112.04
;TYPE:SKIN
G1 F1500 X137.212 Y109.815 E1565.76703
G1 X137.693 Y110.065 E1565.78506
G1 X138.242 Y110.196 E1565.80383
G1 X138.792 Y110.195 E1565.82212
G1 X139.315 Y110.06 E1565.84009
G1 X139.79 Y109.813 E1565.85789
G1 X139.79 Y112.04 E1565.93196
G1 X137.211 Y112.04 E1566.01774
G0 F9000 X137.41 Y111.389
G1 F1500 X137.861 Y111.839 E1566.03893
G0 F9000 X138.426 Y111.839
G1 F1500 X137.41 Y110.823 E1566.08672
G0 F9000 X137.41 Y110.257
G1 F1500 X138.992 Y111.839 E1566.16113
G0 F9000 X139.558 Y111.839
G1 F1500 X138.083 Y110.364 E1566.23051
G0 F9000 X138.679 Y110.394
G1 F1500 X139.589 Y111.304 E1566.27332
G0 F9000 X139.589 Y110.739
G1 F1500 X139.159 Y110.309 E1566.29354
G0 F9000 X139.049 Y109.864
G0 X137.9 Y109.583
G0 X137.539 Y109.393
G0 X137.233 Y109.122
G0 X137.001 Y108.786
G0 X136.857 Y108.405
G0 X136.951 Y106.189
G0 X137.214 Y106.189
G1 F1500 X137.211 Y103.961 E1566.36765
G1 X139.79 Y103.961 E1566.45342
G1 X139.79 Y106.188 E1566.52749
G1 X139.258 Y105.916 E1566.54737
G1 X138.759 Y105.805 E1566.56437
G1 X138.241 Y105.805 E1566.5816
G1 X137.688 Y105.937 E1566.60051
G1 X137.214 Y106.189 E1566.61836
G0 F9000 X137.494 Y105.816
G1 F1500 X137.41 Y105.732 E1566.62231
G0 F9000 X137.917 Y105.673
G1 F1500 X137.41 Y105.166 E1566.64616
G0 F9000 X137.41 Y104.6
G1 F1500 X138.415 Y105.605 E1566.69343
G0 F9000 X139.038 Y105.662
G1 F1500 X137.536 Y104.161 E1566.76406
G0 F9000 X138.102 Y104.161
G1 F1500 X139.589 Y105.648 E1566.834
G0 F9000 X139.589 Y105.082
G1 F1500 X138.667 Y104.161 E1566.87735
G0 F9000 X139.233 Y104.161
G1 F1500 X139.589 Y104.516 E1566.89407
;TIME_ELAPSED:2921.534889
G1 F2700 E1561.89407
M140 S0
M107
G91 ;Relative positioning
G1 E-2 F2700 ;Retract a bit
G1 E-2 Z0.2 F2400 ;Retract and raise Z
G1 X5 Y5 F3000 ;Wipe out
G1 Z10 ;Raise Z more
G90 ;Absolute positioning

G1 X0 Y220.0 ;Present print
M106 S0 ;Turn-off fan
M104 S0 ;Turn-off hotend
M140 S0 ;Turn-off bed

M84 X Y E ;Disable all steppers but Z

M82 ;absolute extrusion mode
M104 S0
;End of Gcode
;SETTING_3 {"global_quality": "[general]\\nversion = 4\\nname = Heli Collective 
;SETTING_3 settings\\ndefinition = creality_ender3\\n\\n[metadata]\\ntype = qual
;SETTING_3 ity_changes\\nquality_type = standard\\nsetting_version = 22\\n\\n[va
;SETTING_3 lues]\\nadhesion_type = brim\\nlayer_height_0 = 0.2\\nmaterial_bed_te
;SETTING_3 mperature = 60\\nmaterial_bed_temperature_layer_0 = 60\\nsupport_enab
;SETTING_3 le = True\\nsupport_structure = normal\\nsupport_type = buildplate\\n
;SETTING_3 \\n", "extruder_quality": ["[general]\\nversion = 4\\nname = Heli Col
;SETTING_3 lective settings\\ndefinition = creality_ender3\\n\\n[metadata]\\ntyp
;SETTING_3 e = quality_changes\\nquality_type = standard\\nintent_category = def
;SETTING_3 ault\\nposition = 0\\nsetting_version = 22\\n\\n[values]\\nbrim_line_
;SETTING_3 count = 5\\ninfill_sparse_density = 30\\nsupport_bottom_enable = Fals
;SETTING_3 e\\nsupport_pattern = grid\\nsupport_roof_enable = False\\n\\n"]}
